0.000104526	0.01	0.2	0.103514	291.538	0
0.000104526	0.01	0.2	0.110917	291.524	0
0.000104526	0.01	0.2	0.11885	291.509	0
0.000104526	0.01	0.2	0.12735	291.491	0
0.000104526	0.01	0.2	0.136458	291.47	0
0.000104526	0.01	0.2	0.146218	291.447	0
0.000104526	0.01	0.2	0.156675	291.42	0
0.000104526	0.01	0.2	0.16788	291.39	0
0.000104526	0.01	0.2	0.179887	291.355	0
0.000104526	0.01	0.2	0.192752	291.316	0
0.000104526	0.01	0.2	0.206538	291.272	0
0.000104526	0.01	0.2	0.221309	291.221	0
0.000104526	0.01	0.2	0.237137	291.164	0
0.000104526	0.01	0.2	0.254097	291.1	0
0.000104526	0.01	0.2	0.27227	291.027	0
0.000104526	0.01	0.2	0.291743	290.946	0
0.000104526	0.01	0.2	0.312608	290.855	0
0.000104526	0.01	0.2	0.334965	290.754	0
0.000104526	0.01	0.2	0.358922	290.642	0
0.000104526	0.01	0.2	0.384592	290.518	0
0.000104526	0.01	0.2	0.412098	290.383	0
0.000104526	0.01	0.2	0.44157	290.235	0
0.000104526	0.01	0.2	0.473151	290.077	0
0.000104526	0.01	0.2	0.506991	289.908	0
0.000104526	0.01	0.2	0.54325	289.73	0
0.000104526	0.01	0.2	0.582103	289.545	0
0.000104526	0.01	0.2	0.623735	289.357	0
0.000104526	0.01	0.2	0.668344	289.17	0
0.000104526	0.01	0.2	0.716143	288.989	0
0.000104526	0.01	0.2	0.767361	288.823	0
0.000104526	0.01	0.2	0.822243	288.68	0
0.000104526	0.01	0.2	0.881049	288.572	0
0.000104526	0.01	0.2	0.944061	288.512	0
0.000104526	0.01	0.2	1.01158	288.517	0
0.000104526	0.01	0.2	1.08393	288.609	0
0.000104526	0.01	0.2	1.16145	288.817	0
0.000104526	0.01	0.2	1.24451	289.176	0
0.000104526	0.01	0.2	1.33352	289.735	0
0.000104526	0.01	0.2	1.42889	290.552	0
0.000104526	0.01	0.2	1.53109	291.699	0
0.000104526	0.01	0.2	1.64059	293.25	0
0.000104526	0.01	0.2	1.75792	295.275	0
0.000104526	0.01	0.2	1.88365	297.805	0
0.000104526	0.01	0.2	2.01837	300.798	0
0.000104526	0.01	0.2	2.16272	304.084	0
0.000104526	0.01	0.2	2.31739	307.299	0
0.000104526	0.01	0.2	2.48313	309.856	0
0.000104526	0.01	0.2	2.66073	310.973	0
0.000104526	0.01	0.2	2.85102	309.877	0
0.000104526	0.01	0.2	3.05492	306.205	0
0.000104526	0.01	0.2	3.27341	300.514	0
0.000104526	0.01	0.2	3.50752	294.522	0
0.000104526	0.01	0.2	3.75837	290.617	0
0.000104526	0.01	0.2	4.02717	290.539	0
0.000104526	0.01	0.2	4.31519	294.063	0
0.000104526	0.01	0.2	4.62381	298.853	0
0.000104526	0.01	0.2	4.9545	301.885	0
0.000104526	0.01	0.2	5.30884	301.47	0
0.000104526	0.01	0.2	5.68853	298.37	0
0.000104526	0.01	0.2	6.09537	294.953	0
0.000104526	0.01	0.2	6.53131	293.5	0
0.000104526	0.01	0.2	6.99842	295.368	0
0.000104526	0.01	0.2	7.49894	299.227	0
0.000104526	0.01	0.2	8.03526	300.991	0
0.000104526	0.01	0.2	8.60994	299.764	0
0.000104526	0.01	0.2	9.22571	299.062	0
0.000104526	0.01	0.2	9.88553	301.285	0
0.000104526	0.01	0.2	10.5925	304.772	0
0.000104526	0.01	0.2	11.3501	306.899	0
0.000104526	0.01	0.2	12.1619	308.382	0
0.000104526	0.01	0.2	13.0317	310.188	0
0.000104526	0.01	0.2	13.9637	309.474	0
0.000104526	0.01	0.2	14.9624	303.844	0
0.000104526	0.01	0.2	16.0325	296.612	0
0.000104526	0.01	0.2	17.1791	292.437	0
0.000104526	0.01	0.2	18.4077	292.352	0
0.000104526	0.01	0.2	19.7242	293.567	0
0.000104526	0.01	0.2	21.1349	295.47	0
0.000104526	0.01	0.2	22.6464	297.915	0
0.000104526	0.01	0.2	24.2661	297.496	0
0.000104526	0.01	0.2	26.0016	295.442	0
0.000104526	0.01	0.2	27.8612	293.761	0
0.000104526	0.01	0.2	29.8538	293.697	0
0.000104526	0.01	0.2	31.989	296.82	0
0.000104526	0.01	0.2	34.2768	295.666	0
0.000104526	0.01	0.2	36.7282	292.044	0
0.000104526	0.01	0.2	39.355	293.515	0
0.000104526	0.01	0.2	42.1697	293.182	0
0.000104526	0.01	0.2	45.1856	297.097	0
0.000104526	0.01	0.2	48.4172	296.867	0
0.000104526	0.01	0.2	51.88	291.553	0
0.000104526	0.01	0.2	55.5904	293.525	0
0.000104526	0.01	0.2	59.5662	293.347	0
0.000104526	0.01	0.2	63.8263	294.02	0
0.000104526	0.01	0.2	68.3912	292.571	0
0.000104526	0.01	0.2	73.2825	291.119	0
0.000104526	0.01	0.2	78.5236	291.692	0
0.000104526	0.01	0.2	84.1395	293.404	0
0.000104526	0.01	0.2	90.1571	292.129	0
0.000104526	0.01	0.2	96.6051	291.162	0
0.000114203	0.01	0.2	0.103514	291.536	0
0.000114203	0.01	0.2	0.110917	291.522	0
0.000114203	0.01	0.2	0.11885	291.506	0
0.000114203	0.01	0.2	0.12735	291.488	0
0.000114203	0.01	0.2	0.136458	291.467	0
0.000114203	0.01	0.2	0.146218	291.444	0
0.000114203	0.01	0.2	0.156675	291.417	0
0.000114203	0.01	0.2	0.16788	291.386	0
0.000114203	0.01	0.2	0.179887	291.351	0
0.000114203	0.01	0.2	0.192752	291.311	0
0.000114203	0.01	0.2	0.206538	291.265	0
0.000114203	0.01	0.2	0.221309	291.214	0
0.000114203	0.01	0.2	0.237137	291.156	0
0.000114203	0.01	0.2	0.254097	291.09	0
0.000114203	0.01	0.2	0.27227	291.017	0
0.000114203	0.01	0.2	0.291743	290.934	0
0.000114203	0.01	0.2	0.312608	290.841	0
0.000114203	0.01	0.2	0.334965	290.738	0
0.000114203	0.01	0.2	0.358922	290.624	0
0.000114203	0.01	0.2	0.384592	290.498	0
0.000114203	0.01	0.2	0.412098	290.36	0
0.000114203	0.01	0.2	0.44157	290.21	0
0.000114203	0.01	0.2	0.473151	290.049	0
0.000114203	0.01	0.2	0.506991	289.876	0
0.000114203	0.01	0.2	0.54325	289.694	0
0.000114203	0.01	0.2	0.582103	289.506	0
0.000114203	0.01	0.2	0.623735	289.313	0
0.000114203	0.01	0.2	0.668344	289.122	0
0.000114203	0.01	0.2	0.716143	288.937	0
0.000114203	0.01	0.2	0.767361	288.766	0
0.000114203	0.01	0.2	0.822243	288.618	0
0.000114203	0.01	0.2	0.881049	288.505	0
0.000114203	0.01	0.2	0.944061	288.439	0
0.000114203	0.01	0.2	1.01158	288.44	0
0.000114203	0.01	0.2	1.08393	288.527	0
0.000114203	0.01	0.2	1.16145	288.73	0
0.000114203	0.01	0.2	1.24451	289.085	0
0.000114203	0.01	0.2	1.33352	289.639	0
0.000114203	0.01	0.2	1.42889	290.453	0
0.000114203	0.01	0.2	1.53109	291.596	0
0.000114203	0.01	0.2	1.64059	293.145	0
0.000114203	0.01	0.2	1.75792	295.167	0
0.000114203	0.01	0.2	1.88365	297.696	0
0.000114203	0.01	0.2	2.01837	300.688	0
0.000114203	0.01	0.2	2.16272	303.973	0
0.000114203	0.01	0.2	2.31739	307.188	0
0.000114203	0.01	0.2	2.48313	309.744	0
0.000114203	0.01	0.2	2.66073	310.861	0
0.000114203	0.01	0.2	2.85102	309.764	0
0.000114203	0.01	0.2	3.05492	306.091	0
0.000114203	0.01	0.2	3.27341	300.398	0
0.000114203	0.01	0.2	3.50752	294.404	0
0.000114203	0.01	0.2	3.75837	290.496	0
0.000114203	0.01	0.2	4.02717	290.415	0
0.000114203	0.01	0.2	4.31519	293.935	0
0.000114203	0.01	0.2	4.62381	298.721	0
0.000114203	0.01	0.2	4.9545	301.749	0
0.000114203	0.01	0.2	5.30884	301.329	0
0.000114203	0.01	0.2	5.68853	298.227	0
0.000114203	0.01	0.2	6.09537	294.809	0
0.000114203	0.01	0.2	6.53131	293.355	0
0.000114203	0.01	0.2	6.99842	295.223	0
0.000114203	0.01	0.2	7.49894	299.082	0
0.000114203	0.01	0.2	8.03526	300.849	0
0.000114203	0.01	0.2	8.60994	299.625	0
0.000114203	0.01	0.2	9.22571	298.927	0
0.000114203	0.01	0.2	9.88553	301.153	0
0.000114203	0.01	0.2	10.5925	304.643	0
0.000114203	0.01	0.2	11.3501	306.773	0
0.000114203	0.01	0.2	12.1619	308.261	0
0.000114203	0.01	0.2	13.0317	310.071	0
0.000114203	0.01	0.2	13.9637	309.358	0
0.000114203	0.01	0.2	14.9624	303.727	0
0.000114203	0.01	0.2	16.0325	296.495	0
0.000114203	0.01	0.2	17.1791	292.318	0
0.000114203	0.01	0.2	18.4077	292.232	0
0.000114203	0.01	0.2	19.7242	293.446	0
0.000114203	0.01	0.2	21.1349	295.348	0
0.000114203	0.01	0.2	22.6464	297.794	0
0.000114203	0.01	0.2	24.2661	297.377	0
0.000114203	0.01	0.2	26.0016	295.326	0
0.000114203	0.01	0.2	27.8612	293.645	0
0.000114203	0.01	0.2	29.8538	293.58	0
0.000114203	0.01	0.2	31.989	296.7	0
0.000114203	0.01	0.2	34.2768	295.543	0
0.000114203	0.01	0.2	36.7282	291.92	0
0.000114203	0.01	0.2	39.355	293.39	0
0.000114203	0.01	0.2	42.1697	293.057	0
0.000114203	0.01	0.2	45.1856	296.973	0
0.000114203	0.01	0.2	48.4172	296.744	0
0.000114203	0.01	0.2	51.88	291.432	0
0.000114203	0.01	0.2	55.5904	293.405	0
0.000114203	0.01	0.2	59.5662	293.226	0
0.000114203	0.01	0.2	63.8263	293.899	0
0.000114203	0.01	0.2	68.3912	292.45	0
0.000114203	0.01	0.2	73.2825	290.999	0
0.000114203	0.01	0.2	78.5236	291.573	0
0.000114203	0.01	0.2	84.1395	293.285	0
0.000114203	0.01	0.2	90.1571	292.009	0
0.000114203	0.01	0.2	96.6051	291.042	0
0.000124775	0.01	0.2	0.103514	291.534	0
0.000124775	0.01	0.2	0.110917	291.52	0
0.000124775	0.01	0.2	0.11885	291.504	0
0.000124775	0.01	0.2	0.12735	291.486	0
0.000124775	0.01	0.2	0.136458	291.464	0
0.000124775	0.01	0.2	0.146218	291.44	0
0.000124775	0.01	0.2	0.156675	291.413	0
0.000124775	0.01	0.2	0.16788	291.381	0
0.000124775	0.01	0.2	0.179887	291.345	0
0.000124775	0.01	0.2	0.192752	291.305	0
0.000124775	0.01	0.2	0.206538	291.259	0
0.000124775	0.01	0.2	0.221309	291.206	0
0.000124775	0.01	0.2	0.237137	291.147	0
0.000124775	0.01	0.2	0.254097	291.08	0
0.000124775	0.01	0.2	0.27227	291.005	0
0.000124775	0.01	0.2	0.291743	290.921	0
0.000124775	0.01	0.2	0.312608	290.826	0
0.000124775	0.01	0.2	0.334965	290.721	0
0.000124775	0.01	0.2	0.358922	290.605	0
0.000124775	0.01	0.2	0.384592	290.477	0
0.000124775	0.01	0.2	0.412098	290.336	0
0.000124775	0.01	0.2	0.44157	290.183	0
0.000124775	0.01	0.2	0.473151	290.018	0
0.000124775	0.01	0.2	0.506991	289.842	0
0.000124775	0.01	0.2	0.54325	289.656	0
0.000124775	0.01	0.2	0.582103	289.463	0
0.000124775	0.01	0.2	0.623735	289.266	0
0.000124775	0.01	0.2	0.668344	289.07	0
0.000124775	0.01	0.2	0.716143	288.88	0
0.000124775	0.01	0.2	0.767361	288.704	0
0.000124775	0.01	0.2	0.822243	288.55	0
0.000124775	0.01	0.2	0.881049	288.431	0
0.000124775	0.01	0.2	0.944061	288.361	0
0.000124775	0.01	0.2	1.01158	288.355	0
0.000124775	0.01	0.2	1.08393	288.437	0
0.000124775	0.01	0.2	1.16145	288.635	0
0.000124775	0.01	0.2	1.24451	288.985	0
0.000124775	0.01	0.2	1.33352	289.535	0
0.000124775	0.01	0.2	1.42889	290.344	0
0.000124775	0.01	0.2	1.53109	291.484	0
0.000124775	0.01	0.2	1.64059	293.03	0
0.000124775	0.01	0.2	1.75792	295.05	0
0.000124775	0.01	0.2	1.88365	297.577	0
0.000124775	0.01	0.2	2.01837	300.568	0
0.000124775	0.01	0.2	2.16272	303.852	0
0.000124775	0.01	0.2	2.31739	307.067	0
0.000124775	0.01	0.2	2.48313	309.623	0
0.000124775	0.01	0.2	2.66073	310.739	0
0.000124775	0.01	0.2	2.85102	309.641	0
0.000124775	0.01	0.2	3.05492	305.967	0
0.000124775	0.01	0.2	3.27341	300.271	0
0.000124775	0.01	0.2	3.50752	294.275	0
0.000124775	0.01	0.2	3.75837	290.364	0
0.000124775	0.01	0.2	4.02717	290.279	0
0.000124775	0.01	0.2	4.31519	293.795	0
0.000124775	0.01	0.2	4.62381	298.577	0
0.000124775	0.01	0.2	4.9545	301.6	0
0.000124775	0.01	0.2	5.30884	301.176	0
0.000124775	0.01	0.2	5.68853	298.07	0
0.000124775	0.01	0.2	6.09537	294.651	0
0.000124775	0.01	0.2	6.53131	293.197	0
0.000124775	0.01	0.2	6.99842	295.064	0
0.000124775	0.01	0.2	7.49894	298.924	0
0.000124775	0.01	0.2	8.03526	300.694	0
0.000124775	0.01	0.2	8.60994	299.474	0
0.000124775	0.01	0.2	9.22571	298.779	0
0.000124775	0.01	0.2	9.88553	301.009	0
0.000124775	0.01	0.2	10.5925	304.501	0
0.000124775	0.01	0.2	11.3501	306.636	0
0.000124775	0.01	0.2	12.1619	308.128	0
0.000124775	0.01	0.2	13.0317	309.942	0
0.000124775	0.01	0.2	13.9637	309.231	0
0.000124775	0.01	0.2	14.9624	303.6	0
0.000124775	0.01	0.2	16.0325	296.366	0
0.000124775	0.01	0.2	17.1791	292.188	0
0.000124775	0.01	0.2	18.4077	292.1	0
0.000124775	0.01	0.2	19.7242	293.313	0
0.000124775	0.01	0.2	21.1349	295.214	0
0.000124775	0.01	0.2	22.6464	297.661	0
0.000124775	0.01	0.2	24.2661	297.246	0
0.000124775	0.01	0.2	26.0016	295.198	0
0.000124775	0.01	0.2	27.8612	293.519	0
0.000124775	0.01	0.2	29.8538	293.452	0
0.000124775	0.01	0.2	31.989	296.569	0
0.000124775	0.01	0.2	34.2768	295.41	0
0.000124775	0.01	0.2	36.7282	291.784	0
0.000124775	0.01	0.2	39.355	293.253	0
0.000124775	0.01	0.2	42.1697	292.921	0
0.000124775	0.01	0.2	45.1856	296.838	0
0.000124775	0.01	0.2	48.4172	296.611	0
0.000124775	0.01	0.2	51.88	291.299	0
0.000124775	0.01	0.2	55.5904	293.273	0
0.000124775	0.01	0.2	59.5662	293.094	0
0.000124775	0.01	0.2	63.8263	293.766	0
0.000124775	0.01	0.2	68.3912	292.318	0
0.000124775	0.01	0.2	73.2825	290.867	0
0.000124775	0.01	0.2	78.5236	291.442	0
0.000124775	0.01	0.2	84.1395	293.154	0
0.000124775	0.01	0.2	90.1571	291.878	0
0.000124775	0.01	0.2	96.6051	290.91	0
0.000136326	0.01	0.2	0.103514	291.533	0
0.000136326	0.01	0.2	0.110917	291.518	0
0.000136326	0.01	0.2	0.11885	291.502	0
0.000136326	0.01	0.2	0.12735	291.483	0
0.000136326	0.01	0.2	0.136458	291.461	0
0.000136326	0.01	0.2	0.146218	291.436	0
0.000136326	0.01	0.2	0.156675	291.408	0
0.000136326	0.01	0.2	0.16788	291.376	0
0.000136326	0.01	0.2	0.179887	291.34	0
0.000136326	0.01	0.2	0.192752	291.298	0
0.000136326	0.01	0.2	0.206538	291.251	0
0.000136326	0.01	0.2	0.221309	291.198	0
0.000136326	0.01	0.2	0.237137	291.137	0
0.000136326	0.01	0.2	0.254097	291.069	0
0.000136326	0.01	0.2	0.27227	290.992	0
0.000136326	0.01	0.2	0.291743	290.906	0
0.000136326	0.01	0.2	0.312608	290.81	0
0.000136326	0.01	0.2	0.334965	290.703	0
0.000136326	0.01	0.2	0.358922	290.584	0
0.000136326	0.01	0.2	0.384592	290.453	0
0.000136326	0.01	0.2	0.412098	290.309	0
0.000136326	0.01	0.2	0.44157	290.153	0
0.000136326	0.01	0.2	0.473151	289.984	0
0.000136326	0.01	0.2	0.506991	289.804	0
0.000136326	0.01	0.2	0.54325	289.614	0
0.000136326	0.01	0.2	0.582103	289.416	0
0.000136326	0.01	0.2	0.623735	289.214	0
0.000136326	0.01	0.2	0.668344	289.013	0
0.000136326	0.01	0.2	0.716143	288.817	0
0.000136326	0.01	0.2	0.767361	288.635	0
0.000136326	0.01	0.2	0.822243	288.476	0
0.000136326	0.01	0.2	0.881049	288.351	0
0.000136326	0.01	0.2	0.944061	288.274	0
0.000136326	0.01	0.2	1.01158	288.263	0
0.000136326	0.01	0.2	1.08393	288.339	0
0.000136326	0.01	0.2	1.16145	288.531	0
0.000136326	0.01	0.2	1.24451	288.876	0
0.000136326	0.01	0.2	1.33352	289.421	0
0.000136326	0.01	0.2	1.42889	290.226	0
0.000136326	0.01	0.2	1.53109	291.361	0
0.000136326	0.01	0.2	1.64059	292.904	0
0.000136326	0.01	0.2	1.75792	294.922	0
0.000136326	0.01	0.2	1.88365	297.447	0
0.000136326	0.01	0.2	2.01837	300.437	0
0.000136326	0.01	0.2	2.16272	303.72	0
0.000136326	0.01	0.2	2.31739	306.934	0
0.000136326	0.01	0.2	2.48313	309.49	0
0.000136326	0.01	0.2	2.66073	310.605	0
0.000136326	0.01	0.2	2.85102	309.507	0
0.000136326	0.01	0.2	3.05492	305.831	0
0.000136326	0.01	0.2	3.27341	300.133	0
0.000136326	0.01	0.2	3.50752	294.134	0
0.000136326	0.01	0.2	3.75837	290.22	0
0.000136326	0.01	0.2	4.02717	290.131	0
0.000136326	0.01	0.2	4.31519	293.643	0
0.000136326	0.01	0.2	4.62381	298.42	0
0.000136326	0.01	0.2	4.9545	301.437	0
0.000136326	0.01	0.2	5.30884	301.009	0
0.000136326	0.01	0.2	5.68853	297.9	0
0.000136326	0.01	0.2	6.09537	294.479	0
0.000136326	0.01	0.2	6.53131	293.024	0
0.000136326	0.01	0.2	6.99842	294.891	0
0.000136326	0.01	0.2	7.49894	298.752	0
0.000136326	0.01	0.2	8.03526	300.524	0
0.000136326	0.01	0.2	8.60994	299.309	0
0.000136326	0.01	0.2	9.22571	298.618	0
0.000136326	0.01	0.2	9.88553	300.851	0
0.000136326	0.01	0.2	10.5925	304.347	0
0.000136326	0.01	0.2	11.3501	306.486	0
0.000136326	0.01	0.2	12.1619	307.983	0
0.000136326	0.01	0.2	13.0317	309.802	0
0.000136326	0.01	0.2	13.9637	309.092	0
0.000136326	0.01	0.2	14.9624	303.461	0
0.000136326	0.01	0.2	16.0325	296.226	0
0.000136326	0.01	0.2	17.1791	292.046	0
0.000136326	0.01	0.2	18.4077	291.957	0
0.000136326	0.01	0.2	19.7242	293.168	0
0.000136326	0.01	0.2	21.1349	295.068	0
0.000136326	0.01	0.2	22.6464	297.516	0
0.000136326	0.01	0.2	24.2661	297.104	0
0.000136326	0.01	0.2	26.0016	295.058	0
0.000136326	0.01	0.2	27.8612	293.38	0
0.000136326	0.01	0.2	29.8538	293.312	0
0.000136326	0.01	0.2	31.989	296.426	0
0.000136326	0.01	0.2	34.2768	295.264	0
0.000136326	0.01	0.2	36.7282	291.636	0
0.000136326	0.01	0.2	39.355	293.104	0
0.000136326	0.01	0.2	42.1697	292.771	0
0.000136326	0.01	0.2	45.1856	296.69	0
0.000136326	0.01	0.2	48.4172	296.465	0
0.000136326	0.01	0.2	51.88	291.155	0
0.000136326	0.01	0.2	55.5904	293.129	0
0.000136326	0.01	0.2	59.5662	292.951	0
0.000136326	0.01	0.2	63.8263	293.622	0
0.000136326	0.01	0.2	68.3912	292.174	0
0.000136326	0.01	0.2	73.2825	290.723	0
0.000136326	0.01	0.2	78.5236	291.3	0
0.000136326	0.01	0.2	84.1395	293.011	0
0.000136326	0.01	0.2	90.1571	291.734	0
0.000136326	0.01	0.2	96.6051	290.766	0
0.000148946	0.01	0.2	0.103514	291.53	0
0.000148946	0.01	0.2	0.110917	291.516	0
0.000148946	0.01	0.2	0.11885	291.499	0
0.000148946	0.01	0.2	0.12735	291.479	0
0.000148946	0.01	0.2	0.136458	291.457	0
0.000148946	0.01	0.2	0.146218	291.432	0
0.000148946	0.01	0.2	0.156675	291.403	0
0.000148946	0.01	0.2	0.16788	291.371	0
0.000148946	0.01	0.2	0.179887	291.333	0
0.000148946	0.01	0.2	0.192752	291.291	0
0.000148946	0.01	0.2	0.206538	291.243	0
0.000148946	0.01	0.2	0.221309	291.188	0
0.000148946	0.01	0.2	0.237137	291.127	0
0.000148946	0.01	0.2	0.254097	291.057	0
0.000148946	0.01	0.2	0.27227	290.979	0
0.000148946	0.01	0.2	0.291743	290.891	0
0.000148946	0.01	0.2	0.312608	290.792	0
0.000148946	0.01	0.2	0.334965	290.683	0
0.000148946	0.01	0.2	0.358922	290.561	0
0.000148946	0.01	0.2	0.384592	290.427	0
0.000148946	0.01	0.2	0.412098	290.28	0
0.000148946	0.01	0.2	0.44157	290.12	0
0.000148946	0.01	0.2	0.473151	289.947	0
0.000148946	0.01	0.2	0.506991	289.763	0
0.000148946	0.01	0.2	0.54325	289.568	0
0.000148946	0.01	0.2	0.582103	289.365	0
0.000148946	0.01	0.2	0.623735	289.158	0
0.000148946	0.01	0.2	0.668344	288.95	0
0.000148946	0.01	0.2	0.716143	288.749	0
0.000148946	0.01	0.2	0.767361	288.561	0
0.000148946	0.01	0.2	0.822243	288.395	0
0.000148946	0.01	0.2	0.881049	288.264	0
0.000148946	0.01	0.2	0.944061	288.18	0
0.000148946	0.01	0.2	1.01158	288.162	0
0.000148946	0.01	0.2	1.08393	288.232	0
0.000148946	0.01	0.2	1.16145	288.418	0
0.000148946	0.01	0.2	1.24451	288.757	0
0.000148946	0.01	0.2	1.33352	289.296	0
0.000148946	0.01	0.2	1.42889	290.096	0
0.000148946	0.01	0.2	1.53109	291.228	0
0.000148946	0.01	0.2	1.64059	292.767	0
0.000148946	0.01	0.2	1.75792	294.782	0
0.000148946	0.01	0.2	1.88365	297.305	0
0.000148946	0.01	0.2	2.01837	300.294	0
0.000148946	0.01	0.2	2.16272	303.576	0
0.000148946	0.01	0.2	2.31739	306.79	0
0.000148946	0.01	0.2	2.48313	309.344	0
0.000148946	0.01	0.2	2.66073	310.459	0
0.000148946	0.01	0.2	2.85102	309.36	0
0.000148946	0.01	0.2	3.05492	305.682	0
0.000148946	0.01	0.2	3.27341	299.982	0
0.000148946	0.01	0.2	3.50752	293.98	0
0.000148946	0.01	0.2	3.75837	290.062	0
0.000148946	0.01	0.2	4.02717	289.97	0
0.000148946	0.01	0.2	4.31519	293.476	0
0.000148946	0.01	0.2	4.62381	298.248	0
0.000148946	0.01	0.2	4.9545	301.259	0
0.000148946	0.01	0.2	5.30884	300.826	0
0.000148946	0.01	0.2	5.68853	297.714	0
0.000148946	0.01	0.2	6.09537	294.291	0
0.000148946	0.01	0.2	6.53131	292.836	0
0.000148946	0.01	0.2	6.99842	294.702	0
0.000148946	0.01	0.2	7.49894	298.563	0
0.000148946	0.01	0.2	8.03526	300.339	0
0.000148946	0.01	0.2	8.60994	299.128	0
0.000148946	0.01	0.2	9.22571	298.442	0
0.000148946	0.01	0.2	9.88553	300.679	0
0.000148946	0.01	0.2	10.5925	304.178	0
0.000148946	0.01	0.2	11.3501	306.322	0
0.000148946	0.01	0.2	12.1619	307.825	0
0.000148946	0.01	0.2	13.0317	309.649	0
0.000148946	0.01	0.2	13.9637	308.941	0
0.000148946	0.01	0.2	14.9624	303.309	0
0.000148946	0.01	0.2	16.0325	296.073	0
0.000148946	0.01	0.2	17.1791	291.891	0
0.000148946	0.01	0.2	18.4077	291.8	0
0.000148946	0.01	0.2	19.7242	293.01	0
0.000148946	0.01	0.2	21.1349	294.909	0
0.000148946	0.01	0.2	22.6464	297.358	0
0.000148946	0.01	0.2	24.2661	296.948	0
0.000148946	0.01	0.2	26.0016	294.906	0
0.000148946	0.01	0.2	27.8612	293.229	0
0.000148946	0.01	0.2	29.8538	293.159	0
0.000148946	0.01	0.2	31.989	296.27	0
0.000148946	0.01	0.2	34.2768	295.105	0
0.000148946	0.01	0.2	36.7282	291.475	0
0.000148946	0.01	0.2	39.355	292.941	0
0.000148946	0.01	0.2	42.1697	292.608	0
0.000148946	0.01	0.2	45.1856	296.528	0
0.000148946	0.01	0.2	48.4172	296.306	0
0.000148946	0.01	0.2	51.88	290.997	0
0.000148946	0.01	0.2	55.5904	292.972	0
0.000148946	0.01	0.2	59.5662	292.793	0
0.000148946	0.01	0.2	63.8263	293.464	0
0.000148946	0.01	0.2	68.3912	292.017	0
0.000148946	0.01	0.2	73.2825	290.566	0
0.000148946	0.01	0.2	78.5236	291.144	0
0.000148946	0.01	0.2	84.1395	292.855	0
0.000148946	0.01	0.2	90.1571	291.578	0
0.000148946	0.01	0.2	96.6051	290.609	0
0.000162735	0.01	0.2	0.103514	291.528	0
0.000162735	0.01	0.2	0.110917	291.513	0
0.000162735	0.01	0.2	0.11885	291.496	0
0.000162735	0.01	0.2	0.12735	291.476	0
0.000162735	0.01	0.2	0.136458	291.453	0
0.000162735	0.01	0.2	0.146218	291.428	0
0.000162735	0.01	0.2	0.156675	291.398	0
0.000162735	0.01	0.2	0.16788	291.365	0
0.000162735	0.01	0.2	0.179887	291.327	0
0.000162735	0.01	0.2	0.192752	291.283	0
0.000162735	0.01	0.2	0.206538	291.234	0
0.000162735	0.01	0.2	0.221309	291.178	0
0.000162735	0.01	0.2	0.237137	291.115	0
0.000162735	0.01	0.2	0.254097	291.044	0
0.000162735	0.01	0.2	0.27227	290.964	0
0.000162735	0.01	0.2	0.291743	290.874	0
0.000162735	0.01	0.2	0.312608	290.773	0
0.000162735	0.01	0.2	0.334965	290.661	0
0.000162735	0.01	0.2	0.358922	290.536	0
0.000162735	0.01	0.2	0.384592	290.399	0
0.000162735	0.01	0.2	0.412098	290.248	0
0.000162735	0.01	0.2	0.44157	290.084	0
0.000162735	0.01	0.2	0.473151	289.907	0
0.000162735	0.01	0.2	0.506991	289.718	0
0.000162735	0.01	0.2	0.54325	289.518	0
0.000162735	0.01	0.2	0.582103	289.309	0
0.000162735	0.01	0.2	0.623735	289.096	0
0.000162735	0.01	0.2	0.668344	288.882	0
0.000162735	0.01	0.2	0.716143	288.674	0
0.000162735	0.01	0.2	0.767361	288.479	0
0.000162735	0.01	0.2	0.822243	288.306	0
0.000162735	0.01	0.2	0.881049	288.168	0
0.000162735	0.01	0.2	0.944061	288.077	0
0.000162735	0.01	0.2	1.01158	288.052	0
0.000162735	0.01	0.2	1.08393	288.115	0
0.000162735	0.01	0.2	1.16145	288.294	0
0.000162735	0.01	0.2	1.24451	288.627	0
0.000162735	0.01	0.2	1.33352	289.16	0
0.000162735	0.01	0.2	1.42889	289.955	0
0.000162735	0.01	0.2	1.53109	291.082	0
0.000162735	0.01	0.2	1.64059	292.617	0
0.000162735	0.01	0.2	1.75792	294.629	0
0.000162735	0.01	0.2	1.88365	297.15	0
0.000162735	0.01	0.2	2.01837	300.137	0
0.000162735	0.01	0.2	2.16272	303.418	0
0.000162735	0.01	0.2	2.31739	306.631	0
0.000162735	0.01	0.2	2.48313	309.186	0
0.000162735	0.01	0.2	2.66073	310.3	0
0.000162735	0.01	0.2	2.85102	309.2	0
0.000162735	0.01	0.2	3.05492	305.52	0
0.000162735	0.01	0.2	3.27341	299.817	0
0.000162735	0.01	0.2	3.50752	293.812	0
0.000162735	0.01	0.2	3.75837	289.89	0
0.000162735	0.01	0.2	4.02717	289.793	0
0.000162735	0.01	0.2	4.31519	293.294	0
0.000162735	0.01	0.2	4.62381	298.06	0
0.000162735	0.01	0.2	4.9545	301.065	0
0.000162735	0.01	0.2	5.30884	300.626	0
0.000162735	0.01	0.2	5.68853	297.51	0
0.000162735	0.01	0.2	6.09537	294.086	0
0.000162735	0.01	0.2	6.53131	292.629	0
0.000162735	0.01	0.2	6.99842	294.495	0
0.000162735	0.01	0.2	7.49894	298.358	0
0.000162735	0.01	0.2	8.03526	300.137	0
0.000162735	0.01	0.2	8.60994	298.931	0
0.000162735	0.01	0.2	9.22571	298.25	0
0.000162735	0.01	0.2	9.88553	300.492	0
0.000162735	0.01	0.2	10.5925	303.994	0
0.000162735	0.01	0.2	11.3501	306.143	0
0.000162735	0.01	0.2	12.1619	307.653	0
0.000162735	0.01	0.2	13.0317	309.481	0
0.000162735	0.01	0.2	13.9637	308.775	0
0.000162735	0.01	0.2	14.9624	303.143	0
0.000162735	0.01	0.2	16.0325	295.905	0
0.000162735	0.01	0.2	17.1791	291.721	0
0.000162735	0.01	0.2	18.4077	291.628	0
0.000162735	0.01	0.2	19.7242	292.837	0
0.000162735	0.01	0.2	21.1349	294.734	0
0.000162735	0.01	0.2	22.6464	297.185	0
0.000162735	0.01	0.2	24.2661	296.778	0
0.000162735	0.01	0.2	26.0016	294.74	0
0.000162735	0.01	0.2	27.8612	293.064	0
0.000162735	0.01	0.2	29.8538	292.992	0
0.000162735	0.01	0.2	31.989	296.099	0
0.000162735	0.01	0.2	34.2768	294.931	0
0.000162735	0.01	0.2	36.7282	291.298	0
0.000162735	0.01	0.2	39.355	292.763	0
0.000162735	0.01	0.2	42.1697	292.43	0
0.000162735	0.01	0.2	45.1856	296.352	0
0.000162735	0.01	0.2	48.4172	296.131	0
0.000162735	0.01	0.2	51.88	290.825	0
0.000162735	0.01	0.2	55.5904	292.801	0
0.000162735	0.01	0.2	59.5662	292.622	0
0.000162735	0.01	0.2	63.8263	293.292	0
0.000162735	0.01	0.2	68.3912	291.845	0
0.000162735	0.01	0.2	73.2825	290.395	0
0.000162735	0.01	0.2	78.5236	290.974	0
0.000162735	0.01	0.2	84.1395	292.685	0
0.000162735	0.01	0.2	90.1571	291.407	0
0.000162735	0.01	0.2	96.6051	290.438	0
0.0001778	0.01	0.2	0.103514	291.526	0
0.0001778	0.01	0.2	0.110917	291.51	0
0.0001778	0.01	0.2	0.11885	291.492	0
0.0001778	0.01	0.2	0.12735	291.472	0
0.0001778	0.01	0.2	0.136458	291.449	0
0.0001778	0.01	0.2	0.146218	291.423	0
0.0001778	0.01	0.2	0.156675	291.393	0
0.0001778	0.01	0.2	0.16788	291.358	0
0.0001778	0.01	0.2	0.179887	291.319	0
0.0001778	0.01	0.2	0.192752	291.275	0
0.0001778	0.01	0.2	0.206538	291.224	0
0.0001778	0.01	0.2	0.221309	291.167	0
0.0001778	0.01	0.2	0.237137	291.102	0
0.0001778	0.01	0.2	0.254097	291.029	0
0.0001778	0.01	0.2	0.27227	290.947	0
0.0001778	0.01	0.2	0.291743	290.855	0
0.0001778	0.01	0.2	0.312608	290.752	0
0.0001778	0.01	0.2	0.334965	290.636	0
0.0001778	0.01	0.2	0.358922	290.509	0
0.0001778	0.01	0.2	0.384592	290.368	0
0.0001778	0.01	0.2	0.412098	290.213	0
0.0001778	0.01	0.2	0.44157	290.045	0
0.0001778	0.01	0.2	0.473151	289.863	0
0.0001778	0.01	0.2	0.506991	289.668	0
0.0001778	0.01	0.2	0.54325	289.463	0
0.0001778	0.01	0.2	0.582103	289.248	0
0.0001778	0.01	0.2	0.623735	289.028	0
0.0001778	0.01	0.2	0.668344	288.808	0
0.0001778	0.01	0.2	0.716143	288.592	0
0.0001778	0.01	0.2	0.767361	288.39	0
0.0001778	0.01	0.2	0.822243	288.21	0
0.0001778	0.01	0.2	0.881049	288.063	0
0.0001778	0.01	0.2	0.944061	287.965	0
0.0001778	0.01	0.2	1.01158	287.932	0
0.0001778	0.01	0.2	1.08393	287.987	0
0.0001778	0.01	0.2	1.16145	288.159	0
0.0001778	0.01	0.2	1.24451	288.485	0
0.0001778	0.01	0.2	1.33352	289.012	0
0.0001778	0.01	0.2	1.42889	289.8	0
0.0001778	0.01	0.2	1.53109	290.922	0
0.0001778	0.01	0.2	1.64059	292.453	0
0.0001778	0.01	0.2	1.75792	294.462	0
0.0001778	0.01	0.2	1.88365	296.98	0
0.0001778	0.01	0.2	2.01837	299.966	0
0.0001778	0.01	0.2	2.16272	303.246	0
0.0001778	0.01	0.2	2.31739	306.459	0
0.0001778	0.01	0.2	2.48313	309.013	0
0.0001778	0.01	0.2	2.66073	310.126	0
0.0001778	0.01	0.2	2.85102	309.025	0
0.0001778	0.01	0.2	3.05492	305.343	0
0.0001778	0.01	0.2	3.27341	299.637	0
0.0001778	0.01	0.2	3.50752	293.628	0
0.0001778	0.01	0.2	3.75837	289.702	0
0.0001778	0.01	0.2	4.02717	289.6	0
0.0001778	0.01	0.2	4.31519	293.096	0
0.0001778	0.01	0.2	4.62381	297.855	0
0.0001778	0.01	0.2	4.9545	300.853	0
0.0001778	0.01	0.2	5.30884	300.408	0
0.0001778	0.01	0.2	5.68853	297.288	0
0.0001778	0.01	0.2	6.09537	293.862	0
0.0001778	0.01	0.2	6.53131	292.404	0
0.0001778	0.01	0.2	6.99842	294.269	0
0.0001778	0.01	0.2	7.49894	298.133	0
0.0001778	0.01	0.2	8.03526	299.917	0
0.0001778	0.01	0.2	8.60994	298.716	0
0.0001778	0.01	0.2	9.22571	298.04	0
0.0001778	0.01	0.2	9.88553	300.287	0
0.0001778	0.01	0.2	10.5925	303.793	0
0.0001778	0.01	0.2	11.3501	305.948	0
0.0001778	0.01	0.2	12.1619	307.464	0
0.0001778	0.01	0.2	13.0317	309.298	0
0.0001778	0.01	0.2	13.9637	308.594	0
0.0001778	0.01	0.2	14.9624	302.961	0
0.0001778	0.01	0.2	16.0325	295.722	0
0.0001778	0.01	0.2	17.1791	291.536	0
0.0001778	0.01	0.2	18.4077	291.441	0
0.0001778	0.01	0.2	19.7242	292.649	0
0.0001778	0.01	0.2	21.1349	294.544	0
0.0001778	0.01	0.2	22.6464	296.995	0
0.0001778	0.01	0.2	24.2661	296.593	0
0.0001778	0.01	0.2	26.0016	294.558	0
0.0001778	0.01	0.2	27.8612	292.884	0
0.0001778	0.01	0.2	29.8538	292.809	0
0.0001778	0.01	0.2	31.989	295.913	0
0.0001778	0.01	0.2	34.2768	294.741	0
0.0001778	0.01	0.2	36.7282	291.106	0
0.0001778	0.01	0.2	39.355	292.568	0
0.0001778	0.01	0.2	42.1697	292.236	0
0.0001778	0.01	0.2	45.1856	296.159	0
0.0001778	0.01	0.2	48.4172	295.941	0
0.0001778	0.01	0.2	51.88	290.637	0
0.0001778	0.01	0.2	55.5904	292.613	0
0.0001778	0.01	0.2	59.5662	292.434	0
0.0001778	0.01	0.2	63.8263	293.104	0
0.0001778	0.01	0.2	68.3912	291.657	0
0.0001778	0.01	0.2	73.2825	290.207	0
0.0001778	0.01	0.2	78.5236	290.788	0
0.0001778	0.01	0.2	84.1395	292.499	0
0.0001778	0.01	0.2	90.1571	291.22	0
0.0001778	0.01	0.2	96.6051	290.25	0
0.00019426	0.01	0.2	0.103514	291.523	0
0.00019426	0.01	0.2	0.110917	291.507	0
0.00019426	0.01	0.2	0.11885	291.489	0
0.00019426	0.01	0.2	0.12735	291.468	0
0.00019426	0.01	0.2	0.136458	291.444	0
0.00019426	0.01	0.2	0.146218	291.417	0
0.00019426	0.01	0.2	0.156675	291.386	0
0.00019426	0.01	0.2	0.16788	291.351	0
0.00019426	0.01	0.2	0.179887	291.311	0
0.00019426	0.01	0.2	0.192752	291.265	0
0.00019426	0.01	0.2	0.206538	291.214	0
0.00019426	0.01	0.2	0.221309	291.155	0
0.00019426	0.01	0.2	0.237137	291.089	0
0.00019426	0.01	0.2	0.254097	291.014	0
0.00019426	0.01	0.2	0.27227	290.929	0
0.00019426	0.01	0.2	0.291743	290.834	0
0.00019426	0.01	0.2	0.312608	290.728	0
0.00019426	0.01	0.2	0.334965	290.61	0
0.00019426	0.01	0.2	0.358922	290.479	0
0.00019426	0.01	0.2	0.384592	290.334	0
0.00019426	0.01	0.2	0.412098	290.175	0
0.00019426	0.01	0.2	0.44157	290.002	0
0.00019426	0.01	0.2	0.473151	289.815	0
0.00019426	0.01	0.2	0.506991	289.615	0
0.00019426	0.01	0.2	0.54325	289.403	0
0.00019426	0.01	0.2	0.582103	289.182	0
0.00019426	0.01	0.2	0.623735	288.955	0
0.00019426	0.01	0.2	0.668344	288.727	0
0.00019426	0.01	0.2	0.716143	288.503	0
0.00019426	0.01	0.2	0.767361	288.293	0
0.00019426	0.01	0.2	0.822243	288.104	0
0.00019426	0.01	0.2	0.881049	287.949	0
0.00019426	0.01	0.2	0.944061	287.842	0
0.00019426	0.01	0.2	1.01158	287.801	0
0.00019426	0.01	0.2	1.08393	287.848	0
0.00019426	0.01	0.2	1.16145	288.012	0
0.00019426	0.01	0.2	1.24451	288.329	0
0.00019426	0.01	0.2	1.33352	288.849	0
0.00019426	0.01	0.2	1.42889	289.632	0
0.00019426	0.01	0.2	1.53109	290.748	0
0.00019426	0.01	0.2	1.64059	292.275	0
0.00019426	0.01	0.2	1.75792	294.28	0
0.00019426	0.01	0.2	1.88365	296.795	0
0.00019426	0.01	0.2	2.01837	299.779	0
0.00019426	0.01	0.2	2.16272	303.058	0
0.00019426	0.01	0.2	2.31739	306.27	0
0.00019426	0.01	0.2	2.48313	308.823	0
0.00019426	0.01	0.2	2.66073	309.937	0
0.00019426	0.01	0.2	2.85102	308.833	0
0.00019426	0.01	0.2	3.05492	305.149	0
0.00019426	0.01	0.2	3.27341	299.441	0
0.00019426	0.01	0.2	3.50752	293.428	0
0.00019426	0.01	0.2	3.75837	289.497	0
0.00019426	0.01	0.2	4.02717	289.389	0
0.00019426	0.01	0.2	4.31519	292.879	0
0.00019426	0.01	0.2	4.62381	297.631	0
0.00019426	0.01	0.2	4.9545	300.621	0
0.00019426	0.01	0.2	5.30884	300.169	0
0.00019426	0.01	0.2	5.68853	297.045	0
0.00019426	0.01	0.2	6.09537	293.617	0
0.00019426	0.01	0.2	6.53131	292.158	0
0.00019426	0.01	0.2	6.99842	294.022	0
0.00019426	0.01	0.2	7.49894	297.888	0
0.00019426	0.01	0.2	8.03526	299.676	0
0.00019426	0.01	0.2	8.60994	298.481	0
0.00019426	0.01	0.2	9.22571	297.81	0
0.00019426	0.01	0.2	9.88553	300.063	0
0.00019426	0.01	0.2	10.5925	303.574	0
0.00019426	0.01	0.2	11.3501	305.734	0
0.00019426	0.01	0.2	12.1619	307.258	0
0.00019426	0.01	0.2	13.0317	309.099	0
0.00019426	0.01	0.2	13.9637	308.397	0
0.00019426	0.01	0.2	14.9624	302.763	0
0.00019426	0.01	0.2	16.0325	295.523	0
0.00019426	0.01	0.2	17.1791	291.334	0
0.00019426	0.01	0.2	18.4077	291.236	0
0.00019426	0.01	0.2	19.7242	292.442	0
0.00019426	0.01	0.2	21.1349	294.337	0
0.00019426	0.01	0.2	22.6464	296.789	0
0.00019426	0.01	0.2	24.2661	296.39	0
0.00019426	0.01	0.2	26.0016	294.36	0
0.00019426	0.01	0.2	27.8612	292.687	0
0.00019426	0.01	0.2	29.8538	292.61	0
0.00019426	0.01	0.2	31.989	295.709	0
0.00019426	0.01	0.2	34.2768	294.534	0
0.00019426	0.01	0.2	36.7282	290.895	0
0.00019426	0.01	0.2	39.355	292.356	0
0.00019426	0.01	0.2	42.1697	292.023	0
0.00019426	0.01	0.2	45.1856	295.949	0
0.00019426	0.01	0.2	48.4172	295.734	0
0.00019426	0.01	0.2	51.88	290.432	0
0.00019426	0.01	0.2	55.5904	292.409	0
0.00019426	0.01	0.2	59.5662	292.229	0
0.00019426	0.01	0.2	63.8263	292.898	0
0.00019426	0.01	0.2	68.3912	291.452	0
0.00019426	0.01	0.2	73.2825	290.003	0
0.00019426	0.01	0.2	78.5236	290.585	0
0.00019426	0.01	0.2	84.1395	292.295	0
0.00019426	0.01	0.2	90.1571	291.016	0
0.00019426	0.01	0.2	96.6051	290.046	0
0.000212243	0.01	0.2	0.103514	291.52	0
0.000212243	0.01	0.2	0.110917	291.504	0
0.000212243	0.01	0.2	0.11885	291.485	0
0.000212243	0.01	0.2	0.12735	291.464	0
0.000212243	0.01	0.2	0.136458	291.439	0
0.000212243	0.01	0.2	0.146218	291.411	0
0.000212243	0.01	0.2	0.156675	291.38	0
0.000212243	0.01	0.2	0.16788	291.343	0
0.000212243	0.01	0.2	0.179887	291.302	0
0.000212243	0.01	0.2	0.192752	291.255	0
0.000212243	0.01	0.2	0.206538	291.202	0
0.000212243	0.01	0.2	0.221309	291.142	0
0.000212243	0.01	0.2	0.237137	291.073	0
0.000212243	0.01	0.2	0.254097	290.996	0
0.000212243	0.01	0.2	0.27227	290.909	0
0.000212243	0.01	0.2	0.291743	290.812	0
0.000212243	0.01	0.2	0.312608	290.703	0
0.000212243	0.01	0.2	0.334965	290.581	0
0.000212243	0.01	0.2	0.358922	290.446	0
0.000212243	0.01	0.2	0.384592	290.297	0
0.000212243	0.01	0.2	0.412098	290.133	0
0.000212243	0.01	0.2	0.44157	289.955	0
0.000212243	0.01	0.2	0.473151	289.762	0
0.000212243	0.01	0.2	0.506991	289.556	0
0.000212243	0.01	0.2	0.54325	289.337	0
0.000212243	0.01	0.2	0.582103	289.109	0
0.000212243	0.01	0.2	0.623735	288.874	0
0.000212243	0.01	0.2	0.668344	288.638	0
0.000212243	0.01	0.2	0.716143	288.406	0
0.000212243	0.01	0.2	0.767361	288.186	0
0.000212243	0.01	0.2	0.822243	287.989	0
0.000212243	0.01	0.2	0.881049	287.824	0
0.000212243	0.01	0.2	0.944061	287.708	0
0.000212243	0.01	0.2	1.01158	287.657	0
0.000212243	0.01	0.2	1.08393	287.695	0
0.000212243	0.01	0.2	1.16145	287.85	0
0.000212243	0.01	0.2	1.24451	288.16	0
0.000212243	0.01	0.2	1.33352	288.672	0
0.000212243	0.01	0.2	1.42889	289.447	0
0.000212243	0.01	0.2	1.53109	290.558	0
0.000212243	0.01	0.2	1.64059	292.079	0
0.000212243	0.01	0.2	1.75792	294.08	0
0.000212243	0.01	0.2	1.88365	296.593	0
0.000212243	0.01	0.2	2.01837	299.575	0
0.000212243	0.01	0.2	2.16272	302.853	0
0.000212243	0.01	0.2	2.31739	306.064	0
0.000212243	0.01	0.2	2.48313	308.617	0
0.000212243	0.01	0.2	2.66073	309.729	0
0.000212243	0.01	0.2	2.85102	308.625	0
0.000212243	0.01	0.2	3.05492	304.938	0
0.000212243	0.01	0.2	3.27341	299.226	0
0.000212243	0.01	0.2	3.50752	293.209	0
0.000212243	0.01	0.2	3.75837	289.272	0
0.000212243	0.01	0.2	4.02717	289.159	0
0.000212243	0.01	0.2	4.31519	292.642	0
0.000212243	0.01	0.2	4.62381	297.386	0
0.000212243	0.01	0.2	4.9545	300.368	0
0.000212243	0.01	0.2	5.30884	299.909	0
0.000212243	0.01	0.2	5.68853	296.78	0
0.000212243	0.01	0.2	6.09537	293.35	0
0.000212243	0.01	0.2	6.53131	291.89	0
0.000212243	0.01	0.2	6.99842	293.753	0
0.000212243	0.01	0.2	7.49894	297.62	0
0.000212243	0.01	0.2	8.03526	299.413	0
0.000212243	0.01	0.2	8.60994	298.224	0
0.000212243	0.01	0.2	9.22571	297.56	0
0.000212243	0.01	0.2	9.88553	299.818	0
0.000212243	0.01	0.2	10.5925	303.334	0
0.000212243	0.01	0.2	11.3501	305.501	0
0.000212243	0.01	0.2	12.1619	307.033	0
0.000212243	0.01	0.2	13.0317	308.881	0
0.000212243	0.01	0.2	13.9637	308.181	0
0.000212243	0.01	0.2	14.9624	302.547	0
0.000212243	0.01	0.2	16.0325	295.304	0
0.000212243	0.01	0.2	17.1791	291.113	0
0.000212243	0.01	0.2	18.4077	291.013	0
0.000212243	0.01	0.2	19.7242	292.217	0
0.000212243	0.01	0.2	21.1349	294.11	0
0.000212243	0.01	0.2	22.6464	296.564	0
0.000212243	0.01	0.2	24.2661	296.169	0
0.000212243	0.01	0.2	26.0016	294.143	0
0.000212243	0.01	0.2	27.8612	292.472	0
0.000212243	0.01	0.2	29.8538	292.392	0
0.000212243	0.01	0.2	31.989	295.487	0
0.000212243	0.01	0.2	34.2768	294.307	0
0.000212243	0.01	0.2	36.7282	290.665	0
0.000212243	0.01	0.2	39.355	292.124	0
0.000212243	0.01	0.2	42.1697	291.792	0
0.000212243	0.01	0.2	45.1856	295.719	0
0.000212243	0.01	0.2	48.4172	295.507	0
0.000212243	0.01	0.2	51.88	290.207	0
0.000212243	0.01	0.2	55.5904	292.185	0
0.000212243	0.01	0.2	59.5662	292.006	0
0.000212243	0.01	0.2	63.8263	292.674	0
0.000212243	0.01	0.2	68.3912	291.227	0
0.000212243	0.01	0.2	73.2825	289.779	0
0.000212243	0.01	0.2	78.5236	290.363	0
0.000212243	0.01	0.2	84.1395	292.073	0
0.000212243	0.01	0.2	90.1571	290.793	0
0.000212243	0.01	0.2	96.6051	289.822	0
0.000231891	0.01	0.2	0.103514	291.517	0
0.000231891	0.01	0.2	0.110917	291.5	0
0.000231891	0.01	0.2	0.11885	291.481	0
0.000231891	0.01	0.2	0.12735	291.459	0
0.000231891	0.01	0.2	0.136458	291.434	0
0.000231891	0.01	0.2	0.146218	291.405	0
0.000231891	0.01	0.2	0.156675	291.372	0
0.000231891	0.01	0.2	0.16788	291.335	0
0.000231891	0.01	0.2	0.179887	291.292	0
0.000231891	0.01	0.2	0.192752	291.244	0
0.000231891	0.01	0.2	0.206538	291.189	0
0.000231891	0.01	0.2	0.221309	291.127	0
0.000231891	0.01	0.2	0.237137	291.057	0
0.000231891	0.01	0.2	0.254097	290.977	0
0.000231891	0.01	0.2	0.27227	290.888	0
0.000231891	0.01	0.2	0.291743	290.788	0
0.000231891	0.01	0.2	0.312608	290.675	0
0.000231891	0.01	0.2	0.334965	290.55	0
0.000231891	0.01	0.2	0.358922	290.411	0
0.000231891	0.01	0.2	0.384592	290.257	0
0.000231891	0.01	0.2	0.412098	290.088	0
0.000231891	0.01	0.2	0.44157	289.904	0
0.000231891	0.01	0.2	0.473151	289.705	0
0.000231891	0.01	0.2	0.506991	289.492	0
0.000231891	0.01	0.2	0.54325	289.266	0
0.000231891	0.01	0.2	0.582103	289.029	0
0.000231891	0.01	0.2	0.623735	288.786	0
0.000231891	0.01	0.2	0.668344	288.541	0
0.000231891	0.01	0.2	0.716143	288.3	0
0.000231891	0.01	0.2	0.767361	288.07	0
0.000231891	0.01	0.2	0.822243	287.863	0
0.000231891	0.01	0.2	0.881049	287.688	0
0.000231891	0.01	0.2	0.944061	287.562	0
0.000231891	0.01	0.2	1.01158	287.501	0
0.000231891	0.01	0.2	1.08393	287.529	0
0.000231891	0.01	0.2	1.16145	287.674	0
0.000231891	0.01	0.2	1.24451	287.975	0
0.000231891	0.01	0.2	1.33352	288.478	0
0.000231891	0.01	0.2	1.42889	289.246	0
0.000231891	0.01	0.2	1.53109	290.35	0
0.000231891	0.01	0.2	1.64059	291.866	0
0.000231891	0.01	0.2	1.75792	293.863	0
0.000231891	0.01	0.2	1.88365	296.373	0
0.000231891	0.01	0.2	2.01837	299.352	0
0.000231891	0.01	0.2	2.16272	302.629	0
0.000231891	0.01	0.2	2.31739	305.839	0
0.000231891	0.01	0.2	2.48313	308.391	0
0.000231891	0.01	0.2	2.66073	309.503	0
0.000231891	0.01	0.2	2.85102	308.396	0
0.000231891	0.01	0.2	3.05492	304.707	0
0.000231891	0.01	0.2	3.27341	298.991	0
0.000231891	0.01	0.2	3.50752	292.969	0
0.000231891	0.01	0.2	3.75837	289.028	0
0.000231891	0.01	0.2	4.02717	288.908	0
0.000231891	0.01	0.2	4.31519	292.383	0
0.000231891	0.01	0.2	4.62381	297.119	0
0.000231891	0.01	0.2	4.9545	300.092	0
0.000231891	0.01	0.2	5.30884	299.625	0
0.000231891	0.01	0.2	5.68853	296.49	0
0.000231891	0.01	0.2	6.09537	293.058	0
0.000231891	0.01	0.2	6.53131	291.596	0
0.000231891	0.01	0.2	6.99842	293.459	0
0.000231891	0.01	0.2	7.49894	297.327	0
0.000231891	0.01	0.2	8.03526	299.125	0
0.000231891	0.01	0.2	8.60994	297.944	0
0.000231891	0.01	0.2	9.22571	297.287	0
0.000231891	0.01	0.2	9.88553	299.551	0
0.000231891	0.01	0.2	10.5925	303.072	0
0.000231891	0.01	0.2	11.3501	305.247	0
0.000231891	0.01	0.2	12.1619	306.788	0
0.000231891	0.01	0.2	13.0317	308.642	0
0.000231891	0.01	0.2	13.9637	307.946	0
0.000231891	0.01	0.2	14.9624	302.311	0
0.000231891	0.01	0.2	16.0325	295.066	0
0.000231891	0.01	0.2	17.1791	290.872	0
0.000231891	0.01	0.2	18.4077	290.769	0
0.000231891	0.01	0.2	19.7242	291.972	0
0.000231891	0.01	0.2	21.1349	293.862	0
0.000231891	0.01	0.2	22.6464	296.317	0
0.000231891	0.01	0.2	24.2661	295.927	0
0.000231891	0.01	0.2	26.0016	293.906	0
0.000231891	0.01	0.2	27.8612	292.237	0
0.000231891	0.01	0.2	29.8538	292.155	0
0.000231891	0.01	0.2	31.989	295.244	0
0.000231891	0.01	0.2	34.2768	294.06	0
0.000231891	0.01	0.2	36.7282	290.414	0
0.000231891	0.01	0.2	39.355	291.871	0
0.000231891	0.01	0.2	42.1697	291.538	0
0.000231891	0.01	0.2	45.1856	295.468	0
0.000231891	0.01	0.2	48.4172	295.259	0
0.000231891	0.01	0.2	51.88	289.962	0
0.000231891	0.01	0.2	55.5904	291.941	0
0.000231891	0.01	0.2	59.5662	291.762	0
0.000231891	0.01	0.2	63.8263	292.429	0
0.000231891	0.01	0.2	68.3912	290.983	0
0.000231891	0.01	0.2	73.2825	289.535	0
0.000231891	0.01	0.2	78.5236	290.121	0
0.000231891	0.01	0.2	84.1395	291.831	0
0.000231891	0.01	0.2	90.1571	290.55	0
0.000231891	0.01	0.2	96.6051	289.578	0
0.000253358	0.01	0.2	0.103514	291.513	0
0.000253358	0.01	0.2	0.110917	291.496	0
0.000253358	0.01	0.2	0.11885	291.476	0
0.000253358	0.01	0.2	0.12735	291.453	0
0.000253358	0.01	0.2	0.136458	291.427	0
0.000253358	0.01	0.2	0.146218	291.398	0
0.000253358	0.01	0.2	0.156675	291.364	0
0.000253358	0.01	0.2	0.16788	291.326	0
0.000253358	0.01	0.2	0.179887	291.282	0
0.000253358	0.01	0.2	0.192752	291.232	0
0.000253358	0.01	0.2	0.206538	291.175	0
0.000253358	0.01	0.2	0.221309	291.111	0
0.000253358	0.01	0.2	0.237137	291.039	0
0.000253358	0.01	0.2	0.254097	290.957	0
0.000253358	0.01	0.2	0.27227	290.864	0
0.000253358	0.01	0.2	0.291743	290.761	0
0.000253358	0.01	0.2	0.312608	290.645	0
0.000253358	0.01	0.2	0.334965	290.515	0
0.000253358	0.01	0.2	0.358922	290.372	0
0.000253358	0.01	0.2	0.384592	290.213	0
0.000253358	0.01	0.2	0.412098	290.038	0
0.000253358	0.01	0.2	0.44157	289.848	0
0.000253358	0.01	0.2	0.473151	289.642	0
0.000253358	0.01	0.2	0.506991	289.422	0
0.000253358	0.01	0.2	0.54325	289.188	0
0.000253358	0.01	0.2	0.582103	288.943	0
0.000253358	0.01	0.2	0.623735	288.69	0
0.000253358	0.01	0.2	0.668344	288.435	0
0.000253358	0.01	0.2	0.716143	288.184	0
0.000253358	0.01	0.2	0.767361	287.944	0
0.000253358	0.01	0.2	0.822243	287.725	0
0.000253358	0.01	0.2	0.881049	287.539	0
0.000253358	0.01	0.2	0.944061	287.402	0
0.000253358	0.01	0.2	1.01158	287.33	0
0.000253358	0.01	0.2	1.08393	287.347	0
0.000253358	0.01	0.2	1.16145	287.482	0
0.000253358	0.01	0.2	1.24451	287.772	0
0.000253358	0.01	0.2	1.33352	288.267	0
0.000253358	0.01	0.2	1.42889	289.026	0
0.000253358	0.01	0.2	1.53109	290.123	0
0.000253358	0.01	0.2	1.64059	291.633	0
0.000253358	0.01	0.2	1.75792	293.625	0
0.000253358	0.01	0.2	1.88365	296.132	0
0.000253358	0.01	0.2	2.01837	299.109	0
0.000253358	0.01	0.2	2.16272	302.384	0
0.000253358	0.01	0.2	2.31739	305.593	0
0.000253358	0.01	0.2	2.48313	308.145	0
0.000253358	0.01	0.2	2.66073	309.255	0
0.000253358	0.01	0.2	2.85102	308.147	0
0.000253358	0.01	0.2	3.05492	304.455	0
0.000253358	0.01	0.2	3.27341	298.735	0
0.000253358	0.01	0.2	3.50752	292.708	0
0.000253358	0.01	0.2	3.75837	288.76	0
0.000253358	0.01	0.2	4.02717	288.634	0
0.000253358	0.01	0.2	4.31519	292.101	0
0.000253358	0.01	0.2	4.62381	296.827	0
0.000253358	0.01	0.2	4.9545	299.79	0
0.000253358	0.01	0.2	5.30884	299.314	0
0.000253358	0.01	0.2	5.68853	296.174	0
0.000253358	0.01	0.2	6.09537	292.739	0
0.000253358	0.01	0.2	6.53131	291.276	0
0.000253358	0.01	0.2	6.99842	293.138	0
0.000253358	0.01	0.2	7.49894	297.007	0
0.000253358	0.01	0.2	8.03526	298.812	0
0.000253358	0.01	0.2	8.60994	297.638	0
0.000253358	0.01	0.2	9.22571	296.988	0
0.000253358	0.01	0.2	9.88553	299.259	0
0.000253358	0.01	0.2	10.5925	302.786	0
0.000253358	0.01	0.2	11.3501	304.969	0
0.000253358	0.01	0.2	12.1619	306.52	0
0.000253358	0.01	0.2	13.0317	308.382	0
0.000253358	0.01	0.2	13.9637	307.689	0
0.000253358	0.01	0.2	14.9624	302.053	0
0.000253358	0.01	0.2	16.0325	294.806	0
0.000253358	0.01	0.2	17.1791	290.609	0
0.000253358	0.01	0.2	18.4077	290.503	0
0.000253358	0.01	0.2	19.7242	291.703	0
0.000253358	0.01	0.2	21.1349	293.592	0
0.000253358	0.01	0.2	22.6464	296.049	0
0.000253358	0.01	0.2	24.2661	295.663	0
0.000253358	0.01	0.2	26.0016	293.648	0
0.000253358	0.01	0.2	27.8612	291.98	0
0.000253358	0.01	0.2	29.8538	291.895	0
0.000253358	0.01	0.2	31.989	294.978	0
0.000253358	0.01	0.2	34.2768	293.79	0
0.000253358	0.01	0.2	36.7282	290.14	0
0.000253358	0.01	0.2	39.355	291.594	0
0.000253358	0.01	0.2	42.1697	291.262	0
0.000253358	0.01	0.2	45.1856	295.194	0
0.000253358	0.01	0.2	48.4172	294.989	0
0.000253358	0.01	0.2	51.88	289.695	0
0.000253358	0.01	0.2	55.5904	291.675	0
0.000253358	0.01	0.2	59.5662	291.495	0
0.000253358	0.01	0.2	63.8263	292.161	0
0.000253358	0.01	0.2	68.3912	290.715	0
0.000253358	0.01	0.2	73.2825	289.269	0
0.000253358	0.01	0.2	78.5236	289.857	0
0.000253358	0.01	0.2	84.1395	291.566	0
0.000253358	0.01	0.2	90.1571	290.284	0
0.000253358	0.01	0.2	96.6051	289.312	0
0.000276813	0.01	0.2	0.103514	291.509	0
0.000276813	0.01	0.2	0.110917	291.491	0
0.000276813	0.01	0.2	0.11885	291.471	0
0.000276813	0.01	0.2	0.12735	291.447	0
0.000276813	0.01	0.2	0.136458	291.421	0
0.000276813	0.01	0.2	0.146218	291.39	0
0.000276813	0.01	0.2	0.156675	291.355	0
0.000276813	0.01	0.2	0.16788	291.315	0
0.000276813	0.01	0.2	0.179887	291.27	0
0.000276813	0.01	0.2	0.192752	291.219	0
0.000276813	0.01	0.2	0.206538	291.16	0
0.000276813	0.01	0.2	0.221309	291.094	0
0.000276813	0.01	0.2	0.237137	291.019	0
0.000276813	0.01	0.2	0.254097	290.934	0
0.000276813	0.01	0.2	0.27227	290.839	0
0.000276813	0.01	0.2	0.291743	290.732	0
0.000276813	0.01	0.2	0.312608	290.612	0
0.000276813	0.01	0.2	0.334965	290.478	0
0.000276813	0.01	0.2	0.358922	290.329	0
0.000276813	0.01	0.2	0.384592	290.165	0
0.000276813	0.01	0.2	0.412098	289.984	0
0.000276813	0.01	0.2	0.44157	289.787	0
0.000276813	0.01	0.2	0.473151	289.574	0
0.000276813	0.01	0.2	0.506991	289.345	0
0.000276813	0.01	0.2	0.54325	289.102	0
0.000276813	0.01	0.2	0.582103	288.848	0
0.000276813	0.01	0.2	0.623735	288.585	0
0.000276813	0.01	0.2	0.668344	288.319	0
0.000276813	0.01	0.2	0.716143	288.057	0
0.000276813	0.01	0.2	0.767361	287.805	0
0.000276813	0.01	0.2	0.822243	287.574	0
0.000276813	0.01	0.2	0.881049	287.377	0
0.000276813	0.01	0.2	0.944061	287.227	0
0.000276813	0.01	0.2	1.01158	287.143	0
0.000276813	0.01	0.2	1.08393	287.148	0
0.000276813	0.01	0.2	1.16145	287.272	0
0.000276813	0.01	0.2	1.24451	287.552	0
0.000276813	0.01	0.2	1.33352	288.036	0
0.000276813	0.01	0.2	1.42889	288.787	0
0.000276813	0.01	0.2	1.53109	289.875	0
0.000276813	0.01	0.2	1.64059	291.379	0
0.000276813	0.01	0.2	1.75792	293.366	0
0.000276813	0.01	0.2	1.88365	295.869	0
0.000276813	0.01	0.2	2.01837	298.843	0
0.000276813	0.01	0.2	2.16272	302.117	0
0.000276813	0.01	0.2	2.31739	305.325	0
0.000276813	0.01	0.2	2.48313	307.876	0
0.000276813	0.01	0.2	2.66073	308.985	0
0.000276813	0.01	0.2	2.85102	307.876	0
0.000276813	0.01	0.2	3.05492	304.18	0
0.000276813	0.01	0.2	3.27341	298.455	0
0.000276813	0.01	0.2	3.50752	292.423	0
0.000276813	0.01	0.2	3.75837	288.468	0
0.000276813	0.01	0.2	4.02717	288.334	0
0.000276813	0.01	0.2	4.31519	291.792	0
0.000276813	0.01	0.2	4.62381	296.508	0
0.000276813	0.01	0.2	4.9545	299.46	0
0.000276813	0.01	0.2	5.30884	298.975	0
0.000276813	0.01	0.2	5.68853	295.829	0
0.000276813	0.01	0.2	6.09537	292.391	0
0.000276813	0.01	0.2	6.53131	290.926	0
0.000276813	0.01	0.2	6.99842	292.787	0
0.000276813	0.01	0.2	7.49894	296.659	0
0.000276813	0.01	0.2	8.03526	298.469	0
0.000276813	0.01	0.2	8.60994	297.303	0
0.000276813	0.01	0.2	9.22571	296.662	0
0.000276813	0.01	0.2	9.88553	298.941	0
0.000276813	0.01	0.2	10.5925	302.474	0
0.000276813	0.01	0.2	11.3501	304.665	0
0.000276813	0.01	0.2	12.1619	306.227	0
0.000276813	0.01	0.2	13.0317	308.098	0
0.000276813	0.01	0.2	13.9637	307.408	0
0.000276813	0.01	0.2	14.9624	301.772	0
0.000276813	0.01	0.2	16.0325	294.522	0
0.000276813	0.01	0.2	17.1791	290.322	0
0.000276813	0.01	0.2	18.4077	290.212	0
0.000276813	0.01	0.2	19.7242	291.41	0
0.000276813	0.01	0.2	21.1349	293.296	0
0.000276813	0.01	0.2	22.6464	295.755	0
0.000276813	0.01	0.2	24.2661	295.375	0
0.000276813	0.01	0.2	26.0016	293.365	0
0.000276813	0.01	0.2	27.8612	291.7	0
0.000276813	0.01	0.2	29.8538	291.612	0
0.000276813	0.01	0.2	31.989	294.689	0
0.000276813	0.01	0.2	34.2768	293.495	0
0.000276813	0.01	0.2	36.7282	289.841	0
0.000276813	0.01	0.2	39.355	291.292	0
0.000276813	0.01	0.2	42.1697	290.96	0
0.000276813	0.01	0.2	45.1856	294.895	0
0.000276813	0.01	0.2	48.4172	294.694	0
0.000276813	0.01	0.2	51.88	289.403	0
0.000276813	0.01	0.2	55.5904	291.384	0
0.000276813	0.01	0.2	59.5662	291.204	0
0.000276813	0.01	0.2	63.8263	291.869	0
0.000276813	0.01	0.2	68.3912	290.424	0
0.000276813	0.01	0.2	73.2825	288.978	0
0.000276813	0.01	0.2	78.5236	289.568	0
0.000276813	0.01	0.2	84.1395	291.277	0
0.000276813	0.01	0.2	90.1571	289.994	0
0.000276813	0.01	0.2	96.6051	289.02	0
0.000302439	0.01	0.2	0.103514	291.505	0
0.000302439	0.01	0.2	0.110917	291.486	0
0.000302439	0.01	0.2	0.11885	291.465	0
0.000302439	0.01	0.2	0.12735	291.441	0
0.000302439	0.01	0.2	0.136458	291.413	0
0.000302439	0.01	0.2	0.146218	291.382	0
0.000302439	0.01	0.2	0.156675	291.345	0
0.000302439	0.01	0.2	0.16788	291.304	0
0.000302439	0.01	0.2	0.179887	291.257	0
0.000302439	0.01	0.2	0.192752	291.204	0
0.000302439	0.01	0.2	0.206538	291.144	0
0.000302439	0.01	0.2	0.221309	291.075	0
0.000302439	0.01	0.2	0.237137	290.997	0
0.000302439	0.01	0.2	0.254097	290.91	0
0.000302439	0.01	0.2	0.27227	290.811	0
0.000302439	0.01	0.2	0.291743	290.7	0
0.000302439	0.01	0.2	0.312608	290.575	0
0.000302439	0.01	0.2	0.334965	290.437	0
0.000302439	0.01	0.2	0.358922	290.283	0
0.000302439	0.01	0.2	0.384592	290.112	0
0.000302439	0.01	0.2	0.412098	289.925	0
0.000302439	0.01	0.2	0.44157	289.72	0
0.000302439	0.01	0.2	0.473151	289.499	0
0.000302439	0.01	0.2	0.506991	289.261	0
0.000302439	0.01	0.2	0.54325	289.009	0
0.000302439	0.01	0.2	0.582103	288.744	0
0.000302439	0.01	0.2	0.623735	288.471	0
0.000302439	0.01	0.2	0.668344	288.193	0
0.000302439	0.01	0.2	0.716143	287.918	0
0.000302439	0.01	0.2	0.767361	287.654	0
0.000302439	0.01	0.2	0.822243	287.41	0
0.000302439	0.01	0.2	0.881049	287.199	0
0.000302439	0.01	0.2	0.944061	287.036	0
0.000302439	0.01	0.2	1.01158	286.939	0
0.000302439	0.01	0.2	1.08393	286.932	0
0.000302439	0.01	0.2	1.16145	287.043	0
0.000302439	0.01	0.2	1.24451	287.31	0
0.000302439	0.01	0.2	1.33352	287.784	0
0.000302439	0.01	0.2	1.42889	288.524	0
0.000302439	0.01	0.2	1.53109	289.604	0
0.000302439	0.01	0.2	1.64059	291.101	0
0.000302439	0.01	0.2	1.75792	293.083	0
0.000302439	0.01	0.2	1.88365	295.581	0
0.000302439	0.01	0.2	2.01837	298.553	0
0.000302439	0.01	0.2	2.16272	301.825	0
0.000302439	0.01	0.2	2.31739	305.032	0
0.000302439	0.01	0.2	2.48313	307.582	0
0.000302439	0.01	0.2	2.66073	308.69	0
0.000302439	0.01	0.2	2.85102	307.579	0
0.000302439	0.01	0.2	3.05492	303.88	0
0.000302439	0.01	0.2	3.27341	298.15	0
0.000302439	0.01	0.2	3.50752	292.111	0
0.000302439	0.01	0.2	3.75837	288.15	0
0.000302439	0.01	0.2	4.02717	288.007	0
0.000302439	0.01	0.2	4.31519	291.456	0
0.000302439	0.01	0.2	4.62381	296.16	0
0.000302439	0.01	0.2	4.9545	299.1	0
0.000302439	0.01	0.2	5.30884	298.605	0
0.000302439	0.01	0.2	5.68853	295.452	0
0.000302439	0.01	0.2	6.09537	292.01	0
0.000302439	0.01	0.2	6.53131	290.544	0
0.000302439	0.01	0.2	6.99842	292.404	0
0.000302439	0.01	0.2	7.49894	296.278	0
0.000302439	0.01	0.2	8.03526	298.095	0
0.000302439	0.01	0.2	8.60994	296.938	0
0.000302439	0.01	0.2	9.22571	296.306	0
0.000302439	0.01	0.2	9.88553	298.593	0
0.000302439	0.01	0.2	10.5925	302.133	0
0.000302439	0.01	0.2	11.3501	304.334	0
0.000302439	0.01	0.2	12.1619	305.907	0
0.000302439	0.01	0.2	13.0317	307.788	0
0.000302439	0.01	0.2	13.9637	307.102	0
0.000302439	0.01	0.2	14.9624	301.464	0
0.000302439	0.01	0.2	16.0325	294.212	0
0.000302439	0.01	0.2	17.1791	290.008	0
0.000302439	0.01	0.2	18.4077	289.894	0
0.000302439	0.01	0.2	19.7242	291.09	0
0.000302439	0.01	0.2	21.1349	292.974	0
0.000302439	0.01	0.2	22.6464	295.435	0
0.000302439	0.01	0.2	24.2661	295.06	0
0.000302439	0.01	0.2	26.0016	293.057	0
0.000302439	0.01	0.2	27.8612	291.394	0
0.000302439	0.01	0.2	29.8538	291.302	0
0.000302439	0.01	0.2	31.989	294.372	0
0.000302439	0.01	0.2	34.2768	293.173	0
0.000302439	0.01	0.2	36.7282	289.514	0
0.000302439	0.01	0.2	39.355	290.962	0
0.000302439	0.01	0.2	42.1697	290.63	0
0.000302439	0.01	0.2	45.1856	294.569	0
0.000302439	0.01	0.2	48.4172	294.372	0
0.000302439	0.01	0.2	51.88	289.084	0
0.000302439	0.01	0.2	55.5904	291.066	0
0.000302439	0.01	0.2	59.5662	290.886	0
0.000302439	0.01	0.2	63.8263	291.549	0
0.000302439	0.01	0.2	68.3912	290.105	0
0.000302439	0.01	0.2	73.2825	288.66	0
0.000302439	0.01	0.2	78.5236	289.253	0
0.000302439	0.01	0.2	84.1395	290.961	0
0.000302439	0.01	0.2	90.1571	289.677	0
0.000302439	0.01	0.2	96.6051	288.703	0
0.000330437	0.01	0.2	0.103514	291.5	0
0.000330437	0.01	0.2	0.110917	291.481	0
0.000330437	0.01	0.2	0.11885	291.459	0
0.000330437	0.01	0.2	0.12735	291.434	0
0.000330437	0.01	0.2	0.136458	291.405	0
0.000330437	0.01	0.2	0.146218	291.372	0
0.000330437	0.01	0.2	0.156675	291.335	0
0.000330437	0.01	0.2	0.16788	291.292	0
0.000330437	0.01	0.2	0.179887	291.244	0
0.000330437	0.01	0.2	0.192752	291.188	0
0.000330437	0.01	0.2	0.206538	291.126	0
0.000330437	0.01	0.2	0.221309	291.054	0
0.000330437	0.01	0.2	0.237137	290.974	0
0.000330437	0.01	0.2	0.254097	290.883	0
0.000330437	0.01	0.2	0.27227	290.78	0
0.000330437	0.01	0.2	0.291743	290.665	0
0.000330437	0.01	0.2	0.312608	290.536	0
0.000330437	0.01	0.2	0.334965	290.392	0
0.000330437	0.01	0.2	0.358922	290.232	0
0.000330437	0.01	0.2	0.384592	290.055	0
0.000330437	0.01	0.2	0.412098	289.86	0
0.000330437	0.01	0.2	0.44157	289.648	0
0.000330437	0.01	0.2	0.473151	289.417	0
0.000330437	0.01	0.2	0.506991	289.17	0
0.000330437	0.01	0.2	0.54325	288.907	0
0.000330437	0.01	0.2	0.582103	288.631	0
0.000330437	0.01	0.2	0.623735	288.345	0
0.000330437	0.01	0.2	0.668344	288.055	0
0.000330437	0.01	0.2	0.716143	287.767	0
0.000330437	0.01	0.2	0.767361	287.489	0
0.000330437	0.01	0.2	0.822243	287.231	0
0.000330437	0.01	0.2	0.881049	287.005	0
0.000330437	0.01	0.2	0.944061	286.828	0
0.000330437	0.01	0.2	1.01158	286.716	0
0.000330437	0.01	0.2	1.08393	286.695	0
0.000330437	0.01	0.2	1.16145	286.792	0
0.000330437	0.01	0.2	1.24451	287.047	0
0.000330437	0.01	0.2	1.33352	287.509	0
0.000330437	0.01	0.2	1.42889	288.238	0
0.000330437	0.01	0.2	1.53109	289.309	0
0.000330437	0.01	0.2	1.64059	290.798	0
0.000330437	0.01	0.2	1.75792	292.773	0
0.000330437	0.01	0.2	1.88365	295.268	0
0.000330437	0.01	0.2	2.01837	298.237	0
0.000330437	0.01	0.2	2.16272	301.506	0
0.000330437	0.01	0.2	2.31739	304.712	0
0.000330437	0.01	0.2	2.48313	307.261	0
0.000330437	0.01	0.2	2.66073	308.369	0
0.000330437	0.01	0.2	2.85102	307.254	0
0.000330437	0.01	0.2	3.05492	303.552	0
0.000330437	0.01	0.2	3.27341	297.817	0
0.000330437	0.01	0.2	3.50752	291.771	0
0.000330437	0.01	0.2	3.75837	287.802	0
0.000330437	0.01	0.2	4.02717	287.65	0
0.000330437	0.01	0.2	4.31519	291.088	0
0.000330437	0.01	0.2	4.62381	295.78	0
0.000330437	0.01	0.2	4.9545	298.708	0
0.000330437	0.01	0.2	5.30884	298.201	0
0.000330437	0.01	0.2	5.68853	295.04	0
0.000330437	0.01	0.2	6.09537	291.595	0
0.000330437	0.01	0.2	6.53131	290.127	0
0.000330437	0.01	0.2	6.99842	291.986	0
0.000330437	0.01	0.2	7.49894	295.862	0
0.000330437	0.01	0.2	8.03526	297.687	0
0.000330437	0.01	0.2	8.60994	296.54	0
0.000330437	0.01	0.2	9.22571	295.918	0
0.000330437	0.01	0.2	9.88553	298.214	0
0.000330437	0.01	0.2	10.5925	301.76	0
0.000330437	0.01	0.2	11.3501	303.972	0
0.000330437	0.01	0.2	12.1619	305.558	0
0.000330437	0.01	0.2	13.0317	307.449	0
0.000330437	0.01	0.2	13.9637	306.767	0
0.000330437	0.01	0.2	14.9624	301.129	0
0.000330437	0.01	0.2	16.0325	293.873	0
0.000330437	0.01	0.2	17.1791	289.666	0
0.000330437	0.01	0.2	18.4077	289.548	0
0.000330437	0.01	0.2	19.7242	290.741	0
0.000330437	0.01	0.2	21.1349	292.622	0
0.000330437	0.01	0.2	22.6464	295.085	0
0.000330437	0.01	0.2	24.2661	294.717	0
0.000330437	0.01	0.2	26.0016	292.72	0
0.000330437	0.01	0.2	27.8612	291.06	0
0.000330437	0.01	0.2	29.8538	290.964	0
0.000330437	0.01	0.2	31.989	294.027	0
0.000330437	0.01	0.2	34.2768	292.821	0
0.000330437	0.01	0.2	36.7282	289.157	0
0.000330437	0.01	0.2	39.355	290.602	0
0.000330437	0.01	0.2	42.1697	290.27	0
0.000330437	0.01	0.2	45.1856	294.212	0
0.000330437	0.01	0.2	48.4172	294.02	0
0.000330437	0.01	0.2	51.88	288.736	0
0.000330437	0.01	0.2	55.5904	290.719	0
0.000330437	0.01	0.2	59.5662	290.538	0
0.000330437	0.01	0.2	63.8263	291.201	0
0.000330437	0.01	0.2	68.3912	289.757	0
0.000330437	0.01	0.2	73.2825	288.313	0
0.000330437	0.01	0.2	78.5236	288.909	0
0.000330437	0.01	0.2	84.1395	290.617	0
0.000330437	0.01	0.2	90.1571	289.331	0
0.000330437	0.01	0.2	96.6051	288.356	0
0.000361027	0.01	0.2	0.103514	291.495	0
0.000361027	0.01	0.2	0.110917	291.475	0
0.000361027	0.01	0.2	0.11885	291.452	0
0.000361027	0.01	0.2	0.12735	291.426	0
0.000361027	0.01	0.2	0.136458	291.396	0
0.000361027	0.01	0.2	0.146218	291.362	0
0.000361027	0.01	0.2	0.156675	291.323	0
0.000361027	0.01	0.2	0.16788	291.279	0
0.000361027	0.01	0.2	0.179887	291.228	0
0.000361027	0.01	0.2	0.192752	291.171	0
0.000361027	0.01	0.2	0.206538	291.106	0
0.000361027	0.01	0.2	0.221309	291.032	0
0.000361027	0.01	0.2	0.237137	290.948	0
0.000361027	0.01	0.2	0.254097	290.853	0
0.000361027	0.01	0.2	0.27227	290.747	0
0.000361027	0.01	0.2	0.291743	290.627	0
0.000361027	0.01	0.2	0.312608	290.493	0
0.000361027	0.01	0.2	0.334965	290.343	0
0.000361027	0.01	0.2	0.358922	290.176	0
0.000361027	0.01	0.2	0.384592	289.992	0
0.000361027	0.01	0.2	0.412098	289.789	0
0.000361027	0.01	0.2	0.44157	289.568	0
0.000361027	0.01	0.2	0.473151	289.328	0
0.000361027	0.01	0.2	0.506991	289.07	0
0.000361027	0.01	0.2	0.54325	288.796	0
0.000361027	0.01	0.2	0.582103	288.507	0
0.000361027	0.01	0.2	0.623735	288.209	0
0.000361027	0.01	0.2	0.668344	287.904	0
0.000361027	0.01	0.2	0.716143	287.602	0
0.000361027	0.01	0.2	0.767361	287.308	0
0.000361027	0.01	0.2	0.822243	287.035	0
0.000361027	0.01	0.2	0.881049	286.794	0
0.000361027	0.01	0.2	0.944061	286.6	0
0.000361027	0.01	0.2	1.01158	286.473	0
0.000361027	0.01	0.2	1.08393	286.436	0
0.000361027	0.01	0.2	1.16145	286.519	0
0.000361027	0.01	0.2	1.24451	286.76	0
0.000361027	0.01	0.2	1.33352	287.208	0
0.000361027	0.01	0.2	1.42889	287.926	0
0.000361027	0.01	0.2	1.53109	288.986	0
0.000361027	0.01	0.2	1.64059	290.467	0
0.000361027	0.01	0.2	1.75792	292.436	0
0.000361027	0.01	0.2	1.88365	294.925	0
0.000361027	0.01	0.2	2.01837	297.891	0
0.000361027	0.01	0.2	2.16272	301.158	0
0.000361027	0.01	0.2	2.31739	304.363	0
0.000361027	0.01	0.2	2.48313	306.911	0
0.000361027	0.01	0.2	2.66073	308.017	0
0.000361027	0.01	0.2	2.85102	306.901	0
0.000361027	0.01	0.2	3.05492	303.194	0
0.000361027	0.01	0.2	3.27341	297.453	0
0.000361027	0.01	0.2	3.50752	291.4	0
0.000361027	0.01	0.2	3.75837	287.422	0
0.000361027	0.01	0.2	4.02717	287.26	0
0.000361027	0.01	0.2	4.31519	290.686	0
0.000361027	0.01	0.2	4.62381	295.366	0
0.000361027	0.01	0.2	4.9545	298.279	0
0.000361027	0.01	0.2	5.30884	297.76	0
0.000361027	0.01	0.2	5.68853	294.591	0
0.000361027	0.01	0.2	6.09537	291.142	0
0.000361027	0.01	0.2	6.53131	289.672	0
0.000361027	0.01	0.2	6.99842	291.529	0
0.000361027	0.01	0.2	7.49894	295.408	0
0.000361027	0.01	0.2	8.03526	297.241	0
0.000361027	0.01	0.2	8.60994	296.105	0
0.000361027	0.01	0.2	9.22571	295.494	0
0.000361027	0.01	0.2	9.88553	297.799	0
0.000361027	0.01	0.2	10.5925	301.354	0
0.000361027	0.01	0.2	11.3501	303.577	0
0.000361027	0.01	0.2	12.1619	305.177	0
0.000361027	0.01	0.2	13.0317	307.08	0
0.000361027	0.01	0.2	13.9637	306.402	0
0.000361027	0.01	0.2	14.9624	300.762	0
0.000361027	0.01	0.2	16.0325	293.504	0
0.000361027	0.01	0.2	17.1791	289.292	0
0.000361027	0.01	0.2	18.4077	289.169	0
0.000361027	0.01	0.2	19.7242	290.359	0
0.000361027	0.01	0.2	21.1349	292.237	0
0.000361027	0.01	0.2	22.6464	294.702	0
0.000361027	0.01	0.2	24.2661	294.341	0
0.000361027	0.01	0.2	26.0016	292.353	0
0.000361027	0.01	0.2	27.8612	290.695	0
0.000361027	0.01	0.2	29.8538	290.595	0
0.000361027	0.01	0.2	31.989	293.65	0
0.000361027	0.01	0.2	34.2768	292.437	0
0.000361027	0.01	0.2	36.7282	288.767	0
0.000361027	0.01	0.2	39.355	290.209	0
0.000361027	0.01	0.2	42.1697	289.877	0
0.000361027	0.01	0.2	45.1856	293.823	0
0.000361027	0.01	0.2	48.4172	293.635	0
0.000361027	0.01	0.2	51.88	288.356	0
0.000361027	0.01	0.2	55.5904	290.341	0
0.000361027	0.01	0.2	59.5662	290.159	0
0.000361027	0.01	0.2	63.8263	290.82	0
0.000361027	0.01	0.2	68.3912	289.377	0
0.000361027	0.01	0.2	73.2825	287.935	0
0.000361027	0.01	0.2	78.5236	288.533	0
0.000361027	0.01	0.2	84.1395	290.24	0
0.000361027	0.01	0.2	90.1571	288.953	0
0.000361027	0.01	0.2	96.6051	287.977	0
0.000394448	0.01	0.2	0.103514	291.489	0
0.000394448	0.01	0.2	0.110917	291.469	0
0.000394448	0.01	0.2	0.11885	291.445	0
0.000394448	0.01	0.2	0.12735	291.418	0
0.000394448	0.01	0.2	0.136458	291.387	0
0.000394448	0.01	0.2	0.146218	291.351	0
0.000394448	0.01	0.2	0.156675	291.311	0
0.000394448	0.01	0.2	0.16788	291.265	0
0.000394448	0.01	0.2	0.179887	291.212	0
0.000394448	0.01	0.2	0.192752	291.152	0
0.000394448	0.01	0.2	0.206538	291.084	0
0.000394448	0.01	0.2	0.221309	291.007	0
0.000394448	0.01	0.2	0.237137	290.92	0
0.000394448	0.01	0.2	0.254097	290.821	0
0.000394448	0.01	0.2	0.27227	290.71	0
0.000394448	0.01	0.2	0.291743	290.585	0
0.000394448	0.01	0.2	0.312608	290.445	0
0.000394448	0.01	0.2	0.334965	290.289	0
0.000394448	0.01	0.2	0.358922	290.116	0
0.000394448	0.01	0.2	0.384592	289.924	0
0.000394448	0.01	0.2	0.412098	289.712	0
0.000394448	0.01	0.2	0.44157	289.481	0
0.000394448	0.01	0.2	0.473151	289.231	0
0.000394448	0.01	0.2	0.506991	288.961	0
0.000394448	0.01	0.2	0.54325	288.674	0
0.000394448	0.01	0.2	0.582103	288.372	0
0.000394448	0.01	0.2	0.623735	288.059	0
0.000394448	0.01	0.2	0.668344	287.74	0
0.000394448	0.01	0.2	0.716143	287.421	0
0.000394448	0.01	0.2	0.767361	287.111	0
0.000394448	0.01	0.2	0.822243	286.821	0
0.000394448	0.01	0.2	0.881049	286.562	0
0.000394448	0.01	0.2	0.944061	286.352	0
0.000394448	0.01	0.2	1.01158	286.208	0
0.000394448	0.01	0.2	1.08393	286.154	0
0.000394448	0.01	0.2	1.16145	286.22	0
0.000394448	0.01	0.2	1.24451	286.446	0
0.000394448	0.01	0.2	1.33352	286.88	0
0.000394448	0.01	0.2	1.42889	287.585	0
0.000394448	0.01	0.2	1.53109	288.634	0
0.000394448	0.01	0.2	1.64059	290.105	0
0.000394448	0.01	0.2	1.75792	292.067	0
0.000394448	0.01	0.2	1.88365	294.551	0
0.000394448	0.01	0.2	2.01837	297.513	0
0.000394448	0.01	0.2	2.16272	300.778	0
0.000394448	0.01	0.2	2.31739	303.981	0
0.000394448	0.01	0.2	2.48313	306.528	0
0.000394448	0.01	0.2	2.66073	307.633	0
0.000394448	0.01	0.2	2.85102	306.514	0
0.000394448	0.01	0.2	3.05492	302.803	0
0.000394448	0.01	0.2	3.27341	297.055	0
0.000394448	0.01	0.2	3.50752	290.994	0
0.000394448	0.01	0.2	3.75837	287.007	0
0.000394448	0.01	0.2	4.02717	286.834	0
0.000394448	0.01	0.2	4.31519	290.248	0
0.000394448	0.01	0.2	4.62381	294.913	0
0.000394448	0.01	0.2	4.9545	297.811	0
0.000394448	0.01	0.2	5.30884	297.278	0
0.000394448	0.01	0.2	5.68853	294.1	0
0.000394448	0.01	0.2	6.09537	290.648	0
0.000394448	0.01	0.2	6.53131	289.175	0
0.000394448	0.01	0.2	6.99842	291.031	0
0.000394448	0.01	0.2	7.49894	294.912	0
0.000394448	0.01	0.2	8.03526	296.754	0
0.000394448	0.01	0.2	8.60994	295.63	0
0.000394448	0.01	0.2	9.22571	295.031	0
0.000394448	0.01	0.2	9.88553	297.347	0
0.000394448	0.01	0.2	10.5925	300.91	0
0.000394448	0.01	0.2	11.3501	303.146	0
0.000394448	0.01	0.2	12.1619	304.761	0
0.000394448	0.01	0.2	13.0317	306.676	0
0.000394448	0.01	0.2	13.9637	306.003	0
0.000394448	0.01	0.2	14.9624	300.362	0
0.000394448	0.01	0.2	16.0325	293.1	0
0.000394448	0.01	0.2	17.1791	288.883	0
0.000394448	0.01	0.2	18.4077	288.756	0
0.000394448	0.01	0.2	19.7242	289.943	0
0.000394448	0.01	0.2	21.1349	291.818	0
0.000394448	0.01	0.2	22.6464	294.285	0
0.000394448	0.01	0.2	24.2661	293.932	0
0.000394448	0.01	0.2	26.0016	291.952	0
0.000394448	0.01	0.2	27.8612	290.297	0
0.000394448	0.01	0.2	29.8538	290.192	0
0.000394448	0.01	0.2	31.989	293.238	0
0.000394448	0.01	0.2	34.2768	292.018	0
0.000394448	0.01	0.2	36.7282	288.342	0
0.000394448	0.01	0.2	39.355	289.78	0
0.000394448	0.01	0.2	42.1697	289.448	0
0.000394448	0.01	0.2	45.1856	293.397	0
0.000394448	0.01	0.2	48.4172	293.216	0
0.000394448	0.01	0.2	51.88	287.941	0
0.000394448	0.01	0.2	55.5904	289.927	0
0.000394448	0.01	0.2	59.5662	289.746	0
0.000394448	0.01	0.2	63.8263	290.405	0
0.000394448	0.01	0.2	68.3912	288.962	0
0.000394448	0.01	0.2	73.2825	287.521	0
0.000394448	0.01	0.2	78.5236	288.123	0
0.000394448	0.01	0.2	84.1395	289.829	0
0.000394448	0.01	0.2	90.1571	288.541	0
0.000394448	0.01	0.2	96.6051	287.563	0
0.000430964	0.01	0.2	0.103514	291.483	0
0.000430964	0.01	0.2	0.110917	291.462	0
0.000430964	0.01	0.2	0.11885	291.437	0
0.000430964	0.01	0.2	0.12735	291.409	0
0.000430964	0.01	0.2	0.136458	291.376	0
0.000430964	0.01	0.2	0.146218	291.339	0
0.000430964	0.01	0.2	0.156675	291.297	0
0.000430964	0.01	0.2	0.16788	291.249	0
0.000430964	0.01	0.2	0.179887	291.194	0
0.000430964	0.01	0.2	0.192752	291.131	0
0.000430964	0.01	0.2	0.206538	291.061	0
0.000430964	0.01	0.2	0.221309	290.98	0
0.000430964	0.01	0.2	0.237137	290.889	0
0.000430964	0.01	0.2	0.254097	290.786	0
0.000430964	0.01	0.2	0.27227	290.67	0
0.000430964	0.01	0.2	0.291743	290.54	0
0.000430964	0.01	0.2	0.312608	290.394	0
0.000430964	0.01	0.2	0.334965	290.231	0
0.000430964	0.01	0.2	0.358922	290.049	0
0.000430964	0.01	0.2	0.384592	289.849	0
0.000430964	0.01	0.2	0.412098	289.628	0
0.000430964	0.01	0.2	0.44157	289.386	0
0.000430964	0.01	0.2	0.473151	289.124	0
0.000430964	0.01	0.2	0.506991	288.842	0
0.000430964	0.01	0.2	0.54325	288.541	0
0.000430964	0.01	0.2	0.582103	288.225	0
0.000430964	0.01	0.2	0.623735	287.896	0
0.000430964	0.01	0.2	0.668344	287.56	0
0.000430964	0.01	0.2	0.716143	287.224	0
0.000430964	0.01	0.2	0.767361	286.896	0
0.000430964	0.01	0.2	0.822243	286.587	0
0.000430964	0.01	0.2	0.881049	286.31	0
0.000430964	0.01	0.2	0.944061	286.08	0
0.000430964	0.01	0.2	1.01158	285.917	0
0.000430964	0.01	0.2	1.08393	285.845	0
0.000430964	0.01	0.2	1.16145	285.894	0
0.000430964	0.01	0.2	1.24451	286.103	0
0.000430964	0.01	0.2	1.33352	286.521	0
0.000430964	0.01	0.2	1.42889	287.212	0
0.000430964	0.01	0.2	1.53109	288.249	0
0.000430964	0.01	0.2	1.64059	289.711	0
0.000430964	0.01	0.2	1.75792	291.665	0
0.000430964	0.01	0.2	1.88365	294.143	0
0.000430964	0.01	0.2	2.01837	297.101	0
0.000430964	0.01	0.2	2.16272	300.363	0
0.000430964	0.01	0.2	2.31739	303.565	0
0.000430964	0.01	0.2	2.48313	306.111	0
0.000430964	0.01	0.2	2.66073	307.214	0
0.000430964	0.01	0.2	2.85102	306.092	0
0.000430964	0.01	0.2	3.05492	302.376	0
0.000430964	0.01	0.2	3.27341	296.621	0
0.000430964	0.01	0.2	3.50752	290.552	0
0.000430964	0.01	0.2	3.75837	286.554	0
0.000430964	0.01	0.2	4.02717	286.369	0
0.000430964	0.01	0.2	4.31519	289.77	0
0.000430964	0.01	0.2	4.62381	294.419	0
0.000430964	0.01	0.2	4.9545	297.299	0
0.000430964	0.01	0.2	5.30884	296.752	0
0.000430964	0.01	0.2	5.68853	293.565	0
0.000430964	0.01	0.2	6.09537	290.108	0
0.000430964	0.01	0.2	6.53131	288.633	0
0.000430964	0.01	0.2	6.99842	290.487	0
0.000430964	0.01	0.2	7.49894	294.371	0
0.000430964	0.01	0.2	8.03526	296.223	0
0.000430964	0.01	0.2	8.60994	295.112	0
0.000430964	0.01	0.2	9.22571	294.525	0
0.000430964	0.01	0.2	9.88553	296.853	0
0.000430964	0.01	0.2	10.5925	300.426	0
0.000430964	0.01	0.2	11.3501	302.675	0
0.000430964	0.01	0.2	12.1619	304.306	0
0.000430964	0.01	0.2	13.0317	306.236	0
0.000430964	0.01	0.2	13.9637	305.568	0
0.000430964	0.01	0.2	14.9624	299.926	0
0.000430964	0.01	0.2	16.0325	292.66	0
0.000430964	0.01	0.2	17.1791	288.438	0
0.000430964	0.01	0.2	18.4077	288.305	0
0.000430964	0.01	0.2	19.7242	289.488	0
0.000430964	0.01	0.2	21.1349	291.36	0
0.000430964	0.01	0.2	22.6464	293.83	0
0.000430964	0.01	0.2	24.2661	293.485	0
0.000430964	0.01	0.2	26.0016	291.514	0
0.000430964	0.01	0.2	27.8612	289.863	0
0.000430964	0.01	0.2	29.8538	289.753	0
0.000430964	0.01	0.2	31.989	292.789	0
0.000430964	0.01	0.2	34.2768	291.561	0
0.000430964	0.01	0.2	36.7282	287.877	0
0.000430964	0.01	0.2	39.355	289.311	0
0.000430964	0.01	0.2	42.1697	288.98	0
0.000430964	0.01	0.2	45.1856	292.934	0
0.000430964	0.01	0.2	48.4172	292.758	0
0.000430964	0.01	0.2	51.88	287.488	0
0.000430964	0.01	0.2	55.5904	289.476	0
0.000430964	0.01	0.2	59.5662	289.294	0
0.000430964	0.01	0.2	63.8263	289.951	0
0.000430964	0.01	0.2	68.3912	288.509	0
0.000430964	0.01	0.2	73.2825	287.07	0
0.000430964	0.01	0.2	78.5236	287.675	0
0.000430964	0.01	0.2	84.1395	289.381	0
0.000430964	0.01	0.2	90.1571	288.09	0
0.000430964	0.01	0.2	96.6051	287.112	0
0.00047086	0.01	0.2	0.103514	291.477	0
0.00047086	0.01	0.2	0.110917	291.454	0
0.00047086	0.01	0.2	0.11885	291.428	0
0.00047086	0.01	0.2	0.12735	291.398	0
0.00047086	0.01	0.2	0.136458	291.365	0
0.00047086	0.01	0.2	0.146218	291.326	0
0.00047086	0.01	0.2	0.156675	291.282	0
0.00047086	0.01	0.2	0.16788	291.231	0
0.00047086	0.01	0.2	0.179887	291.174	0
0.00047086	0.01	0.2	0.192752	291.109	0
0.00047086	0.01	0.2	0.206538	291.035	0
0.00047086	0.01	0.2	0.221309	290.951	0
0.00047086	0.01	0.2	0.237137	290.856	0
0.00047086	0.01	0.2	0.254097	290.748	0
0.00047086	0.01	0.2	0.27227	290.627	0
0.00047086	0.01	0.2	0.291743	290.49	0
0.00047086	0.01	0.2	0.312608	290.338	0
0.00047086	0.01	0.2	0.334965	290.167	0
0.00047086	0.01	0.2	0.358922	289.977	0
0.00047086	0.01	0.2	0.384592	289.767	0
0.00047086	0.01	0.2	0.412098	289.536	0
0.00047086	0.01	0.2	0.44157	289.283	0
0.00047086	0.01	0.2	0.473151	289.008	0
0.00047086	0.01	0.2	0.506991	288.712	0
0.00047086	0.01	0.2	0.54325	288.396	0
0.00047086	0.01	0.2	0.582103	288.064	0
0.00047086	0.01	0.2	0.623735	287.718	0
0.00047086	0.01	0.2	0.668344	287.364	0
0.00047086	0.01	0.2	0.716143	287.009	0
0.00047086	0.01	0.2	0.767361	286.661	0
0.00047086	0.01	0.2	0.822243	286.332	0
0.00047086	0.01	0.2	0.881049	286.034	0
0.00047086	0.01	0.2	0.944061	285.784	0
0.00047086	0.01	0.2	1.01158	285.601	0
0.00047086	0.01	0.2	1.08393	285.509	0
0.00047086	0.01	0.2	1.16145	285.538	0
0.00047086	0.01	0.2	1.24451	285.729	0
0.00047086	0.01	0.2	1.33352	286.13	0
0.00047086	0.01	0.2	1.42889	286.806	0
0.00047086	0.01	0.2	1.53109	287.83	0
0.00047086	0.01	0.2	1.64059	289.28	0
0.00047086	0.01	0.2	1.75792	291.225	0
0.00047086	0.01	0.2	1.88365	293.698	0
0.00047086	0.01	0.2	2.01837	296.651	0
0.00047086	0.01	0.2	2.16272	299.911	0
0.00047086	0.01	0.2	2.31739	303.111	0
0.00047086	0.01	0.2	2.48313	305.655	0
0.00047086	0.01	0.2	2.66073	306.757	0
0.00047086	0.01	0.2	2.85102	305.632	0
0.00047086	0.01	0.2	3.05492	301.91	0
0.00047086	0.01	0.2	3.27341	296.148	0
0.00047086	0.01	0.2	3.50752	290.069	0
0.00047086	0.01	0.2	3.75837	286.06	0
0.00047086	0.01	0.2	4.02717	285.862	0
0.00047086	0.01	0.2	4.31519	289.247	0
0.00047086	0.01	0.2	4.62381	293.879	0
0.00047086	0.01	0.2	4.9545	296.741	0
0.00047086	0.01	0.2	5.30884	296.178	0
0.00047086	0.01	0.2	5.68853	292.98	0
0.00047086	0.01	0.2	6.09537	289.518	0
0.00047086	0.01	0.2	6.53131	288.041	0
0.00047086	0.01	0.2	6.99842	289.894	0
0.00047086	0.01	0.2	7.49894	293.781	0
0.00047086	0.01	0.2	8.03526	295.643	0
0.00047086	0.01	0.2	8.60994	294.546	0
0.00047086	0.01	0.2	9.22571	293.974	0
0.00047086	0.01	0.2	9.88553	296.314	0
0.00047086	0.01	0.2	10.5925	299.898	0
0.00047086	0.01	0.2	11.3501	302.161	0
0.00047086	0.01	0.2	12.1619	303.811	0
0.00047086	0.01	0.2	13.0317	305.755	0
0.00047086	0.01	0.2	13.9637	305.092	0
0.00047086	0.01	0.2	14.9624	299.449	0
0.00047086	0.01	0.2	16.0325	292.179	0
0.00047086	0.01	0.2	17.1791	287.951	0
0.00047086	0.01	0.2	18.4077	287.813	0
0.00047086	0.01	0.2	19.7242	288.992	0
0.00047086	0.01	0.2	21.1349	290.86	0
0.00047086	0.01	0.2	22.6464	293.333	0
0.00047086	0.01	0.2	24.2661	292.997	0
0.00047086	0.01	0.2	26.0016	291.036	0
0.00047086	0.01	0.2	27.8612	289.388	0
0.00047086	0.01	0.2	29.8538	289.273	0
0.00047086	0.01	0.2	31.989	292.299	0
0.00047086	0.01	0.2	34.2768	291.061	0
0.00047086	0.01	0.2	36.7282	287.371	0
0.00047086	0.01	0.2	39.355	288.8	0
0.00047086	0.01	0.2	42.1697	288.468	0
0.00047086	0.01	0.2	45.1856	292.427	0
0.00047086	0.01	0.2	48.4172	292.258	0
0.00047086	0.01	0.2	51.88	286.993	0
0.00047086	0.01	0.2	55.5904	288.984	0
0.00047086	0.01	0.2	59.5662	288.801	0
0.00047086	0.01	0.2	63.8263	289.456	0
0.00047086	0.01	0.2	68.3912	288.015	0
0.00047086	0.01	0.2	73.2825	286.577	0
0.00047086	0.01	0.2	78.5236	287.186	0
0.00047086	0.01	0.2	84.1395	288.891	0
0.00047086	0.01	0.2	90.1571	287.599	0
0.00047086	0.01	0.2	96.6051	286.619	0
0.00051445	0.01	0.2	0.103514	291.469	0
0.00051445	0.01	0.2	0.110917	291.446	0
0.00051445	0.01	0.2	0.11885	291.419	0
0.00051445	0.01	0.2	0.12735	291.388	0
0.00051445	0.01	0.2	0.136458	291.352	0
0.00051445	0.01	0.2	0.146218	291.312	0
0.00051445	0.01	0.2	0.156675	291.265	0
0.00051445	0.01	0.2	0.16788	291.213	0
0.00051445	0.01	0.2	0.179887	291.153	0
0.00051445	0.01	0.2	0.192752	291.084	0
0.00051445	0.01	0.2	0.206538	291.007	0
0.00051445	0.01	0.2	0.221309	290.919	0
0.00051445	0.01	0.2	0.237137	290.819	0
0.00051445	0.01	0.2	0.254097	290.706	0
0.00051445	0.01	0.2	0.27227	290.579	0
0.00051445	0.01	0.2	0.291743	290.436	0
0.00051445	0.01	0.2	0.312608	290.276	0
0.00051445	0.01	0.2	0.334965	290.097	0
0.00051445	0.01	0.2	0.358922	289.898	0
0.00051445	0.01	0.2	0.384592	289.678	0
0.00051445	0.01	0.2	0.412098	289.435	0
0.00051445	0.01	0.2	0.44157	289.169	0
0.00051445	0.01	0.2	0.473151	288.881	0
0.00051445	0.01	0.2	0.506991	288.57	0
0.00051445	0.01	0.2	0.54325	288.238	0
0.00051445	0.01	0.2	0.582103	287.888	0
0.00051445	0.01	0.2	0.623735	287.523	0
0.00051445	0.01	0.2	0.668344	287.149	0
0.00051445	0.01	0.2	0.716143	286.773	0
0.00051445	0.01	0.2	0.767361	286.404	0
0.00051445	0.01	0.2	0.822243	286.053	0
0.00051445	0.01	0.2	0.881049	285.733	0
0.00051445	0.01	0.2	0.944061	285.461	0
0.00051445	0.01	0.2	1.01158	285.255	0
0.00051445	0.01	0.2	1.08393	285.141	0
0.00051445	0.01	0.2	1.16145	285.15	0
0.00051445	0.01	0.2	1.24451	285.32	0
0.00051445	0.01	0.2	1.33352	285.703	0
0.00051445	0.01	0.2	1.42889	286.362	0
0.00051445	0.01	0.2	1.53109	287.372	0
0.00051445	0.01	0.2	1.64059	288.81	0
0.00051445	0.01	0.2	1.75792	290.746	0
0.00051445	0.01	0.2	1.88365	293.211	0
0.00051445	0.01	0.2	2.01837	296.16	0
0.00051445	0.01	0.2	2.16272	299.417	0
0.00051445	0.01	0.2	2.31739	302.615	0
0.00051445	0.01	0.2	2.48313	305.158	0
0.00051445	0.01	0.2	2.66073	306.258	0
0.00051445	0.01	0.2	2.85102	305.129	0
0.00051445	0.01	0.2	3.05492	301.402	0
0.00051445	0.01	0.2	3.27341	295.631	0
0.00051445	0.01	0.2	3.50752	289.542	0
0.00051445	0.01	0.2	3.75837	285.521	0
0.00051445	0.01	0.2	4.02717	285.308	0
0.00051445	0.01	0.2	4.31519	288.677	0
0.00051445	0.01	0.2	4.62381	293.29	0
0.00051445	0.01	0.2	4.9545	296.132	0
0.00051445	0.01	0.2	5.30884	295.552	0
0.00051445	0.01	0.2	5.68853	292.342	0
0.00051445	0.01	0.2	6.09537	288.875	0
0.00051445	0.01	0.2	6.53131	287.395	0
0.00051445	0.01	0.2	6.99842	289.246	0
0.00051445	0.01	0.2	7.49894	293.136	0
0.00051445	0.01	0.2	8.03526	295.011	0
0.00051445	0.01	0.2	8.60994	293.929	0
0.00051445	0.01	0.2	9.22571	293.372	0
0.00051445	0.01	0.2	9.88553	295.726	0
0.00051445	0.01	0.2	10.5925	299.321	0
0.00051445	0.01	0.2	11.3501	301.601	0
0.00051445	0.01	0.2	12.1619	303.269	0
0.00051445	0.01	0.2	13.0317	305.23	0
0.00051445	0.01	0.2	13.9637	304.574	0
0.00051445	0.01	0.2	14.9624	298.929	0
0.00051445	0.01	0.2	16.0325	291.654	0
0.00051445	0.01	0.2	17.1791	287.42	0
0.00051445	0.01	0.2	18.4077	287.275	0
0.00051445	0.01	0.2	19.7242	288.451	0
0.00051445	0.01	0.2	21.1349	290.314	0
0.00051445	0.01	0.2	22.6464	292.79	0
0.00051445	0.01	0.2	24.2661	292.464	0
0.00051445	0.01	0.2	26.0016	290.514	0
0.00051445	0.01	0.2	27.8612	288.87	0
0.00051445	0.01	0.2	29.8538	288.749	0
0.00051445	0.01	0.2	31.989	291.763	0
0.00051445	0.01	0.2	34.2768	290.516	0
0.00051445	0.01	0.2	36.7282	286.817	0
0.00051445	0.01	0.2	39.355	288.242	0
0.00051445	0.01	0.2	42.1697	287.911	0
0.00051445	0.01	0.2	45.1856	291.874	0
0.00051445	0.01	0.2	48.4172	291.713	0
0.00051445	0.01	0.2	51.88	286.454	0
0.00051445	0.01	0.2	55.5904	288.446	0
0.00051445	0.01	0.2	59.5662	288.262	0
0.00051445	0.01	0.2	63.8263	288.916	0
0.00051445	0.01	0.2	68.3912	287.476	0
0.00051445	0.01	0.2	73.2825	286.039	0
0.00051445	0.01	0.2	78.5236	286.652	0
0.00051445	0.01	0.2	84.1395	288.357	0
0.00051445	0.01	0.2	90.1571	287.063	0
0.00051445	0.01	0.2	96.6051	286.081	0
0.000562075	0.01	0.2	0.103514	291.461	0
0.000562075	0.01	0.2	0.110917	291.437	0
0.000562075	0.01	0.2	0.11885	291.408	0
0.000562075	0.01	0.2	0.12735	291.376	0
0.000562075	0.01	0.2	0.136458	291.338	0
0.000562075	0.01	0.2	0.146218	291.296	0
0.000562075	0.01	0.2	0.156675	291.247	0
0.000562075	0.01	0.2	0.16788	291.192	0
0.000562075	0.01	0.2	0.179887	291.129	0
0.000562075	0.01	0.2	0.192752	291.057	0
0.000562075	0.01	0.2	0.206538	290.976	0
0.000562075	0.01	0.2	0.221309	290.883	0
0.000562075	0.01	0.2	0.237137	290.779	0
0.000562075	0.01	0.2	0.254097	290.66	0
0.000562075	0.01	0.2	0.27227	290.527	0
0.000562075	0.01	0.2	0.291743	290.377	0
0.000562075	0.01	0.2	0.312608	290.209	0
0.000562075	0.01	0.2	0.334965	290.021	0
0.000562075	0.01	0.2	0.358922	289.812	0
0.000562075	0.01	0.2	0.384592	289.58	0
0.000562075	0.01	0.2	0.412098	289.325	0
0.000562075	0.01	0.2	0.44157	289.046	0
0.000562075	0.01	0.2	0.473151	288.742	0
0.000562075	0.01	0.2	0.506991	288.415	0
0.000562075	0.01	0.2	0.54325	288.065	0
0.000562075	0.01	0.2	0.582103	287.696	0
0.000562075	0.01	0.2	0.623735	287.311	0
0.000562075	0.01	0.2	0.668344	286.915	0
0.000562075	0.01	0.2	0.716143	286.517	0
0.000562075	0.01	0.2	0.767361	286.124	0
0.000562075	0.01	0.2	0.822243	285.749	0
0.000562075	0.01	0.2	0.881049	285.404	0
0.000562075	0.01	0.2	0.944061	285.107	0
0.000562075	0.01	0.2	1.01158	284.878	0
0.000562075	0.01	0.2	1.08393	284.74	0
0.000562075	0.01	0.2	1.16145	284.725	0
0.000562075	0.01	0.2	1.24451	284.874	0
0.000562075	0.01	0.2	1.33352	285.237	0
0.000562075	0.01	0.2	1.42889	285.878	0
0.000562075	0.01	0.2	1.53109	286.871	0
0.000562075	0.01	0.2	1.64059	288.297	0
0.000562075	0.01	0.2	1.75792	290.223	0
0.000562075	0.01	0.2	1.88365	292.681	0
0.000562075	0.01	0.2	2.01837	295.624	0
0.000562075	0.01	0.2	2.16272	298.878	0
0.000562075	0.01	0.2	2.31739	302.073	0
0.000562075	0.01	0.2	2.48313	304.615	0
0.000562075	0.01	0.2	2.66073	305.713	0
0.000562075	0.01	0.2	2.85102	304.581	0
0.000562075	0.01	0.2	3.05492	300.847	0
0.000562075	0.01	0.2	3.27341	295.067	0
0.000562075	0.01	0.2	3.50752	288.966	0
0.000562075	0.01	0.2	3.75837	284.932	0
0.000562075	0.01	0.2	4.02717	284.704	0
0.000562075	0.01	0.2	4.31519	288.055	0
0.000562075	0.01	0.2	4.62381	292.647	0
0.000562075	0.01	0.2	4.9545	295.468	0
0.000562075	0.01	0.2	5.30884	294.868	0
0.000562075	0.01	0.2	5.68853	291.646	0
0.000562075	0.01	0.2	6.09537	288.173	0
0.000562075	0.01	0.2	6.53131	286.69	0
0.000562075	0.01	0.2	6.99842	288.539	0
0.000562075	0.01	0.2	7.49894	292.433	0
0.000562075	0.01	0.2	8.03526	294.32	0
0.000562075	0.01	0.2	8.60994	293.255	0
0.000562075	0.01	0.2	9.22571	292.715	0
0.000562075	0.01	0.2	9.88553	295.084	0
0.000562075	0.01	0.2	10.5925	298.691	0
0.000562075	0.01	0.2	11.3501	300.989	0
0.000562075	0.01	0.2	12.1619	302.679	0
0.000562075	0.01	0.2	13.0317	304.657	0
0.000562075	0.01	0.2	13.9637	304.008	0
0.000562075	0.01	0.2	14.9624	298.361	0
0.000562075	0.01	0.2	16.0325	291.082	0
0.000562075	0.01	0.2	17.1791	286.841	0
0.000562075	0.01	0.2	18.4077	286.689	0
0.000562075	0.01	0.2	19.7242	287.86	0
0.000562075	0.01	0.2	21.1349	289.719	0
0.000562075	0.01	0.2	22.6464	292.198	0
0.000562075	0.01	0.2	24.2661	291.883	0
0.000562075	0.01	0.2	26.0016	289.944	0
0.000562075	0.01	0.2	27.8612	288.305	0
0.000562075	0.01	0.2	29.8538	288.177	0
0.000562075	0.01	0.2	31.989	291.179	0
0.000562075	0.01	0.2	34.2768	289.921	0
0.000562075	0.01	0.2	36.7282	286.214	0
0.000562075	0.01	0.2	39.355	287.633	0
0.000562075	0.01	0.2	42.1697	287.302	0
0.000562075	0.01	0.2	45.1856	291.271	0
0.000562075	0.01	0.2	48.4172	291.118	0
0.000562075	0.01	0.2	51.88	285.865	0
0.000562075	0.01	0.2	55.5904	287.859	0
0.000562075	0.01	0.2	59.5662	287.675	0
0.000562075	0.01	0.2	63.8263	288.326	0
0.000562075	0.01	0.2	68.3912	286.887	0
0.000562075	0.01	0.2	73.2825	285.452	0
0.000562075	0.01	0.2	78.5236	286.07	0
0.000562075	0.01	0.2	84.1395	287.774	0
0.000562075	0.01	0.2	90.1571	286.477	0
0.000562075	0.01	0.2	96.6051	285.493	0
0.000614108	0.01	0.2	0.103514	291.453	0
0.000614108	0.01	0.2	0.110917	291.427	0
0.000614108	0.01	0.2	0.11885	291.397	0
0.000614108	0.01	0.2	0.12735	291.362	0
0.000614108	0.01	0.2	0.136458	291.323	0
0.000614108	0.01	0.2	0.146218	291.279	0
0.000614108	0.01	0.2	0.156675	291.228	0
0.000614108	0.01	0.2	0.16788	291.17	0
0.000614108	0.01	0.2	0.179887	291.103	0
0.000614108	0.01	0.2	0.192752	291.028	0
0.000614108	0.01	0.2	0.206538	290.942	0
0.000614108	0.01	0.2	0.221309	290.845	0
0.000614108	0.01	0.2	0.237137	290.735	0
0.000614108	0.01	0.2	0.254097	290.611	0
0.000614108	0.01	0.2	0.27227	290.47	0
0.000614108	0.01	0.2	0.291743	290.312	0
0.000614108	0.01	0.2	0.312608	290.135	0
0.000614108	0.01	0.2	0.334965	289.938	0
0.000614108	0.01	0.2	0.358922	289.718	0
0.000614108	0.01	0.2	0.384592	289.474	0
0.000614108	0.01	0.2	0.412098	289.205	0
0.000614108	0.01	0.2	0.44157	288.911	0
0.000614108	0.01	0.2	0.473151	288.591	0
0.000614108	0.01	0.2	0.506991	288.245	0
0.000614108	0.01	0.2	0.54325	287.876	0
0.000614108	0.01	0.2	0.582103	287.486	0
0.000614108	0.01	0.2	0.623735	287.079	0
0.000614108	0.01	0.2	0.668344	286.66	0
0.000614108	0.01	0.2	0.716143	286.236	0
0.000614108	0.01	0.2	0.767361	285.818	0
0.000614108	0.01	0.2	0.822243	285.417	0
0.000614108	0.01	0.2	0.881049	285.046	0
0.000614108	0.01	0.2	0.944061	284.722	0
0.000614108	0.01	0.2	1.01158	284.466	0
0.000614108	0.01	0.2	1.08393	284.302	0
0.000614108	0.01	0.2	1.16145	284.262	0
0.000614108	0.01	0.2	1.24451	284.387	0
0.000614108	0.01	0.2	1.33352	284.728	0
0.000614108	0.01	0.2	1.42889	285.349	0
0.000614108	0.01	0.2	1.53109	286.326	0
0.000614108	0.01	0.2	1.64059	287.737	0
0.000614108	0.01	0.2	1.75792	289.652	0
0.000614108	0.01	0.2	1.88365	292.101	0
0.000614108	0.01	0.2	2.01837	295.04	0
0.000614108	0.01	0.2	2.16272	298.289	0
0.000614108	0.01	0.2	2.31739	301.483	0
0.000614108	0.01	0.2	2.48313	304.023	0
0.000614108	0.01	0.2	2.66073	305.119	0
0.000614108	0.01	0.2	2.85102	303.983	0
0.000614108	0.01	0.2	3.05492	300.241	0
0.000614108	0.01	0.2	3.27341	294.451	0
0.000614108	0.01	0.2	3.50752	288.339	0
0.000614108	0.01	0.2	3.75837	284.29	0
0.000614108	0.01	0.2	4.02717	284.045	0
0.000614108	0.01	0.2	4.31519	287.376	0
0.000614108	0.01	0.2	4.62381	291.946	0
0.000614108	0.01	0.2	4.9545	294.743	0
0.000614108	0.01	0.2	5.30884	294.122	0
0.000614108	0.01	0.2	5.68853	290.887	0
0.000614108	0.01	0.2	6.09537	287.407	0
0.000614108	0.01	0.2	6.53131	285.92	0
0.000614108	0.01	0.2	6.99842	287.767	0
0.000614108	0.01	0.2	7.49894	291.666	0
0.000614108	0.01	0.2	8.03526	293.567	0
0.000614108	0.01	0.2	8.60994	292.521	0
0.000614108	0.01	0.2	9.22571	291.998	0
0.000614108	0.01	0.2	9.88553	294.383	0
0.000614108	0.01	0.2	10.5925	298.004	0
0.000614108	0.01	0.2	11.3501	300.321	0
0.000614108	0.01	0.2	12.1619	302.035	0
0.000614108	0.01	0.2	13.0317	304.032	0
0.000614108	0.01	0.2	13.9637	303.39	0
0.000614108	0.01	0.2	14.9624	297.742	0
0.000614108	0.01	0.2	16.0325	290.457	0
0.000614108	0.01	0.2	17.1791	286.209	0
0.000614108	0.01	0.2	18.4077	286.05	0
0.000614108	0.01	0.2	19.7242	287.215	0
0.000614108	0.01	0.2	21.1349	289.069	0
0.000614108	0.01	0.2	22.6464	291.553	0
0.000614108	0.01	0.2	24.2661	291.248	0
0.000614108	0.01	0.2	26.0016	289.323	0
0.000614108	0.01	0.2	27.8612	287.688	0
0.000614108	0.01	0.2	29.8538	287.553	0
0.000614108	0.01	0.2	31.989	290.541	0
0.000614108	0.01	0.2	34.2768	289.272	0
0.000614108	0.01	0.2	36.7282	285.555	0
0.000614108	0.01	0.2	39.355	286.969	0
0.000614108	0.01	0.2	42.1697	286.638	0
0.000614108	0.01	0.2	45.1856	290.613	0
0.000614108	0.01	0.2	48.4172	290.468	0
0.000614108	0.01	0.2	51.88	285.222	0
0.000614108	0.01	0.2	55.5904	287.219	0
0.000614108	0.01	0.2	59.5662	287.034	0
0.000614108	0.01	0.2	63.8263	287.683	0
0.000614108	0.01	0.2	68.3912	286.244	0
0.000614108	0.01	0.2	73.2825	284.812	0
0.000614108	0.01	0.2	78.5236	285.434	0
0.000614108	0.01	0.2	84.1395	287.137	0
0.000614108	0.01	0.2	90.1571	285.838	0
0.000614108	0.01	0.2	96.6051	284.853	0
0.000670959	0.01	0.2	0.103514	291.443	0
0.000670959	0.01	0.2	0.110917	291.416	0
0.000670959	0.01	0.2	0.11885	291.384	0
0.000670959	0.01	0.2	0.12735	291.348	0
0.000670959	0.01	0.2	0.136458	291.307	0
0.000670959	0.01	0.2	0.146218	291.26	0
0.000670959	0.01	0.2	0.156675	291.206	0
0.000670959	0.01	0.2	0.16788	291.145	0
0.000670959	0.01	0.2	0.179887	291.075	0
0.000670959	0.01	0.2	0.192752	290.996	0
0.000670959	0.01	0.2	0.206538	290.905	0
0.000670959	0.01	0.2	0.221309	290.803	0
0.000670959	0.01	0.2	0.237137	290.687	0
0.000670959	0.01	0.2	0.254097	290.556	0
0.000670959	0.01	0.2	0.27227	290.408	0
0.000670959	0.01	0.2	0.291743	290.242	0
0.000670959	0.01	0.2	0.312608	290.055	0
0.000670959	0.01	0.2	0.334965	289.847	0
0.000670959	0.01	0.2	0.358922	289.615	0
0.000670959	0.01	0.2	0.384592	289.357	0
0.000670959	0.01	0.2	0.412098	289.074	0
0.000670959	0.01	0.2	0.44157	288.763	0
0.000670959	0.01	0.2	0.473151	288.425	0
0.000670959	0.01	0.2	0.506991	288.06	0
0.000670959	0.01	0.2	0.54325	287.67	0
0.000670959	0.01	0.2	0.582103	287.257	0
0.000670959	0.01	0.2	0.623735	286.825	0
0.000670959	0.01	0.2	0.668344	286.38	0
0.000670959	0.01	0.2	0.716143	285.93	0
0.000670959	0.01	0.2	0.767361	285.484	0
0.000670959	0.01	0.2	0.822243	285.054	0
0.000670959	0.01	0.2	0.881049	284.654	0
0.000670959	0.01	0.2	0.944061	284.301	0
0.000670959	0.01	0.2	1.01158	284.016	0
0.000670959	0.01	0.2	1.08393	283.824	0
0.000670959	0.01	0.2	1.16145	283.757	0
0.000670959	0.01	0.2	1.24451	283.856	0
0.000670959	0.01	0.2	1.33352	284.173	0
0.000670959	0.01	0.2	1.42889	284.773	0
0.000670959	0.01	0.2	1.53109	285.73	0
0.000670959	0.01	0.2	1.64059	287.126	0
0.000670959	0.01	0.2	1.75792	289.029	0
0.000670959	0.01	0.2	1.88365	291.469	0
0.000670959	0.01	0.2	2.01837	294.402	0
0.000670959	0.01	0.2	2.16272	297.647	0
0.000670959	0.01	0.2	2.31739	300.838	0
0.000670959	0.01	0.2	2.48313	303.377	0
0.000670959	0.01	0.2	2.66073	304.47	0
0.000670959	0.01	0.2	2.85102	303.33	0
0.000670959	0.01	0.2	3.05492	299.581	0
0.000670959	0.01	0.2	3.27341	293.78	0
0.000670959	0.01	0.2	3.50752	287.654	0
0.000670959	0.01	0.2	3.75837	283.589	0
0.000670959	0.01	0.2	4.02717	283.326	0
0.000670959	0.01	0.2	4.31519	286.636	0
0.000670959	0.01	0.2	4.62381	291.181	0
0.000670959	0.01	0.2	4.9545	293.951	0
0.000670959	0.01	0.2	5.30884	293.308	0
0.000670959	0.01	0.2	5.68853	290.058	0
0.000670959	0.01	0.2	6.09537	286.571	0
0.000670959	0.01	0.2	6.53131	285.081	0
0.000670959	0.01	0.2	6.99842	286.926	0
0.000670959	0.01	0.2	7.49894	290.829	0
0.000670959	0.01	0.2	8.03526	292.746	0
0.000670959	0.01	0.2	8.60994	291.719	0
0.000670959	0.01	0.2	9.22571	291.216	0
0.000670959	0.01	0.2	9.88553	293.619	0
0.000670959	0.01	0.2	10.5925	297.255	0
0.000670959	0.01	0.2	11.3501	299.593	0
0.000670959	0.01	0.2	12.1619	301.332	0
0.000670959	0.01	0.2	13.0317	303.351	0
0.000670959	0.01	0.2	13.9637	302.716	0
0.000670959	0.01	0.2	14.9624	297.066	0
0.000670959	0.01	0.2	16.0325	289.776	0
0.000670959	0.01	0.2	17.1791	285.519	0
0.000670959	0.01	0.2	18.4077	285.352	0
0.000670959	0.01	0.2	19.7242	286.512	0
0.000670959	0.01	0.2	21.1349	288.36	0
0.000670959	0.01	0.2	22.6464	290.848	0
0.000670959	0.01	0.2	24.2661	290.556	0
0.000670959	0.01	0.2	26.0016	288.645	0
0.000670959	0.01	0.2	27.8612	287.015	0
0.000670959	0.01	0.2	29.8538	286.872	0
0.000670959	0.01	0.2	31.989	289.845	0
0.000670959	0.01	0.2	34.2768	288.564	0
0.000670959	0.01	0.2	36.7282	284.836	0
0.000670959	0.01	0.2	39.355	286.244	0
0.000670959	0.01	0.2	42.1697	285.913	0
0.000670959	0.01	0.2	45.1856	289.895	0
0.000670959	0.01	0.2	48.4172	289.76	0
0.000670959	0.01	0.2	51.88	284.521	0
0.000670959	0.01	0.2	55.5904	286.521	0
0.000670959	0.01	0.2	59.5662	286.334	0
0.000670959	0.01	0.2	63.8263	286.98	0
0.000670959	0.01	0.2	68.3912	285.543	0
0.000670959	0.01	0.2	73.2825	284.113	0
0.000670959	0.01	0.2	78.5236	284.741	0
0.000670959	0.01	0.2	84.1395	286.443	0
0.000670959	0.01	0.2	90.1571	285.141	0
0.000670959	0.01	0.2	96.6051	284.153	0
0.000733073	0.01	0.2	0.103514	291.433	0
0.000733073	0.01	0.2	0.110917	291.404	0
0.000733073	0.01	0.2	0.11885	291.371	0
0.000733073	0.01	0.2	0.12735	291.333	0
0.000733073	0.01	0.2	0.136458	291.289	0
0.000733073	0.01	0.2	0.146218	291.239	0
0.000733073	0.01	0.2	0.156675	291.183	0
0.000733073	0.01	0.2	0.16788	291.118	0
0.000733073	0.01	0.2	0.179887	291.044	0
0.000733073	0.01	0.2	0.192752	290.961	0
0.000733073	0.01	0.2	0.206538	290.865	0
0.000733073	0.01	0.2	0.221309	290.757	0
0.000733073	0.01	0.2	0.237137	290.635	0
0.000733073	0.01	0.2	0.254097	290.496	0
0.000733073	0.01	0.2	0.27227	290.34	0
0.000733073	0.01	0.2	0.291743	290.165	0
0.000733073	0.01	0.2	0.312608	289.968	0
0.000733073	0.01	0.2	0.334965	289.747	0
0.000733073	0.01	0.2	0.358922	289.502	0
0.000733073	0.01	0.2	0.384592	289.23	0
0.000733073	0.01	0.2	0.412098	288.931	0
0.000733073	0.01	0.2	0.44157	288.602	0
0.000733073	0.01	0.2	0.473151	288.244	0
0.000733073	0.01	0.2	0.506991	287.858	0
0.000733073	0.01	0.2	0.54325	287.445	0
0.000733073	0.01	0.2	0.582103	287.007	0
0.000733073	0.01	0.2	0.623735	286.548	0
0.000733073	0.01	0.2	0.668344	286.076	0
0.000733073	0.01	0.2	0.716143	285.596	0
0.000733073	0.01	0.2	0.767361	285.119	0
0.000733073	0.01	0.2	0.822243	284.658	0
0.000733073	0.01	0.2	0.881049	284.226	0
0.000733073	0.01	0.2	0.944061	283.842	0
0.000733073	0.01	0.2	1.01158	283.525	0
0.000733073	0.01	0.2	1.08393	283.302	0
0.000733073	0.01	0.2	1.16145	283.206	0
0.000733073	0.01	0.2	1.24451	283.276	0
0.000733073	0.01	0.2	1.33352	283.567	0
0.000733073	0.01	0.2	1.42889	284.143	0
0.000733073	0.01	0.2	1.53109	285.08	0
0.000733073	0.01	0.2	1.64059	286.459	0
0.000733073	0.01	0.2	1.75792	288.349	0
0.000733073	0.01	0.2	1.88365	290.78	0
0.000733073	0.01	0.2	2.01837	293.706	0
0.000733073	0.01	0.2	2.16272	296.947	0
0.000733073	0.01	0.2	2.31739	300.135	0
0.000733073	0.01	0.2	2.48313	302.672	0
0.000733073	0.01	0.2	2.66073	303.763	0
0.000733073	0.01	0.2	2.85102	302.617	0
0.000733073	0.01	0.2	3.05492	298.86	0
0.000733073	0.01	0.2	3.27341	293.047	0
0.000733073	0.01	0.2	3.50752	286.906	0
0.000733073	0.01	0.2	3.75837	282.824	0
0.000733073	0.01	0.2	4.02717	282.541	0
0.000733073	0.01	0.2	4.31519	285.828	0
0.000733073	0.01	0.2	4.62381	290.346	0
0.000733073	0.01	0.2	4.9545	293.088	0
0.000733073	0.01	0.2	5.30884	292.42	0
0.000733073	0.01	0.2	5.68853	289.153	0
0.000733073	0.01	0.2	6.09537	285.659	0
0.000733073	0.01	0.2	6.53131	284.165	0
0.000733073	0.01	0.2	6.99842	286.008	0
0.000733073	0.01	0.2	7.49894	289.917	0
0.000733073	0.01	0.2	8.03526	291.849	0
0.000733073	0.01	0.2	8.60994	290.845	0
0.000733073	0.01	0.2	9.22571	290.363	0
0.000733073	0.01	0.2	9.88553	292.786	0
0.000733073	0.01	0.2	10.5925	296.437	0
0.000733073	0.01	0.2	11.3501	298.798	0
0.000733073	0.01	0.2	12.1619	300.565	0
0.000733073	0.01	0.2	13.0317	302.607	0
0.000733073	0.01	0.2	13.9637	301.981	0
0.000733073	0.01	0.2	14.9624	296.329	0
0.000733073	0.01	0.2	16.0325	289.032	0
0.000733073	0.01	0.2	17.1791	284.767	0
0.000733073	0.01	0.2	18.4077	284.591	0
0.000733073	0.01	0.2	19.7242	285.745	0
0.000733073	0.01	0.2	21.1349	287.587	0
0.000733073	0.01	0.2	22.6464	290.079	0
0.000733073	0.01	0.2	24.2661	289.801	0
0.000733073	0.01	0.2	26.0016	287.905	0
0.000733073	0.01	0.2	27.8612	286.281	0
0.000733073	0.01	0.2	29.8538	286.129	0
0.000733073	0.01	0.2	31.989	289.086	0
0.000733073	0.01	0.2	34.2768	287.791	0
0.000733073	0.01	0.2	36.7282	284.052	0
0.000733073	0.01	0.2	39.355	285.453	0
0.000733073	0.01	0.2	42.1697	285.122	0
0.000733073	0.01	0.2	45.1856	289.112	0
0.000733073	0.01	0.2	48.4172	288.987	0
0.000733073	0.01	0.2	51.88	283.757	0
0.000733073	0.01	0.2	55.5904	285.759	0
0.000733073	0.01	0.2	59.5662	285.571	0
0.000733073	0.01	0.2	63.8263	286.214	0
0.000733073	0.01	0.2	68.3912	284.778	0
0.000733073	0.01	0.2	73.2825	283.35	0
0.000733073	0.01	0.2	78.5236	283.984	0
0.000733073	0.01	0.2	84.1395	285.685	0
0.000733073	0.01	0.2	90.1571	284.38	0
0.000733073	0.01	0.2	96.6051	283.391	0
0.000800936	0.01	0.2	0.103514	291.422	0
0.000800936	0.01	0.2	0.110917	291.391	0
0.000800936	0.01	0.2	0.11885	291.356	0
0.000800936	0.01	0.2	0.12735	291.315	0
0.000800936	0.01	0.2	0.136458	291.269	0
0.000800936	0.01	0.2	0.146218	291.217	0
0.000800936	0.01	0.2	0.156675	291.157	0
0.000800936	0.01	0.2	0.16788	291.089	0
0.000800936	0.01	0.2	0.179887	291.011	0
0.000800936	0.01	0.2	0.192752	290.922	0
0.000800936	0.01	0.2	0.206538	290.821	0
0.000800936	0.01	0.2	0.221309	290.707	0
0.000800936	0.01	0.2	0.237137	290.578	0
0.000800936	0.01	0.2	0.254097	290.431	0
0.000800936	0.01	0.2	0.27227	290.266	0
0.000800936	0.01	0.2	0.291743	290.08	0
0.000800936	0.01	0.2	0.312608	289.872	0
0.000800936	0.01	0.2	0.334965	289.639	0
0.000800936	0.01	0.2	0.358922	289.379	0
0.000800936	0.01	0.2	0.384592	289.091	0
0.000800936	0.01	0.2	0.412098	288.774	0
0.000800936	0.01	0.2	0.44157	288.426	0
0.000800936	0.01	0.2	0.473151	288.047	0
0.000800936	0.01	0.2	0.506991	287.637	0
0.000800936	0.01	0.2	0.54325	287.199	0
0.000800936	0.01	0.2	0.582103	286.733	0
0.000800936	0.01	0.2	0.623735	286.246	0
0.000800936	0.01	0.2	0.668344	285.743	0
0.000800936	0.01	0.2	0.716143	285.231	0
0.000800936	0.01	0.2	0.767361	284.721	0
0.000800936	0.01	0.2	0.822243	284.226	0
0.000800936	0.01	0.2	0.881049	283.76	0
0.000800936	0.01	0.2	0.944061	283.34	0
0.000800936	0.01	0.2	1.01158	282.989	0
0.000800936	0.01	0.2	1.08393	282.733	0
0.000800936	0.01	0.2	1.16145	282.604	0
0.000800936	0.01	0.2	1.24451	282.644	0
0.000800936	0.01	0.2	1.33352	282.906	0
0.000800936	0.01	0.2	1.42889	283.457	0
0.000800936	0.01	0.2	1.53109	284.371	0
0.000800936	0.01	0.2	1.64059	285.732	0
0.000800936	0.01	0.2	1.75792	287.607	0
0.000800936	0.01	0.2	1.88365	290.028	0
0.000800936	0.01	0.2	2.01837	292.946	0
0.000800936	0.01	0.2	2.16272	296.183	0
0.000800936	0.01	0.2	2.31739	299.368	0
0.000800936	0.01	0.2	2.48313	301.903	0
0.000800936	0.01	0.2	2.66073	302.991	0
0.000800936	0.01	0.2	2.85102	301.84	0
0.000800936	0.01	0.2	3.05492	298.074	0
0.000800936	0.01	0.2	3.27341	292.248	0
0.000800936	0.01	0.2	3.50752	286.091	0
0.000800936	0.01	0.2	3.75837	281.99	0
0.000800936	0.01	0.2	4.02717	281.685	0
0.000800936	0.01	0.2	4.31519	284.946	0
0.000800936	0.01	0.2	4.62381	289.436	0
0.000800936	0.01	0.2	4.9545	292.147	0
0.000800936	0.01	0.2	5.30884	291.452	0
0.000800936	0.01	0.2	5.68853	288.167	0
0.000800936	0.01	0.2	6.09537	284.665	0
0.000800936	0.01	0.2	6.53131	283.167	0
0.000800936	0.01	0.2	6.99842	285.007	0
0.000800936	0.01	0.2	7.49894	288.921	0
0.000800936	0.01	0.2	8.03526	290.872	0
0.000800936	0.01	0.2	8.60994	289.891	0
0.000800936	0.01	0.2	9.22571	289.433	0
0.000800936	0.01	0.2	9.88553	291.877	0
0.000800936	0.01	0.2	10.5925	295.546	0
0.000800936	0.01	0.2	11.3501	297.931	0
0.000800936	0.01	0.2	12.1619	299.728	0
0.000800936	0.01	0.2	13.0317	301.795	0
0.000800936	0.01	0.2	13.9637	301.179	0
0.000800936	0.01	0.2	14.9624	295.525	0
0.000800936	0.01	0.2	16.0325	288.221	0
0.000800936	0.01	0.2	17.1791	283.947	0
0.000800936	0.01	0.2	18.4077	283.76	0
0.000800936	0.01	0.2	19.7242	284.908	0
0.000800936	0.01	0.2	21.1349	286.743	0
0.000800936	0.01	0.2	22.6464	289.24	0
0.000800936	0.01	0.2	24.2661	288.977	0
0.000800936	0.01	0.2	26.0016	287.098	0
0.000800936	0.01	0.2	27.8612	285.48	0
0.000800936	0.01	0.2	29.8538	285.318	0
0.000800936	0.01	0.2	31.989	288.258	0
0.000800936	0.01	0.2	34.2768	286.948	0
0.000800936	0.01	0.2	36.7282	283.197	0
0.000800936	0.01	0.2	39.355	284.591	0
0.000800936	0.01	0.2	42.1697	284.26	0
0.000800936	0.01	0.2	45.1856	288.258	0
0.000800936	0.01	0.2	48.4172	288.144	0
0.000800936	0.01	0.2	51.88	282.923	0
0.000800936	0.01	0.2	55.5904	284.928	0
0.000800936	0.01	0.2	59.5662	284.739	0
0.000800936	0.01	0.2	63.8263	285.378	0
0.000800936	0.01	0.2	68.3912	283.944	0
0.000800936	0.01	0.2	73.2825	282.519	0
0.000800936	0.01	0.2	78.5236	283.159	0
0.000800936	0.01	0.2	84.1395	284.858	0
0.000800936	0.01	0.2	90.1571	283.551	0
0.000800936	0.01	0.2	96.6051	282.558	0
0.000875083	0.01	0.2	0.103514	291.409	0
0.000875083	0.01	0.2	0.110917	291.377	0
0.000875083	0.01	0.2	0.11885	291.339	0
0.000875083	0.01	0.2	0.12735	291.297	0
0.000875083	0.01	0.2	0.136458	291.248	0
0.000875083	0.01	0.2	0.146218	291.193	0
0.000875083	0.01	0.2	0.156675	291.129	0
0.000875083	0.01	0.2	0.16788	291.057	0
0.000875083	0.01	0.2	0.179887	290.974	0
0.000875083	0.01	0.2	0.192752	290.88	0
0.000875083	0.01	0.2	0.206538	290.774	0
0.000875083	0.01	0.2	0.221309	290.652	0
0.000875083	0.01	0.2	0.237137	290.515	0
0.000875083	0.01	0.2	0.254097	290.36	0
0.000875083	0.01	0.2	0.27227	290.185	0
0.000875083	0.01	0.2	0.291743	289.988	0
0.000875083	0.01	0.2	0.312608	289.767	0
0.000875083	0.01	0.2	0.334965	289.52	0
0.000875083	0.01	0.2	0.358922	289.245	0
0.000875083	0.01	0.2	0.384592	288.94	0
0.000875083	0.01	0.2	0.412098	288.603	0
0.000875083	0.01	0.2	0.44157	288.234	0
0.000875083	0.01	0.2	0.473151	287.831	0
0.000875083	0.01	0.2	0.506991	287.396	0
0.000875083	0.01	0.2	0.54325	286.93	0
0.000875083	0.01	0.2	0.582103	286.435	0
0.000875083	0.01	0.2	0.623735	285.916	0
0.000875083	0.01	0.2	0.668344	285.379	0
0.000875083	0.01	0.2	0.716143	284.833	0
0.000875083	0.01	0.2	0.767361	284.287	0
0.000875083	0.01	0.2	0.822243	283.754	0
0.000875083	0.01	0.2	0.881049	283.25	0
0.000875083	0.01	0.2	0.944061	282.793	0
0.000875083	0.01	0.2	1.01158	282.405	0
0.000875083	0.01	0.2	1.08393	282.112	0
0.000875083	0.01	0.2	1.16145	281.947	0
0.000875083	0.01	0.2	1.24451	281.954	0
0.000875083	0.01	0.2	1.33352	282.185	0
0.000875083	0.01	0.2	1.42889	282.708	0
0.000875083	0.01	0.2	1.53109	283.598	0
0.000875083	0.01	0.2	1.64059	284.939	0
0.000875083	0.01	0.2	1.75792	286.798	0
0.000875083	0.01	0.2	1.88365	289.208	0
0.000875083	0.01	0.2	2.01837	292.118	0
0.000875083	0.01	0.2	2.16272	295.349	0
0.000875083	0.01	0.2	2.31739	298.532	0
0.000875083	0.01	0.2	2.48313	301.064	0
0.000875083	0.01	0.2	2.66073	302.149	0
0.000875083	0.01	0.2	2.85102	300.993	0
0.000875083	0.01	0.2	3.05492	297.217	0
0.000875083	0.01	0.2	3.27341	291.377	0
0.000875083	0.01	0.2	3.50752	285.203	0
0.000875083	0.01	0.2	3.75837	281.081	0
0.000875083	0.01	0.2	4.02717	280.751	0
0.000875083	0.01	0.2	4.31519	283.985	0
0.000875083	0.01	0.2	4.62381	288.443	0
0.000875083	0.01	0.2	4.9545	291.12	0
0.000875083	0.01	0.2	5.30884	290.395	0
0.000875083	0.01	0.2	5.68853	287.092	0
0.000875083	0.01	0.2	6.09537	283.581	0
0.000875083	0.01	0.2	6.53131	282.077	0
0.000875083	0.01	0.2	6.99842	283.915	0
0.000875083	0.01	0.2	7.49894	287.836	0
0.000875083	0.01	0.2	8.03526	289.806	0
0.000875083	0.01	0.2	8.60994	288.851	0
0.000875083	0.01	0.2	9.22571	288.419	0
0.000875083	0.01	0.2	9.88553	290.886	0
0.000875083	0.01	0.2	10.5925	294.574	0
0.000875083	0.01	0.2	11.3501	296.986	0
0.000875083	0.01	0.2	12.1619	298.816	0
0.000875083	0.01	0.2	13.0317	300.911	0
0.000875083	0.01	0.2	13.9637	300.305	0
0.000875083	0.01	0.2	14.9624	294.648	0
0.000875083	0.01	0.2	16.0325	287.337	0
0.000875083	0.01	0.2	17.1791	283.052	0
0.000875083	0.01	0.2	18.4077	282.855	0
0.000875083	0.01	0.2	19.7242	283.996	0
0.000875083	0.01	0.2	21.1349	285.824	0
0.000875083	0.01	0.2	22.6464	288.325	0
0.000875083	0.01	0.2	24.2661	288.078	0
0.000875083	0.01	0.2	26.0016	286.217	0
0.000875083	0.01	0.2	27.8612	284.606	0
0.000875083	0.01	0.2	29.8538	284.434	0
0.000875083	0.01	0.2	31.989	287.355	0
0.000875083	0.01	0.2	34.2768	286.029	0
0.000875083	0.01	0.2	36.7282	282.265	0
0.000875083	0.01	0.2	39.355	283.65	0
0.000875083	0.01	0.2	42.1697	283.32	0
0.000875083	0.01	0.2	45.1856	287.326	0
0.000875083	0.01	0.2	48.4172	287.224	0
0.000875083	0.01	0.2	51.88	282.013	0
0.000875083	0.01	0.2	55.5904	284.021	0
0.000875083	0.01	0.2	59.5662	283.831	0
0.000875083	0.01	0.2	63.8263	284.467	0
0.000875083	0.01	0.2	68.3912	283.034	0
0.000875083	0.01	0.2	73.2825	281.611	0
0.000875083	0.01	0.2	78.5236	282.259	0
0.000875083	0.01	0.2	84.1395	283.957	0
0.000875083	0.01	0.2	90.1571	282.646	0
0.000875083	0.01	0.2	96.6051	281.651	0
0.000956093	0.01	0.2	0.103514	291.396	0
0.000956093	0.01	0.2	0.110917	291.361	0
0.000956093	0.01	0.2	0.11885	291.322	0
0.000956093	0.01	0.2	0.12735	291.276	0
0.000956093	0.01	0.2	0.136458	291.225	0
0.000956093	0.01	0.2	0.146218	291.166	0
0.000956093	0.01	0.2	0.156675	291.098	0
0.000956093	0.01	0.2	0.16788	291.022	0
0.000956093	0.01	0.2	0.179887	290.934	0
0.000956093	0.01	0.2	0.192752	290.834	0
0.000956093	0.01	0.2	0.206538	290.721	0
0.000956093	0.01	0.2	0.221309	290.593	0
0.000956093	0.01	0.2	0.237137	290.447	0
0.000956093	0.01	0.2	0.254097	290.282	0
0.000956093	0.01	0.2	0.27227	290.097	0
0.000956093	0.01	0.2	0.291743	289.888	0
0.000956093	0.01	0.2	0.312608	289.653	0
0.000956093	0.01	0.2	0.334965	289.391	0
0.000956093	0.01	0.2	0.358922	289.098	0
0.000956093	0.01	0.2	0.384592	288.774	0
0.000956093	0.01	0.2	0.412098	288.416	0
0.000956093	0.01	0.2	0.44157	288.024	0
0.000956093	0.01	0.2	0.473151	287.596	0
0.000956093	0.01	0.2	0.506991	287.133	0
0.000956093	0.01	0.2	0.54325	286.637	0
0.000956093	0.01	0.2	0.582103	286.109	0
0.000956093	0.01	0.2	0.623735	285.556	0
0.000956093	0.01	0.2	0.668344	284.983	0
0.000956093	0.01	0.2	0.716143	284.398	0
0.000956093	0.01	0.2	0.767361	283.812	0
0.000956093	0.01	0.2	0.822243	283.239	0
0.000956093	0.01	0.2	0.881049	282.694	0
0.000956093	0.01	0.2	0.944061	282.196	0
0.000956093	0.01	0.2	1.01158	281.767	0
0.000956093	0.01	0.2	1.08393	281.434	0
0.000956093	0.01	0.2	1.16145	281.231	0
0.000956093	0.01	0.2	1.24451	281.201	0
0.000956093	0.01	0.2	1.33352	281.399	0
0.000956093	0.01	0.2	1.42889	281.891	0
0.000956093	0.01	0.2	1.53109	282.755	0
0.000956093	0.01	0.2	1.64059	284.074	0
0.000956093	0.01	0.2	1.75792	285.916	0
0.000956093	0.01	0.2	1.88365	288.313	0
0.000956093	0.01	0.2	2.01837	291.215	0
0.000956093	0.01	0.2	2.16272	294.441	0
0.000956093	0.01	0.2	2.31739	297.62	0
0.000956093	0.01	0.2	2.48313	300.149	0
0.000956093	0.01	0.2	2.66073	301.232	0
0.000956093	0.01	0.2	2.85102	300.069	0
0.000956093	0.01	0.2	3.05492	296.282	0
0.000956093	0.01	0.2	3.27341	290.427	0
0.000956093	0.01	0.2	3.50752	284.234	0
0.000956093	0.01	0.2	3.75837	280.09	0
0.000956093	0.01	0.2	4.02717	279.734	0
0.000956093	0.01	0.2	4.31519	282.937	0
0.000956093	0.01	0.2	4.62381	287.36	0
0.000956093	0.01	0.2	4.9545	290	0
0.000956093	0.01	0.2	5.30884	289.244	0
0.000956093	0.01	0.2	5.68853	285.919	0
0.000956093	0.01	0.2	6.09537	282.398	0
0.000956093	0.01	0.2	6.53131	280.89	0
0.000956093	0.01	0.2	6.99842	282.725	0
0.000956093	0.01	0.2	7.49894	286.652	0
0.000956093	0.01	0.2	8.03526	288.645	0
0.000956093	0.01	0.2	8.60994	287.718	0
0.000956093	0.01	0.2	9.22571	287.314	0
0.000956093	0.01	0.2	9.88553	289.805	0
0.000956093	0.01	0.2	10.5925	293.514	0
0.000956093	0.01	0.2	11.3501	295.956	0
0.000956093	0.01	0.2	12.1619	297.821	0
0.000956093	0.01	0.2	13.0317	299.946	0
0.000956093	0.01	0.2	13.9637	299.351	0
0.000956093	0.01	0.2	14.9624	293.692	0
0.000956093	0.01	0.2	16.0325	286.372	0
0.000956093	0.01	0.2	17.1791	282.077	0
0.000956093	0.01	0.2	18.4077	281.868	0
0.000956093	0.01	0.2	19.7242	283.001	0
0.000956093	0.01	0.2	21.1349	284.821	0
0.000956093	0.01	0.2	22.6464	287.328	0
0.000956093	0.01	0.2	24.2661	287.098	0
0.000956093	0.01	0.2	26.0016	285.257	0
0.000956093	0.01	0.2	27.8612	283.653	0
0.000956093	0.01	0.2	29.8538	283.47	0
0.000956093	0.01	0.2	31.989	286.369	0
0.000956093	0.01	0.2	34.2768	285.026	0
0.000956093	0.01	0.2	36.7282	281.248	0
0.000956093	0.01	0.2	39.355	282.625	0
0.000956093	0.01	0.2	42.1697	282.295	0
0.000956093	0.01	0.2	45.1856	286.31	0
0.000956093	0.01	0.2	48.4172	286.222	0
0.000956093	0.01	0.2	51.88	281.021	0
0.000956093	0.01	0.2	55.5904	283.033	0
0.000956093	0.01	0.2	59.5662	282.841	0
0.000956093	0.01	0.2	63.8263	283.473	0
0.000956093	0.01	0.2	68.3912	282.041	0
0.000956093	0.01	0.2	73.2825	280.622	0
0.000956093	0.01	0.2	78.5236	281.277	0
0.000956093	0.01	0.2	84.1395	282.974	0
0.000956093	0.01	0.2	90.1571	281.659	0
0.000956093	0.01	0.2	96.6051	280.661	0
0.0010446	0.01	0.2	0.103514	291.381	0
0.0010446	0.01	0.2	0.110917	291.344	0
0.0010446	0.01	0.2	0.11885	291.302	0
0.0010446	0.01	0.2	0.12735	291.254	0
0.0010446	0.01	0.2	0.136458	291.199	0
0.0010446	0.01	0.2	0.146218	291.137	0
0.0010446	0.01	0.2	0.156675	291.065	0
0.0010446	0.01	0.2	0.16788	290.983	0
0.0010446	0.01	0.2	0.179887	290.89	0
0.0010446	0.01	0.2	0.192752	290.784	0
0.0010446	0.01	0.2	0.206538	290.664	0
0.0010446	0.01	0.2	0.221309	290.527	0
0.0010446	0.01	0.2	0.237137	290.373	0
0.0010446	0.01	0.2	0.254097	290.198	0
0.0010446	0.01	0.2	0.27227	290	0
0.0010446	0.01	0.2	0.291743	289.778	0
0.0010446	0.01	0.2	0.312608	289.528	0
0.0010446	0.01	0.2	0.334965	289.249	0
0.0010446	0.01	0.2	0.358922	288.938	0
0.0010446	0.01	0.2	0.384592	288.593	0
0.0010446	0.01	0.2	0.412098	288.212	0
0.0010446	0.01	0.2	0.44157	287.795	0
0.0010446	0.01	0.2	0.473151	287.339	0
0.0010446	0.01	0.2	0.506991	286.846	0
0.0010446	0.01	0.2	0.54325	286.316	0
0.0010446	0.01	0.2	0.582103	285.754	0
0.0010446	0.01	0.2	0.623735	285.163	0
0.0010446	0.01	0.2	0.668344	284.55	0
0.0010446	0.01	0.2	0.716143	283.923	0
0.0010446	0.01	0.2	0.767361	283.295	0
0.0010446	0.01	0.2	0.822243	282.677	0
0.0010446	0.01	0.2	0.881049	282.088	0
0.0010446	0.01	0.2	0.944061	281.544	0
0.0010446	0.01	0.2	1.01158	281.071	0
0.0010446	0.01	0.2	1.08393	280.694	0
0.0010446	0.01	0.2	1.16145	280.45	0
0.0010446	0.01	0.2	1.24451	280.38	0
0.0010446	0.01	0.2	1.33352	280.541	0
0.0010446	0.01	0.2	1.42889	281	0
0.0010446	0.01	0.2	1.53109	281.835	0
0.0010446	0.01	0.2	1.64059	283.13	0
0.0010446	0.01	0.2	1.75792	284.954	0
0.0010446	0.01	0.2	1.88365	287.338	0
0.0010446	0.01	0.2	2.01837	290.23	0
0.0010446	0.01	0.2	2.16272	293.45	0
0.0010446	0.01	0.2	2.31739	296.625	0
0.0010446	0.01	0.2	2.48313	299.152	0
0.0010446	0.01	0.2	2.66073	300.231	0
0.0010446	0.01	0.2	2.85102	299.061	0
0.0010446	0.01	0.2	3.05492	295.262	0
0.0010446	0.01	0.2	3.27341	289.391	0
0.0010446	0.01	0.2	3.50752	283.177	0
0.0010446	0.01	0.2	3.75837	279.008	0
0.0010446	0.01	0.2	4.02717	278.624	0
0.0010446	0.01	0.2	4.31519	281.794	0
0.0010446	0.01	0.2	4.62381	286.179	0
0.0010446	0.01	0.2	4.9545	288.779	0
0.0010446	0.01	0.2	5.30884	287.988	0
0.0010446	0.01	0.2	5.68853	284.64	0
0.0010446	0.01	0.2	6.09537	281.109	0
0.0010446	0.01	0.2	6.53131	279.596	0
0.0010446	0.01	0.2	6.99842	281.428	0
0.0010446	0.01	0.2	7.49894	285.362	0
0.0010446	0.01	0.2	8.03526	287.379	0
0.0010446	0.01	0.2	8.60994	286.482	0
0.0010446	0.01	0.2	9.22571	286.109	0
0.0010446	0.01	0.2	9.88553	288.628	0
0.0010446	0.01	0.2	10.5925	292.358	0
0.0010446	0.01	0.2	11.3501	294.832	0
0.0010446	0.01	0.2	12.1619	296.737	0
0.0010446	0.01	0.2	13.0317	298.894	0
0.0010446	0.01	0.2	13.9637	298.312	0
0.0010446	0.01	0.2	14.9624	292.65	0
0.0010446	0.01	0.2	16.0325	285.321	0
0.0010446	0.01	0.2	17.1791	281.013	0
0.0010446	0.01	0.2	18.4077	280.792	0
0.0010446	0.01	0.2	19.7242	281.917	0
0.0010446	0.01	0.2	21.1349	283.728	0
0.0010446	0.01	0.2	22.6464	286.241	0
0.0010446	0.01	0.2	24.2661	286.03	0
0.0010446	0.01	0.2	26.0016	284.21	0
0.0010446	0.01	0.2	27.8612	282.614	0
0.0010446	0.01	0.2	29.8538	282.419	0
0.0010446	0.01	0.2	31.989	285.295	0
0.0010446	0.01	0.2	34.2768	283.933	0
0.0010446	0.01	0.2	36.7282	280.139	0
0.0010446	0.01	0.2	39.355	281.507	0
0.0010446	0.01	0.2	42.1697	281.178	0
0.0010446	0.01	0.2	45.1856	285.203	0
0.0010446	0.01	0.2	48.4172	285.129	0
0.0010446	0.01	0.2	51.88	279.94	0
0.0010446	0.01	0.2	55.5904	281.956	0
0.0010446	0.01	0.2	59.5662	281.762	0
0.0010446	0.01	0.2	63.8263	282.389	0
0.0010446	0.01	0.2	68.3912	280.959	0
0.0010446	0.01	0.2	73.2825	279.543	0
0.0010446	0.01	0.2	78.5236	280.207	0
0.0010446	0.01	0.2	84.1395	281.902	0
0.0010446	0.01	0.2	90.1571	280.583	0
0.0010446	0.01	0.2	96.6051	279.582	0
0.00114131	0.01	0.2	0.103514	291.365	0
0.00114131	0.01	0.2	0.110917	291.326	0
0.00114131	0.01	0.2	0.11885	291.281	0
0.00114131	0.01	0.2	0.12735	291.23	0
0.00114131	0.01	0.2	0.136458	291.171	0
0.00114131	0.01	0.2	0.146218	291.105	0
0.00114131	0.01	0.2	0.156675	291.028	0
0.00114131	0.01	0.2	0.16788	290.942	0
0.00114131	0.01	0.2	0.179887	290.843	0
0.00114131	0.01	0.2	0.192752	290.73	0
0.00114131	0.01	0.2	0.206538	290.602	0
0.00114131	0.01	0.2	0.221309	290.456	0
0.00114131	0.01	0.2	0.237137	290.291	0
0.00114131	0.01	0.2	0.254097	290.105	0
0.00114131	0.01	0.2	0.27227	289.895	0
0.00114131	0.01	0.2	0.291743	289.658	0
0.00114131	0.01	0.2	0.312608	289.392	0
0.00114131	0.01	0.2	0.334965	289.095	0
0.00114131	0.01	0.2	0.358922	288.763	0
0.00114131	0.01	0.2	0.384592	288.396	0
0.00114131	0.01	0.2	0.412098	287.99	0
0.00114131	0.01	0.2	0.44157	287.544	0
0.00114131	0.01	0.2	0.473151	287.058	0
0.00114131	0.01	0.2	0.506991	286.532	0
0.00114131	0.01	0.2	0.54325	285.967	0
0.00114131	0.01	0.2	0.582103	285.366	0
0.00114131	0.01	0.2	0.623735	284.734	0
0.00114131	0.01	0.2	0.668344	284.077	0
0.00114131	0.01	0.2	0.716143	283.405	0
0.00114131	0.01	0.2	0.767361	282.73	0
0.00114131	0.01	0.2	0.822243	282.064	0
0.00114131	0.01	0.2	0.881049	281.426	0
0.00114131	0.01	0.2	0.944061	280.834	0
0.00114131	0.01	0.2	1.01158	280.312	0
0.00114131	0.01	0.2	1.08393	279.888	0
0.00114131	0.01	0.2	1.16145	279.598	0
0.00114131	0.01	0.2	1.24451	279.485	0
0.00114131	0.01	0.2	1.33352	279.606	0
0.00114131	0.01	0.2	1.42889	280.028	0
0.00114131	0.01	0.2	1.53109	280.833	0
0.00114131	0.01	0.2	1.64059	282.102	0
0.00114131	0.01	0.2	1.75792	283.906	0
0.00114131	0.01	0.2	1.88365	286.274	0
0.00114131	0.01	0.2	2.01837	289.157	0
0.00114131	0.01	0.2	2.16272	292.37	0
0.00114131	0.01	0.2	2.31739	295.541	0
0.00114131	0.01	0.2	2.48313	298.065	0
0.00114131	0.01	0.2	2.66073	299.14	0
0.00114131	0.01	0.2	2.85102	297.963	0
0.00114131	0.01	0.2	3.05492	294.151	0
0.00114131	0.01	0.2	3.27341	288.262	0
0.00114131	0.01	0.2	3.50752	282.025	0
0.00114131	0.01	0.2	3.75837	277.83	0
0.00114131	0.01	0.2	4.02717	277.414	0
0.00114131	0.01	0.2	4.31519	280.549	0
0.00114131	0.01	0.2	4.62381	284.892	0
0.00114131	0.01	0.2	4.9545	287.448	0
0.00114131	0.01	0.2	5.30884	286.619	0
0.00114131	0.01	0.2	5.68853	283.246	0
0.00114131	0.01	0.2	6.09537	279.704	0
0.00114131	0.01	0.2	6.53131	278.185	0
0.00114131	0.01	0.2	6.99842	280.014	0
0.00114131	0.01	0.2	7.49894	283.957	0
0.00114131	0.01	0.2	8.03526	285.999	0
0.00114131	0.01	0.2	8.60994	285.136	0
0.00114131	0.01	0.2	9.22571	284.796	0
0.00114131	0.01	0.2	9.88553	287.344	0
0.00114131	0.01	0.2	10.5925	291.099	0
0.00114131	0.01	0.2	11.3501	293.608	0
0.00114131	0.01	0.2	12.1619	295.555	0
0.00114131	0.01	0.2	13.0317	297.748	0
0.00114131	0.01	0.2	13.9637	297.179	0
0.00114131	0.01	0.2	14.9624	291.514	0
0.00114131	0.01	0.2	16.0325	284.176	0
0.00114131	0.01	0.2	17.1791	279.854	0
0.00114131	0.01	0.2	18.4077	279.62	0
0.00114131	0.01	0.2	19.7242	280.735	0
0.00114131	0.01	0.2	21.1349	282.536	0
0.00114131	0.01	0.2	22.6464	285.056	0
0.00114131	0.01	0.2	24.2661	284.865	0
0.00114131	0.01	0.2	26.0016	283.069	0
0.00114131	0.01	0.2	27.8612	281.481	0
0.00114131	0.01	0.2	29.8538	281.273	0
0.00114131	0.01	0.2	31.989	284.124	0
0.00114131	0.01	0.2	34.2768	282.741	0
0.00114131	0.01	0.2	36.7282	278.931	0
0.00114131	0.01	0.2	39.355	280.289	0
0.00114131	0.01	0.2	42.1697	279.96	0
0.00114131	0.01	0.2	45.1856	283.996	0
0.00114131	0.01	0.2	48.4172	283.938	0
0.00114131	0.01	0.2	51.88	278.762	0
0.00114131	0.01	0.2	55.5904	280.781	0
0.00114131	0.01	0.2	59.5662	280.585	0
0.00114131	0.01	0.2	63.8263	281.207	0
0.00114131	0.01	0.2	68.3912	279.78	0
0.00114131	0.01	0.2	73.2825	278.368	0
0.00114131	0.01	0.2	78.5236	279.04	0
0.00114131	0.01	0.2	84.1395	280.733	0
0.00114131	0.01	0.2	90.1571	279.41	0
0.00114131	0.01	0.2	96.6051	278.405	0
0.00124696	0.01	0.2	0.103514	291.347	0
0.00124696	0.01	0.2	0.110917	291.305	0
0.00124696	0.01	0.2	0.11885	291.258	0
0.00124696	0.01	0.2	0.12735	291.203	0
0.00124696	0.01	0.2	0.136458	291.141	0
0.00124696	0.01	0.2	0.146218	291.07	0
0.00124696	0.01	0.2	0.156675	290.989	0
0.00124696	0.01	0.2	0.16788	290.896	0
0.00124696	0.01	0.2	0.179887	290.79	0
0.00124696	0.01	0.2	0.192752	290.67	0
0.00124696	0.01	0.2	0.206538	290.533	0
0.00124696	0.01	0.2	0.221309	290.378	0
0.00124696	0.01	0.2	0.237137	290.203	0
0.00124696	0.01	0.2	0.254097	290.004	0
0.00124696	0.01	0.2	0.27227	289.779	0
0.00124696	0.01	0.2	0.291743	289.527	0
0.00124696	0.01	0.2	0.312608	289.243	0
0.00124696	0.01	0.2	0.334965	288.926	0
0.00124696	0.01	0.2	0.358922	288.572	0
0.00124696	0.01	0.2	0.384592	288.18	0
0.00124696	0.01	0.2	0.412098	287.747	0
0.00124696	0.01	0.2	0.44157	287.271	0
0.00124696	0.01	0.2	0.473151	286.752	0
0.00124696	0.01	0.2	0.506991	286.189	0
0.00124696	0.01	0.2	0.54325	285.585	0
0.00124696	0.01	0.2	0.582103	284.942	0
0.00124696	0.01	0.2	0.623735	284.265	0
0.00124696	0.01	0.2	0.668344	283.561	0
0.00124696	0.01	0.2	0.716143	282.84	0
0.00124696	0.01	0.2	0.767361	282.114	0
0.00124696	0.01	0.2	0.822243	281.396	0
0.00124696	0.01	0.2	0.881049	280.704	0
0.00124696	0.01	0.2	0.944061	280.059	0
0.00124696	0.01	0.2	1.01158	279.484	0
0.00124696	0.01	0.2	1.08393	279.009	0
0.00124696	0.01	0.2	1.16145	278.669	0
0.00124696	0.01	0.2	1.24451	278.509	0
0.00124696	0.01	0.2	1.33352	278.586	0
0.00124696	0.01	0.2	1.42889	278.97	0
0.00124696	0.01	0.2	1.53109	279.74	0
0.00124696	0.01	0.2	1.64059	280.981	0
0.00124696	0.01	0.2	1.75792	282.763	0
0.00124696	0.01	0.2	1.88365	285.116	0
0.00124696	0.01	0.2	2.01837	287.987	0
0.00124696	0.01	0.2	2.16272	291.193	0
0.00124696	0.01	0.2	2.31739	294.36	0
0.00124696	0.01	0.2	2.48313	296.88	0
0.00124696	0.01	0.2	2.66073	297.951	0
0.00124696	0.01	0.2	2.85102	296.766	0
0.00124696	0.01	0.2	3.05492	292.941	0
0.00124696	0.01	0.2	3.27341	287.031	0
0.00124696	0.01	0.2	3.50752	280.77	0
0.00124696	0.01	0.2	3.75837	276.546	0
0.00124696	0.01	0.2	4.02717	276.096	0
0.00124696	0.01	0.2	4.31519	279.192	0
0.00124696	0.01	0.2	4.62381	283.49	0
0.00124696	0.01	0.2	4.9545	285.998	0
0.00124696	0.01	0.2	5.30884	285.127	0
0.00124696	0.01	0.2	5.68853	281.727	0
0.00124696	0.01	0.2	6.09537	278.173	0
0.00124696	0.01	0.2	6.53131	276.647	0
0.00124696	0.01	0.2	6.99842	278.473	0
0.00124696	0.01	0.2	7.49894	282.425	0
0.00124696	0.01	0.2	8.03526	284.496	0
0.00124696	0.01	0.2	8.60994	283.67	0
0.00124696	0.01	0.2	9.22571	283.365	0
0.00124696	0.01	0.2	9.88553	285.945	0
0.00124696	0.01	0.2	10.5925	289.727	0
0.00124696	0.01	0.2	11.3501	292.273	0
0.00124696	0.01	0.2	12.1619	294.267	0
0.00124696	0.01	0.2	13.0317	296.498	0
0.00124696	0.01	0.2	13.9637	295.944	0
0.00124696	0.01	0.2	14.9624	290.276	0
0.00124696	0.01	0.2	16.0325	282.927	0
0.00124696	0.01	0.2	17.1791	278.592	0
0.00124696	0.01	0.2	18.4077	278.342	0
0.00124696	0.01	0.2	19.7242	279.448	0
0.00124696	0.01	0.2	21.1349	281.238	0
0.00124696	0.01	0.2	22.6464	283.764	0
0.00124696	0.01	0.2	24.2661	283.596	0
0.00124696	0.01	0.2	26.0016	281.825	0
0.00124696	0.01	0.2	27.8612	280.246	0
0.00124696	0.01	0.2	29.8538	280.023	0
0.00124696	0.01	0.2	31.989	282.848	0
0.00124696	0.01	0.2	34.2768	281.443	0
0.00124696	0.01	0.2	36.7282	277.614	0
0.00124696	0.01	0.2	39.355	278.961	0
0.00124696	0.01	0.2	42.1697	278.633	0
0.00124696	0.01	0.2	45.1856	282.681	0
0.00124696	0.01	0.2	48.4172	282.64	0
0.00124696	0.01	0.2	51.88	277.478	0
0.00124696	0.01	0.2	55.5904	279.502	0
0.00124696	0.01	0.2	59.5662	279.302	0
0.00124696	0.01	0.2	63.8263	279.919	0
0.00124696	0.01	0.2	68.3912	278.494	0
0.00124696	0.01	0.2	73.2825	277.086	0
0.00124696	0.01	0.2	78.5236	277.769	0
0.00124696	0.01	0.2	84.1395	279.46	0
0.00124696	0.01	0.2	90.1571	278.131	0
0.00124696	0.01	0.2	96.6051	277.123	0
0.0013624	0.01	0.2	0.103514	291.328	0
0.0013624	0.01	0.2	0.110917	291.283	0
0.0013624	0.01	0.2	0.11885	291.232	0
0.0013624	0.01	0.2	0.12735	291.174	0
0.0013624	0.01	0.2	0.136458	291.108	0
0.0013624	0.01	0.2	0.146218	291.032	0
0.0013624	0.01	0.2	0.156675	290.945	0
0.0013624	0.01	0.2	0.16788	290.846	0
0.0013624	0.01	0.2	0.179887	290.733	0
0.0013624	0.01	0.2	0.192752	290.605	0
0.0013624	0.01	0.2	0.206538	290.459	0
0.0013624	0.01	0.2	0.221309	290.293	0
0.0013624	0.01	0.2	0.237137	290.105	0
0.0013624	0.01	0.2	0.254097	289.893	0
0.0013624	0.01	0.2	0.27227	289.653	0
0.0013624	0.01	0.2	0.291743	289.384	0
0.0013624	0.01	0.2	0.312608	289.081	0
0.0013624	0.01	0.2	0.334965	288.742	0
0.0013624	0.01	0.2	0.358922	288.364	0
0.0013624	0.01	0.2	0.384592	287.944	0
0.0013624	0.01	0.2	0.412098	287.481	0
0.0013624	0.01	0.2	0.44157	286.972	0
0.0013624	0.01	0.2	0.473151	286.417	0
0.0013624	0.01	0.2	0.506991	285.815	0
0.0013624	0.01	0.2	0.54325	285.168	0
0.0013624	0.01	0.2	0.582103	284.479	0
0.0013624	0.01	0.2	0.623735	283.754	0
0.0013624	0.01	0.2	0.668344	282.999	0
0.0013624	0.01	0.2	0.716143	282.224	0
0.0013624	0.01	0.2	0.767361	281.441	0
0.0013624	0.01	0.2	0.822243	280.666	0
0.0013624	0.01	0.2	0.881049	279.916	0
0.0013624	0.01	0.2	0.944061	279.213	0
0.0013624	0.01	0.2	1.01158	278.581	0
0.0013624	0.01	0.2	1.08393	278.05	0
0.0013624	0.01	0.2	1.16145	277.656	0
0.0013624	0.01	0.2	1.24451	277.445	0
0.0013624	0.01	0.2	1.33352	277.475	0
0.0013624	0.01	0.2	1.42889	277.816	0
0.0013624	0.01	0.2	1.53109	278.549	0
0.0013624	0.01	0.2	1.64059	279.76	0
0.0013624	0.01	0.2	1.75792	281.518	0
0.0013624	0.01	0.2	1.88365	283.853	0
0.0013624	0.01	0.2	2.01837	286.712	0
0.0013624	0.01	0.2	2.16272	289.911	0
0.0013624	0.01	0.2	2.31739	293.072	0
0.0013624	0.01	0.2	2.48313	295.59	0
0.0013624	0.01	0.2	2.66073	296.656	0
0.0013624	0.01	0.2	2.85102	295.462	0
0.0013624	0.01	0.2	3.05492	291.621	0
0.0013624	0.01	0.2	3.27341	285.691	0
0.0013624	0.01	0.2	3.50752	279.403	0
0.0013624	0.01	0.2	3.75837	275.147	0
0.0013624	0.01	0.2	4.02717	274.661	0
0.0013624	0.01	0.2	4.31519	277.713	0
0.0013624	0.01	0.2	4.62381	281.962	0
0.0013624	0.01	0.2	4.9545	284.418	0
0.0013624	0.01	0.2	5.30884	283.502	0
0.0013624	0.01	0.2	5.68853	280.073	0
0.0013624	0.01	0.2	6.09537	276.505	0
0.0013624	0.01	0.2	6.53131	274.973	0
0.0013624	0.01	0.2	6.99842	276.795	0
0.0013624	0.01	0.2	7.49894	280.757	0
0.0013624	0.01	0.2	8.03526	282.859	0
0.0013624	0.01	0.2	8.60994	282.073	0
0.0013624	0.01	0.2	9.22571	281.807	0
0.0013624	0.01	0.2	9.88553	284.422	0
0.0013624	0.01	0.2	10.5925	288.232	0
0.0013624	0.01	0.2	11.3501	290.82	0
0.0013624	0.01	0.2	12.1619	292.864	0
0.0013624	0.01	0.2	13.0317	295.137	0
0.0013624	0.01	0.2	13.9637	294.6	0
0.0013624	0.01	0.2	14.9624	288.928	0
0.0013624	0.01	0.2	16.0325	281.567	0
0.0013624	0.01	0.2	17.1791	277.216	0
0.0013624	0.01	0.2	18.4077	276.95	0
0.0013624	0.01	0.2	19.7242	278.045	0
0.0013624	0.01	0.2	21.1349	279.824	0
0.0013624	0.01	0.2	22.6464	282.357	0
0.0013624	0.01	0.2	24.2661	282.213	0
0.0013624	0.01	0.2	26.0016	280.469	0
0.0013624	0.01	0.2	27.8612	278.9	0
0.0013624	0.01	0.2	29.8538	278.662	0
0.0013624	0.01	0.2	31.989	281.458	0
0.0013624	0.01	0.2	34.2768	280.028	0
0.0013624	0.01	0.2	36.7282	276.18	0
0.0013624	0.01	0.2	39.355	277.515	0
0.0013624	0.01	0.2	42.1697	277.188	0
0.0013624	0.01	0.2	45.1856	281.249	0
0.0013624	0.01	0.2	48.4172	281.226	0
0.0013624	0.01	0.2	51.88	276.079	0
0.0013624	0.01	0.2	55.5904	278.108	0
0.0013624	0.01	0.2	59.5662	277.905	0
0.0013624	0.01	0.2	63.8263	278.515	0
0.0013624	0.01	0.2	68.3912	277.093	0
0.0013624	0.01	0.2	73.2825	275.69	0
0.0013624	0.01	0.2	78.5236	276.383	0
0.0013624	0.01	0.2	84.1395	278.072	0
0.0013624	0.01	0.2	90.1571	276.738	0
0.0013624	0.01	0.2	96.6051	275.726	0
0.00148852	0.01	0.2	0.103514	291.307	0
0.00148852	0.01	0.2	0.110917	291.259	0
0.00148852	0.01	0.2	0.11885	291.205	0
0.00148852	0.01	0.2	0.12735	291.143	0
0.00148852	0.01	0.2	0.136458	291.071	0
0.00148852	0.01	0.2	0.146218	290.99	0
0.00148852	0.01	0.2	0.156675	290.897	0
0.00148852	0.01	0.2	0.16788	290.791	0
0.00148852	0.01	0.2	0.179887	290.671	0
0.00148852	0.01	0.2	0.192752	290.534	0
0.00148852	0.01	0.2	0.206538	290.377	0
0.00148852	0.01	0.2	0.221309	290.2	0
0.00148852	0.01	0.2	0.237137	289.999	0
0.00148852	0.01	0.2	0.254097	289.772	0
0.00148852	0.01	0.2	0.27227	289.516	0
0.00148852	0.01	0.2	0.291743	289.227	0
0.00148852	0.01	0.2	0.312608	288.903	0
0.00148852	0.01	0.2	0.334965	288.54	0
0.00148852	0.01	0.2	0.358922	288.136	0
0.00148852	0.01	0.2	0.384592	287.687	0
0.00148852	0.01	0.2	0.412098	287.191	0
0.00148852	0.01	0.2	0.44157	286.646	0
0.00148852	0.01	0.2	0.473151	286.052	0
0.00148852	0.01	0.2	0.506991	285.407	0
0.00148852	0.01	0.2	0.54325	284.713	0
0.00148852	0.01	0.2	0.582103	283.975	0
0.00148852	0.01	0.2	0.623735	283.196	0
0.00148852	0.01	0.2	0.668344	282.384	0
0.00148852	0.01	0.2	0.716143	281.551	0
0.00148852	0.01	0.2	0.767361	280.707	0
0.00148852	0.01	0.2	0.822243	279.87	0
0.00148852	0.01	0.2	0.881049	279.058	0
0.00148852	0.01	0.2	0.944061	278.291	0
0.00148852	0.01	0.2	1.01158	277.597	0
0.00148852	0.01	0.2	1.08393	277.005	0
0.00148852	0.01	0.2	1.16145	276.552	0
0.00148852	0.01	0.2	1.24451	276.286	0
0.00148852	0.01	0.2	1.33352	276.264	0
0.00148852	0.01	0.2	1.42889	276.558	0
0.00148852	0.01	0.2	1.53109	277.252	0
0.00148852	0.01	0.2	1.64059	278.429	0
0.00148852	0.01	0.2	1.75792	280.162	0
0.00148852	0.01	0.2	1.88365	282.478	0
0.00148852	0.01	0.2	2.01837	285.324	0
0.00148852	0.01	0.2	2.16272	288.514	0
0.00148852	0.01	0.2	2.31739	291.67	0
0.00148852	0.01	0.2	2.48313	294.184	0
0.00148852	0.01	0.2	2.66073	295.245	0
0.00148852	0.01	0.2	2.85102	294.042	0
0.00148852	0.01	0.2	3.05492	290.185	0
0.00148852	0.01	0.2	3.27341	284.23	0
0.00148852	0.01	0.2	3.50752	277.914	0
0.00148852	0.01	0.2	3.75837	273.624	0
0.00148852	0.01	0.2	4.02717	273.097	0
0.00148852	0.01	0.2	4.31519	276.102	0
0.00148852	0.01	0.2	4.62381	280.298	0
0.00148852	0.01	0.2	4.9545	282.697	0
0.00148852	0.01	0.2	5.30884	281.732	0
0.00148852	0.01	0.2	5.68853	278.27	0
0.00148852	0.01	0.2	6.09537	274.688	0
0.00148852	0.01	0.2	6.53131	273.149	0
0.00148852	0.01	0.2	6.99842	274.968	0
0.00148852	0.01	0.2	7.49894	278.941	0
0.00148852	0.01	0.2	8.03526	281.076	0
0.00148852	0.01	0.2	8.60994	280.334	0
0.00148852	0.01	0.2	9.22571	280.111	0
0.00148852	0.01	0.2	9.88553	282.763	0
0.00148852	0.01	0.2	10.5925	286.604	0
0.00148852	0.01	0.2	11.3501	289.237	0
0.00148852	0.01	0.2	12.1619	291.336	0
0.00148852	0.01	0.2	13.0317	293.655	0
0.00148852	0.01	0.2	13.9637	293.135	0
0.00148852	0.01	0.2	14.9624	287.459	0
0.00148852	0.01	0.2	16.0325	280.086	0
0.00148852	0.01	0.2	17.1791	275.718	0
0.00148852	0.01	0.2	18.4077	275.435	0
0.00148852	0.01	0.2	19.7242	276.518	0
0.00148852	0.01	0.2	21.1349	278.284	0
0.00148852	0.01	0.2	22.6464	280.824	0
0.00148852	0.01	0.2	24.2661	280.707	0
0.00148852	0.01	0.2	26.0016	278.993	0
0.00148852	0.01	0.2	27.8612	277.434	0
0.00148852	0.01	0.2	29.8538	277.179	0
0.00148852	0.01	0.2	31.989	279.943	0
0.00148852	0.01	0.2	34.2768	278.487	0
0.00148852	0.01	0.2	36.7282	274.618	0
0.00148852	0.01	0.2	39.355	275.941	0
0.00148852	0.01	0.2	42.1697	275.614	0
0.00148852	0.01	0.2	45.1856	279.689	0
0.00148852	0.01	0.2	48.4172	279.687	0
0.00148852	0.01	0.2	51.88	274.556	0
0.00148852	0.01	0.2	55.5904	276.589	0
0.00148852	0.01	0.2	59.5662	276.383	0
0.00148852	0.01	0.2	63.8263	276.986	0
0.00148852	0.01	0.2	68.3912	275.566	0
0.00148852	0.01	0.2	73.2825	274.169	0
0.00148852	0.01	0.2	78.5236	274.874	0
0.00148852	0.01	0.2	84.1395	276.56	0
0.00148852	0.01	0.2	90.1571	275.221	0
0.00148852	0.01	0.2	96.6051	274.203	0
0.00162632	0.01	0.2	0.103514	291.284	0
0.00162632	0.01	0.2	0.110917	291.233	0
0.00162632	0.01	0.2	0.11885	291.175	0
0.00162632	0.01	0.2	0.12735	291.108	0
0.00162632	0.01	0.2	0.136458	291.032	0
0.00162632	0.01	0.2	0.146218	290.945	0
0.00162632	0.01	0.2	0.156675	290.845	0
0.00162632	0.01	0.2	0.16788	290.732	0
0.00162632	0.01	0.2	0.179887	290.603	0
0.00162632	0.01	0.2	0.192752	290.456	0
0.00162632	0.01	0.2	0.206538	290.289	0
0.00162632	0.01	0.2	0.221309	290.099	0
0.00162632	0.01	0.2	0.237137	289.884	0
0.00162632	0.01	0.2	0.254097	289.64	0
0.00162632	0.01	0.2	0.27227	289.366	0
0.00162632	0.01	0.2	0.291743	289.056	0
0.00162632	0.01	0.2	0.312608	288.709	0
0.00162632	0.01	0.2	0.334965	288.321	0
0.00162632	0.01	0.2	0.358922	287.887	0
0.00162632	0.01	0.2	0.384592	287.406	0
0.00162632	0.01	0.2	0.412098	286.875	0
0.00162632	0.01	0.2	0.44157	286.291	0
0.00162632	0.01	0.2	0.473151	285.653	0
0.00162632	0.01	0.2	0.506991	284.961	0
0.00162632	0.01	0.2	0.54325	284.217	0
0.00162632	0.01	0.2	0.582103	283.424	0
0.00162632	0.01	0.2	0.623735	282.587	0
0.00162632	0.01	0.2	0.668344	281.714	0
0.00162632	0.01	0.2	0.716143	280.817	0
0.00162632	0.01	0.2	0.767361	279.907	0
0.00162632	0.01	0.2	0.822243	279.002	0
0.00162632	0.01	0.2	0.881049	278.121	0
0.00162632	0.01	0.2	0.944061	277.286	0
0.00162632	0.01	0.2	1.01158	276.524	0
0.00162632	0.01	0.2	1.08393	275.866	0
0.00162632	0.01	0.2	1.16145	275.349	0
0.00162632	0.01	0.2	1.24451	275.022	0
0.00162632	0.01	0.2	1.33352	274.945	0
0.00162632	0.01	0.2	1.42889	275.189	0
0.00162632	0.01	0.2	1.53109	275.838	0
0.00162632	0.01	0.2	1.64059	276.98	0
0.00162632	0.01	0.2	1.75792	278.684	0
0.00162632	0.01	0.2	1.88365	280.98	0
0.00162632	0.01	0.2	2.01837	283.812	0
0.00162632	0.01	0.2	2.16272	286.992	0
0.00162632	0.01	0.2	2.31739	290.143	0
0.00162632	0.01	0.2	2.48313	292.653	0
0.00162632	0.01	0.2	2.66073	293.708	0
0.00162632	0.01	0.2	2.85102	292.495	0
0.00162632	0.01	0.2	3.05492	288.62	0
0.00162632	0.01	0.2	3.27341	282.641	0
0.00162632	0.01	0.2	3.50752	276.293	0
0.00162632	0.01	0.2	3.75837	271.965	0
0.00162632	0.01	0.2	4.02717	271.394	0
0.00162632	0.01	0.2	4.31519	274.349	0
0.00162632	0.01	0.2	4.62381	278.486	0
0.00162632	0.01	0.2	4.9545	280.823	0
0.00162632	0.01	0.2	5.30884	279.804	0
0.00162632	0.01	0.2	5.68853	276.308	0
0.00162632	0.01	0.2	6.09537	272.71	0
0.00162632	0.01	0.2	6.53131	271.164	0
0.00162632	0.01	0.2	6.99842	272.979	0
0.00162632	0.01	0.2	7.49894	276.965	0
0.00162632	0.01	0.2	8.03526	279.136	0
0.00162632	0.01	0.2	8.60994	278.441	0
0.00162632	0.01	0.2	9.22571	278.264	0
0.00162632	0.01	0.2	9.88553	280.958	0
0.00162632	0.01	0.2	10.5925	284.832	0
0.00162632	0.01	0.2	11.3501	287.513	0
0.00162632	0.01	0.2	12.1619	289.672	0
0.00162632	0.01	0.2	13.0317	292.041	0
0.00162632	0.01	0.2	13.9637	291.54	0
0.00162632	0.01	0.2	14.9624	285.86	0
0.00162632	0.01	0.2	16.0325	278.474	0
0.00162632	0.01	0.2	17.1791	274.087	0
0.00162632	0.01	0.2	18.4077	273.785	0
0.00162632	0.01	0.2	19.7242	274.855	0
0.00162632	0.01	0.2	21.1349	276.607	0
0.00162632	0.01	0.2	22.6464	279.156	0
0.00162632	0.01	0.2	24.2661	279.066	0
0.00162632	0.01	0.2	26.0016	277.384	0
0.00162632	0.01	0.2	27.8612	275.838	0
0.00162632	0.01	0.2	29.8538	275.564	0
0.00162632	0.01	0.2	31.989	278.293	0
0.00162632	0.01	0.2	34.2768	276.809	0
0.00162632	0.01	0.2	36.7282	272.917	0
0.00162632	0.01	0.2	39.355	274.227	0
0.00162632	0.01	0.2	42.1697	273.9	0
0.00162632	0.01	0.2	45.1856	277.991	0
0.00162632	0.01	0.2	48.4172	278.011	0
0.00162632	0.01	0.2	51.88	272.898	0
0.00162632	0.01	0.2	55.5904	274.936	0
0.00162632	0.01	0.2	59.5662	274.726	0
0.00162632	0.01	0.2	63.8263	275.321	0
0.00162632	0.01	0.2	68.3912	273.904	0
0.00162632	0.01	0.2	73.2825	272.512	0
0.00162632	0.01	0.2	78.5236	273.23	0
0.00162632	0.01	0.2	84.1395	274.913	0
0.00162632	0.01	0.2	90.1571	273.568	0
0.00162632	0.01	0.2	96.6051	272.546	0
0.00177687	0.01	0.2	0.103514	291.259	0
0.00177687	0.01	0.2	0.110917	291.204	0
0.00177687	0.01	0.2	0.11885	291.142	0
0.00177687	0.01	0.2	0.12735	291.07	0
0.00177687	0.01	0.2	0.136458	290.988	0
0.00177687	0.01	0.2	0.146218	290.895	0
0.00177687	0.01	0.2	0.156675	290.788	0
0.00177687	0.01	0.2	0.16788	290.667	0
0.00177687	0.01	0.2	0.179887	290.528	0
0.00177687	0.01	0.2	0.192752	290.371	0
0.00177687	0.01	0.2	0.206538	290.191	0
0.00177687	0.01	0.2	0.221309	289.988	0
0.00177687	0.01	0.2	0.237137	289.757	0
0.00177687	0.01	0.2	0.254097	289.496	0
0.00177687	0.01	0.2	0.27227	289.202	0
0.00177687	0.01	0.2	0.291743	288.87	0
0.00177687	0.01	0.2	0.312608	288.497	0
0.00177687	0.01	0.2	0.334965	288.081	0
0.00177687	0.01	0.2	0.358922	287.616	0
0.00177687	0.01	0.2	0.384592	287.1	0
0.00177687	0.01	0.2	0.412098	286.529	0
0.00177687	0.01	0.2	0.44157	285.902	0
0.00177687	0.01	0.2	0.473151	285.217	0
0.00177687	0.01	0.2	0.506991	284.475	0
0.00177687	0.01	0.2	0.54325	283.675	0
0.00177687	0.01	0.2	0.582103	282.823	0
0.00177687	0.01	0.2	0.623735	281.923	0
0.00177687	0.01	0.2	0.668344	280.984	0
0.00177687	0.01	0.2	0.716143	280.016	0
0.00177687	0.01	0.2	0.767361	279.035	0
0.00177687	0.01	0.2	0.822243	278.056	0
0.00177687	0.01	0.2	0.881049	277.1	0
0.00177687	0.01	0.2	0.944061	276.191	0
0.00177687	0.01	0.2	1.01158	275.355	0
0.00177687	0.01	0.2	1.08393	274.624	0
0.00177687	0.01	0.2	1.16145	274.039	0
0.00177687	0.01	0.2	1.24451	273.646	0
0.00177687	0.01	0.2	1.33352	273.508	0
0.00177687	0.01	0.2	1.42889	273.697	0
0.00177687	0.01	0.2	1.53109	274.3	0
0.00177687	0.01	0.2	1.64059	275.402	0
0.00177687	0.01	0.2	1.75792	277.076	0
0.00177687	0.01	0.2	1.88365	279.349	0
0.00177687	0.01	0.2	2.01837	282.166	0
0.00177687	0.01	0.2	2.16272	285.336	0
0.00177687	0.01	0.2	2.31739	288.481	0
0.00177687	0.01	0.2	2.48313	290.986	0
0.00177687	0.01	0.2	2.66073	292.036	0
0.00177687	0.01	0.2	2.85102	290.811	0
0.00177687	0.01	0.2	3.05492	286.917	0
0.00177687	0.01	0.2	3.27341	280.91	0
0.00177687	0.01	0.2	3.50752	274.528	0
0.00177687	0.01	0.2	3.75837	270.16	0
0.00177687	0.01	0.2	4.02717	269.54	0
0.00177687	0.01	0.2	4.31519	272.44	0
0.00177687	0.01	0.2	4.62381	276.513	0
0.00177687	0.01	0.2	4.9545	278.783	0
0.00177687	0.01	0.2	5.30884	277.706	0
0.00177687	0.01	0.2	5.68853	274.172	0
0.00177687	0.01	0.2	6.09537	270.558	0
0.00177687	0.01	0.2	6.53131	269.003	0
0.00177687	0.01	0.2	6.99842	270.814	0
0.00177687	0.01	0.2	7.49894	274.814	0
0.00177687	0.01	0.2	8.03526	277.026	0
0.00177687	0.01	0.2	8.60994	276.382	0
0.00177687	0.01	0.2	9.22571	276.255	0
0.00177687	0.01	0.2	9.88553	278.993	0
0.00177687	0.01	0.2	10.5925	282.903	0
0.00177687	0.01	0.2	11.3501	285.638	0
0.00177687	0.01	0.2	12.1619	287.861	0
0.00177687	0.01	0.2	13.0317	290.284	0
0.00177687	0.01	0.2	13.9637	289.804	0
0.00177687	0.01	0.2	14.9624	284.12	0
0.00177687	0.01	0.2	16.0325	276.719	0
0.00177687	0.01	0.2	17.1791	272.313	0
0.00177687	0.01	0.2	18.4077	271.99	0
0.00177687	0.01	0.2	19.7242	273.046	0
0.00177687	0.01	0.2	21.1349	274.783	0
0.00177687	0.01	0.2	22.6464	277.339	0
0.00177687	0.01	0.2	24.2661	277.28	0
0.00177687	0.01	0.2	26.0016	275.633	0
0.00177687	0.01	0.2	27.8612	274.099	0
0.00177687	0.01	0.2	29.8538	273.805	0
0.00177687	0.01	0.2	31.989	276.496	0
0.00177687	0.01	0.2	34.2768	274.982	0
0.00177687	0.01	0.2	36.7282	271.065	0
0.00177687	0.01	0.2	39.355	272.361	0
0.00177687	0.01	0.2	42.1697	272.035	0
0.00177687	0.01	0.2	45.1856	276.142	0
0.00177687	0.01	0.2	48.4172	276.186	0
0.00177687	0.01	0.2	51.88	271.093	0
0.00177687	0.01	0.2	55.5904	273.137	0
0.00177687	0.01	0.2	59.5662	272.921	0
0.00177687	0.01	0.2	63.8263	273.508	0
0.00177687	0.01	0.2	68.3912	272.095	0
0.00177687	0.01	0.2	73.2825	270.709	0
0.00177687	0.01	0.2	78.5236	271.44	0
0.00177687	0.01	0.2	84.1395	273.121	0
0.00177687	0.01	0.2	90.1571	271.769	0
0.00177687	0.01	0.2	96.6051	270.741	0
0.00194137	0.01	0.2	0.103514	291.231	0
0.00194137	0.01	0.2	0.110917	291.173	0
0.00194137	0.01	0.2	0.11885	291.105	0
0.00194137	0.01	0.2	0.12735	291.029	0
0.00194137	0.01	0.2	0.136458	290.941	0
0.00194137	0.01	0.2	0.146218	290.841	0
0.00194137	0.01	0.2	0.156675	290.726	0
0.00194137	0.01	0.2	0.16788	290.596	0
0.00194137	0.01	0.2	0.179887	290.447	0
0.00194137	0.01	0.2	0.192752	290.278	0
0.00194137	0.01	0.2	0.206538	290.085	0
0.00194137	0.01	0.2	0.221309	289.867	0
0.00194137	0.01	0.2	0.237137	289.619	0
0.00194137	0.01	0.2	0.254097	289.339	0
0.00194137	0.01	0.2	0.27227	289.022	0
0.00194137	0.01	0.2	0.291743	288.666	0
0.00194137	0.01	0.2	0.312608	288.266	0
0.00194137	0.01	0.2	0.334965	287.819	0
0.00194137	0.01	0.2	0.358922	287.319	0
0.00194137	0.01	0.2	0.384592	286.765	0
0.00194137	0.01	0.2	0.412098	286.152	0
0.00194137	0.01	0.2	0.44157	285.478	0
0.00194137	0.01	0.2	0.473151	284.742	0
0.00194137	0.01	0.2	0.506991	283.944	0
0.00194137	0.01	0.2	0.54325	283.084	0
0.00194137	0.01	0.2	0.582103	282.167	0
0.00194137	0.01	0.2	0.623735	281.198	0
0.00194137	0.01	0.2	0.668344	280.186	0
0.00194137	0.01	0.2	0.716143	279.143	0
0.00194137	0.01	0.2	0.767361	278.083	0
0.00194137	0.01	0.2	0.822243	277.025	0
0.00194137	0.01	0.2	0.881049	275.988	0
0.00194137	0.01	0.2	0.944061	274.997	0
0.00194137	0.01	0.2	1.01158	274.081	0
0.00194137	0.01	0.2	1.08393	273.272	0
0.00194137	0.01	0.2	1.16145	272.611	0
0.00194137	0.01	0.2	1.24451	272.148	0
0.00194137	0.01	0.2	1.33352	271.943	0
0.00194137	0.01	0.2	1.42889	272.073	0
0.00194137	0.01	0.2	1.53109	272.625	0
0.00194137	0.01	0.2	1.64059	273.685	0
0.00194137	0.01	0.2	1.75792	275.326	0
0.00194137	0.01	0.2	1.88365	277.575	0
0.00194137	0.01	0.2	2.01837	280.374	0
0.00194137	0.01	0.2	2.16272	283.534	0
0.00194137	0.01	0.2	2.31739	286.672	0
0.00194137	0.01	0.2	2.48313	289.172	0
0.00194137	0.01	0.2	2.66073	290.216	0
0.00194137	0.01	0.2	2.85102	288.979	0
0.00194137	0.01	0.2	3.05492	285.064	0
0.00194137	0.01	0.2	3.27341	279.027	0
0.00194137	0.01	0.2	3.50752	272.608	0
0.00194137	0.01	0.2	3.75837	268.195	0
0.00194137	0.01	0.2	4.02717	267.524	0
0.00194137	0.01	0.2	4.31519	270.363	0
0.00194137	0.01	0.2	4.62381	274.366	0
0.00194137	0.01	0.2	4.9545	276.563	0
0.00194137	0.01	0.2	5.30884	275.423	0
0.00194137	0.01	0.2	5.68853	271.848	0
0.00194137	0.01	0.2	6.09537	268.216	0
0.00194137	0.01	0.2	6.53131	266.652	0
0.00194137	0.01	0.2	6.99842	268.46	0
0.00194137	0.01	0.2	7.49894	272.474	0
0.00194137	0.01	0.2	8.03526	274.73	0
0.00194137	0.01	0.2	8.60994	274.142	0
0.00194137	0.01	0.2	9.22571	274.07	0
0.00194137	0.01	0.2	9.88553	276.856	0
0.00194137	0.01	0.2	10.5925	280.805	0
0.00194137	0.01	0.2	11.3501	283.597	0
0.00194137	0.01	0.2	12.1619	285.891	0
0.00194137	0.01	0.2	13.0317	288.373	0
0.00194137	0.01	0.2	13.9637	287.916	0
0.00194137	0.01	0.2	14.9624	282.227	0
0.00194137	0.01	0.2	16.0325	274.81	0
0.00194137	0.01	0.2	17.1791	270.382	0
0.00194137	0.01	0.2	18.4077	270.038	0
0.00194137	0.01	0.2	19.7242	271.078	0
0.00194137	0.01	0.2	21.1349	272.798	0
0.00194137	0.01	0.2	22.6464	275.363	0
0.00194137	0.01	0.2	24.2661	275.337	0
0.00194137	0.01	0.2	26.0016	273.728	0
0.00194137	0.01	0.2	27.8612	272.207	0
0.00194137	0.01	0.2	29.8538	271.891	0
0.00194137	0.01	0.2	31.989	274.541	0
0.00194137	0.01	0.2	34.2768	272.993	0
0.00194137	0.01	0.2	36.7282	269.051	0
0.00194137	0.01	0.2	39.355	270.331	0
0.00194137	0.01	0.2	42.1697	270.007	0
0.00194137	0.01	0.2	45.1856	274.131	0
0.00194137	0.01	0.2	48.4172	274.201	0
0.00194137	0.01	0.2	51.88	269.129	0
0.00194137	0.01	0.2	55.5904	271.179	0
0.00194137	0.01	0.2	59.5662	270.958	0
0.00194137	0.01	0.2	63.8263	271.535	0
0.00194137	0.01	0.2	68.3912	270.125	0
0.00194137	0.01	0.2	73.2825	268.746	0
0.00194137	0.01	0.2	78.5236	269.493	0
0.00194137	0.01	0.2	84.1395	271.17	0
0.00194137	0.01	0.2	90.1571	269.81	0
0.00194137	0.01	0.2	96.6051	268.777	0
0.00212109	0.01	0.2	0.103514	291.201	0
0.00212109	0.01	0.2	0.110917	291.138	0
0.00212109	0.01	0.2	0.11885	291.066	0
0.00212109	0.01	0.2	0.12735	290.984	0
0.00212109	0.01	0.2	0.136458	290.889	0
0.00212109	0.01	0.2	0.146218	290.782	0
0.00212109	0.01	0.2	0.156675	290.659	0
0.00212109	0.01	0.2	0.16788	290.518	0
0.00212109	0.01	0.2	0.179887	290.358	0
0.00212109	0.01	0.2	0.192752	290.176	0
0.00212109	0.01	0.2	0.206538	289.969	0
0.00212109	0.01	0.2	0.221309	289.734	0
0.00212109	0.01	0.2	0.237137	289.468	0
0.00212109	0.01	0.2	0.254097	289.167	0
0.00212109	0.01	0.2	0.27227	288.827	0
0.00212109	0.01	0.2	0.291743	288.444	0
0.00212109	0.01	0.2	0.312608	288.014	0
0.00212109	0.01	0.2	0.334965	287.532	0
0.00212109	0.01	0.2	0.358922	286.996	0
0.00212109	0.01	0.2	0.384592	286.399	0
0.00212109	0.01	0.2	0.412098	285.74	0
0.00212109	0.01	0.2	0.44157	285.016	0
0.00212109	0.01	0.2	0.473151	284.224	0
0.00212109	0.01	0.2	0.506991	283.364	0
0.00212109	0.01	0.2	0.54325	282.439	0
0.00212109	0.01	0.2	0.582103	281.451	0
0.00212109	0.01	0.2	0.623735	280.408	0
0.00212109	0.01	0.2	0.668344	279.317	0
0.00212109	0.01	0.2	0.716143	278.191	0
0.00212109	0.01	0.2	0.767361	277.046	0
0.00212109	0.01	0.2	0.822243	275.9	0
0.00212109	0.01	0.2	0.881049	274.775	0
0.00212109	0.01	0.2	0.944061	273.697	0
0.00212109	0.01	0.2	1.01158	272.693	0
0.00212109	0.01	0.2	1.08393	271.8	0
0.00212109	0.01	0.2	1.16145	271.057	0
0.00212109	0.01	0.2	1.24451	270.516	0
0.00212109	0.01	0.2	1.33352	270.24	0
0.00212109	0.01	0.2	1.42889	270.306	0
0.00212109	0.01	0.2	1.53109	270.802	0
0.00212109	0.01	0.2	1.64059	271.816	0
0.00212109	0.01	0.2	1.75792	273.421	0
0.00212109	0.01	0.2	1.88365	275.644	0
0.00212109	0.01	0.2	2.01837	278.426	0
0.00212109	0.01	0.2	2.16272	281.574	0
0.00212109	0.01	0.2	2.31739	284.704	0
0.00212109	0.01	0.2	2.48313	287.199	0
0.00212109	0.01	0.2	2.66073	288.236	0
0.00212109	0.01	0.2	2.85102	286.986	0
0.00212109	0.01	0.2	3.05492	283.048	0
0.00212109	0.01	0.2	3.27341	276.979	0
0.00212109	0.01	0.2	3.50752	270.52	0
0.00212109	0.01	0.2	3.75837	266.059	0
0.00212109	0.01	0.2	4.02717	265.33	0
0.00212109	0.01	0.2	4.31519	268.103	0
0.00212109	0.01	0.2	4.62381	272.032	0
0.00212109	0.01	0.2	4.9545	274.148	0
0.00212109	0.01	0.2	5.30884	272.94	0
0.00212109	0.01	0.2	5.68853	269.32	0
0.00212109	0.01	0.2	6.09537	265.668	0
0.00212109	0.01	0.2	6.53131	264.096	0
0.00212109	0.01	0.2	6.99842	265.9	0
0.00212109	0.01	0.2	7.49894	269.931	0
0.00212109	0.01	0.2	8.03526	272.235	0
0.00212109	0.01	0.2	8.60994	271.708	0
0.00212109	0.01	0.2	9.22571	271.695	0
0.00212109	0.01	0.2	9.88553	274.532	0
0.00212109	0.01	0.2	10.5925	278.524	0
0.00212109	0.01	0.2	11.3501	281.378	0
0.00212109	0.01	0.2	12.1619	283.748	0
0.00212109	0.01	0.2	13.0317	286.294	0
0.00212109	0.01	0.2	13.9637	285.862	0
0.00212109	0.01	0.2	14.9624	280.168	0
0.00212109	0.01	0.2	16.0325	272.734	0
0.00212109	0.01	0.2	17.1791	268.283	0
0.00212109	0.01	0.2	18.4077	267.914	0
0.00212109	0.01	0.2	19.7242	268.938	0
0.00212109	0.01	0.2	21.1349	270.639	0
0.00212109	0.01	0.2	22.6464	273.214	0
0.00212109	0.01	0.2	24.2661	273.222	0
0.00212109	0.01	0.2	26.0016	271.654	0
0.00212109	0.01	0.2	27.8612	270.148	0
0.00212109	0.01	0.2	29.8538	269.808	0
0.00212109	0.01	0.2	31.989	272.414	0
0.00212109	0.01	0.2	34.2768	270.831	0
0.00212109	0.01	0.2	36.7282	266.86	0
0.00212109	0.01	0.2	39.355	268.124	0
0.00212109	0.01	0.2	42.1697	267.801	0
0.00212109	0.01	0.2	45.1856	271.945	0
0.00212109	0.01	0.2	48.4172	272.043	0
0.00212109	0.01	0.2	51.88	266.994	0
0.00212109	0.01	0.2	55.5904	269.05	0
0.00212109	0.01	0.2	59.5662	268.821	0
0.00212109	0.01	0.2	63.8263	269.388	0
0.00212109	0.01	0.2	68.3912	267.982	0
0.00212109	0.01	0.2	73.2825	266.611	0
0.00212109	0.01	0.2	78.5236	267.374	0
0.00212109	0.01	0.2	84.1395	269.047	0
0.00212109	0.01	0.2	90.1571	267.68	0
0.00212109	0.01	0.2	96.6051	266.64	0
0.00231745	0.01	0.2	0.103514	291.168	0
0.00231745	0.01	0.2	0.110917	291.101	0
0.00231745	0.01	0.2	0.11885	291.023	0
0.00231745	0.01	0.2	0.12735	290.934	0
0.00231745	0.01	0.2	0.136458	290.833	0
0.00231745	0.01	0.2	0.146218	290.717	0
0.00231745	0.01	0.2	0.156675	290.584	0
0.00231745	0.01	0.2	0.16788	290.433	0
0.00231745	0.01	0.2	0.179887	290.261	0
0.00231745	0.01	0.2	0.192752	290.065	0
0.00231745	0.01	0.2	0.206538	289.843	0
0.00231745	0.01	0.2	0.221309	289.59	0
0.00231745	0.01	0.2	0.237137	289.303	0
0.00231745	0.01	0.2	0.254097	288.979	0
0.00231745	0.01	0.2	0.27227	288.613	0
0.00231745	0.01	0.2	0.291743	288.201	0
0.00231745	0.01	0.2	0.312608	287.738	0
0.00231745	0.01	0.2	0.334965	287.22	0
0.00231745	0.01	0.2	0.358922	286.642	0
0.00231745	0.01	0.2	0.384592	286	0
0.00231745	0.01	0.2	0.412098	285.291	0
0.00231745	0.01	0.2	0.44157	284.51	0
0.00231745	0.01	0.2	0.473151	283.658	0
0.00231745	0.01	0.2	0.506991	282.732	0
0.00231745	0.01	0.2	0.54325	281.735	0
0.00231745	0.01	0.2	0.582103	280.671	0
0.00231745	0.01	0.2	0.623735	279.546	0
0.00231745	0.01	0.2	0.668344	278.369	0
0.00231745	0.01	0.2	0.716143	277.154	0
0.00231745	0.01	0.2	0.767361	275.916	0
0.00231745	0.01	0.2	0.822243	274.675	0
0.00231745	0.01	0.2	0.881049	273.455	0
0.00231745	0.01	0.2	0.944061	272.28	0
0.00231745	0.01	0.2	1.01158	271.182	0
0.00231745	0.01	0.2	1.08393	270.197	0
0.00231745	0.01	0.2	1.16145	269.365	0
0.00231745	0.01	0.2	1.24451	268.741	0
0.00231745	0.01	0.2	1.33352	268.387	0
0.00231745	0.01	0.2	1.42889	268.384	0
0.00231745	0.01	0.2	1.53109	268.819	0
0.00231745	0.01	0.2	1.64059	269.784	0
0.00231745	0.01	0.2	1.75792	271.35	0
0.00231745	0.01	0.2	1.88365	273.545	0
0.00231745	0.01	0.2	2.01837	276.307	0
0.00231745	0.01	0.2	2.16272	279.442	0
0.00231745	0.01	0.2	2.31739	282.564	0
0.00231745	0.01	0.2	2.48313	285.054	0
0.00231745	0.01	0.2	2.66073	286.083	0
0.00231745	0.01	0.2	2.85102	284.819	0
0.00231745	0.01	0.2	3.05492	280.857	0
0.00231745	0.01	0.2	3.27341	274.753	0
0.00231745	0.01	0.2	3.50752	268.25	0
0.00231745	0.01	0.2	3.75837	263.736	0
0.00231745	0.01	0.2	4.02717	262.946	0
0.00231745	0.01	0.2	4.31519	265.647	0
0.00231745	0.01	0.2	4.62381	269.493	0
0.00231745	0.01	0.2	4.9545	271.523	0
0.00231745	0.01	0.2	5.30884	270.24	0
0.00231745	0.01	0.2	5.68853	266.572	0
0.00231745	0.01	0.2	6.09537	262.899	0
0.00231745	0.01	0.2	6.53131	261.318	0
0.00231745	0.01	0.2	6.99842	263.117	0
0.00231745	0.01	0.2	7.49894	267.167	0
0.00231745	0.01	0.2	8.03526	269.524	0
0.00231745	0.01	0.2	8.60994	269.063	0
0.00231745	0.01	0.2	9.22571	269.114	0
0.00231745	0.01	0.2	9.88553	272.006	0
0.00231745	0.01	0.2	10.5925	276.045	0
0.00231745	0.01	0.2	11.3501	278.965	0
0.00231745	0.01	0.2	12.1619	281.418	0
0.00231745	0.01	0.2	13.0317	284.034	0
0.00231745	0.01	0.2	13.9637	283.629	0
0.00231745	0.01	0.2	14.9624	277.93	0
0.00231745	0.01	0.2	16.0325	270.478	0
0.00231745	0.01	0.2	17.1791	266.001	0
0.00231745	0.01	0.2	18.4077	265.607	0
0.00231745	0.01	0.2	19.7242	266.612	0
0.00231745	0.01	0.2	21.1349	268.292	0
0.00231745	0.01	0.2	22.6464	270.877	0
0.00231745	0.01	0.2	24.2661	270.923	0
0.00231745	0.01	0.2	26.0016	269.399	0
0.00231745	0.01	0.2	27.8612	267.909	0
0.00231745	0.01	0.2	29.8538	267.543	0
0.00231745	0.01	0.2	31.989	270.101	0
0.00231745	0.01	0.2	34.2768	268.479	0
0.00231745	0.01	0.2	36.7282	264.478	0
0.00231745	0.01	0.2	39.355	265.726	0
0.00231745	0.01	0.2	42.1697	265.404	0
0.00231745	0.01	0.2	45.1856	269.568	0
0.00231745	0.01	0.2	48.4172	269.697	0
0.00231745	0.01	0.2	51.88	264.673	0
0.00231745	0.01	0.2	55.5904	266.735	0
0.00231745	0.01	0.2	59.5662	266.499	0
0.00231745	0.01	0.2	63.8263	267.053	0
0.00231745	0.01	0.2	68.3912	265.652	0
0.00231745	0.01	0.2	73.2825	264.289	0
0.00231745	0.01	0.2	78.5236	265.069	0
0.00231745	0.01	0.2	84.1395	266.739	0
0.00231745	0.01	0.2	90.1571	265.363	0
0.00231745	0.01	0.2	96.6051	264.316	0
0.00253198	0.01	0.2	0.103514	291.133	0
0.00253198	0.01	0.2	0.110917	291.06	0
0.00253198	0.01	0.2	0.11885	290.976	0
0.00253198	0.01	0.2	0.12735	290.88	0
0.00253198	0.01	0.2	0.136458	290.771	0
0.00253198	0.01	0.2	0.146218	290.646	0
0.00253198	0.01	0.2	0.156675	290.503	0
0.00253198	0.01	0.2	0.16788	290.341	0
0.00253198	0.01	0.2	0.179887	290.155	0
0.00253198	0.01	0.2	0.192752	289.944	0
0.00253198	0.01	0.2	0.206538	289.705	0
0.00253198	0.01	0.2	0.221309	289.432	0
0.00253198	0.01	0.2	0.237137	289.123	0
0.00253198	0.01	0.2	0.254097	288.774	0
0.00253198	0.01	0.2	0.27227	288.38	0
0.00253198	0.01	0.2	0.291743	287.936	0
0.00253198	0.01	0.2	0.312608	287.437	0
0.00253198	0.01	0.2	0.334965	286.879	0
0.00253198	0.01	0.2	0.358922	286.256	0
0.00253198	0.01	0.2	0.384592	285.565	0
0.00253198	0.01	0.2	0.412098	284.8	0
0.00253198	0.01	0.2	0.44157	283.959	0
0.00253198	0.01	0.2	0.473151	283.04	0
0.00253198	0.01	0.2	0.506991	282.043	0
0.00253198	0.01	0.2	0.54325	280.968	0
0.00253198	0.01	0.2	0.582103	279.82	0
0.00253198	0.01	0.2	0.623735	278.606	0
0.00253198	0.01	0.2	0.668344	277.336	0
0.00253198	0.01	0.2	0.716143	276.023	0
0.00253198	0.01	0.2	0.767361	274.684	0
0.00253198	0.01	0.2	0.822243	273.341	0
0.00253198	0.01	0.2	0.881049	272.016	0
0.00253198	0.01	0.2	0.944061	270.738	0
0.00253198	0.01	0.2	1.01158	269.538	0
0.00253198	0.01	0.2	1.08393	268.452	0
0.00253198	0.01	0.2	1.16145	267.525	0
0.00253198	0.01	0.2	1.24451	266.809	0
0.00253198	0.01	0.2	1.33352	266.372	0
0.00253198	0.01	0.2	1.42889	266.293	0
0.00253198	0.01	0.2	1.53109	266.664	0
0.00253198	0.01	0.2	1.64059	267.575	0
0.00253198	0.01	0.2	1.75792	269.099	0
0.00253198	0.01	0.2	1.88365	271.263	0
0.00253198	0.01	0.2	2.01837	274.004	0
0.00253198	0.01	0.2	2.16272	277.125	0
0.00253198	0.01	0.2	2.31739	280.239	0
0.00253198	0.01	0.2	2.48313	282.722	0
0.00253198	0.01	0.2	2.66073	283.743	0
0.00253198	0.01	0.2	2.85102	282.464	0
0.00253198	0.01	0.2	3.05492	278.475	0
0.00253198	0.01	0.2	3.27341	272.333	0
0.00253198	0.01	0.2	3.50752	265.783	0
0.00253198	0.01	0.2	3.75837	261.213	0
0.00253198	0.01	0.2	4.02717	260.355	0
0.00253198	0.01	0.2	4.31519	262.978	0
0.00253198	0.01	0.2	4.62381	266.734	0
0.00253198	0.01	0.2	4.9545	268.67	0
0.00253198	0.01	0.2	5.30884	267.306	0
0.00253198	0.01	0.2	5.68853	263.586	0
0.00253198	0.01	0.2	6.09537	259.891	0
0.00253198	0.01	0.2	6.53131	258.299	0
0.00253198	0.01	0.2	6.99842	260.095	0
0.00253198	0.01	0.2	7.49894	264.166	0
0.00253198	0.01	0.2	8.03526	266.579	0
0.00253198	0.01	0.2	8.60994	266.191	0
0.00253198	0.01	0.2	9.22571	266.311	0
0.00253198	0.01	0.2	9.88553	269.264	0
0.00253198	0.01	0.2	10.5925	273.351	0
0.00253198	0.01	0.2	11.3501	276.344	0
0.00253198	0.01	0.2	12.1619	278.887	0
0.00253198	0.01	0.2	13.0317	281.578	0
0.00253198	0.01	0.2	13.9637	281.203	0
0.00253198	0.01	0.2	14.9624	275.498	0
0.00253198	0.01	0.2	16.0325	268.026	0
0.00253198	0.01	0.2	17.1791	263.523	0
0.00253198	0.01	0.2	18.4077	263.1	0
0.00253198	0.01	0.2	19.7242	264.085	0
0.00253198	0.01	0.2	21.1349	265.743	0
0.00253198	0.01	0.2	22.6464	268.337	0
0.00253198	0.01	0.2	24.2661	268.424	0
0.00253198	0.01	0.2	26.0016	266.947	0
0.00253198	0.01	0.2	27.8612	265.474	0
0.00253198	0.01	0.2	29.8538	265.08	0
0.00253198	0.01	0.2	31.989	267.587	0
0.00253198	0.01	0.2	34.2768	265.923	0
0.00253198	0.01	0.2	36.7282	261.89	0
0.00253198	0.01	0.2	39.355	263.12	0
0.00253198	0.01	0.2	42.1697	262.799	0
0.00253198	0.01	0.2	45.1856	266.986	0
0.00253198	0.01	0.2	48.4172	267.148	0
0.00253198	0.01	0.2	51.88	262.151	0
0.00253198	0.01	0.2	55.5904	264.22	0
0.00253198	0.01	0.2	59.5662	263.974	0
0.00253198	0.01	0.2	63.8263	264.515	0
0.00253198	0.01	0.2	68.3912	263.119	0
0.00253198	0.01	0.2	73.2825	261.766	0
0.00253198	0.01	0.2	78.5236	262.565	0
0.00253198	0.01	0.2	84.1395	264.23	0
0.00253198	0.01	0.2	90.1571	262.844	0
0.00253198	0.01	0.2	96.6051	261.789	0
0.00276638	0.01	0.2	0.103514	291.093	0
0.00276638	0.01	0.2	0.110917	291.015	0
0.00276638	0.01	0.2	0.11885	290.925	0
0.00276638	0.01	0.2	0.12735	290.821	0
0.00276638	0.01	0.2	0.136458	290.704	0
0.00276638	0.01	0.2	0.146218	290.569	0
0.00276638	0.01	0.2	0.156675	290.415	0
0.00276638	0.01	0.2	0.16788	290.24	0
0.00276638	0.01	0.2	0.179887	290.04	0
0.00276638	0.01	0.2	0.192752	289.812	0
0.00276638	0.01	0.2	0.206538	289.553	0
0.00276638	0.01	0.2	0.221309	289.26	0
0.00276638	0.01	0.2	0.237137	288.927	0
0.00276638	0.01	0.2	0.254097	288.55	0
0.00276638	0.01	0.2	0.27227	288.125	0
0.00276638	0.01	0.2	0.291743	287.646	0
0.00276638	0.01	0.2	0.312608	287.108	0
0.00276638	0.01	0.2	0.334965	286.506	0
0.00276638	0.01	0.2	0.358922	285.835	0
0.00276638	0.01	0.2	0.384592	285.089	0
0.00276638	0.01	0.2	0.412098	284.265	0
0.00276638	0.01	0.2	0.44157	283.358	0
0.00276638	0.01	0.2	0.473151	282.367	0
0.00276638	0.01	0.2	0.506991	281.29	0
0.00276638	0.01	0.2	0.54325	280.131	0
0.00276638	0.01	0.2	0.582103	278.892	0
0.00276638	0.01	0.2	0.623735	277.581	0
0.00276638	0.01	0.2	0.668344	276.21	0
0.00276638	0.01	0.2	0.716143	274.791	0
0.00276638	0.01	0.2	0.767361	273.343	0
0.00276638	0.01	0.2	0.822243	271.887	0
0.00276638	0.01	0.2	0.881049	270.45	0
0.00276638	0.01	0.2	0.944061	269.059	0
0.00276638	0.01	0.2	1.01158	267.748	0
0.00276638	0.01	0.2	1.08393	266.554	0
0.00276638	0.01	0.2	1.16145	265.523	0
0.00276638	0.01	0.2	1.24451	264.709	0
0.00276638	0.01	0.2	1.33352	264.182	0
0.00276638	0.01	0.2	1.42889	264.021	0
0.00276638	0.01	0.2	1.53109	264.321	0
0.00276638	0.01	0.2	1.64059	265.174	0
0.00276638	0.01	0.2	1.75792	266.654	0
0.00276638	0.01	0.2	1.88365	268.784	0
0.00276638	0.01	0.2	2.01837	271.502	0
0.00276638	0.01	0.2	2.16272	274.608	0
0.00276638	0.01	0.2	2.31739	277.712	0
0.00276638	0.01	0.2	2.48313	280.189	0
0.00276638	0.01	0.2	2.66073	281.202	0
0.00276638	0.01	0.2	2.85102	279.906	0
0.00276638	0.01	0.2	3.05492	275.889	0
0.00276638	0.01	0.2	3.27341	269.705	0
0.00276638	0.01	0.2	3.50752	263.104	0
0.00276638	0.01	0.2	3.75837	258.472	0
0.00276638	0.01	0.2	4.02717	257.541	0
0.00276638	0.01	0.2	4.31519	260.079	0
0.00276638	0.01	0.2	4.62381	263.738	0
0.00276638	0.01	0.2	4.9545	265.571	0
0.00276638	0.01	0.2	5.30884	264.119	0
0.00276638	0.01	0.2	5.68853	260.343	0
0.00276638	0.01	0.2	6.09537	256.624	0
0.00276638	0.01	0.2	6.53131	255.021	0
0.00276638	0.01	0.2	6.99842	256.814	0
0.00276638	0.01	0.2	7.49894	260.908	0
0.00276638	0.01	0.2	8.03526	263.384	0
0.00276638	0.01	0.2	8.60994	263.074	0
0.00276638	0.01	0.2	9.22571	263.269	0
0.00276638	0.01	0.2	9.88553	266.286	0
0.00276638	0.01	0.2	10.5925	270.427	0
0.00276638	0.01	0.2	11.3501	273.498	0
0.00276638	0.01	0.2	12.1619	276.138	0
0.00276638	0.01	0.2	13.0317	278.911	0
0.00276638	0.01	0.2	13.9637	278.568	0
0.00276638	0.01	0.2	14.9624	272.858	0
0.00276638	0.01	0.2	16.0325	265.364	0
0.00276638	0.01	0.2	17.1791	260.832	0
0.00276638	0.01	0.2	18.4077	260.379	0
0.00276638	0.01	0.2	19.7242	261.342	0
0.00276638	0.01	0.2	21.1349	262.975	0
0.00276638	0.01	0.2	22.6464	265.579	0
0.00276638	0.01	0.2	24.2661	265.709	0
0.00276638	0.01	0.2	26.0016	264.284	0
0.00276638	0.01	0.2	27.8612	262.829	0
0.00276638	0.01	0.2	29.8538	262.404	0
0.00276638	0.01	0.2	31.989	264.855	0
0.00276638	0.01	0.2	34.2768	263.147	0
0.00276638	0.01	0.2	36.7282	259.08	0
0.00276638	0.01	0.2	39.355	260.29	0
0.00276638	0.01	0.2	42.1697	259.972	0
0.00276638	0.01	0.2	45.1856	264.182	0
0.00276638	0.01	0.2	48.4172	264.381	0
0.00276638	0.01	0.2	51.88	259.413	0
0.00276638	0.01	0.2	55.5904	261.488	0
0.00276638	0.01	0.2	59.5662	261.232	0
0.00276638	0.01	0.2	63.8263	261.758	0
0.00276638	0.01	0.2	68.3912	260.367	0
0.00276638	0.01	0.2	73.2825	259.024	0
0.00276638	0.01	0.2	78.5236	259.844	0
0.00276638	0.01	0.2	84.1395	261.503	0
0.00276638	0.01	0.2	90.1571	260.108	0
0.00276638	0.01	0.2	96.6051	259.045	0
0.00302248	0.01	0.2	0.103514	291.051	0
0.00302248	0.01	0.2	0.110917	290.966	0
0.00302248	0.01	0.2	0.11885	290.868	0
0.00302248	0.01	0.2	0.12735	290.757	0
0.00302248	0.01	0.2	0.136458	290.63	0
0.00302248	0.01	0.2	0.146218	290.484	0
0.00302248	0.01	0.2	0.156675	290.318	0
0.00302248	0.01	0.2	0.16788	290.129	0
0.00302248	0.01	0.2	0.179887	289.913	0
0.00302248	0.01	0.2	0.192752	289.668	0
0.00302248	0.01	0.2	0.206538	289.389	0
0.00302248	0.01	0.2	0.221309	289.072	0
0.00302248	0.01	0.2	0.237137	288.712	0
0.00302248	0.01	0.2	0.254097	288.306	0
0.00302248	0.01	0.2	0.27227	287.847	0
0.00302248	0.01	0.2	0.291743	287.33	0
0.00302248	0.01	0.2	0.312608	286.75	0
0.00302248	0.01	0.2	0.334965	286.1	0
0.00302248	0.01	0.2	0.358922	285.375	0
0.00302248	0.01	0.2	0.384592	284.57	0
0.00302248	0.01	0.2	0.412098	283.68	0
0.00302248	0.01	0.2	0.44157	282.702	0
0.00302248	0.01	0.2	0.473151	281.632	0
0.00302248	0.01	0.2	0.506991	280.47	0
0.00302248	0.01	0.2	0.54325	279.218	0
0.00302248	0.01	0.2	0.582103	277.881	0
0.00302248	0.01	0.2	0.623735	276.465	0
0.00302248	0.01	0.2	0.668344	274.982	0
0.00302248	0.01	0.2	0.716143	273.448	0
0.00302248	0.01	0.2	0.767361	271.882	0
0.00302248	0.01	0.2	0.822243	270.305	0
0.00302248	0.01	0.2	0.881049	268.745	0
0.00302248	0.01	0.2	0.944061	267.233	0
0.00302248	0.01	0.2	1.01158	265.801	0
0.00302248	0.01	0.2	1.08393	264.49	0
0.00302248	0.01	0.2	1.16145	263.347	0
0.00302248	0.01	0.2	1.24451	262.427	0
0.00302248	0.01	0.2	1.33352	261.801	0
0.00302248	0.01	0.2	1.42889	261.553	0
0.00302248	0.01	0.2	1.53109	261.777	0
0.00302248	0.01	0.2	1.64059	262.567	0
0.00302248	0.01	0.2	1.75792	263.998	0
0.00302248	0.01	0.2	1.88365	266.092	0
0.00302248	0.01	0.2	2.01837	268.785	0
0.00302248	0.01	0.2	2.16272	271.875	0
0.00302248	0.01	0.2	2.31739	274.97	0
0.00302248	0.01	0.2	2.48313	277.439	0
0.00302248	0.01	0.2	2.66073	278.443	0
0.00302248	0.01	0.2	2.85102	277.129	0
0.00302248	0.01	0.2	3.05492	273.081	0
0.00302248	0.01	0.2	3.27341	266.853	0
0.00302248	0.01	0.2	3.50752	260.196	0
0.00302248	0.01	0.2	3.75837	255.497	0
0.00302248	0.01	0.2	4.02717	254.487	0
0.00302248	0.01	0.2	4.31519	256.932	0
0.00302248	0.01	0.2	4.62381	260.485	0
0.00302248	0.01	0.2	4.9545	262.207	0
0.00302248	0.01	0.2	5.30884	260.66	0
0.00302248	0.01	0.2	5.68853	256.823	0
0.00302248	0.01	0.2	6.09537	253.078	0
0.00302248	0.01	0.2	6.53131	251.465	0
0.00302248	0.01	0.2	6.99842	253.255	0
0.00302248	0.01	0.2	7.49894	257.375	0
0.00302248	0.01	0.2	8.03526	259.919	0
0.00302248	0.01	0.2	8.60994	259.693	0
0.00302248	0.01	0.2	9.22571	259.969	0
0.00302248	0.01	0.2	9.88553	263.056	0
0.00302248	0.01	0.2	10.5925	267.254	0
0.00302248	0.01	0.2	11.3501	270.41	0
0.00302248	0.01	0.2	12.1619	273.155	0
0.00302248	0.01	0.2	13.0317	276.017	0
0.00302248	0.01	0.2	13.9637	275.709	0
0.00302248	0.01	0.2	14.9624	269.992	0
0.00302248	0.01	0.2	16.0325	262.475	0
0.00302248	0.01	0.2	17.1791	257.912	0
0.00302248	0.01	0.2	18.4077	257.426	0
0.00302248	0.01	0.2	19.7242	258.366	0
0.00302248	0.01	0.2	21.1349	259.972	0
0.00302248	0.01	0.2	22.6464	262.585	0
0.00302248	0.01	0.2	24.2661	262.762	0
0.00302248	0.01	0.2	26.0016	261.391	0
0.00302248	0.01	0.2	27.8612	259.956	0
0.00302248	0.01	0.2	29.8538	259.498	0
0.00302248	0.01	0.2	31.989	261.888	0
0.00302248	0.01	0.2	34.2768	260.133	0
0.00302248	0.01	0.2	36.7282	256.03	0
0.00302248	0.01	0.2	39.355	257.22	0
0.00302248	0.01	0.2	42.1697	256.904	0
0.00302248	0.01	0.2	45.1856	261.14	0
0.00302248	0.01	0.2	48.4172	261.377	0
0.00302248	0.01	0.2	51.88	256.442	0
0.00302248	0.01	0.2	55.5904	258.523	0
0.00302248	0.01	0.2	59.5662	258.254	0
0.00302248	0.01	0.2	63.8263	258.763	0
0.00302248	0.01	0.2	68.3912	257.379	0
0.00302248	0.01	0.2	73.2825	256.047	0
0.00302248	0.01	0.2	78.5236	256.889	0
0.00302248	0.01	0.2	84.1395	258.543	0
0.00302248	0.01	0.2	90.1571	257.137	0
0.00302248	0.01	0.2	96.6051	256.064	0
0.00330228	0.01	0.2	0.103514	291.004	0
0.00330228	0.01	0.2	0.110917	290.912	0
0.00330228	0.01	0.2	0.11885	290.807	0
0.00330228	0.01	0.2	0.12735	290.687	0
0.00330228	0.01	0.2	0.136458	290.549	0
0.00330228	0.01	0.2	0.146218	290.392	0
0.00330228	0.01	0.2	0.156675	290.213	0
0.00330228	0.01	0.2	0.16788	290.008	0
0.00330228	0.01	0.2	0.179887	289.775	0
0.00330228	0.01	0.2	0.192752	289.51	0
0.00330228	0.01	0.2	0.206538	289.208	0
0.00330228	0.01	0.2	0.221309	288.866	0
0.00330228	0.01	0.2	0.237137	288.478	0
0.00330228	0.01	0.2	0.254097	288.039	0
0.00330228	0.01	0.2	0.27227	287.543	0
0.00330228	0.01	0.2	0.291743	286.985	0
0.00330228	0.01	0.2	0.312608	286.358	0
0.00330228	0.01	0.2	0.334965	285.656	0
0.00330228	0.01	0.2	0.358922	284.873	0
0.00330228	0.01	0.2	0.384592	284.004	0
0.00330228	0.01	0.2	0.412098	283.043	0
0.00330228	0.01	0.2	0.44157	281.986	0
0.00330228	0.01	0.2	0.473151	280.83	0
0.00330228	0.01	0.2	0.506991	279.575	0
0.00330228	0.01	0.2	0.54325	278.223	0
0.00330228	0.01	0.2	0.582103	276.778	0
0.00330228	0.01	0.2	0.623735	275.248	0
0.00330228	0.01	0.2	0.668344	273.646	0
0.00330228	0.01	0.2	0.716143	271.986	0
0.00330228	0.01	0.2	0.767361	270.291	0
0.00330228	0.01	0.2	0.822243	268.583	0
0.00330228	0.01	0.2	0.881049	266.891	0
0.00330228	0.01	0.2	0.944061	265.246	0
0.00330228	0.01	0.2	1.01158	263.684	0
0.00330228	0.01	0.2	1.08393	262.247	0
0.00330228	0.01	0.2	1.16145	260.982	0
0.00330228	0.01	0.2	1.24451	259.948	0
0.00330228	0.01	0.2	1.33352	259.216	0
0.00330228	0.01	0.2	1.42889	258.873	0
0.00330228	0.01	0.2	1.53109	259.015	0
0.00330228	0.01	0.2	1.64059	259.738	0
0.00330228	0.01	0.2	1.75792	261.116	0
0.00330228	0.01	0.2	1.88365	263.172	0
0.00330228	0.01	0.2	2.01837	265.838	0
0.00330228	0.01	0.2	2.16272	268.911	0
0.00330228	0.01	0.2	2.31739	271.994	0
0.00330228	0.01	0.2	2.48313	274.456	0
0.00330228	0.01	0.2	2.66073	275.449	0
0.00330228	0.01	0.2	2.85102	274.117	0
0.00330228	0.01	0.2	3.05492	270.035	0
0.00330228	0.01	0.2	3.27341	263.76	0
0.00330228	0.01	0.2	3.50752	257.042	0
0.00330228	0.01	0.2	3.75837	252.271	0
0.00330228	0.01	0.2	4.02717	251.174	0
0.00330228	0.01	0.2	4.31519	253.519	0
0.00330228	0.01	0.2	4.62381	256.956	0
0.00330228	0.01	0.2	4.9545	258.557	0
0.00330228	0.01	0.2	5.30884	256.907	0
0.00330228	0.01	0.2	5.68853	253.005	0
0.00330228	0.01	0.2	6.09537	249.232	0
0.00330228	0.01	0.2	6.53131	247.608	0
0.00330228	0.01	0.2	6.99842	249.396	0
0.00330228	0.01	0.2	7.49894	253.545	0
0.00330228	0.01	0.2	8.03526	256.163	0
0.00330228	0.01	0.2	8.60994	256.03	0
0.00330228	0.01	0.2	9.22571	256.393	0
0.00330228	0.01	0.2	9.88553	259.554	0
0.00330228	0.01	0.2	10.5925	263.813	0
0.00330228	0.01	0.2	11.3501	267.061	0
0.00330228	0.01	0.2	12.1619	269.919	0
0.00330228	0.01	0.2	13.0317	272.877	0
0.00330228	0.01	0.2	13.9637	272.608	0
0.00330228	0.01	0.2	14.9624	266.885	0
0.00330228	0.01	0.2	16.0325	259.343	0
0.00330228	0.01	0.2	17.1791	254.746	0
0.00330228	0.01	0.2	18.4077	254.225	0
0.00330228	0.01	0.2	19.7242	255.14	0
0.00330228	0.01	0.2	21.1349	256.715	0
0.00330228	0.01	0.2	22.6464	259.338	0
0.00330228	0.01	0.2	24.2661	259.563	0
0.00330228	0.01	0.2	26.0016	258.252	0
0.00330228	0.01	0.2	27.8612	256.838	0
0.00330228	0.01	0.2	29.8538	256.344	0
0.00330228	0.01	0.2	31.989	258.668	0
0.00330228	0.01	0.2	34.2768	256.863	0
0.00330228	0.01	0.2	36.7282	252.722	0
0.00330228	0.01	0.2	39.355	253.891	0
0.00330228	0.01	0.2	42.1697	253.577	0
0.00330228	0.01	0.2	45.1856	257.841	0
0.00330228	0.01	0.2	48.4172	258.12	0
0.00330228	0.01	0.2	51.88	253.22	0
0.00330228	0.01	0.2	55.5904	255.308	0
0.00330228	0.01	0.2	59.5662	255.023	0
0.00330228	0.01	0.2	63.8263	255.514	0
0.00330228	0.01	0.2	68.3912	254.136	0
0.00330228	0.01	0.2	73.2825	252.817	0
0.00330228	0.01	0.2	78.5236	253.683	0
0.00330228	0.01	0.2	84.1395	255.331	0
0.00330228	0.01	0.2	90.1571	253.912	0
0.00330228	0.01	0.2	96.6051	252.83	0
0.00360798	0.01	0.2	0.103514	290.953	0
0.00360798	0.01	0.2	0.110917	290.854	0
0.00360798	0.01	0.2	0.11885	290.74	0
0.00360798	0.01	0.2	0.12735	290.61	0
0.00360798	0.01	0.2	0.136458	290.461	0
0.00360798	0.01	0.2	0.146218	290.292	0
0.00360798	0.01	0.2	0.156675	290.098	0
0.00360798	0.01	0.2	0.16788	289.877	0
0.00360798	0.01	0.2	0.179887	289.625	0
0.00360798	0.01	0.2	0.192752	289.338	0
0.00360798	0.01	0.2	0.206538	289.012	0
0.00360798	0.01	0.2	0.221309	288.641	0
0.00360798	0.01	0.2	0.237137	288.222	0
0.00360798	0.01	0.2	0.254097	287.747	0
0.00360798	0.01	0.2	0.27227	287.211	0
0.00360798	0.01	0.2	0.291743	286.608	0
0.00360798	0.01	0.2	0.312608	285.93	0
0.00360798	0.01	0.2	0.334965	285.172	0
0.00360798	0.01	0.2	0.358922	284.326	0
0.00360798	0.01	0.2	0.384592	283.386	0
0.00360798	0.01	0.2	0.412098	282.348	0
0.00360798	0.01	0.2	0.44157	281.205	0
0.00360798	0.01	0.2	0.473151	279.956	0
0.00360798	0.01	0.2	0.506991	278.6	0
0.00360798	0.01	0.2	0.54325	277.139	0
0.00360798	0.01	0.2	0.582103	275.576	0
0.00360798	0.01	0.2	0.623735	273.923	0
0.00360798	0.01	0.2	0.668344	272.19	0
0.00360798	0.01	0.2	0.716143	270.395	0
0.00360798	0.01	0.2	0.767361	268.56	0
0.00360798	0.01	0.2	0.822243	266.709	0
0.00360798	0.01	0.2	0.881049	264.874	0
0.00360798	0.01	0.2	0.944061	263.086	0
0.00360798	0.01	0.2	1.01158	261.384	0
0.00360798	0.01	0.2	1.08393	259.81	0
0.00360798	0.01	0.2	1.16145	258.414	0
0.00360798	0.01	0.2	1.24451	257.256	0
0.00360798	0.01	0.2	1.33352	256.411	0
0.00360798	0.01	0.2	1.42889	255.966	0
0.00360798	0.01	0.2	1.53109	256.019	0
0.00360798	0.01	0.2	1.64059	256.669	0
0.00360798	0.01	0.2	1.75792	257.991	0
0.00360798	0.01	0.2	1.88365	260.005	0
0.00360798	0.01	0.2	2.01837	262.642	0
0.00360798	0.01	0.2	2.16272	265.696	0
0.00360798	0.01	0.2	2.31739	268.768	0
0.00360798	0.01	0.2	2.48313	271.221	0
0.00360798	0.01	0.2	2.66073	272.204	0
0.00360798	0.01	0.2	2.85102	270.851	0
0.00360798	0.01	0.2	3.05492	266.733	0
0.00360798	0.01	0.2	3.27341	260.406	0
0.00360798	0.01	0.2	3.50752	253.624	0
0.00360798	0.01	0.2	3.75837	248.775	0
0.00360798	0.01	0.2	4.02717	247.584	0
0.00360798	0.01	0.2	4.31519	249.819	0
0.00360798	0.01	0.2	4.62381	253.131	0
0.00360798	0.01	0.2	4.9545	254.601	0
0.00360798	0.01	0.2	5.30884	252.84	0
0.00360798	0.01	0.2	5.68853	248.866	0
0.00360798	0.01	0.2	6.09537	245.064	0
0.00360798	0.01	0.2	6.53131	243.43	0
0.00360798	0.01	0.2	6.99842	245.216	0
0.00360798	0.01	0.2	7.49894	249.397	0
0.00360798	0.01	0.2	8.03526	252.096	0
0.00360798	0.01	0.2	8.60994	252.063	0
0.00360798	0.01	0.2	9.22571	252.52	0
0.00360798	0.01	0.2	9.88553	255.761	0
0.00360798	0.01	0.2	10.5925	260.085	0
0.00360798	0.01	0.2	11.3501	263.431	0
0.00360798	0.01	0.2	12.1619	266.412	0
0.00360798	0.01	0.2	13.0317	269.475	0
0.00360798	0.01	0.2	13.9637	269.247	0
0.00360798	0.01	0.2	14.9624	263.517	0
0.00360798	0.01	0.2	16.0325	255.949	0
0.00360798	0.01	0.2	17.1791	251.315	0
0.00360798	0.01	0.2	18.4077	250.758	0
0.00360798	0.01	0.2	19.7242	251.644	0
0.00360798	0.01	0.2	21.1349	253.186	0
0.00360798	0.01	0.2	22.6464	255.819	0
0.00360798	0.01	0.2	24.2661	256.096	0
0.00360798	0.01	0.2	26.0016	254.848	0
0.00360798	0.01	0.2	27.8612	253.456	0
0.00360798	0.01	0.2	29.8538	252.923	0
0.00360798	0.01	0.2	31.989	255.177	0
0.00360798	0.01	0.2	34.2768	253.317	0
0.00360798	0.01	0.2	36.7282	249.137	0
0.00360798	0.01	0.2	39.355	250.284	0
0.00360798	0.01	0.2	42.1697	249.974	0
0.00360798	0.01	0.2	45.1856	254.267	0
0.00360798	0.01	0.2	48.4172	254.591	0
0.00360798	0.01	0.2	51.88	249.728	0
0.00360798	0.01	0.2	55.5904	251.823	0
0.00360798	0.01	0.2	59.5662	251.521	0
0.00360798	0.01	0.2	63.8263	251.989	0
0.00360798	0.01	0.2	68.3912	250.62	0
0.00360798	0.01	0.2	73.2825	249.315	0
0.00360798	0.01	0.2	78.5236	250.206	0
0.00360798	0.01	0.2	84.1395	251.847	0
0.00360798	0.01	0.2	90.1571	250.416	0
0.00360798	0.01	0.2	96.6051	249.323	0
0.00394199	0.01	0.2	0.103514	290.897	0
0.00394199	0.01	0.2	0.110917	290.79	0
0.00394199	0.01	0.2	0.11885	290.667	0
0.00394199	0.01	0.2	0.12735	290.526	0
0.00394199	0.01	0.2	0.136458	290.365	0
0.00394199	0.01	0.2	0.146218	290.182	0
0.00394199	0.01	0.2	0.156675	289.972	0
0.00394199	0.01	0.2	0.16788	289.733	0
0.00394199	0.01	0.2	0.179887	289.46	0
0.00394199	0.01	0.2	0.192752	289.15	0
0.00394199	0.01	0.2	0.206538	288.797	0
0.00394199	0.01	0.2	0.221309	288.396	0
0.00394199	0.01	0.2	0.237137	287.942	0
0.00394199	0.01	0.2	0.254097	287.429	0
0.00394199	0.01	0.2	0.27227	286.849	0
0.00394199	0.01	0.2	0.291743	286.196	0
0.00394199	0.01	0.2	0.312608	285.464	0
0.00394199	0.01	0.2	0.334965	284.643	0
0.00394199	0.01	0.2	0.358922	283.728	0
0.00394199	0.01	0.2	0.384592	282.712	0
0.00394199	0.01	0.2	0.412098	281.589	0
0.00394199	0.01	0.2	0.44157	280.354	0
0.00394199	0.01	0.2	0.473151	279.003	0
0.00394199	0.01	0.2	0.506991	277.537	0
0.00394199	0.01	0.2	0.54325	275.957	0
0.00394199	0.01	0.2	0.582103	274.268	0
0.00394199	0.01	0.2	0.623735	272.479	0
0.00394199	0.01	0.2	0.668344	270.605	0
0.00394199	0.01	0.2	0.716143	268.663	0
0.00394199	0.01	0.2	0.767361	266.676	0
0.00394199	0.01	0.2	0.822243	264.672	0
0.00394199	0.01	0.2	0.881049	262.681	0
0.00394199	0.01	0.2	0.944061	260.739	0
0.00394199	0.01	0.2	1.01158	258.885	0
0.00394199	0.01	0.2	1.08393	257.163	0
0.00394199	0.01	0.2	1.16145	255.626	0
0.00394199	0.01	0.2	1.24451	254.335	0
0.00394199	0.01	0.2	1.33352	253.368	0
0.00394199	0.01	0.2	1.42889	252.813	0
0.00394199	0.01	0.2	1.53109	252.772	0
0.00394199	0.01	0.2	1.64059	253.344	0
0.00394199	0.01	0.2	1.75792	254.604	0
0.00394199	0.01	0.2	1.88365	256.573	0
0.00394199	0.01	0.2	2.01837	259.18	0
0.00394199	0.01	0.2	2.16272	262.213	0
0.00394199	0.01	0.2	2.31739	265.272	0
0.00394199	0.01	0.2	2.48313	267.716	0
0.00394199	0.01	0.2	2.66073	268.688	0
0.00394199	0.01	0.2	2.85102	267.313	0
0.00394199	0.01	0.2	3.05492	263.156	0
0.00394199	0.01	0.2	3.27341	256.774	0
0.00394199	0.01	0.2	3.50752	249.922	0
0.00394199	0.01	0.2	3.75837	244.988	0
0.00394199	0.01	0.2	4.02717	243.695	0
0.00394199	0.01	0.2	4.31519	245.812	0
0.00394199	0.01	0.2	4.62381	248.988	0
0.00394199	0.01	0.2	4.9545	250.316	0
0.00394199	0.01	0.2	5.30884	248.434	0
0.00394199	0.01	0.2	5.68853	244.384	0
0.00394199	0.01	0.2	6.09537	240.551	0
0.00394199	0.01	0.2	6.53131	238.906	0
0.00394199	0.01	0.2	6.99842	240.692	0
0.00394199	0.01	0.2	7.49894	244.909	0
0.00394199	0.01	0.2	8.03526	247.696	0
0.00394199	0.01	0.2	8.60994	247.772	0
0.00394199	0.01	0.2	9.22571	248.329	0
0.00394199	0.01	0.2	9.88553	251.656	0
0.00394199	0.01	0.2	10.5925	256.05	0
0.00394199	0.01	0.2	11.3501	259.501	0
0.00394199	0.01	0.2	12.1619	262.615	0
0.00394199	0.01	0.2	13.0317	265.79	0
0.00394199	0.01	0.2	13.9637	265.607	0
0.00394199	0.01	0.2	14.9624	259.871	0
0.00394199	0.01	0.2	16.0325	252.274	0
0.00394199	0.01	0.2	17.1791	247.602	0
0.00394199	0.01	0.2	18.4077	247.005	0
0.00394199	0.01	0.2	19.7242	247.861	0
0.00394199	0.01	0.2	21.1349	249.366	0
0.00394199	0.01	0.2	22.6464	252.007	0
0.00394199	0.01	0.2	24.2661	252.339	0
0.00394199	0.01	0.2	26.0016	251.158	0
0.00394199	0.01	0.2	27.8612	249.79	0
0.00394199	0.01	0.2	29.8538	249.215	0
0.00394199	0.01	0.2	31.989	251.393	0
0.00394199	0.01	0.2	34.2768	249.476	0
0.00394199	0.01	0.2	36.7282	245.254	0
0.00394199	0.01	0.2	39.355	246.379	0
0.00394199	0.01	0.2	42.1697	246.072	0
0.00394199	0.01	0.2	45.1856	250.397	0
0.00394199	0.01	0.2	48.4172	250.77	0
0.00394199	0.01	0.2	51.88	245.948	0
0.00394199	0.01	0.2	55.5904	248.049	0
0.00394199	0.01	0.2	59.5662	247.725	0
0.00394199	0.01	0.2	63.8263	248.17	0
0.00394199	0.01	0.2	68.3912	246.809	0
0.00394199	0.01	0.2	73.2825	245.52	0
0.00394199	0.01	0.2	78.5236	246.439	0
0.00394199	0.01	0.2	84.1395	248.072	0
0.00394199	0.01	0.2	90.1571	246.627	0
0.00394199	0.01	0.2	96.6051	245.522	0
0.00430692	0.01	0.2	0.103514	290.836	0
0.00430692	0.01	0.2	0.110917	290.72	0
0.00430692	0.01	0.2	0.11885	290.587	0
0.00430692	0.01	0.2	0.12735	290.435	0
0.00430692	0.01	0.2	0.136458	290.26	0
0.00430692	0.01	0.2	0.146218	290.061	0
0.00430692	0.01	0.2	0.156675	289.834	0
0.00430692	0.01	0.2	0.16788	289.575	0
0.00430692	0.01	0.2	0.179887	289.28	0
0.00430692	0.01	0.2	0.192752	288.944	0
0.00430692	0.01	0.2	0.206538	288.562	0
0.00430692	0.01	0.2	0.221309	288.129	0
0.00430692	0.01	0.2	0.237137	287.637	0
0.00430692	0.01	0.2	0.254097	287.081	0
0.00430692	0.01	0.2	0.27227	286.454	0
0.00430692	0.01	0.2	0.291743	285.747	0
0.00430692	0.01	0.2	0.312608	284.954	0
0.00430692	0.01	0.2	0.334965	284.067	0
0.00430692	0.01	0.2	0.358922	283.077	0
0.00430692	0.01	0.2	0.384592	281.977	0
0.00430692	0.01	0.2	0.412098	280.762	0
0.00430692	0.01	0.2	0.44157	279.425	0
0.00430692	0.01	0.2	0.473151	277.965	0
0.00430692	0.01	0.2	0.506991	276.378	0
0.00430692	0.01	0.2	0.54325	274.669	0
0.00430692	0.01	0.2	0.582103	272.842	0
0.00430692	0.01	0.2	0.623735	270.908	0
0.00430692	0.01	0.2	0.668344	268.88	0
0.00430692	0.01	0.2	0.716143	266.779	0
0.00430692	0.01	0.2	0.767361	264.628	0
0.00430692	0.01	0.2	0.822243	262.457	0
0.00430692	0.01	0.2	0.881049	260.299	0
0.00430692	0.01	0.2	0.944061	258.19	0
0.00430692	0.01	0.2	1.01158	256.172	0
0.00430692	0.01	0.2	1.08393	254.292	0
0.00430692	0.01	0.2	1.16145	252.602	0
0.00430692	0.01	0.2	1.24451	251.169	0
0.00430692	0.01	0.2	1.33352	250.069	0
0.00430692	0.01	0.2	1.42889	249.397	0
0.00430692	0.01	0.2	1.53109	249.254	0
0.00430692	0.01	0.2	1.64059	249.742	0
0.00430692	0.01	0.2	1.75792	250.937	0
0.00430692	0.01	0.2	1.88365	252.858	0
0.00430692	0.01	0.2	2.01837	255.431	0
0.00430692	0.01	0.2	2.16272	258.443	0
0.00430692	0.01	0.2	2.31739	261.488	0
0.00430692	0.01	0.2	2.48313	263.923	0
0.00430692	0.01	0.2	2.66073	264.882	0
0.00430692	0.01	0.2	2.85102	263.483	0
0.00430692	0.01	0.2	3.05492	259.286	0
0.00430692	0.01	0.2	3.27341	252.844	0
0.00430692	0.01	0.2	3.50752	245.917	0
0.00430692	0.01	0.2	3.75837	240.891	0
0.00430692	0.01	0.2	4.02717	239.488	0
0.00430692	0.01	0.2	4.31519	241.475	0
0.00430692	0.01	0.2	4.62381	244.504	0
0.00430692	0.01	0.2	4.9545	245.678	0
0.00430692	0.01	0.2	5.30884	243.666	0
0.00430692	0.01	0.2	5.68853	239.534	0
0.00430692	0.01	0.2	6.09537	235.669	0
0.00430692	0.01	0.2	6.53131	234.013	0
0.00430692	0.01	0.2	6.99842	235.8	0
0.00430692	0.01	0.2	7.49894	240.057	0
0.00430692	0.01	0.2	8.03526	242.941	0
0.00430692	0.01	0.2	8.60994	243.134	0
0.00430692	0.01	0.2	9.22571	243.8	0
0.00430692	0.01	0.2	9.88553	247.217	0
0.00430692	0.01	0.2	10.5925	251.686	0
0.00430692	0.01	0.2	11.3501	255.251	0
0.00430692	0.01	0.2	12.1619	258.506	0
0.00430692	0.01	0.2	13.0317	261.803	0
0.00430692	0.01	0.2	13.9637	261.67	0
0.00430692	0.01	0.2	14.9624	255.927	0
0.00430692	0.01	0.2	16.0325	248.299	0
0.00430692	0.01	0.2	17.1791	243.586	0
0.00430692	0.01	0.2	18.4077	242.946	0
0.00430692	0.01	0.2	19.7242	243.77	0
0.00430692	0.01	0.2	21.1349	245.233	0
0.00430692	0.01	0.2	22.6464	247.882	0
0.00430692	0.01	0.2	24.2661	248.271	0
0.00430692	0.01	0.2	26.0016	247.163	0
0.00430692	0.01	0.2	27.8612	245.821	0
0.00430692	0.01	0.2	29.8538	245.199	0
0.00430692	0.01	0.2	31.989	247.296	0
0.00430692	0.01	0.2	34.2768	245.318	0
0.00430692	0.01	0.2	36.7282	241.053	0
0.00430692	0.01	0.2	39.355	242.156	0
0.00430692	0.01	0.2	42.1697	241.853	0
0.00430692	0.01	0.2	45.1856	246.211	0
0.00430692	0.01	0.2	48.4172	246.637	0
0.00430692	0.01	0.2	51.88	241.859	0
0.00430692	0.01	0.2	55.5904	243.965	0
0.00430692	0.01	0.2	59.5662	243.617	0
0.00430692	0.01	0.2	63.8263	244.034	0
0.00430692	0.01	0.2	68.3912	242.683	0
0.00430692	0.01	0.2	73.2825	241.412	0
0.00430692	0.01	0.2	78.5236	242.36	0
0.00430692	0.01	0.2	84.1395	243.985	0
0.00430692	0.01	0.2	90.1571	242.525	0
0.00430692	0.01	0.2	96.6051	241.407	0
0.00470563	0.01	0.2	0.103514	290.77	0
0.00470563	0.01	0.2	0.110917	290.644	0
0.00470563	0.01	0.2	0.11885	290.5	0
0.00470563	0.01	0.2	0.12735	290.335	0
0.00470563	0.01	0.2	0.136458	290.146	0
0.00470563	0.01	0.2	0.146218	289.93	0
0.00470563	0.01	0.2	0.156675	289.684	0
0.00470563	0.01	0.2	0.16788	289.404	0
0.00470563	0.01	0.2	0.179887	289.084	0
0.00470563	0.01	0.2	0.192752	288.72	0
0.00470563	0.01	0.2	0.206538	288.306	0
0.00470563	0.01	0.2	0.221309	287.836	0
0.00470563	0.01	0.2	0.237137	287.304	0
0.00470563	0.01	0.2	0.254097	286.702	0
0.00470563	0.01	0.2	0.27227	286.022	0
0.00470563	0.01	0.2	0.291743	285.257	0
0.00470563	0.01	0.2	0.312608	284.398	0
0.00470563	0.01	0.2	0.334965	283.437	0
0.00470563	0.01	0.2	0.358922	282.365	0
0.00470563	0.01	0.2	0.384592	281.175	0
0.00470563	0.01	0.2	0.412098	279.86	0
0.00470563	0.01	0.2	0.44157	278.413	0
0.00470563	0.01	0.2	0.473151	276.833	0
0.00470563	0.01	0.2	0.506991	275.116	0
0.00470563	0.01	0.2	0.54325	273.267	0
0.00470563	0.01	0.2	0.582103	271.29	0
0.00470563	0.01	0.2	0.623735	269.197	0
0.00470563	0.01	0.2	0.668344	267.003	0
0.00470563	0.01	0.2	0.716143	264.73	0
0.00470563	0.01	0.2	0.767361	262.402	0
0.00470563	0.01	0.2	0.822243	260.051	0
0.00470563	0.01	0.2	0.881049	257.712	0
0.00470563	0.01	0.2	0.944061	255.423	0
0.00470563	0.01	0.2	1.01158	253.229	0
0.00470563	0.01	0.2	1.08393	251.178	0
0.00470563	0.01	0.2	1.16145	249.325	0
0.00470563	0.01	0.2	1.24451	247.738	0
0.00470563	0.01	0.2	1.33352	246.498	0
0.00470563	0.01	0.2	1.42889	245.699	0
0.00470563	0.01	0.2	1.53109	245.447	0
0.00470563	0.01	0.2	1.64059	245.845	0
0.00470563	0.01	0.2	1.75792	246.97	0
0.00470563	0.01	0.2	1.88365	248.84	0
0.00470563	0.01	0.2	2.01837	251.378	0
0.00470563	0.01	0.2	2.16272	254.366	0
0.00470563	0.01	0.2	2.31739	257.397	0
0.00470563	0.01	0.2	2.48313	259.821	0
0.00470563	0.01	0.2	2.66073	260.767	0
0.00470563	0.01	0.2	2.85102	259.343	0
0.00470563	0.01	0.2	3.05492	255.101	0
0.00470563	0.01	0.2	3.27341	248.596	0
0.00470563	0.01	0.2	3.50752	241.588	0
0.00470563	0.01	0.2	3.75837	236.463	0
0.00470563	0.01	0.2	4.02717	234.94	0
0.00470563	0.01	0.2	4.31519	236.787	0
0.00470563	0.01	0.2	4.62381	239.656	0
0.00470563	0.01	0.2	4.9545	240.663	0
0.00470563	0.01	0.2	5.30884	238.511	0
0.00470563	0.01	0.2	5.68853	234.292	0
0.00470563	0.01	0.2	6.09537	230.392	0
0.00470563	0.01	0.2	6.53131	228.726	0
0.00470563	0.01	0.2	6.99842	230.517	0
0.00470563	0.01	0.2	7.49894	234.819	0
0.00470563	0.01	0.2	8.03526	237.808	0
0.00470563	0.01	0.2	8.60994	238.128	0
0.00470563	0.01	0.2	9.22571	238.91	0
0.00470563	0.01	0.2	9.88553	242.424	0
0.00470563	0.01	0.2	10.5925	246.971	0
0.00470563	0.01	0.2	11.3501	250.657	0
0.00470563	0.01	0.2	12.1619	254.066	0
0.00470563	0.01	0.2	13.0317	257.493	0
0.00470563	0.01	0.2	13.9637	257.414	0
0.00470563	0.01	0.2	14.9624	251.664	0
0.00470563	0.01	0.2	16.0325	244.005	0
0.00470563	0.01	0.2	17.1791	239.247	0
0.00470563	0.01	0.2	18.4077	238.562	0
0.00470563	0.01	0.2	19.7242	239.35	0
0.00470563	0.01	0.2	21.1349	240.768	0
0.00470563	0.01	0.2	22.6464	243.423	0
0.00470563	0.01	0.2	24.2661	243.873	0
0.00470563	0.01	0.2	26.0016	242.84	0
0.00470563	0.01	0.2	27.8612	241.525	0
0.00470563	0.01	0.2	29.8538	240.855	0
0.00470563	0.01	0.2	31.989	242.864	0
0.00470563	0.01	0.2	34.2768	240.823	0
0.00470563	0.01	0.2	36.7282	236.513	0
0.00470563	0.01	0.2	39.355	237.593	0
0.00470563	0.01	0.2	42.1697	237.295	0
0.00470563	0.01	0.2	45.1856	241.688	0
0.00470563	0.01	0.2	48.4172	242.17	0
0.00470563	0.01	0.2	51.88	237.441	0
0.00470563	0.01	0.2	55.5904	239.551	0
0.00470563	0.01	0.2	59.5662	239.174	0
0.00470563	0.01	0.2	63.8263	239.56	0
0.00470563	0.01	0.2	68.3912	238.22	0
0.00470563	0.01	0.2	73.2825	236.968	0
0.00470563	0.01	0.2	78.5236	237.948	0
0.00470563	0.01	0.2	84.1395	239.564	0
0.00470563	0.01	0.2	90.1571	238.087	0
0.00470563	0.01	0.2	96.6051	236.955	0
0.00514125	0.01	0.2	0.103514	290.697	0
0.00514125	0.01	0.2	0.110917	290.561	0
0.00514125	0.01	0.2	0.11885	290.404	0
0.00514125	0.01	0.2	0.12735	290.225	0
0.00514125	0.01	0.2	0.136458	290.021	0
0.00514125	0.01	0.2	0.146218	289.787	0
0.00514125	0.01	0.2	0.156675	289.52	0
0.00514125	0.01	0.2	0.16788	289.216	0
0.00514125	0.01	0.2	0.179887	288.869	0
0.00514125	0.01	0.2	0.192752	288.475	0
0.00514125	0.01	0.2	0.206538	288.026	0
0.00514125	0.01	0.2	0.221309	287.517	0
0.00514125	0.01	0.2	0.237137	286.94	0
0.00514125	0.01	0.2	0.254097	286.288	0
0.00514125	0.01	0.2	0.27227	285.552	0
0.00514125	0.01	0.2	0.291743	284.723	0
0.00514125	0.01	0.2	0.312608	283.792	0
0.00514125	0.01	0.2	0.334965	282.751	0
0.00514125	0.01	0.2	0.358922	281.59	0
0.00514125	0.01	0.2	0.384592	280.301	0
0.00514125	0.01	0.2	0.412098	278.876	0
0.00514125	0.01	0.2	0.44157	277.31	0
0.00514125	0.01	0.2	0.473151	275.599	0
0.00514125	0.01	0.2	0.506991	273.741	0
0.00514125	0.01	0.2	0.54325	271.74	0
0.00514125	0.01	0.2	0.582103	269.601	0
0.00514125	0.01	0.2	0.623735	267.336	0
0.00514125	0.01	0.2	0.668344	264.963	0
0.00514125	0.01	0.2	0.716143	262.502	0
0.00514125	0.01	0.2	0.767361	259.983	0
0.00514125	0.01	0.2	0.822243	257.438	0
0.00514125	0.01	0.2	0.881049	254.904	0
0.00514125	0.01	0.2	0.944061	252.422	0
0.00514125	0.01	0.2	1.01158	250.039	0
0.00514125	0.01	0.2	1.08393	247.804	0
0.00514125	0.01	0.2	1.16145	245.776	0
0.00514125	0.01	0.2	1.24451	244.025	0
0.00514125	0.01	0.2	1.33352	242.633	0
0.00514125	0.01	0.2	1.42889	241.699	0
0.00514125	0.01	0.2	1.53109	241.331	0
0.00514125	0.01	0.2	1.64059	241.634	0
0.00514125	0.01	0.2	1.75792	242.684	0
0.00514125	0.01	0.2	1.88365	244.499	0
0.00514125	0.01	0.2	2.01837	246.998	0
0.00514125	0.01	0.2	2.16272	249.962	0
0.00514125	0.01	0.2	2.31739	252.976	0
0.00514125	0.01	0.2	2.48313	255.389	0
0.00514125	0.01	0.2	2.66073	256.321	0
0.00514125	0.01	0.2	2.85102	254.871	0
0.00514125	0.01	0.2	3.05492	250.582	0
0.00514125	0.01	0.2	3.27341	244.009	0
0.00514125	0.01	0.2	3.50752	236.914	0
0.00514125	0.01	0.2	3.75837	231.682	0
0.00514125	0.01	0.2	4.02717	230.03	0
0.00514125	0.01	0.2	4.31519	231.725	0
0.00514125	0.01	0.2	4.62381	234.42	0
0.00514125	0.01	0.2	4.9545	235.247	0
0.00514125	0.01	0.2	5.30884	232.944	0
0.00514125	0.01	0.2	5.68853	228.631	0
0.00514125	0.01	0.2	6.09537	224.696	0
0.00514125	0.01	0.2	6.53131	223.02	0
0.00514125	0.01	0.2	6.99842	224.817	0
0.00514125	0.01	0.2	7.49894	229.17	0
0.00514125	0.01	0.2	8.03526	232.274	0
0.00514125	0.01	0.2	8.60994	232.731	0
0.00514125	0.01	0.2	9.22571	233.637	0
0.00514125	0.01	0.2	9.88553	237.253	0
0.00514125	0.01	0.2	10.5925	241.884	0
0.00514125	0.01	0.2	11.3501	245.699	0
0.00514125	0.01	0.2	12.1619	249.272	0
0.00514125	0.01	0.2	13.0317	252.84	0
0.00514125	0.01	0.2	13.9637	252.82	0
0.00514125	0.01	0.2	14.9624	247.063	0
0.00514125	0.01	0.2	16.0325	239.369	0
0.00514125	0.01	0.2	17.1791	234.565	0
0.00514125	0.01	0.2	18.4077	233.832	0
0.00514125	0.01	0.2	19.7242	234.582	0
0.00514125	0.01	0.2	21.1349	235.95	0
0.00514125	0.01	0.2	22.6464	238.608	0
0.00514125	0.01	0.2	24.2661	239.121	0
0.00514125	0.01	0.2	26.0016	238.169	0
0.00514125	0.01	0.2	27.8612	236.882	0
0.00514125	0.01	0.2	29.8538	236.159	0
0.00514125	0.01	0.2	31.989	238.075	0
0.00514125	0.01	0.2	34.2768	235.966	0
0.00514125	0.01	0.2	36.7282	231.611	0
0.00514125	0.01	0.2	39.355	232.669	0
0.00514125	0.01	0.2	42.1697	232.377	0
0.00514125	0.01	0.2	45.1856	236.807	0
0.00514125	0.01	0.2	48.4172	237.35	0
0.00514125	0.01	0.2	51.88	232.672	0
0.00514125	0.01	0.2	55.5904	234.786	0
0.00514125	0.01	0.2	59.5662	234.375	0
0.00514125	0.01	0.2	63.8263	234.725	0
0.00514125	0.01	0.2	68.3912	233.397	0
0.00514125	0.01	0.2	73.2825	232.167	0
0.00514125	0.01	0.2	78.5236	233.181	0
0.00514125	0.01	0.2	84.1395	234.786	0
0.00514125	0.01	0.2	90.1571	233.292	0
0.00514125	0.01	0.2	96.6051	232.144	0
0.0056172	0.01	0.2	0.103514	290.618	0
0.0056172	0.01	0.2	0.110917	290.47	0
0.0056172	0.01	0.2	0.11885	290.3	0
0.0056172	0.01	0.2	0.12735	290.106	0
0.0056172	0.01	0.2	0.136458	289.884	0
0.0056172	0.01	0.2	0.146218	289.63	0
0.0056172	0.01	0.2	0.156675	289.341	0
0.0056172	0.01	0.2	0.16788	289.011	0
0.0056172	0.01	0.2	0.179887	288.635	0
0.0056172	0.01	0.2	0.192752	288.207	0
0.0056172	0.01	0.2	0.206538	287.721	0
0.0056172	0.01	0.2	0.221309	287.169	0
0.0056172	0.01	0.2	0.237137	286.543	0
0.0056172	0.01	0.2	0.254097	285.836	0
0.0056172	0.01	0.2	0.27227	285.038	0
0.0056172	0.01	0.2	0.291743	284.139	0
0.0056172	0.01	0.2	0.312608	283.13	0
0.0056172	0.01	0.2	0.334965	282.002	0
0.0056172	0.01	0.2	0.358922	280.744	0
0.0056172	0.01	0.2	0.384592	279.347	0
0.0056172	0.01	0.2	0.412098	277.804	0
0.0056172	0.01	0.2	0.44157	276.108	0
0.0056172	0.01	0.2	0.473151	274.255	0
0.0056172	0.01	0.2	0.506991	272.244	0
0.0056172	0.01	0.2	0.54325	270.078	0
0.0056172	0.01	0.2	0.582103	267.763	0
0.0056172	0.01	0.2	0.623735	265.312	0
0.0056172	0.01	0.2	0.668344	262.744	0
0.0056172	0.01	0.2	0.716143	260.083	0
0.0056172	0.01	0.2	0.767361	257.357	0
0.0056172	0.01	0.2	0.822243	254.603	0
0.0056172	0.01	0.2	0.881049	251.859	0
0.0056172	0.01	0.2	0.944061	249.17	0
0.0056172	0.01	0.2	1.01158	246.583	0
0.0056172	0.01	0.2	1.08393	244.151	0
0.0056172	0.01	0.2	1.16145	241.936	0
0.0056172	0.01	0.2	1.24451	240.009	0
0.0056172	0.01	0.2	1.33352	238.456	0
0.0056172	0.01	0.2	1.42889	237.378	0
0.0056172	0.01	0.2	1.53109	236.886	0
0.0056172	0.01	0.2	1.64059	237.087	0
0.0056172	0.01	0.2	1.75792	238.057	0
0.0056172	0.01	0.2	1.88365	239.814	0
0.0056172	0.01	0.2	2.01837	242.272	0
0.0056172	0.01	0.2	2.16272	245.209	0
0.0056172	0.01	0.2	2.31739	248.207	0
0.0056172	0.01	0.2	2.48313	250.608	0
0.0056172	0.01	0.2	2.66073	251.525	0
0.0056172	0.01	0.2	2.85102	250.046	0
0.0056172	0.01	0.2	3.05492	245.707	0
0.0056172	0.01	0.2	3.27341	239.061	0
0.0056172	0.01	0.2	3.50752	231.873	0
0.0056172	0.01	0.2	3.75837	226.527	0
0.0056172	0.01	0.2	4.02717	224.735	0
0.0056172	0.01	0.2	4.31519	226.266	0
0.0056172	0.01	0.2	4.62381	228.772	0
0.0056172	0.01	0.2	4.9545	229.405	0
0.0056172	0.01	0.2	5.30884	226.94	0
0.0056172	0.01	0.2	5.68853	222.527	0
0.0056172	0.01	0.2	6.09537	218.554	0
0.0056172	0.01	0.2	6.53131	216.871	0
0.0056172	0.01	0.2	6.99842	218.676	0
0.0056172	0.01	0.2	7.49894	223.086	0
0.0056172	0.01	0.2	8.03526	226.316	0
0.0056172	0.01	0.2	8.60994	226.921	0
0.0056172	0.01	0.2	9.22571	227.96	0
0.0056172	0.01	0.2	9.88553	231.683	0
0.0056172	0.01	0.2	10.5925	236.401	0
0.0056172	0.01	0.2	11.3501	240.354	0
0.0056172	0.01	0.2	12.1619	244.103	0
0.0056172	0.01	0.2	13.0317	247.823	0
0.0056172	0.01	0.2	13.9637	247.867	0
0.0056172	0.01	0.2	14.9624	242.103	0
0.0056172	0.01	0.2	16.0325	234.373	0
0.0056172	0.01	0.2	17.1791	229.52	0
0.0056172	0.01	0.2	18.4077	228.736	0
0.0056172	0.01	0.2	19.7242	229.444	0
0.0056172	0.01	0.2	21.1349	230.756	0
0.0056172	0.01	0.2	22.6464	233.415	0
0.0056172	0.01	0.2	24.2661	233.993	0
0.0056172	0.01	0.2	26.0016	233.126	0
0.0056172	0.01	0.2	27.8612	231.869	0
0.0056172	0.01	0.2	29.8538	231.088	0
0.0056172	0.01	0.2	31.989	232.905	0
0.0056172	0.01	0.2	34.2768	230.726	0
0.0056172	0.01	0.2	36.7282	226.326	0
0.0056172	0.01	0.2	39.355	227.362	0
0.0056172	0.01	0.2	42.1697	227.077	0
0.0056172	0.01	0.2	45.1856	231.545	0
0.0056172	0.01	0.2	48.4172	232.154	0
0.0056172	0.01	0.2	51.88	227.531	0
0.0056172	0.01	0.2	55.5904	229.648	0
0.0056172	0.01	0.2	59.5662	229.196	0
0.0056172	0.01	0.2	63.8263	229.506	0
0.0056172	0.01	0.2	68.3912	228.191	0
0.0056172	0.01	0.2	73.2825	226.986	0
0.0056172	0.01	0.2	78.5236	228.036	0
0.0056172	0.01	0.2	84.1395	229.629	0
0.0056172	0.01	0.2	90.1571	228.117	0
0.0056172	0.01	0.2	96.6051	226.952	0
0.0061372	0.01	0.2	0.103514	290.531	0
0.0061372	0.01	0.2	0.110917	290.37	0
0.0061372	0.01	0.2	0.11885	290.186	0
0.0061372	0.01	0.2	0.12735	289.975	0
0.0061372	0.01	0.2	0.136458	289.735	0
0.0061372	0.01	0.2	0.146218	289.46	0
0.0061372	0.01	0.2	0.156675	289.146	0
0.0061372	0.01	0.2	0.16788	288.787	0
0.0061372	0.01	0.2	0.179887	288.379	0
0.0061372	0.01	0.2	0.192752	287.915	0
0.0061372	0.01	0.2	0.206538	287.387	0
0.0061372	0.01	0.2	0.221309	286.788	0
0.0061372	0.01	0.2	0.237137	286.11	0
0.0061372	0.01	0.2	0.254097	285.343	0
0.0061372	0.01	0.2	0.27227	284.477	0
0.0061372	0.01	0.2	0.291743	283.502	0
0.0061372	0.01	0.2	0.312608	282.409	0
0.0061372	0.01	0.2	0.334965	281.185	0
0.0061372	0.01	0.2	0.358922	279.822	0
0.0061372	0.01	0.2	0.384592	278.308	0
0.0061372	0.01	0.2	0.412098	276.636	0
0.0061372	0.01	0.2	0.44157	274.799	0
0.0061372	0.01	0.2	0.473151	272.792	0
0.0061372	0.01	0.2	0.506991	270.614	0
0.0061372	0.01	0.2	0.54325	268.269	0
0.0061372	0.01	0.2	0.582103	265.764	0
0.0061372	0.01	0.2	0.623735	263.113	0
0.0061372	0.01	0.2	0.668344	260.335	0
0.0061372	0.01	0.2	0.716143	257.456	0
0.0061372	0.01	0.2	0.767361	254.508	0
0.0061372	0.01	0.2	0.822243	251.528	0
0.0061372	0.01	0.2	0.881049	248.559	0
0.0061372	0.01	0.2	0.944061	245.647	0
0.0061372	0.01	0.2	1.01158	242.842	0
0.0061372	0.01	0.2	1.08393	240.201	0
0.0061372	0.01	0.2	1.16145	237.786	0
0.0061372	0.01	0.2	1.24451	235.671	0
0.0061372	0.01	0.2	1.33352	233.946	0
0.0061372	0.01	0.2	1.42889	232.715	0
0.0061372	0.01	0.2	1.53109	232.091	0
0.0061372	0.01	0.2	1.64059	232.184	0
0.0061372	0.01	0.2	1.75792	233.07	0
0.0061372	0.01	0.2	1.88365	234.764	0
0.0061372	0.01	0.2	2.01837	237.18	0
0.0061372	0.01	0.2	2.16272	240.088	0
0.0061372	0.01	0.2	2.31739	243.068	0
0.0061372	0.01	0.2	2.48313	245.456	0
0.0061372	0.01	0.2	2.66073	246.357	0
0.0061372	0.01	0.2	2.85102	244.848	0
0.0061372	0.01	0.2	3.05492	240.456	0
0.0061372	0.01	0.2	3.27341	233.733	0
0.0061372	0.01	0.2	3.50752	226.446	0
0.0061372	0.01	0.2	3.75837	220.976	0
0.0061372	0.01	0.2	4.02717	219.033	0
0.0061372	0.01	0.2	4.31519	220.385	0
0.0061372	0.01	0.2	4.62381	222.689	0
0.0061372	0.01	0.2	4.9545	223.112	0
0.0061372	0.01	0.2	5.30884	220.472	0
0.0061372	0.01	0.2	5.68853	215.953	0
0.0061372	0.01	0.2	6.09537	211.942	0
0.0061372	0.01	0.2	6.53131	210.252	0
0.0061372	0.01	0.2	6.99842	212.07	0
0.0061372	0.01	0.2	7.49894	216.545	0
0.0061372	0.01	0.2	8.03526	219.912	0
0.0061372	0.01	0.2	8.60994	220.677	0
0.0061372	0.01	0.2	9.22571	221.857	0
0.0061372	0.01	0.2	9.88553	225.692	0
0.0061372	0.01	0.2	10.5925	230.502	0
0.0061372	0.01	0.2	11.3501	234.601	0
0.0061372	0.01	0.2	12.1619	238.538	0
0.0061372	0.01	0.2	13.0317	242.421	0
0.0061372	0.01	0.2	13.9637	242.534	0
0.0061372	0.01	0.2	14.9624	236.764	0
0.0061372	0.01	0.2	16.0325	228.996	0
0.0061372	0.01	0.2	17.1791	224.091	0
0.0061372	0.01	0.2	18.4077	223.254	0
0.0061372	0.01	0.2	19.7242	223.916	0
0.0061372	0.01	0.2	21.1349	225.166	0
0.0061372	0.01	0.2	22.6464	227.823	0
0.0061372	0.01	0.2	24.2661	228.466	0
0.0061372	0.01	0.2	26.0016	227.689	0
0.0061372	0.01	0.2	27.8612	226.463	0
0.0061372	0.01	0.2	29.8538	225.621	0
0.0061372	0.01	0.2	31.989	227.331	0
0.0061372	0.01	0.2	34.2768	225.08	0
0.0061372	0.01	0.2	36.7282	220.635	0
0.0061372	0.01	0.2	39.355	221.652	0
0.0061372	0.01	0.2	42.1697	221.375	0
0.0061372	0.01	0.2	45.1856	225.883	0
0.0061372	0.01	0.2	48.4172	226.561	0
0.0061372	0.01	0.2	51.88	221.998	0
0.0061372	0.01	0.2	55.5904	224.115	0
0.0061372	0.01	0.2	59.5662	223.615	0
0.0061372	0.01	0.2	63.8263	223.88	0
0.0061372	0.01	0.2	68.3912	222.58	0
0.0061372	0.01	0.2	73.2825	221.402	0
0.0061372	0.01	0.2	78.5236	222.49	0
0.0061372	0.01	0.2	84.1395	224.071	0
0.0061372	0.01	0.2	90.1571	222.538	0
0.0061372	0.01	0.2	96.6051	221.355	0
0.00670535	0.01	0.2	0.103514	290.437	0
0.00670535	0.01	0.2	0.110917	290.262	0
0.00670535	0.01	0.2	0.11885	290.062	0
0.00670535	0.01	0.2	0.12735	289.833	0
0.00670535	0.01	0.2	0.136458	289.572	0
0.00670535	0.01	0.2	0.146218	289.273	0
0.00670535	0.01	0.2	0.156675	288.932	0
0.00670535	0.01	0.2	0.16788	288.543	0
0.00670535	0.01	0.2	0.179887	288.1	0
0.00670535	0.01	0.2	0.192752	287.596	0
0.00670535	0.01	0.2	0.206538	287.023	0
0.00670535	0.01	0.2	0.221309	286.373	0
0.00670535	0.01	0.2	0.237137	285.637	0
0.00670535	0.01	0.2	0.254097	284.804	0
0.00670535	0.01	0.2	0.27227	283.865	0
0.00670535	0.01	0.2	0.291743	282.808	0
0.00670535	0.01	0.2	0.312608	281.621	0
0.00670535	0.01	0.2	0.334965	280.295	0
0.00670535	0.01	0.2	0.358922	278.816	0
0.00670535	0.01	0.2	0.384592	277.176	0
0.00670535	0.01	0.2	0.412098	275.364	0
0.00670535	0.01	0.2	0.44157	273.373	0
0.00670535	0.01	0.2	0.473151	271.199	0
0.00670535	0.01	0.2	0.506991	268.841	0
0.00670535	0.01	0.2	0.54325	266.302	0
0.00670535	0.01	0.2	0.582103	263.591	0
0.00670535	0.01	0.2	0.623735	260.722	0
0.00670535	0.01	0.2	0.668344	257.718	0
0.00670535	0.01	0.2	0.716143	254.605	0
0.00670535	0.01	0.2	0.767361	251.417	0
0.00670535	0.01	0.2	0.822243	248.196	0
0.00670535	0.01	0.2	0.881049	244.985	0
0.00670535	0.01	0.2	0.944061	241.835	0
0.00670535	0.01	0.2	1.01158	238.797	0
0.00670535	0.01	0.2	1.08393	235.932	0
0.00670535	0.01	0.2	1.16145	233.304	0
0.00670535	0.01	0.2	1.24451	230.99	0
0.00670535	0.01	0.2	1.33352	229.083	0
0.00670535	0.01	0.2	1.42889	227.69	0
0.00670535	0.01	0.2	1.53109	226.927	0
0.00670535	0.01	0.2	1.64059	226.905	0
0.00670535	0.01	0.2	1.75792	227.702	0
0.00670535	0.01	0.2	1.88365	229.33	0
0.00670535	0.01	0.2	2.01837	231.699	0
0.00670535	0.01	0.2	2.16272	234.577	0
0.00670535	0.01	0.2	2.31739	237.538	0
0.00670535	0.01	0.2	2.48313	239.913	0
0.00670535	0.01	0.2	2.66073	240.797	0
0.00670535	0.01	0.2	2.85102	239.257	0
0.00670535	0.01	0.2	3.05492	234.809	0
0.00670535	0.01	0.2	3.27341	228.004	0
0.00670535	0.01	0.2	3.50752	220.611	0
0.00670535	0.01	0.2	3.75837	215.008	0
0.00670535	0.01	0.2	4.02717	212.903	0
0.00670535	0.01	0.2	4.31519	214.062	0
0.00670535	0.01	0.2	4.62381	216.145	0
0.00670535	0.01	0.2	4.9545	216.344	0
0.00670535	0.01	0.2	5.30884	213.517	0
0.00670535	0.01	0.2	5.68853	208.885	0
0.00670535	0.01	0.2	6.09537	204.835	0
0.00670535	0.01	0.2	6.53131	203.142	0
0.00670535	0.01	0.2	6.99842	204.977	0
0.00670535	0.01	0.2	7.49894	209.525	0
0.00670535	0.01	0.2	8.03526	213.041	0
0.00670535	0.01	0.2	8.60994	213.978	0
0.00670535	0.01	0.2	9.22571	215.307	0
0.00670535	0.01	0.2	9.88553	219.259	0
0.00670535	0.01	0.2	10.5925	224.165	0
0.00670535	0.01	0.2	11.3501	228.418	0
0.00670535	0.01	0.2	12.1619	232.556	0
0.00670535	0.01	0.2	13.0317	236.613	0
0.00670535	0.01	0.2	13.9637	236.801	0
0.00670535	0.01	0.2	14.9624	231.026	0
0.00670535	0.01	0.2	16.0325	223.218	0
0.00670535	0.01	0.2	17.1791	218.259	0
0.00670535	0.01	0.2	18.4077	217.366	0
0.00670535	0.01	0.2	19.7242	217.979	0
0.00670535	0.01	0.2	21.1349	219.16	0
0.00670535	0.01	0.2	22.6464	221.811	0
0.00670535	0.01	0.2	24.2661	222.52	0
0.00670535	0.01	0.2	26.0016	221.835	0
0.00670535	0.01	0.2	27.8612	220.642	0
0.00670535	0.01	0.2	29.8538	219.734	0
0.00670535	0.01	0.2	31.989	221.332	0
0.00670535	0.01	0.2	34.2768	219.006	0
0.00670535	0.01	0.2	36.7282	214.517	0
0.00670535	0.01	0.2	39.355	215.516	0
0.00670535	0.01	0.2	42.1697	215.249	0
0.00670535	0.01	0.2	45.1856	219.799	0
0.00670535	0.01	0.2	48.4172	220.551	0
0.00670535	0.01	0.2	51.88	216.052	0
0.00670535	0.01	0.2	55.5904	218.167	0
0.00670535	0.01	0.2	59.5662	217.61	0
0.00670535	0.01	0.2	63.8263	217.822	0
0.00670535	0.01	0.2	68.3912	216.54	0
0.00670535	0.01	0.2	73.2825	215.393	0
0.00670535	0.01	0.2	78.5236	216.522	0
0.00670535	0.01	0.2	84.1395	218.087	0
0.00670535	0.01	0.2	90.1571	216.533	0
0.00670535	0.01	0.2	96.6051	215.33	0
0.0073261	0.01	0.2	0.103514	290.333	0
0.0073261	0.01	0.2	0.110917	290.143	0
0.0073261	0.01	0.2	0.11885	289.926	0
0.0073261	0.01	0.2	0.12735	289.678	0
0.0073261	0.01	0.2	0.136458	289.393	0
0.0073261	0.01	0.2	0.146218	289.069	0
0.0073261	0.01	0.2	0.156675	288.699	0
0.0073261	0.01	0.2	0.16788	288.276	0
0.0073261	0.01	0.2	0.179887	287.795	0
0.0073261	0.01	0.2	0.192752	287.248	0
0.0073261	0.01	0.2	0.206538	286.626	0
0.0073261	0.01	0.2	0.221309	285.92	0
0.0073261	0.01	0.2	0.237137	285.121	0
0.0073261	0.01	0.2	0.254097	284.217	0
0.0073261	0.01	0.2	0.27227	283.197	0
0.0073261	0.01	0.2	0.291743	282.05	0
0.0073261	0.01	0.2	0.312608	280.763	0
0.0073261	0.01	0.2	0.334965	279.324	0
0.0073261	0.01	0.2	0.358922	277.72	0
0.0073261	0.01	0.2	0.384592	275.942	0
0.0073261	0.01	0.2	0.412098	273.977	0
0.0073261	0.01	0.2	0.44157	271.82	0
0.0073261	0.01	0.2	0.473151	269.465	0
0.0073261	0.01	0.2	0.506991	266.912	0
0.0073261	0.01	0.2	0.54325	264.163	0
0.0073261	0.01	0.2	0.582103	261.23	0
0.0073261	0.01	0.2	0.623735	258.127	0
0.0073261	0.01	0.2	0.668344	254.878	0
0.0073261	0.01	0.2	0.716143	251.513	0
0.0073261	0.01	0.2	0.767361	248.069	0
0.0073261	0.01	0.2	0.822243	244.588	0
0.0073261	0.01	0.2	0.881049	241.119	0
0.0073261	0.01	0.2	0.944061	237.714	0
0.0073261	0.01	0.2	1.01158	234.429	0
0.0073261	0.01	0.2	1.08393	231.325	0
0.0073261	0.01	0.2	1.16145	228.471	0
0.0073261	0.01	0.2	1.24451	225.947	0
0.0073261	0.01	0.2	1.33352	223.847	0
0.0073261	0.01	0.2	1.42889	222.282	0
0.0073261	0.01	0.2	1.53109	221.372	0
0.0073261	0.01	0.2	1.64059	221.229	0
0.0073261	0.01	0.2	1.75792	221.932	0
0.0073261	0.01	0.2	1.88365	223.491	0
0.0073261	0.01	0.2	2.01837	225.812	0
0.0073261	0.01	0.2	2.16272	228.658	0
0.0073261	0.01	0.2	2.31739	231.599	0
0.0073261	0.01	0.2	2.48313	233.959	0
0.0073261	0.01	0.2	2.66073	234.826	0
0.0073261	0.01	0.2	2.85102	233.252	0
0.0073261	0.01	0.2	3.05492	228.745	0
0.0073261	0.01	0.2	3.27341	221.854	0
0.0073261	0.01	0.2	3.50752	214.349	0
0.0073261	0.01	0.2	3.75837	208.605	0
0.0073261	0.01	0.2	4.02717	206.324	0
0.0073261	0.01	0.2	4.31519	207.275	0
0.0073261	0.01	0.2	4.62381	209.12	0
0.0073261	0.01	0.2	4.9545	209.076	0
0.0073261	0.01	0.2	5.30884	206.05	0
0.0073261	0.01	0.2	5.68853	201.299	0
0.0073261	0.01	0.2	6.09537	197.21	0
0.0073261	0.01	0.2	6.53131	195.516	0
0.0073261	0.01	0.2	6.99842	197.374	0
0.0073261	0.01	0.2	7.49894	202.006	0
0.0073261	0.01	0.2	8.03526	205.684	0
0.0073261	0.01	0.2	8.60994	206.806	0
0.0073261	0.01	0.2	9.22571	208.293	0
0.0073261	0.01	0.2	9.88553	212.366	0
0.0073261	0.01	0.2	10.5925	217.371	0
0.0073261	0.01	0.2	11.3501	221.787	0
0.0073261	0.01	0.2	12.1619	226.137	0
0.0073261	0.01	0.2	13.0317	230.38	0
0.0073261	0.01	0.2	13.9637	230.65	0
0.0073261	0.01	0.2	14.9624	224.871	0
0.0073261	0.01	0.2	16.0325	217.021	0
0.0073261	0.01	0.2	17.1791	212.006	0
0.0073261	0.01	0.2	18.4077	211.054	0
0.0073261	0.01	0.2	19.7242	211.615	0
0.0073261	0.01	0.2	21.1349	212.719	0
0.0073261	0.01	0.2	22.6464	215.357	0
0.0073261	0.01	0.2	24.2661	216.132	0
0.0073261	0.01	0.2	26.0016	215.543	0
0.0073261	0.01	0.2	27.8612	214.384	0
0.0073261	0.01	0.2	29.8538	213.405	0
0.0073261	0.01	0.2	31.989	214.884	0
0.0073261	0.01	0.2	34.2768	212.482	0
0.0073261	0.01	0.2	36.7282	207.952	0
0.0073261	0.01	0.2	39.355	208.937	0
0.0073261	0.01	0.2	42.1697	208.681	0
0.0073261	0.01	0.2	45.1856	213.274	0
0.0073261	0.01	0.2	48.4172	214.104	0
0.0073261	0.01	0.2	51.88	209.675	0
0.0073261	0.01	0.2	55.5904	211.783	0
0.0073261	0.01	0.2	59.5662	211.16	0
0.0073261	0.01	0.2	63.8263	211.312	0
0.0073261	0.01	0.2	68.3912	210.049	0
0.0073261	0.01	0.2	73.2825	208.937	0
0.0073261	0.01	0.2	78.5236	210.108	0
0.0073261	0.01	0.2	84.1395	211.657	0
0.0073261	0.01	0.2	90.1571	210.08	0
0.0073261	0.01	0.2	96.6051	208.856	0
0.0080043	0.01	0.2	0.103514	290.22	0
0.0080043	0.01	0.2	0.110917	290.014	0
0.0080043	0.01	0.2	0.11885	289.778	0
0.0080043	0.01	0.2	0.12735	289.508	0
0.0080043	0.01	0.2	0.136458	289.199	0
0.0080043	0.01	0.2	0.146218	288.846	0
0.0080043	0.01	0.2	0.156675	288.444	0
0.0080043	0.01	0.2	0.16788	287.985	0
0.0080043	0.01	0.2	0.179887	287.463	0
0.0080043	0.01	0.2	0.192752	286.868	0
0.0080043	0.01	0.2	0.206538	286.192	0
0.0080043	0.01	0.2	0.221309	285.426	0
0.0080043	0.01	0.2	0.237137	284.557	0
0.0080043	0.01	0.2	0.254097	283.576	0
0.0080043	0.01	0.2	0.27227	282.469	0
0.0080043	0.01	0.2	0.291743	281.224	0
0.0080043	0.01	0.2	0.312608	279.827	0
0.0080043	0.01	0.2	0.334965	278.266	0
0.0080043	0.01	0.2	0.358922	276.526	0
0.0080043	0.01	0.2	0.384592	274.597	0
0.0080043	0.01	0.2	0.412098	272.468	0
0.0080043	0.01	0.2	0.44157	270.13	0
0.0080043	0.01	0.2	0.473151	267.579	0
0.0080043	0.01	0.2	0.506991	264.814	0
0.0080043	0.01	0.2	0.54325	261.84	0
0.0080043	0.01	0.2	0.582103	258.666	0
0.0080043	0.01	0.2	0.623735	255.311	0
0.0080043	0.01	0.2	0.668344	251.799	0
0.0080043	0.01	0.2	0.716143	248.164	0
0.0080043	0.01	0.2	0.767361	244.444	0
0.0080043	0.01	0.2	0.822243	240.686	0
0.0080043	0.01	0.2	0.881049	236.941	0
0.0080043	0.01	0.2	0.944061	233.265	0
0.0080043	0.01	0.2	1.01158	229.716	0
0.0080043	0.01	0.2	1.08393	226.36	0
0.0080043	0.01	0.2	1.16145	223.267	0
0.0080043	0.01	0.2	1.24451	220.52	0
0.0080043	0.01	0.2	1.33352	218.218	0
0.0080043	0.01	0.2	1.42889	216.473	0
0.0080043	0.01	0.2	1.53109	215.409	0
0.0080043	0.01	0.2	1.64059	215.139	0
0.0080043	0.01	0.2	1.75792	215.743	0
0.0080043	0.01	0.2	1.88365	217.23	0
0.0080043	0.01	0.2	2.01837	219.5	0
0.0080043	0.01	0.2	2.16272	222.311	0
0.0080043	0.01	0.2	2.31739	225.231	0
0.0080043	0.01	0.2	2.48313	227.576	0
0.0080043	0.01	0.2	2.66073	228.425	0
0.0080043	0.01	0.2	2.85102	226.816	0
0.0080043	0.01	0.2	3.05492	222.248	0
0.0080043	0.01	0.2	3.27341	215.267	0
0.0080043	0.01	0.2	3.50752	207.643	0
0.0080043	0.01	0.2	3.75837	201.747	0
0.0080043	0.01	0.2	4.02717	199.278	0
0.0080043	0.01	0.2	4.31519	200.003	0
0.0080043	0.01	0.2	4.62381	201.593	0
0.0080043	0.01	0.2	4.9545	201.288	0
0.0080043	0.01	0.2	5.30884	198.05	0
0.0080043	0.01	0.2	5.68853	193.173	0
0.0080043	0.01	0.2	6.09537	189.045	0
0.0080043	0.01	0.2	6.53131	187.355	0
0.0080043	0.01	0.2	6.99842	189.245	0
0.0080043	0.01	0.2	7.49894	193.971	0
0.0080043	0.01	0.2	8.03526	197.826	0
0.0080043	0.01	0.2	8.60994	199.146	0
0.0080043	0.01	0.2	9.22571	200.798	0
0.0080043	0.01	0.2	9.88553	204.996	0
0.0080043	0.01	0.2	10.5925	210.102	0
0.0080043	0.01	0.2	11.3501	214.688	0
0.0080043	0.01	0.2	12.1619	219.263	0
0.0080043	0.01	0.2	13.0317	223.704	0
0.0080043	0.01	0.2	13.9637	224.063	0
0.0080043	0.01	0.2	14.9624	218.281	0
0.0080043	0.01	0.2	16.0325	210.388	0
0.0080043	0.01	0.2	17.1791	205.316	0
0.0080043	0.01	0.2	18.4077	204.304	0
0.0080043	0.01	0.2	19.7242	204.807	0
0.0080043	0.01	0.2	21.1349	205.826	0
0.0080043	0.01	0.2	22.6464	208.443	0
0.0080043	0.01	0.2	24.2661	209.283	0
0.0080043	0.01	0.2	26.0016	208.792	0
0.0080043	0.01	0.2	27.8612	207.667	0
0.0080043	0.01	0.2	29.8538	206.613	0
0.0080043	0.01	0.2	31.989	207.966	0
0.0080043	0.01	0.2	34.2768	205.489	0
0.0080043	0.01	0.2	36.7282	200.921	0
0.0080043	0.01	0.2	39.355	201.897	0
0.0080043	0.01	0.2	42.1697	201.654	0
0.0080043	0.01	0.2	45.1856	206.291	0
0.0080043	0.01	0.2	48.4172	207.204	0
0.0080043	0.01	0.2	51.88	202.849	0
0.0080043	0.01	0.2	55.5904	204.947	0
0.0080043	0.01	0.2	59.5662	204.244	0
0.0080043	0.01	0.2	63.8263	204.328	0
0.0080043	0.01	0.2	68.3912	203.087	0
0.0080043	0.01	0.2	73.2825	202.014	0
0.0080043	0.01	0.2	78.5236	203.229	0
0.0080043	0.01	0.2	84.1395	204.76	0
0.0080043	0.01	0.2	90.1571	203.158	0
0.0080043	0.01	0.2	96.6051	201.911	0
0.0087453	0.01	0.2	0.103514	290.097	0
0.0087453	0.01	0.2	0.110917	289.873	0
0.0087453	0.01	0.2	0.11885	289.616	0
0.0087453	0.01	0.2	0.12735	289.322	0
0.0087453	0.01	0.2	0.136458	288.987	0
0.0087453	0.01	0.2	0.146218	288.603	0
0.0087453	0.01	0.2	0.156675	288.166	0
0.0087453	0.01	0.2	0.16788	287.667	0
0.0087453	0.01	0.2	0.179887	287.099	0
0.0087453	0.01	0.2	0.192752	286.453	0
0.0087453	0.01	0.2	0.206538	285.719	0
0.0087453	0.01	0.2	0.221309	284.886	0
0.0087453	0.01	0.2	0.237137	283.943	0
0.0087453	0.01	0.2	0.254097	282.877	0
0.0087453	0.01	0.2	0.27227	281.675	0
0.0087453	0.01	0.2	0.291743	280.323	0
0.0087453	0.01	0.2	0.312608	278.807	0
0.0087453	0.01	0.2	0.334965	277.112	0
0.0087453	0.01	0.2	0.358922	275.225	0
0.0087453	0.01	0.2	0.384592	273.133	0
0.0087453	0.01	0.2	0.412098	270.825	0
0.0087453	0.01	0.2	0.44157	268.292	0
0.0087453	0.01	0.2	0.473151	265.529	0
0.0087453	0.01	0.2	0.506991	262.535	0
0.0087453	0.01	0.2	0.54325	259.316	0
0.0087453	0.01	0.2	0.582103	255.883	0
0.0087453	0.01	0.2	0.623735	252.257	0
0.0087453	0.01	0.2	0.668344	248.463	0
0.0087453	0.01	0.2	0.716143	244.537	0
0.0087453	0.01	0.2	0.767361	240.523	0
0.0087453	0.01	0.2	0.822243	236.469	0
0.0087453	0.01	0.2	0.881049	232.431	0
0.0087453	0.01	0.2	0.944061	228.466	0
0.0087453	0.01	0.2	1.01158	224.639	0
0.0087453	0.01	0.2	1.08393	221.016	0
0.0087453	0.01	0.2	1.16145	217.671	0
0.0087453	0.01	0.2	1.24451	214.691	0
0.0087453	0.01	0.2	1.33352	212.177	0
0.0087453	0.01	0.2	1.42889	210.244	0
0.0087453	0.01	0.2	1.53109	209.019	0
0.0087453	0.01	0.2	1.64059	208.617	0
0.0087453	0.01	0.2	1.75792	209.118	0
0.0087453	0.01	0.2	1.88365	210.529	0
0.0087453	0.01	0.2	2.01837	212.745	0
0.0087453	0.01	0.2	2.16272	215.521	0
0.0087453	0.01	0.2	2.31739	218.418	0
0.0087453	0.01	0.2	2.48313	220.748	0
0.0087453	0.01	0.2	2.66073	221.578	0
0.0087453	0.01	0.2	2.85102	219.934	0
0.0087453	0.01	0.2	3.05492	215.302	0
0.0087453	0.01	0.2	3.27341	208.226	0
0.0087453	0.01	0.2	3.50752	200.476	0
0.0087453	0.01	0.2	3.75837	194.42	0
0.0087453	0.01	0.2	4.02717	191.748	0
0.0087453	0.01	0.2	4.31519	192.23	0
0.0087453	0.01	0.2	4.62381	193.544	0
0.0087453	0.01	0.2	4.9545	192.961	0
0.0087453	0.01	0.2	5.30884	189.497	0
0.0087453	0.01	0.2	5.68853	184.489	0
0.0087453	0.01	0.2	6.09537	180.323	0
0.0087453	0.01	0.2	6.53131	178.643	0
0.0087453	0.01	0.2	6.99842	180.572	0
0.0087453	0.01	0.2	7.49894	185.406	0
0.0087453	0.01	0.2	8.03526	189.455	0
0.0087453	0.01	0.2	8.60994	190.986	0
0.0087453	0.01	0.2	9.22571	192.812	0
0.0087453	0.01	0.2	9.88553	197.136	0
0.0087453	0.01	0.2	10.5925	202.344	0
0.0087453	0.01	0.2	11.3501	207.107	0
0.0087453	0.01	0.2	12.1619	211.92	0
0.0087453	0.01	0.2	13.0317	216.571	0
0.0087453	0.01	0.2	13.9637	217.027	0
0.0087453	0.01	0.2	14.9624	211.244	0
0.0087453	0.01	0.2	16.0325	203.307	0
0.0087453	0.01	0.2	17.1791	198.175	0
0.0087453	0.01	0.2	18.4077	197.101	0
0.0087453	0.01	0.2	19.7242	197.544	0
0.0087453	0.01	0.2	21.1349	198.466	0
0.0087453	0.01	0.2	22.6464	201.054	0
0.0087453	0.01	0.2	24.2661	201.954	0
0.0087453	0.01	0.2	26.0016	201.564	0
0.0087453	0.01	0.2	27.8612	200.473	0
0.0087453	0.01	0.2	29.8538	199.338	0
0.0087453	0.01	0.2	31.989	200.561	0
0.0087453	0.01	0.2	34.2768	198.008	0
0.0087453	0.01	0.2	36.7282	193.41	0
0.0087453	0.01	0.2	39.355	194.381	0
0.0087453	0.01	0.2	42.1697	194.154	0
0.0087453	0.01	0.2	45.1856	198.835	0
0.0087453	0.01	0.2	48.4172	199.835	0
0.0087453	0.01	0.2	51.88	195.559	0
0.0087453	0.01	0.2	55.5904	197.642	0
0.0087453	0.01	0.2	59.5662	196.845	0
0.0087453	0.01	0.2	63.8263	196.85	0
0.0087453	0.01	0.2	68.3912	195.634	0
0.0087453	0.01	0.2	73.2825	194.605	0
0.0087453	0.01	0.2	78.5236	195.868	0
0.0087453	0.01	0.2	84.1395	197.377	0
0.0087453	0.01	0.2	90.1571	195.749	0
0.0087453	0.01	0.2	96.6051	194.477	0
0.00955489	0.01	0.2	0.103514	289.962	0
0.00955489	0.01	0.2	0.110917	289.718	0
0.00955489	0.01	0.2	0.11885	289.439	0
0.00955489	0.01	0.2	0.12735	289.12	0
0.00955489	0.01	0.2	0.136458	288.755	0
0.00955489	0.01	0.2	0.146218	288.338	0
0.00955489	0.01	0.2	0.156675	287.862	0
0.00955489	0.01	0.2	0.16788	287.32	0
0.00955489	0.01	0.2	0.179887	286.703	0
0.00955489	0.01	0.2	0.192752	286	0
0.00955489	0.01	0.2	0.206538	285.202	0
0.00955489	0.01	0.2	0.221309	284.297	0
0.00955489	0.01	0.2	0.237137	283.272	0
0.00955489	0.01	0.2	0.254097	282.114	0
0.00955489	0.01	0.2	0.27227	280.809	0
0.00955489	0.01	0.2	0.291743	279.341	0
0.00955489	0.01	0.2	0.312608	277.695	0
0.00955489	0.01	0.2	0.334965	275.856	0
0.00955489	0.01	0.2	0.358922	273.809	0
0.00955489	0.01	0.2	0.384592	271.54	0
0.00955489	0.01	0.2	0.412098	269.038	0
0.00955489	0.01	0.2	0.44157	266.293	0
0.00955489	0.01	0.2	0.473151	263.3	0
0.00955489	0.01	0.2	0.506991	260.059	0
0.00955489	0.01	0.2	0.54325	256.577	0
0.00955489	0.01	0.2	0.582103	252.865	0
0.00955489	0.01	0.2	0.623735	248.947	0
0.00955489	0.01	0.2	0.668344	244.85	0
0.00955489	0.01	0.2	0.716143	240.615	0
0.00955489	0.01	0.2	0.767361	236.286	0
0.00955489	0.01	0.2	0.822243	231.918	0
0.00955489	0.01	0.2	0.881049	227.568	0
0.00955489	0.01	0.2	0.944061	223.299	0
0.00955489	0.01	0.2	1.01158	219.177	0
0.00955489	0.01	0.2	1.08393	215.274	0
0.00955489	0.01	0.2	1.16145	211.666	0
0.00955489	0.01	0.2	1.24451	208.442	0
0.00955489	0.01	0.2	1.33352	205.707	0
0.00955489	0.01	0.2	1.42889	203.579	0
0.00955489	0.01	0.2	1.53109	202.186	0
0.00955489	0.01	0.2	1.64059	201.648	0
0.00955489	0.01	0.2	1.75792	202.043	0
0.00955489	0.01	0.2	1.88365	203.374	0
0.00955489	0.01	0.2	2.01837	205.536	0
0.00955489	0.01	0.2	2.16272	208.275	0
0.00955489	0.01	0.2	2.31739	211.147	0
0.00955489	0.01	0.2	2.48313	213.461	0
0.00955489	0.01	0.2	2.66073	214.272	0
0.00955489	0.01	0.2	2.85102	212.591	0
0.00955489	0.01	0.2	3.05492	207.894	0
0.00955489	0.01	0.2	3.27341	200.719	0
0.00955489	0.01	0.2	3.50752	192.839	0
0.00955489	0.01	0.2	3.75837	186.611	0
0.00955489	0.01	0.2	4.02717	183.722	0
0.00955489	0.01	0.2	4.31519	183.944	0
0.00955489	0.01	0.2	4.62381	184.961	0
0.00955489	0.01	0.2	4.9545	184.079	0
0.00955489	0.01	0.2	5.30884	180.376	0
0.00955489	0.01	0.2	5.68853	175.232	0
0.00955489	0.01	0.2	6.09537	171.031	0
0.00955489	0.01	0.2	6.53131	169.368	0
0.00955489	0.01	0.2	6.99842	171.348	0
0.00955489	0.01	0.2	7.49894	176.305	0
0.00955489	0.01	0.2	8.03526	180.563	0
0.00955489	0.01	0.2	8.60994	182.321	0
0.00955489	0.01	0.2	9.22571	184.328	0
0.00955489	0.01	0.2	9.88553	188.778	0
0.00955489	0.01	0.2	10.5925	194.087	0
0.00955489	0.01	0.2	11.3501	199.033	0
0.00955489	0.01	0.2	12.1619	204.095	0
0.00955489	0.01	0.2	13.0317	208.97	0
0.00955489	0.01	0.2	13.9637	209.53	0
0.00955489	0.01	0.2	14.9624	203.749	0
0.00955489	0.01	0.2	16.0325	195.766	0
0.00955489	0.01	0.2	17.1791	190.575	0
0.00955489	0.01	0.2	18.4077	189.438	0
0.00955489	0.01	0.2	19.7242	189.815	0
0.00955489	0.01	0.2	21.1349	190.63	0
0.00955489	0.01	0.2	22.6464	193.176	0
0.00955489	0.01	0.2	24.2661	194.132	0
0.00955489	0.01	0.2	26.0016	193.843	0
0.00955489	0.01	0.2	27.8612	192.786	0
0.00955489	0.01	0.2	29.8538	191.565	0
0.00955489	0.01	0.2	31.989	192.651	0
0.00955489	0.01	0.2	34.2768	190.026	0
0.00955489	0.01	0.2	36.7282	185.405	0
0.00955489	0.01	0.2	39.355	186.381	0
0.00955489	0.01	0.2	42.1697	186.173	0
0.00955489	0.01	0.2	45.1856	190.896	0
0.00955489	0.01	0.2	48.4172	191.988	0
0.00955489	0.01	0.2	51.88	187.797	0
0.00955489	0.01	0.2	55.5904	189.857	0
0.00955489	0.01	0.2	59.5662	188.949	0
0.00955489	0.01	0.2	63.8263	188.863	0
0.00955489	0.01	0.2	68.3912	187.676	0
0.00955489	0.01	0.2	73.2825	186.696	0
0.00955489	0.01	0.2	78.5236	188.007	0
0.00955489	0.01	0.2	84.1395	189.492	0
0.00955489	0.01	0.2	90.1571	187.838	0
0.00955489	0.01	0.2	96.6051	186.537	0
0.0104394	0.01	0.2	0.103514	289.815	0
0.0104394	0.01	0.2	0.110917	289.55	0
0.0104394	0.01	0.2	0.11885	289.246	0
0.0104394	0.01	0.2	0.12735	288.898	0
0.0104394	0.01	0.2	0.136458	288.501	0
0.0104394	0.01	0.2	0.146218	288.048	0
0.0104394	0.01	0.2	0.156675	287.531	0
0.0104394	0.01	0.2	0.16788	286.941	0
0.0104394	0.01	0.2	0.179887	286.27	0
0.0104394	0.01	0.2	0.192752	285.506	0
0.0104394	0.01	0.2	0.206538	284.638	0
0.0104394	0.01	0.2	0.221309	283.655	0
0.0104394	0.01	0.2	0.237137	282.541	0
0.0104394	0.01	0.2	0.254097	281.283	0
0.0104394	0.01	0.2	0.27227	279.864	0
0.0104394	0.01	0.2	0.291743	278.27	0
0.0104394	0.01	0.2	0.312608	276.483	0
0.0104394	0.01	0.2	0.334965	274.487	0
0.0104394	0.01	0.2	0.358922	272.266	0
0.0104394	0.01	0.2	0.384592	269.806	0
0.0104394	0.01	0.2	0.412098	267.093	0
0.0104394	0.01	0.2	0.44157	264.119	0
0.0104394	0.01	0.2	0.473151	260.878	0
0.0104394	0.01	0.2	0.506991	257.371	0
0.0104394	0.01	0.2	0.54325	253.605	0
0.0104394	0.01	0.2	0.582103	249.595	0
0.0104394	0.01	0.2	0.623735	245.363	0
0.0104394	0.01	0.2	0.668344	240.943	0
0.0104394	0.01	0.2	0.716143	236.377	0
0.0104394	0.01	0.2	0.767361	231.714	0
0.0104394	0.01	0.2	0.822243	227.011	0
0.0104394	0.01	0.2	0.881049	222.332	0
0.0104394	0.01	0.2	0.944061	217.743	0
0.0104394	0.01	0.2	1.01158	213.313	0
0.0104394	0.01	0.2	1.08393	209.116	0
0.0104394	0.01	0.2	1.16145	205.234	0
0.0104394	0.01	0.2	1.24451	201.757	0
0.0104394	0.01	0.2	1.33352	198.793	0
0.0104394	0.01	0.2	1.42889	196.464	0
0.0104394	0.01	0.2	1.53109	194.9	0
0.0104394	0.01	0.2	1.64059	194.222	0
0.0104394	0.01	0.2	1.75792	194.507	0
0.0104394	0.01	0.2	1.88365	195.758	0
0.0104394	0.01	0.2	2.01837	197.861	0
0.0104394	0.01	0.2	2.16272	200.562	0
0.0104394	0.01	0.2	2.31739	203.41	0
0.0104394	0.01	0.2	2.48313	205.707	0
0.0104394	0.01	0.2	2.66073	206.498	0
0.0104394	0.01	0.2	2.85102	204.78	0
0.0104394	0.01	0.2	3.05492	200.016	0
0.0104394	0.01	0.2	3.27341	192.741	0
0.0104394	0.01	0.2	3.50752	184.723	0
0.0104394	0.01	0.2	3.75837	178.315	0
0.0104394	0.01	0.2	4.02717	175.194	0
0.0104394	0.01	0.2	4.31519	175.135	0
0.0104394	0.01	0.2	4.62381	175.834	0
0.0104394	0.01	0.2	4.9545	174.635	0
0.0104394	0.01	0.2	5.30884	170.68	0
0.0104394	0.01	0.2	5.68853	165.395	0
0.0104394	0.01	0.2	6.09537	161.162	0
0.0104394	0.01	0.2	6.53131	159.525	0
0.0104394	0.01	0.2	6.99842	161.569	0
0.0104394	0.01	0.2	7.49894	166.666	0
0.0104394	0.01	0.2	8.03526	171.154	0
0.0104394	0.01	0.2	8.60994	173.153	0
0.0104394	0.01	0.2	9.22571	175.345	0
0.0104394	0.01	0.2	9.88553	179.919	0
0.0104394	0.01	0.2	10.5925	185.328	0
0.0104394	0.01	0.2	11.3501	190.461	0
0.0104394	0.01	0.2	12.1619	195.783	0
0.0104394	0.01	0.2	13.0317	200.893	0
0.0104394	0.01	0.2	13.9637	201.566	0
0.0104394	0.01	0.2	14.9624	195.79	0
0.0104394	0.01	0.2	16.0325	187.762	0
0.0104394	0.01	0.2	17.1791	182.512	0
0.0104394	0.01	0.2	18.4077	181.312	0
0.0104394	0.01	0.2	19.7242	181.618	0
0.0104394	0.01	0.2	21.1349	182.313	0
0.0104394	0.01	0.2	22.6464	184.804	0
0.0104394	0.01	0.2	24.2661	185.807	0
0.0104394	0.01	0.2	26.0016	185.617	0
0.0104394	0.01	0.2	27.8612	184.593	0
0.0104394	0.01	0.2	29.8538	183.282	0
0.0104394	0.01	0.2	31.989	184.226	0
0.0104394	0.01	0.2	34.2768	181.533	0
0.0104394	0.01	0.2	36.7282	176.901	0
0.0104394	0.01	0.2	39.355	177.891	0
0.0104394	0.01	0.2	42.1697	177.705	0
0.0104394	0.01	0.2	45.1856	182.47	0
0.0104394	0.01	0.2	48.4172	183.657	0
0.0104394	0.01	0.2	51.88	179.556	0
0.0104394	0.01	0.2	55.5904	181.585	0
0.0104394	0.01	0.2	59.5662	180.545	0
0.0104394	0.01	0.2	63.8263	180.356	0
0.0104394	0.01	0.2	68.3912	179.2	0
0.0104394	0.01	0.2	73.2825	178.277	0
0.0104394	0.01	0.2	78.5236	179.637	0
0.0104394	0.01	0.2	84.1395	181.096	0
0.0104394	0.01	0.2	90.1571	179.412	0
0.0104394	0.01	0.2	96.6051	178.082	0
0.0114058	0.01	0.2	0.103514	289.655	0
0.0114058	0.01	0.2	0.110917	289.366	0
0.0114058	0.01	0.2	0.11885	289.035	0
0.0114058	0.01	0.2	0.12735	288.657	0
0.0114058	0.01	0.2	0.136458	288.225	0
0.0114058	0.01	0.2	0.146218	287.732	0
0.0114058	0.01	0.2	0.156675	287.169	0
0.0114058	0.01	0.2	0.16788	286.528	0
0.0114058	0.01	0.2	0.179887	285.797	0
0.0114058	0.01	0.2	0.192752	284.967	0
0.0114058	0.01	0.2	0.206538	284.023	0
0.0114058	0.01	0.2	0.221309	282.954	0
0.0114058	0.01	0.2	0.237137	281.743	0
0.0114058	0.01	0.2	0.254097	280.376	0
0.0114058	0.01	0.2	0.27227	278.835	0
0.0114058	0.01	0.2	0.291743	277.104	0
0.0114058	0.01	0.2	0.312608	275.163	0
0.0114058	0.01	0.2	0.334965	272.997	0
0.0114058	0.01	0.2	0.358922	270.587	0
0.0114058	0.01	0.2	0.384592	267.919	0
0.0114058	0.01	0.2	0.412098	264.979	0
0.0114058	0.01	0.2	0.44157	261.758	0
0.0114058	0.01	0.2	0.473151	258.249	0
0.0114058	0.01	0.2	0.506991	254.456	0
0.0114058	0.01	0.2	0.54325	250.384	0
0.0114058	0.01	0.2	0.582103	246.053	0
0.0114058	0.01	0.2	0.623735	241.486	0
0.0114058	0.01	0.2	0.668344	236.721	0
0.0114058	0.01	0.2	0.716143	231.803	0
0.0114058	0.01	0.2	0.767361	226.785	0
0.0114058	0.01	0.2	0.822243	221.73	0
0.0114058	0.01	0.2	0.881049	216.704	0
0.0114058	0.01	0.2	0.944061	211.779	0
0.0114058	0.01	0.2	1.01158	207.027	0
0.0114058	0.01	0.2	1.08393	202.526	0
0.0114058	0.01	0.2	1.16145	198.36	0
0.0114058	0.01	0.2	1.24451	194.623	0
0.0114058	0.01	0.2	1.33352	191.425	0
0.0114058	0.01	0.2	1.42889	188.89	0
0.0114058	0.01	0.2	1.53109	187.152	0
0.0114058	0.01	0.2	1.64059	186.332	0
0.0114058	0.01	0.2	1.75792	186.506	0
0.0114058	0.01	0.2	1.88365	187.673	0
0.0114058	0.01	0.2	2.01837	189.718	0
0.0114058	0.01	0.2	2.16272	192.379	0
0.0114058	0.01	0.2	2.31739	195.202	0
0.0114058	0.01	0.2	2.48313	197.481	0
0.0114058	0.01	0.2	2.66073	198.253	0
0.0114058	0.01	0.2	2.85102	196.498	0
0.0114058	0.01	0.2	3.05492	191.667	0
0.0114058	0.01	0.2	3.27341	184.289	0
0.0114058	0.01	0.2	3.50752	176.13	0
0.0114058	0.01	0.2	3.75837	169.531	0
0.0114058	0.01	0.2	4.02717	166.164	0
0.0114058	0.01	0.2	4.31519	165.803	0
0.0114058	0.01	0.2	4.62381	166.161	0
0.0114058	0.01	0.2	4.9545	164.624	0
0.0114058	0.01	0.2	5.30884	160.405	0
0.0114058	0.01	0.2	5.68853	154.976	0
0.0114058	0.01	0.2	6.09537	150.716	0
0.0114058	0.01	0.2	6.53131	149.118	0
0.0114058	0.01	0.2	6.99842	151.243	0
0.0114058	0.01	0.2	7.49894	156.5	0
0.0114058	0.01	0.2	8.03526	161.237	0
0.0114058	0.01	0.2	8.60994	163.492	0
0.0114058	0.01	0.2	9.22571	165.874	0
0.0114058	0.01	0.2	9.88553	170.567	0
0.0114058	0.01	0.2	10.5925	176.07	0
0.0114058	0.01	0.2	11.3501	181.394	0
0.0114058	0.01	0.2	12.1619	186.984	0
0.0114058	0.01	0.2	13.0317	192.341	0
0.0114058	0.01	0.2	13.9637	193.136	0
0.0114058	0.01	0.2	14.9624	187.369	0
0.0114058	0.01	0.2	16.0325	179.298	0
0.0114058	0.01	0.2	17.1791	173.989	0
0.0114058	0.01	0.2	18.4077	172.728	0
0.0114058	0.01	0.2	19.7242	172.958	0
0.0114058	0.01	0.2	21.1349	173.518	0
0.0114058	0.01	0.2	22.6464	175.935	0
0.0114058	0.01	0.2	24.2661	176.974	0
0.0114058	0.01	0.2	26.0016	176.88	0
0.0114058	0.01	0.2	27.8612	175.887	0
0.0114058	0.01	0.2	29.8538	174.48	0
0.0114058	0.01	0.2	31.989	175.28	0
0.0114058	0.01	0.2	34.2768	172.526	0
0.0114058	0.01	0.2	36.7282	167.897	0
0.0114058	0.01	0.2	39.355	168.915	0
0.0114058	0.01	0.2	42.1697	168.754	0
0.0114058	0.01	0.2	45.1856	173.558	0
0.0114058	0.01	0.2	48.4172	174.845	0
0.0114058	0.01	0.2	51.88	170.838	0
0.0114058	0.01	0.2	55.5904	172.827	0
0.0114058	0.01	0.2	59.5662	171.63	0
0.0114058	0.01	0.2	63.8263	171.321	0
0.0114058	0.01	0.2	68.3912	170.202	0
0.0114058	0.01	0.2	73.2825	169.342	0
0.0114058	0.01	0.2	78.5236	170.753	0
0.0114058	0.01	0.2	84.1395	172.181	0
0.0114058	0.01	0.2	90.1571	170.468	0
0.0114058	0.01	0.2	96.6051	169.105	0
0.0124617	0.01	0.2	0.103514	289.479	0
0.0124617	0.01	0.2	0.110917	289.164	0
0.0124617	0.01	0.2	0.11885	288.805	0
0.0124617	0.01	0.2	0.12735	288.393	0
0.0124617	0.01	0.2	0.136458	287.923	0
0.0124617	0.01	0.2	0.146218	287.386	0
0.0124617	0.01	0.2	0.156675	286.774	0
0.0124617	0.01	0.2	0.16788	286.076	0
0.0124617	0.01	0.2	0.179887	285.282	0
0.0124617	0.01	0.2	0.192752	284.378	0
0.0124617	0.01	0.2	0.206538	283.352	0
0.0124617	0.01	0.2	0.221309	282.189	0
0.0124617	0.01	0.2	0.237137	280.873	0
0.0124617	0.01	0.2	0.254097	279.387	0
0.0124617	0.01	0.2	0.27227	277.713	0
0.0124617	0.01	0.2	0.291743	275.833	0
0.0124617	0.01	0.2	0.312608	273.726	0
0.0124617	0.01	0.2	0.334965	271.375	0
0.0124617	0.01	0.2	0.358922	268.761	0
0.0124617	0.01	0.2	0.384592	265.868	0
0.0124617	0.01	0.2	0.412098	262.682	0
0.0124617	0.01	0.2	0.44157	259.193	0
0.0124617	0.01	0.2	0.473151	255.397	0
0.0124617	0.01	0.2	0.506991	251.295	0
0.0124617	0.01	0.2	0.54325	246.896	0
0.0124617	0.01	0.2	0.582103	242.221	0
0.0124617	0.01	0.2	0.623735	237.297	0
0.0124617	0.01	0.2	0.668344	232.164	0
0.0124617	0.01	0.2	0.716143	226.873	0
0.0124617	0.01	0.2	0.767361	221.481	0
0.0124617	0.01	0.2	0.822243	216.054	0
0.0124617	0.01	0.2	0.881049	210.666	0
0.0124617	0.01	0.2	0.944061	205.39	0
0.0124617	0.01	0.2	1.01158	200.305	0
0.0124617	0.01	0.2	1.08393	195.491	0
0.0124617	0.01	0.2	1.16145	191.034	0
0.0124617	0.01	0.2	1.24451	187.032	0
0.0124617	0.01	0.2	1.33352	183.596	0
0.0124617	0.01	0.2	1.42889	180.854	0
0.0124617	0.01	0.2	1.53109	178.941	0
0.0124617	0.01	0.2	1.64059	177.977	0
0.0124617	0.01	0.2	1.75792	178.04	0
0.0124617	0.01	0.2	1.88365	179.124	0
0.0124617	0.01	0.2	2.01837	181.11	0
0.0124617	0.01	0.2	2.16272	183.73	0
0.0124617	0.01	0.2	2.31739	186.527	0
0.0124617	0.01	0.2	2.48313	188.788	0
0.0124617	0.01	0.2	2.66073	189.541	0
0.0124617	0.01	0.2	2.85102	187.75	0
0.0124617	0.01	0.2	3.05492	182.853	0
0.0124617	0.01	0.2	3.27341	175.371	0
0.0124617	0.01	0.2	3.50752	167.067	0
0.0124617	0.01	0.2	3.75837	160.27	0
0.0124617	0.01	0.2	4.02717	156.639	0
0.0124617	0.01	0.2	4.31519	155.955	0
0.0124617	0.01	0.2	4.62381	155.949	0
0.0124617	0.01	0.2	4.9545	154.056	0
0.0124617	0.01	0.2	5.30884	149.56	0
0.0124617	0.01	0.2	5.68853	143.987	0
0.0124617	0.01	0.2	6.09537	139.706	0
0.0124617	0.01	0.2	6.53131	138.16	0
0.0124617	0.01	0.2	6.99842	140.386	0
0.0124617	0.01	0.2	7.49894	145.827	0
0.0124617	0.01	0.2	8.03526	150.836	0
0.0124617	0.01	0.2	8.60994	153.361	0
0.0124617	0.01	0.2	9.22571	155.935	0
0.0124617	0.01	0.2	9.88553	160.738	0
0.0124617	0.01	0.2	10.5925	166.329	0
0.0124617	0.01	0.2	11.3501	171.842	0
0.0124617	0.01	0.2	12.1619	177.708	0
0.0124617	0.01	0.2	13.0317	183.322	0
0.0124617	0.01	0.2	13.9637	184.25	0
0.0124617	0.01	0.2	14.9624	178.497	0
0.0124617	0.01	0.2	16.0325	170.383	0
0.0124617	0.01	0.2	17.1791	165.018	0
0.0124617	0.01	0.2	18.4077	163.699	0
0.0124617	0.01	0.2	19.7242	163.847	0
0.0124617	0.01	0.2	21.1349	164.256	0
0.0124617	0.01	0.2	22.6464	166.578	0
0.0124617	0.01	0.2	24.2661	167.638	0
0.0124617	0.01	0.2	26.0016	167.632	0
0.0124617	0.01	0.2	27.8612	166.668	0
0.0124617	0.01	0.2	29.8538	165.161	0
0.0124617	0.01	0.2	31.989	165.814	0
0.0124617	0.01	0.2	34.2768	163.009	0
0.0124617	0.01	0.2	36.7282	158.403	0
0.0124617	0.01	0.2	39.355	159.464	0
0.0124617	0.01	0.2	42.1697	159.335	0
0.0124617	0.01	0.2	45.1856	164.173	0
0.0124617	0.01	0.2	48.4172	165.561	0
0.0124617	0.01	0.2	51.88	161.655	0
0.0124617	0.01	0.2	55.5904	163.59	0
0.0124617	0.01	0.2	59.5662	162.209	0
0.0124617	0.01	0.2	63.8263	161.76	0
0.0124617	0.01	0.2	68.3912	160.683	0
0.0124617	0.01	0.2	73.2825	159.895	0
0.0124617	0.01	0.2	78.5236	161.357	0
0.0124617	0.01	0.2	84.1395	162.751	0
0.0124617	0.01	0.2	90.1571	161.006	0
0.0124617	0.01	0.2	96.6051	159.609	0
0.0136154	0.01	0.2	0.103514	289.287	0
0.0136154	0.01	0.2	0.110917	288.945	0
0.0136154	0.01	0.2	0.11885	288.553	0
0.0136154	0.01	0.2	0.12735	288.105	0
0.0136154	0.01	0.2	0.136458	287.593	0
0.0136154	0.01	0.2	0.146218	287.009	0
0.0136154	0.01	0.2	0.156675	286.343	0
0.0136154	0.01	0.2	0.16788	285.583	0
0.0136154	0.01	0.2	0.179887	284.719	0
0.0136154	0.01	0.2	0.192752	283.736	0
0.0136154	0.01	0.2	0.206538	282.62	0
0.0136154	0.01	0.2	0.221309	281.356	0
0.0136154	0.01	0.2	0.237137	279.925	0
0.0136154	0.01	0.2	0.254097	278.31	0
0.0136154	0.01	0.2	0.27227	276.491	0
0.0136154	0.01	0.2	0.291743	274.448	0
0.0136154	0.01	0.2	0.312608	272.161	0
0.0136154	0.01	0.2	0.334965	269.61	0
0.0136154	0.01	0.2	0.358922	266.775	0
0.0136154	0.01	0.2	0.384592	263.638	0
0.0136154	0.01	0.2	0.412098	260.187	0
0.0136154	0.01	0.2	0.44157	256.41	0
0.0136154	0.01	0.2	0.473151	252.304	0
0.0136154	0.01	0.2	0.506991	247.87	0
0.0136154	0.01	0.2	0.54325	243.122	0
0.0136154	0.01	0.2	0.582103	238.079	0
0.0136154	0.01	0.2	0.623735	232.775	0
0.0136154	0.01	0.2	0.668344	227.253	0
0.0136154	0.01	0.2	0.716143	221.567	0
0.0136154	0.01	0.2	0.767361	215.781	0
0.0136154	0.01	0.2	0.822243	209.966	0
0.0136154	0.01	0.2	0.881049	204.2	0
0.0136154	0.01	0.2	0.944061	198.562	0
0.0136154	0.01	0.2	1.01158	193.134	0
0.0136154	0.01	0.2	1.08393	188	0
0.0136154	0.01	0.2	1.16145	183.248	0
0.0136154	0.01	0.2	1.24451	178.979	0
0.0136154	0.01	0.2	1.33352	175.306	0
0.0136154	0.01	0.2	1.42889	172.358	0
0.0136154	0.01	0.2	1.53109	170.272	0
0.0136154	0.01	0.2	1.64059	169.167	0
0.0136154	0.01	0.2	1.75792	169.12	0
0.0136154	0.01	0.2	1.88365	170.122	0
0.0136154	0.01	0.2	2.01837	172.048	0
0.0136154	0.01	0.2	2.16272	174.627	0
0.0136154	0.01	0.2	2.31739	177.397	0
0.0136154	0.01	0.2	2.48313	179.641	0
0.0136154	0.01	0.2	2.66073	180.376	0
0.0136154	0.01	0.2	2.85102	178.551	0
0.0136154	0.01	0.2	3.05492	173.589	0
0.0136154	0.01	0.2	3.27341	166.005	0
0.0136154	0.01	0.2	3.50752	157.554	0
0.0136154	0.01	0.2	3.75837	150.549	0
0.0136154	0.01	0.2	4.02717	146.641	0
0.0136154	0.01	0.2	4.31519	145.612	0
0.0136154	0.01	0.2	4.62381	145.218	0
0.0136154	0.01	0.2	4.9545	142.948	0
0.0136154	0.01	0.2	5.30884	138.166	0
0.0136154	0.01	0.2	5.68853	132.448	0
0.0136154	0.01	0.2	6.09537	128.158	0
0.0136154	0.01	0.2	6.53131	126.681	0
0.0136154	0.01	0.2	6.99842	129.032	0
0.0136154	0.01	0.2	7.49894	134.685	0
0.0136154	0.01	0.2	8.03526	139.989	0
0.0136154	0.01	0.2	8.60994	142.8	0
0.0136154	0.01	0.2	9.22571	145.565	0
0.0136154	0.01	0.2	9.88553	150.465	0
0.0136154	0.01	0.2	10.5925	156.13	0
0.0136154	0.01	0.2	11.3501	161.829	0
0.0136154	0.01	0.2	12.1619	167.976	0
0.0136154	0.01	0.2	13.0317	173.856	0
0.0136154	0.01	0.2	13.9637	174.927	0
0.0136154	0.01	0.2	14.9624	169.195	0
0.0136154	0.01	0.2	16.0325	161.042	0
0.0136154	0.01	0.2	17.1791	155.626	0
0.0136154	0.01	0.2	18.4077	154.252	0
0.0136154	0.01	0.2	19.7242	154.313	0
0.0136154	0.01	0.2	21.1349	154.552	0
0.0136154	0.01	0.2	22.6464	156.752	0
0.0136154	0.01	0.2	24.2661	157.812	0
0.0136154	0.01	0.2	26.0016	157.886	0
0.0136154	0.01	0.2	27.8612	156.944	0
0.0136154	0.01	0.2	29.8538	155.333	0
0.0136154	0.01	0.2	31.989	155.839	0
0.0136154	0.01	0.2	34.2768	152.999	0
0.0136154	0.01	0.2	36.7282	148.439	0
0.0136154	0.01	0.2	39.355	149.565	0
0.0136154	0.01	0.2	42.1697	149.472	0
0.0136154	0.01	0.2	45.1856	154.338	0
0.0136154	0.01	0.2	48.4172	155.83	0
0.0136154	0.01	0.2	51.88	152.029	0
0.0136154	0.01	0.2	55.5904	153.895	0
0.0136154	0.01	0.2	59.5662	152.295	0
0.0136154	0.01	0.2	63.8263	151.685	0
0.0136154	0.01	0.2	68.3912	150.656	0
0.0136154	0.01	0.2	73.2825	149.949	0
0.0136154	0.01	0.2	78.5236	151.461	0
0.0136154	0.01	0.2	84.1395	152.816	0
0.0136154	0.01	0.2	90.1571	151.04	0
0.0136154	0.01	0.2	96.6051	149.604	0
0.0148758	0.01	0.2	0.103514	289.078	0
0.0148758	0.01	0.2	0.110917	288.705	0
0.0148758	0.01	0.2	0.11885	288.278	0
0.0148758	0.01	0.2	0.12735	287.791	0
0.0148758	0.01	0.2	0.136458	287.234	0
0.0148758	0.01	0.2	0.146218	286.598	0
0.0148758	0.01	0.2	0.156675	285.872	0
0.0148758	0.01	0.2	0.16788	285.046	0
0.0148758	0.01	0.2	0.179887	284.105	0
0.0148758	0.01	0.2	0.192752	283.036	0
0.0148758	0.01	0.2	0.206538	281.822	0
0.0148758	0.01	0.2	0.221309	280.447	0
0.0148758	0.01	0.2	0.237137	278.892	0
0.0148758	0.01	0.2	0.254097	277.136	0
0.0148758	0.01	0.2	0.27227	275.16	0
0.0148758	0.01	0.2	0.291743	272.941	0
0.0148758	0.01	0.2	0.312608	270.458	0
0.0148758	0.01	0.2	0.334965	267.69	0
0.0148758	0.01	0.2	0.358922	264.615	0
0.0148758	0.01	0.2	0.384592	261.216	0
0.0148758	0.01	0.2	0.412098	257.479	0
0.0148758	0.01	0.2	0.44157	253.392	0
0.0148758	0.01	0.2	0.473151	248.952	0
0.0148758	0.01	0.2	0.506991	244.164	0
0.0148758	0.01	0.2	0.54325	239.042	0
0.0148758	0.01	0.2	0.582103	233.608	0
0.0148758	0.01	0.2	0.623735	227.9	0
0.0148758	0.01	0.2	0.668344	221.966	0
0.0148758	0.01	0.2	0.716143	215.866	0
0.0148758	0.01	0.2	0.767361	209.668	0
0.0148758	0.01	0.2	0.822243	203.45	0
0.0148758	0.01	0.2	0.881049	197.293	0
0.0148758	0.01	0.2	0.944061	191.284	0
0.0148758	0.01	0.2	1.01158	185.507	0
0.0148758	0.01	0.2	1.08393	180.049	0
0.0148758	0.01	0.2	1.16145	175.003	0
0.0148758	0.01	0.2	1.24451	170.469	0
0.0148758	0.01	0.2	1.33352	166.563	0
0.0148758	0.01	0.2	1.42889	163.415	0
0.0148758	0.01	0.2	1.53109	161.16	0
0.0148758	0.01	0.2	1.64059	159.92	0
0.0148758	0.01	0.2	1.75792	159.767	0
0.0148758	0.01	0.2	1.88365	160.689	0
0.0148758	0.01	0.2	2.01837	162.557	0
0.0148758	0.01	0.2	2.16272	165.095	0
0.0148758	0.01	0.2	2.31739	167.838	0
0.0148758	0.01	0.2	2.48313	170.066	0
0.0148758	0.01	0.2	2.66073	170.783	0
0.0148758	0.01	0.2	2.85102	168.927	0
0.0148758	0.01	0.2	3.05492	163.905	0
0.0148758	0.01	0.2	3.27341	156.223	0
0.0148758	0.01	0.2	3.50752	147.623	0
0.0148758	0.01	0.2	3.75837	140.406	0
0.0148758	0.01	0.2	4.02717	136.204	0
0.0148758	0.01	0.2	4.31519	134.808	0
0.0148758	0.01	0.2	4.62381	134.001	0
0.0148758	0.01	0.2	4.9545	131.336	0
0.0148758	0.01	0.2	5.30884	126.26	0
0.0148758	0.01	0.2	5.68853	120.401	0
0.0148758	0.01	0.2	6.09537	116.113	0
0.0148758	0.01	0.2	6.53131	114.728	0
0.0148758	0.01	0.2	6.99842	117.234	0
0.0148758	0.01	0.2	7.49894	123.131	0
0.0148758	0.01	0.2	8.03526	128.756	0
0.0148758	0.01	0.2	8.60994	131.866	0
0.0148758	0.01	0.2	9.22571	134.816	0
0.0148758	0.01	0.2	9.88553	139.794	0
0.0148758	0.01	0.2	10.5925	145.518	0
0.0148758	0.01	0.2	11.3501	151.394	0
0.0148758	0.01	0.2	12.1619	157.822	0
0.0148758	0.01	0.2	13.0317	163.977	0
0.0148758	0.01	0.2	13.9637	165.202	0
0.0148758	0.01	0.2	14.9624	159.499	0
0.0148758	0.01	0.2	16.0325	151.31	0
0.0148758	0.01	0.2	17.1791	145.85	0
0.0148758	0.01	0.2	18.4077	144.428	0
0.0148758	0.01	0.2	19.7242	144.397	0
0.0148758	0.01	0.2	21.1349	144.443	0
0.0148758	0.01	0.2	22.6464	146.49	0
0.0148758	0.01	0.2	24.2661	147.523	0
0.0148758	0.01	0.2	26.0016	147.662	0
0.0148758	0.01	0.2	27.8612	146.738	0
0.0148758	0.01	0.2	29.8538	145.017	0
0.0148758	0.01	0.2	31.989	145.38	0
0.0148758	0.01	0.2	34.2768	142.523	0
0.0148758	0.01	0.2	36.7282	138.041	0
0.0148758	0.01	0.2	39.355	139.257	0
0.0148758	0.01	0.2	42.1697	139.206	0
0.0148758	0.01	0.2	45.1856	144.093	0
0.0148758	0.01	0.2	48.4172	145.688	0
0.0148758	0.01	0.2	51.88	141.997	0
0.0148758	0.01	0.2	55.5904	143.775	0
0.0148758	0.01	0.2	59.5662	141.915	0
0.0148758	0.01	0.2	63.8263	141.12	0
0.0148758	0.01	0.2	68.3912	140.145	0
0.0148758	0.01	0.2	73.2825	139.531	0
0.0148758	0.01	0.2	78.5236	141.092	0
0.0148758	0.01	0.2	84.1395	142.403	0
0.0148758	0.01	0.2	90.1571	140.594	0
0.0148758	0.01	0.2	96.6051	139.117	0
0.0162529	0.01	0.2	0.103514	288.85	0
0.0162529	0.01	0.2	0.110917	288.443	0
0.0162529	0.01	0.2	0.11885	287.979	0
0.0162529	0.01	0.2	0.12735	287.448	0
0.0162529	0.01	0.2	0.136458	286.841	0
0.0162529	0.01	0.2	0.146218	286.148	0
0.0162529	0.01	0.2	0.156675	285.359	0
0.0162529	0.01	0.2	0.16788	284.459	0
0.0162529	0.01	0.2	0.179887	283.436	0
0.0162529	0.01	0.2	0.192752	282.272	0
0.0162529	0.01	0.2	0.206538	280.952	0
0.0162529	0.01	0.2	0.221309	279.456	0
0.0162529	0.01	0.2	0.237137	277.765	0
0.0162529	0.01	0.2	0.254097	275.857	0
0.0162529	0.01	0.2	0.27227	273.71	0
0.0162529	0.01	0.2	0.291743	271.301	0
0.0162529	0.01	0.2	0.312608	268.606	0
0.0162529	0.01	0.2	0.334965	265.602	0
0.0162529	0.01	0.2	0.358922	262.269	0
0.0162529	0.01	0.2	0.384592	258.587	0
0.0162529	0.01	0.2	0.412098	254.541	0
0.0162529	0.01	0.2	0.44157	250.121	0
0.0162529	0.01	0.2	0.473151	245.325	0
0.0162529	0.01	0.2	0.506991	240.157	0
0.0162529	0.01	0.2	0.54325	234.636	0
0.0162529	0.01	0.2	0.582103	228.787	0
0.0162529	0.01	0.2	0.623735	222.653	0
0.0162529	0.01	0.2	0.668344	216.286	0
0.0162529	0.01	0.2	0.716143	209.752	0
0.0162529	0.01	0.2	0.767361	203.125	0
0.0162529	0.01	0.2	0.822243	196.49	0
0.0162529	0.01	0.2	0.881049	189.935	0
0.0162529	0.01	0.2	0.944061	183.548	0
0.0162529	0.01	0.2	1.01158	177.42	0
0.0162529	0.01	0.2	1.08393	171.641	0
0.0162529	0.01	0.2	1.16145	166.305	0
0.0162529	0.01	0.2	1.24451	161.515	0
0.0162529	0.01	0.2	1.33352	157.386	0
0.0162529	0.01	0.2	1.42889	154.048	0
0.0162529	0.01	0.2	1.53109	151.636	0
0.0162529	0.01	0.2	1.64059	150.268	0
0.0162529	0.01	0.2	1.75792	150.016	0
0.0162529	0.01	0.2	1.88365	150.863	0
0.0162529	0.01	0.2	2.01837	152.675	0
0.0162529	0.01	0.2	2.16272	155.174	0
0.0162529	0.01	0.2	2.31739	157.89	0
0.0162529	0.01	0.2	2.48313	160.101	0
0.0162529	0.01	0.2	2.66073	160.804	0
0.0162529	0.01	0.2	2.85102	158.921	0
0.0162529	0.01	0.2	3.05492	153.845	0
0.0162529	0.01	0.2	3.27341	146.071	0
0.0162529	0.01	0.2	3.50752	137.327	0
0.0162529	0.01	0.2	3.75837	129.891	0
0.0162529	0.01	0.2	4.02717	125.381	0
0.0162529	0.01	0.2	4.31519	123.596	0
0.0162529	0.01	0.2	4.62381	122.352	0
0.0162529	0.01	0.2	4.9545	119.273	0
0.0162529	0.01	0.2	5.30884	113.899	0
0.0162529	0.01	0.2	5.68853	107.905	0
0.0162529	0.01	0.2	6.09537	103.637	0
0.0162529	0.01	0.2	6.53131	102.37	0
0.0162529	0.01	0.2	6.99842	105.067	0
0.0162529	0.01	0.2	7.49894	111.245	0
0.0162529	0.01	0.2	8.03526	117.22	0
0.0162529	0.01	0.2	8.60994	120.641	0
0.0162529	0.01	0.2	9.22571	123.768	0
0.0162529	0.01	0.2	9.88553	128.798	0
0.0162529	0.01	0.2	10.5925	134.557	0
0.0162529	0.01	0.2	11.3501	140.595	0
0.0162529	0.01	0.2	12.1619	147.301	0
0.0162529	0.01	0.2	13.0317	153.734	0
0.0162529	0.01	0.2	13.9637	155.125	0
0.0162529	0.01	0.2	14.9624	149.461	0
0.0162529	0.01	0.2	16.0325	141.245	0
0.0162529	0.01	0.2	17.1791	135.749	0
0.0162529	0.01	0.2	18.4077	134.288	0
0.0162529	0.01	0.2	19.7242	134.159	0
0.0162529	0.01	0.2	21.1349	133.989	0
0.0162529	0.01	0.2	22.6464	135.842	0
0.0162529	0.01	0.2	24.2661	136.814	0
0.0162529	0.01	0.2	26.0016	136.998	0
0.0162529	0.01	0.2	27.8612	136.084	0
0.0162529	0.01	0.2	29.8538	134.251	0
0.0162529	0.01	0.2	31.989	134.476	0
0.0162529	0.01	0.2	34.2768	131.627	0
0.0162529	0.01	0.2	36.7282	127.262	0
0.0162529	0.01	0.2	39.355	128.6	0
0.0162529	0.01	0.2	42.1697	128.6	0
0.0162529	0.01	0.2	45.1856	133.495	0
0.0162529	0.01	0.2	48.4172	135.192	0
0.0162529	0.01	0.2	51.88	131.615	0
0.0162529	0.01	0.2	55.5904	133.283	0
0.0162529	0.01	0.2	59.5662	131.115	0
0.0162529	0.01	0.2	63.8263	130.104	0
0.0162529	0.01	0.2	68.3912	129.191	0
0.0162529	0.01	0.2	73.2825	128.682	0
0.0162529	0.01	0.2	78.5236	130.289	0
0.0162529	0.01	0.2	84.1395	131.55	0
0.0162529	0.01	0.2	90.1571	129.709	0
0.0162529	0.01	0.2	96.6051	128.187	0
0.0177575	0.01	0.2	0.103514	288.6	0
0.0177575	0.01	0.2	0.110917	288.158	0
0.0177575	0.01	0.2	0.11885	287.651	0
0.0177575	0.01	0.2	0.12735	287.073	0
0.0177575	0.01	0.2	0.136458	286.412	0
0.0177575	0.01	0.2	0.146218	285.658	0
0.0177575	0.01	0.2	0.156675	284.799	0
0.0177575	0.01	0.2	0.16788	283.819	0
0.0177575	0.01	0.2	0.179887	282.705	0
0.0177575	0.01	0.2	0.192752	281.439	0
0.0177575	0.01	0.2	0.206538	280.003	0
0.0177575	0.01	0.2	0.221309	278.376	0
0.0177575	0.01	0.2	0.237137	276.538	0
0.0177575	0.01	0.2	0.254097	274.464	0
0.0177575	0.01	0.2	0.27227	272.132	0
0.0177575	0.01	0.2	0.291743	269.516	0
0.0177575	0.01	0.2	0.312608	266.591	0
0.0177575	0.01	0.2	0.334965	263.334	0
0.0177575	0.01	0.2	0.358922	259.721	0
0.0177575	0.01	0.2	0.384592	255.734	0
0.0177575	0.01	0.2	0.412098	251.357	0
0.0177575	0.01	0.2	0.44157	246.579	0
0.0177575	0.01	0.2	0.473151	241.401	0
0.0177575	0.01	0.2	0.506991	235.829	0
0.0177575	0.01	0.2	0.54325	229.884	0
0.0177575	0.01	0.2	0.582103	223.597	0
0.0177575	0.01	0.2	0.623735	217.014	0
0.0177575	0.01	0.2	0.668344	210.193	0
0.0177575	0.01	0.2	0.716143	203.208	0
0.0177575	0.01	0.2	0.767361	196.14	0
0.0177575	0.01	0.2	0.822243	189.078	0
0.0177575	0.01	0.2	0.881049	182.118	0
0.0177575	0.01	0.2	0.944061	175.354	0
0.0177575	0.01	0.2	1.01158	168.879	0
0.0177575	0.01	0.2	1.08393	162.787	0
0.0177575	0.01	0.2	1.16145	157.174	0
0.0177575	0.01	0.2	1.24451	152.142	0
0.0177575	0.01	0.2	1.33352	147.806	0
0.0177575	0.01	0.2	1.42889	144.295	0
0.0177575	0.01	0.2	1.53109	141.742	0
0.0177575	0.01	0.2	1.64059	140.261	0
0.0177575	0.01	0.2	1.75792	139.92	0
0.0177575	0.01	0.2	1.88365	140.699	0
0.0177575	0.01	0.2	2.01837	142.459	0
0.0177575	0.01	0.2	2.16272	144.92	0
0.0177575	0.01	0.2	2.31739	147.612	0
0.0177575	0.01	0.2	2.48313	149.807	0
0.0177575	0.01	0.2	2.66073	150.498	0
0.0177575	0.01	0.2	2.85102	148.595	0
0.0177575	0.01	0.2	3.05492	143.475	0
0.0177575	0.01	0.2	3.27341	135.618	0
0.0177575	0.01	0.2	3.50752	126.736	0
0.0177575	0.01	0.2	3.75837	119.079	0
0.0177575	0.01	0.2	4.02717	114.249	0
0.0177575	0.01	0.2	4.31519	112.051	0
0.0177575	0.01	0.2	4.62381	110.346	0
0.0177575	0.01	0.2	4.9545	106.839	0
0.0177575	0.01	0.2	5.30884	101.164	0
0.0177575	0.01	0.2	5.68853	95.0478	0
0.0177575	0.01	0.2	6.09537	90.8213	0
0.0177575	0.01	0.2	6.53131	89.7045	0
0.0177575	0.01	0.2	6.99842	92.6369	0
0.0177575	0.01	0.2	7.49894	99.1388	0
0.0177575	0.01	0.2	8.03526	105.494	0
0.0177575	0.01	0.2	8.60994	109.238	0
0.0177575	0.01	0.2	9.22571	112.526	0
0.0177575	0.01	0.2	9.88553	117.572	0
0.0177575	0.01	0.2	10.5925	123.336	0
0.0177575	0.01	0.2	11.3501	129.516	0
0.0177575	0.01	0.2	12.1619	136.489	0
0.0177575	0.01	0.2	13.0317	143.201	0
0.0177575	0.01	0.2	13.9637	144.771	0
0.0177575	0.01	0.2	14.9624	139.158	0
0.0177575	0.01	0.2	16.0325	130.922	0
0.0177575	0.01	0.2	17.1791	125.404	0
0.0177575	0.01	0.2	18.4077	123.917	0
0.0177575	0.01	0.2	19.7242	123.684	0
0.0177575	0.01	0.2	21.1349	123.269	0
0.0177575	0.01	0.2	22.6464	124.881	0
0.0177575	0.01	0.2	24.2661	125.75	0
0.0177575	0.01	0.2	26.0016	125.952	0
0.0177575	0.01	0.2	27.8612	125.036	0
0.0177575	0.01	0.2	29.8538	123.089	0
0.0177575	0.01	0.2	31.989	123.185	0
0.0177575	0.01	0.2	34.2768	120.378	0
0.0177575	0.01	0.2	36.7282	116.179	0
0.0177575	0.01	0.2	39.355	117.677	0
0.0177575	0.01	0.2	42.1697	117.737	0
0.0177575	0.01	0.2	45.1856	122.625	0
0.0177575	0.01	0.2	48.4172	124.422	0
0.0177575	0.01	0.2	51.88	120.961	0
0.0177575	0.01	0.2	55.5904	122.491	0
0.0177575	0.01	0.2	59.5662	119.958	0
0.0177575	0.01	0.2	63.8263	118.697	0
0.0177575	0.01	0.2	68.3912	117.855	0
0.0177575	0.01	0.2	73.2825	117.467	0
0.0177575	0.01	0.2	78.5236	119.115	0
0.0177575	0.01	0.2	84.1395	120.319	0
0.0177575	0.01	0.2	90.1571	118.446	0
0.0177575	0.01	0.2	96.6051	116.876	0
0.0194014	0.01	0.2	0.103514	288.328	0
0.0194014	0.01	0.2	0.110917	287.846	0
0.0194014	0.01	0.2	0.11885	287.294	0
0.0194014	0.01	0.2	0.12735	286.664	0
0.0194014	0.01	0.2	0.136458	285.944	0
0.0194014	0.01	0.2	0.146218	285.123	0
0.0194014	0.01	0.2	0.156675	284.187	0
0.0194014	0.01	0.2	0.16788	283.121	0
0.0194014	0.01	0.2	0.179887	281.909	0
0.0194014	0.01	0.2	0.192752	280.531	0
0.0194014	0.01	0.2	0.206538	278.969	0
0.0194014	0.01	0.2	0.221309	277.2	0
0.0194014	0.01	0.2	0.237137	275.201	0
0.0194014	0.01	0.2	0.254097	272.948	0
0.0194014	0.01	0.2	0.27227	270.414	0
0.0194014	0.01	0.2	0.291743	267.574	0
0.0194014	0.01	0.2	0.312608	264.401	0
0.0194014	0.01	0.2	0.334965	260.87	0
0.0194014	0.01	0.2	0.358922	256.956	0
0.0194014	0.01	0.2	0.384592	252.641	0
0.0194014	0.01	0.2	0.412098	247.907	0
0.0194014	0.01	0.2	0.44157	242.748	0
0.0194014	0.01	0.2	0.473151	237.162	0
0.0194014	0.01	0.2	0.506991	231.161	0
0.0194014	0.01	0.2	0.54325	224.767	0
0.0194014	0.01	0.2	0.582103	218.017	0
0.0194014	0.01	0.2	0.623735	210.964	0
0.0194014	0.01	0.2	0.668344	203.672	0
0.0194014	0.01	0.2	0.716143	196.221	0
0.0194014	0.01	0.2	0.767361	188.701	0
0.0194014	0.01	0.2	0.822243	181.209	0
0.0194014	0.01	0.2	0.881049	173.844	0
0.0194014	0.01	0.2	0.944061	166.708	0
0.0194014	0.01	0.2	1.01158	159.899	0
0.0194014	0.01	0.2	1.08393	153.51	0
0.0194014	0.01	0.2	1.16145	147.64	0
0.0194014	0.01	0.2	1.24451	142.39	0
0.0194014	0.01	0.2	1.33352	137.873	0
0.0194014	0.01	0.2	1.42889	134.214	0
0.0194014	0.01	0.2	1.53109	131.542	0
0.0194014	0.01	0.2	1.64059	129.969	0
0.0194014	0.01	0.2	1.75792	129.554	0
0.0194014	0.01	0.2	1.88365	130.275	0
0.0194014	0.01	0.2	2.01837	131.991	0
0.0194014	0.01	0.2	2.16272	134.417	0
0.0194014	0.01	0.2	2.31739	137.084	0
0.0194014	0.01	0.2	2.48313	139.267	0
0.0194014	0.01	0.2	2.66073	139.951	0
0.0194014	0.01	0.2	2.85102	138.036	0
0.0194014	0.01	0.2	3.05492	132.885	0
0.0194014	0.01	0.2	3.27341	124.961	0
0.0194014	0.01	0.2	3.50752	115.95	0
0.0194014	0.01	0.2	3.75837	108.074	0
0.0194014	0.01	0.2	4.02717	102.911	0
0.0194014	0.01	0.2	4.31519	100.278	0
0.0194014	0.01	0.2	4.62381	98.0896	0
0.0194014	0.01	0.2	4.9545	94.1429	0
0.0194014	0.01	0.2	5.30884	88.1708	0
0.0194014	0.01	0.2	5.68853	81.9491	0
0.0194014	0.01	0.2	6.09537	77.791	0
0.0194014	0.01	0.2	6.53131	76.8652	0
0.0194014	0.01	0.2	6.99842	80.0845	0
0.0194014	0.01	0.2	7.49894	86.9626	0
0.0194014	0.01	0.2	8.03526	93.7314	0
0.0194014	0.01	0.2	8.60994	97.8063	0
0.0194014	0.01	0.2	9.22571	101.232	0
0.0194014	0.01	0.2	9.88553	106.248	0
0.0194014	0.01	0.2	10.5925	111.977	0
0.0194014	0.01	0.2	11.3501	118.267	0
0.0194014	0.01	0.2	12.1619	125.489	0
0.0194014	0.01	0.2	13.0317	132.477	0
0.0194014	0.01	0.2	13.9637	134.238	0
0.0194014	0.01	0.2	14.9624	128.693	0
0.0194014	0.01	0.2	16.0325	120.449	0
0.0194014	0.01	0.2	17.1791	114.925	0
0.0194014	0.01	0.2	18.4077	113.429	0
0.0194014	0.01	0.2	19.7242	113.087	0
0.0194014	0.01	0.2	21.1349	112.394	0
0.0194014	0.01	0.2	22.6464	113.707	0
0.0194014	0.01	0.2	24.2661	114.418	0
0.0194014	0.01	0.2	26.0016	114.605	0
0.0194014	0.01	0.2	27.8612	113.673	0
0.0194014	0.01	0.2	29.8538	111.61	0
0.0194014	0.01	0.2	31.989	111.594	0
0.0194014	0.01	0.2	34.2768	108.87	0
0.0194014	0.01	0.2	36.7282	104.896	0
0.0194014	0.01	0.2	39.355	106.603	0
0.0194014	0.01	0.2	42.1697	106.733	0
0.0194014	0.01	0.2	45.1856	111.595	0
0.0194014	0.01	0.2	48.4172	113.484	0
0.0194014	0.01	0.2	51.88	110.143	0
0.0194014	0.01	0.2	55.5904	111.501	0
0.0194014	0.01	0.2	59.5662	108.537	0
0.0194014	0.01	0.2	63.8263	106.983	0
0.0194014	0.01	0.2	68.3912	106.223	0
0.0194014	0.01	0.2	73.2825	105.973	0
0.0194014	0.01	0.2	78.5236	107.655	0
0.0194014	0.01	0.2	84.1395	108.795	0
0.0194014	0.01	0.2	90.1571	106.891	0
0.0194014	0.01	0.2	96.6051	105.269	0
0.0211975	0.01	0.2	0.103514	288.03	0
0.0211975	0.01	0.2	0.110917	287.505	0
0.0211975	0.01	0.2	0.11885	286.904	0
0.0211975	0.01	0.2	0.12735	286.218	0
0.0211975	0.01	0.2	0.136458	285.434	0
0.0211975	0.01	0.2	0.146218	284.54	0
0.0211975	0.01	0.2	0.156675	283.52	0
0.0211975	0.01	0.2	0.16788	282.36	0
0.0211975	0.01	0.2	0.179887	281.04	0
0.0211975	0.01	0.2	0.192752	279.541	0
0.0211975	0.01	0.2	0.206538	277.842	0
0.0211975	0.01	0.2	0.221309	275.918	0
0.0211975	0.01	0.2	0.237137	273.745	0
0.0211975	0.01	0.2	0.254097	271.297	0
0.0211975	0.01	0.2	0.27227	268.546	0
0.0211975	0.01	0.2	0.291743	265.464	0
0.0211975	0.01	0.2	0.312608	262.023	0
0.0211975	0.01	0.2	0.334965	258.195	0
0.0211975	0.01	0.2	0.358922	253.958	0
0.0211975	0.01	0.2	0.384592	249.289	0
0.0211975	0.01	0.2	0.412098	244.175	0
0.0211975	0.01	0.2	0.44157	238.607	0
0.0211975	0.01	0.2	0.473151	232.588	0
0.0211975	0.01	0.2	0.506991	226.131	0
0.0211975	0.01	0.2	0.54325	219.264	0
0.0211975	0.01	0.2	0.582103	212.03	0
0.0211975	0.01	0.2	0.623735	204.487	0
0.0211975	0.01	0.2	0.668344	196.709	0
0.0211975	0.01	0.2	0.716143	188.782	0
0.0211975	0.01	0.2	0.767361	180.805	0
0.0211975	0.01	0.2	0.822243	172.883	0
0.0211975	0.01	0.2	0.881049	165.123	0
0.0211975	0.01	0.2	0.944061	157.63	0
0.0211975	0.01	0.2	1.01158	150.505	0
0.0211975	0.01	0.2	1.08393	143.847	0
0.0211975	0.01	0.2	1.16145	137.751	0
0.0211975	0.01	0.2	1.24451	132.317	0
0.0211975	0.01	0.2	1.33352	127.655	0
0.0211975	0.01	0.2	1.42889	123.884	0
0.0211975	0.01	0.2	1.53109	121.126	0
0.0211975	0.01	0.2	1.64059	119.487	0
0.0211975	0.01	0.2	1.75792	119.021	0
0.0211975	0.01	0.2	1.88365	119.699	0
0.0211975	0.01	0.2	2.01837	121.377	0
0.0211975	0.01	0.2	2.16272	123.773	0
0.0211975	0.01	0.2	2.31739	126.42	0
0.0211975	0.01	0.2	2.48313	128.592	0
0.0211975	0.01	0.2	2.66073	129.275	0
0.0211975	0.01	0.2	2.85102	127.361	0
0.0211975	0.01	0.2	3.05492	122.196	0
0.0211975	0.01	0.2	3.27341	114.224	0
0.0211975	0.01	0.2	3.50752	105.103	0
0.0211975	0.01	0.2	3.75837	97.0123	0
0.0211975	0.01	0.2	4.02717	91.5073	0
0.0211975	0.01	0.2	4.31519	88.4193	0
0.0211975	0.01	0.2	4.62381	85.7257	0
0.0211975	0.01	0.2	4.9545	81.3308	0
0.0211975	0.01	0.2	5.30884	75.0716	0
0.0211975	0.01	0.2	5.68853	68.7689	0
0.0211975	0.01	0.2	6.09537	64.7135	0
0.0211975	0.01	0.2	6.53131	64.0277	0
0.0211975	0.01	0.2	6.99842	67.5972	0
0.0211975	0.01	0.2	7.49894	74.9118	0
0.0211975	0.01	0.2	8.03526	82.1293	0
0.0211975	0.01	0.2	8.60994	86.5405	0
0.0211975	0.01	0.2	9.22571	90.0713	0
0.0211975	0.01	0.2	9.88553	94.998	0
0.0211975	0.01	0.2	10.5925	100.64	0
0.0211975	0.01	0.2	11.3501	106.999	0
0.0211975	0.01	0.2	12.1619	114.441	0
0.0211975	0.01	0.2	13.0317	121.696	0
0.0211975	0.01	0.2	13.9637	123.662	0
0.0211975	0.01	0.2	14.9624	118.202	0
0.0211975	0.01	0.2	16.0325	109.966	0
0.0211975	0.01	0.2	17.1791	104.459	0
0.0211975	0.01	0.2	18.4077	102.975	0
0.0211975	0.01	0.2	19.7242	102.518	0
0.0211975	0.01	0.2	21.1349	101.511	0
0.0211975	0.01	0.2	22.6464	102.455	0
0.0211975	0.01	0.2	24.2661	102.94	0
0.0211975	0.01	0.2	26.0016	103.067	0
0.0211975	0.01	0.2	27.8612	102.101	0
0.0211975	0.01	0.2	29.8538	99.9231	0
0.0211975	0.01	0.2	31.989	99.8156	0
0.0211975	0.01	0.2	34.2768	97.2279	0
0.0211975	0.01	0.2	36.7282	93.5533	0
0.0211975	0.01	0.2	39.355	95.5265	0
0.0211975	0.01	0.2	42.1697	95.7395	0
0.0211975	0.01	0.2	45.1856	100.552	0
0.0211975	0.01	0.2	48.4172	102.523	0
0.0211975	0.01	0.2	51.88	99.3018	0
0.0211975	0.01	0.2	55.5904	100.448	0
0.0211975	0.01	0.2	59.5662	96.9724	0
0.0211975	0.01	0.2	63.8263	95.0799	0
0.0211975	0.01	0.2	68.3912	94.413	0
0.0211975	0.01	0.2	73.2825	94.3205	0
0.0211975	0.01	0.2	78.5236	96.0272	0
0.0211975	0.01	0.2	84.1395	97.0936	0
0.0211975	0.01	0.2	90.1571	95.1613	0
0.0211975	0.01	0.2	96.6051	93.484	0
0.0231598	0.01	0.2	0.103514	287.706	0
0.0231598	0.01	0.2	0.110917	287.133	0
0.0231598	0.01	0.2	0.11885	286.479	0
0.0231598	0.01	0.2	0.12735	285.731	0
0.0231598	0.01	0.2	0.136458	284.877	0
0.0231598	0.01	0.2	0.146218	283.903	0
0.0231598	0.01	0.2	0.156675	282.793	0
0.0231598	0.01	0.2	0.16788	281.53	0
0.0231598	0.01	0.2	0.179887	280.093	0
0.0231598	0.01	0.2	0.192752	278.462	0
0.0231598	0.01	0.2	0.206538	276.614	0
0.0231598	0.01	0.2	0.221309	274.522	0
0.0231598	0.01	0.2	0.237137	272.161	0
0.0231598	0.01	0.2	0.254097	269.502	0
0.0231598	0.01	0.2	0.27227	266.515	0
0.0231598	0.01	0.2	0.291743	263.171	0
0.0231598	0.01	0.2	0.312608	259.44	0
0.0231598	0.01	0.2	0.334965	255.294	0
0.0231598	0.01	0.2	0.358922	250.708	0
0.0231598	0.01	0.2	0.384592	245.661	0
0.0231598	0.01	0.2	0.412098	240.14	0
0.0231598	0.01	0.2	0.44157	234.137	0
0.0231598	0.01	0.2	0.473151	227.658	0
0.0231598	0.01	0.2	0.506991	220.72	0
0.0231598	0.01	0.2	0.54325	213.358	0
0.0231598	0.01	0.2	0.582103	205.619	0
0.0231598	0.01	0.2	0.623735	197.571	0
0.0231598	0.01	0.2	0.668344	189.294	0
0.0231598	0.01	0.2	0.716143	180.886	0
0.0231598	0.01	0.2	0.767361	172.455	0
0.0231598	0.01	0.2	0.822243	164.112	0
0.0231598	0.01	0.2	0.881049	155.973	0
0.0231598	0.01	0.2	0.944061	148.148	0
0.0231598	0.01	0.2	1.01158	140.742	0
0.0231598	0.01	0.2	1.08393	133.853	0
0.0231598	0.01	0.2	1.16145	127.575	0
0.0231598	0.01	0.2	1.24451	122.006	0
0.0231598	0.01	0.2	1.33352	117.247	0
0.0231598	0.01	0.2	1.42889	113.412	0
0.0231598	0.01	0.2	1.53109	110.613	0
0.0231598	0.01	0.2	1.64059	108.944	0
0.0231598	0.01	0.2	1.75792	108.455	0
0.0231598	0.01	0.2	1.88365	109.109	0
0.0231598	0.01	0.2	2.01837	110.763	0
0.0231598	0.01	0.2	2.16272	113.136	0
0.0231598	0.01	0.2	2.31739	115.765	0
0.0231598	0.01	0.2	2.48313	117.93	0
0.0231598	0.01	0.2	2.66073	118.62	0
0.0231598	0.01	0.2	2.85102	116.721	0
0.0231598	0.01	0.2	3.05492	111.567	0
0.0231598	0.01	0.2	3.27341	103.576	0
0.0231598	0.01	0.2	3.50752	94.3667	0
0.0231598	0.01	0.2	3.75837	86.0735	0
0.0231598	0.01	0.2	4.02717	80.2213	0
0.0231598	0.01	0.2	4.31519	76.6589	0
0.0231598	0.01	0.2	4.62381	73.4416	0
0.0231598	0.01	0.2	4.9545	68.596	0
0.0231598	0.01	0.2	5.30884	62.0677	0
0.0231598	0.01	0.2	5.68853	55.7171	0
0.0231598	0.01	0.2	6.09537	51.8074	0
0.0231598	0.01	0.2	6.53131	51.4212	0
0.0231598	0.01	0.2	6.99842	55.4171	0
0.0231598	0.01	0.2	7.49894	63.239	0
0.0231598	0.01	0.2	8.03526	70.9437	0
0.0231598	0.01	0.2	8.60994	75.6922	0
0.0231598	0.01	0.2	9.22571	79.2842	0
0.0231598	0.01	0.2	9.88553	84.0452	0
0.0231598	0.01	0.2	10.5925	89.5344	0
0.0231598	0.01	0.2	11.3501	95.906	0
0.0231598	0.01	0.2	12.1619	103.528	0
0.0231598	0.01	0.2	13.0317	111.03	0
0.0231598	0.01	0.2	13.9637	113.215	0
0.0231598	0.01	0.2	14.9624	107.864	0
0.0231598	0.01	0.2	16.0325	99.656	0
0.0231598	0.01	0.2	17.1791	94.1933	0
0.0231598	0.01	0.2	18.4077	92.7508	0
0.0231598	0.01	0.2	19.7242	92.1739	0
0.0231598	0.01	0.2	21.1349	90.8096	0
0.0231598	0.01	0.2	22.6464	91.3006	0
0.0231598	0.01	0.2	24.2661	91.4763	0
0.0231598	0.01	0.2	26.0016	91.4855	0
0.0231598	0.01	0.2	27.8612	90.4627	0
0.0231598	0.01	0.2	29.8538	88.173	0
0.0231598	0.01	0.2	31.989	88.0041	0
0.0231598	0.01	0.2	34.2768	85.619	0
0.0231598	0.01	0.2	36.7282	82.3342	0
0.0231598	0.01	0.2	39.355	84.6443	0
0.0231598	0.01	0.2	42.1697	84.9554	0
0.0231598	0.01	0.2	45.1856	89.6869	0
0.0231598	0.01	0.2	48.4172	91.7257	0
0.0231598	0.01	0.2	51.88	88.6234	0
0.0231598	0.01	0.2	55.5904	89.5098	0
0.0231598	0.01	0.2	59.5662	85.428	0
0.0231598	0.01	0.2	63.8263	83.1407	0
0.0231598	0.01	0.2	68.3912	82.5814	0
0.0231598	0.01	0.2	73.2825	82.6686	0
0.0231598	0.01	0.2	78.5236	84.3877	0
0.0231598	0.01	0.2	84.1395	85.3708	0
0.0231598	0.01	0.2	90.1571	83.4134	0
0.0231598	0.01	0.2	96.6051	81.6762	0
0.0253038	0.01	0.2	0.103514	287.351	0
0.0253038	0.01	0.2	0.110917	286.727	0
0.0253038	0.01	0.2	0.11885	286.014	0
0.0253038	0.01	0.2	0.12735	285.199	0
0.0253038	0.01	0.2	0.136458	284.269	0
0.0253038	0.01	0.2	0.146218	283.208	0
0.0253038	0.01	0.2	0.156675	282	0
0.0253038	0.01	0.2	0.16788	280.624	0
0.0253038	0.01	0.2	0.179887	279.061	0
0.0253038	0.01	0.2	0.192752	277.287	0
0.0253038	0.01	0.2	0.206538	275.276	0
0.0253038	0.01	0.2	0.221309	273.002	0
0.0253038	0.01	0.2	0.237137	270.437	0
0.0253038	0.01	0.2	0.254097	267.549	0
0.0253038	0.01	0.2	0.27227	264.307	0
0.0253038	0.01	0.2	0.291743	260.68	0
0.0253038	0.01	0.2	0.312608	256.637	0
0.0253038	0.01	0.2	0.334965	252.149	0
0.0253038	0.01	0.2	0.358922	247.189	0
0.0253038	0.01	0.2	0.384592	241.738	0
0.0253038	0.01	0.2	0.412098	235.782	0
0.0253038	0.01	0.2	0.44157	229.317	0
0.0253038	0.01	0.2	0.473151	222.353	0
0.0253038	0.01	0.2	0.506991	214.91	0
0.0253038	0.01	0.2	0.54325	207.03	0
0.0253038	0.01	0.2	0.582103	198.769	0
0.0253038	0.01	0.2	0.623735	190.203	0
0.0253038	0.01	0.2	0.668344	181.423	0
0.0253038	0.01	0.2	0.716143	172.536	0
0.0253038	0.01	0.2	0.767361	163.66	0
0.0253038	0.01	0.2	0.822243	154.916	0
0.0253038	0.01	0.2	0.881049	146.427	0
0.0253038	0.01	0.2	0.944061	138.309	0
0.0253038	0.01	0.2	1.01158	130.669	0
0.0253038	0.01	0.2	1.08393	123.604	0
0.0253038	0.01	0.2	1.16145	117.207	0
0.0253038	0.01	0.2	1.24451	111.566	0
0.0253038	0.01	0.2	1.33352	106.778	0
0.0253038	0.01	0.2	1.42889	102.942	0
0.0253038	0.01	0.2	1.53109	100.158	0
0.0253038	0.01	0.2	1.64059	98.5092	0
0.0253038	0.01	0.2	1.75792	98.033	0
0.0253038	0.01	0.2	1.88365	98.6899	0
0.0253038	0.01	0.2	2.01837	100.336	0
0.0253038	0.01	0.2	2.16272	102.694	0
0.0253038	0.01	0.2	2.31739	105.31	0
0.0253038	0.01	0.2	2.48313	107.474	0
0.0253038	0.01	0.2	2.66073	108.181	0
0.0253038	0.01	0.2	2.85102	106.318	0
0.0253038	0.01	0.2	3.05492	101.205	0
0.0253038	0.01	0.2	3.27341	93.2319	0
0.0253038	0.01	0.2	3.50752	83.9667	0
0.0253038	0.01	0.2	3.75837	75.489	0
0.0253038	0.01	0.2	4.02717	69.289	0
0.0253038	0.01	0.2	4.31519	65.2357	0
0.0253038	0.01	0.2	4.62381	61.4798	0
0.0253038	0.01	0.2	4.9545	56.1882	0
0.0253038	0.01	0.2	5.30884	49.4191	0
0.0253038	0.01	0.2	5.68853	43.0648	0
0.0253038	0.01	0.2	6.09537	39.3543	0
0.0253038	0.01	0.2	6.53131	39.3399	0
0.0253038	0.01	0.2	6.99842	43.8542	0
0.0253038	0.01	0.2	7.49894	52.2667	0
0.0253038	0.01	0.2	8.03526	60.5001	0
0.0253038	0.01	0.2	8.60994	65.5812	0
0.0253038	0.01	0.2	9.22571	69.1758	0
0.0253038	0.01	0.2	9.88553	73.6749	0
0.0253038	0.01	0.2	10.5925	78.9282	0
0.0253038	0.01	0.2	11.3501	85.2386	0
0.0253038	0.01	0.2	12.1619	92.9825	0
0.0253038	0.01	0.2	13.0317	100.706	0
0.0253038	0.01	0.2	13.9637	103.125	0
0.0253038	0.01	0.2	14.9624	97.9093	0
0.0253038	0.01	0.2	16.0325	89.7548	0
0.0253038	0.01	0.2	17.1791	84.3722	0
0.0253038	0.01	0.2	18.4077	83.0065	0
0.0253038	0.01	0.2	19.7242	82.3051	0
0.0253038	0.01	0.2	21.1349	80.5345	0
0.0253038	0.01	0.2	22.6464	80.4716	0
0.0253038	0.01	0.2	24.2661	80.2341	0
0.0253038	0.01	0.2	26.0016	80.0543	0
0.0253038	0.01	0.2	27.8612	78.9456	0
0.0253038	0.01	0.2	29.8538	76.5495	0
0.0253038	0.01	0.2	31.989	76.3588	0
0.0253038	0.01	0.2	34.2768	74.2586	0
0.0253038	0.01	0.2	36.7282	71.4744	0
0.0253038	0.01	0.2	39.355	74.2068	0
0.0253038	0.01	0.2	42.1697	74.6336	0
0.0253038	0.01	0.2	45.1856	79.2453	0
0.0253038	0.01	0.2	48.4172	81.3324	0
0.0253038	0.01	0.2	51.88	78.3454	0
0.0253038	0.01	0.2	55.5904	78.9133	0
0.0253038	0.01	0.2	59.5662	74.1146	0
0.0253038	0.01	0.2	63.8263	71.3671	0
0.0253038	0.01	0.2	68.3912	70.9314	0
0.0253038	0.01	0.2	73.2825	71.2245	0
0.0253038	0.01	0.2	78.5236	72.9395	0
0.0253038	0.01	0.2	84.1395	73.8279	0
0.0253038	0.01	0.2	90.1571	71.8505	0
0.0253038	0.01	0.2	96.6051	70.049	0
0.0276463	0.01	0.2	0.103514	286.965	0
0.0276463	0.01	0.2	0.110917	286.284	0
0.0276463	0.01	0.2	0.11885	285.507	0
0.0276463	0.01	0.2	0.12735	284.619	0
0.0276463	0.01	0.2	0.136458	283.606	0
0.0276463	0.01	0.2	0.146218	282.451	0
0.0276463	0.01	0.2	0.156675	281.135	0
0.0276463	0.01	0.2	0.16788	279.638	0
0.0276463	0.01	0.2	0.179887	277.936	0
0.0276463	0.01	0.2	0.192752	276.006	0
0.0276463	0.01	0.2	0.206538	273.82	0
0.0276463	0.01	0.2	0.221309	271.348	0
0.0276463	0.01	0.2	0.237137	268.561	0
0.0276463	0.01	0.2	0.254097	265.426	0
0.0276463	0.01	0.2	0.27227	261.909	0
0.0276463	0.01	0.2	0.291743	257.977	0
0.0276463	0.01	0.2	0.312608	253.598	0
0.0276463	0.01	0.2	0.334965	248.742	0
0.0276463	0.01	0.2	0.358922	243.382	0
0.0276463	0.01	0.2	0.384592	237.499	0
0.0276463	0.01	0.2	0.412098	231.082	0
0.0276463	0.01	0.2	0.44157	224.129	0
0.0276463	0.01	0.2	0.473151	216.653	0
0.0276463	0.01	0.2	0.506991	208.683	0
0.0276463	0.01	0.2	0.54325	200.267	0
0.0276463	0.01	0.2	0.582103	191.471	0
0.0276463	0.01	0.2	0.623735	182.379	0
0.0276463	0.01	0.2	0.668344	173.097	0
0.0276463	0.01	0.2	0.716143	163.742	0
0.0276463	0.01	0.2	0.767361	154.442	0
0.0276463	0.01	0.2	0.822243	145.331	0
0.0276463	0.01	0.2	0.881049	136.537	0
0.0276463	0.01	0.2	0.944061	128.181	0
0.0276463	0.01	0.2	1.01158	120.372	0
0.0276463	0.01	0.2	1.08393	113.207	0
0.0276463	0.01	0.2	1.16145	106.771	0
0.0276463	0.01	0.2	1.24451	101.146	0
0.0276463	0.01	0.2	1.33352	96.4135	0
0.0276463	0.01	0.2	1.42889	92.6588	0
0.0276463	0.01	0.2	1.53109	89.9649	0
0.0276463	0.01	0.2	1.64059	88.3979	0
0.0276463	0.01	0.2	1.75792	87.983	0
0.0276463	0.01	0.2	1.88365	88.6756	0
0.0276463	0.01	0.2	2.01837	90.3335	0
0.0276463	0.01	0.2	2.16272	92.6885	0
0.0276463	0.01	0.2	2.31739	95.2984	0
0.0276463	0.01	0.2	2.48313	97.468	0
0.0276463	0.01	0.2	2.66073	98.2055	0
0.0276463	0.01	0.2	2.85102	96.4036	0
0.0276463	0.01	0.2	3.05492	91.3728	0
0.0276463	0.01	0.2	3.27341	83.465	0
0.0276463	0.01	0.2	3.50752	74.1881	0
0.0276463	0.01	0.2	3.75837	65.5538	0
0.0276463	0.01	0.2	4.02717	59.0112	0
0.0276463	0.01	0.2	4.31519	54.4548	0
0.0276463	0.01	0.2	4.62381	50.1504	0
0.0276463	0.01	0.2	4.9545	44.4271	0
0.0276463	0.01	0.2	5.30884	37.4581	0
0.0276463	0.01	0.2	5.68853	31.1576	0
0.0276463	0.01	0.2	6.09537	27.7125	0
0.0276463	0.01	0.2	6.53131	28.1577	0
0.0276463	0.01	0.2	6.99842	33.3009	0
0.0276463	0.01	0.2	7.49894	42.4022	0
0.0276463	0.01	0.2	8.03526	51.2092	0
0.0276463	0.01	0.2	8.60994	56.6108	0
0.0276463	0.01	0.2	9.22571	60.1318	0
0.0276463	0.01	0.2	9.88553	64.2481	0
0.0276463	0.01	0.2	10.5925	69.1611	0
0.0276463	0.01	0.2	11.3501	75.3153	0
0.0276463	0.01	0.2	12.1619	83.1047	0
0.0276463	0.01	0.2	13.0317	91.0091	0
0.0276463	0.01	0.2	13.9637	93.676	0
0.0276463	0.01	0.2	14.9624	88.6305	0
0.0276463	0.01	0.2	16.0325	80.5613	0
0.0276463	0.01	0.2	17.1791	75.3032	0
0.0276463	0.01	0.2	18.4077	74.0591	0
0.0276463	0.01	0.2	19.7242	73.2294	0
0.0276463	0.01	0.2	21.1349	70.996	0
0.0276463	0.01	0.2	22.6464	70.2578	0
0.0276463	0.01	0.2	24.2661	69.4801	0
0.0276463	0.01	0.2	26.0016	69.0215	0
0.0276463	0.01	0.2	27.8612	67.7911	0
0.0276463	0.01	0.2	29.8538	65.2974	0
0.0276463	0.01	0.2	31.989	65.1367	0
0.0276463	0.01	0.2	34.2768	63.4233	0
0.0276463	0.01	0.2	36.7282	61.2742	0
0.0276463	0.01	0.2	39.355	64.5322	0
0.0276463	0.01	0.2	42.1697	65.0952	0
0.0276463	0.01	0.2	45.1856	69.5391	0
0.0276463	0.01	0.2	48.4172	71.648	0
0.0276463	0.01	0.2	51.88	68.7695	0
0.0276463	0.01	0.2	55.5904	68.9493	0
0.0276463	0.01	0.2	59.5662	63.3025	0
0.0276463	0.01	0.2	63.8263	60.0185	0
0.0276463	0.01	0.2	68.3912	59.725	0
0.0276463	0.01	0.2	73.2825	60.2538	0
0.0276463	0.01	0.2	78.5236	61.9434	0
0.0276463	0.01	0.2	84.1395	62.7243	0
0.0276463	0.01	0.2	90.1571	60.734	0
0.0276463	0.01	0.2	96.6051	58.8637	0
0.0302057	0.01	0.2	0.103514	286.542	0
0.0302057	0.01	0.2	0.110917	285.801	0
0.0302057	0.01	0.2	0.11885	284.954	0
0.0302057	0.01	0.2	0.12735	283.987	0
0.0302057	0.01	0.2	0.136458	282.883	0
0.0302057	0.01	0.2	0.146218	281.625	0
0.0302057	0.01	0.2	0.156675	280.192	0
0.0302057	0.01	0.2	0.16788	278.562	0
0.0302057	0.01	0.2	0.179887	276.711	0
0.0302057	0.01	0.2	0.192752	274.612	0
0.0302057	0.01	0.2	0.206538	272.235	0
0.0302057	0.01	0.2	0.221309	269.549	0
0.0302057	0.01	0.2	0.237137	266.522	0
0.0302057	0.01	0.2	0.254097	263.119	0
0.0302057	0.01	0.2	0.27227	259.305	0
0.0302057	0.01	0.2	0.291743	255.045	0
0.0302057	0.01	0.2	0.312608	250.305	0
0.0302057	0.01	0.2	0.334965	245.054	0
0.0302057	0.01	0.2	0.358922	239.268	0
0.0302057	0.01	0.2	0.384592	232.926	0
0.0302057	0.01	0.2	0.412098	226.019	0
0.0302057	0.01	0.2	0.44157	218.552	0
0.0302057	0.01	0.2	0.473151	210.541	0
0.0302057	0.01	0.2	0.506991	202.024	0
0.0302057	0.01	0.2	0.54325	193.057	0
0.0302057	0.01	0.2	0.582103	183.716	0
0.0302057	0.01	0.2	0.623735	174.101	0
0.0302057	0.01	0.2	0.668344	164.327	0
0.0302057	0.01	0.2	0.716143	154.526	0
0.0302057	0.01	0.2	0.767361	144.839	0
0.0302057	0.01	0.2	0.822243	135.409	0
0.0302057	0.01	0.2	0.881049	126.372	0
0.0302057	0.01	0.2	0.944061	117.856	0
0.0302057	0.01	0.2	1.01158	109.968	0
0.0302057	0.01	0.2	1.08393	102.801	0
0.0302057	0.01	0.2	1.16145	96.4336	0
0.0302057	0.01	0.2	1.24451	90.9344	0
0.0302057	0.01	0.2	1.33352	86.3688	0
0.0302057	0.01	0.2	1.42889	82.8011	0
0.0302057	0.01	0.2	1.53109	80.2918	0
0.0302057	0.01	0.2	1.64059	78.8858	0
0.0302057	0.01	0.2	1.75792	78.5933	0
0.0302057	0.01	0.2	1.88365	79.3639	0
0.0302057	0.01	0.2	2.01837	81.0604	0
0.0302057	0.01	0.2	2.16272	83.4273	0
0.0302057	0.01	0.2	2.31739	86.04	0
0.0302057	0.01	0.2	2.48313	88.2238	0
0.0302057	0.01	0.2	2.66073	89.0085	0
0.0302057	0.01	0.2	2.85102	87.3005	0
0.0302057	0.01	0.2	3.05492	82.4025	0
0.0302057	0.01	0.2	3.27341	74.6223	0
0.0302057	0.01	0.2	3.50752	65.3914	0
0.0302057	0.01	0.2	3.75837	56.6397	0
0.0302057	0.01	0.2	4.02717	49.7681	0
0.0302057	0.01	0.2	4.31519	44.7016	0
0.0302057	0.01	0.2	4.62381	39.8458	0
0.0302057	0.01	0.2	4.9545	33.7168	0
0.0302057	0.01	0.2	5.30884	26.6051	0
0.0302057	0.01	0.2	5.68853	20.4323	0
0.0302057	0.01	0.2	6.09537	17.3342	0
0.0302057	0.01	0.2	6.53131	18.3451	0
0.0302057	0.01	0.2	6.99842	24.2503	0
0.0302057	0.01	0.2	7.49894	34.1561	0
0.0302057	0.01	0.2	8.03526	43.585	0
0.0302057	0.01	0.2	8.60994	49.2862	0
0.0302057	0.01	0.2	9.22571	52.6357	0
0.0302057	0.01	0.2	9.88553	56.2183	0
0.0302057	0.01	0.2	10.5925	60.6609	0
0.0302057	0.01	0.2	11.3501	66.5372	0
0.0302057	0.01	0.2	12.1619	74.2712	0
0.0302057	0.01	0.2	13.0317	82.301	0
0.0302057	0.01	0.2	13.9637	85.2305	0
0.0302057	0.01	0.2	14.9624	80.3958	0
0.0302057	0.01	0.2	16.0325	72.4517	0
0.0302057	0.01	0.2	17.1791	67.3733	0
0.0302057	0.01	0.2	18.4077	66.3067	0
0.0302057	0.01	0.2	19.7242	65.3458	0
0.0302057	0.01	0.2	21.1349	62.5845	0
0.0302057	0.01	0.2	22.6464	61.0255	0
0.0302057	0.01	0.2	24.2661	59.5524	0
0.0302057	0.01	0.2	26.0016	58.7035	0
0.0302057	0.01	0.2	27.8612	57.3067	0
0.0302057	0.01	0.2	29.8538	54.7289	0
0.0302057	0.01	0.2	31.989	54.6645	0
0.0302057	0.01	0.2	34.2768	53.463	0
0.0302057	0.01	0.2	36.7282	52.1124	0
0.0302057	0.01	0.2	39.355	56.0202	0
0.0302057	0.01	0.2	42.1697	56.7437	0
0.0302057	0.01	0.2	45.1856	60.9606	0
0.0302057	0.01	0.2	48.4172	63.0565	0
0.0302057	0.01	0.2	51.88	60.2758	0
0.0302057	0.01	0.2	55.5904	59.9844	0
0.0302057	0.01	0.2	59.5662	53.3345	0
0.0302057	0.01	0.2	63.8263	49.4248	0
0.0302057	0.01	0.2	68.3912	49.2949	0
0.0302057	0.01	0.2	73.2825	50.0938	0
0.0302057	0.01	0.2	78.5236	51.7308	0
0.0302057	0.01	0.2	84.1395	52.3897	0
0.0302057	0.01	0.2	90.1571	50.3962	0
0.0302057	0.01	0.2	96.6051	48.4525	0
0.0330019	0.01	0.2	0.103514	286.082	0
0.0330019	0.01	0.2	0.110917	285.274	0
0.0330019	0.01	0.2	0.11885	284.351	0
0.0330019	0.01	0.2	0.12735	283.297	0
0.0330019	0.01	0.2	0.136458	282.095	0
0.0330019	0.01	0.2	0.146218	280.725	0
0.0330019	0.01	0.2	0.156675	279.165	0
0.0330019	0.01	0.2	0.16788	277.391	0
0.0330019	0.01	0.2	0.179887	275.377	0
0.0330019	0.01	0.2	0.192752	273.093	0
0.0330019	0.01	0.2	0.206538	270.51	0
0.0330019	0.01	0.2	0.221309	267.592	0
0.0330019	0.01	0.2	0.237137	264.306	0
0.0330019	0.01	0.2	0.254097	260.614	0
0.0330019	0.01	0.2	0.27227	256.48	0
0.0330019	0.01	0.2	0.291743	251.866	0
0.0330019	0.01	0.2	0.312608	246.739	0
0.0330019	0.01	0.2	0.334965	241.068	0
0.0330019	0.01	0.2	0.358922	234.826	0
0.0330019	0.01	0.2	0.384592	227.997	0
0.0330019	0.01	0.2	0.412098	220.575	0
0.0330019	0.01	0.2	0.44157	212.568	0
0.0330019	0.01	0.2	0.473151	204.001	0
0.0330019	0.01	0.2	0.506991	194.92	0
0.0330019	0.01	0.2	0.54325	185.392	0
0.0330019	0.01	0.2	0.582103	175.507	0
0.0330019	0.01	0.2	0.623735	165.377	0
0.0330019	0.01	0.2	0.668344	155.135	0
0.0330019	0.01	0.2	0.716143	144.925	0
0.0330019	0.01	0.2	0.767361	134.904	0
0.0330019	0.01	0.2	0.822243	125.225	0
0.0330019	0.01	0.2	0.881049	116.032	0
0.0330019	0.01	0.2	0.944061	107.457	0
0.0330019	0.01	0.2	1.01158	99.6061	0
0.0330019	0.01	0.2	1.08393	92.5669	0
0.0330019	0.01	0.2	1.16145	86.4058	0
0.0330019	0.01	0.2	1.24451	81.1749	0
0.0330019	0.01	0.2	1.33352	76.9173	0
0.0330019	0.01	0.2	1.42889	73.6704	0
0.0330019	0.01	0.2	1.53109	71.4653	0
0.0330019	0.01	0.2	1.64059	70.3203	0
0.0330019	0.01	0.2	1.75792	70.2267	0
0.0330019	0.01	0.2	1.88365	71.1288	0
0.0330019	0.01	0.2	2.01837	72.8973	0
0.0330019	0.01	0.2	2.16272	75.2949	0
0.0330019	0.01	0.2	2.31739	77.9215	0
0.0330019	0.01	0.2	2.48313	80.131	0
0.0330019	0.01	0.2	2.66073	80.9842	0
0.0330019	0.01	0.2	2.85102	79.4116	0
0.0330019	0.01	0.2	3.05492	74.7111	0
0.0330019	0.01	0.2	3.27341	67.1377	0
0.0330019	0.01	0.2	3.50752	58.0279	0
0.0330019	0.01	0.2	3.75837	49.2128	0
0.0330019	0.01	0.2	4.02717	42.036	0
0.0330019	0.01	0.2	4.31519	36.4596	0
0.0330019	0.01	0.2	4.62381	31.0583	0
0.0330019	0.01	0.2	4.9545	24.5648	0
0.0330019	0.01	0.2	5.30884	17.3872	0
0.0330019	0.01	0.2	5.68853	11.4363	0
0.0330019	0.01	0.2	6.09537	8.78518	0
0.0330019	0.01	0.2	6.53131	10.4903	0
0.0330019	0.01	0.2	6.99842	17.3173	0
0.0330019	0.01	0.2	7.49894	28.1644	0
0.0330019	0.01	0.2	8.03526	38.2673	0
0.0330019	0.01	0.2	8.60994	44.2354	0
0.0330019	0.01	0.2	9.22571	47.2891	0
0.0330019	0.01	0.2	9.88553	50.1514	0
0.0330019	0.01	0.2	10.5925	53.9619	0
0.0330019	0.01	0.2	11.3501	59.4065	0
0.0330019	0.01	0.2	12.1619	66.9537	0
0.0330019	0.01	0.2	13.0317	75.0342	0
0.0330019	0.01	0.2	13.9637	78.2407	0
0.0330019	0.01	0.2	14.9624	73.6662	0
0.0330019	0.01	0.2	16.0325	65.8962	0
0.0330019	0.01	0.2	17.1791	61.0657	0
0.0330019	0.01	0.2	18.4077	60.2455	0
0.0330019	0.01	0.2	19.7242	59.1518	0
0.0330019	0.01	0.2	21.1349	55.7877	0
0.0330019	0.01	0.2	22.6464	53.2337	0
0.0330019	0.01	0.2	24.2661	50.8761	0
0.0330019	0.01	0.2	26.0016	49.499	0
0.0330019	0.01	0.2	27.8612	47.8812	0
0.0330019	0.01	0.2	29.8538	45.2378	0
0.0330019	0.01	0.2	31.989	45.354	0
0.0330019	0.01	0.2	34.2768	44.8174	0
0.0330019	0.01	0.2	36.7282	44.4628	0
0.0330019	0.01	0.2	39.355	49.1699	0
0.0330019	0.01	0.2	42.1697	50.082	0
0.0330019	0.01	0.2	45.1856	53.9992	0
0.0330019	0.01	0.2	48.4172	56.0373	0
0.0330019	0.01	0.2	51.88	53.3388	0
0.0330019	0.01	0.2	55.5904	52.4769	0
0.0330019	0.01	0.2	59.5662	44.6417	0
0.0330019	0.01	0.2	63.8263	40.0018	0
0.0330019	0.01	0.2	68.3912	40.0602	0
0.0330019	0.01	0.2	73.2825	41.1685	0
0.0330019	0.01	0.2	78.5236	42.7189	0
0.0330019	0.01	0.2	84.1395	43.2397	0
0.0330019	0.01	0.2	90.1571	41.2557	0
0.0330019	0.01	0.2	96.6051	39.2337	0
0.0360571	0.01	0.2	0.103514	285.579	0
0.0360571	0.01	0.2	0.110917	284.699	0
0.0360571	0.01	0.2	0.11885	283.693	0
0.0360571	0.01	0.2	0.12735	282.545	0
0.0360571	0.01	0.2	0.136458	281.235	0
0.0360571	0.01	0.2	0.146218	279.743	0
0.0360571	0.01	0.2	0.156675	278.045	0
0.0360571	0.01	0.2	0.16788	276.115	0
0.0360571	0.01	0.2	0.179887	273.924	0
0.0360571	0.01	0.2	0.192752	271.441	0
0.0360571	0.01	0.2	0.206538	268.633	0
0.0360571	0.01	0.2	0.221309	265.465	0
0.0360571	0.01	0.2	0.237137	261.898	0
0.0360571	0.01	0.2	0.254097	257.895	0
0.0360571	0.01	0.2	0.27227	253.416	0
0.0360571	0.01	0.2	0.291743	248.424	0
0.0360571	0.01	0.2	0.312608	242.883	0
0.0360571	0.01	0.2	0.334965	236.762	0
0.0360571	0.01	0.2	0.358922	230.037	0
0.0360571	0.01	0.2	0.384592	222.693	0
0.0360571	0.01	0.2	0.412098	214.73	0
0.0360571	0.01	0.2	0.44157	206.16	0
0.0360571	0.01	0.2	0.473151	197.02	0
0.0360571	0.01	0.2	0.506991	187.363	0
0.0360571	0.01	0.2	0.54325	177.272	0
0.0360571	0.01	0.2	0.582103	166.851	0
0.0360571	0.01	0.2	0.623735	156.229	0
0.0360571	0.01	0.2	0.668344	145.556	0
0.0360571	0.01	0.2	0.716143	134.994	0
0.0360571	0.01	0.2	0.767361	124.713	0
0.0360571	0.01	0.2	0.822243	114.879	0
0.0360571	0.01	0.2	0.881049	105.646	0
0.0360571	0.01	0.2	0.944061	97.1462	0
0.0360571	0.01	0.2	1.01158	89.4843	0
0.0360571	0.01	0.2	1.08393	82.738	0
0.0360571	0.01	0.2	1.16145	76.9585	0
0.0360571	0.01	0.2	1.24451	72.1758	0
0.0360571	0.01	0.2	1.33352	68.404	0
0.0360571	0.01	0.2	1.42889	65.6457	0
0.0360571	0.01	0.2	1.53109	63.8948	0
0.0360571	0.01	0.2	1.64059	63.1355	0
0.0360571	0.01	0.2	1.75792	63.3365	0
0.0360571	0.01	0.2	1.88365	64.4366	0
0.0360571	0.01	0.2	2.01837	66.3187	0
0.0360571	0.01	0.2	2.16272	68.771	0
0.0360571	0.01	0.2	2.31739	71.4258	0
0.0360571	0.01	0.2	2.48313	73.6752	0
0.0360571	0.01	0.2	2.66073	74.6238	0
0.0360571	0.01	0.2	2.85102	73.2386	0
0.0360571	0.01	0.2	3.05492	68.8173	0
0.0360571	0.01	0.2	3.27341	61.551	0
0.0360571	0.01	0.2	3.50752	52.6588	0
0.0360571	0.01	0.2	3.75837	43.8524	0
0.0360571	0.01	0.2	4.02717	36.4076	0
0.0360571	0.01	0.2	4.31519	30.3309	0
0.0360571	0.01	0.2	4.62381	24.4017	0
0.0360571	0.01	0.2	4.9545	17.6039	0
0.0360571	0.01	0.2	5.30884	10.4614	0
0.0360571	0.01	0.2	5.68853	4.85105	0
0.0360571	0.01	0.2	6.09537	2.76948	0
0.0360571	0.01	0.2	6.53131	5.32385	0
0.0360571	0.01	0.2	6.99842	13.265	0
0.0360571	0.01	0.2	7.49894	25.2148	0
0.0360571	0.01	0.2	8.03526	36.0478	0
0.0360571	0.01	0.2	8.60994	42.2362	0
0.0360571	0.01	0.2	9.22571	44.8377	0
0.0360571	0.01	0.2	9.88553	46.7488	0
0.0360571	0.01	0.2	10.5925	49.7279	0
0.0360571	0.01	0.2	11.3501	54.547	0
0.0360571	0.01	0.2	12.1619	61.7394	0
0.0360571	0.01	0.2	13.0317	69.7721	0
0.0360571	0.01	0.2	13.9637	73.2689	0
0.0360571	0.01	0.2	14.9624	69.0142	0
0.0360571	0.01	0.2	16.0325	61.4789	0
0.0360571	0.01	0.2	17.1791	56.9798	0
0.0360571	0.01	0.2	18.4077	56.4905	0
0.0360571	0.01	0.2	19.7242	55.2641	0
0.0360571	0.01	0.2	21.1349	51.2106	0
0.0360571	0.01	0.2	22.6464	47.4536	0
0.0360571	0.01	0.2	24.2661	43.9819	0
0.0360571	0.01	0.2	26.0016	41.9073	0
0.0360571	0.01	0.2	27.8612	40.0013	0
0.0360571	0.01	0.2	29.8538	37.3173	0
0.0360571	0.01	0.2	31.989	37.72	0
0.0360571	0.01	0.2	34.2768	38.0348	0
0.0360571	0.01	0.2	36.7282	38.9143	0
0.0360571	0.01	0.2	39.355	44.5998	0
0.0360571	0.01	0.2	42.1697	45.7335	0
0.0360571	0.01	0.2	45.1856	49.2621	0
0.0360571	0.01	0.2	48.4172	51.1855	0
0.0360571	0.01	0.2	51.88	48.5473	0
0.0360571	0.01	0.2	55.5904	46.9969	0
0.0360571	0.01	0.2	59.5662	37.7618	0
0.0360571	0.01	0.2	63.8263	32.2699	0
0.0360571	0.01	0.2	68.3912	32.5449	0
0.0360571	0.01	0.2	73.2825	34.0079	0
0.0360571	0.01	0.2	78.5236	35.4289	0
0.0360571	0.01	0.2	84.1395	35.7934	0
0.0360571	0.01	0.2	90.1571	33.8356	0
0.0360571	0.01	0.2	96.6051	31.7305	0
0.039395	0.01	0.2	0.103514	285.031	0
0.039395	0.01	0.2	0.110917	284.071	0
0.039395	0.01	0.2	0.11885	282.975	0
0.039395	0.01	0.2	0.12735	281.724	0
0.039395	0.01	0.2	0.136458	280.298	0
0.039395	0.01	0.2	0.146218	278.674	0
0.039395	0.01	0.2	0.156675	276.825	0
0.039395	0.01	0.2	0.16788	274.725	0
0.039395	0.01	0.2	0.179887	272.342	0
0.039395	0.01	0.2	0.192752	269.644	0
0.039395	0.01	0.2	0.206538	266.594	0
0.039395	0.01	0.2	0.221309	263.154	0
0.039395	0.01	0.2	0.237137	259.285	0
0.039395	0.01	0.2	0.254097	254.947	0
0.039395	0.01	0.2	0.27227	250.098	0
0.039395	0.01	0.2	0.291743	244.7	0
0.039395	0.01	0.2	0.312608	238.716	0
0.039395	0.01	0.2	0.334965	232.117	0
0.039395	0.01	0.2	0.358922	224.881	0
0.039395	0.01	0.2	0.384592	216.996	0
0.039395	0.01	0.2	0.412098	208.467	0
0.039395	0.01	0.2	0.44157	199.316	0
0.039395	0.01	0.2	0.473151	189.587	0
0.039395	0.01	0.2	0.506991	179.351	0
0.039395	0.01	0.2	0.54325	168.703	0
0.039395	0.01	0.2	0.582103	157.767	0
0.039395	0.01	0.2	0.623735	146.691	0
0.039395	0.01	0.2	0.668344	135.644	0
0.039395	0.01	0.2	0.716143	124.808	0
0.039395	0.01	0.2	0.767361	114.369	0
0.039395	0.01	0.2	0.822243	104.508	0
0.039395	0.01	0.2	0.881049	95.3849	0
0.039395	0.01	0.2	0.944061	87.1333	0
0.039395	0.01	0.2	1.01158	79.8534	0
0.039395	0.01	0.2	1.08393	73.6098	0
0.039395	0.01	0.2	1.16145	68.4332	0
0.039395	0.01	0.2	1.24451	64.3245	0
0.039395	0.01	0.2	1.33352	61.2606	0
0.039395	0.01	0.2	1.42889	59.2001	0
0.039395	0.01	0.2	1.53109	58.0895	0
0.039395	0.01	0.2	1.64059	57.8707	0
0.039395	0.01	0.2	1.75792	58.4848	0
0.039395	0.01	0.2	1.88365	59.8652	0
0.039395	0.01	0.2	2.01837	61.9128	0
0.039395	0.01	0.2	2.16272	64.4493	0
0.039395	0.01	0.2	2.31739	67.1499	0
0.039395	0.01	0.2	2.48313	69.4574	0
0.039395	0.01	0.2	2.66073	70.5353	0
0.039395	0.01	0.2	2.85102	69.4027	0
0.039395	0.01	0.2	3.05492	65.3629	0
0.039395	0.01	0.2	3.27341	58.5301	0
0.039395	0.01	0.2	3.50752	49.9786	0
0.039395	0.01	0.2	3.75837	41.2757	0
0.039395	0.01	0.2	4.02717	33.6166	0
0.039395	0.01	0.2	4.31519	27.0616	0
0.039395	0.01	0.2	4.62381	20.6368	0
0.039395	0.01	0.2	4.9545	13.6183	0
0.039395	0.01	0.2	5.30884	6.642	0
0.039395	0.01	0.2	5.68853	1.52049	0
0.039395	0.01	0.2	6.09537	0.158025	0
0.039395	0.01	0.2	6.53131	3.74882	0
0.039395	0.01	0.2	6.99842	13.0347	0
0.039395	0.01	0.2	7.49894	26.2786	0
0.039395	0.01	0.2	8.03526	37.9023	0
0.039395	0.01	0.2	8.60994	44.2463	0
0.039395	0.01	0.2	9.22571	46.2003	0
0.039395	0.01	0.2	9.88553	46.8768	0
0.039395	0.01	0.2	10.5925	48.7787	0
0.039395	0.01	0.2	11.3501	52.7306	0
0.039395	0.01	0.2	12.1619	59.3545	0
0.039395	0.01	0.2	13.0317	67.2113	0
0.039395	0.01	0.2	13.9637	71.0109	0
0.039395	0.01	0.2	14.9624	67.1476	0
0.039395	0.01	0.2	16.0325	59.921	0
0.039395	0.01	0.2	17.1791	55.8552	0
0.039395	0.01	0.2	18.4077	55.8	0
0.039395	0.01	0.2	19.7242	54.443	0
0.039395	0.01	0.2	21.1349	49.6005	0
0.039395	0.01	0.2	22.6464	44.3918	0
0.039395	0.01	0.2	24.2661	39.5284	0
0.039395	0.01	0.2	26.0016	36.5491	0
0.039395	0.01	0.2	27.8612	34.273	0
0.039395	0.01	0.2	29.8538	31.5814	0
0.039395	0.01	0.2	31.989	32.4024	0
0.039395	0.01	0.2	34.2768	33.7951	0
0.039395	0.01	0.2	36.7282	36.1952	0
0.039395	0.01	0.2	39.355	43.0731	0
0.039395	0.01	0.2	42.1697	44.4667	0
0.039395	0.01	0.2	45.1856	47.4986	0
0.039395	0.01	0.2	48.4172	49.2355	0
0.039395	0.01	0.2	51.88	46.6281	0
0.039395	0.01	0.2	55.5904	44.2491	0
0.039395	0.01	0.2	59.5662	33.3618	0
0.039395	0.01	0.2	63.8263	26.8756	0
0.039395	0.01	0.2	68.3912	27.4	0
0.039395	0.01	0.2	73.2825	29.2692	0
0.039395	0.01	0.2	78.5236	30.5081	0
0.039395	0.01	0.2	84.1395	30.6962	0
0.039395	0.01	0.2	90.1571	28.7863	0
0.039395	0.01	0.2	96.6051	26.5932	0
0.043042	0.01	0.2	0.103514	284.432	0
0.043042	0.01	0.2	0.110917	283.387	0
0.043042	0.01	0.2	0.11885	282.192	0
0.043042	0.01	0.2	0.12735	280.83	0
0.043042	0.01	0.2	0.136458	279.277	0
0.043042	0.01	0.2	0.146218	277.508	0
0.043042	0.01	0.2	0.156675	275.497	0
0.043042	0.01	0.2	0.16788	273.212	0
0.043042	0.01	0.2	0.179887	270.622	0
0.043042	0.01	0.2	0.192752	267.689	0
0.043042	0.01	0.2	0.206538	264.377	0
0.043042	0.01	0.2	0.221309	260.645	0
0.043042	0.01	0.2	0.237137	256.45	0
0.043042	0.01	0.2	0.254097	251.751	0
0.043042	0.01	0.2	0.27227	246.505	0
0.043042	0.01	0.2	0.291743	240.673	0
0.043042	0.01	0.2	0.312608	234.219	0
0.043042	0.01	0.2	0.334965	227.114	0
0.043042	0.01	0.2	0.358922	219.338	0
0.043042	0.01	0.2	0.384592	210.887	0
0.043042	0.01	0.2	0.412098	201.77	0
0.043042	0.01	0.2	0.44157	192.022	0
0.043042	0.01	0.2	0.473151	181.7	0
0.043042	0.01	0.2	0.506991	170.888	0
0.043042	0.01	0.2	0.54325	159.703	0
0.043042	0.01	0.2	0.582103	148.287	0
0.043042	0.01	0.2	0.623735	136.814	0
0.043042	0.01	0.2	0.668344	125.473	0
0.043042	0.01	0.2	0.716143	114.471	0
0.043042	0.01	0.2	0.767361	104.011	0
0.043042	0.01	0.2	0.822243	94.2866	0
0.043042	0.01	0.2	0.881049	85.4667	0
0.043042	0.01	0.2	0.944061	77.6844	0
0.043042	0.01	0.2	1.01158	71.0313	0
0.043042	0.01	0.2	1.08393	65.5543	0
0.043042	0.01	0.2	1.16145	61.257	0
0.043042	0.01	0.2	1.24451	58.1035	0
0.043042	0.01	0.2	1.33352	56.0235	0
0.043042	0.01	0.2	1.42889	54.9197	0
0.043042	0.01	0.2	1.53109	54.6795	0
0.043042	0.01	0.2	1.64059	55.1921	0
0.043042	0.01	0.2	1.75792	56.365	0
0.043042	0.01	0.2	1.88365	58.1271	0
0.043042	0.01	0.2	2.01837	60.4035	0
0.043042	0.01	0.2	2.16272	63.0608	0
0.043042	0.01	0.2	2.31739	65.8293	0
0.043042	0.01	0.2	2.48313	68.2176	0
0.043042	0.01	0.2	2.66073	69.4671	0
0.043042	0.01	0.2	2.85102	68.6683	0
0.043042	0.01	0.2	3.05492	65.1379	0
0.043042	0.01	0.2	3.27341	58.8969	0
0.043042	0.01	0.2	3.50752	50.8418	0
0.043042	0.01	0.2	3.75837	42.3655	0
0.043042	0.01	0.2	4.02717	34.567	0
0.043042	0.01	0.2	4.31519	27.5712	0
0.043042	0.01	0.2	4.62381	20.702	0
0.043042	0.01	0.2	4.9545	13.5755	0
0.043042	0.01	0.2	5.30884	6.93291	0
0.043042	0.01	0.2	5.68853	2.48476	0
0.043042	0.01	0.2	6.09537	2.02344	0
0.043042	0.01	0.2	6.53131	6.87623	0
0.043042	0.01	0.2	6.99842	17.784	0
0.043042	0.01	0.2	7.49894	32.5482	0
0.043042	0.01	0.2	8.03526	45.0279	0
0.043042	0.01	0.2	8.60994	51.4417	0
0.043042	0.01	0.2	9.22571	52.5058	0
0.043042	0.01	0.2	9.88553	51.6003	0
0.043042	0.01	0.2	10.5925	52.1234	0
0.043042	0.01	0.2	11.3501	54.9073	0
0.043042	0.01	0.2	12.1619	60.6934	0
0.043042	0.01	0.2	13.0317	68.2102	0
0.043042	0.01	0.2	13.9637	72.323	0
0.043042	0.01	0.2	14.9624	68.9376	0
0.043042	0.01	0.2	16.0325	62.1098	0
0.043042	0.01	0.2	17.1791	58.6006	0
0.043042	0.01	0.2	18.4077	59.1049	0
0.043042	0.01	0.2	19.7242	57.6218	0
0.043042	0.01	0.2	21.1349	51.8753	0
0.043042	0.01	0.2	22.6464	44.919	0
0.043042	0.01	0.2	24.2661	38.3284	0
0.043042	0.01	0.2	26.0016	34.1921	0
0.043042	0.01	0.2	27.8612	31.4464	0
0.043042	0.01	0.2	29.8538	28.7898	0
0.043042	0.01	0.2	31.989	30.192	0
0.043042	0.01	0.2	34.2768	32.9365	0
0.043042	0.01	0.2	36.7282	37.2008	0
0.043042	0.01	0.2	39.355	45.5265	0
0.043042	0.01	0.2	42.1697	47.2247	0
0.043042	0.01	0.2	45.1856	49.6289	0
0.043042	0.01	0.2	48.4172	51.0895	0
0.043042	0.01	0.2	51.88	48.474	0
0.043042	0.01	0.2	55.5904	45.1003	0
0.043042	0.01	0.2	59.5662	32.2649	0
0.043042	0.01	0.2	63.8263	24.6187	0
0.043042	0.01	0.2	68.3912	25.4299	0
0.043042	0.01	0.2	73.2825	27.7642	0
0.043042	0.01	0.2	78.5236	28.7557	0
0.043042	0.01	0.2	84.1395	28.7454	0
0.043042	0.01	0.2	90.1571	26.9112	0
0.043042	0.01	0.2	96.6051	24.6254	0
0.0470266	0.01	0.2	0.103514	283.78	0
0.0470266	0.01	0.2	0.110917	282.64	0
0.0470266	0.01	0.2	0.11885	281.339	0
0.0470266	0.01	0.2	0.12735	279.855	0
0.0470266	0.01	0.2	0.136458	278.164	0
0.0470266	0.01	0.2	0.146218	276.239	0
0.0470266	0.01	0.2	0.156675	274.05	0
0.0470266	0.01	0.2	0.16788	271.566	0
0.0470266	0.01	0.2	0.179887	268.75	0
0.0470266	0.01	0.2	0.192752	265.565	0
0.0470266	0.01	0.2	0.206538	261.969	0
0.0470266	0.01	0.2	0.221309	257.921	0
0.0470266	0.01	0.2	0.237137	253.376	0
0.0470266	0.01	0.2	0.254097	248.291	0
0.0470266	0.01	0.2	0.27227	242.62	0
0.0470266	0.01	0.2	0.291743	236.326	0
0.0470266	0.01	0.2	0.312608	229.372	0
0.0470266	0.01	0.2	0.334965	221.732	0
0.0470266	0.01	0.2	0.358922	213.391	0
0.0470266	0.01	0.2	0.384592	204.35	0
0.0470266	0.01	0.2	0.412098	194.629	0
0.0470266	0.01	0.2	0.44157	184.275	0
0.0470266	0.01	0.2	0.473151	173.36	0
0.0470266	0.01	0.2	0.506991	161.989	0
0.0470266	0.01	0.2	0.54325	150.299	0
0.0470266	0.01	0.2	0.582103	138.46	0
0.0470266	0.01	0.2	0.623735	126.67	0
0.0470266	0.01	0.2	0.668344	115.147	0
0.0470266	0.01	0.2	0.716143	104.12	0
0.0470266	0.01	0.2	0.767361	93.8155	0
0.0470266	0.01	0.2	0.822243	84.4405	0
0.0470266	0.01	0.2	0.881049	76.1704	0
0.0470266	0.01	0.2	0.944061	69.1362	0
0.0470266	0.01	0.2	1.01158	63.4167	0
0.0470266	0.01	0.2	1.08393	59.0354	0
0.0470266	0.01	0.2	1.16145	55.9611	0
0.0470266	0.01	0.2	1.24451	54.1111	0
0.0470266	0.01	0.2	1.33352	53.3556	0
0.0470266	0.01	0.2	1.42889	53.5275	0
0.0470266	0.01	0.2	1.53109	54.4403	0
0.0470266	0.01	0.2	1.64059	55.9183	0
0.0470266	0.01	0.2	1.75792	57.8285	0
0.0470266	0.01	0.2	1.88365	60.0961	0
0.0470266	0.01	0.2	2.01837	62.6788	0
0.0470266	0.01	0.2	2.16272	65.5014	0
0.0470266	0.01	0.2	2.31739	68.3651	0
0.0470266	0.01	0.2	2.48313	70.8624	0
0.0470266	0.01	0.2	2.66073	72.3363	0
0.0470266	0.01	0.2	2.85102	71.9726	0
0.0470266	0.01	0.2	3.05492	69.1106	0
0.0470266	0.01	0.2	3.27341	63.6591	0
0.0470266	0.01	0.2	3.50752	56.2964	0
0.0470266	0.01	0.2	3.75837	48.2047	0
0.0470266	0.01	0.2	4.02717	40.3682	0
0.0470266	0.01	0.2	4.31519	32.989	0
0.0470266	0.01	0.2	4.62381	25.7499	0
0.0470266	0.01	0.2	4.9545	18.6642	0
0.0470266	0.01	0.2	5.30884	12.5672	0
0.0470266	0.01	0.2	5.68853	9.02056	0
0.0470266	0.01	0.2	6.09537	9.68152	0
0.0470266	0.01	0.2	6.53131	16.0679	0
0.0470266	0.01	0.2	6.99842	28.93	0
0.0470266	0.01	0.2	7.49894	45.483	0
0.0470266	0.01	0.2	8.03526	58.8893	0
0.0470266	0.01	0.2	8.60994	65.2603	0
0.0470266	0.01	0.2	9.22571	65.1355	0
0.0470266	0.01	0.2	9.88553	62.2235	0
0.0470266	0.01	0.2	10.5925	60.999	0
0.0470266	0.01	0.2	11.3501	62.2423	0
0.0470266	0.01	0.2	12.1619	66.8532	0
0.0470266	0.01	0.2	13.0317	73.8214	0
0.0470266	0.01	0.2	13.9637	78.2555	0
0.0470266	0.01	0.2	14.9624	75.4515	0
0.0470266	0.01	0.2	16.0325	69.1316	0
0.0470266	0.01	0.2	17.1791	66.3282	0
0.0470266	0.01	0.2	18.4077	67.5435	0
0.0470266	0.01	0.2	19.7242	65.9421	0
0.0470266	0.01	0.2	21.1349	59.1588	0
0.0470266	0.01	0.2	22.6464	50.1026	0
0.0470266	0.01	0.2	24.2661	41.381	0
0.0470266	0.01	0.2	26.0016	35.7817	0
0.0470266	0.01	0.2	27.8612	32.4456	0
0.0470266	0.01	0.2	29.8538	29.878	0
0.0470266	0.01	0.2	31.989	32.0619	0
0.0470266	0.01	0.2	34.2768	36.4884	0
0.0470266	0.01	0.2	36.7282	43.0285	0
0.0470266	0.01	0.2	39.355	53.1057	0
0.0470266	0.01	0.2	42.1697	55.1601	0
0.0470266	0.01	0.2	45.1856	56.7782	0
0.0470266	0.01	0.2	48.4172	57.8515	0
0.0470266	0.01	0.2	51.88	55.1775	0
0.0470266	0.01	0.2	55.5904	50.6126	0
0.0470266	0.01	0.2	59.5662	35.4825	0
0.0470266	0.01	0.2	63.8263	26.4833	0
0.0470266	0.01	0.2	68.3912	27.6242	0
0.0470266	0.01	0.2	73.2825	30.4907	0
0.0470266	0.01	0.2	78.5236	31.1548	0
0.0470266	0.01	0.2	84.1395	30.9221	0
0.0470266	0.01	0.2	90.1571	29.1989	0
0.0470266	0.01	0.2	96.6051	26.8158	0
0.05138	0.01	0.2	0.103514	283.068	0
0.05138	0.01	0.2	0.110917	281.826	0
0.05138	0.01	0.2	0.11885	280.409	0
0.05138	0.01	0.2	0.12735	278.793	0
0.05138	0.01	0.2	0.136458	276.952	0
0.05138	0.01	0.2	0.146218	274.857	0
0.05138	0.01	0.2	0.156675	272.476	0
0.05138	0.01	0.2	0.16788	269.775	0
0.05138	0.01	0.2	0.179887	266.715	0
0.05138	0.01	0.2	0.192752	263.257	0
0.05138	0.01	0.2	0.206538	259.356	0
0.05138	0.01	0.2	0.221309	254.968	0
0.05138	0.01	0.2	0.237137	250.047	0
0.05138	0.01	0.2	0.254097	244.547	0
0.05138	0.01	0.2	0.27227	238.423	0
0.05138	0.01	0.2	0.291743	231.637	0
0.05138	0.01	0.2	0.312608	224.154	0
0.05138	0.01	0.2	0.334965	215.952	0
0.05138	0.01	0.2	0.358922	207.022	0
0.05138	0.01	0.2	0.384592	197.372	0
0.05138	0.01	0.2	0.412098	187.036	0
0.05138	0.01	0.2	0.44157	176.074	0
0.05138	0.01	0.2	0.473151	164.579	0
0.05138	0.01	0.2	0.506991	152.678	0
0.05138	0.01	0.2	0.54325	140.537	0
0.05138	0.01	0.2	0.582103	128.354	0
0.05138	0.01	0.2	0.623735	116.359	0
0.05138	0.01	0.2	0.668344	104.8	0
0.05138	0.01	0.2	0.716143	93.9354	0
0.05138	0.01	0.2	0.767361	84.0132	0
0.05138	0.01	0.2	0.822243	75.2567	0
0.05138	0.01	0.2	0.881049	67.8472	0
0.05138	0.01	0.2	0.944061	61.91	0
0.05138	0.01	0.2	1.01158	57.5063	0
0.05138	0.01	0.2	1.08393	54.6289	0
0.05138	0.01	0.2	1.16145	53.2024	0
0.05138	0.01	0.2	1.24451	53.0848	0
0.05138	0.01	0.2	1.33352	54.0722	0
0.05138	0.01	0.2	1.42889	55.9105	0
0.05138	0.01	0.2	1.53109	58.322	0
0.05138	0.01	0.2	1.64059	61.051	0
0.05138	0.01	0.2	1.75792	63.916	0
0.05138	0.01	0.2	1.88365	66.8394	0
0.05138	0.01	0.2	2.01837	69.8226	0
0.05138	0.01	0.2	2.16272	72.8645	0
0.05138	0.01	0.2	2.31739	75.8568	0
0.05138	0.01	0.2	2.48313	78.4984	0
0.05138	0.01	0.2	2.66073	80.2622	0
0.05138	0.01	0.2	2.85102	80.4594	0
0.05138	0.01	0.2	3.05492	78.4634	0
0.05138	0.01	0.2	3.27341	74.0472	0
0.05138	0.01	0.2	3.50752	67.6226	0
0.05138	0.01	0.2	3.75837	60.1168	0
0.05138	0.01	0.2	4.02717	52.3764	0
0.05138	0.01	0.2	4.31519	44.6964	0
0.05138	0.01	0.2	4.62381	37.1915	0
0.05138	0.01	0.2	4.9545	30.3393	0
0.05138	0.01	0.2	5.30884	25.0539	0
0.05138	0.01	0.2	5.68853	22.6895	0
0.05138	0.01	0.2	6.09537	24.7408	0
0.05138	0.01	0.2	6.53131	32.9876	0
0.05138	0.01	0.2	6.99842	48.2027	0
0.05138	0.01	0.2	7.49894	66.863	0
0.05138	0.01	0.2	8.03526	81.2723	0
0.05138	0.01	0.2	8.60994	87.4562	0
0.05138	0.01	0.2	9.22571	85.7751	0
0.05138	0.01	0.2	9.88553	80.3398	0
0.05138	0.01	0.2	10.5925	76.9168	0
0.05138	0.01	0.2	11.3501	76.1598	0
0.05138	0.01	0.2	12.1619	79.175	0
0.05138	0.01	0.2	13.0317	85.3315	0
0.05138	0.01	0.2	13.9637	90.0914	0
0.05138	0.01	0.2	14.9624	87.993	0
0.05138	0.01	0.2	16.0325	82.3129	0
0.05138	0.01	0.2	17.1791	80.3947	0
0.05138	0.01	0.2	18.4077	82.5032	0
0.05138	0.01	0.2	19.7242	80.7947	0
0.05138	0.01	0.2	21.1349	72.8217	0
0.05138	0.01	0.2	22.6464	61.247	0
0.05138	0.01	0.2	24.2661	49.9095	0
0.05138	0.01	0.2	26.0016	42.4766	0
0.05138	0.01	0.2	27.8612	38.4045	0
0.05138	0.01	0.2	29.8538	35.9942	0
0.05138	0.01	0.2	31.989	39.2045	0
0.05138	0.01	0.2	34.2768	45.7101	0
0.05138	0.01	0.2	36.7282	55.0171	0
0.05138	0.01	0.2	39.355	67.2066	0
0.05138	0.01	0.2	42.1697	69.6768	0
0.05138	0.01	0.2	45.1856	70.3181	0
0.05138	0.01	0.2	48.4172	70.8671	0
0.05138	0.01	0.2	51.88	68.0701	0
0.05138	0.01	0.2	55.5904	62.0823	0
0.05138	0.01	0.2	59.5662	44.2522	0
0.05138	0.01	0.2	63.8263	33.6759	0
0.05138	0.01	0.2	68.3912	35.1953	0
0.05138	0.01	0.2	73.2825	38.6698	0
0.05138	0.01	0.2	78.5236	38.9092	0
0.05138	0.01	0.2	84.1395	38.4285	0
0.05138	0.01	0.2	90.1571	36.861	0
0.05138	0.01	0.2	96.6051	34.3763	0
0.0561365	0.01	0.2	0.103514	282.292	0
0.0561365	0.01	0.2	0.110917	280.939	0
0.0561365	0.01	0.2	0.11885	279.395	0
0.0561365	0.01	0.2	0.12735	277.636	0
0.0561365	0.01	0.2	0.136458	275.632	0
0.0561365	0.01	0.2	0.146218	273.352	0
0.0561365	0.01	0.2	0.156675	270.763	0
0.0561365	0.01	0.2	0.16788	267.828	0
0.0561365	0.01	0.2	0.179887	264.504	0
0.0561365	0.01	0.2	0.192752	260.751	0
0.0561365	0.01	0.2	0.206538	256.521	0
0.0561365	0.01	0.2	0.221309	251.767	0
0.0561365	0.01	0.2	0.237137	246.443	0
0.0561365	0.01	0.2	0.254097	240.5	0
0.0561365	0.01	0.2	0.27227	233.894	0
0.0561365	0.01	0.2	0.291743	226.587	0
0.0561365	0.01	0.2	0.312608	218.548	0
0.0561365	0.01	0.2	0.334965	209.758	0
0.0561365	0.01	0.2	0.358922	200.217	0
0.0561365	0.01	0.2	0.384592	189.944	0
0.0561365	0.01	0.2	0.412098	178.988	0
0.0561365	0.01	0.2	0.44157	167.427	0
0.0561365	0.01	0.2	0.473151	155.379	0
0.0561365	0.01	0.2	0.506991	142.998	0
0.0561365	0.01	0.2	0.54325	130.482	0
0.0561365	0.01	0.2	0.582103	118.066	0
0.0561365	0.01	0.2	0.623735	106.013	0
0.0561365	0.01	0.2	0.668344	94.6102	0
0.0561365	0.01	0.2	0.716143	84.1459	0
0.0561365	0.01	0.2	0.767361	74.8948	0
0.0561365	0.01	0.2	0.822243	67.0964	0
0.0561365	0.01	0.2	0.881049	60.936	0
0.0561365	0.01	0.2	0.944061	56.5299	0
0.0561365	0.01	0.2	1.01158	53.9152	0
0.0561365	0.01	0.2	1.08393	53.0453	0
0.0561365	0.01	0.2	1.16145	53.7887	0
0.0561365	0.01	0.2	1.24451	55.9294	0
0.0561365	0.01	0.2	1.33352	59.1715	0
0.0561365	0.01	0.2	1.42889	63.1532	0
0.0561365	0.01	0.2	1.53109	67.4844	0
0.0561365	0.01	0.2	1.64059	71.8116	0
0.0561365	0.01	0.2	1.75792	75.8949	0
0.0561365	0.01	0.2	1.88365	79.656	0
0.0561365	0.01	0.2	2.01837	83.153	0
0.0561365	0.01	0.2	2.16272	86.4797	0
0.0561365	0.01	0.2	2.31739	89.6411	0
0.0561365	0.01	0.2	2.48313	92.4706	0
0.0561365	0.01	0.2	2.66073	94.6061	0
0.0561365	0.01	0.2	2.85102	95.5199	0
0.0561365	0.01	0.2	3.05492	94.6344	0
0.0561365	0.01	0.2	3.27341	91.5589	0
0.0561365	0.01	0.2	3.50752	86.3789	0
0.0561365	0.01	0.2	3.75837	79.7137	0
0.0561365	0.01	0.2	4.02717	72.245	0
0.0561365	0.01	0.2	4.31519	64.3783	0
0.0561365	0.01	0.2	4.62381	56.7481	0
0.0561365	0.01	0.2	4.9545	50.3759	0
0.0561365	0.01	0.2	5.30884	46.2337	0
0.0561365	0.01	0.2	5.68853	45.3958	0
0.0561365	0.01	0.2	6.09537	49.1616	0
0.0561365	0.01	0.2	6.53131	59.6618	0
0.0561365	0.01	0.2	6.99842	77.708	0
0.0561365	0.01	0.2	7.49894	98.854	0
0.0561365	0.01	0.2	8.03526	114.349	0
0.0561365	0.01	0.2	8.60994	120.163	0
0.0561365	0.01	0.2	9.22571	116.476	0
0.0561365	0.01	0.2	9.88553	107.89	0
0.0561365	0.01	0.2	10.5925	101.719	0
0.0561365	0.01	0.2	11.3501	98.3953	0
0.0561365	0.01	0.2	12.1619	99.293	0
0.0561365	0.01	0.2	13.0317	104.308	0
0.0561365	0.01	0.2	13.9637	109.393	0
0.0561365	0.01	0.2	14.9624	108.149	0
0.0561365	0.01	0.2	16.0325	103.268	0
0.0561365	0.01	0.2	17.1791	102.449	0
0.0561365	0.01	0.2	18.4077	105.67	0
0.0561365	0.01	0.2	19.7242	103.87	0
0.0561365	0.01	0.2	21.1349	94.5307	0
0.0561365	0.01	0.2	22.6464	79.9406	0
0.0561365	0.01	0.2	24.2661	65.4063	0
0.0561365	0.01	0.2	26.0016	55.693	0
0.0561365	0.01	0.2	27.8612	50.7095	0
0.0561365	0.01	0.2	29.8538	48.5413	0
0.0561365	0.01	0.2	31.989	53.0759	0
0.0561365	0.01	0.2	34.2768	62.1365	0
0.0561365	0.01	0.2	36.7282	74.7957	0
0.0561365	0.01	0.2	39.355	89.5245	0
0.0561365	0.01	0.2	42.1697	92.4789	0
0.0561365	0.01	0.2	45.1856	91.9147	0
0.0561365	0.01	0.2	48.4172	91.7716	0
0.0561365	0.01	0.2	51.88	88.77	0
0.0561365	0.01	0.2	55.5904	81.0865	0
0.0561365	0.01	0.2	59.5662	60.0835	0
0.0561365	0.01	0.2	63.8263	47.6703	0
0.0561365	0.01	0.2	68.3912	49.6237	0
0.0561365	0.01	0.2	73.2825	53.7919	0
0.0561365	0.01	0.2	78.5236	53.4882	0
0.0561365	0.01	0.2	84.1395	52.7323	0
0.0561365	0.01	0.2	90.1571	51.377	0
0.0561365	0.01	0.2	96.6051	48.7867	0
0.0613333	0.01	0.2	0.103514	281.446	0
0.0613333	0.01	0.2	0.110917	279.972	0
0.0613333	0.01	0.2	0.11885	278.291	0
0.0613333	0.01	0.2	0.12735	276.375	0
0.0613333	0.01	0.2	0.136458	274.194	0
0.0613333	0.01	0.2	0.146218	271.715	0
0.0613333	0.01	0.2	0.156675	268.901	0
0.0613333	0.01	0.2	0.16788	265.711	0
0.0613333	0.01	0.2	0.179887	262.103	0
0.0613333	0.01	0.2	0.192752	258.031	0
0.0613333	0.01	0.2	0.206538	253.447	0
0.0613333	0.01	0.2	0.221309	248.302	0
0.0613333	0.01	0.2	0.237137	242.546	0
0.0613333	0.01	0.2	0.254097	236.131	0
0.0613333	0.01	0.2	0.27227	229.013	0
0.0613333	0.01	0.2	0.291743	221.156	0
0.0613333	0.01	0.2	0.312608	212.534	0
0.0613333	0.01	0.2	0.334965	203.134	0
0.0613333	0.01	0.2	0.358922	192.965	0
0.0613333	0.01	0.2	0.384592	182.062	0
0.0613333	0.01	0.2	0.412098	170.491	0
0.0613333	0.01	0.2	0.44157	158.354	0
0.0613333	0.01	0.2	0.473151	145.796	0
0.0613333	0.01	0.2	0.506991	133.008	0
0.0613333	0.01	0.2	0.54325	120.224	0
0.0613333	0.01	0.2	0.582103	107.72	0
0.0613333	0.01	0.2	0.623735	95.8046	0
0.0613333	0.01	0.2	0.668344	84.8036	0
0.0613333	0.01	0.2	0.716143	75.0433	0
0.0613333	0.01	0.2	0.767361	66.8269	0
0.0613333	0.01	0.2	0.822243	60.4105	0
0.0613333	0.01	0.2	0.881049	55.9822	0
0.0613333	0.01	0.2	0.944061	53.644	0
0.0613333	0.01	0.2	1.01158	53.4014	0
0.0613333	0.01	0.2	1.08393	55.1573	0
0.0613333	0.01	0.2	1.16145	58.7097	0
0.0613333	0.01	0.2	1.24451	63.7511	0
0.0613333	0.01	0.2	1.33352	69.8714	0
0.0613333	0.01	0.2	1.42889	76.5763	0
0.0613333	0.01	0.2	1.53109	83.338	0
0.0613333	0.01	0.2	1.64059	89.6837	0
0.0613333	0.01	0.2	1.75792	95.3036	0
0.0613333	0.01	0.2	1.88365	100.121	0
0.0613333	0.01	0.2	2.01837	104.268	0
0.0613333	0.01	0.2	2.16272	107.958	0
0.0613333	0.01	0.2	2.31739	111.338	0
0.0613333	0.01	0.2	2.48313	114.409	0
0.0613333	0.01	0.2	2.66073	117.018	0
0.0613333	0.01	0.2	2.85102	118.841	0
0.0613333	0.01	0.2	3.05492	119.369	0
0.0613333	0.01	0.2	3.27341	118.012	0
0.0613333	0.01	0.2	3.50752	114.458	0
0.0613333	0.01	0.2	3.75837	108.954	0
0.0613333	0.01	0.2	4.02717	101.984	0
0.0613333	0.01	0.2	4.31519	94.084	0
0.0613333	0.01	0.2	4.62381	86.5142	0
0.0613333	0.01	0.2	4.9545	80.9342	0
0.0613333	0.01	0.2	5.30884	78.3458	0
0.0613333	0.01	0.2	5.68853	79.455	0
0.0613333	0.01	0.2	6.09537	85.3269	0
0.0613333	0.01	0.2	6.53131	98.5522	0
0.0613333	0.01	0.2	6.99842	120.003	0
0.0613333	0.01	0.2	7.49894	144.084	0
0.0613333	0.01	0.2	8.03526	160.756	0
0.0613333	0.01	0.2	8.60994	165.97	0
0.0613333	0.01	0.2	9.22571	159.731	0
0.0613333	0.01	0.2	9.88553	147.231	0
0.0613333	0.01	0.2	10.5925	137.643	0
0.0613333	0.01	0.2	11.3501	131.058	0
0.0613333	0.01	0.2	12.1619	129.193	0
0.0613333	0.01	0.2	13.0317	132.656	0
0.0613333	0.01	0.2	13.9637	138.06	0
0.0613333	0.01	0.2	14.9624	137.848	0
0.0613333	0.01	0.2	16.0325	133.955	0
0.0613333	0.01	0.2	17.1791	134.492	0
0.0613333	0.01	0.2	18.4077	139.085	0
0.0613333	0.01	0.2	19.7242	137.215	0
0.0613333	0.01	0.2	21.1349	126.306	0
0.0613333	0.01	0.2	22.6464	108.113	0
0.0613333	0.01	0.2	24.2661	89.6865	0
0.0613333	0.01	0.2	26.0016	77.1559	0
0.0613333	0.01	0.2	27.8612	71.0505	0
0.0613333	0.01	0.2	29.8538	69.2293	0
0.0613333	0.01	0.2	31.989	75.4487	0
0.0613333	0.01	0.2	34.2768	87.6331	0
0.0613333	0.01	0.2	36.7282	104.34	0
0.0613333	0.01	0.2	39.355	122.112	0
0.0613333	0.01	0.2	42.1697	125.63	0
0.0613333	0.01	0.2	45.1856	123.586	0
0.0613333	0.01	0.2	48.4172	122.546	0
0.0613333	0.01	0.2	51.88	119.237	0
0.0613333	0.01	0.2	55.5904	109.538	0
0.0613333	0.01	0.2	59.5662	84.8117	0
0.0613333	0.01	0.2	63.8263	70.261	0
0.0613333	0.01	0.2	68.3912	72.7115	0
0.0613333	0.01	0.2	73.2825	77.6693	0
0.0613333	0.01	0.2	78.5236	76.6793	0
0.0613333	0.01	0.2	84.1395	75.6207	0
0.0613333	0.01	0.2	90.1571	74.5482	0
0.0613333	0.01	0.2	96.6051	71.8492	0
0.0670111	0.01	0.2	0.103514	280.524	0
0.0670111	0.01	0.2	0.110917	278.919	0
0.0670111	0.01	0.2	0.11885	277.088	0
0.0670111	0.01	0.2	0.12735	275.003	0
0.0670111	0.01	0.2	0.136458	272.63	0
0.0670111	0.01	0.2	0.146218	269.934	0
0.0670111	0.01	0.2	0.156675	266.876	0
0.0670111	0.01	0.2	0.16788	263.412	0
0.0670111	0.01	0.2	0.179887	259.497	0
0.0670111	0.01	0.2	0.192752	255.082	0
0.0670111	0.01	0.2	0.206538	250.118	0
0.0670111	0.01	0.2	0.221309	244.553	0
0.0670111	0.01	0.2	0.237137	238.336	0
0.0670111	0.01	0.2	0.254097	231.42	0
0.0670111	0.01	0.2	0.27227	223.761	0
0.0670111	0.01	0.2	0.291743	215.327	0
0.0670111	0.01	0.2	0.312608	206.096	0
0.0670111	0.01	0.2	0.334965	196.067	0
0.0670111	0.01	0.2	0.358922	185.26	0
0.0670111	0.01	0.2	0.384592	173.728	0
0.0670111	0.01	0.2	0.412098	161.559	0
0.0670111	0.01	0.2	0.44157	148.885	0
0.0670111	0.01	0.2	0.473151	135.886	0
0.0670111	0.01	0.2	0.506991	122.791	0
0.0670111	0.01	0.2	0.54325	109.882	0
0.0670111	0.01	0.2	0.582103	97.4837	0
0.0670111	0.01	0.2	0.623735	85.9542	0
0.0670111	0.01	0.2	0.668344	75.6684	0
0.0670111	0.01	0.2	0.716143	66.9941	0
0.0670111	0.01	0.2	0.767361	60.2664	0
0.0670111	0.01	0.2	0.822243	55.7589	0
0.0670111	0.01	0.2	0.881049	53.6594	0
0.0670111	0.01	0.2	0.944061	54.0499	0
0.0670111	0.01	0.2	1.01158	56.8945	0
0.0670111	0.01	0.2	1.08393	62.0321	0
0.0670111	0.01	0.2	1.16145	69.1734	0
0.0670111	0.01	0.2	1.24451	77.8971	0
0.0670111	0.01	0.2	1.33352	87.6526	0
0.0670111	0.01	0.2	1.42889	97.7835	0
0.0670111	0.01	0.2	1.53109	107.593	0
0.0670111	0.01	0.2	1.64059	116.464	0
0.0670111	0.01	0.2	1.75792	124.003	0
0.0670111	0.01	0.2	1.88365	130.141	0
0.0670111	0.01	0.2	2.01837	135.1	0
0.0670111	0.01	0.2	2.16272	139.246	0
0.0670111	0.01	0.2	2.31739	142.903	0
0.0670111	0.01	0.2	2.48313	146.283	0
0.0670111	0.01	0.2	2.66073	149.49	0
0.0670111	0.01	0.2	2.85102	152.461	0
0.0670111	0.01	0.2	3.05492	154.776	0
0.0670111	0.01	0.2	3.27341	155.605	0
0.0670111	0.01	0.2	3.50752	154.152	0
0.0670111	0.01	0.2	3.75837	150.213	0
0.0670111	0.01	0.2	4.02717	144.031	0
0.0670111	0.01	0.2	4.31519	136.3	0
0.0670111	0.01	0.2	4.62381	129.032	0
0.0670111	0.01	0.2	4.9545	124.636	0
0.0670111	0.01	0.2	5.30884	124.108	0
0.0670111	0.01	0.2	5.68853	127.676	0
0.0670111	0.01	0.2	6.09537	136.126	0
0.0670111	0.01	0.2	6.53131	152.643	0
0.0670111	0.01	0.2	6.99842	178.184	0
0.0670111	0.01	0.2	7.49894	205.736	0
0.0670111	0.01	0.2	8.03526	223.685	0
0.0670111	0.01	0.2	8.60994	228.015	0
0.0670111	0.01	0.2	9.22571	218.558	0
0.0670111	0.01	0.2	9.88553	201.222	0
0.0670111	0.01	0.2	10.5925	187.406	0
0.0670111	0.01	0.2	11.3501	176.708	0
0.0670111	0.01	0.2	12.1619	171.283	0
0.0670111	0.01	0.2	13.0317	172.683	0
0.0670111	0.01	0.2	13.9637	178.39	0
0.0670111	0.01	0.2	14.9624	179.423	0
0.0670111	0.01	0.2	16.0325	176.745	0
0.0670111	0.01	0.2	17.1791	178.944	0
0.0670111	0.01	0.2	18.4077	185.22	0
0.0670111	0.01	0.2	19.7242	183.305	0
0.0670111	0.01	0.2	21.1349	170.593	0
0.0670111	0.01	0.2	22.6464	148.099	0
0.0670111	0.01	0.2	24.2661	124.953	0
0.0670111	0.01	0.2	26.0016	108.961	0
0.0670111	0.01	0.2	27.8612	101.482	0
0.0670111	0.01	0.2	29.8538	100.136	0
0.0670111	0.01	0.2	31.989	108.475	0
0.0670111	0.01	0.2	34.2768	124.461	0
0.0670111	0.01	0.2	36.7282	146.04	0
0.0670111	0.01	0.2	39.355	167.45	0
0.0670111	0.01	0.2	42.1697	171.619	0
0.0670111	0.01	0.2	45.1856	167.769	0
0.0670111	0.01	0.2	48.4172	165.584	0
0.0670111	0.01	0.2	51.88	161.841	0
0.0670111	0.01	0.2	55.5904	149.751	0
0.0670111	0.01	0.2	59.5662	120.662	0
0.0670111	0.01	0.2	63.8263	103.628	0
0.0670111	0.01	0.2	68.3912	106.646	0
0.0670111	0.01	0.2	73.2825	112.501	0
0.0670111	0.01	0.2	78.5236	110.652	0
0.0670111	0.01	0.2	84.1395	109.263	0
0.0670111	0.01	0.2	90.1571	108.562	0
0.0670111	0.01	0.2	96.6051	105.752	0
0.0732147	0.01	0.2	0.103514	279.519	0
0.0732147	0.01	0.2	0.110917	277.771	0
0.0732147	0.01	0.2	0.11885	275.778	0
0.0732147	0.01	0.2	0.12735	273.509	0
0.0732147	0.01	0.2	0.136458	270.929	0
0.0732147	0.01	0.2	0.146218	267.998	0
0.0732147	0.01	0.2	0.156675	264.676	0
0.0732147	0.01	0.2	0.16788	260.916	0
0.0732147	0.01	0.2	0.179887	256.67	0
0.0732147	0.01	0.2	0.192752	251.887	0
0.0732147	0.01	0.2	0.206538	246.515	0
0.0732147	0.01	0.2	0.221309	240.501	0
0.0732147	0.01	0.2	0.237137	233.794	0
0.0732147	0.01	0.2	0.254097	226.346	0
0.0732147	0.01	0.2	0.27227	218.118	0
0.0732147	0.01	0.2	0.291743	209.081	0
0.0732147	0.01	0.2	0.312608	199.222	0
0.0732147	0.01	0.2	0.334965	188.549	0
0.0732147	0.01	0.2	0.358922	177.102	0
0.0732147	0.01	0.2	0.384592	164.954	0
0.0732147	0.01	0.2	0.412098	152.221	0
0.0732147	0.01	0.2	0.44157	139.07	0
0.0732147	0.01	0.2	0.473151	125.723	0
0.0732147	0.01	0.2	0.506991	112.459	0
0.0732147	0.01	0.2	0.54325	99.6136	0
0.0732147	0.01	0.2	0.582103	87.5691	0
0.0732147	0.01	0.2	0.623735	76.7433	0
0.0732147	0.01	0.2	0.668344	67.5669	0
0.0732147	0.01	0.2	0.716143	60.4559	0
0.0732147	0.01	0.2	0.767361	55.7806	0
0.0732147	0.01	0.2	0.822243	53.8326	0
0.0732147	0.01	0.2	0.881049	54.7958	0
0.0732147	0.01	0.2	0.944061	58.7248	0
0.0732147	0.01	0.2	1.01158	65.5302	0
0.0732147	0.01	0.2	1.08393	74.971	0
0.0732147	0.01	0.2	1.16145	86.6489	0
0.0732147	0.01	0.2	1.24451	100.003	0
0.0732147	0.01	0.2	1.33352	114.31	0
0.0732147	0.01	0.2	1.42889	128.716	0
0.0732147	0.01	0.2	1.53109	142.318	0
0.0732147	0.01	0.2	1.64059	154.323	0
0.0732147	0.01	0.2	1.75792	164.24	0
0.0732147	0.01	0.2	1.88365	172.01	0
0.0732147	0.01	0.2	2.01837	177.975	0
0.0732147	0.01	0.2	2.16272	182.688	0
0.0732147	0.01	0.2	2.31739	186.694	0
0.0732147	0.01	0.2	2.48313	190.463	0
0.0732147	0.01	0.2	2.66073	194.425	0
0.0732147	0.01	0.2	2.85102	198.84	0
0.0732147	0.01	0.2	3.05492	203.403	0
0.0732147	0.01	0.2	3.27341	206.996	0
0.0732147	0.01	0.2	3.50752	208.231	0
0.0732147	0.01	0.2	3.75837	206.359	0
0.0732147	0.01	0.2	4.02717	201.335	0
0.0732147	0.01	0.2	4.31519	194.038	0
0.0732147	0.01	0.2	4.62381	187.381	0
0.0732147	0.01	0.2	4.9545	184.658	0
0.0732147	0.01	0.2	5.30884	186.81	0
0.0732147	0.01	0.2	5.68853	193.459	0
0.0732147	0.01	0.2	6.09537	205.055	0
0.0732147	0.01	0.2	6.53131	225.542	0
0.0732147	0.01	0.2	6.99842	255.998	0
0.0732147	0.01	0.2	7.49894	287.658	0
0.0732147	0.01	0.2	8.03526	306.994	0
0.0732147	0.01	0.2	8.60994	310.089	0
0.0732147	0.01	0.2	9.22571	296.61	0
0.0732147	0.01	0.2	9.88553	273.326	0
0.0732147	0.01	0.2	10.5925	254.294	0
0.0732147	0.01	0.2	11.3501	238.44	0
0.0732147	0.01	0.2	12.1619	228.475	0
0.0732147	0.01	0.2	13.0317	227.18	0
0.0732147	0.01	0.2	13.9637	233.163	0
0.0732147	0.01	0.2	14.9624	235.694	0
0.0732147	0.01	0.2	16.0325	234.503	0
0.0732147	0.01	0.2	17.1791	238.723	0
0.0732147	0.01	0.2	18.4077	247.049	0
0.0732147	0.01	0.2	19.7242	245.123	0
0.0732147	0.01	0.2	21.1349	230.339	0
0.0732147	0.01	0.2	22.6464	202.724	0
0.0732147	0.01	0.2	24.2661	173.87	0
0.0732147	0.01	0.2	26.0016	153.647	0
0.0732147	0.01	0.2	27.8612	144.494	0
0.0732147	0.01	0.2	29.8538	143.781	0
0.0732147	0.01	0.2	31.989	154.761	0
0.0732147	0.01	0.2	34.2768	175.354	0
0.0732147	0.01	0.2	36.7282	202.781	0
0.0732147	0.01	0.2	39.355	228.525	0
0.0732147	0.01	0.2	42.1697	233.447	0
0.0732147	0.01	0.2	45.1856	227.403	0
0.0732147	0.01	0.2	48.4172	223.772	0
0.0732147	0.01	0.2	51.88	219.436	0
0.0732147	0.01	0.2	55.5904	204.518	0
0.0732147	0.01	0.2	59.5662	170.327	0
0.0732147	0.01	0.2	63.8263	150.41	0
0.0732147	0.01	0.2	68.3912	154.076	0
0.0732147	0.01	0.2	73.2825	160.946	0
0.0732147	0.01	0.2	78.5236	158.03	0
0.0732147	0.01	0.2	84.1395	156.286	0
0.0732147	0.01	0.2	90.1571	156.067	0
0.0732147	0.01	0.2	96.6051	153.144	0
0.0799925	0.01	0.2	0.103514	278.425	0
0.0799925	0.01	0.2	0.110917	276.521	0
0.0799925	0.01	0.2	0.11885	274.352	0
0.0799925	0.01	0.2	0.12735	271.884	0
0.0799925	0.01	0.2	0.136458	269.078	0
0.0799925	0.01	0.2	0.146218	265.894	0
0.0799925	0.01	0.2	0.156675	262.286	0
0.0799925	0.01	0.2	0.16788	258.207	0
0.0799925	0.01	0.2	0.179887	253.605	0
0.0799925	0.01	0.2	0.192752	248.427	0
0.0799925	0.01	0.2	0.206538	242.619	0
0.0799925	0.01	0.2	0.221309	236.127	0
0.0799925	0.01	0.2	0.237137	228.9	0
0.0799925	0.01	0.2	0.254097	220.892	0
0.0799925	0.01	0.2	0.27227	212.067	0
0.0799925	0.01	0.2	0.291743	202.404	0
0.0799925	0.01	0.2	0.312608	191.899	0
0.0799925	0.01	0.2	0.334965	180.578	0
0.0799925	0.01	0.2	0.358922	168.498	0
0.0799925	0.01	0.2	0.384592	155.761	0
0.0799925	0.01	0.2	0.412098	142.517	0
0.0799925	0.01	0.2	0.44157	128.977	0
0.0799925	0.01	0.2	0.473151	115.412	0
0.0799925	0.01	0.2	0.506991	102.16	0
0.0799925	0.01	0.2	0.54325	89.6211	0
0.0799925	0.01	0.2	0.582103	78.2473	0
0.0799925	0.01	0.2	0.623735	68.5255	0
0.0799925	0.01	0.2	0.668344	60.9513	0
0.0799925	0.01	0.2	0.716143	55.9962	0
0.0799925	0.01	0.2	0.767361	54.0695	0
0.0799925	0.01	0.2	0.822243	55.4806	0
0.0799925	0.01	0.2	0.881049	60.4056	0
0.0799925	0.01	0.2	0.944061	68.8618	0
0.0799925	0.01	0.2	1.01158	80.6918	0
0.0799925	0.01	0.2	1.08393	95.5547	0
0.0799925	0.01	0.2	1.16145	112.918	0
0.0799925	0.01	0.2	1.24451	132.048	0
0.0799925	0.01	0.2	1.33352	152.013	0
0.0799925	0.01	0.2	1.42889	171.716	0
0.0799925	0.01	0.2	1.53109	190.004	0
0.0799925	0.01	0.2	1.64059	205.875	0
0.0799925	0.01	0.2	1.75792	218.718	0
0.0799925	0.01	0.2	1.88365	228.492	0
0.0799925	0.01	0.2	2.01837	235.691	0
0.0799925	0.01	0.2	2.16272	241.1	0
0.0799925	0.01	0.2	2.31739	245.54	0
0.0799925	0.01	0.2	2.48313	249.8	0
0.0799925	0.01	0.2	2.66073	254.709	0
0.0799925	0.01	0.2	2.85102	260.932	0
0.0799925	0.01	0.2	3.05492	268.312	0
0.0799925	0.01	0.2	3.27341	275.381	0
0.0799925	0.01	0.2	3.50752	280.033	0
0.0799925	0.01	0.2	3.75837	280.857	0
0.0799925	0.01	0.2	4.02717	277.458	0
0.0799925	0.01	0.2	4.31519	270.935	0
0.0799925	0.01	0.2	4.62381	265.283	0
0.0799925	0.01	0.2	4.9545	264.839	0
0.0799925	0.01	0.2	5.30884	270.431	0
0.0799925	0.01	0.2	5.68853	280.913	0
0.0799925	0.01	0.2	6.09537	296.336	0
0.0799925	0.01	0.2	6.53131	321.607	0
0.0799925	0.01	0.2	6.99842	357.962	0
0.0799925	0.01	0.2	7.49894	394.49	0
0.0799925	0.01	0.2	8.03526	415.337	0
0.0799925	0.01	0.2	8.60994	416.77	0
0.0799925	0.01	0.2	9.22571	398.299	0
0.0799925	0.01	0.2	9.88553	367.722	0
0.0799925	0.01	0.2	10.5925	342.28	0
0.0799925	0.01	0.2	11.3501	319.995	0
0.0799925	0.01	0.2	12.1619	304.285	0
0.0799925	0.01	0.2	13.0317	299.516	0
0.0799925	0.01	0.2	13.9637	305.733	0
0.0799925	0.01	0.2	14.9624	310.065	0
0.0799925	0.01	0.2	16.0325	310.682	0
0.0799925	0.01	0.2	17.1791	317.348	0
0.0799925	0.01	0.2	18.4077	328.158	0
0.0799925	0.01	0.2	19.7242	326.261	0
0.0799925	0.01	0.2	21.1349	309.095	0
0.0799925	0.01	0.2	22.6464	275.389	0
0.0799925	0.01	0.2	24.2661	239.656	0
0.0799925	0.01	0.2	26.0016	214.285	0
0.0799925	0.01	0.2	27.8612	203.101	0
0.0799925	0.01	0.2	29.8538	203.21	0
0.0799925	0.01	0.2	31.989	217.455	0
0.0799925	0.01	0.2	34.2768	243.61	0
0.0799925	0.01	0.2	36.7282	278.034	0
0.0799925	0.01	0.2	39.355	308.929	0
0.0799925	0.01	0.2	42.1697	314.717	0
0.0799925	0.01	0.2	45.1856	306.017	0
0.0799925	0.01	0.2	48.4172	300.579	0
0.0799925	0.01	0.2	51.88	295.455	0
0.0799925	0.01	0.2	55.5904	277.2	0
0.0799925	0.01	0.2	59.5662	237.056	0
0.0799925	0.01	0.2	63.8263	213.8	0
0.0799925	0.01	0.2	68.3912	218.202	0
0.0799925	0.01	0.2	73.2825	226.215	0
0.0799925	0.01	0.2	78.5236	221.985	0
0.0799925	0.01	0.2	84.1395	219.864	0
0.0799925	0.01	0.2	90.1571	220.264	0
0.0799925	0.01	0.2	96.6051	217.228	0
0.0873977	0.01	0.2	0.103514	277.232	0
0.0873977	0.01	0.2	0.110917	275.16	0
0.0873977	0.01	0.2	0.11885	272.801	0
0.0873977	0.01	0.2	0.12735	270.116	0
0.0873977	0.01	0.2	0.136458	267.067	0
0.0873977	0.01	0.2	0.146218	263.608	0
0.0873977	0.01	0.2	0.156675	259.693	0
0.0873977	0.01	0.2	0.16788	255.27	0
0.0873977	0.01	0.2	0.179887	250.286	0
0.0873977	0.01	0.2	0.192752	244.685	0
0.0873977	0.01	0.2	0.206538	238.411	0
0.0873977	0.01	0.2	0.221309	231.411	0
0.0873977	0.01	0.2	0.237137	223.634	0
0.0873977	0.01	0.2	0.254097	215.038	0
0.0873977	0.01	0.2	0.27227	205.592	0
0.0873977	0.01	0.2	0.291743	195.283	0
0.0873977	0.01	0.2	0.312608	184.123	0
0.0873977	0.01	0.2	0.334965	172.156	0
0.0873977	0.01	0.2	0.358922	159.465	0
0.0873977	0.01	0.2	0.384592	146.185	0
0.0873977	0.01	0.2	0.412098	132.51	0
0.0873977	0.01	0.2	0.44157	118.7	0
0.0873977	0.01	0.2	0.473151	105.089	0
0.0873977	0.01	0.2	0.506991	92.0841	0
0.0873977	0.01	0.2	0.54325	80.1631	0
0.0873977	0.01	0.2	0.582103	69.8598	0
0.0873977	0.01	0.2	0.623735	61.7424	0
0.0873977	0.01	0.2	0.668344	56.3825	0
0.0873977	0.01	0.2	0.716143	54.3148	0
0.0873977	0.01	0.2	0.767361	55.9923	0
0.0873977	0.01	0.2	0.822243	61.7419	0
0.0873977	0.01	0.2	0.881049	71.7257	0
0.0873977	0.01	0.2	0.944061	85.9121	0
0.0873977	0.01	0.2	1.01158	104.058	0
0.0873977	0.01	0.2	1.08393	125.698	0
0.0873977	0.01	0.2	1.16145	150.135	0
0.0873977	0.01	0.2	1.24451	176.425	0
0.0873977	0.01	0.2	1.33352	203.379	0
0.0873977	0.01	0.2	1.42889	229.605	0
0.0873977	0.01	0.2	1.53109	253.652	0
0.0873977	0.01	0.2	1.64059	274.259	0
0.0873977	0.01	0.2	1.75792	290.679	0
0.0873977	0.01	0.2	1.88365	302.899	0
0.0873977	0.01	0.2	2.01837	311.599	0
0.0873977	0.01	0.2	2.16272	317.857	0
0.0873977	0.01	0.2	2.31739	322.832	0
0.0873977	0.01	0.2	2.48313	327.706	0
0.0873977	0.01	0.2	2.66073	333.802	0
0.0873977	0.01	0.2	2.85102	342.285	0
0.0873977	0.01	0.2	3.05492	353.184	0
0.0873977	0.01	0.2	3.27341	364.608	0
0.0873977	0.01	0.2	3.50752	373.577	0
0.0873977	0.01	0.2	3.75837	377.879	0
0.0873977	0.01	0.2	4.02717	376.696	0
0.0873977	0.01	0.2	4.31519	371.381	0
0.0873977	0.01	0.2	4.62381	367.23	0
0.0873977	0.01	0.2	4.9545	369.811	0
0.0873977	0.01	0.2	5.30884	379.767	0
0.0873977	0.01	0.2	5.68853	394.99	0
0.0873977	0.01	0.2	6.09537	415.059	0
0.0873977	0.01	0.2	6.53131	446.087	0
0.0873977	0.01	0.2	6.99842	489.52	0
0.0873977	0.01	0.2	7.49894	531.822	0
0.0873977	0.01	0.2	8.03526	554.324	0
0.0873977	0.01	0.2	8.60994	553.576	0
0.0873977	0.01	0.2	9.22571	528.946	0
0.0873977	0.01	0.2	9.88553	489.46	0
0.0873977	0.01	0.2	10.5925	456.157	0
0.0873977	0.01	0.2	11.3501	425.884	0
0.0873977	0.01	0.2	12.1619	402.951	0
0.0873977	0.01	0.2	13.0317	393.745	0
0.0873977	0.01	0.2	13.9637	400.138	0
0.0873977	0.01	0.2	14.9624	406.63	0
0.0873977	0.01	0.2	16.0325	409.434	0
0.0873977	0.01	0.2	17.1791	419.046	0
0.0873977	0.01	0.2	18.4077	432.849	0
0.0873977	0.01	0.2	19.7242	431.029	0
0.0873977	0.01	0.2	21.1349	411.127	0
0.0873977	0.01	0.2	22.6464	370.191	0
0.0873977	0.01	0.2	24.2661	326.189	0
0.0873977	0.01	0.2	26.0016	294.579	0
0.0873977	0.01	0.2	27.8612	280.942	0
0.0873977	0.01	0.2	29.8538	282.101	0
0.0873977	0.01	0.2	31.989	300.355	0
0.0873977	0.01	0.2	34.2768	333.199	0
0.0873977	0.01	0.2	36.7282	375.972	0
0.0873977	0.01	0.2	39.355	412.97	0
0.0873977	0.01	0.2	42.1697	419.749	0
0.0873977	0.01	0.2	45.1856	407.848	0
0.0873977	0.01	0.2	48.4172	400.169	0
0.0873977	0.01	0.2	51.88	394.019	0
0.0873977	0.01	0.2	55.5904	371.836	0
0.0873977	0.01	0.2	59.5662	324.76	0
0.0873977	0.01	0.2	63.8263	297.647	0
0.0873977	0.01	0.2	68.3912	302.882	0
0.0873977	0.01	0.2	73.2825	312.179	0
0.0873977	0.01	0.2	78.5236	306.337	0
0.0873977	0.01	0.2	84.1395	303.825	0
0.0873977	0.01	0.2	90.1571	305.014	0
0.0873977	0.01	0.2	96.6051	301.867	0
0.0954885	0.01	0.2	0.103514	275.934	0
0.0954885	0.01	0.2	0.110917	273.679	0
0.0954885	0.01	0.2	0.11885	271.113	0
0.0954885	0.01	0.2	0.12735	268.194	0
0.0954885	0.01	0.2	0.136458	264.881	0
0.0954885	0.01	0.2	0.146218	261.127	0
0.0954885	0.01	0.2	0.156675	256.88	0
0.0954885	0.01	0.2	0.16788	252.088	0
0.0954885	0.01	0.2	0.179887	246.694	0
0.0954885	0.01	0.2	0.192752	240.64	0
0.0954885	0.01	0.2	0.206538	233.872	0
0.0954885	0.01	0.2	0.221309	226.333	0
0.0954885	0.01	0.2	0.237137	217.978	0
0.0954885	0.01	0.2	0.254097	208.767	0
0.0954885	0.01	0.2	0.27227	198.678	0
0.0954885	0.01	0.2	0.291743	187.711	0
0.0954885	0.01	0.2	0.312608	175.895	0
0.0954885	0.01	0.2	0.334965	163.298	0
0.0954885	0.01	0.2	0.358922	150.035	0
0.0954885	0.01	0.2	0.384592	136.282	0
0.0954885	0.01	0.2	0.412098	122.284	0
0.0954885	0.01	0.2	0.44157	108.365	0
0.0954885	0.01	0.2	0.473151	94.9314	0
0.0954885	0.01	0.2	0.506991	82.4752	0
0.0954885	0.01	0.2	0.54325	71.5656	0
0.0954885	0.01	0.2	0.582103	62.8331	0
0.0954885	0.01	0.2	0.623735	56.9422	0
0.0954885	0.01	0.2	0.668344	54.5525	0
0.0954885	0.01	0.2	0.716143	56.2713	0
0.0954885	0.01	0.2	0.767361	62.6003	0
0.0954885	0.01	0.2	0.822243	73.883	0
0.0954885	0.01	0.2	0.881049	90.26	0
0.0954885	0.01	0.2	0.944061	111.636	0
0.0954885	0.01	0.2	1.01158	137.661	0
0.0954885	0.01	0.2	1.08393	167.716	0
0.0954885	0.01	0.2	1.16145	200.899	0
0.0954885	0.01	0.2	1.24451	236.012	0
0.0954885	0.01	0.2	1.33352	271.553	0
0.0954885	0.01	0.2	1.42889	305.774	0
0.0954885	0.01	0.2	1.53109	336.858	0
0.0954885	0.01	0.2	1.64059	363.241	0
0.0954885	0.01	0.2	1.75792	384.01	0
0.0954885	0.01	0.2	1.88365	399.194	0
0.0954885	0.01	0.2	2.01837	409.709	0
0.0954885	0.01	0.2	2.16272	416.993	0
0.0954885	0.01	0.2	2.31739	422.621	0
0.0954885	0.01	0.2	2.48313	428.262	0
0.0954885	0.01	0.2	2.66073	435.842	0
0.0954885	0.01	0.2	2.85102	447.142	0
0.0954885	0.01	0.2	3.05492	462.426	0
0.0954885	0.01	0.2	3.27341	479.29	0
0.0954885	0.01	0.2	3.50752	493.691	0
0.0954885	0.01	0.2	3.75837	502.445	0
0.0954885	0.01	0.2	4.02717	504.216	0
0.0954885	0.01	0.2	4.31519	500.661	0
0.0954885	0.01	0.2	4.62381	498.634	0
0.0954885	0.01	0.2	4.9545	505.159	0
0.0954885	0.01	0.2	5.30884	520.599	0
0.0954885	0.01	0.2	5.68853	541.656	0
0.0954885	0.01	0.2	6.09537	567.349	0
0.0954885	0.01	0.2	6.53131	605.299	0
0.0954885	0.01	0.2	6.99842	657.221	0
0.0954885	0.01	0.2	7.49894	706.381	0
0.0954885	0.01	0.2	8.03526	730.7	0
0.0954885	0.01	0.2	8.60994	727.147	0
0.0954885	0.01	0.2	9.22571	694.96	0
0.0954885	0.01	0.2	9.88553	644.62	0
0.0954885	0.01	0.2	10.5925	601.702	0
0.0954885	0.01	0.2	11.3501	561.541	0
0.0954885	0.01	0.2	12.1619	529.572	0
0.0954885	0.01	0.2	13.0317	514.746	0
0.0954885	0.01	0.2	13.9637	521.228	0
0.0954885	0.01	0.2	14.9624	530.308	0
0.0954885	0.01	0.2	16.0325	535.749	0
0.0954885	0.01	0.2	17.1791	548.892	0
0.0954885	0.01	0.2	18.4077	566.282	0
0.0954885	0.01	0.2	19.7242	564.595	0
0.0954885	0.01	0.2	21.1349	541.552	0
0.0954885	0.01	0.2	22.6464	492.046	0
0.0954885	0.01	0.2	24.2661	438.132	0
0.0954885	0.01	0.2	26.0016	398.99	0
0.0954885	0.01	0.2	27.8612	382.401	0
0.0954885	0.01	0.2	29.8538	384.887	0
0.0954885	0.01	0.2	31.989	408.03	0
0.0954885	0.01	0.2	34.2768	448.89	0
0.0954885	0.01	0.2	36.7282	501.596	0
0.0954885	0.01	0.2	39.355	545.802	0
0.0954885	0.01	0.2	42.1697	553.711	0
0.0954885	0.01	0.2	45.1856	537.969	0
0.0954885	0.01	0.2	48.4172	527.529	0
0.0954885	0.01	0.2	51.88	520.059	0
0.0954885	0.01	0.2	55.5904	493.269	0
0.0954885	0.01	0.2	59.5662	438.141	0
0.0954885	0.01	0.2	63.8263	406.582	0
0.0954885	0.01	0.2	68.3912	412.759	0
0.0954885	0.01	0.2	73.2825	423.486	0
0.0954885	0.01	0.2	78.5236	415.68	0
0.0954885	0.01	0.2	84.1395	412.774	0
0.0954885	0.01	0.2	90.1571	414.964	0
0.0954885	0.01	0.2	96.6051	411.709	0
0.104328	0.01	0.2	0.103514	274.521	0
0.104328	0.01	0.2	0.110917	272.068	0
0.104328	0.01	0.2	0.11885	269.277	0
0.104328	0.01	0.2	0.12735	266.106	0
0.104328	0.01	0.2	0.136458	262.508	0
0.104328	0.01	0.2	0.146218	258.435	0
0.104328	0.01	0.2	0.156675	253.831	0
0.104328	0.01	0.2	0.16788	248.643	0
0.104328	0.01	0.2	0.179887	242.81	0
0.104328	0.01	0.2	0.192752	236.275	0
0.104328	0.01	0.2	0.206538	228.981	0
0.104328	0.01	0.2	0.221309	220.875	0
0.104328	0.01	0.2	0.237137	211.913	0
0.104328	0.01	0.2	0.254097	202.064	0
0.104328	0.01	0.2	0.27227	191.317	0
0.104328	0.01	0.2	0.291743	179.686	0
0.104328	0.01	0.2	0.312608	167.224	0
0.104328	0.01	0.2	0.334965	154.027	0
0.104328	0.01	0.2	0.358922	140.252	0
0.104328	0.01	0.2	0.384592	126.125	0
0.104328	0.01	0.2	0.412098	111.953	0
0.104328	0.01	0.2	0.44157	98.1351	0
0.104328	0.01	0.2	0.473151	85.1673	0
0.104328	0.01	0.2	0.506991	73.6414	0
0.104328	0.01	0.2	0.54325	64.2363	0
0.104328	0.01	0.2	0.582103	57.6971	0
0.104328	0.01	0.2	0.623735	54.8009	0
0.104328	0.01	0.2	0.668344	56.3105	0
0.104328	0.01	0.2	0.716143	62.9166	0
0.104328	0.01	0.2	0.767361	75.1746	0
0.104328	0.01	0.2	0.822243	93.443	0
0.104328	0.01	0.2	0.881049	117.832	0
0.104328	0.01	0.2	0.944061	148.164	0
0.104328	0.01	0.2	1.01158	183.955	0
0.104328	0.01	0.2	1.08393	224.397	0
0.104328	0.01	0.2	1.16145	268.339	0
0.104328	0.01	0.2	1.24451	314.271	0
0.104328	0.01	0.2	1.33352	360.312	0
0.104328	0.01	0.2	1.42889	404.285	0
0.104328	0.01	0.2	1.53109	443.931	0
0.104328	0.01	0.2	1.64059	477.321	0
0.104328	0.01	0.2	1.75792	503.353	0
0.104328	0.01	0.2	1.88365	522.108	0
0.104328	0.01	0.2	2.01837	534.801	0
0.104328	0.01	0.2	2.16272	543.316	0
0.104328	0.01	0.2	2.31739	549.739	0
0.104328	0.01	0.2	2.48313	556.333	0
0.104328	0.01	0.2	2.66073	565.765	0
0.104328	0.01	0.2	2.85102	580.572	0
0.104328	0.01	0.2	3.05492	601.309	0
0.104328	0.01	0.2	3.27341	624.951	0
0.104328	0.01	0.2	3.50752	646.161	0
0.104328	0.01	0.2	3.75837	660.578	0
0.104328	0.01	0.2	4.02717	666.234	0
0.104328	0.01	0.2	4.31519	665.137	0
0.104328	0.01	0.2	4.62381	666.008	0
0.104328	0.01	0.2	4.9545	677.598	0
0.104328	0.01	0.2	5.30884	699.88	0
0.104328	0.01	0.2	5.68853	728.085	0
0.104328	0.01	0.2	6.09537	760.57	0
0.104328	0.01	0.2	6.53131	806.83	0
0.104328	0.01	0.2	6.99842	868.929	0
0.104328	0.01	0.2	7.49894	926.24	0
0.104328	0.01	0.2	8.03526	952.572	0
0.104328	0.01	0.2	8.60994	945.469	0
0.104328	0.01	0.2	9.22571	904.054	0
0.104328	0.01	0.2	9.88553	840.525	0
0.104328	0.01	0.2	10.5925	785.87	0
0.104328	0.01	0.2	11.3501	733.5	0
0.104328	0.01	0.2	12.1619	690.272	0
0.104328	0.01	0.2	13.0317	668.372	0
0.104328	0.01	0.2	13.9637	674.826	0
0.104328	0.01	0.2	14.9624	687.002	0
0.104328	0.01	0.2	16.0325	695.608	0
0.104328	0.01	0.2	17.1791	712.962	0
0.104328	0.01	0.2	18.4077	734.633	0
0.104328	0.01	0.2	19.7242	733.142	0
0.104328	0.01	0.2	21.1349	706.494	0
0.104328	0.01	0.2	22.6464	646.85	0
0.104328	0.01	0.2	24.2661	581.085	0
0.104328	0.01	0.2	26.0016	532.884	0
0.104328	0.01	0.2	27.8612	512.757	0
0.104328	0.01	0.2	29.8538	516.898	0
0.104328	0.01	0.2	31.989	545.973	0
0.104328	0.01	0.2	34.2768	596.403	0
0.104328	0.01	0.2	36.7282	660.892	0
0.104328	0.01	0.2	39.355	713.585	0
0.104328	0.01	0.2	42.1697	722.773	0
0.104328	0.01	0.2	45.1856	702.436	0
0.104328	0.01	0.2	48.4172	688.618	0
0.104328	0.01	0.2	51.88	679.473	0
0.104328	0.01	0.2	55.5904	647.293	0
0.104328	0.01	0.2	59.5662	582.842	0
0.104328	0.01	0.2	63.8263	546.174	0
0.104328	0.01	0.2	68.3912	553.408	0
0.104328	0.01	0.2	73.2825	565.719	0
0.104328	0.01	0.2	78.5236	555.53	0
0.104328	0.01	0.2	84.1395	552.243	0
0.104328	0.01	0.2	90.1571	555.697	0
0.104328	0.01	0.2	96.6051	552.338	0
0.113986	0.01	0.2	0.103514	272.984	0
0.113986	0.01	0.2	0.110917	270.316	0
0.113986	0.01	0.2	0.11885	267.282	0
0.113986	0.01	0.2	0.12735	263.838	0
0.113986	0.01	0.2	0.136458	259.933	0
0.113986	0.01	0.2	0.146218	255.516	0
0.113986	0.01	0.2	0.156675	250.53	0
0.113986	0.01	0.2	0.16788	244.916	0
0.113986	0.01	0.2	0.179887	238.616	0
0.113986	0.01	0.2	0.192752	231.569	0
0.113986	0.01	0.2	0.206538	223.719	0
0.113986	0.01	0.2	0.221309	215.017	0
0.113986	0.01	0.2	0.237137	205.424	0
0.113986	0.01	0.2	0.254097	194.919	0
0.113986	0.01	0.2	0.27227	183.503	0
0.113986	0.01	0.2	0.291743	171.213	0
0.113986	0.01	0.2	0.312608	158.128	0
0.113986	0.01	0.2	0.334965	144.383	0
0.113986	0.01	0.2	0.358922	130.183	0
0.113986	0.01	0.2	0.384592	115.816	0
0.113986	0.01	0.2	0.412098	101.666	0
0.113986	0.01	0.2	0.44157	88.2211	0
0.113986	0.01	0.2	0.473151	76.0847	0
0.113986	0.01	0.2	0.506991	65.9685	0
0.113986	0.01	0.2	0.54325	58.6819	0
0.113986	0.01	0.2	0.582103	55.1053	0
0.113986	0.01	0.2	0.623735	56.1489	0
0.113986	0.01	0.2	0.668344	62.6953	0
0.113986	0.01	0.2	0.716143	75.5311	0
0.113986	0.01	0.2	0.767361	95.2712	0
0.113986	0.01	0.2	0.822243	122.287	0
0.113986	0.01	0.2	0.881049	156.645	0
0.113986	0.01	0.2	0.944061	198.065	0
0.113986	0.01	0.2	1.01158	245.895	0
0.113986	0.01	0.2	1.08393	299.094	0
0.113986	0.01	0.2	1.16145	356.21	0
0.113986	0.01	0.2	1.24451	415.35	0
0.113986	0.01	0.2	1.33352	474.179	0
0.113986	0.01	0.2	1.42889	529.996	0
0.113986	0.01	0.2	1.53109	580.017	0
0.113986	0.01	0.2	1.64059	621.873	0
0.113986	0.01	0.2	1.75792	654.239	0
0.113986	0.01	0.2	1.88365	677.276	0
0.113986	0.01	0.2	2.01837	692.567	0
0.113986	0.01	0.2	2.16272	702.546	0
0.113986	0.01	0.2	2.31739	709.928	0
0.113986	0.01	0.2	2.48313	717.704	0
0.113986	0.01	0.2	2.66073	729.447	0
0.113986	0.01	0.2	2.85102	748.615	0
0.113986	0.01	0.2	3.05492	776.124	0
0.113986	0.01	0.2	3.27341	808.195	0
0.113986	0.01	0.2	3.50752	837.92	0
0.113986	0.01	0.2	3.75837	859.504	0
0.113986	0.01	0.2	4.02717	870.207	0
0.113986	0.01	0.2	4.31519	872.448	0
0.113986	0.01	0.2	4.62381	877.181	0
0.113986	0.01	0.2	4.9545	895.203	0
0.113986	0.01	0.2	5.30884	925.964	0
0.113986	0.01	0.2	5.68853	962.888	0
0.113986	0.01	0.2	6.09537	1003.56	0
0.113986	0.01	0.2	6.53131	1059.78	0
0.113986	0.01	0.2	6.99842	1134.08	0
0.113986	0.01	0.2	7.49894	1201.09	0
0.113986	0.01	0.2	8.03526	1229.67	0
0.113986	0.01	0.2	8.60994	1218.13	0
0.113986	0.01	0.2	9.22571	1165.5	0
0.113986	0.01	0.2	9.88553	1085.99	0
0.113986	0.01	0.2	10.5925	1017.02	0
0.113986	0.01	0.2	11.3501	949.612	0
0.113986	0.01	0.2	12.1619	892.401	0
0.113986	0.01	0.2	13.0317	861.639	0
0.113986	0.01	0.2	13.9637	867.906	0
0.113986	0.01	0.2	14.9624	883.78	0
0.113986	0.01	0.2	16.0325	896.172	0
0.113986	0.01	0.2	17.1791	918.525	0
0.113986	0.01	0.2	18.4077	945.28	0
0.113986	0.01	0.2	19.7242	944.054	0
0.113986	0.01	0.2	21.1349	913.274	0
0.113986	0.01	0.2	22.6464	841.656	0
0.113986	0.01	0.2	24.2661	761.759	0
0.113986	0.01	0.2	26.0016	702.7	0
0.113986	0.01	0.2	27.8612	678.349	0
0.113986	0.01	0.2	29.8538	684.537	0
0.113986	0.01	0.2	31.989	720.769	0
0.113986	0.01	0.2	34.2768	782.585	0
0.113986	0.01	0.2	36.7282	861.009	0
0.113986	0.01	0.2	39.355	923.66	0
0.113986	0.01	0.2	42.1697	934.287	0
0.113986	0.01	0.2	45.1856	908.473	0
0.113986	0.01	0.2	48.4172	890.544	0
0.113986	0.01	0.2	51.88	879.292	0
0.113986	0.01	0.2	55.5904	840.826	0
0.113986	0.01	0.2	59.5662	765.617	0
0.113986	0.01	0.2	63.8263	723.103	0
0.113986	0.01	0.2	68.3912	731.519	0
0.113986	0.01	0.2	73.2825	745.565	0
0.113986	0.01	0.2	78.5236	732.495	0
0.113986	0.01	0.2	84.1395	728.869	0
0.113986	0.01	0.2	90.1571	733.909	0
0.113986	0.01	0.2	96.6051	730.454	0
0.124539	0.01	0.2	0.103514	271.312	0
0.124539	0.01	0.2	0.110917	268.411	0
0.124539	0.01	0.2	0.11885	265.115	0
0.124539	0.01	0.2	0.12735	261.375	0
0.124539	0.01	0.2	0.136458	257.14	0
0.124539	0.01	0.2	0.146218	252.353	0
0.124539	0.01	0.2	0.156675	246.957	0
0.124539	0.01	0.2	0.16788	240.89	0
0.124539	0.01	0.2	0.179887	234.091	0
0.124539	0.01	0.2	0.192752	226.502	0
0.124539	0.01	0.2	0.206538	218.068	0
0.124539	0.01	0.2	0.221309	208.743	0
0.124539	0.01	0.2	0.237137	198.498	0
0.124539	0.01	0.2	0.254097	187.322	0
0.124539	0.01	0.2	0.27227	175.237	0
0.124539	0.01	0.2	0.291743	162.305	0
0.124539	0.01	0.2	0.312608	148.64	0
0.124539	0.01	0.2	0.334965	134.423	0
0.124539	0.01	0.2	0.358922	119.92	0
0.124539	0.01	0.2	0.384592	105.492	0
0.124539	0.01	0.2	0.412098	91.6155	0
0.124539	0.01	0.2	0.44157	78.8902	0
0.124539	0.01	0.2	0.473151	68.0454	0
0.124539	0.01	0.2	0.506991	59.9366	0
0.124539	0.01	0.2	0.54325	55.5281	0
0.124539	0.01	0.2	0.582103	55.861	0
0.124539	0.01	0.2	0.623735	62.0014	0
0.124539	0.01	0.2	0.668344	74.9721	0
0.124539	0.01	0.2	0.716143	95.6696	0
0.124539	0.01	0.2	0.767361	124.775	0
0.124539	0.01	0.2	0.822243	162.668	0
0.124539	0.01	0.2	0.881049	209.357	0
0.124539	0.01	0.2	0.944061	264.432	0
0.124539	0.01	0.2	1.01158	327.033	0
0.124539	0.01	0.2	1.08393	395.833	0
0.124539	0.01	0.2	1.16145	469.012	0
0.124539	0.01	0.2	1.24451	544.217	0
0.124539	0.01	0.2	1.33352	618.557	0
0.124539	0.01	0.2	1.42889	688.708	0
0.124539	0.01	0.2	1.53109	751.249	0
0.124539	0.01	0.2	1.64059	803.291	0
0.124539	0.01	0.2	1.75792	843.249	0
0.124539	0.01	0.2	1.88365	871.391	0
0.124539	0.01	0.2	2.01837	889.76	0
0.124539	0.01	0.2	2.16272	901.467	0
0.124539	0.01	0.2	2.31739	910.002	0
0.124539	0.01	0.2	2.48313	919.242	0
0.124539	0.01	0.2	2.66073	933.865	0
0.124539	0.01	0.2	2.85102	958.453	0
0.124539	0.01	0.2	3.05492	994.363	0
0.124539	0.01	0.2	3.27341	1036.9	0
0.124539	0.01	0.2	3.50752	1077.25	0
0.124539	0.01	0.2	3.75837	1107.88	0
0.124539	0.01	0.2	4.02717	1125.08	0
0.124539	0.01	0.2	4.31519	1131.76	0
0.124539	0.01	0.2	4.62381	1141.55	0
0.124539	0.01	0.2	4.9545	1167.67	0
0.124539	0.01	0.2	5.30884	1208.88	0
0.124539	0.01	0.2	5.68853	1256.4	0
0.124539	0.01	0.2	6.09537	1306.9	0
0.124539	0.01	0.2	6.53131	1375.07	0
0.124539	0.01	0.2	6.99842	1463.96	0
0.124539	0.01	0.2	7.49894	1542.53	0
0.124539	0.01	0.2	8.03526	1573.65	0
0.124539	0.01	0.2	8.60994	1556.65	0
0.124539	0.01	0.2	9.22571	1490.44	0
0.124539	0.01	0.2	9.88553	1391.59	0
0.124539	0.01	0.2	10.5925	1305.21	0
0.124539	0.01	0.2	11.3501	1219.3	0
0.124539	0.01	0.2	12.1619	1144.77	0
0.124539	0.01	0.2	13.0317	1102.95	0
0.124539	0.01	0.2	13.9637	1108.81	0
0.124539	0.01	0.2	14.9624	1129.1	0
0.124539	0.01	0.2	16.0325	1146	0
0.124539	0.01	0.2	17.1791	1174.26	0
0.124539	0.01	0.2	18.4077	1207.02	0
0.124539	0.01	0.2	19.7242	1206.14	0
0.124539	0.01	0.2	21.1349	1170.63	0
0.124539	0.01	0.2	22.6464	1084.89	0
0.124539	0.01	0.2	24.2661	988.186	0
0.124539	0.01	0.2	26.0016	916.157	0
0.124539	0.01	0.2	27.8612	886.784	0
0.124539	0.01	0.2	29.8538	895.484	0
0.124539	0.01	0.2	31.989	940.307	0
0.124539	0.01	0.2	34.2768	1015.62	0
0.124539	0.01	0.2	36.7282	1110.47	0
0.124539	0.01	0.2	39.355	1184.76	0
0.124539	0.01	0.2	42.1697	1196.99	0
0.124539	0.01	0.2	45.1856	1164.68	0
0.124539	0.01	0.2	48.4172	1141.77	0
0.124539	0.01	0.2	51.88	1127.89	0
0.124539	0.01	0.2	55.5904	1082.12	0
0.124539	0.01	0.2	59.5662	994.542	0
0.124539	0.01	0.2	63.8263	945.366	0
0.124539	0.01	0.2	68.3912	955.095	0
0.124539	0.01	0.2	73.2825	971.023	0
0.124539	0.01	0.2	78.5236	954.486	0
0.124539	0.01	0.2	84.1395	950.594	0
0.124539	0.01	0.2	90.1571	957.62	0
0.124539	0.01	0.2	96.6051	954.078	0
0.136068	0.01	0.2	0.103514	269.494	0
0.136068	0.01	0.2	0.110917	266.342	0
0.136068	0.01	0.2	0.11885	262.762	0
0.136068	0.01	0.2	0.12735	258.704	0
0.136068	0.01	0.2	0.136458	254.113	0
0.136068	0.01	0.2	0.146218	248.93	0
0.136068	0.01	0.2	0.156675	243.094	0
0.136068	0.01	0.2	0.16788	236.544	0
0.136068	0.01	0.2	0.179887	229.217	0
0.136068	0.01	0.2	0.192752	221.055	0
0.136068	0.01	0.2	0.206538	212.009	0
0.136068	0.01	0.2	0.221309	202.038	0
0.136068	0.01	0.2	0.237137	191.124	0
0.136068	0.01	0.2	0.254097	179.273	0
0.136068	0.01	0.2	0.27227	166.53	0
0.136068	0.01	0.2	0.291743	152.989	0
0.136068	0.01	0.2	0.312608	138.808	0
0.136068	0.01	0.2	0.334965	124.226	0
0.136068	0.01	0.2	0.358922	109.581	0
0.136068	0.01	0.2	0.384592	95.3262	0
0.136068	0.01	0.2	0.412098	82.0481	0
0.136068	0.01	0.2	0.44157	70.4788	0
0.136068	0.01	0.2	0.473151	61.5003	0
0.136068	0.01	0.2	0.506991	56.1391	0
0.136068	0.01	0.2	0.54325	55.5442	0
0.136068	0.01	0.2	0.582103	60.9462	0
0.136068	0.01	0.2	0.623735	73.5951	0
0.136068	0.01	0.2	0.668344	94.677	0
0.136068	0.01	0.2	0.716143	125.215	0
0.136068	0.01	0.2	0.767361	165.962	0
0.136068	0.01	0.2	0.822243	217.302	0
0.136068	0.01	0.2	0.881049	279.167	0
0.136068	0.01	0.2	0.944061	350.98	0
0.136068	0.01	0.2	1.01158	431.627	0
0.136068	0.01	0.2	1.08393	519.433	0
0.136068	0.01	0.2	1.16145	612.126	0
0.136068	0.01	0.2	1.24451	706.8	0
0.136068	0.01	0.2	1.33352	799.893	0
0.136068	0.01	0.2	1.42889	887.328	0
0.136068	0.01	0.2	1.53109	964.924	0
0.136068	0.01	0.2	1.64059	1029.17	0
0.136068	0.01	0.2	1.75792	1078.19	0
0.136068	0.01	0.2	1.88365	1112.39	0
0.136068	0.01	0.2	2.01837	1134.38	0
0.136068	0.01	0.2	2.16272	1148.11	0
0.136068	0.01	0.2	2.31739	1158.02	0
0.136068	0.01	0.2	2.48313	1169.07	0
0.136068	0.01	0.2	2.66073	1187.29	0
0.136068	0.01	0.2	2.85102	1218.61	0
0.136068	0.01	0.2	3.05492	1264.93	0
0.136068	0.01	0.2	3.27341	1320.46	0
0.136068	0.01	0.2	3.50752	1374.05	0
0.136068	0.01	0.2	3.75837	1416.04	0
0.136068	0.01	0.2	4.02717	1441.58	0
0.136068	0.01	0.2	4.31519	1454.08	0
0.136068	0.01	0.2	4.62381	1470.4	0
0.136068	0.01	0.2	4.9545	1506.63	0
0.136068	0.01	0.2	5.30884	1560.64	0
0.136068	0.01	0.2	5.68853	1620.99	0
0.136068	0.01	0.2	6.09537	1683.29	0
0.136068	0.01	0.2	6.53131	1765.73	0
0.136068	0.01	0.2	6.99842	1872.11	0
0.136068	0.01	0.2	7.49894	1964.47	0
0.136068	0.01	0.2	8.03526	1998.5	0
0.136068	0.01	0.2	8.60994	1974.82	0
0.136068	0.01	0.2	9.22571	1892.24	0
0.136068	0.01	0.2	9.88553	1770.05	0
0.136068	0.01	0.2	10.5925	1662.5	0
0.136068	0.01	0.2	11.3501	1553.86	0
0.136068	0.01	0.2	12.1619	1457.91	0
0.136068	0.01	0.2	13.0317	1402.33	0
0.136068	0.01	0.2	13.9637	1407.5	0
0.136068	0.01	0.2	14.9624	1433.05	0
0.136068	0.01	0.2	16.0325	1455.3	0
0.136068	0.01	0.2	17.1791	1490.52	0
0.136068	0.01	0.2	18.4077	1530.35	0
0.136068	0.01	0.2	19.7242	1529.88	0
0.136068	0.01	0.2	21.1349	1488.95	0
0.136068	0.01	0.2	22.6464	1386.61	0
0.136068	0.01	0.2	24.2661	1269.96	0
0.136068	0.01	0.2	26.0016	1182.49	0
0.136068	0.01	0.2	27.8612	1147.18	0
0.136068	0.01	0.2	29.8538	1158.94	0
0.136068	0.01	0.2	31.989	1214.02	0
0.136068	0.01	0.2	34.2768	1305.27	0
0.136068	0.01	0.2	36.7282	1419.42	0
0.136068	0.01	0.2	39.355	1507.27	0
0.136068	0.01	0.2	42.1697	1521.27	0
0.136068	0.01	0.2	45.1856	1481.26	0
0.136068	0.01	0.2	48.4172	1452.35	0
0.136068	0.01	0.2	51.88	1435.2	0
0.136068	0.01	0.2	55.5904	1380.98	0
0.136068	0.01	0.2	59.5662	1279.26	0
0.136068	0.01	0.2	63.8263	1222.53	0
0.136068	0.01	0.2	68.3912	1233.71	0
0.136068	0.01	0.2	73.2825	1251.65	0
0.136068	0.01	0.2	78.5236	1230.95	0
0.136068	0.01	0.2	84.1395	1226.91	0
0.136068	0.01	0.2	90.1571	1236.42	0
0.136068	0.01	0.2	96.6051	1232.8	0
0.148664	0.01	0.2	0.103514	267.519	0
0.148664	0.01	0.2	0.110917	264.094	0
0.148664	0.01	0.2	0.11885	260.209	0
0.148664	0.01	0.2	0.12735	255.809	0
0.148664	0.01	0.2	0.136458	250.835	0
0.148664	0.01	0.2	0.146218	245.228	0
0.148664	0.01	0.2	0.156675	238.924	0
0.148664	0.01	0.2	0.16788	231.859	0
0.148664	0.01	0.2	0.179887	223.973	0
0.148664	0.01	0.2	0.192752	215.211	0
0.148664	0.01	0.2	0.206538	205.527	0
0.148664	0.01	0.2	0.221309	194.891	0
0.148664	0.01	0.2	0.237137	183.298	0
0.148664	0.01	0.2	0.254097	170.776	0
0.148664	0.01	0.2	0.27227	157.4	0
0.148664	0.01	0.2	0.291743	143.305	0
0.148664	0.01	0.2	0.312608	128.701	0
0.148664	0.01	0.2	0.334965	113.9	0
0.148664	0.01	0.2	0.358922	99.3257	0
0.148664	0.01	0.2	0.384592	85.5434	0
0.148664	0.01	0.2	0.412098	73.2734	0
0.148664	0.01	0.2	0.44157	63.4063	0
0.148664	0.01	0.2	0.473151	57.0069	0
0.148664	0.01	0.2	0.506991	55.3058	0
0.148664	0.01	0.2	0.54325	59.6709	0
0.148664	0.01	0.2	0.582103	71.5575	0
0.148664	0.01	0.2	0.623735	92.4317	0
0.148664	0.01	0.2	0.668344	123.67	0
0.148664	0.01	0.2	0.716143	166.44	0
0.148664	0.01	0.2	0.767361	221.576	0
0.148664	0.01	0.2	0.822243	289.456	0
0.148664	0.01	0.2	0.881049	369.912	0
0.148664	0.01	0.2	0.944061	462.162	0
0.148664	0.01	0.2	1.01158	564.776	0
0.148664	0.01	0.2	1.08393	675.653	0
0.148664	0.01	0.2	1.16145	791.977	0
0.148664	0.01	0.2	1.24451	910.166	0
0.148664	0.01	0.2	1.33352	1025.86	0
0.148664	0.01	0.2	1.42889	1134.06	0
0.148664	0.01	0.2	1.53109	1229.7	0
0.148664	0.01	0.2	1.64059	1308.52	0
0.148664	0.01	0.2	1.75792	1368.3	0
0.148664	0.01	0.2	1.88365	1409.64	0
0.148664	0.01	0.2	2.01837	1435.87	0
0.148664	0.01	0.2	2.16272	1451.96	0
0.148664	0.01	0.2	2.31739	1463.51	0
0.148664	0.01	0.2	2.48313	1476.8	0
0.148664	0.01	0.2	2.66073	1499.48	0
0.148664	0.01	0.2	2.85102	1539.17	0
0.148664	0.01	0.2	3.05492	1598.41	0
0.148664	0.01	0.2	3.27341	1670.05	0
0.148664	0.01	0.2	3.50752	1740.12	0
0.148664	0.01	0.2	3.75837	1796.37	0
0.148664	0.01	0.2	4.02717	1832.51	0
0.148664	0.01	0.2	4.31519	1852.59	0
0.148664	0.01	0.2	4.62381	1877.24	0
0.148664	0.01	0.2	4.9545	1926.02	0
0.148664	0.01	0.2	5.30884	1995.67	0
0.148664	0.01	0.2	5.68853	2071.5	0
0.148664	0.01	0.2	6.09537	2147.89	0
0.148664	0.01	0.2	6.53131	2247.39	0
0.148664	0.01	0.2	6.99842	2374.69	0
0.148664	0.01	0.2	7.49894	2483.5	0
0.148664	0.01	0.2	8.03526	2520.91	0
0.148664	0.01	0.2	8.60994	2489.17	0
0.148664	0.01	0.2	9.22571	2386.95	0
0.148664	0.01	0.2	9.88553	2236.66	0
0.148664	0.01	0.2	10.5925	2103.37	0
0.148664	0.01	0.2	11.3501	1966.84	0
0.148664	0.01	0.2	12.1619	1844.43	0
0.148664	0.01	0.2	13.0317	1771.76	0
0.148664	0.01	0.2	13.9637	1775.87	0
0.148664	0.01	0.2	14.9624	1807.67	0
0.148664	0.01	0.2	16.0325	1836.27	0
0.148664	0.01	0.2	17.1791	1879.64	0
0.148664	0.01	0.2	18.4077	1927.72	0
0.148664	0.01	0.2	19.7242	1927.74	0
0.148664	0.01	0.2	21.1349	1880.63	0
0.148664	0.01	0.2	22.6464	1758.78	0
0.148664	0.01	0.2	24.2661	1618.53	0
0.148664	0.01	0.2	26.0016	1512.76	0
0.148664	0.01	0.2	27.8612	1470.44	0
0.148664	0.01	0.2	29.8538	1485.91	0
0.148664	0.01	0.2	31.989	1553.19	0
0.148664	0.01	0.2	34.2768	1663.18	0
0.148664	0.01	0.2	36.7282	1799.92	0
0.148664	0.01	0.2	39.355	1903.46	0
0.148664	0.01	0.2	42.1697	1919.39	0
0.148664	0.01	0.2	45.1856	1870.33	0
0.148664	0.01	0.2	48.4172	1834.21	0
0.148664	0.01	0.2	51.88	1813.04	0
0.148664	0.01	0.2	55.5904	1749.09	0
0.148664	0.01	0.2	59.5662	1631.25	0
0.148664	0.01	0.2	63.8263	1566.02	0
0.148664	0.01	0.2	68.3912	1578.78	0
0.148664	0.01	0.2	73.2825	1598.82	0
0.148664	0.01	0.2	78.5236	1573.15	0
0.148664	0.01	0.2	84.1395	1569.17	0
0.148664	0.01	0.2	90.1571	1581.75	0
0.148664	0.01	0.2	96.6051	1578.07	0
0.162426	0.01	0.2	0.103514	265.373	0
0.162426	0.01	0.2	0.110917	261.655	0
0.162426	0.01	0.2	0.11885	257.441	0
0.162426	0.01	0.2	0.12735	252.672	0
0.162426	0.01	0.2	0.136458	247.289	0
0.162426	0.01	0.2	0.146218	241.228	0
0.162426	0.01	0.2	0.156675	234.425	0
0.162426	0.01	0.2	0.16788	226.816	0
0.162426	0.01	0.2	0.179887	218.342	0
0.162426	0.01	0.2	0.192752	208.952	0
0.162426	0.01	0.2	0.206538	198.608	0
0.162426	0.01	0.2	0.221309	187.293	0
0.162426	0.01	0.2	0.237137	175.021	0
0.162426	0.01	0.2	0.254097	161.847	0
0.162426	0.01	0.2	0.27227	147.882	0
0.162426	0.01	0.2	0.291743	133.311	0
0.162426	0.01	0.2	0.312608	118.414	0
0.162426	0.01	0.2	0.334965	103.584	0
0.162426	0.01	0.2	0.358922	89.3559	0
0.162426	0.01	0.2	0.384592	76.4269	0
0.162426	0.01	0.2	0.412098	65.6788	0
0.162426	0.01	0.2	0.44157	58.1926	0
0.162426	0.01	0.2	0.473151	55.2518	0
0.162426	0.01	0.2	0.506991	58.3299	0
0.162426	0.01	0.2	0.54325	69.0551	0
0.162426	0.01	0.2	0.582103	89.1479	0
0.162426	0.01	0.2	0.623735	120.329	0
0.162426	0.01	0.2	0.668344	164.196	0
0.162426	0.01	0.2	0.716143	222.084	0
0.162426	0.01	0.2	0.767361	294.914	0
0.162426	0.01	0.2	0.822243	383.05	0
0.162426	0.01	0.2	0.881049	486.193	0
0.162426	0.01	0.2	0.944061	603.304	0
0.162426	0.01	0.2	1.01158	732.568	0
0.162426	0.01	0.2	1.08393	871.362	0
0.162426	0.01	0.2	1.16145	1016.21	0
0.162426	0.01	0.2	1.24451	1162.72	0
0.162426	0.01	0.2	1.33352	1305.56	0
0.162426	0.01	0.2	1.42889	1438.65	0
0.162426	0.01	0.2	1.53109	1555.84	0
0.162426	0.01	0.2	1.64059	1652	0
0.162426	0.01	0.2	1.75792	1724.51	0
0.162426	0.01	0.2	1.88365	1774.23	0
0.162426	0.01	0.2	2.01837	1805.37	0
0.162426	0.01	0.2	2.16272	1824.17	0
0.162426	0.01	0.2	2.31739	1837.65	0
0.162426	0.01	0.2	2.48313	1853.71	0
0.162426	0.01	0.2	2.66073	1881.97	0
0.162426	0.01	0.2	2.85102	1932.06	0
0.162426	0.01	0.2	3.05492	2007.3	0
0.162426	0.01	0.2	3.27341	2098.92	0
0.162426	0.01	0.2	3.50752	2189.5	0
0.162426	0.01	0.2	3.75837	2263.64	0
0.162426	0.01	0.2	4.02717	2313.24	0
0.162426	0.01	0.2	4.31519	2343.06	0
0.162426	0.01	0.2	4.62381	2378.28	0
0.162426	0.01	0.2	4.9545	2442.56	0
0.162426	0.01	0.2	5.30884	2531.21	0
0.162426	0.01	0.2	5.68853	2625.64	0
0.162426	0.01	0.2	6.09537	2718.85	0
0.162426	0.01	0.2	6.53131	2838.68	0
0.162426	0.01	0.2	6.99842	2990.97	0
0.162426	0.01	0.2	7.49894	3119.46	0
0.162426	0.01	0.2	8.03526	3160.88	0
0.162426	0.01	0.2	8.60994	3119.53	0
0.162426	0.01	0.2	9.22571	2993.81	0
0.162426	0.01	0.2	9.88553	2809.74	0
0.162426	0.01	0.2	10.5925	2645.22	0
0.162426	0.01	0.2	11.3501	2474.45	0
0.162426	0.01	0.2	12.1619	2319.4	0
0.162426	0.01	0.2	13.0317	2225.54	0
0.162426	0.01	0.2	13.9637	2228.07	0
0.162426	0.01	0.2	14.9624	2267.3	0
0.162426	0.01	0.2	16.0325	2303.39	0
0.162426	0.01	0.2	17.1791	2356.26	0
0.162426	0.01	0.2	18.4077	2413.96	0
0.162426	0.01	0.2	19.7242	2414.52	0
0.162426	0.01	0.2	21.1349	2360.35	0
0.162426	0.01	0.2	22.6464	2215.65	0
0.162426	0.01	0.2	24.2661	2047.54	0
0.162426	0.01	0.2	26.0016	1920.13	0
0.162426	0.01	0.2	27.8612	1869.62	0
0.162426	0.01	0.2	29.8538	1889.56	0
0.162426	0.01	0.2	31.989	1971.26	0
0.162426	0.01	0.2	34.2768	2103.19	0
0.162426	0.01	0.2	36.7282	2266.25	0
0.162426	0.01	0.2	39.355	2387.9	0
0.162426	0.01	0.2	42.1697	2405.88	0
0.162426	0.01	0.2	45.1856	2346.19	0
0.162426	0.01	0.2	48.4172	2301.48	0
0.162426	0.01	0.2	51.88	2275.37	0
0.162426	0.01	0.2	55.5904	2200.25	0
0.162426	0.01	0.2	59.5662	2064.18	0
0.162426	0.01	0.2	63.8263	1989.44	0
0.162426	0.01	0.2	68.3912	2003.93	0
0.162426	0.01	0.2	73.2825	2026.12	0
0.162426	0.01	0.2	78.5236	1994.52	0
0.162426	0.01	0.2	84.1395	1990.86	0
0.162426	0.01	0.2	90.1571	2007.27	0
0.162426	0.01	0.2	96.6051	2003.53	0
0.177463	0.01	0.2	0.103514	263.044	0
0.177463	0.01	0.2	0.110917	259.01	0
0.177463	0.01	0.2	0.11885	254.441	0
0.177463	0.01	0.2	0.12735	249.278	0
0.177463	0.01	0.2	0.136458	243.456	0
0.177463	0.01	0.2	0.146218	236.911	0
0.177463	0.01	0.2	0.156675	229.579	0
0.177463	0.01	0.2	0.16788	221.396	0
0.177463	0.01	0.2	0.179887	212.306	0
0.177463	0.01	0.2	0.192752	202.264	0
0.177463	0.01	0.2	0.206538	191.243	0
0.177463	0.01	0.2	0.221309	179.244	0
0.177463	0.01	0.2	0.237137	166.303	0
0.177463	0.01	0.2	0.254097	152.51	0
0.177463	0.01	0.2	0.27227	138.023	0
0.177463	0.01	0.2	0.291743	123.09	0
0.177463	0.01	0.2	0.312608	108.07	0
0.177463	0.01	0.2	0.334965	93.4609	0
0.177463	0.01	0.2	0.358922	79.9288	0
0.177463	0.01	0.2	0.384592	68.3317	0
0.177463	0.01	0.2	0.412098	59.7453	0
0.177463	0.01	0.2	0.44157	55.4785	0
0.177463	0.01	0.2	0.473151	57.0759	0
0.177463	0.01	0.2	0.506991	66.3005	0
0.177463	0.01	0.2	0.54325	85.0891	0
0.177463	0.01	0.2	0.582103	115.476	0
0.177463	0.01	0.2	0.623735	159.48	0
0.177463	0.01	0.2	0.668344	218.959	0
0.177463	0.01	0.2	0.716143	295.438	0
0.177463	0.01	0.2	0.767361	389.932	0
0.177463	0.01	0.2	0.822243	502.777	0
0.177463	0.01	0.2	0.881049	633.508	0
0.177463	0.01	0.2	0.944061	780.765	0
0.177463	0.01	0.2	1.01158	942.261	0
0.177463	0.01	0.2	1.08393	1114.74	0
0.177463	0.01	0.2	1.16145	1293.93	0
0.177463	0.01	0.2	1.24451	1474.44	0
0.177463	0.01	0.2	1.33352	1649.8	0
0.177463	0.01	0.2	1.42889	1812.62	0
0.177463	0.01	0.2	1.53109	1955.46	0
0.177463	0.01	0.2	1.64059	2072.16	0
0.177463	0.01	0.2	1.75792	2159.66	0
0.177463	0.01	0.2	1.88365	2219.15	0
0.177463	0.01	0.2	2.01837	2255.95	0
0.177463	0.01	0.2	2.16272	2277.85	0
0.177463	0.01	0.2	2.31739	2293.61	0
0.177463	0.01	0.2	2.48313	2313.08	0
0.177463	0.01	0.2	2.66073	2348.3	0
0.177463	0.01	0.2	2.85102	2411.32	0
0.177463	0.01	0.2	3.05492	2506.42	0
0.177463	0.01	0.2	3.27341	2622.81	0
0.177463	0.01	0.2	3.50752	2738.92	0
0.177463	0.01	0.2	3.75837	2835.45	0
0.177463	0.01	0.2	4.02717	2902.11	0
0.177463	0.01	0.2	4.31519	2944.4	0
0.177463	0.01	0.2	4.62381	2992.95	0
0.177463	0.01	0.2	4.9545	3076.26	0
0.177463	0.01	0.2	5.30884	3187.91	0
0.177463	0.01	0.2	5.68853	3304.63	0
0.177463	0.01	0.2	6.09537	3417.81	0
0.177463	0.01	0.2	6.53131	3561.83	0
0.177463	0.01	0.2	6.99842	3743.99	0
0.177463	0.01	0.2	7.49894	3896.04	0
0.177463	0.01	0.2	8.03526	3942.3	0
0.177463	0.01	0.2	8.60994	3889.59	0
0.177463	0.01	0.2	9.22571	3735.93	0
0.177463	0.01	0.2	9.88553	3511.32	0
0.177463	0.01	0.2	10.5925	3308.89	0
0.177463	0.01	0.2	11.3501	3096.12	0
0.177463	0.01	0.2	12.1619	2900.8	0
0.177463	0.01	0.2	13.0317	2780.68	0
0.177463	0.01	0.2	13.9637	2780.96	0
0.177463	0.01	0.2	14.9624	2829.01	0
0.177463	0.01	0.2	16.0325	2873.91	0
0.177463	0.01	0.2	17.1791	2937.8	0
0.177463	0.01	0.2	18.4077	3006.63	0
0.177463	0.01	0.2	19.7242	3007.75	0
0.177463	0.01	0.2	21.1349	2945.55	0
0.177463	0.01	0.2	22.6464	2774.11	0
0.177463	0.01	0.2	24.2661	2573.22	0
0.177463	0.01	0.2	26.0016	2420.34	0
0.177463	0.01	0.2	27.8612	2360.29	0
0.177463	0.01	0.2	29.8538	2385.6	0
0.177463	0.01	0.2	31.989	2484.26	0
0.177463	0.01	0.2	34.2768	2641.74	0
0.177463	0.01	0.2	36.7282	2835.34	0
0.177463	0.01	0.2	39.355	2977.74	0
0.177463	0.01	0.2	42.1697	2997.88	0
0.177463	0.01	0.2	45.1856	2925.78	0
0.177463	0.01	0.2	48.4172	2870.85	0
0.177463	0.01	0.2	51.88	2838.7	0
0.177463	0.01	0.2	55.5904	2750.83	0
0.177463	0.01	0.2	59.5662	2594.27	0
0.177463	0.01	0.2	63.8263	2509.03	0
0.177463	0.01	0.2	68.3912	2525.37	0
0.177463	0.01	0.2	73.2825	2549.66	0
0.177463	0.01	0.2	78.5236	2511.01	0
0.177463	0.01	0.2	84.1395	2508.07	0
0.177463	0.01	0.2	90.1571	2529.22	0
0.177463	0.01	0.2	96.6051	2525.42	0
0.193892	0.01	0.2	0.103514	260.517	0
0.193892	0.01	0.2	0.110917	256.143	0
0.193892	0.01	0.2	0.11885	251.193	0
0.193892	0.01	0.2	0.12735	245.607	0
0.193892	0.01	0.2	0.136458	239.317	0
0.193892	0.01	0.2	0.146218	232.259	0
0.193892	0.01	0.2	0.156675	224.366	0
0.193892	0.01	0.2	0.16788	215.579	0
0.193892	0.01	0.2	0.179887	205.848	0
0.193892	0.01	0.2	0.192752	195.134	0
0.193892	0.01	0.2	0.206538	183.427	0
0.193892	0.01	0.2	0.221309	170.748	0
0.193892	0.01	0.2	0.237137	157.164	0
0.193892	0.01	0.2	0.254097	142.807	0
0.193892	0.01	0.2	0.27227	127.895	0
0.193892	0.01	0.2	0.291743	112.749	0
0.193892	0.01	0.2	0.312608	97.8302	0
0.193892	0.01	0.2	0.334965	83.7619	0
0.193892	0.01	0.2	0.358922	71.3676	0
0.193892	0.01	0.2	0.384592	61.6995	0
0.193892	0.01	0.2	0.412098	56.0661	0
0.193892	0.01	0.2	0.44157	56.0491	0
0.193892	0.01	0.2	0.473151	63.5048	0
0.193892	0.01	0.2	0.506991	80.5402	0
0.193892	0.01	0.2	0.54325	109.459	0
0.193892	0.01	0.2	0.582103	152.664	0
0.193892	0.01	0.2	0.623735	212.528	0
0.193892	0.01	0.2	0.668344	291.207	0
0.193892	0.01	0.2	0.716143	390.447	0
0.193892	0.01	0.2	0.767361	511.363	0
0.193892	0.01	0.2	0.822243	654.247	0
0.193892	0.01	0.2	0.881049	818.418	0
0.193892	0.01	0.2	0.944061	1002.12	0
0.193892	0.01	0.2	1.01158	1202.49	0
0.193892	0.01	0.2	1.08393	1415.5	0
0.193892	0.01	0.2	1.16145	1635.91	0
0.193892	0.01	0.2	1.24451	1857.15	0
0.193892	0.01	0.2	1.33352	2071.35	0
0.193892	0.01	0.2	1.42889	2269.58	0
0.193892	0.01	0.2	1.53109	2442.85	0
0.193892	0.01	0.2	1.64059	2583.8	0
0.193892	0.01	0.2	1.75792	2688.86	0
0.193892	0.01	0.2	1.88365	2759.7	0
0.193892	0.01	0.2	2.01837	2802.95	0
0.193892	0.01	0.2	2.16272	2828.35	0
0.193892	0.01	0.2	2.31739	2846.76	0
0.193892	0.01	0.2	2.48313	2870.46	0
0.193892	0.01	0.2	2.66073	2914.38	0
0.193892	0.01	0.2	2.85102	2993.49	0
0.193892	0.01	0.2	3.05492	3113.22	0
0.193892	0.01	0.2	3.27341	3260.37	0
0.193892	0.01	0.2	3.50752	3408.24	0
0.193892	0.01	0.2	3.75837	3532.83	0
0.193892	0.01	0.2	4.02717	3621.06	0
0.193892	0.01	0.2	4.31519	3679.24	0
0.193892	0.01	0.2	4.62381	3744.5	0
0.193892	0.01	0.2	4.9545	3851.11	0
0.193892	0.01	0.2	5.30884	3990.5	0
0.193892	0.01	0.2	5.68853	4133.82	0
0.193892	0.01	0.2	6.09537	4270.63	0
0.193892	0.01	0.2	6.53131	4443.36	0
0.193892	0.01	0.2	6.99842	4661.17	0
0.193892	0.01	0.2	7.49894	4841.45	0
0.193892	0.01	0.2	8.03526	4893.69	0
0.193892	0.01	0.2	8.60994	4827.74	0
0.193892	0.01	0.2	9.22571	4641	0
0.193892	0.01	0.2	9.88553	4367.85	0
0.193892	0.01	0.2	10.5925	4119.43	0
0.193892	0.01	0.2	11.3501	3855.1	0
0.193892	0.01	0.2	12.1619	3610.08	0
0.193892	0.01	0.2	13.0317	3457.43	0
0.193892	0.01	0.2	13.9637	3454.55	0
0.193892	0.01	0.2	14.9624	3513.05	0
0.193892	0.01	0.2	16.0325	3568.3	0
0.193892	0.01	0.2	17.1791	3644.91	0
0.193892	0.01	0.2	18.4077	3726.53	0
0.193892	0.01	0.2	19.7242	3728.2	0
0.193892	0.01	0.2	21.1349	3656.86	0
0.193892	0.01	0.2	22.6464	3454.22	0
0.193892	0.01	0.2	24.2661	3214.85	0
0.193892	0.01	0.2	26.0016	3032.12	0
0.193892	0.01	0.2	27.8612	2961.05	0
0.193892	0.01	0.2	29.8538	2992.79	0
0.193892	0.01	0.2	31.989	3111.28	0
0.193892	0.01	0.2	34.2768	3298.34	0
0.193892	0.01	0.2	36.7282	3527.18	0
0.193892	0.01	0.2	39.355	3693.2	0
0.193892	0.01	0.2	42.1697	3715.53	0
0.193892	0.01	0.2	45.1856	3629.02	0
0.193892	0.01	0.2	48.4172	3561.98	0
0.193892	0.01	0.2	51.88	3522.47	0
0.193892	0.01	0.2	55.5904	3420.17	0
0.193892	0.01	0.2	59.5662	3240.79	0
0.193892	0.01	0.2	63.8263	3144.04	0
0.193892	0.01	0.2	68.3912	3162.36	0
0.193892	0.01	0.2	73.2825	3188.6	0
0.193892	0.01	0.2	78.5236	3141.59	0
0.193892	0.01	0.2	84.1395	3139.91	0
0.193892	0.01	0.2	90.1571	3166.91	0
0.193892	0.01	0.2	96.6051	3163.06	0
0.211841	0.01	0.2	0.103514	257.778	0
0.211841	0.01	0.2	0.110917	253.037	0
0.211841	0.01	0.2	0.11885	247.68	0
0.211841	0.01	0.2	0.12735	241.641	0
0.211841	0.01	0.2	0.136458	234.853	0
0.211841	0.01	0.2	0.146218	227.25	0
0.211841	0.01	0.2	0.156675	218.768	0
0.211841	0.01	0.2	0.16788	209.351	0
0.211841	0.01	0.2	0.179887	198.955	0
0.211841	0.01	0.2	0.192752	187.556	0
0.211841	0.01	0.2	0.206538	175.161	0
0.211841	0.01	0.2	0.221309	161.819	0
0.211841	0.01	0.2	0.237137	147.636	0
0.211841	0.01	0.2	0.254097	132.797	0
0.211841	0.01	0.2	0.27227	117.591	0
0.211841	0.01	0.2	0.291743	102.433	0
0.211841	0.01	0.2	0.312608	87.9028	0
0.211841	0.01	0.2	0.334965	74.7791	0
0.211841	0.01	0.2	0.358922	64.0749	0
0.211841	0.01	0.2	0.384592	57.0758	0
0.211841	0.01	0.2	0.412098	55.369	0
0.211841	0.01	0.2	0.44157	60.8627	0
0.211841	0.01	0.2	0.473151	75.7843	0
0.211841	0.01	0.2	0.506991	102.65	0
0.211841	0.01	0.2	0.54325	144.198	0
0.211841	0.01	0.2	0.582103	203.268	0
0.211841	0.01	0.2	0.623735	282.643	0
0.211841	0.01	0.2	0.668344	384.834	0
0.211841	0.01	0.2	0.716143	511.833	0
0.211841	0.01	0.2	0.767361	664.864	0
0.211841	0.01	0.2	0.822243	844.15	0
0.211841	0.01	0.2	0.881049	1048.74	0
0.211841	0.01	0.2	0.944061	1276.38	0
0.211841	0.01	0.2	1.01158	1523.51	0
0.211841	0.01	0.2	1.08393	1785.17	0
0.211841	0.01	0.2	1.16145	2054.93	0
0.211841	0.01	0.2	1.24451	2324.83	0
0.211841	0.01	0.2	1.33352	2585.3	0
0.211841	0.01	0.2	1.42889	2825.56	0
0.211841	0.01	0.2	1.53109	3034.82	0
0.211841	0.01	0.2	1.64059	3204.29	0
0.211841	0.01	0.2	1.75792	3329.84	0
0.211841	0.01	0.2	1.88365	3413.72	0
0.211841	0.01	0.2	2.01837	3464.27	0
0.211841	0.01	0.2	2.16272	3493.56	0
0.211841	0.01	0.2	2.31739	3515.08	0
0.211841	0.01	0.2	2.48313	3544.01	0
0.211841	0.01	0.2	2.66073	3598.79	0
0.211841	0.01	0.2	2.85102	3697.96	0
0.211841	0.01	0.2	3.05492	3848.28	0
0.211841	0.01	0.2	3.27341	4033.62	0
0.211841	0.01	0.2	3.50752	4221.08	0
0.211841	0.01	0.2	3.75837	4380.81	0
0.211841	0.01	0.2	4.02717	4496.29	0
0.211841	0.01	0.2	4.31519	4574.7	0
0.211841	0.01	0.2	4.62381	4660.82	0
0.211841	0.01	0.2	4.9545	4795.85	0
0.211841	0.01	0.2	5.30884	4968.57	0
0.211841	0.01	0.2	5.68853	5143.48	0
0.211841	0.01	0.2	6.09537	5308.14	0
0.211841	0.01	0.2	6.53131	5514.85	0
0.211841	0.01	0.2	6.99842	5775.17	0
0.211841	0.01	0.2	7.49894	5989.32	0
0.211841	0.01	0.2	8.03526	6049.1	0
0.211841	0.01	0.2	8.60994	5967.97	0
0.211841	0.01	0.2	9.22571	5742.28	0
0.211841	0.01	0.2	9.88553	5411.14	0
0.211841	0.01	0.2	10.5925	5106.92	0
0.211841	0.01	0.2	11.3501	4779.24	0
0.211841	0.01	0.2	12.1619	4472.84	0
0.211841	0.01	0.2	13.0317	4279.85	0
0.211841	0.01	0.2	13.9637	4272.61	0
0.211841	0.01	0.2	14.9624	4343.48	0
0.211841	0.01	0.2	16.0325	4410.86	0
0.211841	0.01	0.2	17.1791	4502.08	0
0.211841	0.01	0.2	18.4077	4598.3	0
0.211841	0.01	0.2	19.7242	4600.41	0
0.211841	0.01	0.2	21.1349	4518.68	0
0.211841	0.01	0.2	22.6464	4279.73	0
0.211841	0.01	0.2	24.2661	3995.33	0
0.211841	0.01	0.2	26.0016	3777.78	0
0.211841	0.01	0.2	27.8612	3694.08	0
0.211841	0.01	0.2	29.8538	3733.48	0
0.211841	0.01	0.2	31.989	3875.01	0
0.211841	0.01	0.2	34.2768	4096.12	0
0.211841	0.01	0.2	36.7282	4365.37	0
0.211841	0.01	0.2	39.355	4558.05	0
0.211841	0.01	0.2	42.1697	4582.51	0
0.211841	0.01	0.2	45.1856	4479.36	0
0.211841	0.01	0.2	48.4172	4398.07	0
0.211841	0.01	0.2	51.88	4349.62	0
0.211841	0.01	0.2	55.5904	4231.06	0
0.211841	0.01	0.2	59.5662	4026.5	0
0.211841	0.01	0.2	63.8263	3917.38	0
0.211841	0.01	0.2	68.3912	3937.78	0
0.211841	0.01	0.2	73.2825	3965.63	0
0.211841	0.01	0.2	78.5236	3908.73	0
0.211841	0.01	0.2	84.1395	3909.06	0
0.211841	0.01	0.2	90.1571	3943.27	0
0.211841	0.01	0.2	96.6051	3939.34	0
0.231452	0.01	0.2	0.103514	254.81	0
0.231452	0.01	0.2	0.110917	249.677	0
0.231452	0.01	0.2	0.11885	243.883	0
0.231452	0.01	0.2	0.12735	237.362	0
0.231452	0.01	0.2	0.136458	230.046	0
0.231452	0.01	0.2	0.146218	221.868	0
0.231452	0.01	0.2	0.156675	212.768	0
0.231452	0.01	0.2	0.16788	202.696	0
0.231452	0.01	0.2	0.179887	191.618	0
0.231452	0.01	0.2	0.192752	179.527	0
0.231452	0.01	0.2	0.206538	166.454	0
0.231452	0.01	0.2	0.221309	152.483	0
0.231452	0.01	0.2	0.237137	137.768	0
0.231452	0.01	0.2	0.254097	122.561	0
0.231452	0.01	0.2	0.27227	107.236	0
0.231452	0.01	0.2	0.291743	92.3235	0
0.231452	0.01	0.2	0.312608	78.5496	0
0.231452	0.01	0.2	0.334965	66.8771	0
0.231452	0.01	0.2	0.358922	58.549	0
0.231452	0.01	0.2	0.384592	55.1306	0
0.231452	0.01	0.2	0.412098	58.543	0
0.231452	0.01	0.2	0.44157	71.0841	0
0.231452	0.01	0.2	0.473151	95.4232	0
0.231452	0.01	0.2	0.506991	134.563	0
0.231452	0.01	0.2	0.54325	191.754	0
0.231452	0.01	0.2	0.582103	270.355	0
0.231452	0.01	0.2	0.623735	373.629	0
0.231452	0.01	0.2	0.668344	504.496	0
0.231452	0.01	0.2	0.716143	665.233	0
0.231452	0.01	0.2	0.767361	857.177	0
0.231452	0.01	0.2	0.822243	1080.45	0
0.231452	0.01	0.2	0.881049	1333.76	0
0.231452	0.01	0.2	0.944061	1614.25	0
0.231452	0.01	0.2	1.01158	1917.49	0
0.231452	0.01	0.2	1.08393	2237.38	0
0.231452	0.01	0.2	1.16145	2566.09	0
0.231452	0.01	0.2	1.24451	2893.95	0
0.231452	0.01	0.2	1.33352	3209.39	0
0.231452	0.01	0.2	1.42889	3499.43	0
0.231452	0.01	0.2	1.53109	3751.1	0
0.231452	0.01	0.2	1.64059	3953.97	0
0.231452	0.01	0.2	1.75792	4103.29	0
0.231452	0.01	0.2	1.88365	4202.07	0
0.231452	0.01	0.2	2.01837	4260.77	0
0.231452	0.01	0.2	2.16272	4294.32	0
0.231452	0.01	0.2	2.31739	4319.44	0
0.231452	0.01	0.2	2.48313	4354.84	0
0.231452	0.01	0.2	2.66073	4423.24	0
0.231452	0.01	0.2	2.85102	4547.42	0
0.231452	0.01	0.2	3.05492	4735.8	0
0.231452	0.01	0.2	3.27341	4968.63	0
0.231452	0.01	0.2	3.50752	5205.45	0
0.231452	0.01	0.2	3.75837	5409.24	0
0.231452	0.01	0.2	4.02717	5559.17	0
0.231452	0.01	0.2	4.31519	5663.25	0
0.231452	0.01	0.2	4.62381	5775.39	0
0.231452	0.01	0.2	4.9545	5944.96	0
0.231452	0.01	0.2	5.30884	6157.58	0
0.231452	0.01	0.2	5.68853	6369.82	0
0.231452	0.01	0.2	6.09537	6567.13	0
0.231452	0.01	0.2	6.53131	6813.91	0
0.231452	0.01	0.2	6.99842	7124.83	0
0.231452	0.01	0.2	7.49894	7379.72	0
0.231452	0.01	0.2	8.03526	7449.16	0
0.231452	0.01	0.2	8.60994	7350.96	0
0.231452	0.01	0.2	9.22571	7079.7	0
0.231452	0.01	0.2	9.88553	6679.42	0
0.231452	0.01	0.2	10.5925	6307.48	0
0.231452	0.01	0.2	11.3501	5901.91	0
0.231452	0.01	0.2	12.1619	5519.59	0
0.231452	0.01	0.2	13.0317	5276.54	0
0.231452	0.01	0.2	13.9637	5263.32	0
0.231452	0.01	0.2	14.9624	5348.82	0
0.231452	0.01	0.2	16.0325	5430.37	0
0.231452	0.01	0.2	17.1791	5538.28	0
0.231452	0.01	0.2	18.4077	5651.03	0
0.231452	0.01	0.2	19.7242	5653.35	0
0.231452	0.01	0.2	21.1349	5559.84	0
0.231452	0.01	0.2	22.6464	5278.69	0
0.231452	0.01	0.2	24.2661	4941.78	0
0.231452	0.01	0.2	26.0016	4683.83	0
0.231452	0.01	0.2	27.8612	4585.84	0
0.231452	0.01	0.2	29.8538	4634.34	0
0.231452	0.01	0.2	31.989	4802.44	0
0.231452	0.01	0.2	34.2768	5062.42	0
0.231452	0.01	0.2	36.7282	5377.68	0
0.231452	0.01	0.2	39.355	5600.18	0
0.231452	0.01	0.2	42.1697	5626.56	0
0.231452	0.01	0.2	45.1856	5504.32	0
0.231452	0.01	0.2	48.4172	5406.32	0
0.231452	0.01	0.2	51.88	5347.06	0
0.231452	0.01	0.2	55.5904	5210.34	0
0.231452	0.01	0.2	59.5662	4978.35	0
0.231452	0.01	0.2	63.8263	4856.17	0
0.231452	0.01	0.2	68.3912	4878.75	0
0.231452	0.01	0.2	73.2825	4907.66	0
0.231452	0.01	0.2	78.5236	4839.07	0
0.231452	0.01	0.2	84.1395	4842.4	0
0.231452	0.01	0.2	90.1571	4885.48	0
0.231452	0.01	0.2	96.6051	4881.4	0
0.252878	0.01	0.2	0.103514	251.598	0
0.252878	0.01	0.2	0.110917	246.044	0
0.252878	0.01	0.2	0.11885	239.784	0
0.252878	0.01	0.2	0.12735	232.751	0
0.252878	0.01	0.2	0.136458	224.875	0
0.252878	0.01	0.2	0.146218	216.093	0
0.252878	0.01	0.2	0.156675	206.349	0
0.252878	0.01	0.2	0.16788	195.601	0
0.252878	0.01	0.2	0.179887	183.831	0
0.252878	0.01	0.2	0.192752	171.051	0
0.252878	0.01	0.2	0.206538	157.325	0
0.252878	0.01	0.2	0.221309	142.779	0
0.252878	0.01	0.2	0.237137	127.63	0
0.252878	0.01	0.2	0.254097	112.207	0
0.252878	0.01	0.2	0.27227	96.9927	0
0.252878	0.01	0.2	0.291743	82.6555	0
0.252878	0.01	0.2	0.312608	70.0987	0
0.252878	0.01	0.2	0.334965	60.5081	0
0.252878	0.01	0.2	0.358922	55.4027	0
0.252878	0.01	0.2	0.384592	56.6829	0
0.252878	0.01	0.2	0.412098	66.6692	0
0.252878	0.01	0.2	0.44157	88.1238	0
0.252878	0.01	0.2	0.473151	124.242	0
0.252878	0.01	0.2	0.506991	178.605	0
0.252878	0.01	0.2	0.54325	255.069	0
0.252878	0.01	0.2	0.582103	357.6	0
0.252878	0.01	0.2	0.623735	490.031	0
0.252878	0.01	0.2	0.668344	655.752	0
0.252878	0.01	0.2	0.716143	857.366	0
0.252878	0.01	0.2	0.767361	1096.32	0
0.252878	0.01	0.2	0.822243	1372.61	0
0.252878	0.01	0.2	0.881049	1684.49	0
0.252878	0.01	0.2	0.944061	2028.39	0
0.252878	0.01	0.2	1.01158	2398.79	0
0.252878	0.01	0.2	1.08393	2788.24	0
0.252878	0.01	0.2	1.16145	3187.2	0
0.252878	0.01	0.2	1.24451	3583.94	0
0.252878	0.01	0.2	1.33352	3964.5	0
0.252878	0.01	0.2	1.42889	4313.28	0
0.252878	0.01	0.2	1.53109	4614.76	0
0.252878	0.01	0.2	1.64059	4856.58	0
0.252878	0.01	0.2	1.75792	5033.31	0
0.252878	0.01	0.2	1.88365	5148.98	0
0.252878	0.01	0.2	2.01837	5216.63	0
0.252878	0.01	0.2	2.16272	5254.78	0
0.252878	0.01	0.2	2.31739	5284.04	0
0.252878	0.01	0.2	2.48313	5327.49	0
0.252878	0.01	0.2	2.66073	5412.97	0
0.252878	0.01	0.2	2.85102	5568.4	0
0.252878	0.01	0.2	3.05492	5804.16	0
0.252878	0.01	0.2	3.27341	6096.13	0
0.252878	0.01	0.2	3.50752	6394.59	0
0.252878	0.01	0.2	3.75837	6653.72	0
0.252878	0.01	0.2	4.02717	6847.21	0
0.252878	0.01	0.2	4.31519	6983.86	0
0.252878	0.01	0.2	4.62381	7128.36	0
0.252878	0.01	0.2	4.9545	7339.81	0
0.252878	0.01	0.2	5.30884	7599.98	0
0.252878	0.01	0.2	5.68853	7856.13	0
0.252878	0.01	0.2	6.09537	8091.44	0
0.252878	0.01	0.2	6.53131	8385.28	0
0.252878	0.01	0.2	6.99842	8756.37	0
0.252878	0.01	0.2	7.49894	9060.31	0
0.252878	0.01	0.2	8.03526	9142.39	0
0.252878	0.01	0.2	8.60994	9025.44	0
0.252878	0.01	0.2	9.22571	8701.27	0
0.252878	0.01	0.2	9.88553	8218.79	0
0.252878	0.01	0.2	10.5925	7764.63	0
0.252878	0.01	0.2	11.3501	7263.11	0
0.252878	0.01	0.2	12.1619	6786.76	0
0.252878	0.01	0.2	13.0317	6481.44	0
0.252878	0.01	0.2	13.9637	6460.07	0
0.252878	0.01	0.2	14.9624	6562.83	0
0.252878	0.01	0.2	16.0325	6660.94	0
0.252878	0.01	0.2	17.1791	6787.8	0
0.252878	0.01	0.2	18.4077	6919.11	0
0.252878	0.01	0.2	19.7242	6921.23	0
0.252878	0.01	0.2	21.1349	6814.33	0
0.252878	0.01	0.2	22.6464	6484.29	0
0.252878	0.01	0.2	24.2661	6086.32	0
0.252878	0.01	0.2	26.0016	5781.77	0
0.252878	0.01	0.2	27.8612	5667.82	0
0.252878	0.01	0.2	29.8538	5727.14	0
0.252878	0.01	0.2	31.989	5925.63	0
0.252878	0.01	0.2	34.2768	6229.59	0
0.252878	0.01	0.2	36.7282	6596.77	0
0.252878	0.01	0.2	39.355	6852.22	0
0.252878	0.01	0.2	42.1697	6880.12	0
0.252878	0.01	0.2	45.1856	6736.15	0
0.252878	0.01	0.2	48.4172	6618.68	0
0.252878	0.01	0.2	51.88	6546.35	0
0.252878	0.01	0.2	55.5904	6389.52	0
0.252878	0.01	0.2	59.5662	6128.12	0
0.252878	0.01	0.2	63.8263	5992.55	0
0.252878	0.01	0.2	68.3912	6017.38	0
0.252878	0.01	0.2	73.2825	6046.5	0
0.252878	0.01	0.2	78.5236	5964.12	0
0.252878	0.01	0.2	84.1395	5971.76	0
0.252878	0.01	0.2	90.1571	6025.68	0
0.252878	0.01	0.2	96.6051	6021.36	0
0.276288	0.01	0.2	0.103514	248.124	0
0.276288	0.01	0.2	0.110917	242.12	0
0.276288	0.01	0.2	0.11885	235.365	0
0.276288	0.01	0.2	0.12735	227.788	0
0.276288	0.01	0.2	0.136458	219.323	0
0.276288	0.01	0.2	0.146218	209.91	0
0.276288	0.01	0.2	0.156675	199.499	0
0.276288	0.01	0.2	0.16788	188.06	0
0.276288	0.01	0.2	0.179887	175.594	0
0.276288	0.01	0.2	0.192752	162.143	0
0.276288	0.01	0.2	0.206538	147.806	0
0.276288	0.01	0.2	0.221309	132.767	0
0.276288	0.01	0.2	0.237137	117.314	0
0.276288	0.01	0.2	0.254097	101.877	0
0.276288	0.01	0.2	0.27227	87.0675	0
0.276288	0.01	0.2	0.291743	73.7222	0
0.276288	0.01	0.2	0.312608	62.9582	0
0.276288	0.01	0.2	0.334965	56.2293	0
0.276288	0.01	0.2	0.358922	55.3857	0
0.276288	0.01	0.2	0.384592	62.7291	0
0.276288	0.01	0.2	0.412098	81.0569	0
0.276288	0.01	0.2	0.44157	113.685	0
0.276288	0.01	0.2	0.473151	164.433	0
0.276288	0.01	0.2	0.506991	237.567	0
0.276288	0.01	0.2	0.54325	337.661	0
0.276288	0.01	0.2	0.582103	469.397	0
0.276288	0.01	0.2	0.623735	637.271	0
0.276288	0.01	0.2	0.668344	845.223	0
0.276288	0.01	0.2	0.716143	1096.22	0
0.276288	0.01	0.2	0.767361	1391.84	0
0.276288	0.01	0.2	0.822243	1731.86	0
0.276288	0.01	0.2	0.881049	2114.01	0
0.276288	0.01	0.2	0.944061	2533.79	0
0.276288	0.01	0.2	1.01158	2984.41	0
0.276288	0.01	0.2	1.08393	3456.75	0
0.276288	0.01	0.2	1.16145	3939.21	0
0.276288	0.01	0.2	1.24451	4417.6	0
0.276288	0.01	0.2	1.33352	4875.1	0
0.276288	0.01	0.2	1.42889	5292.99	0
0.276288	0.01	0.2	1.53109	5652.75	0
0.276288	0.01	0.2	1.64059	5939.77	0
0.276288	0.01	0.2	1.75792	6147.91	0
0.276288	0.01	0.2	1.88365	6282.52	0
0.276288	0.01	0.2	2.01837	6359.86	0
0.276288	0.01	0.2	2.16272	6402.82	0
0.276288	0.01	0.2	2.31739	6436.84	0
0.276288	0.01	0.2	2.48313	6490.28	0
0.276288	0.01	0.2	2.66073	6597.22	0
0.276288	0.01	0.2	2.85102	6791.78	0
0.276288	0.01	0.2	3.05492	7086.65	0
0.276288	0.01	0.2	3.27341	7452.37	0
0.276288	0.01	0.2	3.50752	7827.95	0
0.276288	0.01	0.2	3.75837	8156.68	0
0.276288	0.01	0.2	4.02717	8405.33	0
0.276288	0.01	0.2	4.31519	8583.32	0
0.276288	0.01	0.2	4.62381	8768.04	0
0.276288	0.01	0.2	4.9545	9030.15	0
0.276288	0.01	0.2	5.30884	9346.77	0
0.276288	0.01	0.2	5.68853	9654.19	0
0.276288	0.01	0.2	6.09537	9933.38	0
0.276288	0.01	0.2	6.53131	10282.2	0
0.276288	0.01	0.2	6.99842	10724.7	0
0.276288	0.01	0.2	7.49894	11087.8	0
0.276288	0.01	0.2	8.03526	11186.7	0
0.276288	0.01	0.2	8.60994	11049.9	0
0.276288	0.01	0.2	9.22571	10664.8	0
0.276288	0.01	0.2	9.88553	10084.8	0
0.276288	0.01	0.2	10.5925	9530.81	0
0.276288	0.01	0.2	11.3501	8910.85	0
0.276288	0.01	0.2	12.1619	8317.76	0
0.276288	0.01	0.2	13.0317	7934.83	0
0.276288	0.01	0.2	13.9637	7902.36	0
0.276288	0.01	0.2	14.9624	8025.48	0
0.276288	0.01	0.2	16.0325	8142.91	0
0.276288	0.01	0.2	17.1791	8291.16	0
0.276288	0.01	0.2	18.4077	8443.09	0
0.276288	0.01	0.2	19.7242	8444.33	0
0.276288	0.01	0.2	21.1349	8322.23	0
0.276288	0.01	0.2	22.6464	7935.62	0
0.276288	0.01	0.2	24.2661	7466.95	0
0.276288	0.01	0.2	26.0016	7109.03	0
0.276288	0.01	0.2	27.8612	6977.59	0
0.276288	0.01	0.2	29.8538	7049.74	0
0.276288	0.01	0.2	31.989	7282.67	0
0.276288	0.01	0.2	34.2768	7635.79	0
0.276288	0.01	0.2	36.7282	8060.96	0
0.276288	0.01	0.2	39.355	8352.28	0
0.276288	0.01	0.2	42.1697	8381.01	0
0.276288	0.01	0.2	45.1856	8212.53	0
0.276288	0.01	0.2	48.4172	8072.52	0
0.276288	0.01	0.2	51.88	7984.43	0
0.276288	0.01	0.2	55.5904	7805.59	0
0.276288	0.01	0.2	59.5662	7513.27	0
0.276288	0.01	0.2	63.8263	7364.5	0
0.276288	0.01	0.2	68.3912	7391.68	0
0.276288	0.01	0.2	73.2825	7419.73	0
0.276288	0.01	0.2	78.5236	7321.09	0
0.276288	0.01	0.2	84.1395	7334.73	0
0.276288	0.01	0.2	90.1571	7401.89	0
0.276288	0.01	0.2	96.6051	7397.15	0
0.301866	0.01	0.2	0.103514	244.37	0
0.301866	0.01	0.2	0.110917	237.887	0
0.301866	0.01	0.2	0.11885	230.605	0
0.301866	0.01	0.2	0.12735	222.455	0
0.301866	0.01	0.2	0.136458	213.373	0
0.301866	0.01	0.2	0.146218	203.302	0
0.301866	0.01	0.2	0.156675	192.206	0
0.301866	0.01	0.2	0.16788	180.07	0
0.301866	0.01	0.2	0.179887	166.917	0
0.301866	0.01	0.2	0.192752	152.826	0
0.301866	0.01	0.2	0.206538	137.945	0
0.301866	0.01	0.2	0.221309	122.523	0
0.301866	0.01	0.2	0.237137	106.943	0
0.301866	0.01	0.2	0.254097	91.7527	0
0.301866	0.01	0.2	0.27227	77.7216	0
0.301866	0.01	0.2	0.291743	65.8896	0
0.301866	0.01	0.2	0.312608	57.6312	0
0.301866	0.01	0.2	0.334965	54.7227	0
0.301866	0.01	0.2	0.358922	59.4109	0
0.301866	0.01	0.2	0.384592	74.4771	0
0.301866	0.01	0.2	0.412098	103.287	0
0.301866	0.01	0.2	0.44157	149.816	0
0.301866	0.01	0.2	0.473151	218.626	0
0.301866	0.01	0.2	0.506991	314.791	0
0.301866	0.01	0.2	0.54325	443.736	0
0.301866	0.01	0.2	0.582103	610.984	0
0.301866	0.01	0.2	0.623735	821.806	0
0.301866	0.01	0.2	0.668344	1080.78	0
0.301866	0.01	0.2	0.716143	1391.28	0
0.301866	0.01	0.2	0.767361	1755.01	0
0.301866	0.01	0.2	0.822243	2171.47	0
0.301866	0.01	0.2	0.881049	2637.72	0
0.301866	0.01	0.2	0.944061	3148.14	0
0.301866	0.01	0.2	1.01158	3694.36	0
0.301866	0.01	0.2	1.08393	4265.24	0
0.301866	0.01	0.2	1.16145	4846.72	0
0.301866	0.01	0.2	1.24451	5421.64	0
0.301866	0.01	0.2	1.33352	5969.79	0
0.301866	0.01	0.2	1.42889	6468.73	0
0.301866	0.01	0.2	1.53109	6896.41	0
0.301866	0.01	0.2	1.64059	7235.64	0
0.301866	0.01	0.2	1.75792	7479.51	0
0.301866	0.01	0.2	1.88365	7635.09	0
0.301866	0.01	0.2	2.01837	7722.67	0
0.301866	0.01	0.2	2.16272	7770.51	0
0.301866	0.01	0.2	2.31739	7809.98	0
0.301866	0.01	0.2	2.48313	7875.87	0
0.301866	0.01	0.2	2.66073	8009.84	0
0.301866	0.01	0.2	2.85102	8253.45	0
0.301866	0.01	0.2	3.05492	8622.18	0
0.301866	0.01	0.2	3.27341	9080.08	0
0.301866	0.01	0.2	3.50752	9552.33	0
0.301866	0.01	0.2	3.75837	9968.79	0
0.301866	0.01	0.2	4.02717	10287.4	0
0.301866	0.01	0.2	4.31519	10518	0
0.301866	0.01	0.2	4.62381	10752.7	0
0.301866	0.01	0.2	4.9545	11075.9	0
0.301866	0.01	0.2	5.30884	11459.2	0
0.301866	0.01	0.2	5.68853	11826	0
0.301866	0.01	0.2	6.09537	12155.4	0
0.301866	0.01	0.2	6.53131	12567.9	0
0.301866	0.01	0.2	6.99842	13095	0
0.301866	0.01	0.2	7.49894	13529.6	0
0.301866	0.01	0.2	8.03526	13651.1	0
0.301866	0.01	0.2	8.60994	13494.3	0
0.301866	0.01	0.2	9.22571	13040.1	0
0.301866	0.01	0.2	9.88553	12344.8	0
0.301866	0.01	0.2	10.5925	11669.4	0
0.301866	0.01	0.2	11.3501	10902.9	0
0.301866	0.01	0.2	12.1619	10164.5	0
0.301866	0.01	0.2	13.0317	9684.49	0
0.301866	0.01	0.2	13.9637	9636.92	0
0.301866	0.01	0.2	14.9624	9784.01	0
0.301866	0.01	0.2	16.0325	9924.01	0
0.301866	0.01	0.2	17.1791	10096.3	0
0.301866	0.01	0.2	18.4077	10270.8	0
0.301866	0.01	0.2	19.7242	10270.1	0
0.301866	0.01	0.2	21.1349	10130.7	0
0.301866	0.01	0.2	22.6464	9678.78	0
0.301866	0.01	0.2	24.2661	9128.56	0
0.301866	0.01	0.2	26.0016	8710.01	0
0.301866	0.01	0.2	27.8612	8559.9	0
0.301866	0.01	0.2	29.8538	8647.3	0
0.301866	0.01	0.2	31.989	8918.77	0
0.301866	0.01	0.2	34.2768	9326.08	0
0.301866	0.01	0.2	36.7282	9815.14	0
0.301866	0.01	0.2	39.355	10144.7	0
0.301866	0.01	0.2	42.1697	10173.3	0
0.301866	0.01	0.2	45.1856	9977.44	0
0.301866	0.01	0.2	48.4172	9811.52	0
0.301866	0.01	0.2	51.88	9704.48	0
0.301866	0.01	0.2	55.5904	9501.8	0
0.301866	0.01	0.2	59.5662	9177.83	0
0.301866	0.01	0.2	63.8263	9016.88	0
0.301866	0.01	0.2	68.3912	9046.55	0
0.301866	0.01	0.2	73.2825	9071.73	0
0.301866	0.01	0.2	78.5236	8953.93	0
0.301866	0.01	0.2	84.1395	8975.71	0
0.301866	0.01	0.2	90.1571	9058.97	0
0.301866	0.01	0.2	96.6051	9053.51	0
0.329811	0.01	0.2	0.103514	240.319	0
0.329811	0.01	0.2	0.110917	233.327	0
0.329811	0.01	0.2	0.11885	225.488	0
0.329811	0.01	0.2	0.12735	216.734	0
0.329811	0.01	0.2	0.136458	207.007	0
0.329811	0.01	0.2	0.146218	196.259	0
0.329811	0.01	0.2	0.156675	184.466	0
0.329811	0.01	0.2	0.16788	171.633	0
0.329811	0.01	0.2	0.179887	157.817	0
0.329811	0.01	0.2	0.192752	143.138	0
0.329811	0.01	0.2	0.206538	127.807	0
0.329811	0.01	0.2	0.221309	112.156	0
0.329811	0.01	0.2	0.237137	96.6758	0
0.329811	0.01	0.2	0.254097	82.0647	0
0.329811	0.01	0.2	0.27227	69.281	0
0.329811	0.01	0.2	0.291743	59.6097	0
0.329811	0.01	0.2	0.312608	54.735	0
0.329811	0.01	0.2	0.334965	56.8198	0
0.329811	0.01	0.2	0.358922	68.5852	0
0.329811	0.01	0.2	0.384592	93.3852	0
0.329811	0.01	0.2	0.412098	135.263	0
0.329811	0.01	0.2	0.44157	198.975	0
0.329811	0.01	0.2	0.473151	289.967	0
0.329811	0.01	0.2	0.506991	414.27	0
0.329811	0.01	0.2	0.54325	578.308	0
0.329811	0.01	0.2	0.582103	788.596	0
0.329811	0.01	0.2	0.623735	1051.31	0
0.329811	0.01	0.2	0.668344	1371.76	0
0.329811	0.01	0.2	0.716143	1753.79	0
0.329811	0.01	0.2	0.767361	2199.19	0
0.329811	0.01	0.2	0.822243	2707.14	0
0.329811	0.01	0.2	0.881049	3273.83	0
0.329811	0.01	0.2	0.944061	3892.26	0
0.329811	0.01	0.2	1.01158	4552.15	0
0.329811	0.01	0.2	1.08393	5239.93	0
0.329811	0.01	0.2	1.16145	5938.54	0
0.329811	0.01	0.2	1.24451	6627.31	0
0.329811	0.01	0.2	1.33352	7281.93	0
0.329811	0.01	0.2	1.42889	7875.6	0
0.329811	0.01	0.2	1.53109	8382.12	0
0.329811	0.01	0.2	1.64059	8781.29	0
0.329811	0.01	0.2	1.75792	9065.48	0
0.329811	0.01	0.2	1.88365	9243.98	0
0.329811	0.01	0.2	2.01837	9342.03	0
0.329811	0.01	0.2	2.16272	9394.59	0
0.329811	0.01	0.2	2.31739	9440.24	0
0.329811	0.01	0.2	2.48313	9521.69	0
0.329811	0.01	0.2	2.66073	9689.77	0
0.329811	0.01	0.2	2.85102	9995.02	0
0.329811	0.01	0.2	3.05492	10456.2	0
0.329811	0.01	0.2	3.27341	11029.6	0
0.329811	0.01	0.2	3.50752	11623.3	0
0.329811	0.01	0.2	3.75837	12150.6	0
0.329811	0.01	0.2	4.02717	12558.3	0
0.329811	0.01	0.2	4.31519	12855.7	0
0.329811	0.01	0.2	4.62381	13152.6	0
0.329811	0.01	0.2	4.9545	13549.5	0
0.329811	0.01	0.2	5.30884	14011.1	0
0.329811	0.01	0.2	5.68853	14446.1	0
0.329811	0.01	0.2	6.09537	14831.9	0
0.329811	0.01	0.2	6.53131	15317.9	0
0.329811	0.01	0.2	6.99842	15944.7	0
0.329811	0.01	0.2	7.49894	16466	0
0.329811	0.01	0.2	8.03526	16618.2	0
0.329811	0.01	0.2	8.60994	16443.2	0
0.329811	0.01	0.2	9.22571	15911.4	0
0.329811	0.01	0.2	9.88553	15080.4	0
0.329811	0.01	0.2	10.5925	14257.1	0
0.329811	0.01	0.2	11.3501	13308.9	0
0.329811	0.01	0.2	12.1619	12388.8	0
0.329811	0.01	0.2	13.0317	11787.1	0
0.329811	0.01	0.2	13.9637	11719	0
0.329811	0.01	0.2	14.9624	11894.3	0
0.329811	0.01	0.2	16.0325	12060.7	0
0.329811	0.01	0.2	17.1791	12259.7	0
0.329811	0.01	0.2	18.4077	12458.8	0
0.329811	0.01	0.2	19.7242	12454.5	0
0.329811	0.01	0.2	21.1349	12295.2	0
0.329811	0.01	0.2	22.6464	11768	0
0.329811	0.01	0.2	24.2661	11124.1	0
0.329811	0.01	0.2	26.0016	10637.4	0
0.329811	0.01	0.2	27.8612	10468.1	0
0.329811	0.01	0.2	29.8538	10573.7	0
0.329811	0.01	0.2	31.989	10887.6	0
0.329811	0.01	0.2	34.2768	11353.5	0
0.329811	0.01	0.2	36.7282	11911.8	0
0.329811	0.01	0.2	39.355	12281.2	0
0.329811	0.01	0.2	42.1697	12308	0
0.329811	0.01	0.2	45.1856	12082.1	0
0.329811	0.01	0.2	48.4172	11886.6	0
0.329811	0.01	0.2	51.88	11756.8	0
0.329811	0.01	0.2	55.5904	11528.7	0
0.329811	0.01	0.2	59.5662	11173.5	0
0.329811	0.01	0.2	63.8263	11002.6	0
0.329811	0.01	0.2	68.3912	11035	0
0.329811	0.01	0.2	73.2825	11054.8	0
0.329811	0.01	0.2	78.5236	10914.4	0
0.329811	0.01	0.2	84.1395	10947	0
0.329811	0.01	0.2	90.1571	11049.8	0
0.329811	0.01	0.2	96.6051	11043.1	0
0.360343	0.01	0.2	0.103514	235.952	0
0.360343	0.01	0.2	0.110917	228.42	0
0.360343	0.01	0.2	0.11885	219.993	0
0.360343	0.01	0.2	0.12735	210.609	0
0.360343	0.01	0.2	0.136458	200.214	0
0.360343	0.01	0.2	0.146218	188.773	0
0.360343	0.01	0.2	0.156675	176.278	0
0.360343	0.01	0.2	0.16788	162.764	0
0.360343	0.01	0.2	0.179887	148.325	0
0.360343	0.01	0.2	0.192752	133.136	0
0.360343	0.01	0.2	0.206538	117.483	0
0.360343	0.01	0.2	0.221309	101.801	0
0.360343	0.01	0.2	0.237137	86.7155	0
0.360343	0.01	0.2	0.254097	73.1023	0
0.360343	0.01	0.2	0.27227	62.1499	0
0.360343	0.01	0.2	0.291743	55.438	0
0.360343	0.01	0.2	0.312608	55.0226	0
0.360343	0.01	0.2	0.334965	63.5291	0
0.360343	0.01	0.2	0.358922	84.2455	0
0.360343	0.01	0.2	0.384592	121.208	0
0.360343	0.01	0.2	0.412098	179.266	0
0.360343	0.01	0.2	0.44157	264.106	0
0.360343	0.01	0.2	0.473151	382.216	0
0.360343	0.01	0.2	0.506991	540.76	0
0.360343	0.01	0.2	0.54325	747.343	0
0.360343	0.01	0.2	0.582103	1009.64	0
0.360343	0.01	0.2	0.623735	1334.88	0
0.360343	0.01	0.2	0.668344	1729.22	0
0.360343	0.01	0.2	0.716143	2197.03	0
0.360343	0.01	0.2	0.767361	2740.18	0
0.360343	0.01	0.2	0.822243	3357.38	0
0.360343	0.01	0.2	0.881049	4043.77	0
0.360343	0.01	0.2	0.944061	4790.64	0
0.360343	0.01	0.2	1.01158	5585.41	0
0.360343	0.01	0.2	1.08393	6411.53	0
0.360343	0.01	0.2	1.16145	7248.38	0
0.360343	0.01	0.2	1.24451	8071.03	0
0.360343	0.01	0.2	1.33352	8850.34	0
0.360343	0.01	0.2	1.42889	9554.33	0
0.360343	0.01	0.2	1.53109	10151.9	0
0.360343	0.01	0.2	1.64059	10619.5	0
0.360343	0.01	0.2	1.75792	10948.8	0
0.360343	0.01	0.2	1.88365	11151.8	0
0.360343	0.01	0.2	2.01837	11260.2	0
0.360343	0.01	0.2	2.16272	11316.9	0
0.360343	0.01	0.2	2.31739	11369.6	0
0.360343	0.01	0.2	2.48313	11470.5	0
0.360343	0.01	0.2	2.66073	11681.8	0
0.360343	0.01	0.2	2.85102	12064.6	0
0.360343	0.01	0.2	3.05492	12641.9	0
0.360343	0.01	0.2	3.27341	13360.2	0
0.360343	0.01	0.2	3.50752	14107	0
0.360343	0.01	0.2	3.75837	14774.8	0
0.360343	0.01	0.2	4.02717	15296	0
0.360343	0.01	0.2	4.31519	15678.9	0
0.360343	0.01	0.2	4.62381	16053.2	0
0.360343	0.01	0.2	4.9545	16538.5	0
0.360343	0.01	0.2	5.30884	17091.6	0
0.360343	0.01	0.2	5.68853	17603.9	0
0.360343	0.01	0.2	6.09537	18052.2	0
0.360343	0.01	0.2	6.53131	18621.6	0
0.360343	0.01	0.2	6.99842	19365.9	0
0.360343	0.01	0.2	7.49894	19992.4	0
0.360343	0.01	0.2	8.03526	20186.9	0
0.360343	0.01	0.2	8.60994	19998.1	0
0.360343	0.01	0.2	9.22571	19381.1	0
0.360343	0.01	0.2	9.88553	18390.9	0
0.360343	0.01	0.2	10.5925	17387.4	0
0.360343	0.01	0.2	11.3501	16212.9	0
0.360343	0.01	0.2	12.1619	15065.2	0
0.360343	0.01	0.2	13.0317	14310	0
0.360343	0.01	0.2	13.9637	14213.7	0
0.360343	0.01	0.2	14.9624	14422.2	0
0.360343	0.01	0.2	16.0325	14619.6	0
0.360343	0.01	0.2	17.1791	14848.4	0
0.360343	0.01	0.2	18.4077	15073.5	0
0.360343	0.01	0.2	19.7242	15063.2	0
0.360343	0.01	0.2	21.1349	14881	0
0.360343	0.01	0.2	22.6464	14267.2	0
0.360343	0.01	0.2	24.2661	13516.2	0
0.360343	0.01	0.2	26.0016	12953.9	0
0.360343	0.01	0.2	27.8612	12766	0
0.360343	0.01	0.2	29.8538	12893.2	0
0.360343	0.01	0.2	31.989	13253.1	0
0.360343	0.01	0.2	34.2768	13780.7	0
0.360343	0.01	0.2	36.7282	14412.2	0
0.360343	0.01	0.2	39.355	14821.5	0
0.360343	0.01	0.2	42.1697	14844.3	0
0.360343	0.01	0.2	45.1856	14586	0
0.360343	0.01	0.2	48.4172	14357.2	0
0.360343	0.01	0.2	51.88	14200.1	0
0.360343	0.01	0.2	55.5904	13945.4	0
0.360343	0.01	0.2	59.5662	13561	0
0.360343	0.01	0.2	63.8263	13383.9	0
0.360343	0.01	0.2	68.3912	13419.5	0
0.360343	0.01	0.2	73.2825	13430.7	0
0.360343	0.01	0.2	78.5236	13263.6	0
0.360343	0.01	0.2	84.1395	13310.4	0
0.360343	0.01	0.2	90.1571	13436.5	0
0.360343	0.01	0.2	96.6051	13427.9	0
0.393701	0.01	0.2	0.103514	231.252	0
0.393701	0.01	0.2	0.110917	223.148	0
0.393701	0.01	0.2	0.11885	214.106	0
0.393701	0.01	0.2	0.12735	204.065	0
0.393701	0.01	0.2	0.136458	192.983	0
0.393701	0.01	0.2	0.146218	180.839	0
0.393701	0.01	0.2	0.156675	167.649	0
0.393701	0.01	0.2	0.16788	153.483	0
0.393701	0.01	0.2	0.179887	138.484	0
0.393701	0.01	0.2	0.192752	122.894	0
0.393701	0.01	0.2	0.206538	107.092	0
0.393701	0.01	0.2	0.221309	91.6356	0
0.393701	0.01	0.2	0.237137	77.3167	0
0.393701	0.01	0.2	0.254097	65.2245	0
0.393701	0.01	0.2	0.27227	56.8254	0
0.393701	0.01	0.2	0.291743	54.0527	0
0.393701	0.01	0.2	0.312608	59.4079	0
0.393701	0.01	0.2	0.334965	76.0692	0
0.393701	0.01	0.2	0.358922	108.001	0
0.393701	0.01	0.2	0.384592	160.052	0
0.393701	0.01	0.2	0.412098	238.029	0
0.393701	0.01	0.2	0.44157	348.721	0
0.393701	0.01	0.2	0.473151	499.85	0
0.393701	0.01	0.2	0.506991	699.919	0
0.393701	0.01	0.2	0.54325	957.919	0
0.393701	0.01	0.2	0.582103	1282.89	0
0.393701	0.01	0.2	0.623735	1683.28	0
0.393701	0.01	0.2	0.668344	2166.23	0
0.393701	0.01	0.2	0.716143	2736.69	0
0.393701	0.01	0.2	0.767361	3396.55	0
0.393701	0.01	0.2	0.822243	4143.95	0
0.393701	0.01	0.2	0.881049	4972.7	0
0.393701	0.01	0.2	0.944061	5872.01	0
0.393701	0.01	0.2	1.01158	6826.46	0
0.393701	0.01	0.2	1.08393	7815.93	0
0.393701	0.01	0.2	1.16145	8815.5	0
0.393701	0.01	0.2	1.24451	9795.16	0
0.393701	0.01	0.2	1.33352	10720	0
0.393701	0.01	0.2	1.42889	11552	0
0.393701	0.01	0.2	1.53109	12254.3	0
0.393701	0.01	0.2	1.64059	12799.4	0
0.393701	0.01	0.2	1.75792	13178.5	0
0.393701	0.01	0.2	1.88365	13407.3	0
0.393701	0.01	0.2	2.01837	13525	0
0.393701	0.01	0.2	2.16272	13584.9	0
0.393701	0.01	0.2	2.31739	13645.5	0
0.393701	0.01	0.2	2.48313	13771	0
0.393701	0.01	0.2	2.66073	14037	0
0.393701	0.01	0.2	2.85102	14517.8	0
0.393701	0.01	0.2	3.05492	15241.2	0
0.393701	0.01	0.2	3.27341	16141.9	0
0.393701	0.01	0.2	3.50752	17082.1	0
0.393701	0.01	0.2	3.75837	17928.5	0
0.393701	0.01	0.2	4.02717	18595.1	0
0.393701	0.01	0.2	4.31519	19087.3	0
0.393701	0.01	0.2	4.62381	19558.4	0
0.393701	0.01	0.2	4.9545	20149.8	0
0.393701	0.01	0.2	5.30884	20808.9	0
0.393701	0.01	0.2	5.68853	21407.3	0
0.393701	0.01	0.2	6.09537	21922.9	0
0.393701	0.01	0.2	6.53131	22585.9	0
0.393701	0.01	0.2	6.99842	23467.9	0
0.393701	0.01	0.2	7.49894	24222.5	0
0.393701	0.01	0.2	8.03526	24475.4	0
0.393701	0.01	0.2	8.60994	24281.7	0
0.393701	0.01	0.2	9.22571	23573.8	0
0.393701	0.01	0.2	9.88553	22397.7	0
0.393701	0.01	0.2	10.5925	21174.3	0
0.393701	0.01	0.2	11.3501	19716.9	0
0.393701	0.01	0.2	12.1619	18282.6	0
0.393701	0.01	0.2	13.0317	17333	0
0.393701	0.01	0.2	13.9637	17198.4	0
0.393701	0.01	0.2	14.9624	17445.7	0
0.393701	0.01	0.2	16.0325	17679.8	0
0.393701	0.01	0.2	17.1791	17941.6	0
0.393701	0.01	0.2	18.4077	18193.7	0
0.393701	0.01	0.2	19.7242	18174	0
0.393701	0.01	0.2	21.1349	17964.9	0
0.393701	0.01	0.2	22.6464	17251.4	0
0.393701	0.01	0.2	24.2661	16378.6	0
0.393701	0.01	0.2	26.0016	15733.6	0
0.393701	0.01	0.2	27.8612	15529.5	0
0.393701	0.01	0.2	29.8538	15682.7	0
0.393701	0.01	0.2	31.989	16091.2	0
0.393701	0.01	0.2	34.2768	16681.4	0
0.393701	0.01	0.2	36.7282	17388	0
0.393701	0.01	0.2	39.355	17834.9	0
0.393701	0.01	0.2	42.1697	17850.8	0
0.393701	0.01	0.2	45.1856	17558.3	0
0.393701	0.01	0.2	48.4172	17292.2	0
0.393701	0.01	0.2	51.88	17102.5	0
0.393701	0.01	0.2	55.5904	16820.3	0
0.393701	0.01	0.2	59.5662	16411.3	0
0.393701	0.01	0.2	63.8263	16234	0
0.393701	0.01	0.2	68.3912	16273.8	0
0.393701	0.01	0.2	73.2825	16272.1	0
0.393701	0.01	0.2	78.5236	16073.3	0
0.393701	0.01	0.2	84.1395	16138.1	0
0.393701	0.01	0.2	90.1571	16292.2	0
0.393701	0.01	0.2	96.6051	16280.4	0
0.430148	0.01	0.2	0.103514	226.198	0
0.430148	0.01	0.2	0.110917	217.494	0
0.430148	0.01	0.2	0.11885	207.809	0
0.430148	0.01	0.2	0.12735	197.09	0
0.430148	0.01	0.2	0.136458	185.307	0
0.430148	0.01	0.2	0.146218	172.46	0
0.430148	0.01	0.2	0.156675	158.597	0
0.430148	0.01	0.2	0.16788	143.828	0
0.430148	0.01	0.2	0.179887	128.358	0
0.430148	0.01	0.2	0.192752	112.514	0
0.430148	0.01	0.2	0.206538	96.7858	0
0.430148	0.01	0.2	0.221309	81.8836	0
0.430148	0.01	0.2	0.237137	68.7968	0
0.430148	0.01	0.2	0.254097	58.8742	0
0.430148	0.01	0.2	0.27227	53.9154	0
0.430148	0.01	0.2	0.291743	56.2779	0
0.430148	0.01	0.2	0.312608	68.9958	0
0.430148	0.01	0.2	0.334965	95.9073	0
0.430148	0.01	0.2	0.358922	141.782	0
0.430148	0.01	0.2	0.384592	212.435	0
0.430148	0.01	0.2	0.412098	314.809	0
0.430148	0.01	0.2	0.44157	456.999	0
0.430148	0.01	0.2	0.473151	648.188	0
0.430148	0.01	0.2	0.506991	898.455	0
0.430148	0.01	0.2	0.54325	1218.42	0
0.430148	0.01	0.2	0.582103	1618.72	0
0.430148	0.01	0.2	0.623735	2109.23	0
0.430148	0.01	0.2	0.668344	2698.2	0
0.430148	0.01	0.2	0.716143	3391.22	0
0.430148	0.01	0.2	0.767361	4190.19	0
0.430148	0.01	0.2	0.822243	5092.44	0
0.430148	0.01	0.2	0.881049	6090.14	0
0.430148	0.01	0.2	0.944061	7169.97	0
0.430148	0.01	0.2	1.01158	8313.05	0
0.430148	0.01	0.2	1.08393	9494.96	0
0.430148	0.01	0.2	1.16145	10685.6	0
0.430148	0.01	0.2	1.24451	11848.9	0
0.430148	0.01	0.2	1.33352	12943.1	0
0.430148	0.01	0.2	1.42889	13922.9	0
0.430148	0.01	0.2	1.53109	14744.9	0
0.430148	0.01	0.2	1.64059	15377.3	0
0.430148	0.01	0.2	1.75792	15810.6	0
0.430148	0.01	0.2	1.88365	16065.5	0
0.430148	0.01	0.2	2.01837	16190.8	0
0.430148	0.01	0.2	2.16272	16252.2	0
0.430148	0.01	0.2	2.31739	16321.7	0
0.430148	0.01	0.2	2.48313	16478.3	0
0.430148	0.01	0.2	2.66073	16813.8	0
0.430148	0.01	0.2	2.85102	17418.6	0
0.430148	0.01	0.2	3.05492	18326.3	0
0.430148	0.01	0.2	3.27341	19457.3	0
0.430148	0.01	0.2	3.50752	20642.7	0
0.430148	0.01	0.2	3.75837	21716.8	0
0.430148	0.01	0.2	4.02717	22570.2	0
0.430148	0.01	0.2	4.31519	23203.1	0
0.430148	0.01	0.2	4.62381	23795.2	0
0.430148	0.01	0.2	4.9545	24513.9	0
0.430148	0.01	0.2	5.30884	25294.8	0
0.430148	0.01	0.2	5.68853	25987	0
0.430148	0.01	0.2	6.09537	26572.3	0
0.430148	0.01	0.2	6.53131	27338.1	0
0.430148	0.01	0.2	6.99842	28380.4	0
0.430148	0.01	0.2	7.49894	29291.5	0
0.430148	0.01	0.2	8.03526	29625.6	0
0.430148	0.01	0.2	8.60994	29442.7	0
0.430148	0.01	0.2	9.22571	28641.6	0
0.430148	0.01	0.2	9.88553	27250	0
0.430148	0.01	0.2	10.5925	25757.6	0
0.430148	0.01	0.2	11.3501	23945.4	0
0.430148	0.01	0.2	12.1619	22148.3	0
0.430148	0.01	0.2	13.0317	20951.3	0
0.430148	0.01	0.2	13.9637	20763.9	0
0.430148	0.01	0.2	14.9624	21056.9	0
0.430148	0.01	0.2	16.0325	21334.7	0
0.430148	0.01	0.2	17.1791	21632.9	0
0.430148	0.01	0.2	18.4077	21912.4	0
0.430148	0.01	0.2	19.7242	21878.2	0
0.430148	0.01	0.2	21.1349	21637.3	0
0.430148	0.01	0.2	22.6464	20808.8	0
0.430148	0.01	0.2	24.2661	19798.1	0
0.430148	0.01	0.2	26.0016	19064.9	0
0.430148	0.01	0.2	27.8612	18849.9	0
0.430148	0.01	0.2	29.8538	19034.7	0
0.430148	0.01	0.2	31.989	19492.4	0
0.430148	0.01	0.2	34.2768	20142.5	0
0.430148	0.01	0.2	36.7282	20922.3	0
0.430148	0.01	0.2	39.355	21401.4	0
0.430148	0.01	0.2	42.1697	21406.3	0
0.430148	0.01	0.2	45.1856	21078.9	0
0.430148	0.01	0.2	48.4172	20772	0
0.430148	0.01	0.2	51.88	20543.3	0
0.430148	0.01	0.2	55.5904	20233.6	0
0.430148	0.01	0.2	59.5662	19807.2	0
0.430148	0.01	0.2	63.8263	19639.1	0
0.430148	0.01	0.2	68.3912	19684.7	0
0.430148	0.01	0.2	73.2825	19664.6	0
0.430148	0.01	0.2	78.5236	19428	0
0.430148	0.01	0.2	84.1395	19515.5	0
0.430148	0.01	0.2	90.1571	19702.7	0
0.430148	0.01	0.2	96.6051	19686	0
0.469968	0.01	0.2	0.103514	220.775	0
0.469968	0.01	0.2	0.110917	211.442	0
0.469968	0.01	0.2	0.11885	201.089	0
0.469968	0.01	0.2	0.12735	189.675	0
0.469968	0.01	0.2	0.136458	177.186	0
0.469968	0.01	0.2	0.146218	163.649	0
0.469968	0.01	0.2	0.156675	149.148	0
0.469968	0.01	0.2	0.16788	133.85	0
0.469968	0.01	0.2	0.179887	118.034	0
0.469968	0.01	0.2	0.192752	102.127	0
0.469968	0.01	0.2	0.206538	86.7601	0
0.469968	0.01	0.2	0.221309	72.8239	0
0.469968	0.01	0.2	0.237137	61.5484	0
0.469968	0.01	0.2	0.254097	54.5936	0
0.469968	0.01	0.2	0.27227	54.1593	0
0.469968	0.01	0.2	0.291743	63.1102	0
0.469968	0.01	0.2	0.312608	85.1166	0
0.469968	0.01	0.2	0.334965	124.803	0
0.469968	0.01	0.2	0.358922	187.897	0
0.469968	0.01	0.2	0.384592	281.362	0
0.469968	0.01	0.2	0.412098	413.486	0
0.469968	0.01	0.2	0.44157	593.91	0
0.469968	0.01	0.2	0.473151	833.54	0
0.469968	0.01	0.2	0.506991	1144.31	0
0.469968	0.01	0.2	0.54325	1538.77	0
0.469968	0.01	0.2	0.582103	2029.39	0
0.469968	0.01	0.2	0.623735	2627.72	0
0.469968	0.01	0.2	0.668344	3343.28	0
0.469968	0.01	0.2	0.716143	4182.35	0
0.469968	0.01	0.2	0.767361	5146.75	0
0.469968	0.01	0.2	0.822243	6232.8	0
0.469968	0.01	0.2	0.881049	7430.63	0
0.469968	0.01	0.2	0.944061	8723.78	0
0.469968	0.01	0.2	1.01158	10089.2	0
0.469968	0.01	0.2	1.08393	11497.3	0
0.469968	0.01	0.2	1.16145	12911.6	0
0.469968	0.01	0.2	1.24451	14289	0
0.469968	0.01	0.2	1.33352	15579.5	0
0.469968	0.01	0.2	1.42889	16729.3	0
0.469968	0.01	0.2	1.53109	17687.5	0
0.469968	0.01	0.2	1.64059	18417	0
0.469968	0.01	0.2	1.75792	18908.5	0
0.469968	0.01	0.2	1.88365	19188.9	0
0.469968	0.01	0.2	2.01837	19318.6	0
0.469968	0.01	0.2	2.16272	19378.8	0
0.469968	0.01	0.2	2.31739	19458.5	0
0.469968	0.01	0.2	2.48313	19654.4	0
0.469968	0.01	0.2	2.66073	20078.5	0
0.469968	0.01	0.2	2.85102	20840.7	0
0.469968	0.01	0.2	3.05492	21981.5	0
0.469968	0.01	0.2	3.27341	23404.1	0
0.469968	0.01	0.2	3.50752	24901.4	0
0.469968	0.01	0.2	3.75837	26267.3	0
0.469968	0.01	0.2	4.02717	27361.5	0
0.469968	0.01	0.2	4.31519	28176.1	0
0.469968	0.01	0.2	4.62381	28920.5	0
0.469968	0.01	0.2	4.9545	29791.3	0
0.469968	0.01	0.2	5.30884	30710.4	0
0.469968	0.01	0.2	5.68853	31501.7	0
0.469968	0.01	0.2	6.09537	32154.9	0
0.469968	0.01	0.2	6.53131	33030.4	0
0.469968	0.01	0.2	6.99842	34258.2	0
0.469968	0.01	0.2	7.49894	35360.9	0
0.469968	0.01	0.2	8.03526	35808.5	0
0.469968	0.01	0.2	8.60994	35662.4	0
0.469968	0.01	0.2	9.22571	34771.9	0
0.469968	0.01	0.2	9.88553	33132.5	0
0.469968	0.01	0.2	10.5925	31310.2	0
0.469968	0.01	0.2	11.3501	29050.7	0
0.469968	0.01	0.2	12.1619	26792.1	0
0.469968	0.01	0.2	13.0317	25278.1	0
0.469968	0.01	0.2	13.9637	25018.2	0
0.469968	0.01	0.2	14.9624	25364.8	0
0.469968	0.01	0.2	16.0325	25695.3	0
0.469968	0.01	0.2	17.1791	26034.1	0
0.469968	0.01	0.2	18.4077	26340.1	0
0.469968	0.01	0.2	19.7242	26284.4	0
0.469968	0.01	0.2	21.1349	26004.6	0
0.469968	0.01	0.2	22.6464	25043.3	0
0.469968	0.01	0.2	24.2661	23877.6	0
0.469968	0.01	0.2	26.0016	23052.9	0
0.469968	0.01	0.2	27.8612	22836.6	0
0.469968	0.01	0.2	29.8538	23060.2	0
0.469968	0.01	0.2	31.989	23565	0
0.469968	0.01	0.2	34.2768	24266.6	0
0.469968	0.01	0.2	36.7282	25112.1	0
0.469968	0.01	0.2	39.355	25613.2	0
0.469968	0.01	0.2	42.1697	25601.8	0
0.469968	0.01	0.2	45.1856	25240.8	0
0.469968	0.01	0.2	48.4172	24889.9	0
0.469968	0.01	0.2	51.88	24614.5	0
0.469968	0.01	0.2	55.5904	24278	0
0.469968	0.01	0.2	59.5662	23845.7	0
0.469968	0.01	0.2	63.8263	23700.1	0
0.469968	0.01	0.2	68.3912	23754.6	0
0.469968	0.01	0.2	73.2825	23709.3	0
0.469968	0.01	0.2	78.5236	23427.2	0
0.469968	0.01	0.2	84.1395	23542.6	0
0.469968	0.01	0.2	90.1571	23768.4	0
0.469968	0.01	0.2	96.6051	23744.1	0
0.513475	0.01	0.2	0.103514	214.965	0
0.513475	0.01	0.2	0.110917	204.978	0
0.513475	0.01	0.2	0.11885	193.937	0
0.513475	0.01	0.2	0.12735	181.817	0
0.513475	0.01	0.2	0.136458	168.626	0
0.513475	0.01	0.2	0.146218	154.425	0
0.513475	0.01	0.2	0.156675	139.345	0
0.513475	0.01	0.2	0.16788	123.621	0
0.513475	0.01	0.2	0.179887	107.623	0
0.513475	0.01	0.2	0.192752	91.9031	0
0.513475	0.01	0.2	0.206538	77.2591	0
0.513475	0.01	0.2	0.221309	64.8027	0
0.513475	0.01	0.2	0.237137	56.0526	0
0.513475	0.01	0.2	0.254097	53.0429	0
0.513475	0.01	0.2	0.27227	58.4517	0
0.513475	0.01	0.2	0.291743	75.7501	0
0.513475	0.01	0.2	0.312608	109.366	0
0.513475	0.01	0.2	0.334965	164.861	0
0.513475	0.01	0.2	0.358922	249.1	0
0.513475	0.01	0.2	0.384592	370.406	0
0.513475	0.01	0.2	0.412098	538.663	0
0.513475	0.01	0.2	0.44157	765.338	0
0.513475	0.01	0.2	0.473151	1063.37	0
0.513475	0.01	0.2	0.506991	1446.88	0
0.513475	0.01	0.2	0.54325	1930.64	0
0.513475	0.01	0.2	0.582103	2529.32	0
0.513475	0.01	0.2	0.623735	3256.38	0
0.513475	0.01	0.2	0.668344	4122.78	0
0.513475	0.01	0.2	0.716143	5135.54	0
0.513475	0.01	0.2	0.767361	6296.3	0
0.513475	0.01	0.2	0.822243	7600.09	0
0.513475	0.01	0.2	0.881049	9034.48	0
0.513475	0.01	0.2	0.944061	10579.2	0
0.513475	0.01	0.2	1.01158	12206.1	0
0.513475	0.01	0.2	1.08393	13879.3	0
0.513475	0.01	0.2	1.16145	15554.9	0
0.513475	0.01	0.2	1.24451	17181.1	0
0.513475	0.01	0.2	1.33352	18698.3	0
0.513475	0.01	0.2	1.42889	20042.8	0
0.513475	0.01	0.2	1.53109	21154.6	0
0.513475	0.01	0.2	1.64059	21991.4	0
0.513475	0.01	0.2	1.75792	22544	0
0.513475	0.01	0.2	1.88365	22847.2	0
0.513475	0.01	0.2	2.01837	22976.4	0
0.513475	0.01	0.2	2.16272	23031.8	0
0.513475	0.01	0.2	2.31739	23123.1	0
0.513475	0.01	0.2	2.48313	23369	0
0.513475	0.01	0.2	2.66073	23906.6	0
0.513475	0.01	0.2	2.85102	24868.9	0
0.513475	0.01	0.2	3.05492	26305.5	0
0.513475	0.01	0.2	3.27341	28098.6	0
0.513475	0.01	0.2	3.50752	29994.1	0
0.513475	0.01	0.2	3.75837	31735	0
0.513475	0.01	0.2	4.02717	33141.4	0
0.513475	0.01	0.2	4.31519	34191.8	0
0.513475	0.01	0.2	4.62381	35128.4	0
0.513475	0.01	0.2	4.9545	36181.2	0
0.513475	0.01	0.2	5.30884	37254.9	0
0.513475	0.01	0.2	5.68853	38145.6	0
0.513475	0.01	0.2	6.09537	38857.5	0
0.513475	0.01	0.2	6.53131	39844.9	0
0.513475	0.01	0.2	6.99842	41285.4	0
0.513475	0.01	0.2	7.49894	42623.9	0
0.513475	0.01	0.2	8.03526	43230.4	0
0.513475	0.01	0.2	8.60994	43162.2	0
0.513475	0.01	0.2	9.22571	42196.4	0
0.513475	0.01	0.2	9.88553	40274.6	0
0.513475	0.01	0.2	10.5925	38046.7	0
0.513475	0.01	0.2	11.3501	35220.4	0
0.513475	0.01	0.2	12.1619	32371.5	0
0.513475	0.01	0.2	13.0317	30449.2	0
0.513475	0.01	0.2	13.9637	30089	0
0.513475	0.01	0.2	14.9624	30498.4	0
0.513475	0.01	0.2	16.0325	30893.5	0
0.513475	0.01	0.2	17.1791	31277.8	0
0.513475	0.01	0.2	18.4077	31608.3	0
0.513475	0.01	0.2	19.7242	31521.1	0
0.513475	0.01	0.2	21.1349	31192.7	0
0.513475	0.01	0.2	22.6464	30077.3	0
0.513475	0.01	0.2	24.2661	28738.1	0
0.513475	0.01	0.2	26.0016	27822.9	0
0.513475	0.01	0.2	27.8612	27621.4	0
0.513475	0.01	0.2	29.8538	27893.1	0
0.513475	0.01	0.2	31.989	28438.8	0
0.513475	0.01	0.2	34.2768	29175	0
0.513475	0.01	0.2	36.7282	30070.6	0
0.513475	0.01	0.2	39.355	30576.7	0
0.513475	0.01	0.2	42.1697	30542.1	0
0.513475	0.01	0.2	45.1856	30151.5	0
0.513475	0.01	0.2	48.4172	29754.4	0
0.513475	0.01	0.2	51.88	29423.3	0
0.513475	0.01	0.2	55.5904	29061.5	0
0.513475	0.01	0.2	59.5662	28639.5	0
0.513475	0.01	0.2	63.8263	28535.5	0
0.513475	0.01	0.2	68.3912	28604.1	0
0.513475	0.01	0.2	73.2825	28525.4	0
0.513475	0.01	0.2	78.5236	28188.1	0
0.513475	0.01	0.2	84.1395	28336.7	0
0.513475	0.01	0.2	90.1571	28606.8	0
0.513475	0.01	0.2	96.6051	28571	0
0.56101	0.01	0.2	0.103514	208.752	0
0.56101	0.01	0.2	0.110917	198.088	0
0.56101	0.01	0.2	0.11885	186.345	0
0.56101	0.01	0.2	0.12735	173.517	0
0.56101	0.01	0.2	0.136458	159.642	0
0.56101	0.01	0.2	0.146218	144.821	0
0.56101	0.01	0.2	0.156675	129.248	0
0.56101	0.01	0.2	0.16788	113.236	0
0.56101	0.01	0.2	0.179887	97.2699	0
0.56101	0.01	0.2	0.192752	82.0538	0
0.56101	0.01	0.2	0.206538	68.5863	0
0.56101	0.01	0.2	0.221309	58.2454	0
0.56101	0.01	0.2	0.237137	52.8966	0
0.56101	0.01	0.2	0.254097	55.0216	0
0.56101	0.01	0.2	0.27227	67.8708	0
0.56101	0.01	0.2	0.291743	95.6379	0
0.56101	0.01	0.2	0.312608	143.654	0
0.56101	0.01	0.2	0.334965	218.59	0
0.56101	0.01	0.2	0.358922	328.664	0
0.56101	0.01	0.2	0.384592	483.809	0
0.56101	0.01	0.2	0.412098	695.794	0
0.56101	0.01	0.2	0.44157	978.242	0
0.56101	0.01	0.2	0.473151	1346.48	0
0.56101	0.01	0.2	0.506991	1817.21	0
0.56101	0.01	0.2	0.54325	2407.82	0
0.56101	0.01	0.2	0.582103	3135.5	0
0.56101	0.01	0.2	0.623735	4015.92	0
0.56101	0.01	0.2	0.668344	5061.68	0
0.56101	0.01	0.2	0.716143	6280.61	0
0.56101	0.01	0.2	0.767361	7674	0
0.56101	0.01	0.2	0.822243	9235.21	0
0.56101	0.01	0.2	0.881049	10948.7	0
0.56101	0.01	0.2	0.944061	12789.4	0
0.56101	0.01	0.2	1.01158	14723.2	0
0.56101	0.01	0.2	1.08393	16706.4	0
0.56101	0.01	0.2	1.16145	18686.3	0
0.56101	0.01	0.2	1.24451	20600.6	0
0.56101	0.01	0.2	1.33352	22378.6	0
0.56101	0.01	0.2	1.42889	23944.7	0
0.56101	0.01	0.2	1.53109	25228.9	0
0.56101	0.01	0.2	1.64059	26182.5	0
0.56101	0.01	0.2	1.75792	26797.5	0
0.56101	0.01	0.2	1.88365	27118.8	0
0.56101	0.01	0.2	2.01837	27240.2	0
0.56101	0.01	0.2	2.16272	27285.6	0
0.56101	0.01	0.2	2.31739	27390.2	0
0.56101	0.01	0.2	2.48313	27700.3	0
0.56101	0.01	0.2	2.66073	28383.2	0
0.56101	0.01	0.2	2.85102	29600.9	0
0.56101	0.01	0.2	3.05492	31414	0
0.56101	0.01	0.2	3.27341	33679.4	0
0.56101	0.01	0.2	3.50752	36085.2	0
0.56101	0.01	0.2	3.75837	38310.5	0
0.56101	0.01	0.2	4.02717	40123.2	0
0.56101	0.01	0.2	4.31519	41481.2	0
0.56101	0.01	0.2	4.62381	42661.7	0
0.56101	0.01	0.2	4.9545	43931.8	0
0.56101	0.01	0.2	5.30884	45175.1	0
0.56101	0.01	0.2	5.68853	46157.4	0
0.56101	0.01	0.2	6.09537	46907.3	0
0.56101	0.01	0.2	6.53131	48000.7	0
0.56101	0.01	0.2	6.99842	49682.1	0
0.56101	0.01	0.2	7.49894	51311.8	0
0.56101	0.01	0.2	8.03526	52141.4	0
0.56101	0.01	0.2	8.60994	52214.6	0
0.56101	0.01	0.2	9.22571	51203.3	0
0.56101	0.01	0.2	9.88553	48964.1	0
0.56101	0.01	0.2	10.5925	46236	0
0.56101	0.01	0.2	11.3501	42687.8	0
0.56101	0.01	0.2	12.1619	39079.2	0
0.56101	0.01	0.2	13.0317	36627.1	0
0.56101	0.01	0.2	13.9637	36128	0
0.56101	0.01	0.2	14.9624	36611.1	0
0.56101	0.01	0.2	16.0325	37086.8	0
0.56101	0.01	0.2	17.1791	37523.2	0
0.56101	0.01	0.2	18.4077	37874.5	0
0.56101	0.01	0.2	19.7242	37741.7	0
0.56101	0.01	0.2	21.1349	37351.1	0
0.56101	0.01	0.2	22.6464	36055.2	0
0.56101	0.01	0.2	24.2661	34523.2	0
0.56101	0.01	0.2	26.0016	33524.6	0
0.56101	0.01	0.2	27.8612	33363.9	0
0.56101	0.01	0.2	29.8538	33696.4	0
0.56101	0.01	0.2	31.989	34270.1	0
0.56101	0.01	0.2	34.2768	35011.6	0
0.56101	0.01	0.2	36.7282	35929.3	0
0.56101	0.01	0.2	39.355	36414.3	0
0.56101	0.01	0.2	42.1697	36347.9	0
0.56101	0.01	0.2	45.1856	35935.7	0
0.56101	0.01	0.2	48.4172	35492.2	0
0.56101	0.01	0.2	51.88	35094.5	0
0.56101	0.01	0.2	55.5904	34709.6	0
0.56101	0.01	0.2	59.5662	34320.3	0
0.56101	0.01	0.2	63.8263	34284.1	0
0.56101	0.01	0.2	68.3912	34375.7	0
0.56101	0.01	0.2	73.2825	34253.8	0
0.56101	0.01	0.2	78.5236	33848.8	0
0.56101	0.01	0.2	84.1395	34035.7	0
0.56101	0.01	0.2	90.1571	34355.6	0
0.56101	0.01	0.2	96.6051	34302.4	0
0.612945	0.01	0.2	0.103514	202.125	0
0.612945	0.01	0.2	0.110917	190.766	0
0.612945	0.01	0.2	0.11885	178.313	0
0.612945	0.01	0.2	0.12735	164.786	0
0.612945	0.01	0.2	0.136458	150.259	0
0.612945	0.01	0.2	0.146218	134.887	0
0.612945	0.01	0.2	0.156675	118.935	0
0.612945	0.01	0.2	0.16788	102.82	0
0.612945	0.01	0.2	0.179887	87.1598	0
0.612945	0.01	0.2	0.192752	72.8449	0
0.612945	0.01	0.2	0.206538	61.1162	0
0.612945	0.01	0.2	0.221309	53.6715	0
0.612945	0.01	0.2	0.237137	52.7917	0
0.612945	0.01	0.2	0.254097	61.4939	0
0.612945	0.01	0.2	0.27227	83.7105	0
0.612945	0.01	0.2	0.291743	124.496	0
0.612945	0.01	0.2	0.312608	190.253	0
0.612945	0.01	0.2	0.334965	288.974	0
0.612945	0.01	0.2	0.358922	430.473	0
0.612945	0.01	0.2	0.384592	626.591	0
0.612945	0.01	0.2	0.412098	891.325	0
0.612945	0.01	0.2	0.44157	1240.83	0
0.612945	0.01	0.2	0.473151	1693.27	0
0.612945	0.01	0.2	0.506991	2268.32	0
0.612945	0.01	0.2	0.54325	2986.46	0
0.612945	0.01	0.2	0.582103	3867.81	0
0.612945	0.01	0.2	0.623735	4930.59	0
0.612945	0.01	0.2	0.668344	6189.25	0
0.612945	0.01	0.2	0.716143	7652.41	0
0.612945	0.01	0.2	0.767361	9320.86	0
0.612945	0.01	0.2	0.822243	11185.8	0
0.612945	0.01	0.2	0.881049	13227.8	0
0.612945	0.01	0.2	0.944061	15416.2	0
0.612945	0.01	0.2	1.01158	17709.1	0
0.612945	0.01	0.2	1.08393	20054	0
0.612945	0.01	0.2	1.16145	22387.2	0
0.612945	0.01	0.2	1.24451	24634.2	0
0.612945	0.01	0.2	1.33352	26710.9	0
0.612945	0.01	0.2	1.42889	28528	0
0.612945	0.01	0.2	1.53109	30003.8	0
0.612945	0.01	0.2	1.64059	31082.8	0
0.612945	0.01	0.2	1.75792	31759.2	0
0.612945	0.01	0.2	1.88365	32090.8	0
0.612945	0.01	0.2	2.01837	32194.1	0
0.612945	0.01	0.2	2.16272	32222.4	0
0.612945	0.01	0.2	2.31739	32342.7	0
0.612945	0.01	0.2	2.48313	32735.4	0
0.612945	0.01	0.2	2.66073	33605.2	0
0.612945	0.01	0.2	2.85102	35149.7	0
0.612945	0.01	0.2	3.05492	37443.5	0
0.612945	0.01	0.2	3.27341	40313.3	0
0.612945	0.01	0.2	3.50752	43375.8	0
0.612945	0.01	0.2	3.75837	46229.3	0
0.612945	0.01	0.2	4.02717	48573.5	0
0.612945	0.01	0.2	4.31519	50335	0
0.612945	0.01	0.2	4.62381	51826.9	0
0.612945	0.01	0.2	4.9545	53356.2	0
0.612945	0.01	0.2	5.30884	54780.5	0
0.612945	0.01	0.2	5.68853	55833.2	0
0.612945	0.01	0.2	6.09537	56582.2	0
0.612945	0.01	0.2	6.53131	57762.1	0
0.612945	0.01	0.2	6.99842	59712.2	0
0.612945	0.01	0.2	7.49894	61702.7	0
0.612945	0.01	0.2	8.03526	62846.5	0
0.612945	0.01	0.2	8.60994	63157.1	0
0.612945	0.01	0.2	9.22571	62154.8	0
0.612945	0.01	0.2	9.88553	59565	0
0.612945	0.01	0.2	10.5925	56217.9	0
0.612945	0.01	0.2	11.3501	51744.5	0
0.612945	0.01	0.2	12.1619	47152.1	0
0.612945	0.01	0.2	13.0317	44008.1	0
0.612945	0.01	0.2	13.9637	43315.8	0
0.612945	0.01	0.2	14.9624	43885.5	0
0.612945	0.01	0.2	16.0325	44464.1	0
0.612945	0.01	0.2	17.1791	44962.3	0
0.612945	0.01	0.2	18.4077	45328.4	0
0.612945	0.01	0.2	19.7242	45130.8	0
0.612945	0.01	0.2	21.1349	44657.6	0
0.612945	0.01	0.2	22.6464	43148.1	0
0.612945	0.01	0.2	24.2661	41403	0
0.612945	0.01	0.2	26.0016	40338.2	0
0.612945	0.01	0.2	27.8612	40257.9	0
0.612945	0.01	0.2	29.8538	40668.7	0
0.612945	0.01	0.2	31.989	41248.4	0
0.612945	0.01	0.2	34.2768	41947.8	0
0.612945	0.01	0.2	36.7282	42842.4	0
0.612945	0.01	0.2	39.355	43267.6	0
0.612945	0.01	0.2	42.1697	43158.8	0
0.612945	0.01	0.2	45.1856	42738.9	0
0.612945	0.01	0.2	48.4172	42251.4	0
0.612945	0.01	0.2	51.88	41774	0
0.612945	0.01	0.2	55.5904	41368.3	0
0.612945	0.01	0.2	59.5662	41041.3	0
0.612945	0.01	0.2	63.8263	41108.7	0
0.612945	0.01	0.2	68.3912	41237.9	0
0.612945	0.01	0.2	73.2825	41062.1	0
0.612945	0.01	0.2	78.5236	40572.5	0
0.612945	0.01	0.2	84.1395	40801.2	0
0.612945	0.01	0.2	90.1571	41175.4	0
0.612945	0.01	0.2	96.6051	41096.3	0
0.669688	0.01	0.2	0.103514	195.073	0
0.669688	0.01	0.2	0.110917	183.006	0
0.669688	0.01	0.2	0.11885	169.846	0
0.669688	0.01	0.2	0.12735	155.643	0
0.669688	0.01	0.2	0.136458	140.517	0
0.669688	0.01	0.2	0.146218	124.689	0
0.669688	0.01	0.2	0.156675	108.513	0
0.669688	0.01	0.2	0.16788	92.5297	0
0.669688	0.01	0.2	0.179887	77.5232	0
0.669688	0.01	0.2	0.192752	64.6043	0
0.669688	0.01	0.2	0.206538	55.3068	0
0.669688	0.01	0.2	0.221309	51.7117	0
0.669688	0.01	0.2	0.237137	56.5967	0
0.669688	0.01	0.2	0.254097	73.6173	0
0.669688	0.01	0.2	0.27227	107.518	0
0.669688	0.01	0.2	0.291743	164.377	0
0.669688	0.01	0.2	0.312608	251.868	0
0.669688	0.01	0.2	0.334965	379.547	0
0.669688	0.01	0.2	0.358922	559.122	0
0.669688	0.01	0.2	0.384592	804.683	0
0.669688	0.01	0.2	0.412098	1132.85	0
0.669688	0.01	0.2	0.44157	1562.78	0
0.669688	0.01	0.2	0.473151	2115.92	0
0.669688	0.01	0.2	0.506991	2815.49	0
0.669688	0.01	0.2	0.54325	3685.55	0
0.669688	0.01	0.2	0.582103	4749.6	0
0.669688	0.01	0.2	0.623735	6028.78	0
0.669688	0.01	0.2	0.668344	7539.62	0
0.669688	0.01	0.2	0.716143	9291.58	0
0.669688	0.01	0.2	0.767361	11284.7	0
0.669688	0.01	0.2	0.822243	13507.3	0
0.669688	0.01	0.2	0.881049	15935.3	0
0.669688	0.01	0.2	0.944061	18531	0
0.669688	0.01	0.2	1.01158	21243.5	0
0.669688	0.01	0.2	1.08393	24009	0
0.669688	0.01	0.2	1.16145	26751.3	0
0.669688	0.01	0.2	1.24451	29381.1	0
0.669688	0.01	0.2	1.33352	31798.3	0
0.669688	0.01	0.2	1.42889	33898.1	0
0.669688	0.01	0.2	1.53109	35584.9	0
0.669688	0.01	0.2	1.64059	36796.4	0
0.669688	0.01	0.2	1.75792	37529.9	0
0.669688	0.01	0.2	1.88365	37859.7	0
0.669688	0.01	0.2	2.01837	37931	0
0.669688	0.01	0.2	2.16272	37932.8	0
0.669688	0.01	0.2	2.31739	38072.1	0
0.669688	0.01	0.2	2.48313	38571.6	0
0.669688	0.01	0.2	2.66073	39682.5	0
0.669688	0.01	0.2	2.85102	41646.6	0
0.669688	0.01	0.2	3.05492	44556.4	0
0.669688	0.01	0.2	3.27341	48202.4	0
0.669688	0.01	0.2	3.50752	52113.4	0
0.669688	0.01	0.2	3.75837	55785.3	0
0.669688	0.01	0.2	4.02717	58828.4	0
0.669688	0.01	0.2	4.31519	61122.2	0
0.669688	0.01	0.2	4.62381	63014.1	0
0.669688	0.01	0.2	4.9545	64852.7	0
0.669688	0.01	0.2	5.30884	66462.1	0
0.669688	0.01	0.2	5.68853	67543.2	0
0.669688	0.01	0.2	6.09537	68224.3	0
0.669688	0.01	0.2	6.53131	69449.9	0
0.669688	0.01	0.2	6.99842	71692.9	0
0.669688	0.01	0.2	7.49894	74133	0
0.669688	0.01	0.2	8.03526	75719.3	0
0.669688	0.01	0.2	8.60994	76411	0
0.669688	0.01	0.2	9.22571	75509.2	0
0.669688	0.01	0.2	9.88553	72541.2	0
0.669688	0.01	0.2	10.5925	68425.3	0
0.669688	0.01	0.2	11.3501	62759.3	0
0.669688	0.01	0.2	12.1619	56884.6	0
0.669688	0.01	0.2	13.0317	52830.7	0
0.669688	0.01	0.2	13.9637	51868.9	0
0.669688	0.01	0.2	14.9624	52540.7	0
0.669688	0.01	0.2	16.0325	53253.5	0
0.669688	0.01	0.2	17.1791	53827.8	0
0.669688	0.01	0.2	18.4077	54201.1	0
0.669688	0.01	0.2	19.7242	53911.8	0
0.669688	0.01	0.2	21.1349	53326	0
0.669688	0.01	0.2	22.6464	51559.4	0
0.669688	0.01	0.2	24.2661	49580.1	0
0.669688	0.01	0.2	26.0016	48480.8	0
0.669688	0.01	0.2	27.8612	48541.2	0
0.669688	0.01	0.2	29.8538	49054.8	0
0.669688	0.01	0.2	31.989	49604.8	0
0.669688	0.01	0.2	34.2768	50188.8	0
0.669688	0.01	0.2	36.7282	50990.6	0
0.669688	0.01	0.2	39.355	51300.3	0
0.669688	0.01	0.2	42.1697	51136.3	0
0.669688	0.01	0.2	45.1856	50731	0
0.669688	0.01	0.2	48.4172	50206.2	0
0.669688	0.01	0.2	51.88	49633.7	0
0.669688	0.01	0.2	55.5904	49208.7	0
0.669688	0.01	0.2	59.5662	48981.2	0
0.669688	0.01	0.2	63.8263	49200.3	0
0.669688	0.01	0.2	68.3912	49390.2	0
0.669688	0.01	0.2	73.2825	49149.5	0
0.669688	0.01	0.2	78.5236	48552.8	0
0.669688	0.01	0.2	84.1395	48823.5	0
0.669688	0.01	0.2	90.1571	49253.9	0
0.669688	0.01	0.2	96.6051	49136.4	0
