0.000104526	0.000104526	0.2	6	291.457	0
0.000104526	0.000114203	0.2	6	291.455	0
0.000104526	0.000124775	0.2	6	291.453	0
0.000104526	0.000136326	0.2	6	291.451	0
0.000104526	0.000148946	0.2	6	291.448	0
0.000104526	0.000162735	0.2	6	291.446	0
0.000104526	0.0001778	0.2	6	291.443	0
0.000104526	0.00019426	0.2	6	291.44	0
0.000104526	0.000212243	0.2	6	291.437	0
0.000104526	0.000231891	0.2	6	291.433	0
0.000104526	0.000253358	0.2	6	291.429	0
0.000104526	0.000276813	0.2	6	291.425	0
0.000104526	0.000302439	0.2	6	291.421	0
0.000104526	0.000330437	0.2	6	291.416	0
0.000104526	0.000361027	0.2	6	291.411	0
0.000104526	0.000394448	0.2	6	291.406	0
0.000104526	0.000430964	0.2	6	291.4	0
0.000104526	0.00047086	0.2	6	291.394	0
0.000104526	0.00051445	0.2	6	291.388	0
0.000104526	0.000562075	0.2	6	291.381	0
0.000104526	0.000614108	0.2	6	291.374	0
0.000104526	0.000670959	0.2	6	291.367	0
0.000104526	0.000733073	0.2	6	291.359	0
0.000104526	0.000800936	0.2	6	291.352	0
0.000104526	0.000875083	0.2	6	291.344	0
0.000104526	0.000956093	0.2	6	291.337	0
0.000104526	0.0010446	0.2	6	291.33	0
0.000104526	0.00114131	0.2	6	291.323	0
0.000104526	0.00124696	0.2	6	291.317	0
0.000104526	0.0013624	0.2	6	291.312	0
0.000104526	0.00148852	0.2	6	291.309	0
0.000104526	0.00162632	0.2	6	291.307	0
0.000104526	0.00177687	0.2	6	291.308	0
0.000104526	0.00194137	0.2	6	291.313	0
0.000104526	0.00212109	0.2	6	291.321	0
0.000104526	0.00231745	0.2	6	291.336	0
0.000104526	0.00253198	0.2	6	291.357	0
0.000104526	0.00276638	0.2	6	291.386	0
0.000104526	0.00302248	0.2	6	291.426	0
0.000104526	0.00330228	0.2	6	291.48	0
0.000104526	0.00360798	0.2	6	291.549	0
0.000104526	0.00394199	0.2	6	291.638	0
0.000104526	0.00430692	0.2	6	291.751	0
0.000104526	0.00470563	0.2	6	291.894	0
0.000104526	0.00514125	0.2	6	292.072	0
0.000104526	0.0056172	0.2	6	292.293	0
0.000104526	0.0061372	0.2	6	292.567	0
0.000104526	0.00670535	0.2	6	292.904	0
0.000104526	0.0073261	0.2	6	293.317	0
0.000104526	0.0080043	0.2	6	293.823	0
0.000104526	0.0087453	0.2	6	294.438	0
0.000104526	0.00955489	0.2	6	295.187	0
0.000104526	0.0104394	0.2	6	296.094	0
0.000104526	0.0114058	0.2	6	297.193	0
0.000104526	0.0124617	0.2	6	298.519	0
0.000104526	0.0136154	0.2	6	300.119	0
0.000104526	0.0148758	0.2	6	302.045	0
0.000104526	0.0162529	0.2	6	304.36	0
0.000104526	0.0177575	0.2	6	307.138	0
0.000104526	0.0194014	0.2	6	310.469	0
0.000104526	0.0211975	0.2	6	314.456	0
0.000104526	0.0231598	0.2	6	319.223	0
0.000104526	0.0253038	0.2	6	324.916	0
0.000104526	0.0276463	0.2	6	331.706	0
0.000104526	0.0302057	0.2	6	339.793	0
0.000104526	0.0330019	0.2	6	349.415	0
0.000104526	0.0360571	0.2	6	360.846	0
0.000104526	0.039395	0.2	6	374.411	0
0.000104526	0.043042	0.2	6	390.485	0
0.000104526	0.0470266	0.2	6	409.503	0
0.000104526	0.05138	0.2	6	431.97	0
0.000104526	0.0561365	0.2	6	458.468	0
0.000104526	0.0613333	0.2	6	489.665	0
0.000104526	0.0670111	0.2	6	526.321	0
0.000104526	0.0732147	0.2	6	569.302	0
0.000104526	0.0799925	0.2	6	619.581	0
0.000104526	0.0873977	0.2	6	678.248	0
0.000104526	0.0954885	0.2	6	746.507	0
0.000104526	0.104328	0.2	6	825.675	0
0.000104526	0.113986	0.2	6	917.169	0
0.000104526	0.124539	0.2	6	1022.48	0
0.000104526	0.136068	0.2	6	1143.16	0
0.000104526	0.148664	0.2	6	1280.71	0
0.000104526	0.162426	0.2	6	1436.56	0
0.000104526	0.177463	0.2	6	1611.92	0
0.000104526	0.193892	0.2	6	1807.62	0
0.000104526	0.211841	0.2	6	2023.91	0
0.000104526	0.231452	0.2	6	2260.2	0
0.000104526	0.252878	0.2	6	2514.67	0
0.000104526	0.276288	0.2	6	2783.88	0
0.000104526	0.301866	0.2	6	3062.23	0
0.000104526	0.329811	0.2	6	3341.39	0
0.000104526	0.360343	0.2	6	3609.63	0
0.000104526	0.393701	0.2	6	3851.18	0
0.000104526	0.430148	0.2	6	4045.73	0
0.000104526	0.469968	0.2	6	4168.16	0
0.000104526	0.513475	0.2	6	4189.04	0
0.000104526	0.56101	0.2	6	4076.17	0
0.000104526	0.612945	0.2	6	3798.26	0
0.000104526	0.669688	0.2	6	3331.91	0
0.000114203	0.000104526	0.2	6	291.441	0
0.000114203	0.000114203	0.2	6	291.439	0
0.000114203	0.000124775	0.2	6	291.437	0
0.000114203	0.000136326	0.2	6	291.435	0
0.000114203	0.000148946	0.2	6	291.432	0
0.000114203	0.000162735	0.2	6	291.43	0
0.000114203	0.0001778	0.2	6	291.427	0
0.000114203	0.00019426	0.2	6	291.423	0
0.000114203	0.000212243	0.2	6	291.42	0
0.000114203	0.000231891	0.2	6	291.416	0
0.000114203	0.000253358	0.2	6	291.412	0
0.000114203	0.000276813	0.2	6	291.408	0
0.000114203	0.000302439	0.2	6	291.403	0
0.000114203	0.000330437	0.2	6	291.398	0
0.000114203	0.000361027	0.2	6	291.392	0
0.000114203	0.000394448	0.2	6	291.387	0
0.000114203	0.000430964	0.2	6	291.38	0
0.000114203	0.00047086	0.2	6	291.374	0
0.000114203	0.00051445	0.2	6	291.367	0
0.000114203	0.000562075	0.2	6	291.36	0
0.000114203	0.000614108	0.2	6	291.352	0
0.000114203	0.000670959	0.2	6	291.344	0
0.000114203	0.000733073	0.2	6	291.336	0
0.000114203	0.000800936	0.2	6	291.327	0
0.000114203	0.000875083	0.2	6	291.319	0
0.000114203	0.000956093	0.2	6	291.31	0
0.000114203	0.0010446	0.2	6	291.302	0
0.000114203	0.00114131	0.2	6	291.294	0
0.000114203	0.00124696	0.2	6	291.287	0
0.000114203	0.0013624	0.2	6	291.28	0
0.000114203	0.00148852	0.2	6	291.275	0
0.000114203	0.00162632	0.2	6	291.272	0
0.000114203	0.00177687	0.2	6	291.271	0
0.000114203	0.00194137	0.2	6	291.273	0
0.000114203	0.00212109	0.2	6	291.28	0
0.000114203	0.00231745	0.2	6	291.291	0
0.000114203	0.00253198	0.2	6	291.31	0
0.000114203	0.00276638	0.2	6	291.336	0
0.000114203	0.00302248	0.2	6	291.373	0
0.000114203	0.00330228	0.2	6	291.423	0
0.000114203	0.00360798	0.2	6	291.488	0
0.000114203	0.00394199	0.2	6	291.573	0
0.000114203	0.00430692	0.2	6	291.681	0
0.000114203	0.00470563	0.2	6	291.819	0
0.000114203	0.00514125	0.2	6	291.991	0
0.000114203	0.0056172	0.2	6	292.206	0
0.000114203	0.0061372	0.2	6	292.473	0
0.000114203	0.00670535	0.2	6	292.803	0
0.000114203	0.0073261	0.2	6	293.208	0
0.000114203	0.0080043	0.2	6	293.705	0
0.000114203	0.0087453	0.2	6	294.311	0
0.000114203	0.00955489	0.2	6	295.048	0
0.000114203	0.0104394	0.2	6	295.944	0
0.000114203	0.0114058	0.2	6	297.03	0
0.000114203	0.0124617	0.2	6	298.343	0
0.000114203	0.0136154	0.2	6	299.928	0
0.000114203	0.0148758	0.2	6	301.837	0
0.000114203	0.0162529	0.2	6	304.133	0
0.000114203	0.0177575	0.2	6	306.892	0
0.000114203	0.0194014	0.2	6	310.201	0
0.000114203	0.0211975	0.2	6	314.164	0
0.000114203	0.0231598	0.2	6	318.906	0
0.000114203	0.0253038	0.2	6	324.57	0
0.000114203	0.0276463	0.2	6	331.328	0
0.000114203	0.0302057	0.2	6	339.381	0
0.000114203	0.0330019	0.2	6	348.964	0
0.000114203	0.0360571	0.2	6	360.355	0
0.000114203	0.039395	0.2	6	373.874	0
0.000114203	0.043042	0.2	6	389.898	0
0.000114203	0.0470266	0.2	6	408.861	0
0.000114203	0.05138	0.2	6	431.269	0
0.000114203	0.0561365	0.2	6	457.701	0
0.000114203	0.0613333	0.2	6	488.825	0
0.000114203	0.0670111	0.2	6	525.401	0
0.000114203	0.0732147	0.2	6	568.294	0
0.000114203	0.0799925	0.2	6	618.477	0
0.000114203	0.0873977	0.2	6	677.038	0
0.000114203	0.0954885	0.2	6	745.18	0
0.000114203	0.104328	0.2	6	824.219	0
0.000114203	0.113986	0.2	6	915.572	0
0.000114203	0.124539	0.2	6	1020.73	0
0.000114203	0.136068	0.2	6	1141.23	0
0.000114203	0.148664	0.2	6	1278.59	0
0.000114203	0.162426	0.2	6	1434.24	0
0.000114203	0.177463	0.2	6	1609.37	0
0.000114203	0.193892	0.2	6	1804.82	0
0.000114203	0.211841	0.2	6	2020.84	0
0.000114203	0.231452	0.2	6	2256.82	0
0.000114203	0.252878	0.2	6	2510.96	0
0.000114203	0.276288	0.2	6	2779.81	0
0.000114203	0.301866	0.2	6	3057.77	0
0.000114203	0.329811	0.2	6	3336.5	0
0.000114203	0.360343	0.2	6	3604.28	0
0.000114203	0.393701	0.2	6	3845.35	0
0.000114203	0.430148	0.2	6	4039.37	0
0.000114203	0.469968	0.2	6	4161.26	0
0.000114203	0.513475	0.2	6	4181.58	0
0.000114203	0.56101	0.2	6	4068.16	0
0.000114203	0.612945	0.2	6	3789.71	0
0.000114203	0.669688	0.2	6	3322.86	0
0.000124775	0.000104526	0.2	6	291.424	0
0.000124775	0.000114203	0.2	6	291.422	0
0.000124775	0.000124775	0.2	6	291.42	0
0.000124775	0.000136326	0.2	6	291.417	0
0.000124775	0.000148946	0.2	6	291.415	0
0.000124775	0.000162735	0.2	6	291.412	0
0.000124775	0.0001778	0.2	6	291.409	0
0.000124775	0.00019426	0.2	6	291.405	0
0.000124775	0.000212243	0.2	6	291.401	0
0.000124775	0.000231891	0.2	6	291.397	0
0.000124775	0.000253358	0.2	6	291.393	0
0.000124775	0.000276813	0.2	6	291.388	0
0.000124775	0.000302439	0.2	6	291.383	0
0.000124775	0.000330437	0.2	6	291.378	0
0.000124775	0.000361027	0.2	6	291.372	0
0.000124775	0.000394448	0.2	6	291.365	0
0.000124775	0.000430964	0.2	6	291.359	0
0.000124775	0.00047086	0.2	6	291.352	0
0.000124775	0.00051445	0.2	6	291.344	0
0.000124775	0.000562075	0.2	6	291.336	0
0.000124775	0.000614108	0.2	6	291.328	0
0.000124775	0.000670959	0.2	6	291.319	0
0.000124775	0.000733073	0.2	6	291.31	0
0.000124775	0.000800936	0.2	6	291.301	0
0.000124775	0.000875083	0.2	6	291.291	0
0.000124775	0.000956093	0.2	6	291.282	0
0.000124775	0.0010446	0.2	6	291.272	0
0.000124775	0.00114131	0.2	6	291.263	0
0.000124775	0.00124696	0.2	6	291.254	0
0.000124775	0.0013624	0.2	6	291.246	0
0.000124775	0.00148852	0.2	6	291.239	0
0.000124775	0.00162632	0.2	6	291.234	0
0.000124775	0.00177687	0.2	6	291.231	0
0.000124775	0.00194137	0.2	6	291.231	0
0.000124775	0.00212109	0.2	6	291.234	0
0.000124775	0.00231745	0.2	6	291.243	0
0.000124775	0.00253198	0.2	6	291.258	0
0.000124775	0.00276638	0.2	6	291.282	0
0.000124775	0.00302248	0.2	6	291.315	0
0.000124775	0.00330228	0.2	6	291.361	0
0.000124775	0.00360798	0.2	6	291.422	0
0.000124775	0.00394199	0.2	6	291.502	0
0.000124775	0.00430692	0.2	6	291.605	0
0.000124775	0.00470563	0.2	6	291.737	0
0.000124775	0.00514125	0.2	6	291.903	0
0.000124775	0.0056172	0.2	6	292.112	0
0.000124775	0.0061372	0.2	6	292.371	0
0.000124775	0.00670535	0.2	6	292.693	0
0.000124775	0.0073261	0.2	6	293.089	0
0.000124775	0.0080043	0.2	6	293.576	0
0.000124775	0.0087453	0.2	6	294.171	0
0.000124775	0.00955489	0.2	6	294.897	0
0.000124775	0.0104394	0.2	6	295.781	0
0.000124775	0.0114058	0.2	6	296.853	0
0.000124775	0.0124617	0.2	6	298.15	0
0.000124775	0.0136154	0.2	6	299.718	0
0.000124775	0.0148758	0.2	6	301.61	0
0.000124775	0.0162529	0.2	6	303.886	0
0.000124775	0.0177575	0.2	6	306.623	0
0.000124775	0.0194014	0.2	6	309.908	0
0.000124775	0.0211975	0.2	6	313.846	0
0.000124775	0.0231598	0.2	6	318.558	0
0.000124775	0.0253038	0.2	6	324.191	0
0.000124775	0.0276463	0.2	6	330.915	0
0.000124775	0.0302057	0.2	6	338.93	0
0.000124775	0.0330019	0.2	6	348.473	0
0.000124775	0.0360571	0.2	6	359.818	0
0.000124775	0.039395	0.2	6	373.288	0
0.000124775	0.043042	0.2	6	389.257	0
0.000124775	0.0470266	0.2	6	408.161	0
0.000124775	0.05138	0.2	6	430.503	0
0.000124775	0.0561365	0.2	6	456.863	0
0.000124775	0.0613333	0.2	6	487.908	0
0.000124775	0.0670111	0.2	6	524.397	0
0.000124775	0.0732147	0.2	6	567.195	0
0.000124775	0.0799925	0.2	6	617.273	0
0.000124775	0.0873977	0.2	6	675.718	0
0.000124775	0.0954885	0.2	6	743.733	0
0.000124775	0.104328	0.2	6	822.633	0
0.000124775	0.113986	0.2	6	913.831	0
0.000124775	0.124539	0.2	6	1018.82	0
0.000124775	0.136068	0.2	6	1139.14	0
0.000124775	0.148664	0.2	6	1276.29	0
0.000124775	0.162426	0.2	6	1431.71	0
0.000124775	0.177463	0.2	6	1606.59	0
0.000124775	0.193892	0.2	6	1801.77	0
0.000124775	0.211841	0.2	6	2017.49	0
0.000124775	0.231452	0.2	6	2253.15	0
0.000124775	0.252878	0.2	6	2506.93	0
0.000124775	0.276288	0.2	6	2775.39	0
0.000124775	0.301866	0.2	6	3052.92	0
0.000124775	0.329811	0.2	6	3331.2	0
0.000124775	0.360343	0.2	6	3598.49	0
0.000124775	0.393701	0.2	6	3839.03	0
0.000124775	0.430148	0.2	6	4032.5	0
0.000124775	0.469968	0.2	6	4153.81	0
0.000124775	0.513475	0.2	6	4173.53	0
0.000124775	0.56101	0.2	6	4059.52	0
0.000124775	0.612945	0.2	6	3780.5	0
0.000124775	0.669688	0.2	6	3313.14	0
0.000136326	0.000104526	0.2	6	291.406	0
0.000136326	0.000114203	0.2	6	291.404	0
0.000136326	0.000124775	0.2	6	291.401	0
0.000136326	0.000136326	0.2	6	291.398	0
0.000136326	0.000148946	0.2	6	291.396	0
0.000136326	0.000162735	0.2	6	291.392	0
0.000136326	0.0001778	0.2	6	291.389	0
0.000136326	0.00019426	0.2	6	291.385	0
0.000136326	0.000212243	0.2	6	291.381	0
0.000136326	0.000231891	0.2	6	291.377	0
0.000136326	0.000253358	0.2	6	291.372	0
0.000136326	0.000276813	0.2	6	291.367	0
0.000136326	0.000302439	0.2	6	291.362	0
0.000136326	0.000330437	0.2	6	291.356	0
0.000136326	0.000361027	0.2	6	291.349	0
0.000136326	0.000394448	0.2	6	291.343	0
0.000136326	0.000430964	0.2	6	291.335	0
0.000136326	0.00047086	0.2	6	291.328	0
0.000136326	0.00051445	0.2	6	291.319	0
0.000136326	0.000562075	0.2	6	291.311	0
0.000136326	0.000614108	0.2	6	291.302	0
0.000136326	0.000670959	0.2	6	291.292	0
0.000136326	0.000733073	0.2	6	291.282	0
0.000136326	0.000800936	0.2	6	291.271	0
0.000136326	0.000875083	0.2	6	291.261	0
0.000136326	0.000956093	0.2	6	291.25	0
0.000136326	0.0010446	0.2	6	291.239	0
0.000136326	0.00114131	0.2	6	291.228	0
0.000136326	0.00124696	0.2	6	291.218	0
0.000136326	0.0013624	0.2	6	291.208	0
0.000136326	0.00148852	0.2	6	291.199	0
0.000136326	0.00162632	0.2	6	291.192	0
0.000136326	0.00177687	0.2	6	291.186	0
0.000136326	0.00194137	0.2	6	291.184	0
0.000136326	0.00212109	0.2	6	291.185	0
0.000136326	0.00231745	0.2	6	291.191	0
0.000136326	0.00253198	0.2	6	291.203	0
0.000136326	0.00276638	0.2	6	291.222	0
0.000136326	0.00302248	0.2	6	291.251	0
0.000136326	0.00330228	0.2	6	291.293	0
0.000136326	0.00360798	0.2	6	291.349	0
0.000136326	0.00394199	0.2	6	291.424	0
0.000136326	0.00430692	0.2	6	291.522	0
0.000136326	0.00470563	0.2	6	291.647	0
0.000136326	0.00514125	0.2	6	291.807	0
0.000136326	0.0056172	0.2	6	292.008	0
0.000136326	0.0061372	0.2	6	292.259	0
0.000136326	0.00670535	0.2	6	292.572	0
0.000136326	0.0073261	0.2	6	292.959	0
0.000136326	0.0080043	0.2	6	293.435	0
0.000136326	0.0087453	0.2	6	294.019	0
0.000136326	0.00955489	0.2	6	294.733	0
0.000136326	0.0104394	0.2	6	295.602	0
0.000136326	0.0114058	0.2	6	296.659	0
0.000136326	0.0124617	0.2	6	297.94	0
0.000136326	0.0136154	0.2	6	299.49	0
0.000136326	0.0148758	0.2	6	301.361	0
0.000136326	0.0162529	0.2	6	303.617	0
0.000136326	0.0177575	0.2	6	306.33	0
0.000136326	0.0194014	0.2	6	309.589	0
0.000136326	0.0211975	0.2	6	313.498	0
0.000136326	0.0231598	0.2	6	318.179	0
0.000136326	0.0253038	0.2	6	323.778	0
0.000136326	0.0276463	0.2	6	330.464	0
0.000136326	0.0302057	0.2	6	338.439	0
0.000136326	0.0330019	0.2	6	347.936	0
0.000136326	0.0360571	0.2	6	359.233	0
0.000136326	0.039395	0.2	6	372.648	0
0.000136326	0.043042	0.2	6	388.558	0
0.000136326	0.0470266	0.2	6	407.397	0
0.000136326	0.05138	0.2	6	429.667	0
0.000136326	0.0561365	0.2	6	455.949	0
0.000136326	0.0613333	0.2	6	486.908	0
0.000136326	0.0670111	0.2	6	523.303	0
0.000136326	0.0732147	0.2	6	565.996	0
0.000136326	0.0799925	0.2	6	615.96	0
0.000136326	0.0873977	0.2	6	674.28	0
0.000136326	0.0954885	0.2	6	742.157	0
0.000136326	0.104328	0.2	6	820.904	0
0.000136326	0.113986	0.2	6	911.936	0
0.000136326	0.124539	0.2	6	1016.74	0
0.000136326	0.136068	0.2	6	1136.85	0
0.000136326	0.148664	0.2	6	1273.79	0
0.000136326	0.162426	0.2	6	1428.96	0
0.000136326	0.177463	0.2	6	1603.57	0
0.000136326	0.193892	0.2	6	1798.46	0
0.000136326	0.211841	0.2	6	2013.86	0
0.000136326	0.231452	0.2	6	2249.16	0
0.000136326	0.252878	0.2	6	2502.56	0
0.000136326	0.276288	0.2	6	2770.59	0
0.000136326	0.301866	0.2	6	3047.67	0
0.000136326	0.329811	0.2	6	3325.46	0
0.000136326	0.360343	0.2	6	3592.22	0
0.000136326	0.393701	0.2	6	3832.19	0
0.000136326	0.430148	0.2	6	4025.07	0
0.000136326	0.469968	0.2	6	4145.76	0
0.000136326	0.513475	0.2	6	4164.86	0
0.000136326	0.56101	0.2	6	4050.22	0
0.000136326	0.612945	0.2	6	3770.61	0
0.000136326	0.669688	0.2	6	3302.72	0
0.000148946	0.000104526	0.2	6	291.386	0
0.000148946	0.000114203	0.2	6	291.383	0
0.000148946	0.000124775	0.2	6	291.381	0
0.000148946	0.000136326	0.2	6	291.378	0
0.000148946	0.000148946	0.2	6	291.375	0
0.000148946	0.000162735	0.2	6	291.371	0
0.000148946	0.0001778	0.2	6	291.367	0
0.000148946	0.00019426	0.2	6	291.363	0
0.000148946	0.000212243	0.2	6	291.359	0
0.000148946	0.000231891	0.2	6	291.354	0
0.000148946	0.000253358	0.2	6	291.349	0
0.000148946	0.000276813	0.2	6	291.344	0
0.000148946	0.000302439	0.2	6	291.338	0
0.000148946	0.000330437	0.2	6	291.332	0
0.000148946	0.000361027	0.2	6	291.325	0
0.000148946	0.000394448	0.2	6	291.317	0
0.000148946	0.000430964	0.2	6	291.31	0
0.000148946	0.00047086	0.2	6	291.301	0
0.000148946	0.00051445	0.2	6	291.292	0
0.000148946	0.000562075	0.2	6	291.283	0
0.000148946	0.000614108	0.2	6	291.273	0
0.000148946	0.000670959	0.2	6	291.262	0
0.000148946	0.000733073	0.2	6	291.251	0
0.000148946	0.000800936	0.2	6	291.24	0
0.000148946	0.000875083	0.2	6	291.228	0
0.000148946	0.000956093	0.2	6	291.215	0
0.000148946	0.0010446	0.2	6	291.203	0
0.000148946	0.00114131	0.2	6	291.19	0
0.000148946	0.00124696	0.2	6	291.178	0
0.000148946	0.0013624	0.2	6	291.166	0
0.000148946	0.00148852	0.2	6	291.155	0
0.000148946	0.00162632	0.2	6	291.146	0
0.000148946	0.00177687	0.2	6	291.138	0
0.000148946	0.00194137	0.2	6	291.133	0
0.000148946	0.00212109	0.2	6	291.131	0
0.000148946	0.00231745	0.2	6	291.133	0
0.000148946	0.00253198	0.2	6	291.142	0
0.000148946	0.00276638	0.2	6	291.157	0
0.000148946	0.00302248	0.2	6	291.182	0
0.000148946	0.00330228	0.2	6	291.219	0
0.000148946	0.00360798	0.2	6	291.27	0
0.000148946	0.00394199	0.2	6	291.339	0
0.000148946	0.00430692	0.2	6	291.431	0
0.000148946	0.00470563	0.2	6	291.549	0
0.000148946	0.00514125	0.2	6	291.702	0
0.000148946	0.0056172	0.2	6	291.895	0
0.000148946	0.0061372	0.2	6	292.137	0
0.000148946	0.00670535	0.2	6	292.441	0
0.000148946	0.0073261	0.2	6	292.817	0
0.000148946	0.0080043	0.2	6	293.281	0
0.000148946	0.0087453	0.2	6	293.853	0
0.000148946	0.00955489	0.2	6	294.552	0
0.000148946	0.0104394	0.2	6	295.407	0
0.000148946	0.0114058	0.2	6	296.447	0
0.000148946	0.0124617	0.2	6	297.71	0
0.000148946	0.0136154	0.2	6	299.241	0
0.000148946	0.0148758	0.2	6	301.09	0
0.000148946	0.0162529	0.2	6	303.322	0
0.000148946	0.0177575	0.2	6	306.009	0
0.000148946	0.0194014	0.2	6	309.24	0
0.000148946	0.0211975	0.2	6	313.118	0
0.000148946	0.0231598	0.2	6	317.765	0
0.000148946	0.0253038	0.2	6	323.327	0
0.000148946	0.0276463	0.2	6	329.972	0
0.000148946	0.0302057	0.2	6	337.902	0
0.000148946	0.0330019	0.2	6	347.351	0
0.000148946	0.0360571	0.2	6	358.593	0
0.000148946	0.039395	0.2	6	371.95	0
0.000148946	0.043042	0.2	6	387.796	0
0.000148946	0.0470266	0.2	6	406.563	0
0.000148946	0.05138	0.2	6	428.756	0
0.000148946	0.0561365	0.2	6	454.953	0
0.000148946	0.0613333	0.2	6	485.817	0
0.000148946	0.0670111	0.2	6	522.109	0
0.000148946	0.0732147	0.2	6	564.69	0
0.000148946	0.0799925	0.2	6	614.529	0
0.000148946	0.0873977	0.2	6	672.712	0
0.000148946	0.0954885	0.2	6	740.439	0
0.000148946	0.104328	0.2	6	819.021	0
0.000148946	0.113986	0.2	6	909.871	0
0.000148946	0.124539	0.2	6	1014.48	0
0.000148946	0.136068	0.2	6	1134.37	0
0.000148946	0.148664	0.2	6	1271.06	0
0.000148946	0.162426	0.2	6	1425.97	0
0.000148946	0.177463	0.2	6	1600.29	0
0.000148946	0.193892	0.2	6	1794.86	0
0.000148946	0.211841	0.2	6	2009.91	0
0.000148946	0.231452	0.2	6	2244.83	0
0.000148946	0.252878	0.2	6	2497.81	0
0.000148946	0.276288	0.2	6	2765.39	0
0.000148946	0.301866	0.2	6	3041.98	0
0.000148946	0.329811	0.2	6	3319.24	0
0.000148946	0.360343	0.2	6	3585.43	0
0.000148946	0.393701	0.2	6	3824.8	0
0.000148946	0.430148	0.2	6	4017.05	0
0.000148946	0.469968	0.2	6	4137.09	0
0.000148946	0.513475	0.2	6	4155.52	0
0.000148946	0.56101	0.2	6	4040.22	0
0.000148946	0.612945	0.2	6	3760	0
0.000148946	0.669688	0.2	6	3291.58	0
0.000162735	0.000104526	0.2	6	291.364	0
0.000162735	0.000114203	0.2	6	291.361	0
0.000162735	0.000124775	0.2	6	291.358	0
0.000162735	0.000136326	0.2	6	291.355	0
0.000162735	0.000148946	0.2	6	291.352	0
0.000162735	0.000162735	0.2	6	291.348	0
0.000162735	0.0001778	0.2	6	291.344	0
0.000162735	0.00019426	0.2	6	291.34	0
0.000162735	0.000212243	0.2	6	291.335	0
0.000162735	0.000231891	0.2	6	291.33	0
0.000162735	0.000253358	0.2	6	291.325	0
0.000162735	0.000276813	0.2	6	291.319	0
0.000162735	0.000302439	0.2	6	291.312	0
0.000162735	0.000330437	0.2	6	291.305	0
0.000162735	0.000361027	0.2	6	291.298	0
0.000162735	0.000394448	0.2	6	291.29	0
0.000162735	0.000430964	0.2	6	291.282	0
0.000162735	0.00047086	0.2	6	291.272	0
0.000162735	0.00051445	0.2	6	291.263	0
0.000162735	0.000562075	0.2	6	291.252	0
0.000162735	0.000614108	0.2	6	291.241	0
0.000162735	0.000670959	0.2	6	291.23	0
0.000162735	0.000733073	0.2	6	291.217	0
0.000162735	0.000800936	0.2	6	291.205	0
0.000162735	0.000875083	0.2	6	291.191	0
0.000162735	0.000956093	0.2	6	291.178	0
0.000162735	0.0010446	0.2	6	291.164	0
0.000162735	0.00114131	0.2	6	291.149	0
0.000162735	0.00124696	0.2	6	291.135	0
0.000162735	0.0013624	0.2	6	291.121	0
0.000162735	0.00148852	0.2	6	291.108	0
0.000162735	0.00162632	0.2	6	291.096	0
0.000162735	0.00177687	0.2	6	291.085	0
0.000162735	0.00194137	0.2	6	291.077	0
0.000162735	0.00212109	0.2	6	291.072	0
0.000162735	0.00231745	0.2	6	291.07	0
0.000162735	0.00253198	0.2	6	291.075	0
0.000162735	0.00276638	0.2	6	291.086	0
0.000162735	0.00302248	0.2	6	291.106	0
0.000162735	0.00330228	0.2	6	291.138	0
0.000162735	0.00360798	0.2	6	291.183	0
0.000162735	0.00394199	0.2	6	291.246	0
0.000162735	0.00430692	0.2	6	291.331	0
0.000162735	0.00470563	0.2	6	291.443	0
0.000162735	0.00514125	0.2	6	291.587	0
0.000162735	0.0056172	0.2	6	291.771	0
0.000162735	0.0061372	0.2	6	292.004	0
0.000162735	0.00670535	0.2	6	292.297	0
0.000162735	0.0073261	0.2	6	292.661	0
0.000162735	0.0080043	0.2	6	293.113	0
0.000162735	0.0087453	0.2	6	293.671	0
0.000162735	0.00955489	0.2	6	294.356	0
0.000162735	0.0104394	0.2	6	295.194	0
0.000162735	0.0114058	0.2	6	296.216	0
0.000162735	0.0124617	0.2	6	297.46	0
0.000162735	0.0136154	0.2	6	298.968	0
0.000162735	0.0148758	0.2	6	300.794	0
0.000162735	0.0162529	0.2	6	303	0
0.000162735	0.0177575	0.2	6	305.659	0
0.000162735	0.0194014	0.2	6	308.859	0
0.000162735	0.0211975	0.2	6	312.703	0
0.000162735	0.0231598	0.2	6	317.314	0
0.000162735	0.0253038	0.2	6	322.834	0
0.000162735	0.0276463	0.2	6	329.436	0
0.000162735	0.0302057	0.2	6	337.317	0
0.000162735	0.0330019	0.2	6	346.712	0
0.000162735	0.0360571	0.2	6	357.896	0
0.000162735	0.039395	0.2	6	371.188	0
0.000162735	0.043042	0.2	6	386.963	0
0.000162735	0.0470266	0.2	6	405.654	0
0.000162735	0.05138	0.2	6	427.762	0
0.000162735	0.0561365	0.2	6	453.865	0
0.000162735	0.0613333	0.2	6	484.628	0
0.000162735	0.0670111	0.2	6	520.808	0
0.000162735	0.0732147	0.2	6	563.266	0
0.000162735	0.0799925	0.2	6	612.97	0
0.000162735	0.0873977	0.2	6	671.004	0
0.000162735	0.0954885	0.2	6	738.568	0
0.000162735	0.104328	0.2	6	816.971	0
0.000162735	0.113986	0.2	6	907.624	0
0.000162735	0.124539	0.2	6	1012.01	0
0.000162735	0.136068	0.2	6	1131.67	0
0.000162735	0.148664	0.2	6	1268.1	0
0.000162735	0.162426	0.2	6	1422.72	0
0.000162735	0.177463	0.2	6	1596.73	0
0.000162735	0.193892	0.2	6	1790.95	0
0.000162735	0.211841	0.2	6	2005.62	0
0.000162735	0.231452	0.2	6	2240.14	0
0.000162735	0.252878	0.2	6	2492.67	0
0.000162735	0.276288	0.2	6	2759.76	0
0.000162735	0.301866	0.2	6	3035.83	0
0.000162735	0.329811	0.2	6	3312.51	0
0.000162735	0.360343	0.2	6	3578.1	0
0.000162735	0.393701	0.2	6	3816.83	0
0.000162735	0.430148	0.2	6	4008.4	0
0.000162735	0.469968	0.2	6	4127.75	0
0.000162735	0.513475	0.2	6	4145.48	0
0.000162735	0.56101	0.2	6	4029.5	0
0.000162735	0.612945	0.2	6	3748.64	0
0.000162735	0.669688	0.2	6	3279.68	0
0.0001778	0.000104526	0.2	6	291.34	0
0.0001778	0.000114203	0.2	6	291.337	0
0.0001778	0.000124775	0.2	6	291.334	0
0.0001778	0.000136326	0.2	6	291.33	0
0.0001778	0.000148946	0.2	6	291.327	0
0.0001778	0.000162735	0.2	6	291.323	0
0.0001778	0.0001778	0.2	6	291.318	0
0.0001778	0.00019426	0.2	6	291.314	0
0.0001778	0.000212243	0.2	6	291.309	0
0.0001778	0.000231891	0.2	6	291.303	0
0.0001778	0.000253358	0.2	6	291.297	0
0.0001778	0.000276813	0.2	6	291.291	0
0.0001778	0.000302439	0.2	6	291.284	0
0.0001778	0.000330437	0.2	6	291.277	0
0.0001778	0.000361027	0.2	6	291.269	0
0.0001778	0.000394448	0.2	6	291.26	0
0.0001778	0.000430964	0.2	6	291.251	0
0.0001778	0.00047086	0.2	6	291.241	0
0.0001778	0.00051445	0.2	6	291.23	0
0.0001778	0.000562075	0.2	6	291.219	0
0.0001778	0.000614108	0.2	6	291.207	0
0.0001778	0.000670959	0.2	6	291.194	0
0.0001778	0.000733073	0.2	6	291.181	0
0.0001778	0.000800936	0.2	6	291.167	0
0.0001778	0.000875083	0.2	6	291.152	0
0.0001778	0.000956093	0.2	6	291.136	0
0.0001778	0.0010446	0.2	6	291.121	0
0.0001778	0.00114131	0.2	6	291.104	0
0.0001778	0.00124696	0.2	6	291.088	0
0.0001778	0.0013624	0.2	6	291.072	0
0.0001778	0.00148852	0.2	6	291.056	0
0.0001778	0.00162632	0.2	6	291.041	0
0.0001778	0.00177687	0.2	6	291.027	0
0.0001778	0.00194137	0.2	6	291.016	0
0.0001778	0.00212109	0.2	6	291.007	0
0.0001778	0.00231745	0.2	6	291.002	0
0.0001778	0.00253198	0.2	6	291.002	0
0.0001778	0.00276638	0.2	6	291.009	0
0.0001778	0.00302248	0.2	6	291.024	0
0.0001778	0.00330228	0.2	6	291.049	0
0.0001778	0.00360798	0.2	6	291.089	0
0.0001778	0.00394199	0.2	6	291.145	0
0.0001778	0.00430692	0.2	6	291.223	0
0.0001778	0.00470563	0.2	6	291.326	0
0.0001778	0.00514125	0.2	6	291.461	0
0.0001778	0.0056172	0.2	6	291.636	0
0.0001778	0.0061372	0.2	6	291.859	0
0.0001778	0.00670535	0.2	6	292.14	0
0.0001778	0.0073261	0.2	6	292.492	0
0.0001778	0.0080043	0.2	6	292.93	0
0.0001778	0.0087453	0.2	6	293.473	0
0.0001778	0.00955489	0.2	6	294.141	0
0.0001778	0.0104394	0.2	6	294.961	0
0.0001778	0.0114058	0.2	6	295.964	0
0.0001778	0.0124617	0.2	6	297.186	0
0.0001778	0.0136154	0.2	6	298.671	0
0.0001778	0.0148758	0.2	6	300.471	0
0.0001778	0.0162529	0.2	6	302.649	0
0.0001778	0.0177575	0.2	6	305.277	0
0.0001778	0.0194014	0.2	6	308.443	0
0.0001778	0.0211975	0.2	6	312.25	0
0.0001778	0.0231598	0.2	6	316.82	0
0.0001778	0.0253038	0.2	6	322.297	0
0.0001778	0.0276463	0.2	6	328.849	0
0.0001778	0.0302057	0.2	6	336.677	0
0.0001778	0.0330019	0.2	6	346.014	0
0.0001778	0.0360571	0.2	6	357.134	0
0.0001778	0.039395	0.2	6	370.357	0
0.0001778	0.043042	0.2	6	386.056	0
0.0001778	0.0470266	0.2	6	404.662	0
0.0001778	0.05138	0.2	6	426.678	0
0.0001778	0.0561365	0.2	6	452.68	0
0.0001778	0.0613333	0.2	6	483.332	0
0.0001778	0.0670111	0.2	6	519.39	0
0.0001778	0.0732147	0.2	6	561.714	0
0.0001778	0.0799925	0.2	6	611.271	0
0.0001778	0.0873977	0.2	6	669.144	0
0.0001778	0.0954885	0.2	6	736.53	0
0.0001778	0.104328	0.2	6	814.739	0
0.0001778	0.113986	0.2	6	905.178	0
0.0001778	0.124539	0.2	6	1009.33	0
0.0001778	0.136068	0.2	6	1128.73	0
0.0001778	0.148664	0.2	6	1264.88	0
0.0001778	0.162426	0.2	6	1419.19	0
0.0001778	0.177463	0.2	6	1592.86	0
0.0001778	0.193892	0.2	6	1786.71	0
0.0001778	0.211841	0.2	6	2000.98	0
0.0001778	0.231452	0.2	6	2235.04	0
0.0001778	0.252878	0.2	6	2487.09	0
0.0001778	0.276288	0.2	6	2753.67	0
0.0001778	0.301866	0.2	6	3029.17	0
0.0001778	0.329811	0.2	6	3305.25	0
0.0001778	0.360343	0.2	6	3570.19	0
0.0001778	0.393701	0.2	6	3808.24	0
0.0001778	0.430148	0.2	6	3999.1	0
0.0001778	0.469968	0.2	6	4117.71	0
0.0001778	0.513475	0.2	6	4134.71	0
0.0001778	0.56101	0.2	6	4018.03	0
0.0001778	0.612945	0.2	6	3736.52	0
0.0001778	0.669688	0.2	6	3267.02	0
0.00019426	0.000104526	0.2	6	291.313	0
0.00019426	0.000114203	0.2	6	291.31	0
0.00019426	0.000124775	0.2	6	291.307	0
0.00019426	0.000136326	0.2	6	291.303	0
0.00019426	0.000148946	0.2	6	291.299	0
0.00019426	0.000162735	0.2	6	291.295	0
0.00019426	0.0001778	0.2	6	291.291	0
0.00019426	0.00019426	0.2	6	291.286	0
0.00019426	0.000212243	0.2	6	291.28	0
0.00019426	0.000231891	0.2	6	291.274	0
0.00019426	0.000253358	0.2	6	291.268	0
0.00019426	0.000276813	0.2	6	291.261	0
0.00019426	0.000302439	0.2	6	291.254	0
0.00019426	0.000330437	0.2	6	291.245	0
0.00019426	0.000361027	0.2	6	291.237	0
0.00019426	0.000394448	0.2	6	291.227	0
0.00019426	0.000430964	0.2	6	291.217	0
0.00019426	0.00047086	0.2	6	291.207	0
0.00019426	0.00051445	0.2	6	291.195	0
0.00019426	0.000562075	0.2	6	291.183	0
0.00019426	0.000614108	0.2	6	291.17	0
0.00019426	0.000670959	0.2	6	291.156	0
0.00019426	0.000733073	0.2	6	291.141	0
0.00019426	0.000800936	0.2	6	291.125	0
0.00019426	0.000875083	0.2	6	291.109	0
0.00019426	0.000956093	0.2	6	291.091	0
0.00019426	0.0010446	0.2	6	291.074	0
0.00019426	0.00114131	0.2	6	291.055	0
0.00019426	0.00124696	0.2	6	291.037	0
0.00019426	0.0013624	0.2	6	291.018	0
0.00019426	0.00148852	0.2	6	290.999	0
0.00019426	0.00162632	0.2	6	290.981	0
0.00019426	0.00177687	0.2	6	290.964	0
0.00019426	0.00194137	0.2	6	290.949	0
0.00019426	0.00212109	0.2	6	290.936	0
0.00019426	0.00231745	0.2	6	290.927	0
0.00019426	0.00253198	0.2	6	290.922	0
0.00019426	0.00276638	0.2	6	290.924	0
0.00019426	0.00302248	0.2	6	290.933	0
0.00019426	0.00330228	0.2	6	290.953	0
0.00019426	0.00360798	0.2	6	290.986	0
0.00019426	0.00394199	0.2	6	291.035	0
0.00019426	0.00430692	0.2	6	291.104	0
0.00019426	0.00470563	0.2	6	291.198	0
0.00019426	0.00514125	0.2	6	291.324	0
0.00019426	0.0056172	0.2	6	291.488	0
0.00019426	0.0061372	0.2	6	291.7	0
0.00019426	0.00670535	0.2	6	291.968	0
0.00019426	0.0073261	0.2	6	292.306	0
0.00019426	0.0080043	0.2	6	292.73	0
0.00019426	0.0087453	0.2	6	293.256	0
0.00019426	0.00955489	0.2	6	293.906	0
0.00019426	0.0104394	0.2	6	294.707	0
0.00019426	0.0114058	0.2	6	295.688	0
0.00019426	0.0124617	0.2	6	296.886	0
0.00019426	0.0136154	0.2	6	298.346	0
0.00019426	0.0148758	0.2	6	300.118	0
0.00019426	0.0162529	0.2	6	302.265	0
0.00019426	0.0177575	0.2	6	304.86	0
0.00019426	0.0194014	0.2	6	307.989	0
0.00019426	0.0211975	0.2	6	311.756	0
0.00019426	0.0231598	0.2	6	316.282	0
0.00019426	0.0253038	0.2	6	321.71	0
0.00019426	0.0276463	0.2	6	328.21	0
0.00019426	0.0302057	0.2	6	335.98	0
0.00019426	0.0330019	0.2	6	345.253	0
0.00019426	0.0360571	0.2	6	356.304	0
0.00019426	0.039395	0.2	6	369.451	0
0.00019426	0.043042	0.2	6	385.065	0
0.00019426	0.0470266	0.2	6	403.58	0
0.00019426	0.05138	0.2	6	425.496	0
0.00019426	0.0561365	0.2	6	451.388	0
0.00019426	0.0613333	0.2	6	481.919	0
0.00019426	0.0670111	0.2	6	517.844	0
0.00019426	0.0732147	0.2	6	560.023	0
0.00019426	0.0799925	0.2	6	609.42	0
0.00019426	0.0873977	0.2	6	667.118	0
0.00019426	0.0954885	0.2	6	734.312	0
0.00019426	0.104328	0.2	6	812.31	0
0.00019426	0.113986	0.2	6	902.517	0
0.00019426	0.124539	0.2	6	1006.42	0
0.00019426	0.136068	0.2	6	1125.54	0
0.00019426	0.148664	0.2	6	1261.38	0
0.00019426	0.162426	0.2	6	1415.36	0
0.00019426	0.177463	0.2	6	1588.66	0
0.00019426	0.193892	0.2	6	1782.11	0
0.00019426	0.211841	0.2	6	1995.94	0
0.00019426	0.231452	0.2	6	2229.53	0
0.00019426	0.252878	0.2	6	2481.06	0
0.00019426	0.276288	0.2	6	2747.08	0
0.00019426	0.301866	0.2	6	3021.97	0
0.00019426	0.329811	0.2	6	3297.41	0
0.00019426	0.360343	0.2	6	3561.66	0
0.00019426	0.393701	0.2	6	3798.99	0
0.00019426	0.430148	0.2	6	3989.09	0
0.00019426	0.469968	0.2	6	4106.94	0
0.00019426	0.513475	0.2	6	4123.18	0
0.00019426	0.56101	0.2	6	4005.77	0
0.00019426	0.612945	0.2	6	3723.61	0
0.00019426	0.669688	0.2	6	3253.6	0
0.000212243	0.000104526	0.2	6	291.285	0
0.000212243	0.000114203	0.2	6	291.281	0
0.000212243	0.000124775	0.2	6	291.278	0
0.000212243	0.000136326	0.2	6	291.274	0
0.000212243	0.000148946	0.2	6	291.27	0
0.000212243	0.000162735	0.2	6	291.265	0
0.000212243	0.0001778	0.2	6	291.26	0
0.000212243	0.00019426	0.2	6	291.255	0
0.000212243	0.000212243	0.2	6	291.249	0
0.000212243	0.000231891	0.2	6	291.242	0
0.000212243	0.000253358	0.2	6	291.236	0
0.000212243	0.000276813	0.2	6	291.228	0
0.000212243	0.000302439	0.2	6	291.22	0
0.000212243	0.000330437	0.2	6	291.211	0
0.000212243	0.000361027	0.2	6	291.202	0
0.000212243	0.000394448	0.2	6	291.192	0
0.000212243	0.000430964	0.2	6	291.181	0
0.000212243	0.00047086	0.2	6	291.169	0
0.000212243	0.00051445	0.2	6	291.156	0
0.000212243	0.000562075	0.2	6	291.143	0
0.000212243	0.000614108	0.2	6	291.129	0
0.000212243	0.000670959	0.2	6	291.113	0
0.000212243	0.000733073	0.2	6	291.097	0
0.000212243	0.000800936	0.2	6	291.08	0
0.000212243	0.000875083	0.2	6	291.061	0
0.000212243	0.000956093	0.2	6	291.042	0
0.000212243	0.0010446	0.2	6	291.022	0
0.000212243	0.00114131	0.2	6	291.002	0
0.000212243	0.00124696	0.2	6	290.981	0
0.000212243	0.0013624	0.2	6	290.959	0
0.000212243	0.00148852	0.2	6	290.937	0
0.000212243	0.00162632	0.2	6	290.916	0
0.000212243	0.00177687	0.2	6	290.896	0
0.000212243	0.00194137	0.2	6	290.876	0
0.000212243	0.00212109	0.2	6	290.859	0
0.000212243	0.00231745	0.2	6	290.845	0
0.000212243	0.00253198	0.2	6	290.835	0
0.000212243	0.00276638	0.2	6	290.831	0
0.000212243	0.00302248	0.2	6	290.835	0
0.000212243	0.00330228	0.2	6	290.847	0
0.000212243	0.00360798	0.2	6	290.873	0
0.000212243	0.00394199	0.2	6	290.914	0
0.000212243	0.00430692	0.2	6	290.974	0
0.000212243	0.00470563	0.2	6	291.059	0
0.000212243	0.00514125	0.2	6	291.175	0
0.000212243	0.0056172	0.2	6	291.327	0
0.000212243	0.0061372	0.2	6	291.526	0
0.000212243	0.00670535	0.2	6	291.781	0
0.000212243	0.0073261	0.2	6	292.104	0
0.000212243	0.0080043	0.2	6	292.511	0
0.000212243	0.0087453	0.2	6	293.019	0
0.000212243	0.00955489	0.2	6	293.65	0
0.000212243	0.0104394	0.2	6	294.429	0
0.000212243	0.0114058	0.2	6	295.387	0
0.000212243	0.0124617	0.2	6	296.56	0
0.000212243	0.0136154	0.2	6	297.991	0
0.000212243	0.0148758	0.2	6	299.733	0
0.000212243	0.0162529	0.2	6	301.846	0
0.000212243	0.0177575	0.2	6	304.404	0
0.000212243	0.0194014	0.2	6	307.493	0
0.000212243	0.0211975	0.2	6	311.216	0
0.000212243	0.0231598	0.2	6	315.694	0
0.000212243	0.0253038	0.2	6	321.07	0
0.000212243	0.0276463	0.2	6	327.512	0
0.000212243	0.0302057	0.2	6	335.219	0
0.000212243	0.0330019	0.2	6	344.423	0
0.000212243	0.0360571	0.2	6	355.398	0
0.000212243	0.039395	0.2	6	368.462	0
0.000212243	0.043042	0.2	6	383.985	0
0.000212243	0.0470266	0.2	6	402.401	0
0.000212243	0.05138	0.2	6	424.207	0
0.000212243	0.0561365	0.2	6	449.979	0
0.000212243	0.0613333	0.2	6	480.379	0
0.000212243	0.0670111	0.2	6	516.161	0
0.000212243	0.0732147	0.2	6	558.181	0
0.000212243	0.0799925	0.2	6	607.405	0
0.000212243	0.0873977	0.2	6	664.913	0
0.000212243	0.0954885	0.2	6	731.899	0
0.000212243	0.104328	0.2	6	809.668	0
0.000212243	0.113986	0.2	6	899.625	0
0.000212243	0.124539	0.2	6	1003.25	0
0.000212243	0.136068	0.2	6	1122.07	0
0.000212243	0.148664	0.2	6	1257.58	0
0.000212243	0.162426	0.2	6	1411.2	0
0.000212243	0.177463	0.2	6	1584.1	0
0.000212243	0.193892	0.2	6	1777.12	0
0.000212243	0.211841	0.2	6	1990.48	0
0.000212243	0.231452	0.2	6	2223.56	0
0.000212243	0.252878	0.2	6	2474.54	0
0.000212243	0.276288	0.2	6	2739.96	0
0.000212243	0.301866	0.2	6	3014.21	0
0.000212243	0.329811	0.2	6	3288.96	0
0.000212243	0.360343	0.2	6	3552.48	0
0.000212243	0.393701	0.2	6	3789.05	0
0.000212243	0.430148	0.2	6	3978.37	0
0.000212243	0.469968	0.2	6	4095.42	0
0.000212243	0.513475	0.2	6	4110.87	0
0.000212243	0.56101	0.2	6	3992.72	0
0.000212243	0.612945	0.2	6	3709.91	0
0.000212243	0.669688	0.2	6	3239.41	0
0.000231891	0.000104526	0.2	6	291.253	0
0.000231891	0.000114203	0.2	6	291.25	0
0.000231891	0.000124775	0.2	6	291.246	0
0.000231891	0.000136326	0.2	6	291.242	0
0.000231891	0.000148946	0.2	6	291.237	0
0.000231891	0.000162735	0.2	6	291.232	0
0.000231891	0.0001778	0.2	6	291.227	0
0.000231891	0.00019426	0.2	6	291.221	0
0.000231891	0.000212243	0.2	6	291.215	0
0.000231891	0.000231891	0.2	6	291.208	0
0.000231891	0.000253358	0.2	6	291.2	0
0.000231891	0.000276813	0.2	6	291.192	0
0.000231891	0.000302439	0.2	6	291.183	0
0.000231891	0.000330437	0.2	6	291.174	0
0.000231891	0.000361027	0.2	6	291.164	0
0.000231891	0.000394448	0.2	6	291.153	0
0.000231891	0.000430964	0.2	6	291.141	0
0.000231891	0.00047086	0.2	6	291.128	0
0.000231891	0.00051445	0.2	6	291.114	0
0.000231891	0.000562075	0.2	6	291.1	0
0.000231891	0.000614108	0.2	6	291.084	0
0.000231891	0.000670959	0.2	6	291.067	0
0.000231891	0.000733073	0.2	6	291.049	0
0.000231891	0.000800936	0.2	6	291.03	0
0.000231891	0.000875083	0.2	6	291.01	0
0.000231891	0.000956093	0.2	6	290.989	0
0.000231891	0.0010446	0.2	6	290.966	0
0.000231891	0.00114131	0.2	6	290.943	0
0.000231891	0.00124696	0.2	6	290.919	0
0.000231891	0.0013624	0.2	6	290.895	0
0.000231891	0.00148852	0.2	6	290.87	0
0.000231891	0.00162632	0.2	6	290.845	0
0.000231891	0.00177687	0.2	6	290.82	0
0.000231891	0.00194137	0.2	6	290.797	0
0.000231891	0.00212109	0.2	6	290.775	0
0.000231891	0.00231745	0.2	6	290.756	0
0.000231891	0.00253198	0.2	6	290.74	0
0.000231891	0.00276638	0.2	6	290.73	0
0.000231891	0.00302248	0.2	6	290.727	0
0.000231891	0.00330228	0.2	6	290.732	0
0.000231891	0.00360798	0.2	6	290.75	0
0.000231891	0.00394199	0.2	6	290.782	0
0.000231891	0.00430692	0.2	6	290.833	0
0.000231891	0.00470563	0.2	6	290.907	0
0.000231891	0.00514125	0.2	6	291.011	0
0.000231891	0.0056172	0.2	6	291.151	0
0.000231891	0.0061372	0.2	6	291.336	0
0.000231891	0.00670535	0.2	6	291.576	0
0.000231891	0.0073261	0.2	6	291.883	0
0.000231891	0.0080043	0.2	6	292.272	0
0.000231891	0.0087453	0.2	6	292.761	0
0.000231891	0.00955489	0.2	6	293.37	0
0.000231891	0.0104394	0.2	6	294.126	0
0.000231891	0.0114058	0.2	6	295.058	0
0.000231891	0.0124617	0.2	6	296.203	0
0.000231891	0.0136154	0.2	6	297.604	0
0.000231891	0.0148758	0.2	6	299.312	0
0.000231891	0.0162529	0.2	6	301.389	0
0.000231891	0.0177575	0.2	6	303.907	0
0.000231891	0.0194014	0.2	6	306.952	0
0.000231891	0.0211975	0.2	6	310.627	0
0.000231891	0.0231598	0.2	6	315.053	0
0.000231891	0.0253038	0.2	6	320.371	0
0.000231891	0.0276463	0.2	6	326.75	0
0.000231891	0.0302057	0.2	6	334.388	0
0.000231891	0.0330019	0.2	6	343.517	0
0.000231891	0.0360571	0.2	6	354.41	0
0.000231891	0.039395	0.2	6	367.383	0
0.000231891	0.043042	0.2	6	382.808	0
0.000231891	0.0470266	0.2	6	401.115	0
0.000231891	0.05138	0.2	6	422.802	0
0.000231891	0.0561365	0.2	6	448.444	0
0.000231891	0.0613333	0.2	6	478.701	0
0.000231891	0.0670111	0.2	6	514.327	0
0.000231891	0.0732147	0.2	6	556.175	0
0.000231891	0.0799925	0.2	6	605.212	0
0.000231891	0.0873977	0.2	6	662.514	0
0.000231891	0.0954885	0.2	6	729.274	0
0.000231891	0.104328	0.2	6	806.795	0
0.000231891	0.113986	0.2	6	896.48	0
0.000231891	0.124539	0.2	6	999.81	0
0.000231891	0.136068	0.2	6	1118.3	0
0.000231891	0.148664	0.2	6	1253.46	0
0.000231891	0.162426	0.2	6	1406.69	0
0.000231891	0.177463	0.2	6	1579.17	0
0.000231891	0.193892	0.2	6	1771.72	0
0.000231891	0.211841	0.2	6	1984.58	0
0.000231891	0.231452	0.2	6	2217.11	0
0.000231891	0.252878	0.2	6	2467.5	0
0.000231891	0.276288	0.2	6	2732.27	0
0.000231891	0.301866	0.2	6	3005.84	0
0.000231891	0.329811	0.2	6	3279.87	0
0.000231891	0.360343	0.2	6	3542.62	0
0.000231891	0.393701	0.2	6	3778.38	0
0.000231891	0.430148	0.2	6	3966.88	0
0.000231891	0.469968	0.2	6	4083.11	0
0.000231891	0.513475	0.2	6	4097.76	0
0.000231891	0.56101	0.2	6	3978.86	0
0.000231891	0.612945	0.2	6	3695.43	0
0.000231891	0.669688	0.2	6	3224.49	0
0.000253358	0.000104526	0.2	6	291.219	0
0.000253358	0.000114203	0.2	6	291.215	0
0.000253358	0.000124775	0.2	6	291.211	0
0.000253358	0.000136326	0.2	6	291.206	0
0.000253358	0.000148946	0.2	6	291.202	0
0.000253358	0.000162735	0.2	6	291.196	0
0.000253358	0.0001778	0.2	6	291.19	0
0.000253358	0.00019426	0.2	6	291.184	0
0.000253358	0.000212243	0.2	6	291.177	0
0.000253358	0.000231891	0.2	6	291.17	0
0.000253358	0.000253358	0.2	6	291.162	0
0.000253358	0.000276813	0.2	6	291.153	0
0.000253358	0.000302439	0.2	6	291.144	0
0.000253358	0.000330437	0.2	6	291.133	0
0.000253358	0.000361027	0.2	6	291.122	0
0.000253358	0.000394448	0.2	6	291.11	0
0.000253358	0.000430964	0.2	6	291.097	0
0.000253358	0.00047086	0.2	6	291.083	0
0.000253358	0.00051445	0.2	6	291.068	0
0.000253358	0.000562075	0.2	6	291.052	0
0.000253358	0.000614108	0.2	6	291.035	0
0.000253358	0.000670959	0.2	6	291.017	0
0.000253358	0.000733073	0.2	6	290.997	0
0.000253358	0.000800936	0.2	6	290.976	0
0.000253358	0.000875083	0.2	6	290.954	0
0.000253358	0.000956093	0.2	6	290.93	0
0.000253358	0.0010446	0.2	6	290.905	0
0.000253358	0.00114131	0.2	6	290.879	0
0.000253358	0.00124696	0.2	6	290.852	0
0.000253358	0.0013624	0.2	6	290.825	0
0.000253358	0.00148852	0.2	6	290.796	0
0.000253358	0.00162632	0.2	6	290.767	0
0.000253358	0.00177687	0.2	6	290.738	0
0.000253358	0.00194137	0.2	6	290.71	0
0.000253358	0.00212109	0.2	6	290.683	0
0.000253358	0.00231745	0.2	6	290.658	0
0.000253358	0.00253198	0.2	6	290.637	0
0.000253358	0.00276638	0.2	6	290.62	0
0.000253358	0.00302248	0.2	6	290.609	0
0.000253358	0.00330228	0.2	6	290.606	0
0.000253358	0.00360798	0.2	6	290.615	0
0.000253358	0.00394199	0.2	6	290.638	0
0.000253358	0.00430692	0.2	6	290.678	0
0.000253358	0.00470563	0.2	6	290.741	0
0.000253358	0.00514125	0.2	6	290.832	0
0.000253358	0.0056172	0.2	6	290.959	0
0.000253358	0.0061372	0.2	6	291.129	0
0.000253358	0.00670535	0.2	6	291.352	0
0.000253358	0.0073261	0.2	6	291.642	0
0.000253358	0.0080043	0.2	6	292.011	0
0.000253358	0.0087453	0.2	6	292.479	0
0.000253358	0.00955489	0.2	6	293.065	0
0.000253358	0.0104394	0.2	6	293.795	0
0.000253358	0.0114058	0.2	6	294.699	0
0.000253358	0.0124617	0.2	6	295.814	0
0.000253358	0.0136154	0.2	6	297.181	0
0.000253358	0.0148758	0.2	6	298.853	0
0.000253358	0.0162529	0.2	6	300.89	0
0.000253358	0.0177575	0.2	6	303.364	0
0.000253358	0.0194014	0.2	6	306.362	0
0.000253358	0.0211975	0.2	6	309.984	0
0.000253358	0.0231598	0.2	6	314.353	0
0.000253358	0.0253038	0.2	6	319.608	0
0.000253358	0.0276463	0.2	6	325.919	0
0.000253358	0.0302057	0.2	6	333.482	0
0.000253358	0.0330019	0.2	6	342.529	0
0.000253358	0.0360571	0.2	6	353.332	0
0.000253358	0.039395	0.2	6	366.207	0
0.000253358	0.043042	0.2	6	381.524	0
0.000253358	0.0470266	0.2	6	399.713	0
0.000253358	0.05138	0.2	6	421.271	0
0.000253358	0.0561365	0.2	6	446.772	0
0.000253358	0.0613333	0.2	6	476.874	0
0.000253358	0.0670111	0.2	6	512.33	0
0.000253358	0.0732147	0.2	6	553.992	0
0.000253358	0.0799925	0.2	6	602.825	0
0.000253358	0.0873977	0.2	6	659.904	0
0.000253358	0.0954885	0.2	6	726.419	0
0.000253358	0.104328	0.2	6	803.673	0
0.000253358	0.113986	0.2	6	893.065	0
0.000253358	0.124539	0.2	6	996.073	0
0.000253358	0.136068	0.2	6	1114.21	0
0.000253358	0.148664	0.2	6	1248.99	0
0.000253358	0.162426	0.2	6	1401.8	0
0.000253358	0.177463	0.2	6	1573.82	0
0.000253358	0.193892	0.2	6	1765.88	0
0.000253358	0.211841	0.2	6	1978.2	0
0.000253358	0.231452	0.2	6	2210.14	0
0.000253358	0.252878	0.2	6	2459.9	0
0.000253358	0.276288	0.2	6	2724	0
0.000253358	0.301866	0.2	6	2996.84	0
0.000253358	0.329811	0.2	6	3270.1	0
0.000253358	0.360343	0.2	6	3532.05	0
0.000253358	0.393701	0.2	6	3766.97	0
0.000253358	0.430148	0.2	6	3954.62	0
0.000253358	0.469968	0.2	6	4069.99	0
0.000253358	0.513475	0.2	6	4083.84	0
0.000253358	0.56101	0.2	6	3964.21	0
0.000253358	0.612945	0.2	6	3680.18	0
0.000253358	0.669688	0.2	6	3208.87	0
0.000276813	0.000104526	0.2	6	291.182	0
0.000276813	0.000114203	0.2	6	291.177	0
0.000276813	0.000124775	0.2	6	291.173	0
0.000276813	0.000136326	0.2	6	291.168	0
0.000276813	0.000148946	0.2	6	291.163	0
0.000276813	0.000162735	0.2	6	291.157	0
0.000276813	0.0001778	0.2	6	291.151	0
0.000276813	0.00019426	0.2	6	291.144	0
0.000276813	0.000212243	0.2	6	291.137	0
0.000276813	0.000231891	0.2	6	291.128	0
0.000276813	0.000253358	0.2	6	291.12	0
0.000276813	0.000276813	0.2	6	291.11	0
0.000276813	0.000302439	0.2	6	291.1	0
0.000276813	0.000330437	0.2	6	291.089	0
0.000276813	0.000361027	0.2	6	291.077	0
0.000276813	0.000394448	0.2	6	291.064	0
0.000276813	0.000430964	0.2	6	291.05	0
0.000276813	0.00047086	0.2	6	291.035	0
0.000276813	0.00051445	0.2	6	291.018	0
0.000276813	0.000562075	0.2	6	291.001	0
0.000276813	0.000614108	0.2	6	290.982	0
0.000276813	0.000670959	0.2	6	290.961	0
0.000276813	0.000733073	0.2	6	290.94	0
0.000276813	0.000800936	0.2	6	290.917	0
0.000276813	0.000875083	0.2	6	290.892	0
0.000276813	0.000956093	0.2	6	290.866	0
0.000276813	0.0010446	0.2	6	290.839	0
0.000276813	0.00114131	0.2	6	290.81	0
0.000276813	0.00124696	0.2	6	290.779	0
0.000276813	0.0013624	0.2	6	290.748	0
0.000276813	0.00148852	0.2	6	290.715	0
0.000276813	0.00162632	0.2	6	290.682	0
0.000276813	0.00177687	0.2	6	290.649	0
0.000276813	0.00194137	0.2	6	290.615	0
0.000276813	0.00212109	0.2	6	290.583	0
0.000276813	0.00231745	0.2	6	290.552	0
0.000276813	0.00253198	0.2	6	290.523	0
0.000276813	0.00276638	0.2	6	290.499	0
0.000276813	0.00302248	0.2	6	290.48	0
0.000276813	0.00330228	0.2	6	290.469	0
0.000276813	0.00360798	0.2	6	290.468	0
0.000276813	0.00394199	0.2	6	290.48	0
0.000276813	0.00430692	0.2	6	290.509	0
0.000276813	0.00470563	0.2	6	290.56	0
0.000276813	0.00514125	0.2	6	290.637	0
0.000276813	0.0056172	0.2	6	290.749	0
0.000276813	0.0061372	0.2	6	290.903	0
0.000276813	0.00670535	0.2	6	291.108	0
0.000276813	0.0073261	0.2	6	291.378	0
0.000276813	0.0080043	0.2	6	291.726	0
0.000276813	0.0087453	0.2	6	292.17	0
0.000276813	0.00955489	0.2	6	292.731	0
0.000276813	0.0104394	0.2	6	293.433	0
0.000276813	0.0114058	0.2	6	294.307	0
0.000276813	0.0124617	0.2	6	295.388	0
0.000276813	0.0136154	0.2	6	296.719	0
0.000276813	0.0148758	0.2	6	298.351	0
0.000276813	0.0162529	0.2	6	300.345	0
0.000276813	0.0177575	0.2	6	302.771	0
0.000276813	0.0194014	0.2	6	305.717	0
0.000276813	0.0211975	0.2	6	309.283	0
0.000276813	0.0231598	0.2	6	313.589	0
0.000276813	0.0253038	0.2	6	318.776	0
0.000276813	0.0276463	0.2	6	325.012	0
0.000276813	0.0302057	0.2	6	332.494	0
0.000276813	0.0330019	0.2	6	341.452	0
0.000276813	0.0360571	0.2	6	352.157	0
0.000276813	0.039395	0.2	6	364.925	0
0.000276813	0.043042	0.2	6	380.125	0
0.000276813	0.0470266	0.2	6	398.186	0
0.000276813	0.05138	0.2	6	419.604	0
0.000276813	0.0561365	0.2	6	444.951	0
0.000276813	0.0613333	0.2	6	474.885	0
0.000276813	0.0670111	0.2	6	510.156	0
0.000276813	0.0732147	0.2	6	551.617	0
0.000276813	0.0799925	0.2	6	600.229	0
0.000276813	0.0873977	0.2	6	657.066	0
0.000276813	0.0954885	0.2	6	723.317	0
0.000276813	0.104328	0.2	6	800.281	0
0.000276813	0.113986	0.2	6	889.357	0
0.000276813	0.124539	0.2	6	992.02	0
0.000276813	0.136068	0.2	6	1109.78	0
0.000276813	0.148664	0.2	6	1244.14	0
0.000276813	0.162426	0.2	6	1396.5	0
0.000276813	0.177463	0.2	6	1568.04	0
0.000276813	0.193892	0.2	6	1759.56	0
0.000276813	0.211841	0.2	6	1971.3	0
0.000276813	0.231452	0.2	6	2202.63	0
0.000276813	0.252878	0.2	6	2451.71	0
0.000276813	0.276288	0.2	6	2715.1	0
0.000276813	0.301866	0.2	6	2987.18	0
0.000276813	0.329811	0.2	6	3259.62	0
0.000276813	0.360343	0.2	6	3520.73	0
0.000276813	0.393701	0.2	6	3754.79	0
0.000276813	0.430148	0.2	6	3941.55	0
0.000276813	0.469968	0.2	6	4056.07	0
0.000276813	0.513475	0.2	6	4069.1	0
0.000276813	0.56101	0.2	6	3948.77	0
0.000276813	0.612945	0.2	6	3664.21	0
0.000276813	0.669688	0.2	6	3192.62	0
0.000302439	0.000104526	0.2	6	291.141	0
0.000302439	0.000114203	0.2	6	291.136	0
0.000302439	0.000124775	0.2	6	291.131	0
0.000302439	0.000136326	0.2	6	291.126	0
0.000302439	0.000148946	0.2	6	291.12	0
0.000302439	0.000162735	0.2	6	291.114	0
0.000302439	0.0001778	0.2	6	291.107	0
0.000302439	0.00019426	0.2	6	291.1	0
0.000302439	0.000212243	0.2	6	291.092	0
0.000302439	0.000231891	0.2	6	291.083	0
0.000302439	0.000253358	0.2	6	291.074	0
0.000302439	0.000276813	0.2	6	291.064	0
0.000302439	0.000302439	0.2	6	291.052	0
0.000302439	0.000330437	0.2	6	291.04	0
0.000302439	0.000361027	0.2	6	291.027	0
0.000302439	0.000394448	0.2	6	291.013	0
0.000302439	0.000430964	0.2	6	290.998	0
0.000302439	0.00047086	0.2	6	290.981	0
0.000302439	0.00051445	0.2	6	290.963	0
0.000302439	0.000562075	0.2	6	290.944	0
0.000302439	0.000614108	0.2	6	290.924	0
0.000302439	0.000670959	0.2	6	290.901	0
0.000302439	0.000733073	0.2	6	290.878	0
0.000302439	0.000800936	0.2	6	290.852	0
0.000302439	0.000875083	0.2	6	290.825	0
0.000302439	0.000956093	0.2	6	290.796	0
0.000302439	0.0010446	0.2	6	290.766	0
0.000302439	0.00114131	0.2	6	290.733	0
0.000302439	0.00124696	0.2	6	290.699	0
0.000302439	0.0013624	0.2	6	290.664	0
0.000302439	0.00148852	0.2	6	290.627	0
0.000302439	0.00162632	0.2	6	290.589	0
0.000302439	0.00177687	0.2	6	290.551	0
0.000302439	0.00194137	0.2	6	290.512	0
0.000302439	0.00212109	0.2	6	290.473	0
0.000302439	0.00231745	0.2	6	290.435	0
0.000302439	0.00253198	0.2	6	290.4	0
0.000302439	0.00276638	0.2	6	290.367	0
0.000302439	0.00302248	0.2	6	290.34	0
0.000302439	0.00330228	0.2	6	290.319	0
0.000302439	0.00360798	0.2	6	290.307	0
0.000302439	0.00394199	0.2	6	290.308	0
0.000302439	0.00430692	0.2	6	290.325	0
0.000302439	0.00470563	0.2	6	290.362	0
0.000302439	0.00514125	0.2	6	290.424	0
0.000302439	0.0056172	0.2	6	290.52	0
0.000302439	0.0061372	0.2	6	290.656	0
0.000302439	0.00670535	0.2	6	290.842	0
0.000302439	0.0073261	0.2	6	291.09	0
0.000302439	0.0080043	0.2	6	291.415	0
0.000302439	0.0087453	0.2	6	291.834	0
0.000302439	0.00955489	0.2	6	292.367	0
0.000302439	0.0104394	0.2	6	293.039	0
0.000302439	0.0114058	0.2	6	293.879	0
0.000302439	0.0124617	0.2	6	294.924	0
0.000302439	0.0136154	0.2	6	296.215	0
0.000302439	0.0148758	0.2	6	297.804	0
0.000302439	0.0162529	0.2	6	299.75	0
0.000302439	0.0177575	0.2	6	302.125	0
0.000302439	0.0194014	0.2	6	305.014	0
0.000302439	0.0211975	0.2	6	308.517	0
0.000302439	0.0231598	0.2	6	312.755	0
0.000302439	0.0253038	0.2	6	317.869	0
0.000302439	0.0276463	0.2	6	324.024	0
0.000302439	0.0302057	0.2	6	331.416	0
0.000302439	0.0330019	0.2	6	340.277	0
0.000302439	0.0360571	0.2	6	350.875	0
0.000302439	0.039395	0.2	6	363.527	0
0.000302439	0.043042	0.2	6	378.6	0
0.000302439	0.0470266	0.2	6	396.522	0
0.000302439	0.05138	0.2	6	417.787	0
0.000302439	0.0561365	0.2	6	442.968	0
0.000302439	0.0613333	0.2	6	472.719	0
0.000302439	0.0670111	0.2	6	507.791	0
0.000302439	0.0732147	0.2	6	549.033	0
0.000302439	0.0799925	0.2	6	597.406	0
0.000302439	0.0873977	0.2	6	653.982	0
0.000302439	0.0954885	0.2	6	719.947	0
0.000302439	0.104328	0.2	6	796.599	0
0.000302439	0.113986	0.2	6	885.334	0
0.000302439	0.124539	0.2	6	987.624	0
0.000302439	0.136068	0.2	6	1104.98	0
0.000302439	0.148664	0.2	6	1238.9	0
0.000302439	0.162426	0.2	6	1390.78	0
0.000302439	0.177463	0.2	6	1561.79	0
0.000302439	0.193892	0.2	6	1752.75	0
0.000302439	0.211841	0.2	6	1963.87	0
0.000302439	0.231452	0.2	6	2194.54	0
0.000302439	0.252878	0.2	6	2442.91	0
0.000302439	0.276288	0.2	6	2705.54	0
0.000302439	0.301866	0.2	6	2976.81	0
0.000302439	0.329811	0.2	6	3248.42	0
0.000302439	0.360343	0.2	6	3508.65	0
0.000302439	0.393701	0.2	6	3741.81	0
0.000302439	0.430148	0.2	6	3927.69	0
0.000302439	0.469968	0.2	6	4041.34	0
0.000302439	0.513475	0.2	6	4053.58	0
0.000302439	0.56101	0.2	6	3932.59	0
0.000302439	0.612945	0.2	6	3647.57	0
0.000302439	0.669688	0.2	6	3175.85	0
0.000330437	0.000104526	0.2	6	291.096	0
0.000330437	0.000114203	0.2	6	291.091	0
0.000330437	0.000124775	0.2	6	291.086	0
0.000330437	0.000136326	0.2	6	291.08	0
0.000330437	0.000148946	0.2	6	291.074	0
0.000330437	0.000162735	0.2	6	291.068	0
0.000330437	0.0001778	0.2	6	291.06	0
0.000330437	0.00019426	0.2	6	291.052	0
0.000330437	0.000212243	0.2	6	291.043	0
0.000330437	0.000231891	0.2	6	291.034	0
0.000330437	0.000253358	0.2	6	291.024	0
0.000330437	0.000276813	0.2	6	291.013	0
0.000330437	0.000302439	0.2	6	291.001	0
0.000330437	0.000330437	0.2	6	290.987	0
0.000330437	0.000361027	0.2	6	290.973	0
0.000330437	0.000394448	0.2	6	290.958	0
0.000330437	0.000430964	0.2	6	290.941	0
0.000330437	0.00047086	0.2	6	290.923	0
0.000330437	0.00051445	0.2	6	290.904	0
0.000330437	0.000562075	0.2	6	290.883	0
0.000330437	0.000614108	0.2	6	290.86	0
0.000330437	0.000670959	0.2	6	290.836	0
0.000330437	0.000733073	0.2	6	290.81	0
0.000330437	0.000800936	0.2	6	290.782	0
0.000330437	0.000875083	0.2	6	290.752	0
0.000330437	0.000956093	0.2	6	290.72	0
0.000330437	0.0010446	0.2	6	290.686	0
0.000330437	0.00114131	0.2	6	290.65	0
0.000330437	0.00124696	0.2	6	290.612	0
0.000330437	0.0013624	0.2	6	290.573	0
0.000330437	0.00148852	0.2	6	290.531	0
0.000330437	0.00162632	0.2	6	290.488	0
0.000330437	0.00177687	0.2	6	290.444	0
0.000330437	0.00194137	0.2	6	290.399	0
0.000330437	0.00212109	0.2	6	290.353	0
0.000330437	0.00231745	0.2	6	290.308	0
0.000330437	0.00253198	0.2	6	290.265	0
0.000330437	0.00276638	0.2	6	290.223	0
0.000330437	0.00302248	0.2	6	290.186	0
0.000330437	0.00330228	0.2	6	290.155	0
0.000330437	0.00360798	0.2	6	290.132	0
0.000330437	0.00394199	0.2	6	290.12	0
0.000330437	0.00430692	0.2	6	290.123	0
0.000330437	0.00470563	0.2	6	290.145	0
0.000330437	0.00514125	0.2	6	290.192	0
0.000330437	0.0056172	0.2	6	290.269	0
0.000330437	0.0061372	0.2	6	290.386	0
0.000330437	0.00670535	0.2	6	290.551	0
0.000330437	0.0073261	0.2	6	290.776	0
0.000330437	0.0080043	0.2	6	291.075	0
0.000330437	0.0087453	0.2	6	291.466	0
0.000330437	0.00955489	0.2	6	291.969	0
0.000330437	0.0104394	0.2	6	292.608	0
0.000330437	0.0114058	0.2	6	293.412	0
0.000330437	0.0124617	0.2	6	294.417	0
0.000330437	0.0136154	0.2	6	295.665	0
0.000330437	0.0148758	0.2	6	297.207	0
0.000330437	0.0162529	0.2	6	299.101	0
0.000330437	0.0177575	0.2	6	301.419	0
0.000330437	0.0194014	0.2	6	304.246	0
0.000330437	0.0211975	0.2	6	307.682	0
0.000330437	0.0231598	0.2	6	311.846	0
0.000330437	0.0253038	0.2	6	316.879	0
0.000330437	0.0276463	0.2	6	322.945	0
0.000330437	0.0302057	0.2	6	330.241	0
0.000330437	0.0330019	0.2	6	338.996	0
0.000330437	0.0360571	0.2	6	349.479	0
0.000330437	0.039395	0.2	6	362.004	0
0.000330437	0.043042	0.2	6	376.939	0
0.000330437	0.0470266	0.2	6	394.709	0
0.000330437	0.05138	0.2	6	415.809	0
0.000330437	0.0561365	0.2	6	440.809	0
0.000330437	0.0613333	0.2	6	470.363	0
0.000330437	0.0670111	0.2	6	505.218	0
0.000330437	0.0732147	0.2	6	546.225	0
0.000330437	0.0799925	0.2	6	594.339	0
0.000330437	0.0873977	0.2	6	650.633	0
0.000330437	0.0954885	0.2	6	716.289	0
0.000330437	0.104328	0.2	6	792.605	0
0.000330437	0.113986	0.2	6	880.972	0
0.000330437	0.124539	0.2	6	982.862	0
0.000330437	0.136068	0.2	6	1099.78	0
0.000330437	0.148664	0.2	6	1233.23	0
0.000330437	0.162426	0.2	6	1384.59	0
0.000330437	0.177463	0.2	6	1555.04	0
0.000330437	0.193892	0.2	6	1745.4	0
0.000330437	0.211841	0.2	6	1955.87	0
0.000330437	0.231452	0.2	6	2185.84	0
0.000330437	0.252878	0.2	6	2433.46	0
0.000330437	0.276288	0.2	6	2695.29	0
0.000330437	0.301866	0.2	6	2965.73	0
0.000330437	0.329811	0.2	6	3236.46	0
0.000330437	0.360343	0.2	6	3495.79	0
0.000330437	0.393701	0.2	6	3728.04	0
0.000330437	0.430148	0.2	6	3913.02	0
0.000330437	0.469968	0.2	6	4025.82	0
0.000330437	0.513475	0.2	6	4037.31	0
0.000330437	0.56101	0.2	6	3915.73	0
0.000330437	0.612945	0.2	6	3630.38	0
0.000330437	0.669688	0.2	6	3158.7	0
0.000361027	0.000104526	0.2	6	291.048	0
0.000361027	0.000114203	0.2	6	291.042	0
0.000361027	0.000124775	0.2	6	291.037	0
0.000361027	0.000136326	0.2	6	291.031	0
0.000361027	0.000148946	0.2	6	291.024	0
0.000361027	0.000162735	0.2	6	291.017	0
0.000361027	0.0001778	0.2	6	291.009	0
0.000361027	0.00019426	0.2	6	291	0
0.000361027	0.000212243	0.2	6	290.99	0
0.000361027	0.000231891	0.2	6	290.98	0
0.000361027	0.000253358	0.2	6	290.969	0
0.000361027	0.000276813	0.2	6	290.957	0
0.000361027	0.000302439	0.2	6	290.944	0
0.000361027	0.000330437	0.2	6	290.93	0
0.000361027	0.000361027	0.2	6	290.914	0
0.000361027	0.000394448	0.2	6	290.897	0
0.000361027	0.000430964	0.2	6	290.879	0
0.000361027	0.00047086	0.2	6	290.859	0
0.000361027	0.00051445	0.2	6	290.838	0
0.000361027	0.000562075	0.2	6	290.815	0
0.000361027	0.000614108	0.2	6	290.791	0
0.000361027	0.000670959	0.2	6	290.764	0
0.000361027	0.000733073	0.2	6	290.735	0
0.000361027	0.000800936	0.2	6	290.705	0
0.000361027	0.000875083	0.2	6	290.672	0
0.000361027	0.000956093	0.2	6	290.637	0
0.000361027	0.0010446	0.2	6	290.599	0
0.000361027	0.00114131	0.2	6	290.559	0
0.000361027	0.00124696	0.2	6	290.517	0
0.000361027	0.0013624	0.2	6	290.473	0
0.000361027	0.00148852	0.2	6	290.426	0
0.000361027	0.00162632	0.2	6	290.377	0
0.000361027	0.00177687	0.2	6	290.327	0
0.000361027	0.00194137	0.2	6	290.275	0
0.000361027	0.00212109	0.2	6	290.222	0
0.000361027	0.00231745	0.2	6	290.169	0
0.000361027	0.00253198	0.2	6	290.117	0
0.000361027	0.00276638	0.2	6	290.066	0
0.000361027	0.00302248	0.2	6	290.019	0
0.000361027	0.00330228	0.2	6	289.976	0
0.000361027	0.00360798	0.2	6	289.941	0
0.000361027	0.00394199	0.2	6	289.915	0
0.000361027	0.00430692	0.2	6	289.903	0
0.000361027	0.00470563	0.2	6	289.909	0
0.000361027	0.00514125	0.2	6	289.938	0
0.000361027	0.0056172	0.2	6	289.996	0
0.000361027	0.0061372	0.2	6	290.091	0
0.000361027	0.00670535	0.2	6	290.233	0
0.000361027	0.0073261	0.2	6	290.433	0
0.000361027	0.0080043	0.2	6	290.704	0
0.000361027	0.0087453	0.2	6	291.065	0
0.000361027	0.00955489	0.2	6	291.534	0
0.000361027	0.0104394	0.2	6	292.137	0
0.000361027	0.0114058	0.2	6	292.902	0
0.000361027	0.0124617	0.2	6	293.864	0
0.000361027	0.0136154	0.2	6	295.065	0
0.000361027	0.0148758	0.2	6	296.554	0
0.000361027	0.0162529	0.2	6	298.392	0
0.000361027	0.0177575	0.2	6	300.649	0
0.000361027	0.0194014	0.2	6	303.408	0
0.000361027	0.0211975	0.2	6	306.771	0
0.000361027	0.0231598	0.2	6	310.854	0
0.000361027	0.0253038	0.2	6	315.799	0
0.000361027	0.0276463	0.2	6	321.769	0
0.000361027	0.0302057	0.2	6	328.96	0
0.000361027	0.0330019	0.2	6	337.6	0
0.000361027	0.0360571	0.2	6	347.957	0
0.000361027	0.039395	0.2	6	360.345	0
0.000361027	0.043042	0.2	6	375.13	0
0.000361027	0.0470266	0.2	6	392.736	0
0.000361027	0.05138	0.2	6	413.657	0
0.000361027	0.0561365	0.2	6	438.46	0
0.000361027	0.0613333	0.2	6	467.8	0
0.000361027	0.0670111	0.2	6	502.421	0
0.000361027	0.0732147	0.2	6	543.172	0
0.000361027	0.0799925	0.2	6	591.008	0
0.000361027	0.0873977	0.2	6	646.997	0
0.000361027	0.0954885	0.2	6	712.321	0
0.000361027	0.104328	0.2	6	788.274	0
0.000361027	0.113986	0.2	6	876.247	0
0.000361027	0.124539	0.2	6	977.707	0
0.000361027	0.136068	0.2	6	1094.16	0
0.000361027	0.148664	0.2	6	1227.1	0
0.000361027	0.162426	0.2	6	1377.91	0
0.000361027	0.177463	0.2	6	1547.77	0
0.000361027	0.193892	0.2	6	1737.48	0
0.000361027	0.211841	0.2	6	1947.27	0
0.000361027	0.231452	0.2	6	2176.49	0
0.000361027	0.252878	0.2	6	2423.33	0
0.000361027	0.276288	0.2	6	2684.33	0
0.000361027	0.301866	0.2	6	2953.9	0
0.000361027	0.329811	0.2	6	3223.73	0
0.000361027	0.360343	0.2	6	3482.14	0
0.000361027	0.393701	0.2	6	3713.47	0
0.000361027	0.430148	0.2	6	3897.56	0
0.000361027	0.469968	0.2	6	4009.56	0
0.000361027	0.513475	0.2	6	4020.36	0
0.000361027	0.56101	0.2	6	3898.29	0
0.000361027	0.612945	0.2	6	3612.76	0
0.000361027	0.669688	0.2	6	3141.35	0
0.000394448	0.000104526	0.2	6	290.994	0
0.000394448	0.000114203	0.2	6	290.989	0
0.000394448	0.000124775	0.2	6	290.983	0
0.000394448	0.000136326	0.2	6	290.976	0
0.000394448	0.000148946	0.2	6	290.969	0
0.000394448	0.000162735	0.2	6	290.961	0
0.000394448	0.0001778	0.2	6	290.952	0
0.000394448	0.00019426	0.2	6	290.943	0
0.000394448	0.000212243	0.2	6	290.933	0
0.000394448	0.000231891	0.2	6	290.922	0
0.000394448	0.000253358	0.2	6	290.909	0
0.000394448	0.000276813	0.2	6	290.896	0
0.000394448	0.000302439	0.2	6	290.882	0
0.000394448	0.000330437	0.2	6	290.866	0
0.000394448	0.000361027	0.2	6	290.85	0
0.000394448	0.000394448	0.2	6	290.831	0
0.000394448	0.000430964	0.2	6	290.812	0
0.000394448	0.00047086	0.2	6	290.79	0
0.000394448	0.00051445	0.2	6	290.767	0
0.000394448	0.000562075	0.2	6	290.742	0
0.000394448	0.000614108	0.2	6	290.715	0
0.000394448	0.000670959	0.2	6	290.686	0
0.000394448	0.000733073	0.2	6	290.654	0
0.000394448	0.000800936	0.2	6	290.621	0
0.000394448	0.000875083	0.2	6	290.584	0
0.000394448	0.000956093	0.2	6	290.546	0
0.000394448	0.0010446	0.2	6	290.504	0
0.000394448	0.00114131	0.2	6	290.46	0
0.000394448	0.00124696	0.2	6	290.413	0
0.000394448	0.0013624	0.2	6	290.364	0
0.000394448	0.00148852	0.2	6	290.311	0
0.000394448	0.00162632	0.2	6	290.257	0
0.000394448	0.00177687	0.2	6	290.199	0
0.000394448	0.00194137	0.2	6	290.14	0
0.000394448	0.00212109	0.2	6	290.08	0
0.000394448	0.00231745	0.2	6	290.018	0
0.000394448	0.00253198	0.2	6	289.956	0
0.000394448	0.00276638	0.2	6	289.895	0
0.000394448	0.00302248	0.2	6	289.836	0
0.000394448	0.00330228	0.2	6	289.781	0
0.000394448	0.00360798	0.2	6	289.732	0
0.000394448	0.00394199	0.2	6	289.691	0
0.000394448	0.00430692	0.2	6	289.663	0
0.000394448	0.00470563	0.2	6	289.651	0
0.000394448	0.00514125	0.2	6	289.66	0
0.000394448	0.0056172	0.2	6	289.697	0
0.000394448	0.0061372	0.2	6	289.769	0
0.000394448	0.00670535	0.2	6	289.886	0
0.000394448	0.0073261	0.2	6	290.058	0
0.000394448	0.0080043	0.2	6	290.299	0
0.000394448	0.0087453	0.2	6	290.627	0
0.000394448	0.00955489	0.2	6	291.06	0
0.000394448	0.0104394	0.2	6	291.623	0
0.000394448	0.0114058	0.2	6	292.345	0
0.000394448	0.0124617	0.2	6	293.26	0
0.000394448	0.0136154	0.2	6	294.41	0
0.000394448	0.0148758	0.2	6	295.843	0
0.000394448	0.0162529	0.2	6	297.619	0
0.000394448	0.0177575	0.2	6	299.809	0
0.000394448	0.0194014	0.2	6	302.495	0
0.000394448	0.0211975	0.2	6	305.777	0
0.000394448	0.0231598	0.2	6	309.773	0
0.000394448	0.0253038	0.2	6	314.622	0
0.000394448	0.0276463	0.2	6	320.487	0
0.000394448	0.0302057	0.2	6	327.564	0
0.000394448	0.0330019	0.2	6	336.079	0
0.000394448	0.0360571	0.2	6	346.3	0
0.000394448	0.039395	0.2	6	358.538	0
0.000394448	0.043042	0.2	6	373.16	0
0.000394448	0.0470266	0.2	6	390.588	0
0.000394448	0.05138	0.2	6	411.314	0
0.000394448	0.0561365	0.2	6	435.906	0
0.000394448	0.0613333	0.2	6	465.014	0
0.000394448	0.0670111	0.2	6	499.382	0
0.000394448	0.0732147	0.2	6	539.857	0
0.000394448	0.0799925	0.2	6	587.391	0
0.000394448	0.0873977	0.2	6	643.052	0
0.000394448	0.0954885	0.2	6	708.019	0
0.000394448	0.104328	0.2	6	783.583	0
0.000394448	0.113986	0.2	6	871.132	0
0.000394448	0.124539	0.2	6	972.132	0
0.000394448	0.136068	0.2	6	1088.09	0
0.000394448	0.148664	0.2	6	1220.48	0
0.000394448	0.162426	0.2	6	1370.71	0
0.000394448	0.177463	0.2	6	1539.94	0
0.000394448	0.193892	0.2	6	1728.97	0
0.000394448	0.211841	0.2	6	1938.03	0
0.000394448	0.231452	0.2	6	2166.48	0
0.000394448	0.252878	0.2	6	2412.51	0
0.000394448	0.276288	0.2	6	2672.64	0
0.000394448	0.301866	0.2	6	2941.31	0
0.000394448	0.329811	0.2	6	3210.22	0
0.000394448	0.360343	0.2	6	3467.71	0
0.000394448	0.393701	0.2	6	3698.13	0
0.000394448	0.430148	0.2	6	3881.36	0
0.000394448	0.469968	0.2	6	3992.6	0
0.000394448	0.513475	0.2	6	4002.81	0
0.000394448	0.56101	0.2	6	3880.4	0
0.000394448	0.612945	0.2	6	3594.9	0
0.000394448	0.669688	0.2	6	3124.06	0
0.000430964	0.000104526	0.2	6	290.937	0
0.000430964	0.000114203	0.2	6	290.931	0
0.000430964	0.000124775	0.2	6	290.924	0
0.000430964	0.000136326	0.2	6	290.917	0
0.000430964	0.000148946	0.2	6	290.909	0
0.000430964	0.000162735	0.2	6	290.9	0
0.000430964	0.0001778	0.2	6	290.891	0
0.000430964	0.00019426	0.2	6	290.881	0
0.000430964	0.000212243	0.2	6	290.87	0
0.000430964	0.000231891	0.2	6	290.857	0
0.000430964	0.000253358	0.2	6	290.844	0
0.000430964	0.000276813	0.2	6	290.83	0
0.000430964	0.000302439	0.2	6	290.814	0
0.000430964	0.000330437	0.2	6	290.798	0
0.000430964	0.000361027	0.2	6	290.779	0
0.000430964	0.000394448	0.2	6	290.759	0
0.000430964	0.000430964	0.2	6	290.738	0
0.000430964	0.00047086	0.2	6	290.714	0
0.000430964	0.00051445	0.2	6	290.689	0
0.000430964	0.000562075	0.2	6	290.662	0
0.000430964	0.000614108	0.2	6	290.632	0
0.000430964	0.000670959	0.2	6	290.6	0
0.000430964	0.000733073	0.2	6	290.566	0
0.000430964	0.000800936	0.2	6	290.529	0
0.000430964	0.000875083	0.2	6	290.489	0
0.000430964	0.000956093	0.2	6	290.446	0
0.000430964	0.0010446	0.2	6	290.401	0
0.000430964	0.00114131	0.2	6	290.352	0
0.000430964	0.00124696	0.2	6	290.3	0
0.000430964	0.0013624	0.2	6	290.245	0
0.000430964	0.00148852	0.2	6	290.186	0
0.000430964	0.00162632	0.2	6	290.125	0
0.000430964	0.00177687	0.2	6	290.06	0
0.000430964	0.00194137	0.2	6	289.993	0
0.000430964	0.00212109	0.2	6	289.924	0
0.000430964	0.00231745	0.2	6	289.852	0
0.000430964	0.00253198	0.2	6	289.78	0
0.000430964	0.00276638	0.2	6	289.707	0
0.000430964	0.00302248	0.2	6	289.636	0
0.000430964	0.00330228	0.2	6	289.567	0
0.000430964	0.00360798	0.2	6	289.503	0
0.000430964	0.00394199	0.2	6	289.447	0
0.000430964	0.00430692	0.2	6	289.401	0
0.000430964	0.00470563	0.2	6	289.369	0
0.000430964	0.00514125	0.2	6	289.357	0
0.000430964	0.0056172	0.2	6	289.371	0
0.000430964	0.0061372	0.2	6	289.418	0
0.000430964	0.00670535	0.2	6	289.507	0
0.000430964	0.0073261	0.2	6	289.649	0
0.000430964	0.0080043	0.2	6	289.857	0
0.000430964	0.0087453	0.2	6	290.149	0
0.000430964	0.00955489	0.2	6	290.543	0
0.000430964	0.0104394	0.2	6	291.063	0
0.000430964	0.0114058	0.2	6	291.738	0
0.000430964	0.0124617	0.2	6	292.601	0
0.000430964	0.0136154	0.2	6	293.694	0
0.000430964	0.0148758	0.2	6	295.066	0
0.000430964	0.0162529	0.2	6	296.776	0
0.000430964	0.0177575	0.2	6	298.892	0
0.000430964	0.0194014	0.2	6	301.498	0
0.000430964	0.0211975	0.2	6	304.693	0
0.000430964	0.0231598	0.2	6	308.594	0
0.000430964	0.0253038	0.2	6	313.338	0
0.000430964	0.0276463	0.2	6	319.09	0
0.000430964	0.0302057	0.2	6	326.042	0
0.000430964	0.0330019	0.2	6	334.422	0
0.000430964	0.0360571	0.2	6	344.494	0
0.000430964	0.039395	0.2	6	356.571	0
0.000430964	0.043042	0.2	6	371.016	0
0.000430964	0.0470266	0.2	6	388.251	0
0.000430964	0.05138	0.2	6	408.767	0
0.000430964	0.0561365	0.2	6	433.129	0
0.000430964	0.0613333	0.2	6	461.986	0
0.000430964	0.0670111	0.2	6	496.081	0
0.000430964	0.0732147	0.2	6	536.258	0
0.000430964	0.0799925	0.2	6	583.468	0
0.000430964	0.0873977	0.2	6	638.776	0
0.000430964	0.0954885	0.2	6	703.359	0
0.000430964	0.104328	0.2	6	778.505	0
0.000430964	0.113986	0.2	6	865.601	0
0.000430964	0.124539	0.2	6	966.109	0
0.000430964	0.136068	0.2	6	1081.53	0
0.000430964	0.148664	0.2	6	1213.35	0
0.000430964	0.162426	0.2	6	1362.96	0
0.000430964	0.177463	0.2	6	1531.52	0
0.000430964	0.193892	0.2	6	1719.84	0
0.000430964	0.211841	0.2	6	1928.14	0
0.000430964	0.231452	0.2	6	2155.79	0
0.000430964	0.252878	0.2	6	2400.96	0
0.000430964	0.276288	0.2	6	2660.21	0
0.000430964	0.301866	0.2	6	2927.97	0
0.000430964	0.329811	0.2	6	3195.95	0
0.000430964	0.360343	0.2	6	3452.51	0
0.000430964	0.393701	0.2	6	3682.06	0
0.000430964	0.430148	0.2	6	3864.49	0
0.000430964	0.469968	0.2	6	3975.05	0
0.000430964	0.513475	0.2	6	3984.8	0
0.000430964	0.56101	0.2	6	3862.25	0
0.000430964	0.612945	0.2	6	3577.06	0
0.000430964	0.669688	0.2	6	3107.16	0
0.00047086	0.000104526	0.2	6	290.873	0
0.00047086	0.000114203	0.2	6	290.867	0
0.00047086	0.000124775	0.2	6	290.86	0
0.00047086	0.000136326	0.2	6	290.852	0
0.00047086	0.000148946	0.2	6	290.843	0
0.00047086	0.000162735	0.2	6	290.834	0
0.00047086	0.0001778	0.2	6	290.824	0
0.00047086	0.00019426	0.2	6	290.813	0
0.00047086	0.000212243	0.2	6	290.801	0
0.00047086	0.000231891	0.2	6	290.788	0
0.00047086	0.000253358	0.2	6	290.773	0
0.00047086	0.000276813	0.2	6	290.758	0
0.00047086	0.000302439	0.2	6	290.741	0
0.00047086	0.000330437	0.2	6	290.722	0
0.00047086	0.000361027	0.2	6	290.702	0
0.00047086	0.000394448	0.2	6	290.681	0
0.00047086	0.000430964	0.2	6	290.657	0
0.00047086	0.00047086	0.2	6	290.632	0
0.00047086	0.00051445	0.2	6	290.604	0
0.00047086	0.000562075	0.2	6	290.574	0
0.00047086	0.000614108	0.2	6	290.542	0
0.00047086	0.000670959	0.2	6	290.507	0
0.00047086	0.000733073	0.2	6	290.469	0
0.00047086	0.000800936	0.2	6	290.429	0
0.00047086	0.000875083	0.2	6	290.385	0
0.00047086	0.000956093	0.2	6	290.338	0
0.00047086	0.0010446	0.2	6	290.287	0
0.00047086	0.00114131	0.2	6	290.233	0
0.00047086	0.00124696	0.2	6	290.176	0
0.00047086	0.0013624	0.2	6	290.115	0
0.00047086	0.00148852	0.2	6	290.049	0
0.00047086	0.00162632	0.2	6	289.981	0
0.00047086	0.00177687	0.2	6	289.908	0
0.00047086	0.00194137	0.2	6	289.832	0
0.00047086	0.00212109	0.2	6	289.753	0
0.00047086	0.00231745	0.2	6	289.671	0
0.00047086	0.00253198	0.2	6	289.588	0
0.00047086	0.00276638	0.2	6	289.503	0
0.00047086	0.00302248	0.2	6	289.418	0
0.00047086	0.00330228	0.2	6	289.334	0
0.00047086	0.00360798	0.2	6	289.254	0
0.00047086	0.00394199	0.2	6	289.18	0
0.00047086	0.00430692	0.2	6	289.114	0
0.00047086	0.00470563	0.2	6	289.062	0
0.00047086	0.00514125	0.2	6	289.027	0
0.00047086	0.0056172	0.2	6	289.015	0
0.00047086	0.0061372	0.2	6	289.034	0
0.00047086	0.00670535	0.2	6	289.093	0
0.00047086	0.0073261	0.2	6	289.202	0
0.00047086	0.0080043	0.2	6	289.374	0
0.00047086	0.0087453	0.2	6	289.627	0
0.00047086	0.00955489	0.2	6	289.978	0
0.00047086	0.0104394	0.2	6	290.451	0
0.00047086	0.0114058	0.2	6	291.074	0
0.00047086	0.0124617	0.2	6	291.882	0
0.00047086	0.0136154	0.2	6	292.914	0
0.00047086	0.0148758	0.2	6	294.219	0
0.00047086	0.0162529	0.2	6	295.856	0
0.00047086	0.0177575	0.2	6	297.892	0
0.00047086	0.0194014	0.2	6	300.411	0
0.00047086	0.0211975	0.2	6	303.511	0
0.00047086	0.0231598	0.2	6	307.308	0
0.00047086	0.0253038	0.2	6	311.939	0
0.00047086	0.0276463	0.2	6	317.567	0
0.00047086	0.0302057	0.2	6	324.385	0
0.00047086	0.0330019	0.2	6	332.617	0
0.00047086	0.0360571	0.2	6	342.528	0
0.00047086	0.039395	0.2	6	354.43	0
0.00047086	0.043042	0.2	6	368.683	0
0.00047086	0.0470266	0.2	6	385.709	0
0.00047086	0.05138	0.2	6	405.997	0
0.00047086	0.0561365	0.2	6	430.111	0
0.00047086	0.0613333	0.2	6	458.698	0
0.00047086	0.0670111	0.2	6	492.498	0
0.00047086	0.0732147	0.2	6	532.355	0
0.00047086	0.0799925	0.2	6	579.216	0
0.00047086	0.0873977	0.2	6	634.144	0
0.00047086	0.0954885	0.2	6	698.315	0
0.00047086	0.104328	0.2	6	773.015	0
0.00047086	0.113986	0.2	6	859.626	0
0.00047086	0.124539	0.2	6	959.611	0
0.00047086	0.136068	0.2	6	1074.47	0
0.00047086	0.148664	0.2	6	1205.68	0
0.00047086	0.162426	0.2	6	1354.63	0
0.00047086	0.177463	0.2	6	1522.49	0
0.00047086	0.193892	0.2	6	1710.06	0
0.00047086	0.211841	0.2	6	1917.57	0
0.00047086	0.231452	0.2	6	2144.38	0
0.00047086	0.252878	0.2	6	2388.68	0
0.00047086	0.276288	0.2	6	2647.03	0
0.00047086	0.301866	0.2	6	2913.86	0
0.00047086	0.329811	0.2	6	3180.92	0
0.00047086	0.360343	0.2	6	3436.6	0
0.00047086	0.393701	0.2	6	3665.31	0
0.00047086	0.430148	0.2	6	3847.02	0
0.00047086	0.469968	0.2	6	3957.05	0
0.00047086	0.513475	0.2	6	3966.53	0
0.00047086	0.56101	0.2	6	3844.08	0
0.00047086	0.612945	0.2	6	3559.55	0
0.00047086	0.669688	0.2	6	3091.06	0
0.00051445	0.000104526	0.2	6	290.805	0
0.00051445	0.000114203	0.2	6	290.797	0
0.00051445	0.000124775	0.2	6	290.79	0
0.00051445	0.000136326	0.2	6	290.781	0
0.00051445	0.000148946	0.2	6	290.772	0
0.00051445	0.000162735	0.2	6	290.762	0
0.00051445	0.0001778	0.2	6	290.751	0
0.00051445	0.00019426	0.2	6	290.739	0
0.00051445	0.000212243	0.2	6	290.725	0
0.00051445	0.000231891	0.2	6	290.711	0
0.00051445	0.000253358	0.2	6	290.696	0
0.00051445	0.000276813	0.2	6	290.679	0
0.00051445	0.000302439	0.2	6	290.66	0
0.00051445	0.000330437	0.2	6	290.64	0
0.00051445	0.000361027	0.2	6	290.619	0
0.00051445	0.000394448	0.2	6	290.595	0
0.00051445	0.000430964	0.2	6	290.569	0
0.00051445	0.00047086	0.2	6	290.542	0
0.00051445	0.00051445	0.2	6	290.511	0
0.00051445	0.000562075	0.2	6	290.479	0
0.00051445	0.000614108	0.2	6	290.443	0
0.00051445	0.000670959	0.2	6	290.405	0
0.00051445	0.000733073	0.2	6	290.364	0
0.00051445	0.000800936	0.2	6	290.319	0
0.00051445	0.000875083	0.2	6	290.271	0
0.00051445	0.000956093	0.2	6	290.22	0
0.00051445	0.0010446	0.2	6	290.164	0
0.00051445	0.00114131	0.2	6	290.104	0
0.00051445	0.00124696	0.2	6	290.041	0
0.00051445	0.0013624	0.2	6	289.973	0
0.00051445	0.00148852	0.2	6	289.9	0
0.00051445	0.00162632	0.2	6	289.823	0
0.00051445	0.00177687	0.2	6	289.742	0
0.00051445	0.00194137	0.2	6	289.657	0
0.00051445	0.00212109	0.2	6	289.567	0
0.00051445	0.00231745	0.2	6	289.474	0
0.00051445	0.00253198	0.2	6	289.378	0
0.00051445	0.00276638	0.2	6	289.279	0
0.00051445	0.00302248	0.2	6	289.179	0
0.00051445	0.00330228	0.2	6	289.08	0
0.00051445	0.00360798	0.2	6	288.982	0
0.00051445	0.00394199	0.2	6	288.888	0
0.00051445	0.00430692	0.2	6	288.802	0
0.00051445	0.00470563	0.2	6	288.726	0
0.00051445	0.00514125	0.2	6	288.666	0
0.00051445	0.0056172	0.2	6	288.626	0
0.00051445	0.0061372	0.2	6	288.615	0
0.00051445	0.00670535	0.2	6	288.641	0
0.00051445	0.0073261	0.2	6	288.714	0
0.00051445	0.0080043	0.2	6	288.848	0
0.00051445	0.0087453	0.2	6	289.057	0
0.00051445	0.00955489	0.2	6	289.361	0
0.00051445	0.0104394	0.2	6	289.783	0
0.00051445	0.0114058	0.2	6	290.351	0
0.00051445	0.0124617	0.2	6	291.097	0
0.00051445	0.0136154	0.2	6	292.063	0
0.00051445	0.0148758	0.2	6	293.295	0
0.00051445	0.0162529	0.2	6	294.852	0
0.00051445	0.0177575	0.2	6	296.802	0
0.00051445	0.0194014	0.2	6	299.226	0
0.00051445	0.0211975	0.2	6	302.223	0
0.00051445	0.0231598	0.2	6	305.907	0
0.00051445	0.0253038	0.2	6	310.415	0
0.00051445	0.0276463	0.2	6	315.909	0
0.00051445	0.0302057	0.2	6	322.579	0
0.00051445	0.0330019	0.2	6	330.651	0
0.00051445	0.0360571	0.2	6	340.388	0
0.00051445	0.039395	0.2	6	352.1	0
0.00051445	0.043042	0.2	6	366.146	0
0.00051445	0.0470266	0.2	6	382.946	0
0.00051445	0.05138	0.2	6	402.988	0
0.00051445	0.0561365	0.2	6	426.833	0
0.00051445	0.0613333	0.2	6	455.128	0
0.00051445	0.0670111	0.2	6	488.612	0
0.00051445	0.0732147	0.2	6	528.123	0
0.00051445	0.0799925	0.2	6	574.61	0
0.00051445	0.0873977	0.2	6	629.132	0
0.00051445	0.0954885	0.2	6	692.862	0
0.00051445	0.104328	0.2	6	767.084	0
0.00051445	0.113986	0.2	6	853.18	0
0.00051445	0.124539	0.2	6	952.608	0
0.00051445	0.136068	0.2	6	1066.87	0
0.00051445	0.148664	0.2	6	1197.43	0
0.00051445	0.162426	0.2	6	1345.7	0
0.00051445	0.177463	0.2	6	1512.82	0
0.00051445	0.193892	0.2	6	1699.62	0
0.00051445	0.211841	0.2	6	1906.3	0
0.00051445	0.231452	0.2	6	2132.26	0
0.00051445	0.252878	0.2	6	2375.66	0
0.00051445	0.276288	0.2	6	2633.1	0
0.00051445	0.301866	0.2	6	2899.03	0
0.00051445	0.329811	0.2	6	3165.2	0
0.00051445	0.360343	0.2	6	3420.03	0
0.00051445	0.393701	0.2	6	3648	0
0.00051445	0.430148	0.2	6	3829.11	0
0.00051445	0.469968	0.2	6	3938.77	0
0.00051445	0.513475	0.2	6	3948.22	0
0.00051445	0.56101	0.2	6	3826.22	0
0.00051445	0.612945	0.2	6	3542.79	0
0.00051445	0.669688	0.2	6	3076.31	0
0.000562075	0.000104526	0.2	6	290.729	0
0.000562075	0.000114203	0.2	6	290.722	0
0.000562075	0.000124775	0.2	6	290.713	0
0.000562075	0.000136326	0.2	6	290.704	0
0.000562075	0.000148946	0.2	6	290.694	0
0.000562075	0.000162735	0.2	6	290.683	0
0.000562075	0.0001778	0.2	6	290.671	0
0.000562075	0.00019426	0.2	6	290.658	0
0.000562075	0.000212243	0.2	6	290.644	0
0.000562075	0.000231891	0.2	6	290.628	0
0.000562075	0.000253358	0.2	6	290.611	0
0.000562075	0.000276813	0.2	6	290.593	0
0.000562075	0.000302439	0.2	6	290.573	0
0.000562075	0.000330437	0.2	6	290.551	0
0.000562075	0.000361027	0.2	6	290.527	0
0.000562075	0.000394448	0.2	6	290.502	0
0.000562075	0.000430964	0.2	6	290.474	0
0.000562075	0.00047086	0.2	6	290.443	0
0.000562075	0.00051445	0.2	6	290.41	0
0.000562075	0.000562075	0.2	6	290.375	0
0.000562075	0.000614108	0.2	6	290.336	0
0.000562075	0.000670959	0.2	6	290.294	0
0.000562075	0.000733073	0.2	6	290.249	0
0.000562075	0.000800936	0.2	6	290.2	0
0.000562075	0.000875083	0.2	6	290.147	0
0.000562075	0.000956093	0.2	6	290.09	0
0.000562075	0.0010446	0.2	6	290.029	0
0.000562075	0.00114131	0.2	6	289.964	0
0.000562075	0.00124696	0.2	6	289.893	0
0.000562075	0.0013624	0.2	6	289.818	0
0.000562075	0.00148852	0.2	6	289.737	0
0.000562075	0.00162632	0.2	6	289.652	0
0.000562075	0.00177687	0.2	6	289.561	0
0.000562075	0.00194137	0.2	6	289.465	0
0.000562075	0.00212109	0.2	6	289.364	0
0.000562075	0.00231745	0.2	6	289.259	0
0.000562075	0.00253198	0.2	6	289.149	0
0.000562075	0.00276638	0.2	6	289.035	0
0.000562075	0.00302248	0.2	6	288.919	0
0.000562075	0.00330228	0.2	6	288.802	0
0.000562075	0.00360798	0.2	6	288.685	0
0.000562075	0.00394199	0.2	6	288.57	0
0.000562075	0.00430692	0.2	6	288.46	0
0.000562075	0.00470563	0.2	6	288.359	0
0.000562075	0.00514125	0.2	6	288.271	0
0.000562075	0.0056172	0.2	6	288.202	0
0.000562075	0.0061372	0.2	6	288.158	0
0.000562075	0.00670535	0.2	6	288.148	0
0.000562075	0.0073261	0.2	6	288.182	0
0.000562075	0.0080043	0.2	6	288.272	0
0.000562075	0.0087453	0.2	6	288.435	0
0.000562075	0.00955489	0.2	6	288.688	0
0.000562075	0.0104394	0.2	6	289.054	0
0.000562075	0.0114058	0.2	6	289.561	0
0.000562075	0.0124617	0.2	6	290.241	0
0.000562075	0.0136154	0.2	6	291.134	0
0.000562075	0.0148758	0.2	6	292.287	0
0.000562075	0.0162529	0.2	6	293.758	0
0.000562075	0.0177575	0.2	6	295.613	0
0.000562075	0.0194014	0.2	6	297.935	0
0.000562075	0.0211975	0.2	6	300.819	0
0.000562075	0.0231598	0.2	6	304.38	0
0.000562075	0.0253038	0.2	6	308.754	0
0.000562075	0.0276463	0.2	6	314.102	0
0.000562075	0.0302057	0.2	6	320.614	0
0.000562075	0.0330019	0.2	6	328.512	0
0.000562075	0.0360571	0.2	6	338.06	0
0.000562075	0.039395	0.2	6	349.565	0
0.000562075	0.043042	0.2	6	363.387	0
0.000562075	0.0470266	0.2	6	379.944	0
0.000562075	0.05138	0.2	6	399.72	0
0.000562075	0.0561365	0.2	6	423.276	0
0.000562075	0.0613333	0.2	6	451.257	0
0.000562075	0.0670111	0.2	6	484.399	0
0.000562075	0.0732147	0.2	6	523.54	0
0.000562075	0.0799925	0.2	6	569.625	0
0.000562075	0.0873977	0.2	6	623.712	0
0.000562075	0.0954885	0.2	6	686.972	0
0.000562075	0.104328	0.2	6	760.686	0
0.000562075	0.113986	0.2	6	846.235	0
0.000562075	0.124539	0.2	6	945.073	0
0.000562075	0.136068	0.2	6	1058.7	0
0.000562075	0.148664	0.2	6	1188.59	0
0.000562075	0.162426	0.2	6	1336.13	0
0.000562075	0.177463	0.2	6	1502.5	0
0.000562075	0.193892	0.2	6	1688.49	0
0.000562075	0.211841	0.2	6	1894.33	0
0.000562075	0.231452	0.2	6	2119.41	0
0.000562075	0.252878	0.2	6	2361.93	0
0.000562075	0.276288	0.2	6	2618.47	0
0.000562075	0.301866	0.2	6	2883.51	0
0.000562075	0.329811	0.2	6	3148.84	0
0.000562075	0.360343	0.2	6	3402.91	0
0.000562075	0.393701	0.2	6	3630.24	0
0.000562075	0.430148	0.2	6	3810.94	0
0.000562075	0.469968	0.2	6	3920.47	0
0.000562075	0.513475	0.2	6	3930.21	0
0.000562075	0.56101	0.2	6	3809.08	0
0.000562075	0.612945	0.2	6	3527.31	0
0.000562075	0.669688	0.2	6	3063.56	0
0.000614108	0.000104526	0.2	6	290.648	0
0.000614108	0.000114203	0.2	6	290.639	0
0.000614108	0.000124775	0.2	6	290.63	0
0.000614108	0.000136326	0.2	6	290.62	0
0.000614108	0.000148946	0.2	6	290.609	0
0.000614108	0.000162735	0.2	6	290.597	0
0.000614108	0.0001778	0.2	6	290.584	0
0.000614108	0.00019426	0.2	6	290.57	0
0.000614108	0.000212243	0.2	6	290.554	0
0.000614108	0.000231891	0.2	6	290.537	0
0.000614108	0.000253358	0.2	6	290.519	0
0.000614108	0.000276813	0.2	6	290.499	0
0.000614108	0.000302439	0.2	6	290.477	0
0.000614108	0.000330437	0.2	6	290.453	0
0.000614108	0.000361027	0.2	6	290.428	0
0.000614108	0.000394448	0.2	6	290.4	0
0.000614108	0.000430964	0.2	6	290.369	0
0.000614108	0.00047086	0.2	6	290.336	0
0.000614108	0.00051445	0.2	6	290.3	0
0.000614108	0.000562075	0.2	6	290.261	0
0.000614108	0.000614108	0.2	6	290.219	0
0.000614108	0.000670959	0.2	6	290.173	0
0.000614108	0.000733073	0.2	6	290.123	0
0.000614108	0.000800936	0.2	6	290.07	0
0.000614108	0.000875083	0.2	6	290.012	0
0.000614108	0.000956093	0.2	6	289.949	0
0.000614108	0.0010446	0.2	6	289.882	0
0.000614108	0.00114131	0.2	6	289.81	0
0.000614108	0.00124696	0.2	6	289.732	0
0.000614108	0.0013624	0.2	6	289.649	0
0.000614108	0.00148852	0.2	6	289.56	0
0.000614108	0.00162632	0.2	6	289.464	0
0.000614108	0.00177687	0.2	6	289.363	0
0.000614108	0.00194137	0.2	6	289.256	0
0.000614108	0.00212109	0.2	6	289.143	0
0.000614108	0.00231745	0.2	6	289.023	0
0.000614108	0.00253198	0.2	6	288.899	0
0.000614108	0.00276638	0.2	6	288.769	0
0.000614108	0.00302248	0.2	6	288.635	0
0.000614108	0.00330228	0.2	6	288.498	0
0.000614108	0.00360798	0.2	6	288.36	0
0.000614108	0.00394199	0.2	6	288.222	0
0.000614108	0.00430692	0.2	6	288.087	0
0.000614108	0.00470563	0.2	6	287.959	0
0.000614108	0.00514125	0.2	6	287.841	0
0.000614108	0.0056172	0.2	6	287.739	0
0.000614108	0.0061372	0.2	6	287.659	0
0.000614108	0.00670535	0.2	6	287.61	0
0.000614108	0.0073261	0.2	6	287.601	0
0.000614108	0.0080043	0.2	6	287.645	0
0.000614108	0.0087453	0.2	6	287.756	0
0.000614108	0.00955489	0.2	6	287.953	0
0.000614108	0.0104394	0.2	6	288.259	0
0.000614108	0.0114058	0.2	6	288.699	0
0.000614108	0.0124617	0.2	6	289.307	0
0.000614108	0.0136154	0.2	6	290.121	0
0.000614108	0.0148758	0.2	6	291.188	0
0.000614108	0.0162529	0.2	6	292.564	0
0.000614108	0.0177575	0.2	6	294.317	0
0.000614108	0.0194014	0.2	6	296.526	0
0.000614108	0.0211975	0.2	6	299.288	0
0.000614108	0.0231598	0.2	6	302.716	0
0.000614108	0.0253038	0.2	6	306.945	0
0.000614108	0.0276463	0.2	6	312.135	0
0.000614108	0.0302057	0.2	6	318.474	0
0.000614108	0.0330019	0.2	6	326.185	0
0.000614108	0.0360571	0.2	6	335.528	0
0.000614108	0.039395	0.2	6	346.811	0
0.000614108	0.043042	0.2	6	360.39	0
0.000614108	0.0470266	0.2	6	376.683	0
0.000614108	0.05138	0.2	6	396.172	0
0.000614108	0.0561365	0.2	6	419.418	0
0.000614108	0.0613333	0.2	6	447.061	0
0.000614108	0.0670111	0.2	6	479.837	0
0.000614108	0.0732147	0.2	6	518.581	0
0.000614108	0.0799925	0.2	6	564.237	0
0.000614108	0.0873977	0.2	6	617.859	0
0.000614108	0.0954885	0.2	6	680.618	0
0.000614108	0.104328	0.2	6	753.793	0
0.000614108	0.113986	0.2	6	838.762	0
0.000614108	0.124539	0.2	6	936.98	0
0.000614108	0.136068	0.2	6	1049.94	0
0.000614108	0.148664	0.2	6	1179.13	0
0.000614108	0.162426	0.2	6	1325.92	0
0.000614108	0.177463	0.2	6	1491.5	0
0.000614108	0.193892	0.2	6	1676.67	0
0.000614108	0.211841	0.2	6	1881.65	0
0.000614108	0.231452	0.2	6	2105.86	0
0.000614108	0.252878	0.2	6	2347.49	0
0.000614108	0.276288	0.2	6	2603.16	0
0.000614108	0.301866	0.2	6	2867.37	0
0.000614108	0.329811	0.2	6	3131.93	0
0.000614108	0.360343	0.2	6	3385.36	0
0.000614108	0.393701	0.2	6	3612.24	0
0.000614108	0.430148	0.2	6	3792.74	0
0.000614108	0.469968	0.2	6	3902.46	0
0.000614108	0.513475	0.2	6	3912.89	0
0.000614108	0.56101	0.2	6	3793.18	0
0.000614108	0.612945	0.2	6	3513.78	0
0.000614108	0.669688	0.2	6	3053.68	0
0.000670959	0.000104526	0.2	6	290.558	0
0.000670959	0.000114203	0.2	6	290.549	0
0.000670959	0.000124775	0.2	6	290.539	0
0.000670959	0.000136326	0.2	6	290.528	0
0.000670959	0.000148946	0.2	6	290.516	0
0.000670959	0.000162735	0.2	6	290.503	0
0.000670959	0.0001778	0.2	6	290.489	0
0.000670959	0.00019426	0.2	6	290.474	0
0.000670959	0.000212243	0.2	6	290.457	0
0.000670959	0.000231891	0.2	6	290.438	0
0.000670959	0.000253358	0.2	6	290.418	0
0.000670959	0.000276813	0.2	6	290.396	0
0.000670959	0.000302439	0.2	6	290.373	0
0.000670959	0.000330437	0.2	6	290.347	0
0.000670959	0.000361027	0.2	6	290.319	0
0.000670959	0.000394448	0.2	6	290.288	0
0.000670959	0.000430964	0.2	6	290.255	0
0.000670959	0.00047086	0.2	6	290.219	0
0.000670959	0.00051445	0.2	6	290.18	0
0.000670959	0.000562075	0.2	6	290.137	0
0.000670959	0.000614108	0.2	6	290.091	0
0.000670959	0.000670959	0.2	6	290.041	0
0.000670959	0.000733073	0.2	6	289.986	0
0.000670959	0.000800936	0.2	6	289.928	0
0.000670959	0.000875083	0.2	6	289.864	0
0.000670959	0.000956093	0.2	6	289.796	0
0.000670959	0.0010446	0.2	6	289.722	0
0.000670959	0.00114131	0.2	6	289.642	0
0.000670959	0.00124696	0.2	6	289.556	0
0.000670959	0.0013624	0.2	6	289.464	0
0.000670959	0.00148852	0.2	6	289.365	0
0.000670959	0.00162632	0.2	6	289.26	0
0.000670959	0.00177687	0.2	6	289.147	0
0.000670959	0.00194137	0.2	6	289.028	0
0.000670959	0.00212109	0.2	6	288.901	0
0.000670959	0.00231745	0.2	6	288.767	0
0.000670959	0.00253198	0.2	6	288.626	0
0.000670959	0.00276638	0.2	6	288.478	0
0.000670959	0.00302248	0.2	6	288.325	0
0.000670959	0.00330228	0.2	6	288.167	0
0.000670959	0.00360798	0.2	6	288.006	0
0.000670959	0.00394199	0.2	6	287.843	0
0.000670959	0.00430692	0.2	6	287.68	0
0.000670959	0.00470563	0.2	6	287.522	0
0.000670959	0.00514125	0.2	6	287.371	0
0.000670959	0.0056172	0.2	6	287.233	0
0.000670959	0.0061372	0.2	6	287.114	0
0.000670959	0.00670535	0.2	6	287.022	0
0.000670959	0.0073261	0.2	6	286.967	0
0.000670959	0.0080043	0.2	6	286.96	0
0.000670959	0.0087453	0.2	6	287.015	0
0.000670959	0.00955489	0.2	6	287.152	0
0.000670959	0.0104394	0.2	6	287.391	0
0.000670959	0.0114058	0.2	6	287.76	0
0.000670959	0.0124617	0.2	6	288.288	0
0.000670959	0.0136154	0.2	6	289.016	0
0.000670959	0.0148758	0.2	6	289.989	0
0.000670959	0.0162529	0.2	6	291.263	0
0.000670959	0.0177575	0.2	6	292.904	0
0.000670959	0.0194014	0.2	6	294.992	0
0.000670959	0.0211975	0.2	6	297.621	0
0.000670959	0.0231598	0.2	6	300.905	0
0.000670959	0.0253038	0.2	6	304.976	0
0.000670959	0.0276463	0.2	6	309.994	0
0.000670959	0.0302057	0.2	6	316.146	0
0.000670959	0.0330019	0.2	6	323.653	0
0.000670959	0.0360571	0.2	6	332.775	0
0.000670959	0.039395	0.2	6	343.817	0
0.000670959	0.043042	0.2	6	357.135	0
0.000670959	0.0470266	0.2	6	373.144	0
0.000670959	0.05138	0.2	6	392.325	0
0.000670959	0.0561365	0.2	6	415.236	0
0.000670959	0.0613333	0.2	6	442.516	0
0.000670959	0.0670111	0.2	6	474.9	0
0.000670959	0.0732147	0.2	6	513.22	0
0.000670959	0.0799925	0.2	6	558.417	0
0.000670959	0.0873977	0.2	6	611.546	0
0.000670959	0.0954885	0.2	6	673.774	0
0.000670959	0.104328	0.2	6	746.379	0
0.000670959	0.113986	0.2	6	830.737	0
0.000670959	0.124539	0.2	6	928.303	0
0.000670959	0.136068	0.2	6	1040.57	0
0.000670959	0.148664	0.2	6	1169.03	0
0.000670959	0.162426	0.2	6	1315.05	0
0.000670959	0.177463	0.2	6	1479.82	0
0.000670959	0.193892	0.2	6	1664.15	0
0.000670959	0.211841	0.2	6	1868.28	0
0.000670959	0.231452	0.2	6	2091.63	0
0.000670959	0.252878	0.2	6	2332.41	0
0.000670959	0.276288	0.2	6	2587.26	0
0.000670959	0.301866	0.2	6	2850.71	0
0.000670959	0.329811	0.2	6	3114.64	0
0.000670959	0.360343	0.2	6	3367.59	0
0.000670959	0.393701	0.2	6	3594.24	0
0.000670959	0.430148	0.2	6	3774.85	0
0.000670959	0.469968	0.2	6	3885.15	0
0.000670959	0.513475	0.2	6	3896.81	0
0.000670959	0.56101	0.2	6	3779.19	0
0.000670959	0.612945	0.2	6	3503.03	0
0.000670959	0.669688	0.2	6	3047.7	0
0.000733073	0.000104526	0.2	6	290.461	0
0.000733073	0.000114203	0.2	6	290.451	0
0.000733073	0.000124775	0.2	6	290.44	0
0.000733073	0.000136326	0.2	6	290.428	0
0.000733073	0.000148946	0.2	6	290.415	0
0.000733073	0.000162735	0.2	6	290.401	0
0.000733073	0.0001778	0.2	6	290.386	0
0.000733073	0.00019426	0.2	6	290.369	0
0.000733073	0.000212243	0.2	6	290.35	0
0.000733073	0.000231891	0.2	6	290.33	0
0.000733073	0.000253358	0.2	6	290.309	0
0.000733073	0.000276813	0.2	6	290.285	0
0.000733073	0.000302439	0.2	6	290.259	0
0.000733073	0.000330437	0.2	6	290.231	0
0.000733073	0.000361027	0.2	6	290.2	0
0.000733073	0.000394448	0.2	6	290.167	0
0.000733073	0.000430964	0.2	6	290.131	0
0.000733073	0.00047086	0.2	6	290.091	0
0.000733073	0.00051445	0.2	6	290.048	0
0.000733073	0.000562075	0.2	6	290.002	0
0.000733073	0.000614108	0.2	6	289.951	0
0.000733073	0.000670959	0.2	6	289.896	0
0.000733073	0.000733073	0.2	6	289.837	0
0.000733073	0.000800936	0.2	6	289.773	0
0.000733073	0.000875083	0.2	6	289.703	0
0.000733073	0.000956093	0.2	6	289.628	0
0.000733073	0.0010446	0.2	6	289.546	0
0.000733073	0.00114131	0.2	6	289.459	0
0.000733073	0.00124696	0.2	6	289.364	0
0.000733073	0.0013624	0.2	6	289.263	0
0.000733073	0.00148852	0.2	6	289.154	0
0.000733073	0.00162632	0.2	6	289.037	0
0.000733073	0.00177687	0.2	6	288.912	0
0.000733073	0.00194137	0.2	6	288.778	0
0.000733073	0.00212109	0.2	6	288.637	0
0.000733073	0.00231745	0.2	6	288.486	0
0.000733073	0.00253198	0.2	6	288.328	0
0.000733073	0.00276638	0.2	6	288.161	0
0.000733073	0.00302248	0.2	6	287.987	0
0.000733073	0.00330228	0.2	6	287.806	0
0.000733073	0.00360798	0.2	6	287.619	0
0.000733073	0.00394199	0.2	6	287.429	0
0.000733073	0.00430692	0.2	6	287.236	0
0.000733073	0.00470563	0.2	6	287.045	0
0.000733073	0.00514125	0.2	6	286.858	0
0.000733073	0.0056172	0.2	6	286.681	0
0.000733073	0.0061372	0.2	6	286.52	0
0.000733073	0.00670535	0.2	6	286.381	0
0.000733073	0.0073261	0.2	6	286.275	0
0.000733073	0.0080043	0.2	6	286.212	0
0.000733073	0.0087453	0.2	6	286.207	0
0.000733073	0.00955489	0.2	6	286.278	0
0.000733073	0.0104394	0.2	6	286.445	0
0.000733073	0.0114058	0.2	6	286.734	0
0.000733073	0.0124617	0.2	6	287.177	0
0.000733073	0.0136154	0.2	6	287.812	0
0.000733073	0.0148758	0.2	6	288.683	0
0.000733073	0.0162529	0.2	6	289.845	0
0.000733073	0.0177575	0.2	6	291.365	0
0.000733073	0.0194014	0.2	6	293.32	0
0.000733073	0.0211975	0.2	6	295.806	0
0.000733073	0.0231598	0.2	6	298.932	0
0.000733073	0.0253038	0.2	6	302.833	0
0.000733073	0.0276463	0.2	6	307.665	0
0.000733073	0.0302057	0.2	6	313.614	0
0.000733073	0.0330019	0.2	6	320.901	0
0.000733073	0.0360571	0.2	6	329.784	0
0.000733073	0.039395	0.2	6	340.567	0
0.000733073	0.043042	0.2	6	353.602	0
0.000733073	0.0470266	0.2	6	369.305	0
0.000733073	0.05138	0.2	6	388.155	0
0.000733073	0.0561365	0.2	6	410.706	0
0.000733073	0.0613333	0.2	6	437.598	0
0.000733073	0.0670111	0.2	6	469.562	0
0.000733073	0.0732147	0.2	6	507.43	0
0.000733073	0.0799925	0.2	6	552.14	0
0.000733073	0.0873977	0.2	6	604.746	0
0.000733073	0.0954885	0.2	6	666.412	0
0.000733073	0.104328	0.2	6	738.416	0
0.000733073	0.113986	0.2	6	822.135	0
0.000733073	0.124539	0.2	6	919.021	0
0.000733073	0.136068	0.2	6	1030.57	0
0.000733073	0.148664	0.2	6	1158.27	0
0.000733073	0.162426	0.2	6	1303.51	0
0.000733073	0.177463	0.2	6	1467.46	0
0.000733073	0.193892	0.2	6	1650.96	0
0.000733073	0.211841	0.2	6	1854.25	0
0.000733073	0.231452	0.2	6	2076.76	0
0.000733073	0.252878	0.2	6	2316.74	0
0.000733073	0.276288	0.2	6	2570.86	0
0.000733073	0.301866	0.2	6	2833.68	0
0.000733073	0.329811	0.2	6	3097.13	0
0.000733073	0.360343	0.2	6	3349.84	0
0.000733073	0.393701	0.2	6	3576.55	0
0.000733073	0.430148	0.2	6	3757.67	0
0.000733073	0.469968	0.2	6	3869.06	0
0.000733073	0.513475	0.2	6	3882.62	0
0.000733073	0.56101	0.2	6	3767.93	0
0.000733073	0.612945	0.2	6	3496.1	0
0.000733073	0.669688	0.2	6	3046.91	0
0.000800936	0.000104526	0.2	6	290.355	0
0.000800936	0.000114203	0.2	6	290.344	0
0.000800936	0.000124775	0.2	6	290.332	0
0.000800936	0.000136326	0.2	6	290.319	0
0.000800936	0.000148946	0.2	6	290.305	0
0.000800936	0.000162735	0.2	6	290.29	0
0.000800936	0.0001778	0.2	6	290.273	0
0.000800936	0.00019426	0.2	6	290.254	0
0.000800936	0.000212243	0.2	6	290.235	0
0.000800936	0.000231891	0.2	6	290.213	0
0.000800936	0.000253358	0.2	6	290.189	0
0.000800936	0.000276813	0.2	6	290.163	0
0.000800936	0.000302439	0.2	6	290.135	0
0.000800936	0.000330437	0.2	6	290.104	0
0.000800936	0.000361027	0.2	6	290.071	0
0.000800936	0.000394448	0.2	6	290.035	0
0.000800936	0.000430964	0.2	6	289.995	0
0.000800936	0.00047086	0.2	6	289.952	0
0.000800936	0.00051445	0.2	6	289.905	0
0.000800936	0.000562075	0.2	6	289.854	0
0.000800936	0.000614108	0.2	6	289.799	0
0.000800936	0.000670959	0.2	6	289.739	0
0.000800936	0.000733073	0.2	6	289.674	0
0.000800936	0.000800936	0.2	6	289.604	0
0.000800936	0.000875083	0.2	6	289.527	0
0.000800936	0.000956093	0.2	6	289.445	0
0.000800936	0.0010446	0.2	6	289.355	0
0.000800936	0.00114131	0.2	6	289.259	0
0.000800936	0.00124696	0.2	6	289.155	0
0.000800936	0.0013624	0.2	6	289.043	0
0.000800936	0.00148852	0.2	6	288.922	0
0.000800936	0.00162632	0.2	6	288.793	0
0.000800936	0.00177687	0.2	6	288.655	0
0.000800936	0.00194137	0.2	6	288.506	0
0.000800936	0.00212109	0.2	6	288.348	0
0.000800936	0.00231745	0.2	6	288.181	0
0.000800936	0.00253198	0.2	6	288.003	0
0.000800936	0.00276638	0.2	6	287.815	0
0.000800936	0.00302248	0.2	6	287.618	0
0.000800936	0.00330228	0.2	6	287.411	0
0.000800936	0.00360798	0.2	6	287.197	0
0.000800936	0.00394199	0.2	6	286.977	0
0.000800936	0.00430692	0.2	6	286.751	0
0.000800936	0.00470563	0.2	6	286.524	0
0.000800936	0.00514125	0.2	6	286.299	0
0.000800936	0.0056172	0.2	6	286.079	0
0.000800936	0.0061372	0.2	6	285.871	0
0.000800936	0.00670535	0.2	6	285.681	0
0.000800936	0.0073261	0.2	6	285.52	0
0.000800936	0.0080043	0.2	6	285.396	0
0.000800936	0.0087453	0.2	6	285.326	0
0.000800936	0.00955489	0.2	6	285.324	0
0.000800936	0.0104394	0.2	6	285.413	0
0.000800936	0.0114058	0.2	6	285.617	0
0.000800936	0.0124617	0.2	6	285.966	0
0.000800936	0.0136154	0.2	6	286.498	0
0.000800936	0.0148758	0.2	6	287.258	0
0.000800936	0.0162529	0.2	6	288.3	0
0.000800936	0.0177575	0.2	6	289.688	0
0.000800936	0.0194014	0.2	6	291.5	0
0.000800936	0.0211975	0.2	6	293.829	0
0.000800936	0.0231598	0.2	6	296.785	0
0.000800936	0.0253038	0.2	6	300.5	0
0.000800936	0.0276463	0.2	6	305.131	0
0.000800936	0.0302057	0.2	6	310.862	0
0.000800936	0.0330019	0.2	6	317.911	0
0.000800936	0.0360571	0.2	6	326.536	0
0.000800936	0.039395	0.2	6	337.038	0
0.000800936	0.043042	0.2	6	349.77	0
0.000800936	0.0470266	0.2	6	365.144	0
0.000800936	0.05138	0.2	6	383.638	0
0.000800936	0.0561365	0.2	6	405.805	0
0.000800936	0.0613333	0.2	6	432.283	0
0.000800936	0.0670111	0.2	6	463.8	0
0.000800936	0.0732147	0.2	6	501.186	0
0.000800936	0.0799925	0.2	6	545.38	0
0.000800936	0.0873977	0.2	6	597.432	0
0.000800936	0.0954885	0.2	6	658.507	0
0.000800936	0.104328	0.2	6	729.883	0
0.000800936	0.113986	0.2	6	812.934	0
0.000800936	0.124539	0.2	6	909.116	0
0.000800936	0.136068	0.2	6	1019.93	0
0.000800936	0.148664	0.2	6	1146.86	0
0.000800936	0.162426	0.2	6	1291.3	0
0.000800936	0.177463	0.2	6	1454.44	0
0.000800936	0.193892	0.2	6	1637.12	0
0.000800936	0.211841	0.2	6	1839.6	0
0.000800936	0.231452	0.2	6	2061.34	0
0.000800936	0.252878	0.2	6	2300.61	0
0.000800936	0.276288	0.2	6	2554.11	0
0.000800936	0.301866	0.2	6	2816.47	0
0.000800936	0.329811	0.2	6	3079.66	0
0.000800936	0.360343	0.2	6	3332.42	0
0.000800936	0.393701	0.2	6	3559.6	0
0.000800936	0.430148	0.2	6	3741.73	0
0.000800936	0.469968	0.2	6	3854.87	0
0.000800936	0.513475	0.2	6	3871.15	0
0.000800936	0.56101	0.2	6	3760.45	0
0.000800936	0.612945	0.2	6	3494.28	0
0.000800936	0.669688	0.2	6	3052.91	0
0.000875083	0.000104526	0.2	6	290.239	0
0.000875083	0.000114203	0.2	6	290.227	0
0.000875083	0.000124775	0.2	6	290.214	0
0.000875083	0.000136326	0.2	6	290.2	0
0.000875083	0.000148946	0.2	6	290.185	0
0.000875083	0.000162735	0.2	6	290.168	0
0.000875083	0.0001778	0.2	6	290.15	0
0.000875083	0.00019426	0.2	6	290.13	0
0.000875083	0.000212243	0.2	6	290.108	0
0.000875083	0.000231891	0.2	6	290.085	0
0.000875083	0.000253358	0.2	6	290.059	0
0.000875083	0.000276813	0.2	6	290.031	0
0.000875083	0.000302439	0.2	6	290	0
0.000875083	0.000330437	0.2	6	289.966	0
0.000875083	0.000361027	0.2	6	289.93	0
0.000875083	0.000394448	0.2	6	289.89	0
0.000875083	0.000430964	0.2	6	289.847	0
0.000875083	0.00047086	0.2	6	289.8	0
0.000875083	0.00051445	0.2	6	289.749	0
0.000875083	0.000562075	0.2	6	289.694	0
0.000875083	0.000614108	0.2	6	289.633	0
0.000875083	0.000670959	0.2	6	289.568	0
0.000875083	0.000733073	0.2	6	289.496	0
0.000875083	0.000800936	0.2	6	289.419	0
0.000875083	0.000875083	0.2	6	289.336	0
0.000875083	0.000956093	0.2	6	289.245	0
0.000875083	0.0010446	0.2	6	289.147	0
0.000875083	0.00114131	0.2	6	289.041	0
0.000875083	0.00124696	0.2	6	288.927	0
0.000875083	0.0013624	0.2	6	288.803	0
0.000875083	0.00148852	0.2	6	288.67	0
0.000875083	0.00162632	0.2	6	288.527	0
0.000875083	0.00177687	0.2	6	288.374	0
0.000875083	0.00194137	0.2	6	288.21	0
0.000875083	0.00212109	0.2	6	288.034	0
0.000875083	0.00231745	0.2	6	287.847	0
0.000875083	0.00253198	0.2	6	287.648	0
0.000875083	0.00276638	0.2	6	287.437	0
0.000875083	0.00302248	0.2	6	287.214	0
0.000875083	0.00330228	0.2	6	286.981	0
0.000875083	0.00360798	0.2	6	286.737	0
0.000875083	0.00394199	0.2	6	286.483	0
0.000875083	0.00430692	0.2	6	286.222	0
0.000875083	0.00470563	0.2	6	285.956	0
0.000875083	0.00514125	0.2	6	285.688	0
0.000875083	0.0056172	0.2	6	285.422	0
0.000875083	0.0061372	0.2	6	285.163	0
0.000875083	0.00670535	0.2	6	284.918	0
0.000875083	0.0073261	0.2	6	284.696	0
0.000875083	0.0080043	0.2	6	284.507	0
0.000875083	0.0087453	0.2	6	284.364	0
0.000875083	0.00955489	0.2	6	284.284	0
0.000875083	0.0104394	0.2	6	284.287	0
0.000875083	0.0114058	0.2	6	284.398	0
0.000875083	0.0124617	0.2	6	284.646	0
0.000875083	0.0136154	0.2	6	285.067	0
0.000875083	0.0148758	0.2	6	285.707	0
0.000875083	0.0162529	0.2	6	286.617	0
0.000875083	0.0177575	0.2	6	287.861	0
0.000875083	0.0194014	0.2	6	289.518	0
0.000875083	0.0211975	0.2	6	291.677	0
0.000875083	0.0231598	0.2	6	294.449	0
0.000875083	0.0253038	0.2	6	297.964	0
0.000875083	0.0276463	0.2	6	302.377	0
0.000875083	0.0302057	0.2	6	307.871	0
0.000875083	0.0330019	0.2	6	314.664	0
0.000875083	0.0360571	0.2	6	323.011	0
0.000875083	0.039395	0.2	6	333.212	0
0.000875083	0.043042	0.2	6	345.617	0
0.000875083	0.0470266	0.2	6	360.639	0
0.000875083	0.05138	0.2	6	378.752	0
0.000875083	0.0561365	0.2	6	400.508	0
0.000875083	0.0613333	0.2	6	426.543	0
0.000875083	0.0670111	0.2	6	457.584	0
0.000875083	0.0732147	0.2	6	494.461	0
0.000875083	0.0799925	0.2	6	538.109	0
0.000875083	0.0873977	0.2	6	589.58	0
0.000875083	0.0954885	0.2	6	650.036	0
0.000875083	0.104328	0.2	6	720.756	0
0.000875083	0.113986	0.2	6	803.117	0
0.000875083	0.124539	0.2	6	898.576	0
0.000875083	0.136068	0.2	6	1008.64	0
0.000875083	0.148664	0.2	6	1134.79	0
0.000875083	0.162426	0.2	6	1278.44	0
0.000875083	0.177463	0.2	6	1440.78	0
0.000875083	0.193892	0.2	6	1622.68	0
0.000875083	0.211841	0.2	6	1824.42	0
0.000875083	0.231452	0.2	6	2045.46	0
0.000875083	0.252878	0.2	6	2284.14	0
0.000875083	0.276288	0.2	6	2537.2	0
0.000875083	0.301866	0.2	6	2799.32	0
0.000875083	0.329811	0.2	6	3062.57	0
0.000875083	0.360343	0.2	6	3315.76	0
0.000875083	0.393701	0.2	6	3543.9	0
0.000875083	0.430148	0.2	6	3727.69	0
0.000875083	0.469968	0.2	6	3843.4	0
0.000875083	0.513475	0.2	6	3863.42	0
0.000875083	0.56101	0.2	6	3758.03	0
0.000875083	0.612945	0.2	6	3499.15	0
0.000875083	0.669688	0.2	6	3067.66	0
0.000956093	0.000104526	0.2	6	290.113	0
0.000956093	0.000114203	0.2	6	290.1	0
0.000956093	0.000124775	0.2	6	290.086	0
0.000956093	0.000136326	0.2	6	290.071	0
0.000956093	0.000148946	0.2	6	290.054	0
0.000956093	0.000162735	0.2	6	290.036	0
0.000956093	0.0001778	0.2	6	290.016	0
0.000956093	0.00019426	0.2	6	289.994	0
0.000956093	0.000212243	0.2	6	289.971	0
0.000956093	0.000231891	0.2	6	289.945	0
0.000956093	0.000253358	0.2	6	289.917	0
0.000956093	0.000276813	0.2	6	289.886	0
0.000956093	0.000302439	0.2	6	289.853	0
0.000956093	0.000330437	0.2	6	289.816	0
0.000956093	0.000361027	0.2	6	289.776	0
0.000956093	0.000394448	0.2	6	289.733	0
0.000956093	0.000430964	0.2	6	289.686	0
0.000956093	0.00047086	0.2	6	289.635	0
0.000956093	0.00051445	0.2	6	289.579	0
0.000956093	0.000562075	0.2	6	289.518	0
0.000956093	0.000614108	0.2	6	289.452	0
0.000956093	0.000670959	0.2	6	289.381	0
0.000956093	0.000733073	0.2	6	289.303	0
0.000956093	0.000800936	0.2	6	289.218	0
0.000956093	0.000875083	0.2	6	289.127	0
0.000956093	0.000956093	0.2	6	289.027	0
0.000956093	0.0010446	0.2	6	288.92	0
0.000956093	0.00114131	0.2	6	288.803	0
0.000956093	0.00124696	0.2	6	288.677	0
0.000956093	0.0013624	0.2	6	288.542	0
0.000956093	0.00148852	0.2	6	288.395	0
0.000956093	0.00162632	0.2	6	288.237	0
0.000956093	0.00177687	0.2	6	288.068	0
0.000956093	0.00194137	0.2	6	287.886	0
0.000956093	0.00212109	0.2	6	287.691	0
0.000956093	0.00231745	0.2	6	287.482	0
0.000956093	0.00253198	0.2	6	287.26	0
0.000956093	0.00276638	0.2	6	287.024	0
0.000956093	0.00302248	0.2	6	286.774	0
0.000956093	0.00330228	0.2	6	286.511	0
0.000956093	0.00360798	0.2	6	286.234	0
0.000956093	0.00394199	0.2	6	285.945	0
0.000956093	0.00430692	0.2	6	285.645	0
0.000956093	0.00470563	0.2	6	285.336	0
0.000956093	0.00514125	0.2	6	285.022	0
0.000956093	0.0056172	0.2	6	284.705	0
0.000956093	0.0061372	0.2	6	284.39	0
0.000956093	0.00670535	0.2	6	284.085	0
0.000956093	0.0073261	0.2	6	283.797	0
0.000956093	0.0080043	0.2	6	283.536	0
0.000956093	0.0087453	0.2	6	283.315	0
0.000956093	0.00955489	0.2	6	283.15	0
0.000956093	0.0104394	0.2	6	283.06	0
0.000956093	0.0114058	0.2	6	283.069	0
0.000956093	0.0124617	0.2	6	283.206	0
0.000956093	0.0136154	0.2	6	283.508	0
0.000956093	0.0148758	0.2	6	284.016	0
0.000956093	0.0162529	0.2	6	284.783	0
0.000956093	0.0177575	0.2	6	285.873	0
0.000956093	0.0194014	0.2	6	287.36	0
0.000956093	0.0211975	0.2	6	289.336	0
0.000956093	0.0231598	0.2	6	291.908	0
0.000956093	0.0253038	0.2	6	295.206	0
0.000956093	0.0276463	0.2	6	299.384	0
0.000956093	0.0302057	0.2	6	304.624	0
0.000956093	0.0330019	0.2	6	311.14	0
0.000956093	0.0360571	0.2	6	319.187	0
0.000956093	0.039395	0.2	6	329.064	0
0.000956093	0.043042	0.2	6	341.12	0
0.000956093	0.0470266	0.2	6	355.764	0
0.000956093	0.05138	0.2	6	373.47	0
0.000956093	0.0561365	0.2	6	394.788	0
0.000956093	0.0613333	0.2	6	420.353	0
0.000956093	0.0670111	0.2	6	450.891	0
0.000956093	0.0732147	0.2	6	487.23	0
0.000956093	0.0799925	0.2	6	530.305	0
0.000956093	0.0873977	0.2	6	581.166	0
0.000956093	0.0954885	0.2	6	640.979	0
0.000956093	0.104328	0.2	6	711.022	0
0.000956093	0.113986	0.2	6	792.674	0
0.000956093	0.124539	0.2	6	887.397	0
0.000956093	0.136068	0.2	6	996.699	0
0.000956093	0.148664	0.2	6	1122.08	0
0.000956093	0.162426	0.2	6	1264.96	0
0.000956093	0.177463	0.2	6	1426.55	0
0.000956093	0.193892	0.2	6	1607.72	0
0.000956093	0.211841	0.2	6	1808.8	0
0.000956093	0.231452	0.2	6	2029.29	0
0.000956093	0.252878	0.2	6	2267.54	0
0.000956093	0.276288	0.2	6	2520.38	0
0.000956093	0.301866	0.2	6	2782.57	0
0.000956093	0.329811	0.2	6	3046.26	0
0.000956093	0.360343	0.2	6	3300.39	0
0.000956093	0.393701	0.2	6	3530.14	0
0.000956093	0.430148	0.2	6	3716.38	0
0.000956093	0.469968	0.2	6	3835.68	0
0.000956093	0.513475	0.2	6	3860.74	0
0.000956093	0.56101	0.2	6	3762.24	0
0.000956093	0.612945	0.2	6	3512.67	0
0.000956093	0.669688	0.2	6	3093.56	0
0.0010446	0.000104526	0.2	6	289.976	0
0.0010446	0.000114203	0.2	6	289.962	0
0.0010446	0.000124775	0.2	6	289.947	0
0.0010446	0.000136326	0.2	6	289.93	0
0.0010446	0.000148946	0.2	6	289.912	0
0.0010446	0.000162735	0.2	6	289.892	0
0.0010446	0.0001778	0.2	6	289.87	0
0.0010446	0.00019426	0.2	6	289.847	0
0.0010446	0.000212243	0.2	6	289.821	0
0.0010446	0.000231891	0.2	6	289.793	0
0.0010446	0.000253358	0.2	6	289.762	0
0.0010446	0.000276813	0.2	6	289.729	0
0.0010446	0.000302439	0.2	6	289.692	0
0.0010446	0.000330437	0.2	6	289.652	0
0.0010446	0.000361027	0.2	6	289.609	0
0.0010446	0.000394448	0.2	6	289.562	0
0.0010446	0.000430964	0.2	6	289.51	0
0.0010446	0.00047086	0.2	6	289.454	0
0.0010446	0.00051445	0.2	6	289.393	0
0.0010446	0.000562075	0.2	6	289.327	0
0.0010446	0.000614108	0.2	6	289.255	0
0.0010446	0.000670959	0.2	6	289.177	0
0.0010446	0.000733073	0.2	6	289.091	0
0.0010446	0.000800936	0.2	6	288.999	0
0.0010446	0.000875083	0.2	6	288.899	0
0.0010446	0.000956093	0.2	6	288.79	0
0.0010446	0.0010446	0.2	6	288.672	0
0.0010446	0.00114131	0.2	6	288.544	0
0.0010446	0.00124696	0.2	6	288.406	0
0.0010446	0.0013624	0.2	6	288.256	0
0.0010446	0.00148852	0.2	6	288.095	0
0.0010446	0.00162632	0.2	6	287.921	0
0.0010446	0.00177687	0.2	6	287.734	0
0.0010446	0.00194137	0.2	6	287.532	0
0.0010446	0.00212109	0.2	6	287.316	0
0.0010446	0.00231745	0.2	6	287.085	0
0.0010446	0.00253198	0.2	6	286.838	0
0.0010446	0.00276638	0.2	6	286.574	0
0.0010446	0.00302248	0.2	6	286.294	0
0.0010446	0.00330228	0.2	6	285.998	0
0.0010446	0.00360798	0.2	6	285.686	0
0.0010446	0.00394199	0.2	6	285.357	0
0.0010446	0.00430692	0.2	6	285.015	0
0.0010446	0.00470563	0.2	6	284.66	0
0.0010446	0.00514125	0.2	6	284.295	0
0.0010446	0.0056172	0.2	6	283.922	0
0.0010446	0.0061372	0.2	6	283.548	0
0.0010446	0.00670535	0.2	6	283.177	0
0.0010446	0.0073261	0.2	6	282.817	0
0.0010446	0.0080043	0.2	6	282.478	0
0.0010446	0.0087453	0.2	6	282.172	0
0.0010446	0.00955489	0.2	6	281.914	0
0.0010446	0.0104394	0.2	6	281.722	0
0.0010446	0.0114058	0.2	6	281.621	0
0.0010446	0.0124617	0.2	6	281.638	0
0.0010446	0.0136154	0.2	6	281.809	0
0.0010446	0.0148758	0.2	6	282.175	0
0.0010446	0.0162529	0.2	6	282.787	0
0.0010446	0.0177575	0.2	6	283.708	0
0.0010446	0.0194014	0.2	6	285.013	0
0.0010446	0.0211975	0.2	6	286.79	0
0.0010446	0.0231598	0.2	6	289.146	0
0.0010446	0.0253038	0.2	6	292.21	0
0.0010446	0.0276463	0.2	6	296.134	0
0.0010446	0.0302057	0.2	6	301.099	0
0.0010446	0.0330019	0.2	6	307.318	0
0.0010446	0.0360571	0.2	6	315.043	0
0.0010446	0.039395	0.2	6	324.573	0
0.0010446	0.043042	0.2	6	336.254	0
0.0010446	0.0470266	0.2	6	350.494	0
0.0010446	0.05138	0.2	6	367.767	0
0.0010446	0.0561365	0.2	6	388.62	0
0.0010446	0.0613333	0.2	6	413.688	0
0.0010446	0.0670111	0.2	6	443.694	0
0.0010446	0.0732147	0.2	6	479.467	0
0.0010446	0.0799925	0.2	6	521.943	0
0.0010446	0.0873977	0.2	6	572.171	0
0.0010446	0.0954885	0.2	6	631.319	0
0.0010446	0.104328	0.2	6	700.667	0
0.0010446	0.113986	0.2	6	781.6	0
0.0010446	0.124539	0.2	6	875.585	0
0.0010446	0.136068	0.2	6	984.138	0
0.0010446	0.148664	0.2	6	1108.77	0
0.0010446	0.162426	0.2	6	1250.92	0
0.0010446	0.177463	0.2	6	1411.81	0
0.0010446	0.193892	0.2	6	1592.36	0
0.0010446	0.211841	0.2	6	1792.9	0
0.0010446	0.231452	0.2	6	2013	0
0.0010446	0.252878	0.2	6	2251.07	0
0.0010446	0.276288	0.2	6	2504	0
0.0010446	0.301866	0.2	6	2766.64	0
0.0010446	0.329811	0.2	6	3031.26	0
0.0010446	0.360343	0.2	6	3286.98	0
0.0010446	0.393701	0.2	6	3519.12	0
0.0010446	0.430148	0.2	6	3708.84	0
0.0010446	0.469968	0.2	6	3832.98	0
0.0010446	0.513475	0.2	6	3864.66	0
0.0010446	0.56101	0.2	6	3775.03	0
0.0010446	0.612945	0.2	6	3537.21	0
0.0010446	0.669688	0.2	6	3133.52	0
0.00114131	0.000104526	0.2	6	289.827	0
0.00114131	0.000114203	0.2	6	289.812	0
0.00114131	0.000124775	0.2	6	289.795	0
0.00114131	0.000136326	0.2	6	289.777	0
0.00114131	0.000148946	0.2	6	289.757	0
0.00114131	0.000162735	0.2	6	289.735	0
0.00114131	0.0001778	0.2	6	289.712	0
0.00114131	0.00019426	0.2	6	289.686	0
0.00114131	0.000212243	0.2	6	289.658	0
0.00114131	0.000231891	0.2	6	289.627	0
0.00114131	0.000253358	0.2	6	289.594	0
0.00114131	0.000276813	0.2	6	289.557	0
0.00114131	0.000302439	0.2	6	289.517	0
0.00114131	0.000330437	0.2	6	289.474	0
0.00114131	0.000361027	0.2	6	289.427	0
0.00114131	0.000394448	0.2	6	289.375	0
0.00114131	0.000430964	0.2	6	289.319	0
0.00114131	0.00047086	0.2	6	289.258	0
0.00114131	0.00051445	0.2	6	289.191	0
0.00114131	0.000562075	0.2	6	289.119	0
0.00114131	0.000614108	0.2	6	289.04	0
0.00114131	0.000670959	0.2	6	288.954	0
0.00114131	0.000733073	0.2	6	288.861	0
0.00114131	0.000800936	0.2	6	288.76	0
0.00114131	0.000875083	0.2	6	288.65	0
0.00114131	0.000956093	0.2	6	288.531	0
0.00114131	0.0010446	0.2	6	288.401	0
0.00114131	0.00114131	0.2	6	288.261	0
0.00114131	0.00124696	0.2	6	288.109	0
0.00114131	0.0013624	0.2	6	287.945	0
0.00114131	0.00148852	0.2	6	287.768	0
0.00114131	0.00162632	0.2	6	287.576	0
0.00114131	0.00177687	0.2	6	287.369	0
0.00114131	0.00194137	0.2	6	287.147	0
0.00114131	0.00212109	0.2	6	286.908	0
0.00114131	0.00231745	0.2	6	286.651	0
0.00114131	0.00253198	0.2	6	286.377	0
0.00114131	0.00276638	0.2	6	286.083	0
0.00114131	0.00302248	0.2	6	285.771	0
0.00114131	0.00330228	0.2	6	285.439	0
0.00114131	0.00360798	0.2	6	285.087	0
0.00114131	0.00394199	0.2	6	284.717	0
0.00114131	0.00430692	0.2	6	284.328	0
0.00114131	0.00470563	0.2	6	283.922	0
0.00114131	0.00514125	0.2	6	283.501	0
0.00114131	0.0056172	0.2	6	283.069	0
0.00114131	0.0061372	0.2	6	282.629	0
0.00114131	0.00670535	0.2	6	282.186	0
0.00114131	0.0073261	0.2	6	281.748	0
0.00114131	0.0080043	0.2	6	281.324	0
0.00114131	0.0087453	0.2	6	280.925	0
0.00114131	0.00955489	0.2	6	280.566	0
0.00114131	0.0104394	0.2	6	280.264	0
0.00114131	0.0114058	0.2	6	280.043	0
0.00114131	0.0124617	0.2	6	279.93	0
0.00114131	0.0136154	0.2	6	279.958	0
0.00114131	0.0148758	0.2	6	280.17	0
0.00114131	0.0162529	0.2	6	280.615	0
0.00114131	0.0177575	0.2	6	281.353	0
0.00114131	0.0194014	0.2	6	282.46	0
0.00114131	0.0211975	0.2	6	284.022	0
0.00114131	0.0231598	0.2	6	286.145	0
0.00114131	0.0253038	0.2	6	288.957	0
0.00114131	0.0276463	0.2	6	292.607	0
0.00114131	0.0302057	0.2	6	297.276	0
0.00114131	0.0330019	0.2	6	303.175	0
0.00114131	0.0360571	0.2	6	310.556	0
0.00114131	0.039395	0.2	6	319.713	0
0.00114131	0.043042	0.2	6	330.995	0
0.00114131	0.0470266	0.2	6	344.805	0
0.00114131	0.05138	0.2	6	361.617	0
0.00114131	0.0561365	0.2	6	381.979	0
0.00114131	0.0613333	0.2	6	406.521	0
0.00114131	0.0670111	0.2	6	435.969	0
0.00114131	0.0732147	0.2	6	471.151	0
0.00114131	0.0799925	0.2	6	513.004	0
0.00114131	0.0873977	0.2	6	562.579	0
0.00114131	0.0954885	0.2	6	621.046	0
0.00114131	0.104328	0.2	6	689.691	0
0.00114131	0.113986	0.2	6	769.903	0
0.00114131	0.124539	0.2	6	863.159	0
0.00114131	0.136068	0.2	6	970.987	0
0.00114131	0.148664	0.2	6	1094.92	0
0.00114131	0.162426	0.2	6	1236.4	0
0.00114131	0.177463	0.2	6	1396.69	0
0.00114131	0.193892	0.2	6	1576.74	0
0.00114131	0.211841	0.2	6	1776.93	0
0.00114131	0.231452	0.2	6	1996.87	0
0.00114131	0.252878	0.2	6	2235.06	0
0.00114131	0.276288	0.2	6	2488.46	0
0.00114131	0.301866	0.2	6	2752.06	0
0.00114131	0.329811	0.2	6	3018.26	0
0.00114131	0.360343	0.2	6	3276.35	0
0.00114131	0.393701	0.2	6	3511.9	0
0.00114131	0.430148	0.2	6	3706.35	0
0.00114131	0.469968	0.2	6	3836.91	0
0.00114131	0.513475	0.2	6	3877.14	0
0.00114131	0.56101	0.2	6	3798.79	0
0.00114131	0.612945	0.2	6	3575.7	0
0.00114131	0.669688	0.2	6	3191.13	0
0.00124696	0.000104526	0.2	6	289.664	0
0.00124696	0.000114203	0.2	6	289.648	0
0.00124696	0.000124775	0.2	6	289.63	0
0.00124696	0.000136326	0.2	6	289.61	0
0.00124696	0.000148946	0.2	6	289.588	0
0.00124696	0.000162735	0.2	6	289.565	0
0.00124696	0.0001778	0.2	6	289.539	0
0.00124696	0.00019426	0.2	6	289.511	0
0.00124696	0.000212243	0.2	6	289.48	0
0.00124696	0.000231891	0.2	6	289.447	0
0.00124696	0.000253358	0.2	6	289.41	0
0.00124696	0.000276813	0.2	6	289.37	0
0.00124696	0.000302439	0.2	6	289.327	0
0.00124696	0.000330437	0.2	6	289.28	0
0.00124696	0.000361027	0.2	6	289.228	0
0.00124696	0.000394448	0.2	6	289.172	0
0.00124696	0.000430964	0.2	6	289.111	0
0.00124696	0.00047086	0.2	6	289.044	0
0.00124696	0.00051445	0.2	6	288.971	0
0.00124696	0.000562075	0.2	6	288.892	0
0.00124696	0.000614108	0.2	6	288.806	0
0.00124696	0.000670959	0.2	6	288.712	0
0.00124696	0.000733073	0.2	6	288.61	0
0.00124696	0.000800936	0.2	6	288.499	0
0.00124696	0.000875083	0.2	6	288.379	0
0.00124696	0.000956093	0.2	6	288.248	0
0.00124696	0.0010446	0.2	6	288.107	0
0.00124696	0.00114131	0.2	6	287.953	0
0.00124696	0.00124696	0.2	6	287.786	0
0.00124696	0.0013624	0.2	6	287.606	0
0.00124696	0.00148852	0.2	6	287.411	0
0.00124696	0.00162632	0.2	6	287.2	0
0.00124696	0.00177687	0.2	6	286.972	0
0.00124696	0.00194137	0.2	6	286.727	0
0.00124696	0.00212109	0.2	6	286.462	0
0.00124696	0.00231745	0.2	6	286.178	0
0.00124696	0.00253198	0.2	6	285.874	0
0.00124696	0.00276638	0.2	6	285.548	0
0.00124696	0.00302248	0.2	6	285.2	0
0.00124696	0.00330228	0.2	6	284.828	0
0.00124696	0.00360798	0.2	6	284.434	0
0.00124696	0.00394199	0.2	6	284.017	0
0.00124696	0.00430692	0.2	6	283.578	0
0.00124696	0.00470563	0.2	6	283.117	0
0.00124696	0.00514125	0.2	6	282.636	0
0.00124696	0.0056172	0.2	6	282.138	0
0.00124696	0.0061372	0.2	6	281.626	0
0.00124696	0.00670535	0.2	6	281.106	0
0.00124696	0.0073261	0.2	6	280.583	0
0.00124696	0.0080043	0.2	6	280.066	0
0.00124696	0.0087453	0.2	6	279.566	0
0.00124696	0.00955489	0.2	6	279.097	0
0.00124696	0.0104394	0.2	6	278.676	0
0.00124696	0.0114058	0.2	6	278.324	0
0.00124696	0.0124617	0.2	6	278.07	0
0.00124696	0.0136154	0.2	6	277.944	0
0.00124696	0.0148758	0.2	6	277.988	0
0.00124696	0.0162529	0.2	6	278.251	0
0.00124696	0.0177575	0.2	6	278.792	0
0.00124696	0.0194014	0.2	6	279.684	0
0.00124696	0.0211975	0.2	6	281.014	0
0.00124696	0.0231598	0.2	6	282.886	0
0.00124696	0.0253038	0.2	6	285.425	0
0.00124696	0.0276463	0.2	6	288.782	0
0.00124696	0.0302057	0.2	6	293.132	0
0.00124696	0.0330019	0.2	6	298.689	0
0.00124696	0.0360571	0.2	6	305.7	0
0.00124696	0.039395	0.2	6	314.461	0
0.00124696	0.043042	0.2	6	325.316	0
0.00124696	0.0470266	0.2	6	338.671	0
0.00124696	0.05138	0.2	6	354.996	0
0.00124696	0.0561365	0.2	6	374.838	0
0.00124696	0.0613333	0.2	6	398.829	0
0.00124696	0.0670111	0.2	6	427.695	0
0.00124696	0.0732147	0.2	6	462.263	0
0.00124696	0.0799925	0.2	6	503.473	0
0.00124696	0.0873977	0.2	6	552.38	0
0.00124696	0.0954885	0.2	6	610.159	0
0.00124696	0.104328	0.2	6	678.099	0
0.00124696	0.113986	0.2	6	757.602	0
0.00124696	0.124539	0.2	6	850.155	0
0.00124696	0.136068	0.2	6	957.302	0
0.00124696	0.148664	0.2	6	1080.59	0
0.00124696	0.162426	0.2	6	1221.5	0
0.00124696	0.177463	0.2	6	1381.33	0
0.00124696	0.193892	0.2	6	1561.06	0
0.00124696	0.211841	0.2	6	1761.13	0
0.00124696	0.231452	0.2	6	1981.23	0
0.00124696	0.252878	0.2	6	2219.93	0
0.00124696	0.276288	0.2	6	2474.32	0
0.00124696	0.301866	0.2	6	2739.5	0
0.00124696	0.329811	0.2	6	3008.08	0
0.00124696	0.360343	0.2	6	3269.55	0
0.00124696	0.393701	0.2	6	3509.76	0
0.00124696	0.430148	0.2	6	3710.49	0
0.00124696	0.469968	0.2	6	3849.38	0
0.00124696	0.513475	0.2	6	3900.54	0
0.00124696	0.56101	0.2	6	3836.42	0
0.00124696	0.612945	0.2	6	3631.69	0
0.00124696	0.669688	0.2	6	3270.7	0
0.0013624	0.000104526	0.2	6	289.488	0
0.0013624	0.000114203	0.2	6	289.47	0
0.0013624	0.000124775	0.2	6	289.45	0
0.0013624	0.000136326	0.2	6	289.428	0
0.0013624	0.000148946	0.2	6	289.405	0
0.0013624	0.000162735	0.2	6	289.379	0
0.0013624	0.0001778	0.2	6	289.351	0
0.0013624	0.00019426	0.2	6	289.32	0
0.0013624	0.000212243	0.2	6	289.287	0
0.0013624	0.000231891	0.2	6	289.25	0
0.0013624	0.000253358	0.2	6	289.211	0
0.0013624	0.000276813	0.2	6	289.167	0
0.0013624	0.000302439	0.2	6	289.12	0
0.0013624	0.000330437	0.2	6	289.068	0
0.0013624	0.000361027	0.2	6	289.012	0
0.0013624	0.000394448	0.2	6	288.95	0
0.0013624	0.000430964	0.2	6	288.884	0
0.0013624	0.00047086	0.2	6	288.811	0
0.0013624	0.00051445	0.2	6	288.731	0
0.0013624	0.000562075	0.2	6	288.645	0
0.0013624	0.000614108	0.2	6	288.551	0
0.0013624	0.000670959	0.2	6	288.448	0
0.0013624	0.000733073	0.2	6	288.337	0
0.0013624	0.000800936	0.2	6	288.216	0
0.0013624	0.000875083	0.2	6	288.084	0
0.0013624	0.000956093	0.2	6	287.941	0
0.0013624	0.0010446	0.2	6	287.785	0
0.0013624	0.00114131	0.2	6	287.617	0
0.0013624	0.00124696	0.2	6	287.434	0
0.0013624	0.0013624	0.2	6	287.236	0
0.0013624	0.00148852	0.2	6	287.021	0
0.0013624	0.00162632	0.2	6	286.789	0
0.0013624	0.00177687	0.2	6	286.539	0
0.0013624	0.00194137	0.2	6	286.268	0
0.0013624	0.00212109	0.2	6	285.977	0
0.0013624	0.00231745	0.2	6	285.663	0
0.0013624	0.00253198	0.2	6	285.325	0
0.0013624	0.00276638	0.2	6	284.964	0
0.0013624	0.00302248	0.2	6	284.576	0
0.0013624	0.00330228	0.2	6	284.163	0
0.0013624	0.00360798	0.2	6	283.723	0
0.0013624	0.00394199	0.2	6	283.255	0
0.0013624	0.00430692	0.2	6	282.76	0
0.0013624	0.00470563	0.2	6	282.239	0
0.0013624	0.00514125	0.2	6	281.693	0
0.0013624	0.0056172	0.2	6	281.123	0
0.0013624	0.0061372	0.2	6	280.533	0
0.0013624	0.00670535	0.2	6	279.928	0
0.0013624	0.0073261	0.2	6	279.312	0
0.0013624	0.0080043	0.2	6	278.695	0
0.0013624	0.0087453	0.2	6	278.085	0
0.0013624	0.00955489	0.2	6	277.496	0
0.0013624	0.0104394	0.2	6	276.945	0
0.0013624	0.0114058	0.2	6	276.453	0
0.0013624	0.0124617	0.2	6	276.044	0
0.0013624	0.0136154	0.2	6	275.751	0
0.0013624	0.0148758	0.2	6	275.614	0
0.0013624	0.0162529	0.2	6	275.68	0
0.0013624	0.0177575	0.2	6	276.008	0
0.0013624	0.0194014	0.2	6	276.669	0
0.0013624	0.0211975	0.2	6	277.748	0
0.0013624	0.0231598	0.2	6	279.349	0
0.0013624	0.0253038	0.2	6	281.595	0
0.0013624	0.0276463	0.2	6	284.635	0
0.0013624	0.0302057	0.2	6	288.645	0
0.0013624	0.0330019	0.2	6	293.835	0
0.0013624	0.0360571	0.2	6	300.452	0
0.0013624	0.039395	0.2	6	308.79	0
0.0013624	0.043042	0.2	6	319.193	0
0.0013624	0.0470266	0.2	6	332.065	0
0.0013624	0.05138	0.2	6	347.877	0
0.0013624	0.0561365	0.2	6	367.174	0
0.0013624	0.0613333	0.2	6	390.59	0
0.0013624	0.0670111	0.2	6	418.851	0
0.0013624	0.0732147	0.2	6	452.788	0
0.0013624	0.0799925	0.2	6	493.342	0
0.0013624	0.0873977	0.2	6	541.574	0
0.0013624	0.0954885	0.2	6	598.664	0
0.0013624	0.104328	0.2	6	665.914	0
0.0013624	0.113986	0.2	6	744.735	0
0.0013624	0.124539	0.2	6	836.631	0
0.0013624	0.136068	0.2	6	943.167	0
0.0013624	0.148664	0.2	6	1065.92	0
0.0013624	0.162426	0.2	6	1206.4	0
0.0013624	0.177463	0.2	6	1365.94	0
0.0013624	0.193892	0.2	6	1545.59	0
0.0013624	0.211841	0.2	6	1745.85	0
0.0013624	0.231452	0.2	6	1966.5	0
0.0013624	0.252878	0.2	6	2206.22	0
0.0013624	0.276288	0.2	6	2462.24	0
0.0013624	0.301866	0.2	6	2729.81	0
0.0013624	0.329811	0.2	6	3001.77	0
0.0013624	0.360343	0.2	6	3267.86	0
0.0013624	0.393701	0.2	6	3514.27	0
0.0013624	0.430148	0.2	6	3723.19	0
0.0013624	0.469968	0.2	6	3872.78	0
0.0013624	0.513475	0.2	6	3937.79	0
0.0013624	0.56101	0.2	6	3891.46	0
0.0013624	0.612945	0.2	6	3709.49	0
0.0013624	0.669688	0.2	6	3377.5	0
0.00148852	0.000104526	0.2	6	289.295	0
0.00148852	0.000114203	0.2	6	289.276	0
0.00148852	0.000124775	0.2	6	289.254	0
0.00148852	0.000136326	0.2	6	289.231	0
0.00148852	0.000148946	0.2	6	289.205	0
0.00148852	0.000162735	0.2	6	289.177	0
0.00148852	0.0001778	0.2	6	289.146	0
0.00148852	0.00019426	0.2	6	289.113	0
0.00148852	0.000212243	0.2	6	289.077	0
0.00148852	0.000231891	0.2	6	289.037	0
0.00148852	0.000253358	0.2	6	288.993	0
0.00148852	0.000276813	0.2	6	288.946	0
0.00148852	0.000302439	0.2	6	288.894	0
0.00148852	0.000330437	0.2	6	288.838	0
0.00148852	0.000361027	0.2	6	288.777	0
0.00148852	0.000394448	0.2	6	288.71	0
0.00148852	0.000430964	0.2	6	288.637	0
0.00148852	0.00047086	0.2	6	288.557	0
0.00148852	0.00051445	0.2	6	288.47	0
0.00148852	0.000562075	0.2	6	288.376	0
0.00148852	0.000614108	0.2	6	288.273	0
0.00148852	0.000670959	0.2	6	288.161	0
0.00148852	0.000733073	0.2	6	288.039	0
0.00148852	0.000800936	0.2	6	287.907	0
0.00148852	0.000875083	0.2	6	287.762	0
0.00148852	0.000956093	0.2	6	287.606	0
0.00148852	0.0010446	0.2	6	287.436	0
0.00148852	0.00114131	0.2	6	287.251	0
0.00148852	0.00124696	0.2	6	287.05	0
0.00148852	0.0013624	0.2	6	286.833	0
0.00148852	0.00148852	0.2	6	286.597	0
0.00148852	0.00162632	0.2	6	286.342	0
0.00148852	0.00177687	0.2	6	286.066	0
0.00148852	0.00194137	0.2	6	285.768	0
0.00148852	0.00212109	0.2	6	285.447	0
0.00148852	0.00231745	0.2	6	285.1	0
0.00148852	0.00253198	0.2	6	284.727	0
0.00148852	0.00276638	0.2	6	284.327	0
0.00148852	0.00302248	0.2	6	283.897	0
0.00148852	0.00330228	0.2	6	283.437	0
0.00148852	0.00360798	0.2	6	282.946	0
0.00148852	0.00394199	0.2	6	282.423	0
0.00148852	0.00430692	0.2	6	281.869	0
0.00148852	0.00470563	0.2	6	281.282	0
0.00148852	0.00514125	0.2	6	280.664	0
0.00148852	0.0056172	0.2	6	280.017	0
0.00148852	0.0061372	0.2	6	279.342	0
0.00148852	0.00670535	0.2	6	278.644	0
0.00148852	0.0073261	0.2	6	277.928	0
0.00148852	0.0080043	0.2	6	277.2	0
0.00148852	0.0087453	0.2	6	276.472	0
0.00148852	0.00955489	0.2	6	275.753	0
0.00148852	0.0104394	0.2	6	275.061	0
0.00148852	0.0114058	0.2	6	274.415	0
0.00148852	0.0124617	0.2	6	273.84	0
0.00148852	0.0136154	0.2	6	273.366	0
0.00148852	0.0148758	0.2	6	273.033	0
0.00148852	0.0162529	0.2	6	272.886	0
0.00148852	0.0177575	0.2	6	272.983	0
0.00148852	0.0194014	0.2	6	273.394	0
0.00148852	0.0211975	0.2	6	274.203	0
0.00148852	0.0231598	0.2	6	275.513	0
0.00148852	0.0253038	0.2	6	277.444	0
0.00148852	0.0276463	0.2	6	280.145	0
0.00148852	0.0302057	0.2	6	283.791	0
0.00148852	0.0330019	0.2	6	288.589	0
0.00148852	0.0360571	0.2	6	294.787	0
0.00148852	0.039395	0.2	6	302.676	0
0.00148852	0.043042	0.2	6	312.601	0
0.00148852	0.0470266	0.2	6	324.964	0
0.00148852	0.05138	0.2	6	340.237	0
0.00148852	0.0561365	0.2	6	358.966	0
0.00148852	0.0613333	0.2	6	381.786	0
0.00148852	0.0670111	0.2	6	409.424	0
0.00148852	0.0732147	0.2	6	442.716	0
0.00148852	0.0799925	0.2	6	482.609	0
0.00148852	0.0873977	0.2	6	530.168	0
0.00148852	0.0954885	0.2	6	586.585	0
0.00148852	0.104328	0.2	6	653.173	0
0.00148852	0.113986	0.2	6	731.36	0
0.00148852	0.124539	0.2	6	822.671	0
0.00148852	0.136068	0.2	6	928.697	0
0.00148852	0.148664	0.2	6	1051.05	0
0.00148852	0.162426	0.2	6	1191.28	0
0.00148852	0.177463	0.2	6	1350.79	0
0.00148852	0.193892	0.2	6	1530.67	0
0.00148852	0.211841	0.2	6	1731.53	0
0.00148852	0.231452	0.2	6	1953.24	0
0.00148852	0.252878	0.2	6	2194.63	0
0.00148852	0.276288	0.2	6	2453.06	0
0.00148852	0.301866	0.2	6	2724.04	0
0.00148852	0.329811	0.2	6	3000.62	0
0.00148852	0.360343	0.2	6	3272.88	0
0.00148852	0.393701	0.2	6	3527.39	0
0.00148852	0.430148	0.2	6	3746.85	0
0.00148852	0.469968	0.2	6	3910.01	0
0.00148852	0.513475	0.2	6	3992.41	0
0.00148852	0.56101	0.2	6	3968.23	0
0.00148852	0.612945	0.2	6	3814.36	0
0.00148852	0.669688	0.2	6	3517.89	0
0.00162632	0.000104526	0.2	6	289.087	0
0.00162632	0.000114203	0.2	6	289.065	0
0.00162632	0.000124775	0.2	6	289.042	0
0.00162632	0.000136326	0.2	6	289.016	0
0.00162632	0.000148946	0.2	6	288.988	0
0.00162632	0.000162735	0.2	6	288.957	0
0.00162632	0.0001778	0.2	6	288.924	0
0.00162632	0.00019426	0.2	6	288.888	0
0.00162632	0.000212243	0.2	6	288.848	0
0.00162632	0.000231891	0.2	6	288.804	0
0.00162632	0.000253358	0.2	6	288.757	0
0.00162632	0.000276813	0.2	6	288.705	0
0.00162632	0.000302439	0.2	6	288.649	0
0.00162632	0.000330437	0.2	6	288.588	0
0.00162632	0.000361027	0.2	6	288.521	0
0.00162632	0.000394448	0.2	6	288.447	0
0.00162632	0.000430964	0.2	6	288.368	0
0.00162632	0.00047086	0.2	6	288.281	0
0.00162632	0.00051445	0.2	6	288.186	0
0.00162632	0.000562075	0.2	6	288.083	0
0.00162632	0.000614108	0.2	6	287.971	0
0.00162632	0.000670959	0.2	6	287.848	0
0.00162632	0.000733073	0.2	6	287.715	0
0.00162632	0.000800936	0.2	6	287.57	0
0.00162632	0.000875083	0.2	6	287.412	0
0.00162632	0.000956093	0.2	6	287.241	0
0.00162632	0.0010446	0.2	6	287.054	0
0.00162632	0.00114131	0.2	6	286.852	0
0.00162632	0.00124696	0.2	6	286.632	0
0.00162632	0.0013624	0.2	6	286.393	0
0.00162632	0.00148852	0.2	6	286.135	0
0.00162632	0.00162632	0.2	6	285.855	0
0.00162632	0.00177687	0.2	6	285.551	0
0.00162632	0.00194137	0.2	6	285.224	0
0.00162632	0.00212109	0.2	6	284.869	0
0.00162632	0.00231745	0.2	6	284.487	0
0.00162632	0.00253198	0.2	6	284.075	0
0.00162632	0.00276638	0.2	6	283.632	0
0.00162632	0.00302248	0.2	6	283.156	0
0.00162632	0.00330228	0.2	6	282.646	0
0.00162632	0.00360798	0.2	6	282.1	0
0.00162632	0.00394199	0.2	6	281.517	0
0.00162632	0.00430692	0.2	6	280.896	0
0.00162632	0.00470563	0.2	6	280.238	0
0.00162632	0.00514125	0.2	6	279.543	0
0.00162632	0.0056172	0.2	6	278.81	0
0.00162632	0.0061372	0.2	6	278.043	0
0.00162632	0.00670535	0.2	6	277.245	0
0.00162632	0.0073261	0.2	6	276.419	0
0.00162632	0.0080043	0.2	6	275.573	0
0.00162632	0.0087453	0.2	6	274.714	0
0.00162632	0.00955489	0.2	6	273.855	0
0.00162632	0.0104394	0.2	6	273.01	0
0.00162632	0.0114058	0.2	6	272.197	0
0.00162632	0.0124617	0.2	6	271.441	0
0.00162632	0.0136154	0.2	6	270.772	0
0.00162632	0.0148758	0.2	6	270.226	0
0.00162632	0.0162529	0.2	6	269.849	0
0.00162632	0.0177575	0.2	6	269.698	0
0.00162632	0.0194014	0.2	6	269.84	0
0.00162632	0.0211975	0.2	6	270.359	0
0.00162632	0.0231598	0.2	6	271.355	0
0.00162632	0.0253038	0.2	6	272.949	0
0.00162632	0.0276463	0.2	6	275.288	0
0.00162632	0.0302057	0.2	6	278.544	0
0.00162632	0.0330019	0.2	6	282.925	0
0.00162632	0.0360571	0.2	6	288.678	0
0.00162632	0.039395	0.2	6	296.093	0
0.00162632	0.043042	0.2	6	305.514	0
0.00162632	0.0470266	0.2	6	317.344	0
0.00162632	0.05138	0.2	6	332.055	0
0.00162632	0.0561365	0.2	6	350.195	0
0.00162632	0.0613333	0.2	6	372.402	0
0.00162632	0.0670111	0.2	6	399.406	0
0.00162632	0.0732147	0.2	6	432.048	0
0.00162632	0.0799925	0.2	6	471.282	0
0.00162632	0.0873977	0.2	6	518.185	0
0.00162632	0.0954885	0.2	6	573.96	0
0.00162632	0.104328	0.2	6	639.936	0
0.00162632	0.113986	0.2	6	717.563	0
0.00162632	0.124539	0.2	6	808.392	0
0.00162632	0.136068	0.2	6	914.051	0
0.00162632	0.148664	0.2	6	1036.19	0
0.00162632	0.162426	0.2	6	1176.42	0
0.00162632	0.177463	0.2	6	1336.21	0
0.00162632	0.193892	0.2	6	1516.73	0
0.00162632	0.211841	0.2	6	1718.7	0
0.00162632	0.231452	0.2	6	1942.13	0
0.00162632	0.252878	0.2	6	2185.98	0
0.00162632	0.276288	0.2	6	2447.85	0
0.00162632	0.301866	0.2	6	2723.47	0
0.00162632	0.329811	0.2	6	3006.21	0
0.00162632	0.360343	0.2	6	3286.54	0
0.00162632	0.393701	0.2	6	3551.5	0
0.00162632	0.430148	0.2	6	3784.36	0
0.00162632	0.469968	0.2	6	3964.63	0
0.00162632	0.513475	0.2	6	4068.72	0
0.00162632	0.56101	0.2	6	4071.96	0
0.00162632	0.612945	0.2	6	3952.63	0
0.00162632	0.669688	0.2	6	3699.57	0
0.00177687	0.000104526	0.2	6	288.86	0
0.00177687	0.000114203	0.2	6	288.836	0
0.00177687	0.000124775	0.2	6	288.811	0
0.00177687	0.000136326	0.2	6	288.783	0
0.00177687	0.000148946	0.2	6	288.752	0
0.00177687	0.000162735	0.2	6	288.719	0
0.00177687	0.0001778	0.2	6	288.682	0
0.00177687	0.00019426	0.2	6	288.643	0
0.00177687	0.000212243	0.2	6	288.599	0
0.00177687	0.000231891	0.2	6	288.552	0
0.00177687	0.000253358	0.2	6	288.5	0
0.00177687	0.000276813	0.2	6	288.444	0
0.00177687	0.000302439	0.2	6	288.383	0
0.00177687	0.000330437	0.2	6	288.315	0
0.00177687	0.000361027	0.2	6	288.242	0
0.00177687	0.000394448	0.2	6	288.162	0
0.00177687	0.000430964	0.2	6	288.075	0
0.00177687	0.00047086	0.2	6	287.98	0
0.00177687	0.00051445	0.2	6	287.877	0
0.00177687	0.000562075	0.2	6	287.764	0
0.00177687	0.000614108	0.2	6	287.641	0
0.00177687	0.000670959	0.2	6	287.508	0
0.00177687	0.000733073	0.2	6	287.362	0
0.00177687	0.000800936	0.2	6	287.203	0
0.00177687	0.000875083	0.2	6	287.031	0
0.00177687	0.000956093	0.2	6	286.843	0
0.00177687	0.0010446	0.2	6	286.639	0
0.00177687	0.00114131	0.2	6	286.417	0
0.00177687	0.00124696	0.2	6	286.176	0
0.00177687	0.0013624	0.2	6	285.915	0
0.00177687	0.00148852	0.2	6	285.631	0
0.00177687	0.00162632	0.2	6	285.324	0
0.00177687	0.00177687	0.2	6	284.99	0
0.00177687	0.00194137	0.2	6	284.63	0
0.00177687	0.00212109	0.2	6	284.24	0
0.00177687	0.00231745	0.2	6	283.819	0
0.00177687	0.00253198	0.2	6	283.364	0
0.00177687	0.00276638	0.2	6	282.875	0
0.00177687	0.00302248	0.2	6	282.348	0
0.00177687	0.00330228	0.2	6	281.783	0
0.00177687	0.00360798	0.2	6	281.177	0
0.00177687	0.00394199	0.2	6	280.528	0
0.00177687	0.00430692	0.2	6	279.837	0
0.00177687	0.00470563	0.2	6	279.101	0
0.00177687	0.00514125	0.2	6	278.32	0
0.00177687	0.0056172	0.2	6	277.496	0
0.00177687	0.0061372	0.2	6	276.628	0
0.00177687	0.00670535	0.2	6	275.72	0
0.00177687	0.0073261	0.2	6	274.776	0
0.00177687	0.0080043	0.2	6	273.8	0
0.00177687	0.0087453	0.2	6	272.8	0
0.00177687	0.00955489	0.2	6	271.788	0
0.00177687	0.0104394	0.2	6	270.777	0
0.00177687	0.0114058	0.2	6	269.784	0
0.00177687	0.0124617	0.2	6	268.833	0
0.00177687	0.0136154	0.2	6	267.952	0
0.00177687	0.0148758	0.2	6	267.177	0
0.00177687	0.0162529	0.2	6	266.552	0
0.00177687	0.0177575	0.2	6	266.133	0
0.00177687	0.0194014	0.2	6	265.985	0
0.00177687	0.0211975	0.2	6	266.192	0
0.00177687	0.0231598	0.2	6	266.852	0
0.00177687	0.0253038	0.2	6	268.086	0
0.00177687	0.0276463	0.2	6	270.037	0
0.00177687	0.0302057	0.2	6	272.879	0
0.00177687	0.0330019	0.2	6	276.818	0
0.00177687	0.0360571	0.2	6	282.1	0
0.00177687	0.039395	0.2	6	289.016	0
0.00177687	0.043042	0.2	6	297.909	0
0.00177687	0.0470266	0.2	6	309.183	0
0.00177687	0.05138	0.2	6	323.312	0
0.00177687	0.0561365	0.2	6	340.848	0
0.00177687	0.0613333	0.2	6	362.43	0
0.00177687	0.0670111	0.2	6	388.796	0
0.00177687	0.0732147	0.2	6	420.793	0
0.00177687	0.0799925	0.2	6	459.386	0
0.00177687	0.0873977	0.2	6	505.664	0
0.00177687	0.0954885	0.2	6	560.848	0
0.00177687	0.104328	0.2	6	626.288	0
0.00177687	0.113986	0.2	6	703.461	0
0.00177687	0.124539	0.2	6	793.955	0
0.00177687	0.136068	0.2	6	899.438	0
0.00177687	0.148664	0.2	6	1021.62	0
0.00177687	0.162426	0.2	6	1162.17	0
0.00177687	0.177463	0.2	6	1322.65	0
0.00177687	0.193892	0.2	6	1504.33	0
0.00177687	0.211841	0.2	6	1708.06	0
0.00177687	0.231452	0.2	6	1934.01	0
0.00177687	0.252878	0.2	6	2181.34	0
0.00177687	0.276288	0.2	6	2447.89	0
0.00177687	0.301866	0.2	6	2729.7	0
0.00177687	0.329811	0.2	6	3020.51	0
0.00177687	0.360343	0.2	6	3311.24	0
0.00177687	0.393701	0.2	6	3589.5	0
0.00177687	0.430148	0.2	6	3839.27	0
0.00177687	0.469968	0.2	6	4040.92	0
0.00177687	0.513475	0.2	6	4171.95	0
0.00177687	0.56101	0.2	6	4208.99	0
0.00177687	0.612945	0.2	6	4132	0
0.00177687	0.669688	0.2	6	3931.85	0
0.00194137	0.000104526	0.2	6	288.614	0
0.00194137	0.000114203	0.2	6	288.588	0
0.00194137	0.000124775	0.2	6	288.56	0
0.00194137	0.000136326	0.2	6	288.53	0
0.00194137	0.000148946	0.2	6	288.496	0
0.00194137	0.000162735	0.2	6	288.46	0
0.00194137	0.0001778	0.2	6	288.42	0
0.00194137	0.00019426	0.2	6	288.377	0
0.00194137	0.000212243	0.2	6	288.329	0
0.00194137	0.000231891	0.2	6	288.278	0
0.00194137	0.000253358	0.2	6	288.221	0
0.00194137	0.000276813	0.2	6	288.16	0
0.00194137	0.000302439	0.2	6	288.093	0
0.00194137	0.000330437	0.2	6	288.02	0
0.00194137	0.000361027	0.2	6	287.94	0
0.00194137	0.000394448	0.2	6	287.852	0
0.00194137	0.000430964	0.2	6	287.757	0
0.00194137	0.00047086	0.2	6	287.654	0
0.00194137	0.00051445	0.2	6	287.541	0
0.00194137	0.000562075	0.2	6	287.418	0
0.00194137	0.000614108	0.2	6	287.283	0
0.00194137	0.000670959	0.2	6	287.137	0
0.00194137	0.000733073	0.2	6	286.978	0
0.00194137	0.000800936	0.2	6	286.805	0
0.00194137	0.000875083	0.2	6	286.616	0
0.00194137	0.000956093	0.2	6	286.41	0
0.00194137	0.0010446	0.2	6	286.187	0
0.00194137	0.00114131	0.2	6	285.944	0
0.00194137	0.00124696	0.2	6	285.68	0
0.00194137	0.0013624	0.2	6	285.394	0
0.00194137	0.00148852	0.2	6	285.082	0
0.00194137	0.00162632	0.2	6	284.745	0
0.00194137	0.00177687	0.2	6	284.379	0
0.00194137	0.00194137	0.2	6	283.983	0
0.00194137	0.00212109	0.2	6	283.554	0
0.00194137	0.00231745	0.2	6	283.09	0
0.00194137	0.00253198	0.2	6	282.59	0
0.00194137	0.00276638	0.2	6	282.05	0
0.00194137	0.00302248	0.2	6	281.468	0
0.00194137	0.00330228	0.2	6	280.842	0
0.00194137	0.00360798	0.2	6	280.171	0
0.00194137	0.00394199	0.2	6	279.451	0
0.00194137	0.00430692	0.2	6	278.682	0
0.00194137	0.00470563	0.2	6	277.861	0
0.00194137	0.00514125	0.2	6	276.989	0
0.00194137	0.0056172	0.2	6	276.064	0
0.00194137	0.0061372	0.2	6	275.087	0
0.00194137	0.00670535	0.2	6	274.06	0
0.00194137	0.0073261	0.2	6	272.986	0
0.00194137	0.0080043	0.2	6	271.869	0
0.00194137	0.0087453	0.2	6	270.718	0
0.00194137	0.00955489	0.2	6	269.54	0
0.00194137	0.0104394	0.2	6	268.348	0
0.00194137	0.0114058	0.2	6	267.161	0
0.00194137	0.0124617	0.2	6	265.998	0
0.00194137	0.0136154	0.2	6	264.888	0
0.00194137	0.0148758	0.2	6	263.866	0
0.00194137	0.0162529	0.2	6	262.974	0
0.00194137	0.0177575	0.2	6	262.266	0
0.00194137	0.0194014	0.2	6	261.808	0
0.00194137	0.0211975	0.2	6	261.68	0
0.00194137	0.0231598	0.2	6	261.981	0
0.00194137	0.0253038	0.2	6	262.83	0
0.00194137	0.0276463	0.2	6	264.369	0
0.00194137	0.0302057	0.2	6	266.772	0
0.00194137	0.0330019	0.2	6	270.243	0
0.00194137	0.0360571	0.2	6	275.029	0
0.00194137	0.039395	0.2	6	281.422	0
0.00194137	0.043042	0.2	6	289.764	0
0.00194137	0.0470266	0.2	6	300.464	0
0.00194137	0.05138	0.2	6	313.996	0
0.00194137	0.0561365	0.2	6	330.916	0
0.00194137	0.0613333	0.2	6	351.87	0
0.00194137	0.0670111	0.2	6	377.604	0
0.00194137	0.0732147	0.2	6	408.975	0
0.00194137	0.0799925	0.2	6	446.96	0
0.00194137	0.0873977	0.2	6	492.667	0
0.00194137	0.0954885	0.2	6	547.337	0
0.00194137	0.104328	0.2	6	612.35	0
0.00194137	0.113986	0.2	6	689.217	0
0.00194137	0.124539	0.2	6	779.569	0
0.00194137	0.136068	0.2	6	885.13	0
0.00194137	0.148664	0.2	6	1007.67	0
0.00194137	0.162426	0.2	6	1148.96	0
0.00194137	0.177463	0.2	6	1310.65	0
0.00194137	0.193892	0.2	6	1494.15	0
0.00194137	0.211841	0.2	6	1700.46	0
0.00194137	0.231452	0.2	6	1929.94	0
0.00194137	0.252878	0.2	6	2182.01	0
0.00194137	0.276288	0.2	6	2454.79	0
0.00194137	0.301866	0.2	6	2744.69	0
0.00194137	0.329811	0.2	6	3045.9	0
0.00194137	0.360343	0.2	6	3349.88	0
0.00194137	0.393701	0.2	6	3644.94	0
0.00194137	0.430148	0.2	6	3915.89	0
0.00194137	0.469968	0.2	6	4144.13	0
0.00194137	0.513475	0.2	6	4308.42	0
0.00194137	0.56101	0.2	6	4387	0
0.00194137	0.612945	0.2	6	4361.75	0
0.00194137	0.669688	0.2	6	4225.96	0
0.00212109	0.000104526	0.2	6	288.346	0
0.00212109	0.000114203	0.2	6	288.318	0
0.00212109	0.000124775	0.2	6	288.288	0
0.00212109	0.000136326	0.2	6	288.255	0
0.00212109	0.000148946	0.2	6	288.218	0
0.00212109	0.000162735	0.2	6	288.179	0
0.00212109	0.0001778	0.2	6	288.135	0
0.00212109	0.00019426	0.2	6	288.088	0
0.00212109	0.000212243	0.2	6	288.036	0
0.00212109	0.000231891	0.2	6	287.98	0
0.00212109	0.000253358	0.2	6	287.919	0
0.00212109	0.000276813	0.2	6	287.851	0
0.00212109	0.000302439	0.2	6	287.778	0
0.00212109	0.000330437	0.2	6	287.698	0
0.00212109	0.000361027	0.2	6	287.611	0
0.00212109	0.000394448	0.2	6	287.516	0
0.00212109	0.000430964	0.2	6	287.412	0
0.00212109	0.00047086	0.2	6	287.299	0
0.00212109	0.00051445	0.2	6	287.175	0
0.00212109	0.000562075	0.2	6	287.041	0
0.00212109	0.000614108	0.2	6	286.894	0
0.00212109	0.000670959	0.2	6	286.734	0
0.00212109	0.000733073	0.2	6	286.56	0
0.00212109	0.000800936	0.2	6	286.371	0
0.00212109	0.000875083	0.2	6	286.164	0
0.00212109	0.000956093	0.2	6	285.939	0
0.00212109	0.0010446	0.2	6	285.695	0
0.00212109	0.00114131	0.2	6	285.429	0
0.00212109	0.00124696	0.2	6	285.14	0
0.00212109	0.0013624	0.2	6	284.826	0
0.00212109	0.00148852	0.2	6	284.485	0
0.00212109	0.00162632	0.2	6	284.115	0
0.00212109	0.00177687	0.2	6	283.713	0
0.00212109	0.00194137	0.2	6	283.278	0
0.00212109	0.00212109	0.2	6	282.807	0
0.00212109	0.00231745	0.2	6	282.297	0
0.00212109	0.00253198	0.2	6	281.746	0
0.00212109	0.00276638	0.2	6	281.15	0
0.00212109	0.00302248	0.2	6	280.509	0
0.00212109	0.00330228	0.2	6	279.818	0
0.00212109	0.00360798	0.2	6	279.075	0
0.00212109	0.00394199	0.2	6	278.278	0
0.00212109	0.00430692	0.2	6	277.423	0
0.00212109	0.00470563	0.2	6	276.511	0
0.00212109	0.00514125	0.2	6	275.538	0
0.00212109	0.0056172	0.2	6	274.503	0
0.00212109	0.0061372	0.2	6	273.408	0
0.00212109	0.00670535	0.2	6	272.252	0
0.00212109	0.0073261	0.2	6	271.037	0
0.00212109	0.0080043	0.2	6	269.768	0
0.00212109	0.0087453	0.2	6	268.451	0
0.00212109	0.00955489	0.2	6	267.093	0
0.00212109	0.0104394	0.2	6	265.708	0
0.00212109	0.0114058	0.2	6	264.309	0
0.00212109	0.0124617	0.2	6	262.918	0
0.00212109	0.0136154	0.2	6	261.561	0
0.00212109	0.0148758	0.2	6	260.272	0
0.00212109	0.0162529	0.2	6	259.093	0
0.00212109	0.0177575	0.2	6	258.075	0
0.00212109	0.0194014	0.2	6	257.284	0
0.00212109	0.0211975	0.2	6	256.798	0
0.00212109	0.0231598	0.2	6	256.716	0
0.00212109	0.0253038	0.2	6	257.155	0
0.00212109	0.0276463	0.2	6	258.258	0
0.00212109	0.0302057	0.2	6	260.196	0
0.00212109	0.0330019	0.2	6	263.175	0
0.00212109	0.0360571	0.2	6	267.442	0
0.00212109	0.039395	0.2	6	273.289	0
0.00212109	0.043042	0.2	6	281.063	0
0.00212109	0.0470266	0.2	6	291.172	0
0.00212109	0.05138	0.2	6	304.097	0
0.00212109	0.0561365	0.2	6	320.4	0
0.00212109	0.0613333	0.2	6	340.733	0
0.00212109	0.0670111	0.2	6	365.854	0
0.00212109	0.0732147	0.2	6	396.633	0
0.00212109	0.0799925	0.2	6	434.065	0
0.00212109	0.0873977	0.2	6	479.28	0
0.00212109	0.0954885	0.2	6	533.548	0
0.00212109	0.104328	0.2	6	598.283	0
0.00212109	0.113986	0.2	6	675.041	0
0.00212109	0.124539	0.2	6	765.508	0
0.00212109	0.136068	0.2	6	871.475	0
0.00212109	0.148664	0.2	6	994.802	0
0.00212109	0.162426	0.2	6	1137.35	0
0.00212109	0.177463	0.2	6	1300.91	0
0.00212109	0.193892	0.2	6	1487.05	0
0.00212109	0.211841	0.2	6	1696.96	0
0.00212109	0.231452	0.2	6	1931.24	0
0.00212109	0.252878	0.2	6	2189.59	0
0.00212109	0.276288	0.2	6	2470.51	0
0.00212109	0.301866	0.2	6	2770.84	0
0.00212109	0.329811	0.2	6	3085.29	0
0.00212109	0.360343	0.2	6	3406.03	0
0.00212109	0.393701	0.2	6	3722.14	0
0.00212109	0.430148	0.2	6	4019.45	0
0.00212109	0.469968	0.2	6	4280.58	0
0.00212109	0.513475	0.2	6	4485.82	0
0.00212109	0.56101	0.2	6	4615.27	0
0.00212109	0.612945	0.2	6	4653.09	0
0.00212109	0.669688	0.2	6	4595.43	0
0.00231745	0.000104526	0.2	6	288.057	0
0.00231745	0.000114203	0.2	6	288.026	0
0.00231745	0.000124775	0.2	6	287.993	0
0.00231745	0.000136326	0.2	6	287.957	0
0.00231745	0.000148946	0.2	6	287.917	0
0.00231745	0.000162735	0.2	6	287.874	0
0.00231745	0.0001778	0.2	6	287.826	0
0.00231745	0.00019426	0.2	6	287.775	0
0.00231745	0.000212243	0.2	6	287.718	0
0.00231745	0.000231891	0.2	6	287.657	0
0.00231745	0.000253358	0.2	6	287.59	0
0.00231745	0.000276813	0.2	6	287.517	0
0.00231745	0.000302439	0.2	6	287.437	0
0.00231745	0.000330437	0.2	6	287.349	0
0.00231745	0.000361027	0.2	6	287.254	0
0.00231745	0.000394448	0.2	6	287.15	0
0.00231745	0.000430964	0.2	6	287.037	0
0.00231745	0.00047086	0.2	6	286.913	0
0.00231745	0.00051445	0.2	6	286.778	0
0.00231745	0.000562075	0.2	6	286.631	0
0.00231745	0.000614108	0.2	6	286.471	0
0.00231745	0.000670959	0.2	6	286.296	0
0.00231745	0.000733073	0.2	6	286.106	0
0.00231745	0.000800936	0.2	6	285.899	0
0.00231745	0.000875083	0.2	6	285.673	0
0.00231745	0.000956093	0.2	6	285.427	0
0.00231745	0.0010446	0.2	6	285.16	0
0.00231745	0.00114131	0.2	6	284.869	0
0.00231745	0.00124696	0.2	6	284.552	0
0.00231745	0.0013624	0.2	6	284.208	0
0.00231745	0.00148852	0.2	6	283.834	0
0.00231745	0.00162632	0.2	6	283.428	0
0.00231745	0.00177687	0.2	6	282.988	0
0.00231745	0.00194137	0.2	6	282.51	0
0.00231745	0.00212109	0.2	6	281.993	0
0.00231745	0.00231745	0.2	6	281.432	0
0.00231745	0.00253198	0.2	6	280.826	0
0.00231745	0.00276638	0.2	6	280.171	0
0.00231745	0.00302248	0.2	6	279.464	0
0.00231745	0.00330228	0.2	6	278.702	0
0.00231745	0.00360798	0.2	6	277.881	0
0.00231745	0.00394199	0.2	6	276.999	0
0.00231745	0.00430692	0.2	6	276.053	0
0.00231745	0.00470563	0.2	6	275.04	0
0.00231745	0.00514125	0.2	6	273.957	0
0.00231745	0.0056172	0.2	6	272.804	0
0.00231745	0.0061372	0.2	6	271.58	0
0.00231745	0.00670535	0.2	6	270.283	0
0.00231745	0.0073261	0.2	6	268.917	0
0.00231745	0.0080043	0.2	6	267.482	0
0.00231745	0.0087453	0.2	6	265.986	0
0.00231745	0.00955489	0.2	6	264.434	0
0.00231745	0.0104394	0.2	6	262.837	0
0.00231745	0.0114058	0.2	6	261.211	0
0.00231745	0.0124617	0.2	6	259.574	0
0.00231745	0.0136154	0.2	6	257.951	0
0.00231745	0.0148758	0.2	6	256.375	0
0.00231745	0.0162529	0.2	6	254.887	0
0.00231745	0.0177575	0.2	6	253.537	0
0.00231745	0.0194014	0.2	6	252.389	0
0.00231745	0.0211975	0.2	6	251.522	0
0.00231745	0.0231598	0.2	6	251.032	0
0.00231745	0.0253038	0.2	6	251.037	0
0.00231745	0.0276463	0.2	6	251.678	0
0.00231745	0.0302057	0.2	6	253.127	0
0.00231745	0.0330019	0.2	6	255.591	0
0.00231745	0.0360571	0.2	6	259.318	0
0.00231745	0.039395	0.2	6	264.601	0
0.00231745	0.043042	0.2	6	271.791	0
0.00231745	0.0470266	0.2	6	281.301	0
0.00231745	0.05138	0.2	6	293.617	0
0.00231745	0.0561365	0.2	6	309.31	0
0.00231745	0.0613333	0.2	6	329.043	0
0.00231745	0.0670111	0.2	6	353.587	0
0.00231745	0.0732147	0.2	6	383.83	0
0.00231745	0.0799925	0.2	6	420.791	0
0.00231745	0.0873977	0.2	6	465.627	0
0.00231745	0.0954885	0.2	6	519.644	0
0.00231745	0.104328	0.2	6	584.301	0
0.00231745	0.113986	0.2	6	661.209	0
0.00231745	0.124539	0.2	6	752.123	0
0.00231745	0.136068	0.2	6	858.918	0
0.00231745	0.148664	0.2	6	983.56	0
0.00231745	0.162426	0.2	6	1128.04	0
0.00231745	0.177463	0.2	6	1294.3	0
0.00231745	0.193892	0.2	6	1484.1	0
0.00231745	0.211841	0.2	6	1698.87	0
0.00231745	0.231452	0.2	6	1939.5	0
0.00231745	0.252878	0.2	6	2206.05	0
0.00231745	0.276288	0.2	6	2497.45	0
0.00231745	0.301866	0.2	6	2811.06	0
0.00231745	0.329811	0.2	6	3142.26	0
0.00231745	0.360343	0.2	6	3483.99	0
0.00231745	0.393701	0.2	6	3826.33	0
0.00231745	0.430148	0.2	6	4156.28	0
0.00231745	0.469968	0.2	6	4457.95	0
0.00231745	0.513475	0.2	6	4713.41	0
0.00231745	0.56101	0.2	6	4904.97	0
0.00231745	0.612945	0.2	6	5019.53	0
0.00231745	0.669688	0.2	6	5056.56	0
0.00253198	0.000104526	0.2	6	287.743	0
0.00253198	0.000114203	0.2	6	287.71	0
0.00253198	0.000124775	0.2	6	287.673	0
0.00253198	0.000136326	0.2	6	287.634	0
0.00253198	0.000148946	0.2	6	287.59	0
0.00253198	0.000162735	0.2	6	287.543	0
0.00253198	0.0001778	0.2	6	287.492	0
0.00253198	0.00019426	0.2	6	287.435	0
0.00253198	0.000212243	0.2	6	287.374	0
0.00253198	0.000231891	0.2	6	287.307	0
0.00253198	0.000253358	0.2	6	287.233	0
0.00253198	0.000276813	0.2	6	287.153	0
0.00253198	0.000302439	0.2	6	287.066	0
0.00253198	0.000330437	0.2	6	286.971	0
0.00253198	0.000361027	0.2	6	286.867	0
0.00253198	0.000394448	0.2	6	286.753	0
0.00253198	0.000430964	0.2	6	286.629	0
0.00253198	0.00047086	0.2	6	286.494	0
0.00253198	0.00051445	0.2	6	286.347	0
0.00253198	0.000562075	0.2	6	286.187	0
0.00253198	0.000614108	0.2	6	286.011	0
0.00253198	0.000670959	0.2	6	285.821	0
0.00253198	0.000733073	0.2	6	285.613	0
0.00253198	0.000800936	0.2	6	285.386	0
0.00253198	0.000875083	0.2	6	285.139	0
0.00253198	0.000956093	0.2	6	284.87	0
0.00253198	0.0010446	0.2	6	284.578	0
0.00253198	0.00114131	0.2	6	284.259	0
0.00253198	0.00124696	0.2	6	283.913	0
0.00253198	0.0013624	0.2	6	283.536	0
0.00253198	0.00148852	0.2	6	283.126	0
0.00253198	0.00162632	0.2	6	282.682	0
0.00253198	0.00177687	0.2	6	282.199	0
0.00253198	0.00194137	0.2	6	281.675	0
0.00253198	0.00212109	0.2	6	281.107	0
0.00253198	0.00231745	0.2	6	280.491	0
0.00253198	0.00253198	0.2	6	279.825	0
0.00253198	0.00276638	0.2	6	279.104	0
0.00253198	0.00302248	0.2	6	278.326	0
0.00253198	0.00330228	0.2	6	277.486	0
0.00253198	0.00360798	0.2	6	276.581	0
0.00253198	0.00394199	0.2	6	275.606	0
0.00253198	0.00430692	0.2	6	274.56	0
0.00253198	0.00470563	0.2	6	273.438	0
0.00253198	0.00514125	0.2	6	272.237	0
0.00253198	0.0056172	0.2	6	270.955	0
0.00253198	0.0061372	0.2	6	269.59	0
0.00253198	0.00670535	0.2	6	268.142	0
0.00253198	0.0073261	0.2	6	266.61	0
0.00253198	0.0080043	0.2	6	264.996	0
0.00253198	0.0087453	0.2	6	263.305	0
0.00253198	0.00955489	0.2	6	261.543	0
0.00253198	0.0104394	0.2	6	259.719	0
0.00253198	0.0114058	0.2	6	257.847	0
0.00253198	0.0124617	0.2	6	255.945	0
0.00253198	0.0136154	0.2	6	254.036	0
0.00253198	0.0148758	0.2	6	252.152	0
0.00253198	0.0162529	0.2	6	250.332	0
0.00253198	0.0177575	0.2	6	248.627	0
0.00253198	0.0194014	0.2	6	247.099	0
0.00253198	0.0211975	0.2	6	245.827	0
0.00253198	0.0231598	0.2	6	244.904	0
0.00253198	0.0253038	0.2	6	244.449	0
0.00253198	0.0276463	0.2	6	244.604	0
0.00253198	0.0302057	0.2	6	245.542	0
0.00253198	0.0330019	0.2	6	247.47	0
0.00253198	0.0360571	0.2	6	250.638	0
0.00253198	0.039395	0.2	6	255.344	0
0.00253198	0.043042	0.2	6	261.942	0
0.00253198	0.0470266	0.2	6	270.851	0
0.00253198	0.05138	0.2	6	282.568	0
0.00253198	0.0561365	0.2	6	297.671	0
0.00253198	0.0613333	0.2	6	316.841	0
0.00253198	0.0670111	0.2	6	340.865	0
0.00253198	0.0732147	0.2	6	370.656	0
0.00253198	0.0799925	0.2	6	407.26	0
0.00253198	0.0873977	0.2	6	451.87	0
0.00253198	0.0954885	0.2	6	505.838	0
0.00253198	0.104328	0.2	6	570.68	0
0.00253198	0.113986	0.2	6	648.074	0
0.00253198	0.124539	0.2	6	739.86	0
0.00253198	0.136068	0.2	6	848.019	0
0.00253198	0.148664	0.2	6	974.643	0
0.00253198	0.162426	0.2	6	1121.88	0
0.00253198	0.177463	0.2	6	1291.87	0
0.00253198	0.193892	0.2	6	1486.6	0
0.00253198	0.211841	0.2	6	1707.8	0
0.00253198	0.231452	0.2	6	1956.7	0
0.00253198	0.252878	0.2	6	2233.8	0
0.00253198	0.276288	0.2	6	2538.53	0
0.00253198	0.301866	0.2	6	2868.92	0
0.00253198	0.329811	0.2	6	3221.11	0
0.00253198	0.360343	0.2	6	3589	0
0.00253198	0.393701	0.2	6	3963.84	0
0.00253198	0.430148	0.2	6	4334.06	0
0.00253198	0.469968	0.2	6	4685.5	0
0.00253198	0.513475	0.2	6	5002.38	0
0.00253198	0.56101	0.2	6	5269.62	0
0.00253198	0.612945	0.2	6	5477.34	0
0.00253198	0.669688	0.2	6	5628.97	0
0.00276638	0.000104526	0.2	6	287.403	0
0.00276638	0.000114203	0.2	6	287.367	0
0.00276638	0.000124775	0.2	6	287.327	0
0.00276638	0.000136326	0.2	6	287.284	0
0.00276638	0.000148946	0.2	6	287.237	0
0.00276638	0.000162735	0.2	6	287.185	0
0.00276638	0.0001778	0.2	6	287.129	0
0.00276638	0.00019426	0.2	6	287.067	0
0.00276638	0.000212243	0.2	6	287	0
0.00276638	0.000231891	0.2	6	286.927	0
0.00276638	0.000253358	0.2	6	286.847	0
0.00276638	0.000276813	0.2	6	286.76	0
0.00276638	0.000302439	0.2	6	286.664	0
0.00276638	0.000330437	0.2	6	286.56	0
0.00276638	0.000361027	0.2	6	286.447	0
0.00276638	0.000394448	0.2	6	286.323	0
0.00276638	0.000430964	0.2	6	286.188	0
0.00276638	0.00047086	0.2	6	286.04	0
0.00276638	0.00051445	0.2	6	285.879	0
0.00276638	0.000562075	0.2	6	285.704	0
0.00276638	0.000614108	0.2	6	285.512	0
0.00276638	0.000670959	0.2	6	285.304	0
0.00276638	0.000733073	0.2	6	285.077	0
0.00276638	0.000800936	0.2	6	284.829	0
0.00276638	0.000875083	0.2	6	284.559	0
0.00276638	0.000956093	0.2	6	284.265	0
0.00276638	0.0010446	0.2	6	283.945	0
0.00276638	0.00114131	0.2	6	283.596	0
0.00276638	0.00124696	0.2	6	283.217	0
0.00276638	0.0013624	0.2	6	282.805	0
0.00276638	0.00148852	0.2	6	282.356	0
0.00276638	0.00162632	0.2	6	281.869	0
0.00276638	0.00177687	0.2	6	281.34	0
0.00276638	0.00194137	0.2	6	280.765	0
0.00276638	0.00212109	0.2	6	280.142	0
0.00276638	0.00231745	0.2	6	279.467	0
0.00276638	0.00253198	0.2	6	278.735	0
0.00276638	0.00276638	0.2	6	277.943	0
0.00276638	0.00302248	0.2	6	277.087	0
0.00276638	0.00330228	0.2	6	276.162	0
0.00276638	0.00360798	0.2	6	275.165	0
0.00276638	0.00394199	0.2	6	274.091	0
0.00276638	0.00430692	0.2	6	272.935	0
0.00276638	0.00470563	0.2	6	271.694	0
0.00276638	0.00514125	0.2	6	270.364	0
0.00276638	0.0056172	0.2	6	268.942	0
0.00276638	0.0061372	0.2	6	267.425	0
0.00276638	0.00670535	0.2	6	265.812	0
0.00276638	0.0073261	0.2	6	264.101	0
0.00276638	0.0080043	0.2	6	262.294	0
0.00276638	0.0087453	0.2	6	260.393	0
0.00276638	0.00955489	0.2	6	258.403	0
0.00276638	0.0104394	0.2	6	256.334	0
0.00276638	0.0114058	0.2	6	254.197	0
0.00276638	0.0124617	0.2	6	252.009	0
0.00276638	0.0136154	0.2	6	249.793	0
0.00276638	0.0148758	0.2	6	247.579	0
0.00276638	0.0162529	0.2	6	245.405	0
0.00276638	0.0177575	0.2	6	243.321	0
0.00276638	0.0194014	0.2	6	241.389	0
0.00276638	0.0211975	0.2	6	239.685	0
0.00276638	0.0231598	0.2	6	238.306	0
0.00276638	0.0253038	0.2	6	237.368	0
0.00276638	0.0276463	0.2	6	237.015	0
0.00276638	0.0302057	0.2	6	237.42	0
0.00276638	0.0330019	0.2	6	238.794	0
0.00276638	0.0360571	0.2	6	241.39	0
0.00276638	0.039395	0.2	6	245.51	0
0.00276638	0.043042	0.2	6	251.515	0
0.00276638	0.0470266	0.2	6	259.834	0
0.00276638	0.05138	0.2	6	270.972	0
0.00276638	0.0561365	0.2	6	285.525	0
0.00276638	0.0613333	0.2	6	304.191	0
0.00276638	0.0670111	0.2	6	327.78	0
0.00276638	0.0732147	0.2	6	357.233	0
0.00276638	0.0799925	0.2	6	393.635	0
0.00276638	0.0873977	0.2	6	438.225	0
0.00276638	0.0954885	0.2	6	492.41	0
0.00276638	0.104328	0.2	6	557.773	0
0.00276638	0.113986	0.2	6	636.082	0
0.00276638	0.124539	0.2	6	729.279	0
0.00276638	0.136068	0.2	6	839.476	0
0.00276638	0.148664	0.2	6	968.921	0
0.00276638	0.162426	0.2	6	1119.96	0
0.00276638	0.177463	0.2	6	1294.95	0
0.00276638	0.193892	0.2	6	1496.19	0
0.00276638	0.211841	0.2	6	1725.73	0
0.00276638	0.231452	0.2	6	1985.26	0
0.00276638	0.252878	0.2	6	2275.76	0
0.00276638	0.276288	0.2	6	2597.34	0
0.00276638	0.301866	0.2	6	2948.75	0
0.00276638	0.329811	0.2	6	3327.1	0
0.00276638	0.360343	0.2	6	3727.42	0
0.00276638	0.393701	0.2	6	4142.36	0
0.00276638	0.430148	0.2	6	4562.06	0
0.00276638	0.469968	0.2	6	4974.42	0
0.00276638	0.513475	0.2	6	5366.21	0
0.00276638	0.56101	0.2	6	5725.47	0
0.00276638	0.612945	0.2	6	6046.11	0
0.00276638	0.669688	0.2	6	6336.25	0
0.00302248	0.000104526	0.2	6	287.036	0
0.00302248	0.000114203	0.2	6	286.996	0
0.00302248	0.000124775	0.2	6	286.953	0
0.00302248	0.000136326	0.2	6	286.906	0
0.00302248	0.000148946	0.2	6	286.854	0
0.00302248	0.000162735	0.2	6	286.798	0
0.00302248	0.0001778	0.2	6	286.736	0
0.00302248	0.00019426	0.2	6	286.669	0
0.00302248	0.000212243	0.2	6	286.596	0
0.00302248	0.000231891	0.2	6	286.516	0
0.00302248	0.000253358	0.2	6	286.429	0
0.00302248	0.000276813	0.2	6	286.333	0
0.00302248	0.000302439	0.2	6	286.229	0
0.00302248	0.000330437	0.2	6	286.116	0
0.00302248	0.000361027	0.2	6	285.992	0
0.00302248	0.000394448	0.2	6	285.856	0
0.00302248	0.000430964	0.2	6	285.709	0
0.00302248	0.00047086	0.2	6	285.547	0
0.00302248	0.00051445	0.2	6	285.372	0
0.00302248	0.000562075	0.2	6	285.18	0
0.00302248	0.000614108	0.2	6	284.971	0
0.00302248	0.000670959	0.2	6	284.743	0
0.00302248	0.000733073	0.2	6	284.495	0
0.00302248	0.000800936	0.2	6	284.224	0
0.00302248	0.000875083	0.2	6	283.929	0
0.00302248	0.000956093	0.2	6	283.607	0
0.00302248	0.0010446	0.2	6	283.257	0
0.00302248	0.00114131	0.2	6	282.876	0
0.00302248	0.00124696	0.2	6	282.461	0
0.00302248	0.0013624	0.2	6	282.01	0
0.00302248	0.00148852	0.2	6	281.519	0
0.00302248	0.00162632	0.2	6	280.985	0
0.00302248	0.00177687	0.2	6	280.406	0
0.00302248	0.00194137	0.2	6	279.776	0
0.00302248	0.00212109	0.2	6	279.093	0
0.00302248	0.00231745	0.2	6	278.352	0
0.00302248	0.00253198	0.2	6	277.549	0
0.00302248	0.00276638	0.2	6	276.679	0
0.00302248	0.00302248	0.2	6	275.738	0
0.00302248	0.00330228	0.2	6	274.722	0
0.00302248	0.00360798	0.2	6	273.624	0
0.00302248	0.00394199	0.2	6	272.441	0
0.00302248	0.00430692	0.2	6	271.167	0
0.00302248	0.00470563	0.2	6	269.797	0
0.00302248	0.00514125	0.2	6	268.327	0
0.00302248	0.0056172	0.2	6	266.753	0
0.00302248	0.0061372	0.2	6	265.071	0
0.00302248	0.00670535	0.2	6	263.279	0
0.00302248	0.0073261	0.2	6	261.374	0
0.00302248	0.0080043	0.2	6	259.357	0
0.00302248	0.0087453	0.2	6	257.229	0
0.00302248	0.00955489	0.2	6	254.995	0
0.00302248	0.0104394	0.2	6	252.661	0
0.00302248	0.0114058	0.2	6	250.239	0
0.00302248	0.0124617	0.2	6	247.744	0
0.00302248	0.0136154	0.2	6	245.199	0
0.00302248	0.0148758	0.2	6	242.631	0
0.00302248	0.0162529	0.2	6	240.08	0
0.00302248	0.0177575	0.2	6	237.593	0
0.00302248	0.0194014	0.2	6	235.232	0
0.00302248	0.0211975	0.2	6	233.073	0
0.00302248	0.0231598	0.2	6	231.213	0
0.00302248	0.0253038	0.2	6	229.77	0
0.00302248	0.0276463	0.2	6	228.888	0
0.00302248	0.0302057	0.2	6	228.743	0
0.00302248	0.0330019	0.2	6	229.55	0
0.00302248	0.0360571	0.2	6	231.566	0
0.00302248	0.039395	0.2	6	235.101	0
0.00302248	0.043042	0.2	6	240.524	0
0.00302248	0.0470266	0.2	6	248.274	0
0.00302248	0.05138	0.2	6	258.873	0
0.00302248	0.0561365	0.2	6	272.936	0
0.00302248	0.0613333	0.2	6	291.182	0
0.00302248	0.0670111	0.2	6	314.453	0
0.00302248	0.0732147	0.2	6	343.728	0
0.00302248	0.0799925	0.2	6	380.135	0
0.00302248	0.0873977	0.2	6	424.971	0
0.00302248	0.0954885	0.2	6	479.713	0
0.00302248	0.104328	0.2	6	546.031	0
0.00302248	0.113986	0.2	6	625.797	0
0.00302248	0.124539	0.2	6	721.084	0
0.00302248	0.136068	0.2	6	834.16	0
0.00302248	0.148664	0.2	6	967.466	0
0.00302248	0.162426	0.2	6	1123.58	0
0.00302248	0.177463	0.2	6	1305.16	0
0.00302248	0.193892	0.2	6	1514.83	0
0.00302248	0.211841	0.2	6	1755.08	0
0.00302248	0.231452	0.2	6	2028.1	0
0.00302248	0.252878	0.2	6	2335.53	0
0.00302248	0.276288	0.2	6	2678.19	0
0.00302248	0.301866	0.2	6	3055.79	0
0.00302248	0.329811	0.2	6	3466.57	0
0.00302248	0.360343	0.2	6	3906.92	0
0.00302248	0.393701	0.2	6	4371.16	0
0.00302248	0.430148	0.2	6	4851.45	0
0.00302248	0.469968	0.2	6	5338.19	0
0.00302248	0.513475	0.2	6	5821.16	0
0.00302248	0.56101	0.2	6	6292.09	0
0.00302248	0.612945	0.2	6	6749.41	0
0.00302248	0.669688	0.2	6	7206.75	0
0.00330228	0.000104526	0.2	6	286.639	0
0.00330228	0.000114203	0.2	6	286.596	0
0.00330228	0.000124775	0.2	6	286.548	0
0.00330228	0.000136326	0.2	6	286.497	0
0.00330228	0.000148946	0.2	6	286.441	0
0.00330228	0.000162735	0.2	6	286.379	0
0.00330228	0.0001778	0.2	6	286.312	0
0.00330228	0.00019426	0.2	6	286.239	0
0.00330228	0.000212243	0.2	6	286.159	0
0.00330228	0.000231891	0.2	6	286.071	0
0.00330228	0.000253358	0.2	6	285.976	0
0.00330228	0.000276813	0.2	6	285.872	0
0.00330228	0.000302439	0.2	6	285.758	0
0.00330228	0.000330437	0.2	6	285.634	0
0.00330228	0.000361027	0.2	6	285.499	0
0.00330228	0.000394448	0.2	6	285.351	0
0.00330228	0.000430964	0.2	6	285.19	0
0.00330228	0.00047086	0.2	6	285.014	0
0.00330228	0.00051445	0.2	6	284.822	0
0.00330228	0.000562075	0.2	6	284.612	0
0.00330228	0.000614108	0.2	6	284.384	0
0.00330228	0.000670959	0.2	6	284.135	0
0.00330228	0.000733073	0.2	6	283.863	0
0.00330228	0.000800936	0.2	6	283.567	0
0.00330228	0.000875083	0.2	6	283.245	0
0.00330228	0.000956093	0.2	6	282.893	0
0.00330228	0.0010446	0.2	6	282.511	0
0.00330228	0.00114131	0.2	6	282.094	0
0.00330228	0.00124696	0.2	6	281.64	0
0.00330228	0.0013624	0.2	6	281.146	0
0.00330228	0.00148852	0.2	6	280.609	0
0.00330228	0.00162632	0.2	6	280.025	0
0.00330228	0.00177687	0.2	6	279.39	0
0.00330228	0.00194137	0.2	6	278.7	0
0.00330228	0.00212109	0.2	6	277.951	0
0.00330228	0.00231745	0.2	6	277.139	0
0.00330228	0.00253198	0.2	6	276.258	0
0.00330228	0.00276638	0.2	6	275.304	0
0.00330228	0.00302248	0.2	6	274.271	0
0.00330228	0.00330228	0.2	6	273.154	0
0.00330228	0.00360798	0.2	6	271.948	0
0.00330228	0.00394199	0.2	6	270.646	0
0.00330228	0.00430692	0.2	6	269.243	0
0.00330228	0.00470563	0.2	6	267.733	0
0.00330228	0.00514125	0.2	6	266.111	0
0.00330228	0.0056172	0.2	6	264.373	0
0.00330228	0.0061372	0.2	6	262.512	0
0.00330228	0.00670535	0.2	6	260.526	0
0.00330228	0.0073261	0.2	6	258.412	0
0.00330228	0.0080043	0.2	6	256.168	0
0.00330228	0.0087453	0.2	6	253.795	0
0.00330228	0.00955489	0.2	6	251.297	0
0.00330228	0.0104394	0.2	6	248.678	0
0.00330228	0.0114058	0.2	6	245.95	0
0.00330228	0.0124617	0.2	6	243.127	0
0.00330228	0.0136154	0.2	6	240.229	0
0.00330228	0.0148758	0.2	6	237.285	0
0.00330228	0.0162529	0.2	6	234.332	0
0.00330228	0.0177575	0.2	6	231.417	0
0.00330228	0.0194014	0.2	6	228.603	0
0.00330228	0.0211975	0.2	6	225.966	0
0.00330228	0.0231598	0.2	6	223.603	0
0.00330228	0.0253038	0.2	6	221.634	0
0.00330228	0.0276463	0.2	6	220.206	0
0.00330228	0.0302057	0.2	6	219.499	0
0.00330228	0.0330019	0.2	6	219.731	0
0.00330228	0.0360571	0.2	6	221.168	0
0.00330228	0.039395	0.2	6	224.128	0
0.00330228	0.043042	0.2	6	228.991	0
0.00330228	0.0470266	0.2	6	236.214	0
0.00330228	0.05138	0.2	6	246.335	0
0.00330228	0.0561365	0.2	6	259.993	0
0.00330228	0.0613333	0.2	6	277.939	0
0.00330228	0.0670111	0.2	6	301.052	0
0.00330228	0.0732147	0.2	6	330.356	0
0.00330228	0.0799925	0.2	6	367.037	0
0.00330228	0.0873977	0.2	6	412.463	0
0.00330228	0.0954885	0.2	6	468.198	0
0.00330228	0.104328	0.2	6	536.018	0
0.00330228	0.113986	0.2	6	617.923	0
0.00330228	0.124539	0.2	6	716.146	0
0.00330228	0.136068	0.2	6	833.148	0
0.00330228	0.148664	0.2	6	971.605	0
0.00330228	0.162426	0.2	6	1134.38	0
0.00330228	0.177463	0.2	6	1324.47	0
0.00330228	0.193892	0.2	6	1544.94	0
0.00330228	0.211841	0.2	6	1798.79	0
0.00330228	0.231452	0.2	6	2088.82	0
0.00330228	0.252878	0.2	6	2417.42	0
0.00330228	0.276288	0.2	6	2786.35	0
0.00330228	0.301866	0.2	6	3196.42	0
0.00330228	0.329811	0.2	6	3647.22	0
0.00330228	0.360343	0.2	6	4136.79	0
0.00330228	0.393701	0.2	6	4661.43	0
0.00330228	0.430148	0.2	6	5215.74	0
0.00330228	0.469968	0.2	6	5793.07	0
0.00330228	0.513475	0.2	6	6386.8	0
0.00330228	0.56101	0.2	6	6993.03	0
0.00330228	0.612945	0.2	6	7615.54	0
0.00330228	0.669688	0.2	6	8274.5	0
0.00360798	0.000104526	0.2	6	286.211	0
0.00360798	0.000114203	0.2	6	286.163	0
0.00360798	0.000124775	0.2	6	286.112	0
0.00360798	0.000136326	0.2	6	286.056	0
0.00360798	0.000148946	0.2	6	285.994	0
0.00360798	0.000162735	0.2	6	285.927	0
0.00360798	0.0001778	0.2	6	285.854	0
0.00360798	0.00019426	0.2	6	285.774	0
0.00360798	0.000212243	0.2	6	285.686	0
0.00360798	0.000231891	0.2	6	285.591	0
0.00360798	0.000253358	0.2	6	285.487	0
0.00360798	0.000276813	0.2	6	285.373	0
0.00360798	0.000302439	0.2	6	285.249	0
0.00360798	0.000330437	0.2	6	285.114	0
0.00360798	0.000361027	0.2	6	284.966	0
0.00360798	0.000394448	0.2	6	284.804	0
0.00360798	0.000430964	0.2	6	284.628	0
0.00360798	0.00047086	0.2	6	284.436	0
0.00360798	0.00051445	0.2	6	284.226	0
0.00360798	0.000562075	0.2	6	283.997	0
0.00360798	0.000614108	0.2	6	283.748	0
0.00360798	0.000670959	0.2	6	283.476	0
0.00360798	0.000733073	0.2	6	283.179	0
0.00360798	0.000800936	0.2	6	282.856	0
0.00360798	0.000875083	0.2	6	282.503	0
0.00360798	0.000956093	0.2	6	282.119	0
0.00360798	0.0010446	0.2	6	281.7	0
0.00360798	0.00114131	0.2	6	281.244	0
0.00360798	0.00124696	0.2	6	280.748	0
0.00360798	0.0013624	0.2	6	280.208	0
0.00360798	0.00148852	0.2	6	279.62	0
0.00360798	0.00162632	0.2	6	278.981	0
0.00360798	0.00177687	0.2	6	278.286	0
0.00360798	0.00194137	0.2	6	277.531	0
0.00360798	0.00212109	0.2	6	276.711	0
0.00360798	0.00231745	0.2	6	275.821	0
0.00360798	0.00253198	0.2	6	274.855	0
0.00360798	0.00276638	0.2	6	273.809	0
0.00360798	0.00302248	0.2	6	272.676	0
0.00360798	0.00330228	0.2	6	271.45	0
0.00360798	0.00360798	0.2	6	270.125	0
0.00360798	0.00394199	0.2	6	268.694	0
0.00360798	0.00430692	0.2	6	267.151	0
0.00360798	0.00470563	0.2	6	265.489	0
0.00360798	0.00514125	0.2	6	263.703	0
0.00360798	0.0056172	0.2	6	261.785	0
0.00360798	0.0061372	0.2	6	259.731	0
0.00360798	0.00670535	0.2	6	257.536	0
0.00360798	0.0073261	0.2	6	255.195	0
0.00360798	0.0080043	0.2	6	252.707	0
0.00360798	0.0087453	0.2	6	250.07	0
0.00360798	0.00955489	0.2	6	247.287	0
0.00360798	0.0104394	0.2	6	244.363	0
0.00360798	0.0114058	0.2	6	241.307	0
0.00360798	0.0124617	0.2	6	238.132	0
0.00360798	0.0136154	0.2	6	234.859	0
0.00360798	0.0148758	0.2	6	231.514	0
0.00360798	0.0162529	0.2	6	228.134	0
0.00360798	0.0177575	0.2	6	224.768	0
0.00360798	0.0194014	0.2	6	221.478	0
0.00360798	0.0211975	0.2	6	218.34	0
0.00360798	0.0231598	0.2	6	215.454	0
0.00360798	0.0253038	0.2	6	212.942	0
0.00360798	0.0276463	0.2	6	210.956	0
0.00360798	0.0302057	0.2	6	209.679	0
0.00360798	0.0330019	0.2	6	209.338	0
0.00360798	0.0360571	0.2	6	210.207	0
0.00360798	0.039395	0.2	6	212.616	0
0.00360798	0.043042	0.2	6	216.961	0
0.00360798	0.0470266	0.2	6	223.717	0
0.00360798	0.05138	0.2	6	233.448	0
0.00360798	0.0561365	0.2	6	246.822	0
0.00360798	0.0613333	0.2	6	264.629	0
0.00360798	0.0670111	0.2	6	287.793	0
0.00360798	0.0732147	0.2	6	317.398	0
0.00360798	0.0799925	0.2	6	354.7	0
0.00360798	0.0873977	0.2	6	401.155	0
0.00360798	0.0954885	0.2	6	458.432	0
0.00360798	0.104328	0.2	6	528.439	0
0.00360798	0.113986	0.2	6	613.335	0
0.00360798	0.124539	0.2	6	715.545	0
0.00360798	0.136068	0.2	6	837.767	0
0.00360798	0.148664	0.2	6	982.963	0
0.00360798	0.162426	0.2	6	1154.34	0
0.00360798	0.177463	0.2	6	1355.33	0
0.00360798	0.193892	0.2	6	1589.49	0
0.00360798	0.211841	0.2	6	1860.45	0
0.00360798	0.231452	0.2	6	2171.76	0
0.00360798	0.252878	0.2	6	2526.72	0
0.00360798	0.276288	0.2	6	2928.19	0
0.00360798	0.301866	0.2	6	3378.33	0
0.00360798	0.329811	0.2	6	3878.33	0
0.00360798	0.360343	0.2	6	4428.21	0
0.00360798	0.393701	0.2	6	5026.66	0
0.00360798	0.430148	0.2	6	5671.17	0
0.00360798	0.469968	0.2	6	6358.61	0
0.00360798	0.513475	0.2	6	7086.64	0
0.00360798	0.56101	0.2	6	7856.57	0
0.00360798	0.612945	0.2	6	8678.52	0
0.00360798	0.669688	0.2	6	9580.37	0
0.00394199	0.000104526	0.2	6	285.749	0
0.00394199	0.000114203	0.2	6	285.698	0
0.00394199	0.000124775	0.2	6	285.641	0
0.00394199	0.000136326	0.2	6	285.58	0
0.00394199	0.000148946	0.2	6	285.513	0
0.00394199	0.000162735	0.2	6	285.44	0
0.00394199	0.0001778	0.2	6	285.36	0
0.00394199	0.00019426	0.2	6	285.272	0
0.00394199	0.000212243	0.2	6	285.177	0
0.00394199	0.000231891	0.2	6	285.073	0
0.00394199	0.000253358	0.2	6	284.959	0
0.00394199	0.000276813	0.2	6	284.835	0
0.00394199	0.000302439	0.2	6	284.699	0
0.00394199	0.000330437	0.2	6	284.551	0
0.00394199	0.000361027	0.2	6	284.39	0
0.00394199	0.000394448	0.2	6	284.213	0
0.00394199	0.000430964	0.2	6	284.021	0
0.00394199	0.00047086	0.2	6	283.811	0
0.00394199	0.00051445	0.2	6	283.582	0
0.00394199	0.000562075	0.2	6	283.332	0
0.00394199	0.000614108	0.2	6	283.059	0
0.00394199	0.000670959	0.2	6	282.762	0
0.00394199	0.000733073	0.2	6	282.438	0
0.00394199	0.000800936	0.2	6	282.084	0
0.00394199	0.000875083	0.2	6	281.699	0
0.00394199	0.000956093	0.2	6	281.279	0
0.00394199	0.0010446	0.2	6	280.821	0
0.00394199	0.00114131	0.2	6	280.323	0
0.00394199	0.00124696	0.2	6	279.78	0
0.00394199	0.0013624	0.2	6	279.189	0
0.00394199	0.00148852	0.2	6	278.547	0
0.00394199	0.00162632	0.2	6	277.847	0
0.00394199	0.00177687	0.2	6	277.087	0
0.00394199	0.00194137	0.2	6	276.26	0
0.00394199	0.00212109	0.2	6	275.362	0
0.00394199	0.00231745	0.2	6	274.388	0
0.00394199	0.00253198	0.2	6	273.33	0
0.00394199	0.00276638	0.2	6	272.184	0
0.00394199	0.00302248	0.2	6	270.942	0
0.00394199	0.00330228	0.2	6	269.597	0
0.00394199	0.00360798	0.2	6	268.143	0
0.00394199	0.00394199	0.2	6	266.572	0
0.00394199	0.00430692	0.2	6	264.877	0
0.00394199	0.00470563	0.2	6	263.051	0
0.00394199	0.00514125	0.2	6	261.086	0
0.00394199	0.0056172	0.2	6	258.975	0
0.00394199	0.0061372	0.2	6	256.711	0
0.00394199	0.00670535	0.2	6	254.29	0
0.00394199	0.0073261	0.2	6	251.704	0
0.00394199	0.0080043	0.2	6	248.953	0
0.00394199	0.0087453	0.2	6	246.032	0
0.00394199	0.00955489	0.2	6	242.944	0
0.00394199	0.0104394	0.2	6	239.693	0
0.00394199	0.0114058	0.2	6	236.285	0
0.00394199	0.0124617	0.2	6	232.735	0
0.00394199	0.0136154	0.2	6	229.062	0
0.00394199	0.0148758	0.2	6	225.292	0
0.00394199	0.0162529	0.2	6	221.462	0
0.00394199	0.0177575	0.2	6	217.622	0
0.00394199	0.0194014	0.2	6	213.832	0
0.00394199	0.0211975	0.2	6	210.174	0
0.00394199	0.0231598	0.2	6	206.749	0
0.00394199	0.0253038	0.2	6	203.682	0
0.00394199	0.0276463	0.2	6	201.13	0
0.00394199	0.0302057	0.2	6	199.285	0
0.00394199	0.0330019	0.2	6	198.383	0
0.00394199	0.0360571	0.2	6	198.709	0
0.00394199	0.039395	0.2	6	200.608	0
0.00394199	0.043042	0.2	6	204.497	0
0.00394199	0.0470266	0.2	6	210.876	0
0.00394199	0.05138	0.2	6	220.338	0
0.00394199	0.0561365	0.2	6	233.59	0
0.00394199	0.0613333	0.2	6	251.469	0
0.00394199	0.0670111	0.2	6	274.959	0
0.00394199	0.0732147	0.2	6	305.213	0
0.00394199	0.0799925	0.2	6	343.577	0
0.00394199	0.0873977	0.2	6	391.613	0
0.00394199	0.0954885	0.2	6	451.121	0
0.00394199	0.104328	0.2	6	524.17	0
0.00394199	0.113986	0.2	6	613.113	0
0.00394199	0.124539	0.2	6	720.611	0
0.00394199	0.136068	0.2	6	849.648	0
0.00394199	0.148664	0.2	6	1003.53	0
0.00394199	0.162426	0.2	6	1185.9	0
0.00394199	0.177463	0.2	6	1400.68	0
0.00394199	0.193892	0.2	6	1652.06	0
0.00394199	0.211841	0.2	6	1944.41	0
0.00394199	0.231452	0.2	6	2282.19	0
0.00394199	0.252878	0.2	6	2669.8	0
0.00394199	0.276288	0.2	6	3111.41	0
0.00394199	0.301866	0.2	6	3610.8	0
0.00394199	0.329811	0.2	6	4171.11	0
0.00394199	0.360343	0.2	6	4794.7	0
0.00394199	0.393701	0.2	6	5483.12	0
0.00394199	0.430148	0.2	6	6237.31	0
0.00394199	0.469968	0.2	6	7058.35	0
0.00394199	0.513475	0.2	6	7948.98	0
0.00394199	0.56101	0.2	6	8916.7	0
0.00394199	0.612945	0.2	6	9979.15	0
0.00394199	0.669688	0.2	6	11173.4	0
0.00430692	0.000104526	0.2	6	285.252	0
0.00430692	0.000114203	0.2	6	285.196	0
0.00430692	0.000124775	0.2	6	285.135	0
0.00430692	0.000136326	0.2	6	285.068	0
0.00430692	0.000148946	0.2	6	284.995	0
0.00430692	0.000162735	0.2	6	284.915	0
0.00430692	0.0001778	0.2	6	284.827	0
0.00430692	0.00019426	0.2	6	284.732	0
0.00430692	0.000212243	0.2	6	284.628	0
0.00430692	0.000231891	0.2	6	284.514	0
0.00430692	0.000253358	0.2	6	284.39	0
0.00430692	0.000276813	0.2	6	284.254	0
0.00430692	0.000302439	0.2	6	284.106	0
0.00430692	0.000330437	0.2	6	283.944	0
0.00430692	0.000361027	0.2	6	283.768	0
0.00430692	0.000394448	0.2	6	283.575	0
0.00430692	0.000430964	0.2	6	283.365	0
0.00430692	0.00047086	0.2	6	283.136	0
0.00430692	0.00051445	0.2	6	282.886	0
0.00430692	0.000562075	0.2	6	282.613	0
0.00430692	0.000614108	0.2	6	282.315	0
0.00430692	0.000670959	0.2	6	281.99	0
0.00430692	0.000733073	0.2	6	281.636	0
0.00430692	0.000800936	0.2	6	281.249	0
0.00430692	0.000875083	0.2	6	280.828	0
0.00430692	0.000956093	0.2	6	280.369	0
0.00430692	0.0010446	0.2	6	279.869	0
0.00430692	0.00114131	0.2	6	279.324	0
0.00430692	0.00124696	0.2	6	278.731	0
0.00430692	0.0013624	0.2	6	278.085	0
0.00430692	0.00148852	0.2	6	277.382	0
0.00430692	0.00162632	0.2	6	276.617	0
0.00430692	0.00177687	0.2	6	275.785	0
0.00430692	0.00194137	0.2	6	274.881	0
0.00430692	0.00212109	0.2	6	273.898	0
0.00430692	0.00231745	0.2	6	272.831	0
0.00430692	0.00253198	0.2	6	271.674	0
0.00430692	0.00276638	0.2	6	270.418	0
0.00430692	0.00302248	0.2	6	269.057	0
0.00430692	0.00330228	0.2	6	267.584	0
0.00430692	0.00360798	0.2	6	265.99	0
0.00430692	0.00394199	0.2	6	264.267	0
0.00430692	0.00430692	0.2	6	262.408	0
0.00430692	0.00470563	0.2	6	260.403	0
0.00430692	0.00514125	0.2	6	258.244	0
0.00430692	0.0056172	0.2	6	255.924	0
0.00430692	0.0061372	0.2	6	253.434	0
0.00430692	0.00670535	0.2	6	250.768	0
0.00430692	0.0073261	0.2	6	247.919	0
0.00430692	0.0080043	0.2	6	244.884	0
0.00430692	0.0087453	0.2	6	241.659	0
0.00430692	0.00955489	0.2	6	238.243	0
0.00430692	0.0104394	0.2	6	234.641	0
0.00430692	0.0114058	0.2	6	230.86	0
0.00430692	0.0124617	0.2	6	226.91	0
0.00430692	0.0136154	0.2	6	222.813	0
0.00430692	0.0148758	0.2	6	218.594	0
0.00430692	0.0162529	0.2	6	214.291	0
0.00430692	0.0177575	0.2	6	209.954	0
0.00430692	0.0194014	0.2	6	205.646	0
0.00430692	0.0211975	0.2	6	201.451	0
0.00430692	0.0231598	0.2	6	197.474	0
0.00430692	0.0253038	0.2	6	193.846	0
0.00430692	0.0276463	0.2	6	190.731	0
0.00430692	0.0302057	0.2	6	188.33	0
0.00430692	0.0330019	0.2	6	186.891	0
0.00430692	0.0360571	0.2	6	186.715	0
0.00430692	0.039395	0.2	6	188.168	0
0.00430692	0.043042	0.2	6	191.692	0
0.00430692	0.0470266	0.2	6	197.815	0
0.00430692	0.05138	0.2	6	207.171	0
0.00430692	0.0561365	0.2	6	220.515	0
0.00430692	0.0613333	0.2	6	238.742	0
0.00430692	0.0670111	0.2	6	262.907	0
0.00430692	0.0732147	0.2	6	294.254	0
0.00430692	0.0799925	0.2	6	334.235	0
0.00430692	0.0873977	0.2	6	384.545	0
0.00430692	0.0954885	0.2	6	447.145	0
0.00430692	0.104328	0.2	6	524.296	0
0.00430692	0.113986	0.2	6	618.591	0
0.00430692	0.124539	0.2	6	732.977	0
0.00430692	0.136068	0.2	6	870.787	0
0.00430692	0.148664	0.2	6	1035.75	0
0.00430692	0.162426	0.2	6	1232.01	0
0.00430692	0.177463	0.2	6	1464.12	0
0.00430692	0.193892	0.2	6	1737.01	0
0.00430692	0.211841	0.2	6	2055.95	0
0.00430692	0.231452	0.2	6	2426.5	0
0.00430692	0.252878	0.2	6	2854.36	0
0.00430692	0.276288	0.2	6	3345.32	0
0.00430692	0.301866	0.2	6	3905.06	0
0.00430692	0.329811	0.2	6	4539.07	0
0.00430692	0.360343	0.2	6	5252.51	0
0.00430692	0.393701	0.2	6	6050.36	0
0.00430692	0.430148	0.2	6	6937.68	0
0.00430692	0.469968	0.2	6	7920.55	0
0.00430692	0.513475	0.2	6	9007.77	0
0.00430692	0.56101	0.2	6	10214.2	0
0.00430692	0.612945	0.2	6	11566.4	0
0.00430692	0.669688	0.2	6	13112.3	0
0.00470563	0.000104526	0.2	6	284.719	0
0.00470563	0.000114203	0.2	6	284.658	0
0.00470563	0.000124775	0.2	6	284.591	0
0.00470563	0.000136326	0.2	6	284.517	0
0.00470563	0.000148946	0.2	6	284.437	0
0.00470563	0.000162735	0.2	6	284.35	0
0.00470563	0.0001778	0.2	6	284.255	0
0.00470563	0.00019426	0.2	6	284.15	0
0.00470563	0.000212243	0.2	6	284.037	0
0.00470563	0.000231891	0.2	6	283.912	0
0.00470563	0.000253358	0.2	6	283.777	0
0.00470563	0.000276813	0.2	6	283.629	0
0.00470563	0.000302439	0.2	6	283.467	0
0.00470563	0.000330437	0.2	6	283.29	0
0.00470563	0.000361027	0.2	6	283.098	0
0.00470563	0.000394448	0.2	6	282.887	0
0.00470563	0.000430964	0.2	6	282.658	0
0.00470563	0.00047086	0.2	6	282.407	0
0.00470563	0.00051445	0.2	6	282.134	0
0.00470563	0.000562075	0.2	6	281.836	0
0.00470563	0.000614108	0.2	6	281.51	0
0.00470563	0.000670959	0.2	6	281.155	0
0.00470563	0.000733073	0.2	6	280.768	0
0.00470563	0.000800936	0.2	6	280.346	0
0.00470563	0.000875083	0.2	6	279.886	0
0.00470563	0.000956093	0.2	6	279.384	0
0.00470563	0.0010446	0.2	6	278.838	0
0.00470563	0.00114131	0.2	6	278.242	0
0.00470563	0.00124696	0.2	6	277.594	0
0.00470563	0.0013624	0.2	6	276.887	0
0.00470563	0.00148852	0.2	6	276.119	0
0.00470563	0.00162632	0.2	6	275.282	0
0.00470563	0.00177687	0.2	6	274.373	0
0.00470563	0.00194137	0.2	6	273.384	0
0.00470563	0.00212109	0.2	6	272.309	0
0.00470563	0.00231745	0.2	6	271.142	0
0.00470563	0.00253198	0.2	6	269.875	0
0.00470563	0.00276638	0.2	6	268.501	0
0.00470563	0.00302248	0.2	6	267.011	0
0.00470563	0.00330228	0.2	6	265.398	0
0.00470563	0.00360798	0.2	6	263.652	0
0.00470563	0.00394199	0.2	6	261.764	0
0.00470563	0.00430692	0.2	6	259.726	0
0.00470563	0.00470563	0.2	6	257.528	0
0.00470563	0.00514125	0.2	6	255.16	0
0.00470563	0.0056172	0.2	6	252.613	0
0.00470563	0.0061372	0.2	6	249.879	0
0.00470563	0.00670535	0.2	6	246.95	0
0.00470563	0.0073261	0.2	6	243.818	0
0.00470563	0.0080043	0.2	6	240.478	0
0.00470563	0.0087453	0.2	6	236.926	0
0.00470563	0.00955489	0.2	6	233.16	0
0.00470563	0.0104394	0.2	6	229.184	0
0.00470563	0.0114058	0.2	6	225.004	0
0.00470563	0.0124617	0.2	6	220.632	0
0.00470563	0.0136154	0.2	6	216.086	0
0.00470563	0.0148758	0.2	6	211.396	0
0.00470563	0.0162529	0.2	6	206.598	0
0.00470563	0.0177575	0.2	6	201.744	0
0.00470563	0.0194014	0.2	6	196.901	0
0.00470563	0.0211975	0.2	6	192.158	0
0.00470563	0.0231598	0.2	6	187.623	0
0.00470563	0.0253038	0.2	6	183.435	0
0.00470563	0.0276463	0.2	6	179.769	0
0.00470563	0.0302057	0.2	6	176.838	0
0.00470563	0.0330019	0.2	6	174.905	0
0.00470563	0.0360571	0.2	6	174.292	0
0.00470563	0.039395	0.2	6	175.389	0
0.00470563	0.043042	0.2	6	178.669	0
0.00470563	0.0470266	0.2	6	184.701	0
0.00470563	0.05138	0.2	6	194.167	0
0.00470563	0.0561365	0.2	6	207.879	0
0.00470563	0.0613333	0.2	6	226.806	0
0.00470563	0.0670111	0.2	6	252.093	0
0.00470563	0.0732147	0.2	6	285.091	0
0.00470563	0.0799925	0.2	6	327.386	0
0.00470563	0.0873977	0.2	6	380.832	0
0.00470563	0.0954885	0.2	6	447.587	0
0.00470563	0.104328	0.2	6	530.152	0
0.00470563	0.113986	0.2	6	631.405	0
0.00470563	0.124539	0.2	6	754.643	0
0.00470563	0.136068	0.2	6	903.621	0
0.00470563	0.148664	0.2	6	1082.58	0
0.00470563	0.162426	0.2	6	1296.28	0
0.00470563	0.177463	0.2	6	1550.02	0
0.00470563	0.193892	0.2	6	1849.63	0
0.00470563	0.211841	0.2	6	2201.47	0
0.00470563	0.231452	0.2	6	2612.4	0
0.00470563	0.252878	0.2	6	3089.72	0
0.00470563	0.276288	0.2	6	3641.14	0
0.00470563	0.301866	0.2	6	4274.63	0
0.00470563	0.329811	0.2	6	4998.48	0
0.00470563	0.360343	0.2	6	5821.23	0
0.00470563	0.393701	0.2	6	6751.92	0
0.00470563	0.430148	0.2	6	7800.56	0
0.00470563	0.469968	0.2	6	8979.18	0
0.00470563	0.513475	0.2	6	10303.8	0
0.00470563	0.56101	0.2	6	11798	0
0.00470563	0.612945	0.2	6	13499.1	0
0.00470563	0.669688	0.2	6	15467.7	0
0.00514125	0.000104526	0.2	6	284.147	0
0.00514125	0.000114203	0.2	6	284.08	0
0.00514125	0.000124775	0.2	6	284.007	0
0.00514125	0.000136326	0.2	6	283.927	0
0.00514125	0.000148946	0.2	6	283.839	0
0.00514125	0.000162735	0.2	6	283.744	0
0.00514125	0.0001778	0.2	6	283.64	0
0.00514125	0.00019426	0.2	6	283.526	0
0.00514125	0.000212243	0.2	6	283.402	0
0.00514125	0.000231891	0.2	6	283.266	0
0.00514125	0.000253358	0.2	6	283.118	0
0.00514125	0.000276813	0.2	6	282.956	0
0.00514125	0.000302439	0.2	6	282.779	0
0.00514125	0.000330437	0.2	6	282.587	0
0.00514125	0.000361027	0.2	6	282.376	0
0.00514125	0.000394448	0.2	6	282.146	0
0.00514125	0.000430964	0.2	6	281.896	0
0.00514125	0.00047086	0.2	6	281.622	0
0.00514125	0.00051445	0.2	6	281.323	0
0.00514125	0.000562075	0.2	6	280.997	0
0.00514125	0.000614108	0.2	6	280.642	0
0.00514125	0.000670959	0.2	6	280.254	0
0.00514125	0.000733073	0.2	6	279.831	0
0.00514125	0.000800936	0.2	6	279.37	0
0.00514125	0.000875083	0.2	6	278.867	0
0.00514125	0.000956093	0.2	6	278.319	0
0.00514125	0.0010446	0.2	6	277.722	0
0.00514125	0.00114131	0.2	6	277.071	0
0.00514125	0.00124696	0.2	6	276.362	0
0.00514125	0.0013624	0.2	6	275.591	0
0.00514125	0.00148852	0.2	6	274.75	0
0.00514125	0.00162632	0.2	6	273.836	0
0.00514125	0.00177687	0.2	6	272.842	0
0.00514125	0.00194137	0.2	6	271.76	0
0.00514125	0.00212109	0.2	6	270.585	0
0.00514125	0.00231745	0.2	6	269.309	0
0.00514125	0.00253198	0.2	6	267.923	0
0.00514125	0.00276638	0.2	6	266.42	0
0.00514125	0.00302248	0.2	6	264.79	0
0.00514125	0.00330228	0.2	6	263.025	0
0.00514125	0.00360798	0.2	6	261.114	0
0.00514125	0.00394199	0.2	6	259.048	0
0.00514125	0.00430692	0.2	6	256.816	0
0.00514125	0.00470563	0.2	6	254.409	0
0.00514125	0.00514125	0.2	6	251.815	0
0.00514125	0.0056172	0.2	6	249.024	0
0.00514125	0.0061372	0.2	6	246.027	0
0.00514125	0.00670535	0.2	6	242.814	0
0.00514125	0.0073261	0.2	6	239.378	0
0.00514125	0.0080043	0.2	6	235.711	0
0.00514125	0.0087453	0.2	6	231.809	0
0.00514125	0.00955489	0.2	6	227.67	0
0.00514125	0.0104394	0.2	6	223.296	0
0.00514125	0.0114058	0.2	6	218.693	0
0.00514125	0.0124617	0.2	6	213.874	0
0.00514125	0.0136154	0.2	6	208.858	0
0.00514125	0.0148758	0.2	6	203.673	0
0.00514125	0.0162529	0.2	6	198.36	0
0.00514125	0.0177575	0.2	6	192.974	0
0.00514125	0.0194014	0.2	6	187.585	0
0.00514125	0.0211975	0.2	6	182.287	0
0.00514125	0.0231598	0.2	6	177.196	0
0.00514125	0.0253038	0.2	6	172.462	0
0.00514125	0.0276463	0.2	6	168.271	0
0.00514125	0.0302057	0.2	6	164.852	0
0.00514125	0.0330019	0.2	6	162.489	0
0.00514125	0.0360571	0.2	6	161.53	0
0.00514125	0.039395	0.2	6	162.396	0
0.00514125	0.043042	0.2	6	165.598	0
0.00514125	0.0470266	0.2	6	171.755	0
0.00514125	0.05138	0.2	6	181.608	0
0.00514125	0.0561365	0.2	6	196.043	0
0.00514125	0.0613333	0.2	6	216.118	0
0.00514125	0.0670111	0.2	6	243.087	0
0.00514125	0.0732147	0.2	6	278.434	0
0.00514125	0.0799925	0.2	6	323.908	0
0.00514125	0.0873977	0.2	6	381.56	0
0.00514125	0.0954885	0.2	6	453.786	0
0.00514125	0.104328	0.2	6	543.375	0
0.00514125	0.113986	0.2	6	653.556	0
0.00514125	0.124539	0.2	6	788.049	0
0.00514125	0.136068	0.2	6	951.12	0
0.00514125	0.148664	0.2	6	1147.63	0
0.00514125	0.162426	0.2	6	1383.08	0
0.00514125	0.177463	0.2	6	1663.67	0
0.00514125	0.193892	0.2	6	1996.31	0
0.00514125	0.211841	0.2	6	2388.68	0
0.00514125	0.231452	0.2	6	2849.22	0
0.00514125	0.252878	0.2	6	3387.12	0
0.00514125	0.276288	0.2	6	4012.39	0
0.00514125	0.301866	0.2	6	4735.79	0
0.00514125	0.329811	0.2	6	5568.92	0
0.00514125	0.360343	0.2	6	6524.39	0
0.00514125	0.393701	0.2	6	7616.09	0
0.00514125	0.430148	0.2	6	8859.92	0
0.00514125	0.469968	0.2	6	10275	0
0.00514125	0.513475	0.2	6	11886	0
0.00514125	0.56101	0.2	6	13726.9	0
0.00514125	0.612945	0.2	6	15847.5	0
0.00514125	0.669688	0.2	6	18323.9	0
0.0056172	0.000104526	0.2	6	283.535	0
0.0056172	0.000114203	0.2	6	283.462	0
0.0056172	0.000124775	0.2	6	283.382	0
0.0056172	0.000136326	0.2	6	283.294	0
0.0056172	0.000148946	0.2	6	283.199	0
0.0056172	0.000162735	0.2	6	283.095	0
0.0056172	0.0001778	0.2	6	282.981	0
0.0056172	0.00019426	0.2	6	282.857	0
0.0056172	0.000212243	0.2	6	282.721	0
0.0056172	0.000231891	0.2	6	282.573	0
0.0056172	0.000253358	0.2	6	282.411	0
0.0056172	0.000276813	0.2	6	282.234	0
0.0056172	0.000302439	0.2	6	282.041	0
0.0056172	0.000330437	0.2	6	281.83	0
0.0056172	0.000361027	0.2	6	281.601	0
0.0056172	0.000394448	0.2	6	281.35	0
0.0056172	0.000430964	0.2	6	281.076	0
0.0056172	0.00047086	0.2	6	280.777	0
0.0056172	0.00051445	0.2	6	280.45	0
0.0056172	0.000562075	0.2	6	280.094	0
0.0056172	0.000614108	0.2	6	279.706	0
0.0056172	0.000670959	0.2	6	279.282	0
0.0056172	0.000733073	0.2	6	278.82	0
0.0056172	0.000800936	0.2	6	278.317	0
0.0056172	0.000875083	0.2	6	277.767	0
0.0056172	0.000956093	0.2	6	277.168	0
0.0056172	0.0010446	0.2	6	276.516	0
0.0056172	0.00114131	0.2	6	275.805	0
0.0056172	0.00124696	0.2	6	275.03	0
0.0056172	0.0013624	0.2	6	274.187	0
0.0056172	0.00148852	0.2	6	273.269	0
0.0056172	0.00162632	0.2	6	272.27	0
0.0056172	0.00177687	0.2	6	271.183	0
0.0056172	0.00194137	0.2	6	270.001	0
0.0056172	0.00212109	0.2	6	268.717	0
0.0056172	0.00231745	0.2	6	267.322	0
0.0056172	0.00253198	0.2	6	265.807	0
0.0056172	0.00276638	0.2	6	264.164	0
0.0056172	0.00302248	0.2	6	262.382	0
0.0056172	0.00330228	0.2	6	260.452	0
0.0056172	0.00360798	0.2	6	258.362	0
0.0056172	0.00394199	0.2	6	256.103	0
0.0056172	0.00430692	0.2	6	253.662	0
0.0056172	0.00470563	0.2	6	251.028	0
0.0056172	0.00514125	0.2	6	248.19	0
0.0056172	0.0056172	0.2	6	245.136	0
0.0056172	0.0061372	0.2	6	241.856	0
0.0056172	0.00670535	0.2	6	238.338	0
0.0056172	0.0073261	0.2	6	234.575	0
0.0056172	0.0080043	0.2	6	230.559	0
0.0056172	0.0087453	0.2	6	226.283	0
0.0056172	0.00955489	0.2	6	221.747	0
0.0056172	0.0104394	0.2	6	216.951	0
0.0056172	0.0114058	0.2	6	211.902	0
0.0056172	0.0124617	0.2	6	206.612	0
0.0056172	0.0136154	0.2	6	201.103	0
0.0056172	0.0148758	0.2	6	195.405	0
0.0056172	0.0162529	0.2	6	189.562	0
0.0056172	0.0177575	0.2	6	183.631	0
0.0056172	0.0194014	0.2	6	177.69	0
0.0056172	0.0211975	0.2	6	171.839	0
0.0056172	0.0231598	0.2	6	166.206	0
0.0056172	0.0253038	0.2	6	160.952	0
0.0056172	0.0276463	0.2	6	156.279	0
0.0056172	0.0302057	0.2	6	152.437	0
0.0056172	0.0330019	0.2	6	149.737	0
0.0056172	0.0360571	0.2	6	148.556	0
0.0056172	0.039395	0.2	6	149.356	0
0.0056172	0.043042	0.2	6	152.698	0
0.0056172	0.0470266	0.2	6	159.26	0
0.0056172	0.05138	0.2	6	169.855	0
0.0056172	0.0561365	0.2	6	185.463	0
0.0056172	0.0613333	0.2	6	207.248	0
0.0056172	0.0670111	0.2	6	236.6	0
0.0056172	0.0732147	0.2	6	275.166	0
0.0056172	0.0799925	0.2	6	324.892	0
0.0056172	0.0873977	0.2	6	388.068	0
0.0056172	0.0954885	0.2	6	467.38	0
0.0056172	0.104328	0.2	6	565.969	0
0.0056172	0.113986	0.2	6	687.488	0
0.0056172	0.124539	0.2	6	836.168	0
0.0056172	0.136068	0.2	6	1016.89	0
0.0056172	0.148664	0.2	6	1235.27	0
0.0056172	0.162426	0.2	6	1497.7	0
0.0056172	0.177463	0.2	6	1811.47	0
0.0056172	0.193892	0.2	6	2184.79	0
0.0056172	0.211841	0.2	6	2626.92	0
0.0056172	0.231452	0.2	6	3148.19	0
0.0056172	0.252878	0.2	6	3760.1	0
0.0056172	0.276288	0.2	6	4475.38	0
0.0056172	0.301866	0.2	6	5308.13	0
0.0056172	0.329811	0.2	6	6273.96	0
0.0056172	0.360343	0.2	6	7390.28	0
0.0056172	0.393701	0.2	6	8676.83	0
0.0056172	0.430148	0.2	6	10156.5	0
0.0056172	0.469968	0.2	6	11857	0
0.0056172	0.513475	0.2	6	13813.1	0
0.0056172	0.56101	0.2	6	16071.2	0
0.0056172	0.612945	0.2	6	18696.2	0
0.0056172	0.669688	0.2	6	21782.1	0
0.0061372	0.000104526	0.2	6	282.882	0
0.0061372	0.000114203	0.2	6	282.802	0
0.0061372	0.000124775	0.2	6	282.714	0
0.0061372	0.000136326	0.2	6	282.619	0
0.0061372	0.000148946	0.2	6	282.515	0
0.0061372	0.000162735	0.2	6	282.401	0
0.0061372	0.0001778	0.2	6	282.276	0
0.0061372	0.00019426	0.2	6	282.141	0
0.0061372	0.000212243	0.2	6	281.992	0
0.0061372	0.000231891	0.2	6	281.83	0
0.0061372	0.000253358	0.2	6	281.654	0
0.0061372	0.000276813	0.2	6	281.461	0
0.0061372	0.000302439	0.2	6	281.25	0
0.0061372	0.000330437	0.2	6	281.02	0
0.0061372	0.000361027	0.2	6	280.768	0
0.0061372	0.000394448	0.2	6	280.494	0
0.0061372	0.000430964	0.2	6	280.195	0
0.0061372	0.00047086	0.2	6	279.868	0
0.0061372	0.00051445	0.2	6	279.512	0
0.0061372	0.000562075	0.2	6	279.123	0
0.0061372	0.000614108	0.2	6	278.699	0
0.0061372	0.000670959	0.2	6	278.236	0
0.0061372	0.000733073	0.2	6	277.731	0
0.0061372	0.000800936	0.2	6	277.181	0
0.0061372	0.000875083	0.2	6	276.581	0
0.0061372	0.000956093	0.2	6	275.927	0
0.0061372	0.0010446	0.2	6	275.214	0
0.0061372	0.00114131	0.2	6	274.437	0
0.0061372	0.00124696	0.2	6	273.591	0
0.0061372	0.0013624	0.2	6	272.67	0
0.0061372	0.00148852	0.2	6	271.667	0
0.0061372	0.00162632	0.2	6	270.575	0
0.0061372	0.00177687	0.2	6	269.388	0
0.0061372	0.00194137	0.2	6	268.097	0
0.0061372	0.00212109	0.2	6	266.693	0
0.0061372	0.00231745	0.2	6	265.169	0
0.0061372	0.00253198	0.2	6	263.514	0
0.0061372	0.00276638	0.2	6	261.719	0
0.0061372	0.00302248	0.2	6	259.772	0
0.0061372	0.00330228	0.2	6	257.663	0
0.0061372	0.00360798	0.2	6	255.38	0
0.0061372	0.00394199	0.2	6	252.911	0
0.0061372	0.00430692	0.2	6	250.243	0
0.0061372	0.00470563	0.2	6	247.365	0
0.0061372	0.00514125	0.2	6	244.264	0
0.0061372	0.0056172	0.2	6	240.927	0
0.0061372	0.0061372	0.2	6	237.342	0
0.0061372	0.00670535	0.2	6	233.498	0
0.0061372	0.0073261	0.2	6	229.386	0
0.0061372	0.0080043	0.2	6	224.996	0
0.0061372	0.0087453	0.2	6	220.324	0
0.0061372	0.00955489	0.2	6	215.366	0
0.0061372	0.0104394	0.2	6	210.124	0
0.0061372	0.0114058	0.2	6	204.605	0
0.0061372	0.0124617	0.2	6	198.824	0
0.0061372	0.0136154	0.2	6	192.802	0
0.0061372	0.0148758	0.2	6	186.575	0
0.0061372	0.0162529	0.2	6	180.189	0
0.0061372	0.0177575	0.2	6	173.708	0
0.0061372	0.0194014	0.2	6	167.218	0
0.0061372	0.0211975	0.2	6	160.828	0
0.0061372	0.0231598	0.2	6	154.678	0
0.0061372	0.0253038	0.2	6	148.948	0
0.0061372	0.0276463	0.2	6	143.858	0
0.0061372	0.0302057	0.2	6	139.686	0
0.0061372	0.0330019	0.2	6	136.773	0
0.0061372	0.0360571	0.2	6	135.537	0
0.0061372	0.039395	0.2	6	136.49	0
0.0061372	0.043042	0.2	6	140.252	0
0.0061372	0.0470266	0.2	6	147.575	0
0.0061372	0.05138	0.2	6	159.365	0
0.0061372	0.0561365	0.2	6	176.709	0
0.0061372	0.0613333	0.2	6	200.908	0
0.0061372	0.0670111	0.2	6	233.516	0
0.0061372	0.0732147	0.2	6	276.376	0
0.0061372	0.0799925	0.2	6	331.676	0
0.0061372	0.0873977	0.2	6	401.997	0
0.0061372	0.0954885	0.2	6	490.377	0
0.0061372	0.104328	0.2	6	600.381	0
0.0061372	0.113986	0.2	6	736.176	0
0.0061372	0.124539	0.2	6	902.613	0
0.0061372	0.136068	0.2	6	1105.32	0
0.0061372	0.148664	0.2	6	1350.81	0
0.0061372	0.162426	0.2	6	1646.56	0
0.0061372	0.177463	0.2	6	2001.16	0
0.0061372	0.193892	0.2	6	2424.41	0
0.0061372	0.211841	0.2	6	2927.44	0
0.0061372	0.231452	0.2	6	3522.87	0
0.0061372	0.252878	0.2	6	4224.95	0
0.0061372	0.276288	0.2	6	5049.7	0
0.0061372	0.301866	0.2	6	6015.21	0
0.0061372	0.329811	0.2	6	7141.88	0
0.0061372	0.360343	0.2	6	8452.89	0
0.0061372	0.393701	0.2	6	9974.93	0
0.0061372	0.430148	0.2	6	11739.3	0
0.0061372	0.469968	0.2	6	13783.7	0
0.0061372	0.513475	0.2	6	16155.4	0
0.0061372	0.56101	0.2	6	18915.3	0
0.0061372	0.612945	0.2	6	22146.1	0
0.0061372	0.669688	0.2	6	25963.4	0
0.00670535	0.000104526	0.2	6	282.186	0
0.00670535	0.000114203	0.2	6	282.099	0
0.00670535	0.000124775	0.2	6	282.003	0
0.00670535	0.000136326	0.2	6	281.899	0
0.00670535	0.000148946	0.2	6	281.785	0
0.00670535	0.000162735	0.2	6	281.661	0
0.00670535	0.0001778	0.2	6	281.525	0
0.00670535	0.00019426	0.2	6	281.376	0
0.00670535	0.000212243	0.2	6	281.214	0
0.00670535	0.000231891	0.2	6	281.038	0
0.00670535	0.000253358	0.2	6	280.844	0
0.00670535	0.000276813	0.2	6	280.634	0
0.00670535	0.000302439	0.2	6	280.403	0
0.00670535	0.000330437	0.2	6	280.152	0
0.00670535	0.000361027	0.2	6	279.877	0
0.00670535	0.000394448	0.2	6	279.578	0
0.00670535	0.000430964	0.2	6	279.251	0
0.00670535	0.00047086	0.2	6	278.894	0
0.00670535	0.00051445	0.2	6	278.505	0
0.00670535	0.000562075	0.2	6	278.08	0
0.00670535	0.000614108	0.2	6	277.617	0
0.00670535	0.000670959	0.2	6	277.111	0
0.00670535	0.000733073	0.2	6	276.56	0
0.00670535	0.000800936	0.2	6	275.958	0
0.00670535	0.000875083	0.2	6	275.303	0
0.00670535	0.000956093	0.2	6	274.588	0
0.00670535	0.0010446	0.2	6	273.81	0
0.00670535	0.00114131	0.2	6	272.961	0
0.00670535	0.00124696	0.2	6	272.037	0
0.00670535	0.0013624	0.2	6	271.031	0
0.00670535	0.00148852	0.2	6	269.935	0
0.00670535	0.00162632	0.2	6	268.743	0
0.00670535	0.00177687	0.2	6	267.446	0
0.00670535	0.00194137	0.2	6	266.036	0
0.00670535	0.00212109	0.2	6	264.504	0
0.00670535	0.00231745	0.2	6	262.839	0
0.00670535	0.00253198	0.2	6	261.032	0
0.00670535	0.00276638	0.2	6	259.071	0
0.00670535	0.00302248	0.2	6	256.946	0
0.00670535	0.00330228	0.2	6	254.643	0
0.00670535	0.00360798	0.2	6	252.15	0
0.00670535	0.00394199	0.2	6	249.455	0
0.00670535	0.00430692	0.2	6	246.543	0
0.00670535	0.00470563	0.2	6	243.402	0
0.00670535	0.00514125	0.2	6	240.017	0
0.00670535	0.0056172	0.2	6	236.375	0
0.00670535	0.0061372	0.2	6	232.464	0
0.00670535	0.00670535	0.2	6	228.271	0
0.00670535	0.0073261	0.2	6	223.785	0
0.00670535	0.0080043	0.2	6	218.999	0
0.00670535	0.0087453	0.2	6	213.905	0
0.00670535	0.00955489	0.2	6	208.501	0
0.00670535	0.0104394	0.2	6	202.79	0
0.00670535	0.0114058	0.2	6	196.78	0
0.00670535	0.0124617	0.2	6	190.488	0
0.00670535	0.0136154	0.2	6	183.938	0
0.00670535	0.0148758	0.2	6	177.169	0
0.00670535	0.0162529	0.2	6	170.235	0
0.00670535	0.0177575	0.2	6	163.207	0
0.00670535	0.0194014	0.2	6	156.181	0
0.00670535	0.0211975	0.2	6	149.278	0
0.00670535	0.0231598	0.2	6	142.656	0
0.00670535	0.0253038	0.2	6	136.515	0
0.00670535	0.0276463	0.2	6	131.101	0
0.00670535	0.0302057	0.2	6	126.724	0
0.00670535	0.0330019	0.2	6	123.766	0
0.00670535	0.0360571	0.2	6	122.694	0
0.00670535	0.039395	0.2	6	124.081	0
0.00670535	0.043042	0.2	6	128.621	0
0.00670535	0.0470266	0.2	6	137.159	0
0.00670535	0.05138	0.2	6	150.709	0
0.00670535	0.0561365	0.2	6	170.495	0
0.00670535	0.0613333	0.2	6	197.983	0
0.00670535	0.0670111	0.2	6	234.924	0
0.00670535	0.0732147	0.2	6	283.405	0
0.00670535	0.0799925	0.2	6	345.904	0
0.00670535	0.0873977	0.2	6	425.355	0
0.00670535	0.0954885	0.2	6	525.224	0
0.00670535	0.104328	0.2	6	649.589	0
0.00670535	0.113986	0.2	6	803.238	0
0.00670535	0.124539	0.2	6	991.768	0
0.00670535	0.136068	0.2	6	1221.71	0
0.00670535	0.148664	0.2	6	1500.66	0
0.00670535	0.162426	0.2	6	1837.4	0
0.00670535	0.177463	0.2	6	2242.09	0
0.00670535	0.193892	0.2	6	2726.42	0
0.00670535	0.211841	0.2	6	3303.8	0
0.00670535	0.231452	0.2	6	3989.58	0
0.00670535	0.252878	0.2	6	4801.29	0
0.00670535	0.276288	0.2	6	5758.94	0
0.00670535	0.301866	0.2	6	6885.35	0
0.00670535	0.329811	0.2	6	8206.68	0
0.00670535	0.360343	0.2	6	9753	0
0.00670535	0.393701	0.2	6	11559.3	0
0.00670535	0.430148	0.2	6	13666.9	0
0.00670535	0.469968	0.2	6	16125.7	0
0.00670535	0.513475	0.2	6	18997.2	0
0.00670535	0.56101	0.2	6	22360.1	0
0.00670535	0.612945	0.2	6	26318.2	0
0.00670535	0.669688	0.2	6	31012.9	0
0.0073261	0.000104526	0.2	6	281.448	0
0.0073261	0.000114203	0.2	6	281.352	0
0.0073261	0.000124775	0.2	6	281.248	0
0.0073261	0.000136326	0.2	6	281.134	0
0.0073261	0.000148946	0.2	6	281.01	0
0.0073261	0.000162735	0.2	6	280.874	0
0.0073261	0.0001778	0.2	6	280.725	0
0.0073261	0.00019426	0.2	6	280.563	0
0.0073261	0.000212243	0.2	6	280.386	0
0.0073261	0.000231891	0.2	6	280.193	0
0.0073261	0.000253358	0.2	6	279.982	0
0.0073261	0.000276813	0.2	6	279.752	0
0.0073261	0.000302439	0.2	6	279.5	0
0.0073261	0.000330437	0.2	6	279.225	0
0.0073261	0.000361027	0.2	6	278.926	0
0.0073261	0.000394448	0.2	6	278.598	0
0.0073261	0.000430964	0.2	6	278.241	0
0.0073261	0.00047086	0.2	6	277.852	0
0.0073261	0.00051445	0.2	6	277.426	0
0.0073261	0.000562075	0.2	6	276.962	0
0.0073261	0.000614108	0.2	6	276.456	0
0.0073261	0.000670959	0.2	6	275.904	0
0.0073261	0.000733073	0.2	6	275.301	0
0.0073261	0.000800936	0.2	6	274.645	0
0.0073261	0.000875083	0.2	6	273.929	0
0.0073261	0.000956093	0.2	6	273.148	0
0.0073261	0.0010446	0.2	6	272.298	0
0.0073261	0.00114131	0.2	6	271.371	0
0.0073261	0.00124696	0.2	6	270.362	0
0.0073261	0.0013624	0.2	6	269.263	0
0.0073261	0.00148852	0.2	6	268.067	0
0.0073261	0.00162632	0.2	6	266.765	0
0.0073261	0.00177687	0.2	6	265.349	0
0.0073261	0.00194137	0.2	6	263.81	0
0.0073261	0.00212109	0.2	6	262.137	0
0.0073261	0.00231745	0.2	6	260.32	0
0.0073261	0.00253198	0.2	6	258.347	0
0.0073261	0.00276638	0.2	6	256.207	0
0.0073261	0.00302248	0.2	6	253.888	0
0.0073261	0.00330228	0.2	6	251.375	0
0.0073261	0.00360798	0.2	6	248.656	0
0.0073261	0.00394199	0.2	6	245.716	0
0.0073261	0.00430692	0.2	6	242.541	0
0.0073261	0.00470563	0.2	6	239.116	0
0.0073261	0.00514125	0.2	6	235.427	0
0.0073261	0.0056172	0.2	6	231.458	0
0.0073261	0.0061372	0.2	6	227.198	0
0.0073261	0.00670535	0.2	6	222.631	0
0.0073261	0.0073261	0.2	6	217.749	0
0.0073261	0.0080043	0.2	6	212.541	0
0.0073261	0.0087453	0.2	6	207.001	0
0.0073261	0.00955489	0.2	6	201.129	0
0.0073261	0.0104394	0.2	6	194.927	0
0.0073261	0.0114058	0.2	6	188.407	0
0.0073261	0.0124617	0.2	6	181.587	0
0.0073261	0.0136154	0.2	6	174.497	0
0.0073261	0.0148758	0.2	6	167.182	0
0.0073261	0.0162529	0.2	6	159.703	0
0.0073261	0.0177575	0.2	6	152.141	0
0.0073261	0.0194014	0.2	6	144.604	0
0.0073261	0.0211975	0.2	6	137.233	0
0.0073261	0.0231598	0.2	6	130.205	0
0.0073261	0.0253038	0.2	6	123.745	0
0.0073261	0.0276463	0.2	6	118.134	0
0.0073261	0.0302057	0.2	6	113.72	0
0.0073261	0.0330019	0.2	6	110.936	0
0.0073261	0.0360571	0.2	6	110.311	0
0.0073261	0.039395	0.2	6	112.491	0
0.0073261	0.043042	0.2	6	118.263	0
0.0073261	0.0470266	0.2	6	128.582	0
0.0073261	0.05138	0.2	6	144.6	0
0.0073261	0.0561365	0.2	6	167.705	0
0.0073261	0.0613333	0.2	6	199.563	0
0.0073261	0.0670111	0.2	6	242.167	0
0.0073261	0.0732147	0.2	6	297.896	0
0.0073261	0.0799925	0.2	6	369.584	0
0.0073261	0.0873977	0.2	6	460.593	0
0.0073261	0.0954885	0.2	6	574.902	0
0.0073261	0.104328	0.2	6	717.212	0
0.0073261	0.113986	0.2	6	893.059	0
0.0073261	0.124539	0.2	6	1108.94	0
0.0073261	0.136068	0.2	6	1372.48	0
0.0073261	0.148664	0.2	6	1692.57	0
0.0073261	0.162426	0.2	6	2079.56	0
0.0073261	0.177463	0.2	6	2545.52	0
0.0073261	0.193892	0.2	6	3104.39	0
0.0073261	0.211841	0.2	6	3772.31	0
0.0073261	0.231452	0.2	6	4567.93	0
0.0073261	0.252878	0.2	6	5512.71	0
0.0073261	0.276288	0.2	6	6631.4	0
0.0073261	0.301866	0.2	6	7952.55	0
0.0073261	0.329811	0.2	6	9509.15	0
0.0073261	0.360343	0.2	6	11339.5	0
0.0073261	0.393701	0.2	6	13488.7	0
0.0073261	0.430148	0.2	6	16009.8	0
0.0073261	0.469968	0.2	6	18967.1	0
0.0073261	0.513475	0.2	6	22439.5	0
0.0073261	0.56101	0.2	6	26526.8	0
0.0073261	0.612945	0.2	6	31357.7	0
0.0073261	0.669688	0.2	6	37104	0
0.0080043	0.000104526	0.2	6	280.667	0
0.0080043	0.000114203	0.2	6	280.563	0
0.0080043	0.000124775	0.2	6	280.449	0
0.0080043	0.000136326	0.2	6	280.324	0
0.0080043	0.000148946	0.2	6	280.188	0
0.0080043	0.000162735	0.2	6	280.04	0
0.0080043	0.0001778	0.2	6	279.878	0
0.0080043	0.00019426	0.2	6	279.701	0
0.0080043	0.000212243	0.2	6	279.507	0
0.0080043	0.000231891	0.2	6	279.296	0
0.0080043	0.000253358	0.2	6	279.066	0
0.0080043	0.000276813	0.2	6	278.814	0
0.0080043	0.000302439	0.2	6	278.539	0
0.0080043	0.000330437	0.2	6	278.239	0
0.0080043	0.000361027	0.2	6	277.911	0
0.0080043	0.000394448	0.2	6	277.554	0
0.0080043	0.000430964	0.2	6	277.164	0
0.0080043	0.00047086	0.2	6	276.738	0
0.0080043	0.00051445	0.2	6	276.273	0
0.0080043	0.000562075	0.2	6	275.766	0
0.0080043	0.000614108	0.2	6	275.213	0
0.0080043	0.000670959	0.2	6	274.61	0
0.0080043	0.000733073	0.2	6	273.952	0
0.0080043	0.000800936	0.2	6	273.235	0
0.0080043	0.000875083	0.2	6	272.453	0
0.0080043	0.000956093	0.2	6	271.601	0
0.0080043	0.0010446	0.2	6	270.672	0
0.0080043	0.00114131	0.2	6	269.66	0
0.0080043	0.00124696	0.2	6	268.558	0
0.0080043	0.0013624	0.2	6	267.358	0
0.0080043	0.00148852	0.2	6	266.052	0
0.0080043	0.00162632	0.2	6	264.631	0
0.0080043	0.00177687	0.2	6	263.086	0
0.0080043	0.00194137	0.2	6	261.406	0
0.0080043	0.00212109	0.2	6	259.58	0
0.0080043	0.00231745	0.2	6	257.598	0
0.0080043	0.00253198	0.2	6	255.446	0
0.0080043	0.00276638	0.2	6	253.112	0
0.0080043	0.00302248	0.2	6	250.583	0
0.0080043	0.00330228	0.2	6	247.844	0
0.0080043	0.00360798	0.2	6	244.88	0
0.0080043	0.00394199	0.2	6	241.676	0
0.0080043	0.00430692	0.2	6	238.217	0
0.0080043	0.00470563	0.2	6	234.487	0
0.0080043	0.00514125	0.2	6	230.471	0
0.0080043	0.0056172	0.2	6	226.153	0
0.0080043	0.0061372	0.2	6	221.519	0
0.0080043	0.00670535	0.2	6	216.556	0
0.0080043	0.0073261	0.2	6	211.252	0
0.0080043	0.0080043	0.2	6	205.598	0
0.0080043	0.0087453	0.2	6	199.59	0
0.0080043	0.00955489	0.2	6	193.228	0
0.0080043	0.0104394	0.2	6	186.516	0
0.0080043	0.0114058	0.2	6	179.468	0
0.0080043	0.0124617	0.2	6	172.109	0
0.0080043	0.0136154	0.2	6	164.474	0
0.0080043	0.0148758	0.2	6	156.615	0
0.0080043	0.0162529	0.2	6	148.603	0
0.0080043	0.0177575	0.2	6	140.534	0
0.0080043	0.0194014	0.2	6	132.533	0
0.0080043	0.0211975	0.2	6	124.759	0
0.0080043	0.0231598	0.2	6	117.417	0
0.0080043	0.0253038	0.2	6	110.765	0
0.0080043	0.0276463	0.2	6	105.125	0
0.0080043	0.0302057	0.2	6	100.895	0
0.0080043	0.0330019	0.2	6	98.5677	0
0.0080043	0.0360571	0.2	6	98.7487	0
0.0080043	0.039395	0.2	6	102.176	0
0.0080043	0.043042	0.2	6	109.75	0
0.0080043	0.0470266	0.2	6	122.559	0
0.0080043	0.05138	0.2	6	141.924	0
0.0080043	0.0561365	0.2	6	169.431	0
0.0080043	0.0613333	0.2	6	206.99	0
0.0080043	0.0670111	0.2	6	256.889	0
0.0080043	0.0732147	0.2	6	321.861	0
0.0080043	0.0799925	0.2	6	405.169	0
0.0080043	0.0873977	0.2	6	510.692	0
0.0080043	0.0954885	0.2	6	643.031	0
0.0080043	0.104328	0.2	6	807.639	0
0.0080043	0.113986	0.2	6	1010.95	0
0.0080043	0.124539	0.2	6	1260.56	0
0.0080043	0.136068	0.2	6	1565.39	0
0.0080043	0.148664	0.2	6	1935.89	0
0.0080043	0.162426	0.2	6	2384.34	0
0.0080043	0.177463	0.2	6	2925.02	0
0.0080043	0.193892	0.2	6	3574.65	0
0.0080043	0.211841	0.2	6	4352.62	0
0.0080043	0.231452	0.2	6	5281.52	0
0.0080043	0.252878	0.2	6	6387.54	0
0.0080043	0.276288	0.2	6	7701.12	0
0.0080043	0.301866	0.2	6	9257.63	0
0.0080043	0.329811	0.2	6	11098.3	0
0.0080043	0.360343	0.2	6	13271.2	0
0.0080043	0.393701	0.2	6	15833.3	0
0.0080043	0.430148	0.2	6	18852.1	0
0.0080043	0.469968	0.2	6	22408.9	0
0.0080043	0.513475	0.2	6	26603.4	0
0.0080043	0.56101	0.2	6	31560	0
0.0080043	0.612945	0.2	6	37437.8	0
0.0080043	0.669688	0.2	6	44444.5	0
0.0087453	0.000104526	0.2	6	279.845	0
0.0087453	0.000114203	0.2	6	279.731	0
0.0087453	0.000124775	0.2	6	279.606	0
0.0087453	0.000136326	0.2	6	279.47	0
0.0087453	0.000148946	0.2	6	279.322	0
0.0087453	0.000162735	0.2	6	279.16	0
0.0087453	0.0001778	0.2	6	278.982	0
0.0087453	0.00019426	0.2	6	278.789	0
0.0087453	0.000212243	0.2	6	278.578	0
0.0087453	0.000231891	0.2	6	278.347	0
0.0087453	0.000253358	0.2	6	278.095	0
0.0087453	0.000276813	0.2	6	277.82	0
0.0087453	0.000302439	0.2	6	277.52	0
0.0087453	0.000330437	0.2	6	277.192	0
0.0087453	0.000361027	0.2	6	276.834	0
0.0087453	0.000394448	0.2	6	276.443	0
0.0087453	0.000430964	0.2	6	276.017	0
0.0087453	0.00047086	0.2	6	275.552	0
0.0087453	0.00051445	0.2	6	275.044	0
0.0087453	0.000562075	0.2	6	274.491	0
0.0087453	0.000614108	0.2	6	273.887	0
0.0087453	0.000670959	0.2	6	273.228	0
0.0087453	0.000733073	0.2	6	272.509	0
0.0087453	0.000800936	0.2	6	271.726	0
0.0087453	0.000875083	0.2	6	270.872	0
0.0087453	0.000956093	0.2	6	269.941	0
0.0087453	0.0010446	0.2	6	268.927	0
0.0087453	0.00114131	0.2	6	267.822	0
0.0087453	0.00124696	0.2	6	266.619	0
0.0087453	0.0013624	0.2	6	265.31	0
0.0087453	0.00148852	0.2	6	263.884	0
0.0087453	0.00162632	0.2	6	262.334	0
0.0087453	0.00177687	0.2	6	260.647	0
0.0087453	0.00194137	0.2	6	258.815	0
0.0087453	0.00212109	0.2	6	256.823	0
0.0087453	0.00231745	0.2	6	254.661	0
0.0087453	0.00253198	0.2	6	252.315	0
0.0087453	0.00276638	0.2	6	249.771	0
0.0087453	0.00302248	0.2	6	247.015	0
0.0087453	0.00330228	0.2	6	244.03	0
0.0087453	0.00360798	0.2	6	240.803	0
0.0087453	0.00394199	0.2	6	237.315	0
0.0087453	0.00430692	0.2	6	233.551	0
0.0087453	0.00470563	0.2	6	229.494	0
0.0087453	0.00514125	0.2	6	225.128	0
0.0087453	0.0056172	0.2	6	220.436	0
0.0087453	0.0061372	0.2	6	215.405	0
0.0087453	0.00670535	0.2	6	210.02	0
0.0087453	0.0073261	0.2	6	204.27	0
0.0087453	0.0080043	0.2	6	198.148	0
0.0087453	0.0087453	0.2	6	191.65	0
0.0087453	0.00955489	0.2	6	184.777	0
0.0087453	0.0104394	0.2	6	177.539	0
0.0087453	0.0114058	0.2	6	169.953	0
0.0087453	0.0124617	0.2	6	162.049	0
0.0087453	0.0136154	0.2	6	153.871	0
0.0087453	0.0148758	0.2	6	145.481	0
0.0087453	0.0162529	0.2	6	136.964	0
0.0087453	0.0177575	0.2	6	128.433	0
0.0087453	0.0194014	0.2	6	120.031	0
0.0087453	0.0211975	0.2	6	111.948	0
0.0087453	0.0231598	0.2	6	104.419	0
0.0087453	0.0253038	0.2	6	97.7444	0
0.0087453	0.0276463	0.2	6	92.2947	0
0.0087453	0.0302057	0.2	6	88.5313	0
0.0087453	0.0330019	0.2	6	87.0224	0
0.0087453	0.0360571	0.2	6	88.465	0
0.0087453	0.039395	0.2	6	93.7106	0
0.0087453	0.043042	0.2	6	103.795	0
0.0087453	0.0470266	0.2	6	119.976	0
0.0087453	0.05138	0.2	6	143.771	0
0.0087453	0.0561365	0.2	6	177.015	0
0.0087453	0.0613333	0.2	6	221.911	0
0.0087453	0.0670111	0.2	6	281.101	0
0.0087453	0.0732147	0.2	6	357.752	0
0.0087453	0.0799925	0.2	6	455.642	0
0.0087453	0.0873977	0.2	6	579.275	0
0.0087453	0.0954885	0.2	6	734.005	0
0.0087453	0.104328	0.2	6	926.187	0
0.0087453	0.113986	0.2	6	1163.35	0
0.0087453	0.124539	0.2	6	1454.38	0
0.0087453	0.136068	0.2	6	1809.79	0
0.0087453	0.148664	0.2	6	2241.92	0
0.0087453	0.162426	0.2	6	2765.29	0
0.0087453	0.177463	0.2	6	3396.95	0
0.0087453	0.193892	0.2	6	4156.84	0
0.0087453	0.211841	0.2	6	5068.33	0
0.0087453	0.231452	0.2	6	6158.7	0
0.0087453	0.252878	0.2	6	7459.81	0
0.0087453	0.276288	0.2	6	9008.91	0
0.0087453	0.301866	0.2	6	10849.5	0
0.0087453	0.329811	0.2	6	13032.7	0
0.0087453	0.360343	0.2	6	15618.4	0
0.0087453	0.393701	0.2	6	18677.6	0
0.0087453	0.430148	0.2	6	22294.9	0
0.0087453	0.469968	0.2	6	26572.2	0
0.0087453	0.513475	0.2	6	31633.6	0
0.0087453	0.56101	0.2	6	37633.4	0
0.0087453	0.612945	0.2	6	44766.2	0
0.0087453	0.669688	0.2	6	53282.8	0
0.00955489	0.000104526	0.2	6	278.983	0
0.00955489	0.000114203	0.2	6	278.859	0
0.00955489	0.000124775	0.2	6	278.722	0
0.00955489	0.000136326	0.2	6	278.574	0
0.00955489	0.000148946	0.2	6	278.411	0
0.00955489	0.000162735	0.2	6	278.234	0
0.00955489	0.0001778	0.2	6	278.04	0
0.00955489	0.00019426	0.2	6	277.829	0
0.00955489	0.000212243	0.2	6	277.598	0
0.00955489	0.000231891	0.2	6	277.346	0
0.00955489	0.000253358	0.2	6	277.071	0
0.00955489	0.000276813	0.2	6	276.77	0
0.00955489	0.000302439	0.2	6	276.442	0
0.00955489	0.000330437	0.2	6	276.084	0
0.00955489	0.000361027	0.2	6	275.693	0
0.00955489	0.000394448	0.2	6	275.266	0
0.00955489	0.000430964	0.2	6	274.8	0
0.00955489	0.00047086	0.2	6	274.292	0
0.00955489	0.00051445	0.2	6	273.738	0
0.00955489	0.000562075	0.2	6	273.133	0
0.00955489	0.000614108	0.2	6	272.473	0
0.00955489	0.000670959	0.2	6	271.754	0
0.00955489	0.000733073	0.2	6	270.969	0
0.00955489	0.000800936	0.2	6	270.113	0
0.00955489	0.000875083	0.2	6	269.181	0
0.00955489	0.000956093	0.2	6	268.165	0
0.00955489	0.0010446	0.2	6	267.058	0
0.00955489	0.00114131	0.2	6	265.852	0
0.00955489	0.00124696	0.2	6	264.539	0
0.00955489	0.0013624	0.2	6	263.11	0
0.00955489	0.00148852	0.2	6	261.554	0
0.00955489	0.00162632	0.2	6	259.863	0
0.00955489	0.00177687	0.2	6	258.023	0
0.00955489	0.00194137	0.2	6	256.024	0
0.00955489	0.00212109	0.2	6	253.853	0
0.00955489	0.00231745	0.2	6	251.497	0
0.00955489	0.00253198	0.2	6	248.94	0
0.00955489	0.00276638	0.2	6	246.169	0
0.00955489	0.00302248	0.2	6	243.167	0
0.00955489	0.00330228	0.2	6	239.919	0
0.00955489	0.00360798	0.2	6	236.406	0
0.00955489	0.00394199	0.2	6	232.613	0
0.00955489	0.00430692	0.2	6	228.522	0
0.00955489	0.00470563	0.2	6	224.115	0
0.00955489	0.00514125	0.2	6	219.374	0
0.00955489	0.0056172	0.2	6	214.285	0
0.00955489	0.0061372	0.2	6	208.832	0
0.00955489	0.00670535	0.2	6	203.001	0
0.00955489	0.0073261	0.2	6	196.783	0
0.00955489	0.0080043	0.2	6	190.17	0
0.00955489	0.0087453	0.2	6	183.162	0
0.00955489	0.00955489	0.2	6	175.762	0
0.00955489	0.0104394	0.2	6	167.986	0
0.00955489	0.0114058	0.2	6	159.855	0
0.00955489	0.0124617	0.2	6	151.409	0
0.00955489	0.0136154	0.2	6	142.702	0
0.00955489	0.0148758	0.2	6	133.808	0
0.00955489	0.0162529	0.2	6	124.83	0
0.00955489	0.0177575	0.2	6	115.901	0
0.00955489	0.0194014	0.2	6	107.194	0
0.00955489	0.0211975	0.2	6	98.9274	0
0.00955489	0.0231598	0.2	6	91.3812	0
0.00955489	0.0253038	0.2	6	84.9035	0
0.00955489	0.0276463	0.2	6	79.9284	0
0.00955489	0.0302057	0.2	6	76.9928	0
0.00955489	0.0330019	0.2	6	76.7578	0
0.00955489	0.0360571	0.2	6	80.0332	0
0.00955489	0.039395	0.2	6	87.808	0
0.00955489	0.043042	0.2	6	101.285	0
0.00955489	0.0470266	0.2	6	121.923	0
0.00955489	0.05138	0.2	6	151.487	0
0.00955489	0.0561365	0.2	6	192.105	0
0.00955489	0.0613333	0.2	6	246.337	0
0.00955489	0.0670111	0.2	6	317.259	0
0.00955489	0.0732147	0.2	6	408.554	0
0.00955489	0.0799925	0.2	6	524.628	0
0.00955489	0.0873977	0.2	6	670.736	0
0.00955489	0.0954885	0.2	6	853.14	0
0.00955489	0.104328	0.2	6	1079.29	0
0.00955489	0.113986	0.2	6	1358.01	0
0.00955489	0.124539	0.2	6	1699.77	0
0.00955489	0.136068	0.2	6	2116.97	0
0.00955489	0.148664	0.2	6	2624.22	0
0.00955489	0.162426	0.2	6	3238.77	0
0.00955489	0.177463	0.2	6	3980.93	0
0.00955489	0.193892	0.2	6	4874.59	0
0.00955489	0.211841	0.2	6	5947.8	0
0.00955489	0.231452	0.2	6	7233.5	0
0.00955489	0.252878	0.2	6	8770.36	0
0.00955489	0.276288	0.2	6	10603.7	0
0.00955489	0.301866	0.2	6	12787	0
0.00955489	0.329811	0.2	6	15382.8	0
0.00955489	0.360343	0.2	6	18465.4	0
0.00955489	0.393701	0.2	6	22122.5	0
0.00955489	0.430148	0.2	6	26459.2	0
0.00955489	0.469968	0.2	6	31601.6	0
0.00955489	0.513475	0.2	6	37703.5	0
0.00955489	0.56101	0.2	6	44954.3	0
0.00955489	0.612945	0.2	6	53591.2	0
0.00955489	0.669688	0.2	6	63916.1	0
0.0104394	0.000104526	0.2	6	278.085	0
0.0104394	0.000114203	0.2	6	277.949	0
0.0104394	0.000124775	0.2	6	277.8	0
0.0104394	0.000136326	0.2	6	277.638	0
0.0104394	0.000148946	0.2	6	277.46	0
0.0104394	0.000162735	0.2	6	277.266	0
0.0104394	0.0001778	0.2	6	277.055	0
0.0104394	0.00019426	0.2	6	276.824	0
0.0104394	0.000212243	0.2	6	276.571	0
0.0104394	0.000231891	0.2	6	276.296	0
0.0104394	0.000253358	0.2	6	275.995	0
0.0104394	0.000276813	0.2	6	275.666	0
0.0104394	0.000302439	0.2	6	275.308	0
0.0104394	0.000330437	0.2	6	274.917	0
0.0104394	0.000361027	0.2	6	274.489	0
0.0104394	0.000394448	0.2	6	274.023	0
0.0104394	0.000430964	0.2	6	273.514	0
0.0104394	0.00047086	0.2	6	272.959	0
0.0104394	0.00051445	0.2	6	272.354	0
0.0104394	0.000562075	0.2	6	271.693	0
0.0104394	0.000614108	0.2	6	270.972	0
0.0104394	0.000670959	0.2	6	270.186	0
0.0104394	0.000733073	0.2	6	269.329	0
0.0104394	0.000800936	0.2	6	268.395	0
0.0104394	0.000875083	0.2	6	267.377	0
0.0104394	0.000956093	0.2	6	266.268	0
0.0104394	0.0010446	0.2	6	265.059	0
0.0104394	0.00114131	0.2	6	263.743	0
0.0104394	0.00124696	0.2	6	262.311	0
0.0104394	0.0013624	0.2	6	260.751	0
0.0104394	0.00148852	0.2	6	259.055	0
0.0104394	0.00162632	0.2	6	257.21	0
0.0104394	0.00177687	0.2	6	255.204	0
0.0104394	0.00194137	0.2	6	253.025	0
0.0104394	0.00212109	0.2	6	250.659	0
0.0104394	0.00231745	0.2	6	248.092	0
0.0104394	0.00253198	0.2	6	245.308	0
0.0104394	0.00276638	0.2	6	242.291	0
0.0104394	0.00302248	0.2	6	239.024	0
0.0104394	0.00330228	0.2	6	235.491	0
0.0104394	0.00360798	0.2	6	231.673	0
0.0104394	0.00394199	0.2	6	227.551	0
0.0104394	0.00430692	0.2	6	223.109	0
0.0104394	0.00470563	0.2	6	218.328	0
0.0104394	0.00514125	0.2	6	213.189	0
0.0104394	0.0056172	0.2	6	207.678	0
0.0104394	0.0061372	0.2	6	201.778	0
0.0104394	0.00670535	0.2	6	195.478	0
0.0104394	0.0073261	0.2	6	188.769	0
0.0104394	0.0080043	0.2	6	181.646	0
0.0104394	0.0087453	0.2	6	174.111	0
0.0104394	0.00955489	0.2	6	166.173	0
0.0104394	0.0104394	0.2	6	157.852	0
0.0104394	0.0114058	0.2	6	149.18	0
0.0104394	0.0124617	0.2	6	140.204	0
0.0104394	0.0136154	0.2	6	130.994	0
0.0104394	0.0148758	0.2	6	121.64	0
0.0104394	0.0162529	0.2	6	112.267	0
0.0104394	0.0177575	0.2	6	103.034	0
0.0104394	0.0194014	0.2	6	94.1472	0
0.0104394	0.0211975	0.2	6	85.8673	0
0.0104394	0.0231598	0.2	6	78.5237	0
0.0104394	0.0253038	0.2	6	72.5273	0
0.0104394	0.0276463	0.2	6	68.3884	0
0.0104394	0.0302057	0.2	6	66.737	0
0.0104394	0.0330019	0.2	6	68.3475	0
0.0104394	0.0360571	0.2	6	74.1678	0
0.0104394	0.039395	0.2	6	85.354	0
0.0104394	0.043042	0.2	6	103.312	0
0.0104394	0.0470266	0.2	6	129.746	0
0.0104394	0.05138	0.2	6	166.717	0
0.0104394	0.0561365	0.2	6	216.712	0
0.0104394	0.0613333	0.2	6	282.723	0
0.0104394	0.0670111	0.2	6	368.346	0
0.0104394	0.0732147	0.2	6	477.892	0
0.0104394	0.0799925	0.2	6	616.52	0
0.0104394	0.0873977	0.2	6	790.395	0
0.0104394	0.0954885	0.2	6	1006.87	0
0.0104394	0.104328	0.2	6	1274.7	0
0.0104394	0.113986	0.2	6	1604.3	0
0.0104394	0.124539	0.2	6	2008.02	0
0.0104394	0.136068	0.2	6	2500.52	0
0.0104394	0.148664	0.2	6	3099.16	0
0.0104394	0.162426	0.2	6	3824.45	0
0.0104394	0.177463	0.2	6	4700.61	0
0.0104394	0.193892	0.2	6	5756.25	0
0.0104394	0.211841	0.2	6	7025.07	0
0.0104394	0.231452	0.2	6	8546.78	0
0.0104394	0.252878	0.2	6	10368.2	0
0.0104394	0.276288	0.2	6	12544.4	0
0.0104394	0.301866	0.2	6	15140.4	0
0.0104394	0.329811	0.2	6	18233	0
0.0104394	0.360343	0.2	6	21913.2	0
0.0104394	0.393701	0.2	6	26289	0
0.0104394	0.430148	0.2	6	31489.7	0
0.0104394	0.469968	0.2	6	37670.7	0
0.0104394	0.513475	0.2	6	45020.6	0
0.0104394	0.56101	0.2	6	53771.1	0
0.0104394	0.612945	0.2	6	64209.8	0
0.0104394	0.669688	0.2	6	76699.8	0
0.0114058	0.000104526	0.2	6	277.155	0
0.0114058	0.000114203	0.2	6	277.006	0
0.0114058	0.000124775	0.2	6	276.844	0
0.0114058	0.000136326	0.2	6	276.666	0
0.0114058	0.000148946	0.2	6	276.472	0
0.0114058	0.000162735	0.2	6	276.26	0
0.0114058	0.0001778	0.2	6	276.029	0
0.0114058	0.00019426	0.2	6	275.776	0
0.0114058	0.000212243	0.2	6	275.501	0
0.0114058	0.000231891	0.2	6	275.2	0
0.0114058	0.000253358	0.2	6	274.871	0
0.0114058	0.000276813	0.2	6	274.512	0
0.0114058	0.000302439	0.2	6	274.12	0
0.0114058	0.000330437	0.2	6	273.692	0
0.0114058	0.000361027	0.2	6	273.226	0
0.0114058	0.000394448	0.2	6	272.716	0
0.0114058	0.000430964	0.2	6	272.16	0
0.0114058	0.00047086	0.2	6	271.554	0
0.0114058	0.00051445	0.2	6	270.892	0
0.0114058	0.000562075	0.2	6	270.171	0
0.0114058	0.000614108	0.2	6	269.384	0
0.0114058	0.000670959	0.2	6	268.525	0
0.0114058	0.000733073	0.2	6	267.59	0
0.0114058	0.000800936	0.2	6	266.57	0
0.0114058	0.000875083	0.2	6	265.458	0
0.0114058	0.000956093	0.2	6	264.247	0
0.0114058	0.0010446	0.2	6	262.929	0
0.0114058	0.00114131	0.2	6	261.492	0
0.0114058	0.00124696	0.2	6	259.929	0
0.0114058	0.0013624	0.2	6	258.228	0
0.0114058	0.00148852	0.2	6	256.378	0
0.0114058	0.00162632	0.2	6	254.367	0
0.0114058	0.00177687	0.2	6	252.181	0
0.0114058	0.00194137	0.2	6	249.807	0
0.0114058	0.00212109	0.2	6	247.229	0
0.0114058	0.00231745	0.2	6	244.434	0
0.0114058	0.00253198	0.2	6	241.404	0
0.0114058	0.00276638	0.2	6	238.121	0
0.0114058	0.00302248	0.2	6	234.57	0
0.0114058	0.00330228	0.2	6	230.73	0
0.0114058	0.00360798	0.2	6	226.583	0
0.0114058	0.00394199	0.2	6	222.111	0
0.0114058	0.00430692	0.2	6	217.294	0
0.0114058	0.00470563	0.2	6	212.113	0
0.0114058	0.00514125	0.2	6	206.552	0
0.0114058	0.0056172	0.2	6	200.594	0
0.0114058	0.0061372	0.2	6	194.224	0
0.0114058	0.00670535	0.2	6	187.433	0
0.0114058	0.0073261	0.2	6	180.212	0
0.0114058	0.0080043	0.2	6	172.562	0
0.0114058	0.0087453	0.2	6	164.488	0
0.0114058	0.00955489	0.2	6	156.005	0
0.0114058	0.0104394	0.2	6	147.142	0
0.0114058	0.0114058	0.2	6	137.941	0
0.0114058	0.0124617	0.2	6	128.463	0
0.0114058	0.0136154	0.2	6	118.793	0
0.0114058	0.0148758	0.2	6	109.046	0
0.0114058	0.0162529	0.2	6	99.3705	0
0.0114058	0.0177575	0.2	6	89.9604	0
0.0114058	0.0194014	0.2	6	81.0627	0
0.0114058	0.0211975	0.2	6	72.9896	0
0.0114058	0.0231598	0.2	6	66.1326	0
0.0114058	0.0253038	0.2	6	60.9792	0
0.0114058	0.0276463	0.2	6	58.133	0
0.0114058	0.0302057	0.2	6	58.338	0
0.0114058	0.0330019	0.2	6	62.5066	0
0.0114058	0.0360571	0.2	6	71.7548	0
0.0114058	0.039395	0.2	6	87.442	0
0.0114058	0.043042	0.2	6	111.22	0
0.0114058	0.0470266	0.2	6	145.091	0
0.0114058	0.05138	0.2	6	191.475	0
0.0114058	0.0561365	0.2	6	253.291	0
0.0114058	0.0613333	0.2	6	334.054	0
0.0114058	0.0670111	0.2	6	437.988	0
0.0114058	0.0732147	0.2	6	570.161	0
0.0114058	0.0799925	0.2	6	736.641	0
0.0114058	0.0873977	0.2	6	944.686	0
0.0114058	0.0954885	0.2	6	1202.96	0
0.0114058	0.104328	0.2	6	1521.8	0
0.0114058	0.113986	0.2	6	1913.51	0
0.0114058	0.124539	0.2	6	2392.71	0
0.0114058	0.136068	0.2	6	2976.8	0
0.0114058	0.148664	0.2	6	3686.4	0
0.0114058	0.162426	0.2	6	4545.94	0
0.0114058	0.177463	0.2	6	5584.35	0
0.0114058	0.193892	0.2	6	6835.88	0
0.0114058	0.211841	0.2	6	8341	0
0.0114058	0.231452	0.2	6	10147.5	0
0.0114058	0.252878	0.2	6	12312	0
0.0114058	0.276288	0.2	6	14901.2	0
0.0114058	0.301866	0.2	6	17994	0
0.0114058	0.329811	0.2	6	21684.2	0
0.0114058	0.360343	0.2	6	26082.7	0
0.0114058	0.393701	0.2	6	31321.9	0
0.0114058	0.430148	0.2	6	37559.8	0
0.0114058	0.469968	0.2	6	44986.7	0
0.0114058	0.513475	0.2	6	53833	0
0.0114058	0.56101	0.2	6	64380.6	0
0.0114058	0.612945	0.2	6	76977.4	0
0.0114058	0.669688	0.2	6	92058.9	0
0.0124617	0.000104526	0.2	6	276.201	0
0.0124617	0.000114203	0.2	6	276.038	0
0.0124617	0.000124775	0.2	6	275.86	0
0.0124617	0.000136326	0.2	6	275.666	0
0.0124617	0.000148946	0.2	6	275.454	0
0.0124617	0.000162735	0.2	6	275.222	0
0.0124617	0.0001778	0.2	6	274.969	0
0.0124617	0.00019426	0.2	6	274.693	0
0.0124617	0.000212243	0.2	6	274.392	0
0.0124617	0.000231891	0.2	6	274.063	0
0.0124617	0.000253358	0.2	6	273.704	0
0.0124617	0.000276813	0.2	6	273.311	0
0.0124617	0.000302439	0.2	6	272.883	0
0.0124617	0.000330437	0.2	6	272.416	0
0.0124617	0.000361027	0.2	6	271.906	0
0.0124617	0.000394448	0.2	6	271.349	0
0.0124617	0.000430964	0.2	6	270.742	0
0.0124617	0.00047086	0.2	6	270.079	0
0.0124617	0.00051445	0.2	6	269.357	0
0.0124617	0.000562075	0.2	6	268.568	0
0.0124617	0.000614108	0.2	6	267.709	0
0.0124617	0.000670959	0.2	6	266.772	0
0.0124617	0.000733073	0.2	6	265.75	0
0.0124617	0.000800936	0.2	6	264.637	0
0.0124617	0.000875083	0.2	6	263.423	0
0.0124617	0.000956093	0.2	6	262.102	0
0.0124617	0.0010446	0.2	6	260.663	0
0.0124617	0.00114131	0.2	6	259.096	0
0.0124617	0.00124696	0.2	6	257.391	0
0.0124617	0.0013624	0.2	6	255.536	0
0.0124617	0.00148852	0.2	6	253.519	0
0.0124617	0.00162632	0.2	6	251.327	0
0.0124617	0.00177687	0.2	6	248.945	0
0.0124617	0.00194137	0.2	6	246.359	0
0.0124617	0.00212109	0.2	6	243.554	0
0.0124617	0.00231745	0.2	6	240.511	0
0.0124617	0.00253198	0.2	6	237.215	0
0.0124617	0.00276638	0.2	6	233.647	0
0.0124617	0.00302248	0.2	6	229.788	0
0.0124617	0.00330228	0.2	6	225.619	0
0.0124617	0.00360798	0.2	6	221.121	0
0.0124617	0.00394199	0.2	6	216.273	0
0.0124617	0.00430692	0.2	6	211.056	0
0.0124617	0.00470563	0.2	6	205.452	0
0.0124617	0.00514125	0.2	6	199.443	0
0.0124617	0.0056172	0.2	6	193.014	0
0.0124617	0.0061372	0.2	6	186.152	0
0.0124617	0.00670535	0.2	6	178.849	0
0.0124617	0.0073261	0.2	6	171.101	0
0.0124617	0.0080043	0.2	6	162.911	0
0.0124617	0.0087453	0.2	6	154.291	0
0.0124617	0.00955489	0.2	6	145.266	0
0.0124617	0.0104394	0.2	6	135.874	0
0.0124617	0.0114058	0.2	6	126.17	0
0.0124617	0.0124617	0.2	6	116.233	0
0.0124617	0.0136154	0.2	6	106.17	0
0.0124617	0.0148758	0.2	6	96.1206	0
0.0124617	0.0162529	0.2	6	86.2694	0
0.0124617	0.0177575	0.2	6	76.8508	0
0.0124617	0.0194014	0.2	6	68.1628	0
0.0124617	0.0211975	0.2	6	60.5804	0
0.0124617	0.0231598	0.2	6	54.5717	0
0.0124617	0.0253038	0.2	6	50.718	0
0.0124617	0.0276463	0.2	6	49.7369	0
0.0124617	0.0302057	0.2	6	52.5111	0
0.0124617	0.0330019	0.2	6	60.1214	0
0.0124617	0.0360571	0.2	6	73.8877	0
0.0124617	0.039395	0.2	6	95.4162	0
0.0124617	0.043042	0.2	6	126.657	0
0.0124617	0.0470266	0.2	6	169.972	0
0.0124617	0.05138	0.2	6	228.215	0
0.0124617	0.0561365	0.2	6	304.829	0
0.0124617	0.0613333	0.2	6	403.958	0
0.0124617	0.0670111	0.2	6	530.584	0
0.0124617	0.0732147	0.2	6	690.685	0
0.0124617	0.0799925	0.2	6	891.425	0
0.0124617	0.0873977	0.2	6	1141.38	0
0.0124617	0.0954885	0.2	6	1450.79	0
0.0124617	0.104328	0.2	6	1831.88	0
0.0124617	0.113986	0.2	6	2299.24	0
0.0124617	0.124539	0.2	6	2870.22	0
0.0124617	0.136068	0.2	6	3565.48	0
0.0124617	0.148664	0.2	6	4409.57	0
0.0124617	0.162426	0.2	6	5431.63	0
0.0124617	0.177463	0.2	6	6666.23	0
0.0124617	0.193892	0.2	6	8154.36	0
0.0124617	0.211841	0.2	6	9944.61	0
0.0124617	0.231452	0.2	6	12094.5	0
0.0124617	0.252878	0.2	6	14672.2	0
0.0124617	0.276288	0.2	6	17758.5	0
0.0124617	0.301866	0.2	6	21449	0
0.0124617	0.329811	0.2	6	25857.4	0
0.0124617	0.360343	0.2	6	31118.8	0
0.0124617	0.393701	0.2	6	37394.4	0
0.0124617	0.430148	0.2	6	44876.8	0
0.0124617	0.469968	0.2	6	53797.8	0
0.0124617	0.513475	0.2	6	64437.7	0
0.0124617	0.56101	0.2	6	77138	0
0.0124617	0.612945	0.2	6	92318.6	0
0.0124617	0.669688	0.2	6	110501	0
0.0136154	0.000104526	0.2	6	275.23	0
0.0136154	0.000114203	0.2	6	275.052	0
0.0136154	0.000124775	0.2	6	274.858	0
0.0136154	0.000136326	0.2	6	274.646	0
0.0136154	0.000148946	0.2	6	274.414	0
0.0136154	0.000162735	0.2	6	274.161	0
0.0136154	0.0001778	0.2	6	273.884	0
0.0136154	0.00019426	0.2	6	273.582	0
0.0136154	0.000212243	0.2	6	273.253	0
0.0136154	0.000231891	0.2	6	272.893	0
0.0136154	0.000253358	0.2	6	272.5	0
0.0136154	0.000276813	0.2	6	272.072	0
0.0136154	0.000302439	0.2	6	271.604	0
0.0136154	0.000330437	0.2	6	271.093	0
0.0136154	0.000361027	0.2	6	270.536	0
0.0136154	0.000394448	0.2	6	269.928	0
0.0136154	0.000430964	0.2	6	269.264	0
0.0136154	0.00047086	0.2	6	268.54	0
0.0136154	0.00051445	0.2	6	267.751	0
0.0136154	0.000562075	0.2	6	266.89	0
0.0136154	0.000614108	0.2	6	265.951	0
0.0136154	0.000670959	0.2	6	264.928	0
0.0136154	0.000733073	0.2	6	263.812	0
0.0136154	0.000800936	0.2	6	262.597	0
0.0136154	0.000875083	0.2	6	261.273	0
0.0136154	0.000956093	0.2	6	259.831	0
0.0136154	0.0010446	0.2	6	258.261	0
0.0136154	0.00114131	0.2	6	256.552	0
0.0136154	0.00124696	0.2	6	254.692	0
0.0136154	0.0013624	0.2	6	252.67	0
0.0136154	0.00148852	0.2	6	250.472	0
0.0136154	0.00162632	0.2	6	248.083	0
0.0136154	0.00177687	0.2	6	245.49	0
0.0136154	0.00194137	0.2	6	242.675	0
0.0136154	0.00212109	0.2	6	239.622	0
0.0136154	0.00231745	0.2	6	236.314	0
0.0136154	0.00253198	0.2	6	232.731	0
0.0136154	0.00276638	0.2	6	228.855	0
0.0136154	0.00302248	0.2	6	224.667	0
0.0136154	0.00330228	0.2	6	220.145	0
0.0136154	0.00360798	0.2	6	215.27	0
0.0136154	0.00394199	0.2	6	210.021	0
0.0136154	0.00430692	0.2	6	204.38	0
0.0136154	0.00470563	0.2	6	198.327	0
0.0136154	0.00514125	0.2	6	191.847	0
0.0136154	0.0056172	0.2	6	184.924	0
0.0136154	0.0061372	0.2	6	177.55	0
0.0136154	0.00670535	0.2	6	169.717	0
0.0136154	0.0073261	0.2	6	161.428	0
0.0136154	0.0080043	0.2	6	152.692	0
0.0136154	0.0087453	0.2	6	143.529	0
0.0136154	0.00955489	0.2	6	133.974	0
0.0136154	0.0104394	0.2	6	124.078	0
0.0136154	0.0114058	0.2	6	113.915	0
0.0136154	0.0124617	0.2	6	103.584	0
0.0136154	0.0136154	0.2	6	93.2191	0
0.0136154	0.0148758	0.2	6	82.9951	0
0.0136154	0.0162529	0.2	6	73.1366	0
0.0136154	0.0177575	0.2	6	63.9296	0
0.0136154	0.0194014	0.2	6	55.735	0
0.0136154	0.0211975	0.2	6	49.0047	0
0.0136154	0.0231598	0.2	6	44.3009	0
0.0136154	0.0253038	0.2	6	42.3191	0
0.0136154	0.0276463	0.2	6	43.9161	0
0.0136154	0.0302057	0.2	6	50.1433	0
0.0136154	0.0330019	0.2	6	62.286	0
0.0136154	0.0360571	0.2	6	81.9113	0
0.0136154	0.039395	0.2	6	110.924	0
0.0136154	0.043042	0.2	6	151.636	0
0.0136154	0.0470266	0.2	6	206.843	0
0.0136154	0.05138	0.2	6	279.924	0
0.0136154	0.0561365	0.2	6	374.952	0
0.0136154	0.0613333	0.2	6	496.83	0
0.0136154	0.0670111	0.2	6	651.454	0
0.0136154	0.0732147	0.2	6	845.898	0
0.0136154	0.0799925	0.2	6	1088.64	0
0.0136154	0.0873977	0.2	6	1389.84	0
0.0136154	0.0954885	0.2	6	1761.64	0
0.0136154	0.104328	0.2	6	2218.54	0
0.0136154	0.113986	0.2	6	2777.85	0
0.0136154	0.124539	0.2	6	3460.21	0
0.0136154	0.136068	0.2	6	4290.2	0
0.0136154	0.148664	0.2	6	5297.06	0
0.0136154	0.162426	0.2	6	6515.59	0
0.0136154	0.177463	0.2	6	7987.1	0
0.0136154	0.193892	0.2	6	9760.7	0
0.0136154	0.211841	0.2	6	11894.7	0
0.0136154	0.231452	0.2	6	14458.1	0
0.0136154	0.252878	0.2	6	17533.2	0
0.0136154	0.276288	0.2	6	21217.3	0
0.0136154	0.301866	0.2	6	25626.2	0
0.0136154	0.329811	0.2	6	30897.4	0
0.0136154	0.360343	0.2	6	37194.8	0
0.0136154	0.393701	0.2	6	44714	0
0.0136154	0.430148	0.2	6	53688.9	0
0.0136154	0.469968	0.2	6	64400.9	0
0.0136154	0.513475	0.2	6	77189.7	0
0.0136154	0.56101	0.2	6	92468	0
0.0136154	0.612945	0.2	6	110741	0
0.0136154	0.669688	0.2	6	132634	0
0.0148758	0.000104526	0.2	6	274.256	0
0.0148758	0.000114203	0.2	6	274.061	0
0.0148758	0.000124775	0.2	6	273.849	0
0.0148758	0.000136326	0.2	6	273.617	0
0.0148758	0.000148946	0.2	6	273.363	0
0.0148758	0.000162735	0.2	6	273.086	0
0.0148758	0.0001778	0.2	6	272.784	0
0.0148758	0.00019426	0.2	6	272.454	0
0.0148758	0.000212243	0.2	6	272.094	0
0.0148758	0.000231891	0.2	6	271.701	0
0.0148758	0.000253358	0.2	6	271.272	0
0.0148758	0.000276813	0.2	6	270.803	0
0.0148758	0.000302439	0.2	6	270.292	0
0.0148758	0.000330437	0.2	6	269.734	0
0.0148758	0.000361027	0.2	6	269.125	0
0.0148758	0.000394448	0.2	6	268.46	0
0.0148758	0.000430964	0.2	6	267.735	0
0.0148758	0.00047086	0.2	6	266.945	0
0.0148758	0.00051445	0.2	6	266.082	0
0.0148758	0.000562075	0.2	6	265.142	0
0.0148758	0.000614108	0.2	6	264.117	0
0.0148758	0.000670959	0.2	6	262.999	0
0.0148758	0.000733073	0.2	6	261.782	0
0.0148758	0.000800936	0.2	6	260.455	0
0.0148758	0.000875083	0.2	6	259.01	0
0.0148758	0.000956093	0.2	6	257.436	0
0.0148758	0.0010446	0.2	6	255.724	0
0.0148758	0.00114131	0.2	6	253.86	0
0.0148758	0.00124696	0.2	6	251.833	0
0.0148758	0.0013624	0.2	6	249.629	0
0.0148758	0.00148852	0.2	6	247.234	0
0.0148758	0.00162632	0.2	6	244.633	0
0.0148758	0.00177687	0.2	6	241.81	0
0.0148758	0.00194137	0.2	6	238.747	0
0.0148758	0.00212109	0.2	6	235.427	0
0.0148758	0.00231745	0.2	6	231.832	0
0.0148758	0.00253198	0.2	6	227.941	0
0.0148758	0.00276638	0.2	6	223.734	0
0.0148758	0.00302248	0.2	6	219.192	0
0.0148758	0.00330228	0.2	6	214.292	0
0.0148758	0.00360798	0.2	6	209.016	0
0.0148758	0.00394199	0.2	6	203.342	0
0.0148758	0.00430692	0.2	6	197.251	0
0.0148758	0.00470563	0.2	6	190.725	0
0.0148758	0.00514125	0.2	6	183.75	0
0.0148758	0.0056172	0.2	6	176.314	0
0.0148758	0.0061372	0.2	6	168.408	0
0.0148758	0.00670535	0.2	6	160.034	0
0.0148758	0.0073261	0.2	6	151.198	0
0.0148758	0.0080043	0.2	6	141.917	0
0.0148758	0.0087453	0.2	6	132.222	0
0.0148758	0.00955489	0.2	6	122.163	0
0.0148758	0.0104394	0.2	6	111.806	0
0.0148758	0.0114058	0.2	6	101.248	0
0.0148758	0.0124617	0.2	6	90.6149	0
0.0148758	0.0136154	0.2	6	80.0748	0
0.0148758	0.0148758	0.2	6	69.8437	0
0.0148758	0.0162529	0.2	6	60.1974	0
0.0148758	0.0177575	0.2	6	51.4853	0
0.0148758	0.0194014	0.2	6	44.1453	0
0.0148758	0.0211975	0.2	6	38.7235	0
0.0148758	0.0231598	0.2	6	35.8965	0
0.0148758	0.0253038	0.2	6	36.4995	0
0.0148758	0.0276463	0.2	6	41.5584	0
0.0148758	0.0302057	0.2	6	52.3293	0
0.0148758	0.0330019	0.2	6	70.3456	0
0.0148758	0.0360571	0.2	6	97.4738	0
0.0148758	0.039395	0.2	6	135.981	0
0.0148758	0.043042	0.2	6	188.613	0
0.0148758	0.0470266	0.2	6	258.692	0
0.0148758	0.05138	0.2	6	350.229	0
0.0148758	0.0561365	0.2	6	468.057	0
0.0148758	0.0613333	0.2	6	617.995	0
0.0148758	0.0670111	0.2	6	807.034	0
0.0148758	0.0732147	0.2	6	1043.57	0
0.0148758	0.0799925	0.2	6	1337.66	0
0.0148758	0.0873977	0.2	6	1701.37	0
0.0148758	0.0954885	0.2	6	2149.12	0
0.0148758	0.104328	0.2	6	2698.14	0
0.0148758	0.113986	0.2	6	3369.02	0
0.0148758	0.124539	0.2	6	4186.33	0
0.0148758	0.136068	0.2	6	5179.34	0
0.0148758	0.148664	0.2	6	6382.95	0
0.0148758	0.162426	0.2	6	7838.7	0
0.0148758	0.177463	0.2	6	9596.01	0
0.0148758	0.193892	0.2	6	11713.7	0
0.0148758	0.211841	0.2	6	14261.6	0
0.0148758	0.231452	0.2	6	17322.8	0
0.0148758	0.252878	0.2	6	20996	0
0.0148758	0.276288	0.2	6	25398.7	0
0.0148758	0.301866	0.2	6	30670.5	0
0.0148758	0.329811	0.2	6	36977.6	0
0.0148758	0.360343	0.2	6	44518.1	0
0.0148758	0.393701	0.2	6	53528.8	0
0.0148758	0.430148	0.2	6	64293	0
0.0148758	0.469968	0.2	6	77151.1	0
0.0148758	0.513475	0.2	6	92513.6	0
0.0148758	0.56101	0.2	6	110878	0
0.0148758	0.612945	0.2	6	132853	0
0.0148758	0.669688	0.2	6	159184	0
0.0162529	0.000104526	0.2	6	273.293	0
0.0162529	0.000114203	0.2	6	273.08	0
0.0162529	0.000124775	0.2	6	272.848	0
0.0162529	0.000136326	0.2	6	272.594	0
0.0162529	0.000148946	0.2	6	272.317	0
0.0162529	0.000162735	0.2	6	272.015	0
0.0162529	0.0001778	0.2	6	271.684	0
0.0162529	0.00019426	0.2	6	271.323	0
0.0162529	0.000212243	0.2	6	270.93	0
0.0162529	0.000231891	0.2	6	270.5	0
0.0162529	0.000253358	0.2	6	270.03	0
0.0162529	0.000276813	0.2	6	269.518	0
0.0162529	0.000302439	0.2	6	268.959	0
0.0162529	0.000330437	0.2	6	268.349	0
0.0162529	0.000361027	0.2	6	267.684	0
0.0162529	0.000394448	0.2	6	266.958	0
0.0162529	0.000430964	0.2	6	266.166	0
0.0162529	0.00047086	0.2	6	265.302	0
0.0162529	0.00051445	0.2	6	264.36	0
0.0162529	0.000562075	0.2	6	263.333	0
0.0162529	0.000614108	0.2	6	262.214	0
0.0162529	0.000670959	0.2	6	260.994	0
0.0162529	0.000733073	0.2	6	259.665	0
0.0162529	0.000800936	0.2	6	258.217	0
0.0162529	0.000875083	0.2	6	256.64	0
0.0162529	0.000956093	0.2	6	254.923	0
0.0162529	0.0010446	0.2	6	253.056	0
0.0162529	0.00114131	0.2	6	251.024	0
0.0162529	0.00124696	0.2	6	248.815	0
0.0162529	0.0013624	0.2	6	246.414	0
0.0162529	0.00148852	0.2	6	243.806	0
0.0162529	0.00162632	0.2	6	240.974	0
0.0162529	0.00177687	0.2	6	237.902	0
0.0162529	0.00194137	0.2	6	234.572	0
0.0162529	0.00212109	0.2	6	230.964	0
0.0162529	0.00231745	0.2	6	227.059	0
0.0162529	0.00253198	0.2	6	222.836	0
0.0162529	0.00276638	0.2	6	218.275	0
0.0162529	0.00302248	0.2	6	213.354	0
0.0162529	0.00330228	0.2	6	208.052	0
0.0162529	0.00360798	0.2	6	202.348	0
0.0162529	0.00394199	0.2	6	196.223	0
0.0162529	0.00430692	0.2	6	189.658	0
0.0162529	0.00470563	0.2	6	182.636	0
0.0162529	0.00514125	0.2	6	175.145	0
0.0162529	0.0056172	0.2	6	167.177	0
0.0162529	0.0061372	0.2	6	158.728	0
0.0162529	0.00670535	0.2	6	149.805	0
0.0162529	0.0073261	0.2	6	140.422	0
0.0162529	0.0080043	0.2	6	130.608	0
0.0162529	0.0087453	0.2	6	120.407	0
0.0162529	0.00955489	0.2	6	109.885	0
0.0162529	0.0104394	0.2	6	99.132	0
0.0162529	0.0114058	0.2	6	88.2703	0
0.0162529	0.0124617	0.2	6	77.4609	0
0.0162529	0.0136154	0.2	6	66.9129	0
0.0162529	0.0148758	0.2	6	56.8937	0
0.0162529	0.0162529	0.2	6	47.7426	0
0.0162529	0.0177575	0.2	6	39.886	0
0.0162529	0.0194014	0.2	6	33.8563	0
0.0162529	0.0211975	0.2	6	30.3144	0
0.0162529	0.0231598	0.2	6	30.0769	0
0.0162529	0.0253038	0.2	6	34.1481	0
0.0162529	0.0276463	0.2	6	43.7594	0
0.0162529	0.0302057	0.2	6	60.4152	0
0.0162529	0.0330019	0.2	6	85.9491	0
0.0162529	0.0360571	0.2	6	122.59	0
0.0162529	0.039395	0.2	6	173.04	0
0.0162529	0.043042	0.2	6	240.574	0
0.0162529	0.0470266	0.2	6	329.145	0
0.0162529	0.05138	0.2	6	443.527	0
0.0162529	0.0561365	0.2	6	589.467	0
0.0162529	0.0613333	0.2	6	773.885	0
0.0162529	0.0670111	0.2	6	1005.09	0
0.0162529	0.0732147	0.2	6	1293.07	0
0.0162529	0.0799925	0.2	6	1649.79	0
0.0162529	0.0873977	0.2	6	2089.58	0
0.0162529	0.0954885	0.2	6	2629.6	0
0.0162529	0.104328	0.2	6	3290.36	0
0.0162529	0.113986	0.2	6	4096.39	0
0.0162529	0.124539	0.2	6	5076.96	0
0.0162529	0.136068	0.2	6	6266.99	0
0.0162529	0.148664	0.2	6	7708.12	0
0.0162529	0.162426	0.2	6	9450	0
0.0162529	0.177463	0.2	6	11551.7	0
0.0162529	0.193892	0.2	6	14083.7	0
0.0162529	0.211841	0.2	6	17129.7	0
0.0162529	0.231452	0.2	6	20789.5	0
0.0162529	0.252878	0.2	6	25181.7	0
0.0162529	0.276288	0.2	6	30447.5	0
0.0162529	0.301866	0.2	6	36755.2	0
0.0162529	0.329811	0.2	6	44305.3	0
0.0162529	0.360343	0.2	6	53336.9	0
0.0162529	0.393701	0.2	6	64135.7	0
0.0162529	0.430148	0.2	6	77044.1	0
0.0162529	0.469968	0.2	6	92472.8	0
0.0162529	0.513475	0.2	6	110917	0
0.0162529	0.56101	0.2	6	132976	0
0.0162529	0.612945	0.2	6	159379	0
0.0162529	0.669688	0.2	6	191018	0
0.0177575	0.000104526	0.2	6	272.362	0
0.0177575	0.000114203	0.2	6	272.129	0
0.0177575	0.000124775	0.2	6	271.875	0
0.0177575	0.000136326	0.2	6	271.598	0
0.0177575	0.000148946	0.2	6	271.295	0
0.0177575	0.000162735	0.2	6	270.964	0
0.0177575	0.0001778	0.2	6	270.602	0
0.0177575	0.00019426	0.2	6	270.208	0
0.0177575	0.000212243	0.2	6	269.777	0
0.0177575	0.000231891	0.2	6	269.307	0
0.0177575	0.000253358	0.2	6	268.795	0
0.0177575	0.000276813	0.2	6	268.235	0
0.0177575	0.000302439	0.2	6	267.624	0
0.0177575	0.000330437	0.2	6	266.957	0
0.0177575	0.000361027	0.2	6	266.23	0
0.0177575	0.000394448	0.2	6	265.436	0
0.0177575	0.000430964	0.2	6	264.571	0
0.0177575	0.00047086	0.2	6	263.628	0
0.0177575	0.00051445	0.2	6	262.599	0
0.0177575	0.000562075	0.2	6	261.477	0
0.0177575	0.000614108	0.2	6	260.255	0
0.0177575	0.000670959	0.2	6	258.923	0
0.0177575	0.000733073	0.2	6	257.472	0
0.0177575	0.000800936	0.2	6	255.892	0
0.0177575	0.000875083	0.2	6	254.172	0
0.0177575	0.000956093	0.2	6	252.3	0
0.0177575	0.0010446	0.2	6	250.263	0
0.0177575	0.00114131	0.2	6	248.049	0
0.0177575	0.00124696	0.2	6	245.642	0
0.0177575	0.0013624	0.2	6	243.027	0
0.0177575	0.00148852	0.2	6	240.188	0
0.0177575	0.00162632	0.2	6	237.107	0
0.0177575	0.00177687	0.2	6	233.766	0
0.0177575	0.00194137	0.2	6	230.147	0
0.0177575	0.00212109	0.2	6	226.229	0
0.0177575	0.00231745	0.2	6	221.991	0
0.0177575	0.00253198	0.2	6	217.412	0
0.0177575	0.00276638	0.2	6	212.471	0
0.0177575	0.00302248	0.2	6	207.146	0
0.0177575	0.00330228	0.2	6	201.416	0
0.0177575	0.00360798	0.2	6	195.26	0
0.0177575	0.00394199	0.2	6	188.659	0
0.0177575	0.00430692	0.2	6	181.596	0
0.0177575	0.00470563	0.2	6	174.057	0
0.0177575	0.00514125	0.2	6	166.032	0
0.0177575	0.0056172	0.2	6	157.518	0
0.0177575	0.0061372	0.2	6	148.518	0
0.0177575	0.00670535	0.2	6	139.045	0
0.0177575	0.0073261	0.2	6	129.127	0
0.0177575	0.0080043	0.2	6	118.804	0
0.0177575	0.0087453	0.2	6	108.139	0
0.0177575	0.00955489	0.2	6	97.2185	0
0.0177575	0.0104394	0.2	6	86.1601	0
0.0177575	0.0114058	0.2	6	75.1199	0
0.0177575	0.0124617	0.2	6	64.3008	0
0.0177575	0.0136154	0.2	6	53.9633	0
0.0177575	0.0148758	0.2	6	44.4381	0
0.0177575	0.0162529	0.2	6	36.1421	0
0.0177575	0.0177575	0.2	6	29.5961	0
0.0177575	0.0194014	0.2	6	25.4476	0
0.0177575	0.0211975	0.2	6	24.4976	0
0.0177575	0.0231598	0.2	6	27.7323	0
0.0177575	0.0253038	0.2	6	36.3618	0
0.0177575	0.0276463	0.2	6	51.8662	0
0.0177575	0.0302057	0.2	6	76.0507	0
0.0177575	0.0330019	0.2	6	111.112	0
0.0177575	0.0360571	0.2	6	159.715	0
0.0177575	0.039395	0.2	6	225.091	0
0.0177575	0.043042	0.2	6	311.146	0
0.0177575	0.0470266	0.2	6	422.6	0
0.0177575	0.05138	0.2	6	565.139	0
0.0177575	0.0561365	0.2	6	745.617	0
0.0177575	0.0613333	0.2	6	972.272	0
0.0177575	0.0670111	0.2	6	1255.01	0
0.0177575	0.0732147	0.2	6	1605.71	0
0.0177575	0.0799925	0.2	6	2038.62	0
0.0177575	0.0873977	0.2	6	2570.82	0
0.0177575	0.0954885	0.2	6	3222.74	0
0.0177575	0.104328	0.2	6	4018.85	0
0.0177575	0.113986	0.2	6	4988.36	0
0.0177575	0.124539	0.2	6	6166.19	0
0.0177575	0.136068	0.2	6	7594.03	0
0.0177575	0.148664	0.2	6	9321.62	0
0.0177575	0.162426	0.2	6	11408.3	0
0.0177575	0.177463	0.2	6	13924.7	0
0.0177575	0.193892	0.2	6	16955.2	0
0.0177575	0.211841	0.2	6	20600.2	0
0.0177575	0.231452	0.2	6	24979.3	0
0.0177575	0.252878	0.2	6	30234.9	0
0.0177575	0.276288	0.2	6	36537	0
0.0177575	0.301866	0.2	6	44087.8	0
0.0177575	0.329811	0.2	6	53128.7	0
0.0177575	0.360343	0.2	6	63947.8	0
0.0177575	0.393701	0.2	6	76889.6	0
0.0177575	0.430148	0.2	6	92366.5	0
0.0177575	0.469968	0.2	6	110874	0
0.0177575	0.513475	0.2	6	133007	0
0.0177575	0.56101	0.2	6	159487	0
0.0177575	0.612945	0.2	6	191186	0
0.0177575	0.669688	0.2	6	229173	0
0.0194014	0.000104526	0.2	6	271.487	0
0.0194014	0.000114203	0.2	6	271.233	0
0.0194014	0.000124775	0.2	6	270.955	0
0.0194014	0.000136326	0.2	6	270.651	0
0.0194014	0.000148946	0.2	6	270.32	0
0.0194014	0.000162735	0.2	6	269.958	0
0.0194014	0.0001778	0.2	6	269.563	0
0.0194014	0.00019426	0.2	6	269.132	0
0.0194014	0.000212243	0.2	6	268.661	0
0.0194014	0.000231891	0.2	6	268.147	0
0.0194014	0.000253358	0.2	6	267.586	0
0.0194014	0.000276813	0.2	6	266.974	0
0.0194014	0.000302439	0.2	6	266.306	0
0.0194014	0.000330437	0.2	6	265.578	0
0.0194014	0.000361027	0.2	6	264.783	0
0.0194014	0.000394448	0.2	6	263.916	0
0.0194014	0.000430964	0.2	6	262.971	0
0.0194014	0.00047086	0.2	6	261.94	0
0.0194014	0.00051445	0.2	6	260.816	0
0.0194014	0.000562075	0.2	6	259.591	0
0.0194014	0.000614108	0.2	6	258.257	0
0.0194014	0.000670959	0.2	6	256.803	0
0.0194014	0.000733073	0.2	6	255.219	0
0.0194014	0.000800936	0.2	6	253.495	0
0.0194014	0.000875083	0.2	6	251.619	0
0.0194014	0.000956093	0.2	6	249.578	0
0.0194014	0.0010446	0.2	6	247.358	0
0.0194014	0.00114131	0.2	6	244.945	0
0.0194014	0.00124696	0.2	6	242.323	0
0.0194014	0.0013624	0.2	6	239.476	0
0.0194014	0.00148852	0.2	6	236.387	0
0.0194014	0.00162632	0.2	6	233.037	0
0.0194014	0.00177687	0.2	6	229.406	0
0.0194014	0.00194137	0.2	6	225.475	0
0.0194014	0.00212109	0.2	6	221.223	0
0.0194014	0.00231745	0.2	6	216.628	0
0.0194014	0.00253198	0.2	6	211.668	0
0.0194014	0.00276638	0.2	6	206.321	0
0.0194014	0.00302248	0.2	6	200.567	0
0.0194014	0.00330228	0.2	6	194.382	0
0.0194014	0.00360798	0.2	6	187.748	0
0.0194014	0.00394199	0.2	6	180.647	0
0.0194014	0.00430692	0.2	6	173.065	0
0.0194014	0.00470563	0.2	6	164.99	0
0.0194014	0.00514125	0.2	6	156.417	0
0.0194014	0.0056172	0.2	6	147.349	0
0.0194014	0.0061372	0.2	6	137.798	0
0.0194014	0.00670535	0.2	6	127.787	0
0.0194014	0.0073261	0.2	6	117.357	0
0.0194014	0.0080043	0.2	6	106.567	0
0.0194014	0.0087453	0.2	6	95.5005	0
0.0194014	0.00955489	0.2	6	84.2715	0
0.0194014	0.0104394	0.2	6	73.0318	0
0.0194014	0.0114058	0.2	6	61.979	0
0.0194014	0.0124617	0.2	6	51.3678	0
0.0194014	0.0136154	0.2	6	41.522	0
0.0194014	0.0148758	0.2	6	32.85	0
0.0194014	0.0162529	0.2	6	25.8632	0
0.0194014	0.0177575	0.2	6	21.1979	0
0.0194014	0.0194014	0.2	6	19.6416	0
0.0194014	0.0211975	0.2	6	22.1654	0
0.0194014	0.0231598	0.2	6	29.9615	0
0.0194014	0.0253038	0.2	6	44.4893	0
0.0194014	0.0276463	0.2	6	67.5299	0
0.0194014	0.0302057	0.2	6	101.252	0
0.0194014	0.0330019	0.2	6	148.29	0
0.0194014	0.0360571	0.2	6	211.837	0
0.0194014	0.039395	0.2	6	295.759	0
0.0194014	0.043042	0.2	6	404.727	0
0.0194014	0.0470266	0.2	6	544.377	0
0.0194014	0.05138	0.2	6	721.501	0
0.0194014	0.0561365	0.2	6	944.274	0
0.0194014	0.0613333	0.2	6	1222.53	0
0.0194014	0.0670111	0.2	6	1568.07	0
0.0194014	0.0732147	0.2	6	1995.06	0
0.0194014	0.0799925	0.2	6	2520.51	0
0.0194014	0.0873977	0.2	6	3164.77	0
0.0194014	0.0954885	0.2	6	3952.2	0
0.0194014	0.104328	0.2	6	4911.99	0
0.0194014	0.113986	0.2	6	6079	0
0.0194014	0.124539	0.2	6	7494.91	0
0.0194014	0.136068	0.2	6	9209.51	0
0.0194014	0.148664	0.2	6	11282.2	0
0.0194014	0.162426	0.2	6	13783.9	0
0.0194014	0.177463	0.2	6	16799.3	0
0.0194014	0.193892	0.2	6	20429.2	0
0.0194014	0.211841	0.2	6	24794	0
0.0194014	0.231452	0.2	6	30037	0
0.0194014	0.252878	0.2	6	36329.2	0
0.0194014	0.276288	0.2	6	43874.6	0
0.0194014	0.301866	0.2	6	52916.3	0
0.0194014	0.329811	0.2	6	63744.5	0
0.0194014	0.360343	0.2	6	76705.9	0
0.0194014	0.393701	0.2	6	92215	0
0.0194014	0.430148	0.2	6	110768	0
0.0194014	0.469968	0.2	6	132960	0
0.0194014	0.513475	0.2	6	159509	0
0.0194014	0.56101	0.2	6	191277	0
0.0194014	0.612945	0.2	6	229312	0
0.0194014	0.669688	0.2	6	274887	0
0.0211975	0.000104526	0.2	6	270.7	0
0.0211975	0.000114203	0.2	6	270.422	0
0.0211975	0.000124775	0.2	6	270.118	0
0.0211975	0.000136326	0.2	6	269.786	0
0.0211975	0.000148946	0.2	6	269.423	0
0.0211975	0.000162735	0.2	6	269.027	0
0.0211975	0.0001778	0.2	6	268.595	0
0.0211975	0.00019426	0.2	6	268.124	0
0.0211975	0.000212243	0.2	6	267.609	0
0.0211975	0.000231891	0.2	6	267.047	0
0.0211975	0.000253358	0.2	6	266.434	0
0.0211975	0.000276813	0.2	6	265.765	0
0.0211975	0.000302439	0.2	6	265.035	0
0.0211975	0.000330437	0.2	6	264.238	0
0.0211975	0.000361027	0.2	6	263.37	0
0.0211975	0.000394448	0.2	6	262.422	0
0.0211975	0.000430964	0.2	6	261.389	0
0.0211975	0.00047086	0.2	6	260.263	0
0.0211975	0.00051445	0.2	6	259.036	0
0.0211975	0.000562075	0.2	6	257.698	0
0.0211975	0.000614108	0.2	6	256.241	0
0.0211975	0.000670959	0.2	6	254.654	0
0.0211975	0.000733073	0.2	6	252.927	0
0.0211975	0.000800936	0.2	6	251.046	0
0.0211975	0.000875083	0.2	6	249	0
0.0211975	0.000956093	0.2	6	246.774	0
0.0211975	0.0010446	0.2	6	244.355	0
0.0211975	0.00114131	0.2	6	241.727	0
0.0211975	0.00124696	0.2	6	238.872	0
0.0211975	0.0013624	0.2	6	235.774	0
0.0211975	0.00148852	0.2	6	232.414	0
0.0211975	0.00162632	0.2	6	228.773	0
0.0211975	0.00177687	0.2	6	224.829	0
0.0211975	0.00194137	0.2	6	220.563	0
0.0211975	0.00212109	0.2	6	215.952	0
0.0211975	0.00231745	0.2	6	210.974	0
0.0211975	0.00253198	0.2	6	205.608	0
0.0211975	0.00276638	0.2	6	199.829	0
0.0211975	0.00302248	0.2	6	193.618	0
0.0211975	0.00330228	0.2	6	186.954	0
0.0211975	0.00360798	0.2	6	179.818	0
0.0211975	0.00394199	0.2	6	172.195	0
0.0211975	0.00430692	0.2	6	164.074	0
0.0211975	0.00470563	0.2	6	155.448	0
0.0211975	0.00514125	0.2	6	146.318	0
0.0211975	0.0056172	0.2	6	136.696	0
0.0211975	0.0061372	0.2	6	126.604	0
0.0211975	0.00670535	0.2	6	116.078	0
0.0211975	0.0073261	0.2	6	105.178	0
0.0211975	0.0080043	0.2	6	93.9824	0
0.0211975	0.0087453	0.2	6	82.6037	0
0.0211975	0.00955489	0.2	6	71.1895	0
0.0211975	0.0104394	0.2	6	59.9334	0
0.0211975	0.0114058	0.2	6	49.0848	0
0.0211975	0.0124617	0.2	6	38.9618	0
0.0211975	0.0136154	0.2	6	29.9658	0
0.0211975	0.0148758	0.2	6	22.6001	0
0.0211975	0.0162529	0.2	6	17.4914	0
0.0211975	0.0177575	0.2	6	15.4165	0
0.0211975	0.0194014	0.2	6	17.3333	0
0.0211975	0.0211975	0.2	6	24.419	0
0.0211975	0.0231598	0.2	6	38.1154	0
0.0211975	0.0253038	0.2	6	60.1835	0
0.0211975	0.0276463	0.2	6	92.7682	0
0.0211975	0.0302057	0.2	6	138.477	0
0.0211975	0.0330019	0.2	6	200.472	0
0.0211975	0.0360571	0.2	6	282.584	0
0.0211975	0.039395	0.2	6	389.442	0
0.0211975	0.043042	0.2	6	526.638	0
0.0211975	0.0470266	0.2	6	700.911	0
0.0211975	0.05138	0.2	6	920.38	0
0.0211975	0.0561365	0.2	6	1194.81	0
0.0211975	0.0613333	0.2	6	1535.94	0
0.0211975	0.0670111	0.2	6	1957.87	0
0.0211975	0.0732147	0.2	6	2477.51	0
0.0211975	0.0799925	0.2	6	3115.15	0
0.0211975	0.0873977	0.2	6	3895.07	0
0.0211975	0.0954885	0.2	6	4846.37	0
0.0211975	0.104328	0.2	6	6003.87	0
0.0211975	0.113986	0.2	6	7409.21	0
0.0211975	0.124539	0.2	6	9112.16	0
0.0211975	0.136068	0.2	6	11172.2	0
0.0211975	0.148664	0.2	6	13660.3	0
0.0211975	0.162426	0.2	6	16661.4	0
0.0211975	0.177463	0.2	6	20276.6	0
0.0211975	0.193892	0.2	6	24626.8	0
0.0211975	0.211841	0.2	6	29855.9	0
0.0211975	0.231452	0.2	6	36135.9	0
0.0211975	0.252878	0.2	6	43671.9	0
0.0211975	0.276288	0.2	6	52708.5	0
0.0211975	0.301866	0.2	6	63537.6	0
0.0211975	0.329811	0.2	6	76507.8	0
0.0211975	0.360343	0.2	6	92035.7	0
0.0211975	0.393701	0.2	6	110619	0
0.0211975	0.430148	0.2	6	132855	0
0.0211975	0.469968	0.2	6	159458	0
0.0211975	0.513475	0.2	6	191289	0
0.0211975	0.56101	0.2	6	229383	0
0.0211975	0.612945	0.2	6	274994	0
0.0211975	0.669688	0.2	6	329641	0
0.0231598	0.000104526	0.2	6	270.04	0
0.0231598	0.000114203	0.2	6	269.735	0
0.0231598	0.000124775	0.2	6	269.402	0
0.0231598	0.000136326	0.2	6	269.039	0
0.0231598	0.000148946	0.2	6	268.642	0
0.0231598	0.000162735	0.2	6	268.209	0
0.0231598	0.0001778	0.2	6	267.737	0
0.0231598	0.00019426	0.2	6	267.221	0
0.0231598	0.000212243	0.2	6	266.658	0
0.0231598	0.000231891	0.2	6	266.043	0
0.0231598	0.000253358	0.2	6	265.373	0
0.0231598	0.000276813	0.2	6	264.641	0
0.0231598	0.000302439	0.2	6	263.843	0
0.0231598	0.000330437	0.2	6	262.973	0
0.0231598	0.000361027	0.2	6	262.023	0
0.0231598	0.000394448	0.2	6	260.988	0
0.0231598	0.000430964	0.2	6	259.859	0
0.0231598	0.00047086	0.2	6	258.629	0
0.0231598	0.00051445	0.2	6	257.289	0
0.0231598	0.000562075	0.2	6	255.828	0
0.0231598	0.000614108	0.2	6	254.238	0
0.0231598	0.000670959	0.2	6	252.506	0
0.0231598	0.000733073	0.2	6	250.621	0
0.0231598	0.000800936	0.2	6	248.569	0
0.0231598	0.000875083	0.2	6	246.338	0
0.0231598	0.000956093	0.2	6	243.913	0
0.0231598	0.0010446	0.2	6	241.277	0
0.0231598	0.00114131	0.2	6	238.415	0
0.0231598	0.00124696	0.2	6	235.308	0
0.0231598	0.0013624	0.2	6	231.939	0
0.0231598	0.00148852	0.2	6	228.286	0
0.0231598	0.00162632	0.2	6	224.331	0
0.0231598	0.00177687	0.2	6	220.051	0
0.0231598	0.00194137	0.2	6	215.424	0
0.0231598	0.00212109	0.2	6	210.429	0
0.0231598	0.00231745	0.2	6	205.042	0
0.0231598	0.00253198	0.2	6	199.241	0
0.0231598	0.00276638	0.2	6	193.005	0
0.0231598	0.00302248	0.2	6	186.311	0
0.0231598	0.00330228	0.2	6	179.142	0
0.0231598	0.00360798	0.2	6	171.482	0
0.0231598	0.00394199	0.2	6	163.318	0
0.0231598	0.00430692	0.2	6	154.642	0
0.0231598	0.00470563	0.2	6	145.456	0
0.0231598	0.00514125	0.2	6	135.769	0
0.0231598	0.0056172	0.2	6	125.602	0
0.0231598	0.0061372	0.2	6	114.99	0
0.0231598	0.00670535	0.2	6	103.99	0
0.0231598	0.0073261	0.2	6	92.6799	0
0.0231598	0.0080043	0.2	6	81.1681	0
0.0231598	0.0087453	0.2	6	69.5995	0
0.0231598	0.00955489	0.2	6	58.1642	0
0.0231598	0.0104394	0.2	6	47.1074	0
0.0231598	0.0114058	0.2	6	36.7421	0
0.0231598	0.0124617	0.2	6	27.4641	0
0.0231598	0.0136154	0.2	6	19.7697	0
0.0231598	0.0148758	0.2	6	14.2779	0
0.0231598	0.0162529	0.2	6	11.7558	0
0.0231598	0.0177575	0.2	6	13.1507	0
0.0231598	0.0194014	0.2	6	19.6271	0
0.0231598	0.0211975	0.2	6	32.6121	0
0.0231598	0.0231598	0.2	6	53.8494	0
0.0231598	0.0253038	0.2	6	85.4642	0
0.0231598	0.0276463	0.2	6	130.041	0
0.0231598	0.0302057	0.2	6	190.715	0
0.0231598	0.0330019	0.2	6	271.288	0
0.0231598	0.0360571	0.2	6	376.353	0
0.0231598	0.039395	0.2	6	511.462	0
0.0231598	0.043042	0.2	6	683.311	0
0.0231598	0.0470266	0.2	6	899.969	0
0.0231598	0.05138	0.2	6	1171.14	0
0.0231598	0.0561365	0.2	6	1508.52	0
0.0231598	0.0613333	0.2	6	1926.11	0
0.0231598	0.0670111	0.2	6	2440.78	0
0.0231598	0.0732147	0.2	6	3072.72	0
0.0231598	0.0799925	0.2	6	3846.16	0
0.0231598	0.0873977	0.2	6	4790.11	0
0.0231598	0.0954885	0.2	6	5939.32	0
0.0231598	0.104328	0.2	6	7335.37	0
0.0231598	0.113986	0.2	6	9028.01	0
0.0231598	0.124539	0.2	6	11076.7	0
0.0231598	0.136068	0.2	6	13552.5	0
0.0231598	0.148664	0.2	6	16540.4	0
0.0231598	0.162426	0.2	6	20141.8	0
0.0231598	0.177463	0.2	6	24477.7	0
0.0231598	0.193892	0.2	6	29692.7	0
0.0231598	0.211841	0.2	6	35959.3	0
0.0231598	0.231452	0.2	6	43483.6	0
0.0231598	0.252878	0.2	6	52511.2	0
0.0231598	0.276288	0.2	6	63335.4	0
0.0231598	0.301866	0.2	6	76306.6	0
0.0231598	0.329811	0.2	6	91843	0
0.0231598	0.360343	0.2	6	110445	0
0.0231598	0.393701	0.2	6	132709	0
0.0231598	0.430148	0.2	6	159353	0
0.0231598	0.469968	0.2	6	191234	0
0.0231598	0.513475	0.2	6	229384	0
0.0231598	0.56101	0.2	6	275044	0
0.0231598	0.612945	0.2	6	329712	0
0.0231598	0.669688	0.2	6	395203	0
0.0253038	0.000104526	0.2	6	269.552	0
0.0253038	0.000114203	0.2	6	269.219	0
0.0253038	0.000124775	0.2	6	268.855	0
0.0253038	0.000136326	0.2	6	268.457	0
0.0253038	0.000148946	0.2	6	268.023	0
0.0253038	0.000162735	0.2	6	267.55	0
0.0253038	0.0001778	0.2	6	267.033	0
0.0253038	0.00019426	0.2	6	266.468	0
0.0253038	0.000212243	0.2	6	265.852	0
0.0253038	0.000231891	0.2	6	265.18	0
0.0253038	0.000253358	0.2	6	264.447	0
0.0253038	0.000276813	0.2	6	263.647	0
0.0253038	0.000302439	0.2	6	262.775	0
0.0253038	0.000330437	0.2	6	261.823	0
0.0253038	0.000361027	0.2	6	260.786	0
0.0253038	0.000394448	0.2	6	259.654	0
0.0253038	0.000430964	0.2	6	258.421	0
0.0253038	0.00047086	0.2	6	257.077	0
0.0253038	0.00051445	0.2	6	255.613	0
0.0253038	0.000562075	0.2	6	254.019	0
0.0253038	0.000614108	0.2	6	252.283	0
0.0253038	0.000670959	0.2	6	250.393	0
0.0253038	0.000733073	0.2	6	248.336	0
0.0253038	0.000800936	0.2	6	246.099	0
0.0253038	0.000875083	0.2	6	243.667	0
0.0253038	0.000956093	0.2	6	241.024	0
0.0253038	0.0010446	0.2	6	238.154	0
0.0253038	0.00114131	0.2	6	235.038	0
0.0253038	0.00124696	0.2	6	231.659	0
0.0253038	0.0013624	0.2	6	227.995	0
0.0253038	0.00148852	0.2	6	224.027	0
0.0253038	0.00162632	0.2	6	219.733	0
0.0253038	0.00177687	0.2	6	215.091	0
0.0253038	0.00194137	0.2	6	210.078	0
0.0253038	0.00212109	0.2	6	204.672	0
0.0253038	0.00231745	0.2	6	198.849	0
0.0253038	0.00253198	0.2	6	192.587	0
0.0253038	0.00276638	0.2	6	185.866	0
0.0253038	0.00302248	0.2	6	178.665	0
0.0253038	0.00330228	0.2	6	170.969	0
0.0253038	0.00360798	0.2	6	162.763	0
0.0253038	0.00394199	0.2	6	154.042	0
0.0253038	0.00430692	0.2	6	144.803	0
0.0253038	0.00470563	0.2	6	135.055	0
0.0253038	0.00514125	0.2	6	124.818	0
0.0253038	0.0056172	0.2	6	114.128	0
0.0253038	0.0061372	0.2	6	103.036	0
0.0253038	0.00670535	0.2	6	91.6217	0
0.0253038	0.0073261	0.2	6	79.9894	0
0.0253038	0.0080043	0.2	6	68.282	0
0.0253038	0.0087453	0.2	6	56.6865	0
0.0253038	0.00955489	0.2	6	45.4444	0
0.0253038	0.0104394	0.2	6	34.8647	0
0.0253038	0.0114058	0.2	6	25.3381	0
0.0253038	0.0124617	0.2	6	17.3554	0
0.0253038	0.0136154	0.2	6	11.5286	0
0.0253038	0.0148758	0.2	6	8.61737	0
0.0253038	0.0162529	0.2	6	9.55959	0
0.0253038	0.0177575	0.2	6	15.5092	0
0.0253038	0.0194014	0.2	6	27.8808	0
0.0253038	0.0211975	0.2	6	48.4037	0
0.0253038	0.0231598	0.2	6	79.1864	0
0.0253038	0.0253038	0.2	6	122.794	0
0.0253038	0.0276463	0.2	6	182.34	0
0.0253038	0.0302057	0.2	6	261.598	0
0.0253038	0.0330019	0.2	6	365.134	0
0.0253038	0.0360571	0.2	6	498.467	0
0.0253038	0.039395	0.2	6	668.252	0
0.0253038	0.043042	0.2	6	882.515	0
0.0253038	0.0470266	0.2	6	1150.92	0
0.0253038	0.05138	0.2	6	1485.08	0
0.0253038	0.0561365	0.2	6	1898.99	0
0.0253038	0.0613333	0.2	6	2409.4	0
0.0253038	0.0670111	0.2	6	3036.46	0
0.0253038	0.0732147	0.2	6	3804.32	0
0.0253038	0.0799925	0.2	6	4741.93	0
0.0253038	0.0873977	0.2	6	5883.96	0
0.0253038	0.0954885	0.2	6	7271.92	0
0.0253038	0.104328	0.2	6	8955.52	0
0.0253038	0.113986	0.2	6	10994.2	0
0.0253038	0.124539	0.2	6	13459	0
0.0253038	0.136068	0.2	6	16434.9	0
0.0253038	0.148664	0.2	6	20023.5	0
0.0253038	0.162426	0.2	6	24346	0
0.0253038	0.177463	0.2	6	29547.2	0
0.0253038	0.193892	0.2	6	35800.3	0
0.0253038	0.211841	0.2	6	43311.7	0
0.0253038	0.231452	0.2	6	52328	0
0.0253038	0.252878	0.2	6	63143.7	0
0.0253038	0.276288	0.2	6	76110.4	0
0.0253038	0.301866	0.2	6	91647.8	0
0.0253038	0.329811	0.2	6	110258	0
0.0253038	0.360343	0.2	6	132539	0
0.0253038	0.393701	0.2	6	159210	0
0.0253038	0.430148	0.2	6	191129	0
0.0253038	0.469968	0.2	6	229324	0
0.0253038	0.513475	0.2	6	275032	0
0.0253038	0.56101	0.2	6	329739	0
0.0253038	0.612945	0.2	6	395235	0
0.0253038	0.669688	0.2	6	473686	0
0.0276463	0.000104526	0.2	6	269.296	0
0.0276463	0.000114203	0.2	6	268.931	0
0.0276463	0.000124775	0.2	6	268.533	0
0.0276463	0.000136326	0.2	6	268.098	0
0.0276463	0.000148946	0.2	6	267.623	0
0.0276463	0.000162735	0.2	6	267.105	0
0.0276463	0.0001778	0.2	6	266.539	0
0.0276463	0.00019426	0.2	6	265.922	0
0.0276463	0.000212243	0.2	6	265.248	0
0.0276463	0.000231891	0.2	6	264.513	0
0.0276463	0.000253358	0.2	6	263.711	0
0.0276463	0.000276813	0.2	6	262.836	0
0.0276463	0.000302439	0.2	6	261.882	0
0.0276463	0.000330437	0.2	6	260.842	0
0.0276463	0.000361027	0.2	6	259.708	0
0.0276463	0.000394448	0.2	6	258.472	0
0.0276463	0.000430964	0.2	6	257.124	0
0.0276463	0.00047086	0.2	6	255.657	0
0.0276463	0.00051445	0.2	6	254.058	0
0.0276463	0.000562075	0.2	6	252.317	0
0.0276463	0.000614108	0.2	6	250.422	0
0.0276463	0.000670959	0.2	6	248.36	0
0.0276463	0.000733073	0.2	6	246.116	0
0.0276463	0.000800936	0.2	6	243.678	0
0.0276463	0.000875083	0.2	6	241.027	0
0.0276463	0.000956093	0.2	6	238.148	0
0.0276463	0.0010446	0.2	6	235.023	0
0.0276463	0.00114131	0.2	6	231.633	0
0.0276463	0.00124696	0.2	6	227.958	0
0.0276463	0.0013624	0.2	6	223.977	0
0.0276463	0.00148852	0.2	6	219.669	0
0.0276463	0.00162632	0.2	6	215.011	0
0.0276463	0.00177687	0.2	6	209.981	0
0.0276463	0.00194137	0.2	6	204.555	0
0.0276463	0.00212109	0.2	6	198.71	0
0.0276463	0.00231745	0.2	6	192.424	0
0.0276463	0.00253198	0.2	6	185.674	0
0.0276463	0.00276638	0.2	6	178.443	0
0.0276463	0.00302248	0.2	6	170.711	0
0.0276463	0.00330228	0.2	6	162.466	0
0.0276463	0.00360798	0.2	6	153.699	0
0.0276463	0.00394199	0.2	6	144.41	0
0.0276463	0.00430692	0.2	6	134.604	0
0.0276463	0.00470563	0.2	6	124.302	0
0.0276463	0.00514125	0.2	6	113.537	0
0.0276463	0.0056172	0.2	6	102.361	0
0.0276463	0.0061372	0.2	6	90.8493	0
0.0276463	0.00670535	0.2	6	79.1062	0
0.0276463	0.0073261	0.2	6	67.2719	0
0.0276463	0.0080043	0.2	6	55.5305	0
0.0276463	0.0087453	0.2	6	44.121	0
0.0276463	0.00955489	0.2	6	33.3484	0
0.0276463	0.0104394	0.2	6	23.5995	0
0.0276463	0.0114058	0.2	6	15.3602	0
0.0276463	0.0124617	0.2	6	9.23699	0
0.0276463	0.0136154	0.2	6	5.98273	0
0.0276463	0.0148758	0.2	6	6.52772	0
0.0276463	0.0162529	0.2	6	12.0169	0
0.0276463	0.0177575	0.2	6	23.8545	0
0.0276463	0.0194014	0.2	6	43.7576	0
0.0276463	0.0211975	0.2	6	73.8207	0
0.0276463	0.0231598	0.2	6	116.592	0
0.0276463	0.0253038	0.2	6	175.167	0
0.0276463	0.0276463	0.2	6	253.298	0
0.0276463	0.0302057	0.2	6	355.524	0
0.0276463	0.0330019	0.2	6	487.336	0
0.0276463	0.0360571	0.2	6	655.358	0
0.0276463	0.039395	0.2	6	867.577	0
0.0276463	0.043042	0.2	6	1133.61	0
0.0276463	0.0470266	0.2	6	1465.05	0
0.0276463	0.05138	0.2	6	1875.79	0
0.0276463	0.0561365	0.2	6	2382.57	0
0.0276463	0.0613333	0.2	6	3005.46	0
0.0276463	0.0670111	0.2	6	3768.54	0
0.0276463	0.0732147	0.2	6	4700.7	0
0.0276463	0.0799925	0.2	6	5836.53	0
0.0276463	0.0873977	0.2	6	7217.49	0
0.0276463	0.0954885	0.2	6	8893.21	0
0.0276463	0.104328	0.2	6	10923.1	0
0.0276463	0.113986	0.2	6	13378.1	0
0.0276463	0.124539	0.2	6	16343.4	0
0.0276463	0.136068	0.2	6	19920.4	0
0.0276463	0.148664	0.2	6	24230.5	0
0.0276463	0.162426	0.2	6	29418.9	0
0.0276463	0.177463	0.2	6	35658.7	0
0.0276463	0.193892	0.2	6	43157.1	0
0.0276463	0.211841	0.2	6	52161.1	0
0.0276463	0.231452	0.2	6	62966.1	0
0.0276463	0.252878	0.2	6	75924.6	0
0.0276463	0.276288	0.2	6	91457.7	0
0.0276463	0.301866	0.2	6	110068	0
0.0276463	0.329811	0.2	6	132358	0
0.0276463	0.360343	0.2	6	159045	0
0.0276463	0.393701	0.2	6	190989	0
0.0276463	0.430148	0.2	6	229218	0
0.0276463	0.469968	0.2	6	274966	0
0.0276463	0.513475	0.2	6	329712	0
0.0276463	0.56101	0.2	6	395234	0
0.0276463	0.612945	0.2	6	473673	0
0.0276463	0.669688	0.2	6	567611	0
0.0302057	0.000104526	0.2	6	269.341	0
0.0302057	0.000114203	0.2	6	268.942	0
0.0302057	0.000124775	0.2	6	268.506	0
0.0302057	0.000136326	0.2	6	268.03	0
0.0302057	0.000148946	0.2	6	267.51	0
0.0302057	0.000162735	0.2	6	266.943	0
0.0302057	0.0001778	0.2	6	266.324	0
0.0302057	0.00019426	0.2	6	265.648	0
0.0302057	0.000212243	0.2	6	264.911	0
0.0302057	0.000231891	0.2	6	264.107	0
0.0302057	0.000253358	0.2	6	263.23	0
0.0302057	0.000276813	0.2	6	262.274	0
0.0302057	0.000302439	0.2	6	261.231	0
0.0302057	0.000330437	0.2	6	260.093	0
0.0302057	0.000361027	0.2	6	258.854	0
0.0302057	0.000394448	0.2	6	257.503	0
0.0302057	0.000430964	0.2	6	256.031	0
0.0302057	0.00047086	0.2	6	254.427	0
0.0302057	0.00051445	0.2	6	252.681	0
0.0302057	0.000562075	0.2	6	250.781	0
0.0302057	0.000614108	0.2	6	248.713	0
0.0302057	0.000670959	0.2	6	246.463	0
0.0302057	0.000733073	0.2	6	244.017	0
0.0302057	0.000800936	0.2	6	241.358	0
0.0302057	0.000875083	0.2	6	238.471	0
0.0302057	0.000956093	0.2	6	235.336	0
0.0302057	0.0010446	0.2	6	231.935	0
0.0302057	0.00114131	0.2	6	228.248	0
0.0302057	0.00124696	0.2	6	224.254	0
0.0302057	0.0013624	0.2	6	219.931	0
0.0302057	0.00148852	0.2	6	215.257	0
0.0302057	0.00162632	0.2	6	210.208	0
0.0302057	0.00177687	0.2	6	204.762	0
0.0302057	0.00194137	0.2	6	198.894	0
0.0302057	0.00212109	0.2	6	192.583	0
0.0302057	0.00231745	0.2	6	185.806	0
0.0302057	0.00253198	0.2	6	178.543	0
0.0302057	0.00276638	0.2	6	170.776	0
0.0302057	0.00302248	0.2	6	162.492	0
0.0302057	0.00330228	0.2	6	153.681	0
0.0302057	0.00360798	0.2	6	144.342	0
0.0302057	0.00394199	0.2	6	134.481	0
0.0302057	0.00430692	0.2	6	124.116	0
0.0302057	0.00470563	0.2	6	113.28	0
0.0302057	0.00514125	0.2	6	102.023	0
0.0302057	0.0056172	0.2	6	90.4196	0
0.0302057	0.0061372	0.2	6	78.5724	0
0.0302057	0.00670535	0.2	6	66.6196	0
0.0302057	0.0073261	0.2	6	54.7433	0
0.0302057	0.0080043	0.2	6	43.1794	0
0.0302057	0.0087453	0.2	6	32.2304	0
0.0302057	0.00955489	0.2	6	22.2793	0
0.0302057	0.0104394	0.2	6	13.8079	0
0.0302057	0.0114058	0.2	6	7.41802	0
0.0302057	0.0124617	0.2	6	3.85691	0
0.0302057	0.0136154	0.2	6	4.0484	0
0.0302057	0.0148758	0.2	6	9.12985	0
0.0302057	0.0162529	0.2	6	20.4967	0
0.0302057	0.0177575	0.2	6	39.8559	0
0.0302057	0.0194014	0.2	6	69.2899	0
0.0302057	0.0211975	0.2	6	111.334	0
0.0302057	0.0231598	0.2	6	169.066	0
0.0302057	0.0253038	0.2	6	246.22	0
0.0302057	0.0276463	0.2	6	347.317	0
0.0302057	0.0302057	0.2	6	477.821	0
0.0302057	0.0330019	0.2	6	644.328	0
0.0302057	0.0360571	0.2	6	854.794	0
0.0302057	0.039395	0.2	6	1118.81	0
0.0302057	0.043042	0.2	6	1447.9	0
0.0302057	0.0470266	0.2	6	1855.94	0
0.0302057	0.05138	0.2	6	2359.62	0
0.0302057	0.0561365	0.2	6	2978.93	0
0.0302057	0.0613333	0.2	6	3737.92	0
0.0302057	0.0670111	0.2	6	4665.4	0
0.0302057	0.0732147	0.2	6	5795.9	0
0.0302057	0.0799925	0.2	6	7170.82	0
0.0302057	0.0873977	0.2	6	8839.71	0
0.0302057	0.0954885	0.2	6	10861.9	0
0.0302057	0.104328	0.2	6	13308.5	0
0.0302057	0.113986	0.2	6	16264.3	0
0.0302057	0.124539	0.2	6	19830.9	0
0.0302057	0.136068	0.2	6	24129.9	0
0.0302057	0.148664	0.2	6	29306.4	0
0.0302057	0.162426	0.2	6	35533.8	0
0.0302057	0.177463	0.2	6	43019.5	0
0.0302057	0.193892	0.2	6	52011.1	0
0.0302057	0.211841	0.2	6	62804.3	0
0.0302057	0.231452	0.2	6	75752.7	0
0.0302057	0.252878	0.2	6	91278.1	0
0.0302057	0.276288	0.2	6	109885	0
0.0302057	0.301866	0.2	6	132175	0
0.0302057	0.329811	0.2	6	158869	0
0.0302057	0.360343	0.2	6	190828	0
0.0302057	0.393701	0.2	6	229080	0
0.0302057	0.430148	0.2	6	274858	0
0.0302057	0.469968	0.2	6	329639	0
0.0302057	0.513475	0.2	6	395192	0
0.0302057	0.56101	0.2	6	473643	0
0.0302057	0.612945	0.2	6	567550	0
0.0302057	0.669688	0.2	6	679995	0
0.0330019	0.000104526	0.2	6	269.772	0
0.0330019	0.000114203	0.2	6	269.335	0
0.0330019	0.000124775	0.2	6	268.858	0
0.0330019	0.000136326	0.2	6	268.336	0
0.0330019	0.000148946	0.2	6	267.768	0
0.0330019	0.000162735	0.2	6	267.147	0
0.0330019	0.0001778	0.2	6	266.469	0
0.0330019	0.00019426	0.2	6	265.73	0
0.0330019	0.000212243	0.2	6	264.924	0
0.0330019	0.000231891	0.2	6	264.044	0
0.0330019	0.000253358	0.2	6	263.085	0
0.0330019	0.000276813	0.2	6	262.039	0
0.0330019	0.000302439	0.2	6	260.898	0
0.0330019	0.000330437	0.2	6	259.655	0
0.0330019	0.000361027	0.2	6	258.3	0
0.0330019	0.000394448	0.2	6	256.823	0
0.0330019	0.000430964	0.2	6	255.215	0
0.0330019	0.00047086	0.2	6	253.464	0
0.0330019	0.00051445	0.2	6	251.557	0
0.0330019	0.000562075	0.2	6	249.483	0
0.0330019	0.000614108	0.2	6	247.226	0
0.0330019	0.000670959	0.2	6	244.772	0
0.0330019	0.000733073	0.2	6	242.105	0
0.0330019	0.000800936	0.2	6	239.208	0
0.0330019	0.000875083	0.2	6	236.062	0
0.0330019	0.000956093	0.2	6	232.65	0
0.0330019	0.0010446	0.2	6	228.95	0
0.0330019	0.00114131	0.2	6	224.942	0
0.0330019	0.00124696	0.2	6	220.604	0
0.0330019	0.0013624	0.2	6	215.913	0
0.0330019	0.00148852	0.2	6	210.845	0
0.0330019	0.00162632	0.2	6	205.378	0
0.0330019	0.00177687	0.2	6	199.488	0
0.0330019	0.00194137	0.2	6	193.151	0
0.0330019	0.00212109	0.2	6	186.345	0
0.0330019	0.00231745	0.2	6	179.05	0
0.0330019	0.00253198	0.2	6	171.248	0
0.0330019	0.00276638	0.2	6	162.925	0
0.0330019	0.00302248	0.2	6	154.07	0
0.0330019	0.00330228	0.2	6	144.681	0
0.0330019	0.00360798	0.2	6	134.765	0
0.0330019	0.00394199	0.2	6	124.338	0
0.0330019	0.00430692	0.2	6	113.432	0
0.0330019	0.00470563	0.2	6	102.097	0
0.0330019	0.00514125	0.2	6	90.4058	0
0.0330019	0.0056172	0.2	6	78.459	0
0.0330019	0.0061372	0.2	6	66.3935	0
0.0330019	0.00670535	0.2	6	54.3895	0
0.0330019	0.0073261	0.2	6	42.6807	0
0.0330019	0.0080043	0.2	6	31.567	0
0.0330019	0.0087453	0.2	6	21.4284	0
0.0330019	0.00955489	0.2	6	12.7433	0
0.0330019	0.0104394	0.2	6	6.10924	0
0.0330019	0.0114058	0.2	6	2.26888	0
0.0330019	0.0124617	0.2	6	2.14052	0
0.0330019	0.0136154	0.2	6	6.85514	0
0.0330019	0.0148758	0.2	6	17.8008	0
0.0330019	0.0162529	0.2	6	36.6757	0
0.0330019	0.0177575	0.2	6	65.5525	0
0.0330019	0.0194014	0.2	6	106.954	0
0.0330019	0.0211975	0.2	6	163.947	0
0.0330019	0.0231598	0.2	6	240.248	0
0.0330019	0.0253038	0.2	6	340.361	0
0.0330019	0.0276463	0.2	6	469.728	0
0.0330019	0.0302057	0.2	6	634.923	0
0.0330019	0.0330019	0.2	6	843.876	0
0.0330019	0.0360571	0.2	6	1106.14	0
0.0330019	0.039395	0.2	6	1433.22	0
0.0330019	0.043042	0.2	6	1838.95	0
0.0330019	0.0470266	0.2	6	2339.96	0
0.0330019	0.05138	0.2	6	2956.21	0
0.0330019	0.0561365	0.2	6	3711.69	0
0.0330019	0.0613333	0.2	6	4635.15	0
0.0330019	0.0670111	0.2	6	5761.07	0
0.0330019	0.0732147	0.2	6	7130.79	0
0.0330019	0.0799925	0.2	6	8793.8	0
0.0330019	0.0873977	0.2	6	10809.4	0
0.0330019	0.0954885	0.2	6	13248.5	0
0.0330019	0.104328	0.2	6	16196	0
0.0330019	0.113986	0.2	6	19753.6	0
0.0330019	0.124539	0.2	6	24042.6	0
0.0330019	0.136068	0.2	6	29208.3	0
0.0330019	0.148664	0.2	6	35424.3	0
0.0330019	0.162426	0.2	6	42898.1	0
0.0330019	0.177463	0.2	6	51877.6	0
0.0330019	0.193892	0.2	6	62659	0
0.0330019	0.211841	0.2	6	75596.3	0
0.0330019	0.231452	0.2	6	91112.1	0
0.0330019	0.252878	0.2	6	109712	0
0.0330019	0.276288	0.2	6	131998	0
0.0330019	0.301866	0.2	6	158693	0
0.0330019	0.329811	0.2	6	190658	0
0.0330019	0.360343	0.2	6	228924	0
0.0330019	0.393701	0.2	6	274722	0
0.0330019	0.430148	0.2	6	329529	0
0.0330019	0.469968	0.2	6	395109	0
0.0330019	0.513475	0.2	6	473581	0
0.0330019	0.56101	0.2	6	567486	0
0.0330019	0.612945	0.2	6	679879	0
0.0330019	0.669688	0.2	6	814436	0
0.0360571	0.000104526	0.2	6	270.691	0
0.0360571	0.000114203	0.2	6	270.212	0
0.0360571	0.000124775	0.2	6	269.689	0
0.0360571	0.000136326	0.2	6	269.118	0
0.0360571	0.000148946	0.2	6	268.495	0
0.0360571	0.000162735	0.2	6	267.816	0
0.0360571	0.0001778	0.2	6	267.074	0
0.0360571	0.00019426	0.2	6	266.266	0
0.0360571	0.000212243	0.2	6	265.383	0
0.0360571	0.000231891	0.2	6	264.421	0
0.0360571	0.000253358	0.2	6	263.371	0
0.0360571	0.000276813	0.2	6	262.227	0
0.0360571	0.000302439	0.2	6	260.98	0
0.0360571	0.000330437	0.2	6	259.62	0
0.0360571	0.000361027	0.2	6	258.139	0
0.0360571	0.000394448	0.2	6	256.525	0
0.0360571	0.000430964	0.2	6	254.768	0
0.0360571	0.00047086	0.2	6	252.856	0
0.0360571	0.00051445	0.2	6	250.774	0
0.0360571	0.000562075	0.2	6	248.51	0
0.0360571	0.000614108	0.2	6	246.047	0
0.0360571	0.000670959	0.2	6	243.371	0
0.0360571	0.000733073	0.2	6	240.464	0
0.0360571	0.000800936	0.2	6	237.308	0
0.0360571	0.000875083	0.2	6	233.883	0
0.0360571	0.000956093	0.2	6	230.17	0
0.0360571	0.0010446	0.2	6	226.147	0
0.0360571	0.00114131	0.2	6	221.792	0
0.0360571	0.00124696	0.2	6	217.083	0
0.0360571	0.0013624	0.2	6	211.996	0
0.0360571	0.00148852	0.2	6	206.507	0
0.0360571	0.00162632	0.2	6	200.593	0
0.0360571	0.00177687	0.2	6	194.229	0
0.0360571	0.00194137	0.2	6	187.394	0
0.0360571	0.00212109	0.2	6	180.066	0
0.0360571	0.00231745	0.2	6	172.228	0
0.0360571	0.00253198	0.2	6	163.864	0
0.0360571	0.00276638	0.2	6	154.965	0
0.0360571	0.00302248	0.2	6	145.526	0
0.0360571	0.00330228	0.2	6	135.555	0
0.0360571	0.00360798	0.2	6	125.066	0
0.0360571	0.00394199	0.2	6	114.091	0
0.0360571	0.00430692	0.2	6	102.678	0
0.0360571	0.00470563	0.2	6	90.9	0
0.0360571	0.00514125	0.2	6	78.856	0
0.0360571	0.0056172	0.2	6	66.6811	0
0.0360571	0.0061372	0.2	6	54.5539	0
0.0360571	0.00670535	0.2	6	42.7064	0
0.0360571	0.0073261	0.2	6	31.4359	0
0.0360571	0.0080043	0.2	6	21.1199	0
0.0360571	0.0087453	0.2	6	12.2339	0
0.0360571	0.00955489	0.2	6	5.37191	0
0.0360571	0.0104394	0.2	6	1.27249	0
0.0360571	0.0114058	0.2	6	0.84929	0
0.0360571	0.0124617	0.2	6	5.22786	0
0.0360571	0.0136154	0.2	6	15.7899	0
0.0360571	0.0148758	0.2	6	34.2265	0
0.0360571	0.0162529	0.2	6	62.6017	0
0.0360571	0.0177575	0.2	6	103.429	0
0.0360571	0.0194014	0.2	6	159.762	0
0.0360571	0.0211975	0.2	6	235.308	0
0.0360571	0.0231598	0.2	6	334.551	0
0.0360571	0.0253038	0.2	6	462.92	0
0.0360571	0.0276463	0.2	6	626.969	0
0.0360571	0.0302057	0.2	6	834.602	0
0.0360571	0.0330019	0.2	6	1095.35	0
0.0360571	0.0360571	0.2	6	1420.69	0
0.0360571	0.039395	0.2	6	1824.41	0
0.0360571	0.043042	0.2	6	2323.12	0
0.0360571	0.0470266	0.2	6	2936.73	0
0.0360571	0.05138	0.2	6	3689.19	0
0.0360571	0.0561365	0.2	6	4609.2	0
0.0360571	0.0613333	0.2	6	5731.19	0
0.0360571	0.0670111	0.2	6	7096.42	0
0.0360571	0.0732147	0.2	6	8754.35	0
0.0360571	0.0799925	0.2	6	10764.2	0
0.0360571	0.0873977	0.2	6	13196.9	0
0.0360571	0.0954885	0.2	6	16137.2	0
0.0360571	0.104328	0.2	6	19686.8	0
0.0360571	0.113986	0.2	6	23967	0
0.0360571	0.124539	0.2	6	29123.2	0
0.0360571	0.136068	0.2	6	35328.9	0
0.0360571	0.148664	0.2	6	42791.8	0
0.0360571	0.162426	0.2	6	51759.9	0
0.0360571	0.177463	0.2	6	62529.9	0
0.0360571	0.193892	0.2	6	75455.9	0
0.0360571	0.211841	0.2	6	90961.2	0
0.0360571	0.231452	0.2	6	109552	0
0.0360571	0.252878	0.2	6	131832	0
0.0360571	0.276288	0.2	6	158523	0
0.0360571	0.301866	0.2	6	190489	0
0.0360571	0.329811	0.2	6	228761	0
0.0360571	0.360343	0.2	6	274571	0
0.0360571	0.393701	0.2	6	329394	0
0.0360571	0.430148	0.2	6	394996	0
0.0360571	0.469968	0.2	6	473488	0
0.0360571	0.513475	0.2	6	567403	0
0.0360571	0.56101	0.2	6	679778	0
0.0360571	0.612945	0.2	6	814259	0
0.0360571	0.669688	0.2	6	975234	0
0.039395	0.000104526	0.2	6	272.217	0
0.039395	0.000114203	0.2	6	271.692	0
0.039395	0.000124775	0.2	6	271.12	0
0.039395	0.000136326	0.2	6	270.495	0
0.039395	0.000148946	0.2	6	269.813	0
0.039395	0.000162735	0.2	6	269.069	0
0.039395	0.0001778	0.2	6	268.258	0
0.039395	0.00019426	0.2	6	267.372	0
0.039395	0.000212243	0.2	6	266.406	0
0.039395	0.000231891	0.2	6	265.353	0
0.039395	0.000253358	0.2	6	264.205	0
0.039395	0.000276813	0.2	6	262.953	0
0.039395	0.000302439	0.2	6	261.589	0
0.039395	0.000330437	0.2	6	260.103	0
0.039395	0.000361027	0.2	6	258.483	0
0.039395	0.000394448	0.2	6	256.72	0
0.039395	0.000430964	0.2	6	254.801	0
0.039395	0.00047086	0.2	6	252.712	0
0.039395	0.00051445	0.2	6	250.439	0
0.039395	0.000562075	0.2	6	247.968	0
0.039395	0.000614108	0.2	6	245.282	0
0.039395	0.000670959	0.2	6	242.364	0
0.039395	0.000733073	0.2	6	239.195	0
0.039395	0.000800936	0.2	6	235.758	0
0.039395	0.000875083	0.2	6	232.03	0
0.039395	0.000956093	0.2	6	227.992	0
0.039395	0.0010446	0.2	6	223.62	0
0.039395	0.00114131	0.2	6	218.892	0
0.039395	0.00124696	0.2	6	213.784	0
0.039395	0.0013624	0.2	6	208.272	0
0.039395	0.00148852	0.2	6	202.332	0
0.039395	0.00162632	0.2	6	195.94	0
0.039395	0.00177687	0.2	6	189.074	0
0.039395	0.00194137	0.2	6	181.713	0
0.039395	0.00212109	0.2	6	173.837	0
0.039395	0.00231745	0.2	6	165.431	0
0.039395	0.00253198	0.2	6	156.486	0
0.039395	0.00276638	0.2	6	146.996	0
0.039395	0.00302248	0.2	6	136.968	0
0.039395	0.00330228	0.2	6	126.416	0
0.039395	0.00360798	0.2	6	115.371	0
0.039395	0.00394199	0.2	6	103.881	0
0.039395	0.00430692	0.2	6	92.0159	0
0.039395	0.00470563	0.2	6	79.875	0
0.039395	0.00514125	0.2	6	67.5919	0
0.039395	0.0056172	0.2	6	55.3437	0
0.039395	0.0061372	0.2	6	43.3604	0
0.039395	0.00670535	0.2	6	31.9376	0
0.039395	0.0073261	0.2	6	21.4506	0
0.039395	0.0080043	0.2	6	12.3719	0
0.039395	0.0087453	0.2	6	5.29268	0
0.039395	0.00955489	0.2	6	0.948041	0
0.039395	0.0104394	0.2	6	0.247563	0
0.039395	0.0114058	0.2	6	4.31214	0
0.039395	0.0124617	0.2	6	14.5181	0
0.039395	0.0136154	0.2	6	32.5503	0
0.039395	0.0148758	0.2	6	60.4656	0
0.039395	0.0162529	0.2	6	100.769	0
0.039395	0.0177575	0.2	6	156.506	0
0.039395	0.0194014	0.2	6	231.37	0
0.039395	0.0211975	0.2	6	329.836	0
0.039395	0.0231598	0.2	6	457.315	0
0.039395	0.0253038	0.2	6	620.345	0
0.039395	0.0276463	0.2	6	826.814	0
0.039395	0.0302057	0.2	6	1086.23	0
0.039395	0.0330019	0.2	6	1410.04	0
0.039395	0.0360571	0.2	6	1812.01	0
0.039395	0.039395	0.2	6	2308.72	0
0.039395	0.043042	0.2	6	2920.05	0
0.039395	0.0470266	0.2	6	3669.89	0
0.039395	0.05138	0.2	6	4586.91	0
0.039395	0.0561365	0.2	6	5705.49	0
0.039395	0.0613333	0.2	6	7066.86	0
0.039395	0.0670111	0.2	6	8720.41	0
0.039395	0.0732147	0.2	6	10725.3	0
0.039395	0.0799925	0.2	6	13152.4	0
0.039395	0.0873977	0.2	6	16086.5	0
0.039395	0.0954885	0.2	6	19629.1	0
0.039395	0.104328	0.2	6	23901.6	0
0.039395	0.113986	0.2	6	29049.3	0
0.039395	0.124539	0.2	6	35245.9	0
0.039395	0.136068	0.2	6	42698.9	0
0.039395	0.148664	0.2	6	51656.7	0
0.039395	0.162426	0.2	6	62415.9	0
0.039395	0.177463	0.2	6	75331	0
0.039395	0.193892	0.2	6	90825.8	0
0.039395	0.211841	0.2	6	109407	0
0.039395	0.231452	0.2	6	131678	0
0.039395	0.252878	0.2	6	158363	0
0.039395	0.276288	0.2	6	190326	0
0.039395	0.301866	0.2	6	228598	0
0.039395	0.329811	0.2	6	274413	0
0.039395	0.360343	0.2	6	329247	0
0.039395	0.393701	0.2	6	394862	0
0.039395	0.430148	0.2	6	473371	0
0.039395	0.469968	0.2	6	567298	0
0.039395	0.513475	0.2	6	679670	0
0.039395	0.56101	0.2	6	814116	0
0.039395	0.612945	0.2	6	974990	0
0.039395	0.669688	0.2	6	1.16752e+06	0
0.043042	0.000104526	0.2	6	274.496	0
0.043042	0.000114203	0.2	6	273.921	0
0.043042	0.000124775	0.2	6	273.294	0
0.043042	0.000136326	0.2	6	272.61	0
0.043042	0.000148946	0.2	6	271.863	0
0.043042	0.000162735	0.2	6	271.048	0
0.043042	0.0001778	0.2	6	270.159	0
0.043042	0.00019426	0.2	6	269.19	0
0.043042	0.000212243	0.2	6	268.133	0
0.043042	0.000231891	0.2	6	266.98	0
0.043042	0.000253358	0.2	6	265.724	0
0.043042	0.000276813	0.2	6	264.355	0
0.043042	0.000302439	0.2	6	262.863	0
0.043042	0.000330437	0.2	6	261.237	0
0.043042	0.000361027	0.2	6	259.467	0
0.043042	0.000394448	0.2	6	257.54	0
0.043042	0.000430964	0.2	6	255.443	0
0.043042	0.00047086	0.2	6	253.162	0
0.043042	0.00051445	0.2	6	250.681	0
0.043042	0.000562075	0.2	6	247.984	0
0.043042	0.000614108	0.2	6	245.054	0
0.043042	0.000670959	0.2	6	241.873	0
0.043042	0.000733073	0.2	6	238.422	0
0.043042	0.000800936	0.2	6	234.679	0
0.043042	0.000875083	0.2	6	230.624	0
0.043042	0.000956093	0.2	6	226.233	0
0.043042	0.0010446	0.2	6	221.485	0
0.043042	0.00114131	0.2	6	216.355	0
0.043042	0.00124696	0.2	6	210.818	0
0.043042	0.0013624	0.2	6	204.851	0
0.043042	0.00148852	0.2	6	198.43	0
0.043042	0.00162632	0.2	6	191.532	0
0.043042	0.00177687	0.2	6	184.134	0
0.043042	0.00194137	0.2	6	176.219	0
0.043042	0.00212109	0.2	6	167.77	0
0.043042	0.00231745	0.2	6	158.776	0
0.043042	0.00253198	0.2	6	149.234	0
0.043042	0.00276638	0.2	6	139.147	0
0.043042	0.00302248	0.2	6	128.531	0
0.043042	0.00330228	0.2	6	117.414	0
0.043042	0.00360798	0.2	6	105.844	0
0.043042	0.00394199	0.2	6	93.8909	0
0.043042	0.00430692	0.2	6	81.6521	0
0.043042	0.00470563	0.2	6	69.2601	0
0.043042	0.00514125	0.2	6	56.8907	0
0.043042	0.0056172	0.2	6	44.7724	0
0.043042	0.0061372	0.2	6	33.1988	0
0.043042	0.00670535	0.2	6	22.5433	0
0.043042	0.0073261	0.2	6	13.2762	0
0.043042	0.0080043	0.2	6	5.98587	0
0.043042	0.0087453	0.2	6	1.40434	0
0.043042	0.00955489	0.2	6	0.437707	0
0.043042	0.0104394	0.2	6	4.20281	0
0.043042	0.0114058	0.2	6	14.0714	0
0.043042	0.0124617	0.2	6	31.7229	0
0.043042	0.0136154	0.2	6	59.208	0
0.043042	0.0148758	0.2	6	99.025	0
0.043042	0.0162529	0.2	6	154.21	0
0.043042	0.0177575	0.2	6	228.449	0
0.043042	0.0194014	0.2	6	326.205	0
0.043042	0.0211975	0.2	6	452.878	0
0.043042	0.0231598	0.2	6	614.991	0
0.043042	0.0253038	0.2	6	820.415	0
0.043042	0.0276463	0.2	6	1078.64	0
0.043042	0.0302057	0.2	6	1401.09	0
0.043042	0.0330019	0.2	6	1801.52	0
0.043042	0.0360571	0.2	6	2296.47	0
0.043042	0.039395	0.2	6	2905.79	0
0.043042	0.043042	0.2	6	3653.34	0
0.043042	0.0470266	0.2	6	4567.76	0
0.043042	0.05138	0.2	6	5683.39	0
0.043042	0.0561365	0.2	6	7041.4	0
0.043042	0.0613333	0.2	6	8691.14	0
0.043042	0.0670111	0.2	6	10691.7	0
0.043042	0.0732147	0.2	6	13114	0
0.043042	0.0799925	0.2	6	16042.7	0
0.043042	0.0873977	0.2	6	19579.2	0
0.043042	0.0954885	0.2	6	23845.1	0
0.043042	0.104328	0.2	6	28985.4	0
0.043042	0.113986	0.2	6	35173.8	0
0.043042	0.124539	0.2	6	42618.1	0
0.043042	0.136068	0.2	6	51566.5	0
0.043042	0.148664	0.2	6	62315.8	0
0.043042	0.162426	0.2	6	75220.8	0
0.043042	0.177463	0.2	6	90705.3	0
0.043042	0.193892	0.2	6	109276	0
0.043042	0.211841	0.2	6	131539	0
0.043042	0.231452	0.2	6	158216	0
0.043042	0.252878	0.2	6	190173	0
0.043042	0.276288	0.2	6	228442	0
0.043042	0.301866	0.2	6	274257	0
0.043042	0.329811	0.2	6	329095	0
0.043042	0.360343	0.2	6	394718	0
0.043042	0.393701	0.2	6	473237	0
0.043042	0.430148	0.2	6	567174	0
0.043042	0.469968	0.2	6	679550	0
0.043042	0.513475	0.2	6	813980	0
0.043042	0.56101	0.2	6	974799	0
0.043042	0.612945	0.2	6	1.1672e+06	0
0.043042	0.669688	0.2	6	1.39744e+06	0
0.0470266	0.000104526	0.2	6	277.697	0
0.0470266	0.000114203	0.2	6	277.067	0
0.0470266	0.000124775	0.2	6	276.38	0
0.0470266	0.000136326	0.2	6	275.63	0
0.0470266	0.000148946	0.2	6	274.812	0
0.0470266	0.000162735	0.2	6	273.92	0
0.0470266	0.0001778	0.2	6	272.947	0
0.0470266	0.00019426	0.2	6	271.885	0
0.0470266	0.000212243	0.2	6	270.728	0
0.0470266	0.000231891	0.2	6	269.467	0
0.0470266	0.000253358	0.2	6	268.092	0
0.0470266	0.000276813	0.2	6	266.594	0
0.0470266	0.000302439	0.2	6	264.962	0
0.0470266	0.000330437	0.2	6	263.184	0
0.0470266	0.000361027	0.2	6	261.249	0
0.0470266	0.000394448	0.2	6	259.143	0
0.0470266	0.000430964	0.2	6	256.852	0
0.0470266	0.00047086	0.2	6	254.361	0
0.0470266	0.00051445	0.2	6	251.653	0
0.0470266	0.000562075	0.2	6	248.711	0
0.0470266	0.000614108	0.2	6	245.516	0
0.0470266	0.000670959	0.2	6	242.049	0
0.0470266	0.000733073	0.2	6	238.29	0
0.0470266	0.000800936	0.2	6	234.217	0
0.0470266	0.000875083	0.2	6	229.807	0
0.0470266	0.000956093	0.2	6	225.037	0
0.0470266	0.0010446	0.2	6	219.883	0
0.0470266	0.00114131	0.2	6	214.32	0
0.0470266	0.00124696	0.2	6	208.325	0
0.0470266	0.0013624	0.2	6	201.872	0
0.0470266	0.00148852	0.2	6	194.939	0
0.0470266	0.00162632	0.2	6	187.504	0
0.0470266	0.00177687	0.2	6	179.547	0
0.0470266	0.00194137	0.2	6	171.052	0
0.0470266	0.00212109	0.2	6	162.008	0
0.0470266	0.00231745	0.2	6	152.41	0
0.0470266	0.00253198	0.2	6	142.262	0
0.0470266	0.00276638	0.2	6	131.578	0
0.0470266	0.00302248	0.2	6	120.386	0
0.0470266	0.00330228	0.2	6	108.734	0
0.0470266	0.00360798	0.2	6	96.6904	0
0.0470266	0.00394199	0.2	6	84.3511	0
0.0470266	0.00430692	0.2	6	71.8479	0
0.0470266	0.00470563	0.2	6	59.3552	0
0.0470266	0.00514125	0.2	6	47.1002	0
0.0470266	0.0056172	0.2	6	35.3749	0
0.0470266	0.0061372	0.2	6	24.5506	0
0.0470266	0.00670535	0.2	6	15.0957	0
0.0470266	0.0073261	0.2	6	7.5962	0
0.0470266	0.0080043	0.2	6	2.78131	0
0.0470266	0.0087453	0.2	6	1.55404	0
0.0470266	0.00955489	0.2	6	5.02769	0
0.0470266	0.0104394	0.2	6	14.5699	0
0.0470266	0.0114058	0.2	6	31.8555	0
0.0470266	0.0124617	0.2	6	58.93	0
0.0470266	0.0136154	0.2	6	98.2852	0
0.0470266	0.0148758	0.2	6	152.951	0
0.0470266	0.0162529	0.2	6	226.605	0
0.0470266	0.0177575	0.2	6	323.7	0
0.0470266	0.0194014	0.2	6	449.627	0
0.0470266	0.0211975	0.2	6	610.897	0
0.0470266	0.0231598	0.2	6	815.367	0
0.0470266	0.0253038	0.2	6	1072.51	0
0.0470266	0.0276463	0.2	6	1393.74	0
0.0470266	0.0302057	0.2	6	1792.78	0
0.0470266	0.0330019	0.2	6	2286.15	0
0.0470266	0.0360571	0.2	6	2893.69	0
0.0470266	0.039395	0.2	6	3639.22	0
0.0470266	0.043042	0.2	6	4551.34	0
0.0470266	0.0470266	0.2	6	5664.37	0
0.0470266	0.05138	0.2	6	7019.44	0
0.0470266	0.0561365	0.2	6	8665.86	0
0.0470266	0.0613333	0.2	6	10662.7	0
0.0470266	0.0670111	0.2	6	13080.8	0
0.0470266	0.0732147	0.2	6	16004.7	0
0.0470266	0.0799925	0.2	6	19536	0
0.0470266	0.0873977	0.2	6	23796	0
0.0470266	0.0954885	0.2	6	28929.8	0
0.0470266	0.104328	0.2	6	35111.1	0
0.0470266	0.113986	0.2	6	42547.6	0
0.0470266	0.124539	0.2	6	51487.7	0
0.0470266	0.136068	0.2	6	62228.1	0
0.0470266	0.148664	0.2	6	75123.8	0
0.0470266	0.162426	0.2	6	90598.8	0
0.0470266	0.177463	0.2	6	109160	0
0.0470266	0.193892	0.2	6	131413	0
0.0470266	0.211841	0.2	6	158082	0
0.0470266	0.231452	0.2	6	190031	0
0.0470266	0.252878	0.2	6	228295	0
0.0470266	0.276288	0.2	6	274108	0
0.0470266	0.301866	0.2	6	328945	0
0.0470266	0.329811	0.2	6	394572	0
0.0470266	0.360343	0.2	6	473096	0
0.0470266	0.393701	0.2	6	567040	0
0.0470266	0.430148	0.2	6	679419	0
0.0470266	0.469968	0.2	6	813843	0
0.0470266	0.513475	0.2	6	974631	0
0.0470266	0.56101	0.2	6	1.16696e+06	0
0.0470266	0.612945	0.2	6	1.39704e+06	0
0.0470266	0.669688	0.2	6	1.6723e+06	0
0.05138	0.000104526	0.2	6	282.02	0
0.05138	0.000114203	0.2	6	281.33	0
0.05138	0.000124775	0.2	6	280.577	0
0.05138	0.000136326	0.2	6	279.755	0
0.05138	0.000148946	0.2	6	278.859	0
0.05138	0.000162735	0.2	6	277.882	0
0.05138	0.0001778	0.2	6	276.816	0
0.05138	0.00019426	0.2	6	275.654	0
0.05138	0.000212243	0.2	6	274.386	0
0.05138	0.000231891	0.2	6	273.006	0
0.05138	0.000253358	0.2	6	271.501	0
0.05138	0.000276813	0.2	6	269.862	0
0.05138	0.000302439	0.2	6	268.076	0
0.05138	0.000330437	0.2	6	266.133	0
0.05138	0.000361027	0.2	6	264.017	0
0.05138	0.000394448	0.2	6	261.716	0
0.05138	0.000430964	0.2	6	259.213	0
0.05138	0.00047086	0.2	6	256.493	0
0.05138	0.00051445	0.2	6	253.537	0
0.05138	0.000562075	0.2	6	250.328	0
0.05138	0.000614108	0.2	6	246.845	0
0.05138	0.000670959	0.2	6	243.068	0
0.05138	0.000733073	0.2	6	238.975	0
0.05138	0.000800936	0.2	6	234.544	0
0.05138	0.000875083	0.2	6	229.751	0
0.05138	0.000956093	0.2	6	224.571	0
0.05138	0.0010446	0.2	6	218.981	0
0.05138	0.00114131	0.2	6	212.955	0
0.05138	0.00124696	0.2	6	206.468	0
0.05138	0.0013624	0.2	6	199.499	0
0.05138	0.00148852	0.2	6	192.023	0
0.05138	0.00162632	0.2	6	184.022	0
0.05138	0.00177687	0.2	6	175.478	0
0.05138	0.00194137	0.2	6	166.381	0
0.05138	0.00212109	0.2	6	156.724	0
0.05138	0.00231745	0.2	6	146.511	0
0.05138	0.00253198	0.2	6	135.757	0
0.05138	0.00276638	0.2	6	124.487	0
0.05138	0.00302248	0.2	6	112.749	0
0.05138	0.00330228	0.2	6	100.611	0
0.05138	0.00360798	0.2	6	88.1672	0
0.05138	0.00394199	0.2	6	75.5489	0
0.05138	0.00430692	0.2	6	62.9292	0
0.05138	0.00470563	0.2	6	50.5338	0
0.05138	0.00514125	0.2	6	38.6534	0
0.05138	0.0056172	0.2	6	27.6574	0
0.05138	0.0061372	0.2	6	18.0123	0
0.05138	0.00670535	0.2	6	10.3019	0
0.05138	0.0073261	0.2	6	5.25303	0
0.05138	0.0080043	0.2	6	3.76578	0
0.05138	0.0087453	0.2	6	6.95031	0
0.05138	0.00955489	0.2	6	16.1706	0
0.05138	0.0104394	0.2	6	33.0975	0
0.05138	0.0114058	0.2	6	59.7716	0
0.05138	0.0124617	0.2	6	98.6797	0
0.05138	0.0136154	0.2	6	152.845	0
0.05138	0.0148758	0.2	6	225.939	0
0.05138	0.0162529	0.2	6	322.407	0
0.05138	0.0177575	0.2	6	447.63	0
0.05138	0.0194014	0.2	6	608.108	0
0.05138	0.0211975	0.2	6	811.689	0
0.05138	0.0231598	0.2	6	1067.83	0
0.05138	0.0253038	0.2	6	1387.93	0
0.05138	0.0276463	0.2	6	1785.71	0
0.05138	0.0302057	0.2	6	2277.64	0
0.05138	0.0330019	0.2	6	2883.56	0
0.05138	0.0360571	0.2	6	3627.27	0
0.05138	0.039395	0.2	6	4537.34	0
0.05138	0.043042	0.2	6	5648.06	0
0.05138	0.0470266	0.2	6	7000.52	0
0.05138	0.05138	0.2	6	8644.01	0
0.05138	0.0561365	0.2	6	10637.6	0
0.05138	0.0613333	0.2	6	13051.9	0
0.05138	0.0670111	0.2	6	15971.7	0
0.05138	0.0732147	0.2	6	19498.4	0
0.05138	0.0799925	0.2	6	23753.2	0
0.05138	0.0873977	0.2	6	28881.3	0
0.05138	0.0954885	0.2	6	35056.4	0
0.05138	0.104328	0.2	6	42486.1	0
0.05138	0.113986	0.2	6	51418.7	0
0.05138	0.124539	0.2	6	62151.2	0
0.05138	0.136068	0.2	6	75038.5	0
0.05138	0.148664	0.2	6	90504.7	0
0.05138	0.162426	0.2	6	109057	0
0.05138	0.177463	0.2	6	131301	0
0.05138	0.193892	0.2	6	157962	0
0.05138	0.211841	0.2	6	189903	0
0.05138	0.231452	0.2	6	228160	0
0.05138	0.252878	0.2	6	273968	0
0.05138	0.276288	0.2	6	328802	0
0.05138	0.301866	0.2	6	394428	0
0.05138	0.329811	0.2	6	472954	0
0.05138	0.360343	0.2	6	566901	0
0.05138	0.393701	0.2	6	679282	0
0.05138	0.430148	0.2	6	813702	0
0.05138	0.469968	0.2	6	974474	0
0.05138	0.513475	0.2	6	1.16676e+06	0
0.05138	0.56101	0.2	6	1.39673e+06	0
0.05138	0.612945	0.2	6	1.67181e+06	0
0.05138	0.669688	0.2	6	2.00086e+06	0
0.0561365	0.000104526	0.2	6	287.699	0
0.0561365	0.000114203	0.2	6	286.943	0
0.0561365	0.000124775	0.2	6	286.118	0
0.0561365	0.000136326	0.2	6	285.217	0
0.0561365	0.000148946	0.2	6	284.235	0
0.0561365	0.000162735	0.2	6	283.164	0
0.0561365	0.0001778	0.2	6	281.997	0
0.0561365	0.00019426	0.2	6	280.724	0
0.0561365	0.000212243	0.2	6	279.336	0
0.0561365	0.000231891	0.2	6	277.824	0
0.0561365	0.000253358	0.2	6	276.177	0
0.0561365	0.000276813	0.2	6	274.384	0
0.0561365	0.000302439	0.2	6	272.431	0
0.0561365	0.000330437	0.2	6	270.305	0
0.0561365	0.000361027	0.2	6	267.993	0
0.0561365	0.000394448	0.2	6	265.478	0
0.0561365	0.000430964	0.2	6	262.744	0
0.0561365	0.00047086	0.2	6	259.774	0
0.0561365	0.00051445	0.2	6	256.548	0
0.0561365	0.000562075	0.2	6	253.048	0
0.0561365	0.000614108	0.2	6	249.252	0
0.0561365	0.000670959	0.2	6	245.138	0
0.0561365	0.000733073	0.2	6	240.684	0
0.0561365	0.000800936	0.2	6	235.866	0
0.0561365	0.000875083	0.2	6	230.659	0
0.0561365	0.000956093	0.2	6	225.038	0
0.0561365	0.0010446	0.2	6	218.98	0
0.0561365	0.00114131	0.2	6	212.457	0
0.0561365	0.00124696	0.2	6	205.448	0
0.0561365	0.0013624	0.2	6	197.93	0
0.0561365	0.00148852	0.2	6	189.881	0
0.0561365	0.00162632	0.2	6	181.286	0
0.0561365	0.00177687	0.2	6	172.131	0
0.0561365	0.00194137	0.2	6	162.413	0
0.0561365	0.00212109	0.2	6	152.132	0
0.0561365	0.00231745	0.2	6	141.302	0
0.0561365	0.00253198	0.2	6	129.95	0
0.0561365	0.00276638	0.2	6	118.122	0
0.0561365	0.00302248	0.2	6	105.884	0
0.0561365	0.00330228	0.2	6	93.3307	0
0.0561365	0.00360798	0.2	6	80.5922	0
0.0561365	0.00394199	0.2	6	67.8402	0
0.0561365	0.00430692	0.2	6	55.2991	0
0.0561365	0.00470563	0.2	6	43.258	0
0.0561365	0.00514125	0.2	6	32.085	0
0.0561365	0.0056172	0.2	6	22.2446	0
0.0561365	0.0061372	0.2	6	14.3185	0
0.0561365	0.00670535	0.2	6	9.03123	0
0.0561365	0.0073261	0.2	6	7.28038	0
0.0561365	0.0080043	0.2	6	10.1732	0
0.0561365	0.0087453	0.2	6	19.0703	0
0.0561365	0.00955489	0.2	6	35.6388	0
0.0561365	0.0104394	0.2	6	61.9152	0
0.0561365	0.0114058	0.2	6	100.381	0
0.0561365	0.0124617	0.2	6	154.056	0
0.0561365	0.0136154	0.2	6	226.603	0
0.0561365	0.0148758	0.2	6	322.462	0
0.0561365	0.0162529	0.2	6	447.005	0
0.0561365	0.0177575	0.2	6	606.726	0
0.0561365	0.0194014	0.2	6	809.46	0
0.0561365	0.0211975	0.2	6	1064.66	0
0.0561365	0.0231598	0.2	6	1383.7	0
0.0561365	0.0253038	0.2	6	1780.28	0
0.0561365	0.0276463	0.2	6	2270.89	0
0.0561365	0.0302057	0.2	6	2875.32	0
0.0561365	0.0330019	0.2	6	3617.36	0
0.0561365	0.0360571	0.2	6	4525.56	0
0.0561365	0.039395	0.2	6	5634.17	0
0.0561365	0.043042	0.2	6	6984.28	0
0.0561365	0.0470266	0.2	6	8625.13	0
0.0561365	0.05138	0.2	6	10615.7	0
0.0561365	0.0561365	0.2	6	13026.8	0
0.0561365	0.0613333	0.2	6	15942.9	0
0.0561365	0.0670111	0.2	6	19465.5	0
0.0561365	0.0732147	0.2	6	23715.8	0
0.0561365	0.0799925	0.2	6	28838.9	0
0.0561365	0.0873977	0.2	6	35008.4	0
0.0561365	0.0954885	0.2	6	42432.1	0
0.0561365	0.104328	0.2	6	51358.2	0
0.0561365	0.113986	0.2	6	62083.6	0
0.0561365	0.124539	0.2	6	74963.4	0
0.0561365	0.136068	0.2	6	90421.7	0
0.0561365	0.148664	0.2	6	108966	0
0.0561365	0.162426	0.2	6	131202	0
0.0561365	0.177463	0.2	6	157854	0
0.0561365	0.193892	0.2	6	189788	0
0.0561365	0.211841	0.2	6	228037	0
0.0561365	0.231452	0.2	6	273839	0
0.0561365	0.252878	0.2	6	328669	0
0.0561365	0.276288	0.2	6	394292	0
0.0561365	0.301866	0.2	6	472816	0
0.0561365	0.329811	0.2	6	566763	0
0.0561365	0.360343	0.2	6	679144	0
0.0561365	0.393701	0.2	6	813562	0
0.0561365	0.430148	0.2	6	974321	0
0.0561365	0.469968	0.2	6	1.16657e+06	0
0.0561365	0.513475	0.2	6	1.39649e+06	0
0.0561365	0.56101	0.2	6	1.67143e+06	0
0.0561365	0.612945	0.2	6	2.00026e+06	0
0.0561365	0.669688	0.2	6	2.39356e+06	0
0.0613333	0.000104526	0.2	6	295.008	0
0.0613333	0.000114203	0.2	6	294.178	0
0.0613333	0.000124775	0.2	6	293.273	0
0.0613333	0.000136326	0.2	6	292.286	0
0.0613333	0.000148946	0.2	6	291.21	0
0.0613333	0.000162735	0.2	6	290.036	0
0.0613333	0.0001778	0.2	6	288.757	0
0.0613333	0.00019426	0.2	6	287.362	0
0.0613333	0.000212243	0.2	6	285.843	0
0.0613333	0.000231891	0.2	6	284.187	0
0.0613333	0.000253358	0.2	6	282.384	0
0.0613333	0.000276813	0.2	6	280.421	0
0.0613333	0.000302439	0.2	6	278.285	0
0.0613333	0.000330437	0.2	6	275.96	0
0.0613333	0.000361027	0.2	6	273.432	0
0.0613333	0.000394448	0.2	6	270.684	0
0.0613333	0.000430964	0.2	6	267.698	0
0.0613333	0.00047086	0.2	6	264.455	0
0.0613333	0.00051445	0.2	6	260.936	0
0.0613333	0.000562075	0.2	6	257.12	0
0.0613333	0.000614108	0.2	6	252.984	0
0.0613333	0.000670959	0.2	6	248.505	0
0.0613333	0.000733073	0.2	6	243.66	0
0.0613333	0.000800936	0.2	6	238.423	0
0.0613333	0.000875083	0.2	6	232.771	0
0.0613333	0.000956093	0.2	6	226.676	0
0.0613333	0.0010446	0.2	6	220.116	0
0.0613333	0.00114131	0.2	6	213.065	0
0.0613333	0.00124696	0.2	6	205.5	0
0.0613333	0.0013624	0.2	6	197.4	0
0.0613333	0.00148852	0.2	6	188.75	0
0.0613333	0.00162632	0.2	6	179.535	0
0.0613333	0.00177687	0.2	6	169.75	0
0.0613333	0.00194137	0.2	6	159.396	0
0.0613333	0.00212109	0.2	6	148.486	0
0.0613333	0.00231745	0.2	6	137.047	0
0.0613333	0.00253198	0.2	6	125.123	0
0.0613333	0.00276638	0.2	6	112.78	0
0.0613333	0.00302248	0.2	6	100.111	0
0.0613333	0.00330228	0.2	6	87.2464	0
0.0613333	0.00360798	0.2	6	74.3553	0
0.0613333	0.00394199	0.2	6	61.6615	0
0.0613333	0.00430692	0.2	6	49.4526	0
0.0613333	0.00470563	0.2	6	38.0952	0
0.0613333	0.00514125	0.2	6	28.0518	0
0.0613333	0.0056172	0.2	6	19.9023	0
0.0613333	0.0061372	0.2	6	14.3691	0
0.0613333	0.00670535	0.2	6	12.3473	0
0.0613333	0.0073261	0.2	6	14.9413	0
0.0613333	0.0080043	0.2	6	23.5089	0
0.0613333	0.0087453	0.2	6	39.7135	0
0.0613333	0.00955489	0.2	6	65.5881	0
0.0613333	0.0104394	0.2	6	103.61	0
0.0613333	0.0114058	0.2	6	156.793	0
0.0613333	0.0124617	0.2	6	228.796	0
0.0613333	0.0136154	0.2	6	324.052	0
0.0613333	0.0148758	0.2	6	447.927	0
0.0613333	0.0162529	0.2	6	606.906	0
0.0613333	0.0177575	0.2	6	808.816	0
0.0613333	0.0194014	0.2	6	1063.1	0
0.0613333	0.0211975	0.2	6	1381.12	0
0.0613333	0.0231598	0.2	6	1776.58	0
0.0613333	0.0253038	0.2	6	2265.92	0
0.0613333	0.0276463	0.2	6	2868.95	0
0.0613333	0.0302057	0.2	6	3609.42	0
0.0613333	0.0330019	0.2	6	4515.88	0
0.0613333	0.0360571	0.2	6	5622.55	0
0.0613333	0.039395	0.2	6	6970.49	0
0.0613333	0.043042	0.2	6	8608.93	0
0.0613333	0.0470266	0.2	6	10596.8	0
0.0613333	0.05138	0.2	6	13004.9	0
0.0613333	0.0561365	0.2	6	15917.7	0
0.0613333	0.0613333	0.2	6	19436.6	0
0.0613333	0.0670111	0.2	6	23682.8	0
0.0613333	0.0732147	0.2	6	28801.5	0
0.0613333	0.0799925	0.2	6	34966.1	0
0.0613333	0.0873977	0.2	6	42384.4	0
0.0613333	0.0954885	0.2	6	51304.7	0
0.0613333	0.104328	0.2	6	62023.8	0
0.0613333	0.113986	0.2	6	74896.8	0
0.0613333	0.124539	0.2	6	90348.1	0
0.0613333	0.136068	0.2	6	108885	0
0.0613333	0.148664	0.2	6	131113	0
0.0613333	0.162426	0.2	6	157757	0
0.0613333	0.177463	0.2	6	189684	0
0.0613333	0.193892	0.2	6	227926	0
0.0613333	0.211841	0.2	6	273721	0
0.0613333	0.231452	0.2	6	328545	0
0.0613333	0.252878	0.2	6	394164	0
0.0613333	0.276288	0.2	6	472686	0
0.0613333	0.301866	0.2	6	566630	0
0.0613333	0.329811	0.2	6	679010	0
0.0613333	0.360343	0.2	6	813423	0
0.0613333	0.393701	0.2	6	974174	0
0.0613333	0.430148	0.2	6	1.16641e+06	0
0.0613333	0.469968	0.2	6	1.39628e+06	0
0.0613333	0.513475	0.2	6	1.67114e+06	0
0.0613333	0.56101	0.2	6	1.99981e+06	0
0.0613333	0.612945	0.2	6	2.39284e+06	0
0.0613333	0.669688	0.2	6	2.86286e+06	0
0.0670111	0.000104526	0.2	6	304.259	0
0.0670111	0.000114203	0.2	6	303.349	0
0.0670111	0.000124775	0.2	6	302.357	0
0.0670111	0.000136326	0.2	6	301.275	0
0.0670111	0.000148946	0.2	6	300.095	0
0.0670111	0.000162735	0.2	6	298.808	0
0.0670111	0.0001778	0.2	6	297.406	0
0.0670111	0.00019426	0.2	6	295.878	0
0.0670111	0.000212243	0.2	6	294.214	0
0.0670111	0.000231891	0.2	6	292.401	0
0.0670111	0.000253358	0.2	6	290.427	0
0.0670111	0.000276813	0.2	6	288.278	0
0.0670111	0.000302439	0.2	6	285.941	0
0.0670111	0.000330437	0.2	6	283.399	0
0.0670111	0.000361027	0.2	6	280.635	0
0.0670111	0.000394448	0.2	6	277.632	0
0.0670111	0.000430964	0.2	6	274.371	0
0.0670111	0.00047086	0.2	6	270.831	0
0.0670111	0.00051445	0.2	6	266.993	0
0.0670111	0.000562075	0.2	6	262.832	0
0.0670111	0.000614108	0.2	6	258.327	0
0.0670111	0.000670959	0.2	6	253.453	0
0.0670111	0.000733073	0.2	6	248.185	0
0.0670111	0.000800936	0.2	6	242.498	0
0.0670111	0.000875083	0.2	6	236.366	0
0.0670111	0.000956093	0.2	6	229.764	0
0.0670111	0.0010446	0.2	6	222.667	0
0.0670111	0.00114131	0.2	6	215.053	0
0.0670111	0.00124696	0.2	6	206.899	0
0.0670111	0.0013624	0.2	6	198.189	0
0.0670111	0.00148852	0.2	6	188.91	0
0.0670111	0.00162632	0.2	6	179.053	0
0.0670111	0.00177687	0.2	6	168.622	0
0.0670111	0.00194137	0.2	6	157.627	0
0.0670111	0.00212109	0.2	6	146.095	0
0.0670111	0.00231745	0.2	6	134.069	0
0.0670111	0.00253198	0.2	6	121.614	0
0.0670111	0.00276638	0.2	6	108.823	0
0.0670111	0.00302248	0.2	6	95.824	0
0.0670111	0.00330228	0.2	6	82.7859	0
0.0670111	0.00360798	0.2	6	69.9309	0
0.0670111	0.00394199	0.2	6	57.5454	0
0.0670111	0.00430692	0.2	6	45.994	0
0.0670111	0.00470563	0.2	6	35.7379	0
0.0670111	0.00514125	0.2	6	27.3549	0
0.0670111	0.0056172	0.2	6	21.5653	0
0.0670111	0.0061372	0.2	6	19.2618	0
0.0670111	0.00670535	0.2	6	21.5462	0
0.0670111	0.0073261	0.2	6	29.7734	0
0.0670111	0.0080043	0.2	6	45.6037	0
0.0670111	0.0087453	0.2	6	71.0662	0
0.0670111	0.00955489	0.2	6	108.635	0
0.0670111	0.0104394	0.2	6	161.318	0
0.0670111	0.0114058	0.2	6	232.77	0
0.0670111	0.0124617	0.2	6	327.418	0
0.0670111	0.0136154	0.2	6	450.623	0
0.0670111	0.0148758	0.2	6	608.862	0
0.0670111	0.0162529	0.2	6	809.955	0
0.0670111	0.0177575	0.2	6	1063.33	0
0.0670111	0.0194014	0.2	6	1380.36	0
0.0670111	0.0211975	0.2	6	1774.71	0
0.0670111	0.0231598	0.2	6	2262.83	0
0.0670111	0.0253038	0.2	6	2864.5	0
0.0670111	0.0276463	0.2	6	3603.48	0
0.0670111	0.0302057	0.2	6	4508.27	0
0.0670111	0.0330019	0.2	6	5613.1	0
0.0670111	0.0360571	0.2	6	6959.01	0
0.0670111	0.039395	0.2	6	8595.2	0
0.0670111	0.043042	0.2	6	10580.6	0
0.0670111	0.0470266	0.2	6	12985.9	0
0.0670111	0.05138	0.2	6	15895.7	0
0.0670111	0.0561365	0.2	6	19411.2	0
0.0670111	0.0613333	0.2	6	23653.8	0
0.0670111	0.0670111	0.2	6	28768.4	0
0.0670111	0.0732147	0.2	6	34928.6	0
0.0670111	0.0799925	0.2	6	42342.1	0
0.0670111	0.0873977	0.2	6	51257.1	0
0.0670111	0.0954885	0.2	6	61970.6	0
0.0670111	0.104328	0.2	6	74837.5	0
0.0670111	0.113986	0.2	6	90282.3	0
0.0670111	0.124539	0.2	6	108812	0
0.0670111	0.136068	0.2	6	131034	0
0.0670111	0.148664	0.2	6	157671	0
0.0670111	0.162426	0.2	6	189590	0
0.0670111	0.177463	0.2	6	227825	0
0.0670111	0.193892	0.2	6	273614	0
0.0670111	0.211841	0.2	6	328432	0
0.0670111	0.231452	0.2	6	394046	0
0.0670111	0.252878	0.2	6	472563	0
0.0670111	0.276288	0.2	6	566504	0
0.0670111	0.301866	0.2	6	678881	0
0.0670111	0.329811	0.2	6	813290	0
0.0670111	0.360343	0.2	6	974034	0
0.0670111	0.393701	0.2	6	1.16625e+06	0
0.0670111	0.430148	0.2	6	1.39609e+06	0
0.0670111	0.469968	0.2	6	1.6709e+06	0
0.0670111	0.513475	0.2	6	1.99946e+06	0
0.0670111	0.56101	0.2	6	2.3923e+06	0
0.0670111	0.612945	0.2	6	2.86201e+06	0
0.0670111	0.669688	0.2	6	3.42367e+06	0
0.0732147	0.000104526	0.2	6	315.815	0
0.0732147	0.000114203	0.2	6	314.817	0
0.0732147	0.000124775	0.2	6	313.728	0
0.0732147	0.000136326	0.2	6	312.542	0
0.0732147	0.000148946	0.2	6	311.248	0
0.0732147	0.000162735	0.2	6	309.837	0
0.0732147	0.0001778	0.2	6	308.3	0
0.0732147	0.00019426	0.2	6	306.626	0
0.0732147	0.000212243	0.2	6	304.802	0
0.0732147	0.000231891	0.2	6	302.817	0
0.0732147	0.000253358	0.2	6	300.655	0
0.0732147	0.000276813	0.2	6	298.304	0
0.0732147	0.000302439	0.2	6	295.746	0
0.0732147	0.000330437	0.2	6	292.966	0
0.0732147	0.000361027	0.2	6	289.945	0
0.0732147	0.000394448	0.2	6	286.663	0
0.0732147	0.000430964	0.2	6	283.102	0
0.0732147	0.00047086	0.2	6	279.24	0
0.0732147	0.00051445	0.2	6	275.053	0
0.0732147	0.000562075	0.2	6	270.52	0
0.0732147	0.000614108	0.2	6	265.614	0
0.0732147	0.000670959	0.2	6	260.312	0
0.0732147	0.000733073	0.2	6	254.588	0
0.0732147	0.000800936	0.2	6	248.415	0
0.0732147	0.000875083	0.2	6	241.768	0
0.0732147	0.000956093	0.2	6	234.623	0
0.0732147	0.0010446	0.2	6	226.955	0
0.0732147	0.00114131	0.2	6	218.744	0
0.0732147	0.00124696	0.2	6	209.97	0
0.0732147	0.0013624	0.2	6	200.621	0
0.0732147	0.00148852	0.2	6	190.689	0
0.0732147	0.00162632	0.2	6	180.174	0
0.0732147	0.00177687	0.2	6	169.089	0
0.0732147	0.00194137	0.2	6	157.457	0
0.0732147	0.00212109	0.2	6	145.322	0
0.0732147	0.00231745	0.2	6	132.748	0
0.0732147	0.00253198	0.2	6	119.827	0
0.0732147	0.00276638	0.2	6	106.685	0
0.0732147	0.00302248	0.2	6	93.4912	0
0.0732147	0.00330228	0.2	6	80.4654	0
0.0732147	0.00360798	0.2	6	67.8927	0
0.0732147	0.00394199	0.2	6	56.1364	0
0.0732147	0.00430692	0.2	6	45.6559	0
0.0732147	0.00470563	0.2	6	37.027	0
0.0732147	0.00514125	0.2	6	30.9679	0
0.0732147	0.0056172	0.2	6	28.369	0
0.0732147	0.0061372	0.2	6	30.3297	0
0.0732147	0.00670535	0.2	6	38.2018	0
0.0732147	0.0073261	0.2	6	53.6425	0
0.0732147	0.0080043	0.2	6	78.6776	0
0.0732147	0.0087453	0.2	6	115.777	0
0.0732147	0.00955489	0.2	6	167.945	0
0.0732147	0.0104394	0.2	6	238.831	0
0.0732147	0.0114058	0.2	6	332.859	0
0.0732147	0.0124617	0.2	6	455.381	0
0.0732147	0.0136154	0.2	6	612.869	0
0.0732147	0.0148758	0.2	6	813.136	0
0.0732147	0.0162529	0.2	6	1065.61	0
0.0732147	0.0177575	0.2	6	1381.63	0
0.0732147	0.0194014	0.2	6	1774.88	0
0.0732147	0.0211975	0.2	6	2261.8	0
0.0732147	0.0231598	0.2	6	2862.14	0
0.0732147	0.0253038	0.2	6	3599.64	0
0.0732147	0.0276463	0.2	6	4502.82	0
0.0732147	0.0302057	0.2	6	5605.87	0
0.0732147	0.0330019	0.2	6	6949.82	0
0.0732147	0.0360571	0.2	6	8583.85	0
0.0732147	0.039395	0.2	6	10566.9	0
0.0732147	0.043042	0.2	6	12969.6	0
0.0732147	0.0470266	0.2	6	15876.5	0
0.0732147	0.05138	0.2	6	19388.9	0
0.0732147	0.0561365	0.2	6	23628	0
0.0732147	0.0613333	0.2	6	28738.9	0
0.0732147	0.0670111	0.2	6	34895	0
0.0732147	0.0732147	0.2	6	42304.1	0
0.0732147	0.0799925	0.2	6	51214.3	0
0.0732147	0.0873977	0.2	6	61922.6	0
0.0732147	0.0954885	0.2	6	74784.1	0
0.0732147	0.104328	0.2	6	90223	0
0.0732147	0.113986	0.2	6	108747	0
0.0732147	0.124539	0.2	6	130962	0
0.0732147	0.136068	0.2	6	157592	0
0.0732147	0.148664	0.2	6	189505	0
0.0732147	0.162426	0.2	6	227734	0
0.0732147	0.177463	0.2	6	273516	0
0.0732147	0.193892	0.2	6	328329	0
0.0732147	0.211841	0.2	6	393937	0
0.0732147	0.231452	0.2	6	472449	0
0.0732147	0.252878	0.2	6	566386	0
0.0732147	0.276288	0.2	6	678759	0
0.0732147	0.301866	0.2	6	813164	0
0.0732147	0.329811	0.2	6	973901	0
0.0732147	0.360343	0.2	6	1.16611e+06	0
0.0732147	0.393701	0.2	6	1.39592e+06	0
0.0732147	0.430148	0.2	6	1.67069e+06	0
0.0732147	0.469968	0.2	6	1.99918e+06	0
0.0732147	0.513475	0.2	6	2.39189e+06	0
0.0732147	0.56101	0.2	6	2.86138e+06	0
0.0732147	0.612945	0.2	6	3.42267e+06	0
0.0732147	0.669688	0.2	6	4.09375e+06	0
0.0799925	0.000104526	0.2	6	330.087	0
0.0799925	0.000114203	0.2	6	328.992	0
0.0799925	0.000124775	0.2	6	327.797	0
0.0799925	0.000136326	0.2	6	326.495	0
0.0799925	0.000148946	0.2	6	325.076	0
0.0799925	0.000162735	0.2	6	323.529	0
0.0799925	0.0001778	0.2	6	321.844	0
0.0799925	0.00019426	0.2	6	320.009	0
0.0799925	0.000212243	0.2	6	318.011	0
0.0799925	0.000231891	0.2	6	315.836	0
0.0799925	0.000253358	0.2	6	313.469	0
0.0799925	0.000276813	0.2	6	310.895	0
0.0799925	0.000302439	0.2	6	308.097	0
0.0799925	0.000330437	0.2	6	305.056	0
0.0799925	0.000361027	0.2	6	301.753	0
0.0799925	0.000394448	0.2	6	298.169	0
0.0799925	0.000430964	0.2	6	294.28	0
0.0799925	0.00047086	0.2	6	290.066	0
0.0799925	0.00051445	0.2	6	285.501	0
0.0799925	0.000562075	0.2	6	280.563	0
0.0799925	0.000614108	0.2	6	275.224	0
0.0799925	0.000670959	0.2	6	269.459	0
0.0799925	0.000733073	0.2	6	263.243	0
0.0799925	0.000800936	0.2	6	256.549	0
0.0799925	0.000875083	0.2	6	249.351	0
0.0799925	0.000956093	0.2	6	241.627	0
0.0799925	0.0010446	0.2	6	233.353	0
0.0799925	0.00114131	0.2	6	224.511	0
0.0799925	0.00124696	0.2	6	215.088	0
0.0799925	0.0013624	0.2	6	205.074	0
0.0799925	0.00148852	0.2	6	194.47	0
0.0799925	0.00162632	0.2	6	183.287	0
0.0799925	0.00177687	0.2	6	171.549	0
0.0799925	0.00194137	0.2	6	159.298	0
0.0799925	0.00212109	0.2	6	146.597	0
0.0799925	0.00231745	0.2	6	133.537	0
0.0799925	0.00253198	0.2	6	120.243	0
0.0799925	0.00276638	0.2	6	106.883	0
0.0799925	0.00302248	0.2	6	93.6749	0
0.0799925	0.00330228	0.2	6	80.9034	0
0.0799925	0.00360798	0.2	6	68.9296	0
0.0799925	0.00394199	0.2	6	58.2111	0
0.0799925	0.00430692	0.2	6	49.3219	0
0.0799925	0.00470563	0.2	6	42.9781	0
0.0799925	0.00514125	0.2	6	40.0676	0
0.0799925	0.0056172	0.2	6	41.6872	0
0.0799925	0.0061372	0.2	6	49.186	0
0.0799925	0.00670535	0.2	6	64.2182	0
0.0799925	0.0073261	0.2	6	88.806	0
0.0799925	0.0080043	0.2	6	125.415	0
0.0799925	0.0087453	0.2	6	177.048	0
0.0799925	0.00955489	0.2	6	247.346	0
0.0799925	0.0104394	0.2	6	340.73	0
0.0799925	0.0114058	0.2	6	462.547	0
0.0799925	0.0124617	0.2	6	619.263	0
0.0799925	0.0136154	0.2	6	818.685	0
0.0799925	0.0148758	0.2	6	1070.23	0
0.0799925	0.0162529	0.2	6	1385.24	0
0.0799925	0.0177575	0.2	6	1777.37	0
0.0799925	0.0194014	0.2	6	2263.07	0
0.0799925	0.0211975	0.2	6	2862.07	0
0.0799925	0.0231598	0.2	6	3598.11	0
0.0799925	0.0253038	0.2	6	4499.68	0
0.0799925	0.0276463	0.2	6	5600.98	0
0.0799925	0.0302057	0.2	6	6943	0
0.0799925	0.0330019	0.2	6	8574.92	0
0.0799925	0.0360571	0.2	6	10555.7	0
0.0799925	0.039395	0.2	6	12955.9	0
0.0799925	0.043042	0.2	6	15860	0
0.0799925	0.0470266	0.2	6	19369.4	0
0.0799925	0.05138	0.2	6	23605.3	0
0.0799925	0.0561365	0.2	6	28712.6	0
0.0799925	0.0613333	0.2	6	34864.9	0
0.0799925	0.0670111	0.2	6	42269.7	0
0.0799925	0.0732147	0.2	6	51175.5	0
0.0799925	0.0799925	0.2	6	61879.1	0
0.0799925	0.0873977	0.2	6	74735.4	0
0.0799925	0.0954885	0.2	6	90169	0
0.0799925	0.104328	0.2	6	108687	0
0.0799925	0.113986	0.2	6	130896	0
0.0799925	0.124539	0.2	6	157521	0
0.0799925	0.136068	0.2	6	189427	0
0.0799925	0.148664	0.2	6	227650	0
0.0799925	0.162426	0.2	6	273426	0
0.0799925	0.177463	0.2	6	328233	0
0.0799925	0.193892	0.2	6	393836	0
0.0799925	0.211841	0.2	6	472343	0
0.0799925	0.231452	0.2	6	566276	0
0.0799925	0.252878	0.2	6	678644	0
0.0799925	0.276288	0.2	6	813045	0
0.0799925	0.301866	0.2	6	973776	0
0.0799925	0.329811	0.2	6	1.16597e+06	0
0.0799925	0.360343	0.2	6	1.39577e+06	0
0.0799925	0.393701	0.2	6	1.67051e+06	0
0.0799925	0.430148	0.2	6	1.99894e+06	0
0.0799925	0.469968	0.2	6	2.39156e+06	0
0.0799925	0.513475	0.2	6	2.8609e+06	0
0.0799925	0.56101	0.2	6	3.42193e+06	0
0.0799925	0.612945	0.2	6	4.09259e+06	0
0.0799925	0.669688	0.2	6	4.89435e+06	0
0.0873977	0.000104526	0.2	6	347.539	0
0.0873977	0.000114203	0.2	6	346.337	0
0.0873977	0.000124775	0.2	6	345.026	0
0.0873977	0.000136326	0.2	6	343.597	0
0.0873977	0.000148946	0.2	6	342.04	0
0.0873977	0.000162735	0.2	6	340.344	0
0.0873977	0.0001778	0.2	6	338.496	0
0.0873977	0.00019426	0.2	6	336.484	0
0.0873977	0.000212243	0.2	6	334.295	0
0.0873977	0.000231891	0.2	6	331.912	0
0.0873977	0.000253358	0.2	6	329.32	0
0.0873977	0.000276813	0.2	6	326.502	0
0.0873977	0.000302439	0.2	6	323.44	0
0.0873977	0.000330437	0.2	6	320.114	0
0.0873977	0.000361027	0.2	6	316.505	0
0.0873977	0.000394448	0.2	6	312.589	0
0.0873977	0.000430964	0.2	6	308.344	0
0.0873977	0.00047086	0.2	6	303.747	0
0.0873977	0.00051445	0.2	6	298.772	0
0.0873977	0.000562075	0.2	6	293.394	0
0.0873977	0.000614108	0.2	6	287.587	0
0.0873977	0.000670959	0.2	6	281.323	0
0.0873977	0.000733073	0.2	6	274.578	0
0.0873977	0.000800936	0.2	6	267.325	0
0.0873977	0.000875083	0.2	6	259.539	0
0.0873977	0.000956093	0.2	6	251.198	0
0.0873977	0.0010446	0.2	6	242.283	0
0.0873977	0.00114131	0.2	6	232.78	0
0.0873977	0.00124696	0.2	6	222.679	0
0.0873977	0.0013624	0.2	6	211.98	0
0.0873977	0.00148852	0.2	6	200.693	0
0.0873977	0.00162632	0.2	6	188.841	0
0.0873977	0.00177687	0.2	6	176.465	0
0.0873977	0.00194137	0.2	6	163.628	0
0.0873977	0.00212109	0.2	6	150.42	0
0.0873977	0.00231745	0.2	6	136.964	0
0.0873977	0.00253198	0.2	6	123.426	0
0.0873977	0.00276638	0.2	6	110.024	0
0.0873977	0.00302248	0.2	6	97.0412	0
0.0873977	0.00330228	0.2	6	84.836	0
0.0873977	0.00360798	0.2	6	73.8645	0
0.0873977	0.00394199	0.2	6	64.6989	0
0.0873977	0.00430692	0.2	6	58.0529	0
0.0873977	0.00470563	0.2	6	54.8122	0
0.0873977	0.00514125	0.2	6	56.0709	0
0.0873977	0.0056172	0.2	6	63.1753	0
0.0873977	0.0061372	0.2	6	77.7763	0
0.0873977	0.00670535	0.2	6	101.893	0
0.0873977	0.0073261	0.2	6	137.987	0
0.0873977	0.0080043	0.2	6	189.057	0
0.0873977	0.0087453	0.2	6	258.74	0
0.0873977	0.00955489	0.2	6	351.452	0
0.0873977	0.0104394	0.2	6	472.534	0
0.0873977	0.0114058	0.2	6	628.447	0
0.0873977	0.0124617	0.2	6	826.991	0
0.0873977	0.0136154	0.2	6	1077.57	0
0.0873977	0.0148758	0.2	6	1391.54	0
0.0873977	0.0162529	0.2	6	1782.53	0
0.0873977	0.0177575	0.2	6	2266.97	0
0.0873977	0.0194014	0.2	6	2864.61	0
0.0873977	0.0211975	0.2	6	3599.16	0
0.0873977	0.0231598	0.2	6	4499.11	0
0.0873977	0.0253038	0.2	6	5598.63	0
0.0873977	0.0276463	0.2	6	6938.72	0
0.0873977	0.0302057	0.2	6	8568.53	0
0.0873977	0.0330019	0.2	6	10547	0
0.0873977	0.0360571	0.2	6	12944.7	0
0.0873977	0.039395	0.2	6	15846.1	0
0.0873977	0.043042	0.2	6	19352.6	0
0.0873977	0.0470266	0.2	6	23585.3	0
0.0873977	0.05138	0.2	6	28689.1	0
0.0873977	0.0561365	0.2	6	34837.7	0
0.0873977	0.0613333	0.2	6	42238.6	0
0.0873977	0.0670111	0.2	6	51140.1	0
0.0873977	0.0732147	0.2	6	61839.1	0
0.0873977	0.0799925	0.2	6	74690.7	0
0.0873977	0.0873977	0.2	6	90119.1	0
0.0873977	0.0954885	0.2	6	108632	0
0.0873977	0.104328	0.2	6	130835	0
0.0873977	0.113986	0.2	6	157454	0
0.0873977	0.124539	0.2	6	189355	0
0.0873977	0.136068	0.2	6	227572	0
0.0873977	0.148664	0.2	6	273342	0
0.0873977	0.162426	0.2	6	328144	0
0.0873977	0.177463	0.2	6	393741	0
0.0873977	0.193892	0.2	6	472244	0
0.0873977	0.211841	0.2	6	566172	0
0.0873977	0.231452	0.2	6	678536	0
0.0873977	0.252878	0.2	6	812933	0
0.0873977	0.276288	0.2	6	973658	0
0.0873977	0.301866	0.2	6	1.16585e+06	0
0.0873977	0.329811	0.2	6	1.39563e+06	0
0.0873977	0.360343	0.2	6	1.67035e+06	0
0.0873977	0.393701	0.2	6	1.99874e+06	0
0.0873977	0.430148	0.2	6	2.3913e+06	0
0.0873977	0.469968	0.2	6	2.86052e+06	0
0.0873977	0.513475	0.2	6	3.42136e+06	0
0.0873977	0.56101	0.2	6	4.09173e+06	0
0.0873977	0.612945	0.2	6	4.893e+06	0
0.0873977	0.669688	0.2	6	5.8508e+06	0
0.0954885	0.000104526	0.2	6	368.69	0
0.0954885	0.000114203	0.2	6	367.37	0
0.0954885	0.000124775	0.2	6	365.931	0
0.0954885	0.000136326	0.2	6	364.363	0
0.0954885	0.000148946	0.2	6	362.655	0
0.0954885	0.000162735	0.2	6	360.794	0
0.0954885	0.0001778	0.2	6	358.767	0
0.0954885	0.00019426	0.2	6	356.562	0
0.0954885	0.000212243	0.2	6	354.161	0
0.0954885	0.000231891	0.2	6	351.551	0
0.0954885	0.000253358	0.2	6	348.712	0
0.0954885	0.000276813	0.2	6	345.627	0
0.0954885	0.000302439	0.2	6	342.277	0
0.0954885	0.000330437	0.2	6	338.64	0
0.0954885	0.000361027	0.2	6	334.695	0
0.0954885	0.000394448	0.2	6	330.418	0
0.0954885	0.000430964	0.2	6	325.785	0
0.0954885	0.00047086	0.2	6	320.772	0
0.0954885	0.00051445	0.2	6	315.352	0
0.0954885	0.000562075	0.2	6	309.498	0
0.0954885	0.000614108	0.2	6	303.185	0
0.0954885	0.000670959	0.2	6	296.385	0
0.0954885	0.000733073	0.2	6	289.071	0
0.0954885	0.000800936	0.2	6	281.22	0
0.0954885	0.000875083	0.2	6	272.807	0
0.0954885	0.000956093	0.2	6	263.814	0
0.0954885	0.0010446	0.2	6	254.225	0
0.0954885	0.00114131	0.2	6	244.031	0
0.0954885	0.00124696	0.2	6	233.23	0
0.0954885	0.0013624	0.2	6	221.832	0
0.0954885	0.00148852	0.2	6	209.858	0
0.0954885	0.00162632	0.2	6	197.35	0
0.0954885	0.00177687	0.2	6	184.367	0
0.0954885	0.00194137	0.2	6	171	0
0.0954885	0.00212109	0.2	6	157.371	0
0.0954885	0.00231745	0.2	6	143.644	0
0.0954885	0.00253198	0.2	6	130.036	0
0.0954885	0.00276638	0.2	6	116.827	0
0.0954885	0.00302248	0.2	6	104.375	0
0.0954885	0.00330228	0.2	6	93.1341	0
0.0954885	0.00360798	0.2	6	83.6743	0
0.0954885	0.00394199	0.2	6	76.7071	0
0.0954885	0.00430692	0.2	6	73.1156	0
0.0954885	0.00470563	0.2	6	73.9912	0
0.0954885	0.00514125	0.2	6	80.6774	0
0.0954885	0.0056172	0.2	6	94.8218	0
0.0954885	0.0061372	0.2	6	118.44	0
0.0954885	0.00670535	0.2	6	153.99	0
0.0954885	0.0073261	0.2	6	204.465	0
0.0954885	0.0080043	0.2	6	273.501	0
0.0954885	0.0087453	0.2	6	365.505	0
0.0954885	0.00955489	0.2	6	485.815	0
0.0954885	0.0104394	0.2	6	640.886	0
0.0954885	0.0114058	0.2	6	838.512	0
0.0954885	0.0124617	0.2	6	1088.1	0
0.0954885	0.0136154	0.2	6	1400.97	0
0.0954885	0.0148758	0.2	6	1790.77	0
0.0954885	0.0162529	0.2	6	2273.92	0
0.0954885	0.0177575	0.2	6	2870.14	0
0.0954885	0.0194014	0.2	6	3603.16	0
0.0954885	0.0211975	0.2	6	4501.43	0
0.0954885	0.0231598	0.2	6	5599.14	0
0.0954885	0.0253038	0.2	6	6937.25	0
0.0954885	0.0276463	0.2	6	8564.93	0
0.0954885	0.0302057	0.2	6	10541.1	0
0.0954885	0.0330019	0.2	6	12936.2	0
0.0954885	0.0360571	0.2	6	15835	0
0.0954885	0.039395	0.2	6	19338.5	0
0.0954885	0.043042	0.2	6	23568	0
0.0954885	0.0470266	0.2	6	28668.4	0
0.0954885	0.05138	0.2	6	34813.4	0
0.0954885	0.0561365	0.2	6	42210.4	0
0.0954885	0.0613333	0.2	6	51107.7	0
0.0954885	0.0670111	0.2	6	61802.3	0
0.0954885	0.0732147	0.2	6	74649.1	0
0.0954885	0.0799925	0.2	6	90072.7	0
0.0954885	0.0873977	0.2	6	108580	0
0.0954885	0.0954885	0.2	6	130778	0
0.0954885	0.104328	0.2	6	157392	0
0.0954885	0.113986	0.2	6	189287	0
0.0954885	0.124539	0.2	6	227498	0
0.0954885	0.136068	0.2	6	273263	0
0.0954885	0.148664	0.2	6	328059	0
0.0954885	0.162426	0.2	6	393652	0
0.0954885	0.177463	0.2	6	472150	0
0.0954885	0.193892	0.2	6	566074	0
0.0954885	0.211841	0.2	6	678433	0
0.0954885	0.231452	0.2	6	812826	0
0.0954885	0.252878	0.2	6	973546	0
0.0954885	0.276288	0.2	6	1.16573e+06	0
0.0954885	0.301866	0.2	6	1.3955e+06	0
0.0954885	0.329811	0.2	6	1.6702e+06	0
0.0954885	0.360343	0.2	6	1.99857e+06	0
0.0954885	0.393701	0.2	6	2.39107e+06	0
0.0954885	0.430148	0.2	6	2.86021e+06	0
0.0954885	0.469968	0.2	6	3.42092e+06	0
0.0954885	0.513475	0.2	6	4.09107e+06	0
0.0954885	0.56101	0.2	6	4.892e+06	0
0.0954885	0.612945	0.2	6	5.84926e+06	0
0.0954885	0.669688	0.2	6	6.99339e+06	0
0.104328	0.000104526	0.2	6	394.114	0
0.104328	0.000114203	0.2	6	392.664	0
0.104328	0.000124775	0.2	6	391.084	0
0.104328	0.000136326	0.2	6	389.362	0
0.104328	0.000148946	0.2	6	387.487	0
0.104328	0.000162735	0.2	6	385.445	0
0.104328	0.0001778	0.2	6	383.222	0
0.104328	0.00019426	0.2	6	380.803	0
0.104328	0.000212243	0.2	6	378.172	0
0.104328	0.000231891	0.2	6	375.311	0
0.104328	0.000253358	0.2	6	372.203	0
0.104328	0.000276813	0.2	6	368.826	0
0.104328	0.000302439	0.2	6	365.16	0
0.104328	0.000330437	0.2	6	361.183	0
0.104328	0.000361027	0.2	6	356.871	0
0.104328	0.000394448	0.2	6	352.201	0
0.104328	0.000430964	0.2	6	347.146	0
0.104328	0.00047086	0.2	6	341.681	0
0.104328	0.00051445	0.2	6	335.779	0
0.104328	0.000562075	0.2	6	329.411	0
0.104328	0.000614108	0.2	6	322.552	0
0.104328	0.000670959	0.2	6	315.175	0
0.104328	0.000733073	0.2	6	307.253	0
0.104328	0.000800936	0.2	6	298.764	0
0.104328	0.000875083	0.2	6	289.688	0
0.104328	0.000956093	0.2	6	280.008	0
0.104328	0.0010446	0.2	6	269.714	0
0.104328	0.00114131	0.2	6	258.804	0
0.104328	0.00124696	0.2	6	247.286	0
0.104328	0.0013624	0.2	6	235.183	0
0.104328	0.00148852	0.2	6	222.532	0
0.104328	0.00162632	0.2	6	209.395	0
0.104328	0.00177687	0.2	6	195.858	0
0.104328	0.00194137	0.2	6	182.044	0
0.104328	0.00212109	0.2	6	168.115	0
0.104328	0.00231745	0.2	6	154.287	0
0.104328	0.00253198	0.2	6	140.837	0
0.104328	0.00276638	0.2	6	128.122	0
0.104328	0.00302248	0.2	6	116.594	0
0.104328	0.00330228	0.2	6	106.822	0
0.104328	0.00360798	0.2	6	99.5125	0
0.104328	0.00394199	0.2	6	95.5479	0
0.104328	0.00430692	0.2	6	96.0164	0
0.104328	0.00470563	0.2	6	102.258	0
0.104328	0.00514125	0.2	6	115.918	0
0.104328	0.0056172	0.2	6	139.007	0
0.104328	0.0061372	0.2	6	173.981	0
0.104328	0.00670535	0.2	6	223.827	0
0.104328	0.0073261	0.2	6	292.177	0
0.104328	0.0080043	0.2	6	383.434	0
0.104328	0.0087453	0.2	6	502.93	0
0.104328	0.00955489	0.2	6	657.113	0
0.104328	0.0104394	0.2	6	853.772	0
0.104328	0.0114058	0.2	6	1102.3	0
0.104328	0.0124617	0.2	6	1414.03	0
0.104328	0.0136154	0.2	6	1802.58	0
0.104328	0.0148758	0.2	6	2284.38	0
0.104328	0.0162529	0.2	6	2879.13	0
0.104328	0.0177575	0.2	6	3610.55	0
0.104328	0.0194014	0.2	6	4507.09	0
0.104328	0.0211975	0.2	6	5602.9	0
0.104328	0.0231598	0.2	6	6938.98	0
0.104328	0.0253038	0.2	6	8564.44	0
0.104328	0.0276463	0.2	6	10538.2	0
0.104328	0.0302057	0.2	6	12930.8	0
0.104328	0.0330019	0.2	6	15826.7	0
0.104328	0.0360571	0.2	6	19327.3	0
0.104328	0.039395	0.2	6	23553.5	0
0.104328	0.043042	0.2	6	28650.5	0
0.104328	0.0470266	0.2	6	34791.8	0
0.104328	0.05138	0.2	6	42184.8	0
0.104328	0.0561365	0.2	6	51078	0
0.104328	0.0613333	0.2	6	61768.1	0
0.104328	0.0670111	0.2	6	74610.3	0
0.104328	0.0732147	0.2	6	90028.9	0
0.104328	0.0799925	0.2	6	108531	0
0.104328	0.0873977	0.2	6	130724	0
0.104328	0.0954885	0.2	6	157332	0
0.104328	0.104328	0.2	6	189222	0
0.104328	0.113986	0.2	6	227428	0
0.104328	0.124539	0.2	6	273187	0
0.104328	0.136068	0.2	6	327978	0
0.104328	0.148664	0.2	6	393565	0
0.104328	0.162426	0.2	6	472059	0
0.104328	0.177463	0.2	6	565978	0
0.104328	0.193892	0.2	6	678334	0
0.104328	0.211841	0.2	6	812722	0
0.104328	0.231452	0.2	6	973438	0
0.104328	0.252878	0.2	6	1.16562e+06	0
0.104328	0.276288	0.2	6	1.39538e+06	0
0.104328	0.301866	0.2	6	1.67007e+06	0
0.104328	0.329811	0.2	6	1.99841e+06	0
0.104328	0.360343	0.2	6	2.39088e+06	0
0.104328	0.393701	0.2	6	2.85996e+06	0
0.104328	0.430148	0.2	6	3.42057e+06	0
0.104328	0.469968	0.2	6	4.09055e+06	0
0.104328	0.513475	0.2	6	4.89123e+06	0
0.104328	0.56101	0.2	6	5.84809e+06	0
0.104328	0.612945	0.2	6	6.99161e+06	0
0.104328	0.669688	0.2	6	8.35824e+06	0
0.113986	0.000104526	0.2	6	424.43	0
0.113986	0.000114203	0.2	6	422.838	0
0.113986	0.000124775	0.2	6	421.102	0
0.113986	0.000136326	0.2	6	419.212	0
0.113986	0.000148946	0.2	6	417.153	0
0.113986	0.000162735	0.2	6	414.912	0
0.113986	0.0001778	0.2	6	412.473	0
0.113986	0.00019426	0.2	6	409.821	0
0.113986	0.000212243	0.2	6	406.936	0
0.113986	0.000231891	0.2	6	403.801	0
0.113986	0.000253358	0.2	6	400.396	0
0.113986	0.000276813	0.2	6	396.699	0
0.113986	0.000302439	0.2	6	392.689	0
0.113986	0.000330437	0.2	6	388.34	0
0.113986	0.000361027	0.2	6	383.63	0
0.113986	0.000394448	0.2	6	378.531	0
0.113986	0.000430964	0.2	6	373.018	0
0.113986	0.00047086	0.2	6	367.063	0
0.113986	0.00051445	0.2	6	360.638	0
0.113986	0.000562075	0.2	6	353.716	0
0.113986	0.000614108	0.2	6	346.27	0
0.113986	0.000670959	0.2	6	338.274	0
0.113986	0.000733073	0.2	6	329.703	0
0.113986	0.000800936	0.2	6	320.538	0
0.113986	0.000875083	0.2	6	310.76	0
0.113986	0.000956093	0.2	6	300.36	0
0.113986	0.0010446	0.2	6	289.333	0
0.113986	0.00114131	0.2	6	277.689	0
0.113986	0.00124696	0.2	6	265.447	0
0.113986	0.0013624	0.2	6	252.645	0
0.113986	0.00148852	0.2	6	239.342	0
0.113986	0.00162632	0.2	6	225.626	0
0.113986	0.00177687	0.2	6	211.614	0
0.113986	0.00194137	0.2	6	197.47	0
0.113986	0.00212109	0.2	6	183.407	0
0.113986	0.00231745	0.2	6	169.701	0
0.113986	0.00253198	0.2	6	156.706	0
0.113986	0.00276638	0.2	6	144.873	0
0.113986	0.00302248	0.2	6	134.767	0
0.113986	0.00330228	0.2	6	127.094	0
0.113986	0.00360798	0.2	6	122.733	0
0.113986	0.00394199	0.2	6	122.769	0
0.113986	0.00430692	0.2	6	128.539	0
0.113986	0.00470563	0.2	6	141.684	0
0.113986	0.00514125	0.2	6	164.212	0
0.113986	0.0056172	0.2	6	198.573	0
0.113986	0.0061372	0.2	6	247.753	0
0.113986	0.00670535	0.2	6	315.376	0
0.113986	0.0073261	0.2	6	405.841	0
0.113986	0.0080043	0.2	6	524.475	0
0.113986	0.0087453	0.2	6	677.72	0
0.113986	0.00955489	0.2	6	873.358	0
0.113986	0.0104394	0.2	6	1120.78	0
0.113986	0.0114058	0.2	6	1431.29	0
0.113986	0.0124617	0.2	6	1818.54	0
0.113986	0.0136154	0.2	6	2298.9	0
0.113986	0.0148758	0.2	6	2892.11	0
0.113986	0.0162529	0.2	6	3621.85	0
0.113986	0.0177575	0.2	6	4516.57	0
0.113986	0.0194014	0.2	6	5610.41	0
0.113986	0.0211975	0.2	6	6944.35	0
0.113986	0.0231598	0.2	6	8567.51	0
0.113986	0.0253038	0.2	6	10538.8	0
0.113986	0.0276463	0.2	6	12928.7	0
0.113986	0.0302057	0.2	6	15821.7	0
0.113986	0.0330019	0.2	6	19319.2	0
0.113986	0.0360571	0.2	6	23542.1	0
0.113986	0.039395	0.2	6	28635.5	0
0.113986	0.043042	0.2	6	34773	0
0.113986	0.0470266	0.2	6	42162	0
0.113986	0.05138	0.2	6	51050.8	0
0.113986	0.0561365	0.2	6	61736.5	0
0.113986	0.0613333	0.2	6	74573.9	0
0.113986	0.0670111	0.2	6	89987.5	0
0.113986	0.0732147	0.2	6	108485	0
0.113986	0.0799925	0.2	6	130672	0
0.113986	0.0873977	0.2	6	157275	0
0.113986	0.0954885	0.2	6	189159	0
0.113986	0.104328	0.2	6	227359	0
0.113986	0.113986	0.2	6	273113	0
0.113986	0.124539	0.2	6	327899	0
0.113986	0.136068	0.2	6	393481	0
0.113986	0.148664	0.2	6	471969	0
0.113986	0.162426	0.2	6	565884	0
0.113986	0.177463	0.2	6	678236	0
0.113986	0.193892	0.2	6	812620	0
0.113986	0.211841	0.2	6	973332	0
0.113986	0.231452	0.2	6	1.1655e+06	0
0.113986	0.252878	0.2	6	1.39527e+06	0
0.113986	0.276288	0.2	6	1.66994e+06	0
0.113986	0.301866	0.2	6	1.99827e+06	0
0.113986	0.329811	0.2	6	2.39071e+06	0
0.113986	0.360343	0.2	6	2.85974e+06	0
0.113986	0.393701	0.2	6	3.42028e+06	0
0.113986	0.430148	0.2	6	4.09015e+06	0
0.113986	0.469968	0.2	6	4.89064e+06	0
0.113986	0.513475	0.2	6	5.84721e+06	0
0.113986	0.56101	0.2	6	6.99027e+06	0
0.113986	0.612945	0.2	6	8.35621e+06	0
0.113986	0.669688	0.2	6	9.98851e+06	0
0.124539	0.000104526	0.2	6	460.303	0
0.124539	0.000114203	0.2	6	458.553	0
0.124539	0.000124775	0.2	6	456.646	0
0.124539	0.000136326	0.2	6	454.57	0
0.124539	0.000148946	0.2	6	452.31	0
0.124539	0.000162735	0.2	6	449.85	0
0.124539	0.0001778	0.2	6	447.174	0
0.124539	0.00019426	0.2	6	444.264	0
0.124539	0.000212243	0.2	6	441.102	0
0.124539	0.000231891	0.2	6	437.667	0
0.124539	0.000253358	0.2	6	433.937	0
0.124539	0.000276813	0.2	6	429.89	0
0.124539	0.000302439	0.2	6	425.503	0
0.124539	0.000330437	0.2	6	420.749	0
0.124539	0.000361027	0.2	6	415.604	0
0.124539	0.000394448	0.2	6	410.039	0
0.124539	0.000430964	0.2	6	404.028	0
0.124539	0.00047086	0.2	6	397.543	0
0.124539	0.00051445	0.2	6	390.554	0
0.124539	0.000562075	0.2	6	383.035	0
0.124539	0.000614108	0.2	6	374.959	0
0.124539	0.000670959	0.2	6	366.302	0
0.124539	0.000733073	0.2	6	357.041	0
0.124539	0.000800936	0.2	6	347.16	0
0.124539	0.000875083	0.2	6	336.646	0
0.124539	0.000956093	0.2	6	325.496	0
0.124539	0.0010446	0.2	6	313.717	0
0.124539	0.00114131	0.2	6	301.328	0
0.124539	0.00124696	0.2	6	288.365	0
0.124539	0.0013624	0.2	6	274.886	0
0.124539	0.00148852	0.2	6	260.977	0
0.124539	0.00162632	0.2	6	246.757	0
0.124539	0.00177687	0.2	6	232.384	0
0.124539	0.00194137	0.2	6	218.071	0
0.124539	0.00212109	0.2	6	204.092	0
0.124539	0.00231745	0.2	6	190.8	0
0.124539	0.00253198	0.2	6	178.643	0
0.124539	0.00276638	0.2	6	168.183	0
0.124539	0.00302248	0.2	6	160.124	0
0.124539	0.00330228	0.2	6	155.341	0
0.124539	0.00360798	0.2	6	154.917	0
0.124539	0.00394199	0.2	6	160.186	0
0.124539	0.00430692	0.2	6	172.784	0
0.124539	0.00470563	0.2	6	194.717	0
0.124539	0.00514125	0.2	6	228.429	0
0.124539	0.0056172	0.2	6	276.902	0
0.124539	0.0061372	0.2	6	343.754	0
0.124539	0.00670535	0.2	6	433.381	0
0.124539	0.0073261	0.2	6	551.102	0
0.124539	0.0080043	0.2	6	703.353	0
0.124539	0.0087453	0.2	6	897.91	0
0.124539	0.00955489	0.2	6	1144.15	0
0.124539	0.0104394	0.2	6	1453.39	0
0.124539	0.0114058	0.2	6	1839.25	0
0.124539	0.0124617	0.2	6	2318.11	0
0.124539	0.0136154	0.2	6	2909.68	0
0.124539	0.0148758	0.2	6	3637.65	0
0.124539	0.0162529	0.2	6	4530.45	0
0.124539	0.0177575	0.2	6	5622.22	0
0.124539	0.0194014	0.2	6	6953.92	0
0.124539	0.0211975	0.2	6	8574.66	0
0.124539	0.0231598	0.2	6	10543.3	0
0.124539	0.0253038	0.2	6	12930.4	0
0.124539	0.0276463	0.2	6	15820.4	0
0.124539	0.0302057	0.2	6	19314.6	0
0.124539	0.0330019	0.2	6	23534.1	0
0.124539	0.0360571	0.2	6	28623.8	0
0.124539	0.039395	0.2	6	34757.3	0
0.124539	0.043042	0.2	6	42142.1	0
0.124539	0.0470266	0.2	6	51026.5	0
0.124539	0.05138	0.2	6	61707.4	0
0.124539	0.0561365	0.2	6	74539.8	0
0.124539	0.0613333	0.2	6	89948.3	0
0.124539	0.0670111	0.2	6	108440	0
0.124539	0.0732147	0.2	6	130622	0
0.124539	0.0799925	0.2	6	157219	0
0.124539	0.0873977	0.2	6	189097	0
0.124539	0.0954885	0.2	6	227292	0
0.124539	0.104328	0.2	6	273040	0
0.124539	0.113986	0.2	6	327820	0
0.124539	0.124539	0.2	6	393397	0
0.124539	0.136068	0.2	6	471880	0
0.124539	0.148664	0.2	6	565790	0
0.124539	0.162426	0.2	6	678137	0
0.124539	0.177463	0.2	6	812517	0
0.124539	0.193892	0.2	6	973226	0
0.124539	0.211841	0.2	6	1.16539e+06	0
0.124539	0.231452	0.2	6	1.39515e+06	0
0.124539	0.252878	0.2	6	1.66982e+06	0
0.124539	0.276288	0.2	6	1.99814e+06	0
0.124539	0.301866	0.2	6	2.39055e+06	0
0.124539	0.329811	0.2	6	2.85955e+06	0
0.124539	0.360343	0.2	6	3.42004e+06	0
0.124539	0.393701	0.2	6	4.08982e+06	0
0.124539	0.430148	0.2	6	4.89017e+06	0
0.124539	0.469968	0.2	6	5.84652e+06	0
0.124539	0.513475	0.2	6	6.98925e+06	0
0.124539	0.56101	0.2	6	8.35467e+06	0
0.124539	0.612945	0.2	6	9.98619e+06	0
0.124539	0.669688	0.2	6	1.19357e+07	0
0.136068	0.000104526	0.2	6	502.421	0
0.136068	0.000114203	0.2	6	500.497	0
0.136068	0.000124775	0.2	6	498.402	0
0.136068	0.000136326	0.2	6	496.121	0
0.136068	0.000148946	0.2	6	493.639	0
0.136068	0.000162735	0.2	6	490.938	0
0.136068	0.0001778	0.2	6	488.002	0
0.136068	0.00019426	0.2	6	484.81	0
0.136068	0.000212243	0.2	6	481.343	0
0.136068	0.000231891	0.2	6	477.578	0
0.136068	0.000253358	0.2	6	473.493	0
0.136068	0.000276813	0.2	6	469.064	0
0.136068	0.000302439	0.2	6	464.265	0
0.136068	0.000330437	0.2	6	459.07	0
0.136068	0.000361027	0.2	6	453.451	0
0.136068	0.000394448	0.2	6	447.381	0
0.136068	0.000430964	0.2	6	440.831	0
0.136068	0.00047086	0.2	6	433.771	0
0.136068	0.00051445	0.2	6	426.175	0
0.136068	0.000562075	0.2	6	418.015	0
0.136068	0.000614108	0.2	6	409.265	0
0.136068	0.000670959	0.2	6	399.904	0
0.136068	0.000733073	0.2	6	389.913	0
0.136068	0.000800936	0.2	6	379.279	0
0.136068	0.000875083	0.2	6	367.998	0
0.136068	0.000956093	0.2	6	356.075	0
0.136068	0.0010446	0.2	6	343.529	0
0.136068	0.00114131	0.2	6	330.396	0
0.136068	0.00124696	0.2	6	316.731	0
0.136068	0.0013624	0.2	6	302.618	0
0.136068	0.00148852	0.2	6	288.175	0
0.136068	0.00162632	0.2	6	273.56	0
0.136068	0.00177687	0.2	6	258.982	0
0.136068	0.00194137	0.2	6	244.715	0
0.136068	0.00212109	0.2	6	231.108	0
0.136068	0.00231745	0.2	6	218.606	0
0.136068	0.00253198	0.2	6	207.77	0
0.136068	0.00276638	0.2	6	199.302	0
0.136068	0.00302248	0.2	6	194.073	0
0.136068	0.00330228	0.2	6	193.162	0
0.136068	0.00360798	0.2	6	197.899	0
0.136068	0.00394199	0.2	6	209.919	0
0.136068	0.00430692	0.2	6	231.22	0
0.136068	0.00470563	0.2	6	264.246	0
0.136068	0.00514125	0.2	6	311.969	0
0.136068	0.0056172	0.2	6	378.006	0
0.136068	0.0061372	0.2	6	466.744	0
0.136068	0.00670535	0.2	6	583.498	0
0.136068	0.0073261	0.2	6	734.698	0
0.136068	0.0080043	0.2	6	928.112	0
0.136068	0.0087453	0.2	6	1173.11	0
0.136068	0.00955489	0.2	6	1481	0
0.136068	0.0104394	0.2	6	1865.39	0
0.136068	0.0114058	0.2	6	2342.66	0
0.136068	0.0124617	0.2	6	2932.51	0
0.136068	0.0136154	0.2	6	3658.6	0
0.136068	0.0148758	0.2	6	4549.38	0
0.136068	0.0162529	0.2	6	5638.96	0
0.136068	0.0177575	0.2	6	6968.29	0
0.136068	0.0194014	0.2	6	8586.47	0
0.136068	0.0211975	0.2	6	10552.4	0
0.136068	0.0231598	0.2	6	12936.5	0
0.136068	0.0253038	0.2	6	15823.3	0
0.136068	0.0276463	0.2	6	19314.1	0
0.136068	0.0302057	0.2	6	23529.9	0
0.136068	0.0330019	0.2	6	28615.7	0
0.136068	0.0360571	0.2	6	34745	0
0.136068	0.039395	0.2	6	42125.4	0
0.136068	0.043042	0.2	6	51005.1	0
0.136068	0.0470266	0.2	6	61681	0
0.136068	0.05138	0.2	6	74508.2	0
0.136068	0.0561365	0.2	6	89911.3	0
0.136068	0.0613333	0.2	6	108398	0
0.136068	0.0670111	0.2	6	130574	0
0.136068	0.0732147	0.2	6	157165	0
0.136068	0.0799925	0.2	6	189037	0
0.136068	0.0873977	0.2	6	227225	0
0.136068	0.0954885	0.2	6	272967	0
0.136068	0.104328	0.2	6	327741	0
0.136068	0.113986	0.2	6	393312	0
0.136068	0.124539	0.2	6	471790	0
0.136068	0.136068	0.2	6	565695	0
0.136068	0.148664	0.2	6	678037	0
0.136068	0.162426	0.2	6	812413	0
0.136068	0.177463	0.2	6	973117	0
0.136068	0.193892	0.2	6	1.16528e+06	0
0.136068	0.211841	0.2	6	1.39503e+06	0
0.136068	0.231452	0.2	6	1.66969e+06	0
0.136068	0.252878	0.2	6	1.998e+06	0
0.136068	0.276288	0.2	6	2.39041e+06	0
0.136068	0.301866	0.2	6	2.85938e+06	0
0.136068	0.329811	0.2	6	3.41983e+06	0
0.136068	0.360343	0.2	6	4.08954e+06	0
0.136068	0.393701	0.2	6	4.88979e+06	0
0.136068	0.430148	0.2	6	5.84598e+06	0
0.136068	0.469968	0.2	6	6.98846e+06	0
0.136068	0.513475	0.2	6	8.3535e+06	0
0.136068	0.56101	0.2	6	9.98443e+06	0
0.136068	0.612945	0.2	6	1.19331e+07	0
0.136068	0.669688	0.2	6	1.42613e+07	0
0.148664	0.000104526	0.2	6	551.472	0
0.148664	0.000114203	0.2	6	549.357	0
0.148664	0.000124775	0.2	6	547.055	0
0.148664	0.000136326	0.2	6	544.549	0
0.148664	0.000148946	0.2	6	541.823	0
0.148664	0.000162735	0.2	6	538.858	0
0.148664	0.0001778	0.2	6	535.635	0
0.148664	0.00019426	0.2	6	532.134	0
0.148664	0.000212243	0.2	6	528.333	0
0.148664	0.000231891	0.2	6	524.208	0
0.148664	0.000253358	0.2	6	519.734	0
0.148664	0.000276813	0.2	6	514.887	0
0.148664	0.000302439	0.2	6	509.64	0
0.148664	0.000330437	0.2	6	503.964	0
0.148664	0.000361027	0.2	6	497.831	0
0.148664	0.000394448	0.2	6	491.212	0
0.148664	0.000430964	0.2	6	484.078	0
0.148664	0.00047086	0.2	6	476.4	0
0.148664	0.00051445	0.2	6	468.15	0
0.148664	0.000562075	0.2	6	459.303	0
0.148664	0.000614108	0.2	6	449.835	0
0.148664	0.000670959	0.2	6	439.728	0
0.148664	0.000733073	0.2	6	428.967	0
0.148664	0.000800936	0.2	6	417.548	0
0.148664	0.000875083	0.2	6	405.474	0
0.148664	0.000956093	0.2	6	392.762	0
0.148664	0.0010446	0.2	6	379.448	0
0.148664	0.00114131	0.2	6	365.586	0
0.148664	0.00124696	0.2	6	351.259	0
0.148664	0.0013624	0.2	6	336.581	0
0.148664	0.00148852	0.2	6	321.709	0
0.148664	0.00162632	0.2	6	306.852	0
0.148664	0.00177687	0.2	6	292.279	0
0.148664	0.00194137	0.2	6	278.339	0
0.148664	0.00212109	0.2	6	265.473	0
0.148664	0.00231745	0.2	6	254.241	0
0.148664	0.00253198	0.2	6	245.34	0
0.148664	0.00276638	0.2	6	239.639	0
0.148664	0.00302248	0.2	6	238.213	0
0.148664	0.00330228	0.2	6	242.39	0
0.148664	0.00360798	0.2	6	253.798	0
0.148664	0.00394199	0.2	6	274.433	0
0.148664	0.00430692	0.2	6	306.731	0
0.148664	0.00470563	0.2	6	353.663	0
0.148664	0.00514125	0.2	6	418.838	0
0.148664	0.0056172	0.2	6	506.638	0
0.148664	0.0061372	0.2	6	622.372	0
0.148664	0.00670535	0.2	6	772.461	0
0.148664	0.0073261	0.2	6	964.667	0
0.148664	0.0080043	0.2	6	1208.35	0
0.148664	0.0087453	0.2	6	1514.82	0
0.148664	0.00955489	0.2	6	1897.66	0
0.148664	0.0104394	0.2	6	2373.25	0
0.148664	0.0114058	0.2	6	2961.27	0
0.148664	0.0124617	0.2	6	3685.39	0
0.148664	0.0136154	0.2	6	4574.03	0
0.148664	0.0148758	0.2	6	5661.3	0
0.148664	0.0162529	0.2	6	6988.13	0
0.148664	0.0177575	0.2	6	8603.61	0
0.148664	0.0194014	0.2	6	10566.6	0
0.148664	0.0211975	0.2	6	12947.6	0
0.148664	0.0231598	0.2	6	15831.1	0
0.148664	0.0253038	0.2	6	19318.2	0
0.148664	0.0276463	0.2	6	23530.1	0
0.148664	0.0302057	0.2	6	28611.8	0
0.148664	0.0330019	0.2	6	34736.7	0
0.148664	0.0360571	0.2	6	42112.4	0
0.148664	0.039395	0.2	6	50987.1	0
0.148664	0.043042	0.2	6	61657.8	0
0.148664	0.0470266	0.2	6	74479.5	0
0.148664	0.05138	0.2	6	89876.7	0
0.148664	0.0561365	0.2	6	108357	0
0.148664	0.0613333	0.2	6	130527	0
0.148664	0.0670111	0.2	6	157111	0
0.148664	0.0732147	0.2	6	188977	0
0.148664	0.0799925	0.2	6	227159	0
0.148664	0.0873977	0.2	6	272894	0
0.148664	0.0954885	0.2	6	327661	0
0.148664	0.104328	0.2	6	393226	0
0.148664	0.113986	0.2	6	471697	0
0.148664	0.124539	0.2	6	565596	0
0.148664	0.136068	0.2	6	677933	0
0.148664	0.148664	0.2	6	812304	0
0.148664	0.162426	0.2	6	973004	0
0.148664	0.177463	0.2	6	1.16516e+06	0
0.148664	0.193892	0.2	6	1.39491e+06	0
0.148664	0.211841	0.2	6	1.66957e+06	0
0.148664	0.231452	0.2	6	1.99787e+06	0
0.148664	0.252878	0.2	6	2.39026e+06	0
0.148664	0.276288	0.2	6	2.85922e+06	0
0.148664	0.301866	0.2	6	3.41964e+06	0
0.148664	0.329811	0.2	6	4.0893e+06	0
0.148664	0.360343	0.2	6	4.88948e+06	0
0.148664	0.393701	0.2	6	5.84554e+06	0
0.148664	0.430148	0.2	6	6.98783e+06	0
0.148664	0.469968	0.2	6	8.35258e+06	0
0.148664	0.513475	0.2	6	9.98308e+06	0
0.148664	0.56101	0.2	6	1.19311e+07	0
0.148664	0.612945	0.2	6	1.42584e+07	0
0.148664	0.669688	0.2	6	1.70388e+07	0
0.162426	0.000104526	0.2	6	608.116	0
0.162426	0.000114203	0.2	6	605.79	0
0.162426	0.000124775	0.2	6	603.259	0
0.162426	0.000136326	0.2	6	600.506	0
0.162426	0.000148946	0.2	6	597.511	0
0.162426	0.000162735	0.2	6	594.256	0
0.162426	0.0001778	0.2	6	590.72	0
0.162426	0.00019426	0.2	6	586.879	0
0.162426	0.000212243	0.2	6	582.712	0
0.162426	0.000231891	0.2	6	578.192	0
0.162426	0.000253358	0.2	6	573.295	0
0.162426	0.000276813	0.2	6	567.992	0
0.162426	0.000302439	0.2	6	562.255	0
0.162426	0.000330437	0.2	6	556.056	0
0.162426	0.000361027	0.2	6	549.365	0
0.162426	0.000394448	0.2	6	542.152	0
0.162426	0.000430964	0.2	6	534.389	0
0.162426	0.00047086	0.2	6	526.045	0
0.162426	0.00051445	0.2	6	517.096	0
0.162426	0.000562075	0.2	6	507.516	0
0.162426	0.000614108	0.2	6	497.286	0
0.162426	0.000670959	0.2	6	486.392	0
0.162426	0.000733073	0.2	6	474.826	0
0.162426	0.000800936	0.2	6	462.593	0
0.162426	0.000875083	0.2	6	449.708	0
0.162426	0.000956093	0.2	6	436.204	0
0.162426	0.0010446	0.2	6	422.135	0
0.162426	0.00114131	0.2	6	407.581	0
0.162426	0.00124696	0.2	6	392.656	0
0.162426	0.0013624	0.2	6	377.515	0
0.162426	0.00148852	0.2	6	362.363	0
0.162426	0.00162632	0.2	6	347.468	0
0.162426	0.00177687	0.2	6	333.177	0
0.162426	0.00194137	0.2	6	319.93	0
0.162426	0.00212109	0.2	6	308.28	0
0.162426	0.00231745	0.2	6	298.923	0
0.162426	0.00253198	0.2	6	292.725	0
0.162426	0.00276638	0.2	6	290.758	0
0.162426	0.00302248	0.2	6	294.344	0
0.162426	0.00330228	0.2	6	305.108	0
0.162426	0.00360798	0.2	6	325.041	0
0.162426	0.00394199	0.2	6	356.575	0
0.162426	0.00430692	0.2	6	402.674	0
0.162426	0.00470563	0.2	6	466.942	0
0.162426	0.00514125	0.2	6	553.754	0
0.162426	0.0056172	0.2	6	668.412	0
0.162426	0.0061372	0.2	6	817.332	0
0.162426	0.00670535	0.2	6	1008.27	0
0.162426	0.0073261	0.2	6	1250.57	0
0.162426	0.0080043	0.2	6	1555.53	0
0.162426	0.0087453	0.2	6	1936.74	0
0.162426	0.00955489	0.2	6	2410.56	0
0.162426	0.0104394	0.2	6	2996.66	0
0.162426	0.0114058	0.2	6	3718.7	0
0.162426	0.0124617	0.2	6	4605.08	0
0.162426	0.0136154	0.2	6	5689.91	0
0.162426	0.0148758	0.2	6	7014.1	0
0.162426	0.0162529	0.2	6	8626.73	0
0.162426	0.0177575	0.2	6	10586.6	0
0.162426	0.0194014	0.2	6	12964.3	0
0.162426	0.0211975	0.2	6	15844.3	0
0.162426	0.0231598	0.2	6	19327.6	0
0.162426	0.0253038	0.2	6	23535.4	0
0.162426	0.0276463	0.2	6	28612.7	0
0.162426	0.0302057	0.2	6	34732.9	0
0.162426	0.0330019	0.2	6	42103.6	0
0.162426	0.0360571	0.2	6	50973	0
0.162426	0.039395	0.2	6	61638.1	0
0.162426	0.043042	0.2	6	74453.9	0
0.162426	0.0470266	0.2	6	89845	0
0.162426	0.05138	0.2	6	108319	0
0.162426	0.0561365	0.2	6	130482	0
0.162426	0.0613333	0.2	6	157059	0
0.162426	0.0670111	0.2	6	188918	0
0.162426	0.0732147	0.2	6	227093	0
0.162426	0.0799925	0.2	6	272821	0
0.162426	0.0873977	0.2	6	327580	0
0.162426	0.0954885	0.2	6	393138	0
0.162426	0.104328	0.2	6	471603	0
0.162426	0.113986	0.2	6	565495	0
0.162426	0.124539	0.2	6	677826	0
0.162426	0.136068	0.2	6	812191	0
0.162426	0.148664	0.2	6	972886	0
0.162426	0.162426	0.2	6	1.16504e+06	0
0.162426	0.177463	0.2	6	1.39478e+06	0
0.162426	0.193892	0.2	6	1.66943e+06	0
0.162426	0.211841	0.2	6	1.99773e+06	0
0.162426	0.231452	0.2	6	2.39012e+06	0
0.162426	0.252878	0.2	6	2.85906e+06	0
0.162426	0.276288	0.2	6	3.41946e+06	0
0.162426	0.301866	0.2	6	4.08909e+06	0
0.162426	0.329811	0.2	6	4.8892e+06	0
0.162426	0.360343	0.2	6	5.84518e+06	0
0.162426	0.393701	0.2	6	6.98733e+06	0
0.162426	0.430148	0.2	6	8.35187e+06	0
0.162426	0.469968	0.2	6	9.98204e+06	0
0.162426	0.513475	0.2	6	1.19295e+07	0
0.162426	0.56101	0.2	6	1.42561e+07	0
0.162426	0.612945	0.2	6	1.70355e+07	0
0.162426	0.669688	0.2	6	2.03559e+07	0
0.177463	0.000104526	0.2	6	672.925	0
0.177463	0.000114203	0.2	6	670.368	0
0.177463	0.000124775	0.2	6	667.585	0
0.177463	0.000136326	0.2	6	664.56	0
0.177463	0.000148946	0.2	6	661.271	0
0.177463	0.000162735	0.2	6	657.697	0
0.177463	0.0001778	0.2	6	653.816	0
0.177463	0.00019426	0.2	6	649.604	0
0.177463	0.000212243	0.2	6	645.036	0
0.177463	0.000231891	0.2	6	640.085	0
0.177463	0.000253358	0.2	6	634.725	0
0.177463	0.000276813	0.2	6	628.925	0
0.177463	0.000302439	0.2	6	622.657	0
0.177463	0.000330437	0.2	6	615.891	0
0.177463	0.000361027	0.2	6	608.595	0
0.177463	0.000394448	0.2	6	600.742	0
0.177463	0.000430964	0.2	6	592.3	0
0.177463	0.00047086	0.2	6	583.243	0
0.177463	0.00051445	0.2	6	573.546	0
0.177463	0.000562075	0.2	6	563.188	0
0.177463	0.000614108	0.2	6	552.154	0
0.177463	0.000670959	0.2	6	540.436	0
0.177463	0.000733073	0.2	6	528.036	0
0.177463	0.000800936	0.2	6	514.969	0
0.177463	0.000875083	0.2	6	501.266	0
0.177463	0.000956093	0.2	6	486.98	0
0.177463	0.0010446	0.2	6	472.189	0
0.177463	0.00114131	0.2	6	457.005	0
0.177463	0.00124696	0.2	6	441.582	0
0.177463	0.0013624	0.2	6	426.121	0
0.177463	0.00148852	0.2	6	410.891	0
0.177463	0.00162632	0.2	6	396.232	0
0.177463	0.00177687	0.2	6	382.584	0
0.177463	0.00194137	0.2	6	370.497	0
0.177463	0.00212109	0.2	6	360.664	0
0.177463	0.00231745	0.2	6	353.946	0
0.177463	0.00253198	0.2	6	351.411	0
0.177463	0.00276638	0.2	6	354.378	0
0.177463	0.00302248	0.2	6	364.468	0
0.177463	0.00330228	0.2	6	383.666	0
0.177463	0.00360798	0.2	6	414.399	0
0.177463	0.00394199	0.2	6	459.625	0
0.177463	0.00430692	0.2	6	522.942	0
0.177463	0.00470563	0.2	6	608.719	0
0.177463	0.00514125	0.2	6	722.251	0
0.177463	0.0056172	0.2	6	869.944	0
0.177463	0.0061372	0.2	6	1059.54	0
0.177463	0.00670535	0.2	6	1300.4	0
0.177463	0.0073261	0.2	6	1603.78	0
0.177463	0.0080043	0.2	6	1983.28	0
0.177463	0.0087453	0.2	6	2455.24	0
0.177463	0.00955489	0.2	6	3039.33	0
0.177463	0.0104394	0.2	6	3759.18	0
0.177463	0.0114058	0.2	6	4643.19	0
0.177463	0.0124617	0.2	6	5725.46	0
0.177463	0.0136154	0.2	6	7046.88	0
0.177463	0.0148758	0.2	6	8656.52	0
0.177463	0.0162529	0.2	6	10613.2	0
0.177463	0.0177575	0.2	6	12987.4	0
0.177463	0.0194014	0.2	6	15863.6	0
0.177463	0.0211975	0.2	6	19342.9	0
0.177463	0.0231598	0.2	6	23546.4	0
0.177463	0.0253038	0.2	6	28619	0
0.177463	0.0276463	0.2	6	34734.3	0
0.177463	0.0302057	0.2	6	42099.7	0
0.177463	0.0330019	0.2	6	50963.6	0
0.177463	0.0360571	0.2	6	61622.7	0
0.177463	0.039395	0.2	6	74432.3	0
0.177463	0.043042	0.2	6	89816.7	0
0.177463	0.0470266	0.2	6	108284	0
0.177463	0.05138	0.2	6	130440	0
0.177463	0.0561365	0.2	6	157010	0
0.177463	0.0613333	0.2	6	188860	0
0.177463	0.0670111	0.2	6	227027	0
0.177463	0.0732147	0.2	6	272747	0
0.177463	0.0799925	0.2	6	327499	0
0.177463	0.0873977	0.2	6	393049	0
0.177463	0.0954885	0.2	6	471506	0
0.177463	0.104328	0.2	6	565391	0
0.177463	0.113986	0.2	6	677715	0
0.177463	0.124539	0.2	6	812074	0
0.177463	0.136068	0.2	6	972763	0
0.177463	0.148664	0.2	6	1.16491e+06	0
0.177463	0.162426	0.2	6	1.39465e+06	0
0.177463	0.177463	0.2	6	1.6693e+06	0
0.177463	0.193892	0.2	6	1.99759e+06	0
0.177463	0.211841	0.2	6	2.38997e+06	0
0.177463	0.231452	0.2	6	2.8589e+06	0
0.177463	0.252878	0.2	6	3.41928e+06	0
0.177463	0.276288	0.2	6	4.08889e+06	0
0.177463	0.301866	0.2	6	4.88896e+06	0
0.177463	0.329811	0.2	6	5.84488e+06	0
0.177463	0.360343	0.2	6	6.98692e+06	0
0.177463	0.393701	0.2	6	8.35129e+06	0
0.177463	0.430148	0.2	6	9.98122e+06	0
0.177463	0.469968	0.2	6	1.19283e+07	0
0.177463	0.513475	0.2	6	1.42543e+07	0
0.177463	0.56101	0.2	6	1.70329e+07	0
0.177463	0.612945	0.2	6	2.03521e+07	0
0.177463	0.669688	0.2	6	2.43172e+07	0
0.193892	0.000104526	0.2	6	746.322	0
0.193892	0.000114203	0.2	6	743.511	0
0.193892	0.000124775	0.2	6	740.453	0
0.193892	0.000136326	0.2	6	737.128	0
0.193892	0.000148946	0.2	6	733.516	0
0.193892	0.000162735	0.2	6	729.592	0
0.193892	0.0001778	0.2	6	725.334	0
0.193892	0.00019426	0.2	6	720.716	0
0.193892	0.000212243	0.2	6	715.71	0
0.193892	0.000231891	0.2	6	710.289	0
0.193892	0.000253358	0.2	6	704.424	0
0.193892	0.000276813	0.2	6	698.084	0
0.193892	0.000302439	0.2	6	691.239	0
0.193892	0.000330437	0.2	6	683.858	0
0.193892	0.000361027	0.2	6	675.911	0
0.193892	0.000394448	0.2	6	667.367	0
0.193892	0.000430964	0.2	6	658.199	0
0.193892	0.00047086	0.2	6	648.38	0
0.193892	0.00051445	0.2	6	637.889	0
0.193892	0.000562075	0.2	6	626.709	0
0.193892	0.000614108	0.2	6	614.832	0
0.193892	0.000670959	0.2	6	602.259	0
0.193892	0.000733073	0.2	6	589.002	0
0.193892	0.000800936	0.2	6	575.092	0
0.193892	0.000875083	0.2	6	560.58	0
0.193892	0.000956093	0.2	6	545.543	0
0.193892	0.0010446	0.2	6	530.09	0
0.193892	0.00114131	0.2	6	514.373	0
0.193892	0.00124696	0.2	6	498.592	0
0.193892	0.0013624	0.2	6	483.011	0
0.193892	0.00148852	0.2	6	467.971	0
0.193892	0.00162632	0.2	6	453.905	0
0.193892	0.00177687	0.2	6	441.364	0
0.193892	0.00194137	0.2	6	431.034	0
0.193892	0.00212109	0.2	6	423.774	0
0.193892	0.00231745	0.2	6	420.649	0
0.193892	0.00253198	0.2	6	422.973	0
0.193892	0.00276638	0.2	6	432.36	0
0.193892	0.00302248	0.2	6	450.793	0
0.193892	0.00330228	0.2	6	480.691	0
0.193892	0.00360798	0.2	6	525.008	0
0.193892	0.00394199	0.2	6	587.335	0
0.193892	0.00430692	0.2	6	672.034	0
0.193892	0.00470563	0.2	6	784.391	0
0.193892	0.00514125	0.2	6	930.807	0
0.193892	0.0056172	0.2	6	1119.02	0
0.193892	0.0061372	0.2	6	1358.36	0
0.193892	0.00670535	0.2	6	1660.1	0
0.193892	0.0073261	0.2	6	2037.81	0
0.193892	0.0080043	0.2	6	2507.83	0
0.193892	0.0087453	0.2	6	3089.81	0
0.193892	0.00955489	0.2	6	3807.39	0
0.193892	0.0104394	0.2	6	4688.93	0
0.193892	0.0114058	0.2	6	5768.51	0
0.193892	0.0124617	0.2	6	7087.04	0
0.193892	0.0136154	0.2	6	8693.54	0
0.193892	0.0148758	0.2	6	10646.8	0
0.193892	0.0162529	0.2	6	13017.4	0
0.193892	0.0177575	0.2	6	15889.6	0
0.193892	0.0194014	0.2	6	19364.7	0
0.193892	0.0211975	0.2	6	23563.7	0
0.193892	0.0231598	0.2	6	28631.5	0
0.193892	0.0253038	0.2	6	34741.5	0
0.193892	0.0276463	0.2	6	42101.4	0
0.193892	0.0302057	0.2	6	50959.3	0
0.193892	0.0330019	0.2	6	61612.2	0
0.193892	0.0360571	0.2	6	74415.1	0
0.193892	0.039395	0.2	6	89792.6	0
0.193892	0.043042	0.2	6	108252	0
0.193892	0.0470266	0.2	6	130400	0
0.193892	0.05138	0.2	6	156962	0
0.193892	0.0561365	0.2	6	188805	0
0.193892	0.0613333	0.2	6	226963	0
0.193892	0.0670111	0.2	6	272675	0
0.193892	0.0732147	0.2	6	327418	0
0.193892	0.0799925	0.2	6	392959	0
0.193892	0.0873977	0.2	6	471407	0
0.193892	0.0954885	0.2	6	565284	0
0.193892	0.104328	0.2	6	677600	0
0.193892	0.113986	0.2	6	811951	0
0.193892	0.124539	0.2	6	972633	0
0.193892	0.136068	0.2	6	1.16478e+06	0
0.193892	0.148664	0.2	6	1.39451e+06	0
0.193892	0.162426	0.2	6	1.66915e+06	0
0.193892	0.177463	0.2	6	1.99744e+06	0
0.193892	0.193892	0.2	6	2.38981e+06	0
0.193892	0.211841	0.2	6	2.85874e+06	0
0.193892	0.231452	0.2	6	3.41911e+06	0
0.193892	0.252878	0.2	6	4.0887e+06	0
0.193892	0.276288	0.2	6	4.88874e+06	0
0.193892	0.301866	0.2	6	5.84461e+06	0
0.193892	0.329811	0.2	6	6.98658e+06	0
0.193892	0.360343	0.2	6	8.35083e+06	0
0.193892	0.393701	0.2	6	9.98057e+06	0
0.193892	0.430148	0.2	6	1.19274e+07	0
0.193892	0.469968	0.2	6	1.4253e+07	0
0.193892	0.513475	0.2	6	1.70309e+07	0
0.193892	0.56101	0.2	6	2.03492e+07	0
0.193892	0.612945	0.2	6	2.43129e+07	0
0.193892	0.669688	0.2	6	2.90477e+07	0
0.211841	0.000104526	0.2	6	828.49	0
0.211841	0.000114203	0.2	6	825.399	0
0.211841	0.000124775	0.2	6	822.038	0
0.211841	0.000136326	0.2	6	818.385	0
0.211841	0.000148946	0.2	6	814.418	0
0.211841	0.000162735	0.2	6	810.113	0
0.211841	0.0001778	0.2	6	805.442	0
0.211841	0.00019426	0.2	6	800.38	0
0.211841	0.000212243	0.2	6	794.896	0
0.211841	0.000231891	0.2	6	788.963	0
0.211841	0.000253358	0.2	6	782.549	0
0.211841	0.000276813	0.2	6	775.624	0
0.211841	0.000302439	0.2	6	768.154	0
0.211841	0.000330437	0.2	6	760.11	0
0.211841	0.000361027	0.2	6	751.461	0
0.211841	0.000394448	0.2	6	742.177	0
0.211841	0.000430964	0.2	6	732.232	0
0.211841	0.00047086	0.2	6	721.604	0
0.211841	0.00051445	0.2	6	710.274	0
0.211841	0.000562075	0.2	6	698.233	0
0.211841	0.000614108	0.2	6	685.481	0
0.211841	0.000670959	0.2	6	672.028	0
0.211841	0.000733073	0.2	6	657.905	0
0.211841	0.000800936	0.2	6	643.16	0
0.211841	0.000875083	0.2	6	627.868	0
0.211841	0.000956093	0.2	6	612.137	0
0.211841	0.0010446	0.2	6	596.116	0
0.211841	0.00114131	0.2	6	580.004	0
0.211841	0.00124696	0.2	6	564.062	0
0.211841	0.0013624	0.2	6	548.627	0
0.211841	0.00148852	0.2	6	534.131	0
0.211841	0.00162632	0.2	6	521.12	0
0.211841	0.00177687	0.2	6	510.277	0
0.211841	0.00194137	0.2	6	502.458	0
0.211841	0.00212109	0.2	6	498.723	0
0.211841	0.00231745	0.2	6	500.381	0
0.211841	0.00253198	0.2	6	509.043	0
0.211841	0.00276638	0.2	6	526.685	0
0.211841	0.00302248	0.2	6	555.721	0
0.211841	0.00330228	0.2	6	599.099	0
0.211841	0.00360798	0.2	6	660.402	0
0.211841	0.00394199	0.2	6	743.986	0
0.211841	0.00430692	0.2	6	855.129	0
0.211841	0.00470563	0.2	6	1000.22	0
0.211841	0.00514125	0.2	6	1186.99	0
0.211841	0.0056172	0.2	6	1424.77	0
0.211841	0.0061372	0.2	6	1724.81	0
0.211841	0.00670535	0.2	6	2100.68	0
0.211841	0.0073261	0.2	6	2568.69	0
0.211841	0.0080043	0.2	6	3148.49	0
0.211841	0.0087453	0.2	6	3863.7	0
0.211841	0.00955489	0.2	6	4742.67	0
0.211841	0.0104394	0.2	6	5819.48	0
0.211841	0.0114058	0.2	6	7135	0
0.211841	0.0124617	0.2	6	8738.25	0
0.211841	0.0136154	0.2	6	10688	0
0.211841	0.0148758	0.2	6	13054.8	0
0.211841	0.0162529	0.2	6	15922.9	0
0.211841	0.0177575	0.2	6	19393.6	0
0.211841	0.0194014	0.2	6	23587.8	0
0.211841	0.0211975	0.2	6	28650.6	0
0.211841	0.0231598	0.2	6	34755.2	0
0.211841	0.0253038	0.2	6	42109.3	0
0.211841	0.0276463	0.2	6	50961	0
0.211841	0.0302057	0.2	6	61607.3	0
0.211841	0.0330019	0.2	6	74403.2	0
0.211841	0.0360571	0.2	6	89773.3	0
0.211841	0.039395	0.2	6	108225	0
0.211841	0.043042	0.2	6	130365	0
0.211841	0.0470266	0.2	6	156919	0
0.211841	0.05138	0.2	6	188752	0
0.211841	0.0561365	0.2	6	226902	0
0.211841	0.0613333	0.2	6	272604	0
0.211841	0.0670111	0.2	6	327338	0
0.211841	0.0732147	0.2	6	392869	0
0.211841	0.0799925	0.2	6	471308	0
0.211841	0.0873977	0.2	6	565175	0
0.211841	0.0954885	0.2	6	677482	0
0.211841	0.104328	0.2	6	811825	0
0.211841	0.113986	0.2	6	972499	0
0.211841	0.124539	0.2	6	1.16464e+06	0
0.211841	0.136068	0.2	6	1.39436e+06	0
0.211841	0.148664	0.2	6	1.669e+06	0
0.211841	0.162426	0.2	6	1.99728e+06	0
0.211841	0.177463	0.2	6	2.38965e+06	0
0.211841	0.193892	0.2	6	2.85857e+06	0
0.211841	0.211841	0.2	6	3.41893e+06	0
0.211841	0.231452	0.2	6	4.08851e+06	0
0.211841	0.252878	0.2	6	4.88853e+06	0
0.211841	0.276288	0.2	6	5.84436e+06	0
0.211841	0.301866	0.2	6	6.98628e+06	0
0.211841	0.329811	0.2	6	8.35044e+06	0
0.211841	0.360343	0.2	6	9.98004e+06	0
0.211841	0.393701	0.2	6	1.19267e+07	0
0.211841	0.430148	0.2	6	1.42519e+07	0
0.211841	0.469968	0.2	6	1.70294e+07	0
0.211841	0.513475	0.2	6	2.0347e+07	0
0.211841	0.56101	0.2	6	2.43097e+07	0
0.211841	0.612945	0.2	6	2.90429e+07	0
0.211841	0.669688	0.2	6	3.46965e+07	0
0.231452	0.000104526	0.2	6	919.247	0
0.231452	0.000114203	0.2	6	915.849	0
0.231452	0.000124775	0.2	6	912.156	0
0.231452	0.000136326	0.2	6	908.144	0
0.231452	0.000148946	0.2	6	903.79	0
0.231452	0.000162735	0.2	6	899.066	0
0.231452	0.0001778	0.2	6	893.946	0
0.231452	0.00019426	0.2	6	888.399	0
0.231452	0.000212243	0.2	6	882.396	0
0.231452	0.000231891	0.2	6	875.907	0
0.231452	0.000253358	0.2	6	868.898	0
0.231452	0.000276813	0.2	6	861.338	0
0.231452	0.000302439	0.2	6	853.196	0
0.231452	0.000330437	0.2	6	844.438	0
0.231452	0.000361027	0.2	6	835.037	0
0.231452	0.000394448	0.2	6	824.963	0
0.231452	0.000430964	0.2	6	814.194	0
0.231452	0.00047086	0.2	6	802.711	0
0.231452	0.00051445	0.2	6	790.502	0
0.231452	0.000562075	0.2	6	777.566	0
0.231452	0.000614108	0.2	6	763.914	0
0.231452	0.000670959	0.2	6	749.572	0
0.231452	0.000733073	0.2	6	734.589	0
0.231452	0.000800936	0.2	6	719.036	0
0.231452	0.000875083	0.2	6	703.021	0
0.231452	0.000956093	0.2	6	686.69	0
0.231452	0.0010446	0.2	6	670.239	0
0.231452	0.00114131	0.2	6	653.927	0
0.231452	0.00124696	0.2	6	638.088	0
0.231452	0.0013624	0.2	6	623.152	0
0.231452	0.00148852	0.2	6	609.659	0
0.231452	0.00162632	0.2	6	598.292	0
0.231452	0.00177687	0.2	6	589.901	0
0.231452	0.00194137	0.2	6	585.541	0
0.231452	0.00212109	0.2	6	586.518	0
0.231452	0.00231745	0.2	6	594.437	0
0.231452	0.00253198	0.2	6	611.269	0
0.231452	0.00276638	0.2	6	639.423	0
0.231452	0.00302248	0.2	6	681.838	0
0.231452	0.00330228	0.2	6	742.093	0
0.231452	0.00360798	0.2	6	824.534	0
0.231452	0.00394199	0.2	6	934.434	0
0.231452	0.00430692	0.2	6	1078.17	0
0.231452	0.00470563	0.2	6	1263.47	0
0.231452	0.00514125	0.2	6	1499.65	0
0.231452	0.0056172	0.2	6	1797.94	0
0.231452	0.0061372	0.2	6	2171.91	0
0.231452	0.00670535	0.2	6	2637.86	0
0.231452	0.0073261	0.2	6	3215.43	0
0.231452	0.0080043	0.2	6	3928.2	0
0.231452	0.0087453	0.2	6	4804.55	0
0.231452	0.00955489	0.2	6	5878.5	0
0.231452	0.0104394	0.2	6	7190.92	0
0.231452	0.0114058	0.2	6	8790.83	0
0.231452	0.0124617	0.2	6	10737	0
0.231452	0.0136154	0.2	6	13099.8	0
0.231452	0.0148758	0.2	6	15963.8	0
0.231452	0.0162529	0.2	6	19429.9	0
0.231452	0.0177575	0.2	6	23619.3	0
0.231452	0.0194014	0.2	6	28676.7	0
0.231452	0.0211975	0.2	6	34775.8	0
0.231452	0.0231598	0.2	6	42123.8	0
0.231452	0.0253038	0.2	6	50969.1	0
0.231452	0.0276463	0.2	6	61608.6	0
0.231452	0.0302057	0.2	6	74397.2	0
0.231452	0.0330019	0.2	6	89759.6	0
0.231452	0.0360571	0.2	6	108203	0
0.231452	0.039395	0.2	6	130335	0
0.231452	0.043042	0.2	6	156879	0
0.231452	0.0470266	0.2	6	188704	0
0.231452	0.05138	0.2	6	226843	0
0.231452	0.0561365	0.2	6	272536	0
0.231452	0.0613333	0.2	6	327259	0
0.231452	0.0670111	0.2	6	392780	0
0.231452	0.0732147	0.2	6	471209	0
0.231452	0.0799925	0.2	6	565067	0
0.231452	0.0873977	0.2	6	677364	0
0.231452	0.0954885	0.2	6	811697	0
0.231452	0.104328	0.2	6	972362	0
0.231452	0.113986	0.2	6	1.16449e+06	0
0.231452	0.124539	0.2	6	1.39421e+06	0
0.231452	0.136068	0.2	6	1.66884e+06	0
0.231452	0.148664	0.2	6	1.99711e+06	0
0.231452	0.162426	0.2	6	2.38948e+06	0
0.231452	0.177463	0.2	6	2.85839e+06	0
0.231452	0.193892	0.2	6	3.41875e+06	0
0.231452	0.211841	0.2	6	4.08832e+06	0
0.231452	0.231452	0.2	6	4.88833e+06	0
0.231452	0.252878	0.2	6	5.84414e+06	0
0.231452	0.276288	0.2	6	6.98601e+06	0
0.231452	0.301866	0.2	6	8.35012e+06	0
0.231452	0.329811	0.2	6	9.97962e+06	0
0.231452	0.360343	0.2	6	1.19261e+07	0
0.231452	0.393701	0.2	6	1.42511e+07	0
0.231452	0.430148	0.2	6	1.70282e+07	0
0.231452	0.469968	0.2	6	2.03453e+07	0
0.231452	0.513475	0.2	6	2.43072e+07	0
0.231452	0.56101	0.2	6	2.90393e+07	0
0.231452	0.612945	0.2	6	3.46912e+07	0
0.231452	0.669688	0.2	6	4.1442e+07	0
0.252878	0.000104526	0.2	6	1017.9	0
0.252878	0.000114203	0.2	6	1014.17	0
0.252878	0.000124775	0.2	6	1010.11	0
0.252878	0.000136326	0.2	6	1005.71	0
0.252878	0.000148946	0.2	6	1000.93	0
0.252878	0.000162735	0.2	6	995.75	0
0.252878	0.0001778	0.2	6	990.139	0
0.252878	0.00019426	0.2	6	984.066	0
0.252878	0.000212243	0.2	6	977.5	0
0.252878	0.000231891	0.2	6	970.408	0
0.252878	0.000253358	0.2	6	962.757	0
0.252878	0.000276813	0.2	6	954.514	0
0.252878	0.000302439	0.2	6	945.648	0
0.252878	0.000330437	0.2	6	936.127	0
0.252878	0.000361027	0.2	6	925.923	0
0.252878	0.000394448	0.2	6	915.012	0
0.252878	0.000430964	0.2	6	903.373	0
0.252878	0.00047086	0.2	6	890.995	0
0.252878	0.00051445	0.2	6	877.874	0
0.252878	0.000562075	0.2	6	864.02	0
0.252878	0.000614108	0.2	6	849.457	0
0.252878	0.000670959	0.2	6	834.232	0
0.252878	0.000733073	0.2	6	818.417	0
0.252878	0.000800936	0.2	6	802.114	0
0.252878	0.000875083	0.2	6	785.469	0
0.252878	0.000956093	0.2	6	768.675	0
0.252878	0.0010446	0.2	6	751.989	0
0.252878	0.00114131	0.2	6	735.742	0
0.252878	0.00124696	0.2	6	720.36	0
0.252878	0.0013624	0.2	6	706.381	0
0.252878	0.00148852	0.2	6	694.483	0
0.252878	0.00162632	0.2	6	685.513	0
0.252878	0.00177687	0.2	6	680.522	0
0.252878	0.00194137	0.2	6	680.81	0
0.252878	0.00212109	0.2	6	687.977	0
0.252878	0.00231745	0.2	6	703.99	0
0.252878	0.00253198	0.2	6	731.25	0
0.252878	0.00276638	0.2	6	772.691	0
0.252878	0.00302248	0.2	6	831.885	0
0.252878	0.00330228	0.2	6	913.17	0
0.252878	0.00360798	0.2	6	1021.81	0
0.252878	0.00394199	0.2	6	1164.18	0
0.252878	0.00430692	0.2	6	1347.98	0
0.252878	0.00470563	0.2	6	1582.53	0
0.252878	0.00514125	0.2	6	1879.06	0
0.252878	0.0056172	0.2	6	2251.11	0
0.252878	0.0061372	0.2	6	2714.97	0
0.252878	0.00670535	0.2	6	3290.27	0
0.252878	0.0073261	0.2	6	4000.58	0
0.252878	0.0080043	0.2	6	4874.25	0
0.252878	0.0087453	0.2	6	5945.31	0
0.252878	0.00955489	0.2	6	7254.59	0
0.252878	0.0104394	0.2	6	8851.1	0
0.252878	0.0114058	0.2	6	10793.6	0
0.252878	0.0124617	0.2	6	13152.5	0
0.252878	0.0136154	0.2	6	16012.1	0
0.252878	0.0148758	0.2	6	19473.6	0
0.252878	0.0162529	0.2	6	23658	0
0.252878	0.0177575	0.2	6	28710.1	0
0.252878	0.0194014	0.2	6	34803.4	0
0.252878	0.0211975	0.2	6	42145.3	0
0.252878	0.0231598	0.2	6	50984	0
0.252878	0.0253038	0.2	6	61616.5	0
0.252878	0.0276463	0.2	6	74397.7	0
0.252878	0.0302057	0.2	6	89752.1	0
0.252878	0.0330019	0.2	6	108187	0
0.252878	0.0360571	0.2	6	130310	0
0.252878	0.039395	0.2	6	156846	0
0.252878	0.043042	0.2	6	188660	0
0.252878	0.0470266	0.2	6	226790	0
0.252878	0.05138	0.2	6	272472	0
0.252878	0.0561365	0.2	6	327185	0
0.252878	0.0613333	0.2	6	392695	0
0.252878	0.0670111	0.2	6	471113	0
0.252878	0.0732147	0.2	6	564960	0
0.252878	0.0799925	0.2	6	677246	0
0.252878	0.0873977	0.2	6	811569	0
0.252878	0.0954885	0.2	6	972225	0
0.252878	0.104328	0.2	6	1.16434e+06	0
0.252878	0.113986	0.2	6	1.39405e+06	0
0.252878	0.124539	0.2	6	1.66868e+06	0
0.252878	0.136068	0.2	6	1.99695e+06	0
0.252878	0.148664	0.2	6	2.38931e+06	0
0.252878	0.162426	0.2	6	2.85822e+06	0
0.252878	0.177463	0.2	6	3.41857e+06	0
0.252878	0.193892	0.2	6	4.08813e+06	0
0.252878	0.211841	0.2	6	4.88813e+06	0
0.252878	0.231452	0.2	6	5.84393e+06	0
0.252878	0.252878	0.2	6	6.98578e+06	0
0.252878	0.276288	0.2	6	8.34984e+06	0
0.252878	0.301866	0.2	6	9.97928e+06	0
0.252878	0.329811	0.2	6	1.19256e+07	0
0.252878	0.360343	0.2	6	1.42505e+07	0
0.252878	0.393701	0.2	6	1.70273e+07	0
0.252878	0.430148	0.2	6	2.0344e+07	0
0.252878	0.469968	0.2	6	2.43053e+07	0
0.252878	0.513475	0.2	6	2.90365e+07	0
0.252878	0.56101	0.2	6	3.46872e+07	0
0.252878	0.612945	0.2	6	4.14361e+07	0
0.252878	0.669688	0.2	6	4.94966e+07	0
0.276288	0.000104526	0.2	6	1123.06	0
0.276288	0.000114203	0.2	6	1118.96	0
0.276288	0.000124775	0.2	6	1114.51	0
0.276288	0.000136326	0.2	6	1109.67	0
0.276288	0.000148946	0.2	6	1104.44	0
0.276288	0.000162735	0.2	6	1098.76	0
0.276288	0.0001778	0.2	6	1092.62	0
0.276288	0.00019426	0.2	6	1085.98	0
0.276288	0.000212243	0.2	6	1078.8	0
0.276288	0.000231891	0.2	6	1071.06	0
0.276288	0.000253358	0.2	6	1062.72	0
0.276288	0.000276813	0.2	6	1053.74	0
0.276288	0.000302439	0.2	6	1044.1	0
0.276288	0.000330437	0.2	6	1033.77	0
0.276288	0.000361027	0.2	6	1022.72	0
0.276288	0.000394448	0.2	6	1010.92	0
0.276288	0.000430964	0.2	6	998.376	0
0.276288	0.00047086	0.2	6	985.07	0
0.276288	0.00051445	0.2	6	971.014	0
0.276288	0.000562075	0.2	6	956.232	0
0.276288	0.000614108	0.2	6	940.767	0
0.276288	0.000670959	0.2	6	924.689	0
0.276288	0.000733073	0.2	6	908.1	0
0.276288	0.000800936	0.2	6	891.142	0
0.276288	0.000875083	0.2	6	874.007	0
0.276288	0.000956093	0.2	6	856.948	0
0.276288	0.0010446	0.2	6	840.295	0
0.276288	0.00114131	0.2	6	824.468	0
0.276288	0.00124696	0.2	6	810.005	0
0.276288	0.0013624	0.2	6	797.578	0
0.276288	0.00148852	0.2	6	788.031	0
0.276288	0.00162632	0.2	6	782.411	0
0.276288	0.00177687	0.2	6	782.012	0
0.276288	0.00194137	0.2	6	788.43	0
0.276288	0.00212109	0.2	6	803.626	0
0.276288	0.00231745	0.2	6	829.996	0
0.276288	0.00253198	0.2	6	870.466	0
0.276288	0.00276638	0.2	6	928.602	0
0.276288	0.00302248	0.2	6	1008.73	0
0.276288	0.00330228	0.2	6	1116.12	0
0.276288	0.00360798	0.2	6	1257.12	0
0.276288	0.00394199	0.2	6	1439.43	0
0.276288	0.00430692	0.2	6	1672.36	0
0.276288	0.00470563	0.2	6	1967.13	0
0.276288	0.00514125	0.2	6	2337.26	0
0.276288	0.0056172	0.2	6	2799.03	0
0.276288	0.0061372	0.2	6	3372.07	0
0.276288	0.00670535	0.2	6	4079.92	0
0.276288	0.0073261	0.2	6	4950.92	0
0.276288	0.0080043	0.2	6	6019.08	0
0.276288	0.0087453	0.2	6	7325.23	0
0.276288	0.00955489	0.2	6	8918.34	0
0.276288	0.0104394	0.2	6	10857.1	0
0.276288	0.0114058	0.2	6	13212.1	0
0.276288	0.0124617	0.2	6	16067.4	0
0.276288	0.0136154	0.2	6	19524.3	0
0.276288	0.0148758	0.2	6	23703.7	0
0.276288	0.0162529	0.2	6	28750.4	0
0.276288	0.0177575	0.2	6	34837.9	0
0.276288	0.0194014	0.2	6	42173.7	0
0.276288	0.0211975	0.2	6	51005.8	0
0.276288	0.0231598	0.2	6	61631.2	0
0.276288	0.0253038	0.2	6	74404.9	0
0.276288	0.0276463	0.2	6	89751.3	0
0.276288	0.0302057	0.2	6	108178	0
0.276288	0.0330019	0.2	6	130292	0
0.276288	0.0360571	0.2	6	156818	0
0.276288	0.039395	0.2	6	188623	0
0.276288	0.043042	0.2	6	226742	0
0.276288	0.0470266	0.2	6	272414	0
0.276288	0.05138	0.2	6	327116	0
0.276288	0.0561365	0.2	6	392615	0
0.276288	0.0613333	0.2	6	471022	0
0.276288	0.0670111	0.2	6	564858	0
0.276288	0.0732147	0.2	6	677133	0
0.276288	0.0799925	0.2	6	811446	0
0.276288	0.0873977	0.2	6	972091	0
0.276288	0.0954885	0.2	6	1.1642e+06	0
0.276288	0.104328	0.2	6	1.3939e+06	0
0.276288	0.113986	0.2	6	1.66852e+06	0
0.276288	0.124539	0.2	6	1.99678e+06	0
0.276288	0.136068	0.2	6	2.38914e+06	0
0.276288	0.148664	0.2	6	2.85804e+06	0
0.276288	0.162426	0.2	6	3.41839e+06	0
0.276288	0.177463	0.2	6	4.08795e+06	0
0.276288	0.193892	0.2	6	4.88795e+06	0
0.276288	0.211841	0.2	6	5.84374e+06	0
0.276288	0.231452	0.2	6	6.98558e+06	0
0.276288	0.252878	0.2	6	8.34962e+06	0
0.276288	0.276288	0.2	6	9.97901e+06	0
0.276288	0.301866	0.2	6	1.19253e+07	0
0.276288	0.329811	0.2	6	1.425e+07	0
0.276288	0.360343	0.2	6	1.70267e+07	0
0.276288	0.393701	0.2	6	2.0343e+07	0
0.276288	0.430148	0.2	6	2.43039e+07	0
0.276288	0.469968	0.2	6	2.90345e+07	0
0.276288	0.513475	0.2	6	3.46842e+07	0
0.276288	0.56101	0.2	6	4.14317e+07	0
0.276288	0.612945	0.2	6	4.94902e+07	0
0.276288	0.669688	0.2	6	5.91144e+07	0
0.301866	0.000104526	0.2	6	1232.41	0
0.301866	0.000114203	0.2	6	1227.91	0
0.301866	0.000124775	0.2	6	1223.02	0
0.301866	0.000136326	0.2	6	1217.73	0
0.301866	0.000148946	0.2	6	1211.99	0
0.301866	0.000162735	0.2	6	1205.78	0
0.301866	0.0001778	0.2	6	1199.06	0
0.301866	0.00019426	0.2	6	1191.8	0
0.301866	0.000212243	0.2	6	1183.97	0
0.301866	0.000231891	0.2	6	1175.53	0
0.301866	0.000253358	0.2	6	1166.45	0
0.301866	0.000276813	0.2	6	1156.7	0
0.301866	0.000302439	0.2	6	1146.24	0
0.301866	0.000330437	0.2	6	1135.05	0
0.301866	0.000361027	0.2	6	1123.1	0
0.301866	0.000394448	0.2	6	1110.39	0
0.301866	0.000430964	0.2	6	1096.9	0
0.301866	0.00047086	0.2	6	1082.65	0
0.301866	0.00051445	0.2	6	1067.66	0
0.301866	0.000562075	0.2	6	1051.96	0
0.301866	0.000614108	0.2	6	1035.62	0
0.301866	0.000670959	0.2	6	1018.75	0
0.301866	0.000733073	0.2	6	1001.49	0
0.301866	0.000800936	0.2	6	984.021	0
0.301866	0.000875083	0.2	6	966.598	0
0.301866	0.000956093	0.2	6	949.547	0
0.301866	0.0010446	0.2	6	933.287	0
0.301866	0.00114131	0.2	6	918.35	0
0.301866	0.00124696	0.2	6	905.407	0
0.301866	0.0013624	0.2	6	895.296	0
0.301866	0.00148852	0.2	6	889.06	0
0.301866	0.00162632	0.2	6	887.991	0
0.301866	0.00177687	0.2	6	893.678	0
0.301866	0.00194137	0.2	6	908.075	0
0.301866	0.00212109	0.2	6	933.575	0
0.301866	0.00231745	0.2	6	973.097	0
0.301866	0.00253198	0.2	6	1030.2	0
0.301866	0.00276638	0.2	6	1109.2	0
0.301866	0.00302248	0.2	6	1215.36	0
0.301866	0.00330228	0.2	6	1355.02	0
0.301866	0.00360798	0.2	6	1535.88	0
0.301866	0.00394199	0.2	6	1767.23	0
0.301866	0.00430692	0.2	6	2060.27	0
0.301866	0.00470563	0.2	6	2428.52	0
0.301866	0.00514125	0.2	6	2888.26	0
0.301866	0.0056172	0.2	6	3459.08	0
0.301866	0.0061372	0.2	6	4164.53	0
0.301866	0.00670535	0.2	6	5032.92	0
0.301866	0.0073261	0.2	6	6098.24	0
0.301866	0.0080043	0.2	6	7401.32	0
0.301866	0.0087453	0.2	6	8991.1	0
0.301866	0.00955489	0.2	6	10926.3	0
0.301866	0.0104394	0.2	6	13277.3	0
0.301866	0.0114058	0.2	6	16128.5	0
0.301866	0.0124617	0.2	6	19580.8	0
0.301866	0.0136154	0.2	6	23755.3	0
0.301866	0.0148758	0.2	6	28796.8	0
0.301866	0.0162529	0.2	6	34878.7	0
0.301866	0.0177575	0.2	6	42208.3	0
0.301866	0.0194014	0.2	6	51034	0
0.301866	0.0211975	0.2	6	61652.4	0
0.301866	0.0231598	0.2	6	74418.7	0
0.301866	0.0253038	0.2	6	89757.3	0
0.301866	0.0276463	0.2	6	108176	0
0.301866	0.0302057	0.2	6	130281	0
0.301866	0.0330019	0.2	6	156798	0
0.301866	0.0360571	0.2	6	188593	0
0.301866	0.039395	0.2	6	226702	0
0.301866	0.043042	0.2	6	272363	0
0.301866	0.0470266	0.2	6	327055	0
0.301866	0.05138	0.2	6	392543	0
0.301866	0.0561365	0.2	6	470939	0
0.301866	0.0613333	0.2	6	564763	0
0.301866	0.0670111	0.2	6	677028	0
0.301866	0.0732147	0.2	6	811330	0
0.301866	0.0799925	0.2	6	971965	0
0.301866	0.0873977	0.2	6	1.16407e+06	0
0.301866	0.0954885	0.2	6	1.39376e+06	0
0.301866	0.104328	0.2	6	1.66837e+06	0
0.301866	0.113986	0.2	6	1.99663e+06	0
0.301866	0.124539	0.2	6	2.38898e+06	0
0.301866	0.136068	0.2	6	2.85788e+06	0
0.301866	0.148664	0.2	6	3.41823e+06	0
0.301866	0.162426	0.2	6	4.08779e+06	0
0.301866	0.177463	0.2	6	4.88779e+06	0
0.301866	0.193892	0.2	6	5.84358e+06	0
0.301866	0.211841	0.2	6	6.98542e+06	0
0.301866	0.231452	0.2	6	8.34944e+06	0
0.301866	0.252878	0.2	6	9.97881e+06	0
0.301866	0.276288	0.2	6	1.19251e+07	0
0.301866	0.301866	0.2	6	1.42497e+07	0
0.301866	0.329811	0.2	6	1.70262e+07	0
0.301866	0.360343	0.2	6	2.03424e+07	0
0.301866	0.393701	0.2	6	2.43029e+07	0
0.301866	0.430148	0.2	6	2.9033e+07	0
0.301866	0.469968	0.2	6	3.4682e+07	0
0.301866	0.513475	0.2	6	4.14285e+07	0
0.301866	0.56101	0.2	6	4.94854e+07	0
0.301866	0.612945	0.2	6	5.91074e+07	0
0.301866	0.669688	0.2	6	7.05985e+07	0
0.329811	0.000104526	0.2	6	1342.44	0
0.329811	0.000114203	0.2	6	1337.51	0
0.329811	0.000124775	0.2	6	1332.16	0
0.329811	0.000136326	0.2	6	1326.36	0
0.329811	0.000148946	0.2	6	1320.09	0
0.329811	0.000162735	0.2	6	1313.3	0
0.329811	0.0001778	0.2	6	1305.97	0
0.329811	0.00019426	0.2	6	1298.05	0
0.329811	0.000212243	0.2	6	1289.52	0
0.329811	0.000231891	0.2	6	1280.34	0
0.329811	0.000253358	0.2	6	1270.47	0
0.329811	0.000276813	0.2	6	1259.89	0
0.329811	0.000302439	0.2	6	1248.57	0
0.329811	0.000330437	0.2	6	1236.48	0
0.329811	0.000361027	0.2	6	1223.61	0
0.329811	0.000394448	0.2	6	1209.95	0
0.329811	0.000430964	0.2	6	1195.52	0
0.329811	0.00047086	0.2	6	1180.31	0
0.329811	0.00051445	0.2	6	1164.39	0
0.329811	0.000562075	0.2	6	1147.81	0
0.329811	0.000614108	0.2	6	1130.68	0
0.329811	0.000670959	0.2	6	1113.12	0
0.329811	0.000733073	0.2	6	1095.34	0
0.329811	0.000800936	0.2	6	1077.57	0
0.329811	0.000875083	0.2	6	1060.14	0
0.329811	0.000956093	0.2	6	1043.47	0
0.329811	0.0010446	0.2	6	1028.08	0
0.329811	0.00114131	0.2	6	1014.65	0
0.329811	0.00124696	0.2	6	1004	0
0.329811	0.0013624	0.2	6	997.181	0
0.329811	0.00148852	0.2	6	995.473	0
0.329811	0.00162632	0.2	6	1000.46	0
0.329811	0.00177687	0.2	6	1014.1	0
0.329811	0.00194137	0.2	6	1038.78	0
0.329811	0.00212109	0.2	6	1077.4	0
0.329811	0.00231745	0.2	6	1133.51	0
0.329811	0.00253198	0.2	6	1211.45	0
0.329811	0.00276638	0.2	6	1316.44	0
0.329811	0.00302248	0.2	6	1454.83	0
0.329811	0.00330228	0.2	6	1634.3	0
0.329811	0.00360798	0.2	6	1864.14	0
0.329811	0.00394199	0.2	6	2155.55	0
0.329811	0.00430692	0.2	6	2522.01	0
0.329811	0.00470563	0.2	6	2979.82	0
0.329811	0.00514125	0.2	6	3548.53	0
0.329811	0.0056172	0.2	6	4251.69	0
0.329811	0.0061372	0.2	6	5117.59	0
0.329811	0.00670535	0.2	6	6180.23	0
0.329811	0.0073261	0.2	6	7480.38	0
0.329811	0.0080043	0.2	6	9067	0
0.329811	0.0087453	0.2	6	10998.8	0
0.329811	0.00955489	0.2	6	13346.1	0
0.329811	0.0104394	0.2	6	16193.3	0
0.329811	0.0114058	0.2	6	19641.3	0
0.329811	0.0124617	0.2	6	23811.1	0
0.329811	0.0136154	0.2	6	28847.6	0
0.329811	0.0148758	0.2	6	34924.1	0
0.329811	0.0162529	0.2	6	42248	0
0.329811	0.0177575	0.2	6	51067.5	0
0.329811	0.0194014	0.2	6	61679.3	0
0.329811	0.0211975	0.2	6	74438.6	0
0.329811	0.0231598	0.2	6	89769.8	0
0.329811	0.0253038	0.2	6	108180	0
0.329811	0.0276463	0.2	6	130277	0
0.329811	0.0302057	0.2	6	156785	0
0.329811	0.0330019	0.2	6	188571	0
0.329811	0.0360571	0.2	6	226671	0
0.329811	0.039395	0.2	6	272322	0
0.329811	0.043042	0.2	6	327003	0
0.329811	0.0470266	0.2	6	392482	0
0.329811	0.05138	0.2	6	470867	0
0.329811	0.0561365	0.2	6	564681	0
0.329811	0.0613333	0.2	6	676936	0
0.329811	0.0670111	0.2	6	811228	0
0.329811	0.0732147	0.2	6	971854	0
0.329811	0.0799925	0.2	6	1.16395e+06	0
0.329811	0.0873977	0.2	6	1.39363e+06	0
0.329811	0.0954885	0.2	6	1.66823e+06	0
0.329811	0.104328	0.2	6	1.99649e+06	0
0.329811	0.113986	0.2	6	2.38884e+06	0
0.329811	0.124539	0.2	6	2.85774e+06	0
0.329811	0.136068	0.2	6	3.41809e+06	0
0.329811	0.148664	0.2	6	4.08766e+06	0
0.329811	0.162426	0.2	6	4.88766e+06	0
0.329811	0.177463	0.2	6	5.84346e+06	0
0.329811	0.193892	0.2	6	6.9853e+06	0
0.329811	0.211841	0.2	6	8.34933e+06	0
0.329811	0.231452	0.2	6	9.9787e+06	0
0.329811	0.252878	0.2	6	1.19249e+07	0
0.329811	0.276288	0.2	6	1.42495e+07	0
0.329811	0.301866	0.2	6	1.7026e+07	0
0.329811	0.329811	0.2	6	2.0342e+07	0
0.329811	0.360343	0.2	6	2.43023e+07	0
0.329811	0.393701	0.2	6	2.90321e+07	0
0.329811	0.430148	0.2	6	3.46806e+07	0
0.329811	0.469968	0.2	6	4.14262e+07	0
0.329811	0.513475	0.2	6	4.9482e+07	0
0.329811	0.56101	0.2	6	5.91023e+07	0
0.329811	0.612945	0.2	6	7.0591e+07	0
0.329811	0.669688	0.2	6	8.43109e+07	0
0.360343	0.000104526	0.2	6	1448.22	0
0.360343	0.000114203	0.2	6	1442.82	0
0.360343	0.000124775	0.2	6	1436.97	0
0.360343	0.000136326	0.2	6	1430.63	0
0.360343	0.000148946	0.2	6	1423.78	0
0.360343	0.000162735	0.2	6	1416.37	0
0.360343	0.0001778	0.2	6	1408.38	0
0.360343	0.00019426	0.2	6	1399.76	0
0.360343	0.000212243	0.2	6	1390.49	0
0.360343	0.000231891	0.2	6	1380.52	0
0.360343	0.000253358	0.2	6	1369.83	0
0.360343	0.000276813	0.2	6	1358.39	0
0.360343	0.000302439	0.2	6	1346.17	0
0.360343	0.000330437	0.2	6	1333.16	0
0.360343	0.000361027	0.2	6	1319.34	0
0.360343	0.000394448	0.2	6	1304.73	0
0.360343	0.000430964	0.2	6	1289.35	0
0.360343	0.00047086	0.2	6	1273.22	0
0.360343	0.00051445	0.2	6	1256.42	0
0.360343	0.000562075	0.2	6	1239.04	0
0.360343	0.000614108	0.2	6	1221.22	0
0.360343	0.000670959	0.2	6	1203.15	0
0.360343	0.000733073	0.2	6	1185.06	0
0.360343	0.000800936	0.2	6	1167.29	0
0.360343	0.000875083	0.2	6	1150.24	0
0.360343	0.000956093	0.2	6	1134.44	0
0.360343	0.0010446	0.2	6	1120.56	0
0.360343	0.00114131	0.2	6	1109.42	0
0.360343	0.00124696	0.2	6	1102.06	0
0.360343	0.0013624	0.2	6	1099.77	0
0.360343	0.00148852	0.2	6	1104.13	0
0.360343	0.00162632	0.2	6	1117.07	0
0.360343	0.00177687	0.2	6	1140.99	0
0.360343	0.00194137	0.2	6	1178.79	0
0.360343	0.00212109	0.2	6	1234.01	0
0.360343	0.00231745	0.2	6	1310.96	0
0.360343	0.00253198	0.2	6	1414.89	0
0.360343	0.00276638	0.2	6	1552.12	0
0.360343	0.00302248	0.2	6	1730.33	0
0.360343	0.00330228	0.2	6	1958.79	0
0.360343	0.00360798	0.2	6	2248.7	0
0.360343	0.00394199	0.2	6	2613.54	0
0.360343	0.00430692	0.2	6	3069.57	0
0.360343	0.00470563	0.2	6	3636.36	0
0.360343	0.00514125	0.2	6	4337.43	0
0.360343	0.0056172	0.2	6	5201.07	0
0.360343	0.0061372	0.2	6	6261.25	0
0.360343	0.00670535	0.2	6	7558.74	0
0.360343	0.0073261	0.2	6	9142.48	0
0.360343	0.0080043	0.2	6	11071.1	0
0.360343	0.0087453	0.2	6	13415.1	0
0.360343	0.00955489	0.2	6	16258.6	0
0.360343	0.0104394	0.2	6	19702.7	0
0.360343	0.0114058	0.2	6	23868.3	0
0.360343	0.0124617	0.2	6	28900.3	0
0.360343	0.0136154	0.2	6	34971.9	0
0.360343	0.0148758	0.2	6	42290.6	0
0.360343	0.0162529	0.2	6	51104.4	0
0.360343	0.0177575	0.2	6	61710.3	0
0.360343	0.0194014	0.2	6	74463.3	0
0.360343	0.0211975	0.2	6	89787.7	0
0.360343	0.0231598	0.2	6	108191	0
0.360343	0.0253038	0.2	6	130280	0
0.360343	0.0276463	0.2	6	156781	0
0.360343	0.0302057	0.2	6	188559	0
0.360343	0.0330019	0.2	6	226650	0
0.360343	0.0360571	0.2	6	272292	0
0.360343	0.039395	0.2	6	326965	0
0.360343	0.043042	0.2	6	392434	0
0.360343	0.0470266	0.2	6	470810	0
0.360343	0.05138	0.2	6	564615	0
0.360343	0.0561365	0.2	6	676861	0
0.360343	0.0613333	0.2	6	811145	0
0.360343	0.0670111	0.2	6	971764	0
0.360343	0.0732147	0.2	6	1.16385e+06	0
0.360343	0.0799925	0.2	6	1.39353e+06	0
0.360343	0.0873977	0.2	6	1.66813e+06	0
0.360343	0.0954885	0.2	6	1.99638e+06	0
0.360343	0.104328	0.2	6	2.38873e+06	0
0.360343	0.113986	0.2	6	2.85764e+06	0
0.360343	0.124539	0.2	6	3.41799e+06	0
0.360343	0.136068	0.2	6	4.08757e+06	0
0.360343	0.148664	0.2	6	4.88759e+06	0
0.360343	0.162426	0.2	6	5.8434e+06	0
0.360343	0.177463	0.2	6	6.98526e+06	0
0.360343	0.193892	0.2	6	8.34931e+06	0
0.360343	0.211841	0.2	6	9.97869e+06	0
0.360343	0.231452	0.2	6	1.19249e+07	0
0.360343	0.252878	0.2	6	1.42495e+07	0
0.360343	0.276288	0.2	6	1.70259e+07	0
0.360343	0.301866	0.2	6	2.03419e+07	0
0.360343	0.329811	0.2	6	2.43021e+07	0
0.360343	0.360343	0.2	6	2.90316e+07	0
0.360343	0.393701	0.2	6	3.46797e+07	0
0.360343	0.430148	0.2	6	4.14248e+07	0
0.360343	0.469968	0.2	6	4.94797e+07	0
0.360343	0.513475	0.2	6	5.90988e+07	0
0.360343	0.56101	0.2	6	7.05857e+07	0
0.360343	0.612945	0.2	6	8.43029e+07	0
0.360343	0.669688	0.2	6	1.00684e+08	0
0.393701	0.000104526	0.2	6	1543.04	0
0.393701	0.000114203	0.2	6	1537.14	0
0.393701	0.000124775	0.2	6	1530.75	0
0.393701	0.000136326	0.2	6	1523.84	0
0.393701	0.000148946	0.2	6	1516.38	0
0.393701	0.000162735	0.2	6	1508.32	0
0.393701	0.0001778	0.2	6	1499.63	0
0.393701	0.00019426	0.2	6	1490.28	0
0.393701	0.000212243	0.2	6	1480.22	0
0.393701	0.000231891	0.2	6	1469.44	0
0.393701	0.000253358	0.2	6	1457.89	0
0.393701	0.000276813	0.2	6	1445.56	0
0.393701	0.000302439	0.2	6	1432.42	0
0.393701	0.000330437	0.2	6	1418.48	0
0.393701	0.000361027	0.2	6	1403.72	0
0.393701	0.000394448	0.2	6	1388.17	0
0.393701	0.000430964	0.2	6	1371.87	0
0.393701	0.00047086	0.2	6	1354.88	0
0.393701	0.00051445	0.2	6	1337.29	0
0.393701	0.000562075	0.2	6	1319.24	0
0.393701	0.000614108	0.2	6	1300.92	0
0.393701	0.000670959	0.2	6	1282.56	0
0.393701	0.000733073	0.2	6	1264.49	0
0.393701	0.000800936	0.2	6	1247.12	0
0.393701	0.000875083	0.2	6	1230.97	0
0.393701	0.000956093	0.2	6	1216.7	0
0.393701	0.0010446	0.2	6	1205.14	0
0.393701	0.00114131	0.2	6	1197.33	0
0.393701	0.00124696	0.2	6	1194.54	0
0.393701	0.0013624	0.2	6	1198.35	0
0.393701	0.00148852	0.2	6	1210.7	0
0.393701	0.00162632	0.2	6	1233.96	0
0.393701	0.00177687	0.2	6	1271.05	0
0.393701	0.00194137	0.2	6	1325.5	0
0.393701	0.00212109	0.2	6	1401.62	0
0.393701	0.00231745	0.2	6	1504.63	0
0.393701	0.00253198	0.2	6	1640.86	0
0.393701	0.00276638	0.2	6	1817.99	0
0.393701	0.00302248	0.2	6	2045.28	0
0.393701	0.00330228	0.2	6	2333.9	0
0.393701	0.00360798	0.2	6	2697.35	0
0.393701	0.00394199	0.2	6	3151.87	0
0.393701	0.00430692	0.2	6	3717.02	0
0.393701	0.00470563	0.2	6	4416.31	0
0.393701	0.00514125	0.2	6	5278.02	0
0.393701	0.0056172	0.2	6	6336.1	0
0.393701	0.0061372	0.2	6	7631.33	0
0.393701	0.00670535	0.2	6	9212.61	0
0.393701	0.0073261	0.2	6	11138.6	0
0.393701	0.0080043	0.2	6	13479.7	0
0.393701	0.0087453	0.2	6	16320.2	0
0.393701	0.00955489	0.2	6	19760.9	0
0.393701	0.0104394	0.2	6	23923	0
0.393701	0.0114058	0.2	6	28951.1	0
0.393701	0.0124617	0.2	6	35018.6	0
0.393701	0.0136154	0.2	6	42332.9	0
0.393701	0.0148758	0.2	6	51142.1	0
0.393701	0.0162529	0.2	6	61743	0
0.393701	0.0177575	0.2	6	74490.7	0
0.393701	0.0194014	0.2	6	89809.5	0
0.393701	0.0211975	0.2	6	108207	0
0.393701	0.0231598	0.2	6	130290	0
0.393701	0.0253038	0.2	6	156784	0
0.393701	0.0276463	0.2	6	188555	0
0.393701	0.0302057	0.2	6	226640	0
0.393701	0.0330019	0.2	6	272275	0
0.393701	0.0360571	0.2	6	326941	0
0.393701	0.039395	0.2	6	392403	0
0.393701	0.043042	0.2	6	470773	0
0.393701	0.0470266	0.2	6	564571	0
0.393701	0.05138	0.2	6	676811	0
0.393701	0.0561365	0.2	6	811090	0
0.393701	0.0613333	0.2	6	971705	0
0.393701	0.0670111	0.2	6	1.16379e+06	0
0.393701	0.0732147	0.2	6	1.39347e+06	0
0.393701	0.0799925	0.2	6	1.66807e+06	0
0.393701	0.0873977	0.2	6	1.99632e+06	0
0.393701	0.0954885	0.2	6	2.38868e+06	0
0.393701	0.104328	0.2	6	2.85759e+06	0
0.393701	0.113986	0.2	6	3.41796e+06	0
0.393701	0.124539	0.2	6	4.08755e+06	0
0.393701	0.136068	0.2	6	4.8876e+06	0
0.393701	0.148664	0.2	6	5.84343e+06	0
0.393701	0.162426	0.2	6	6.98532e+06	0
0.393701	0.177463	0.2	6	8.3494e+06	0
0.393701	0.193892	0.2	6	9.97881e+06	0
0.393701	0.211841	0.2	6	1.19251e+07	0
0.393701	0.231452	0.2	6	1.42497e+07	0
0.393701	0.252878	0.2	6	1.70261e+07	0
0.393701	0.276288	0.2	6	2.03421e+07	0
0.393701	0.301866	0.2	6	2.43022e+07	0
0.393701	0.329811	0.2	6	2.90316e+07	0
0.393701	0.360343	0.2	6	3.46795e+07	0
0.393701	0.393701	0.2	6	4.14242e+07	0
0.393701	0.430148	0.2	6	4.94785e+07	0
0.393701	0.469968	0.2	6	5.90967e+07	0
0.393701	0.513475	0.2	6	7.05822e+07	0
0.393701	0.56101	0.2	6	8.42975e+07	0
0.393701	0.612945	0.2	6	1.00675e+08	0
0.393701	0.669688	0.2	6	1.20233e+08	0
0.430148	0.000104526	0.2	6	1618.28	0
0.430148	0.000114203	0.2	6	1611.86	0
0.430148	0.000124775	0.2	6	1604.9	0
0.430148	0.000136326	0.2	6	1597.39	0
0.430148	0.000148946	0.2	6	1589.28	0
0.430148	0.000162735	0.2	6	1580.54	0
0.430148	0.0001778	0.2	6	1571.12	0
0.430148	0.00019426	0.2	6	1561	0
0.430148	0.000212243	0.2	6	1550.14	0
0.430148	0.000231891	0.2	6	1538.52	0
0.430148	0.000253358	0.2	6	1526.1	0
0.430148	0.000276813	0.2	6	1512.87	0
0.430148	0.000302439	0.2	6	1498.82	0
0.430148	0.000330437	0.2	6	1483.95	0
0.430148	0.000361027	0.2	6	1468.28	0
0.430148	0.000394448	0.2	6	1451.84	0
0.430148	0.000430964	0.2	6	1434.7	0
0.430148	0.00047086	0.2	6	1416.95	0
0.430148	0.00051445	0.2	6	1398.73	0
0.430148	0.000562075	0.2	6	1380.22	0
0.430148	0.000614108	0.2	6	1361.65	0
0.430148	0.000670959	0.2	6	1343.35	0
0.430148	0.000733073	0.2	6	1325.73	0
0.430148	0.000800936	0.2	6	1309.31	0
0.430148	0.000875083	0.2	6	1294.74	0
0.430148	0.000956093	0.2	6	1282.86	0
0.430148	0.0010446	0.2	6	1274.7	0
0.430148	0.00114131	0.2	6	1271.52	0
0.430148	0.00124696	0.2	6	1274.91	0
0.430148	0.0013624	0.2	6	1286.81	0
0.430148	0.00148852	0.2	6	1309.58	0
0.430148	0.00162632	0.2	6	1346.13	0
0.430148	0.00177687	0.2	6	1399.99	0
0.430148	0.00194137	0.2	6	1475.47	0
0.430148	0.00212109	0.2	6	1577.78	0
0.430148	0.00231745	0.2	6	1713.26	0
0.430148	0.00253198	0.2	6	1889.56	0
0.430148	0.00276638	0.2	6	2115.95	0
0.430148	0.00302248	0.2	6	2403.6	0
0.430148	0.00330228	0.2	6	2766	0
0.430148	0.00360798	0.2	6	3219.37	0
0.430148	0.00394199	0.2	6	3783.27	0
0.430148	0.00430692	0.2	6	4481.22	0
0.430148	0.00470563	0.2	6	5341.47	0
0.430148	0.00514125	0.2	6	6397.98	0
0.430148	0.0056172	0.2	6	7691.5	0
0.430148	0.0061372	0.2	6	9270.95	0
0.430148	0.00670535	0.2	6	11195	0
0.430148	0.0073261	0.2	6	13533.9	0
0.430148	0.0080043	0.2	6	16372.1	0
0.430148	0.0087453	0.2	6	19810.4	0
0.430148	0.00955489	0.2	6	23969.8	0
0.430148	0.0104394	0.2	6	28995.1	0
0.430148	0.0114058	0.2	6	35059.6	0
0.430148	0.0124617	0.2	6	42370.7	0
0.430148	0.0136154	0.2	6	51176.6	0
0.430148	0.0148758	0.2	6	61774	0
0.430148	0.0162529	0.2	6	74517.9	0
0.430148	0.0177575	0.2	6	89832.9	0
0.430148	0.0194014	0.2	6	108227	0
0.430148	0.0211975	0.2	6	130305	0
0.430148	0.0231598	0.2	6	156795	0
0.430148	0.0253038	0.2	6	188562	0
0.430148	0.0276463	0.2	6	226642	0
0.430148	0.0302057	0.2	6	272274	0
0.430148	0.0330019	0.2	6	326935	0
0.430148	0.0360571	0.2	6	392394	0
0.430148	0.039395	0.2	6	470760	0
0.430148	0.043042	0.2	6	564556	0
0.430148	0.0470266	0.2	6	676794	0
0.430148	0.05138	0.2	6	811072	0
0.430148	0.0561365	0.2	6	971688	0
0.430148	0.0613333	0.2	6	1.16377e+06	0
0.430148	0.0670111	0.2	6	1.39346e+06	0
0.430148	0.0732147	0.2	6	1.66806e+06	0
0.430148	0.0799925	0.2	6	1.99633e+06	0
0.430148	0.0873977	0.2	6	2.3887e+06	0
0.430148	0.0954885	0.2	6	2.85763e+06	0
0.430148	0.104328	0.2	6	3.41802e+06	0
0.430148	0.113986	0.2	6	4.08764e+06	0
0.430148	0.124539	0.2	6	4.88771e+06	0
0.430148	0.136068	0.2	6	5.84359e+06	0
0.430148	0.148664	0.2	6	6.98552e+06	0
0.430148	0.162426	0.2	6	8.34965e+06	0
0.430148	0.177463	0.2	6	9.97912e+06	0
0.430148	0.193892	0.2	6	1.19254e+07	0
0.430148	0.211841	0.2	6	1.42501e+07	0
0.430148	0.231452	0.2	6	1.70266e+07	0
0.430148	0.252878	0.2	6	2.03426e+07	0
0.430148	0.276288	0.2	6	2.43027e+07	0
0.430148	0.301866	0.2	6	2.90321e+07	0
0.430148	0.329811	0.2	6	3.46799e+07	0
0.430148	0.360343	0.2	6	4.14244e+07	0
0.430148	0.393701	0.2	6	4.94783e+07	0
0.430148	0.430148	0.2	6	5.90959e+07	0
0.430148	0.469968	0.2	6	7.05804e+07	0
0.430148	0.513475	0.2	6	8.42943e+07	0
0.430148	0.56101	0.2	6	1.0067e+08	0
0.430148	0.612945	0.2	6	1.20224e+08	0
0.430148	0.669688	0.2	6	1.43574e+08	0
0.469968	0.000104526	0.2	6	1663.33	0
0.469968	0.000114203	0.2	6	1656.35	0
0.469968	0.000124775	0.2	6	1648.81	0
0.469968	0.000136326	0.2	6	1640.67	0
0.469968	0.000148946	0.2	6	1631.89	0
0.469968	0.000162735	0.2	6	1622.44	0
0.469968	0.0001778	0.2	6	1612.28	0
0.469968	0.00019426	0.2	6	1601.38	0
0.469968	0.000212243	0.2	6	1589.71	0
0.469968	0.000231891	0.2	6	1577.24	0
0.469968	0.000253358	0.2	6	1563.95	0
0.469968	0.000276813	0.2	6	1549.84	0
0.469968	0.000302439	0.2	6	1534.9	0
0.469968	0.000330437	0.2	6	1519.16	0
0.469968	0.000361027	0.2	6	1502.64	0
0.469968	0.000394448	0.2	6	1485.42	0
0.469968	0.000430964	0.2	6	1467.57	0
0.469968	0.00047086	0.2	6	1449.25	0
0.469968	0.00051445	0.2	6	1430.62	0
0.469968	0.000562075	0.2	6	1411.93	0
0.469968	0.000614108	0.2	6	1393.5	0
0.469968	0.000670959	0.2	6	1375.73	0
0.469968	0.000733073	0.2	6	1359.15	0
0.469968	0.000800936	0.2	6	1344.41	0
0.469968	0.000875083	0.2	6	1332.35	0
0.469968	0.000956093	0.2	6	1323.98	0
0.469968	0.0010446	0.2	6	1320.58	0
0.469968	0.00114131	0.2	6	1323.73	0
0.469968	0.00124696	0.2	6	1335.36	0
0.469968	0.0013624	0.2	6	1357.84	0
0.469968	0.00148852	0.2	6	1394.08	0
0.469968	0.00162632	0.2	6	1447.6	0
0.469968	0.00177687	0.2	6	1522.7	0
0.469968	0.00194137	0.2	6	1624.62	0
0.469968	0.00212109	0.2	6	1759.66	0
0.469968	0.00231745	0.2	6	1935.49	0
0.469968	0.00253198	0.2	6	2161.37	0
0.469968	0.00276638	0.2	6	2448.47	0
0.469968	0.00302248	0.2	6	2810.27	0
0.469968	0.00330228	0.2	6	3262.99	0
0.469968	0.00360798	0.2	6	3826.2	0
0.469968	0.00394199	0.2	6	4523.4	0
0.469968	0.00430692	0.2	6	5382.84	0
0.469968	0.00470563	0.2	6	6438.48	0
0.469968	0.00514125	0.2	6	7731.08	0
0.469968	0.0056172	0.2	6	9309.53	0
0.469968	0.0061372	0.2	6	11232.5	0
0.469968	0.00670535	0.2	6	13570.3	0
0.469968	0.0073261	0.2	6	16407.3	0
0.469968	0.0080043	0.2	6	19844.4	0
0.469968	0.0087453	0.2	6	24002.5	0
0.469968	0.00955489	0.2	6	29026.4	0
0.469968	0.0104394	0.2	6	35089.4	0
0.469968	0.0114058	0.2	6	42399.1	0
0.469968	0.0124617	0.2	6	51203.4	0
0.469968	0.0136154	0.2	6	61799.2	0
0.469968	0.0148758	0.2	6	74541.6	0
0.469968	0.0162529	0.2	6	89855.1	0
0.469968	0.0177575	0.2	6	108247	0
0.469968	0.0194014	0.2	6	130325	0
0.469968	0.0211975	0.2	6	156813	0
0.469968	0.0231598	0.2	6	188579	0
0.469968	0.0253038	0.2	6	226659	0
0.469968	0.0276463	0.2	6	272290	0
0.469968	0.0302057	0.2	6	326952	0
0.469968	0.0330019	0.2	6	392411	0
0.469968	0.0360571	0.2	6	470779	0
0.469968	0.039395	0.2	6	564578	0
0.469968	0.043042	0.2	6	676820	0
0.469968	0.0470266	0.2	6	811104	0
0.469968	0.05138	0.2	6	971727	0
0.469968	0.0561365	0.2	6	1.16382e+06	0
0.469968	0.0613333	0.2	6	1.39352e+06	0
0.469968	0.0670111	0.2	6	1.66814e+06	0
0.469968	0.0732147	0.2	6	1.99642e+06	0
0.469968	0.0799925	0.2	6	2.38881e+06	0
0.469968	0.0873977	0.2	6	2.85778e+06	0
0.469968	0.0954885	0.2	6	3.4182e+06	0
0.469968	0.104328	0.2	6	4.08786e+06	0
0.469968	0.113986	0.2	6	4.88799e+06	0
0.469968	0.124539	0.2	6	5.84392e+06	0
0.469968	0.136068	0.2	6	6.98591e+06	0
0.469968	0.148664	0.2	6	8.35012e+06	0
0.469968	0.162426	0.2	6	9.97967e+06	0
0.469968	0.177463	0.2	6	1.19261e+07	0
0.469968	0.193892	0.2	6	1.42509e+07	0
0.469968	0.211841	0.2	6	1.70274e+07	0
0.469968	0.231452	0.2	6	2.03435e+07	0
0.469968	0.252878	0.2	6	2.43037e+07	0
0.469968	0.276288	0.2	6	2.90331e+07	0
0.469968	0.301866	0.2	6	3.46809e+07	0
0.469968	0.329811	0.2	6	4.14254e+07	0
0.469968	0.360343	0.2	6	4.94792e+07	0
0.469968	0.393701	0.2	6	5.90964e+07	0
0.469968	0.430148	0.2	6	7.05803e+07	0
0.469968	0.469968	0.2	6	8.42932e+07	0
0.469968	0.513475	0.2	6	1.00667e+08	0
0.469968	0.56101	0.2	6	1.2022e+08	0
0.469968	0.612945	0.2	6	1.43566e+08	0
0.469968	0.669688	0.2	6	1.71444e+08	0
0.513475	0.000104526	0.2	6	1665.79	0
0.513475	0.000114203	0.2	6	1658.25	0
0.513475	0.000124775	0.2	6	1650.11	0
0.513475	0.000136326	0.2	6	1641.33	0
0.513475	0.000148946	0.2	6	1631.87	0
0.513475	0.000162735	0.2	6	1621.71	0
0.513475	0.0001778	0.2	6	1610.81	0
0.513475	0.00019426	0.2	6	1599.13	0
0.513475	0.000212243	0.2	6	1586.66	0
0.513475	0.000231891	0.2	6	1573.37	0
0.513475	0.000253358	0.2	6	1559.25	0
0.513475	0.000276813	0.2	6	1544.31	0
0.513475	0.000302439	0.2	6	1528.56	0
0.513475	0.000330437	0.2	6	1512.04	0
0.513475	0.000361027	0.2	6	1494.81	0
0.513475	0.000394448	0.2	6	1476.96	0
0.513475	0.000430964	0.2	6	1458.63	0
0.513475	0.00047086	0.2	6	1439.99	0
0.513475	0.00051445	0.2	6	1421.3	0
0.513475	0.000562075	0.2	6	1402.86	0
0.513475	0.000614108	0.2	6	1385.08	0
0.513475	0.000670959	0.2	6	1368.49	0
0.513475	0.000733073	0.2	6	1353.74	0
0.513475	0.000800936	0.2	6	1341.66	0
0.513475	0.000875083	0.2	6	1333.28	0
0.513475	0.000956093	0.2	6	1329.88	0
0.513475	0.0010446	0.2	6	1333.01	0
0.513475	0.00114131	0.2	6	1344.63	0
0.513475	0.00124696	0.2	6	1367.11	0
0.513475	0.0013624	0.2	6	1403.33	0
0.513475	0.00148852	0.2	6	1456.85	0
0.513475	0.00162632	0.2	6	1531.94	0
0.513475	0.00177687	0.2	6	1633.85	0
0.513475	0.00194137	0.2	6	1768.89	0
0.513475	0.00212109	0.2	6	1944.72	0
0.513475	0.00231745	0.2	6	2170.6	0
0.513475	0.00253198	0.2	6	2457.71	0
0.513475	0.00276638	0.2	6	2819.52	0
0.513475	0.00302248	0.2	6	3272.28	0
0.513475	0.00330228	0.2	6	3835.52	0
0.513475	0.00360798	0.2	6	4532.76	0
0.513475	0.00394199	0.2	6	5392.27	0
0.513475	0.00430692	0.2	6	6448	0
0.513475	0.00470563	0.2	6	7740.7	0
0.513475	0.00514125	0.2	6	9319.3	0
0.513475	0.0056172	0.2	6	11242.5	0
0.513475	0.0061372	0.2	6	13580.5	0
0.513475	0.00670535	0.2	6	16417.7	0
0.513475	0.0073261	0.2	6	19855.1	0
0.513475	0.0080043	0.2	6	24013.7	0
0.513475	0.0087453	0.2	6	29038.1	0
0.513475	0.00955489	0.2	6	35101.8	0
0.513475	0.0104394	0.2	6	42412.2	0
0.513475	0.0114058	0.2	6	51217.4	0
0.513475	0.0124617	0.2	6	61814.4	0
0.513475	0.0136154	0.2	6	74558.2	0
0.513475	0.0148758	0.2	6	89873.4	0
0.513475	0.0162529	0.2	6	108268	0
0.513475	0.0177575	0.2	6	130348	0
0.513475	0.0194014	0.2	6	156839	0
0.513475	0.0211975	0.2	6	188608	0
0.513475	0.0231598	0.2	6	226692	0
0.513475	0.0253038	0.2	6	272328	0
0.513475	0.0276463	0.2	6	326996	0
0.513475	0.0302057	0.2	6	392462	0
0.513475	0.0330019	0.2	6	470839	0
0.513475	0.0360571	0.2	6	564648	0
0.513475	0.039395	0.2	6	676903	0
0.513475	0.043042	0.2	6	811200	0
0.513475	0.0470266	0.2	6	971840	0
0.513475	0.05138	0.2	6	1.16395e+06	0
0.513475	0.0561365	0.2	6	1.39368e+06	0
0.513475	0.0613333	0.2	6	1.66832e+06	0
0.513475	0.0670111	0.2	6	1.99664e+06	0
0.513475	0.0732147	0.2	6	2.38907e+06	0
0.513475	0.0799925	0.2	6	2.85808e+06	0
0.513475	0.0873977	0.2	6	3.41855e+06	0
0.513475	0.0954885	0.2	6	4.08828e+06	0
0.513475	0.104328	0.2	6	4.88847e+06	0
0.513475	0.113986	0.2	6	5.84448e+06	0
0.513475	0.124539	0.2	6	6.98657e+06	0
0.513475	0.136068	0.2	6	8.35087e+06	0
0.513475	0.148664	0.2	6	9.98054e+06	0
0.513475	0.162426	0.2	6	1.19271e+07	0
0.513475	0.177463	0.2	6	1.4252e+07	0
0.513475	0.193892	0.2	6	1.70287e+07	0
0.513475	0.211841	0.2	6	2.03449e+07	0
0.513475	0.231452	0.2	6	2.43053e+07	0
0.513475	0.252878	0.2	6	2.90349e+07	0
0.513475	0.276288	0.2	6	3.46828e+07	0
0.513475	0.301866	0.2	6	4.14273e+07	0
0.513475	0.329811	0.2	6	4.94811e+07	0
0.513475	0.360343	0.2	6	5.90982e+07	0
0.513475	0.393701	0.2	6	7.05818e+07	0
0.513475	0.430148	0.2	6	8.42941e+07	0
0.513475	0.469968	0.2	6	1.00667e+08	0
0.513475	0.513475	0.2	6	1.20218e+08	0
0.513475	0.56101	0.2	6	1.43562e+08	0
0.513475	0.612945	0.2	6	1.71436e+08	0
0.513475	0.669688	0.2	6	2.04719e+08	0
0.56101	0.000104526	0.2	6	1612.36	0
0.56101	0.000114203	0.2	6	1604.25	0
0.56101	0.000124775	0.2	6	1595.51	0
0.56101	0.000136326	0.2	6	1586.09	0
0.56101	0.000148946	0.2	6	1575.98	0
0.56101	0.000162735	0.2	6	1565.12	0
0.56101	0.0001778	0.2	6	1553.5	0
0.56101	0.00019426	0.2	6	1541.08	0
0.56101	0.000212243	0.2	6	1527.86	0
0.56101	0.000231891	0.2	6	1513.81	0
0.56101	0.000253358	0.2	6	1498.94	0
0.56101	0.000276813	0.2	6	1483.28	0
0.56101	0.000302439	0.2	6	1466.85	0
0.56101	0.000330437	0.2	6	1449.71	0
0.56101	0.000361027	0.2	6	1431.97	0
0.56101	0.000394448	0.2	6	1413.76	0
0.56101	0.000430964	0.2	6	1395.26	0
0.56101	0.00047086	0.2	6	1376.7	0
0.56101	0.00051445	0.2	6	1358.42	0
0.56101	0.000562075	0.2	6	1340.81	0
0.56101	0.000614108	0.2	6	1324.41	0
0.56101	0.000670959	0.2	6	1309.87	0
0.56101	0.000733073	0.2	6	1298.01	0
0.56101	0.000800936	0.2	6	1289.87	0
0.56101	0.000875083	0.2	6	1286.73	0
0.56101	0.000956093	0.2	6	1290.17	0
0.56101	0.0010446	0.2	6	1302.11	0
0.56101	0.00114131	0.2	6	1324.93	0
0.56101	0.00124696	0.2	6	1361.55	0
0.56101	0.0013624	0.2	6	1415.48	0
0.56101	0.00148852	0.2	6	1491.05	0
0.56101	0.00162632	0.2	6	1593.46	0
0.56101	0.00177687	0.2	6	1729.06	0
0.56101	0.00194137	0.2	6	1905.51	0
0.56101	0.00212109	0.2	6	2132.07	0
0.56101	0.00231745	0.2	6	2419.92	0
0.56101	0.00253198	0.2	6	2782.55	0
0.56101	0.00276638	0.2	6	3236.2	0
0.56101	0.00302248	0.2	6	3800.44	0
0.56101	0.00330228	0.2	6	4498.77	0
0.56101	0.00360798	0.2	6	5359.49	0
0.56101	0.00394199	0.2	6	6416.54	0
0.56101	0.00430692	0.2	6	7710.72	0
0.56101	0.00470563	0.2	6	9290.94	0
0.56101	0.00514125	0.2	6	11215.9	0
0.56101	0.0056172	0.2	6	13555.9	0
0.56101	0.0061372	0.2	6	16395.4	0
0.56101	0.00670535	0.2	6	19835.2	0
0.56101	0.0073261	0.2	6	23996.5	0
0.56101	0.0080043	0.2	6	29023.9	0
0.56101	0.0087453	0.2	6	35091	0
0.56101	0.00955489	0.2	6	42405.1	0
0.56101	0.0104394	0.2	6	51214.6	0
0.56101	0.0114058	0.2	6	61816.3	0
0.56101	0.0124617	0.2	6	74565.3	0
0.56101	0.0136154	0.2	6	89886.3	0
0.56101	0.0148758	0.2	6	108287	0
0.56101	0.0162529	0.2	6	130375	0
0.56101	0.0177575	0.2	6	156874	0
0.56101	0.0194014	0.2	6	188653	0
0.56101	0.0211975	0.2	6	226748	0
0.56101	0.0231598	0.2	6	272396	0
0.56101	0.0253038	0.2	6	327077	0
0.56101	0.0276463	0.2	6	392559	0
0.56101	0.0302057	0.2	6	470954	0
0.56101	0.0330019	0.2	6	564783	0
0.56101	0.0360571	0.2	6	677060	0
0.56101	0.039395	0.2	6	811384	0
0.56101	0.043042	0.2	6	972053	0
0.56101	0.0470266	0.2	6	1.1642e+06	0
0.56101	0.05138	0.2	6	1.39396e+06	0
0.56101	0.0561365	0.2	6	1.66865e+06	0
0.56101	0.0613333	0.2	6	1.99702e+06	0
0.56101	0.0670111	0.2	6	2.38951e+06	0
0.56101	0.0732147	0.2	6	2.85858e+06	0
0.56101	0.0799925	0.2	6	3.41913e+06	0
0.56101	0.0873977	0.2	6	4.08894e+06	0
0.56101	0.0954885	0.2	6	4.88923e+06	0
0.56101	0.104328	0.2	6	5.84535e+06	0
0.56101	0.113986	0.2	6	6.98756e+06	0
0.56101	0.124539	0.2	6	8.35201e+06	0
0.56101	0.136068	0.2	6	9.98183e+06	0
0.56101	0.148664	0.2	6	1.19285e+07	0
0.56101	0.162426	0.2	6	1.42536e+07	0
0.56101	0.177463	0.2	6	1.70306e+07	0
0.56101	0.193892	0.2	6	2.0347e+07	0
0.56101	0.211841	0.2	6	2.43077e+07	0
0.56101	0.231452	0.2	6	2.90375e+07	0
0.56101	0.252878	0.2	6	3.46856e+07	0
0.56101	0.276288	0.2	6	4.14304e+07	0
0.56101	0.301866	0.2	6	4.94843e+07	0
0.56101	0.329811	0.2	6	5.91015e+07	0
0.56101	0.360343	0.2	6	7.05851e+07	0
0.56101	0.393701	0.2	6	8.42972e+07	0
0.56101	0.430148	0.2	6	1.0067e+08	0
0.56101	0.469968	0.2	6	1.2022e+08	0
0.56101	0.513475	0.2	6	1.43562e+08	0
0.56101	0.56101	0.2	6	1.71434e+08	0
0.56101	0.612945	0.2	6	2.04713e+08	0
0.56101	0.669688	0.2	6	2.44449e+08	0
0.612945	0.000104526	0.2	6	1490.5	0
0.612945	0.000114203	0.2	6	1481.85	0
0.612945	0.000124775	0.2	6	1472.53	0
0.612945	0.000136326	0.2	6	1462.52	0
0.612945	0.000148946	0.2	6	1451.78	0
0.612945	0.000162735	0.2	6	1440.28	0
0.612945	0.0001778	0.2	6	1428	0
0.612945	0.00019426	0.2	6	1414.93	0
0.612945	0.000212243	0.2	6	1401.05	0
0.612945	0.000231891	0.2	6	1386.36	0
0.612945	0.000253358	0.2	6	1370.89	0
0.612945	0.000276813	0.2	6	1354.67	0
0.612945	0.000302439	0.2	6	1337.78	0
0.612945	0.000330437	0.2	6	1320.29	0
0.612945	0.000361027	0.2	6	1302.36	0
0.612945	0.000394448	0.2	6	1284.16	0
0.612945	0.000430964	0.2	6	1265.94	0
0.612945	0.00047086	0.2	6	1248.03	0
0.612945	0.00051445	0.2	6	1230.82	0
0.612945	0.000562075	0.2	6	1214.86	0
0.612945	0.000614108	0.2	6	1200.79	0
0.612945	0.000670959	0.2	6	1189.46	0
0.612945	0.000733073	0.2	6	1181.9	0
0.612945	0.000800936	0.2	6	1179.38	0
0.612945	0.000875083	0.2	6	1183.5	0
0.612945	0.000956093	0.2	6	1196.19	0
0.612945	0.0010446	0.2	6	1219.84	0
0.612945	0.00114131	0.2	6	1257.35	0
0.612945	0.00124696	0.2	6	1312.27	0
0.612945	0.0013624	0.2	6	1388.9	0
0.612945	0.00148852	0.2	6	1492.5	0
0.612945	0.00162632	0.2	6	1629.38	0
0.612945	0.00177687	0.2	6	1807.24	0
0.612945	0.00194137	0.2	6	2035.34	0
0.612945	0.00212109	0.2	6	2324.89	0
0.612945	0.00231745	0.2	6	2689.37	0
0.612945	0.00253198	0.2	6	3145.05	0
0.612945	0.00276638	0.2	6	3711.51	0
0.612945	0.00302248	0.2	6	4412.29	0
0.612945	0.00330228	0.2	6	5275.68	0
0.612945	0.00360798	0.2	6	6335.67	0
0.612945	0.00394199	0.2	6	7633.07	0
0.612945	0.00430692	0.2	6	9216.83	0
0.612945	0.00470563	0.2	6	11145.7	0
0.612945	0.00514125	0.2	6	13490	0
0.612945	0.0056172	0.2	6	16334.1	0
0.612945	0.0061372	0.2	6	19779.1	0
0.612945	0.00670535	0.2	6	23946.1	0
0.612945	0.0073261	0.2	6	28979.8	0
0.612945	0.0080043	0.2	6	35053.8	0
0.612945	0.0087453	0.2	6	42375.5	0
0.612945	0.00955489	0.2	6	51193.4	0
0.612945	0.0104394	0.2	6	61804.3	0
0.612945	0.0114058	0.2	6	74563.6	0
0.612945	0.0124617	0.2	6	89896	0
0.612945	0.0136154	0.2	6	108309	0
0.612945	0.0148758	0.2	6	130411	0
0.612945	0.0162529	0.2	6	156926	0
0.612945	0.0177575	0.2	6	188722	0
0.612945	0.0194014	0.2	6	226836	0
0.612945	0.0211975	0.2	6	272505	0
0.612945	0.0231598	0.2	6	327210	0
0.612945	0.0253038	0.2	6	392718	0
0.612945	0.0276463	0.2	6	471142	0
0.612945	0.0302057	0.2	6	565004	0
0.612945	0.0330019	0.2	6	677318	0
0.612945	0.0360571	0.2	6	811683	0
0.612945	0.039395	0.2	6	972399	0
0.612945	0.043042	0.2	6	1.1646e+06	0
0.612945	0.0470266	0.2	6	1.39442e+06	0
0.612945	0.05138	0.2	6	1.66917e+06	0
0.612945	0.0561365	0.2	6	1.99762e+06	0
0.612945	0.0613333	0.2	6	2.39019e+06	0
0.612945	0.0670111	0.2	6	2.85935e+06	0
0.612945	0.0732147	0.2	6	3.42001e+06	0
0.612945	0.0799925	0.2	6	4.08993e+06	0
0.612945	0.0873977	0.2	6	4.89036e+06	0
0.612945	0.0954885	0.2	6	5.84663e+06	0
0.612945	0.104328	0.2	6	6.98901e+06	0
0.612945	0.113986	0.2	6	8.35364e+06	0
0.612945	0.124539	0.2	6	9.98367e+06	0
0.612945	0.136068	0.2	6	1.19306e+07	0
0.612945	0.148664	0.2	6	1.4256e+07	0
0.612945	0.162426	0.2	6	1.70332e+07	0
0.612945	0.177463	0.2	6	2.035e+07	0
0.612945	0.193892	0.2	6	2.43109e+07	0
0.612945	0.211841	0.2	6	2.90411e+07	0
0.612945	0.231452	0.2	6	3.46896e+07	0
0.612945	0.252878	0.2	6	4.14347e+07	0
0.612945	0.276288	0.2	6	4.94891e+07	0
0.612945	0.301866	0.2	6	5.91066e+07	0
0.612945	0.329811	0.2	6	7.05905e+07	0
0.612945	0.360343	0.2	6	8.43027e+07	0
0.612945	0.393701	0.2	6	1.00675e+08	0
0.612945	0.430148	0.2	6	1.20225e+08	0
0.612945	0.469968	0.2	6	1.43567e+08	0
0.612945	0.513475	0.2	6	1.71437e+08	0
0.612945	0.56101	0.2	6	2.04714e+08	0
0.612945	0.612945	0.2	6	2.44446e+08	0
0.612945	0.669688	0.2	6	2.91885e+08	0
0.669688	0.000104526	0.2	6	1291.83	0
0.669688	0.000114203	0.2	6	1282.68	0
0.669688	0.000124775	0.2	6	1272.85	0
0.669688	0.000136326	0.2	6	1262.31	0
0.669688	0.000148946	0.2	6	1251.04	0
0.669688	0.000162735	0.2	6	1239	0
0.669688	0.0001778	0.2	6	1226.18	0
0.669688	0.00019426	0.2	6	1212.59	0
0.669688	0.000212243	0.2	6	1198.21	0
0.669688	0.000231891	0.2	6	1183.08	0
0.669688	0.000253358	0.2	6	1167.24	0
0.669688	0.000276813	0.2	6	1150.75	0
0.669688	0.000302439	0.2	6	1133.71	0
0.669688	0.000330437	0.2	6	1116.27	0
0.669688	0.000361027	0.2	6	1098.6	0
0.669688	0.000394448	0.2	6	1080.96	0
0.669688	0.000430964	0.2	6	1063.68	0
0.669688	0.00047086	0.2	6	1047.17	0
0.669688	0.00051445	0.2	6	1031.96	0
0.669688	0.000562075	0.2	6	1018.73	0
0.669688	0.000614108	0.2	6	1008.3	0
0.669688	0.000670959	0.2	6	1001.73	0
0.669688	0.000733073	0.2	6	1000.3	0
0.669688	0.000800936	0.2	6	1005.6	0
0.669688	0.000875083	0.2	6	1019.59	0
0.669688	0.000956093	0.2	6	1044.65	0
0.669688	0.0010446	0.2	6	1083.71	0
0.669688	0.00114131	0.2	6	1140.32	0
0.669688	0.00124696	0.2	6	1218.81	0
0.669688	0.0013624	0.2	6	1324.42	0
0.669688	0.00148852	0.2	6	1463.52	0
0.669688	0.00162632	0.2	6	1643.8	0
0.669688	0.00177687	0.2	6	1874.55	0
0.669688	0.00194137	0.2	6	2167	0
0.669688	0.00212109	0.2	6	2534.65	0
0.669688	0.00231745	0.2	6	2993.8	0
0.669688	0.00253198	0.2	6	3564.06	0
0.669688	0.00276638	0.2	6	4269	0
0.669688	0.00302248	0.2	6	5136.94	0
0.669688	0.00330228	0.2	6	6201.92	0
0.669688	0.00360798	0.2	6	7504.78	0
0.669688	0.00394199	0.2	6	9094.52	0
0.669688	0.00430692	0.2	6	11029.9	0
0.669688	0.00470563	0.2	6	13381.4	0
0.669688	0.00514125	0.2	6	16233.4	0
0.669688	0.0056172	0.2	6	19687.1	0
0.669688	0.0061372	0.2	6	23863.5	0
0.669688	0.00670535	0.2	6	28907.7	0
0.669688	0.0073261	0.2	6	34993.1	0
0.669688	0.0080043	0.2	6	42327.4	0
0.669688	0.0087453	0.2	6	51159	0
0.669688	0.00955489	0.2	6	61785.1	0
0.669688	0.0104394	0.2	6	74561.1	0
0.669688	0.0114058	0.2	6	89911.8	0
0.669688	0.0124617	0.2	6	108345	0
0.669688	0.0136154	0.2	6	130469	0
0.669688	0.0148758	0.2	6	157009	0
0.669688	0.0162529	0.2	6	188832	0
0.669688	0.0177575	0.2	6	226975	0
0.669688	0.0194014	0.2	6	272678	0
0.669688	0.0211975	0.2	6	327419	0
0.669688	0.0231598	0.2	6	392968	0
0.669688	0.0253038	0.2	6	471436	0
0.669688	0.0276463	0.2	6	565348	0
0.669688	0.0302057	0.2	6	677717	0
0.669688	0.0330019	0.2	6	812143	0
0.669688	0.0360571	0.2	6	972926	0
0.669688	0.039395	0.2	6	1.1652e+06	0
0.669688	0.043042	0.2	6	1.3951e+06	0
0.669688	0.0470266	0.2	6	1.66995e+06	0
0.669688	0.05138	0.2	6	1.9985e+06	0
0.669688	0.0561365	0.2	6	2.39119e+06	0
0.669688	0.0613333	0.2	6	2.86048e+06	0
0.669688	0.0670111	0.2	6	3.42128e+06	0
0.669688	0.0732147	0.2	6	4.09137e+06	0
0.669688	0.0799925	0.2	6	4.89197e+06	0
0.669688	0.0873977	0.2	6	5.84844e+06	0
0.669688	0.0954885	0.2	6	6.99105e+06	0
0.669688	0.104328	0.2	6	8.35593e+06	0
0.669688	0.113986	0.2	6	9.98624e+06	0
0.669688	0.124539	0.2	6	1.19335e+07	0
0.669688	0.136068	0.2	6	1.42592e+07	0
0.669688	0.148664	0.2	6	1.70368e+07	0
0.669688	0.162426	0.2	6	2.0354e+07	0
0.669688	0.177463	0.2	6	2.43154e+07	0
0.669688	0.193892	0.2	6	2.9046e+07	0
0.669688	0.211841	0.2	6	3.46951e+07	0
0.669688	0.231452	0.2	6	4.14408e+07	0
0.669688	0.252878	0.2	6	4.94957e+07	0
0.669688	0.276288	0.2	6	5.91138e+07	0
0.669688	0.301866	0.2	6	7.05983e+07	0
0.669688	0.329811	0.2	6	8.4311e+07	0
0.669688	0.360343	0.2	6	1.00684e+08	0
0.669688	0.393701	0.2	6	1.20234e+08	0
0.669688	0.430148	0.2	6	1.43575e+08	0
0.669688	0.469968	0.2	6	1.71445e+08	0
0.669688	0.513475	0.2	6	2.0472e+08	0
0.669688	0.56101	0.2	6	2.4445e+08	0
0.669688	0.612945	0.2	6	2.91886e+08	0
0.669688	0.669688	0.2	6	3.48523e+08	0
