0.04	0.01	0.000104526	0.103514	284.931	0
0.04	0.01	0.000104526	0.110917	283.957	0
0.04	0.01	0.000104526	0.11885	282.845	0
0.04	0.01	0.000104526	0.12735	281.575	0
0.04	0.01	0.000104526	0.136458	280.128	0
0.04	0.01	0.000104526	0.146218	278.479	0
0.04	0.01	0.000104526	0.156675	276.604	0
0.04	0.01	0.000104526	0.16788	274.473	0
0.04	0.01	0.000104526	0.179887	272.055	0
0.04	0.01	0.000104526	0.192752	269.318	0
0.04	0.01	0.000104526	0.206538	266.224	0
0.04	0.01	0.000104526	0.221309	262.735	0
0.04	0.01	0.000104526	0.237137	258.812	0
0.04	0.01	0.000104526	0.254097	254.412	0
0.04	0.01	0.000104526	0.27227	249.497	0
0.04	0.01	0.000104526	0.291743	244.026	0
0.04	0.01	0.000104526	0.312608	237.963	0
0.04	0.01	0.000104526	0.334965	231.279	0
0.04	0.01	0.000104526	0.358922	223.951	0
0.04	0.01	0.000104526	0.384592	215.97	0
0.04	0.01	0.000104526	0.412098	207.34	0
0.04	0.01	0.000104526	0.44157	198.087	0
0.04	0.01	0.000104526	0.473151	188.256	0
0.04	0.01	0.000104526	0.506991	177.92	0
0.04	0.01	0.000104526	0.54325	167.177	0
0.04	0.01	0.000104526	0.582103	156.155	0
0.04	0.01	0.000104526	0.623735	145.005	0
0.04	0.01	0.000104526	0.668344	133.9	0
0.04	0.01	0.000104526	0.716143	123.026	0
0.04	0.01	0.000104526	0.767361	112.573	0
0.04	0.01	0.000104526	0.822243	102.722	0
0.04	0.01	0.000104526	0.881049	93.6362	0
0.04	0.01	0.000104526	0.944061	85.4484	0
0.04	0.01	0.000104526	1.01158	78.2578	0
0.04	0.01	0.000104526	1.08393	72.1264	0
0.04	0.01	0.000104526	1.16145	67.0807	0
0.04	0.01	0.000104526	1.24451	63.1159	0
0.04	0.01	0.000104526	1.33352	60.2018	0
0.04	0.01	0.000104526	1.42889	58.2879	0
0.04	0.01	0.000104526	1.53109	57.3117	0
0.04	0.01	0.000104526	1.64059	57.2066	0
0.04	0.01	0.000104526	1.75792	57.9085	0
0.04	0.01	0.000104526	1.88365	59.3501	0
0.04	0.01	0.000104526	2.01837	61.4359	0
0.04	0.01	0.000104526	2.16272	63.995	0
0.04	0.01	0.000104526	2.31739	66.7114	0
0.04	0.01	0.000104526	2.48313	69.0382	0
0.04	0.01	0.000104526	2.66073	70.1512	0
0.04	0.01	0.000104526	2.85102	69.0799	0
0.04	0.01	0.000104526	3.05492	65.1283	0
0.04	0.01	0.000104526	3.27341	58.3935	0
0.04	0.01	0.000104526	3.50752	49.9189	0
0.04	0.01	0.000104526	3.75837	41.2414	0
0.04	0.01	0.000104526	4.02717	33.5391	0
0.04	0.01	0.000104526	4.31519	26.8837	0
0.04	0.01	0.000104526	4.62381	20.3535	0
0.04	0.01	0.000104526	4.9545	13.2868	0
0.04	0.01	0.000104526	5.30884	6.34656	0
0.04	0.01	0.000104526	5.68853	1.33553	0
0.04	0.01	0.000104526	6.09537	0.138937	0
0.04	0.01	0.000104526	6.53131	3.9643	0
0.04	0.01	0.000104526	6.99842	13.5443	0
0.04	0.01	0.000104526	7.49894	27.0611	0
0.04	0.01	0.000104526	8.03526	38.8406	0
0.04	0.01	0.000104526	8.60994	45.1963	0
0.04	0.01	0.000104526	9.22571	46.9851	0
0.04	0.01	0.000104526	9.88553	47.3626	0
0.04	0.01	0.000104526	10.5925	48.981	0
0.04	0.01	0.000104526	11.3501	52.6808	0
0.04	0.01	0.000104526	12.1619	59.1172	0
0.04	0.01	0.000104526	13.0317	66.8888	0
0.04	0.01	0.000104526	13.9637	70.7364	0
0.04	0.01	0.000104526	14.9624	66.9812	0
0.04	0.01	0.000104526	16.0325	59.8741	0
0.04	0.01	0.000104526	17.1791	55.9479	0
0.04	0.01	0.000104526	18.4077	56.0037	0
0.04	0.01	0.000104526	19.7242	54.622	0
0.04	0.01	0.000104526	21.1349	49.6208	0
0.04	0.01	0.000104526	22.6464	44.1208	0
0.04	0.01	0.000104526	24.2661	38.9759	0
0.04	0.01	0.000104526	26.0016	35.8213	0
0.04	0.01	0.000104526	27.8612	33.4943	0
0.04	0.01	0.000104526	29.8538	30.8324	0
0.04	0.01	0.000104526	31.989	31.7597	0
0.04	0.01	0.000104526	34.2768	33.3768	0
0.04	0.01	0.000104526	36.7282	36.0748	0
0.04	0.01	0.000104526	39.355	43.1661	0
0.04	0.01	0.000104526	42.1697	44.572	0
0.04	0.01	0.000104526	45.1856	47.4675	0
0.04	0.01	0.000104526	48.4172	49.1585	0
0.04	0.01	0.000104526	51.88	46.5807	0
0.04	0.01	0.000104526	55.5904	44.0739	0
0.04	0.01	0.000104526	59.5662	32.8809	0
0.04	0.01	0.000104526	63.8263	26.2048	0
0.04	0.01	0.000104526	68.3912	26.7761	0
0.04	0.01	0.000104526	73.2825	28.7286	0
0.04	0.01	0.000104526	78.5236	29.9322	0
0.04	0.01	0.000104526	84.1395	30.0817	0
0.04	0.01	0.000104526	90.1571	28.1718	0
0.04	0.01	0.000104526	96.6051	25.9533	0
0.04	0.01	0.000114203	0.103514	284.931	0
0.04	0.01	0.000114203	0.110917	283.957	0
0.04	0.01	0.000114203	0.11885	282.845	0
0.04	0.01	0.000114203	0.12735	281.575	0
0.04	0.01	0.000114203	0.136458	280.128	0
0.04	0.01	0.000114203	0.146218	278.479	0
0.04	0.01	0.000114203	0.156675	276.604	0
0.04	0.01	0.000114203	0.16788	274.473	0
0.04	0.01	0.000114203	0.179887	272.055	0
0.04	0.01	0.000114203	0.192752	269.318	0
0.04	0.01	0.000114203	0.206538	266.224	0
0.04	0.01	0.000114203	0.221309	262.735	0
0.04	0.01	0.000114203	0.237137	258.812	0
0.04	0.01	0.000114203	0.254097	254.412	0
0.04	0.01	0.000114203	0.27227	249.497	0
0.04	0.01	0.000114203	0.291743	244.026	0
0.04	0.01	0.000114203	0.312608	237.963	0
0.04	0.01	0.000114203	0.334965	231.279	0
0.04	0.01	0.000114203	0.358922	223.951	0
0.04	0.01	0.000114203	0.384592	215.97	0
0.04	0.01	0.000114203	0.412098	207.34	0
0.04	0.01	0.000114203	0.44157	198.087	0
0.04	0.01	0.000114203	0.473151	188.256	0
0.04	0.01	0.000114203	0.506991	177.92	0
0.04	0.01	0.000114203	0.54325	167.177	0
0.04	0.01	0.000114203	0.582103	156.155	0
0.04	0.01	0.000114203	0.623735	145.005	0
0.04	0.01	0.000114203	0.668344	133.9	0
0.04	0.01	0.000114203	0.716143	123.026	0
0.04	0.01	0.000114203	0.767361	112.573	0
0.04	0.01	0.000114203	0.822243	102.722	0
0.04	0.01	0.000114203	0.881049	93.6362	0
0.04	0.01	0.000114203	0.944061	85.4484	0
0.04	0.01	0.000114203	1.01158	78.2578	0
0.04	0.01	0.000114203	1.08393	72.1264	0
0.04	0.01	0.000114203	1.16145	67.0807	0
0.04	0.01	0.000114203	1.24451	63.1159	0
0.04	0.01	0.000114203	1.33352	60.2018	0
0.04	0.01	0.000114203	1.42889	58.2879	0
0.04	0.01	0.000114203	1.53109	57.3117	0
0.04	0.01	0.000114203	1.64059	57.2066	0
0.04	0.01	0.000114203	1.75792	57.9085	0
0.04	0.01	0.000114203	1.88365	59.3501	0
0.04	0.01	0.000114203	2.01837	61.4359	0
0.04	0.01	0.000114203	2.16272	63.995	0
0.04	0.01	0.000114203	2.31739	66.7113	0
0.04	0.01	0.000114203	2.48313	69.0382	0
0.04	0.01	0.000114203	2.66073	70.1512	0
0.04	0.01	0.000114203	2.85102	69.0799	0
0.04	0.01	0.000114203	3.05492	65.1283	0
0.04	0.01	0.000114203	3.27341	58.3935	0
0.04	0.01	0.000114203	3.50752	49.9189	0
0.04	0.01	0.000114203	3.75837	41.2414	0
0.04	0.01	0.000114203	4.02717	33.5391	0
0.04	0.01	0.000114203	4.31519	26.8837	0
0.04	0.01	0.000114203	4.62381	20.3535	0
0.04	0.01	0.000114203	4.9545	13.2868	0
0.04	0.01	0.000114203	5.30884	6.34656	0
0.04	0.01	0.000114203	5.68853	1.33553	0
0.04	0.01	0.000114203	6.09537	0.138937	0
0.04	0.01	0.000114203	6.53131	3.9643	0
0.04	0.01	0.000114203	6.99842	13.5443	0
0.04	0.01	0.000114203	7.49894	27.0611	0
0.04	0.01	0.000114203	8.03526	38.8406	0
0.04	0.01	0.000114203	8.60994	45.1963	0
0.04	0.01	0.000114203	9.22571	46.9851	0
0.04	0.01	0.000114203	9.88553	47.3626	0
0.04	0.01	0.000114203	10.5925	48.981	0
0.04	0.01	0.000114203	11.3501	52.6808	0
0.04	0.01	0.000114203	12.1619	59.1173	0
0.04	0.01	0.000114203	13.0317	66.8888	0
0.04	0.01	0.000114203	13.9637	70.7364	0
0.04	0.01	0.000114203	14.9624	66.9812	0
0.04	0.01	0.000114203	16.0325	59.8741	0
0.04	0.01	0.000114203	17.1791	55.9479	0
0.04	0.01	0.000114203	18.4077	56.0037	0
0.04	0.01	0.000114203	19.7242	54.622	0
0.04	0.01	0.000114203	21.1349	49.6208	0
0.04	0.01	0.000114203	22.6464	44.1208	0
0.04	0.01	0.000114203	24.2661	38.9759	0
0.04	0.01	0.000114203	26.0016	35.8213	0
0.04	0.01	0.000114203	27.8612	33.4943	0
0.04	0.01	0.000114203	29.8538	30.8324	0
0.04	0.01	0.000114203	31.989	31.7597	0
0.04	0.01	0.000114203	34.2768	33.3768	0
0.04	0.01	0.000114203	36.7282	36.0748	0
0.04	0.01	0.000114203	39.355	43.1661	0
0.04	0.01	0.000114203	42.1697	44.572	0
0.04	0.01	0.000114203	45.1856	47.4675	0
0.04	0.01	0.000114203	48.4172	49.1585	0
0.04	0.01	0.000114203	51.88	46.5807	0
0.04	0.01	0.000114203	55.5904	44.0739	0
0.04	0.01	0.000114203	59.5662	32.8809	0
0.04	0.01	0.000114203	63.8263	26.2048	0
0.04	0.01	0.000114203	68.3912	26.7761	0
0.04	0.01	0.000114203	73.2825	28.7286	0
0.04	0.01	0.000114203	78.5236	29.9322	0
0.04	0.01	0.000114203	84.1395	30.0817	0
0.04	0.01	0.000114203	90.1571	28.1718	0
0.04	0.01	0.000114203	96.6051	25.9533	0
0.04	0.01	0.000124775	0.103514	284.931	0
0.04	0.01	0.000124775	0.110917	283.957	0
0.04	0.01	0.000124775	0.11885	282.845	0
0.04	0.01	0.000124775	0.12735	281.575	0
0.04	0.01	0.000124775	0.136458	280.128	0
0.04	0.01	0.000124775	0.146218	278.479	0
0.04	0.01	0.000124775	0.156675	276.604	0
0.04	0.01	0.000124775	0.16788	274.473	0
0.04	0.01	0.000124775	0.179887	272.055	0
0.04	0.01	0.000124775	0.192752	269.318	0
0.04	0.01	0.000124775	0.206538	266.224	0
0.04	0.01	0.000124775	0.221309	262.735	0
0.04	0.01	0.000124775	0.237137	258.812	0
0.04	0.01	0.000124775	0.254097	254.412	0
0.04	0.01	0.000124775	0.27227	249.497	0
0.04	0.01	0.000124775	0.291743	244.026	0
0.04	0.01	0.000124775	0.312608	237.963	0
0.04	0.01	0.000124775	0.334965	231.279	0
0.04	0.01	0.000124775	0.358922	223.951	0
0.04	0.01	0.000124775	0.384592	215.97	0
0.04	0.01	0.000124775	0.412098	207.34	0
0.04	0.01	0.000124775	0.44157	198.087	0
0.04	0.01	0.000124775	0.473151	188.256	0
0.04	0.01	0.000124775	0.506991	177.92	0
0.04	0.01	0.000124775	0.54325	167.177	0
0.04	0.01	0.000124775	0.582103	156.155	0
0.04	0.01	0.000124775	0.623735	145.005	0
0.04	0.01	0.000124775	0.668344	133.9	0
0.04	0.01	0.000124775	0.716143	123.026	0
0.04	0.01	0.000124775	0.767361	112.573	0
0.04	0.01	0.000124775	0.822243	102.722	0
0.04	0.01	0.000124775	0.881049	93.6362	0
0.04	0.01	0.000124775	0.944061	85.4484	0
0.04	0.01	0.000124775	1.01158	78.2578	0
0.04	0.01	0.000124775	1.08393	72.1264	0
0.04	0.01	0.000124775	1.16145	67.0807	0
0.04	0.01	0.000124775	1.24451	63.1159	0
0.04	0.01	0.000124775	1.33352	60.2018	0
0.04	0.01	0.000124775	1.42889	58.2879	0
0.04	0.01	0.000124775	1.53109	57.3117	0
0.04	0.01	0.000124775	1.64059	57.2066	0
0.04	0.01	0.000124775	1.75792	57.9085	0
0.04	0.01	0.000124775	1.88365	59.3501	0
0.04	0.01	0.000124775	2.01837	61.4359	0
0.04	0.01	0.000124775	2.16272	63.995	0
0.04	0.01	0.000124775	2.31739	66.7113	0
0.04	0.01	0.000124775	2.48313	69.0382	0
0.04	0.01	0.000124775	2.66073	70.1512	0
0.04	0.01	0.000124775	2.85102	69.0799	0
0.04	0.01	0.000124775	3.05492	65.1283	0
0.04	0.01	0.000124775	3.27341	58.3935	0
0.04	0.01	0.000124775	3.50752	49.9189	0
0.04	0.01	0.000124775	3.75837	41.2414	0
0.04	0.01	0.000124775	4.02717	33.5391	0
0.04	0.01	0.000124775	4.31519	26.8837	0
0.04	0.01	0.000124775	4.62381	20.3535	0
0.04	0.01	0.000124775	4.9545	13.2868	0
0.04	0.01	0.000124775	5.30884	6.34656	0
0.04	0.01	0.000124775	5.68853	1.33553	0
0.04	0.01	0.000124775	6.09537	0.138936	0
0.04	0.01	0.000124775	6.53131	3.96429	0
0.04	0.01	0.000124775	6.99842	13.5443	0
0.04	0.01	0.000124775	7.49894	27.0611	0
0.04	0.01	0.000124775	8.03526	38.8406	0
0.04	0.01	0.000124775	8.60994	45.1963	0
0.04	0.01	0.000124775	9.22571	46.9851	0
0.04	0.01	0.000124775	9.88553	47.3626	0
0.04	0.01	0.000124775	10.5925	48.981	0
0.04	0.01	0.000124775	11.3501	52.6808	0
0.04	0.01	0.000124775	12.1619	59.1173	0
0.04	0.01	0.000124775	13.0317	66.8888	0
0.04	0.01	0.000124775	13.9637	70.7364	0
0.04	0.01	0.000124775	14.9624	66.9812	0
0.04	0.01	0.000124775	16.0325	59.8741	0
0.04	0.01	0.000124775	17.1791	55.9479	0
0.04	0.01	0.000124775	18.4077	56.0037	0
0.04	0.01	0.000124775	19.7242	54.622	0
0.04	0.01	0.000124775	21.1349	49.6208	0
0.04	0.01	0.000124775	22.6464	44.1208	0
0.04	0.01	0.000124775	24.2661	38.9759	0
0.04	0.01	0.000124775	26.0016	35.8213	0
0.04	0.01	0.000124775	27.8612	33.4943	0
0.04	0.01	0.000124775	29.8538	30.8324	0
0.04	0.01	0.000124775	31.989	31.7597	0
0.04	0.01	0.000124775	34.2768	33.3768	0
0.04	0.01	0.000124775	36.7282	36.0748	0
0.04	0.01	0.000124775	39.355	43.1661	0
0.04	0.01	0.000124775	42.1697	44.572	0
0.04	0.01	0.000124775	45.1856	47.4675	0
0.04	0.01	0.000124775	48.4172	49.1585	0
0.04	0.01	0.000124775	51.88	46.5807	0
0.04	0.01	0.000124775	55.5904	44.0739	0
0.04	0.01	0.000124775	59.5662	32.8809	0
0.04	0.01	0.000124775	63.8263	26.2048	0
0.04	0.01	0.000124775	68.3912	26.7761	0
0.04	0.01	0.000124775	73.2825	28.7286	0
0.04	0.01	0.000124775	78.5236	29.9322	0
0.04	0.01	0.000124775	84.1395	30.0817	0
0.04	0.01	0.000124775	90.1571	28.1718	0
0.04	0.01	0.000124775	96.6051	25.9533	0
0.04	0.01	0.000136326	0.103514	284.931	0
0.04	0.01	0.000136326	0.110917	283.957	0
0.04	0.01	0.000136326	0.11885	282.845	0
0.04	0.01	0.000136326	0.12735	281.575	0
0.04	0.01	0.000136326	0.136458	280.128	0
0.04	0.01	0.000136326	0.146218	278.479	0
0.04	0.01	0.000136326	0.156675	276.604	0
0.04	0.01	0.000136326	0.16788	274.473	0
0.04	0.01	0.000136326	0.179887	272.055	0
0.04	0.01	0.000136326	0.192752	269.318	0
0.04	0.01	0.000136326	0.206538	266.224	0
0.04	0.01	0.000136326	0.221309	262.735	0
0.04	0.01	0.000136326	0.237137	258.812	0
0.04	0.01	0.000136326	0.254097	254.412	0
0.04	0.01	0.000136326	0.27227	249.497	0
0.04	0.01	0.000136326	0.291743	244.026	0
0.04	0.01	0.000136326	0.312608	237.963	0
0.04	0.01	0.000136326	0.334965	231.279	0
0.04	0.01	0.000136326	0.358922	223.951	0
0.04	0.01	0.000136326	0.384592	215.97	0
0.04	0.01	0.000136326	0.412098	207.34	0
0.04	0.01	0.000136326	0.44157	198.087	0
0.04	0.01	0.000136326	0.473151	188.256	0
0.04	0.01	0.000136326	0.506991	177.92	0
0.04	0.01	0.000136326	0.54325	167.177	0
0.04	0.01	0.000136326	0.582103	156.155	0
0.04	0.01	0.000136326	0.623735	145.005	0
0.04	0.01	0.000136326	0.668344	133.9	0
0.04	0.01	0.000136326	0.716143	123.026	0
0.04	0.01	0.000136326	0.767361	112.573	0
0.04	0.01	0.000136326	0.822243	102.722	0
0.04	0.01	0.000136326	0.881049	93.6362	0
0.04	0.01	0.000136326	0.944061	85.4484	0
0.04	0.01	0.000136326	1.01158	78.2578	0
0.04	0.01	0.000136326	1.08393	72.1264	0
0.04	0.01	0.000136326	1.16145	67.0807	0
0.04	0.01	0.000136326	1.24451	63.1159	0
0.04	0.01	0.000136326	1.33352	60.2018	0
0.04	0.01	0.000136326	1.42889	58.2879	0
0.04	0.01	0.000136326	1.53109	57.3117	0
0.04	0.01	0.000136326	1.64059	57.2066	0
0.04	0.01	0.000136326	1.75792	57.9085	0
0.04	0.01	0.000136326	1.88365	59.3501	0
0.04	0.01	0.000136326	2.01837	61.4359	0
0.04	0.01	0.000136326	2.16272	63.995	0
0.04	0.01	0.000136326	2.31739	66.7113	0
0.04	0.01	0.000136326	2.48313	69.0382	0
0.04	0.01	0.000136326	2.66073	70.1512	0
0.04	0.01	0.000136326	2.85102	69.0799	0
0.04	0.01	0.000136326	3.05492	65.1283	0
0.04	0.01	0.000136326	3.27341	58.3935	0
0.04	0.01	0.000136326	3.50752	49.9189	0
0.04	0.01	0.000136326	3.75837	41.2414	0
0.04	0.01	0.000136326	4.02717	33.5391	0
0.04	0.01	0.000136326	4.31519	26.8837	0
0.04	0.01	0.000136326	4.62381	20.3535	0
0.04	0.01	0.000136326	4.9545	13.2868	0
0.04	0.01	0.000136326	5.30884	6.34656	0
0.04	0.01	0.000136326	5.68853	1.33553	0
0.04	0.01	0.000136326	6.09537	0.138935	0
0.04	0.01	0.000136326	6.53131	3.96429	0
0.04	0.01	0.000136326	6.99842	13.5443	0
0.04	0.01	0.000136326	7.49894	27.0611	0
0.04	0.01	0.000136326	8.03526	38.8406	0
0.04	0.01	0.000136326	8.60994	45.1963	0
0.04	0.01	0.000136326	9.22571	46.9851	0
0.04	0.01	0.000136326	9.88553	47.3626	0
0.04	0.01	0.000136326	10.5925	48.981	0
0.04	0.01	0.000136326	11.3501	52.6808	0
0.04	0.01	0.000136326	12.1619	59.1173	0
0.04	0.01	0.000136326	13.0317	66.8888	0
0.04	0.01	0.000136326	13.9637	70.7364	0
0.04	0.01	0.000136326	14.9624	66.9812	0
0.04	0.01	0.000136326	16.0325	59.8741	0
0.04	0.01	0.000136326	17.1791	55.9479	0
0.04	0.01	0.000136326	18.4077	56.0037	0
0.04	0.01	0.000136326	19.7242	54.622	0
0.04	0.01	0.000136326	21.1349	49.6208	0
0.04	0.01	0.000136326	22.6464	44.1208	0
0.04	0.01	0.000136326	24.2661	38.9759	0
0.04	0.01	0.000136326	26.0016	35.8213	0
0.04	0.01	0.000136326	27.8612	33.4943	0
0.04	0.01	0.000136326	29.8538	30.8324	0
0.04	0.01	0.000136326	31.989	31.7597	0
0.04	0.01	0.000136326	34.2768	33.3768	0
0.04	0.01	0.000136326	36.7282	36.0748	0
0.04	0.01	0.000136326	39.355	43.1661	0
0.04	0.01	0.000136326	42.1697	44.572	0
0.04	0.01	0.000136326	45.1856	47.4675	0
0.04	0.01	0.000136326	48.4172	49.1585	0
0.04	0.01	0.000136326	51.88	46.5807	0
0.04	0.01	0.000136326	55.5904	44.0739	0
0.04	0.01	0.000136326	59.5662	32.8809	0
0.04	0.01	0.000136326	63.8263	26.2048	0
0.04	0.01	0.000136326	68.3912	26.7761	0
0.04	0.01	0.000136326	73.2825	28.7286	0
0.04	0.01	0.000136326	78.5236	29.9322	0
0.04	0.01	0.000136326	84.1395	30.0817	0
0.04	0.01	0.000136326	90.1571	28.1718	0
0.04	0.01	0.000136326	96.6051	25.9534	0
0.04	0.01	0.000148946	0.103514	284.931	0
0.04	0.01	0.000148946	0.110917	283.957	0
0.04	0.01	0.000148946	0.11885	282.845	0
0.04	0.01	0.000148946	0.12735	281.575	0
0.04	0.01	0.000148946	0.136458	280.128	0
0.04	0.01	0.000148946	0.146218	278.479	0
0.04	0.01	0.000148946	0.156675	276.604	0
0.04	0.01	0.000148946	0.16788	274.473	0
0.04	0.01	0.000148946	0.179887	272.055	0
0.04	0.01	0.000148946	0.192752	269.318	0
0.04	0.01	0.000148946	0.206538	266.224	0
0.04	0.01	0.000148946	0.221309	262.735	0
0.04	0.01	0.000148946	0.237137	258.812	0
0.04	0.01	0.000148946	0.254097	254.412	0
0.04	0.01	0.000148946	0.27227	249.497	0
0.04	0.01	0.000148946	0.291743	244.026	0
0.04	0.01	0.000148946	0.312608	237.963	0
0.04	0.01	0.000148946	0.334965	231.279	0
0.04	0.01	0.000148946	0.358922	223.951	0
0.04	0.01	0.000148946	0.384592	215.97	0
0.04	0.01	0.000148946	0.412098	207.34	0
0.04	0.01	0.000148946	0.44157	198.087	0
0.04	0.01	0.000148946	0.473151	188.256	0
0.04	0.01	0.000148946	0.506991	177.92	0
0.04	0.01	0.000148946	0.54325	167.177	0
0.04	0.01	0.000148946	0.582103	156.155	0
0.04	0.01	0.000148946	0.623735	145.005	0
0.04	0.01	0.000148946	0.668344	133.9	0
0.04	0.01	0.000148946	0.716143	123.026	0
0.04	0.01	0.000148946	0.767361	112.573	0
0.04	0.01	0.000148946	0.822243	102.722	0
0.04	0.01	0.000148946	0.881049	93.6362	0
0.04	0.01	0.000148946	0.944061	85.4484	0
0.04	0.01	0.000148946	1.01158	78.2578	0
0.04	0.01	0.000148946	1.08393	72.1264	0
0.04	0.01	0.000148946	1.16145	67.0807	0
0.04	0.01	0.000148946	1.24451	63.1159	0
0.04	0.01	0.000148946	1.33352	60.2018	0
0.04	0.01	0.000148946	1.42889	58.2879	0
0.04	0.01	0.000148946	1.53109	57.3117	0
0.04	0.01	0.000148946	1.64059	57.2066	0
0.04	0.01	0.000148946	1.75792	57.9085	0
0.04	0.01	0.000148946	1.88365	59.3501	0
0.04	0.01	0.000148946	2.01837	61.4359	0
0.04	0.01	0.000148946	2.16272	63.995	0
0.04	0.01	0.000148946	2.31739	66.7113	0
0.04	0.01	0.000148946	2.48313	69.0382	0
0.04	0.01	0.000148946	2.66073	70.1512	0
0.04	0.01	0.000148946	2.85102	69.0799	0
0.04	0.01	0.000148946	3.05492	65.1283	0
0.04	0.01	0.000148946	3.27341	58.3935	0
0.04	0.01	0.000148946	3.50752	49.9189	0
0.04	0.01	0.000148946	3.75837	41.2414	0
0.04	0.01	0.000148946	4.02717	33.5391	0
0.04	0.01	0.000148946	4.31519	26.8837	0
0.04	0.01	0.000148946	4.62381	20.3535	0
0.04	0.01	0.000148946	4.9545	13.2868	0
0.04	0.01	0.000148946	5.30884	6.34657	0
0.04	0.01	0.000148946	5.68853	1.33553	0
0.04	0.01	0.000148946	6.09537	0.138934	0
0.04	0.01	0.000148946	6.53131	3.96429	0
0.04	0.01	0.000148946	6.99842	13.5443	0
0.04	0.01	0.000148946	7.49894	27.0611	0
0.04	0.01	0.000148946	8.03526	38.8406	0
0.04	0.01	0.000148946	8.60994	45.1963	0
0.04	0.01	0.000148946	9.22571	46.9851	0
0.04	0.01	0.000148946	9.88553	47.3626	0
0.04	0.01	0.000148946	10.5925	48.981	0
0.04	0.01	0.000148946	11.3501	52.6808	0
0.04	0.01	0.000148946	12.1619	59.1173	0
0.04	0.01	0.000148946	13.0317	66.8889	0
0.04	0.01	0.000148946	13.9637	70.7364	0
0.04	0.01	0.000148946	14.9624	66.9812	0
0.04	0.01	0.000148946	16.0325	59.8741	0
0.04	0.01	0.000148946	17.1791	55.9479	0
0.04	0.01	0.000148946	18.4077	56.0037	0
0.04	0.01	0.000148946	19.7242	54.622	0
0.04	0.01	0.000148946	21.1349	49.6208	0
0.04	0.01	0.000148946	22.6464	44.1208	0
0.04	0.01	0.000148946	24.2661	38.9759	0
0.04	0.01	0.000148946	26.0016	35.8213	0
0.04	0.01	0.000148946	27.8612	33.4943	0
0.04	0.01	0.000148946	29.8538	30.8324	0
0.04	0.01	0.000148946	31.989	31.7597	0
0.04	0.01	0.000148946	34.2768	33.3768	0
0.04	0.01	0.000148946	36.7282	36.0748	0
0.04	0.01	0.000148946	39.355	43.1661	0
0.04	0.01	0.000148946	42.1697	44.572	0
0.04	0.01	0.000148946	45.1856	47.4675	0
0.04	0.01	0.000148946	48.4172	49.1585	0
0.04	0.01	0.000148946	51.88	46.5807	0
0.04	0.01	0.000148946	55.5904	44.0739	0
0.04	0.01	0.000148946	59.5662	32.8809	0
0.04	0.01	0.000148946	63.8263	26.2048	0
0.04	0.01	0.000148946	68.3912	26.7761	0
0.04	0.01	0.000148946	73.2825	28.7286	0
0.04	0.01	0.000148946	78.5236	29.9322	0
0.04	0.01	0.000148946	84.1395	30.0817	0
0.04	0.01	0.000148946	90.1571	28.1718	0
0.04	0.01	0.000148946	96.6051	25.9534	0
0.04	0.01	0.000162735	0.103514	284.931	0
0.04	0.01	0.000162735	0.110917	283.957	0
0.04	0.01	0.000162735	0.11885	282.845	0
0.04	0.01	0.000162735	0.12735	281.575	0
0.04	0.01	0.000162735	0.136458	280.128	0
0.04	0.01	0.000162735	0.146218	278.479	0
0.04	0.01	0.000162735	0.156675	276.604	0
0.04	0.01	0.000162735	0.16788	274.473	0
0.04	0.01	0.000162735	0.179887	272.055	0
0.04	0.01	0.000162735	0.192752	269.318	0
0.04	0.01	0.000162735	0.206538	266.224	0
0.04	0.01	0.000162735	0.221309	262.735	0
0.04	0.01	0.000162735	0.237137	258.812	0
0.04	0.01	0.000162735	0.254097	254.412	0
0.04	0.01	0.000162735	0.27227	249.497	0
0.04	0.01	0.000162735	0.291743	244.026	0
0.04	0.01	0.000162735	0.312608	237.963	0
0.04	0.01	0.000162735	0.334965	231.279	0
0.04	0.01	0.000162735	0.358922	223.951	0
0.04	0.01	0.000162735	0.384592	215.97	0
0.04	0.01	0.000162735	0.412098	207.34	0
0.04	0.01	0.000162735	0.44157	198.087	0
0.04	0.01	0.000162735	0.473151	188.256	0
0.04	0.01	0.000162735	0.506991	177.92	0
0.04	0.01	0.000162735	0.54325	167.177	0
0.04	0.01	0.000162735	0.582103	156.155	0
0.04	0.01	0.000162735	0.623735	145.005	0
0.04	0.01	0.000162735	0.668344	133.9	0
0.04	0.01	0.000162735	0.716143	123.026	0
0.04	0.01	0.000162735	0.767361	112.573	0
0.04	0.01	0.000162735	0.822243	102.722	0
0.04	0.01	0.000162735	0.881049	93.6362	0
0.04	0.01	0.000162735	0.944061	85.4484	0
0.04	0.01	0.000162735	1.01158	78.2578	0
0.04	0.01	0.000162735	1.08393	72.1264	0
0.04	0.01	0.000162735	1.16145	67.0807	0
0.04	0.01	0.000162735	1.24451	63.1159	0
0.04	0.01	0.000162735	1.33352	60.2018	0
0.04	0.01	0.000162735	1.42889	58.2879	0
0.04	0.01	0.000162735	1.53109	57.3117	0
0.04	0.01	0.000162735	1.64059	57.2066	0
0.04	0.01	0.000162735	1.75792	57.9085	0
0.04	0.01	0.000162735	1.88365	59.3501	0
0.04	0.01	0.000162735	2.01837	61.4359	0
0.04	0.01	0.000162735	2.16272	63.995	0
0.04	0.01	0.000162735	2.31739	66.7113	0
0.04	0.01	0.000162735	2.48313	69.0382	0
0.04	0.01	0.000162735	2.66073	70.1512	0
0.04	0.01	0.000162735	2.85102	69.0799	0
0.04	0.01	0.000162735	3.05492	65.1283	0
0.04	0.01	0.000162735	3.27341	58.3935	0
0.04	0.01	0.000162735	3.50752	49.9189	0
0.04	0.01	0.000162735	3.75837	41.2414	0
0.04	0.01	0.000162735	4.02717	33.539	0
0.04	0.01	0.000162735	4.31519	26.8837	0
0.04	0.01	0.000162735	4.62381	20.3535	0
0.04	0.01	0.000162735	4.9545	13.2868	0
0.04	0.01	0.000162735	5.30884	6.34657	0
0.04	0.01	0.000162735	5.68853	1.33553	0
0.04	0.01	0.000162735	6.09537	0.138932	0
0.04	0.01	0.000162735	6.53131	3.96428	0
0.04	0.01	0.000162735	6.99842	13.5443	0
0.04	0.01	0.000162735	7.49894	27.0611	0
0.04	0.01	0.000162735	8.03526	38.8406	0
0.04	0.01	0.000162735	8.60994	45.1963	0
0.04	0.01	0.000162735	9.22571	46.9851	0
0.04	0.01	0.000162735	9.88553	47.3626	0
0.04	0.01	0.000162735	10.5925	48.981	0
0.04	0.01	0.000162735	11.3501	52.6808	0
0.04	0.01	0.000162735	12.1619	59.1173	0
0.04	0.01	0.000162735	13.0317	66.8889	0
0.04	0.01	0.000162735	13.9637	70.7364	0
0.04	0.01	0.000162735	14.9624	66.9812	0
0.04	0.01	0.000162735	16.0325	59.8741	0
0.04	0.01	0.000162735	17.1791	55.9479	0
0.04	0.01	0.000162735	18.4077	56.0037	0
0.04	0.01	0.000162735	19.7242	54.622	0
0.04	0.01	0.000162735	21.1349	49.6208	0
0.04	0.01	0.000162735	22.6464	44.1208	0
0.04	0.01	0.000162735	24.2661	38.9759	0
0.04	0.01	0.000162735	26.0016	35.8213	0
0.04	0.01	0.000162735	27.8612	33.4943	0
0.04	0.01	0.000162735	29.8538	30.8324	0
0.04	0.01	0.000162735	31.989	31.7597	0
0.04	0.01	0.000162735	34.2768	33.3768	0
0.04	0.01	0.000162735	36.7282	36.0748	0
0.04	0.01	0.000162735	39.355	43.1661	0
0.04	0.01	0.000162735	42.1697	44.572	0
0.04	0.01	0.000162735	45.1856	47.4675	0
0.04	0.01	0.000162735	48.4172	49.1585	0
0.04	0.01	0.000162735	51.88	46.5807	0
0.04	0.01	0.000162735	55.5904	44.0739	0
0.04	0.01	0.000162735	59.5662	32.8809	0
0.04	0.01	0.000162735	63.8263	26.2048	0
0.04	0.01	0.000162735	68.3912	26.7761	0
0.04	0.01	0.000162735	73.2825	28.7286	0
0.04	0.01	0.000162735	78.5236	29.9322	0
0.04	0.01	0.000162735	84.1395	30.0817	0
0.04	0.01	0.000162735	90.1571	28.1718	0
0.04	0.01	0.000162735	96.6051	25.9534	0
0.04	0.01	0.0001778	0.103514	284.931	0
0.04	0.01	0.0001778	0.110917	283.957	0
0.04	0.01	0.0001778	0.11885	282.845	0
0.04	0.01	0.0001778	0.12735	281.575	0
0.04	0.01	0.0001778	0.136458	280.128	0
0.04	0.01	0.0001778	0.146218	278.479	0
0.04	0.01	0.0001778	0.156675	276.604	0
0.04	0.01	0.0001778	0.16788	274.473	0
0.04	0.01	0.0001778	0.179887	272.055	0
0.04	0.01	0.0001778	0.192752	269.318	0
0.04	0.01	0.0001778	0.206538	266.224	0
0.04	0.01	0.0001778	0.221309	262.735	0
0.04	0.01	0.0001778	0.237137	258.812	0
0.04	0.01	0.0001778	0.254097	254.412	0
0.04	0.01	0.0001778	0.27227	249.497	0
0.04	0.01	0.0001778	0.291743	244.026	0
0.04	0.01	0.0001778	0.312608	237.963	0
0.04	0.01	0.0001778	0.334965	231.279	0
0.04	0.01	0.0001778	0.358922	223.951	0
0.04	0.01	0.0001778	0.384592	215.97	0
0.04	0.01	0.0001778	0.412098	207.34	0
0.04	0.01	0.0001778	0.44157	198.087	0
0.04	0.01	0.0001778	0.473151	188.256	0
0.04	0.01	0.0001778	0.506991	177.92	0
0.04	0.01	0.0001778	0.54325	167.177	0
0.04	0.01	0.0001778	0.582103	156.155	0
0.04	0.01	0.0001778	0.623735	145.005	0
0.04	0.01	0.0001778	0.668344	133.9	0
0.04	0.01	0.0001778	0.716143	123.026	0
0.04	0.01	0.0001778	0.767361	112.573	0
0.04	0.01	0.0001778	0.822243	102.722	0
0.04	0.01	0.0001778	0.881049	93.6362	0
0.04	0.01	0.0001778	0.944061	85.4484	0
0.04	0.01	0.0001778	1.01158	78.2578	0
0.04	0.01	0.0001778	1.08393	72.1264	0
0.04	0.01	0.0001778	1.16145	67.0807	0
0.04	0.01	0.0001778	1.24451	63.1159	0
0.04	0.01	0.0001778	1.33352	60.2018	0
0.04	0.01	0.0001778	1.42889	58.2879	0
0.04	0.01	0.0001778	1.53109	57.3117	0
0.04	0.01	0.0001778	1.64059	57.2066	0
0.04	0.01	0.0001778	1.75792	57.9085	0
0.04	0.01	0.0001778	1.88365	59.3501	0
0.04	0.01	0.0001778	2.01837	61.4359	0
0.04	0.01	0.0001778	2.16272	63.995	0
0.04	0.01	0.0001778	2.31739	66.7113	0
0.04	0.01	0.0001778	2.48313	69.0382	0
0.04	0.01	0.0001778	2.66073	70.1512	0
0.04	0.01	0.0001778	2.85102	69.0799	0
0.04	0.01	0.0001778	3.05492	65.1283	0
0.04	0.01	0.0001778	3.27341	58.3935	0
0.04	0.01	0.0001778	3.50752	49.9189	0
0.04	0.01	0.0001778	3.75837	41.2414	0
0.04	0.01	0.0001778	4.02717	33.539	0
0.04	0.01	0.0001778	4.31519	26.8837	0
0.04	0.01	0.0001778	4.62381	20.3535	0
0.04	0.01	0.0001778	4.9545	13.2868	0
0.04	0.01	0.0001778	5.30884	6.34657	0
0.04	0.01	0.0001778	5.68853	1.33554	0
0.04	0.01	0.0001778	6.09537	0.138931	0
0.04	0.01	0.0001778	6.53131	3.96428	0
0.04	0.01	0.0001778	6.99842	13.5443	0
0.04	0.01	0.0001778	7.49894	27.0611	0
0.04	0.01	0.0001778	8.03526	38.8406	0
0.04	0.01	0.0001778	8.60994	45.1963	0
0.04	0.01	0.0001778	9.22571	46.9851	0
0.04	0.01	0.0001778	9.88553	47.3626	0
0.04	0.01	0.0001778	10.5925	48.981	0
0.04	0.01	0.0001778	11.3501	52.6808	0
0.04	0.01	0.0001778	12.1619	59.1173	0
0.04	0.01	0.0001778	13.0317	66.8889	0
0.04	0.01	0.0001778	13.9637	70.7365	0
0.04	0.01	0.0001778	14.9624	66.9812	0
0.04	0.01	0.0001778	16.0325	59.8741	0
0.04	0.01	0.0001778	17.1791	55.9479	0
0.04	0.01	0.0001778	18.4077	56.0037	0
0.04	0.01	0.0001778	19.7242	54.622	0
0.04	0.01	0.0001778	21.1349	49.6208	0
0.04	0.01	0.0001778	22.6464	44.1208	0
0.04	0.01	0.0001778	24.2661	38.9759	0
0.04	0.01	0.0001778	26.0016	35.8213	0
0.04	0.01	0.0001778	27.8612	33.4943	0
0.04	0.01	0.0001778	29.8538	30.8324	0
0.04	0.01	0.0001778	31.989	31.7597	0
0.04	0.01	0.0001778	34.2768	33.3768	0
0.04	0.01	0.0001778	36.7282	36.0748	0
0.04	0.01	0.0001778	39.355	43.1661	0
0.04	0.01	0.0001778	42.1697	44.572	0
0.04	0.01	0.0001778	45.1856	47.4675	0
0.04	0.01	0.0001778	48.4172	49.1585	0
0.04	0.01	0.0001778	51.88	46.5807	0
0.04	0.01	0.0001778	55.5904	44.0739	0
0.04	0.01	0.0001778	59.5662	32.8809	0
0.04	0.01	0.0001778	63.8263	26.2048	0
0.04	0.01	0.0001778	68.3912	26.7761	0
0.04	0.01	0.0001778	73.2825	28.7286	0
0.04	0.01	0.0001778	78.5236	29.9322	0
0.04	0.01	0.0001778	84.1395	30.0817	0
0.04	0.01	0.0001778	90.1571	28.1718	0
0.04	0.01	0.0001778	96.6051	25.9534	0
0.04	0.01	0.00019426	0.103514	284.931	0
0.04	0.01	0.00019426	0.110917	283.957	0
0.04	0.01	0.00019426	0.11885	282.845	0
0.04	0.01	0.00019426	0.12735	281.575	0
0.04	0.01	0.00019426	0.136458	280.128	0
0.04	0.01	0.00019426	0.146218	278.479	0
0.04	0.01	0.00019426	0.156675	276.604	0
0.04	0.01	0.00019426	0.16788	274.473	0
0.04	0.01	0.00019426	0.179887	272.055	0
0.04	0.01	0.00019426	0.192752	269.318	0
0.04	0.01	0.00019426	0.206538	266.224	0
0.04	0.01	0.00019426	0.221309	262.735	0
0.04	0.01	0.00019426	0.237137	258.812	0
0.04	0.01	0.00019426	0.254097	254.412	0
0.04	0.01	0.00019426	0.27227	249.497	0
0.04	0.01	0.00019426	0.291743	244.026	0
0.04	0.01	0.00019426	0.312608	237.963	0
0.04	0.01	0.00019426	0.334965	231.279	0
0.04	0.01	0.00019426	0.358922	223.951	0
0.04	0.01	0.00019426	0.384592	215.97	0
0.04	0.01	0.00019426	0.412098	207.34	0
0.04	0.01	0.00019426	0.44157	198.087	0
0.04	0.01	0.00019426	0.473151	188.256	0
0.04	0.01	0.00019426	0.506991	177.92	0
0.04	0.01	0.00019426	0.54325	167.177	0
0.04	0.01	0.00019426	0.582103	156.155	0
0.04	0.01	0.00019426	0.623735	145.005	0
0.04	0.01	0.00019426	0.668344	133.9	0
0.04	0.01	0.00019426	0.716143	123.026	0
0.04	0.01	0.00019426	0.767361	112.573	0
0.04	0.01	0.00019426	0.822243	102.722	0
0.04	0.01	0.00019426	0.881049	93.6362	0
0.04	0.01	0.00019426	0.944061	85.4484	0
0.04	0.01	0.00019426	1.01158	78.2578	0
0.04	0.01	0.00019426	1.08393	72.1264	0
0.04	0.01	0.00019426	1.16145	67.0807	0
0.04	0.01	0.00019426	1.24451	63.1159	0
0.04	0.01	0.00019426	1.33352	60.2018	0
0.04	0.01	0.00019426	1.42889	58.2879	0
0.04	0.01	0.00019426	1.53109	57.3117	0
0.04	0.01	0.00019426	1.64059	57.2066	0
0.04	0.01	0.00019426	1.75792	57.9085	0
0.04	0.01	0.00019426	1.88365	59.3501	0
0.04	0.01	0.00019426	2.01837	61.4359	0
0.04	0.01	0.00019426	2.16272	63.995	0
0.04	0.01	0.00019426	2.31739	66.7113	0
0.04	0.01	0.00019426	2.48313	69.0382	0
0.04	0.01	0.00019426	2.66073	70.1512	0
0.04	0.01	0.00019426	2.85102	69.0799	0
0.04	0.01	0.00019426	3.05492	65.1283	0
0.04	0.01	0.00019426	3.27341	58.3935	0
0.04	0.01	0.00019426	3.50752	49.9189	0
0.04	0.01	0.00019426	3.75837	41.2413	0
0.04	0.01	0.00019426	4.02717	33.539	0
0.04	0.01	0.00019426	4.31519	26.8837	0
0.04	0.01	0.00019426	4.62381	20.3535	0
0.04	0.01	0.00019426	4.9545	13.2868	0
0.04	0.01	0.00019426	5.30884	6.34657	0
0.04	0.01	0.00019426	5.68853	1.33554	0
0.04	0.01	0.00019426	6.09537	0.13893	0
0.04	0.01	0.00019426	6.53131	3.96428	0
0.04	0.01	0.00019426	6.99842	13.5443	0
0.04	0.01	0.00019426	7.49894	27.0611	0
0.04	0.01	0.00019426	8.03526	38.8406	0
0.04	0.01	0.00019426	8.60994	45.1963	0
0.04	0.01	0.00019426	9.22571	46.9851	0
0.04	0.01	0.00019426	9.88553	47.3626	0
0.04	0.01	0.00019426	10.5925	48.981	0
0.04	0.01	0.00019426	11.3501	52.6808	0
0.04	0.01	0.00019426	12.1619	59.1173	0
0.04	0.01	0.00019426	13.0317	66.8889	0
0.04	0.01	0.00019426	13.9637	70.7365	0
0.04	0.01	0.00019426	14.9624	66.9813	0
0.04	0.01	0.00019426	16.0325	59.8742	0
0.04	0.01	0.00019426	17.1791	55.9479	0
0.04	0.01	0.00019426	18.4077	56.0037	0
0.04	0.01	0.00019426	19.7242	54.622	0
0.04	0.01	0.00019426	21.1349	49.6208	0
0.04	0.01	0.00019426	22.6464	44.1208	0
0.04	0.01	0.00019426	24.2661	38.976	0
0.04	0.01	0.00019426	26.0016	35.8214	0
0.04	0.01	0.00019426	27.8612	33.4943	0
0.04	0.01	0.00019426	29.8538	30.8324	0
0.04	0.01	0.00019426	31.989	31.7597	0
0.04	0.01	0.00019426	34.2768	33.3768	0
0.04	0.01	0.00019426	36.7282	36.0748	0
0.04	0.01	0.00019426	39.355	43.1661	0
0.04	0.01	0.00019426	42.1697	44.572	0
0.04	0.01	0.00019426	45.1856	47.4675	0
0.04	0.01	0.00019426	48.4172	49.1585	0
0.04	0.01	0.00019426	51.88	46.5807	0
0.04	0.01	0.00019426	55.5904	44.0739	0
0.04	0.01	0.00019426	59.5662	32.8809	0
0.04	0.01	0.00019426	63.8263	26.2048	0
0.04	0.01	0.00019426	68.3912	26.7761	0
0.04	0.01	0.00019426	73.2825	28.7286	0
0.04	0.01	0.00019426	78.5236	29.9322	0
0.04	0.01	0.00019426	84.1395	30.0817	0
0.04	0.01	0.00019426	90.1571	28.1718	0
0.04	0.01	0.00019426	96.6051	25.9534	0
0.04	0.01	0.000212243	0.103514	284.931	0
0.04	0.01	0.000212243	0.110917	283.957	0
0.04	0.01	0.000212243	0.11885	282.845	0
0.04	0.01	0.000212243	0.12735	281.575	0
0.04	0.01	0.000212243	0.136458	280.128	0
0.04	0.01	0.000212243	0.146218	278.479	0
0.04	0.01	0.000212243	0.156675	276.604	0
0.04	0.01	0.000212243	0.16788	274.473	0
0.04	0.01	0.000212243	0.179887	272.055	0
0.04	0.01	0.000212243	0.192752	269.318	0
0.04	0.01	0.000212243	0.206538	266.224	0
0.04	0.01	0.000212243	0.221309	262.735	0
0.04	0.01	0.000212243	0.237137	258.812	0
0.04	0.01	0.000212243	0.254097	254.412	0
0.04	0.01	0.000212243	0.27227	249.497	0
0.04	0.01	0.000212243	0.291743	244.026	0
0.04	0.01	0.000212243	0.312608	237.963	0
0.04	0.01	0.000212243	0.334965	231.279	0
0.04	0.01	0.000212243	0.358922	223.951	0
0.04	0.01	0.000212243	0.384592	215.97	0
0.04	0.01	0.000212243	0.412098	207.34	0
0.04	0.01	0.000212243	0.44157	198.087	0
0.04	0.01	0.000212243	0.473151	188.256	0
0.04	0.01	0.000212243	0.506991	177.92	0
0.04	0.01	0.000212243	0.54325	167.177	0
0.04	0.01	0.000212243	0.582103	156.155	0
0.04	0.01	0.000212243	0.623735	145.005	0
0.04	0.01	0.000212243	0.668344	133.9	0
0.04	0.01	0.000212243	0.716143	123.026	0
0.04	0.01	0.000212243	0.767361	112.573	0
0.04	0.01	0.000212243	0.822243	102.722	0
0.04	0.01	0.000212243	0.881049	93.6362	0
0.04	0.01	0.000212243	0.944061	85.4484	0
0.04	0.01	0.000212243	1.01158	78.2578	0
0.04	0.01	0.000212243	1.08393	72.1264	0
0.04	0.01	0.000212243	1.16145	67.0807	0
0.04	0.01	0.000212243	1.24451	63.1159	0
0.04	0.01	0.000212243	1.33352	60.2018	0
0.04	0.01	0.000212243	1.42889	58.2879	0
0.04	0.01	0.000212243	1.53109	57.3117	0
0.04	0.01	0.000212243	1.64059	57.2066	0
0.04	0.01	0.000212243	1.75792	57.9085	0
0.04	0.01	0.000212243	1.88365	59.3501	0
0.04	0.01	0.000212243	2.01837	61.4359	0
0.04	0.01	0.000212243	2.16272	63.995	0
0.04	0.01	0.000212243	2.31739	66.7113	0
0.04	0.01	0.000212243	2.48313	69.0382	0
0.04	0.01	0.000212243	2.66073	70.1512	0
0.04	0.01	0.000212243	2.85102	69.0799	0
0.04	0.01	0.000212243	3.05492	65.1283	0
0.04	0.01	0.000212243	3.27341	58.3935	0
0.04	0.01	0.000212243	3.50752	49.9189	0
0.04	0.01	0.000212243	3.75837	41.2413	0
0.04	0.01	0.000212243	4.02717	33.539	0
0.04	0.01	0.000212243	4.31519	26.8837	0
0.04	0.01	0.000212243	4.62381	20.3535	0
0.04	0.01	0.000212243	4.9545	13.2868	0
0.04	0.01	0.000212243	5.30884	6.34657	0
0.04	0.01	0.000212243	5.68853	1.33554	0
0.04	0.01	0.000212243	6.09537	0.138928	0
0.04	0.01	0.000212243	6.53131	3.96427	0
0.04	0.01	0.000212243	6.99842	13.5443	0
0.04	0.01	0.000212243	7.49894	27.0611	0
0.04	0.01	0.000212243	8.03526	38.8406	0
0.04	0.01	0.000212243	8.60994	45.1963	0
0.04	0.01	0.000212243	9.22571	46.9851	0
0.04	0.01	0.000212243	9.88553	47.3626	0
0.04	0.01	0.000212243	10.5925	48.981	0
0.04	0.01	0.000212243	11.3501	52.6809	0
0.04	0.01	0.000212243	12.1619	59.1173	0
0.04	0.01	0.000212243	13.0317	66.8889	0
0.04	0.01	0.000212243	13.9637	70.7365	0
0.04	0.01	0.000212243	14.9624	66.9813	0
0.04	0.01	0.000212243	16.0325	59.8742	0
0.04	0.01	0.000212243	17.1791	55.9479	0
0.04	0.01	0.000212243	18.4077	56.0037	0
0.04	0.01	0.000212243	19.7242	54.622	0
0.04	0.01	0.000212243	21.1349	49.6209	0
0.04	0.01	0.000212243	22.6464	44.1208	0
0.04	0.01	0.000212243	24.2661	38.976	0
0.04	0.01	0.000212243	26.0016	35.8214	0
0.04	0.01	0.000212243	27.8612	33.4943	0
0.04	0.01	0.000212243	29.8538	30.8324	0
0.04	0.01	0.000212243	31.989	31.7597	0
0.04	0.01	0.000212243	34.2768	33.3768	0
0.04	0.01	0.000212243	36.7282	36.0748	0
0.04	0.01	0.000212243	39.355	43.1661	0
0.04	0.01	0.000212243	42.1697	44.572	0
0.04	0.01	0.000212243	45.1856	47.4675	0
0.04	0.01	0.000212243	48.4172	49.1585	0
0.04	0.01	0.000212243	51.88	46.5807	0
0.04	0.01	0.000212243	55.5904	44.074	0
0.04	0.01	0.000212243	59.5662	32.8809	0
0.04	0.01	0.000212243	63.8263	26.2048	0
0.04	0.01	0.000212243	68.3912	26.7761	0
0.04	0.01	0.000212243	73.2825	28.7286	0
0.04	0.01	0.000212243	78.5236	29.9322	0
0.04	0.01	0.000212243	84.1395	30.0817	0
0.04	0.01	0.000212243	90.1571	28.1719	0
0.04	0.01	0.000212243	96.6051	25.9534	0
0.04	0.01	0.000231891	0.103514	284.931	0
0.04	0.01	0.000231891	0.110917	283.957	0
0.04	0.01	0.000231891	0.11885	282.845	0
0.04	0.01	0.000231891	0.12735	281.575	0
0.04	0.01	0.000231891	0.136458	280.128	0
0.04	0.01	0.000231891	0.146218	278.479	0
0.04	0.01	0.000231891	0.156675	276.604	0
0.04	0.01	0.000231891	0.16788	274.473	0
0.04	0.01	0.000231891	0.179887	272.055	0
0.04	0.01	0.000231891	0.192752	269.318	0
0.04	0.01	0.000231891	0.206538	266.224	0
0.04	0.01	0.000231891	0.221309	262.735	0
0.04	0.01	0.000231891	0.237137	258.812	0
0.04	0.01	0.000231891	0.254097	254.412	0
0.04	0.01	0.000231891	0.27227	249.497	0
0.04	0.01	0.000231891	0.291743	244.026	0
0.04	0.01	0.000231891	0.312608	237.963	0
0.04	0.01	0.000231891	0.334965	231.279	0
0.04	0.01	0.000231891	0.358922	223.951	0
0.04	0.01	0.000231891	0.384592	215.97	0
0.04	0.01	0.000231891	0.412098	207.34	0
0.04	0.01	0.000231891	0.44157	198.087	0
0.04	0.01	0.000231891	0.473151	188.256	0
0.04	0.01	0.000231891	0.506991	177.92	0
0.04	0.01	0.000231891	0.54325	167.177	0
0.04	0.01	0.000231891	0.582103	156.155	0
0.04	0.01	0.000231891	0.623735	145.005	0
0.04	0.01	0.000231891	0.668344	133.9	0
0.04	0.01	0.000231891	0.716143	123.026	0
0.04	0.01	0.000231891	0.767361	112.573	0
0.04	0.01	0.000231891	0.822243	102.722	0
0.04	0.01	0.000231891	0.881049	93.6362	0
0.04	0.01	0.000231891	0.944061	85.4484	0
0.04	0.01	0.000231891	1.01158	78.2578	0
0.04	0.01	0.000231891	1.08393	72.1264	0
0.04	0.01	0.000231891	1.16145	67.0807	0
0.04	0.01	0.000231891	1.24451	63.1159	0
0.04	0.01	0.000231891	1.33352	60.2018	0
0.04	0.01	0.000231891	1.42889	58.2879	0
0.04	0.01	0.000231891	1.53109	57.3117	0
0.04	0.01	0.000231891	1.64059	57.2066	0
0.04	0.01	0.000231891	1.75792	57.9085	0
0.04	0.01	0.000231891	1.88365	59.3501	0
0.04	0.01	0.000231891	2.01837	61.4359	0
0.04	0.01	0.000231891	2.16272	63.995	0
0.04	0.01	0.000231891	2.31739	66.7113	0
0.04	0.01	0.000231891	2.48313	69.0382	0
0.04	0.01	0.000231891	2.66073	70.1512	0
0.04	0.01	0.000231891	2.85102	69.0799	0
0.04	0.01	0.000231891	3.05492	65.1283	0
0.04	0.01	0.000231891	3.27341	58.3935	0
0.04	0.01	0.000231891	3.50752	49.9189	0
0.04	0.01	0.000231891	3.75837	41.2413	0
0.04	0.01	0.000231891	4.02717	33.539	0
0.04	0.01	0.000231891	4.31519	26.8837	0
0.04	0.01	0.000231891	4.62381	20.3535	0
0.04	0.01	0.000231891	4.9545	13.2868	0
0.04	0.01	0.000231891	5.30884	6.34657	0
0.04	0.01	0.000231891	5.68853	1.33554	0
0.04	0.01	0.000231891	6.09537	0.138926	0
0.04	0.01	0.000231891	6.53131	3.96427	0
0.04	0.01	0.000231891	6.99842	13.5443	0
0.04	0.01	0.000231891	7.49894	27.0611	0
0.04	0.01	0.000231891	8.03526	38.8405	0
0.04	0.01	0.000231891	8.60994	45.1963	0
0.04	0.01	0.000231891	9.22571	46.9851	0
0.04	0.01	0.000231891	9.88553	47.3626	0
0.04	0.01	0.000231891	10.5925	48.981	0
0.04	0.01	0.000231891	11.3501	52.6809	0
0.04	0.01	0.000231891	12.1619	59.1174	0
0.04	0.01	0.000231891	13.0317	66.8889	0
0.04	0.01	0.000231891	13.9637	70.7365	0
0.04	0.01	0.000231891	14.9624	66.9813	0
0.04	0.01	0.000231891	16.0325	59.8742	0
0.04	0.01	0.000231891	17.1791	55.9479	0
0.04	0.01	0.000231891	18.4077	56.0037	0
0.04	0.01	0.000231891	19.7242	54.622	0
0.04	0.01	0.000231891	21.1349	49.6209	0
0.04	0.01	0.000231891	22.6464	44.1208	0
0.04	0.01	0.000231891	24.2661	38.976	0
0.04	0.01	0.000231891	26.0016	35.8214	0
0.04	0.01	0.000231891	27.8612	33.4943	0
0.04	0.01	0.000231891	29.8538	30.8324	0
0.04	0.01	0.000231891	31.989	31.7597	0
0.04	0.01	0.000231891	34.2768	33.3768	0
0.04	0.01	0.000231891	36.7282	36.0748	0
0.04	0.01	0.000231891	39.355	43.1661	0
0.04	0.01	0.000231891	42.1697	44.572	0
0.04	0.01	0.000231891	45.1856	47.4675	0
0.04	0.01	0.000231891	48.4172	49.1585	0
0.04	0.01	0.000231891	51.88	46.5808	0
0.04	0.01	0.000231891	55.5904	44.074	0
0.04	0.01	0.000231891	59.5662	32.8809	0
0.04	0.01	0.000231891	63.8263	26.2048	0
0.04	0.01	0.000231891	68.3912	26.7761	0
0.04	0.01	0.000231891	73.2825	28.7286	0
0.04	0.01	0.000231891	78.5236	29.9322	0
0.04	0.01	0.000231891	84.1395	30.0817	0
0.04	0.01	0.000231891	90.1571	28.1719	0
0.04	0.01	0.000231891	96.6051	25.9534	0
0.04	0.01	0.000253358	0.103514	284.931	0
0.04	0.01	0.000253358	0.110917	283.957	0
0.04	0.01	0.000253358	0.11885	282.845	0
0.04	0.01	0.000253358	0.12735	281.575	0
0.04	0.01	0.000253358	0.136458	280.128	0
0.04	0.01	0.000253358	0.146218	278.479	0
0.04	0.01	0.000253358	0.156675	276.604	0
0.04	0.01	0.000253358	0.16788	274.473	0
0.04	0.01	0.000253358	0.179887	272.055	0
0.04	0.01	0.000253358	0.192752	269.318	0
0.04	0.01	0.000253358	0.206538	266.224	0
0.04	0.01	0.000253358	0.221309	262.735	0
0.04	0.01	0.000253358	0.237137	258.812	0
0.04	0.01	0.000253358	0.254097	254.412	0
0.04	0.01	0.000253358	0.27227	249.497	0
0.04	0.01	0.000253358	0.291743	244.026	0
0.04	0.01	0.000253358	0.312608	237.963	0
0.04	0.01	0.000253358	0.334965	231.279	0
0.04	0.01	0.000253358	0.358922	223.951	0
0.04	0.01	0.000253358	0.384592	215.97	0
0.04	0.01	0.000253358	0.412098	207.34	0
0.04	0.01	0.000253358	0.44157	198.087	0
0.04	0.01	0.000253358	0.473151	188.256	0
0.04	0.01	0.000253358	0.506991	177.92	0
0.04	0.01	0.000253358	0.54325	167.177	0
0.04	0.01	0.000253358	0.582103	156.155	0
0.04	0.01	0.000253358	0.623735	145.005	0
0.04	0.01	0.000253358	0.668344	133.9	0
0.04	0.01	0.000253358	0.716143	123.026	0
0.04	0.01	0.000253358	0.767361	112.573	0
0.04	0.01	0.000253358	0.822243	102.722	0
0.04	0.01	0.000253358	0.881049	93.6362	0
0.04	0.01	0.000253358	0.944061	85.4484	0
0.04	0.01	0.000253358	1.01158	78.2578	0
0.04	0.01	0.000253358	1.08393	72.1264	0
0.04	0.01	0.000253358	1.16145	67.0807	0
0.04	0.01	0.000253358	1.24451	63.1159	0
0.04	0.01	0.000253358	1.33352	60.2018	0
0.04	0.01	0.000253358	1.42889	58.2879	0
0.04	0.01	0.000253358	1.53109	57.3117	0
0.04	0.01	0.000253358	1.64059	57.2066	0
0.04	0.01	0.000253358	1.75792	57.9085	0
0.04	0.01	0.000253358	1.88365	59.3501	0
0.04	0.01	0.000253358	2.01837	61.4359	0
0.04	0.01	0.000253358	2.16272	63.995	0
0.04	0.01	0.000253358	2.31739	66.7113	0
0.04	0.01	0.000253358	2.48313	69.0382	0
0.04	0.01	0.000253358	2.66073	70.1512	0
0.04	0.01	0.000253358	2.85102	69.0799	0
0.04	0.01	0.000253358	3.05492	65.1283	0
0.04	0.01	0.000253358	3.27341	58.3935	0
0.04	0.01	0.000253358	3.50752	49.9189	0
0.04	0.01	0.000253358	3.75837	41.2413	0
0.04	0.01	0.000253358	4.02717	33.539	0
0.04	0.01	0.000253358	4.31519	26.8837	0
0.04	0.01	0.000253358	4.62381	20.3535	0
0.04	0.01	0.000253358	4.9545	13.2868	0
0.04	0.01	0.000253358	5.30884	6.34657	0
0.04	0.01	0.000253358	5.68853	1.33554	0
0.04	0.01	0.000253358	6.09537	0.138924	0
0.04	0.01	0.000253358	6.53131	3.96426	0
0.04	0.01	0.000253358	6.99842	13.5442	0
0.04	0.01	0.000253358	7.49894	27.061	0
0.04	0.01	0.000253358	8.03526	38.8405	0
0.04	0.01	0.000253358	8.60994	45.1963	0
0.04	0.01	0.000253358	9.22571	46.9851	0
0.04	0.01	0.000253358	9.88553	47.3626	0
0.04	0.01	0.000253358	10.5925	48.981	0
0.04	0.01	0.000253358	11.3501	52.6809	0
0.04	0.01	0.000253358	12.1619	59.1174	0
0.04	0.01	0.000253358	13.0317	66.889	0
0.04	0.01	0.000253358	13.9637	70.7365	0
0.04	0.01	0.000253358	14.9624	66.9813	0
0.04	0.01	0.000253358	16.0325	59.8742	0
0.04	0.01	0.000253358	17.1791	55.9479	0
0.04	0.01	0.000253358	18.4077	56.0037	0
0.04	0.01	0.000253358	19.7242	54.622	0
0.04	0.01	0.000253358	21.1349	49.6209	0
0.04	0.01	0.000253358	22.6464	44.1209	0
0.04	0.01	0.000253358	24.2661	38.976	0
0.04	0.01	0.000253358	26.0016	35.8214	0
0.04	0.01	0.000253358	27.8612	33.4943	0
0.04	0.01	0.000253358	29.8538	30.8324	0
0.04	0.01	0.000253358	31.989	31.7597	0
0.04	0.01	0.000253358	34.2768	33.3768	0
0.04	0.01	0.000253358	36.7282	36.0748	0
0.04	0.01	0.000253358	39.355	43.1661	0
0.04	0.01	0.000253358	42.1697	44.572	0
0.04	0.01	0.000253358	45.1856	47.4676	0
0.04	0.01	0.000253358	48.4172	49.1585	0
0.04	0.01	0.000253358	51.88	46.5808	0
0.04	0.01	0.000253358	55.5904	44.074	0
0.04	0.01	0.000253358	59.5662	32.8809	0
0.04	0.01	0.000253358	63.8263	26.2048	0
0.04	0.01	0.000253358	68.3912	26.7761	0
0.04	0.01	0.000253358	73.2825	28.7286	0
0.04	0.01	0.000253358	78.5236	29.9322	0
0.04	0.01	0.000253358	84.1395	30.0817	0
0.04	0.01	0.000253358	90.1571	28.1719	0
0.04	0.01	0.000253358	96.6051	25.9534	0
0.04	0.01	0.000276813	0.103514	284.931	0
0.04	0.01	0.000276813	0.110917	283.957	0
0.04	0.01	0.000276813	0.11885	282.845	0
0.04	0.01	0.000276813	0.12735	281.575	0
0.04	0.01	0.000276813	0.136458	280.128	0
0.04	0.01	0.000276813	0.146218	278.479	0
0.04	0.01	0.000276813	0.156675	276.604	0
0.04	0.01	0.000276813	0.16788	274.473	0
0.04	0.01	0.000276813	0.179887	272.055	0
0.04	0.01	0.000276813	0.192752	269.318	0
0.04	0.01	0.000276813	0.206538	266.224	0
0.04	0.01	0.000276813	0.221309	262.735	0
0.04	0.01	0.000276813	0.237137	258.812	0
0.04	0.01	0.000276813	0.254097	254.412	0
0.04	0.01	0.000276813	0.27227	249.497	0
0.04	0.01	0.000276813	0.291743	244.026	0
0.04	0.01	0.000276813	0.312608	237.963	0
0.04	0.01	0.000276813	0.334965	231.279	0
0.04	0.01	0.000276813	0.358922	223.951	0
0.04	0.01	0.000276813	0.384592	215.97	0
0.04	0.01	0.000276813	0.412098	207.34	0
0.04	0.01	0.000276813	0.44157	198.087	0
0.04	0.01	0.000276813	0.473151	188.256	0
0.04	0.01	0.000276813	0.506991	177.92	0
0.04	0.01	0.000276813	0.54325	167.177	0
0.04	0.01	0.000276813	0.582103	156.155	0
0.04	0.01	0.000276813	0.623735	145.005	0
0.04	0.01	0.000276813	0.668344	133.9	0
0.04	0.01	0.000276813	0.716143	123.026	0
0.04	0.01	0.000276813	0.767361	112.573	0
0.04	0.01	0.000276813	0.822243	102.722	0
0.04	0.01	0.000276813	0.881049	93.6362	0
0.04	0.01	0.000276813	0.944061	85.4484	0
0.04	0.01	0.000276813	1.01158	78.2578	0
0.04	0.01	0.000276813	1.08393	72.1264	0
0.04	0.01	0.000276813	1.16145	67.0807	0
0.04	0.01	0.000276813	1.24451	63.1159	0
0.04	0.01	0.000276813	1.33352	60.2018	0
0.04	0.01	0.000276813	1.42889	58.2879	0
0.04	0.01	0.000276813	1.53109	57.3117	0
0.04	0.01	0.000276813	1.64059	57.2066	0
0.04	0.01	0.000276813	1.75792	57.9085	0
0.04	0.01	0.000276813	1.88365	59.3501	0
0.04	0.01	0.000276813	2.01837	61.4359	0
0.04	0.01	0.000276813	2.16272	63.995	0
0.04	0.01	0.000276813	2.31739	66.7113	0
0.04	0.01	0.000276813	2.48313	69.0382	0
0.04	0.01	0.000276813	2.66073	70.1512	0
0.04	0.01	0.000276813	2.85102	69.0799	0
0.04	0.01	0.000276813	3.05492	65.1282	0
0.04	0.01	0.000276813	3.27341	58.3935	0
0.04	0.01	0.000276813	3.50752	49.9189	0
0.04	0.01	0.000276813	3.75837	41.2413	0
0.04	0.01	0.000276813	4.02717	33.539	0
0.04	0.01	0.000276813	4.31519	26.8837	0
0.04	0.01	0.000276813	4.62381	20.3535	0
0.04	0.01	0.000276813	4.9545	13.2868	0
0.04	0.01	0.000276813	5.30884	6.34658	0
0.04	0.01	0.000276813	5.68853	1.33554	0
0.04	0.01	0.000276813	6.09537	0.138922	0
0.04	0.01	0.000276813	6.53131	3.96425	0
0.04	0.01	0.000276813	6.99842	13.5442	0
0.04	0.01	0.000276813	7.49894	27.061	0
0.04	0.01	0.000276813	8.03526	38.8405	0
0.04	0.01	0.000276813	8.60994	45.1962	0
0.04	0.01	0.000276813	9.22571	46.9851	0
0.04	0.01	0.000276813	9.88553	47.3626	0
0.04	0.01	0.000276813	10.5925	48.981	0
0.04	0.01	0.000276813	11.3501	52.6809	0
0.04	0.01	0.000276813	12.1619	59.1174	0
0.04	0.01	0.000276813	13.0317	66.889	0
0.04	0.01	0.000276813	13.9637	70.7366	0
0.04	0.01	0.000276813	14.9624	66.9813	0
0.04	0.01	0.000276813	16.0325	59.8742	0
0.04	0.01	0.000276813	17.1791	55.9479	0
0.04	0.01	0.000276813	18.4077	56.0037	0
0.04	0.01	0.000276813	19.7242	54.622	0
0.04	0.01	0.000276813	21.1349	49.6209	0
0.04	0.01	0.000276813	22.6464	44.1209	0
0.04	0.01	0.000276813	24.2661	38.976	0
0.04	0.01	0.000276813	26.0016	35.8214	0
0.04	0.01	0.000276813	27.8612	33.4943	0
0.04	0.01	0.000276813	29.8538	30.8324	0
0.04	0.01	0.000276813	31.989	31.7597	0
0.04	0.01	0.000276813	34.2768	33.3768	0
0.04	0.01	0.000276813	36.7282	36.0748	0
0.04	0.01	0.000276813	39.355	43.1661	0
0.04	0.01	0.000276813	42.1697	44.572	0
0.04	0.01	0.000276813	45.1856	47.4676	0
0.04	0.01	0.000276813	48.4172	49.1586	0
0.04	0.01	0.000276813	51.88	46.5808	0
0.04	0.01	0.000276813	55.5904	44.074	0
0.04	0.01	0.000276813	59.5662	32.881	0
0.04	0.01	0.000276813	63.8263	26.2048	0
0.04	0.01	0.000276813	68.3912	26.7761	0
0.04	0.01	0.000276813	73.2825	28.7286	0
0.04	0.01	0.000276813	78.5236	29.9322	0
0.04	0.01	0.000276813	84.1395	30.0817	0
0.04	0.01	0.000276813	90.1571	28.1719	0
0.04	0.01	0.000276813	96.6051	25.9534	0
0.04	0.01	0.000302439	0.103514	284.931	0
0.04	0.01	0.000302439	0.110917	283.957	0
0.04	0.01	0.000302439	0.11885	282.845	0
0.04	0.01	0.000302439	0.12735	281.575	0
0.04	0.01	0.000302439	0.136458	280.128	0
0.04	0.01	0.000302439	0.146218	278.479	0
0.04	0.01	0.000302439	0.156675	276.604	0
0.04	0.01	0.000302439	0.16788	274.473	0
0.04	0.01	0.000302439	0.179887	272.055	0
0.04	0.01	0.000302439	0.192752	269.318	0
0.04	0.01	0.000302439	0.206538	266.224	0
0.04	0.01	0.000302439	0.221309	262.735	0
0.04	0.01	0.000302439	0.237137	258.812	0
0.04	0.01	0.000302439	0.254097	254.412	0
0.04	0.01	0.000302439	0.27227	249.497	0
0.04	0.01	0.000302439	0.291743	244.026	0
0.04	0.01	0.000302439	0.312608	237.963	0
0.04	0.01	0.000302439	0.334965	231.279	0
0.04	0.01	0.000302439	0.358922	223.951	0
0.04	0.01	0.000302439	0.384592	215.97	0
0.04	0.01	0.000302439	0.412098	207.34	0
0.04	0.01	0.000302439	0.44157	198.087	0
0.04	0.01	0.000302439	0.473151	188.256	0
0.04	0.01	0.000302439	0.506991	177.92	0
0.04	0.01	0.000302439	0.54325	167.177	0
0.04	0.01	0.000302439	0.582103	156.155	0
0.04	0.01	0.000302439	0.623735	145.005	0
0.04	0.01	0.000302439	0.668344	133.9	0
0.04	0.01	0.000302439	0.716143	123.026	0
0.04	0.01	0.000302439	0.767361	112.573	0
0.04	0.01	0.000302439	0.822243	102.722	0
0.04	0.01	0.000302439	0.881049	93.6362	0
0.04	0.01	0.000302439	0.944061	85.4484	0
0.04	0.01	0.000302439	1.01158	78.2578	0
0.04	0.01	0.000302439	1.08393	72.1264	0
0.04	0.01	0.000302439	1.16145	67.0807	0
0.04	0.01	0.000302439	1.24451	63.116	0
0.04	0.01	0.000302439	1.33352	60.2018	0
0.04	0.01	0.000302439	1.42889	58.2879	0
0.04	0.01	0.000302439	1.53109	57.3117	0
0.04	0.01	0.000302439	1.64059	57.2066	0
0.04	0.01	0.000302439	1.75792	57.9085	0
0.04	0.01	0.000302439	1.88365	59.3501	0
0.04	0.01	0.000302439	2.01837	61.4359	0
0.04	0.01	0.000302439	2.16272	63.995	0
0.04	0.01	0.000302439	2.31739	66.7113	0
0.04	0.01	0.000302439	2.48313	69.0382	0
0.04	0.01	0.000302439	2.66073	70.1512	0
0.04	0.01	0.000302439	2.85102	69.0799	0
0.04	0.01	0.000302439	3.05492	65.1282	0
0.04	0.01	0.000302439	3.27341	58.3935	0
0.04	0.01	0.000302439	3.50752	49.9189	0
0.04	0.01	0.000302439	3.75837	41.2413	0
0.04	0.01	0.000302439	4.02717	33.539	0
0.04	0.01	0.000302439	4.31519	26.8837	0
0.04	0.01	0.000302439	4.62381	20.3535	0
0.04	0.01	0.000302439	4.9545	13.2868	0
0.04	0.01	0.000302439	5.30884	6.34658	0
0.04	0.01	0.000302439	5.68853	1.33554	0
0.04	0.01	0.000302439	6.09537	0.13892	0
0.04	0.01	0.000302439	6.53131	3.96425	0
0.04	0.01	0.000302439	6.99842	13.5442	0
0.04	0.01	0.000302439	7.49894	27.061	0
0.04	0.01	0.000302439	8.03526	38.8405	0
0.04	0.01	0.000302439	8.60994	45.1962	0
0.04	0.01	0.000302439	9.22571	46.985	0
0.04	0.01	0.000302439	9.88553	47.3626	0
0.04	0.01	0.000302439	10.5925	48.981	0
0.04	0.01	0.000302439	11.3501	52.6809	0
0.04	0.01	0.000302439	12.1619	59.1174	0
0.04	0.01	0.000302439	13.0317	66.889	0
0.04	0.01	0.000302439	13.9637	70.7366	0
0.04	0.01	0.000302439	14.9624	66.9814	0
0.04	0.01	0.000302439	16.0325	59.8742	0
0.04	0.01	0.000302439	17.1791	55.9479	0
0.04	0.01	0.000302439	18.4077	56.0037	0
0.04	0.01	0.000302439	19.7242	54.622	0
0.04	0.01	0.000302439	21.1349	49.6209	0
0.04	0.01	0.000302439	22.6464	44.1209	0
0.04	0.01	0.000302439	24.2661	38.976	0
0.04	0.01	0.000302439	26.0016	35.8214	0
0.04	0.01	0.000302439	27.8612	33.4943	0
0.04	0.01	0.000302439	29.8538	30.8324	0
0.04	0.01	0.000302439	31.989	31.7597	0
0.04	0.01	0.000302439	34.2768	33.3768	0
0.04	0.01	0.000302439	36.7282	36.0748	0
0.04	0.01	0.000302439	39.355	43.1661	0
0.04	0.01	0.000302439	42.1697	44.5721	0
0.04	0.01	0.000302439	45.1856	47.4676	0
0.04	0.01	0.000302439	48.4172	49.1586	0
0.04	0.01	0.000302439	51.88	46.5808	0
0.04	0.01	0.000302439	55.5904	44.074	0
0.04	0.01	0.000302439	59.5662	32.881	0
0.04	0.01	0.000302439	63.8263	26.2048	0
0.04	0.01	0.000302439	68.3912	26.7761	0
0.04	0.01	0.000302439	73.2825	28.7286	0
0.04	0.01	0.000302439	78.5236	29.9322	0
0.04	0.01	0.000302439	84.1395	30.0817	0
0.04	0.01	0.000302439	90.1571	28.1719	0
0.04	0.01	0.000302439	96.6051	25.9534	0
0.04	0.01	0.000330437	0.103514	284.931	0
0.04	0.01	0.000330437	0.110917	283.957	0
0.04	0.01	0.000330437	0.11885	282.845	0
0.04	0.01	0.000330437	0.12735	281.575	0
0.04	0.01	0.000330437	0.136458	280.128	0
0.04	0.01	0.000330437	0.146218	278.479	0
0.04	0.01	0.000330437	0.156675	276.604	0
0.04	0.01	0.000330437	0.16788	274.473	0
0.04	0.01	0.000330437	0.179887	272.055	0
0.04	0.01	0.000330437	0.192752	269.318	0
0.04	0.01	0.000330437	0.206538	266.224	0
0.04	0.01	0.000330437	0.221309	262.735	0
0.04	0.01	0.000330437	0.237137	258.812	0
0.04	0.01	0.000330437	0.254097	254.412	0
0.04	0.01	0.000330437	0.27227	249.497	0
0.04	0.01	0.000330437	0.291743	244.026	0
0.04	0.01	0.000330437	0.312608	237.963	0
0.04	0.01	0.000330437	0.334965	231.279	0
0.04	0.01	0.000330437	0.358922	223.951	0
0.04	0.01	0.000330437	0.384592	215.97	0
0.04	0.01	0.000330437	0.412098	207.34	0
0.04	0.01	0.000330437	0.44157	198.087	0
0.04	0.01	0.000330437	0.473151	188.256	0
0.04	0.01	0.000330437	0.506991	177.92	0
0.04	0.01	0.000330437	0.54325	167.177	0
0.04	0.01	0.000330437	0.582103	156.155	0
0.04	0.01	0.000330437	0.623735	145.005	0
0.04	0.01	0.000330437	0.668344	133.9	0
0.04	0.01	0.000330437	0.716143	123.026	0
0.04	0.01	0.000330437	0.767361	112.573	0
0.04	0.01	0.000330437	0.822243	102.722	0
0.04	0.01	0.000330437	0.881049	93.6362	0
0.04	0.01	0.000330437	0.944061	85.4484	0
0.04	0.01	0.000330437	1.01158	78.2578	0
0.04	0.01	0.000330437	1.08393	72.1264	0
0.04	0.01	0.000330437	1.16145	67.0807	0
0.04	0.01	0.000330437	1.24451	63.116	0
0.04	0.01	0.000330437	1.33352	60.2018	0
0.04	0.01	0.000330437	1.42889	58.2879	0
0.04	0.01	0.000330437	1.53109	57.3117	0
0.04	0.01	0.000330437	1.64059	57.2066	0
0.04	0.01	0.000330437	1.75792	57.9085	0
0.04	0.01	0.000330437	1.88365	59.3501	0
0.04	0.01	0.000330437	2.01837	61.4359	0
0.04	0.01	0.000330437	2.16272	63.995	0
0.04	0.01	0.000330437	2.31739	66.7113	0
0.04	0.01	0.000330437	2.48313	69.0382	0
0.04	0.01	0.000330437	2.66073	70.1512	0
0.04	0.01	0.000330437	2.85102	69.0799	0
0.04	0.01	0.000330437	3.05492	65.1282	0
0.04	0.01	0.000330437	3.27341	58.3935	0
0.04	0.01	0.000330437	3.50752	49.9189	0
0.04	0.01	0.000330437	3.75837	41.2413	0
0.04	0.01	0.000330437	4.02717	33.539	0
0.04	0.01	0.000330437	4.31519	26.8837	0
0.04	0.01	0.000330437	4.62381	20.3535	0
0.04	0.01	0.000330437	4.9545	13.2868	0
0.04	0.01	0.000330437	5.30884	6.34658	0
0.04	0.01	0.000330437	5.68853	1.33554	0
0.04	0.01	0.000330437	6.09537	0.138918	0
0.04	0.01	0.000330437	6.53131	3.96424	0
0.04	0.01	0.000330437	6.99842	13.5442	0
0.04	0.01	0.000330437	7.49894	27.061	0
0.04	0.01	0.000330437	8.03526	38.8405	0
0.04	0.01	0.000330437	8.60994	45.1962	0
0.04	0.01	0.000330437	9.22571	46.985	0
0.04	0.01	0.000330437	9.88553	47.3626	0
0.04	0.01	0.000330437	10.5925	48.981	0
0.04	0.01	0.000330437	11.3501	52.6809	0
0.04	0.01	0.000330437	12.1619	59.1174	0
0.04	0.01	0.000330437	13.0317	66.889	0
0.04	0.01	0.000330437	13.9637	70.7366	0
0.04	0.01	0.000330437	14.9624	66.9814	0
0.04	0.01	0.000330437	16.0325	59.8742	0
0.04	0.01	0.000330437	17.1791	55.948	0
0.04	0.01	0.000330437	18.4077	56.0037	0
0.04	0.01	0.000330437	19.7242	54.622	0
0.04	0.01	0.000330437	21.1349	49.6209	0
0.04	0.01	0.000330437	22.6464	44.1209	0
0.04	0.01	0.000330437	24.2661	38.976	0
0.04	0.01	0.000330437	26.0016	35.8214	0
0.04	0.01	0.000330437	27.8612	33.4943	0
0.04	0.01	0.000330437	29.8538	30.8324	0
0.04	0.01	0.000330437	31.989	31.7597	0
0.04	0.01	0.000330437	34.2768	33.3768	0
0.04	0.01	0.000330437	36.7282	36.0748	0
0.04	0.01	0.000330437	39.355	43.1661	0
0.04	0.01	0.000330437	42.1697	44.5721	0
0.04	0.01	0.000330437	45.1856	47.4676	0
0.04	0.01	0.000330437	48.4172	49.1586	0
0.04	0.01	0.000330437	51.88	46.5808	0
0.04	0.01	0.000330437	55.5904	44.074	0
0.04	0.01	0.000330437	59.5662	32.881	0
0.04	0.01	0.000330437	63.8263	26.2048	0
0.04	0.01	0.000330437	68.3912	26.7761	0
0.04	0.01	0.000330437	73.2825	28.7286	0
0.04	0.01	0.000330437	78.5236	29.9322	0
0.04	0.01	0.000330437	84.1395	30.0817	0
0.04	0.01	0.000330437	90.1571	28.1719	0
0.04	0.01	0.000330437	96.6051	25.9534	0
0.04	0.01	0.000361027	0.103514	284.931	0
0.04	0.01	0.000361027	0.110917	283.957	0
0.04	0.01	0.000361027	0.11885	282.845	0
0.04	0.01	0.000361027	0.12735	281.575	0
0.04	0.01	0.000361027	0.136458	280.128	0
0.04	0.01	0.000361027	0.146218	278.479	0
0.04	0.01	0.000361027	0.156675	276.604	0
0.04	0.01	0.000361027	0.16788	274.473	0
0.04	0.01	0.000361027	0.179887	272.055	0
0.04	0.01	0.000361027	0.192752	269.318	0
0.04	0.01	0.000361027	0.206538	266.224	0
0.04	0.01	0.000361027	0.221309	262.735	0
0.04	0.01	0.000361027	0.237137	258.812	0
0.04	0.01	0.000361027	0.254097	254.412	0
0.04	0.01	0.000361027	0.27227	249.497	0
0.04	0.01	0.000361027	0.291743	244.026	0
0.04	0.01	0.000361027	0.312608	237.963	0
0.04	0.01	0.000361027	0.334965	231.279	0
0.04	0.01	0.000361027	0.358922	223.951	0
0.04	0.01	0.000361027	0.384592	215.97	0
0.04	0.01	0.000361027	0.412098	207.34	0
0.04	0.01	0.000361027	0.44157	198.087	0
0.04	0.01	0.000361027	0.473151	188.256	0
0.04	0.01	0.000361027	0.506991	177.92	0
0.04	0.01	0.000361027	0.54325	167.177	0
0.04	0.01	0.000361027	0.582103	156.155	0
0.04	0.01	0.000361027	0.623735	145.005	0
0.04	0.01	0.000361027	0.668344	133.9	0
0.04	0.01	0.000361027	0.716143	123.026	0
0.04	0.01	0.000361027	0.767361	112.573	0
0.04	0.01	0.000361027	0.822243	102.722	0
0.04	0.01	0.000361027	0.881049	93.6362	0
0.04	0.01	0.000361027	0.944061	85.4484	0
0.04	0.01	0.000361027	1.01158	78.2578	0
0.04	0.01	0.000361027	1.08393	72.1264	0
0.04	0.01	0.000361027	1.16145	67.0807	0
0.04	0.01	0.000361027	1.24451	63.116	0
0.04	0.01	0.000361027	1.33352	60.2018	0
0.04	0.01	0.000361027	1.42889	58.2879	0
0.04	0.01	0.000361027	1.53109	57.3117	0
0.04	0.01	0.000361027	1.64059	57.2066	0
0.04	0.01	0.000361027	1.75792	57.9085	0
0.04	0.01	0.000361027	1.88365	59.3501	0
0.04	0.01	0.000361027	2.01837	61.4359	0
0.04	0.01	0.000361027	2.16272	63.995	0
0.04	0.01	0.000361027	2.31739	66.7113	0
0.04	0.01	0.000361027	2.48313	69.0382	0
0.04	0.01	0.000361027	2.66073	70.1512	0
0.04	0.01	0.000361027	2.85102	69.0799	0
0.04	0.01	0.000361027	3.05492	65.1282	0
0.04	0.01	0.000361027	3.27341	58.3934	0
0.04	0.01	0.000361027	3.50752	49.9188	0
0.04	0.01	0.000361027	3.75837	41.2413	0
0.04	0.01	0.000361027	4.02717	33.539	0
0.04	0.01	0.000361027	4.31519	26.8837	0
0.04	0.01	0.000361027	4.62381	20.3535	0
0.04	0.01	0.000361027	4.9545	13.2868	0
0.04	0.01	0.000361027	5.30884	6.34658	0
0.04	0.01	0.000361027	5.68853	1.33554	0
0.04	0.01	0.000361027	6.09537	0.138915	0
0.04	0.01	0.000361027	6.53131	3.96423	0
0.04	0.01	0.000361027	6.99842	13.5442	0
0.04	0.01	0.000361027	7.49894	27.061	0
0.04	0.01	0.000361027	8.03526	38.8405	0
0.04	0.01	0.000361027	8.60994	45.1962	0
0.04	0.01	0.000361027	9.22571	46.985	0
0.04	0.01	0.000361027	9.88553	47.3626	0
0.04	0.01	0.000361027	10.5925	48.9811	0
0.04	0.01	0.000361027	11.3501	52.6809	0
0.04	0.01	0.000361027	12.1619	59.1175	0
0.04	0.01	0.000361027	13.0317	66.8891	0
0.04	0.01	0.000361027	13.9637	70.7367	0
0.04	0.01	0.000361027	14.9624	66.9814	0
0.04	0.01	0.000361027	16.0325	59.8743	0
0.04	0.01	0.000361027	17.1791	55.948	0
0.04	0.01	0.000361027	18.4077	56.0037	0
0.04	0.01	0.000361027	19.7242	54.622	0
0.04	0.01	0.000361027	21.1349	49.6209	0
0.04	0.01	0.000361027	22.6464	44.1209	0
0.04	0.01	0.000361027	24.2661	38.976	0
0.04	0.01	0.000361027	26.0016	35.8214	0
0.04	0.01	0.000361027	27.8612	33.4944	0
0.04	0.01	0.000361027	29.8538	30.8324	0
0.04	0.01	0.000361027	31.989	31.7597	0
0.04	0.01	0.000361027	34.2768	33.3768	0
0.04	0.01	0.000361027	36.7282	36.0748	0
0.04	0.01	0.000361027	39.355	43.1661	0
0.04	0.01	0.000361027	42.1697	44.5721	0
0.04	0.01	0.000361027	45.1856	47.4676	0
0.04	0.01	0.000361027	48.4172	49.1586	0
0.04	0.01	0.000361027	51.88	46.5808	0
0.04	0.01	0.000361027	55.5904	44.074	0
0.04	0.01	0.000361027	59.5662	32.881	0
0.04	0.01	0.000361027	63.8263	26.2048	0
0.04	0.01	0.000361027	68.3912	26.7761	0
0.04	0.01	0.000361027	73.2825	28.7286	0
0.04	0.01	0.000361027	78.5236	29.9322	0
0.04	0.01	0.000361027	84.1395	30.0817	0
0.04	0.01	0.000361027	90.1571	28.1719	0
0.04	0.01	0.000361027	96.6051	25.9534	0
0.04	0.01	0.000394448	0.103514	284.931	0
0.04	0.01	0.000394448	0.110917	283.957	0
0.04	0.01	0.000394448	0.11885	282.845	0
0.04	0.01	0.000394448	0.12735	281.575	0
0.04	0.01	0.000394448	0.136458	280.128	0
0.04	0.01	0.000394448	0.146218	278.479	0
0.04	0.01	0.000394448	0.156675	276.604	0
0.04	0.01	0.000394448	0.16788	274.473	0
0.04	0.01	0.000394448	0.179887	272.055	0
0.04	0.01	0.000394448	0.192752	269.318	0
0.04	0.01	0.000394448	0.206538	266.224	0
0.04	0.01	0.000394448	0.221309	262.735	0
0.04	0.01	0.000394448	0.237137	258.812	0
0.04	0.01	0.000394448	0.254097	254.412	0
0.04	0.01	0.000394448	0.27227	249.497	0
0.04	0.01	0.000394448	0.291743	244.026	0
0.04	0.01	0.000394448	0.312608	237.963	0
0.04	0.01	0.000394448	0.334965	231.279	0
0.04	0.01	0.000394448	0.358922	223.951	0
0.04	0.01	0.000394448	0.384592	215.97	0
0.04	0.01	0.000394448	0.412098	207.34	0
0.04	0.01	0.000394448	0.44157	198.087	0
0.04	0.01	0.000394448	0.473151	188.256	0
0.04	0.01	0.000394448	0.506991	177.92	0
0.04	0.01	0.000394448	0.54325	167.177	0
0.04	0.01	0.000394448	0.582103	156.155	0
0.04	0.01	0.000394448	0.623735	145.005	0
0.04	0.01	0.000394448	0.668344	133.9	0
0.04	0.01	0.000394448	0.716143	123.026	0
0.04	0.01	0.000394448	0.767361	112.573	0
0.04	0.01	0.000394448	0.822243	102.722	0
0.04	0.01	0.000394448	0.881049	93.6362	0
0.04	0.01	0.000394448	0.944061	85.4484	0
0.04	0.01	0.000394448	1.01158	78.2578	0
0.04	0.01	0.000394448	1.08393	72.1264	0
0.04	0.01	0.000394448	1.16145	67.0807	0
0.04	0.01	0.000394448	1.24451	63.116	0
0.04	0.01	0.000394448	1.33352	60.2018	0
0.04	0.01	0.000394448	1.42889	58.2879	0
0.04	0.01	0.000394448	1.53109	57.3117	0
0.04	0.01	0.000394448	1.64059	57.2066	0
0.04	0.01	0.000394448	1.75792	57.9085	0
0.04	0.01	0.000394448	1.88365	59.3501	0
0.04	0.01	0.000394448	2.01837	61.4359	0
0.04	0.01	0.000394448	2.16272	63.995	0
0.04	0.01	0.000394448	2.31739	66.7113	0
0.04	0.01	0.000394448	2.48313	69.0381	0
0.04	0.01	0.000394448	2.66073	70.1512	0
0.04	0.01	0.000394448	2.85102	69.0799	0
0.04	0.01	0.000394448	3.05492	65.1282	0
0.04	0.01	0.000394448	3.27341	58.3934	0
0.04	0.01	0.000394448	3.50752	49.9188	0
0.04	0.01	0.000394448	3.75837	41.2413	0
0.04	0.01	0.000394448	4.02717	33.539	0
0.04	0.01	0.000394448	4.31519	26.8837	0
0.04	0.01	0.000394448	4.62381	20.3535	0
0.04	0.01	0.000394448	4.9545	13.2868	0
0.04	0.01	0.000394448	5.30884	6.34659	0
0.04	0.01	0.000394448	5.68853	1.33554	0
0.04	0.01	0.000394448	6.09537	0.138912	0
0.04	0.01	0.000394448	6.53131	3.96422	0
0.04	0.01	0.000394448	6.99842	13.5442	0
0.04	0.01	0.000394448	7.49894	27.061	0
0.04	0.01	0.000394448	8.03526	38.8404	0
0.04	0.01	0.000394448	8.60994	45.1962	0
0.04	0.01	0.000394448	9.22571	46.985	0
0.04	0.01	0.000394448	9.88553	47.3626	0
0.04	0.01	0.000394448	10.5925	48.9811	0
0.04	0.01	0.000394448	11.3501	52.681	0
0.04	0.01	0.000394448	12.1619	59.1175	0
0.04	0.01	0.000394448	13.0317	66.8891	0
0.04	0.01	0.000394448	13.9637	70.7367	0
0.04	0.01	0.000394448	14.9624	66.9814	0
0.04	0.01	0.000394448	16.0325	59.8743	0
0.04	0.01	0.000394448	17.1791	55.948	0
0.04	0.01	0.000394448	18.4077	56.0037	0
0.04	0.01	0.000394448	19.7242	54.622	0
0.04	0.01	0.000394448	21.1349	49.6209	0
0.04	0.01	0.000394448	22.6464	44.1209	0
0.04	0.01	0.000394448	24.2661	38.976	0
0.04	0.01	0.000394448	26.0016	35.8214	0
0.04	0.01	0.000394448	27.8612	33.4944	0
0.04	0.01	0.000394448	29.8538	30.8325	0
0.04	0.01	0.000394448	31.989	31.7597	0
0.04	0.01	0.000394448	34.2768	33.3768	0
0.04	0.01	0.000394448	36.7282	36.0748	0
0.04	0.01	0.000394448	39.355	43.1661	0
0.04	0.01	0.000394448	42.1697	44.5721	0
0.04	0.01	0.000394448	45.1856	47.4676	0
0.04	0.01	0.000394448	48.4172	49.1586	0
0.04	0.01	0.000394448	51.88	46.5808	0
0.04	0.01	0.000394448	55.5904	44.074	0
0.04	0.01	0.000394448	59.5662	32.881	0
0.04	0.01	0.000394448	63.8263	26.2048	0
0.04	0.01	0.000394448	68.3912	26.7761	0
0.04	0.01	0.000394448	73.2825	28.7286	0
0.04	0.01	0.000394448	78.5236	29.9322	0
0.04	0.01	0.000394448	84.1395	30.0817	0
0.04	0.01	0.000394448	90.1571	28.1719	0
0.04	0.01	0.000394448	96.6051	25.9534	0
0.04	0.01	0.000430964	0.103514	284.931	0
0.04	0.01	0.000430964	0.110917	283.957	0
0.04	0.01	0.000430964	0.11885	282.845	0
0.04	0.01	0.000430964	0.12735	281.575	0
0.04	0.01	0.000430964	0.136458	280.128	0
0.04	0.01	0.000430964	0.146218	278.479	0
0.04	0.01	0.000430964	0.156675	276.604	0
0.04	0.01	0.000430964	0.16788	274.473	0
0.04	0.01	0.000430964	0.179887	272.055	0
0.04	0.01	0.000430964	0.192752	269.318	0
0.04	0.01	0.000430964	0.206538	266.224	0
0.04	0.01	0.000430964	0.221309	262.735	0
0.04	0.01	0.000430964	0.237137	258.812	0
0.04	0.01	0.000430964	0.254097	254.412	0
0.04	0.01	0.000430964	0.27227	249.497	0
0.04	0.01	0.000430964	0.291743	244.026	0
0.04	0.01	0.000430964	0.312608	237.963	0
0.04	0.01	0.000430964	0.334965	231.279	0
0.04	0.01	0.000430964	0.358922	223.951	0
0.04	0.01	0.000430964	0.384592	215.97	0
0.04	0.01	0.000430964	0.412098	207.34	0
0.04	0.01	0.000430964	0.44157	198.087	0
0.04	0.01	0.000430964	0.473151	188.256	0
0.04	0.01	0.000430964	0.506991	177.92	0
0.04	0.01	0.000430964	0.54325	167.177	0
0.04	0.01	0.000430964	0.582103	156.155	0
0.04	0.01	0.000430964	0.623735	145.005	0
0.04	0.01	0.000430964	0.668344	133.9	0
0.04	0.01	0.000430964	0.716143	123.026	0
0.04	0.01	0.000430964	0.767361	112.573	0
0.04	0.01	0.000430964	0.822243	102.722	0
0.04	0.01	0.000430964	0.881049	93.6362	0
0.04	0.01	0.000430964	0.944061	85.4484	0
0.04	0.01	0.000430964	1.01158	78.2578	0
0.04	0.01	0.000430964	1.08393	72.1264	0
0.04	0.01	0.000430964	1.16145	67.0807	0
0.04	0.01	0.000430964	1.24451	63.116	0
0.04	0.01	0.000430964	1.33352	60.2018	0
0.04	0.01	0.000430964	1.42889	58.2879	0
0.04	0.01	0.000430964	1.53109	57.3117	0
0.04	0.01	0.000430964	1.64059	57.2066	0
0.04	0.01	0.000430964	1.75792	57.9085	0
0.04	0.01	0.000430964	1.88365	59.3501	0
0.04	0.01	0.000430964	2.01837	61.4359	0
0.04	0.01	0.000430964	2.16272	63.995	0
0.04	0.01	0.000430964	2.31739	66.7113	0
0.04	0.01	0.000430964	2.48313	69.0381	0
0.04	0.01	0.000430964	2.66073	70.1512	0
0.04	0.01	0.000430964	2.85102	69.0798	0
0.04	0.01	0.000430964	3.05492	65.1282	0
0.04	0.01	0.000430964	3.27341	58.3934	0
0.04	0.01	0.000430964	3.50752	49.9188	0
0.04	0.01	0.000430964	3.75837	41.2413	0
0.04	0.01	0.000430964	4.02717	33.539	0
0.04	0.01	0.000430964	4.31519	26.8837	0
0.04	0.01	0.000430964	4.62381	20.3534	0
0.04	0.01	0.000430964	4.9545	13.2868	0
0.04	0.01	0.000430964	5.30884	6.34659	0
0.04	0.01	0.000430964	5.68853	1.33554	0
0.04	0.01	0.000430964	6.09537	0.138909	0
0.04	0.01	0.000430964	6.53131	3.96421	0
0.04	0.01	0.000430964	6.99842	13.5442	0
0.04	0.01	0.000430964	7.49894	27.0609	0
0.04	0.01	0.000430964	8.03526	38.8404	0
0.04	0.01	0.000430964	8.60994	45.1961	0
0.04	0.01	0.000430964	9.22571	46.985	0
0.04	0.01	0.000430964	9.88553	47.3625	0
0.04	0.01	0.000430964	10.5925	48.9811	0
0.04	0.01	0.000430964	11.3501	52.681	0
0.04	0.01	0.000430964	12.1619	59.1175	0
0.04	0.01	0.000430964	13.0317	66.8892	0
0.04	0.01	0.000430964	13.9637	70.7367	0
0.04	0.01	0.000430964	14.9624	66.9815	0
0.04	0.01	0.000430964	16.0325	59.8743	0
0.04	0.01	0.000430964	17.1791	55.948	0
0.04	0.01	0.000430964	18.4077	56.0037	0
0.04	0.01	0.000430964	19.7242	54.6221	0
0.04	0.01	0.000430964	21.1349	49.6209	0
0.04	0.01	0.000430964	22.6464	44.1209	0
0.04	0.01	0.000430964	24.2661	38.9761	0
0.04	0.01	0.000430964	26.0016	35.8215	0
0.04	0.01	0.000430964	27.8612	33.4944	0
0.04	0.01	0.000430964	29.8538	30.8325	0
0.04	0.01	0.000430964	31.989	31.7597	0
0.04	0.01	0.000430964	34.2768	33.3768	0
0.04	0.01	0.000430964	36.7282	36.0748	0
0.04	0.01	0.000430964	39.355	43.1661	0
0.04	0.01	0.000430964	42.1697	44.5721	0
0.04	0.01	0.000430964	45.1856	47.4676	0
0.04	0.01	0.000430964	48.4172	49.1586	0
0.04	0.01	0.000430964	51.88	46.5808	0
0.04	0.01	0.000430964	55.5904	44.074	0
0.04	0.01	0.000430964	59.5662	32.881	0
0.04	0.01	0.000430964	63.8263	26.2048	0
0.04	0.01	0.000430964	68.3912	26.7761	0
0.04	0.01	0.000430964	73.2825	28.7287	0
0.04	0.01	0.000430964	78.5236	29.9322	0
0.04	0.01	0.000430964	84.1395	30.0817	0
0.04	0.01	0.000430964	90.1571	28.1719	0
0.04	0.01	0.000430964	96.6051	25.9534	0
0.04	0.01	0.00047086	0.103514	284.931	0
0.04	0.01	0.00047086	0.110917	283.957	0
0.04	0.01	0.00047086	0.11885	282.845	0
0.04	0.01	0.00047086	0.12735	281.575	0
0.04	0.01	0.00047086	0.136458	280.128	0
0.04	0.01	0.00047086	0.146218	278.479	0
0.04	0.01	0.00047086	0.156675	276.604	0
0.04	0.01	0.00047086	0.16788	274.473	0
0.04	0.01	0.00047086	0.179887	272.055	0
0.04	0.01	0.00047086	0.192752	269.318	0
0.04	0.01	0.00047086	0.206538	266.224	0
0.04	0.01	0.00047086	0.221309	262.735	0
0.04	0.01	0.00047086	0.237137	258.812	0
0.04	0.01	0.00047086	0.254097	254.412	0
0.04	0.01	0.00047086	0.27227	249.497	0
0.04	0.01	0.00047086	0.291743	244.026	0
0.04	0.01	0.00047086	0.312608	237.963	0
0.04	0.01	0.00047086	0.334965	231.279	0
0.04	0.01	0.00047086	0.358922	223.951	0
0.04	0.01	0.00047086	0.384592	215.97	0
0.04	0.01	0.00047086	0.412098	207.34	0
0.04	0.01	0.00047086	0.44157	198.087	0
0.04	0.01	0.00047086	0.473151	188.256	0
0.04	0.01	0.00047086	0.506991	177.92	0
0.04	0.01	0.00047086	0.54325	167.177	0
0.04	0.01	0.00047086	0.582103	156.155	0
0.04	0.01	0.00047086	0.623735	145.005	0
0.04	0.01	0.00047086	0.668344	133.9	0
0.04	0.01	0.00047086	0.716143	123.026	0
0.04	0.01	0.00047086	0.767361	112.573	0
0.04	0.01	0.00047086	0.822243	102.723	0
0.04	0.01	0.00047086	0.881049	93.6363	0
0.04	0.01	0.00047086	0.944061	85.4484	0
0.04	0.01	0.00047086	1.01158	78.2578	0
0.04	0.01	0.00047086	1.08393	72.1264	0
0.04	0.01	0.00047086	1.16145	67.0807	0
0.04	0.01	0.00047086	1.24451	63.116	0
0.04	0.01	0.00047086	1.33352	60.2018	0
0.04	0.01	0.00047086	1.42889	58.2879	0
0.04	0.01	0.00047086	1.53109	57.3117	0
0.04	0.01	0.00047086	1.64059	57.2066	0
0.04	0.01	0.00047086	1.75792	57.9085	0
0.04	0.01	0.00047086	1.88365	59.3501	0
0.04	0.01	0.00047086	2.01837	61.4359	0
0.04	0.01	0.00047086	2.16272	63.995	0
0.04	0.01	0.00047086	2.31739	66.7113	0
0.04	0.01	0.00047086	2.48313	69.0381	0
0.04	0.01	0.00047086	2.66073	70.1511	0
0.04	0.01	0.00047086	2.85102	69.0798	0
0.04	0.01	0.00047086	3.05492	65.1282	0
0.04	0.01	0.00047086	3.27341	58.3934	0
0.04	0.01	0.00047086	3.50752	49.9188	0
0.04	0.01	0.00047086	3.75837	41.2413	0
0.04	0.01	0.00047086	4.02717	33.539	0
0.04	0.01	0.00047086	4.31519	26.8837	0
0.04	0.01	0.00047086	4.62381	20.3534	0
0.04	0.01	0.00047086	4.9545	13.2868	0
0.04	0.01	0.00047086	5.30884	6.34659	0
0.04	0.01	0.00047086	5.68853	1.33555	0
0.04	0.01	0.00047086	6.09537	0.138906	0
0.04	0.01	0.00047086	6.53131	3.9642	0
0.04	0.01	0.00047086	6.99842	13.5441	0
0.04	0.01	0.00047086	7.49894	27.0609	0
0.04	0.01	0.00047086	8.03526	38.8404	0
0.04	0.01	0.00047086	8.60994	45.1961	0
0.04	0.01	0.00047086	9.22571	46.985	0
0.04	0.01	0.00047086	9.88553	47.3625	0
0.04	0.01	0.00047086	10.5925	48.9811	0
0.04	0.01	0.00047086	11.3501	52.681	0
0.04	0.01	0.00047086	12.1619	59.1176	0
0.04	0.01	0.00047086	13.0317	66.8892	0
0.04	0.01	0.00047086	13.9637	70.7368	0
0.04	0.01	0.00047086	14.9624	66.9815	0
0.04	0.01	0.00047086	16.0325	59.8743	0
0.04	0.01	0.00047086	17.1791	55.948	0
0.04	0.01	0.00047086	18.4077	56.0037	0
0.04	0.01	0.00047086	19.7242	54.6221	0
0.04	0.01	0.00047086	21.1349	49.6209	0
0.04	0.01	0.00047086	22.6464	44.1209	0
0.04	0.01	0.00047086	24.2661	38.9761	0
0.04	0.01	0.00047086	26.0016	35.8215	0
0.04	0.01	0.00047086	27.8612	33.4944	0
0.04	0.01	0.00047086	29.8538	30.8325	0
0.04	0.01	0.00047086	31.989	31.7598	0
0.04	0.01	0.00047086	34.2768	33.3768	0
0.04	0.01	0.00047086	36.7282	36.0748	0
0.04	0.01	0.00047086	39.355	43.1661	0
0.04	0.01	0.00047086	42.1697	44.5721	0
0.04	0.01	0.00047086	45.1856	47.4677	0
0.04	0.01	0.00047086	48.4172	49.1587	0
0.04	0.01	0.00047086	51.88	46.5808	0
0.04	0.01	0.00047086	55.5904	44.074	0
0.04	0.01	0.00047086	59.5662	32.881	0
0.04	0.01	0.00047086	63.8263	26.2048	0
0.04	0.01	0.00047086	68.3912	26.7761	0
0.04	0.01	0.00047086	73.2825	28.7287	0
0.04	0.01	0.00047086	78.5236	29.9322	0
0.04	0.01	0.00047086	84.1395	30.0817	0
0.04	0.01	0.00047086	90.1571	28.1719	0
0.04	0.01	0.00047086	96.6051	25.9534	0
0.04	0.01	0.00051445	0.103514	284.931	0
0.04	0.01	0.00051445	0.110917	283.957	0
0.04	0.01	0.00051445	0.11885	282.845	0
0.04	0.01	0.00051445	0.12735	281.575	0
0.04	0.01	0.00051445	0.136458	280.128	0
0.04	0.01	0.00051445	0.146218	278.479	0
0.04	0.01	0.00051445	0.156675	276.604	0
0.04	0.01	0.00051445	0.16788	274.473	0
0.04	0.01	0.00051445	0.179887	272.055	0
0.04	0.01	0.00051445	0.192752	269.318	0
0.04	0.01	0.00051445	0.206538	266.224	0
0.04	0.01	0.00051445	0.221309	262.735	0
0.04	0.01	0.00051445	0.237137	258.812	0
0.04	0.01	0.00051445	0.254097	254.412	0
0.04	0.01	0.00051445	0.27227	249.497	0
0.04	0.01	0.00051445	0.291743	244.026	0
0.04	0.01	0.00051445	0.312608	237.963	0
0.04	0.01	0.00051445	0.334965	231.279	0
0.04	0.01	0.00051445	0.358922	223.951	0
0.04	0.01	0.00051445	0.384592	215.97	0
0.04	0.01	0.00051445	0.412098	207.34	0
0.04	0.01	0.00051445	0.44157	198.087	0
0.04	0.01	0.00051445	0.473151	188.256	0
0.04	0.01	0.00051445	0.506991	177.92	0
0.04	0.01	0.00051445	0.54325	167.177	0
0.04	0.01	0.00051445	0.582103	156.155	0
0.04	0.01	0.00051445	0.623735	145.005	0
0.04	0.01	0.00051445	0.668344	133.9	0
0.04	0.01	0.00051445	0.716143	123.026	0
0.04	0.01	0.00051445	0.767361	112.573	0
0.04	0.01	0.00051445	0.822243	102.723	0
0.04	0.01	0.00051445	0.881049	93.6363	0
0.04	0.01	0.00051445	0.944061	85.4484	0
0.04	0.01	0.00051445	1.01158	78.2578	0
0.04	0.01	0.00051445	1.08393	72.1264	0
0.04	0.01	0.00051445	1.16145	67.0807	0
0.04	0.01	0.00051445	1.24451	63.116	0
0.04	0.01	0.00051445	1.33352	60.2018	0
0.04	0.01	0.00051445	1.42889	58.2879	0
0.04	0.01	0.00051445	1.53109	57.3117	0
0.04	0.01	0.00051445	1.64059	57.2066	0
0.04	0.01	0.00051445	1.75792	57.9085	0
0.04	0.01	0.00051445	1.88365	59.3501	0
0.04	0.01	0.00051445	2.01837	61.4359	0
0.04	0.01	0.00051445	2.16272	63.995	0
0.04	0.01	0.00051445	2.31739	66.7113	0
0.04	0.01	0.00051445	2.48313	69.0381	0
0.04	0.01	0.00051445	2.66073	70.1511	0
0.04	0.01	0.00051445	2.85102	69.0798	0
0.04	0.01	0.00051445	3.05492	65.1282	0
0.04	0.01	0.00051445	3.27341	58.3934	0
0.04	0.01	0.00051445	3.50752	49.9188	0
0.04	0.01	0.00051445	3.75837	41.2412	0
0.04	0.01	0.00051445	4.02717	33.5389	0
0.04	0.01	0.00051445	4.31519	26.8836	0
0.04	0.01	0.00051445	4.62381	20.3534	0
0.04	0.01	0.00051445	4.9545	13.2868	0
0.04	0.01	0.00051445	5.30884	6.34659	0
0.04	0.01	0.00051445	5.68853	1.33555	0
0.04	0.01	0.00051445	6.09537	0.138902	0
0.04	0.01	0.00051445	6.53131	3.96419	0
0.04	0.01	0.00051445	6.99842	13.5441	0
0.04	0.01	0.00051445	7.49894	27.0609	0
0.04	0.01	0.00051445	8.03526	38.8404	0
0.04	0.01	0.00051445	8.60994	45.1961	0
0.04	0.01	0.00051445	9.22571	46.9849	0
0.04	0.01	0.00051445	9.88553	47.3625	0
0.04	0.01	0.00051445	10.5925	48.9811	0
0.04	0.01	0.00051445	11.3501	52.681	0
0.04	0.01	0.00051445	12.1619	59.1176	0
0.04	0.01	0.00051445	13.0317	66.8892	0
0.04	0.01	0.00051445	13.9637	70.7368	0
0.04	0.01	0.00051445	14.9624	66.9815	0
0.04	0.01	0.00051445	16.0325	59.8744	0
0.04	0.01	0.00051445	17.1791	55.948	0
0.04	0.01	0.00051445	18.4077	56.0038	0
0.04	0.01	0.00051445	19.7242	54.6221	0
0.04	0.01	0.00051445	21.1349	49.6209	0
0.04	0.01	0.00051445	22.6464	44.121	0
0.04	0.01	0.00051445	24.2661	38.9761	0
0.04	0.01	0.00051445	26.0016	35.8215	0
0.04	0.01	0.00051445	27.8612	33.4944	0
0.04	0.01	0.00051445	29.8538	30.8325	0
0.04	0.01	0.00051445	31.989	31.7598	0
0.04	0.01	0.00051445	34.2768	33.3768	0
0.04	0.01	0.00051445	36.7282	36.0748	0
0.04	0.01	0.00051445	39.355	43.1661	0
0.04	0.01	0.00051445	42.1697	44.5721	0
0.04	0.01	0.00051445	45.1856	47.4677	0
0.04	0.01	0.00051445	48.4172	49.1587	0
0.04	0.01	0.00051445	51.88	46.5809	0
0.04	0.01	0.00051445	55.5904	44.074	0
0.04	0.01	0.00051445	59.5662	32.881	0
0.04	0.01	0.00051445	63.8263	26.2049	0
0.04	0.01	0.00051445	68.3912	26.7761	0
0.04	0.01	0.00051445	73.2825	28.7287	0
0.04	0.01	0.00051445	78.5236	29.9322	0
0.04	0.01	0.00051445	84.1395	30.0817	0
0.04	0.01	0.00051445	90.1571	28.1719	0
0.04	0.01	0.00051445	96.6051	25.9534	0
0.04	0.01	0.000562075	0.103514	284.931	0
0.04	0.01	0.000562075	0.110917	283.957	0
0.04	0.01	0.000562075	0.11885	282.845	0
0.04	0.01	0.000562075	0.12735	281.575	0
0.04	0.01	0.000562075	0.136458	280.128	0
0.04	0.01	0.000562075	0.146218	278.479	0
0.04	0.01	0.000562075	0.156675	276.604	0
0.04	0.01	0.000562075	0.16788	274.473	0
0.04	0.01	0.000562075	0.179887	272.055	0
0.04	0.01	0.000562075	0.192752	269.318	0
0.04	0.01	0.000562075	0.206538	266.224	0
0.04	0.01	0.000562075	0.221309	262.735	0
0.04	0.01	0.000562075	0.237137	258.812	0
0.04	0.01	0.000562075	0.254097	254.412	0
0.04	0.01	0.000562075	0.27227	249.497	0
0.04	0.01	0.000562075	0.291743	244.026	0
0.04	0.01	0.000562075	0.312608	237.963	0
0.04	0.01	0.000562075	0.334965	231.279	0
0.04	0.01	0.000562075	0.358922	223.951	0
0.04	0.01	0.000562075	0.384592	215.97	0
0.04	0.01	0.000562075	0.412098	207.34	0
0.04	0.01	0.000562075	0.44157	198.087	0
0.04	0.01	0.000562075	0.473151	188.256	0
0.04	0.01	0.000562075	0.506991	177.92	0
0.04	0.01	0.000562075	0.54325	167.177	0
0.04	0.01	0.000562075	0.582103	156.155	0
0.04	0.01	0.000562075	0.623735	145.005	0
0.04	0.01	0.000562075	0.668344	133.9	0
0.04	0.01	0.000562075	0.716143	123.026	0
0.04	0.01	0.000562075	0.767361	112.573	0
0.04	0.01	0.000562075	0.822243	102.723	0
0.04	0.01	0.000562075	0.881049	93.6363	0
0.04	0.01	0.000562075	0.944061	85.4484	0
0.04	0.01	0.000562075	1.01158	78.2578	0
0.04	0.01	0.000562075	1.08393	72.1264	0
0.04	0.01	0.000562075	1.16145	67.0807	0
0.04	0.01	0.000562075	1.24451	63.116	0
0.04	0.01	0.000562075	1.33352	60.2018	0
0.04	0.01	0.000562075	1.42889	58.2879	0
0.04	0.01	0.000562075	1.53109	57.3117	0
0.04	0.01	0.000562075	1.64059	57.2066	0
0.04	0.01	0.000562075	1.75792	57.9085	0
0.04	0.01	0.000562075	1.88365	59.3501	0
0.04	0.01	0.000562075	2.01837	61.4359	0
0.04	0.01	0.000562075	2.16272	63.995	0
0.04	0.01	0.000562075	2.31739	66.7113	0
0.04	0.01	0.000562075	2.48313	69.0381	0
0.04	0.01	0.000562075	2.66073	70.1511	0
0.04	0.01	0.000562075	2.85102	69.0798	0
0.04	0.01	0.000562075	3.05492	65.1282	0
0.04	0.01	0.000562075	3.27341	58.3934	0
0.04	0.01	0.000562075	3.50752	49.9188	0
0.04	0.01	0.000562075	3.75837	41.2412	0
0.04	0.01	0.000562075	4.02717	33.5389	0
0.04	0.01	0.000562075	4.31519	26.8836	0
0.04	0.01	0.000562075	4.62381	20.3534	0
0.04	0.01	0.000562075	4.9545	13.2868	0
0.04	0.01	0.000562075	5.30884	6.3466	0
0.04	0.01	0.000562075	5.68853	1.33555	0
0.04	0.01	0.000562075	6.09537	0.138898	0
0.04	0.01	0.000562075	6.53131	3.96418	0
0.04	0.01	0.000562075	6.99842	13.5441	0
0.04	0.01	0.000562075	7.49894	27.0609	0
0.04	0.01	0.000562075	8.03526	38.8403	0
0.04	0.01	0.000562075	8.60994	45.1961	0
0.04	0.01	0.000562075	9.22571	46.9849	0
0.04	0.01	0.000562075	9.88553	47.3625	0
0.04	0.01	0.000562075	10.5925	48.9811	0
0.04	0.01	0.000562075	11.3501	52.681	0
0.04	0.01	0.000562075	12.1619	59.1176	0
0.04	0.01	0.000562075	13.0317	66.8893	0
0.04	0.01	0.000562075	13.9637	70.7369	0
0.04	0.01	0.000562075	14.9624	66.9816	0
0.04	0.01	0.000562075	16.0325	59.8744	0
0.04	0.01	0.000562075	17.1791	55.948	0
0.04	0.01	0.000562075	18.4077	56.0038	0
0.04	0.01	0.000562075	19.7242	54.6221	0
0.04	0.01	0.000562075	21.1349	49.621	0
0.04	0.01	0.000562075	22.6464	44.121	0
0.04	0.01	0.000562075	24.2661	38.9761	0
0.04	0.01	0.000562075	26.0016	35.8215	0
0.04	0.01	0.000562075	27.8612	33.4944	0
0.04	0.01	0.000562075	29.8538	30.8325	0
0.04	0.01	0.000562075	31.989	31.7598	0
0.04	0.01	0.000562075	34.2768	33.3768	0
0.04	0.01	0.000562075	36.7282	36.0748	0
0.04	0.01	0.000562075	39.355	43.1661	0
0.04	0.01	0.000562075	42.1697	44.5721	0
0.04	0.01	0.000562075	45.1856	47.4677	0
0.04	0.01	0.000562075	48.4172	49.1587	0
0.04	0.01	0.000562075	51.88	46.5809	0
0.04	0.01	0.000562075	55.5904	44.074	0
0.04	0.01	0.000562075	59.5662	32.881	0
0.04	0.01	0.000562075	63.8263	26.2049	0
0.04	0.01	0.000562075	68.3912	26.7761	0
0.04	0.01	0.000562075	73.2825	28.7287	0
0.04	0.01	0.000562075	78.5236	29.9322	0
0.04	0.01	0.000562075	84.1395	30.0817	0
0.04	0.01	0.000562075	90.1571	28.1719	0
0.04	0.01	0.000562075	96.6051	25.9535	0
0.04	0.01	0.000614108	0.103514	284.931	0
0.04	0.01	0.000614108	0.110917	283.957	0
0.04	0.01	0.000614108	0.11885	282.845	0
0.04	0.01	0.000614108	0.12735	281.575	0
0.04	0.01	0.000614108	0.136458	280.128	0
0.04	0.01	0.000614108	0.146218	278.479	0
0.04	0.01	0.000614108	0.156675	276.604	0
0.04	0.01	0.000614108	0.16788	274.473	0
0.04	0.01	0.000614108	0.179887	272.055	0
0.04	0.01	0.000614108	0.192752	269.318	0
0.04	0.01	0.000614108	0.206538	266.224	0
0.04	0.01	0.000614108	0.221309	262.735	0
0.04	0.01	0.000614108	0.237137	258.812	0
0.04	0.01	0.000614108	0.254097	254.412	0
0.04	0.01	0.000614108	0.27227	249.497	0
0.04	0.01	0.000614108	0.291743	244.026	0
0.04	0.01	0.000614108	0.312608	237.963	0
0.04	0.01	0.000614108	0.334965	231.279	0
0.04	0.01	0.000614108	0.358922	223.951	0
0.04	0.01	0.000614108	0.384592	215.97	0
0.04	0.01	0.000614108	0.412098	207.34	0
0.04	0.01	0.000614108	0.44157	198.087	0
0.04	0.01	0.000614108	0.473151	188.256	0
0.04	0.01	0.000614108	0.506991	177.92	0
0.04	0.01	0.000614108	0.54325	167.177	0
0.04	0.01	0.000614108	0.582103	156.155	0
0.04	0.01	0.000614108	0.623735	145.005	0
0.04	0.01	0.000614108	0.668344	133.9	0
0.04	0.01	0.000614108	0.716143	123.026	0
0.04	0.01	0.000614108	0.767361	112.573	0
0.04	0.01	0.000614108	0.822243	102.723	0
0.04	0.01	0.000614108	0.881049	93.6363	0
0.04	0.01	0.000614108	0.944061	85.4484	0
0.04	0.01	0.000614108	1.01158	78.2578	0
0.04	0.01	0.000614108	1.08393	72.1264	0
0.04	0.01	0.000614108	1.16145	67.0807	0
0.04	0.01	0.000614108	1.24451	63.116	0
0.04	0.01	0.000614108	1.33352	60.2018	0
0.04	0.01	0.000614108	1.42889	58.2879	0
0.04	0.01	0.000614108	1.53109	57.3117	0
0.04	0.01	0.000614108	1.64059	57.2066	0
0.04	0.01	0.000614108	1.75792	57.9085	0
0.04	0.01	0.000614108	1.88365	59.35	0
0.04	0.01	0.000614108	2.01837	61.4359	0
0.04	0.01	0.000614108	2.16272	63.995	0
0.04	0.01	0.000614108	2.31739	66.7113	0
0.04	0.01	0.000614108	2.48313	69.0381	0
0.04	0.01	0.000614108	2.66073	70.1511	0
0.04	0.01	0.000614108	2.85102	69.0798	0
0.04	0.01	0.000614108	3.05492	65.1281	0
0.04	0.01	0.000614108	3.27341	58.3934	0
0.04	0.01	0.000614108	3.50752	49.9188	0
0.04	0.01	0.000614108	3.75837	41.2412	0
0.04	0.01	0.000614108	4.02717	33.5389	0
0.04	0.01	0.000614108	4.31519	26.8836	0
0.04	0.01	0.000614108	4.62381	20.3534	0
0.04	0.01	0.000614108	4.9545	13.2868	0
0.04	0.01	0.000614108	5.30884	6.3466	0
0.04	0.01	0.000614108	5.68853	1.33555	0
0.04	0.01	0.000614108	6.09537	0.138893	0
0.04	0.01	0.000614108	6.53131	3.96417	0
0.04	0.01	0.000614108	6.99842	13.5441	0
0.04	0.01	0.000614108	7.49894	27.0608	0
0.04	0.01	0.000614108	8.03526	38.8403	0
0.04	0.01	0.000614108	8.60994	45.196	0
0.04	0.01	0.000614108	9.22571	46.9849	0
0.04	0.01	0.000614108	9.88553	47.3625	0
0.04	0.01	0.000614108	10.5925	48.9811	0
0.04	0.01	0.000614108	11.3501	52.6811	0
0.04	0.01	0.000614108	12.1619	59.1177	0
0.04	0.01	0.000614108	13.0317	66.8893	0
0.04	0.01	0.000614108	13.9637	70.7369	0
0.04	0.01	0.000614108	14.9624	66.9816	0
0.04	0.01	0.000614108	16.0325	59.8744	0
0.04	0.01	0.000614108	17.1791	55.9481	0
0.04	0.01	0.000614108	18.4077	56.0038	0
0.04	0.01	0.000614108	19.7242	54.6221	0
0.04	0.01	0.000614108	21.1349	49.621	0
0.04	0.01	0.000614108	22.6464	44.121	0
0.04	0.01	0.000614108	24.2661	38.9761	0
0.04	0.01	0.000614108	26.0016	35.8215	0
0.04	0.01	0.000614108	27.8612	33.4944	0
0.04	0.01	0.000614108	29.8538	30.8325	0
0.04	0.01	0.000614108	31.989	31.7598	0
0.04	0.01	0.000614108	34.2768	33.3768	0
0.04	0.01	0.000614108	36.7282	36.0748	0
0.04	0.01	0.000614108	39.355	43.1661	0
0.04	0.01	0.000614108	42.1697	44.5721	0
0.04	0.01	0.000614108	45.1856	47.4677	0
0.04	0.01	0.000614108	48.4172	49.1587	0
0.04	0.01	0.000614108	51.88	46.5809	0
0.04	0.01	0.000614108	55.5904	44.074	0
0.04	0.01	0.000614108	59.5662	32.881	0
0.04	0.01	0.000614108	63.8263	26.2049	0
0.04	0.01	0.000614108	68.3912	26.7762	0
0.04	0.01	0.000614108	73.2825	28.7287	0
0.04	0.01	0.000614108	78.5236	29.9322	0
0.04	0.01	0.000614108	84.1395	30.0817	0
0.04	0.01	0.000614108	90.1571	28.1719	0
0.04	0.01	0.000614108	96.6051	25.9535	0
0.04	0.01	0.000670959	0.103514	284.931	0
0.04	0.01	0.000670959	0.110917	283.957	0
0.04	0.01	0.000670959	0.11885	282.845	0
0.04	0.01	0.000670959	0.12735	281.575	0
0.04	0.01	0.000670959	0.136458	280.128	0
0.04	0.01	0.000670959	0.146218	278.479	0
0.04	0.01	0.000670959	0.156675	276.604	0
0.04	0.01	0.000670959	0.16788	274.473	0
0.04	0.01	0.000670959	0.179887	272.055	0
0.04	0.01	0.000670959	0.192752	269.318	0
0.04	0.01	0.000670959	0.206538	266.224	0
0.04	0.01	0.000670959	0.221309	262.735	0
0.04	0.01	0.000670959	0.237137	258.812	0
0.04	0.01	0.000670959	0.254097	254.412	0
0.04	0.01	0.000670959	0.27227	249.497	0
0.04	0.01	0.000670959	0.291743	244.026	0
0.04	0.01	0.000670959	0.312608	237.963	0
0.04	0.01	0.000670959	0.334965	231.279	0
0.04	0.01	0.000670959	0.358922	223.951	0
0.04	0.01	0.000670959	0.384592	215.97	0
0.04	0.01	0.000670959	0.412098	207.34	0
0.04	0.01	0.000670959	0.44157	198.087	0
0.04	0.01	0.000670959	0.473151	188.256	0
0.04	0.01	0.000670959	0.506991	177.92	0
0.04	0.01	0.000670959	0.54325	167.177	0
0.04	0.01	0.000670959	0.582103	156.155	0
0.04	0.01	0.000670959	0.623735	145.005	0
0.04	0.01	0.000670959	0.668344	133.9	0
0.04	0.01	0.000670959	0.716143	123.026	0
0.04	0.01	0.000670959	0.767361	112.573	0
0.04	0.01	0.000670959	0.822243	102.723	0
0.04	0.01	0.000670959	0.881049	93.6363	0
0.04	0.01	0.000670959	0.944061	85.4484	0
0.04	0.01	0.000670959	1.01158	78.2578	0
0.04	0.01	0.000670959	1.08393	72.1264	0
0.04	0.01	0.000670959	1.16145	67.0807	0
0.04	0.01	0.000670959	1.24451	63.116	0
0.04	0.01	0.000670959	1.33352	60.2018	0
0.04	0.01	0.000670959	1.42889	58.2879	0
0.04	0.01	0.000670959	1.53109	57.3117	0
0.04	0.01	0.000670959	1.64059	57.2066	0
0.04	0.01	0.000670959	1.75792	57.9085	0
0.04	0.01	0.000670959	1.88365	59.35	0
0.04	0.01	0.000670959	2.01837	61.4359	0
0.04	0.01	0.000670959	2.16272	63.995	0
0.04	0.01	0.000670959	2.31739	66.7113	0
0.04	0.01	0.000670959	2.48313	69.0381	0
0.04	0.01	0.000670959	2.66073	70.1511	0
0.04	0.01	0.000670959	2.85102	69.0798	0
0.04	0.01	0.000670959	3.05492	65.1281	0
0.04	0.01	0.000670959	3.27341	58.3933	0
0.04	0.01	0.000670959	3.50752	49.9187	0
0.04	0.01	0.000670959	3.75837	41.2412	0
0.04	0.01	0.000670959	4.02717	33.5389	0
0.04	0.01	0.000670959	4.31519	26.8836	0
0.04	0.01	0.000670959	4.62381	20.3534	0
0.04	0.01	0.000670959	4.9545	13.2868	0
0.04	0.01	0.000670959	5.30884	6.34661	0
0.04	0.01	0.000670959	5.68853	1.33555	0
0.04	0.01	0.000670959	6.09537	0.138888	0
0.04	0.01	0.000670959	6.53131	3.96415	0
0.04	0.01	0.000670959	6.99842	13.5441	0
0.04	0.01	0.000670959	7.49894	27.0608	0
0.04	0.01	0.000670959	8.03526	38.8403	0
0.04	0.01	0.000670959	8.60994	45.196	0
0.04	0.01	0.000670959	9.22571	46.9849	0
0.04	0.01	0.000670959	9.88553	47.3625	0
0.04	0.01	0.000670959	10.5925	48.9811	0
0.04	0.01	0.000670959	11.3501	52.6811	0
0.04	0.01	0.000670959	12.1619	59.1177	0
0.04	0.01	0.000670959	13.0317	66.8894	0
0.04	0.01	0.000670959	13.9637	70.737	0
0.04	0.01	0.000670959	14.9624	66.9817	0
0.04	0.01	0.000670959	16.0325	59.8745	0
0.04	0.01	0.000670959	17.1791	55.9481	0
0.04	0.01	0.000670959	18.4077	56.0038	0
0.04	0.01	0.000670959	19.7242	54.6221	0
0.04	0.01	0.000670959	21.1349	49.621	0
0.04	0.01	0.000670959	22.6464	44.121	0
0.04	0.01	0.000670959	24.2661	38.9762	0
0.04	0.01	0.000670959	26.0016	35.8215	0
0.04	0.01	0.000670959	27.8612	33.4944	0
0.04	0.01	0.000670959	29.8538	30.8325	0
0.04	0.01	0.000670959	31.989	31.7598	0
0.04	0.01	0.000670959	34.2768	33.3768	0
0.04	0.01	0.000670959	36.7282	36.0748	0
0.04	0.01	0.000670959	39.355	43.1661	0
0.04	0.01	0.000670959	42.1697	44.5721	0
0.04	0.01	0.000670959	45.1856	47.4677	0
0.04	0.01	0.000670959	48.4172	49.1587	0
0.04	0.01	0.000670959	51.88	46.5809	0
0.04	0.01	0.000670959	55.5904	44.074	0
0.04	0.01	0.000670959	59.5662	32.881	0
0.04	0.01	0.000670959	63.8263	26.2049	0
0.04	0.01	0.000670959	68.3912	26.7762	0
0.04	0.01	0.000670959	73.2825	28.7287	0
0.04	0.01	0.000670959	78.5236	29.9322	0
0.04	0.01	0.000670959	84.1395	30.0817	0
0.04	0.01	0.000670959	90.1571	28.1719	0
0.04	0.01	0.000670959	96.6051	25.9535	0
0.04	0.01	0.000733073	0.103514	284.931	0
0.04	0.01	0.000733073	0.110917	283.957	0
0.04	0.01	0.000733073	0.11885	282.845	0
0.04	0.01	0.000733073	0.12735	281.575	0
0.04	0.01	0.000733073	0.136458	280.128	0
0.04	0.01	0.000733073	0.146218	278.479	0
0.04	0.01	0.000733073	0.156675	276.604	0
0.04	0.01	0.000733073	0.16788	274.473	0
0.04	0.01	0.000733073	0.179887	272.055	0
0.04	0.01	0.000733073	0.192752	269.318	0
0.04	0.01	0.000733073	0.206538	266.224	0
0.04	0.01	0.000733073	0.221309	262.735	0
0.04	0.01	0.000733073	0.237137	258.812	0
0.04	0.01	0.000733073	0.254097	254.412	0
0.04	0.01	0.000733073	0.27227	249.497	0
0.04	0.01	0.000733073	0.291743	244.026	0
0.04	0.01	0.000733073	0.312608	237.963	0
0.04	0.01	0.000733073	0.334965	231.279	0
0.04	0.01	0.000733073	0.358922	223.951	0
0.04	0.01	0.000733073	0.384592	215.97	0
0.04	0.01	0.000733073	0.412098	207.34	0
0.04	0.01	0.000733073	0.44157	198.087	0
0.04	0.01	0.000733073	0.473151	188.256	0
0.04	0.01	0.000733073	0.506991	177.92	0
0.04	0.01	0.000733073	0.54325	167.177	0
0.04	0.01	0.000733073	0.582103	156.155	0
0.04	0.01	0.000733073	0.623735	145.005	0
0.04	0.01	0.000733073	0.668344	133.9	0
0.04	0.01	0.000733073	0.716143	123.026	0
0.04	0.01	0.000733073	0.767361	112.573	0
0.04	0.01	0.000733073	0.822243	102.723	0
0.04	0.01	0.000733073	0.881049	93.6363	0
0.04	0.01	0.000733073	0.944061	85.4484	0
0.04	0.01	0.000733073	1.01158	78.2578	0
0.04	0.01	0.000733073	1.08393	72.1264	0
0.04	0.01	0.000733073	1.16145	67.0807	0
0.04	0.01	0.000733073	1.24451	63.116	0
0.04	0.01	0.000733073	1.33352	60.2018	0
0.04	0.01	0.000733073	1.42889	58.2879	0
0.04	0.01	0.000733073	1.53109	57.3117	0
0.04	0.01	0.000733073	1.64059	57.2066	0
0.04	0.01	0.000733073	1.75792	57.9085	0
0.04	0.01	0.000733073	1.88365	59.35	0
0.04	0.01	0.000733073	2.01837	61.4359	0
0.04	0.01	0.000733073	2.16272	63.995	0
0.04	0.01	0.000733073	2.31739	66.7113	0
0.04	0.01	0.000733073	2.48313	69.0381	0
0.04	0.01	0.000733073	2.66073	70.1511	0
0.04	0.01	0.000733073	2.85102	69.0798	0
0.04	0.01	0.000733073	3.05492	65.1281	0
0.04	0.01	0.000733073	3.27341	58.3933	0
0.04	0.01	0.000733073	3.50752	49.9187	0
0.04	0.01	0.000733073	3.75837	41.2412	0
0.04	0.01	0.000733073	4.02717	33.5389	0
0.04	0.01	0.000733073	4.31519	26.8836	0
0.04	0.01	0.000733073	4.62381	20.3534	0
0.04	0.01	0.000733073	4.9545	13.2868	0
0.04	0.01	0.000733073	5.30884	6.34661	0
0.04	0.01	0.000733073	5.68853	1.33556	0
0.04	0.01	0.000733073	6.09537	0.138883	0
0.04	0.01	0.000733073	6.53131	3.96414	0
0.04	0.01	0.000733073	6.99842	13.544	0
0.04	0.01	0.000733073	7.49894	27.0608	0
0.04	0.01	0.000733073	8.03526	38.8402	0
0.04	0.01	0.000733073	8.60994	45.196	0
0.04	0.01	0.000733073	9.22571	46.9848	0
0.04	0.01	0.000733073	9.88553	47.3625	0
0.04	0.01	0.000733073	10.5925	48.9811	0
0.04	0.01	0.000733073	11.3501	52.6811	0
0.04	0.01	0.000733073	12.1619	59.1178	0
0.04	0.01	0.000733073	13.0317	66.8895	0
0.04	0.01	0.000733073	13.9637	70.7371	0
0.04	0.01	0.000733073	14.9624	66.9817	0
0.04	0.01	0.000733073	16.0325	59.8745	0
0.04	0.01	0.000733073	17.1791	55.9481	0
0.04	0.01	0.000733073	18.4077	56.0038	0
0.04	0.01	0.000733073	19.7242	54.6221	0
0.04	0.01	0.000733073	21.1349	49.621	0
0.04	0.01	0.000733073	22.6464	44.121	0
0.04	0.01	0.000733073	24.2661	38.9762	0
0.04	0.01	0.000733073	26.0016	35.8216	0
0.04	0.01	0.000733073	27.8612	33.4945	0
0.04	0.01	0.000733073	29.8538	30.8325	0
0.04	0.01	0.000733073	31.989	31.7598	0
0.04	0.01	0.000733073	34.2768	33.3768	0
0.04	0.01	0.000733073	36.7282	36.0748	0
0.04	0.01	0.000733073	39.355	43.1661	0
0.04	0.01	0.000733073	42.1697	44.5722	0
0.04	0.01	0.000733073	45.1856	47.4678	0
0.04	0.01	0.000733073	48.4172	49.1588	0
0.04	0.01	0.000733073	51.88	46.5809	0
0.04	0.01	0.000733073	55.5904	44.074	0
0.04	0.01	0.000733073	59.5662	32.881	0
0.04	0.01	0.000733073	63.8263	26.2049	0
0.04	0.01	0.000733073	68.3912	26.7762	0
0.04	0.01	0.000733073	73.2825	28.7287	0
0.04	0.01	0.000733073	78.5236	29.9322	0
0.04	0.01	0.000733073	84.1395	30.0817	0
0.04	0.01	0.000733073	90.1571	28.172	0
0.04	0.01	0.000733073	96.6051	25.9535	0
0.04	0.01	0.000800936	0.103514	284.931	0
0.04	0.01	0.000800936	0.110917	283.957	0
0.04	0.01	0.000800936	0.11885	282.845	0
0.04	0.01	0.000800936	0.12735	281.575	0
0.04	0.01	0.000800936	0.136458	280.128	0
0.04	0.01	0.000800936	0.146218	278.479	0
0.04	0.01	0.000800936	0.156675	276.604	0
0.04	0.01	0.000800936	0.16788	274.473	0
0.04	0.01	0.000800936	0.179887	272.055	0
0.04	0.01	0.000800936	0.192752	269.318	0
0.04	0.01	0.000800936	0.206538	266.224	0
0.04	0.01	0.000800936	0.221309	262.735	0
0.04	0.01	0.000800936	0.237137	258.812	0
0.04	0.01	0.000800936	0.254097	254.412	0
0.04	0.01	0.000800936	0.27227	249.497	0
0.04	0.01	0.000800936	0.291743	244.026	0
0.04	0.01	0.000800936	0.312608	237.963	0
0.04	0.01	0.000800936	0.334965	231.279	0
0.04	0.01	0.000800936	0.358922	223.951	0
0.04	0.01	0.000800936	0.384592	215.97	0
0.04	0.01	0.000800936	0.412098	207.34	0
0.04	0.01	0.000800936	0.44157	198.087	0
0.04	0.01	0.000800936	0.473151	188.256	0
0.04	0.01	0.000800936	0.506991	177.92	0
0.04	0.01	0.000800936	0.54325	167.177	0
0.04	0.01	0.000800936	0.582103	156.155	0
0.04	0.01	0.000800936	0.623735	145.005	0
0.04	0.01	0.000800936	0.668344	133.9	0
0.04	0.01	0.000800936	0.716143	123.026	0
0.04	0.01	0.000800936	0.767361	112.573	0
0.04	0.01	0.000800936	0.822243	102.723	0
0.04	0.01	0.000800936	0.881049	93.6363	0
0.04	0.01	0.000800936	0.944061	85.4484	0
0.04	0.01	0.000800936	1.01158	78.2578	0
0.04	0.01	0.000800936	1.08393	72.1264	0
0.04	0.01	0.000800936	1.16145	67.0807	0
0.04	0.01	0.000800936	1.24451	63.116	0
0.04	0.01	0.000800936	1.33352	60.2018	0
0.04	0.01	0.000800936	1.42889	58.2879	0
0.04	0.01	0.000800936	1.53109	57.3117	0
0.04	0.01	0.000800936	1.64059	57.2066	0
0.04	0.01	0.000800936	1.75792	57.9085	0
0.04	0.01	0.000800936	1.88365	59.35	0
0.04	0.01	0.000800936	2.01837	61.4358	0
0.04	0.01	0.000800936	2.16272	63.995	0
0.04	0.01	0.000800936	2.31739	66.7113	0
0.04	0.01	0.000800936	2.48313	69.0381	0
0.04	0.01	0.000800936	2.66073	70.1511	0
0.04	0.01	0.000800936	2.85102	69.0798	0
0.04	0.01	0.000800936	3.05492	65.1281	0
0.04	0.01	0.000800936	3.27341	58.3933	0
0.04	0.01	0.000800936	3.50752	49.9187	0
0.04	0.01	0.000800936	3.75837	41.2411	0
0.04	0.01	0.000800936	4.02717	33.5389	0
0.04	0.01	0.000800936	4.31519	26.8836	0
0.04	0.01	0.000800936	4.62381	20.3534	0
0.04	0.01	0.000800936	4.9545	13.2868	0
0.04	0.01	0.000800936	5.30884	6.34662	0
0.04	0.01	0.000800936	5.68853	1.33556	0
0.04	0.01	0.000800936	6.09537	0.138877	0
0.04	0.01	0.000800936	6.53131	3.96412	0
0.04	0.01	0.000800936	6.99842	13.544	0
0.04	0.01	0.000800936	7.49894	27.0607	0
0.04	0.01	0.000800936	8.03526	38.8402	0
0.04	0.01	0.000800936	8.60994	45.1959	0
0.04	0.01	0.000800936	9.22571	46.9848	0
0.04	0.01	0.000800936	9.88553	47.3625	0
0.04	0.01	0.000800936	10.5925	48.9811	0
0.04	0.01	0.000800936	11.3501	52.6812	0
0.04	0.01	0.000800936	12.1619	59.1178	0
0.04	0.01	0.000800936	13.0317	66.8895	0
0.04	0.01	0.000800936	13.9637	70.7371	0
0.04	0.01	0.000800936	14.9624	66.9818	0
0.04	0.01	0.000800936	16.0325	59.8745	0
0.04	0.01	0.000800936	17.1791	55.9481	0
0.04	0.01	0.000800936	18.4077	56.0038	0
0.04	0.01	0.000800936	19.7242	54.6222	0
0.04	0.01	0.000800936	21.1349	49.621	0
0.04	0.01	0.000800936	22.6464	44.1211	0
0.04	0.01	0.000800936	24.2661	38.9762	0
0.04	0.01	0.000800936	26.0016	35.8216	0
0.04	0.01	0.000800936	27.8612	33.4945	0
0.04	0.01	0.000800936	29.8538	30.8325	0
0.04	0.01	0.000800936	31.989	31.7598	0
0.04	0.01	0.000800936	34.2768	33.3768	0
0.04	0.01	0.000800936	36.7282	36.0748	0
0.04	0.01	0.000800936	39.355	43.1661	0
0.04	0.01	0.000800936	42.1697	44.5722	0
0.04	0.01	0.000800936	45.1856	47.4678	0
0.04	0.01	0.000800936	48.4172	49.1588	0
0.04	0.01	0.000800936	51.88	46.5809	0
0.04	0.01	0.000800936	55.5904	44.0741	0
0.04	0.01	0.000800936	59.5662	32.881	0
0.04	0.01	0.000800936	63.8263	26.2049	0
0.04	0.01	0.000800936	68.3912	26.7762	0
0.04	0.01	0.000800936	73.2825	28.7287	0
0.04	0.01	0.000800936	78.5236	29.9322	0
0.04	0.01	0.000800936	84.1395	30.0818	0
0.04	0.01	0.000800936	90.1571	28.172	0
0.04	0.01	0.000800936	96.6051	25.9535	0
0.04	0.01	0.000875083	0.103514	284.931	0
0.04	0.01	0.000875083	0.110917	283.957	0
0.04	0.01	0.000875083	0.11885	282.845	0
0.04	0.01	0.000875083	0.12735	281.575	0
0.04	0.01	0.000875083	0.136458	280.128	0
0.04	0.01	0.000875083	0.146218	278.479	0
0.04	0.01	0.000875083	0.156675	276.604	0
0.04	0.01	0.000875083	0.16788	274.473	0
0.04	0.01	0.000875083	0.179887	272.055	0
0.04	0.01	0.000875083	0.192752	269.318	0
0.04	0.01	0.000875083	0.206538	266.224	0
0.04	0.01	0.000875083	0.221309	262.735	0
0.04	0.01	0.000875083	0.237137	258.812	0
0.04	0.01	0.000875083	0.254097	254.412	0
0.04	0.01	0.000875083	0.27227	249.497	0
0.04	0.01	0.000875083	0.291743	244.026	0
0.04	0.01	0.000875083	0.312608	237.963	0
0.04	0.01	0.000875083	0.334965	231.279	0
0.04	0.01	0.000875083	0.358922	223.951	0
0.04	0.01	0.000875083	0.384592	215.97	0
0.04	0.01	0.000875083	0.412098	207.34	0
0.04	0.01	0.000875083	0.44157	198.087	0
0.04	0.01	0.000875083	0.473151	188.256	0
0.04	0.01	0.000875083	0.506991	177.92	0
0.04	0.01	0.000875083	0.54325	167.177	0
0.04	0.01	0.000875083	0.582103	156.155	0
0.04	0.01	0.000875083	0.623735	145.005	0
0.04	0.01	0.000875083	0.668344	133.9	0
0.04	0.01	0.000875083	0.716143	123.026	0
0.04	0.01	0.000875083	0.767361	112.573	0
0.04	0.01	0.000875083	0.822243	102.723	0
0.04	0.01	0.000875083	0.881049	93.6363	0
0.04	0.01	0.000875083	0.944061	85.4484	0
0.04	0.01	0.000875083	1.01158	78.2578	0
0.04	0.01	0.000875083	1.08393	72.1264	0
0.04	0.01	0.000875083	1.16145	67.0807	0
0.04	0.01	0.000875083	1.24451	63.116	0
0.04	0.01	0.000875083	1.33352	60.2018	0
0.04	0.01	0.000875083	1.42889	58.2879	0
0.04	0.01	0.000875083	1.53109	57.3117	0
0.04	0.01	0.000875083	1.64059	57.2066	0
0.04	0.01	0.000875083	1.75792	57.9085	0
0.04	0.01	0.000875083	1.88365	59.35	0
0.04	0.01	0.000875083	2.01837	61.4358	0
0.04	0.01	0.000875083	2.16272	63.995	0
0.04	0.01	0.000875083	2.31739	66.7113	0
0.04	0.01	0.000875083	2.48313	69.0381	0
0.04	0.01	0.000875083	2.66073	70.1511	0
0.04	0.01	0.000875083	2.85102	69.0797	0
0.04	0.01	0.000875083	3.05492	65.1281	0
0.04	0.01	0.000875083	3.27341	58.3933	0
0.04	0.01	0.000875083	3.50752	49.9187	0
0.04	0.01	0.000875083	3.75837	41.2411	0
0.04	0.01	0.000875083	4.02717	33.5388	0
0.04	0.01	0.000875083	4.31519	26.8836	0
0.04	0.01	0.000875083	4.62381	20.3534	0
0.04	0.01	0.000875083	4.9545	13.2868	0
0.04	0.01	0.000875083	5.30884	6.34662	0
0.04	0.01	0.000875083	5.68853	1.33556	0
0.04	0.01	0.000875083	6.09537	0.13887	0
0.04	0.01	0.000875083	6.53131	3.9641	0
0.04	0.01	0.000875083	6.99842	13.544	0
0.04	0.01	0.000875083	7.49894	27.0607	0
0.04	0.01	0.000875083	8.03526	38.8401	0
0.04	0.01	0.000875083	8.60994	45.1959	0
0.04	0.01	0.000875083	9.22571	46.9848	0
0.04	0.01	0.000875083	9.88553	47.3625	0
0.04	0.01	0.000875083	10.5925	48.9811	0
0.04	0.01	0.000875083	11.3501	52.6812	0
0.04	0.01	0.000875083	12.1619	59.1179	0
0.04	0.01	0.000875083	13.0317	66.8896	0
0.04	0.01	0.000875083	13.9637	70.7372	0
0.04	0.01	0.000875083	14.9624	66.9819	0
0.04	0.01	0.000875083	16.0325	59.8746	0
0.04	0.01	0.000875083	17.1791	55.9482	0
0.04	0.01	0.000875083	18.4077	56.0038	0
0.04	0.01	0.000875083	19.7242	54.6222	0
0.04	0.01	0.000875083	21.1349	49.6211	0
0.04	0.01	0.000875083	22.6464	44.1211	0
0.04	0.01	0.000875083	24.2661	38.9762	0
0.04	0.01	0.000875083	26.0016	35.8216	0
0.04	0.01	0.000875083	27.8612	33.4945	0
0.04	0.01	0.000875083	29.8538	30.8325	0
0.04	0.01	0.000875083	31.989	31.7598	0
0.04	0.01	0.000875083	34.2768	33.3768	0
0.04	0.01	0.000875083	36.7282	36.0748	0
0.04	0.01	0.000875083	39.355	43.1661	0
0.04	0.01	0.000875083	42.1697	44.5722	0
0.04	0.01	0.000875083	45.1856	47.4678	0
0.04	0.01	0.000875083	48.4172	49.1588	0
0.04	0.01	0.000875083	51.88	46.581	0
0.04	0.01	0.000875083	55.5904	44.0741	0
0.04	0.01	0.000875083	59.5662	32.881	0
0.04	0.01	0.000875083	63.8263	26.2049	0
0.04	0.01	0.000875083	68.3912	26.7762	0
0.04	0.01	0.000875083	73.2825	28.7287	0
0.04	0.01	0.000875083	78.5236	29.9322	0
0.04	0.01	0.000875083	84.1395	30.0818	0
0.04	0.01	0.000875083	90.1571	28.172	0
0.04	0.01	0.000875083	96.6051	25.9535	0
0.04	0.01	0.000956093	0.103514	284.931	0
0.04	0.01	0.000956093	0.110917	283.957	0
0.04	0.01	0.000956093	0.11885	282.845	0
0.04	0.01	0.000956093	0.12735	281.575	0
0.04	0.01	0.000956093	0.136458	280.128	0
0.04	0.01	0.000956093	0.146218	278.479	0
0.04	0.01	0.000956093	0.156675	276.604	0
0.04	0.01	0.000956093	0.16788	274.473	0
0.04	0.01	0.000956093	0.179887	272.055	0
0.04	0.01	0.000956093	0.192752	269.318	0
0.04	0.01	0.000956093	0.206538	266.224	0
0.04	0.01	0.000956093	0.221309	262.735	0
0.04	0.01	0.000956093	0.237137	258.812	0
0.04	0.01	0.000956093	0.254097	254.412	0
0.04	0.01	0.000956093	0.27227	249.497	0
0.04	0.01	0.000956093	0.291743	244.026	0
0.04	0.01	0.000956093	0.312608	237.963	0
0.04	0.01	0.000956093	0.334965	231.279	0
0.04	0.01	0.000956093	0.358922	223.951	0
0.04	0.01	0.000956093	0.384592	215.97	0
0.04	0.01	0.000956093	0.412098	207.34	0
0.04	0.01	0.000956093	0.44157	198.087	0
0.04	0.01	0.000956093	0.473151	188.256	0
0.04	0.01	0.000956093	0.506991	177.92	0
0.04	0.01	0.000956093	0.54325	167.177	0
0.04	0.01	0.000956093	0.582103	156.155	0
0.04	0.01	0.000956093	0.623735	145.005	0
0.04	0.01	0.000956093	0.668344	133.9	0
0.04	0.01	0.000956093	0.716143	123.026	0
0.04	0.01	0.000956093	0.767361	112.573	0
0.04	0.01	0.000956093	0.822243	102.723	0
0.04	0.01	0.000956093	0.881049	93.6363	0
0.04	0.01	0.000956093	0.944061	85.4484	0
0.04	0.01	0.000956093	1.01158	78.2578	0
0.04	0.01	0.000956093	1.08393	72.1264	0
0.04	0.01	0.000956093	1.16145	67.0807	0
0.04	0.01	0.000956093	1.24451	63.116	0
0.04	0.01	0.000956093	1.33352	60.2018	0
0.04	0.01	0.000956093	1.42889	58.2879	0
0.04	0.01	0.000956093	1.53109	57.3117	0
0.04	0.01	0.000956093	1.64059	57.2066	0
0.04	0.01	0.000956093	1.75792	57.9085	0
0.04	0.01	0.000956093	1.88365	59.35	0
0.04	0.01	0.000956093	2.01837	61.4358	0
0.04	0.01	0.000956093	2.16272	63.9949	0
0.04	0.01	0.000956093	2.31739	66.7113	0
0.04	0.01	0.000956093	2.48313	69.0381	0
0.04	0.01	0.000956093	2.66073	70.151	0
0.04	0.01	0.000956093	2.85102	69.0797	0
0.04	0.01	0.000956093	3.05492	65.128	0
0.04	0.01	0.000956093	3.27341	58.3932	0
0.04	0.01	0.000956093	3.50752	49.9186	0
0.04	0.01	0.000956093	3.75837	41.2411	0
0.04	0.01	0.000956093	4.02717	33.5388	0
0.04	0.01	0.000956093	4.31519	26.8836	0
0.04	0.01	0.000956093	4.62381	20.3534	0
0.04	0.01	0.000956093	4.9545	13.2868	0
0.04	0.01	0.000956093	5.30884	6.34663	0
0.04	0.01	0.000956093	5.68853	1.33556	0
0.04	0.01	0.000956093	6.09537	0.138863	0
0.04	0.01	0.000956093	6.53131	3.96408	0
0.04	0.01	0.000956093	6.99842	13.5439	0
0.04	0.01	0.000956093	7.49894	27.0606	0
0.04	0.01	0.000956093	8.03526	38.8401	0
0.04	0.01	0.000956093	8.60994	45.1958	0
0.04	0.01	0.000956093	9.22571	46.9847	0
0.04	0.01	0.000956093	9.88553	47.3625	0
0.04	0.01	0.000956093	10.5925	48.9811	0
0.04	0.01	0.000956093	11.3501	52.6813	0
0.04	0.01	0.000956093	12.1619	59.118	0
0.04	0.01	0.000956093	13.0317	66.8897	0
0.04	0.01	0.000956093	13.9637	70.7373	0
0.04	0.01	0.000956093	14.9624	66.982	0
0.04	0.01	0.000956093	16.0325	59.8746	0
0.04	0.01	0.000956093	17.1791	55.9482	0
0.04	0.01	0.000956093	18.4077	56.0039	0
0.04	0.01	0.000956093	19.7242	54.6222	0
0.04	0.01	0.000956093	21.1349	49.6211	0
0.04	0.01	0.000956093	22.6464	44.1211	0
0.04	0.01	0.000956093	24.2661	38.9763	0
0.04	0.01	0.000956093	26.0016	35.8217	0
0.04	0.01	0.000956093	27.8612	33.4945	0
0.04	0.01	0.000956093	29.8538	30.8325	0
0.04	0.01	0.000956093	31.989	31.7598	0
0.04	0.01	0.000956093	34.2768	33.3768	0
0.04	0.01	0.000956093	36.7282	36.0748	0
0.04	0.01	0.000956093	39.355	43.1661	0
0.04	0.01	0.000956093	42.1697	44.5722	0
0.04	0.01	0.000956093	45.1856	47.4679	0
0.04	0.01	0.000956093	48.4172	49.1589	0
0.04	0.01	0.000956093	51.88	46.581	0
0.04	0.01	0.000956093	55.5904	44.0741	0
0.04	0.01	0.000956093	59.5662	32.881	0
0.04	0.01	0.000956093	63.8263	26.2049	0
0.04	0.01	0.000956093	68.3912	26.7762	0
0.04	0.01	0.000956093	73.2825	28.7287	0
0.04	0.01	0.000956093	78.5236	29.9323	0
0.04	0.01	0.000956093	84.1395	30.0818	0
0.04	0.01	0.000956093	90.1571	28.172	0
0.04	0.01	0.000956093	96.6051	25.9535	0
0.04	0.01	0.0010446	0.103514	284.931	0
0.04	0.01	0.0010446	0.110917	283.957	0
0.04	0.01	0.0010446	0.11885	282.845	0
0.04	0.01	0.0010446	0.12735	281.575	0
0.04	0.01	0.0010446	0.136458	280.128	0
0.04	0.01	0.0010446	0.146218	278.479	0
0.04	0.01	0.0010446	0.156675	276.604	0
0.04	0.01	0.0010446	0.16788	274.473	0
0.04	0.01	0.0010446	0.179887	272.055	0
0.04	0.01	0.0010446	0.192752	269.318	0
0.04	0.01	0.0010446	0.206538	266.224	0
0.04	0.01	0.0010446	0.221309	262.735	0
0.04	0.01	0.0010446	0.237137	258.812	0
0.04	0.01	0.0010446	0.254097	254.412	0
0.04	0.01	0.0010446	0.27227	249.497	0
0.04	0.01	0.0010446	0.291743	244.026	0
0.04	0.01	0.0010446	0.312608	237.963	0
0.04	0.01	0.0010446	0.334965	231.279	0
0.04	0.01	0.0010446	0.358922	223.951	0
0.04	0.01	0.0010446	0.384592	215.97	0
0.04	0.01	0.0010446	0.412098	207.34	0
0.04	0.01	0.0010446	0.44157	198.087	0
0.04	0.01	0.0010446	0.473151	188.256	0
0.04	0.01	0.0010446	0.506991	177.92	0
0.04	0.01	0.0010446	0.54325	167.177	0
0.04	0.01	0.0010446	0.582103	156.155	0
0.04	0.01	0.0010446	0.623735	145.005	0
0.04	0.01	0.0010446	0.668344	133.9	0
0.04	0.01	0.0010446	0.716143	123.026	0
0.04	0.01	0.0010446	0.767361	112.573	0
0.04	0.01	0.0010446	0.822243	102.723	0
0.04	0.01	0.0010446	0.881049	93.6363	0
0.04	0.01	0.0010446	0.944061	85.4484	0
0.04	0.01	0.0010446	1.01158	78.2578	0
0.04	0.01	0.0010446	1.08393	72.1264	0
0.04	0.01	0.0010446	1.16145	67.0807	0
0.04	0.01	0.0010446	1.24451	63.116	0
0.04	0.01	0.0010446	1.33352	60.2018	0
0.04	0.01	0.0010446	1.42889	58.2879	0
0.04	0.01	0.0010446	1.53109	57.3117	0
0.04	0.01	0.0010446	1.64059	57.2066	0
0.04	0.01	0.0010446	1.75792	57.9085	0
0.04	0.01	0.0010446	1.88365	59.35	0
0.04	0.01	0.0010446	2.01837	61.4358	0
0.04	0.01	0.0010446	2.16272	63.9949	0
0.04	0.01	0.0010446	2.31739	66.7112	0
0.04	0.01	0.0010446	2.48313	69.038	0
0.04	0.01	0.0010446	2.66073	70.151	0
0.04	0.01	0.0010446	2.85102	69.0797	0
0.04	0.01	0.0010446	3.05492	65.128	0
0.04	0.01	0.0010446	3.27341	58.3932	0
0.04	0.01	0.0010446	3.50752	49.9186	0
0.04	0.01	0.0010446	3.75837	41.241	0
0.04	0.01	0.0010446	4.02717	33.5388	0
0.04	0.01	0.0010446	4.31519	26.8835	0
0.04	0.01	0.0010446	4.62381	20.3534	0
0.04	0.01	0.0010446	4.9545	13.2868	0
0.04	0.01	0.0010446	5.30884	6.34664	0
0.04	0.01	0.0010446	5.68853	1.33557	0
0.04	0.01	0.0010446	6.09537	0.138856	0
0.04	0.01	0.0010446	6.53131	3.96406	0
0.04	0.01	0.0010446	6.99842	13.5439	0
0.04	0.01	0.0010446	7.49894	27.0606	0
0.04	0.01	0.0010446	8.03526	38.84	0
0.04	0.01	0.0010446	8.60994	45.1958	0
0.04	0.01	0.0010446	9.22571	46.9847	0
0.04	0.01	0.0010446	9.88553	47.3624	0
0.04	0.01	0.0010446	10.5925	48.9812	0
0.04	0.01	0.0010446	11.3501	52.6813	0
0.04	0.01	0.0010446	12.1619	59.1181	0
0.04	0.01	0.0010446	13.0317	66.8898	0
0.04	0.01	0.0010446	13.9637	70.7374	0
0.04	0.01	0.0010446	14.9624	66.982	0
0.04	0.01	0.0010446	16.0325	59.8747	0
0.04	0.01	0.0010446	17.1791	55.9482	0
0.04	0.01	0.0010446	18.4077	56.0039	0
0.04	0.01	0.0010446	19.7242	54.6222	0
0.04	0.01	0.0010446	21.1349	49.6211	0
0.04	0.01	0.0010446	22.6464	44.1212	0
0.04	0.01	0.0010446	24.2661	38.9763	0
0.04	0.01	0.0010446	26.0016	35.8217	0
0.04	0.01	0.0010446	27.8612	33.4946	0
0.04	0.01	0.0010446	29.8538	30.8326	0
0.04	0.01	0.0010446	31.989	31.7598	0
0.04	0.01	0.0010446	34.2768	33.3768	0
0.04	0.01	0.0010446	36.7282	36.0748	0
0.04	0.01	0.0010446	39.355	43.1661	0
0.04	0.01	0.0010446	42.1697	44.5722	0
0.04	0.01	0.0010446	45.1856	47.4679	0
0.04	0.01	0.0010446	48.4172	49.1589	0
0.04	0.01	0.0010446	51.88	46.581	0
0.04	0.01	0.0010446	55.5904	44.0741	0
0.04	0.01	0.0010446	59.5662	32.8811	0
0.04	0.01	0.0010446	63.8263	26.2049	0
0.04	0.01	0.0010446	68.3912	26.7762	0
0.04	0.01	0.0010446	73.2825	28.7287	0
0.04	0.01	0.0010446	78.5236	29.9323	0
0.04	0.01	0.0010446	84.1395	30.0818	0
0.04	0.01	0.0010446	90.1571	28.172	0
0.04	0.01	0.0010446	96.6051	25.9536	0
0.04	0.01	0.00114131	0.103514	284.931	0
0.04	0.01	0.00114131	0.110917	283.957	0
0.04	0.01	0.00114131	0.11885	282.845	0
0.04	0.01	0.00114131	0.12735	281.575	0
0.04	0.01	0.00114131	0.136458	280.128	0
0.04	0.01	0.00114131	0.146218	278.479	0
0.04	0.01	0.00114131	0.156675	276.604	0
0.04	0.01	0.00114131	0.16788	274.473	0
0.04	0.01	0.00114131	0.179887	272.055	0
0.04	0.01	0.00114131	0.192752	269.318	0
0.04	0.01	0.00114131	0.206538	266.224	0
0.04	0.01	0.00114131	0.221309	262.735	0
0.04	0.01	0.00114131	0.237137	258.812	0
0.04	0.01	0.00114131	0.254097	254.412	0
0.04	0.01	0.00114131	0.27227	249.497	0
0.04	0.01	0.00114131	0.291743	244.026	0
0.04	0.01	0.00114131	0.312608	237.963	0
0.04	0.01	0.00114131	0.334965	231.279	0
0.04	0.01	0.00114131	0.358922	223.951	0
0.04	0.01	0.00114131	0.384592	215.97	0
0.04	0.01	0.00114131	0.412098	207.34	0
0.04	0.01	0.00114131	0.44157	198.087	0
0.04	0.01	0.00114131	0.473151	188.256	0
0.04	0.01	0.00114131	0.506991	177.92	0
0.04	0.01	0.00114131	0.54325	167.177	0
0.04	0.01	0.00114131	0.582103	156.155	0
0.04	0.01	0.00114131	0.623735	145.005	0
0.04	0.01	0.00114131	0.668344	133.9	0
0.04	0.01	0.00114131	0.716143	123.026	0
0.04	0.01	0.00114131	0.767361	112.573	0
0.04	0.01	0.00114131	0.822243	102.723	0
0.04	0.01	0.00114131	0.881049	93.6363	0
0.04	0.01	0.00114131	0.944061	85.4484	0
0.04	0.01	0.00114131	1.01158	78.2578	0
0.04	0.01	0.00114131	1.08393	72.1264	0
0.04	0.01	0.00114131	1.16145	67.0807	0
0.04	0.01	0.00114131	1.24451	63.116	0
0.04	0.01	0.00114131	1.33352	60.2018	0
0.04	0.01	0.00114131	1.42889	58.2879	0
0.04	0.01	0.00114131	1.53109	57.3117	0
0.04	0.01	0.00114131	1.64059	57.2066	0
0.04	0.01	0.00114131	1.75792	57.9085	0
0.04	0.01	0.00114131	1.88365	59.35	0
0.04	0.01	0.00114131	2.01837	61.4358	0
0.04	0.01	0.00114131	2.16272	63.9949	0
0.04	0.01	0.00114131	2.31739	66.7112	0
0.04	0.01	0.00114131	2.48313	69.038	0
0.04	0.01	0.00114131	2.66073	70.151	0
0.04	0.01	0.00114131	2.85102	69.0797	0
0.04	0.01	0.00114131	3.05492	65.128	0
0.04	0.01	0.00114131	3.27341	58.3932	0
0.04	0.01	0.00114131	3.50752	49.9186	0
0.04	0.01	0.00114131	3.75837	41.241	0
0.04	0.01	0.00114131	4.02717	33.5388	0
0.04	0.01	0.00114131	4.31519	26.8835	0
0.04	0.01	0.00114131	4.62381	20.3534	0
0.04	0.01	0.00114131	4.9545	13.2868	0
0.04	0.01	0.00114131	5.30884	6.34665	0
0.04	0.01	0.00114131	5.68853	1.33557	0
0.04	0.01	0.00114131	6.09537	0.138847	0
0.04	0.01	0.00114131	6.53131	3.96403	0
0.04	0.01	0.00114131	6.99842	13.5439	0
0.04	0.01	0.00114131	7.49894	27.0605	0
0.04	0.01	0.00114131	8.03526	38.84	0
0.04	0.01	0.00114131	8.60994	45.1957	0
0.04	0.01	0.00114131	9.22571	46.9847	0
0.04	0.01	0.00114131	9.88553	47.3624	0
0.04	0.01	0.00114131	10.5925	48.9812	0
0.04	0.01	0.00114131	11.3501	52.6814	0
0.04	0.01	0.00114131	12.1619	59.1181	0
0.04	0.01	0.00114131	13.0317	66.8899	0
0.04	0.01	0.00114131	13.9637	70.7375	0
0.04	0.01	0.00114131	14.9624	66.9821	0
0.04	0.01	0.00114131	16.0325	59.8748	0
0.04	0.01	0.00114131	17.1791	55.9482	0
0.04	0.01	0.00114131	18.4077	56.0039	0
0.04	0.01	0.00114131	19.7242	54.6222	0
0.04	0.01	0.00114131	21.1349	49.6211	0
0.04	0.01	0.00114131	22.6464	44.1212	0
0.04	0.01	0.00114131	24.2661	38.9764	0
0.04	0.01	0.00114131	26.0016	35.8217	0
0.04	0.01	0.00114131	27.8612	33.4946	0
0.04	0.01	0.00114131	29.8538	30.8326	0
0.04	0.01	0.00114131	31.989	31.7598	0
0.04	0.01	0.00114131	34.2768	33.3768	0
0.04	0.01	0.00114131	36.7282	36.0748	0
0.04	0.01	0.00114131	39.355	43.1661	0
0.04	0.01	0.00114131	42.1697	44.5723	0
0.04	0.01	0.00114131	45.1856	47.468	0
0.04	0.01	0.00114131	48.4172	49.159	0
0.04	0.01	0.00114131	51.88	46.5811	0
0.04	0.01	0.00114131	55.5904	44.0741	0
0.04	0.01	0.00114131	59.5662	32.8811	0
0.04	0.01	0.00114131	63.8263	26.205	0
0.04	0.01	0.00114131	68.3912	26.7762	0
0.04	0.01	0.00114131	73.2825	28.7287	0
0.04	0.01	0.00114131	78.5236	29.9323	0
0.04	0.01	0.00114131	84.1395	30.0818	0
0.04	0.01	0.00114131	90.1571	28.172	0
0.04	0.01	0.00114131	96.6051	25.9536	0
0.04	0.01	0.00124696	0.103514	284.931	0
0.04	0.01	0.00124696	0.110917	283.957	0
0.04	0.01	0.00124696	0.11885	282.845	0
0.04	0.01	0.00124696	0.12735	281.575	0
0.04	0.01	0.00124696	0.136458	280.128	0
0.04	0.01	0.00124696	0.146218	278.479	0
0.04	0.01	0.00124696	0.156675	276.604	0
0.04	0.01	0.00124696	0.16788	274.473	0
0.04	0.01	0.00124696	0.179887	272.055	0
0.04	0.01	0.00124696	0.192752	269.318	0
0.04	0.01	0.00124696	0.206538	266.224	0
0.04	0.01	0.00124696	0.221309	262.735	0
0.04	0.01	0.00124696	0.237137	258.812	0
0.04	0.01	0.00124696	0.254097	254.412	0
0.04	0.01	0.00124696	0.27227	249.497	0
0.04	0.01	0.00124696	0.291743	244.026	0
0.04	0.01	0.00124696	0.312608	237.963	0
0.04	0.01	0.00124696	0.334965	231.279	0
0.04	0.01	0.00124696	0.358922	223.951	0
0.04	0.01	0.00124696	0.384592	215.97	0
0.04	0.01	0.00124696	0.412098	207.34	0
0.04	0.01	0.00124696	0.44157	198.087	0
0.04	0.01	0.00124696	0.473151	188.256	0
0.04	0.01	0.00124696	0.506991	177.92	0
0.04	0.01	0.00124696	0.54325	167.177	0
0.04	0.01	0.00124696	0.582103	156.155	0
0.04	0.01	0.00124696	0.623735	145.005	0
0.04	0.01	0.00124696	0.668344	133.9	0
0.04	0.01	0.00124696	0.716143	123.026	0
0.04	0.01	0.00124696	0.767361	112.573	0
0.04	0.01	0.00124696	0.822243	102.723	0
0.04	0.01	0.00124696	0.881049	93.6363	0
0.04	0.01	0.00124696	0.944061	85.4484	0
0.04	0.01	0.00124696	1.01158	78.2578	0
0.04	0.01	0.00124696	1.08393	72.1264	0
0.04	0.01	0.00124696	1.16145	67.0807	0
0.04	0.01	0.00124696	1.24451	63.116	0
0.04	0.01	0.00124696	1.33352	60.2018	0
0.04	0.01	0.00124696	1.42889	58.2879	0
0.04	0.01	0.00124696	1.53109	57.3117	0
0.04	0.01	0.00124696	1.64059	57.2066	0
0.04	0.01	0.00124696	1.75792	57.9085	0
0.04	0.01	0.00124696	1.88365	59.35	0
0.04	0.01	0.00124696	2.01837	61.4358	0
0.04	0.01	0.00124696	2.16272	63.9949	0
0.04	0.01	0.00124696	2.31739	66.7112	0
0.04	0.01	0.00124696	2.48313	69.038	0
0.04	0.01	0.00124696	2.66073	70.151	0
0.04	0.01	0.00124696	2.85102	69.0796	0
0.04	0.01	0.00124696	3.05492	65.1279	0
0.04	0.01	0.00124696	3.27341	58.3931	0
0.04	0.01	0.00124696	3.50752	49.9185	0
0.04	0.01	0.00124696	3.75837	41.241	0
0.04	0.01	0.00124696	4.02717	33.5387	0
0.04	0.01	0.00124696	4.31519	26.8835	0
0.04	0.01	0.00124696	4.62381	20.3534	0
0.04	0.01	0.00124696	4.9545	13.2868	0
0.04	0.01	0.00124696	5.30884	6.34666	0
0.04	0.01	0.00124696	5.68853	1.33557	0
0.04	0.01	0.00124696	6.09537	0.138838	0
0.04	0.01	0.00124696	6.53131	3.964	0
0.04	0.01	0.00124696	6.99842	13.5438	0
0.04	0.01	0.00124696	7.49894	27.0605	0
0.04	0.01	0.00124696	8.03526	38.8399	0
0.04	0.01	0.00124696	8.60994	45.1956	0
0.04	0.01	0.00124696	9.22571	46.9846	0
0.04	0.01	0.00124696	9.88553	47.3624	0
0.04	0.01	0.00124696	10.5925	48.9812	0
0.04	0.01	0.00124696	11.3501	52.6814	0
0.04	0.01	0.00124696	12.1619	59.1182	0
0.04	0.01	0.00124696	13.0317	66.89	0
0.04	0.01	0.00124696	13.9637	70.7376	0
0.04	0.01	0.00124696	14.9624	66.9822	0
0.04	0.01	0.00124696	16.0325	59.8748	0
0.04	0.01	0.00124696	17.1791	55.9483	0
0.04	0.01	0.00124696	18.4077	56.0039	0
0.04	0.01	0.00124696	19.7242	54.6223	0
0.04	0.01	0.00124696	21.1349	49.6212	0
0.04	0.01	0.00124696	22.6464	44.1212	0
0.04	0.01	0.00124696	24.2661	38.9764	0
0.04	0.01	0.00124696	26.0016	35.8218	0
0.04	0.01	0.00124696	27.8612	33.4946	0
0.04	0.01	0.00124696	29.8538	30.8326	0
0.04	0.01	0.00124696	31.989	31.7598	0
0.04	0.01	0.00124696	34.2768	33.3768	0
0.04	0.01	0.00124696	36.7282	36.0748	0
0.04	0.01	0.00124696	39.355	43.1661	0
0.04	0.01	0.00124696	42.1697	44.5723	0
0.04	0.01	0.00124696	45.1856	47.468	0
0.04	0.01	0.00124696	48.4172	49.159	0
0.04	0.01	0.00124696	51.88	46.5811	0
0.04	0.01	0.00124696	55.5904	44.0741	0
0.04	0.01	0.00124696	59.5662	32.8811	0
0.04	0.01	0.00124696	63.8263	26.205	0
0.04	0.01	0.00124696	68.3912	26.7763	0
0.04	0.01	0.00124696	73.2825	28.7287	0
0.04	0.01	0.00124696	78.5236	29.9323	0
0.04	0.01	0.00124696	84.1395	30.0818	0
0.04	0.01	0.00124696	90.1571	28.172	0
0.04	0.01	0.00124696	96.6051	25.9536	0
0.04	0.01	0.0013624	0.103514	284.931	0
0.04	0.01	0.0013624	0.110917	283.957	0
0.04	0.01	0.0013624	0.11885	282.845	0
0.04	0.01	0.0013624	0.12735	281.575	0
0.04	0.01	0.0013624	0.136458	280.128	0
0.04	0.01	0.0013624	0.146218	278.479	0
0.04	0.01	0.0013624	0.156675	276.604	0
0.04	0.01	0.0013624	0.16788	274.473	0
0.04	0.01	0.0013624	0.179887	272.055	0
0.04	0.01	0.0013624	0.192752	269.318	0
0.04	0.01	0.0013624	0.206538	266.224	0
0.04	0.01	0.0013624	0.221309	262.735	0
0.04	0.01	0.0013624	0.237137	258.812	0
0.04	0.01	0.0013624	0.254097	254.412	0
0.04	0.01	0.0013624	0.27227	249.497	0
0.04	0.01	0.0013624	0.291743	244.026	0
0.04	0.01	0.0013624	0.312608	237.963	0
0.04	0.01	0.0013624	0.334965	231.279	0
0.04	0.01	0.0013624	0.358922	223.951	0
0.04	0.01	0.0013624	0.384592	215.97	0
0.04	0.01	0.0013624	0.412098	207.34	0
0.04	0.01	0.0013624	0.44157	198.087	0
0.04	0.01	0.0013624	0.473151	188.256	0
0.04	0.01	0.0013624	0.506991	177.92	0
0.04	0.01	0.0013624	0.54325	167.177	0
0.04	0.01	0.0013624	0.582103	156.155	0
0.04	0.01	0.0013624	0.623735	145.005	0
0.04	0.01	0.0013624	0.668344	133.9	0
0.04	0.01	0.0013624	0.716143	123.026	0
0.04	0.01	0.0013624	0.767361	112.573	0
0.04	0.01	0.0013624	0.822243	102.723	0
0.04	0.01	0.0013624	0.881049	93.6363	0
0.04	0.01	0.0013624	0.944061	85.4484	0
0.04	0.01	0.0013624	1.01158	78.2578	0
0.04	0.01	0.0013624	1.08393	72.1264	0
0.04	0.01	0.0013624	1.16145	67.0807	0
0.04	0.01	0.0013624	1.24451	63.116	0
0.04	0.01	0.0013624	1.33352	60.2018	0
0.04	0.01	0.0013624	1.42889	58.288	0
0.04	0.01	0.0013624	1.53109	57.3117	0
0.04	0.01	0.0013624	1.64059	57.2066	0
0.04	0.01	0.0013624	1.75792	57.9085	0
0.04	0.01	0.0013624	1.88365	59.35	0
0.04	0.01	0.0013624	2.01837	61.4358	0
0.04	0.01	0.0013624	2.16272	63.9949	0
0.04	0.01	0.0013624	2.31739	66.7112	0
0.04	0.01	0.0013624	2.48313	69.038	0
0.04	0.01	0.0013624	2.66073	70.151	0
0.04	0.01	0.0013624	2.85102	69.0796	0
0.04	0.01	0.0013624	3.05492	65.1279	0
0.04	0.01	0.0013624	3.27341	58.3931	0
0.04	0.01	0.0013624	3.50752	49.9185	0
0.04	0.01	0.0013624	3.75837	41.2409	0
0.04	0.01	0.0013624	4.02717	33.5387	0
0.04	0.01	0.0013624	4.31519	26.8835	0
0.04	0.01	0.0013624	4.62381	20.3534	0
0.04	0.01	0.0013624	4.9545	13.2868	0
0.04	0.01	0.0013624	5.30884	6.34666	0
0.04	0.01	0.0013624	5.68853	1.33558	0
0.04	0.01	0.0013624	6.09537	0.138828	0
0.04	0.01	0.0013624	6.53131	3.96397	0
0.04	0.01	0.0013624	6.99842	13.5438	0
0.04	0.01	0.0013624	7.49894	27.0604	0
0.04	0.01	0.0013624	8.03526	38.8398	0
0.04	0.01	0.0013624	8.60994	45.1956	0
0.04	0.01	0.0013624	9.22571	46.9846	0
0.04	0.01	0.0013624	9.88553	47.3624	0
0.04	0.01	0.0013624	10.5925	48.9812	0
0.04	0.01	0.0013624	11.3501	52.6815	0
0.04	0.01	0.0013624	12.1619	59.1183	0
0.04	0.01	0.0013624	13.0317	66.8901	0
0.04	0.01	0.0013624	13.9637	70.7377	0
0.04	0.01	0.0013624	14.9624	66.9823	0
0.04	0.01	0.0013624	16.0325	59.8749	0
0.04	0.01	0.0013624	17.1791	55.9483	0
0.04	0.01	0.0013624	18.4077	56.004	0
0.04	0.01	0.0013624	19.7242	54.6223	0
0.04	0.01	0.0013624	21.1349	49.6212	0
0.04	0.01	0.0013624	22.6464	44.1213	0
0.04	0.01	0.0013624	24.2661	38.9765	0
0.04	0.01	0.0013624	26.0016	35.8218	0
0.04	0.01	0.0013624	27.8612	33.4946	0
0.04	0.01	0.0013624	29.8538	30.8326	0
0.04	0.01	0.0013624	31.989	31.7598	0
0.04	0.01	0.0013624	34.2768	33.3768	0
0.04	0.01	0.0013624	36.7282	36.0748	0
0.04	0.01	0.0013624	39.355	43.1661	0
0.04	0.01	0.0013624	42.1697	44.5723	0
0.04	0.01	0.0013624	45.1856	47.4681	0
0.04	0.01	0.0013624	48.4172	49.1591	0
0.04	0.01	0.0013624	51.88	46.5811	0
0.04	0.01	0.0013624	55.5904	44.0742	0
0.04	0.01	0.0013624	59.5662	32.8811	0
0.04	0.01	0.0013624	63.8263	26.205	0
0.04	0.01	0.0013624	68.3912	26.7763	0
0.04	0.01	0.0013624	73.2825	28.7288	0
0.04	0.01	0.0013624	78.5236	29.9323	0
0.04	0.01	0.0013624	84.1395	30.0818	0
0.04	0.01	0.0013624	90.1571	28.1721	0
0.04	0.01	0.0013624	96.6051	25.9536	0
0.04	0.01	0.00148852	0.103514	284.931	0
0.04	0.01	0.00148852	0.110917	283.957	0
0.04	0.01	0.00148852	0.11885	282.845	0
0.04	0.01	0.00148852	0.12735	281.575	0
0.04	0.01	0.00148852	0.136458	280.128	0
0.04	0.01	0.00148852	0.146218	278.479	0
0.04	0.01	0.00148852	0.156675	276.604	0
0.04	0.01	0.00148852	0.16788	274.473	0
0.04	0.01	0.00148852	0.179887	272.055	0
0.04	0.01	0.00148852	0.192752	269.318	0
0.04	0.01	0.00148852	0.206538	266.224	0
0.04	0.01	0.00148852	0.221309	262.735	0
0.04	0.01	0.00148852	0.237137	258.812	0
0.04	0.01	0.00148852	0.254097	254.412	0
0.04	0.01	0.00148852	0.27227	249.497	0
0.04	0.01	0.00148852	0.291743	244.026	0
0.04	0.01	0.00148852	0.312608	237.963	0
0.04	0.01	0.00148852	0.334965	231.279	0
0.04	0.01	0.00148852	0.358922	223.951	0
0.04	0.01	0.00148852	0.384592	215.97	0
0.04	0.01	0.00148852	0.412098	207.34	0
0.04	0.01	0.00148852	0.44157	198.087	0
0.04	0.01	0.00148852	0.473151	188.256	0
0.04	0.01	0.00148852	0.506991	177.92	0
0.04	0.01	0.00148852	0.54325	167.177	0
0.04	0.01	0.00148852	0.582103	156.155	0
0.04	0.01	0.00148852	0.623735	145.005	0
0.04	0.01	0.00148852	0.668344	133.9	0
0.04	0.01	0.00148852	0.716143	123.026	0
0.04	0.01	0.00148852	0.767361	112.573	0
0.04	0.01	0.00148852	0.822243	102.723	0
0.04	0.01	0.00148852	0.881049	93.6363	0
0.04	0.01	0.00148852	0.944061	85.4484	0
0.04	0.01	0.00148852	1.01158	78.2579	0
0.04	0.01	0.00148852	1.08393	72.1264	0
0.04	0.01	0.00148852	1.16145	67.0807	0
0.04	0.01	0.00148852	1.24451	63.116	0
0.04	0.01	0.00148852	1.33352	60.2018	0
0.04	0.01	0.00148852	1.42889	58.288	0
0.04	0.01	0.00148852	1.53109	57.3117	0
0.04	0.01	0.00148852	1.64059	57.2066	0
0.04	0.01	0.00148852	1.75792	57.9085	0
0.04	0.01	0.00148852	1.88365	59.35	0
0.04	0.01	0.00148852	2.01837	61.4358	0
0.04	0.01	0.00148852	2.16272	63.9949	0
0.04	0.01	0.00148852	2.31739	66.7112	0
0.04	0.01	0.00148852	2.48313	69.038	0
0.04	0.01	0.00148852	2.66073	70.1509	0
0.04	0.01	0.00148852	2.85102	69.0796	0
0.04	0.01	0.00148852	3.05492	65.1279	0
0.04	0.01	0.00148852	3.27341	58.3931	0
0.04	0.01	0.00148852	3.50752	49.9184	0
0.04	0.01	0.00148852	3.75837	41.2409	0
0.04	0.01	0.00148852	4.02717	33.5387	0
0.04	0.01	0.00148852	4.31519	26.8835	0
0.04	0.01	0.00148852	4.62381	20.3534	0
0.04	0.01	0.00148852	4.9545	13.2868	0
0.04	0.01	0.00148852	5.30884	6.34667	0
0.04	0.01	0.00148852	5.68853	1.33558	0
0.04	0.01	0.00148852	6.09537	0.138817	0
0.04	0.01	0.00148852	6.53131	3.96394	0
0.04	0.01	0.00148852	6.99842	13.5437	0
0.04	0.01	0.00148852	7.49894	27.0603	0
0.04	0.01	0.00148852	8.03526	38.8397	0
0.04	0.01	0.00148852	8.60994	45.1955	0
0.04	0.01	0.00148852	9.22571	46.9845	0
0.04	0.01	0.00148852	9.88553	47.3624	0
0.04	0.01	0.00148852	10.5925	48.9812	0
0.04	0.01	0.00148852	11.3501	52.6815	0
0.04	0.01	0.00148852	12.1619	59.1184	0
0.04	0.01	0.00148852	13.0317	66.8903	0
0.04	0.01	0.00148852	13.9637	70.7379	0
0.04	0.01	0.00148852	14.9624	66.9824	0
0.04	0.01	0.00148852	16.0325	59.875	0
0.04	0.01	0.00148852	17.1791	55.9484	0
0.04	0.01	0.00148852	18.4077	56.004	0
0.04	0.01	0.00148852	19.7242	54.6223	0
0.04	0.01	0.00148852	21.1349	49.6213	0
0.04	0.01	0.00148852	22.6464	44.1213	0
0.04	0.01	0.00148852	24.2661	38.9765	0
0.04	0.01	0.00148852	26.0016	35.8219	0
0.04	0.01	0.00148852	27.8612	33.4947	0
0.04	0.01	0.00148852	29.8538	30.8326	0
0.04	0.01	0.00148852	31.989	31.7598	0
0.04	0.01	0.00148852	34.2768	33.3768	0
0.04	0.01	0.00148852	36.7282	36.0748	0
0.04	0.01	0.00148852	39.355	43.1662	0
0.04	0.01	0.00148852	42.1697	44.5724	0
0.04	0.01	0.00148852	45.1856	47.4681	0
0.04	0.01	0.00148852	48.4172	49.1591	0
0.04	0.01	0.00148852	51.88	46.5812	0
0.04	0.01	0.00148852	55.5904	44.0742	0
0.04	0.01	0.00148852	59.5662	32.8811	0
0.04	0.01	0.00148852	63.8263	26.205	0
0.04	0.01	0.00148852	68.3912	26.7763	0
0.04	0.01	0.00148852	73.2825	28.7288	0
0.04	0.01	0.00148852	78.5236	29.9323	0
0.04	0.01	0.00148852	84.1395	30.0818	0
0.04	0.01	0.00148852	90.1571	28.1721	0
0.04	0.01	0.00148852	96.6051	25.9537	0
0.04	0.01	0.00162632	0.103514	284.931	0
0.04	0.01	0.00162632	0.110917	283.957	0
0.04	0.01	0.00162632	0.11885	282.845	0
0.04	0.01	0.00162632	0.12735	281.575	0
0.04	0.01	0.00162632	0.136458	280.128	0
0.04	0.01	0.00162632	0.146218	278.479	0
0.04	0.01	0.00162632	0.156675	276.604	0
0.04	0.01	0.00162632	0.16788	274.473	0
0.04	0.01	0.00162632	0.179887	272.055	0
0.04	0.01	0.00162632	0.192752	269.318	0
0.04	0.01	0.00162632	0.206538	266.224	0
0.04	0.01	0.00162632	0.221309	262.735	0
0.04	0.01	0.00162632	0.237137	258.812	0
0.04	0.01	0.00162632	0.254097	254.412	0
0.04	0.01	0.00162632	0.27227	249.497	0
0.04	0.01	0.00162632	0.291743	244.026	0
0.04	0.01	0.00162632	0.312608	237.963	0
0.04	0.01	0.00162632	0.334965	231.279	0
0.04	0.01	0.00162632	0.358922	223.951	0
0.04	0.01	0.00162632	0.384592	215.97	0
0.04	0.01	0.00162632	0.412098	207.34	0
0.04	0.01	0.00162632	0.44157	198.087	0
0.04	0.01	0.00162632	0.473151	188.256	0
0.04	0.01	0.00162632	0.506991	177.92	0
0.04	0.01	0.00162632	0.54325	167.177	0
0.04	0.01	0.00162632	0.582103	156.155	0
0.04	0.01	0.00162632	0.623735	145.005	0
0.04	0.01	0.00162632	0.668344	133.9	0
0.04	0.01	0.00162632	0.716143	123.026	0
0.04	0.01	0.00162632	0.767361	112.573	0
0.04	0.01	0.00162632	0.822243	102.723	0
0.04	0.01	0.00162632	0.881049	93.6363	0
0.04	0.01	0.00162632	0.944061	85.4484	0
0.04	0.01	0.00162632	1.01158	78.2579	0
0.04	0.01	0.00162632	1.08393	72.1265	0
0.04	0.01	0.00162632	1.16145	67.0807	0
0.04	0.01	0.00162632	1.24451	63.116	0
0.04	0.01	0.00162632	1.33352	60.2018	0
0.04	0.01	0.00162632	1.42889	58.288	0
0.04	0.01	0.00162632	1.53109	57.3117	0
0.04	0.01	0.00162632	1.64059	57.2066	0
0.04	0.01	0.00162632	1.75792	57.9085	0
0.04	0.01	0.00162632	1.88365	59.35	0
0.04	0.01	0.00162632	2.01837	61.4358	0
0.04	0.01	0.00162632	2.16272	63.9949	0
0.04	0.01	0.00162632	2.31739	66.7112	0
0.04	0.01	0.00162632	2.48313	69.038	0
0.04	0.01	0.00162632	2.66073	70.1509	0
0.04	0.01	0.00162632	2.85102	69.0795	0
0.04	0.01	0.00162632	3.05492	65.1278	0
0.04	0.01	0.00162632	3.27341	58.393	0
0.04	0.01	0.00162632	3.50752	49.9184	0
0.04	0.01	0.00162632	3.75837	41.2408	0
0.04	0.01	0.00162632	4.02717	33.5386	0
0.04	0.01	0.00162632	4.31519	26.8834	0
0.04	0.01	0.00162632	4.62381	20.3534	0
0.04	0.01	0.00162632	4.9545	13.2868	0
0.04	0.01	0.00162632	5.30884	6.34669	0
0.04	0.01	0.00162632	5.68853	1.33559	0
0.04	0.01	0.00162632	6.09537	0.138805	0
0.04	0.01	0.00162632	6.53131	3.9639	0
0.04	0.01	0.00162632	6.99842	13.5436	0
0.04	0.01	0.00162632	7.49894	27.0602	0
0.04	0.01	0.00162632	8.03526	38.8396	0
0.04	0.01	0.00162632	8.60994	45.1954	0
0.04	0.01	0.00162632	9.22571	46.9844	0
0.04	0.01	0.00162632	9.88553	47.3623	0
0.04	0.01	0.00162632	10.5925	48.9813	0
0.04	0.01	0.00162632	11.3501	52.6816	0
0.04	0.01	0.00162632	12.1619	59.1186	0
0.04	0.01	0.00162632	13.0317	66.8904	0
0.04	0.01	0.00162632	13.9637	70.738	0
0.04	0.01	0.00162632	14.9624	66.9826	0
0.04	0.01	0.00162632	16.0325	59.8751	0
0.04	0.01	0.00162632	17.1791	55.9484	0
0.04	0.01	0.00162632	18.4077	56.004	0
0.04	0.01	0.00162632	19.7242	54.6224	0
0.04	0.01	0.00162632	21.1349	49.6213	0
0.04	0.01	0.00162632	22.6464	44.1214	0
0.04	0.01	0.00162632	24.2661	38.9766	0
0.04	0.01	0.00162632	26.0016	35.8219	0
0.04	0.01	0.00162632	27.8612	33.4947	0
0.04	0.01	0.00162632	29.8538	30.8327	0
0.04	0.01	0.00162632	31.989	31.7598	0
0.04	0.01	0.00162632	34.2768	33.3768	0
0.04	0.01	0.00162632	36.7282	36.0748	0
0.04	0.01	0.00162632	39.355	43.1662	0
0.04	0.01	0.00162632	42.1697	44.5724	0
0.04	0.01	0.00162632	45.1856	47.4682	0
0.04	0.01	0.00162632	48.4172	49.1592	0
0.04	0.01	0.00162632	51.88	46.5812	0
0.04	0.01	0.00162632	55.5904	44.0742	0
0.04	0.01	0.00162632	59.5662	32.8811	0
0.04	0.01	0.00162632	63.8263	26.205	0
0.04	0.01	0.00162632	68.3912	26.7763	0
0.04	0.01	0.00162632	73.2825	28.7288	0
0.04	0.01	0.00162632	78.5236	29.9323	0
0.04	0.01	0.00162632	84.1395	30.0819	0
0.04	0.01	0.00162632	90.1571	28.1721	0
0.04	0.01	0.00162632	96.6051	25.9537	0
0.04	0.01	0.00177687	0.103514	284.931	0
0.04	0.01	0.00177687	0.110917	283.957	0
0.04	0.01	0.00177687	0.11885	282.845	0
0.04	0.01	0.00177687	0.12735	281.575	0
0.04	0.01	0.00177687	0.136458	280.128	0
0.04	0.01	0.00177687	0.146218	278.479	0
0.04	0.01	0.00177687	0.156675	276.604	0
0.04	0.01	0.00177687	0.16788	274.473	0
0.04	0.01	0.00177687	0.179887	272.055	0
0.04	0.01	0.00177687	0.192752	269.318	0
0.04	0.01	0.00177687	0.206538	266.224	0
0.04	0.01	0.00177687	0.221309	262.735	0
0.04	0.01	0.00177687	0.237137	258.812	0
0.04	0.01	0.00177687	0.254097	254.412	0
0.04	0.01	0.00177687	0.27227	249.497	0
0.04	0.01	0.00177687	0.291743	244.026	0
0.04	0.01	0.00177687	0.312608	237.963	0
0.04	0.01	0.00177687	0.334965	231.279	0
0.04	0.01	0.00177687	0.358922	223.951	0
0.04	0.01	0.00177687	0.384592	215.97	0
0.04	0.01	0.00177687	0.412098	207.34	0
0.04	0.01	0.00177687	0.44157	198.087	0
0.04	0.01	0.00177687	0.473151	188.256	0
0.04	0.01	0.00177687	0.506991	177.92	0
0.04	0.01	0.00177687	0.54325	167.177	0
0.04	0.01	0.00177687	0.582103	156.155	0
0.04	0.01	0.00177687	0.623735	145.005	0
0.04	0.01	0.00177687	0.668344	133.9	0
0.04	0.01	0.00177687	0.716143	123.026	0
0.04	0.01	0.00177687	0.767361	112.573	0
0.04	0.01	0.00177687	0.822243	102.723	0
0.04	0.01	0.00177687	0.881049	93.6363	0
0.04	0.01	0.00177687	0.944061	85.4484	0
0.04	0.01	0.00177687	1.01158	78.2579	0
0.04	0.01	0.00177687	1.08393	72.1265	0
0.04	0.01	0.00177687	1.16145	67.0807	0
0.04	0.01	0.00177687	1.24451	63.116	0
0.04	0.01	0.00177687	1.33352	60.2018	0
0.04	0.01	0.00177687	1.42889	58.288	0
0.04	0.01	0.00177687	1.53109	57.3117	0
0.04	0.01	0.00177687	1.64059	57.2066	0
0.04	0.01	0.00177687	1.75792	57.9085	0
0.04	0.01	0.00177687	1.88365	59.35	0
0.04	0.01	0.00177687	2.01837	61.4358	0
0.04	0.01	0.00177687	2.16272	63.9949	0
0.04	0.01	0.00177687	2.31739	66.7112	0
0.04	0.01	0.00177687	2.48313	69.0379	0
0.04	0.01	0.00177687	2.66073	70.1509	0
0.04	0.01	0.00177687	2.85102	69.0795	0
0.04	0.01	0.00177687	3.05492	65.1278	0
0.04	0.01	0.00177687	3.27341	58.3929	0
0.04	0.01	0.00177687	3.50752	49.9183	0
0.04	0.01	0.00177687	3.75837	41.2408	0
0.04	0.01	0.00177687	4.02717	33.5386	0
0.04	0.01	0.00177687	4.31519	26.8834	0
0.04	0.01	0.00177687	4.62381	20.3534	0
0.04	0.01	0.00177687	4.9545	13.2868	0
0.04	0.01	0.00177687	5.30884	6.3467	0
0.04	0.01	0.00177687	5.68853	1.33559	0
0.04	0.01	0.00177687	6.09537	0.138792	0
0.04	0.01	0.00177687	6.53131	3.96387	0
0.04	0.01	0.00177687	6.99842	13.5436	0
0.04	0.01	0.00177687	7.49894	27.0602	0
0.04	0.01	0.00177687	8.03526	38.8395	0
0.04	0.01	0.00177687	8.60994	45.1953	0
0.04	0.01	0.00177687	9.22571	46.9844	0
0.04	0.01	0.00177687	9.88553	47.3623	0
0.04	0.01	0.00177687	10.5925	48.9813	0
0.04	0.01	0.00177687	11.3501	52.6817	0
0.04	0.01	0.00177687	12.1619	59.1187	0
0.04	0.01	0.00177687	13.0317	66.8906	0
0.04	0.01	0.00177687	13.9637	70.7382	0
0.04	0.01	0.00177687	14.9624	66.9827	0
0.04	0.01	0.00177687	16.0325	59.8752	0
0.04	0.01	0.00177687	17.1791	55.9485	0
0.04	0.01	0.00177687	18.4077	56.0041	0
0.04	0.01	0.00177687	19.7242	54.6224	0
0.04	0.01	0.00177687	21.1349	49.6213	0
0.04	0.01	0.00177687	22.6464	44.1214	0
0.04	0.01	0.00177687	24.2661	38.9766	0
0.04	0.01	0.00177687	26.0016	35.822	0
0.04	0.01	0.00177687	27.8612	33.4948	0
0.04	0.01	0.00177687	29.8538	30.8327	0
0.04	0.01	0.00177687	31.989	31.7598	0
0.04	0.01	0.00177687	34.2768	33.3768	0
0.04	0.01	0.00177687	36.7282	36.0748	0
0.04	0.01	0.00177687	39.355	43.1662	0
0.04	0.01	0.00177687	42.1697	44.5724	0
0.04	0.01	0.00177687	45.1856	47.4682	0
0.04	0.01	0.00177687	48.4172	49.1593	0
0.04	0.01	0.00177687	51.88	46.5813	0
0.04	0.01	0.00177687	55.5904	44.0742	0
0.04	0.01	0.00177687	59.5662	32.8812	0
0.04	0.01	0.00177687	63.8263	26.2051	0
0.04	0.01	0.00177687	68.3912	26.7763	0
0.04	0.01	0.00177687	73.2825	28.7288	0
0.04	0.01	0.00177687	78.5236	29.9323	0
0.04	0.01	0.00177687	84.1395	30.0819	0
0.04	0.01	0.00177687	90.1571	28.1721	0
0.04	0.01	0.00177687	96.6051	25.9537	0
0.04	0.01	0.00194137	0.103514	284.931	0
0.04	0.01	0.00194137	0.110917	283.957	0
0.04	0.01	0.00194137	0.11885	282.845	0
0.04	0.01	0.00194137	0.12735	281.575	0
0.04	0.01	0.00194137	0.136458	280.128	0
0.04	0.01	0.00194137	0.146218	278.479	0
0.04	0.01	0.00194137	0.156675	276.604	0
0.04	0.01	0.00194137	0.16788	274.473	0
0.04	0.01	0.00194137	0.179887	272.055	0
0.04	0.01	0.00194137	0.192752	269.318	0
0.04	0.01	0.00194137	0.206538	266.224	0
0.04	0.01	0.00194137	0.221309	262.735	0
0.04	0.01	0.00194137	0.237137	258.812	0
0.04	0.01	0.00194137	0.254097	254.412	0
0.04	0.01	0.00194137	0.27227	249.497	0
0.04	0.01	0.00194137	0.291743	244.026	0
0.04	0.01	0.00194137	0.312608	237.963	0
0.04	0.01	0.00194137	0.334965	231.279	0
0.04	0.01	0.00194137	0.358922	223.951	0
0.04	0.01	0.00194137	0.384592	215.97	0
0.04	0.01	0.00194137	0.412098	207.34	0
0.04	0.01	0.00194137	0.44157	198.087	0
0.04	0.01	0.00194137	0.473151	188.256	0
0.04	0.01	0.00194137	0.506991	177.92	0
0.04	0.01	0.00194137	0.54325	167.177	0
0.04	0.01	0.00194137	0.582103	156.155	0
0.04	0.01	0.00194137	0.623735	145.005	0
0.04	0.01	0.00194137	0.668344	133.9	0
0.04	0.01	0.00194137	0.716143	123.026	0
0.04	0.01	0.00194137	0.767361	112.573	0
0.04	0.01	0.00194137	0.822243	102.723	0
0.04	0.01	0.00194137	0.881049	93.6363	0
0.04	0.01	0.00194137	0.944061	85.4485	0
0.04	0.01	0.00194137	1.01158	78.2579	0
0.04	0.01	0.00194137	1.08393	72.1265	0
0.04	0.01	0.00194137	1.16145	67.0807	0
0.04	0.01	0.00194137	1.24451	63.116	0
0.04	0.01	0.00194137	1.33352	60.2018	0
0.04	0.01	0.00194137	1.42889	58.288	0
0.04	0.01	0.00194137	1.53109	57.3117	0
0.04	0.01	0.00194137	1.64059	57.2066	0
0.04	0.01	0.00194137	1.75792	57.9085	0
0.04	0.01	0.00194137	1.88365	59.35	0
0.04	0.01	0.00194137	2.01837	61.4358	0
0.04	0.01	0.00194137	2.16272	63.9949	0
0.04	0.01	0.00194137	2.31739	66.7111	0
0.04	0.01	0.00194137	2.48313	69.0379	0
0.04	0.01	0.00194137	2.66073	70.1509	0
0.04	0.01	0.00194137	2.85102	69.0795	0
0.04	0.01	0.00194137	3.05492	65.1277	0
0.04	0.01	0.00194137	3.27341	58.3929	0
0.04	0.01	0.00194137	3.50752	49.9183	0
0.04	0.01	0.00194137	3.75837	41.2407	0
0.04	0.01	0.00194137	4.02717	33.5385	0
0.04	0.01	0.00194137	4.31519	26.8834	0
0.04	0.01	0.00194137	4.62381	20.3534	0
0.04	0.01	0.00194137	4.9545	13.2868	0
0.04	0.01	0.00194137	5.30884	6.34671	0
0.04	0.01	0.00194137	5.68853	1.3356	0
0.04	0.01	0.00194137	6.09537	0.138778	0
0.04	0.01	0.00194137	6.53131	3.96382	0
0.04	0.01	0.00194137	6.99842	13.5435	0
0.04	0.01	0.00194137	7.49894	27.0601	0
0.04	0.01	0.00194137	8.03526	38.8394	0
0.04	0.01	0.00194137	8.60994	45.1952	0
0.04	0.01	0.00194137	9.22571	46.9843	0
0.04	0.01	0.00194137	9.88553	47.3623	0
0.04	0.01	0.00194137	10.5925	48.9813	0
0.04	0.01	0.00194137	11.3501	52.6818	0
0.04	0.01	0.00194137	12.1619	59.1188	0
0.04	0.01	0.00194137	13.0317	66.8907	0
0.04	0.01	0.00194137	13.9637	70.7384	0
0.04	0.01	0.00194137	14.9624	66.9829	0
0.04	0.01	0.00194137	16.0325	59.8753	0
0.04	0.01	0.00194137	17.1791	55.9485	0
0.04	0.01	0.00194137	18.4077	56.0041	0
0.04	0.01	0.00194137	19.7242	54.6224	0
0.04	0.01	0.00194137	21.1349	49.6214	0
0.04	0.01	0.00194137	22.6464	44.1215	0
0.04	0.01	0.00194137	24.2661	38.9767	0
0.04	0.01	0.00194137	26.0016	35.8221	0
0.04	0.01	0.00194137	27.8612	33.4948	0
0.04	0.01	0.00194137	29.8538	30.8327	0
0.04	0.01	0.00194137	31.989	31.7598	0
0.04	0.01	0.00194137	34.2768	33.3768	0
0.04	0.01	0.00194137	36.7282	36.0748	0
0.04	0.01	0.00194137	39.355	43.1662	0
0.04	0.01	0.00194137	42.1697	44.5725	0
0.04	0.01	0.00194137	45.1856	47.4683	0
0.04	0.01	0.00194137	48.4172	49.1593	0
0.04	0.01	0.00194137	51.88	46.5813	0
0.04	0.01	0.00194137	55.5904	44.0743	0
0.04	0.01	0.00194137	59.5662	32.8812	0
0.04	0.01	0.00194137	63.8263	26.2051	0
0.04	0.01	0.00194137	68.3912	26.7764	0
0.04	0.01	0.00194137	73.2825	28.7288	0
0.04	0.01	0.00194137	78.5236	29.9324	0
0.04	0.01	0.00194137	84.1395	30.0819	0
0.04	0.01	0.00194137	90.1571	28.1722	0
0.04	0.01	0.00194137	96.6051	25.9538	0
0.04	0.01	0.00212109	0.103514	284.931	0
0.04	0.01	0.00212109	0.110917	283.957	0
0.04	0.01	0.00212109	0.11885	282.845	0
0.04	0.01	0.00212109	0.12735	281.575	0
0.04	0.01	0.00212109	0.136458	280.128	0
0.04	0.01	0.00212109	0.146218	278.479	0
0.04	0.01	0.00212109	0.156675	276.604	0
0.04	0.01	0.00212109	0.16788	274.473	0
0.04	0.01	0.00212109	0.179887	272.055	0
0.04	0.01	0.00212109	0.192752	269.318	0
0.04	0.01	0.00212109	0.206538	266.224	0
0.04	0.01	0.00212109	0.221309	262.735	0
0.04	0.01	0.00212109	0.237137	258.812	0
0.04	0.01	0.00212109	0.254097	254.413	0
0.04	0.01	0.00212109	0.27227	249.497	0
0.04	0.01	0.00212109	0.291743	244.026	0
0.04	0.01	0.00212109	0.312608	237.963	0
0.04	0.01	0.00212109	0.334965	231.279	0
0.04	0.01	0.00212109	0.358922	223.951	0
0.04	0.01	0.00212109	0.384592	215.97	0
0.04	0.01	0.00212109	0.412098	207.34	0
0.04	0.01	0.00212109	0.44157	198.087	0
0.04	0.01	0.00212109	0.473151	188.256	0
0.04	0.01	0.00212109	0.506991	177.92	0
0.04	0.01	0.00212109	0.54325	167.177	0
0.04	0.01	0.00212109	0.582103	156.155	0
0.04	0.01	0.00212109	0.623735	145.005	0
0.04	0.01	0.00212109	0.668344	133.9	0
0.04	0.01	0.00212109	0.716143	123.026	0
0.04	0.01	0.00212109	0.767361	112.573	0
0.04	0.01	0.00212109	0.822243	102.723	0
0.04	0.01	0.00212109	0.881049	93.6363	0
0.04	0.01	0.00212109	0.944061	85.4485	0
0.04	0.01	0.00212109	1.01158	78.2579	0
0.04	0.01	0.00212109	1.08393	72.1265	0
0.04	0.01	0.00212109	1.16145	67.0807	0
0.04	0.01	0.00212109	1.24451	63.116	0
0.04	0.01	0.00212109	1.33352	60.2018	0
0.04	0.01	0.00212109	1.42889	58.288	0
0.04	0.01	0.00212109	1.53109	57.3117	0
0.04	0.01	0.00212109	1.64059	57.2066	0
0.04	0.01	0.00212109	1.75792	57.9084	0
0.04	0.01	0.00212109	1.88365	59.35	0
0.04	0.01	0.00212109	2.01837	61.4358	0
0.04	0.01	0.00212109	2.16272	63.9948	0
0.04	0.01	0.00212109	2.31739	66.7111	0
0.04	0.01	0.00212109	2.48313	69.0379	0
0.04	0.01	0.00212109	2.66073	70.1508	0
0.04	0.01	0.00212109	2.85102	69.0794	0
0.04	0.01	0.00212109	3.05492	65.1277	0
0.04	0.01	0.00212109	3.27341	58.3928	0
0.04	0.01	0.00212109	3.50752	49.9182	0
0.04	0.01	0.00212109	3.75837	41.2407	0
0.04	0.01	0.00212109	4.02717	33.5385	0
0.04	0.01	0.00212109	4.31519	26.8834	0
0.04	0.01	0.00212109	4.62381	20.3533	0
0.04	0.01	0.00212109	4.9545	13.2868	0
0.04	0.01	0.00212109	5.30884	6.34673	0
0.04	0.01	0.00212109	5.68853	1.33561	0
0.04	0.01	0.00212109	6.09537	0.138763	0
0.04	0.01	0.00212109	6.53131	3.96378	0
0.04	0.01	0.00212109	6.99842	13.5434	0
0.04	0.01	0.00212109	7.49894	27.06	0
0.04	0.01	0.00212109	8.03526	38.8393	0
0.04	0.01	0.00212109	8.60994	45.1951	0
0.04	0.01	0.00212109	9.22571	46.9842	0
0.04	0.01	0.00212109	9.88553	47.3622	0
0.04	0.01	0.00212109	10.5925	48.9813	0
0.04	0.01	0.00212109	11.3501	52.6819	0
0.04	0.01	0.00212109	12.1619	59.119	0
0.04	0.01	0.00212109	13.0317	66.8909	0
0.04	0.01	0.00212109	13.9637	70.7386	0
0.04	0.01	0.00212109	14.9624	66.983	0
0.04	0.01	0.00212109	16.0325	59.8754	0
0.04	0.01	0.00212109	17.1791	55.9486	0
0.04	0.01	0.00212109	18.4077	56.0042	0
0.04	0.01	0.00212109	19.7242	54.6225	0
0.04	0.01	0.00212109	21.1349	49.6215	0
0.04	0.01	0.00212109	22.6464	44.1216	0
0.04	0.01	0.00212109	24.2661	38.9768	0
0.04	0.01	0.00212109	26.0016	35.8221	0
0.04	0.01	0.00212109	27.8612	33.4949	0
0.04	0.01	0.00212109	29.8538	30.8327	0
0.04	0.01	0.00212109	31.989	31.7599	0
0.04	0.01	0.00212109	34.2768	33.3768	0
0.04	0.01	0.00212109	36.7282	36.0748	0
0.04	0.01	0.00212109	39.355	43.1662	0
0.04	0.01	0.00212109	42.1697	44.5725	0
0.04	0.01	0.00212109	45.1856	47.4684	0
0.04	0.01	0.00212109	48.4172	49.1594	0
0.04	0.01	0.00212109	51.88	46.5814	0
0.04	0.01	0.00212109	55.5904	44.0743	0
0.04	0.01	0.00212109	59.5662	32.8812	0
0.04	0.01	0.00212109	63.8263	26.2051	0
0.04	0.01	0.00212109	68.3912	26.7764	0
0.04	0.01	0.00212109	73.2825	28.7288	0
0.04	0.01	0.00212109	78.5236	29.9324	0
0.04	0.01	0.00212109	84.1395	30.0819	0
0.04	0.01	0.00212109	90.1571	28.1722	0
0.04	0.01	0.00212109	96.6051	25.9538	0
0.04	0.01	0.00231745	0.103514	284.931	0
0.04	0.01	0.00231745	0.110917	283.957	0
0.04	0.01	0.00231745	0.11885	282.845	0
0.04	0.01	0.00231745	0.12735	281.575	0
0.04	0.01	0.00231745	0.136458	280.128	0
0.04	0.01	0.00231745	0.146218	278.479	0
0.04	0.01	0.00231745	0.156675	276.604	0
0.04	0.01	0.00231745	0.16788	274.473	0
0.04	0.01	0.00231745	0.179887	272.055	0
0.04	0.01	0.00231745	0.192752	269.318	0
0.04	0.01	0.00231745	0.206538	266.224	0
0.04	0.01	0.00231745	0.221309	262.735	0
0.04	0.01	0.00231745	0.237137	258.812	0
0.04	0.01	0.00231745	0.254097	254.413	0
0.04	0.01	0.00231745	0.27227	249.497	0
0.04	0.01	0.00231745	0.291743	244.026	0
0.04	0.01	0.00231745	0.312608	237.963	0
0.04	0.01	0.00231745	0.334965	231.279	0
0.04	0.01	0.00231745	0.358922	223.951	0
0.04	0.01	0.00231745	0.384592	215.97	0
0.04	0.01	0.00231745	0.412098	207.34	0
0.04	0.01	0.00231745	0.44157	198.087	0
0.04	0.01	0.00231745	0.473151	188.256	0
0.04	0.01	0.00231745	0.506991	177.92	0
0.04	0.01	0.00231745	0.54325	167.177	0
0.04	0.01	0.00231745	0.582103	156.155	0
0.04	0.01	0.00231745	0.623735	145.005	0
0.04	0.01	0.00231745	0.668344	133.9	0
0.04	0.01	0.00231745	0.716143	123.026	0
0.04	0.01	0.00231745	0.767361	112.573	0
0.04	0.01	0.00231745	0.822243	102.723	0
0.04	0.01	0.00231745	0.881049	93.6363	0
0.04	0.01	0.00231745	0.944061	85.4485	0
0.04	0.01	0.00231745	1.01158	78.2579	0
0.04	0.01	0.00231745	1.08393	72.1265	0
0.04	0.01	0.00231745	1.16145	67.0807	0
0.04	0.01	0.00231745	1.24451	63.116	0
0.04	0.01	0.00231745	1.33352	60.2018	0
0.04	0.01	0.00231745	1.42889	58.288	0
0.04	0.01	0.00231745	1.53109	57.3117	0
0.04	0.01	0.00231745	1.64059	57.2066	0
0.04	0.01	0.00231745	1.75792	57.9084	0
0.04	0.01	0.00231745	1.88365	59.35	0
0.04	0.01	0.00231745	2.01837	61.4358	0
0.04	0.01	0.00231745	2.16272	63.9948	0
0.04	0.01	0.00231745	2.31739	66.7111	0
0.04	0.01	0.00231745	2.48313	69.0379	0
0.04	0.01	0.00231745	2.66073	70.1508	0
0.04	0.01	0.00231745	2.85102	69.0794	0
0.04	0.01	0.00231745	3.05492	65.1276	0
0.04	0.01	0.00231745	3.27341	58.3928	0
0.04	0.01	0.00231745	3.50752	49.9181	0
0.04	0.01	0.00231745	3.75837	41.2406	0
0.04	0.01	0.00231745	4.02717	33.5384	0
0.04	0.01	0.00231745	4.31519	26.8833	0
0.04	0.01	0.00231745	4.62381	20.3533	0
0.04	0.01	0.00231745	4.9545	13.2869	0
0.04	0.01	0.00231745	5.30884	6.34674	0
0.04	0.01	0.00231745	5.68853	1.33561	0
0.04	0.01	0.00231745	6.09537	0.138746	0
0.04	0.01	0.00231745	6.53131	3.96373	0
0.04	0.01	0.00231745	6.99842	13.5433	0
0.04	0.01	0.00231745	7.49894	27.0598	0
0.04	0.01	0.00231745	8.03526	38.8392	0
0.04	0.01	0.00231745	8.60994	45.195	0
0.04	0.01	0.00231745	9.22571	46.9841	0
0.04	0.01	0.00231745	9.88553	47.3622	0
0.04	0.01	0.00231745	10.5925	48.9814	0
0.04	0.01	0.00231745	11.3501	52.682	0
0.04	0.01	0.00231745	12.1619	59.1191	0
0.04	0.01	0.00231745	13.0317	66.8911	0
0.04	0.01	0.00231745	13.9637	70.7388	0
0.04	0.01	0.00231745	14.9624	66.9832	0
0.04	0.01	0.00231745	16.0325	59.8755	0
0.04	0.01	0.00231745	17.1791	55.9487	0
0.04	0.01	0.00231745	18.4077	56.0042	0
0.04	0.01	0.00231745	19.7242	54.6225	0
0.04	0.01	0.00231745	21.1349	49.6215	0
0.04	0.01	0.00231745	22.6464	44.1216	0
0.04	0.01	0.00231745	24.2661	38.9769	0
0.04	0.01	0.00231745	26.0016	35.8222	0
0.04	0.01	0.00231745	27.8612	33.4949	0
0.04	0.01	0.00231745	29.8538	30.8328	0
0.04	0.01	0.00231745	31.989	31.7599	0
0.04	0.01	0.00231745	34.2768	33.3768	0
0.04	0.01	0.00231745	36.7282	36.0748	0
0.04	0.01	0.00231745	39.355	43.1662	0
0.04	0.01	0.00231745	42.1697	44.5726	0
0.04	0.01	0.00231745	45.1856	47.4685	0
0.04	0.01	0.00231745	48.4172	49.1595	0
0.04	0.01	0.00231745	51.88	46.5814	0
0.04	0.01	0.00231745	55.5904	44.0743	0
0.04	0.01	0.00231745	59.5662	32.8812	0
0.04	0.01	0.00231745	63.8263	26.2051	0
0.04	0.01	0.00231745	68.3912	26.7764	0
0.04	0.01	0.00231745	73.2825	28.7289	0
0.04	0.01	0.00231745	78.5236	29.9324	0
0.04	0.01	0.00231745	84.1395	30.082	0
0.04	0.01	0.00231745	90.1571	28.1723	0
0.04	0.01	0.00231745	96.6051	25.9539	0
0.04	0.01	0.00253198	0.103514	284.931	0
0.04	0.01	0.00253198	0.110917	283.957	0
0.04	0.01	0.00253198	0.11885	282.845	0
0.04	0.01	0.00253198	0.12735	281.575	0
0.04	0.01	0.00253198	0.136458	280.128	0
0.04	0.01	0.00253198	0.146218	278.479	0
0.04	0.01	0.00253198	0.156675	276.604	0
0.04	0.01	0.00253198	0.16788	274.473	0
0.04	0.01	0.00253198	0.179887	272.055	0
0.04	0.01	0.00253198	0.192752	269.318	0
0.04	0.01	0.00253198	0.206538	266.224	0
0.04	0.01	0.00253198	0.221309	262.735	0
0.04	0.01	0.00253198	0.237137	258.812	0
0.04	0.01	0.00253198	0.254097	254.413	0
0.04	0.01	0.00253198	0.27227	249.497	0
0.04	0.01	0.00253198	0.291743	244.026	0
0.04	0.01	0.00253198	0.312608	237.963	0
0.04	0.01	0.00253198	0.334965	231.279	0
0.04	0.01	0.00253198	0.358922	223.951	0
0.04	0.01	0.00253198	0.384592	215.97	0
0.04	0.01	0.00253198	0.412098	207.34	0
0.04	0.01	0.00253198	0.44157	198.087	0
0.04	0.01	0.00253198	0.473151	188.256	0
0.04	0.01	0.00253198	0.506991	177.92	0
0.04	0.01	0.00253198	0.54325	167.177	0
0.04	0.01	0.00253198	0.582103	156.155	0
0.04	0.01	0.00253198	0.623735	145.005	0
0.04	0.01	0.00253198	0.668344	133.9	0
0.04	0.01	0.00253198	0.716143	123.026	0
0.04	0.01	0.00253198	0.767361	112.573	0
0.04	0.01	0.00253198	0.822243	102.723	0
0.04	0.01	0.00253198	0.881049	93.6364	0
0.04	0.01	0.00253198	0.944061	85.4485	0
0.04	0.01	0.00253198	1.01158	78.2579	0
0.04	0.01	0.00253198	1.08393	72.1265	0
0.04	0.01	0.00253198	1.16145	67.0808	0
0.04	0.01	0.00253198	1.24451	63.116	0
0.04	0.01	0.00253198	1.33352	60.2018	0
0.04	0.01	0.00253198	1.42889	58.288	0
0.04	0.01	0.00253198	1.53109	57.3117	0
0.04	0.01	0.00253198	1.64059	57.2066	0
0.04	0.01	0.00253198	1.75792	57.9084	0
0.04	0.01	0.00253198	1.88365	59.35	0
0.04	0.01	0.00253198	2.01837	61.4357	0
0.04	0.01	0.00253198	2.16272	63.9948	0
0.04	0.01	0.00253198	2.31739	66.7111	0
0.04	0.01	0.00253198	2.48313	69.0378	0
0.04	0.01	0.00253198	2.66073	70.1507	0
0.04	0.01	0.00253198	2.85102	69.0793	0
0.04	0.01	0.00253198	3.05492	65.1276	0
0.04	0.01	0.00253198	3.27341	58.3927	0
0.04	0.01	0.00253198	3.50752	49.918	0
0.04	0.01	0.00253198	3.75837	41.2405	0
0.04	0.01	0.00253198	4.02717	33.5384	0
0.04	0.01	0.00253198	4.31519	26.8833	0
0.04	0.01	0.00253198	4.62381	20.3533	0
0.04	0.01	0.00253198	4.9545	13.2869	0
0.04	0.01	0.00253198	5.30884	6.34676	0
0.04	0.01	0.00253198	5.68853	1.33562	0
0.04	0.01	0.00253198	6.09537	0.138727	0
0.04	0.01	0.00253198	6.53131	3.96367	0
0.04	0.01	0.00253198	6.99842	13.5432	0
0.04	0.01	0.00253198	7.49894	27.0597	0
0.04	0.01	0.00253198	8.03526	38.8391	0
0.04	0.01	0.00253198	8.60994	45.1949	0
0.04	0.01	0.00253198	9.22571	46.984	0
0.04	0.01	0.00253198	9.88553	47.3622	0
0.04	0.01	0.00253198	10.5925	48.9814	0
0.04	0.01	0.00253198	11.3501	52.6821	0
0.04	0.01	0.00253198	12.1619	59.1193	0
0.04	0.01	0.00253198	13.0317	66.8914	0
0.04	0.01	0.00253198	13.9637	70.739	0
0.04	0.01	0.00253198	14.9624	66.9834	0
0.04	0.01	0.00253198	16.0325	59.8756	0
0.04	0.01	0.00253198	17.1791	55.9488	0
0.04	0.01	0.00253198	18.4077	56.0043	0
0.04	0.01	0.00253198	19.7242	54.6226	0
0.04	0.01	0.00253198	21.1349	49.6216	0
0.04	0.01	0.00253198	22.6464	44.1217	0
0.04	0.01	0.00253198	24.2661	38.977	0
0.04	0.01	0.00253198	26.0016	35.8223	0
0.04	0.01	0.00253198	27.8612	33.495	0
0.04	0.01	0.00253198	29.8538	30.8328	0
0.04	0.01	0.00253198	31.989	31.7599	0
0.04	0.01	0.00253198	34.2768	33.3768	0
0.04	0.01	0.00253198	36.7282	36.0748	0
0.04	0.01	0.00253198	39.355	43.1662	0
0.04	0.01	0.00253198	42.1697	44.5726	0
0.04	0.01	0.00253198	45.1856	47.4686	0
0.04	0.01	0.00253198	48.4172	49.1596	0
0.04	0.01	0.00253198	51.88	46.5815	0
0.04	0.01	0.00253198	55.5904	44.0744	0
0.04	0.01	0.00253198	59.5662	32.8813	0
0.04	0.01	0.00253198	63.8263	26.2052	0
0.04	0.01	0.00253198	68.3912	26.7765	0
0.04	0.01	0.00253198	73.2825	28.7289	0
0.04	0.01	0.00253198	78.5236	29.9324	0
0.04	0.01	0.00253198	84.1395	30.082	0
0.04	0.01	0.00253198	90.1571	28.1723	0
0.04	0.01	0.00253198	96.6051	25.9539	0
0.04	0.01	0.00276638	0.103514	284.931	0
0.04	0.01	0.00276638	0.110917	283.957	0
0.04	0.01	0.00276638	0.11885	282.845	0
0.04	0.01	0.00276638	0.12735	281.575	0
0.04	0.01	0.00276638	0.136458	280.128	0
0.04	0.01	0.00276638	0.146218	278.479	0
0.04	0.01	0.00276638	0.156675	276.604	0
0.04	0.01	0.00276638	0.16788	274.473	0
0.04	0.01	0.00276638	0.179887	272.055	0
0.04	0.01	0.00276638	0.192752	269.318	0
0.04	0.01	0.00276638	0.206538	266.224	0
0.04	0.01	0.00276638	0.221309	262.735	0
0.04	0.01	0.00276638	0.237137	258.812	0
0.04	0.01	0.00276638	0.254097	254.413	0
0.04	0.01	0.00276638	0.27227	249.497	0
0.04	0.01	0.00276638	0.291743	244.026	0
0.04	0.01	0.00276638	0.312608	237.963	0
0.04	0.01	0.00276638	0.334965	231.279	0
0.04	0.01	0.00276638	0.358922	223.951	0
0.04	0.01	0.00276638	0.384592	215.97	0
0.04	0.01	0.00276638	0.412098	207.34	0
0.04	0.01	0.00276638	0.44157	198.087	0
0.04	0.01	0.00276638	0.473151	188.256	0
0.04	0.01	0.00276638	0.506991	177.92	0
0.04	0.01	0.00276638	0.54325	167.177	0
0.04	0.01	0.00276638	0.582103	156.155	0
0.04	0.01	0.00276638	0.623735	145.005	0
0.04	0.01	0.00276638	0.668344	133.9	0
0.04	0.01	0.00276638	0.716143	123.026	0
0.04	0.01	0.00276638	0.767361	112.573	0
0.04	0.01	0.00276638	0.822243	102.723	0
0.04	0.01	0.00276638	0.881049	93.6364	0
0.04	0.01	0.00276638	0.944061	85.4485	0
0.04	0.01	0.00276638	1.01158	78.2579	0
0.04	0.01	0.00276638	1.08393	72.1265	0
0.04	0.01	0.00276638	1.16145	67.0808	0
0.04	0.01	0.00276638	1.24451	63.116	0
0.04	0.01	0.00276638	1.33352	60.2018	0
0.04	0.01	0.00276638	1.42889	58.288	0
0.04	0.01	0.00276638	1.53109	57.3117	0
0.04	0.01	0.00276638	1.64059	57.2066	0
0.04	0.01	0.00276638	1.75792	57.9084	0
0.04	0.01	0.00276638	1.88365	59.35	0
0.04	0.01	0.00276638	2.01837	61.4357	0
0.04	0.01	0.00276638	2.16272	63.9948	0
0.04	0.01	0.00276638	2.31739	66.711	0
0.04	0.01	0.00276638	2.48313	69.0378	0
0.04	0.01	0.00276638	2.66073	70.1507	0
0.04	0.01	0.00276638	2.85102	69.0793	0
0.04	0.01	0.00276638	3.05492	65.1275	0
0.04	0.01	0.00276638	3.27341	58.3926	0
0.04	0.01	0.00276638	3.50752	49.918	0
0.04	0.01	0.00276638	3.75837	41.2404	0
0.04	0.01	0.00276638	4.02717	33.5383	0
0.04	0.01	0.00276638	4.31519	26.8832	0
0.04	0.01	0.00276638	4.62381	20.3533	0
0.04	0.01	0.00276638	4.9545	13.2869	0
0.04	0.01	0.00276638	5.30884	6.34678	0
0.04	0.01	0.00276638	5.68853	1.33563	0
0.04	0.01	0.00276638	6.09537	0.138707	0
0.04	0.01	0.00276638	6.53131	3.96361	0
0.04	0.01	0.00276638	6.99842	13.5431	0
0.04	0.01	0.00276638	7.49894	27.0596	0
0.04	0.01	0.00276638	8.03526	38.8389	0
0.04	0.01	0.00276638	8.60994	45.1947	0
0.04	0.01	0.00276638	9.22571	46.9839	0
0.04	0.01	0.00276638	9.88553	47.3621	0
0.04	0.01	0.00276638	10.5925	48.9814	0
0.04	0.01	0.00276638	11.3501	52.6822	0
0.04	0.01	0.00276638	12.1619	59.1195	0
0.04	0.01	0.00276638	13.0317	66.8916	0
0.04	0.01	0.00276638	13.9637	70.7393	0
0.04	0.01	0.00276638	14.9624	66.9836	0
0.04	0.01	0.00276638	16.0325	59.8758	0
0.04	0.01	0.00276638	17.1791	55.9488	0
0.04	0.01	0.00276638	18.4077	56.0043	0
0.04	0.01	0.00276638	19.7242	54.6227	0
0.04	0.01	0.00276638	21.1349	49.6217	0
0.04	0.01	0.00276638	22.6464	44.1218	0
0.04	0.01	0.00276638	24.2661	38.9771	0
0.04	0.01	0.00276638	26.0016	35.8224	0
0.04	0.01	0.00276638	27.8612	33.4951	0
0.04	0.01	0.00276638	29.8538	30.8328	0
0.04	0.01	0.00276638	31.989	31.7599	0
0.04	0.01	0.00276638	34.2768	33.3768	0
0.04	0.01	0.00276638	36.7282	36.0748	0
0.04	0.01	0.00276638	39.355	43.1662	0
0.04	0.01	0.00276638	42.1697	44.5727	0
0.04	0.01	0.00276638	45.1856	47.4687	0
0.04	0.01	0.00276638	48.4172	49.1597	0
0.04	0.01	0.00276638	51.88	46.5816	0
0.04	0.01	0.00276638	55.5904	44.0744	0
0.04	0.01	0.00276638	59.5662	32.8813	0
0.04	0.01	0.00276638	63.8263	26.2052	0
0.04	0.01	0.00276638	68.3912	26.7765	0
0.04	0.01	0.00276638	73.2825	28.7289	0
0.04	0.01	0.00276638	78.5236	29.9324	0
0.04	0.01	0.00276638	84.1395	30.082	0
0.04	0.01	0.00276638	90.1571	28.1723	0
0.04	0.01	0.00276638	96.6051	25.954	0
0.04	0.01	0.00302248	0.103514	284.931	0
0.04	0.01	0.00302248	0.110917	283.957	0
0.04	0.01	0.00302248	0.11885	282.845	0
0.04	0.01	0.00302248	0.12735	281.575	0
0.04	0.01	0.00302248	0.136458	280.128	0
0.04	0.01	0.00302248	0.146218	278.479	0
0.04	0.01	0.00302248	0.156675	276.604	0
0.04	0.01	0.00302248	0.16788	274.473	0
0.04	0.01	0.00302248	0.179887	272.055	0
0.04	0.01	0.00302248	0.192752	269.318	0
0.04	0.01	0.00302248	0.206538	266.224	0
0.04	0.01	0.00302248	0.221309	262.735	0
0.04	0.01	0.00302248	0.237137	258.812	0
0.04	0.01	0.00302248	0.254097	254.413	0
0.04	0.01	0.00302248	0.27227	249.497	0
0.04	0.01	0.00302248	0.291743	244.026	0
0.04	0.01	0.00302248	0.312608	237.963	0
0.04	0.01	0.00302248	0.334965	231.279	0
0.04	0.01	0.00302248	0.358922	223.951	0
0.04	0.01	0.00302248	0.384592	215.97	0
0.04	0.01	0.00302248	0.412098	207.34	0
0.04	0.01	0.00302248	0.44157	198.087	0
0.04	0.01	0.00302248	0.473151	188.256	0
0.04	0.01	0.00302248	0.506991	177.92	0
0.04	0.01	0.00302248	0.54325	167.177	0
0.04	0.01	0.00302248	0.582103	156.155	0
0.04	0.01	0.00302248	0.623735	145.005	0
0.04	0.01	0.00302248	0.668344	133.9	0
0.04	0.01	0.00302248	0.716143	123.026	0
0.04	0.01	0.00302248	0.767361	112.573	0
0.04	0.01	0.00302248	0.822243	102.723	0
0.04	0.01	0.00302248	0.881049	93.6364	0
0.04	0.01	0.00302248	0.944061	85.4485	0
0.04	0.01	0.00302248	1.01158	78.2579	0
0.04	0.01	0.00302248	1.08393	72.1265	0
0.04	0.01	0.00302248	1.16145	67.0808	0
0.04	0.01	0.00302248	1.24451	63.116	0
0.04	0.01	0.00302248	1.33352	60.2019	0
0.04	0.01	0.00302248	1.42889	58.288	0
0.04	0.01	0.00302248	1.53109	57.3117	0
0.04	0.01	0.00302248	1.64059	57.2066	0
0.04	0.01	0.00302248	1.75792	57.9084	0
0.04	0.01	0.00302248	1.88365	59.3499	0
0.04	0.01	0.00302248	2.01837	61.4357	0
0.04	0.01	0.00302248	2.16272	63.9948	0
0.04	0.01	0.00302248	2.31739	66.711	0
0.04	0.01	0.00302248	2.48313	69.0377	0
0.04	0.01	0.00302248	2.66073	70.1506	0
0.04	0.01	0.00302248	2.85102	69.0792	0
0.04	0.01	0.00302248	3.05492	65.1274	0
0.04	0.01	0.00302248	3.27341	58.3925	0
0.04	0.01	0.00302248	3.50752	49.9179	0
0.04	0.01	0.00302248	3.75837	41.2404	0
0.04	0.01	0.00302248	4.02717	33.5382	0
0.04	0.01	0.00302248	4.31519	26.8832	0
0.04	0.01	0.00302248	4.62381	20.3533	0
0.04	0.01	0.00302248	4.9545	13.2869	0
0.04	0.01	0.00302248	5.30884	6.3468	0
0.04	0.01	0.00302248	5.68853	1.33564	0
0.04	0.01	0.00302248	6.09537	0.138685	0
0.04	0.01	0.00302248	6.53131	3.96354	0
0.04	0.01	0.00302248	6.99842	13.543	0
0.04	0.01	0.00302248	7.49894	27.0594	0
0.04	0.01	0.00302248	8.03526	38.8387	0
0.04	0.01	0.00302248	8.60994	45.1946	0
0.04	0.01	0.00302248	9.22571	46.9838	0
0.04	0.01	0.00302248	9.88553	47.3621	0
0.04	0.01	0.00302248	10.5925	48.9815	0
0.04	0.01	0.00302248	11.3501	52.6824	0
0.04	0.01	0.00302248	12.1619	59.1198	0
0.04	0.01	0.00302248	13.0317	66.8919	0
0.04	0.01	0.00302248	13.9637	70.7395	0
0.04	0.01	0.00302248	14.9624	66.9839	0
0.04	0.01	0.00302248	16.0325	59.8759	0
0.04	0.01	0.00302248	17.1791	55.9489	0
0.04	0.01	0.00302248	18.4077	56.0044	0
0.04	0.01	0.00302248	19.7242	54.6227	0
0.04	0.01	0.00302248	21.1349	49.6217	0
0.04	0.01	0.00302248	22.6464	44.1219	0
0.04	0.01	0.00302248	24.2661	38.9772	0
0.04	0.01	0.00302248	26.0016	35.8225	0
0.04	0.01	0.00302248	27.8612	33.4951	0
0.04	0.01	0.00302248	29.8538	30.8329	0
0.04	0.01	0.00302248	31.989	31.7599	0
0.04	0.01	0.00302248	34.2768	33.3768	0
0.04	0.01	0.00302248	36.7282	36.0748	0
0.04	0.01	0.00302248	39.355	43.1663	0
0.04	0.01	0.00302248	42.1697	44.5727	0
0.04	0.01	0.00302248	45.1856	47.4688	0
0.04	0.01	0.00302248	48.4172	49.1599	0
0.04	0.01	0.00302248	51.88	46.5817	0
0.04	0.01	0.00302248	55.5904	44.0745	0
0.04	0.01	0.00302248	59.5662	32.8813	0
0.04	0.01	0.00302248	63.8263	26.2052	0
0.04	0.01	0.00302248	68.3912	26.7765	0
0.04	0.01	0.00302248	73.2825	28.729	0
0.04	0.01	0.00302248	78.5236	29.9325	0
0.04	0.01	0.00302248	84.1395	30.0821	0
0.04	0.01	0.00302248	90.1571	28.1724	0
0.04	0.01	0.00302248	96.6051	25.954	0
0.04	0.01	0.00330228	0.103514	284.931	0
0.04	0.01	0.00330228	0.110917	283.957	0
0.04	0.01	0.00330228	0.11885	282.845	0
0.04	0.01	0.00330228	0.12735	281.575	0
0.04	0.01	0.00330228	0.136458	280.128	0
0.04	0.01	0.00330228	0.146218	278.479	0
0.04	0.01	0.00330228	0.156675	276.604	0
0.04	0.01	0.00330228	0.16788	274.473	0
0.04	0.01	0.00330228	0.179887	272.055	0
0.04	0.01	0.00330228	0.192752	269.318	0
0.04	0.01	0.00330228	0.206538	266.224	0
0.04	0.01	0.00330228	0.221309	262.735	0
0.04	0.01	0.00330228	0.237137	258.812	0
0.04	0.01	0.00330228	0.254097	254.413	0
0.04	0.01	0.00330228	0.27227	249.497	0
0.04	0.01	0.00330228	0.291743	244.026	0
0.04	0.01	0.00330228	0.312608	237.963	0
0.04	0.01	0.00330228	0.334965	231.279	0
0.04	0.01	0.00330228	0.358922	223.951	0
0.04	0.01	0.00330228	0.384592	215.97	0
0.04	0.01	0.00330228	0.412098	207.34	0
0.04	0.01	0.00330228	0.44157	198.087	0
0.04	0.01	0.00330228	0.473151	188.256	0
0.04	0.01	0.00330228	0.506991	177.92	0
0.04	0.01	0.00330228	0.54325	167.177	0
0.04	0.01	0.00330228	0.582103	156.155	0
0.04	0.01	0.00330228	0.623735	145.005	0
0.04	0.01	0.00330228	0.668344	133.9	0
0.04	0.01	0.00330228	0.716143	123.026	0
0.04	0.01	0.00330228	0.767361	112.573	0
0.04	0.01	0.00330228	0.822243	102.723	0
0.04	0.01	0.00330228	0.881049	93.6364	0
0.04	0.01	0.00330228	0.944061	85.4485	0
0.04	0.01	0.00330228	1.01158	78.2579	0
0.04	0.01	0.00330228	1.08393	72.1265	0
0.04	0.01	0.00330228	1.16145	67.0808	0
0.04	0.01	0.00330228	1.24451	63.116	0
0.04	0.01	0.00330228	1.33352	60.2019	0
0.04	0.01	0.00330228	1.42889	58.288	0
0.04	0.01	0.00330228	1.53109	57.3117	0
0.04	0.01	0.00330228	1.64059	57.2066	0
0.04	0.01	0.00330228	1.75792	57.9084	0
0.04	0.01	0.00330228	1.88365	59.3499	0
0.04	0.01	0.00330228	2.01837	61.4357	0
0.04	0.01	0.00330228	2.16272	63.9947	0
0.04	0.01	0.00330228	2.31739	66.711	0
0.04	0.01	0.00330228	2.48313	69.0377	0
0.04	0.01	0.00330228	2.66073	70.1506	0
0.04	0.01	0.00330228	2.85102	69.0791	0
0.04	0.01	0.00330228	3.05492	65.1273	0
0.04	0.01	0.00330228	3.27341	58.3924	0
0.04	0.01	0.00330228	3.50752	49.9178	0
0.04	0.01	0.00330228	3.75837	41.2403	0
0.04	0.01	0.00330228	4.02717	33.5381	0
0.04	0.01	0.00330228	4.31519	26.8831	0
0.04	0.01	0.00330228	4.62381	20.3533	0
0.04	0.01	0.00330228	4.9545	13.2869	0
0.04	0.01	0.00330228	5.30884	6.34682	0
0.04	0.01	0.00330228	5.68853	1.33565	0
0.04	0.01	0.00330228	6.09537	0.138661	0
0.04	0.01	0.00330228	6.53131	3.96347	0
0.04	0.01	0.00330228	6.99842	13.5429	0
0.04	0.01	0.00330228	7.49894	27.0593	0
0.04	0.01	0.00330228	8.03526	38.8386	0
0.04	0.01	0.00330228	8.60994	45.1944	0
0.04	0.01	0.00330228	9.22571	46.9837	0
0.04	0.01	0.00330228	9.88553	47.362	0
0.04	0.01	0.00330228	10.5925	48.9815	0
0.04	0.01	0.00330228	11.3501	52.6825	0
0.04	0.01	0.00330228	12.1619	59.12	0
0.04	0.01	0.00330228	13.0317	66.8922	0
0.04	0.01	0.00330228	13.9637	70.7398	0
0.04	0.01	0.00330228	14.9624	66.9841	0
0.04	0.01	0.00330228	16.0325	59.8761	0
0.04	0.01	0.00330228	17.1791	55.949	0
0.04	0.01	0.00330228	18.4077	56.0044	0
0.04	0.01	0.00330228	19.7242	54.6228	0
0.04	0.01	0.00330228	21.1349	49.6218	0
0.04	0.01	0.00330228	22.6464	44.122	0
0.04	0.01	0.00330228	24.2661	38.9773	0
0.04	0.01	0.00330228	26.0016	35.8226	0
0.04	0.01	0.00330228	27.8612	33.4952	0
0.04	0.01	0.00330228	29.8538	30.8329	0
0.04	0.01	0.00330228	31.989	31.7599	0
0.04	0.01	0.00330228	34.2768	33.3768	0
0.04	0.01	0.00330228	36.7282	36.0748	0
0.04	0.01	0.00330228	39.355	43.1663	0
0.04	0.01	0.00330228	42.1697	44.5728	0
0.04	0.01	0.00330228	45.1856	47.4689	0
0.04	0.01	0.00330228	48.4172	49.16	0
0.04	0.01	0.00330228	51.88	46.5818	0
0.04	0.01	0.00330228	55.5904	44.0745	0
0.04	0.01	0.00330228	59.5662	32.8814	0
0.04	0.01	0.00330228	63.8263	26.2053	0
0.04	0.01	0.00330228	68.3912	26.7766	0
0.04	0.01	0.00330228	73.2825	28.729	0
0.04	0.01	0.00330228	78.5236	29.9325	0
0.04	0.01	0.00330228	84.1395	30.0821	0
0.04	0.01	0.00330228	90.1571	28.1724	0
0.04	0.01	0.00330228	96.6051	25.9541	0
0.04	0.01	0.00360798	0.103514	284.931	0
0.04	0.01	0.00360798	0.110917	283.957	0
0.04	0.01	0.00360798	0.11885	282.845	0
0.04	0.01	0.00360798	0.12735	281.575	0
0.04	0.01	0.00360798	0.136458	280.128	0
0.04	0.01	0.00360798	0.146218	278.479	0
0.04	0.01	0.00360798	0.156675	276.604	0
0.04	0.01	0.00360798	0.16788	274.473	0
0.04	0.01	0.00360798	0.179887	272.055	0
0.04	0.01	0.00360798	0.192752	269.318	0
0.04	0.01	0.00360798	0.206538	266.224	0
0.04	0.01	0.00360798	0.221309	262.735	0
0.04	0.01	0.00360798	0.237137	258.812	0
0.04	0.01	0.00360798	0.254097	254.413	0
0.04	0.01	0.00360798	0.27227	249.497	0
0.04	0.01	0.00360798	0.291743	244.026	0
0.04	0.01	0.00360798	0.312608	237.963	0
0.04	0.01	0.00360798	0.334965	231.279	0
0.04	0.01	0.00360798	0.358922	223.951	0
0.04	0.01	0.00360798	0.384592	215.97	0
0.04	0.01	0.00360798	0.412098	207.34	0
0.04	0.01	0.00360798	0.44157	198.087	0
0.04	0.01	0.00360798	0.473151	188.256	0
0.04	0.01	0.00360798	0.506991	177.92	0
0.04	0.01	0.00360798	0.54325	167.177	0
0.04	0.01	0.00360798	0.582103	156.155	0
0.04	0.01	0.00360798	0.623735	145.005	0
0.04	0.01	0.00360798	0.668344	133.9	0
0.04	0.01	0.00360798	0.716143	123.026	0
0.04	0.01	0.00360798	0.767361	112.573	0
0.04	0.01	0.00360798	0.822243	102.723	0
0.04	0.01	0.00360798	0.881049	93.6364	0
0.04	0.01	0.00360798	0.944061	85.4485	0
0.04	0.01	0.00360798	1.01158	78.258	0
0.04	0.01	0.00360798	1.08393	72.1265	0
0.04	0.01	0.00360798	1.16145	67.0808	0
0.04	0.01	0.00360798	1.24451	63.1161	0
0.04	0.01	0.00360798	1.33352	60.2019	0
0.04	0.01	0.00360798	1.42889	58.288	0
0.04	0.01	0.00360798	1.53109	57.3117	0
0.04	0.01	0.00360798	1.64059	57.2066	0
0.04	0.01	0.00360798	1.75792	57.9084	0
0.04	0.01	0.00360798	1.88365	59.3499	0
0.04	0.01	0.00360798	2.01837	61.4357	0
0.04	0.01	0.00360798	2.16272	63.9947	0
0.04	0.01	0.00360798	2.31739	66.7109	0
0.04	0.01	0.00360798	2.48313	69.0377	0
0.04	0.01	0.00360798	2.66073	70.1505	0
0.04	0.01	0.00360798	2.85102	69.079	0
0.04	0.01	0.00360798	3.05492	65.1272	0
0.04	0.01	0.00360798	3.27341	58.3923	0
0.04	0.01	0.00360798	3.50752	49.9176	0
0.04	0.01	0.00360798	3.75837	41.2402	0
0.04	0.01	0.00360798	4.02717	33.5381	0
0.04	0.01	0.00360798	4.31519	26.8831	0
0.04	0.01	0.00360798	4.62381	20.3533	0
0.04	0.01	0.00360798	4.9545	13.2869	0
0.04	0.01	0.00360798	5.30884	6.34685	0
0.04	0.01	0.00360798	5.68853	1.33566	0
0.04	0.01	0.00360798	6.09537	0.138634	0
0.04	0.01	0.00360798	6.53131	3.96339	0
0.04	0.01	0.00360798	6.99842	13.5428	0
0.04	0.01	0.00360798	7.49894	27.0591	0
0.04	0.01	0.00360798	8.03526	38.8384	0
0.04	0.01	0.00360798	8.60994	45.1942	0
0.04	0.01	0.00360798	9.22571	46.9835	0
0.04	0.01	0.00360798	9.88553	47.362	0
0.04	0.01	0.00360798	10.5925	48.9816	0
0.04	0.01	0.00360798	11.3501	52.6827	0
0.04	0.01	0.00360798	12.1619	59.1203	0
0.04	0.01	0.00360798	13.0317	66.8925	0
0.04	0.01	0.00360798	13.9637	70.7402	0
0.04	0.01	0.00360798	14.9624	66.9844	0
0.04	0.01	0.00360798	16.0325	59.8763	0
0.04	0.01	0.00360798	17.1791	55.9492	0
0.04	0.01	0.00360798	18.4077	56.0045	0
0.04	0.01	0.00360798	19.7242	54.6229	0
0.04	0.01	0.00360798	21.1349	49.6219	0
0.04	0.01	0.00360798	22.6464	44.1221	0
0.04	0.01	0.00360798	24.2661	38.9774	0
0.04	0.01	0.00360798	26.0016	35.8227	0
0.04	0.01	0.00360798	27.8612	33.4953	0
0.04	0.01	0.00360798	29.8538	30.833	0
0.04	0.01	0.00360798	31.989	31.76	0
0.04	0.01	0.00360798	34.2768	33.3768	0
0.04	0.01	0.00360798	36.7282	36.0748	0
0.04	0.01	0.00360798	39.355	43.1663	0
0.04	0.01	0.00360798	42.1697	44.5729	0
0.04	0.01	0.00360798	45.1856	47.4691	0
0.04	0.01	0.00360798	48.4172	49.1601	0
0.04	0.01	0.00360798	51.88	46.5819	0
0.04	0.01	0.00360798	55.5904	44.0746	0
0.04	0.01	0.00360798	59.5662	32.8814	0
0.04	0.01	0.00360798	63.8263	26.2053	0
0.04	0.01	0.00360798	68.3912	26.7766	0
0.04	0.01	0.00360798	73.2825	28.729	0
0.04	0.01	0.00360798	78.5236	29.9325	0
0.04	0.01	0.00360798	84.1395	30.0821	0
0.04	0.01	0.00360798	90.1571	28.1725	0
0.04	0.01	0.00360798	96.6051	25.9542	0
0.04	0.01	0.00394199	0.103514	284.931	0
0.04	0.01	0.00394199	0.110917	283.957	0
0.04	0.01	0.00394199	0.11885	282.845	0
0.04	0.01	0.00394199	0.12735	281.575	0
0.04	0.01	0.00394199	0.136458	280.128	0
0.04	0.01	0.00394199	0.146218	278.479	0
0.04	0.01	0.00394199	0.156675	276.604	0
0.04	0.01	0.00394199	0.16788	274.473	0
0.04	0.01	0.00394199	0.179887	272.055	0
0.04	0.01	0.00394199	0.192752	269.318	0
0.04	0.01	0.00394199	0.206538	266.224	0
0.04	0.01	0.00394199	0.221309	262.735	0
0.04	0.01	0.00394199	0.237137	258.812	0
0.04	0.01	0.00394199	0.254097	254.413	0
0.04	0.01	0.00394199	0.27227	249.497	0
0.04	0.01	0.00394199	0.291743	244.026	0
0.04	0.01	0.00394199	0.312608	237.963	0
0.04	0.01	0.00394199	0.334965	231.279	0
0.04	0.01	0.00394199	0.358922	223.951	0
0.04	0.01	0.00394199	0.384592	215.97	0
0.04	0.01	0.00394199	0.412098	207.34	0
0.04	0.01	0.00394199	0.44157	198.087	0
0.04	0.01	0.00394199	0.473151	188.256	0
0.04	0.01	0.00394199	0.506991	177.92	0
0.04	0.01	0.00394199	0.54325	167.177	0
0.04	0.01	0.00394199	0.582103	156.155	0
0.04	0.01	0.00394199	0.623735	145.005	0
0.04	0.01	0.00394199	0.668344	133.9	0
0.04	0.01	0.00394199	0.716143	123.027	0
0.04	0.01	0.00394199	0.767361	112.574	0
0.04	0.01	0.00394199	0.822243	102.723	0
0.04	0.01	0.00394199	0.881049	93.6364	0
0.04	0.01	0.00394199	0.944061	85.4486	0
0.04	0.01	0.00394199	1.01158	78.258	0
0.04	0.01	0.00394199	1.08393	72.1266	0
0.04	0.01	0.00394199	1.16145	67.0808	0
0.04	0.01	0.00394199	1.24451	63.1161	0
0.04	0.01	0.00394199	1.33352	60.2019	0
0.04	0.01	0.00394199	1.42889	58.288	0
0.04	0.01	0.00394199	1.53109	57.3117	0
0.04	0.01	0.00394199	1.64059	57.2066	0
0.04	0.01	0.00394199	1.75792	57.9084	0
0.04	0.01	0.00394199	1.88365	59.3499	0
0.04	0.01	0.00394199	2.01837	61.4357	0
0.04	0.01	0.00394199	2.16272	63.9947	0
0.04	0.01	0.00394199	2.31739	66.7109	0
0.04	0.01	0.00394199	2.48313	69.0376	0
0.04	0.01	0.00394199	2.66073	70.1505	0
0.04	0.01	0.00394199	2.85102	69.079	0
0.04	0.01	0.00394199	3.05492	65.1271	0
0.04	0.01	0.00394199	3.27341	58.3922	0
0.04	0.01	0.00394199	3.50752	49.9175	0
0.04	0.01	0.00394199	3.75837	41.24	0
0.04	0.01	0.00394199	4.02717	33.538	0
0.04	0.01	0.00394199	4.31519	26.883	0
0.04	0.01	0.00394199	4.62381	20.3532	0
0.04	0.01	0.00394199	4.9545	13.2869	0
0.04	0.01	0.00394199	5.30884	6.34688	0
0.04	0.01	0.00394199	5.68853	1.33568	0
0.04	0.01	0.00394199	6.09537	0.138606	0
0.04	0.01	0.00394199	6.53131	3.9633	0
0.04	0.01	0.00394199	6.99842	13.5426	0
0.04	0.01	0.00394199	7.49894	27.0589	0
0.04	0.01	0.00394199	8.03526	38.8382	0
0.04	0.01	0.00394199	8.60994	45.194	0
0.04	0.01	0.00394199	9.22571	46.9834	0
0.04	0.01	0.00394199	9.88553	47.3619	0
0.04	0.01	0.00394199	10.5925	48.9816	0
0.04	0.01	0.00394199	11.3501	52.6829	0
0.04	0.01	0.00394199	12.1619	59.1205	0
0.04	0.01	0.00394199	13.0317	66.8929	0
0.04	0.01	0.00394199	13.9637	70.7405	0
0.04	0.01	0.00394199	14.9624	66.9847	0
0.04	0.01	0.00394199	16.0325	59.8765	0
0.04	0.01	0.00394199	17.1791	55.9493	0
0.04	0.01	0.00394199	18.4077	56.0046	0
0.04	0.01	0.00394199	19.7242	54.623	0
0.04	0.01	0.00394199	21.1349	49.622	0
0.04	0.01	0.00394199	22.6464	44.1223	0
0.04	0.01	0.00394199	24.2661	38.9776	0
0.04	0.01	0.00394199	26.0016	35.8229	0
0.04	0.01	0.00394199	27.8612	33.4954	0
0.04	0.01	0.00394199	29.8538	30.833	0
0.04	0.01	0.00394199	31.989	31.76	0
0.04	0.01	0.00394199	34.2768	33.3768	0
0.04	0.01	0.00394199	36.7282	36.0748	0
0.04	0.01	0.00394199	39.355	43.1663	0
0.04	0.01	0.00394199	42.1697	44.573	0
0.04	0.01	0.00394199	45.1856	47.4692	0
0.04	0.01	0.00394199	48.4172	49.1603	0
0.04	0.01	0.00394199	51.88	46.582	0
0.04	0.01	0.00394199	55.5904	44.0746	0
0.04	0.01	0.00394199	59.5662	32.8815	0
0.04	0.01	0.00394199	63.8263	26.2054	0
0.04	0.01	0.00394199	68.3912	26.7767	0
0.04	0.01	0.00394199	73.2825	28.7291	0
0.04	0.01	0.00394199	78.5236	29.9326	0
0.04	0.01	0.00394199	84.1395	30.0822	0
0.04	0.01	0.00394199	90.1571	28.1726	0
0.04	0.01	0.00394199	96.6051	25.9543	0
0.04	0.01	0.00430692	0.103514	284.931	0
0.04	0.01	0.00430692	0.110917	283.957	0
0.04	0.01	0.00430692	0.11885	282.845	0
0.04	0.01	0.00430692	0.12735	281.575	0
0.04	0.01	0.00430692	0.136458	280.128	0
0.04	0.01	0.00430692	0.146218	278.479	0
0.04	0.01	0.00430692	0.156675	276.604	0
0.04	0.01	0.00430692	0.16788	274.473	0
0.04	0.01	0.00430692	0.179887	272.055	0
0.04	0.01	0.00430692	0.192752	269.318	0
0.04	0.01	0.00430692	0.206538	266.224	0
0.04	0.01	0.00430692	0.221309	262.735	0
0.04	0.01	0.00430692	0.237137	258.812	0
0.04	0.01	0.00430692	0.254097	254.413	0
0.04	0.01	0.00430692	0.27227	249.497	0
0.04	0.01	0.00430692	0.291743	244.026	0
0.04	0.01	0.00430692	0.312608	237.963	0
0.04	0.01	0.00430692	0.334965	231.279	0
0.04	0.01	0.00430692	0.358922	223.951	0
0.04	0.01	0.00430692	0.384592	215.97	0
0.04	0.01	0.00430692	0.412098	207.34	0
0.04	0.01	0.00430692	0.44157	198.087	0
0.04	0.01	0.00430692	0.473151	188.256	0
0.04	0.01	0.00430692	0.506991	177.92	0
0.04	0.01	0.00430692	0.54325	167.177	0
0.04	0.01	0.00430692	0.582103	156.155	0
0.04	0.01	0.00430692	0.623735	145.005	0
0.04	0.01	0.00430692	0.668344	133.9	0
0.04	0.01	0.00430692	0.716143	123.027	0
0.04	0.01	0.00430692	0.767361	112.574	0
0.04	0.01	0.00430692	0.822243	102.723	0
0.04	0.01	0.00430692	0.881049	93.6364	0
0.04	0.01	0.00430692	0.944061	85.4486	0
0.04	0.01	0.00430692	1.01158	78.258	0
0.04	0.01	0.00430692	1.08393	72.1266	0
0.04	0.01	0.00430692	1.16145	67.0808	0
0.04	0.01	0.00430692	1.24451	63.1161	0
0.04	0.01	0.00430692	1.33352	60.2019	0
0.04	0.01	0.00430692	1.42889	58.288	0
0.04	0.01	0.00430692	1.53109	57.3117	0
0.04	0.01	0.00430692	1.64059	57.2066	0
0.04	0.01	0.00430692	1.75792	57.9084	0
0.04	0.01	0.00430692	1.88365	59.3499	0
0.04	0.01	0.00430692	2.01837	61.4356	0
0.04	0.01	0.00430692	2.16272	63.9947	0
0.04	0.01	0.00430692	2.31739	66.7109	0
0.04	0.01	0.00430692	2.48313	69.0375	0
0.04	0.01	0.00430692	2.66073	70.1504	0
0.04	0.01	0.00430692	2.85102	69.0789	0
0.04	0.01	0.00430692	3.05492	65.127	0
0.04	0.01	0.00430692	3.27341	58.3921	0
0.04	0.01	0.00430692	3.50752	49.9174	0
0.04	0.01	0.00430692	3.75837	41.2399	0
0.04	0.01	0.00430692	4.02717	33.5379	0
0.04	0.01	0.00430692	4.31519	26.883	0
0.04	0.01	0.00430692	4.62381	20.3532	0
0.04	0.01	0.00430692	4.9545	13.2869	0
0.04	0.01	0.00430692	5.30884	6.34691	0
0.04	0.01	0.00430692	5.68853	1.33569	0
0.04	0.01	0.00430692	6.09537	0.138574	0
0.04	0.01	0.00430692	6.53131	3.96321	0
0.04	0.01	0.00430692	6.99842	13.5425	0
0.04	0.01	0.00430692	7.49894	27.0587	0
0.04	0.01	0.00430692	8.03526	38.8379	0
0.04	0.01	0.00430692	8.60994	45.1938	0
0.04	0.01	0.00430692	9.22571	46.9832	0
0.04	0.01	0.00430692	9.88553	47.3618	0
0.04	0.01	0.00430692	10.5925	48.9817	0
0.04	0.01	0.00430692	11.3501	52.6831	0
0.04	0.01	0.00430692	12.1619	59.1209	0
0.04	0.01	0.00430692	13.0317	66.8932	0
0.04	0.01	0.00430692	13.9637	70.7409	0
0.04	0.01	0.00430692	14.9624	66.985	0
0.04	0.01	0.00430692	16.0325	59.8768	0
0.04	0.01	0.00430692	17.1791	55.9494	0
0.04	0.01	0.00430692	18.4077	56.0047	0
0.04	0.01	0.00430692	19.7242	54.6231	0
0.04	0.01	0.00430692	21.1349	49.6221	0
0.04	0.01	0.00430692	22.6464	44.1224	0
0.04	0.01	0.00430692	24.2661	38.9777	0
0.04	0.01	0.00430692	26.0016	35.823	0
0.04	0.01	0.00430692	27.8612	33.4955	0
0.04	0.01	0.00430692	29.8538	30.8331	0
0.04	0.01	0.00430692	31.989	31.76	0
0.04	0.01	0.00430692	34.2768	33.3768	0
0.04	0.01	0.00430692	36.7282	36.0748	0
0.04	0.01	0.00430692	39.355	43.1664	0
0.04	0.01	0.00430692	42.1697	44.5731	0
0.04	0.01	0.00430692	45.1856	47.4694	0
0.04	0.01	0.00430692	48.4172	49.1605	0
0.04	0.01	0.00430692	51.88	46.5821	0
0.04	0.01	0.00430692	55.5904	44.0747	0
0.04	0.01	0.00430692	59.5662	32.8815	0
0.04	0.01	0.00430692	63.8263	26.2054	0
0.04	0.01	0.00430692	68.3912	26.7767	0
0.04	0.01	0.00430692	73.2825	28.7291	0
0.04	0.01	0.00430692	78.5236	29.9326	0
0.04	0.01	0.00430692	84.1395	30.0822	0
0.04	0.01	0.00430692	90.1571	28.1726	0
0.04	0.01	0.00430692	96.6051	25.9543	0
0.04	0.01	0.00470563	0.103514	284.931	0
0.04	0.01	0.00470563	0.110917	283.957	0
0.04	0.01	0.00470563	0.11885	282.845	0
0.04	0.01	0.00470563	0.12735	281.575	0
0.04	0.01	0.00470563	0.136458	280.128	0
0.04	0.01	0.00470563	0.146218	278.479	0
0.04	0.01	0.00470563	0.156675	276.604	0
0.04	0.01	0.00470563	0.16788	274.473	0
0.04	0.01	0.00470563	0.179887	272.055	0
0.04	0.01	0.00470563	0.192752	269.318	0
0.04	0.01	0.00470563	0.206538	266.224	0
0.04	0.01	0.00470563	0.221309	262.735	0
0.04	0.01	0.00470563	0.237137	258.812	0
0.04	0.01	0.00470563	0.254097	254.413	0
0.04	0.01	0.00470563	0.27227	249.497	0
0.04	0.01	0.00470563	0.291743	244.026	0
0.04	0.01	0.00470563	0.312608	237.963	0
0.04	0.01	0.00470563	0.334965	231.279	0
0.04	0.01	0.00470563	0.358922	223.951	0
0.04	0.01	0.00470563	0.384592	215.97	0
0.04	0.01	0.00470563	0.412098	207.34	0
0.04	0.01	0.00470563	0.44157	198.087	0
0.04	0.01	0.00470563	0.473151	188.256	0
0.04	0.01	0.00470563	0.506991	177.92	0
0.04	0.01	0.00470563	0.54325	167.177	0
0.04	0.01	0.00470563	0.582103	156.155	0
0.04	0.01	0.00470563	0.623735	145.005	0
0.04	0.01	0.00470563	0.668344	133.9	0
0.04	0.01	0.00470563	0.716143	123.027	0
0.04	0.01	0.00470563	0.767361	112.574	0
0.04	0.01	0.00470563	0.822243	102.723	0
0.04	0.01	0.00470563	0.881049	93.6365	0
0.04	0.01	0.00470563	0.944061	85.4486	0
0.04	0.01	0.00470563	1.01158	78.258	0
0.04	0.01	0.00470563	1.08393	72.1266	0
0.04	0.01	0.00470563	1.16145	67.0808	0
0.04	0.01	0.00470563	1.24451	63.1161	0
0.04	0.01	0.00470563	1.33352	60.2019	0
0.04	0.01	0.00470563	1.42889	58.288	0
0.04	0.01	0.00470563	1.53109	57.3117	0
0.04	0.01	0.00470563	1.64059	57.2066	0
0.04	0.01	0.00470563	1.75792	57.9084	0
0.04	0.01	0.00470563	1.88365	59.3499	0
0.04	0.01	0.00470563	2.01837	61.4356	0
0.04	0.01	0.00470563	2.16272	63.9946	0
0.04	0.01	0.00470563	2.31739	66.7108	0
0.04	0.01	0.00470563	2.48313	69.0375	0
0.04	0.01	0.00470563	2.66073	70.1503	0
0.04	0.01	0.00470563	2.85102	69.0788	0
0.04	0.01	0.00470563	3.05492	65.1269	0
0.04	0.01	0.00470563	3.27341	58.3919	0
0.04	0.01	0.00470563	3.50752	49.9172	0
0.04	0.01	0.00470563	3.75837	41.2398	0
0.04	0.01	0.00470563	4.02717	33.5377	0
0.04	0.01	0.00470563	4.31519	26.8829	0
0.04	0.01	0.00470563	4.62381	20.3532	0
0.04	0.01	0.00470563	4.9545	13.287	0
0.04	0.01	0.00470563	5.30884	6.34694	0
0.04	0.01	0.00470563	5.68853	1.33571	0
0.04	0.01	0.00470563	6.09537	0.13854	0
0.04	0.01	0.00470563	6.53131	3.96311	0
0.04	0.01	0.00470563	6.99842	13.5423	0
0.04	0.01	0.00470563	7.49894	27.0585	0
0.04	0.01	0.00470563	8.03526	38.8377	0
0.04	0.01	0.00470563	8.60994	45.1935	0
0.04	0.01	0.00470563	9.22571	46.983	0
0.04	0.01	0.00470563	9.88553	47.3618	0
0.04	0.01	0.00470563	10.5925	48.9818	0
0.04	0.01	0.00470563	11.3501	52.6833	0
0.04	0.01	0.00470563	12.1619	59.1212	0
0.04	0.01	0.00470563	13.0317	66.8937	0
0.04	0.01	0.00470563	13.9637	70.7414	0
0.04	0.01	0.00470563	14.9624	66.9854	0
0.04	0.01	0.00470563	16.0325	59.877	0
0.04	0.01	0.00470563	17.1791	55.9496	0
0.04	0.01	0.00470563	18.4077	56.0048	0
0.04	0.01	0.00470563	19.7242	54.6232	0
0.04	0.01	0.00470563	21.1349	49.6223	0
0.04	0.01	0.00470563	22.6464	44.1225	0
0.04	0.01	0.00470563	24.2661	38.9779	0
0.04	0.01	0.00470563	26.0016	35.8232	0
0.04	0.01	0.00470563	27.8612	33.4956	0
0.04	0.01	0.00470563	29.8538	30.8331	0
0.04	0.01	0.00470563	31.989	31.76	0
0.04	0.01	0.00470563	34.2768	33.3768	0
0.04	0.01	0.00470563	36.7282	36.0748	0
0.04	0.01	0.00470563	39.355	43.1664	0
0.04	0.01	0.00470563	42.1697	44.5732	0
0.04	0.01	0.00470563	45.1856	47.4695	0
0.04	0.01	0.00470563	48.4172	49.1607	0
0.04	0.01	0.00470563	51.88	46.5822	0
0.04	0.01	0.00470563	55.5904	44.0748	0
0.04	0.01	0.00470563	59.5662	32.8816	0
0.04	0.01	0.00470563	63.8263	26.2055	0
0.04	0.01	0.00470563	68.3912	26.7768	0
0.04	0.01	0.00470563	73.2825	28.7291	0
0.04	0.01	0.00470563	78.5236	29.9326	0
0.04	0.01	0.00470563	84.1395	30.0823	0
0.04	0.01	0.00470563	90.1571	28.1727	0
0.04	0.01	0.00470563	96.6051	25.9544	0
0.04	0.01	0.00514125	0.103514	284.931	0
0.04	0.01	0.00514125	0.110917	283.957	0
0.04	0.01	0.00514125	0.11885	282.845	0
0.04	0.01	0.00514125	0.12735	281.575	0
0.04	0.01	0.00514125	0.136458	280.128	0
0.04	0.01	0.00514125	0.146218	278.479	0
0.04	0.01	0.00514125	0.156675	276.604	0
0.04	0.01	0.00514125	0.16788	274.473	0
0.04	0.01	0.00514125	0.179887	272.055	0
0.04	0.01	0.00514125	0.192752	269.318	0
0.04	0.01	0.00514125	0.206538	266.224	0
0.04	0.01	0.00514125	0.221309	262.735	0
0.04	0.01	0.00514125	0.237137	258.812	0
0.04	0.01	0.00514125	0.254097	254.413	0
0.04	0.01	0.00514125	0.27227	249.497	0
0.04	0.01	0.00514125	0.291743	244.026	0
0.04	0.01	0.00514125	0.312608	237.963	0
0.04	0.01	0.00514125	0.334965	231.279	0
0.04	0.01	0.00514125	0.358922	223.951	0
0.04	0.01	0.00514125	0.384592	215.97	0
0.04	0.01	0.00514125	0.412098	207.34	0
0.04	0.01	0.00514125	0.44157	198.087	0
0.04	0.01	0.00514125	0.473151	188.256	0
0.04	0.01	0.00514125	0.506991	177.92	0
0.04	0.01	0.00514125	0.54325	167.177	0
0.04	0.01	0.00514125	0.582103	156.155	0
0.04	0.01	0.00514125	0.623735	145.005	0
0.04	0.01	0.00514125	0.668344	133.9	0
0.04	0.01	0.00514125	0.716143	123.027	0
0.04	0.01	0.00514125	0.767361	112.574	0
0.04	0.01	0.00514125	0.822243	102.723	0
0.04	0.01	0.00514125	0.881049	93.6365	0
0.04	0.01	0.00514125	0.944061	85.4486	0
0.04	0.01	0.00514125	1.01158	78.258	0
0.04	0.01	0.00514125	1.08393	72.1266	0
0.04	0.01	0.00514125	1.16145	67.0809	0
0.04	0.01	0.00514125	1.24451	63.1161	0
0.04	0.01	0.00514125	1.33352	60.2019	0
0.04	0.01	0.00514125	1.42889	58.288	0
0.04	0.01	0.00514125	1.53109	57.3117	0
0.04	0.01	0.00514125	1.64059	57.2066	0
0.04	0.01	0.00514125	1.75792	57.9084	0
0.04	0.01	0.00514125	1.88365	59.3499	0
0.04	0.01	0.00514125	2.01837	61.4356	0
0.04	0.01	0.00514125	2.16272	63.9946	0
0.04	0.01	0.00514125	2.31739	66.7108	0
0.04	0.01	0.00514125	2.48313	69.0374	0
0.04	0.01	0.00514125	2.66073	70.1502	0
0.04	0.01	0.00514125	2.85102	69.0787	0
0.04	0.01	0.00514125	3.05492	65.1268	0
0.04	0.01	0.00514125	3.27341	58.3918	0
0.04	0.01	0.00514125	3.50752	49.9171	0
0.04	0.01	0.00514125	3.75837	41.2396	0
0.04	0.01	0.00514125	4.02717	33.5376	0
0.04	0.01	0.00514125	4.31519	26.8828	0
0.04	0.01	0.00514125	4.62381	20.3532	0
0.04	0.01	0.00514125	4.9545	13.287	0
0.04	0.01	0.00514125	5.30884	6.34698	0
0.04	0.01	0.00514125	5.68853	1.33572	0
0.04	0.01	0.00514125	6.09537	0.138503	0
0.04	0.01	0.00514125	6.53131	3.96299	0
0.04	0.01	0.00514125	6.99842	13.5421	0
0.04	0.01	0.00514125	7.49894	27.0582	0
0.04	0.01	0.00514125	8.03526	38.8374	0
0.04	0.01	0.00514125	8.60994	45.1933	0
0.04	0.01	0.00514125	9.22571	46.9829	0
0.04	0.01	0.00514125	9.88553	47.3617	0
0.04	0.01	0.00514125	10.5925	48.9818	0
0.04	0.01	0.00514125	11.3501	52.6835	0
0.04	0.01	0.00514125	12.1619	59.1216	0
0.04	0.01	0.00514125	13.0317	66.8941	0
0.04	0.01	0.00514125	13.9637	70.7418	0
0.04	0.01	0.00514125	14.9624	66.9858	0
0.04	0.01	0.00514125	16.0325	59.8773	0
0.04	0.01	0.00514125	17.1791	55.9497	0
0.04	0.01	0.00514125	18.4077	56.0049	0
0.04	0.01	0.00514125	19.7242	54.6233	0
0.04	0.01	0.00514125	21.1349	49.6224	0
0.04	0.01	0.00514125	22.6464	44.1227	0
0.04	0.01	0.00514125	24.2661	38.9781	0
0.04	0.01	0.00514125	26.0016	35.8234	0
0.04	0.01	0.00514125	27.8612	33.4958	0
0.04	0.01	0.00514125	29.8538	30.8332	0
0.04	0.01	0.00514125	31.989	31.7601	0
0.04	0.01	0.00514125	34.2768	33.3768	0
0.04	0.01	0.00514125	36.7282	36.0747	0
0.04	0.01	0.00514125	39.355	43.1664	0
0.04	0.01	0.00514125	42.1697	44.5733	0
0.04	0.01	0.00514125	45.1856	47.4697	0
0.04	0.01	0.00514125	48.4172	49.1609	0
0.04	0.01	0.00514125	51.88	46.5824	0
0.04	0.01	0.00514125	55.5904	44.0748	0
0.04	0.01	0.00514125	59.5662	32.8816	0
0.04	0.01	0.00514125	63.8263	26.2056	0
0.04	0.01	0.00514125	68.3912	26.7769	0
0.04	0.01	0.00514125	73.2825	28.7292	0
0.04	0.01	0.00514125	78.5236	29.9327	0
0.04	0.01	0.00514125	84.1395	30.0823	0
0.04	0.01	0.00514125	90.1571	28.1728	0
0.04	0.01	0.00514125	96.6051	25.9545	0
0.04	0.01	0.0056172	0.103514	284.931	0
0.04	0.01	0.0056172	0.110917	283.957	0
0.04	0.01	0.0056172	0.11885	282.845	0
0.04	0.01	0.0056172	0.12735	281.575	0
0.04	0.01	0.0056172	0.136458	280.128	0
0.04	0.01	0.0056172	0.146218	278.479	0
0.04	0.01	0.0056172	0.156675	276.604	0
0.04	0.01	0.0056172	0.16788	274.473	0
0.04	0.01	0.0056172	0.179887	272.055	0
0.04	0.01	0.0056172	0.192752	269.318	0
0.04	0.01	0.0056172	0.206538	266.224	0
0.04	0.01	0.0056172	0.221309	262.735	0
0.04	0.01	0.0056172	0.237137	258.812	0
0.04	0.01	0.0056172	0.254097	254.413	0
0.04	0.01	0.0056172	0.27227	249.497	0
0.04	0.01	0.0056172	0.291743	244.026	0
0.04	0.01	0.0056172	0.312608	237.963	0
0.04	0.01	0.0056172	0.334965	231.279	0
0.04	0.01	0.0056172	0.358922	223.951	0
0.04	0.01	0.0056172	0.384592	215.97	0
0.04	0.01	0.0056172	0.412098	207.34	0
0.04	0.01	0.0056172	0.44157	198.087	0
0.04	0.01	0.0056172	0.473151	188.256	0
0.04	0.01	0.0056172	0.506991	177.92	0
0.04	0.01	0.0056172	0.54325	167.177	0
0.04	0.01	0.0056172	0.582103	156.155	0
0.04	0.01	0.0056172	0.623735	145.005	0
0.04	0.01	0.0056172	0.668344	133.9	0
0.04	0.01	0.0056172	0.716143	123.027	0
0.04	0.01	0.0056172	0.767361	112.574	0
0.04	0.01	0.0056172	0.822243	102.723	0
0.04	0.01	0.0056172	0.881049	93.6365	0
0.04	0.01	0.0056172	0.944061	85.4486	0
0.04	0.01	0.0056172	1.01158	78.258	0
0.04	0.01	0.0056172	1.08393	72.1266	0
0.04	0.01	0.0056172	1.16145	67.0809	0
0.04	0.01	0.0056172	1.24451	63.1161	0
0.04	0.01	0.0056172	1.33352	60.2019	0
0.04	0.01	0.0056172	1.42889	58.288	0
0.04	0.01	0.0056172	1.53109	57.3117	0
0.04	0.01	0.0056172	1.64059	57.2066	0
0.04	0.01	0.0056172	1.75792	57.9084	0
0.04	0.01	0.0056172	1.88365	59.3498	0
0.04	0.01	0.0056172	2.01837	61.4355	0
0.04	0.01	0.0056172	2.16272	63.9945	0
0.04	0.01	0.0056172	2.31739	66.7107	0
0.04	0.01	0.0056172	2.48313	69.0373	0
0.04	0.01	0.0056172	2.66073	70.1501	0
0.04	0.01	0.0056172	2.85102	69.0785	0
0.04	0.01	0.0056172	3.05492	65.1266	0
0.04	0.01	0.0056172	3.27341	58.3916	0
0.04	0.01	0.0056172	3.50752	49.9169	0
0.04	0.01	0.0056172	3.75837	41.2394	0
0.04	0.01	0.0056172	4.02717	33.5375	0
0.04	0.01	0.0056172	4.31519	26.8827	0
0.04	0.01	0.0056172	4.62381	20.3531	0
0.04	0.01	0.0056172	4.9545	13.287	0
0.04	0.01	0.0056172	5.30884	6.34702	0
0.04	0.01	0.0056172	5.68853	1.33574	0
0.04	0.01	0.0056172	6.09537	0.138462	0
0.04	0.01	0.0056172	6.53131	3.96287	0
0.04	0.01	0.0056172	6.99842	13.5419	0
0.04	0.01	0.0056172	7.49894	27.0579	0
0.04	0.01	0.0056172	8.03526	38.8371	0
0.04	0.01	0.0056172	8.60994	45.193	0
0.04	0.01	0.0056172	9.22571	46.9826	0
0.04	0.01	0.0056172	9.88553	47.3616	0
0.04	0.01	0.0056172	10.5925	48.9819	0
0.04	0.01	0.0056172	11.3501	52.6838	0
0.04	0.01	0.0056172	12.1619	59.122	0
0.04	0.01	0.0056172	13.0317	66.8946	0
0.04	0.01	0.0056172	13.9637	70.7424	0
0.04	0.01	0.0056172	14.9624	66.9863	0
0.04	0.01	0.0056172	16.0325	59.8776	0
0.04	0.01	0.0056172	17.1791	55.9499	0
0.04	0.01	0.0056172	18.4077	56.005	0
0.04	0.01	0.0056172	19.7242	54.6234	0
0.04	0.01	0.0056172	21.1349	49.6226	0
0.04	0.01	0.0056172	22.6464	44.1229	0
0.04	0.01	0.0056172	24.2661	38.9783	0
0.04	0.01	0.0056172	26.0016	35.8236	0
0.04	0.01	0.0056172	27.8612	33.4959	0
0.04	0.01	0.0056172	29.8538	30.8333	0
0.04	0.01	0.0056172	31.989	31.7601	0
0.04	0.01	0.0056172	34.2768	33.3768	0
0.04	0.01	0.0056172	36.7282	36.0747	0
0.04	0.01	0.0056172	39.355	43.1664	0
0.04	0.01	0.0056172	42.1697	44.5734	0
0.04	0.01	0.0056172	45.1856	47.47	0
0.04	0.01	0.0056172	48.4172	49.1611	0
0.04	0.01	0.0056172	51.88	46.5825	0
0.04	0.01	0.0056172	55.5904	44.0749	0
0.04	0.01	0.0056172	59.5662	32.8817	0
0.04	0.01	0.0056172	63.8263	26.2057	0
0.04	0.01	0.0056172	68.3912	26.7769	0
0.04	0.01	0.0056172	73.2825	28.7293	0
0.04	0.01	0.0056172	78.5236	29.9327	0
0.04	0.01	0.0056172	84.1395	30.0824	0
0.04	0.01	0.0056172	90.1571	28.1729	0
0.04	0.01	0.0056172	96.6051	25.9547	0
0.04	0.01	0.0061372	0.103514	284.931	0
0.04	0.01	0.0061372	0.110917	283.957	0
0.04	0.01	0.0061372	0.11885	282.845	0
0.04	0.01	0.0061372	0.12735	281.575	0
0.04	0.01	0.0061372	0.136458	280.128	0
0.04	0.01	0.0061372	0.146218	278.479	0
0.04	0.01	0.0061372	0.156675	276.604	0
0.04	0.01	0.0061372	0.16788	274.473	0
0.04	0.01	0.0061372	0.179887	272.055	0
0.04	0.01	0.0061372	0.192752	269.318	0
0.04	0.01	0.0061372	0.206538	266.224	0
0.04	0.01	0.0061372	0.221309	262.735	0
0.04	0.01	0.0061372	0.237137	258.812	0
0.04	0.01	0.0061372	0.254097	254.413	0
0.04	0.01	0.0061372	0.27227	249.497	0
0.04	0.01	0.0061372	0.291743	244.026	0
0.04	0.01	0.0061372	0.312608	237.963	0
0.04	0.01	0.0061372	0.334965	231.279	0
0.04	0.01	0.0061372	0.358922	223.951	0
0.04	0.01	0.0061372	0.384592	215.97	0
0.04	0.01	0.0061372	0.412098	207.34	0
0.04	0.01	0.0061372	0.44157	198.087	0
0.04	0.01	0.0061372	0.473151	188.256	0
0.04	0.01	0.0061372	0.506991	177.92	0
0.04	0.01	0.0061372	0.54325	167.177	0
0.04	0.01	0.0061372	0.582103	156.155	0
0.04	0.01	0.0061372	0.623735	145.005	0
0.04	0.01	0.0061372	0.668344	133.9	0
0.04	0.01	0.0061372	0.716143	123.027	0
0.04	0.01	0.0061372	0.767361	112.574	0
0.04	0.01	0.0061372	0.822243	102.723	0
0.04	0.01	0.0061372	0.881049	93.6365	0
0.04	0.01	0.0061372	0.944061	85.4487	0
0.04	0.01	0.0061372	1.01158	78.2581	0
0.04	0.01	0.0061372	1.08393	72.1266	0
0.04	0.01	0.0061372	1.16145	67.0809	0
0.04	0.01	0.0061372	1.24451	63.1161	0
0.04	0.01	0.0061372	1.33352	60.2019	0
0.04	0.01	0.0061372	1.42889	58.288	0
0.04	0.01	0.0061372	1.53109	57.3117	0
0.04	0.01	0.0061372	1.64059	57.2065	0
0.04	0.01	0.0061372	1.75792	57.9083	0
0.04	0.01	0.0061372	1.88365	59.3498	0
0.04	0.01	0.0061372	2.01837	61.4355	0
0.04	0.01	0.0061372	2.16272	63.9945	0
0.04	0.01	0.0061372	2.31739	66.7106	0
0.04	0.01	0.0061372	2.48313	69.0373	0
0.04	0.01	0.0061372	2.66073	70.15	0
0.04	0.01	0.0061372	2.85102	69.0784	0
0.04	0.01	0.0061372	3.05492	65.1265	0
0.04	0.01	0.0061372	3.27341	58.3914	0
0.04	0.01	0.0061372	3.50752	49.9167	0
0.04	0.01	0.0061372	3.75837	41.2393	0
0.04	0.01	0.0061372	4.02717	33.5373	0
0.04	0.01	0.0061372	4.31519	26.8826	0
0.04	0.01	0.0061372	4.62381	20.3531	0
0.04	0.01	0.0061372	4.9545	13.287	0
0.04	0.01	0.0061372	5.30884	6.34706	0
0.04	0.01	0.0061372	5.68853	1.33576	0
0.04	0.01	0.0061372	6.09537	0.138417	0
0.04	0.01	0.0061372	6.53131	3.96274	0
0.04	0.01	0.0061372	6.99842	13.5417	0
0.04	0.01	0.0061372	7.49894	27.0576	0
0.04	0.01	0.0061372	8.03526	38.8367	0
0.04	0.01	0.0061372	8.60994	45.1927	0
0.04	0.01	0.0061372	9.22571	46.9824	0
0.04	0.01	0.0061372	9.88553	47.3615	0
0.04	0.01	0.0061372	10.5925	48.982	0
0.04	0.01	0.0061372	11.3501	52.684	0
0.04	0.01	0.0061372	12.1619	59.1224	0
0.04	0.01	0.0061372	13.0317	66.8952	0
0.04	0.01	0.0061372	13.9637	70.7429	0
0.04	0.01	0.0061372	14.9624	66.9867	0
0.04	0.01	0.0061372	16.0325	59.8779	0
0.04	0.01	0.0061372	17.1791	55.9501	0
0.04	0.01	0.0061372	18.4077	56.0051	0
0.04	0.01	0.0061372	19.7242	54.6235	0
0.04	0.01	0.0061372	21.1349	49.6227	0
0.04	0.01	0.0061372	22.6464	44.1231	0
0.04	0.01	0.0061372	24.2661	38.9785	0
0.04	0.01	0.0061372	26.0016	35.8238	0
0.04	0.01	0.0061372	27.8612	33.4961	0
0.04	0.01	0.0061372	29.8538	30.8334	0
0.04	0.01	0.0061372	31.989	31.7601	0
0.04	0.01	0.0061372	34.2768	33.3768	0
0.04	0.01	0.0061372	36.7282	36.0747	0
0.04	0.01	0.0061372	39.355	43.1665	0
0.04	0.01	0.0061372	42.1697	44.5735	0
0.04	0.01	0.0061372	45.1856	47.4702	0
0.04	0.01	0.0061372	48.4172	49.1613	0
0.04	0.01	0.0061372	51.88	46.5827	0
0.04	0.01	0.0061372	55.5904	44.075	0
0.04	0.01	0.0061372	59.5662	32.8818	0
0.04	0.01	0.0061372	63.8263	26.2057	0
0.04	0.01	0.0061372	68.3912	26.777	0
0.04	0.01	0.0061372	73.2825	28.7293	0
0.04	0.01	0.0061372	78.5236	29.9328	0
0.04	0.01	0.0061372	84.1395	30.0825	0
0.04	0.01	0.0061372	90.1571	28.173	0
0.04	0.01	0.0061372	96.6051	25.9548	0
0.04	0.01	0.00670535	0.103514	284.931	0
0.04	0.01	0.00670535	0.110917	283.957	0
0.04	0.01	0.00670535	0.11885	282.845	0
0.04	0.01	0.00670535	0.12735	281.575	0
0.04	0.01	0.00670535	0.136458	280.128	0
0.04	0.01	0.00670535	0.146218	278.479	0
0.04	0.01	0.00670535	0.156675	276.604	0
0.04	0.01	0.00670535	0.16788	274.473	0
0.04	0.01	0.00670535	0.179887	272.055	0
0.04	0.01	0.00670535	0.192752	269.318	0
0.04	0.01	0.00670535	0.206538	266.224	0
0.04	0.01	0.00670535	0.221309	262.735	0
0.04	0.01	0.00670535	0.237137	258.812	0
0.04	0.01	0.00670535	0.254097	254.413	0
0.04	0.01	0.00670535	0.27227	249.497	0
0.04	0.01	0.00670535	0.291743	244.026	0
0.04	0.01	0.00670535	0.312608	237.963	0
0.04	0.01	0.00670535	0.334965	231.279	0
0.04	0.01	0.00670535	0.358922	223.951	0
0.04	0.01	0.00670535	0.384592	215.97	0
0.04	0.01	0.00670535	0.412098	207.34	0
0.04	0.01	0.00670535	0.44157	198.087	0
0.04	0.01	0.00670535	0.473151	188.256	0
0.04	0.01	0.00670535	0.506991	177.92	0
0.04	0.01	0.00670535	0.54325	167.177	0
0.04	0.01	0.00670535	0.582103	156.155	0
0.04	0.01	0.00670535	0.623735	145.005	0
0.04	0.01	0.00670535	0.668344	133.9	0
0.04	0.01	0.00670535	0.716143	123.027	0
0.04	0.01	0.00670535	0.767361	112.574	0
0.04	0.01	0.00670535	0.822243	102.723	0
0.04	0.01	0.00670535	0.881049	93.6366	0
0.04	0.01	0.00670535	0.944061	85.4487	0
0.04	0.01	0.00670535	1.01158	78.2581	0
0.04	0.01	0.00670535	1.08393	72.1267	0
0.04	0.01	0.00670535	1.16145	67.0809	0
0.04	0.01	0.00670535	1.24451	63.1161	0
0.04	0.01	0.00670535	1.33352	60.2019	0
0.04	0.01	0.00670535	1.42889	58.288	0
0.04	0.01	0.00670535	1.53109	57.3117	0
0.04	0.01	0.00670535	1.64059	57.2065	0
0.04	0.01	0.00670535	1.75792	57.9083	0
0.04	0.01	0.00670535	1.88365	59.3498	0
0.04	0.01	0.00670535	2.01837	61.4355	0
0.04	0.01	0.00670535	2.16272	63.9944	0
0.04	0.01	0.00670535	2.31739	66.7106	0
0.04	0.01	0.00670535	2.48313	69.0372	0
0.04	0.01	0.00670535	2.66073	70.1499	0
0.04	0.01	0.00670535	2.85102	69.0783	0
0.04	0.01	0.00670535	3.05492	65.1263	0
0.04	0.01	0.00670535	3.27341	58.3912	0
0.04	0.01	0.00670535	3.50752	49.9165	0
0.04	0.01	0.00670535	3.75837	41.2391	0
0.04	0.01	0.00670535	4.02717	33.5372	0
0.04	0.01	0.00670535	4.31519	26.8825	0
0.04	0.01	0.00670535	4.62381	20.3531	0
0.04	0.01	0.00670535	4.9545	13.287	0
0.04	0.01	0.00670535	5.30884	6.34711	0
0.04	0.01	0.00670535	5.68853	1.33578	0
0.04	0.01	0.00670535	6.09537	0.138369	0
0.04	0.01	0.00670535	6.53131	3.96259	0
0.04	0.01	0.00670535	6.99842	13.5414	0
0.04	0.01	0.00670535	7.49894	27.0573	0
0.04	0.01	0.00670535	8.03526	38.8364	0
0.04	0.01	0.00670535	8.60994	45.1923	0
0.04	0.01	0.00670535	9.22571	46.9821	0
0.04	0.01	0.00670535	9.88553	47.3614	0
0.04	0.01	0.00670535	10.5925	48.9821	0
0.04	0.01	0.00670535	11.3501	52.6843	0
0.04	0.01	0.00670535	12.1619	59.1229	0
0.04	0.01	0.00670535	13.0317	66.8958	0
0.04	0.01	0.00670535	13.9637	70.7435	0
0.04	0.01	0.00670535	14.9624	66.9873	0
0.04	0.01	0.00670535	16.0325	59.8783	0
0.04	0.01	0.00670535	17.1791	55.9503	0
0.04	0.01	0.00670535	18.4077	56.0053	0
0.04	0.01	0.00670535	19.7242	54.6237	0
0.04	0.01	0.00670535	21.1349	49.6229	0
0.04	0.01	0.00670535	22.6464	44.1233	0
0.04	0.01	0.00670535	24.2661	38.9787	0
0.04	0.01	0.00670535	26.0016	35.824	0
0.04	0.01	0.00670535	27.8612	33.4962	0
0.04	0.01	0.00670535	29.8538	30.8335	0
0.04	0.01	0.00670535	31.989	31.7602	0
0.04	0.01	0.00670535	34.2768	33.3768	0
0.04	0.01	0.00670535	36.7282	36.0747	0
0.04	0.01	0.00670535	39.355	43.1665	0
0.04	0.01	0.00670535	42.1697	44.5737	0
0.04	0.01	0.00670535	45.1856	47.4704	0
0.04	0.01	0.00670535	48.4172	49.1616	0
0.04	0.01	0.00670535	51.88	46.5829	0
0.04	0.01	0.00670535	55.5904	44.0751	0
0.04	0.01	0.00670535	59.5662	32.8819	0
0.04	0.01	0.00670535	63.8263	26.2058	0
0.04	0.01	0.00670535	68.3912	26.7771	0
0.04	0.01	0.00670535	73.2825	28.7294	0
0.04	0.01	0.00670535	78.5236	29.9329	0
0.04	0.01	0.00670535	84.1395	30.0826	0
0.04	0.01	0.00670535	90.1571	28.1731	0
0.04	0.01	0.00670535	96.6051	25.9549	0
0.04	0.01	0.0073261	0.103514	284.931	0
0.04	0.01	0.0073261	0.110917	283.957	0
0.04	0.01	0.0073261	0.11885	282.845	0
0.04	0.01	0.0073261	0.12735	281.575	0
0.04	0.01	0.0073261	0.136458	280.128	0
0.04	0.01	0.0073261	0.146218	278.479	0
0.04	0.01	0.0073261	0.156675	276.604	0
0.04	0.01	0.0073261	0.16788	274.473	0
0.04	0.01	0.0073261	0.179887	272.055	0
0.04	0.01	0.0073261	0.192752	269.318	0
0.04	0.01	0.0073261	0.206538	266.224	0
0.04	0.01	0.0073261	0.221309	262.735	0
0.04	0.01	0.0073261	0.237137	258.812	0
0.04	0.01	0.0073261	0.254097	254.413	0
0.04	0.01	0.0073261	0.27227	249.497	0
0.04	0.01	0.0073261	0.291743	244.026	0
0.04	0.01	0.0073261	0.312608	237.963	0
0.04	0.01	0.0073261	0.334965	231.279	0
0.04	0.01	0.0073261	0.358922	223.951	0
0.04	0.01	0.0073261	0.384592	215.97	0
0.04	0.01	0.0073261	0.412098	207.34	0
0.04	0.01	0.0073261	0.44157	198.087	0
0.04	0.01	0.0073261	0.473151	188.256	0
0.04	0.01	0.0073261	0.506991	177.92	0
0.04	0.01	0.0073261	0.54325	167.177	0
0.04	0.01	0.0073261	0.582103	156.155	0
0.04	0.01	0.0073261	0.623735	145.005	0
0.04	0.01	0.0073261	0.668344	133.9	0
0.04	0.01	0.0073261	0.716143	123.027	0
0.04	0.01	0.0073261	0.767361	112.574	0
0.04	0.01	0.0073261	0.822243	102.723	0
0.04	0.01	0.0073261	0.881049	93.6366	0
0.04	0.01	0.0073261	0.944061	85.4487	0
0.04	0.01	0.0073261	1.01158	78.2581	0
0.04	0.01	0.0073261	1.08393	72.1267	0
0.04	0.01	0.0073261	1.16145	67.0809	0
0.04	0.01	0.0073261	1.24451	63.1162	0
0.04	0.01	0.0073261	1.33352	60.2019	0
0.04	0.01	0.0073261	1.42889	58.288	0
0.04	0.01	0.0073261	1.53109	57.3117	0
0.04	0.01	0.0073261	1.64059	57.2065	0
0.04	0.01	0.0073261	1.75792	57.9083	0
0.04	0.01	0.0073261	1.88365	59.3498	0
0.04	0.01	0.0073261	2.01837	61.4354	0
0.04	0.01	0.0073261	2.16272	63.9944	0
0.04	0.01	0.0073261	2.31739	66.7105	0
0.04	0.01	0.0073261	2.48313	69.0371	0
0.04	0.01	0.0073261	2.66073	70.1498	0
0.04	0.01	0.0073261	2.85102	69.0781	0
0.04	0.01	0.0073261	3.05492	65.1261	0
0.04	0.01	0.0073261	3.27341	58.391	0
0.04	0.01	0.0073261	3.50752	49.9163	0
0.04	0.01	0.0073261	3.75837	41.2388	0
0.04	0.01	0.0073261	4.02717	33.537	0
0.04	0.01	0.0073261	4.31519	26.8824	0
0.04	0.01	0.0073261	4.62381	20.353	0
0.04	0.01	0.0073261	4.9545	13.2871	0
0.04	0.01	0.0073261	5.30884	6.34716	0
0.04	0.01	0.0073261	5.68853	1.33581	0
0.04	0.01	0.0073261	6.09537	0.138316	0
0.04	0.01	0.0073261	6.53131	3.96243	0
0.04	0.01	0.0073261	6.99842	13.5411	0
0.04	0.01	0.0073261	7.49894	27.0569	0
0.04	0.01	0.0073261	8.03526	38.836	0
0.04	0.01	0.0073261	8.60994	45.1919	0
0.04	0.01	0.0073261	9.22571	46.9819	0
0.04	0.01	0.0073261	9.88553	47.3613	0
0.04	0.01	0.0073261	10.5925	48.9822	0
0.04	0.01	0.0073261	11.3501	52.6847	0
0.04	0.01	0.0073261	12.1619	59.1234	0
0.04	0.01	0.0073261	13.0317	66.8964	0
0.04	0.01	0.0073261	13.9637	70.7442	0
0.04	0.01	0.0073261	14.9624	66.9878	0
0.04	0.01	0.0073261	16.0325	59.8787	0
0.04	0.01	0.0073261	17.1791	55.9505	0
0.04	0.01	0.0073261	18.4077	56.0054	0
0.04	0.01	0.0073261	19.7242	54.6238	0
0.04	0.01	0.0073261	21.1349	49.6231	0
0.04	0.01	0.0073261	22.6464	44.1235	0
0.04	0.01	0.0073261	24.2661	38.979	0
0.04	0.01	0.0073261	26.0016	35.8243	0
0.04	0.01	0.0073261	27.8612	33.4964	0
0.04	0.01	0.0073261	29.8538	30.8336	0
0.04	0.01	0.0073261	31.989	31.7602	0
0.04	0.01	0.0073261	34.2768	33.3768	0
0.04	0.01	0.0073261	36.7282	36.0747	0
0.04	0.01	0.0073261	39.355	43.1666	0
0.04	0.01	0.0073261	42.1697	44.5738	0
0.04	0.01	0.0073261	45.1856	47.4707	0
0.04	0.01	0.0073261	48.4172	49.1619	0
0.04	0.01	0.0073261	51.88	46.5831	0
0.04	0.01	0.0073261	55.5904	44.0752	0
0.04	0.01	0.0073261	59.5662	32.882	0
0.04	0.01	0.0073261	63.8263	26.2059	0
0.04	0.01	0.0073261	68.3912	26.7772	0
0.04	0.01	0.0073261	73.2825	28.7295	0
0.04	0.01	0.0073261	78.5236	29.9329	0
0.04	0.01	0.0073261	84.1395	30.0826	0
0.04	0.01	0.0073261	90.1571	28.1732	0
0.04	0.01	0.0073261	96.6051	25.9551	0
0.04	0.01	0.0080043	0.103514	284.931	0
0.04	0.01	0.0080043	0.110917	283.957	0
0.04	0.01	0.0080043	0.11885	282.845	0
0.04	0.01	0.0080043	0.12735	281.575	0
0.04	0.01	0.0080043	0.136458	280.128	0
0.04	0.01	0.0080043	0.146218	278.479	0
0.04	0.01	0.0080043	0.156675	276.604	0
0.04	0.01	0.0080043	0.16788	274.473	0
0.04	0.01	0.0080043	0.179887	272.055	0
0.04	0.01	0.0080043	0.192752	269.318	0
0.04	0.01	0.0080043	0.206538	266.224	0
0.04	0.01	0.0080043	0.221309	262.735	0
0.04	0.01	0.0080043	0.237137	258.812	0
0.04	0.01	0.0080043	0.254097	254.413	0
0.04	0.01	0.0080043	0.27227	249.497	0
0.04	0.01	0.0080043	0.291743	244.026	0
0.04	0.01	0.0080043	0.312608	237.963	0
0.04	0.01	0.0080043	0.334965	231.279	0
0.04	0.01	0.0080043	0.358922	223.951	0
0.04	0.01	0.0080043	0.384592	215.97	0
0.04	0.01	0.0080043	0.412098	207.34	0
0.04	0.01	0.0080043	0.44157	198.087	0
0.04	0.01	0.0080043	0.473151	188.256	0
0.04	0.01	0.0080043	0.506991	177.92	0
0.04	0.01	0.0080043	0.54325	167.177	0
0.04	0.01	0.0080043	0.582103	156.155	0
0.04	0.01	0.0080043	0.623735	145.005	0
0.04	0.01	0.0080043	0.668344	133.9	0
0.04	0.01	0.0080043	0.716143	123.027	0
0.04	0.01	0.0080043	0.767361	112.574	0
0.04	0.01	0.0080043	0.822243	102.723	0
0.04	0.01	0.0080043	0.881049	93.6366	0
0.04	0.01	0.0080043	0.944061	85.4488	0
0.04	0.01	0.0080043	1.01158	78.2582	0
0.04	0.01	0.0080043	1.08393	72.1267	0
0.04	0.01	0.0080043	1.16145	67.081	0
0.04	0.01	0.0080043	1.24451	63.1162	0
0.04	0.01	0.0080043	1.33352	60.202	0
0.04	0.01	0.0080043	1.42889	58.288	0
0.04	0.01	0.0080043	1.53109	57.3117	0
0.04	0.01	0.0080043	1.64059	57.2065	0
0.04	0.01	0.0080043	1.75792	57.9083	0
0.04	0.01	0.0080043	1.88365	59.3497	0
0.04	0.01	0.0080043	2.01837	61.4354	0
0.04	0.01	0.0080043	2.16272	63.9943	0
0.04	0.01	0.0080043	2.31739	66.7104	0
0.04	0.01	0.0080043	2.48313	69.037	0
0.04	0.01	0.0080043	2.66073	70.1496	0
0.04	0.01	0.0080043	2.85102	69.0779	0
0.04	0.01	0.0080043	3.05492	65.1259	0
0.04	0.01	0.0080043	3.27341	58.3908	0
0.04	0.01	0.0080043	3.50752	49.916	0
0.04	0.01	0.0080043	3.75837	41.2386	0
0.04	0.01	0.0080043	4.02717	33.5368	0
0.04	0.01	0.0080043	4.31519	26.8823	0
0.04	0.01	0.0080043	4.62381	20.353	0
0.04	0.01	0.0080043	4.9545	13.2871	0
0.04	0.01	0.0080043	5.30884	6.34722	0
0.04	0.01	0.0080043	5.68853	1.33583	0
0.04	0.01	0.0080043	6.09537	0.138259	0
0.04	0.01	0.0080043	6.53131	3.96226	0
0.04	0.01	0.0080043	6.99842	13.5408	0
0.04	0.01	0.0080043	7.49894	27.0565	0
0.04	0.01	0.0080043	8.03526	38.8355	0
0.04	0.01	0.0080043	8.60994	45.1915	0
0.04	0.01	0.0080043	9.22571	46.9816	0
0.04	0.01	0.0080043	9.88553	47.3612	0
0.04	0.01	0.0080043	10.5925	48.9823	0
0.04	0.01	0.0080043	11.3501	52.685	0
0.04	0.01	0.0080043	12.1619	59.124	0
0.04	0.01	0.0080043	13.0317	66.8972	0
0.04	0.01	0.0080043	13.9637	70.7449	0
0.04	0.01	0.0080043	14.9624	66.9885	0
0.04	0.01	0.0080043	16.0325	59.8791	0
0.04	0.01	0.0080043	17.1791	55.9508	0
0.04	0.01	0.0080043	18.4077	56.0056	0
0.04	0.01	0.0080043	19.7242	54.624	0
0.04	0.01	0.0080043	21.1349	49.6233	0
0.04	0.01	0.0080043	22.6464	44.1238	0
0.04	0.01	0.0080043	24.2661	38.9793	0
0.04	0.01	0.0080043	26.0016	35.8245	0
0.04	0.01	0.0080043	27.8612	33.4966	0
0.04	0.01	0.0080043	29.8538	30.8337	0
0.04	0.01	0.0080043	31.989	31.7602	0
0.04	0.01	0.0080043	34.2768	33.3768	0
0.04	0.01	0.0080043	36.7282	36.0747	0
0.04	0.01	0.0080043	39.355	43.1666	0
0.04	0.01	0.0080043	42.1697	44.574	0
0.04	0.01	0.0080043	45.1856	47.471	0
0.04	0.01	0.0080043	48.4172	49.1622	0
0.04	0.01	0.0080043	51.88	46.5833	0
0.04	0.01	0.0080043	55.5904	44.0753	0
0.04	0.01	0.0080043	59.5662	32.8821	0
0.04	0.01	0.0080043	63.8263	26.206	0
0.04	0.01	0.0080043	68.3912	26.7773	0
0.04	0.01	0.0080043	73.2825	28.7295	0
0.04	0.01	0.0080043	78.5236	29.933	0
0.04	0.01	0.0080043	84.1395	30.0827	0
0.04	0.01	0.0080043	90.1571	28.1733	0
0.04	0.01	0.0080043	96.6051	25.9552	0
0.04	0.01	0.0087453	0.103514	284.931	0
0.04	0.01	0.0087453	0.110917	283.957	0
0.04	0.01	0.0087453	0.11885	282.845	0
0.04	0.01	0.0087453	0.12735	281.575	0
0.04	0.01	0.0087453	0.136458	280.128	0
0.04	0.01	0.0087453	0.146218	278.479	0
0.04	0.01	0.0087453	0.156675	276.604	0
0.04	0.01	0.0087453	0.16788	274.473	0
0.04	0.01	0.0087453	0.179887	272.055	0
0.04	0.01	0.0087453	0.192752	269.318	0
0.04	0.01	0.0087453	0.206538	266.224	0
0.04	0.01	0.0087453	0.221309	262.735	0
0.04	0.01	0.0087453	0.237137	258.812	0
0.04	0.01	0.0087453	0.254097	254.413	0
0.04	0.01	0.0087453	0.27227	249.497	0
0.04	0.01	0.0087453	0.291743	244.026	0
0.04	0.01	0.0087453	0.312608	237.963	0
0.04	0.01	0.0087453	0.334965	231.279	0
0.04	0.01	0.0087453	0.358922	223.951	0
0.04	0.01	0.0087453	0.384592	215.97	0
0.04	0.01	0.0087453	0.412098	207.34	0
0.04	0.01	0.0087453	0.44157	198.087	0
0.04	0.01	0.0087453	0.473151	188.256	0
0.04	0.01	0.0087453	0.506991	177.92	0
0.04	0.01	0.0087453	0.54325	167.177	0
0.04	0.01	0.0087453	0.582103	156.155	0
0.04	0.01	0.0087453	0.623735	145.005	0
0.04	0.01	0.0087453	0.668344	133.9	0
0.04	0.01	0.0087453	0.716143	123.027	0
0.04	0.01	0.0087453	0.767361	112.574	0
0.04	0.01	0.0087453	0.822243	102.723	0
0.04	0.01	0.0087453	0.881049	93.6367	0
0.04	0.01	0.0087453	0.944061	85.4488	0
0.04	0.01	0.0087453	1.01158	78.2582	0
0.04	0.01	0.0087453	1.08393	72.1268	0
0.04	0.01	0.0087453	1.16145	67.081	0
0.04	0.01	0.0087453	1.24451	63.1162	0
0.04	0.01	0.0087453	1.33352	60.202	0
0.04	0.01	0.0087453	1.42889	58.288	0
0.04	0.01	0.0087453	1.53109	57.3117	0
0.04	0.01	0.0087453	1.64059	57.2065	0
0.04	0.01	0.0087453	1.75792	57.9083	0
0.04	0.01	0.0087453	1.88365	59.3497	0
0.04	0.01	0.0087453	2.01837	61.4353	0
0.04	0.01	0.0087453	2.16272	63.9943	0
0.04	0.01	0.0087453	2.31739	66.7103	0
0.04	0.01	0.0087453	2.48313	69.0369	0
0.04	0.01	0.0087453	2.66073	70.1495	0
0.04	0.01	0.0087453	2.85102	69.0778	0
0.04	0.01	0.0087453	3.05492	65.1257	0
0.04	0.01	0.0087453	3.27341	58.3905	0
0.04	0.01	0.0087453	3.50752	49.9158	0
0.04	0.01	0.0087453	3.75837	41.2384	0
0.04	0.01	0.0087453	4.02717	33.5366	0
0.04	0.01	0.0087453	4.31519	26.8822	0
0.04	0.01	0.0087453	4.62381	20.353	0
0.04	0.01	0.0087453	4.9545	13.2871	0
0.04	0.01	0.0087453	5.30884	6.34728	0
0.04	0.01	0.0087453	5.68853	1.33586	0
0.04	0.01	0.0087453	6.09537	0.138196	0
0.04	0.01	0.0087453	6.53131	3.96206	0
0.04	0.01	0.0087453	6.99842	13.5405	0
0.04	0.01	0.0087453	7.49894	27.0561	0
0.04	0.01	0.0087453	8.03526	38.8351	0
0.04	0.01	0.0087453	8.60994	45.1911	0
0.04	0.01	0.0087453	9.22571	46.9812	0
0.04	0.01	0.0087453	9.88553	47.361	0
0.04	0.01	0.0087453	10.5925	48.9824	0
0.04	0.01	0.0087453	11.3501	52.6854	0
0.04	0.01	0.0087453	12.1619	59.1247	0
0.04	0.01	0.0087453	13.0317	66.8979	0
0.04	0.01	0.0087453	13.9637	70.7457	0
0.04	0.01	0.0087453	14.9624	66.9891	0
0.04	0.01	0.0087453	16.0325	59.8796	0
0.04	0.01	0.0087453	17.1791	55.951	0
0.04	0.01	0.0087453	18.4077	56.0058	0
0.04	0.01	0.0087453	19.7242	54.6242	0
0.04	0.01	0.0087453	21.1349	49.6236	0
0.04	0.01	0.0087453	22.6464	44.1241	0
0.04	0.01	0.0087453	24.2661	38.9796	0
0.04	0.01	0.0087453	26.0016	35.8248	0
0.04	0.01	0.0087453	27.8612	33.4968	0
0.04	0.01	0.0087453	29.8538	30.8338	0
0.04	0.01	0.0087453	31.989	31.7603	0
0.04	0.01	0.0087453	34.2768	33.3768	0
0.04	0.01	0.0087453	36.7282	36.0747	0
0.04	0.01	0.0087453	39.355	43.1667	0
0.04	0.01	0.0087453	42.1697	44.5742	0
0.04	0.01	0.0087453	45.1856	47.4713	0
0.04	0.01	0.0087453	48.4172	49.1626	0
0.04	0.01	0.0087453	51.88	46.5836	0
0.04	0.01	0.0087453	55.5904	44.0755	0
0.04	0.01	0.0087453	59.5662	32.8822	0
0.04	0.01	0.0087453	63.8263	26.2061	0
0.04	0.01	0.0087453	68.3912	26.7774	0
0.04	0.01	0.0087453	73.2825	28.7296	0
0.04	0.01	0.0087453	78.5236	29.9331	0
0.04	0.01	0.0087453	84.1395	30.0828	0
0.04	0.01	0.0087453	90.1571	28.1735	0
0.04	0.01	0.0087453	96.6051	25.9554	0
0.04	0.01	0.00955489	0.103514	284.931	0
0.04	0.01	0.00955489	0.110917	283.957	0
0.04	0.01	0.00955489	0.11885	282.845	0
0.04	0.01	0.00955489	0.12735	281.575	0
0.04	0.01	0.00955489	0.136458	280.128	0
0.04	0.01	0.00955489	0.146218	278.479	0
0.04	0.01	0.00955489	0.156675	276.604	0
0.04	0.01	0.00955489	0.16788	274.473	0
0.04	0.01	0.00955489	0.179887	272.055	0
0.04	0.01	0.00955489	0.192752	269.318	0
0.04	0.01	0.00955489	0.206538	266.224	0
0.04	0.01	0.00955489	0.221309	262.735	0
0.04	0.01	0.00955489	0.237137	258.812	0
0.04	0.01	0.00955489	0.254097	254.413	0
0.04	0.01	0.00955489	0.27227	249.497	0
0.04	0.01	0.00955489	0.291743	244.026	0
0.04	0.01	0.00955489	0.312608	237.963	0
0.04	0.01	0.00955489	0.334965	231.279	0
0.04	0.01	0.00955489	0.358922	223.951	0
0.04	0.01	0.00955489	0.384592	215.97	0
0.04	0.01	0.00955489	0.412098	207.34	0
0.04	0.01	0.00955489	0.44157	198.087	0
0.04	0.01	0.00955489	0.473151	188.256	0
0.04	0.01	0.00955489	0.506991	177.92	0
0.04	0.01	0.00955489	0.54325	167.177	0
0.04	0.01	0.00955489	0.582103	156.155	0
0.04	0.01	0.00955489	0.623735	145.005	0
0.04	0.01	0.00955489	0.668344	133.9	0
0.04	0.01	0.00955489	0.716143	123.027	0
0.04	0.01	0.00955489	0.767361	112.574	0
0.04	0.01	0.00955489	0.822243	102.723	0
0.04	0.01	0.00955489	0.881049	93.6367	0
0.04	0.01	0.00955489	0.944061	85.4488	0
0.04	0.01	0.00955489	1.01158	78.2582	0
0.04	0.01	0.00955489	1.08393	72.1268	0
0.04	0.01	0.00955489	1.16145	67.081	0
0.04	0.01	0.00955489	1.24451	63.1162	0
0.04	0.01	0.00955489	1.33352	60.202	0
0.04	0.01	0.00955489	1.42889	58.2881	0
0.04	0.01	0.00955489	1.53109	57.3117	0
0.04	0.01	0.00955489	1.64059	57.2065	0
0.04	0.01	0.00955489	1.75792	57.9082	0
0.04	0.01	0.00955489	1.88365	59.3497	0
0.04	0.01	0.00955489	2.01837	61.4353	0
0.04	0.01	0.00955489	2.16272	63.9942	0
0.04	0.01	0.00955489	2.31739	66.7102	0
0.04	0.01	0.00955489	2.48313	69.0367	0
0.04	0.01	0.00955489	2.66073	70.1493	0
0.04	0.01	0.00955489	2.85102	69.0776	0
0.04	0.01	0.00955489	3.05492	65.1254	0
0.04	0.01	0.00955489	3.27341	58.3902	0
0.04	0.01	0.00955489	3.50752	49.9155	0
0.04	0.01	0.00955489	3.75837	41.2381	0
0.04	0.01	0.00955489	4.02717	33.5364	0
0.04	0.01	0.00955489	4.31519	26.882	0
0.04	0.01	0.00955489	4.62381	20.3529	0
0.04	0.01	0.00955489	4.9545	13.2872	0
0.04	0.01	0.00955489	5.30884	6.34735	0
0.04	0.01	0.00955489	5.68853	1.33589	0
0.04	0.01	0.00955489	6.09537	0.138127	0
0.04	0.01	0.00955489	6.53131	3.96186	0
0.04	0.01	0.00955489	6.99842	13.5402	0
0.04	0.01	0.00955489	7.49894	27.0556	0
0.04	0.01	0.00955489	8.03526	38.8345	0
0.04	0.01	0.00955489	8.60994	45.1906	0
0.04	0.01	0.00955489	9.22571	46.9809	0
0.04	0.01	0.00955489	9.88553	47.3609	0
0.04	0.01	0.00955489	10.5925	48.9826	0
0.04	0.01	0.00955489	11.3501	52.6859	0
0.04	0.01	0.00955489	12.1619	59.1254	0
0.04	0.01	0.00955489	13.0317	66.8988	0
0.04	0.01	0.00955489	13.9637	70.7466	0
0.04	0.01	0.00955489	14.9624	66.9899	0
0.04	0.01	0.00955489	16.0325	59.8801	0
0.04	0.01	0.00955489	17.1791	55.9513	0
0.04	0.01	0.00955489	18.4077	56.006	0
0.04	0.01	0.00955489	19.7242	54.6244	0
0.04	0.01	0.00955489	21.1349	49.6238	0
0.04	0.01	0.00955489	22.6464	44.1244	0
0.04	0.01	0.00955489	24.2661	38.98	0
0.04	0.01	0.00955489	26.0016	35.8252	0
0.04	0.01	0.00955489	27.8612	33.4971	0
0.04	0.01	0.00955489	29.8538	30.8339	0
0.04	0.01	0.00955489	31.989	31.7604	0
0.04	0.01	0.00955489	34.2768	33.3768	0
0.04	0.01	0.00955489	36.7282	36.0747	0
0.04	0.01	0.00955489	39.355	43.1667	0
0.04	0.01	0.00955489	42.1697	44.5744	0
0.04	0.01	0.00955489	45.1856	47.4717	0
0.04	0.01	0.00955489	48.4172	49.1629	0
0.04	0.01	0.00955489	51.88	46.5839	0
0.04	0.01	0.00955489	55.5904	44.0756	0
0.04	0.01	0.00955489	59.5662	32.8823	0
0.04	0.01	0.00955489	63.8263	26.2063	0
0.04	0.01	0.00955489	68.3912	26.7775	0
0.04	0.01	0.00955489	73.2825	28.7297	0
0.04	0.01	0.00955489	78.5236	29.9332	0
0.04	0.01	0.00955489	84.1395	30.0829	0
0.04	0.01	0.00955489	90.1571	28.1736	0
0.04	0.01	0.00955489	96.6051	25.9556	0
0.04	0.01	0.0104394	0.103514	284.931	0
0.04	0.01	0.0104394	0.110917	283.957	0
0.04	0.01	0.0104394	0.11885	282.845	0
0.04	0.01	0.0104394	0.12735	281.575	0
0.04	0.01	0.0104394	0.136458	280.128	0
0.04	0.01	0.0104394	0.146218	278.479	0
0.04	0.01	0.0104394	0.156675	276.604	0
0.04	0.01	0.0104394	0.16788	274.473	0
0.04	0.01	0.0104394	0.179887	272.055	0
0.04	0.01	0.0104394	0.192752	269.318	0
0.04	0.01	0.0104394	0.206538	266.224	0
0.04	0.01	0.0104394	0.221309	262.735	0
0.04	0.01	0.0104394	0.237137	258.812	0
0.04	0.01	0.0104394	0.254097	254.413	0
0.04	0.01	0.0104394	0.27227	249.497	0
0.04	0.01	0.0104394	0.291743	244.026	0
0.04	0.01	0.0104394	0.312608	237.963	0
0.04	0.01	0.0104394	0.334965	231.279	0
0.04	0.01	0.0104394	0.358922	223.951	0
0.04	0.01	0.0104394	0.384592	215.97	0
0.04	0.01	0.0104394	0.412098	207.34	0
0.04	0.01	0.0104394	0.44157	198.087	0
0.04	0.01	0.0104394	0.473151	188.256	0
0.04	0.01	0.0104394	0.506991	177.92	0
0.04	0.01	0.0104394	0.54325	167.177	0
0.04	0.01	0.0104394	0.582103	156.155	0
0.04	0.01	0.0104394	0.623735	145.005	0
0.04	0.01	0.0104394	0.668344	133.9	0
0.04	0.01	0.0104394	0.716143	123.027	0
0.04	0.01	0.0104394	0.767361	112.574	0
0.04	0.01	0.0104394	0.822243	102.723	0
0.04	0.01	0.0104394	0.881049	93.6367	0
0.04	0.01	0.0104394	0.944061	85.4489	0
0.04	0.01	0.0104394	1.01158	78.2583	0
0.04	0.01	0.0104394	1.08393	72.1268	0
0.04	0.01	0.0104394	1.16145	67.0811	0
0.04	0.01	0.0104394	1.24451	63.1163	0
0.04	0.01	0.0104394	1.33352	60.202	0
0.04	0.01	0.0104394	1.42889	58.2881	0
0.04	0.01	0.0104394	1.53109	57.3117	0
0.04	0.01	0.0104394	1.64059	57.2065	0
0.04	0.01	0.0104394	1.75792	57.9082	0
0.04	0.01	0.0104394	1.88365	59.3496	0
0.04	0.01	0.0104394	2.01837	61.4352	0
0.04	0.01	0.0104394	2.16272	63.9941	0
0.04	0.01	0.0104394	2.31739	66.7101	0
0.04	0.01	0.0104394	2.48313	69.0366	0
0.04	0.01	0.0104394	2.66073	70.1492	0
0.04	0.01	0.0104394	2.85102	69.0773	0
0.04	0.01	0.0104394	3.05492	65.1251	0
0.04	0.01	0.0104394	3.27341	58.3899	0
0.04	0.01	0.0104394	3.50752	49.9151	0
0.04	0.01	0.0104394	3.75837	41.2378	0
0.04	0.01	0.0104394	4.02717	33.5361	0
0.04	0.01	0.0104394	4.31519	26.8818	0
0.04	0.01	0.0104394	4.62381	20.3529	0
0.04	0.01	0.0104394	4.9545	13.2872	0
0.04	0.01	0.0104394	5.30884	6.34742	0
0.04	0.01	0.0104394	5.68853	1.33593	0
0.04	0.01	0.0104394	6.09537	0.138053	0
0.04	0.01	0.0104394	6.53131	3.96163	0
0.04	0.01	0.0104394	6.99842	13.5398	0
0.04	0.01	0.0104394	7.49894	27.0551	0
0.04	0.01	0.0104394	8.03526	38.834	0
0.04	0.01	0.0104394	8.60994	45.1901	0
0.04	0.01	0.0104394	9.22571	46.9805	0
0.04	0.01	0.0104394	9.88553	47.3607	0
0.04	0.01	0.0104394	10.5925	48.9827	0
0.04	0.01	0.0104394	11.3501	52.6863	0
0.04	0.01	0.0104394	12.1619	59.1261	0
0.04	0.01	0.0104394	13.0317	66.8997	0
0.04	0.01	0.0104394	13.9637	70.7476	0
0.04	0.01	0.0104394	14.9624	66.9907	0
0.04	0.01	0.0104394	16.0325	59.8806	0
0.04	0.01	0.0104394	17.1791	55.9517	0
0.04	0.01	0.0104394	18.4077	56.0062	0
0.04	0.01	0.0104394	19.7242	54.6246	0
0.04	0.01	0.0104394	21.1349	49.6241	0
0.04	0.01	0.0104394	22.6464	44.1247	0
0.04	0.01	0.0104394	24.2661	38.9804	0
0.04	0.01	0.0104394	26.0016	35.8255	0
0.04	0.01	0.0104394	27.8612	33.4973	0
0.04	0.01	0.0104394	29.8538	30.8341	0
0.04	0.01	0.0104394	31.989	31.7604	0
0.04	0.01	0.0104394	34.2768	33.3768	0
0.04	0.01	0.0104394	36.7282	36.0747	0
0.04	0.01	0.0104394	39.355	43.1668	0
0.04	0.01	0.0104394	42.1697	44.5746	0
0.04	0.01	0.0104394	45.1856	47.4721	0
0.04	0.01	0.0104394	48.4172	49.1634	0
0.04	0.01	0.0104394	51.88	46.5842	0
0.04	0.01	0.0104394	55.5904	44.0758	0
0.04	0.01	0.0104394	59.5662	32.8824	0
0.04	0.01	0.0104394	63.8263	26.2064	0
0.04	0.01	0.0104394	68.3912	26.7777	0
0.04	0.01	0.0104394	73.2825	28.7298	0
0.04	0.01	0.0104394	78.5236	29.9333	0
0.04	0.01	0.0104394	84.1395	30.0831	0
0.04	0.01	0.0104394	90.1571	28.1738	0
0.04	0.01	0.0104394	96.6051	25.9558	0
0.04	0.01	0.0114058	0.103514	284.931	0
0.04	0.01	0.0114058	0.110917	283.957	0
0.04	0.01	0.0114058	0.11885	282.845	0
0.04	0.01	0.0114058	0.12735	281.575	0
0.04	0.01	0.0114058	0.136458	280.128	0
0.04	0.01	0.0114058	0.146218	278.479	0
0.04	0.01	0.0114058	0.156675	276.604	0
0.04	0.01	0.0114058	0.16788	274.473	0
0.04	0.01	0.0114058	0.179887	272.055	0
0.04	0.01	0.0114058	0.192752	269.318	0
0.04	0.01	0.0114058	0.206538	266.224	0
0.04	0.01	0.0114058	0.221309	262.735	0
0.04	0.01	0.0114058	0.237137	258.812	0
0.04	0.01	0.0114058	0.254097	254.413	0
0.04	0.01	0.0114058	0.27227	249.497	0
0.04	0.01	0.0114058	0.291743	244.026	0
0.04	0.01	0.0114058	0.312608	237.963	0
0.04	0.01	0.0114058	0.334965	231.279	0
0.04	0.01	0.0114058	0.358922	223.951	0
0.04	0.01	0.0114058	0.384592	215.97	0
0.04	0.01	0.0114058	0.412098	207.34	0
0.04	0.01	0.0114058	0.44157	198.087	0
0.04	0.01	0.0114058	0.473151	188.256	0
0.04	0.01	0.0114058	0.506991	177.92	0
0.04	0.01	0.0114058	0.54325	167.177	0
0.04	0.01	0.0114058	0.582103	156.155	0
0.04	0.01	0.0114058	0.623735	145.005	0
0.04	0.01	0.0114058	0.668344	133.9	0
0.04	0.01	0.0114058	0.716143	123.027	0
0.04	0.01	0.0114058	0.767361	112.574	0
0.04	0.01	0.0114058	0.822243	102.723	0
0.04	0.01	0.0114058	0.881049	93.6368	0
0.04	0.01	0.0114058	0.944061	85.4489	0
0.04	0.01	0.0114058	1.01158	78.2583	0
0.04	0.01	0.0114058	1.08393	72.1269	0
0.04	0.01	0.0114058	1.16145	67.0811	0
0.04	0.01	0.0114058	1.24451	63.1163	0
0.04	0.01	0.0114058	1.33352	60.202	0
0.04	0.01	0.0114058	1.42889	58.2881	0
0.04	0.01	0.0114058	1.53109	57.3117	0
0.04	0.01	0.0114058	1.64059	57.2065	0
0.04	0.01	0.0114058	1.75792	57.9082	0
0.04	0.01	0.0114058	1.88365	59.3496	0
0.04	0.01	0.0114058	2.01837	61.4352	0
0.04	0.01	0.0114058	2.16272	63.994	0
0.04	0.01	0.0114058	2.31739	66.71	0
0.04	0.01	0.0114058	2.48313	69.0365	0
0.04	0.01	0.0114058	2.66073	70.149	0
0.04	0.01	0.0114058	2.85102	69.0771	0
0.04	0.01	0.0114058	3.05492	65.1249	0
0.04	0.01	0.0114058	3.27341	58.3896	0
0.04	0.01	0.0114058	3.50752	49.9148	0
0.04	0.01	0.0114058	3.75837	41.2374	0
0.04	0.01	0.0114058	4.02717	33.5358	0
0.04	0.01	0.0114058	4.31519	26.8817	0
0.04	0.01	0.0114058	4.62381	20.3528	0
0.04	0.01	0.0114058	4.9545	13.2872	0
0.04	0.01	0.0114058	5.30884	6.3475	0
0.04	0.01	0.0114058	5.68853	1.33597	0
0.04	0.01	0.0114058	6.09537	0.137971	0
0.04	0.01	0.0114058	6.53131	3.96138	0
0.04	0.01	0.0114058	6.99842	13.5394	0
0.04	0.01	0.0114058	7.49894	27.0546	0
0.04	0.01	0.0114058	8.03526	38.8333	0
0.04	0.01	0.0114058	8.60994	45.1895	0
0.04	0.01	0.0114058	9.22571	46.98	0
0.04	0.01	0.0114058	9.88553	47.3605	0
0.04	0.01	0.0114058	10.5925	48.9829	0
0.04	0.01	0.0114058	11.3501	52.6869	0
0.04	0.01	0.0114058	12.1619	59.127	0
0.04	0.01	0.0114058	13.0317	66.9008	0
0.04	0.01	0.0114058	13.9637	70.7486	0
0.04	0.01	0.0114058	14.9624	66.9916	0
0.04	0.01	0.0114058	16.0325	59.8813	0
0.04	0.01	0.0114058	17.1791	55.952	0
0.04	0.01	0.0114058	18.4077	56.0064	0
0.04	0.01	0.0114058	19.7242	54.6249	0
0.04	0.01	0.0114058	21.1349	49.6244	0
0.04	0.01	0.0114058	22.6464	44.1251	0
0.04	0.01	0.0114058	24.2661	38.9808	0
0.04	0.01	0.0114058	26.0016	35.8259	0
0.04	0.01	0.0114058	27.8612	33.4976	0
0.04	0.01	0.0114058	29.8538	30.8342	0
0.04	0.01	0.0114058	31.989	31.7605	0
0.04	0.01	0.0114058	34.2768	33.3768	0
0.04	0.01	0.0114058	36.7282	36.0747	0
0.04	0.01	0.0114058	39.355	43.1668	0
0.04	0.01	0.0114058	42.1697	44.5749	0
0.04	0.01	0.0114058	45.1856	47.4725	0
0.04	0.01	0.0114058	48.4172	49.1638	0
0.04	0.01	0.0114058	51.88	46.5845	0
0.04	0.01	0.0114058	55.5904	44.076	0
0.04	0.01	0.0114058	59.5662	32.8825	0
0.04	0.01	0.0114058	63.8263	26.2066	0
0.04	0.01	0.0114058	68.3912	26.7778	0
0.04	0.01	0.0114058	73.2825	28.7299	0
0.04	0.01	0.0114058	78.5236	29.9334	0
0.04	0.01	0.0114058	84.1395	30.0832	0
0.04	0.01	0.0114058	90.1571	28.174	0
0.04	0.01	0.0114058	96.6051	25.956	0
0.04	0.01	0.0124617	0.103514	284.931	0
0.04	0.01	0.0124617	0.110917	283.957	0
0.04	0.01	0.0124617	0.11885	282.845	0
0.04	0.01	0.0124617	0.12735	281.575	0
0.04	0.01	0.0124617	0.136458	280.128	0
0.04	0.01	0.0124617	0.146218	278.479	0
0.04	0.01	0.0124617	0.156675	276.604	0
0.04	0.01	0.0124617	0.16788	274.473	0
0.04	0.01	0.0124617	0.179887	272.055	0
0.04	0.01	0.0124617	0.192752	269.318	0
0.04	0.01	0.0124617	0.206538	266.224	0
0.04	0.01	0.0124617	0.221309	262.735	0
0.04	0.01	0.0124617	0.237137	258.812	0
0.04	0.01	0.0124617	0.254097	254.413	0
0.04	0.01	0.0124617	0.27227	249.497	0
0.04	0.01	0.0124617	0.291743	244.026	0
0.04	0.01	0.0124617	0.312608	237.963	0
0.04	0.01	0.0124617	0.334965	231.279	0
0.04	0.01	0.0124617	0.358922	223.951	0
0.04	0.01	0.0124617	0.384592	215.97	0
0.04	0.01	0.0124617	0.412098	207.34	0
0.04	0.01	0.0124617	0.44157	198.087	0
0.04	0.01	0.0124617	0.473151	188.256	0
0.04	0.01	0.0124617	0.506991	177.92	0
0.04	0.01	0.0124617	0.54325	167.177	0
0.04	0.01	0.0124617	0.582103	156.155	0
0.04	0.01	0.0124617	0.623735	145.005	0
0.04	0.01	0.0124617	0.668344	133.9	0
0.04	0.01	0.0124617	0.716143	123.027	0
0.04	0.01	0.0124617	0.767361	112.574	0
0.04	0.01	0.0124617	0.822243	102.723	0
0.04	0.01	0.0124617	0.881049	93.6368	0
0.04	0.01	0.0124617	0.944061	85.449	0
0.04	0.01	0.0124617	1.01158	78.2584	0
0.04	0.01	0.0124617	1.08393	72.1269	0
0.04	0.01	0.0124617	1.16145	67.0811	0
0.04	0.01	0.0124617	1.24451	63.1163	0
0.04	0.01	0.0124617	1.33352	60.2021	0
0.04	0.01	0.0124617	1.42889	58.2881	0
0.04	0.01	0.0124617	1.53109	57.3117	0
0.04	0.01	0.0124617	1.64059	57.2065	0
0.04	0.01	0.0124617	1.75792	57.9082	0
0.04	0.01	0.0124617	1.88365	59.3495	0
0.04	0.01	0.0124617	2.01837	61.4351	0
0.04	0.01	0.0124617	2.16272	63.9939	0
0.04	0.01	0.0124617	2.31739	66.7099	0
0.04	0.01	0.0124617	2.48313	69.0363	0
0.04	0.01	0.0124617	2.66073	70.1488	0
0.04	0.01	0.0124617	2.85102	69.0768	0
0.04	0.01	0.0124617	3.05492	65.1245	0
0.04	0.01	0.0124617	3.27341	58.3892	0
0.04	0.01	0.0124617	3.50752	49.9144	0
0.04	0.01	0.0124617	3.75837	41.2371	0
0.04	0.01	0.0124617	4.02717	33.5355	0
0.04	0.01	0.0124617	4.31519	26.8815	0
0.04	0.01	0.0124617	4.62381	20.3527	0
0.04	0.01	0.0124617	4.9545	13.2873	0
0.04	0.01	0.0124617	5.30884	6.34759	0
0.04	0.01	0.0124617	5.68853	1.33601	0
0.04	0.01	0.0124617	6.09537	0.137883	0
0.04	0.01	0.0124617	6.53131	3.96111	0
0.04	0.01	0.0124617	6.99842	13.5389	0
0.04	0.01	0.0124617	7.49894	27.054	0
0.04	0.01	0.0124617	8.03526	38.8327	0
0.04	0.01	0.0124617	8.60994	45.1888	0
0.04	0.01	0.0124617	9.22571	46.9795	0
0.04	0.01	0.0124617	9.88553	47.3603	0
0.04	0.01	0.0124617	10.5925	48.983	0
0.04	0.01	0.0124617	11.3501	52.6874	0
0.04	0.01	0.0124617	12.1619	59.1279	0
0.04	0.01	0.0124617	13.0317	66.9019	0
0.04	0.01	0.0124617	13.9637	70.7498	0
0.04	0.01	0.0124617	14.9624	66.9926	0
0.04	0.01	0.0124617	16.0325	59.8819	0
0.04	0.01	0.0124617	17.1791	55.9524	0
0.04	0.01	0.0124617	18.4077	56.0067	0
0.04	0.01	0.0124617	19.7242	54.6252	0
0.04	0.01	0.0124617	21.1349	49.6247	0
0.04	0.01	0.0124617	22.6464	44.1255	0
0.04	0.01	0.0124617	24.2661	38.9812	0
0.04	0.01	0.0124617	26.0016	35.8263	0
0.04	0.01	0.0124617	27.8612	33.4979	0
0.04	0.01	0.0124617	29.8538	30.8344	0
0.04	0.01	0.0124617	31.989	31.7605	0
0.04	0.01	0.0124617	34.2768	33.3768	0
0.04	0.01	0.0124617	36.7282	36.0747	0
0.04	0.01	0.0124617	39.355	43.1669	0
0.04	0.01	0.0124617	42.1697	44.5751	0
0.04	0.01	0.0124617	45.1856	47.473	0
0.04	0.01	0.0124617	48.4172	49.1643	0
0.04	0.01	0.0124617	51.88	46.5848	0
0.04	0.01	0.0124617	55.5904	44.0761	0
0.04	0.01	0.0124617	59.5662	32.8827	0
0.04	0.01	0.0124617	63.8263	26.2067	0
0.04	0.01	0.0124617	68.3912	26.778	0
0.04	0.01	0.0124617	73.2825	28.7301	0
0.04	0.01	0.0124617	78.5236	29.9335	0
0.04	0.01	0.0124617	84.1395	30.0833	0
0.04	0.01	0.0124617	90.1571	28.1742	0
0.04	0.01	0.0124617	96.6051	25.9563	0
0.04	0.01	0.0136154	0.103514	284.931	0
0.04	0.01	0.0136154	0.110917	283.957	0
0.04	0.01	0.0136154	0.11885	282.845	0
0.04	0.01	0.0136154	0.12735	281.575	0
0.04	0.01	0.0136154	0.136458	280.128	0
0.04	0.01	0.0136154	0.146218	278.479	0
0.04	0.01	0.0136154	0.156675	276.604	0
0.04	0.01	0.0136154	0.16788	274.473	0
0.04	0.01	0.0136154	0.179887	272.055	0
0.04	0.01	0.0136154	0.192752	269.318	0
0.04	0.01	0.0136154	0.206538	266.224	0
0.04	0.01	0.0136154	0.221309	262.735	0
0.04	0.01	0.0136154	0.237137	258.812	0
0.04	0.01	0.0136154	0.254097	254.413	0
0.04	0.01	0.0136154	0.27227	249.497	0
0.04	0.01	0.0136154	0.291743	244.026	0
0.04	0.01	0.0136154	0.312608	237.963	0
0.04	0.01	0.0136154	0.334965	231.279	0
0.04	0.01	0.0136154	0.358922	223.951	0
0.04	0.01	0.0136154	0.384592	215.97	0
0.04	0.01	0.0136154	0.412098	207.341	0
0.04	0.01	0.0136154	0.44157	198.087	0
0.04	0.01	0.0136154	0.473151	188.256	0
0.04	0.01	0.0136154	0.506991	177.92	0
0.04	0.01	0.0136154	0.54325	167.177	0
0.04	0.01	0.0136154	0.582103	156.155	0
0.04	0.01	0.0136154	0.623735	145.005	0
0.04	0.01	0.0136154	0.668344	133.901	0
0.04	0.01	0.0136154	0.716143	123.027	0
0.04	0.01	0.0136154	0.767361	112.574	0
0.04	0.01	0.0136154	0.822243	102.723	0
0.04	0.01	0.0136154	0.881049	93.6369	0
0.04	0.01	0.0136154	0.944061	85.449	0
0.04	0.01	0.0136154	1.01158	78.2584	0
0.04	0.01	0.0136154	1.08393	72.127	0
0.04	0.01	0.0136154	1.16145	67.0812	0
0.04	0.01	0.0136154	1.24451	63.1164	0
0.04	0.01	0.0136154	1.33352	60.2021	0
0.04	0.01	0.0136154	1.42889	58.2881	0
0.04	0.01	0.0136154	1.53109	57.3117	0
0.04	0.01	0.0136154	1.64059	57.2065	0
0.04	0.01	0.0136154	1.75792	57.9081	0
0.04	0.01	0.0136154	1.88365	59.3495	0
0.04	0.01	0.0136154	2.01837	61.435	0
0.04	0.01	0.0136154	2.16272	63.9938	0
0.04	0.01	0.0136154	2.31739	66.7098	0
0.04	0.01	0.0136154	2.48313	69.0361	0
0.04	0.01	0.0136154	2.66073	70.1485	0
0.04	0.01	0.0136154	2.85102	69.0765	0
0.04	0.01	0.0136154	3.05492	65.1242	0
0.04	0.01	0.0136154	3.27341	58.3888	0
0.04	0.01	0.0136154	3.50752	49.914	0
0.04	0.01	0.0136154	3.75837	41.2367	0
0.04	0.01	0.0136154	4.02717	33.5352	0
0.04	0.01	0.0136154	4.31519	26.8813	0
0.04	0.01	0.0136154	4.62381	20.3527	0
0.04	0.01	0.0136154	4.9545	13.2873	0
0.04	0.01	0.0136154	5.30884	6.34769	0
0.04	0.01	0.0136154	5.68853	1.33606	0
0.04	0.01	0.0136154	6.09537	0.137786	0
0.04	0.01	0.0136154	6.53131	3.96081	0
0.04	0.01	0.0136154	6.99842	13.5384	0
0.04	0.01	0.0136154	7.49894	27.0533	0
0.04	0.01	0.0136154	8.03526	38.8319	0
0.04	0.01	0.0136154	8.60994	45.1881	0
0.04	0.01	0.0136154	9.22571	46.979	0
0.04	0.01	0.0136154	9.88553	47.3601	0
0.04	0.01	0.0136154	10.5925	48.9832	0
0.04	0.01	0.0136154	11.3501	52.6881	0
0.04	0.01	0.0136154	12.1619	59.1289	0
0.04	0.01	0.0136154	13.0317	66.9031	0
0.04	0.01	0.0136154	13.9637	70.751	0
0.04	0.01	0.0136154	14.9624	66.9936	0
0.04	0.01	0.0136154	16.0325	59.8827	0
0.04	0.01	0.0136154	17.1791	55.9528	0
0.04	0.01	0.0136154	18.4077	56.007	0
0.04	0.01	0.0136154	19.7242	54.6255	0
0.04	0.01	0.0136154	21.1349	49.6251	0
0.04	0.01	0.0136154	22.6464	44.1259	0
0.04	0.01	0.0136154	24.2661	38.9817	0
0.04	0.01	0.0136154	26.0016	35.8268	0
0.04	0.01	0.0136154	27.8612	33.4983	0
0.04	0.01	0.0136154	29.8538	30.8346	0
0.04	0.01	0.0136154	31.989	31.7606	0
0.04	0.01	0.0136154	34.2768	33.3768	0
0.04	0.01	0.0136154	36.7282	36.0746	0
0.04	0.01	0.0136154	39.355	43.167	0
0.04	0.01	0.0136154	42.1697	44.5754	0
0.04	0.01	0.0136154	45.1856	47.4735	0
0.04	0.01	0.0136154	48.4172	49.1649	0
0.04	0.01	0.0136154	51.88	46.5852	0
0.04	0.01	0.0136154	55.5904	44.0764	0
0.04	0.01	0.0136154	59.5662	32.8829	0
0.04	0.01	0.0136154	63.8263	26.2069	0
0.04	0.01	0.0136154	68.3912	26.7782	0
0.04	0.01	0.0136154	73.2825	28.7302	0
0.04	0.01	0.0136154	78.5236	29.9336	0
0.04	0.01	0.0136154	84.1395	30.0835	0
0.04	0.01	0.0136154	90.1571	28.1744	0
0.04	0.01	0.0136154	96.6051	25.9566	0
0.04	0.01	0.0148758	0.103514	284.931	0
0.04	0.01	0.0148758	0.110917	283.957	0
0.04	0.01	0.0148758	0.11885	282.845	0
0.04	0.01	0.0148758	0.12735	281.575	0
0.04	0.01	0.0148758	0.136458	280.128	0
0.04	0.01	0.0148758	0.146218	278.479	0
0.04	0.01	0.0148758	0.156675	276.604	0
0.04	0.01	0.0148758	0.16788	274.473	0
0.04	0.01	0.0148758	0.179887	272.055	0
0.04	0.01	0.0148758	0.192752	269.318	0
0.04	0.01	0.0148758	0.206538	266.224	0
0.04	0.01	0.0148758	0.221309	262.735	0
0.04	0.01	0.0148758	0.237137	258.812	0
0.04	0.01	0.0148758	0.254097	254.413	0
0.04	0.01	0.0148758	0.27227	249.497	0
0.04	0.01	0.0148758	0.291743	244.026	0
0.04	0.01	0.0148758	0.312608	237.963	0
0.04	0.01	0.0148758	0.334965	231.279	0
0.04	0.01	0.0148758	0.358922	223.951	0
0.04	0.01	0.0148758	0.384592	215.97	0
0.04	0.01	0.0148758	0.412098	207.341	0
0.04	0.01	0.0148758	0.44157	198.087	0
0.04	0.01	0.0148758	0.473151	188.256	0
0.04	0.01	0.0148758	0.506991	177.92	0
0.04	0.01	0.0148758	0.54325	167.178	0
0.04	0.01	0.0148758	0.582103	156.155	0
0.04	0.01	0.0148758	0.623735	145.005	0
0.04	0.01	0.0148758	0.668344	133.901	0
0.04	0.01	0.0148758	0.716143	123.027	0
0.04	0.01	0.0148758	0.767361	112.574	0
0.04	0.01	0.0148758	0.822243	102.723	0
0.04	0.01	0.0148758	0.881049	93.637	0
0.04	0.01	0.0148758	0.944061	85.4491	0
0.04	0.01	0.0148758	1.01158	78.2585	0
0.04	0.01	0.0148758	1.08393	72.127	0
0.04	0.01	0.0148758	1.16145	67.0812	0
0.04	0.01	0.0148758	1.24451	63.1164	0
0.04	0.01	0.0148758	1.33352	60.2021	0
0.04	0.01	0.0148758	1.42889	58.2881	0
0.04	0.01	0.0148758	1.53109	57.3117	0
0.04	0.01	0.0148758	1.64059	57.2064	0
0.04	0.01	0.0148758	1.75792	57.9081	0
0.04	0.01	0.0148758	1.88365	59.3494	0
0.04	0.01	0.0148758	2.01837	61.435	0
0.04	0.01	0.0148758	2.16272	63.9937	0
0.04	0.01	0.0148758	2.31739	66.7096	0
0.04	0.01	0.0148758	2.48313	69.0359	0
0.04	0.01	0.0148758	2.66073	70.1483	0
0.04	0.01	0.0148758	2.85102	69.0762	0
0.04	0.01	0.0148758	3.05492	65.1238	0
0.04	0.01	0.0148758	3.27341	58.3884	0
0.04	0.01	0.0148758	3.50752	49.9135	0
0.04	0.01	0.0148758	3.75837	41.2362	0
0.04	0.01	0.0148758	4.02717	33.5348	0
0.04	0.01	0.0148758	4.31519	26.881	0
0.04	0.01	0.0148758	4.62381	20.3526	0
0.04	0.01	0.0148758	4.9545	13.2874	0
0.04	0.01	0.0148758	5.30884	6.3478	0
0.04	0.01	0.0148758	5.68853	1.33611	0
0.04	0.01	0.0148758	6.09537	0.137681	0
0.04	0.01	0.0148758	6.53131	3.96049	0
0.04	0.01	0.0148758	6.99842	13.5378	0
0.04	0.01	0.0148758	7.49894	27.0526	0
0.04	0.01	0.0148758	8.03526	38.8311	0
0.04	0.01	0.0148758	8.60994	45.1874	0
0.04	0.01	0.0148758	9.22571	46.9784	0
0.04	0.01	0.0148758	9.88553	47.3599	0
0.04	0.01	0.0148758	10.5925	48.9834	0
0.04	0.01	0.0148758	11.3501	52.6887	0
0.04	0.01	0.0148758	12.1619	59.1299	0
0.04	0.01	0.0148758	13.0317	66.9044	0
0.04	0.01	0.0148758	13.9637	70.7524	0
0.04	0.01	0.0148758	14.9624	66.9948	0
0.04	0.01	0.0148758	16.0325	59.8835	0
0.04	0.01	0.0148758	17.1791	55.9533	0
0.04	0.01	0.0148758	18.4077	56.0073	0
0.04	0.01	0.0148758	19.7242	54.6258	0
0.04	0.01	0.0148758	21.1349	49.6255	0
0.04	0.01	0.0148758	22.6464	44.1264	0
0.04	0.01	0.0148758	24.2661	38.9823	0
0.04	0.01	0.0148758	26.0016	35.8273	0
0.04	0.01	0.0148758	27.8612	33.4987	0
0.04	0.01	0.0148758	29.8538	30.8348	0
0.04	0.01	0.0148758	31.989	31.7607	0
0.04	0.01	0.0148758	34.2768	33.3768	0
0.04	0.01	0.0148758	36.7282	36.0746	0
0.04	0.01	0.0148758	39.355	43.1671	0
0.04	0.01	0.0148758	42.1697	44.5758	0
0.04	0.01	0.0148758	45.1856	47.4741	0
0.04	0.01	0.0148758	48.4172	49.1655	0
0.04	0.01	0.0148758	51.88	46.5856	0
0.04	0.01	0.0148758	55.5904	44.0766	0
0.04	0.01	0.0148758	59.5662	32.883	0
0.04	0.01	0.0148758	63.8263	26.2071	0
0.04	0.01	0.0148758	68.3912	26.7784	0
0.04	0.01	0.0148758	73.2825	28.7303	0
0.04	0.01	0.0148758	78.5236	29.9337	0
0.04	0.01	0.0148758	84.1395	30.0837	0
0.04	0.01	0.0148758	90.1571	28.1746	0
0.04	0.01	0.0148758	96.6051	25.9569	0
0.04	0.01	0.0162529	0.103514	284.931	0
0.04	0.01	0.0162529	0.110917	283.957	0
0.04	0.01	0.0162529	0.11885	282.845	0
0.04	0.01	0.0162529	0.12735	281.575	0
0.04	0.01	0.0162529	0.136458	280.128	0
0.04	0.01	0.0162529	0.146218	278.479	0
0.04	0.01	0.0162529	0.156675	276.604	0
0.04	0.01	0.0162529	0.16788	274.473	0
0.04	0.01	0.0162529	0.179887	272.055	0
0.04	0.01	0.0162529	0.192752	269.318	0
0.04	0.01	0.0162529	0.206538	266.224	0
0.04	0.01	0.0162529	0.221309	262.735	0
0.04	0.01	0.0162529	0.237137	258.812	0
0.04	0.01	0.0162529	0.254097	254.413	0
0.04	0.01	0.0162529	0.27227	249.497	0
0.04	0.01	0.0162529	0.291743	244.026	0
0.04	0.01	0.0162529	0.312608	237.963	0
0.04	0.01	0.0162529	0.334965	231.279	0
0.04	0.01	0.0162529	0.358922	223.951	0
0.04	0.01	0.0162529	0.384592	215.97	0
0.04	0.01	0.0162529	0.412098	207.341	0
0.04	0.01	0.0162529	0.44157	198.087	0
0.04	0.01	0.0162529	0.473151	188.256	0
0.04	0.01	0.0162529	0.506991	177.92	0
0.04	0.01	0.0162529	0.54325	167.178	0
0.04	0.01	0.0162529	0.582103	156.155	0
0.04	0.01	0.0162529	0.623735	145.005	0
0.04	0.01	0.0162529	0.668344	133.901	0
0.04	0.01	0.0162529	0.716143	123.027	0
0.04	0.01	0.0162529	0.767361	112.574	0
0.04	0.01	0.0162529	0.822243	102.723	0
0.04	0.01	0.0162529	0.881049	93.637	0
0.04	0.01	0.0162529	0.944061	85.4492	0
0.04	0.01	0.0162529	1.01158	78.2585	0
0.04	0.01	0.0162529	1.08393	72.1271	0
0.04	0.01	0.0162529	1.16145	67.0813	0
0.04	0.01	0.0162529	1.24451	63.1164	0
0.04	0.01	0.0162529	1.33352	60.2022	0
0.04	0.01	0.0162529	1.42889	58.2881	0
0.04	0.01	0.0162529	1.53109	57.3117	0
0.04	0.01	0.0162529	1.64059	57.2064	0
0.04	0.01	0.0162529	1.75792	57.9081	0
0.04	0.01	0.0162529	1.88365	59.3494	0
0.04	0.01	0.0162529	2.01837	61.4349	0
0.04	0.01	0.0162529	2.16272	63.9936	0
0.04	0.01	0.0162529	2.31739	66.7095	0
0.04	0.01	0.0162529	2.48313	69.0357	0
0.04	0.01	0.0162529	2.66073	70.148	0
0.04	0.01	0.0162529	2.85102	69.0759	0
0.04	0.01	0.0162529	3.05492	65.1234	0
0.04	0.01	0.0162529	3.27341	58.3879	0
0.04	0.01	0.0162529	3.50752	49.913	0
0.04	0.01	0.0162529	3.75837	41.2357	0
0.04	0.01	0.0162529	4.02717	33.5345	0
0.04	0.01	0.0162529	4.31519	26.8808	0
0.04	0.01	0.0162529	4.62381	20.3525	0
0.04	0.01	0.0162529	4.9545	13.2875	0
0.04	0.01	0.0162529	5.30884	6.34792	0
0.04	0.01	0.0162529	5.68853	1.33616	0
0.04	0.01	0.0162529	6.09537	0.137567	0
0.04	0.01	0.0162529	6.53131	3.96014	0
0.04	0.01	0.0162529	6.99842	13.5372	0
0.04	0.01	0.0162529	7.49894	27.0518	0
0.04	0.01	0.0162529	8.03526	38.8302	0
0.04	0.01	0.0162529	8.60994	45.1865	0
0.04	0.01	0.0162529	9.22571	46.9778	0
0.04	0.01	0.0162529	9.88553	47.3596	0
0.04	0.01	0.0162529	10.5925	48.9837	0
0.04	0.01	0.0162529	11.3501	52.6895	0
0.04	0.01	0.0162529	12.1619	59.1311	0
0.04	0.01	0.0162529	13.0317	66.9059	0
0.04	0.01	0.0162529	13.9637	70.7539	0
0.04	0.01	0.0162529	14.9624	66.9961	0
0.04	0.01	0.0162529	16.0325	59.8843	0
0.04	0.01	0.0162529	17.1791	55.9538	0
0.04	0.01	0.0162529	18.4077	56.0076	0
0.04	0.01	0.0162529	19.7242	54.6261	0
0.04	0.01	0.0162529	21.1349	49.6259	0
0.04	0.01	0.0162529	22.6464	44.127	0
0.04	0.01	0.0162529	24.2661	38.9829	0
0.04	0.01	0.0162529	26.0016	35.8279	0
0.04	0.01	0.0162529	27.8612	33.4991	0
0.04	0.01	0.0162529	29.8538	30.835	0
0.04	0.01	0.0162529	31.989	31.7608	0
0.04	0.01	0.0162529	34.2768	33.3768	0
0.04	0.01	0.0162529	36.7282	36.0746	0
0.04	0.01	0.0162529	39.355	43.1672	0
0.04	0.01	0.0162529	42.1697	44.5761	0
0.04	0.01	0.0162529	45.1856	47.4747	0
0.04	0.01	0.0162529	48.4172	49.1661	0
0.04	0.01	0.0162529	51.88	46.5861	0
0.04	0.01	0.0162529	55.5904	44.0768	0
0.04	0.01	0.0162529	59.5662	32.8832	0
0.04	0.01	0.0162529	63.8263	26.2073	0
0.04	0.01	0.0162529	68.3912	26.7786	0
0.04	0.01	0.0162529	73.2825	28.7305	0
0.04	0.01	0.0162529	78.5236	29.9339	0
0.04	0.01	0.0162529	84.1395	30.0839	0
0.04	0.01	0.0162529	90.1571	28.1749	0
0.04	0.01	0.0162529	96.6051	25.9572	0
0.04	0.01	0.0177575	0.103514	284.931	0
0.04	0.01	0.0177575	0.110917	283.957	0
0.04	0.01	0.0177575	0.11885	282.845	0
0.04	0.01	0.0177575	0.12735	281.575	0
0.04	0.01	0.0177575	0.136458	280.128	0
0.04	0.01	0.0177575	0.146218	278.479	0
0.04	0.01	0.0177575	0.156675	276.604	0
0.04	0.01	0.0177575	0.16788	274.473	0
0.04	0.01	0.0177575	0.179887	272.055	0
0.04	0.01	0.0177575	0.192752	269.318	0
0.04	0.01	0.0177575	0.206538	266.224	0
0.04	0.01	0.0177575	0.221309	262.735	0
0.04	0.01	0.0177575	0.237137	258.812	0
0.04	0.01	0.0177575	0.254097	254.413	0
0.04	0.01	0.0177575	0.27227	249.497	0
0.04	0.01	0.0177575	0.291743	244.026	0
0.04	0.01	0.0177575	0.312608	237.963	0
0.04	0.01	0.0177575	0.334965	231.279	0
0.04	0.01	0.0177575	0.358922	223.951	0
0.04	0.01	0.0177575	0.384592	215.97	0
0.04	0.01	0.0177575	0.412098	207.341	0
0.04	0.01	0.0177575	0.44157	198.087	0
0.04	0.01	0.0177575	0.473151	188.257	0
0.04	0.01	0.0177575	0.506991	177.92	0
0.04	0.01	0.0177575	0.54325	167.178	0
0.04	0.01	0.0177575	0.582103	156.155	0
0.04	0.01	0.0177575	0.623735	145.005	0
0.04	0.01	0.0177575	0.668344	133.901	0
0.04	0.01	0.0177575	0.716143	123.027	0
0.04	0.01	0.0177575	0.767361	112.574	0
0.04	0.01	0.0177575	0.822243	102.723	0
0.04	0.01	0.0177575	0.881049	93.6371	0
0.04	0.01	0.0177575	0.944061	85.4492	0
0.04	0.01	0.0177575	1.01158	78.2586	0
0.04	0.01	0.0177575	1.08393	72.1271	0
0.04	0.01	0.0177575	1.16145	67.0813	0
0.04	0.01	0.0177575	1.24451	63.1165	0
0.04	0.01	0.0177575	1.33352	60.2022	0
0.04	0.01	0.0177575	1.42889	58.2882	0
0.04	0.01	0.0177575	1.53109	57.3117	0
0.04	0.01	0.0177575	1.64059	57.2064	0
0.04	0.01	0.0177575	1.75792	57.908	0
0.04	0.01	0.0177575	1.88365	59.3493	0
0.04	0.01	0.0177575	2.01837	61.4348	0
0.04	0.01	0.0177575	2.16272	63.9935	0
0.04	0.01	0.0177575	2.31739	66.7093	0
0.04	0.01	0.0177575	2.48313	69.0355	0
0.04	0.01	0.0177575	2.66073	70.1477	0
0.04	0.01	0.0177575	2.85102	69.0755	0
0.04	0.01	0.0177575	3.05492	65.1229	0
0.04	0.01	0.0177575	3.27341	58.3874	0
0.04	0.01	0.0177575	3.50752	49.9124	0
0.04	0.01	0.0177575	3.75837	41.2352	0
0.04	0.01	0.0177575	4.02717	33.534	0
0.04	0.01	0.0177575	4.31519	26.8805	0
0.04	0.01	0.0177575	4.62381	20.3524	0
0.04	0.01	0.0177575	4.9545	13.2875	0
0.04	0.01	0.0177575	5.30884	6.34805	0
0.04	0.01	0.0177575	5.68853	1.33623	0
0.04	0.01	0.0177575	6.09537	0.137443	0
0.04	0.01	0.0177575	6.53131	3.95975	0
0.04	0.01	0.0177575	6.99842	13.5366	0
0.04	0.01	0.0177575	7.49894	27.0509	0
0.04	0.01	0.0177575	8.03526	38.8293	0
0.04	0.01	0.0177575	8.60994	45.1856	0
0.04	0.01	0.0177575	9.22571	46.9772	0
0.04	0.01	0.0177575	9.88553	47.3594	0
0.04	0.01	0.0177575	10.5925	48.9839	0
0.04	0.01	0.0177575	11.3501	52.6903	0
0.04	0.01	0.0177575	12.1619	59.1324	0
0.04	0.01	0.0177575	13.0317	66.9075	0
0.04	0.01	0.0177575	13.9637	70.7555	0
0.04	0.01	0.0177575	14.9624	66.9975	0
0.04	0.01	0.0177575	16.0325	59.8853	0
0.04	0.01	0.0177575	17.1791	55.9544	0
0.04	0.01	0.0177575	18.4077	56.008	0
0.04	0.01	0.0177575	19.7242	54.6265	0
0.04	0.01	0.0177575	21.1349	49.6264	0
0.04	0.01	0.0177575	22.6464	44.1275	0
0.04	0.01	0.0177575	24.2661	38.9835	0
0.04	0.01	0.0177575	26.0016	35.8285	0
0.04	0.01	0.0177575	27.8612	33.4995	0
0.04	0.01	0.0177575	29.8538	30.8352	0
0.04	0.01	0.0177575	31.989	31.7609	0
0.04	0.01	0.0177575	34.2768	33.3768	0
0.04	0.01	0.0177575	36.7282	36.0746	0
0.04	0.01	0.0177575	39.355	43.1673	0
0.04	0.01	0.0177575	42.1697	44.5765	0
0.04	0.01	0.0177575	45.1856	47.4754	0
0.04	0.01	0.0177575	48.4172	49.1668	0
0.04	0.01	0.0177575	51.88	46.5866	0
0.04	0.01	0.0177575	55.5904	44.0771	0
0.04	0.01	0.0177575	59.5662	32.8835	0
0.04	0.01	0.0177575	63.8263	26.2076	0
0.04	0.01	0.0177575	68.3912	26.7788	0
0.04	0.01	0.0177575	73.2825	28.7307	0
0.04	0.01	0.0177575	78.5236	29.934	0
0.04	0.01	0.0177575	84.1395	30.0841	0
0.04	0.01	0.0177575	90.1571	28.1752	0
0.04	0.01	0.0177575	96.6051	25.9576	0
0.04	0.01	0.0194014	0.103514	284.931	0
0.04	0.01	0.0194014	0.110917	283.957	0
0.04	0.01	0.0194014	0.11885	282.845	0
0.04	0.01	0.0194014	0.12735	281.575	0
0.04	0.01	0.0194014	0.136458	280.128	0
0.04	0.01	0.0194014	0.146218	278.479	0
0.04	0.01	0.0194014	0.156675	276.604	0
0.04	0.01	0.0194014	0.16788	274.473	0
0.04	0.01	0.0194014	0.179887	272.055	0
0.04	0.01	0.0194014	0.192752	269.318	0
0.04	0.01	0.0194014	0.206538	266.224	0
0.04	0.01	0.0194014	0.221309	262.735	0
0.04	0.01	0.0194014	0.237137	258.812	0
0.04	0.01	0.0194014	0.254097	254.413	0
0.04	0.01	0.0194014	0.27227	249.497	0
0.04	0.01	0.0194014	0.291743	244.026	0
0.04	0.01	0.0194014	0.312608	237.963	0
0.04	0.01	0.0194014	0.334965	231.279	0
0.04	0.01	0.0194014	0.358922	223.951	0
0.04	0.01	0.0194014	0.384592	215.97	0
0.04	0.01	0.0194014	0.412098	207.341	0
0.04	0.01	0.0194014	0.44157	198.087	0
0.04	0.01	0.0194014	0.473151	188.257	0
0.04	0.01	0.0194014	0.506991	177.92	0
0.04	0.01	0.0194014	0.54325	167.178	0
0.04	0.01	0.0194014	0.582103	156.155	0
0.04	0.01	0.0194014	0.623735	145.006	0
0.04	0.01	0.0194014	0.668344	133.901	0
0.04	0.01	0.0194014	0.716143	123.027	0
0.04	0.01	0.0194014	0.767361	112.574	0
0.04	0.01	0.0194014	0.822243	102.723	0
0.04	0.01	0.0194014	0.881049	93.6372	0
0.04	0.01	0.0194014	0.944061	85.4493	0
0.04	0.01	0.0194014	1.01158	78.2587	0
0.04	0.01	0.0194014	1.08393	72.1272	0
0.04	0.01	0.0194014	1.16145	67.0814	0
0.04	0.01	0.0194014	1.24451	63.1165	0
0.04	0.01	0.0194014	1.33352	60.2022	0
0.04	0.01	0.0194014	1.42889	58.2882	0
0.04	0.01	0.0194014	1.53109	57.3117	0
0.04	0.01	0.0194014	1.64059	57.2064	0
0.04	0.01	0.0194014	1.75792	57.908	0
0.04	0.01	0.0194014	1.88365	59.3492	0
0.04	0.01	0.0194014	2.01837	61.4347	0
0.04	0.01	0.0194014	2.16272	63.9933	0
0.04	0.01	0.0194014	2.31739	66.7091	0
0.04	0.01	0.0194014	2.48313	69.0352	0
0.04	0.01	0.0194014	2.66073	70.1474	0
0.04	0.01	0.0194014	2.85102	69.0751	0
0.04	0.01	0.0194014	3.05492	65.1224	0
0.04	0.01	0.0194014	3.27341	58.3868	0
0.04	0.01	0.0194014	3.50752	49.9118	0
0.04	0.01	0.0194014	3.75837	41.2346	0
0.04	0.01	0.0194014	4.02717	33.5336	0
0.04	0.01	0.0194014	4.31519	26.8802	0
0.04	0.01	0.0194014	4.62381	20.3523	0
0.04	0.01	0.0194014	4.9545	13.2876	0
0.04	0.01	0.0194014	5.30884	6.34819	0
0.04	0.01	0.0194014	5.68853	1.33629	0
0.04	0.01	0.0194014	6.09537	0.137308	0
0.04	0.01	0.0194014	6.53131	3.95933	0
0.04	0.01	0.0194014	6.99842	13.5359	0
0.04	0.01	0.0194014	7.49894	27.05	0
0.04	0.01	0.0194014	8.03526	38.8282	0
0.04	0.01	0.0194014	8.60994	45.1846	0
0.04	0.01	0.0194014	9.22571	46.9764	0
0.04	0.01	0.0194014	9.88553	47.3591	0
0.04	0.01	0.0194014	10.5925	48.9842	0
0.04	0.01	0.0194014	11.3501	52.6912	0
0.04	0.01	0.0194014	12.1619	59.1338	0
0.04	0.01	0.0194014	13.0317	66.9092	0
0.04	0.01	0.0194014	13.9637	70.7573	0
0.04	0.01	0.0194014	14.9624	66.999	0
0.04	0.01	0.0194014	16.0325	59.8863	0
0.04	0.01	0.0194014	17.1791	55.955	0
0.04	0.01	0.0194014	18.4077	56.0084	0
0.04	0.01	0.0194014	19.7242	54.627	0
0.04	0.01	0.0194014	21.1349	49.6269	0
0.04	0.01	0.0194014	22.6464	44.1282	0
0.04	0.01	0.0194014	24.2661	38.9842	0
0.04	0.01	0.0194014	26.0016	35.8292	0
0.04	0.01	0.0194014	27.8612	33.5	0
0.04	0.01	0.0194014	29.8538	30.8355	0
0.04	0.01	0.0194014	31.989	31.761	0
0.04	0.01	0.0194014	34.2768	33.3768	0
0.04	0.01	0.0194014	36.7282	36.0746	0
0.04	0.01	0.0194014	39.355	43.1674	0
0.04	0.01	0.0194014	42.1697	44.5769	0
0.04	0.01	0.0194014	45.1856	47.4761	0
0.04	0.01	0.0194014	48.4172	49.1676	0
0.04	0.01	0.0194014	51.88	46.5871	0
0.04	0.01	0.0194014	55.5904	44.0774	0
0.04	0.01	0.0194014	59.5662	32.8837	0
0.04	0.01	0.0194014	63.8263	26.2078	0
0.04	0.01	0.0194014	68.3912	26.7791	0
0.04	0.01	0.0194014	73.2825	28.7309	0
0.04	0.01	0.0194014	78.5236	29.9342	0
0.04	0.01	0.0194014	84.1395	30.0843	0
0.04	0.01	0.0194014	90.1571	28.1755	0
0.04	0.01	0.0194014	96.6051	25.958	0
0.04	0.01	0.0211975	0.103514	284.931	0
0.04	0.01	0.0211975	0.110917	283.957	0
0.04	0.01	0.0211975	0.11885	282.845	0
0.04	0.01	0.0211975	0.12735	281.575	0
0.04	0.01	0.0211975	0.136458	280.128	0
0.04	0.01	0.0211975	0.146218	278.479	0
0.04	0.01	0.0211975	0.156675	276.604	0
0.04	0.01	0.0211975	0.16788	274.473	0
0.04	0.01	0.0211975	0.179887	272.055	0
0.04	0.01	0.0211975	0.192752	269.318	0
0.04	0.01	0.0211975	0.206538	266.224	0
0.04	0.01	0.0211975	0.221309	262.735	0
0.04	0.01	0.0211975	0.237137	258.812	0
0.04	0.01	0.0211975	0.254097	254.413	0
0.04	0.01	0.0211975	0.27227	249.497	0
0.04	0.01	0.0211975	0.291743	244.026	0
0.04	0.01	0.0211975	0.312608	237.963	0
0.04	0.01	0.0211975	0.334965	231.279	0
0.04	0.01	0.0211975	0.358922	223.951	0
0.04	0.01	0.0211975	0.384592	215.97	0
0.04	0.01	0.0211975	0.412098	207.341	0
0.04	0.01	0.0211975	0.44157	198.087	0
0.04	0.01	0.0211975	0.473151	188.257	0
0.04	0.01	0.0211975	0.506991	177.92	0
0.04	0.01	0.0211975	0.54325	167.178	0
0.04	0.01	0.0211975	0.582103	156.155	0
0.04	0.01	0.0211975	0.623735	145.006	0
0.04	0.01	0.0211975	0.668344	133.901	0
0.04	0.01	0.0211975	0.716143	123.027	0
0.04	0.01	0.0211975	0.767361	112.574	0
0.04	0.01	0.0211975	0.822243	102.724	0
0.04	0.01	0.0211975	0.881049	93.6373	0
0.04	0.01	0.0211975	0.944061	85.4494	0
0.04	0.01	0.0211975	1.01158	78.2588	0
0.04	0.01	0.0211975	1.08393	72.1273	0
0.04	0.01	0.0211975	1.16145	67.0815	0
0.04	0.01	0.0211975	1.24451	63.1166	0
0.04	0.01	0.0211975	1.33352	60.2023	0
0.04	0.01	0.0211975	1.42889	58.2882	0
0.04	0.01	0.0211975	1.53109	57.3117	0
0.04	0.01	0.0211975	1.64059	57.2064	0
0.04	0.01	0.0211975	1.75792	57.9079	0
0.04	0.01	0.0211975	1.88365	59.3492	0
0.04	0.01	0.0211975	2.01837	61.4346	0
0.04	0.01	0.0211975	2.16272	63.9932	0
0.04	0.01	0.0211975	2.31739	66.7089	0
0.04	0.01	0.0211975	2.48313	69.035	0
0.04	0.01	0.0211975	2.66073	70.147	0
0.04	0.01	0.0211975	2.85102	69.0746	0
0.04	0.01	0.0211975	3.05492	65.1219	0
0.04	0.01	0.0211975	3.27341	58.3862	0
0.04	0.01	0.0211975	3.50752	49.9112	0
0.04	0.01	0.0211975	3.75837	41.234	0
0.04	0.01	0.0211975	4.02717	33.5331	0
0.04	0.01	0.0211975	4.31519	26.8799	0
0.04	0.01	0.0211975	4.62381	20.3522	0
0.04	0.01	0.0211975	4.9545	13.2877	0
0.04	0.01	0.0211975	5.30884	6.34834	0
0.04	0.01	0.0211975	5.68853	1.33637	0
0.04	0.01	0.0211975	6.09537	0.137162	0
0.04	0.01	0.0211975	6.53131	3.95888	0
0.04	0.01	0.0211975	6.99842	13.5351	0
0.04	0.01	0.0211975	7.49894	27.0489	0
0.04	0.01	0.0211975	8.03526	38.827	0
0.04	0.01	0.0211975	8.60994	45.1835	0
0.04	0.01	0.0211975	9.22571	46.9756	0
0.04	0.01	0.0211975	9.88553	47.3587	0
0.04	0.01	0.0211975	10.5925	48.9845	0
0.04	0.01	0.0211975	11.3501	52.6921	0
0.04	0.01	0.0211975	12.1619	59.1354	0
0.04	0.01	0.0211975	13.0317	66.9111	0
0.04	0.01	0.0211975	13.9637	70.7593	0
0.04	0.01	0.0211975	14.9624	67.0007	0
0.04	0.01	0.0211975	16.0325	59.8875	0
0.04	0.01	0.0211975	17.1791	55.9556	0
0.04	0.01	0.0211975	18.4077	56.0089	0
0.04	0.01	0.0211975	19.7242	54.6274	0
0.04	0.01	0.0211975	21.1349	49.6275	0
0.04	0.01	0.0211975	22.6464	44.1289	0
0.04	0.01	0.0211975	24.2661	38.985	0
0.04	0.01	0.0211975	26.0016	35.8299	0
0.04	0.01	0.0211975	27.8612	33.5005	0
0.04	0.01	0.0211975	29.8538	30.8358	0
0.04	0.01	0.0211975	31.989	31.7611	0
0.04	0.01	0.0211975	34.2768	33.3769	0
0.04	0.01	0.0211975	36.7282	36.0746	0
0.04	0.01	0.0211975	39.355	43.1675	0
0.04	0.01	0.0211975	42.1697	44.5774	0
0.04	0.01	0.0211975	45.1856	47.4769	0
0.04	0.01	0.0211975	48.4172	49.1685	0
0.04	0.01	0.0211975	51.88	46.5878	0
0.04	0.01	0.0211975	55.5904	44.0777	0
0.04	0.01	0.0211975	59.5662	32.884	0
0.04	0.01	0.0211975	63.8263	26.2081	0
0.04	0.01	0.0211975	68.3912	26.7794	0
0.04	0.01	0.0211975	73.2825	28.7311	0
0.04	0.01	0.0211975	78.5236	29.9344	0
0.04	0.01	0.0211975	84.1395	30.0845	0
0.04	0.01	0.0211975	90.1571	28.1758	0
0.04	0.01	0.0211975	96.6051	25.9584	0
0.04	0.01	0.0231598	0.103514	284.931	0
0.04	0.01	0.0231598	0.110917	283.957	0
0.04	0.01	0.0231598	0.11885	282.845	0
0.04	0.01	0.0231598	0.12735	281.575	0
0.04	0.01	0.0231598	0.136458	280.128	0
0.04	0.01	0.0231598	0.146218	278.479	0
0.04	0.01	0.0231598	0.156675	276.604	0
0.04	0.01	0.0231598	0.16788	274.473	0
0.04	0.01	0.0231598	0.179887	272.055	0
0.04	0.01	0.0231598	0.192752	269.318	0
0.04	0.01	0.0231598	0.206538	266.224	0
0.04	0.01	0.0231598	0.221309	262.735	0
0.04	0.01	0.0231598	0.237137	258.812	0
0.04	0.01	0.0231598	0.254097	254.413	0
0.04	0.01	0.0231598	0.27227	249.497	0
0.04	0.01	0.0231598	0.291743	244.026	0
0.04	0.01	0.0231598	0.312608	237.963	0
0.04	0.01	0.0231598	0.334965	231.279	0
0.04	0.01	0.0231598	0.358922	223.951	0
0.04	0.01	0.0231598	0.384592	215.97	0
0.04	0.01	0.0231598	0.412098	207.341	0
0.04	0.01	0.0231598	0.44157	198.087	0
0.04	0.01	0.0231598	0.473151	188.257	0
0.04	0.01	0.0231598	0.506991	177.92	0
0.04	0.01	0.0231598	0.54325	167.178	0
0.04	0.01	0.0231598	0.582103	156.156	0
0.04	0.01	0.0231598	0.623735	145.006	0
0.04	0.01	0.0231598	0.668344	133.901	0
0.04	0.01	0.0231598	0.716143	123.027	0
0.04	0.01	0.0231598	0.767361	112.574	0
0.04	0.01	0.0231598	0.822243	102.724	0
0.04	0.01	0.0231598	0.881049	93.6374	0
0.04	0.01	0.0231598	0.944061	85.4495	0
0.04	0.01	0.0231598	1.01158	78.2589	0
0.04	0.01	0.0231598	1.08393	72.1274	0
0.04	0.01	0.0231598	1.16145	67.0815	0
0.04	0.01	0.0231598	1.24451	63.1167	0
0.04	0.01	0.0231598	1.33352	60.2023	0
0.04	0.01	0.0231598	1.42889	58.2882	0
0.04	0.01	0.0231598	1.53109	57.3117	0
0.04	0.01	0.0231598	1.64059	57.2063	0
0.04	0.01	0.0231598	1.75792	57.9079	0
0.04	0.01	0.0231598	1.88365	59.3491	0
0.04	0.01	0.0231598	2.01837	61.4344	0
0.04	0.01	0.0231598	2.16272	63.993	0
0.04	0.01	0.0231598	2.31739	66.7087	0
0.04	0.01	0.0231598	2.48313	69.0347	0
0.04	0.01	0.0231598	2.66073	70.1466	0
0.04	0.01	0.0231598	2.85102	69.0741	0
0.04	0.01	0.0231598	3.05492	65.1213	0
0.04	0.01	0.0231598	3.27341	58.3855	0
0.04	0.01	0.0231598	3.50752	49.9105	0
0.04	0.01	0.0231598	3.75837	41.2333	0
0.04	0.01	0.0231598	4.02717	33.5325	0
0.04	0.01	0.0231598	4.31519	26.8796	0
0.04	0.01	0.0231598	4.62381	20.3521	0
0.04	0.01	0.0231598	4.9545	13.2878	0
0.04	0.01	0.0231598	5.30884	6.34852	0
0.04	0.01	0.0231598	5.68853	1.33645	0
0.04	0.01	0.0231598	6.09537	0.137003	0
0.04	0.01	0.0231598	6.53131	3.95838	0
0.04	0.01	0.0231598	6.99842	13.5342	0
0.04	0.01	0.0231598	7.49894	27.0478	0
0.04	0.01	0.0231598	8.03526	38.8258	0
0.04	0.01	0.0231598	8.60994	45.1824	0
0.04	0.01	0.0231598	9.22571	46.9747	0
0.04	0.01	0.0231598	9.88553	47.3584	0
0.04	0.01	0.0231598	10.5925	48.9848	0
0.04	0.01	0.0231598	11.3501	52.6932	0
0.04	0.01	0.0231598	12.1619	59.1371	0
0.04	0.01	0.0231598	13.0317	66.9132	0
0.04	0.01	0.0231598	13.9637	70.7614	0
0.04	0.01	0.0231598	14.9624	67.0025	0
0.04	0.01	0.0231598	16.0325	59.8887	0
0.04	0.01	0.0231598	17.1791	55.9564	0
0.04	0.01	0.0231598	18.4077	56.0093	0
0.04	0.01	0.0231598	19.7242	54.6279	0
0.04	0.01	0.0231598	21.1349	49.6281	0
0.04	0.01	0.0231598	22.6464	44.1296	0
0.04	0.01	0.0231598	24.2661	38.9858	0
0.04	0.01	0.0231598	26.0016	35.8307	0
0.04	0.01	0.0231598	27.8612	33.5011	0
0.04	0.01	0.0231598	29.8538	30.8361	0
0.04	0.01	0.0231598	31.989	31.7613	0
0.04	0.01	0.0231598	34.2768	33.3769	0
0.04	0.01	0.0231598	36.7282	36.0745	0
0.04	0.01	0.0231598	39.355	43.1677	0
0.04	0.01	0.0231598	42.1697	44.5779	0
0.04	0.01	0.0231598	45.1856	47.4778	0
0.04	0.01	0.0231598	48.4172	49.1694	0
0.04	0.01	0.0231598	51.88	46.5884	0
0.04	0.01	0.0231598	55.5904	44.0781	0
0.04	0.01	0.0231598	59.5662	32.8842	0
0.04	0.01	0.0231598	63.8263	26.2084	0
0.04	0.01	0.0231598	68.3912	26.7797	0
0.04	0.01	0.0231598	73.2825	28.7313	0
0.04	0.01	0.0231598	78.5236	29.9346	0
0.04	0.01	0.0231598	84.1395	30.0848	0
0.04	0.01	0.0231598	90.1571	28.1762	0
0.04	0.01	0.0231598	96.6051	25.9589	0
0.04	0.01	0.0253038	0.103514	284.931	0
0.04	0.01	0.0253038	0.110917	283.957	0
0.04	0.01	0.0253038	0.11885	282.845	0
0.04	0.01	0.0253038	0.12735	281.575	0
0.04	0.01	0.0253038	0.136458	280.128	0
0.04	0.01	0.0253038	0.146218	278.479	0
0.04	0.01	0.0253038	0.156675	276.604	0
0.04	0.01	0.0253038	0.16788	274.473	0
0.04	0.01	0.0253038	0.179887	272.055	0
0.04	0.01	0.0253038	0.192752	269.318	0
0.04	0.01	0.0253038	0.206538	266.224	0
0.04	0.01	0.0253038	0.221309	262.735	0
0.04	0.01	0.0253038	0.237137	258.812	0
0.04	0.01	0.0253038	0.254097	254.413	0
0.04	0.01	0.0253038	0.27227	249.497	0
0.04	0.01	0.0253038	0.291743	244.026	0
0.04	0.01	0.0253038	0.312608	237.963	0
0.04	0.01	0.0253038	0.334965	231.279	0
0.04	0.01	0.0253038	0.358922	223.951	0
0.04	0.01	0.0253038	0.384592	215.97	0
0.04	0.01	0.0253038	0.412098	207.341	0
0.04	0.01	0.0253038	0.44157	198.088	0
0.04	0.01	0.0253038	0.473151	188.257	0
0.04	0.01	0.0253038	0.506991	177.921	0
0.04	0.01	0.0253038	0.54325	167.178	0
0.04	0.01	0.0253038	0.582103	156.156	0
0.04	0.01	0.0253038	0.623735	145.006	0
0.04	0.01	0.0253038	0.668344	133.901	0
0.04	0.01	0.0253038	0.716143	123.028	0
0.04	0.01	0.0253038	0.767361	112.575	0
0.04	0.01	0.0253038	0.822243	102.724	0
0.04	0.01	0.0253038	0.881049	93.6375	0
0.04	0.01	0.0253038	0.944061	85.4496	0
0.04	0.01	0.0253038	1.01158	78.259	0
0.04	0.01	0.0253038	1.08393	72.1275	0
0.04	0.01	0.0253038	1.16145	67.0816	0
0.04	0.01	0.0253038	1.24451	63.1167	0
0.04	0.01	0.0253038	1.33352	60.2024	0
0.04	0.01	0.0253038	1.42889	58.2883	0
0.04	0.01	0.0253038	1.53109	57.3117	0
0.04	0.01	0.0253038	1.64059	57.2063	0
0.04	0.01	0.0253038	1.75792	57.9078	0
0.04	0.01	0.0253038	1.88365	59.349	0
0.04	0.01	0.0253038	2.01837	61.4343	0
0.04	0.01	0.0253038	2.16272	63.9928	0
0.04	0.01	0.0253038	2.31739	66.7084	0
0.04	0.01	0.0253038	2.48313	69.0343	0
0.04	0.01	0.0253038	2.66073	70.1462	0
0.04	0.01	0.0253038	2.85102	69.0736	0
0.04	0.01	0.0253038	3.05492	65.1206	0
0.04	0.01	0.0253038	3.27341	58.3848	0
0.04	0.01	0.0253038	3.50752	49.9097	0
0.04	0.01	0.0253038	3.75837	41.2326	0
0.04	0.01	0.0253038	4.02717	33.5319	0
0.04	0.01	0.0253038	4.31519	26.8792	0
0.04	0.01	0.0253038	4.62381	20.352	0
0.04	0.01	0.0253038	4.9545	13.2879	0
0.04	0.01	0.0253038	5.30884	6.3487	0
0.04	0.01	0.0253038	5.68853	1.33655	0
0.04	0.01	0.0253038	6.09537	0.13683	0
0.04	0.01	0.0253038	6.53131	3.95784	0
0.04	0.01	0.0253038	6.99842	13.5333	0
0.04	0.01	0.0253038	7.49894	27.0466	0
0.04	0.01	0.0253038	8.03526	38.8244	0
0.04	0.01	0.0253038	8.60994	45.1811	0
0.04	0.01	0.0253038	9.22571	46.9738	0
0.04	0.01	0.0253038	9.88553	47.358	0
0.04	0.01	0.0253038	10.5925	48.9852	0
0.04	0.01	0.0253038	11.3501	52.6944	0
0.04	0.01	0.0253038	12.1619	59.1389	0
0.04	0.01	0.0253038	13.0317	66.9155	0
0.04	0.01	0.0253038	13.9637	70.7637	0
0.04	0.01	0.0253038	14.9624	67.0045	0
0.04	0.01	0.0253038	16.0325	59.8901	0
0.04	0.01	0.0253038	17.1791	55.9571	0
0.04	0.01	0.0253038	18.4077	56.0099	0
0.04	0.01	0.0253038	19.7242	54.6285	0
0.04	0.01	0.0253038	21.1349	49.6288	0
0.04	0.01	0.0253038	22.6464	44.1304	0
0.04	0.01	0.0253038	24.2661	38.9868	0
0.04	0.01	0.0253038	26.0016	35.8316	0
0.04	0.01	0.0253038	27.8612	33.5018	0
0.04	0.01	0.0253038	29.8538	30.8365	0
0.04	0.01	0.0253038	31.989	31.7614	0
0.04	0.01	0.0253038	34.2768	33.3769	0
0.04	0.01	0.0253038	36.7282	36.0745	0
0.04	0.01	0.0253038	39.355	43.1678	0
0.04	0.01	0.0253038	42.1697	44.5784	0
0.04	0.01	0.0253038	45.1856	47.4788	0
0.04	0.01	0.0253038	48.4172	49.1704	0
0.04	0.01	0.0253038	51.88	46.5891	0
0.04	0.01	0.0253038	55.5904	44.0785	0
0.04	0.01	0.0253038	59.5662	32.8846	0
0.04	0.01	0.0253038	63.8263	26.2088	0
0.04	0.01	0.0253038	68.3912	26.78	0
0.04	0.01	0.0253038	73.2825	28.7316	0
0.04	0.01	0.0253038	78.5236	29.9348	0
0.04	0.01	0.0253038	84.1395	30.0851	0
0.04	0.01	0.0253038	90.1571	28.1766	0
0.04	0.01	0.0253038	96.6051	25.9594	0
0.04	0.01	0.0276463	0.103514	284.931	0
0.04	0.01	0.0276463	0.110917	283.957	0
0.04	0.01	0.0276463	0.11885	282.845	0
0.04	0.01	0.0276463	0.12735	281.575	0
0.04	0.01	0.0276463	0.136458	280.128	0
0.04	0.01	0.0276463	0.146218	278.479	0
0.04	0.01	0.0276463	0.156675	276.604	0
0.04	0.01	0.0276463	0.16788	274.473	0
0.04	0.01	0.0276463	0.179887	272.055	0
0.04	0.01	0.0276463	0.192752	269.318	0
0.04	0.01	0.0276463	0.206538	266.224	0
0.04	0.01	0.0276463	0.221309	262.735	0
0.04	0.01	0.0276463	0.237137	258.812	0
0.04	0.01	0.0276463	0.254097	254.413	0
0.04	0.01	0.0276463	0.27227	249.497	0
0.04	0.01	0.0276463	0.291743	244.026	0
0.04	0.01	0.0276463	0.312608	237.963	0
0.04	0.01	0.0276463	0.334965	231.279	0
0.04	0.01	0.0276463	0.358922	223.951	0
0.04	0.01	0.0276463	0.384592	215.97	0
0.04	0.01	0.0276463	0.412098	207.341	0
0.04	0.01	0.0276463	0.44157	198.088	0
0.04	0.01	0.0276463	0.473151	188.257	0
0.04	0.01	0.0276463	0.506991	177.921	0
0.04	0.01	0.0276463	0.54325	167.178	0
0.04	0.01	0.0276463	0.582103	156.156	0
0.04	0.01	0.0276463	0.623735	145.006	0
0.04	0.01	0.0276463	0.668344	133.901	0
0.04	0.01	0.0276463	0.716143	123.028	0
0.04	0.01	0.0276463	0.767361	112.575	0
0.04	0.01	0.0276463	0.822243	102.724	0
0.04	0.01	0.0276463	0.881049	93.6376	0
0.04	0.01	0.0276463	0.944061	85.4497	0
0.04	0.01	0.0276463	1.01158	78.2591	0
0.04	0.01	0.0276463	1.08393	72.1276	0
0.04	0.01	0.0276463	1.16145	67.0817	0
0.04	0.01	0.0276463	1.24451	63.1168	0
0.04	0.01	0.0276463	1.33352	60.2024	0
0.04	0.01	0.0276463	1.42889	58.2883	0
0.04	0.01	0.0276463	1.53109	57.3117	0
0.04	0.01	0.0276463	1.64059	57.2063	0
0.04	0.01	0.0276463	1.75792	57.9078	0
0.04	0.01	0.0276463	1.88365	59.3489	0
0.04	0.01	0.0276463	2.01837	61.4342	0
0.04	0.01	0.0276463	2.16272	63.9926	0
0.04	0.01	0.0276463	2.31739	66.7082	0
0.04	0.01	0.0276463	2.48313	69.034	0
0.04	0.01	0.0276463	2.66073	70.1457	0
0.04	0.01	0.0276463	2.85102	69.073	0
0.04	0.01	0.0276463	3.05492	65.1199	0
0.04	0.01	0.0276463	3.27341	58.384	0
0.04	0.01	0.0276463	3.50752	49.9088	0
0.04	0.01	0.0276463	3.75837	41.2318	0
0.04	0.01	0.0276463	4.02717	33.5312	0
0.04	0.01	0.0276463	4.31519	26.8788	0
0.04	0.01	0.0276463	4.62381	20.3519	0
0.04	0.01	0.0276463	4.9545	13.288	0
0.04	0.01	0.0276463	5.30884	6.34891	0
0.04	0.01	0.0276463	5.68853	1.33665	0
0.04	0.01	0.0276463	6.09537	0.136642	0
0.04	0.01	0.0276463	6.53131	3.95724	0
0.04	0.01	0.0276463	6.99842	13.5323	0
0.04	0.01	0.0276463	7.49894	27.0452	0
0.04	0.01	0.0276463	8.03526	38.8229	0
0.04	0.01	0.0276463	8.60994	45.1796	0
0.04	0.01	0.0276463	9.22571	46.9727	0
0.04	0.01	0.0276463	9.88553	47.3576	0
0.04	0.01	0.0276463	10.5925	48.9856	0
0.04	0.01	0.0276463	11.3501	52.6956	0
0.04	0.01	0.0276463	12.1619	59.1409	0
0.04	0.01	0.0276463	13.0317	66.918	0
0.04	0.01	0.0276463	13.9637	70.7663	0
0.04	0.01	0.0276463	14.9624	67.0066	0
0.04	0.01	0.0276463	16.0325	59.8916	0
0.04	0.01	0.0276463	17.1791	55.958	0
0.04	0.01	0.0276463	18.4077	56.0105	0
0.04	0.01	0.0276463	19.7242	54.6291	0
0.04	0.01	0.0276463	21.1349	49.6296	0
0.04	0.01	0.0276463	22.6464	44.1313	0
0.04	0.01	0.0276463	24.2661	38.9878	0
0.04	0.01	0.0276463	26.0016	35.8326	0
0.04	0.01	0.0276463	27.8612	33.5025	0
0.04	0.01	0.0276463	29.8538	30.8369	0
0.04	0.01	0.0276463	31.989	31.7616	0
0.04	0.01	0.0276463	34.2768	33.3769	0
0.04	0.01	0.0276463	36.7282	36.0745	0
0.04	0.01	0.0276463	39.355	43.168	0
0.04	0.01	0.0276463	42.1697	44.579	0
0.04	0.01	0.0276463	45.1856	47.4798	0
0.04	0.01	0.0276463	48.4172	49.1715	0
0.04	0.01	0.0276463	51.88	46.5899	0
0.04	0.01	0.0276463	55.5904	44.0789	0
0.04	0.01	0.0276463	59.5662	32.8849	0
0.04	0.01	0.0276463	63.8263	26.2091	0
0.04	0.01	0.0276463	68.3912	26.7804	0
0.04	0.01	0.0276463	73.2825	28.7319	0
0.04	0.01	0.0276463	78.5236	29.9351	0
0.04	0.01	0.0276463	84.1395	30.0854	0
0.04	0.01	0.0276463	90.1571	28.1771	0
0.04	0.01	0.0276463	96.6051	25.9599	0
0.04	0.01	0.0302057	0.103514	284.931	0
0.04	0.01	0.0302057	0.110917	283.957	0
0.04	0.01	0.0302057	0.11885	282.845	0
0.04	0.01	0.0302057	0.12735	281.575	0
0.04	0.01	0.0302057	0.136458	280.128	0
0.04	0.01	0.0302057	0.146218	278.479	0
0.04	0.01	0.0302057	0.156675	276.604	0
0.04	0.01	0.0302057	0.16788	274.473	0
0.04	0.01	0.0302057	0.179887	272.055	0
0.04	0.01	0.0302057	0.192752	269.318	0
0.04	0.01	0.0302057	0.206538	266.224	0
0.04	0.01	0.0302057	0.221309	262.735	0
0.04	0.01	0.0302057	0.237137	258.812	0
0.04	0.01	0.0302057	0.254097	254.413	0
0.04	0.01	0.0302057	0.27227	249.497	0
0.04	0.01	0.0302057	0.291743	244.026	0
0.04	0.01	0.0302057	0.312608	237.963	0
0.04	0.01	0.0302057	0.334965	231.279	0
0.04	0.01	0.0302057	0.358922	223.951	0
0.04	0.01	0.0302057	0.384592	215.97	0
0.04	0.01	0.0302057	0.412098	207.341	0
0.04	0.01	0.0302057	0.44157	198.088	0
0.04	0.01	0.0302057	0.473151	188.257	0
0.04	0.01	0.0302057	0.506991	177.921	0
0.04	0.01	0.0302057	0.54325	167.178	0
0.04	0.01	0.0302057	0.582103	156.156	0
0.04	0.01	0.0302057	0.623735	145.006	0
0.04	0.01	0.0302057	0.668344	133.901	0
0.04	0.01	0.0302057	0.716143	123.028	0
0.04	0.01	0.0302057	0.767361	112.575	0
0.04	0.01	0.0302057	0.822243	102.724	0
0.04	0.01	0.0302057	0.881049	93.6377	0
0.04	0.01	0.0302057	0.944061	85.4498	0
0.04	0.01	0.0302057	1.01158	78.2592	0
0.04	0.01	0.0302057	1.08393	72.1277	0
0.04	0.01	0.0302057	1.16145	67.0818	0
0.04	0.01	0.0302057	1.24451	63.1169	0
0.04	0.01	0.0302057	1.33352	60.2025	0
0.04	0.01	0.0302057	1.42889	58.2883	0
0.04	0.01	0.0302057	1.53109	57.3117	0
0.04	0.01	0.0302057	1.64059	57.2063	0
0.04	0.01	0.0302057	1.75792	57.9077	0
0.04	0.01	0.0302057	1.88365	59.3488	0
0.04	0.01	0.0302057	2.01837	61.434	0
0.04	0.01	0.0302057	2.16272	63.9924	0
0.04	0.01	0.0302057	2.31739	66.7079	0
0.04	0.01	0.0302057	2.48313	69.0336	0
0.04	0.01	0.0302057	2.66073	70.1452	0
0.04	0.01	0.0302057	2.85102	69.0724	0
0.04	0.01	0.0302057	3.05492	65.1191	0
0.04	0.01	0.0302057	3.27341	58.3831	0
0.04	0.01	0.0302057	3.50752	49.9079	0
0.04	0.01	0.0302057	3.75837	41.2309	0
0.04	0.01	0.0302057	4.02717	33.5305	0
0.04	0.01	0.0302057	4.31519	26.8783	0
0.04	0.01	0.0302057	4.62381	20.3518	0
0.04	0.01	0.0302057	4.9545	13.2881	0
0.04	0.01	0.0302057	5.30884	6.34914	0
0.04	0.01	0.0302057	5.68853	1.33676	0
0.04	0.01	0.0302057	6.09537	0.136439	0
0.04	0.01	0.0302057	6.53131	3.9566	0
0.04	0.01	0.0302057	6.99842	13.5312	0
0.04	0.01	0.0302057	7.49894	27.0437	0
0.04	0.01	0.0302057	8.03526	38.8213	0
0.04	0.01	0.0302057	8.60994	45.1781	0
0.04	0.01	0.0302057	9.22571	46.9716	0
0.04	0.01	0.0302057	9.88553	47.3571	0
0.04	0.01	0.0302057	10.5925	48.986	0
0.04	0.01	0.0302057	11.3501	52.697	0
0.04	0.01	0.0302057	12.1619	59.1431	0
0.04	0.01	0.0302057	13.0317	66.9207	0
0.04	0.01	0.0302057	13.9637	70.7691	0
0.04	0.01	0.0302057	14.9624	67.009	0
0.04	0.01	0.0302057	16.0325	59.8932	0
0.04	0.01	0.0302057	17.1791	55.959	0
0.04	0.01	0.0302057	18.4077	56.0111	0
0.04	0.01	0.0302057	19.7242	54.6298	0
0.04	0.01	0.0302057	21.1349	49.6304	0
0.04	0.01	0.0302057	22.6464	44.1323	0
0.04	0.01	0.0302057	24.2661	38.9889	0
0.04	0.01	0.0302057	26.0016	35.8336	0
0.04	0.01	0.0302057	27.8612	33.5032	0
0.04	0.01	0.0302057	29.8538	30.8373	0
0.04	0.01	0.0302057	31.989	31.7618	0
0.04	0.01	0.0302057	34.2768	33.3769	0
0.04	0.01	0.0302057	36.7282	36.0745	0
0.04	0.01	0.0302057	39.355	43.1682	0
0.04	0.01	0.0302057	42.1697	44.5797	0
0.04	0.01	0.0302057	45.1856	47.481	0
0.04	0.01	0.0302057	48.4172	49.1728	0
0.04	0.01	0.0302057	51.88	46.5908	0
0.04	0.01	0.0302057	55.5904	44.0794	0
0.04	0.01	0.0302057	59.5662	32.8853	0
0.04	0.01	0.0302057	63.8263	26.2096	0
0.04	0.01	0.0302057	68.3912	26.7808	0
0.04	0.01	0.0302057	73.2825	28.7322	0
0.04	0.01	0.0302057	78.5236	29.9354	0
0.04	0.01	0.0302057	84.1395	30.0858	0
0.04	0.01	0.0302057	90.1571	28.1776	0
0.04	0.01	0.0302057	96.6051	25.9606	0
0.04	0.01	0.0330019	0.103514	284.931	0
0.04	0.01	0.0330019	0.110917	283.957	0
0.04	0.01	0.0330019	0.11885	282.845	0
0.04	0.01	0.0330019	0.12735	281.575	0
0.04	0.01	0.0330019	0.136458	280.128	0
0.04	0.01	0.0330019	0.146218	278.479	0
0.04	0.01	0.0330019	0.156675	276.604	0
0.04	0.01	0.0330019	0.16788	274.473	0
0.04	0.01	0.0330019	0.179887	272.055	0
0.04	0.01	0.0330019	0.192752	269.318	0
0.04	0.01	0.0330019	0.206538	266.224	0
0.04	0.01	0.0330019	0.221309	262.735	0
0.04	0.01	0.0330019	0.237137	258.812	0
0.04	0.01	0.0330019	0.254097	254.413	0
0.04	0.01	0.0330019	0.27227	249.497	0
0.04	0.01	0.0330019	0.291743	244.026	0
0.04	0.01	0.0330019	0.312608	237.964	0
0.04	0.01	0.0330019	0.334965	231.279	0
0.04	0.01	0.0330019	0.358922	223.951	0
0.04	0.01	0.0330019	0.384592	215.97	0
0.04	0.01	0.0330019	0.412098	207.341	0
0.04	0.01	0.0330019	0.44157	198.088	0
0.04	0.01	0.0330019	0.473151	188.257	0
0.04	0.01	0.0330019	0.506991	177.921	0
0.04	0.01	0.0330019	0.54325	167.178	0
0.04	0.01	0.0330019	0.582103	156.156	0
0.04	0.01	0.0330019	0.623735	145.006	0
0.04	0.01	0.0330019	0.668344	133.901	0
0.04	0.01	0.0330019	0.716143	123.028	0
0.04	0.01	0.0330019	0.767361	112.575	0
0.04	0.01	0.0330019	0.822243	102.724	0
0.04	0.01	0.0330019	0.881049	93.6379	0
0.04	0.01	0.0330019	0.944061	85.45	0
0.04	0.01	0.0330019	1.01158	78.2593	0
0.04	0.01	0.0330019	1.08393	72.1278	0
0.04	0.01	0.0330019	1.16145	67.0819	0
0.04	0.01	0.0330019	1.24451	63.117	0
0.04	0.01	0.0330019	1.33352	60.2025	0
0.04	0.01	0.0330019	1.42889	58.2884	0
0.04	0.01	0.0330019	1.53109	57.3117	0
0.04	0.01	0.0330019	1.64059	57.2062	0
0.04	0.01	0.0330019	1.75792	57.9076	0
0.04	0.01	0.0330019	1.88365	59.3487	0
0.04	0.01	0.0330019	2.01837	61.4338	0
0.04	0.01	0.0330019	2.16272	63.9922	0
0.04	0.01	0.0330019	2.31739	66.7075	0
0.04	0.01	0.0330019	2.48313	69.0332	0
0.04	0.01	0.0330019	2.66073	70.1447	0
0.04	0.01	0.0330019	2.85102	69.0717	0
0.04	0.01	0.0330019	3.05492	65.1183	0
0.04	0.01	0.0330019	3.27341	58.3821	0
0.04	0.01	0.0330019	3.50752	49.9069	0
0.04	0.01	0.0330019	3.75837	41.2299	0
0.04	0.01	0.0330019	4.02717	33.5297	0
0.04	0.01	0.0330019	4.31519	26.8778	0
0.04	0.01	0.0330019	4.62381	20.3516	0
0.04	0.01	0.0330019	4.9545	13.2883	0
0.04	0.01	0.0330019	5.30884	6.34939	0
0.04	0.01	0.0330019	5.68853	1.33689	0
0.04	0.01	0.0330019	6.09537	0.13622	0
0.04	0.01	0.0330019	6.53131	3.95589	0
0.04	0.01	0.0330019	6.99842	13.53	0
0.04	0.01	0.0330019	7.49894	27.0421	0
0.04	0.01	0.0330019	8.03526	38.8195	0
0.04	0.01	0.0330019	8.60994	45.1764	0
0.04	0.01	0.0330019	9.22571	46.9703	0
0.04	0.01	0.0330019	9.88553	47.3566	0
0.04	0.01	0.0330019	10.5925	48.9865	0
0.04	0.01	0.0330019	11.3501	52.6985	0
0.04	0.01	0.0330019	12.1619	59.1456	0
0.04	0.01	0.0330019	13.0317	66.9237	0
0.04	0.01	0.0330019	13.9637	70.7721	0
0.04	0.01	0.0330019	14.9624	67.0116	0
0.04	0.01	0.0330019	16.0325	59.895	0
0.04	0.01	0.0330019	17.1791	55.96	0
0.04	0.01	0.0330019	18.4077	56.0118	0
0.04	0.01	0.0330019	19.7242	54.6305	0
0.04	0.01	0.0330019	21.1349	49.6313	0
0.04	0.01	0.0330019	22.6464	44.1334	0
0.04	0.01	0.0330019	24.2661	38.9901	0
0.04	0.01	0.0330019	26.0016	35.8348	0
0.04	0.01	0.0330019	27.8612	33.5041	0
0.04	0.01	0.0330019	29.8538	30.8377	0
0.04	0.01	0.0330019	31.989	31.762	0
0.04	0.01	0.0330019	34.2768	33.3769	0
0.04	0.01	0.0330019	36.7282	36.0744	0
0.04	0.01	0.0330019	39.355	43.1684	0
0.04	0.01	0.0330019	42.1697	44.5804	0
0.04	0.01	0.0330019	45.1856	47.4822	0
0.04	0.01	0.0330019	48.4172	49.1741	0
0.04	0.01	0.0330019	51.88	46.5917	0
0.04	0.01	0.0330019	55.5904	44.0799	0
0.04	0.01	0.0330019	59.5662	32.8857	0
0.04	0.01	0.0330019	63.8263	26.21	0
0.04	0.01	0.0330019	68.3912	26.7812	0
0.04	0.01	0.0330019	73.2825	28.7325	0
0.04	0.01	0.0330019	78.5236	29.9357	0
0.04	0.01	0.0330019	84.1395	30.0862	0
0.04	0.01	0.0330019	90.1571	28.1781	0
0.04	0.01	0.0330019	96.6051	25.9612	0
0.04	0.01	0.0360571	0.103514	284.931	0
0.04	0.01	0.0360571	0.110917	283.957	0
0.04	0.01	0.0360571	0.11885	282.845	0
0.04	0.01	0.0360571	0.12735	281.575	0
0.04	0.01	0.0360571	0.136458	280.128	0
0.04	0.01	0.0360571	0.146218	278.479	0
0.04	0.01	0.0360571	0.156675	276.604	0
0.04	0.01	0.0360571	0.16788	274.473	0
0.04	0.01	0.0360571	0.179887	272.055	0
0.04	0.01	0.0360571	0.192752	269.318	0
0.04	0.01	0.0360571	0.206538	266.224	0
0.04	0.01	0.0360571	0.221309	262.735	0
0.04	0.01	0.0360571	0.237137	258.812	0
0.04	0.01	0.0360571	0.254097	254.413	0
0.04	0.01	0.0360571	0.27227	249.497	0
0.04	0.01	0.0360571	0.291743	244.026	0
0.04	0.01	0.0360571	0.312608	237.964	0
0.04	0.01	0.0360571	0.334965	231.279	0
0.04	0.01	0.0360571	0.358922	223.951	0
0.04	0.01	0.0360571	0.384592	215.97	0
0.04	0.01	0.0360571	0.412098	207.341	0
0.04	0.01	0.0360571	0.44157	198.088	0
0.04	0.01	0.0360571	0.473151	188.257	0
0.04	0.01	0.0360571	0.506991	177.921	0
0.04	0.01	0.0360571	0.54325	167.178	0
0.04	0.01	0.0360571	0.582103	156.156	0
0.04	0.01	0.0360571	0.623735	145.006	0
0.04	0.01	0.0360571	0.668344	133.902	0
0.04	0.01	0.0360571	0.716143	123.028	0
0.04	0.01	0.0360571	0.767361	112.575	0
0.04	0.01	0.0360571	0.822243	102.724	0
0.04	0.01	0.0360571	0.881049	93.638	0
0.04	0.01	0.0360571	0.944061	85.4501	0
0.04	0.01	0.0360571	1.01158	78.2595	0
0.04	0.01	0.0360571	1.08393	72.1279	0
0.04	0.01	0.0360571	1.16145	67.082	0
0.04	0.01	0.0360571	1.24451	63.1171	0
0.04	0.01	0.0360571	1.33352	60.2026	0
0.04	0.01	0.0360571	1.42889	58.2884	0
0.04	0.01	0.0360571	1.53109	57.3117	0
0.04	0.01	0.0360571	1.64059	57.2062	0
0.04	0.01	0.0360571	1.75792	57.9075	0
0.04	0.01	0.0360571	1.88365	59.3485	0
0.04	0.01	0.0360571	2.01837	61.4336	0
0.04	0.01	0.0360571	2.16272	63.9919	0
0.04	0.01	0.0360571	2.31739	66.7072	0
0.04	0.01	0.0360571	2.48313	69.0327	0
0.04	0.01	0.0360571	2.66073	70.1441	0
0.04	0.01	0.0360571	2.85102	69.0709	0
0.04	0.01	0.0360571	3.05492	65.1174	0
0.04	0.01	0.0360571	3.27341	58.3811	0
0.04	0.01	0.0360571	3.50752	49.9058	0
0.04	0.01	0.0360571	3.75837	41.2289	0
0.04	0.01	0.0360571	4.02717	33.5289	0
0.04	0.01	0.0360571	4.31519	26.8773	0
0.04	0.01	0.0360571	4.62381	20.3514	0
0.04	0.01	0.0360571	4.9545	13.2884	0
0.04	0.01	0.0360571	5.30884	6.34967	0
0.04	0.01	0.0360571	5.68853	1.33703	0
0.04	0.01	0.0360571	6.09537	0.135982	0
0.04	0.01	0.0360571	6.53131	3.95513	0
0.04	0.01	0.0360571	6.99842	13.5287	0
0.04	0.01	0.0360571	7.49894	27.0404	0
0.04	0.01	0.0360571	8.03526	38.8175	0
0.04	0.01	0.0360571	8.60994	45.1746	0
0.04	0.01	0.0360571	9.22571	46.9689	0
0.04	0.01	0.0360571	9.88553	47.3561	0
0.04	0.01	0.0360571	10.5925	48.987	0
0.04	0.01	0.0360571	11.3501	52.7002	0
0.04	0.01	0.0360571	12.1619	59.1482	0
0.04	0.01	0.0360571	13.0317	66.9269	0
0.04	0.01	0.0360571	13.9637	70.7754	0
0.04	0.01	0.0360571	14.9624	67.0144	0
0.04	0.01	0.0360571	16.0325	59.8969	0
0.04	0.01	0.0360571	17.1791	55.9611	0
0.04	0.01	0.0360571	18.4077	56.0126	0
0.04	0.01	0.0360571	19.7242	54.6313	0
0.04	0.01	0.0360571	21.1349	49.6323	0
0.04	0.01	0.0360571	22.6464	44.1346	0
0.04	0.01	0.0360571	24.2661	38.9914	0
0.04	0.01	0.0360571	26.0016	35.836	0
0.04	0.01	0.0360571	27.8612	33.505	0
0.04	0.01	0.0360571	29.8538	30.8382	0
0.04	0.01	0.0360571	31.989	31.7622	0
0.04	0.01	0.0360571	34.2768	33.377	0
0.04	0.01	0.0360571	36.7282	36.0744	0
0.04	0.01	0.0360571	39.355	43.1686	0
0.04	0.01	0.0360571	42.1697	44.5812	0
0.04	0.01	0.0360571	45.1856	47.4836	0
0.04	0.01	0.0360571	48.4172	49.1755	0
0.04	0.01	0.0360571	51.88	46.5927	0
0.04	0.01	0.0360571	55.5904	44.0804	0
0.04	0.01	0.0360571	59.5662	32.8861	0
0.04	0.01	0.0360571	63.8263	26.2105	0
0.04	0.01	0.0360571	68.3912	26.7817	0
0.04	0.01	0.0360571	73.2825	28.7329	0
0.04	0.01	0.0360571	78.5236	29.936	0
0.04	0.01	0.0360571	84.1395	30.0866	0
0.04	0.01	0.0360571	90.1571	28.1787	0
0.04	0.01	0.0360571	96.6051	25.962	0
0.04	0.01	0.039395	0.103514	284.931	0
0.04	0.01	0.039395	0.110917	283.957	0
0.04	0.01	0.039395	0.11885	282.845	0
0.04	0.01	0.039395	0.12735	281.575	0
0.04	0.01	0.039395	0.136458	280.128	0
0.04	0.01	0.039395	0.146218	278.479	0
0.04	0.01	0.039395	0.156675	276.604	0
0.04	0.01	0.039395	0.16788	274.473	0
0.04	0.01	0.039395	0.179887	272.055	0
0.04	0.01	0.039395	0.192752	269.318	0
0.04	0.01	0.039395	0.206538	266.224	0
0.04	0.01	0.039395	0.221309	262.735	0
0.04	0.01	0.039395	0.237137	258.812	0
0.04	0.01	0.039395	0.254097	254.413	0
0.04	0.01	0.039395	0.27227	249.497	0
0.04	0.01	0.039395	0.291743	244.026	0
0.04	0.01	0.039395	0.312608	237.964	0
0.04	0.01	0.039395	0.334965	231.279	0
0.04	0.01	0.039395	0.358922	223.951	0
0.04	0.01	0.039395	0.384592	215.97	0
0.04	0.01	0.039395	0.412098	207.341	0
0.04	0.01	0.039395	0.44157	198.088	0
0.04	0.01	0.039395	0.473151	188.257	0
0.04	0.01	0.039395	0.506991	177.921	0
0.04	0.01	0.039395	0.54325	167.178	0
0.04	0.01	0.039395	0.582103	156.156	0
0.04	0.01	0.039395	0.623735	145.006	0
0.04	0.01	0.039395	0.668344	133.902	0
0.04	0.01	0.039395	0.716143	123.028	0
0.04	0.01	0.039395	0.767361	112.575	0
0.04	0.01	0.039395	0.822243	102.724	0
0.04	0.01	0.039395	0.881049	93.6382	0
0.04	0.01	0.039395	0.944061	85.4503	0
0.04	0.01	0.039395	1.01158	78.2596	0
0.04	0.01	0.039395	1.08393	72.1281	0
0.04	0.01	0.039395	1.16145	67.0822	0
0.04	0.01	0.039395	1.24451	63.1172	0
0.04	0.01	0.039395	1.33352	60.2027	0
0.04	0.01	0.039395	1.42889	58.2884	0
0.04	0.01	0.039395	1.53109	57.3117	0
0.04	0.01	0.039395	1.64059	57.2062	0
0.04	0.01	0.039395	1.75792	57.9075	0
0.04	0.01	0.039395	1.88365	59.3484	0
0.04	0.01	0.039395	2.01837	61.4334	0
0.04	0.01	0.039395	2.16272	63.9916	0
0.04	0.01	0.039395	2.31739	66.7068	0
0.04	0.01	0.039395	2.48313	69.0322	0
0.04	0.01	0.039395	2.66073	70.1434	0
0.04	0.01	0.039395	2.85102	69.0701	0
0.04	0.01	0.039395	3.05492	65.1164	0
0.04	0.01	0.039395	3.27341	58.3799	0
0.04	0.01	0.039395	3.50752	49.9045	0
0.04	0.01	0.039395	3.75837	41.2277	0
0.04	0.01	0.039395	4.02717	33.5279	0
0.04	0.01	0.039395	4.31519	26.8767	0
0.04	0.01	0.039395	4.62381	20.3513	0
0.04	0.01	0.039395	4.9545	13.2886	0
0.04	0.01	0.039395	5.30884	6.34997	0
0.04	0.01	0.039395	5.68853	1.33719	0
0.04	0.01	0.039395	6.09537	0.135725	0
0.04	0.01	0.039395	6.53131	3.95429	0
0.04	0.01	0.039395	6.99842	13.5272	0
0.04	0.01	0.039395	7.49894	27.0385	0
0.04	0.01	0.039395	8.03526	38.8154	0
0.04	0.01	0.039395	8.60994	45.1726	0
0.04	0.01	0.039395	9.22571	46.9675	0
0.04	0.01	0.039395	9.88553	47.3555	0
0.04	0.01	0.039395	10.5925	48.9876	0
0.04	0.01	0.039395	11.3501	52.702	0
0.04	0.01	0.039395	12.1619	59.1511	0
0.04	0.01	0.039395	13.0317	66.9304	0
0.04	0.01	0.039395	13.9637	70.7791	0
0.04	0.01	0.039395	14.9624	67.0175	0
0.04	0.01	0.039395	16.0325	59.8991	0
0.04	0.01	0.039395	17.1791	55.9624	0
0.04	0.01	0.039395	18.4077	56.0134	0
0.04	0.01	0.039395	19.7242	54.6322	0
0.04	0.01	0.039395	21.1349	49.6333	0
0.04	0.01	0.039395	22.6464	44.1359	0
0.04	0.01	0.039395	24.2661	38.9929	0
0.04	0.01	0.039395	26.0016	35.8374	0
0.04	0.01	0.039395	27.8612	33.506	0
0.04	0.01	0.039395	29.8538	30.8388	0
0.04	0.01	0.039395	31.989	31.7624	0
0.04	0.01	0.039395	34.2768	33.377	0
0.04	0.01	0.039395	36.7282	36.0744	0
0.04	0.01	0.039395	39.355	43.1689	0
0.04	0.01	0.039395	42.1697	44.5821	0
0.04	0.01	0.039395	45.1856	47.4851	0
0.04	0.01	0.039395	48.4172	49.1771	0
0.04	0.01	0.039395	51.88	46.5939	0
0.04	0.01	0.039395	55.5904	44.081	0
0.04	0.01	0.039395	59.5662	32.8866	0
0.04	0.01	0.039395	63.8263	26.211	0
0.04	0.01	0.039395	68.3912	26.7822	0
0.04	0.01	0.039395	73.2825	28.7333	0
0.04	0.01	0.039395	78.5236	29.9364	0
0.04	0.01	0.039395	84.1395	30.0871	0
0.04	0.01	0.039395	90.1571	28.1794	0
0.04	0.01	0.039395	96.6051	25.9628	0
0.04	0.01	0.043042	0.103514	284.931	0
0.04	0.01	0.043042	0.110917	283.957	0
0.04	0.01	0.043042	0.11885	282.845	0
0.04	0.01	0.043042	0.12735	281.575	0
0.04	0.01	0.043042	0.136458	280.128	0
0.04	0.01	0.043042	0.146218	278.479	0
0.04	0.01	0.043042	0.156675	276.604	0
0.04	0.01	0.043042	0.16788	274.473	0
0.04	0.01	0.043042	0.179887	272.055	0
0.04	0.01	0.043042	0.192752	269.318	0
0.04	0.01	0.043042	0.206538	266.224	0
0.04	0.01	0.043042	0.221309	262.735	0
0.04	0.01	0.043042	0.237137	258.812	0
0.04	0.01	0.043042	0.254097	254.413	0
0.04	0.01	0.043042	0.27227	249.498	0
0.04	0.01	0.043042	0.291743	244.026	0
0.04	0.01	0.043042	0.312608	237.964	0
0.04	0.01	0.043042	0.334965	231.279	0
0.04	0.01	0.043042	0.358922	223.952	0
0.04	0.01	0.043042	0.384592	215.97	0
0.04	0.01	0.043042	0.412098	207.341	0
0.04	0.01	0.043042	0.44157	198.088	0
0.04	0.01	0.043042	0.473151	188.257	0
0.04	0.01	0.043042	0.506991	177.921	0
0.04	0.01	0.043042	0.54325	167.179	0
0.04	0.01	0.043042	0.582103	156.156	0
0.04	0.01	0.043042	0.623735	145.007	0
0.04	0.01	0.043042	0.668344	133.902	0
0.04	0.01	0.043042	0.716143	123.028	0
0.04	0.01	0.043042	0.767361	112.575	0
0.04	0.01	0.043042	0.822243	102.725	0
0.04	0.01	0.043042	0.881049	93.6384	0
0.04	0.01	0.043042	0.944061	85.4505	0
0.04	0.01	0.043042	1.01158	78.2598	0
0.04	0.01	0.043042	1.08393	72.1282	0
0.04	0.01	0.043042	1.16145	67.0823	0
0.04	0.01	0.043042	1.24451	63.1173	0
0.04	0.01	0.043042	1.33352	60.2028	0
0.04	0.01	0.043042	1.42889	58.2885	0
0.04	0.01	0.043042	1.53109	57.3118	0
0.04	0.01	0.043042	1.64059	57.2061	0
0.04	0.01	0.043042	1.75792	57.9074	0
0.04	0.01	0.043042	1.88365	59.3482	0
0.04	0.01	0.043042	2.01837	61.4332	0
0.04	0.01	0.043042	2.16272	63.9913	0
0.04	0.01	0.043042	2.31739	66.7064	0
0.04	0.01	0.043042	2.48313	69.0316	0
0.04	0.01	0.043042	2.66073	70.1427	0
0.04	0.01	0.043042	2.85102	69.0692	0
0.04	0.01	0.043042	3.05492	65.1153	0
0.04	0.01	0.043042	3.27341	58.3786	0
0.04	0.01	0.043042	3.50752	49.9032	0
0.04	0.01	0.043042	3.75837	41.2265	0
0.04	0.01	0.043042	4.02717	33.5269	0
0.04	0.01	0.043042	4.31519	26.8761	0
0.04	0.01	0.043042	4.62381	20.3511	0
0.04	0.01	0.043042	4.9545	13.2888	0
0.04	0.01	0.043042	5.30884	6.35031	0
0.04	0.01	0.043042	5.68853	1.33736	0
0.04	0.01	0.043042	6.09537	0.135447	0
0.04	0.01	0.043042	6.53131	3.95339	0
0.04	0.01	0.043042	6.99842	13.5257	0
0.04	0.01	0.043042	7.49894	27.0364	0
0.04	0.01	0.043042	8.03526	38.8131	0
0.04	0.01	0.043042	8.60994	45.1704	0
0.04	0.01	0.043042	9.22571	46.9658	0
0.04	0.01	0.043042	9.88553	47.3548	0
0.04	0.01	0.043042	10.5925	48.9882	0
0.04	0.01	0.043042	11.3501	52.704	0
0.04	0.01	0.043042	12.1619	59.1542	0
0.04	0.01	0.043042	13.0317	66.9343	0
0.04	0.01	0.043042	13.9637	70.783	0
0.04	0.01	0.043042	14.9624	67.0209	0
0.04	0.01	0.043042	16.0325	59.9014	0
0.04	0.01	0.043042	17.1791	55.9637	0
0.04	0.01	0.043042	18.4077	56.0143	0
0.04	0.01	0.043042	19.7242	54.6332	0
0.04	0.01	0.043042	21.1349	49.6345	0
0.04	0.01	0.043042	22.6464	44.1373	0
0.04	0.01	0.043042	24.2661	38.9945	0
0.04	0.01	0.043042	26.0016	35.8389	0
0.04	0.01	0.043042	27.8612	33.5071	0
0.04	0.01	0.043042	29.8538	30.8394	0
0.04	0.01	0.043042	31.989	31.7627	0
0.04	0.01	0.043042	34.2768	33.377	0
0.04	0.01	0.043042	36.7282	36.0744	0
0.04	0.01	0.043042	39.355	43.1692	0
0.04	0.01	0.043042	42.1697	44.583	0
0.04	0.01	0.043042	45.1856	47.4868	0
0.04	0.01	0.043042	48.4172	49.1789	0
0.04	0.01	0.043042	51.88	46.5951	0
0.04	0.01	0.043042	55.5904	44.0817	0
0.04	0.01	0.043042	59.5662	32.8872	0
0.04	0.01	0.043042	63.8263	26.2116	0
0.04	0.01	0.043042	68.3912	26.7828	0
0.04	0.01	0.043042	73.2825	28.7337	0
0.04	0.01	0.043042	78.5236	29.9368	0
0.04	0.01	0.043042	84.1395	30.0876	0
0.04	0.01	0.043042	90.1571	28.1801	0
0.04	0.01	0.043042	96.6051	25.9637	0
0.04	0.01	0.0470266	0.103514	284.931	0
0.04	0.01	0.0470266	0.110917	283.957	0
0.04	0.01	0.0470266	0.11885	282.845	0
0.04	0.01	0.0470266	0.12735	281.575	0
0.04	0.01	0.0470266	0.136458	280.128	0
0.04	0.01	0.0470266	0.146218	278.479	0
0.04	0.01	0.0470266	0.156675	276.604	0
0.04	0.01	0.0470266	0.16788	274.473	0
0.04	0.01	0.0470266	0.179887	272.055	0
0.04	0.01	0.0470266	0.192752	269.318	0
0.04	0.01	0.0470266	0.206538	266.224	0
0.04	0.01	0.0470266	0.221309	262.735	0
0.04	0.01	0.0470266	0.237137	258.812	0
0.04	0.01	0.0470266	0.254097	254.413	0
0.04	0.01	0.0470266	0.27227	249.498	0
0.04	0.01	0.0470266	0.291743	244.026	0
0.04	0.01	0.0470266	0.312608	237.964	0
0.04	0.01	0.0470266	0.334965	231.279	0
0.04	0.01	0.0470266	0.358922	223.952	0
0.04	0.01	0.0470266	0.384592	215.971	0
0.04	0.01	0.0470266	0.412098	207.341	0
0.04	0.01	0.0470266	0.44157	198.088	0
0.04	0.01	0.0470266	0.473151	188.257	0
0.04	0.01	0.0470266	0.506991	177.921	0
0.04	0.01	0.0470266	0.54325	167.179	0
0.04	0.01	0.0470266	0.582103	156.157	0
0.04	0.01	0.0470266	0.623735	145.007	0
0.04	0.01	0.0470266	0.668344	133.902	0
0.04	0.01	0.0470266	0.716143	123.029	0
0.04	0.01	0.0470266	0.767361	112.576	0
0.04	0.01	0.0470266	0.822243	102.725	0
0.04	0.01	0.0470266	0.881049	93.6386	0
0.04	0.01	0.0470266	0.944061	85.4507	0
0.04	0.01	0.0470266	1.01158	78.26	0
0.04	0.01	0.0470266	1.08393	72.1284	0
0.04	0.01	0.0470266	1.16145	67.0824	0
0.04	0.01	0.0470266	1.24451	63.1174	0
0.04	0.01	0.0470266	1.33352	60.2029	0
0.04	0.01	0.0470266	1.42889	58.2885	0
0.04	0.01	0.0470266	1.53109	57.3118	0
0.04	0.01	0.0470266	1.64059	57.2061	0
0.04	0.01	0.0470266	1.75792	57.9073	0
0.04	0.01	0.0470266	1.88365	59.3481	0
0.04	0.01	0.0470266	2.01837	61.433	0
0.04	0.01	0.0470266	2.16272	63.991	0
0.04	0.01	0.0470266	2.31739	66.7059	0
0.04	0.01	0.0470266	2.48313	69.031	0
0.04	0.01	0.0470266	2.66073	70.1419	0
0.04	0.01	0.0470266	2.85102	69.0682	0
0.04	0.01	0.0470266	3.05492	65.1141	0
0.04	0.01	0.0470266	3.27341	58.3773	0
0.04	0.01	0.0470266	3.50752	49.9018	0
0.04	0.01	0.0470266	3.75837	41.2251	0
0.04	0.01	0.0470266	4.02717	33.5258	0
0.04	0.01	0.0470266	4.31519	26.8754	0
0.04	0.01	0.0470266	4.62381	20.3509	0
0.04	0.01	0.0470266	4.9545	13.289	0
0.04	0.01	0.0470266	5.30884	6.35068	0
0.04	0.01	0.0470266	5.68853	1.33756	0
0.04	0.01	0.0470266	6.09537	0.135148	0
0.04	0.01	0.0470266	6.53131	3.9524	0
0.04	0.01	0.0470266	6.99842	13.524	0
0.04	0.01	0.0470266	7.49894	27.0341	0
0.04	0.01	0.0470266	8.03526	38.8106	0
0.04	0.01	0.0470266	8.60994	45.168	0
0.04	0.01	0.0470266	9.22571	46.9641	0
0.04	0.01	0.0470266	9.88553	47.3541	0
0.04	0.01	0.0470266	10.5925	48.9889	0
0.04	0.01	0.0470266	11.3501	52.7061	0
0.04	0.01	0.0470266	12.1619	59.1577	0
0.04	0.01	0.0470266	13.0317	66.9386	0
0.04	0.01	0.0470266	13.9637	70.7874	0
0.04	0.01	0.0470266	14.9624	67.0246	0
0.04	0.01	0.0470266	16.0325	59.904	0
0.04	0.01	0.0470266	17.1791	55.9652	0
0.04	0.01	0.0470266	18.4077	56.0153	0
0.04	0.01	0.0470266	19.7242	54.6342	0
0.04	0.01	0.0470266	21.1349	49.6358	0
0.04	0.01	0.0470266	22.6464	44.1388	0
0.04	0.01	0.0470266	24.2661	38.9962	0
0.04	0.01	0.0470266	26.0016	35.8405	0
0.04	0.01	0.0470266	27.8612	33.5083	0
0.04	0.01	0.0470266	29.8538	30.8401	0
0.04	0.01	0.0470266	31.989	31.763	0
0.04	0.01	0.0470266	34.2768	33.3771	0
0.04	0.01	0.0470266	36.7282	36.0743	0
0.04	0.01	0.0470266	39.355	43.1695	0
0.04	0.01	0.0470266	42.1697	44.584	0
0.04	0.01	0.0470266	45.1856	47.4886	0
0.04	0.01	0.0470266	48.4172	49.1808	0
0.04	0.01	0.0470266	51.88	46.5965	0
0.04	0.01	0.0470266	55.5904	44.0824	0
0.04	0.01	0.0470266	59.5662	32.8877	0
0.04	0.01	0.0470266	63.8263	26.2123	0
0.04	0.01	0.0470266	68.3912	26.7835	0
0.04	0.01	0.0470266	73.2825	28.7342	0
0.04	0.01	0.0470266	78.5236	29.9372	0
0.04	0.01	0.0470266	84.1395	30.0881	0
0.04	0.01	0.0470266	90.1571	28.1808	0
0.04	0.01	0.0470266	96.6051	25.9647	0
0.04	0.01	0.05138	0.103514	284.931	0
0.04	0.01	0.05138	0.110917	283.957	0
0.04	0.01	0.05138	0.11885	282.845	0
0.04	0.01	0.05138	0.12735	281.575	0
0.04	0.01	0.05138	0.136458	280.128	0
0.04	0.01	0.05138	0.146218	278.479	0
0.04	0.01	0.05138	0.156675	276.604	0
0.04	0.01	0.05138	0.16788	274.473	0
0.04	0.01	0.05138	0.179887	272.055	0
0.04	0.01	0.05138	0.192752	269.318	0
0.04	0.01	0.05138	0.206538	266.224	0
0.04	0.01	0.05138	0.221309	262.735	0
0.04	0.01	0.05138	0.237137	258.812	0
0.04	0.01	0.05138	0.254097	254.413	0
0.04	0.01	0.05138	0.27227	249.498	0
0.04	0.01	0.05138	0.291743	244.027	0
0.04	0.01	0.05138	0.312608	237.964	0
0.04	0.01	0.05138	0.334965	231.279	0
0.04	0.01	0.05138	0.358922	223.952	0
0.04	0.01	0.05138	0.384592	215.971	0
0.04	0.01	0.05138	0.412098	207.341	0
0.04	0.01	0.05138	0.44157	198.088	0
0.04	0.01	0.05138	0.473151	188.258	0
0.04	0.01	0.05138	0.506991	177.921	0
0.04	0.01	0.05138	0.54325	167.179	0
0.04	0.01	0.05138	0.582103	156.157	0
0.04	0.01	0.05138	0.623735	145.007	0
0.04	0.01	0.05138	0.668344	133.902	0
0.04	0.01	0.05138	0.716143	123.029	0
0.04	0.01	0.05138	0.767361	112.576	0
0.04	0.01	0.05138	0.822243	102.725	0
0.04	0.01	0.05138	0.881049	93.6388	0
0.04	0.01	0.05138	0.944061	85.4509	0
0.04	0.01	0.05138	1.01158	78.2602	0
0.04	0.01	0.05138	1.08393	72.1286	0
0.04	0.01	0.05138	1.16145	67.0826	0
0.04	0.01	0.05138	1.24451	63.1176	0
0.04	0.01	0.05138	1.33352	60.203	0
0.04	0.01	0.05138	1.42889	58.2886	0
0.04	0.01	0.05138	1.53109	57.3118	0
0.04	0.01	0.05138	1.64059	57.206	0
0.04	0.01	0.05138	1.75792	57.9072	0
0.04	0.01	0.05138	1.88365	59.3479	0
0.04	0.01	0.05138	2.01837	61.4327	0
0.04	0.01	0.05138	2.16272	63.9906	0
0.04	0.01	0.05138	2.31739	66.7054	0
0.04	0.01	0.05138	2.48313	69.0304	0
0.04	0.01	0.05138	2.66073	70.1411	0
0.04	0.01	0.05138	2.85102	69.0671	0
0.04	0.01	0.05138	3.05492	65.1128	0
0.04	0.01	0.05138	3.27341	58.3758	0
0.04	0.01	0.05138	3.50752	49.9002	0
0.04	0.01	0.05138	3.75837	41.2236	0
0.04	0.01	0.05138	4.02717	33.5246	0
0.04	0.01	0.05138	4.31519	26.8746	0
0.04	0.01	0.05138	4.62381	20.3507	0
0.04	0.01	0.05138	4.9545	13.2892	0
0.04	0.01	0.05138	5.30884	6.35109	0
0.04	0.01	0.05138	5.68853	1.33777	0
0.04	0.01	0.05138	6.09537	0.134826	0
0.04	0.01	0.05138	6.53131	3.95132	0
0.04	0.01	0.05138	6.99842	13.5221	0
0.04	0.01	0.05138	7.49894	27.0316	0
0.04	0.01	0.05138	8.03526	38.8078	0
0.04	0.01	0.05138	8.60994	45.1654	0
0.04	0.01	0.05138	9.22571	46.9621	0
0.04	0.01	0.05138	9.88553	47.3534	0
0.04	0.01	0.05138	10.5925	48.9896	0
0.04	0.01	0.05138	11.3501	52.7085	0
0.04	0.01	0.05138	12.1619	59.1614	0
0.04	0.01	0.05138	13.0317	66.9432	0
0.04	0.01	0.05138	13.9637	70.7921	0
0.04	0.01	0.05138	14.9624	67.0286	0
0.04	0.01	0.05138	16.0325	59.9067	0
0.04	0.01	0.05138	17.1791	55.9668	0
0.04	0.01	0.05138	18.4077	56.0164	0
0.04	0.01	0.05138	19.7242	54.6354	0
0.04	0.01	0.05138	21.1349	49.6372	0
0.04	0.01	0.05138	22.6464	44.1405	0
0.04	0.01	0.05138	24.2661	38.9981	0
0.04	0.01	0.05138	26.0016	35.8423	0
0.04	0.01	0.05138	27.8612	33.5096	0
0.04	0.01	0.05138	29.8538	30.8408	0
0.04	0.01	0.05138	31.989	31.7633	0
0.04	0.01	0.05138	34.2768	33.3771	0
0.04	0.01	0.05138	36.7282	36.0743	0
0.04	0.01	0.05138	39.355	43.1698	0
0.04	0.01	0.05138	42.1697	44.5852	0
0.04	0.01	0.05138	45.1856	47.4905	0
0.04	0.01	0.05138	48.4172	49.1829	0
0.04	0.01	0.05138	51.88	46.5979	0
0.04	0.01	0.05138	55.5904	44.0832	0
0.04	0.01	0.05138	59.5662	32.8884	0
0.04	0.01	0.05138	63.8263	26.213	0
0.04	0.01	0.05138	68.3912	26.7842	0
0.04	0.01	0.05138	73.2825	28.7347	0
0.04	0.01	0.05138	78.5236	29.9377	0
0.04	0.01	0.05138	84.1395	30.0888	0
0.04	0.01	0.05138	90.1571	28.1817	0
0.04	0.01	0.05138	96.6051	25.9657	0
0.04	0.01	0.0561365	0.103514	284.931	0
0.04	0.01	0.0561365	0.110917	283.957	0
0.04	0.01	0.0561365	0.11885	282.845	0
0.04	0.01	0.0561365	0.12735	281.575	0
0.04	0.01	0.0561365	0.136458	280.128	0
0.04	0.01	0.0561365	0.146218	278.479	0
0.04	0.01	0.0561365	0.156675	276.604	0
0.04	0.01	0.0561365	0.16788	274.473	0
0.04	0.01	0.0561365	0.179887	272.055	0
0.04	0.01	0.0561365	0.192752	269.318	0
0.04	0.01	0.0561365	0.206538	266.224	0
0.04	0.01	0.0561365	0.221309	262.735	0
0.04	0.01	0.0561365	0.237137	258.812	0
0.04	0.01	0.0561365	0.254097	254.413	0
0.04	0.01	0.0561365	0.27227	249.498	0
0.04	0.01	0.0561365	0.291743	244.027	0
0.04	0.01	0.0561365	0.312608	237.964	0
0.04	0.01	0.0561365	0.334965	231.28	0
0.04	0.01	0.0561365	0.358922	223.952	0
0.04	0.01	0.0561365	0.384592	215.971	0
0.04	0.01	0.0561365	0.412098	207.342	0
0.04	0.01	0.0561365	0.44157	198.088	0
0.04	0.01	0.0561365	0.473151	188.258	0
0.04	0.01	0.0561365	0.506991	177.922	0
0.04	0.01	0.0561365	0.54325	167.179	0
0.04	0.01	0.0561365	0.582103	156.157	0
0.04	0.01	0.0561365	0.623735	145.007	0
0.04	0.01	0.0561365	0.668344	133.902	0
0.04	0.01	0.0561365	0.716143	123.029	0
0.04	0.01	0.0561365	0.767361	112.576	0
0.04	0.01	0.0561365	0.822243	102.725	0
0.04	0.01	0.0561365	0.881049	93.639	0
0.04	0.01	0.0561365	0.944061	85.4511	0
0.04	0.01	0.0561365	1.01158	78.2604	0
0.04	0.01	0.0561365	1.08393	72.1288	0
0.04	0.01	0.0561365	1.16145	67.0828	0
0.04	0.01	0.0561365	1.24451	63.1177	0
0.04	0.01	0.0561365	1.33352	60.2031	0
0.04	0.01	0.0561365	1.42889	58.2887	0
0.04	0.01	0.0561365	1.53109	57.3118	0
0.04	0.01	0.0561365	1.64059	57.206	0
0.04	0.01	0.0561365	1.75792	57.907	0
0.04	0.01	0.0561365	1.88365	59.3477	0
0.04	0.01	0.0561365	2.01837	61.4324	0
0.04	0.01	0.0561365	2.16272	63.9902	0
0.04	0.01	0.0561365	2.31739	66.7049	0
0.04	0.01	0.0561365	2.48313	69.0297	0
0.04	0.01	0.0561365	2.66073	70.1402	0
0.04	0.01	0.0561365	2.85102	69.066	0
0.04	0.01	0.0561365	3.05492	65.1114	0
0.04	0.01	0.0561365	3.27341	58.3742	0
0.04	0.01	0.0561365	3.50752	49.8985	0
0.04	0.01	0.0561365	3.75837	41.222	0
0.04	0.01	0.0561365	4.02717	33.5233	0
0.04	0.01	0.0561365	4.31519	26.8738	0
0.04	0.01	0.0561365	4.62381	20.3504	0
0.04	0.01	0.0561365	4.9545	13.2895	0
0.04	0.01	0.0561365	5.30884	6.35155	0
0.04	0.01	0.0561365	5.68853	1.33801	0
0.04	0.01	0.0561365	6.09537	0.13448	0
0.04	0.01	0.0561365	6.53131	3.95016	0
0.04	0.01	0.0561365	6.99842	13.5201	0
0.04	0.01	0.0561365	7.49894	27.0289	0
0.04	0.01	0.0561365	8.03526	38.8048	0
0.04	0.01	0.0561365	8.60994	45.1626	0
0.04	0.01	0.0561365	9.22571	46.96	0
0.04	0.01	0.0561365	9.88553	47.3525	0
0.04	0.01	0.0561365	10.5925	48.9904	0
0.04	0.01	0.0561365	11.3501	52.7111	0
0.04	0.01	0.0561365	12.1619	59.1656	0
0.04	0.01	0.0561365	13.0317	66.9483	0
0.04	0.01	0.0561365	13.9637	70.7973	0
0.04	0.01	0.0561365	14.9624	67.0331	0
0.04	0.01	0.0561365	16.0325	59.9098	0
0.04	0.01	0.0561365	17.1791	55.9686	0
0.04	0.01	0.0561365	18.4077	56.0176	0
0.04	0.01	0.0561365	19.7242	54.6366	0
0.04	0.01	0.0561365	21.1349	49.6387	0
0.04	0.01	0.0561365	22.6464	44.1423	0
0.04	0.01	0.0561365	24.2661	39.0002	0
0.04	0.01	0.0561365	26.0016	35.8443	0
0.04	0.01	0.0561365	27.8612	33.5111	0
0.04	0.01	0.0561365	29.8538	30.8416	0
0.04	0.01	0.0561365	31.989	31.7636	0
0.04	0.01	0.0561365	34.2768	33.3772	0
0.04	0.01	0.0561365	36.7282	36.0743	0
0.04	0.01	0.0561365	39.355	43.1702	0
0.04	0.01	0.0561365	42.1697	44.5864	0
0.04	0.01	0.0561365	45.1856	47.4927	0
0.04	0.01	0.0561365	48.4172	49.1851	0
0.04	0.01	0.0561365	51.88	46.5995	0
0.04	0.01	0.0561365	55.5904	44.0841	0
0.04	0.01	0.0561365	59.5662	32.8891	0
0.04	0.01	0.0561365	63.8263	26.2137	0
0.04	0.01	0.0561365	68.3912	26.7849	0
0.04	0.01	0.0561365	73.2825	28.7353	0
0.04	0.01	0.0561365	78.5236	29.9382	0
0.04	0.01	0.0561365	84.1395	30.0894	0
0.04	0.01	0.0561365	90.1571	28.1826	0
0.04	0.01	0.0561365	96.6051	25.9669	0
0.04	0.01	0.0613333	0.103514	284.931	0
0.04	0.01	0.0613333	0.110917	283.957	0
0.04	0.01	0.0613333	0.11885	282.845	0
0.04	0.01	0.0613333	0.12735	281.575	0
0.04	0.01	0.0613333	0.136458	280.128	0
0.04	0.01	0.0613333	0.146218	278.479	0
0.04	0.01	0.0613333	0.156675	276.604	0
0.04	0.01	0.0613333	0.16788	274.473	0
0.04	0.01	0.0613333	0.179887	272.056	0
0.04	0.01	0.0613333	0.192752	269.318	0
0.04	0.01	0.0613333	0.206538	266.224	0
0.04	0.01	0.0613333	0.221309	262.735	0
0.04	0.01	0.0613333	0.237137	258.812	0
0.04	0.01	0.0613333	0.254097	254.413	0
0.04	0.01	0.0613333	0.27227	249.498	0
0.04	0.01	0.0613333	0.291743	244.027	0
0.04	0.01	0.0613333	0.312608	237.964	0
0.04	0.01	0.0613333	0.334965	231.28	0
0.04	0.01	0.0613333	0.358922	223.952	0
0.04	0.01	0.0613333	0.384592	215.971	0
0.04	0.01	0.0613333	0.412098	207.342	0
0.04	0.01	0.0613333	0.44157	198.088	0
0.04	0.01	0.0613333	0.473151	188.258	0
0.04	0.01	0.0613333	0.506991	177.922	0
0.04	0.01	0.0613333	0.54325	167.179	0
0.04	0.01	0.0613333	0.582103	156.157	0
0.04	0.01	0.0613333	0.623735	145.007	0
0.04	0.01	0.0613333	0.668344	133.903	0
0.04	0.01	0.0613333	0.716143	123.029	0
0.04	0.01	0.0613333	0.767361	112.576	0
0.04	0.01	0.0613333	0.822243	102.726	0
0.04	0.01	0.0613333	0.881049	93.6393	0
0.04	0.01	0.0613333	0.944061	85.4514	0
0.04	0.01	0.0613333	1.01158	78.2606	0
0.04	0.01	0.0613333	1.08393	72.129	0
0.04	0.01	0.0613333	1.16145	67.083	0
0.04	0.01	0.0613333	1.24451	63.1179	0
0.04	0.01	0.0613333	1.33352	60.2032	0
0.04	0.01	0.0613333	1.42889	58.2887	0
0.04	0.01	0.0613333	1.53109	57.3118	0
0.04	0.01	0.0613333	1.64059	57.2059	0
0.04	0.01	0.0613333	1.75792	57.9069	0
0.04	0.01	0.0613333	1.88365	59.3475	0
0.04	0.01	0.0613333	2.01837	61.4321	0
0.04	0.01	0.0613333	2.16272	63.9898	0
0.04	0.01	0.0613333	2.31739	66.7043	0
0.04	0.01	0.0613333	2.48313	69.0289	0
0.04	0.01	0.0613333	2.66073	70.1391	0
0.04	0.01	0.0613333	2.85102	69.0647	0
0.04	0.01	0.0613333	3.05492	65.1098	0
0.04	0.01	0.0613333	3.27341	58.3724	0
0.04	0.01	0.0613333	3.50752	49.8966	0
0.04	0.01	0.0613333	3.75837	41.2202	0
0.04	0.01	0.0613333	4.02717	33.5219	0
0.04	0.01	0.0613333	4.31519	26.8729	0
0.04	0.01	0.0613333	4.62381	20.3502	0
0.04	0.01	0.0613333	4.9545	13.2898	0
0.04	0.01	0.0613333	5.30884	6.35205	0
0.04	0.01	0.0613333	5.68853	1.33829	0
0.04	0.01	0.0613333	6.09537	0.134109	0
0.04	0.01	0.0613333	6.53131	3.94889	0
0.04	0.01	0.0613333	6.99842	13.5179	0
0.04	0.01	0.0613333	7.49894	27.026	0
0.04	0.01	0.0613333	8.03526	38.8015	0
0.04	0.01	0.0613333	8.60994	45.1595	0
0.04	0.01	0.0613333	9.22571	46.9577	0
0.04	0.01	0.0613333	9.88553	47.3516	0
0.04	0.01	0.0613333	10.5925	48.9913	0
0.04	0.01	0.0613333	11.3501	52.7139	0
0.04	0.01	0.0613333	12.1619	59.1701	0
0.04	0.01	0.0613333	13.0317	66.9538	0
0.04	0.01	0.0613333	13.9637	70.803	0
0.04	0.01	0.0613333	14.9624	67.0379	0
0.04	0.01	0.0613333	16.0325	59.9131	0
0.04	0.01	0.0613333	17.1791	55.9706	0
0.04	0.01	0.0613333	18.4077	56.0189	0
0.04	0.01	0.0613333	19.7242	54.638	0
0.04	0.01	0.0613333	21.1349	49.6404	0
0.04	0.01	0.0613333	22.6464	44.1444	0
0.04	0.01	0.0613333	24.2661	39.0025	0
0.04	0.01	0.0613333	26.0016	35.8465	0
0.04	0.01	0.0613333	27.8612	33.5126	0
0.04	0.01	0.0613333	29.8538	30.8425	0
0.04	0.01	0.0613333	31.989	31.764	0
0.04	0.01	0.0613333	34.2768	33.3772	0
0.04	0.01	0.0613333	36.7282	36.0743	0
0.04	0.01	0.0613333	39.355	43.1706	0
0.04	0.01	0.0613333	42.1697	44.5878	0
0.04	0.01	0.0613333	45.1856	47.495	0
0.04	0.01	0.0613333	48.4172	49.1876	0
0.04	0.01	0.0613333	51.88	46.6013	0
0.04	0.01	0.0613333	55.5904	44.0851	0
0.04	0.01	0.0613333	59.5662	32.8899	0
0.04	0.01	0.0613333	63.8263	26.2146	0
0.04	0.01	0.0613333	68.3912	26.7858	0
0.04	0.01	0.0613333	73.2825	28.736	0
0.04	0.01	0.0613333	78.5236	29.9388	0
0.04	0.01	0.0613333	84.1395	30.0902	0
0.04	0.01	0.0613333	90.1571	28.1837	0
0.04	0.01	0.0613333	96.6051	25.9682	0
0.04	0.01	0.0670111	0.103514	284.931	0
0.04	0.01	0.0670111	0.110917	283.957	0
0.04	0.01	0.0670111	0.11885	282.845	0
0.04	0.01	0.0670111	0.12735	281.575	0
0.04	0.01	0.0670111	0.136458	280.128	0
0.04	0.01	0.0670111	0.146218	278.48	0
0.04	0.01	0.0670111	0.156675	276.604	0
0.04	0.01	0.0670111	0.16788	274.473	0
0.04	0.01	0.0670111	0.179887	272.056	0
0.04	0.01	0.0670111	0.192752	269.318	0
0.04	0.01	0.0670111	0.206538	266.224	0
0.04	0.01	0.0670111	0.221309	262.735	0
0.04	0.01	0.0670111	0.237137	258.812	0
0.04	0.01	0.0670111	0.254097	254.413	0
0.04	0.01	0.0670111	0.27227	249.498	0
0.04	0.01	0.0670111	0.291743	244.027	0
0.04	0.01	0.0670111	0.312608	237.964	0
0.04	0.01	0.0670111	0.334965	231.28	0
0.04	0.01	0.0670111	0.358922	223.952	0
0.04	0.01	0.0670111	0.384592	215.971	0
0.04	0.01	0.0670111	0.412098	207.342	0
0.04	0.01	0.0670111	0.44157	198.089	0
0.04	0.01	0.0670111	0.473151	188.258	0
0.04	0.01	0.0670111	0.506991	177.922	0
0.04	0.01	0.0670111	0.54325	167.179	0
0.04	0.01	0.0670111	0.582103	156.157	0
0.04	0.01	0.0670111	0.623735	145.008	0
0.04	0.01	0.0670111	0.668344	133.903	0
0.04	0.01	0.0670111	0.716143	123.029	0
0.04	0.01	0.0670111	0.767361	112.577	0
0.04	0.01	0.0670111	0.822243	102.726	0
0.04	0.01	0.0670111	0.881049	93.6396	0
0.04	0.01	0.0670111	0.944061	85.4516	0
0.04	0.01	0.0670111	1.01158	78.2609	0
0.04	0.01	0.0670111	1.08393	72.1293	0
0.04	0.01	0.0670111	1.16145	67.0832	0
0.04	0.01	0.0670111	1.24451	63.118	0
0.04	0.01	0.0670111	1.33352	60.2033	0
0.04	0.01	0.0670111	1.42889	58.2888	0
0.04	0.01	0.0670111	1.53109	57.3118	0
0.04	0.01	0.0670111	1.64059	57.2058	0
0.04	0.01	0.0670111	1.75792	57.9068	0
0.04	0.01	0.0670111	1.88365	59.3472	0
0.04	0.01	0.0670111	2.01837	61.4318	0
0.04	0.01	0.0670111	2.16272	63.9893	0
0.04	0.01	0.0670111	2.31739	66.7037	0
0.04	0.01	0.0670111	2.48313	69.028	0
0.04	0.01	0.0670111	2.66073	70.138	0
0.04	0.01	0.0670111	2.85102	69.0633	0
0.04	0.01	0.0670111	3.05492	65.1081	0
0.04	0.01	0.0670111	3.27341	58.3704	0
0.04	0.01	0.0670111	3.50752	49.8946	0
0.04	0.01	0.0670111	3.75837	41.2183	0
0.04	0.01	0.0670111	4.02717	33.5203	0
0.04	0.01	0.0670111	4.31519	26.872	0
0.04	0.01	0.0670111	4.62381	20.3499	0
0.04	0.01	0.0670111	4.9545	13.2901	0
0.04	0.01	0.0670111	5.30884	6.35261	0
0.04	0.01	0.0670111	5.68853	1.33859	0
0.04	0.01	0.0670111	6.09537	0.133712	0
0.04	0.01	0.0670111	6.53131	3.94751	0
0.04	0.01	0.0670111	6.99842	13.5155	0
0.04	0.01	0.0670111	7.49894	27.0228	0
0.04	0.01	0.0670111	8.03526	38.7979	0
0.04	0.01	0.0670111	8.60994	45.1561	0
0.04	0.01	0.0670111	9.22571	46.9552	0
0.04	0.01	0.0670111	9.88553	47.3506	0
0.04	0.01	0.0670111	10.5925	48.9923	0
0.04	0.01	0.0670111	11.3501	52.717	0
0.04	0.01	0.0670111	12.1619	59.175	0
0.04	0.01	0.0670111	13.0317	66.9599	0
0.04	0.01	0.0670111	13.9637	70.8092	0
0.04	0.01	0.0670111	14.9624	67.0432	0
0.04	0.01	0.0670111	16.0325	59.9168	0
0.04	0.01	0.0670111	17.1791	55.9727	0
0.04	0.01	0.0670111	18.4077	56.0203	0
0.04	0.01	0.0670111	19.7242	54.6395	0
0.04	0.01	0.0670111	21.1349	49.6422	0
0.04	0.01	0.0670111	22.6464	44.1466	0
0.04	0.01	0.0670111	24.2661	39.0049	0
0.04	0.01	0.0670111	26.0016	35.8488	0
0.04	0.01	0.0670111	27.8612	33.5144	0
0.04	0.01	0.0670111	29.8538	30.8434	0
0.04	0.01	0.0670111	31.989	31.7645	0
0.04	0.01	0.0670111	34.2768	33.3773	0
0.04	0.01	0.0670111	36.7282	36.0742	0
0.04	0.01	0.0670111	39.355	43.171	0
0.04	0.01	0.0670111	42.1697	44.5893	0
0.04	0.01	0.0670111	45.1856	47.4976	0
0.04	0.01	0.0670111	48.4172	49.1904	0
0.04	0.01	0.0670111	51.88	46.6032	0
0.04	0.01	0.0670111	55.5904	44.0862	0
0.04	0.01	0.0670111	59.5662	32.8907	0
0.04	0.01	0.0670111	63.8263	26.2155	0
0.04	0.01	0.0670111	68.3912	26.7867	0
0.04	0.01	0.0670111	73.2825	28.7367	0
0.04	0.01	0.0670111	78.5236	29.9395	0
0.04	0.01	0.0670111	84.1395	30.091	0
0.04	0.01	0.0670111	90.1571	28.1848	0
0.04	0.01	0.0670111	96.6051	25.9696	0
0.04	0.01	0.0732147	0.103514	284.931	0
0.04	0.01	0.0732147	0.110917	283.957	0
0.04	0.01	0.0732147	0.11885	282.845	0
0.04	0.01	0.0732147	0.12735	281.575	0
0.04	0.01	0.0732147	0.136458	280.128	0
0.04	0.01	0.0732147	0.146218	278.48	0
0.04	0.01	0.0732147	0.156675	276.604	0
0.04	0.01	0.0732147	0.16788	274.473	0
0.04	0.01	0.0732147	0.179887	272.056	0
0.04	0.01	0.0732147	0.192752	269.318	0
0.04	0.01	0.0732147	0.206538	266.224	0
0.04	0.01	0.0732147	0.221309	262.735	0
0.04	0.01	0.0732147	0.237137	258.812	0
0.04	0.01	0.0732147	0.254097	254.413	0
0.04	0.01	0.0732147	0.27227	249.498	0
0.04	0.01	0.0732147	0.291743	244.027	0
0.04	0.01	0.0732147	0.312608	237.964	0
0.04	0.01	0.0732147	0.334965	231.28	0
0.04	0.01	0.0732147	0.358922	223.952	0
0.04	0.01	0.0732147	0.384592	215.971	0
0.04	0.01	0.0732147	0.412098	207.342	0
0.04	0.01	0.0732147	0.44157	198.089	0
0.04	0.01	0.0732147	0.473151	188.258	0
0.04	0.01	0.0732147	0.506991	177.922	0
0.04	0.01	0.0732147	0.54325	167.18	0
0.04	0.01	0.0732147	0.582103	156.158	0
0.04	0.01	0.0732147	0.623735	145.008	0
0.04	0.01	0.0732147	0.668344	133.903	0
0.04	0.01	0.0732147	0.716143	123.03	0
0.04	0.01	0.0732147	0.767361	112.577	0
0.04	0.01	0.0732147	0.822243	102.726	0
0.04	0.01	0.0732147	0.881049	93.6399	0
0.04	0.01	0.0732147	0.944061	85.4519	0
0.04	0.01	0.0732147	1.01158	78.2612	0
0.04	0.01	0.0732147	1.08393	72.1295	0
0.04	0.01	0.0732147	1.16145	67.0835	0
0.04	0.01	0.0732147	1.24451	63.1182	0
0.04	0.01	0.0732147	1.33352	60.2035	0
0.04	0.01	0.0732147	1.42889	58.2889	0
0.04	0.01	0.0732147	1.53109	57.3118	0
0.04	0.01	0.0732147	1.64059	57.2058	0
0.04	0.01	0.0732147	1.75792	57.9066	0
0.04	0.01	0.0732147	1.88365	59.347	0
0.04	0.01	0.0732147	2.01837	61.4314	0
0.04	0.01	0.0732147	2.16272	63.9888	0
0.04	0.01	0.0732147	2.31739	66.703	0
0.04	0.01	0.0732147	2.48313	69.0271	0
0.04	0.01	0.0732147	2.66073	70.1368	0
0.04	0.01	0.0732147	2.85102	69.0618	0
0.04	0.01	0.0732147	3.05492	65.1063	0
0.04	0.01	0.0732147	3.27341	58.3683	0
0.04	0.01	0.0732147	3.50752	49.8923	0
0.04	0.01	0.0732147	3.75837	41.2162	0
0.04	0.01	0.0732147	4.02717	33.5186	0
0.04	0.01	0.0732147	4.31519	26.8709	0
0.04	0.01	0.0732147	4.62381	20.3497	0
0.04	0.01	0.0732147	4.9545	13.2904	0
0.04	0.01	0.0732147	5.30884	6.35323	0
0.04	0.01	0.0732147	5.68853	1.33894	0
0.04	0.01	0.0732147	6.09537	0.133288	0
0.04	0.01	0.0732147	6.53131	3.94601	0
0.04	0.01	0.0732147	6.99842	13.5129	0
0.04	0.01	0.0732147	7.49894	27.0193	0
0.04	0.01	0.0732147	8.03526	38.794	0
0.04	0.01	0.0732147	8.60994	45.1524	0
0.04	0.01	0.0732147	9.22571	46.9525	0
0.04	0.01	0.0732147	9.88553	47.3496	0
0.04	0.01	0.0732147	10.5925	48.9934	0
0.04	0.01	0.0732147	11.3501	52.7204	0
0.04	0.01	0.0732147	12.1619	59.1804	0
0.04	0.01	0.0732147	13.0317	66.9665	0
0.04	0.01	0.0732147	13.9637	70.816	0
0.04	0.01	0.0732147	14.9624	67.049	0
0.04	0.01	0.0732147	16.0325	59.9207	0
0.04	0.01	0.0732147	17.1791	55.975	0
0.04	0.01	0.0732147	18.4077	56.0219	0
0.04	0.01	0.0732147	19.7242	54.6412	0
0.04	0.01	0.0732147	21.1349	49.6443	0
0.04	0.01	0.0732147	22.6464	44.149	0
0.04	0.01	0.0732147	24.2661	39.0077	0
0.04	0.01	0.0732147	26.0016	35.8514	0
0.04	0.01	0.0732147	27.8612	33.5163	0
0.04	0.01	0.0732147	29.8538	30.8445	0
0.04	0.01	0.0732147	31.989	31.7649	0
0.04	0.01	0.0732147	34.2768	33.3774	0
0.04	0.01	0.0732147	36.7282	36.0742	0
0.04	0.01	0.0732147	39.355	43.1715	0
0.04	0.01	0.0732147	42.1697	44.5909	0
0.04	0.01	0.0732147	45.1856	47.5005	0
0.04	0.01	0.0732147	48.4172	49.1934	0
0.04	0.01	0.0732147	51.88	46.6054	0
0.04	0.01	0.0732147	55.5904	44.0873	0
0.04	0.01	0.0732147	59.5662	32.8917	0
0.04	0.01	0.0732147	63.8263	26.2166	0
0.04	0.01	0.0732147	68.3912	26.7877	0
0.04	0.01	0.0732147	73.2825	28.7374	0
0.04	0.01	0.0732147	78.5236	29.9402	0
0.04	0.01	0.0732147	84.1395	30.0919	0
0.04	0.01	0.0732147	90.1571	28.186	0
0.04	0.01	0.0732147	96.6051	25.9711	0
0.04	0.01	0.0799925	0.103514	284.931	0
0.04	0.01	0.0799925	0.110917	283.957	0
0.04	0.01	0.0799925	0.11885	282.845	0
0.04	0.01	0.0799925	0.12735	281.575	0
0.04	0.01	0.0799925	0.136458	280.128	0
0.04	0.01	0.0799925	0.146218	278.48	0
0.04	0.01	0.0799925	0.156675	276.604	0
0.04	0.01	0.0799925	0.16788	274.473	0
0.04	0.01	0.0799925	0.179887	272.056	0
0.04	0.01	0.0799925	0.192752	269.318	0
0.04	0.01	0.0799925	0.206538	266.224	0
0.04	0.01	0.0799925	0.221309	262.736	0
0.04	0.01	0.0799925	0.237137	258.812	0
0.04	0.01	0.0799925	0.254097	254.413	0
0.04	0.01	0.0799925	0.27227	249.498	0
0.04	0.01	0.0799925	0.291743	244.027	0
0.04	0.01	0.0799925	0.312608	237.964	0
0.04	0.01	0.0799925	0.334965	231.28	0
0.04	0.01	0.0799925	0.358922	223.952	0
0.04	0.01	0.0799925	0.384592	215.971	0
0.04	0.01	0.0799925	0.412098	207.342	0
0.04	0.01	0.0799925	0.44157	198.089	0
0.04	0.01	0.0799925	0.473151	188.258	0
0.04	0.01	0.0799925	0.506991	177.922	0
0.04	0.01	0.0799925	0.54325	167.18	0
0.04	0.01	0.0799925	0.582103	156.158	0
0.04	0.01	0.0799925	0.623735	145.008	0
0.04	0.01	0.0799925	0.668344	133.903	0
0.04	0.01	0.0799925	0.716143	123.03	0
0.04	0.01	0.0799925	0.767361	112.577	0
0.04	0.01	0.0799925	0.822243	102.726	0
0.04	0.01	0.0799925	0.881049	93.6402	0
0.04	0.01	0.0799925	0.944061	85.4523	0
0.04	0.01	0.0799925	1.01158	78.2615	0
0.04	0.01	0.0799925	1.08393	72.1298	0
0.04	0.01	0.0799925	1.16145	67.0837	0
0.04	0.01	0.0799925	1.24451	63.1185	0
0.04	0.01	0.0799925	1.33352	60.2036	0
0.04	0.01	0.0799925	1.42889	58.289	0
0.04	0.01	0.0799925	1.53109	57.3118	0
0.04	0.01	0.0799925	1.64059	57.2057	0
0.04	0.01	0.0799925	1.75792	57.9064	0
0.04	0.01	0.0799925	1.88365	59.3467	0
0.04	0.01	0.0799925	2.01837	61.431	0
0.04	0.01	0.0799925	2.16272	63.9882	0
0.04	0.01	0.0799925	2.31739	66.7022	0
0.04	0.01	0.0799925	2.48313	69.0261	0
0.04	0.01	0.0799925	2.66073	70.1355	0
0.04	0.01	0.0799925	2.85102	69.0601	0
0.04	0.01	0.0799925	3.05492	65.1042	0
0.04	0.01	0.0799925	3.27341	58.366	0
0.04	0.01	0.0799925	3.50752	49.8899	0
0.04	0.01	0.0799925	3.75837	41.2139	0
0.04	0.01	0.0799925	4.02717	33.5168	0
0.04	0.01	0.0799925	4.31519	26.8698	0
0.04	0.01	0.0799925	4.62381	20.3494	0
0.04	0.01	0.0799925	4.9545	13.2909	0
0.04	0.01	0.0799925	5.30884	6.35391	0
0.04	0.01	0.0799925	5.68853	1.33932	0
0.04	0.01	0.0799925	6.09537	0.132836	0
0.04	0.01	0.0799925	6.53131	3.94439	0
0.04	0.01	0.0799925	6.99842	13.51	0
0.04	0.01	0.0799925	7.49894	27.0155	0
0.04	0.01	0.0799925	8.03526	38.7898	0
0.04	0.01	0.0799925	8.60994	45.1484	0
0.04	0.01	0.0799925	9.22571	46.9495	0
0.04	0.01	0.0799925	9.88553	47.3484	0
0.04	0.01	0.0799925	10.5925	48.9946	0
0.04	0.01	0.0799925	11.3501	52.7242	0
0.04	0.01	0.0799925	12.1619	59.1863	0
0.04	0.01	0.0799925	13.0317	66.9737	0
0.04	0.01	0.0799925	13.9637	70.8234	0
0.04	0.01	0.0799925	14.9624	67.0553	0
0.04	0.01	0.0799925	16.0325	59.9251	0
0.04	0.01	0.0799925	17.1791	55.9776	0
0.04	0.01	0.0799925	18.4077	56.0237	0
0.04	0.01	0.0799925	19.7242	54.643	0
0.04	0.01	0.0799925	21.1349	49.6465	0
0.04	0.01	0.0799925	22.6464	44.1517	0
0.04	0.01	0.0799925	24.2661	39.0107	0
0.04	0.01	0.0799925	26.0016	35.8543	0
0.04	0.01	0.0799925	27.8612	33.5183	0
0.04	0.01	0.0799925	29.8538	30.8457	0
0.04	0.01	0.0799925	31.989	31.7655	0
0.04	0.01	0.0799925	34.2768	33.3775	0
0.04	0.01	0.0799925	36.7282	36.0742	0
0.04	0.01	0.0799925	39.355	43.172	0
0.04	0.01	0.0799925	42.1697	44.5927	0
0.04	0.01	0.0799925	45.1856	47.5035	0
0.04	0.01	0.0799925	48.4172	49.1966	0
0.04	0.01	0.0799925	51.88	46.6077	0
0.04	0.01	0.0799925	55.5904	44.0886	0
0.04	0.01	0.0799925	59.5662	32.8927	0
0.04	0.01	0.0799925	63.8263	26.2177	0
0.04	0.01	0.0799925	68.3912	26.7888	0
0.04	0.01	0.0799925	73.2825	28.7383	0
0.04	0.01	0.0799925	78.5236	29.941	0
0.04	0.01	0.0799925	84.1395	30.0929	0
0.04	0.01	0.0799925	90.1571	28.1874	0
0.04	0.01	0.0799925	96.6051	25.9728	0
0.04	0.01	0.0873977	0.103514	284.931	0
0.04	0.01	0.0873977	0.110917	283.957	0
0.04	0.01	0.0873977	0.11885	282.845	0
0.04	0.01	0.0873977	0.12735	281.575	0
0.04	0.01	0.0873977	0.136458	280.128	0
0.04	0.01	0.0873977	0.146218	278.48	0
0.04	0.01	0.0873977	0.156675	276.604	0
0.04	0.01	0.0873977	0.16788	274.473	0
0.04	0.01	0.0873977	0.179887	272.056	0
0.04	0.01	0.0873977	0.192752	269.318	0
0.04	0.01	0.0873977	0.206538	266.224	0
0.04	0.01	0.0873977	0.221309	262.736	0
0.04	0.01	0.0873977	0.237137	258.812	0
0.04	0.01	0.0873977	0.254097	254.413	0
0.04	0.01	0.0873977	0.27227	249.498	0
0.04	0.01	0.0873977	0.291743	244.027	0
0.04	0.01	0.0873977	0.312608	237.964	0
0.04	0.01	0.0873977	0.334965	231.28	0
0.04	0.01	0.0873977	0.358922	223.952	0
0.04	0.01	0.0873977	0.384592	215.971	0
0.04	0.01	0.0873977	0.412098	207.342	0
0.04	0.01	0.0873977	0.44157	198.089	0
0.04	0.01	0.0873977	0.473151	188.259	0
0.04	0.01	0.0873977	0.506991	177.923	0
0.04	0.01	0.0873977	0.54325	167.18	0
0.04	0.01	0.0873977	0.582103	156.158	0
0.04	0.01	0.0873977	0.623735	145.008	0
0.04	0.01	0.0873977	0.668344	133.904	0
0.04	0.01	0.0873977	0.716143	123.03	0
0.04	0.01	0.0873977	0.767361	112.578	0
0.04	0.01	0.0873977	0.822243	102.727	0
0.04	0.01	0.0873977	0.881049	93.6406	0
0.04	0.01	0.0873977	0.944061	85.4526	0
0.04	0.01	0.0873977	1.01158	78.2619	0
0.04	0.01	0.0873977	1.08393	72.1302	0
0.04	0.01	0.0873977	1.16145	67.084	0
0.04	0.01	0.0873977	1.24451	63.1187	0
0.04	0.01	0.0873977	1.33352	60.2038	0
0.04	0.01	0.0873977	1.42889	58.2891	0
0.04	0.01	0.0873977	1.53109	57.3118	0
0.04	0.01	0.0873977	1.64059	57.2056	0
0.04	0.01	0.0873977	1.75792	57.9063	0
0.04	0.01	0.0873977	1.88365	59.3464	0
0.04	0.01	0.0873977	2.01837	61.4305	0
0.04	0.01	0.0873977	2.16272	63.9876	0
0.04	0.01	0.0873977	2.31739	66.7014	0
0.04	0.01	0.0873977	2.48313	69.025	0
0.04	0.01	0.0873977	2.66073	70.1341	0
0.04	0.01	0.0873977	2.85102	69.0583	0
0.04	0.01	0.0873977	3.05492	65.1021	0
0.04	0.01	0.0873977	3.27341	58.3635	0
0.04	0.01	0.0873977	3.50752	49.8873	0
0.04	0.01	0.0873977	3.75837	41.2114	0
0.04	0.01	0.0873977	4.02717	33.5147	0
0.04	0.01	0.0873977	4.31519	26.8686	0
0.04	0.01	0.0873977	4.62381	20.3491	0
0.04	0.01	0.0873977	4.9545	13.2913	0
0.04	0.01	0.0873977	5.30884	6.35468	0
0.04	0.01	0.0873977	5.68853	1.33976	0
0.04	0.01	0.0873977	6.09537	0.132356	0
0.04	0.01	0.0873977	6.53131	3.94262	0
0.04	0.01	0.0873977	6.99842	13.5069	0
0.04	0.01	0.0873977	7.49894	27.0113	0
0.04	0.01	0.0873977	8.03526	38.7851	0
0.04	0.01	0.0873977	8.60994	45.144	0
0.04	0.01	0.0873977	9.22571	46.9463	0
0.04	0.01	0.0873977	9.88553	47.3472	0
0.04	0.01	0.0873977	10.5925	48.9959	0
0.04	0.01	0.0873977	11.3501	52.7282	0
0.04	0.01	0.0873977	12.1619	59.1927	0
0.04	0.01	0.0873977	13.0317	66.9816	0
0.04	0.01	0.0873977	13.9637	70.8315	0
0.04	0.01	0.0873977	14.9624	67.0622	0
0.04	0.01	0.0873977	16.0325	59.9299	0
0.04	0.01	0.0873977	17.1791	55.9804	0
0.04	0.01	0.0873977	18.4077	56.0256	0
0.04	0.01	0.0873977	19.7242	54.645	0
0.04	0.01	0.0873977	21.1349	49.6489	0
0.04	0.01	0.0873977	22.6464	44.1546	0
0.04	0.01	0.0873977	24.2661	39.0139	0
0.04	0.01	0.0873977	26.0016	35.8574	0
0.04	0.01	0.0873977	27.8612	33.5206	0
0.04	0.01	0.0873977	29.8538	30.8469	0
0.04	0.01	0.0873977	31.989	31.766	0
0.04	0.01	0.0873977	34.2768	33.3776	0
0.04	0.01	0.0873977	36.7282	36.0742	0
0.04	0.01	0.0873977	39.355	43.1726	0
0.04	0.01	0.0873977	42.1697	44.5946	0
0.04	0.01	0.0873977	45.1856	47.5069	0
0.04	0.01	0.0873977	48.4172	49.2002	0
0.04	0.01	0.0873977	51.88	46.6102	0
0.04	0.01	0.0873977	55.5904	44.09	0
0.04	0.01	0.0873977	59.5662	32.8939	0
0.04	0.01	0.0873977	63.8263	26.2189	0
0.04	0.01	0.0873977	68.3912	26.7901	0
0.04	0.01	0.0873977	73.2825	28.7392	0
0.04	0.01	0.0873977	78.5236	29.9418	0
0.04	0.01	0.0873977	84.1395	30.094	0
0.04	0.01	0.0873977	90.1571	28.1889	0
0.04	0.01	0.0873977	96.6051	25.9746	0
0.04	0.01	0.0954885	0.103514	284.931	0
0.04	0.01	0.0954885	0.110917	283.957	0
0.04	0.01	0.0954885	0.11885	282.845	0
0.04	0.01	0.0954885	0.12735	281.575	0
0.04	0.01	0.0954885	0.136458	280.128	0
0.04	0.01	0.0954885	0.146218	278.48	0
0.04	0.01	0.0954885	0.156675	276.604	0
0.04	0.01	0.0954885	0.16788	274.473	0
0.04	0.01	0.0954885	0.179887	272.056	0
0.04	0.01	0.0954885	0.192752	269.318	0
0.04	0.01	0.0954885	0.206538	266.224	0
0.04	0.01	0.0954885	0.221309	262.736	0
0.04	0.01	0.0954885	0.237137	258.812	0
0.04	0.01	0.0954885	0.254097	254.414	0
0.04	0.01	0.0954885	0.27227	249.498	0
0.04	0.01	0.0954885	0.291743	244.027	0
0.04	0.01	0.0954885	0.312608	237.965	0
0.04	0.01	0.0954885	0.334965	231.28	0
0.04	0.01	0.0954885	0.358922	223.953	0
0.04	0.01	0.0954885	0.384592	215.972	0
0.04	0.01	0.0954885	0.412098	207.343	0
0.04	0.01	0.0954885	0.44157	198.089	0
0.04	0.01	0.0954885	0.473151	188.259	0
0.04	0.01	0.0954885	0.506991	177.923	0
0.04	0.01	0.0954885	0.54325	167.18	0
0.04	0.01	0.0954885	0.582103	156.158	0
0.04	0.01	0.0954885	0.623735	145.009	0
0.04	0.01	0.0954885	0.668344	133.904	0
0.04	0.01	0.0954885	0.716143	123.031	0
0.04	0.01	0.0954885	0.767361	112.578	0
0.04	0.01	0.0954885	0.822243	102.727	0
0.04	0.01	0.0954885	0.881049	93.641	0
0.04	0.01	0.0954885	0.944061	85.453	0
0.04	0.01	0.0954885	1.01158	78.2623	0
0.04	0.01	0.0954885	1.08393	72.1305	0
0.04	0.01	0.0954885	1.16145	67.0843	0
0.04	0.01	0.0954885	1.24451	63.119	0
0.04	0.01	0.0954885	1.33352	60.204	0
0.04	0.01	0.0954885	1.42889	58.2892	0
0.04	0.01	0.0954885	1.53109	57.3119	0
0.04	0.01	0.0954885	1.64059	57.2056	0
0.04	0.01	0.0954885	1.75792	57.9061	0
0.04	0.01	0.0954885	1.88365	59.3461	0
0.04	0.01	0.0954885	2.01837	61.43	0
0.04	0.01	0.0954885	2.16272	63.9869	0
0.04	0.01	0.0954885	2.31739	66.7005	0
0.04	0.01	0.0954885	2.48313	69.0238	0
0.04	0.01	0.0954885	2.66073	70.1326	0
0.04	0.01	0.0954885	2.85102	69.0563	0
0.04	0.01	0.0954885	3.05492	65.0997	0
0.04	0.01	0.0954885	3.27341	58.3608	0
0.04	0.01	0.0954885	3.50752	49.8844	0
0.04	0.01	0.0954885	3.75837	41.2087	0
0.04	0.01	0.0954885	4.02717	33.5126	0
0.04	0.01	0.0954885	4.31519	26.8673	0
0.04	0.01	0.0954885	4.62381	20.3488	0
0.04	0.01	0.0954885	4.9545	13.2918	0
0.04	0.01	0.0954885	5.30884	6.35553	0
0.04	0.01	0.0954885	5.68853	1.34025	0
0.04	0.01	0.0954885	6.09537	0.131849	0
0.04	0.01	0.0954885	6.53131	3.94072	0
0.04	0.01	0.0954885	6.99842	13.5035	0
0.04	0.01	0.0954885	7.49894	27.0068	0
0.04	0.01	0.0954885	8.03526	38.7801	0
0.04	0.01	0.0954885	8.60994	45.1392	0
0.04	0.01	0.0954885	9.22571	46.9428	0
0.04	0.01	0.0954885	9.88553	47.3458	0
0.04	0.01	0.0954885	10.5925	48.9974	0
0.04	0.01	0.0954885	11.3501	52.7327	0
0.04	0.01	0.0954885	12.1619	59.1998	0
0.04	0.01	0.0954885	13.0317	66.9903	0
0.04	0.01	0.0954885	13.9637	70.8404	0
0.04	0.01	0.0954885	14.9624	67.0698	0
0.04	0.01	0.0954885	16.0325	59.9351	0
0.04	0.01	0.0954885	17.1791	55.9834	0
0.04	0.01	0.0954885	18.4077	56.0276	0
0.04	0.01	0.0954885	19.7242	54.6472	0
0.04	0.01	0.0954885	21.1349	49.6516	0
0.04	0.01	0.0954885	22.6464	44.1578	0
0.04	0.01	0.0954885	24.2661	39.0175	0
0.04	0.01	0.0954885	26.0016	35.8608	0
0.04	0.01	0.0954885	27.8612	33.5231	0
0.04	0.01	0.0954885	29.8538	30.8483	0
0.04	0.01	0.0954885	31.989	31.7667	0
0.04	0.01	0.0954885	34.2768	33.3777	0
0.04	0.01	0.0954885	36.7282	36.0742	0
0.04	0.01	0.0954885	39.355	43.1733	0
0.04	0.01	0.0954885	42.1697	44.5968	0
0.04	0.01	0.0954885	45.1856	47.5106	0
0.04	0.01	0.0954885	48.4172	49.2041	0
0.04	0.01	0.0954885	51.88	46.613	0
0.04	0.01	0.0954885	55.5904	44.0915	0
0.04	0.01	0.0954885	59.5662	32.8951	0
0.04	0.01	0.0954885	63.8263	26.2203	0
0.04	0.01	0.0954885	68.3912	26.7914	0
0.04	0.01	0.0954885	73.2825	28.7403	0
0.04	0.01	0.0954885	78.5236	29.9428	0
0.04	0.01	0.0954885	84.1395	30.0952	0
0.04	0.01	0.0954885	90.1571	28.1905	0
0.04	0.01	0.0954885	96.6051	25.9767	0
0.04	0.01	0.104328	0.103514	284.931	0
0.04	0.01	0.104328	0.110917	283.957	0
0.04	0.01	0.104328	0.11885	282.845	0
0.04	0.01	0.104328	0.12735	281.576	0
0.04	0.01	0.104328	0.136458	280.128	0
0.04	0.01	0.104328	0.146218	278.48	0
0.04	0.01	0.104328	0.156675	276.604	0
0.04	0.01	0.104328	0.16788	274.473	0
0.04	0.01	0.104328	0.179887	272.056	0
0.04	0.01	0.104328	0.192752	269.318	0
0.04	0.01	0.104328	0.206538	266.224	0
0.04	0.01	0.104328	0.221309	262.736	0
0.04	0.01	0.104328	0.237137	258.813	0
0.04	0.01	0.104328	0.254097	254.414	0
0.04	0.01	0.104328	0.27227	249.498	0
0.04	0.01	0.104328	0.291743	244.027	0
0.04	0.01	0.104328	0.312608	237.965	0
0.04	0.01	0.104328	0.334965	231.28	0
0.04	0.01	0.104328	0.358922	223.953	0
0.04	0.01	0.104328	0.384592	215.972	0
0.04	0.01	0.104328	0.412098	207.343	0
0.04	0.01	0.104328	0.44157	198.09	0
0.04	0.01	0.104328	0.473151	188.259	0
0.04	0.01	0.104328	0.506991	177.923	0
0.04	0.01	0.104328	0.54325	167.181	0
0.04	0.01	0.104328	0.582103	156.159	0
0.04	0.01	0.104328	0.623735	145.009	0
0.04	0.01	0.104328	0.668344	133.905	0
0.04	0.01	0.104328	0.716143	123.031	0
0.04	0.01	0.104328	0.767361	112.578	0
0.04	0.01	0.104328	0.822243	102.728	0
0.04	0.01	0.104328	0.881049	93.6414	0
0.04	0.01	0.104328	0.944061	85.4535	0
0.04	0.01	0.104328	1.01158	78.2627	0
0.04	0.01	0.104328	1.08393	72.1309	0
0.04	0.01	0.104328	1.16145	67.0847	0
0.04	0.01	0.104328	1.24451	63.1192	0
0.04	0.01	0.104328	1.33352	60.2042	0
0.04	0.01	0.104328	1.42889	58.2893	0
0.04	0.01	0.104328	1.53109	57.3119	0
0.04	0.01	0.104328	1.64059	57.2055	0
0.04	0.01	0.104328	1.75792	57.9058	0
0.04	0.01	0.104328	1.88365	59.3457	0
0.04	0.01	0.104328	2.01837	61.4295	0
0.04	0.01	0.104328	2.16272	63.9862	0
0.04	0.01	0.104328	2.31739	66.6995	0
0.04	0.01	0.104328	2.48313	69.0225	0
0.04	0.01	0.104328	2.66073	70.1309	0
0.04	0.01	0.104328	2.85102	69.0542	0
0.04	0.01	0.104328	3.05492	65.0971	0
0.04	0.01	0.104328	3.27341	58.3578	0
0.04	0.01	0.104328	3.50752	49.8813	0
0.04	0.01	0.104328	3.75837	41.2057	0
0.04	0.01	0.104328	4.02717	33.5102	0
0.04	0.01	0.104328	4.31519	26.8659	0
0.04	0.01	0.104328	4.62381	20.3484	0
0.04	0.01	0.104328	4.9545	13.2924	0
0.04	0.01	0.104328	5.30884	6.35648	0
0.04	0.01	0.104328	5.68853	1.34081	0
0.04	0.01	0.104328	6.09537	0.131314	0
0.04	0.01	0.104328	6.53131	3.93865	0
0.04	0.01	0.104328	6.99842	13.4999	0
0.04	0.01	0.104328	7.49894	27.0019	0
0.04	0.01	0.104328	8.03526	38.7746	0
0.04	0.01	0.104328	8.60994	45.1341	0
0.04	0.01	0.104328	9.22571	46.9389	0
0.04	0.01	0.104328	9.88553	47.3443	0
0.04	0.01	0.104328	10.5925	48.999	0
0.04	0.01	0.104328	11.3501	52.7376	0
0.04	0.01	0.104328	12.1619	59.2075	0
0.04	0.01	0.104328	13.0317	66.9998	0
0.04	0.01	0.104328	13.9637	70.8501	0
0.04	0.01	0.104328	14.9624	67.078	0
0.04	0.01	0.104328	16.0325	59.9408	0
0.04	0.01	0.104328	17.1791	55.9868	0
0.04	0.01	0.104328	18.4077	56.0299	0
0.04	0.01	0.104328	19.7242	54.6496	0
0.04	0.01	0.104328	21.1349	49.6545	0
0.04	0.01	0.104328	22.6464	44.1613	0
0.04	0.01	0.104328	24.2661	39.0214	0
0.04	0.01	0.104328	26.0016	35.8645	0
0.04	0.01	0.104328	27.8612	33.5259	0
0.04	0.01	0.104328	29.8538	30.8499	0
0.04	0.01	0.104328	31.989	31.7674	0
0.04	0.01	0.104328	34.2768	33.3779	0
0.04	0.01	0.104328	36.7282	36.0742	0
0.04	0.01	0.104328	39.355	43.174	0
0.04	0.01	0.104328	42.1697	44.5992	0
0.04	0.01	0.104328	45.1856	47.5147	0
0.04	0.01	0.104328	48.4172	49.2084	0
0.04	0.01	0.104328	51.88	46.6161	0
0.04	0.01	0.104328	55.5904	44.0932	0
0.04	0.01	0.104328	59.5662	32.8965	0
0.04	0.01	0.104328	63.8263	26.2218	0
0.04	0.01	0.104328	68.3912	26.7929	0
0.04	0.01	0.104328	73.2825	28.7414	0
0.04	0.01	0.104328	78.5236	29.9438	0
0.04	0.01	0.104328	84.1395	30.0965	0
0.04	0.01	0.104328	90.1571	28.1923	0
0.04	0.01	0.104328	96.6051	25.9789	0
0.04	0.01	0.113986	0.103514	284.931	0
0.04	0.01	0.113986	0.110917	283.957	0
0.04	0.01	0.113986	0.11885	282.845	0
0.04	0.01	0.113986	0.12735	281.576	0
0.04	0.01	0.113986	0.136458	280.128	0
0.04	0.01	0.113986	0.146218	278.48	0
0.04	0.01	0.113986	0.156675	276.604	0
0.04	0.01	0.113986	0.16788	274.473	0
0.04	0.01	0.113986	0.179887	272.056	0
0.04	0.01	0.113986	0.192752	269.318	0
0.04	0.01	0.113986	0.206538	266.224	0
0.04	0.01	0.113986	0.221309	262.736	0
0.04	0.01	0.113986	0.237137	258.813	0
0.04	0.01	0.113986	0.254097	254.414	0
0.04	0.01	0.113986	0.27227	249.498	0
0.04	0.01	0.113986	0.291743	244.027	0
0.04	0.01	0.113986	0.312608	237.965	0
0.04	0.01	0.113986	0.334965	231.281	0
0.04	0.01	0.113986	0.358922	223.953	0
0.04	0.01	0.113986	0.384592	215.972	0
0.04	0.01	0.113986	0.412098	207.343	0
0.04	0.01	0.113986	0.44157	198.09	0
0.04	0.01	0.113986	0.473151	188.259	0
0.04	0.01	0.113986	0.506991	177.923	0
0.04	0.01	0.113986	0.54325	167.181	0
0.04	0.01	0.113986	0.582103	156.159	0
0.04	0.01	0.113986	0.623735	145.009	0
0.04	0.01	0.113986	0.668344	133.905	0
0.04	0.01	0.113986	0.716143	123.032	0
0.04	0.01	0.113986	0.767361	112.579	0
0.04	0.01	0.113986	0.822243	102.728	0
0.04	0.01	0.113986	0.881049	93.6419	0
0.04	0.01	0.113986	0.944061	85.4539	0
0.04	0.01	0.113986	1.01158	78.2631	0
0.04	0.01	0.113986	1.08393	72.1313	0
0.04	0.01	0.113986	1.16145	67.085	0
0.04	0.01	0.113986	1.24451	63.1196	0
0.04	0.01	0.113986	1.33352	60.2044	0
0.04	0.01	0.113986	1.42889	58.2895	0
0.04	0.01	0.113986	1.53109	57.3119	0
0.04	0.01	0.113986	1.64059	57.2054	0
0.04	0.01	0.113986	1.75792	57.9056	0
0.04	0.01	0.113986	1.88365	59.3453	0
0.04	0.01	0.113986	2.01837	61.429	0
0.04	0.01	0.113986	2.16272	63.9854	0
0.04	0.01	0.113986	2.31739	66.6984	0
0.04	0.01	0.113986	2.48313	69.0211	0
0.04	0.01	0.113986	2.66073	70.129	0
0.04	0.01	0.113986	2.85102	69.0519	0
0.04	0.01	0.113986	3.05492	65.0942	0
0.04	0.01	0.113986	3.27341	58.3546	0
0.04	0.01	0.113986	3.50752	49.8779	0
0.04	0.01	0.113986	3.75837	41.2025	0
0.04	0.01	0.113986	4.02717	33.5076	0
0.04	0.01	0.113986	4.31519	26.8643	0
0.04	0.01	0.113986	4.62381	20.3481	0
0.04	0.01	0.113986	4.9545	13.2931	0
0.04	0.01	0.113986	5.30884	6.35754	0
0.04	0.01	0.113986	5.68853	1.34144	0
0.04	0.01	0.113986	6.09537	0.130754	0
0.04	0.01	0.113986	6.53131	3.93642	0
0.04	0.01	0.113986	6.99842	13.4959	0
0.04	0.01	0.113986	7.49894	26.9965	0
0.04	0.01	0.113986	8.03526	38.7686	0
0.04	0.01	0.113986	8.60994	45.1284	0
0.04	0.01	0.113986	9.22571	46.9348	0
0.04	0.01	0.113986	9.88553	47.3428	0
0.04	0.01	0.113986	10.5925	49.0007	0
0.04	0.01	0.113986	11.3501	52.7429	0
0.04	0.01	0.113986	12.1619	59.216	0
0.04	0.01	0.113986	13.0317	67.0101	0
0.04	0.01	0.113986	13.9637	70.8607	0
0.04	0.01	0.113986	14.9624	67.0871	0
0.04	0.01	0.113986	16.0325	59.9471	0
0.04	0.01	0.113986	17.1791	55.9905	0
0.04	0.01	0.113986	18.4077	56.0324	0
0.04	0.01	0.113986	19.7242	54.6522	0
0.04	0.01	0.113986	21.1349	49.6577	0
0.04	0.01	0.113986	22.6464	44.1651	0
0.04	0.01	0.113986	24.2661	39.0257	0
0.04	0.01	0.113986	26.0016	35.8686	0
0.04	0.01	0.113986	27.8612	33.5289	0
0.04	0.01	0.113986	29.8538	30.8516	0
0.04	0.01	0.113986	31.989	31.7682	0
0.04	0.01	0.113986	34.2768	33.3781	0
0.04	0.01	0.113986	36.7282	36.0742	0
0.04	0.01	0.113986	39.355	43.1749	0
0.04	0.01	0.113986	42.1697	44.6018	0
0.04	0.01	0.113986	45.1856	47.5192	0
0.04	0.01	0.113986	48.4172	49.2131	0
0.04	0.01	0.113986	51.88	46.6194	0
0.04	0.01	0.113986	55.5904	44.0951	0
0.04	0.01	0.113986	59.5662	32.898	0
0.04	0.01	0.113986	63.8263	26.2234	0
0.04	0.01	0.113986	68.3912	26.7945	0
0.04	0.01	0.113986	73.2825	28.7427	0
0.04	0.01	0.113986	78.5236	29.945	0
0.04	0.01	0.113986	84.1395	30.0979	0
0.04	0.01	0.113986	90.1571	28.1942	0
0.04	0.01	0.113986	96.6051	25.9813	0
0.04	0.01	0.124539	0.103514	284.931	0
0.04	0.01	0.124539	0.110917	283.957	0
0.04	0.01	0.124539	0.11885	282.845	0
0.04	0.01	0.124539	0.12735	281.576	0
0.04	0.01	0.124539	0.136458	280.128	0
0.04	0.01	0.124539	0.146218	278.48	0
0.04	0.01	0.124539	0.156675	276.604	0
0.04	0.01	0.124539	0.16788	274.473	0
0.04	0.01	0.124539	0.179887	272.056	0
0.04	0.01	0.124539	0.192752	269.318	0
0.04	0.01	0.124539	0.206538	266.224	0
0.04	0.01	0.124539	0.221309	262.736	0
0.04	0.01	0.124539	0.237137	258.813	0
0.04	0.01	0.124539	0.254097	254.414	0
0.04	0.01	0.124539	0.27227	249.499	0
0.04	0.01	0.124539	0.291743	244.028	0
0.04	0.01	0.124539	0.312608	237.965	0
0.04	0.01	0.124539	0.334965	231.281	0
0.04	0.01	0.124539	0.358922	223.953	0
0.04	0.01	0.124539	0.384592	215.972	0
0.04	0.01	0.124539	0.412098	207.343	0
0.04	0.01	0.124539	0.44157	198.09	0
0.04	0.01	0.124539	0.473151	188.26	0
0.04	0.01	0.124539	0.506991	177.924	0
0.04	0.01	0.124539	0.54325	167.181	0
0.04	0.01	0.124539	0.582103	156.16	0
0.04	0.01	0.124539	0.623735	145.01	0
0.04	0.01	0.124539	0.668344	133.905	0
0.04	0.01	0.124539	0.716143	123.032	0
0.04	0.01	0.124539	0.767361	112.579	0
0.04	0.01	0.124539	0.822243	102.729	0
0.04	0.01	0.124539	0.881049	93.6424	0
0.04	0.01	0.124539	0.944061	85.4544	0
0.04	0.01	0.124539	1.01158	78.2636	0
0.04	0.01	0.124539	1.08393	72.1318	0
0.04	0.01	0.124539	1.16145	67.0854	0
0.04	0.01	0.124539	1.24451	63.1199	0
0.04	0.01	0.124539	1.33352	60.2047	0
0.04	0.01	0.124539	1.42889	58.2896	0
0.04	0.01	0.124539	1.53109	57.312	0
0.04	0.01	0.124539	1.64059	57.2053	0
0.04	0.01	0.124539	1.75792	57.9054	0
0.04	0.01	0.124539	1.88365	59.3449	0
0.04	0.01	0.124539	2.01837	61.4283	0
0.04	0.01	0.124539	2.16272	63.9846	0
0.04	0.01	0.124539	2.31739	66.6973	0
0.04	0.01	0.124539	2.48313	69.0196	0
0.04	0.01	0.124539	2.66073	70.127	0
0.04	0.01	0.124539	2.85102	69.0493	0
0.04	0.01	0.124539	3.05492	65.0912	0
0.04	0.01	0.124539	3.27341	58.3511	0
0.04	0.01	0.124539	3.50752	49.8742	0
0.04	0.01	0.124539	3.75837	41.199	0
0.04	0.01	0.124539	4.02717	33.5048	0
0.04	0.01	0.124539	4.31519	26.8627	0
0.04	0.01	0.124539	4.62381	20.3477	0
0.04	0.01	0.124539	4.9545	13.2938	0
0.04	0.01	0.124539	5.30884	6.35872	0
0.04	0.01	0.124539	5.68853	1.34216	0
0.04	0.01	0.124539	6.09537	0.13017	0
0.04	0.01	0.124539	6.53131	3.93401	0
0.04	0.01	0.124539	6.99842	13.4916	0
0.04	0.01	0.124539	7.49894	26.9907	0
0.04	0.01	0.124539	8.03526	38.762	0
0.04	0.01	0.124539	8.60994	45.1223	0
0.04	0.01	0.124539	9.22571	46.9303	0
0.04	0.01	0.124539	9.88553	47.3411	0
0.04	0.01	0.124539	10.5925	49.0027	0
0.04	0.01	0.124539	11.3501	52.7488	0
0.04	0.01	0.124539	12.1619	59.2252	0
0.04	0.01	0.124539	13.0317	67.0214	0
0.04	0.01	0.124539	13.9637	70.8723	0
0.04	0.01	0.124539	14.9624	67.097	0
0.04	0.01	0.124539	16.0325	59.9539	0
0.04	0.01	0.124539	17.1791	55.9945	0
0.04	0.01	0.124539	18.4077	56.0352	0
0.04	0.01	0.124539	19.7242	54.6551	0
0.04	0.01	0.124539	21.1349	49.6612	0
0.04	0.01	0.124539	22.6464	44.1693	0
0.04	0.01	0.124539	24.2661	39.0305	0
0.04	0.01	0.124539	26.0016	35.8731	0
0.04	0.01	0.124539	27.8612	33.5322	0
0.04	0.01	0.124539	29.8538	30.8535	0
0.04	0.01	0.124539	31.989	31.7691	0
0.04	0.01	0.124539	34.2768	33.3783	0
0.04	0.01	0.124539	36.7282	36.0743	0
0.04	0.01	0.124539	39.355	43.1758	0
0.04	0.01	0.124539	42.1697	44.6046	0
0.04	0.01	0.124539	45.1856	47.524	0
0.04	0.01	0.124539	48.4172	49.2183	0
0.04	0.01	0.124539	51.88	46.6231	0
0.04	0.01	0.124539	55.5904	44.0971	0
0.04	0.01	0.124539	59.5662	32.8997	0
0.04	0.01	0.124539	63.8263	26.2253	0
0.04	0.01	0.124539	68.3912	26.7963	0
0.04	0.01	0.124539	73.2825	28.7441	0
0.04	0.01	0.124539	78.5236	29.9462	0
0.04	0.01	0.124539	84.1395	30.0995	0
0.04	0.01	0.124539	90.1571	28.1964	0
0.04	0.01	0.124539	96.6051	25.984	0
0.04	0.01	0.136068	0.103514	284.931	0
0.04	0.01	0.136068	0.110917	283.957	0
0.04	0.01	0.136068	0.11885	282.845	0
0.04	0.01	0.136068	0.12735	281.576	0
0.04	0.01	0.136068	0.136458	280.128	0
0.04	0.01	0.136068	0.146218	278.48	0
0.04	0.01	0.136068	0.156675	276.604	0
0.04	0.01	0.136068	0.16788	274.473	0
0.04	0.01	0.136068	0.179887	272.056	0
0.04	0.01	0.136068	0.192752	269.318	0
0.04	0.01	0.136068	0.206538	266.225	0
0.04	0.01	0.136068	0.221309	262.736	0
0.04	0.01	0.136068	0.237137	258.813	0
0.04	0.01	0.136068	0.254097	254.414	0
0.04	0.01	0.136068	0.27227	249.499	0
0.04	0.01	0.136068	0.291743	244.028	0
0.04	0.01	0.136068	0.312608	237.965	0
0.04	0.01	0.136068	0.334965	231.281	0
0.04	0.01	0.136068	0.358922	223.953	0
0.04	0.01	0.136068	0.384592	215.973	0
0.04	0.01	0.136068	0.412098	207.344	0
0.04	0.01	0.136068	0.44157	198.091	0
0.04	0.01	0.136068	0.473151	188.26	0
0.04	0.01	0.136068	0.506991	177.924	0
0.04	0.01	0.136068	0.54325	167.182	0
0.04	0.01	0.136068	0.582103	156.16	0
0.04	0.01	0.136068	0.623735	145.01	0
0.04	0.01	0.136068	0.668344	133.906	0
0.04	0.01	0.136068	0.716143	123.033	0
0.04	0.01	0.136068	0.767361	112.58	0
0.04	0.01	0.136068	0.822243	102.729	0
0.04	0.01	0.136068	0.881049	93.643	0
0.04	0.01	0.136068	0.944061	85.455	0
0.04	0.01	0.136068	1.01158	78.2642	0
0.04	0.01	0.136068	1.08393	72.1323	0
0.04	0.01	0.136068	1.16145	67.0859	0
0.04	0.01	0.136068	1.24451	63.1203	0
0.04	0.01	0.136068	1.33352	60.205	0
0.04	0.01	0.136068	1.42889	58.2898	0
0.04	0.01	0.136068	1.53109	57.312	0
0.04	0.01	0.136068	1.64059	57.2052	0
0.04	0.01	0.136068	1.75792	57.9051	0
0.04	0.01	0.136068	1.88365	59.3445	0
0.04	0.01	0.136068	2.01837	61.4277	0
0.04	0.01	0.136068	2.16272	63.9836	0
0.04	0.01	0.136068	2.31739	66.696	0
0.04	0.01	0.136068	2.48313	69.0179	0
0.04	0.01	0.136068	2.66073	70.1248	0
0.04	0.01	0.136068	2.85102	69.0466	0
0.04	0.01	0.136068	3.05492	65.0878	0
0.04	0.01	0.136068	3.27341	58.3472	0
0.04	0.01	0.136068	3.50752	49.8701	0
0.04	0.01	0.136068	3.75837	41.1952	0
0.04	0.01	0.136068	4.02717	33.5018	0
0.04	0.01	0.136068	4.31519	26.8609	0
0.04	0.01	0.136068	4.62381	20.3474	0
0.04	0.01	0.136068	4.9545	13.2947	0
0.04	0.01	0.136068	5.30884	6.36005	0
0.04	0.01	0.136068	5.68853	1.34298	0
0.04	0.01	0.136068	6.09537	0.129566	0
0.04	0.01	0.136068	6.53131	3.93141	0
0.04	0.01	0.136068	6.99842	13.4869	0
0.04	0.01	0.136068	7.49894	26.9844	0
0.04	0.01	0.136068	8.03526	38.7549	0
0.04	0.01	0.136068	8.60994	45.1156	0
0.04	0.01	0.136068	9.22571	46.9253	0
0.04	0.01	0.136068	9.88553	47.3392	0
0.04	0.01	0.136068	10.5925	49.0048	0
0.04	0.01	0.136068	11.3501	52.7552	0
0.04	0.01	0.136068	12.1619	59.2353	0
0.04	0.01	0.136068	13.0317	67.0338	0
0.04	0.01	0.136068	13.9637	70.885	0
0.04	0.01	0.136068	14.9624	67.1078	0
0.04	0.01	0.136068	16.0325	59.9614	0
0.04	0.01	0.136068	17.1791	55.999	0
0.04	0.01	0.136068	18.4077	56.0382	0
0.04	0.01	0.136068	19.7242	54.6583	0
0.04	0.01	0.136068	21.1349	49.665	0
0.04	0.01	0.136068	22.6464	44.1739	0
0.04	0.01	0.136068	24.2661	39.0356	0
0.04	0.01	0.136068	26.0016	35.878	0
0.04	0.01	0.136068	27.8612	33.5358	0
0.04	0.01	0.136068	29.8538	30.8556	0
0.04	0.01	0.136068	31.989	31.7701	0
0.04	0.01	0.136068	34.2768	33.3785	0
0.04	0.01	0.136068	36.7282	36.0744	0
0.04	0.01	0.136068	39.355	43.1768	0
0.04	0.01	0.136068	42.1697	44.6077	0
0.04	0.01	0.136068	45.1856	47.5294	0
0.04	0.01	0.136068	48.4172	49.224	0
0.04	0.01	0.136068	51.88	46.6271	0
0.04	0.01	0.136068	55.5904	44.0994	0
0.04	0.01	0.136068	59.5662	32.9015	0
0.04	0.01	0.136068	63.8263	26.2273	0
0.04	0.01	0.136068	68.3912	26.7983	0
0.04	0.01	0.136068	73.2825	28.7456	0
0.04	0.01	0.136068	78.5236	29.9477	0
0.04	0.01	0.136068	84.1395	30.1013	0
0.04	0.01	0.136068	90.1571	28.1988	0
0.04	0.01	0.136068	96.6051	25.987	0
0.04	0.01	0.148664	0.103514	284.931	0
0.04	0.01	0.148664	0.110917	283.957	0
0.04	0.01	0.148664	0.11885	282.845	0
0.04	0.01	0.148664	0.12735	281.576	0
0.04	0.01	0.148664	0.136458	280.128	0
0.04	0.01	0.148664	0.146218	278.48	0
0.04	0.01	0.148664	0.156675	276.604	0
0.04	0.01	0.148664	0.16788	274.473	0
0.04	0.01	0.148664	0.179887	272.056	0
0.04	0.01	0.148664	0.192752	269.318	0
0.04	0.01	0.148664	0.206538	266.225	0
0.04	0.01	0.148664	0.221309	262.736	0
0.04	0.01	0.148664	0.237137	258.813	0
0.04	0.01	0.148664	0.254097	254.414	0
0.04	0.01	0.148664	0.27227	249.499	0
0.04	0.01	0.148664	0.291743	244.028	0
0.04	0.01	0.148664	0.312608	237.965	0
0.04	0.01	0.148664	0.334965	231.281	0
0.04	0.01	0.148664	0.358922	223.954	0
0.04	0.01	0.148664	0.384592	215.973	0
0.04	0.01	0.148664	0.412098	207.344	0
0.04	0.01	0.148664	0.44157	198.091	0
0.04	0.01	0.148664	0.473151	188.26	0
0.04	0.01	0.148664	0.506991	177.925	0
0.04	0.01	0.148664	0.54325	167.182	0
0.04	0.01	0.148664	0.582103	156.16	0
0.04	0.01	0.148664	0.623735	145.011	0
0.04	0.01	0.148664	0.668344	133.907	0
0.04	0.01	0.148664	0.716143	123.033	0
0.04	0.01	0.148664	0.767361	112.581	0
0.04	0.01	0.148664	0.822243	102.73	0
0.04	0.01	0.148664	0.881049	93.6436	0
0.04	0.01	0.148664	0.944061	85.4556	0
0.04	0.01	0.148664	1.01158	78.2648	0
0.04	0.01	0.148664	1.08393	72.1328	0
0.04	0.01	0.148664	1.16145	67.0864	0
0.04	0.01	0.148664	1.24451	63.1207	0
0.04	0.01	0.148664	1.33352	60.2053	0
0.04	0.01	0.148664	1.42889	58.29	0
0.04	0.01	0.148664	1.53109	57.312	0
0.04	0.01	0.148664	1.64059	57.205	0
0.04	0.01	0.148664	1.75792	57.9048	0
0.04	0.01	0.148664	1.88365	59.344	0
0.04	0.01	0.148664	2.01837	61.427	0
0.04	0.01	0.148664	2.16272	63.9826	0
0.04	0.01	0.148664	2.31739	66.6947	0
0.04	0.01	0.148664	2.48313	69.0161	0
0.04	0.01	0.148664	2.66073	70.1225	0
0.04	0.01	0.148664	2.85102	69.0436	0
0.04	0.01	0.148664	3.05492	65.0842	0
0.04	0.01	0.148664	3.27341	58.3431	0
0.04	0.01	0.148664	3.50752	49.8657	0
0.04	0.01	0.148664	3.75837	41.1911	0
0.04	0.01	0.148664	4.02717	33.4986	0
0.04	0.01	0.148664	4.31519	26.859	0
0.04	0.01	0.148664	4.62381	20.347	0
0.04	0.01	0.148664	4.9545	13.2956	0
0.04	0.01	0.148664	5.30884	6.36154	0
0.04	0.01	0.148664	5.68853	1.34392	0
0.04	0.01	0.148664	6.09537	0.128946	0
0.04	0.01	0.148664	6.53131	3.92861	0
0.04	0.01	0.148664	6.99842	13.4818	0
0.04	0.01	0.148664	7.49894	26.9775	0
0.04	0.01	0.148664	8.03526	38.7472	0
0.04	0.01	0.148664	8.60994	45.1083	0
0.04	0.01	0.148664	9.22571	46.92	0
0.04	0.01	0.148664	9.88553	47.3372	0
0.04	0.01	0.148664	10.5925	49.0072	0
0.04	0.01	0.148664	11.3501	52.7623	0
0.04	0.01	0.148664	12.1619	59.2464	0
0.04	0.01	0.148664	13.0317	67.0474	0
0.04	0.01	0.148664	13.9637	70.8989	0
0.04	0.01	0.148664	14.9624	67.1197	0
0.04	0.01	0.148664	16.0325	59.9696	0
0.04	0.01	0.148664	17.1791	56.0038	0
0.04	0.01	0.148664	18.4077	56.0416	0
0.04	0.01	0.148664	19.7242	54.6618	0
0.04	0.01	0.148664	21.1349	49.6693	0
0.04	0.01	0.148664	22.6464	44.179	0
0.04	0.01	0.148664	24.2661	39.0413	0
0.04	0.01	0.148664	26.0016	35.8834	0
0.04	0.01	0.148664	27.8612	33.5398	0
0.04	0.01	0.148664	29.8538	30.8579	0
0.04	0.01	0.148664	31.989	31.7712	0
0.04	0.01	0.148664	34.2768	33.3788	0
0.04	0.01	0.148664	36.7282	36.0745	0
0.04	0.01	0.148664	39.355	43.1779	0
0.04	0.01	0.148664	42.1697	44.6112	0
0.04	0.01	0.148664	45.1856	47.5353	0
0.04	0.01	0.148664	48.4172	49.2301	0
0.04	0.01	0.148664	51.88	46.6316	0
0.04	0.01	0.148664	55.5904	44.1019	0
0.04	0.01	0.148664	59.5662	32.9035	0
0.04	0.01	0.148664	63.8263	26.2295	0
0.04	0.01	0.148664	68.3912	26.8005	0
0.04	0.01	0.148664	73.2825	28.7473	0
0.04	0.01	0.148664	78.5236	29.9492	0
0.04	0.01	0.148664	84.1395	30.1032	0
0.04	0.01	0.148664	90.1571	28.2014	0
0.04	0.01	0.148664	96.6051	25.9902	0
0.04	0.01	0.162426	0.103514	284.931	0
0.04	0.01	0.162426	0.110917	283.957	0
0.04	0.01	0.162426	0.11885	282.845	0
0.04	0.01	0.162426	0.12735	281.576	0
0.04	0.01	0.162426	0.136458	280.128	0
0.04	0.01	0.162426	0.146218	278.48	0
0.04	0.01	0.162426	0.156675	276.604	0
0.04	0.01	0.162426	0.16788	274.473	0
0.04	0.01	0.162426	0.179887	272.056	0
0.04	0.01	0.162426	0.192752	269.319	0
0.04	0.01	0.162426	0.206538	266.225	0
0.04	0.01	0.162426	0.221309	262.736	0
0.04	0.01	0.162426	0.237137	258.813	0
0.04	0.01	0.162426	0.254097	254.414	0
0.04	0.01	0.162426	0.27227	249.499	0
0.04	0.01	0.162426	0.291743	244.028	0
0.04	0.01	0.162426	0.312608	237.966	0
0.04	0.01	0.162426	0.334965	231.281	0
0.04	0.01	0.162426	0.358922	223.954	0
0.04	0.01	0.162426	0.384592	215.973	0
0.04	0.01	0.162426	0.412098	207.344	0
0.04	0.01	0.162426	0.44157	198.091	0
0.04	0.01	0.162426	0.473151	188.261	0
0.04	0.01	0.162426	0.506991	177.925	0
0.04	0.01	0.162426	0.54325	167.183	0
0.04	0.01	0.162426	0.582103	156.161	0
0.04	0.01	0.162426	0.623735	145.012	0
0.04	0.01	0.162426	0.668344	133.907	0
0.04	0.01	0.162426	0.716143	123.034	0
0.04	0.01	0.162426	0.767361	112.581	0
0.04	0.01	0.162426	0.822243	102.731	0
0.04	0.01	0.162426	0.881049	93.6443	0
0.04	0.01	0.162426	0.944061	85.4563	0
0.04	0.01	0.162426	1.01158	78.2654	0
0.04	0.01	0.162426	1.08393	72.1334	0
0.04	0.01	0.162426	1.16145	67.0869	0
0.04	0.01	0.162426	1.24451	63.1211	0
0.04	0.01	0.162426	1.33352	60.2056	0
0.04	0.01	0.162426	1.42889	58.2902	0
0.04	0.01	0.162426	1.53109	57.3121	0
0.04	0.01	0.162426	1.64059	57.2049	0
0.04	0.01	0.162426	1.75792	57.9045	0
0.04	0.01	0.162426	1.88365	59.3434	0
0.04	0.01	0.162426	2.01837	61.4262	0
0.04	0.01	0.162426	2.16272	63.9815	0
0.04	0.01	0.162426	2.31739	66.6932	0
0.04	0.01	0.162426	2.48313	69.0141	0
0.04	0.01	0.162426	2.66073	70.1199	0
0.04	0.01	0.162426	2.85102	69.0403	0
0.04	0.01	0.162426	3.05492	65.0802	0
0.04	0.01	0.162426	3.27341	58.3386	0
0.04	0.01	0.162426	3.50752	49.861	0
0.04	0.01	0.162426	3.75837	41.1867	0
0.04	0.01	0.162426	4.02717	33.495	0
0.04	0.01	0.162426	4.31519	26.8569	0
0.04	0.01	0.162426	4.62381	20.3467	0
0.04	0.01	0.162426	4.9545	13.2967	0
0.04	0.01	0.162426	5.30884	6.36321	0
0.04	0.01	0.162426	5.68853	1.34499	0
0.04	0.01	0.162426	6.09537	0.128317	0
0.04	0.01	0.162426	6.53131	3.9256	0
0.04	0.01	0.162426	6.99842	13.4763	0
0.04	0.01	0.162426	7.49894	26.9701	0
0.04	0.01	0.162426	8.03526	38.7388	0
0.04	0.01	0.162426	8.60994	45.1004	0
0.04	0.01	0.162426	9.22571	46.9142	0
0.04	0.01	0.162426	9.88553	47.3351	0
0.04	0.01	0.162426	10.5925	49.0098	0
0.04	0.01	0.162426	11.3501	52.77	0
0.04	0.01	0.162426	12.1619	59.2586	0
0.04	0.01	0.162426	13.0317	67.0623	0
0.04	0.01	0.162426	13.9637	70.9141	0
0.04	0.01	0.162426	14.9624	67.1326	0
0.04	0.01	0.162426	16.0325	59.9786	0
0.04	0.01	0.162426	17.1791	56.0091	0
0.04	0.01	0.162426	18.4077	56.0452	0
0.04	0.01	0.162426	19.7242	54.6656	0
0.04	0.01	0.162426	21.1349	49.6739	0
0.04	0.01	0.162426	22.6464	44.1845	0
0.04	0.01	0.162426	24.2661	39.0476	0
0.04	0.01	0.162426	26.0016	35.8893	0
0.04	0.01	0.162426	27.8612	33.5442	0
0.04	0.01	0.162426	29.8538	30.8604	0
0.04	0.01	0.162426	31.989	31.7724	0
0.04	0.01	0.162426	34.2768	33.3792	0
0.04	0.01	0.162426	36.7282	36.0746	0
0.04	0.01	0.162426	39.355	43.1792	0
0.04	0.01	0.162426	42.1697	44.615	0
0.04	0.01	0.162426	45.1856	47.5417	0
0.04	0.01	0.162426	48.4172	49.2369	0
0.04	0.01	0.162426	51.88	46.6364	0
0.04	0.01	0.162426	55.5904	44.1046	0
0.04	0.01	0.162426	59.5662	32.9058	0
0.04	0.01	0.162426	63.8263	26.2319	0
0.04	0.01	0.162426	68.3912	26.8029	0
0.04	0.01	0.162426	73.2825	28.7492	0
0.04	0.01	0.162426	78.5236	29.951	0
0.04	0.01	0.162426	84.1395	30.1054	0
0.04	0.01	0.162426	90.1571	28.2043	0
0.04	0.01	0.162426	96.6051	25.9938	0
0.04	0.01	0.177463	0.103514	284.931	0
0.04	0.01	0.177463	0.110917	283.957	0
0.04	0.01	0.177463	0.11885	282.845	0
0.04	0.01	0.177463	0.12735	281.576	0
0.04	0.01	0.177463	0.136458	280.128	0
0.04	0.01	0.177463	0.146218	278.48	0
0.04	0.01	0.177463	0.156675	276.604	0
0.04	0.01	0.177463	0.16788	274.474	0
0.04	0.01	0.177463	0.179887	272.056	0
0.04	0.01	0.177463	0.192752	269.319	0
0.04	0.01	0.177463	0.206538	266.225	0
0.04	0.01	0.177463	0.221309	262.736	0
0.04	0.01	0.177463	0.237137	258.813	0
0.04	0.01	0.177463	0.254097	254.414	0
0.04	0.01	0.177463	0.27227	249.499	0
0.04	0.01	0.177463	0.291743	244.028	0
0.04	0.01	0.177463	0.312608	237.966	0
0.04	0.01	0.177463	0.334965	231.282	0
0.04	0.01	0.177463	0.358922	223.954	0
0.04	0.01	0.177463	0.384592	215.973	0
0.04	0.01	0.177463	0.412098	207.345	0
0.04	0.01	0.177463	0.44157	198.092	0
0.04	0.01	0.177463	0.473151	188.261	0
0.04	0.01	0.177463	0.506991	177.926	0
0.04	0.01	0.177463	0.54325	167.183	0
0.04	0.01	0.177463	0.582103	156.162	0
0.04	0.01	0.177463	0.623735	145.012	0
0.04	0.01	0.177463	0.668344	133.908	0
0.04	0.01	0.177463	0.716143	123.035	0
0.04	0.01	0.177463	0.767361	112.582	0
0.04	0.01	0.177463	0.822243	102.731	0
0.04	0.01	0.177463	0.881049	93.6451	0
0.04	0.01	0.177463	0.944061	85.4571	0
0.04	0.01	0.177463	1.01158	78.2661	0
0.04	0.01	0.177463	1.08393	72.1341	0
0.04	0.01	0.177463	1.16145	67.0875	0
0.04	0.01	0.177463	1.24451	63.1216	0
0.04	0.01	0.177463	1.33352	60.206	0
0.04	0.01	0.177463	1.42889	58.2904	0
0.04	0.01	0.177463	1.53109	57.3121	0
0.04	0.01	0.177463	1.64059	57.2048	0
0.04	0.01	0.177463	1.75792	57.9042	0
0.04	0.01	0.177463	1.88365	59.3429	0
0.04	0.01	0.177463	2.01837	61.4253	0
0.04	0.01	0.177463	2.16272	63.9804	0
0.04	0.01	0.177463	2.31739	66.6916	0
0.04	0.01	0.177463	2.48313	69.012	0
0.04	0.01	0.177463	2.66073	70.1171	0
0.04	0.01	0.177463	2.85102	69.0368	0
0.04	0.01	0.177463	3.05492	65.0759	0
0.04	0.01	0.177463	3.27341	58.3336	0
0.04	0.01	0.177463	3.50752	49.8558	0
0.04	0.01	0.177463	3.75837	41.1818	0
0.04	0.01	0.177463	4.02717	33.4912	0
0.04	0.01	0.177463	4.31519	26.8547	0
0.04	0.01	0.177463	4.62381	20.3464	0
0.04	0.01	0.177463	4.9545	13.298	0
0.04	0.01	0.177463	5.30884	6.36509	0
0.04	0.01	0.177463	5.68853	1.34622	0
0.04	0.01	0.177463	6.09537	0.127687	0
0.04	0.01	0.177463	6.53131	3.92237	0
0.04	0.01	0.177463	6.99842	13.4704	0
0.04	0.01	0.177463	7.49894	26.9619	0
0.04	0.01	0.177463	8.03526	38.7297	0
0.04	0.01	0.177463	8.60994	45.0918	0
0.04	0.01	0.177463	9.22571	46.9079	0
0.04	0.01	0.177463	9.88553	47.3328	0
0.04	0.01	0.177463	10.5925	49.0128	0
0.04	0.01	0.177463	11.3501	52.7785	0
0.04	0.01	0.177463	12.1619	59.2719	0
0.04	0.01	0.177463	13.0317	67.0785	0
0.04	0.01	0.177463	13.9637	70.9308	0
0.04	0.01	0.177463	14.9624	67.1469	0
0.04	0.01	0.177463	16.0325	59.9885	0
0.04	0.01	0.177463	17.1791	56.015	0
0.04	0.01	0.177463	18.4077	56.0492	0
0.04	0.01	0.177463	19.7242	54.6698	0
0.04	0.01	0.177463	21.1349	49.6791	0
0.04	0.01	0.177463	22.6464	44.1906	0
0.04	0.01	0.177463	24.2661	39.0544	0
0.04	0.01	0.177463	26.0016	35.8958	0
0.04	0.01	0.177463	27.8612	33.5491	0
0.04	0.01	0.177463	29.8538	30.8632	0
0.04	0.01	0.177463	31.989	31.7738	0
0.04	0.01	0.177463	34.2768	33.3796	0
0.04	0.01	0.177463	36.7282	36.0748	0
0.04	0.01	0.177463	39.355	43.1806	0
0.04	0.01	0.177463	42.1697	44.6192	0
0.04	0.01	0.177463	45.1856	47.5487	0
0.04	0.01	0.177463	48.4172	49.2444	0
0.04	0.01	0.177463	51.88	46.6418	0
0.04	0.01	0.177463	55.5904	44.1077	0
0.04	0.01	0.177463	59.5662	32.9083	0
0.04	0.01	0.177463	63.8263	26.2346	0
0.04	0.01	0.177463	68.3912	26.8056	0
0.04	0.01	0.177463	73.2825	28.7513	0
0.04	0.01	0.177463	78.5236	29.9529	0
0.04	0.01	0.177463	84.1395	30.1078	0
0.04	0.01	0.177463	90.1571	28.2075	0
0.04	0.01	0.177463	96.6051	25.9977	0
0.04	0.01	0.193892	0.103514	284.931	0
0.04	0.01	0.193892	0.110917	283.957	0
0.04	0.01	0.193892	0.11885	282.845	0
0.04	0.01	0.193892	0.12735	281.576	0
0.04	0.01	0.193892	0.136458	280.129	0
0.04	0.01	0.193892	0.146218	278.48	0
0.04	0.01	0.193892	0.156675	276.605	0
0.04	0.01	0.193892	0.16788	274.474	0
0.04	0.01	0.193892	0.179887	272.056	0
0.04	0.01	0.193892	0.192752	269.319	0
0.04	0.01	0.193892	0.206538	266.225	0
0.04	0.01	0.193892	0.221309	262.737	0
0.04	0.01	0.193892	0.237137	258.813	0
0.04	0.01	0.193892	0.254097	254.415	0
0.04	0.01	0.193892	0.27227	249.499	0
0.04	0.01	0.193892	0.291743	244.028	0
0.04	0.01	0.193892	0.312608	237.966	0
0.04	0.01	0.193892	0.334965	231.282	0
0.04	0.01	0.193892	0.358922	223.955	0
0.04	0.01	0.193892	0.384592	215.974	0
0.04	0.01	0.193892	0.412098	207.345	0
0.04	0.01	0.193892	0.44157	198.092	0
0.04	0.01	0.193892	0.473151	188.262	0
0.04	0.01	0.193892	0.506991	177.926	0
0.04	0.01	0.193892	0.54325	167.184	0
0.04	0.01	0.193892	0.582103	156.162	0
0.04	0.01	0.193892	0.623735	145.013	0
0.04	0.01	0.193892	0.668344	133.909	0
0.04	0.01	0.193892	0.716143	123.035	0
0.04	0.01	0.193892	0.767361	112.583	0
0.04	0.01	0.193892	0.822243	102.732	0
0.04	0.01	0.193892	0.881049	93.6459	0
0.04	0.01	0.193892	0.944061	85.4579	0
0.04	0.01	0.193892	1.01158	78.2669	0
0.04	0.01	0.193892	1.08393	72.1348	0
0.04	0.01	0.193892	1.16145	67.0882	0
0.04	0.01	0.193892	1.24451	63.1222	0
0.04	0.01	0.193892	1.33352	60.2064	0
0.04	0.01	0.193892	1.42889	58.2906	0
0.04	0.01	0.193892	1.53109	57.3122	0
0.04	0.01	0.193892	1.64059	57.2047	0
0.04	0.01	0.193892	1.75792	57.9038	0
0.04	0.01	0.193892	1.88365	59.3423	0
0.04	0.01	0.193892	2.01837	61.4244	0
0.04	0.01	0.193892	2.16272	63.9791	0
0.04	0.01	0.193892	2.31739	66.6898	0
0.04	0.01	0.193892	2.48313	69.0097	0
0.04	0.01	0.193892	2.66073	70.1141	0
0.04	0.01	0.193892	2.85102	69.033	0
0.04	0.01	0.193892	3.05492	65.0713	0
0.04	0.01	0.193892	3.27341	58.3283	0
0.04	0.01	0.193892	3.50752	49.8502	0
0.04	0.01	0.193892	3.75837	41.1766	0
0.04	0.01	0.193892	4.02717	33.4871	0
0.04	0.01	0.193892	4.31519	26.8523	0
0.04	0.01	0.193892	4.62381	20.3461	0
0.04	0.01	0.193892	4.9545	13.2994	0
0.04	0.01	0.193892	5.30884	6.36722	0
0.04	0.01	0.193892	5.68853	1.34763	0
0.04	0.01	0.193892	6.09537	0.127068	0
0.04	0.01	0.193892	6.53131	3.91891	0
0.04	0.01	0.193892	6.99842	13.4639	0
0.04	0.01	0.193892	7.49894	26.9532	0
0.04	0.01	0.193892	8.03526	38.7198	0
0.04	0.01	0.193892	8.60994	45.0825	0
0.04	0.01	0.193892	9.22571	46.9011	0
0.04	0.01	0.193892	9.88553	47.3304	0
0.04	0.01	0.193892	10.5925	49.016	0
0.04	0.01	0.193892	11.3501	52.7878	0
0.04	0.01	0.193892	12.1619	59.2864	0
0.04	0.01	0.193892	13.0317	67.0963	0
0.04	0.01	0.193892	13.9637	70.949	0
0.04	0.01	0.193892	14.9624	67.1624	0
0.04	0.01	0.193892	16.0325	59.9993	0
0.04	0.01	0.193892	17.1791	56.0214	0
0.04	0.01	0.193892	18.4077	56.0537	0
0.04	0.01	0.193892	19.7242	54.6745	0
0.04	0.01	0.193892	21.1349	49.6847	0
0.04	0.01	0.193892	22.6464	44.1974	0
0.04	0.01	0.193892	24.2661	39.0619	0
0.04	0.01	0.193892	26.0016	35.903	0
0.04	0.01	0.193892	27.8612	33.5544	0
0.04	0.01	0.193892	29.8538	30.8663	0
0.04	0.01	0.193892	31.989	31.7753	0
0.04	0.01	0.193892	34.2768	33.3801	0
0.04	0.01	0.193892	36.7282	36.075	0
0.04	0.01	0.193892	39.355	43.1822	0
0.04	0.01	0.193892	42.1697	44.6237	0
0.04	0.01	0.193892	45.1856	47.5565	0
0.04	0.01	0.193892	48.4172	49.2526	0
0.04	0.01	0.193892	51.88	46.6477	0
0.04	0.01	0.193892	55.5904	44.111	0
0.04	0.01	0.193892	59.5662	32.911	0
0.04	0.01	0.193892	63.8263	26.2376	0
0.04	0.01	0.193892	68.3912	26.8085	0
0.04	0.01	0.193892	73.2825	28.7536	0
0.04	0.01	0.193892	78.5236	29.955	0
0.04	0.01	0.193892	84.1395	30.1104	0
0.04	0.01	0.193892	90.1571	28.211	0
0.04	0.01	0.193892	96.6051	26.002	0
0.04	0.01	0.211841	0.103514	284.931	0
0.04	0.01	0.211841	0.110917	283.957	0
0.04	0.01	0.211841	0.11885	282.845	0
0.04	0.01	0.211841	0.12735	281.576	0
0.04	0.01	0.211841	0.136458	280.129	0
0.04	0.01	0.211841	0.146218	278.48	0
0.04	0.01	0.211841	0.156675	276.605	0
0.04	0.01	0.211841	0.16788	274.474	0
0.04	0.01	0.211841	0.179887	272.056	0
0.04	0.01	0.211841	0.192752	269.319	0
0.04	0.01	0.211841	0.206538	266.225	0
0.04	0.01	0.211841	0.221309	262.737	0
0.04	0.01	0.211841	0.237137	258.814	0
0.04	0.01	0.211841	0.254097	254.415	0
0.04	0.01	0.211841	0.27227	249.5	0
0.04	0.01	0.211841	0.291743	244.029	0
0.04	0.01	0.211841	0.312608	237.966	0
0.04	0.01	0.211841	0.334965	231.282	0
0.04	0.01	0.211841	0.358922	223.955	0
0.04	0.01	0.211841	0.384592	215.974	0
0.04	0.01	0.211841	0.412098	207.345	0
0.04	0.01	0.211841	0.44157	198.093	0
0.04	0.01	0.211841	0.473151	188.262	0
0.04	0.01	0.211841	0.506991	177.927	0
0.04	0.01	0.211841	0.54325	167.185	0
0.04	0.01	0.211841	0.582103	156.163	0
0.04	0.01	0.211841	0.623735	145.014	0
0.04	0.01	0.211841	0.668344	133.909	0
0.04	0.01	0.211841	0.716143	123.036	0
0.04	0.01	0.211841	0.767361	112.584	0
0.04	0.01	0.211841	0.822243	102.733	0
0.04	0.01	0.211841	0.881049	93.6468	0
0.04	0.01	0.211841	0.944061	85.4587	0
0.04	0.01	0.211841	1.01158	78.2678	0
0.04	0.01	0.211841	1.08393	72.1356	0
0.04	0.01	0.211841	1.16145	67.0889	0
0.04	0.01	0.211841	1.24451	63.1228	0
0.04	0.01	0.211841	1.33352	60.2069	0
0.04	0.01	0.211841	1.42889	58.2909	0
0.04	0.01	0.211841	1.53109	57.3123	0
0.04	0.01	0.211841	1.64059	57.2045	0
0.04	0.01	0.211841	1.75792	57.9034	0
0.04	0.01	0.211841	1.88365	59.3416	0
0.04	0.01	0.211841	2.01837	61.4235	0
0.04	0.01	0.211841	2.16272	63.9777	0
0.04	0.01	0.211841	2.31739	66.688	0
0.04	0.01	0.211841	2.48313	69.0072	0
0.04	0.01	0.211841	2.66073	70.1108	0
0.04	0.01	0.211841	2.85102	69.0288	0
0.04	0.01	0.211841	3.05492	65.0662	0
0.04	0.01	0.211841	3.27341	58.3225	0
0.04	0.01	0.211841	3.50752	49.8442	0
0.04	0.01	0.211841	3.75837	41.1709	0
0.04	0.01	0.211841	4.02717	33.4826	0
0.04	0.01	0.211841	4.31519	26.8498	0
0.04	0.01	0.211841	4.62381	20.3458	0
0.04	0.01	0.211841	4.9545	13.301	0
0.04	0.01	0.211841	5.30884	6.36962	0
0.04	0.01	0.211841	5.68853	1.34925	0
0.04	0.01	0.211841	6.09537	0.126473	0
0.04	0.01	0.211841	6.53131	3.9152	0
0.04	0.01	0.211841	6.99842	13.457	0
0.04	0.01	0.211841	7.49894	26.9436	0
0.04	0.01	0.211841	8.03526	38.7091	0
0.04	0.01	0.211841	8.60994	45.0724	0
0.04	0.01	0.211841	9.22571	46.8937	0
0.04	0.01	0.211841	9.88553	47.3277	0
0.04	0.01	0.211841	10.5925	49.0196	0
0.04	0.01	0.211841	11.3501	52.798	0
0.04	0.01	0.211841	12.1619	59.3024	0
0.04	0.01	0.211841	13.0317	67.1158	0
0.04	0.01	0.211841	13.9637	70.9689	0
0.04	0.01	0.211841	14.9624	67.1795	0
0.04	0.01	0.211841	16.0325	60.0112	0
0.04	0.01	0.211841	17.1791	56.0285	0
0.04	0.01	0.211841	18.4077	56.0586	0
0.04	0.01	0.211841	19.7242	54.6796	0
0.04	0.01	0.211841	21.1349	49.6909	0
0.04	0.01	0.211841	22.6464	44.2047	0
0.04	0.01	0.211841	24.2661	39.0702	0
0.04	0.01	0.211841	26.0016	35.9108	0
0.04	0.01	0.211841	27.8612	33.5603	0
0.04	0.01	0.211841	29.8538	30.8697	0
0.04	0.01	0.211841	31.989	31.7771	0
0.04	0.01	0.211841	34.2768	33.3807	0
0.04	0.01	0.211841	36.7282	36.0753	0
0.04	0.01	0.211841	39.355	43.1839	0
0.04	0.01	0.211841	42.1697	44.6288	0
0.04	0.01	0.211841	45.1856	47.565	0
0.04	0.01	0.211841	48.4172	49.2616	0
0.04	0.01	0.211841	51.88	46.6541	0
0.04	0.01	0.211841	55.5904	44.1147	0
0.04	0.01	0.211841	59.5662	32.9141	0
0.04	0.01	0.211841	63.8263	26.2409	0
0.04	0.01	0.211841	68.3912	26.8118	0
0.04	0.01	0.211841	73.2825	28.7562	0
0.04	0.01	0.211841	78.5236	29.9574	0
0.04	0.01	0.211841	84.1395	30.1133	0
0.04	0.01	0.211841	90.1571	28.2149	0
0.04	0.01	0.211841	96.6051	26.0068	0
0.04	0.01	0.231452	0.103514	284.931	0
0.04	0.01	0.231452	0.110917	283.957	0
0.04	0.01	0.231452	0.11885	282.845	0
0.04	0.01	0.231452	0.12735	281.576	0
0.04	0.01	0.231452	0.136458	280.129	0
0.04	0.01	0.231452	0.146218	278.48	0
0.04	0.01	0.231452	0.156675	276.605	0
0.04	0.01	0.231452	0.16788	274.474	0
0.04	0.01	0.231452	0.179887	272.057	0
0.04	0.01	0.231452	0.192752	269.319	0
0.04	0.01	0.231452	0.206538	266.225	0
0.04	0.01	0.231452	0.221309	262.737	0
0.04	0.01	0.231452	0.237137	258.814	0
0.04	0.01	0.231452	0.254097	254.415	0
0.04	0.01	0.231452	0.27227	249.5	0
0.04	0.01	0.231452	0.291743	244.029	0
0.04	0.01	0.231452	0.312608	237.967	0
0.04	0.01	0.231452	0.334965	231.283	0
0.04	0.01	0.231452	0.358922	223.955	0
0.04	0.01	0.231452	0.384592	215.975	0
0.04	0.01	0.231452	0.412098	207.346	0
0.04	0.01	0.231452	0.44157	198.093	0
0.04	0.01	0.231452	0.473151	188.263	0
0.04	0.01	0.231452	0.506991	177.927	0
0.04	0.01	0.231452	0.54325	167.185	0
0.04	0.01	0.231452	0.582103	156.164	0
0.04	0.01	0.231452	0.623735	145.014	0
0.04	0.01	0.231452	0.668344	133.91	0
0.04	0.01	0.231452	0.716143	123.037	0
0.04	0.01	0.231452	0.767361	112.585	0
0.04	0.01	0.231452	0.822243	102.734	0
0.04	0.01	0.231452	0.881049	93.6478	0
0.04	0.01	0.231452	0.944061	85.4597	0
0.04	0.01	0.231452	1.01158	78.2687	0
0.04	0.01	0.231452	1.08393	72.1365	0
0.04	0.01	0.231452	1.16145	67.0896	0
0.04	0.01	0.231452	1.24451	63.1234	0
0.04	0.01	0.231452	1.33352	60.2074	0
0.04	0.01	0.231452	1.42889	58.2912	0
0.04	0.01	0.231452	1.53109	57.3124	0
0.04	0.01	0.231452	1.64059	57.2044	0
0.04	0.01	0.231452	1.75792	57.903	0
0.04	0.01	0.231452	1.88365	59.3409	0
0.04	0.01	0.231452	2.01837	61.4224	0
0.04	0.01	0.231452	2.16272	63.9762	0
0.04	0.01	0.231452	2.31739	66.6859	0
0.04	0.01	0.231452	2.48313	69.0045	0
0.04	0.01	0.231452	2.66073	70.1073	0
0.04	0.01	0.231452	2.85102	69.0243	0
0.04	0.01	0.231452	3.05492	65.0607	0
0.04	0.01	0.231452	3.27341	58.3163	0
0.04	0.01	0.231452	3.50752	49.8376	0
0.04	0.01	0.231452	3.75837	41.1648	0
0.04	0.01	0.231452	4.02717	33.4778	0
0.04	0.01	0.231452	4.31519	26.8472	0
0.04	0.01	0.231452	4.62381	20.3457	0
0.04	0.01	0.231452	4.9545	13.3029	0
0.04	0.01	0.231452	5.30884	6.37233	0
0.04	0.01	0.231452	5.68853	1.35111	0
0.04	0.01	0.231452	6.09537	0.125921	0
0.04	0.01	0.231452	6.53131	3.91126	0
0.04	0.01	0.231452	6.99842	13.4495	0
0.04	0.01	0.231452	7.49894	26.9333	0
0.04	0.01	0.231452	8.03526	38.6975	0
0.04	0.01	0.231452	8.60994	45.0614	0
0.04	0.01	0.231452	9.22571	46.8857	0
0.04	0.01	0.231452	9.88553	47.325	0
0.04	0.01	0.231452	10.5925	49.0236	0
0.04	0.01	0.231452	11.3501	52.8093	0
0.04	0.01	0.231452	12.1619	59.3199	0
0.04	0.01	0.231452	13.0317	67.1372	0
0.04	0.01	0.231452	13.9637	70.9908	0
0.04	0.01	0.231452	14.9624	67.1981	0
0.04	0.01	0.231452	16.0325	60.0242	0
0.04	0.01	0.231452	17.1791	56.0363	0
0.04	0.01	0.231452	18.4077	56.064	0
0.04	0.01	0.231452	19.7242	54.6853	0
0.04	0.01	0.231452	21.1349	49.6977	0
0.04	0.01	0.231452	22.6464	44.2129	0
0.04	0.01	0.231452	24.2661	39.0793	0
0.04	0.01	0.231452	26.0016	35.9195	0
0.04	0.01	0.231452	27.8612	33.5667	0
0.04	0.01	0.231452	29.8538	30.8735	0
0.04	0.01	0.231452	31.989	31.779	0
0.04	0.01	0.231452	34.2768	33.3814	0
0.04	0.01	0.231452	36.7282	36.0757	0
0.04	0.01	0.231452	39.355	43.1859	0
0.04	0.01	0.231452	42.1697	44.6344	0
0.04	0.01	0.231452	45.1856	47.5744	0
0.04	0.01	0.231452	48.4172	49.2714	0
0.04	0.01	0.231452	51.88	46.6612	0
0.04	0.01	0.231452	55.5904	44.1188	0
0.04	0.01	0.231452	59.5662	32.9174	0
0.04	0.01	0.231452	63.8263	26.2445	0
0.04	0.01	0.231452	68.3912	26.8154	0
0.04	0.01	0.231452	73.2825	28.7591	0
0.04	0.01	0.231452	78.5236	29.96	0
0.04	0.01	0.231452	84.1395	30.1166	0
0.04	0.01	0.231452	90.1571	28.2192	0
0.04	0.01	0.231452	96.6051	26.0121	0
0.04	0.01	0.252878	0.103514	284.931	0
0.04	0.01	0.252878	0.110917	283.957	0
0.04	0.01	0.252878	0.11885	282.845	0
0.04	0.01	0.252878	0.12735	281.576	0
0.04	0.01	0.252878	0.136458	280.129	0
0.04	0.01	0.252878	0.146218	278.48	0
0.04	0.01	0.252878	0.156675	276.605	0
0.04	0.01	0.252878	0.16788	274.474	0
0.04	0.01	0.252878	0.179887	272.057	0
0.04	0.01	0.252878	0.192752	269.319	0
0.04	0.01	0.252878	0.206538	266.225	0
0.04	0.01	0.252878	0.221309	262.737	0
0.04	0.01	0.252878	0.237137	258.814	0
0.04	0.01	0.252878	0.254097	254.415	0
0.04	0.01	0.252878	0.27227	249.5	0
0.04	0.01	0.252878	0.291743	244.029	0
0.04	0.01	0.252878	0.312608	237.967	0
0.04	0.01	0.252878	0.334965	231.283	0
0.04	0.01	0.252878	0.358922	223.956	0
0.04	0.01	0.252878	0.384592	215.975	0
0.04	0.01	0.252878	0.412098	207.346	0
0.04	0.01	0.252878	0.44157	198.094	0
0.04	0.01	0.252878	0.473151	188.264	0
0.04	0.01	0.252878	0.506991	177.928	0
0.04	0.01	0.252878	0.54325	167.186	0
0.04	0.01	0.252878	0.582103	156.165	0
0.04	0.01	0.252878	0.623735	145.015	0
0.04	0.01	0.252878	0.668344	133.911	0
0.04	0.01	0.252878	0.716143	123.038	0
0.04	0.01	0.252878	0.767361	112.586	0
0.04	0.01	0.252878	0.822243	102.735	0
0.04	0.01	0.252878	0.881049	93.6488	0
0.04	0.01	0.252878	0.944061	85.4608	0
0.04	0.01	0.252878	1.01158	78.2697	0
0.04	0.01	0.252878	1.08393	72.1375	0
0.04	0.01	0.252878	1.16145	67.0905	0
0.04	0.01	0.252878	1.24451	63.1241	0
0.04	0.01	0.252878	1.33352	60.2079	0
0.04	0.01	0.252878	1.42889	58.2916	0
0.04	0.01	0.252878	1.53109	57.3125	0
0.04	0.01	0.252878	1.64059	57.2043	0
0.04	0.01	0.252878	1.75792	57.9026	0
0.04	0.01	0.252878	1.88365	59.3402	0
0.04	0.01	0.252878	2.01837	61.4213	0
0.04	0.01	0.252878	2.16272	63.9746	0
0.04	0.01	0.252878	2.31739	66.6838	0
0.04	0.01	0.252878	2.48313	69.0015	0
0.04	0.01	0.252878	2.66073	70.1035	0
0.04	0.01	0.252878	2.85102	69.0194	0
0.04	0.01	0.252878	3.05492	65.0548	0
0.04	0.01	0.252878	3.27341	58.3095	0
0.04	0.01	0.252878	3.50752	49.8305	0
0.04	0.01	0.252878	3.75837	41.1581	0
0.04	0.01	0.252878	4.02717	33.4727	0
0.04	0.01	0.252878	4.31519	26.8444	0
0.04	0.01	0.252878	4.62381	20.3456	0
0.04	0.01	0.252878	4.9545	13.305	0
0.04	0.01	0.252878	5.30884	6.37541	0
0.04	0.01	0.252878	5.68853	1.35327	0
0.04	0.01	0.252878	6.09537	0.125435	0
0.04	0.01	0.252878	6.53131	3.90706	0
0.04	0.01	0.252878	6.99842	13.4414	0
0.04	0.01	0.252878	7.49894	26.9222	0
0.04	0.01	0.252878	8.03526	38.6849	0
0.04	0.01	0.252878	8.60994	45.0495	0
0.04	0.01	0.252878	9.22571	46.8771	0
0.04	0.01	0.252878	9.88553	47.322	0
0.04	0.01	0.252878	10.5925	49.028	0
0.04	0.01	0.252878	11.3501	52.8216	0
0.04	0.01	0.252878	12.1619	59.3391	0
0.04	0.01	0.252878	13.0317	67.1606	0
0.04	0.01	0.252878	13.9637	71.0147	0
0.04	0.01	0.252878	14.9624	67.2186	0
0.04	0.01	0.252878	16.0325	60.0384	0
0.04	0.01	0.252878	17.1791	56.0448	0
0.04	0.01	0.252878	18.4077	56.0699	0
0.04	0.01	0.252878	19.7242	54.6915	0
0.04	0.01	0.252878	21.1349	49.7052	0
0.04	0.01	0.252878	22.6464	44.2218	0
0.04	0.01	0.252878	24.2661	39.0893	0
0.04	0.01	0.252878	26.0016	35.929	0
0.04	0.01	0.252878	27.8612	33.5739	0
0.04	0.01	0.252878	29.8538	30.8778	0
0.04	0.01	0.252878	31.989	31.7812	0
0.04	0.01	0.252878	34.2768	33.3823	0
0.04	0.01	0.252878	36.7282	36.0762	0
0.04	0.01	0.252878	39.355	43.1882	0
0.04	0.01	0.252878	42.1697	44.6406	0
0.04	0.01	0.252878	45.1856	47.5846	0
0.04	0.01	0.252878	48.4172	49.2823	0
0.04	0.01	0.252878	51.88	46.6691	0
0.04	0.01	0.252878	55.5904	44.1233	0
0.04	0.01	0.252878	59.5662	32.9212	0
0.04	0.01	0.252878	63.8263	26.2486	0
0.04	0.01	0.252878	68.3912	26.8194	0
0.04	0.01	0.252878	73.2825	28.7623	0
0.04	0.01	0.252878	78.5236	29.963	0
0.04	0.01	0.252878	84.1395	30.1202	0
0.04	0.01	0.252878	90.1571	28.224	0
0.04	0.01	0.252878	96.6051	26.0179	0
0.04	0.01	0.276288	0.103514	284.931	0
0.04	0.01	0.276288	0.110917	283.958	0
0.04	0.01	0.276288	0.11885	282.845	0
0.04	0.01	0.276288	0.12735	281.576	0
0.04	0.01	0.276288	0.136458	280.129	0
0.04	0.01	0.276288	0.146218	278.48	0
0.04	0.01	0.276288	0.156675	276.605	0
0.04	0.01	0.276288	0.16788	274.474	0
0.04	0.01	0.276288	0.179887	272.057	0
0.04	0.01	0.276288	0.192752	269.319	0
0.04	0.01	0.276288	0.206538	266.226	0
0.04	0.01	0.276288	0.221309	262.737	0
0.04	0.01	0.276288	0.237137	258.814	0
0.04	0.01	0.276288	0.254097	254.415	0
0.04	0.01	0.276288	0.27227	249.5	0
0.04	0.01	0.276288	0.291743	244.03	0
0.04	0.01	0.276288	0.312608	237.967	0
0.04	0.01	0.276288	0.334965	231.283	0
0.04	0.01	0.276288	0.358922	223.956	0
0.04	0.01	0.276288	0.384592	215.976	0
0.04	0.01	0.276288	0.412098	207.347	0
0.04	0.01	0.276288	0.44157	198.094	0
0.04	0.01	0.276288	0.473151	188.264	0
0.04	0.01	0.276288	0.506991	177.929	0
0.04	0.01	0.276288	0.54325	167.187	0
0.04	0.01	0.276288	0.582103	156.165	0
0.04	0.01	0.276288	0.623735	145.016	0
0.04	0.01	0.276288	0.668344	133.912	0
0.04	0.01	0.276288	0.716143	123.039	0
0.04	0.01	0.276288	0.767361	112.587	0
0.04	0.01	0.276288	0.822243	102.736	0
0.04	0.01	0.276288	0.881049	93.65	0
0.04	0.01	0.276288	0.944061	85.4619	0
0.04	0.01	0.276288	1.01158	78.2708	0
0.04	0.01	0.276288	1.08393	72.1385	0
0.04	0.01	0.276288	1.16145	67.0914	0
0.04	0.01	0.276288	1.24451	63.1249	0
0.04	0.01	0.276288	1.33352	60.2085	0
0.04	0.01	0.276288	1.42889	58.292	0
0.04	0.01	0.276288	1.53109	57.3127	0
0.04	0.01	0.276288	1.64059	57.2041	0
0.04	0.01	0.276288	1.75792	57.9021	0
0.04	0.01	0.276288	1.88365	59.3394	0
0.04	0.01	0.276288	2.01837	61.42	0
0.04	0.01	0.276288	2.16272	63.9729	0
0.04	0.01	0.276288	2.31739	66.6814	0
0.04	0.01	0.276288	2.48313	68.9984	0
0.04	0.01	0.276288	2.66073	70.0993	0
0.04	0.01	0.276288	2.85102	69.0141	0
0.04	0.01	0.276288	3.05492	65.0483	0
0.04	0.01	0.276288	3.27341	58.3021	0
0.04	0.01	0.276288	3.50752	49.8228	0
0.04	0.01	0.276288	3.75837	41.151	0
0.04	0.01	0.276288	4.02717	33.4672	0
0.04	0.01	0.276288	4.31519	26.8414	0
0.04	0.01	0.276288	4.62381	20.3456	0
0.04	0.01	0.276288	4.9545	13.3075	0
0.04	0.01	0.276288	5.30884	6.37891	0
0.04	0.01	0.276288	5.68853	1.35576	0
0.04	0.01	0.276288	6.09537	0.125043	0
0.04	0.01	0.276288	6.53131	3.90261	0
0.04	0.01	0.276288	6.99842	13.4327	0
0.04	0.01	0.276288	7.49894	26.9101	0
0.04	0.01	0.276288	8.03526	38.6712	0
0.04	0.01	0.276288	8.60994	45.0366	0
0.04	0.01	0.276288	9.22571	46.8678	0
0.04	0.01	0.276288	9.88553	47.3189	0
0.04	0.01	0.276288	10.5925	49.0329	0
0.04	0.01	0.276288	11.3501	52.8352	0
0.04	0.01	0.276288	12.1619	59.3601	0
0.04	0.01	0.276288	13.0317	67.1862	0
0.04	0.01	0.276288	13.9637	71.0409	0
0.04	0.01	0.276288	14.9624	67.241	0
0.04	0.01	0.276288	16.0325	60.0541	0
0.04	0.01	0.276288	17.1791	56.0543	0
0.04	0.01	0.276288	18.4077	56.0765	0
0.04	0.01	0.276288	19.7242	54.6984	0
0.04	0.01	0.276288	21.1349	49.7135	0
0.04	0.01	0.276288	22.6464	44.2316	0
0.04	0.01	0.276288	24.2661	39.1003	0
0.04	0.01	0.276288	26.0016	35.9395	0
0.04	0.01	0.276288	27.8612	33.5818	0
0.04	0.01	0.276288	29.8538	30.8825	0
0.04	0.01	0.276288	31.989	31.7837	0
0.04	0.01	0.276288	34.2768	33.3833	0
0.04	0.01	0.276288	36.7282	36.0768	0
0.04	0.01	0.276288	39.355	43.1907	0
0.04	0.01	0.276288	42.1697	44.6474	0
0.04	0.01	0.276288	45.1856	47.5959	0
0.04	0.01	0.276288	48.4172	49.2942	0
0.04	0.01	0.276288	51.88	46.6777	0
0.04	0.01	0.276288	55.5904	44.1283	0
0.04	0.01	0.276288	59.5662	32.9254	0
0.04	0.01	0.276288	63.8263	26.2531	0
0.04	0.01	0.276288	68.3912	26.8239	0
0.04	0.01	0.276288	73.2825	28.7658	0
0.04	0.01	0.276288	78.5236	29.9663	0
0.04	0.01	0.276288	84.1395	30.1242	0
0.04	0.01	0.276288	90.1571	28.2293	0
0.04	0.01	0.276288	96.6051	26.0243	0
0.04	0.01	0.301866	0.103514	284.931	0
0.04	0.01	0.301866	0.110917	283.958	0
0.04	0.01	0.301866	0.11885	282.845	0
0.04	0.01	0.301866	0.12735	281.576	0
0.04	0.01	0.301866	0.136458	280.129	0
0.04	0.01	0.301866	0.146218	278.48	0
0.04	0.01	0.301866	0.156675	276.605	0
0.04	0.01	0.301866	0.16788	274.474	0
0.04	0.01	0.301866	0.179887	272.057	0
0.04	0.01	0.301866	0.192752	269.32	0
0.04	0.01	0.301866	0.206538	266.226	0
0.04	0.01	0.301866	0.221309	262.737	0
0.04	0.01	0.301866	0.237137	258.814	0
0.04	0.01	0.301866	0.254097	254.416	0
0.04	0.01	0.301866	0.27227	249.501	0
0.04	0.01	0.301866	0.291743	244.03	0
0.04	0.01	0.301866	0.312608	237.968	0
0.04	0.01	0.301866	0.334965	231.284	0
0.04	0.01	0.301866	0.358922	223.957	0
0.04	0.01	0.301866	0.384592	215.976	0
0.04	0.01	0.301866	0.412098	207.348	0
0.04	0.01	0.301866	0.44157	198.095	0
0.04	0.01	0.301866	0.473151	188.265	0
0.04	0.01	0.301866	0.506991	177.93	0
0.04	0.01	0.301866	0.54325	167.188	0
0.04	0.01	0.301866	0.582103	156.166	0
0.04	0.01	0.301866	0.623735	145.017	0
0.04	0.01	0.301866	0.668344	133.913	0
0.04	0.01	0.301866	0.716143	123.04	0
0.04	0.01	0.301866	0.767361	112.588	0
0.04	0.01	0.301866	0.822243	102.737	0
0.04	0.01	0.301866	0.881049	93.6513	0
0.04	0.01	0.301866	0.944061	85.4632	0
0.04	0.01	0.301866	1.01158	78.2721	0
0.04	0.01	0.301866	1.08393	72.1396	0
0.04	0.01	0.301866	1.16145	67.0924	0
0.04	0.01	0.301866	1.24451	63.1258	0
0.04	0.01	0.301866	1.33352	60.2092	0
0.04	0.01	0.301866	1.42889	58.2924	0
0.04	0.01	0.301866	1.53109	57.3128	0
0.04	0.01	0.301866	1.64059	57.204	0
0.04	0.01	0.301866	1.75792	57.9017	0
0.04	0.01	0.301866	1.88365	59.3385	0
0.04	0.01	0.301866	2.01837	61.4187	0
0.04	0.01	0.301866	2.16272	63.9711	0
0.04	0.01	0.301866	2.31739	66.6789	0
0.04	0.01	0.301866	2.48313	68.995	0
0.04	0.01	0.301866	2.66073	70.0949	0
0.04	0.01	0.301866	2.85102	69.0084	0
0.04	0.01	0.301866	3.05492	65.0414	0
0.04	0.01	0.301866	3.27341	58.2942	0
0.04	0.01	0.301866	3.50752	49.8144	0
0.04	0.01	0.301866	3.75837	41.1433	0
0.04	0.01	0.301866	4.02717	33.4612	0
0.04	0.01	0.301866	4.31519	26.8383	0
0.04	0.01	0.301866	4.62381	20.3457	0
0.04	0.01	0.301866	4.9545	13.3104	0
0.04	0.01	0.301866	5.30884	6.38289	0
0.04	0.01	0.301866	5.68853	1.35865	0
0.04	0.01	0.301866	6.09537	0.124782	0
0.04	0.01	0.301866	6.53131	3.89792	0
0.04	0.01	0.301866	6.99842	13.4234	0
0.04	0.01	0.301866	7.49894	26.8971	0
0.04	0.01	0.301866	8.03526	38.6564	0
0.04	0.01	0.301866	8.60994	45.0227	0
0.04	0.01	0.301866	9.22571	46.8577	0
0.04	0.01	0.301866	9.88553	47.3156	0
0.04	0.01	0.301866	10.5925	49.0384	0
0.04	0.01	0.301866	11.3501	52.8502	0
0.04	0.01	0.301866	12.1619	59.3832	0
0.04	0.01	0.301866	13.0317	67.2143	0
0.04	0.01	0.301866	13.9637	71.0697	0
0.04	0.01	0.301866	14.9624	67.2656	0
0.04	0.01	0.301866	16.0325	60.0713	0
0.04	0.01	0.301866	17.1791	56.0646	0
0.04	0.01	0.301866	18.4077	56.0838	0
0.04	0.01	0.301866	19.7242	54.7061	0
0.04	0.01	0.301866	21.1349	49.7227	0
0.04	0.01	0.301866	22.6464	44.2425	0
0.04	0.01	0.301866	24.2661	39.1124	0
0.04	0.01	0.301866	26.0016	35.951	0
0.04	0.01	0.301866	27.8612	33.5905	0
0.04	0.01	0.301866	29.8538	30.8877	0
0.04	0.01	0.301866	31.989	31.7865	0
0.04	0.01	0.301866	34.2768	33.3845	0
0.04	0.01	0.301866	36.7282	36.0775	0
0.04	0.01	0.301866	39.355	43.1935	0
0.04	0.01	0.301866	42.1697	44.6549	0
0.04	0.01	0.301866	45.1856	47.6084	0
0.04	0.01	0.301866	48.4172	49.3073	0
0.04	0.01	0.301866	51.88	46.6872	0
0.04	0.01	0.301866	55.5904	44.1339	0
0.04	0.01	0.301866	59.5662	32.93	0
0.04	0.01	0.301866	63.8263	26.2581	0
0.04	0.01	0.301866	68.3912	26.8288	0
0.04	0.01	0.301866	73.2825	28.7698	0
0.04	0.01	0.301866	78.5236	29.97	0
0.04	0.01	0.301866	84.1395	30.1287	0
0.04	0.01	0.301866	90.1571	28.2351	0
0.04	0.01	0.301866	96.6051	26.0314	0
0.04	0.01	0.329811	0.103514	284.931	0
0.04	0.01	0.329811	0.110917	283.958	0
0.04	0.01	0.329811	0.11885	282.845	0
0.04	0.01	0.329811	0.12735	281.576	0
0.04	0.01	0.329811	0.136458	280.129	0
0.04	0.01	0.329811	0.146218	278.481	0
0.04	0.01	0.329811	0.156675	276.605	0
0.04	0.01	0.329811	0.16788	274.474	0
0.04	0.01	0.329811	0.179887	272.057	0
0.04	0.01	0.329811	0.192752	269.32	0
0.04	0.01	0.329811	0.206538	266.226	0
0.04	0.01	0.329811	0.221309	262.738	0
0.04	0.01	0.329811	0.237137	258.815	0
0.04	0.01	0.329811	0.254097	254.416	0
0.04	0.01	0.329811	0.27227	249.501	0
0.04	0.01	0.329811	0.291743	244.03	0
0.04	0.01	0.329811	0.312608	237.968	0
0.04	0.01	0.329811	0.334965	231.284	0
0.04	0.01	0.329811	0.358922	223.957	0
0.04	0.01	0.329811	0.384592	215.977	0
0.04	0.01	0.329811	0.412098	207.348	0
0.04	0.01	0.329811	0.44157	198.096	0
0.04	0.01	0.329811	0.473151	188.266	0
0.04	0.01	0.329811	0.506991	177.931	0
0.04	0.01	0.329811	0.54325	167.189	0
0.04	0.01	0.329811	0.582103	156.168	0
0.04	0.01	0.329811	0.623735	145.019	0
0.04	0.01	0.329811	0.668344	133.915	0
0.04	0.01	0.329811	0.716143	123.042	0
0.04	0.01	0.329811	0.767361	112.589	0
0.04	0.01	0.329811	0.822243	102.739	0
0.04	0.01	0.329811	0.881049	93.6527	0
0.04	0.01	0.329811	0.944061	85.4646	0
0.04	0.01	0.329811	1.01158	78.2734	0
0.04	0.01	0.329811	1.08393	72.1409	0
0.04	0.01	0.329811	1.16145	67.0936	0
0.04	0.01	0.329811	1.24451	63.1267	0
0.04	0.01	0.329811	1.33352	60.2099	0
0.04	0.01	0.329811	1.42889	58.2929	0
0.04	0.01	0.329811	1.53109	57.313	0
0.04	0.01	0.329811	1.64059	57.2038	0
0.04	0.01	0.329811	1.75792	57.9012	0
0.04	0.01	0.329811	1.88365	59.3376	0
0.04	0.01	0.329811	2.01837	61.4174	0
0.04	0.01	0.329811	2.16272	63.9691	0
0.04	0.01	0.329811	2.31739	66.6761	0
0.04	0.01	0.329811	2.48313	68.9913	0
0.04	0.01	0.329811	2.66073	70.09	0
0.04	0.01	0.329811	2.85102	69.0023	0
0.04	0.01	0.329811	3.05492	65.0339	0
0.04	0.01	0.329811	3.27341	58.2856	0
0.04	0.01	0.329811	3.50752	49.8055	0
0.04	0.01	0.329811	3.75837	41.135	0
0.04	0.01	0.329811	4.02717	33.4549	0
0.04	0.01	0.329811	4.31519	26.8351	0
0.04	0.01	0.329811	4.62381	20.3461	0
0.04	0.01	0.329811	4.9545	13.3137	0
0.04	0.01	0.329811	5.30884	6.38743	0
0.04	0.01	0.329811	5.68853	1.362	0
0.04	0.01	0.329811	6.09537	0.124694	0
0.04	0.01	0.329811	6.53131	3.89298	0
0.04	0.01	0.329811	6.99842	13.4134	0
0.04	0.01	0.329811	7.49894	26.883	0
0.04	0.01	0.329811	8.03526	38.6405	0
0.04	0.01	0.329811	8.60994	45.0077	0
0.04	0.01	0.329811	9.22571	46.8469	0
0.04	0.01	0.329811	9.88553	47.3121	0
0.04	0.01	0.329811	10.5925	49.0446	0
0.04	0.01	0.329811	11.3501	52.8666	0
0.04	0.01	0.329811	12.1619	59.4085	0
0.04	0.01	0.329811	13.0317	67.2451	0
0.04	0.01	0.329811	13.9637	71.1012	0
0.04	0.01	0.329811	14.9624	67.2925	0
0.04	0.01	0.329811	16.0325	60.0901	0
0.04	0.01	0.329811	17.1791	56.0761	0
0.04	0.01	0.329811	18.4077	56.0919	0
0.04	0.01	0.329811	19.7242	54.7145	0
0.04	0.01	0.329811	21.1349	49.7328	0
0.04	0.01	0.329811	22.6464	44.2545	0
0.04	0.01	0.329811	24.2661	39.1257	0
0.04	0.01	0.329811	26.0016	35.9638	0
0.04	0.01	0.329811	27.8612	33.6001	0
0.04	0.01	0.329811	29.8538	30.8936	0
0.04	0.01	0.329811	31.989	31.7897	0
0.04	0.01	0.329811	34.2768	33.3859	0
0.04	0.01	0.329811	36.7282	36.0785	0
0.04	0.01	0.329811	39.355	43.1967	0
0.04	0.01	0.329811	42.1697	44.6632	0
0.04	0.01	0.329811	45.1856	47.6221	0
0.04	0.01	0.329811	48.4172	49.3217	0
0.04	0.01	0.329811	51.88	46.6977	0
0.04	0.01	0.329811	55.5904	44.1401	0
0.04	0.01	0.329811	59.5662	32.9352	0
0.04	0.01	0.329811	63.8263	26.2636	0
0.04	0.01	0.329811	68.3912	26.8344	0
0.04	0.01	0.329811	73.2825	28.7743	0
0.04	0.01	0.329811	78.5236	29.9741	0
0.04	0.01	0.329811	84.1395	30.1336	0
0.04	0.01	0.329811	90.1571	28.2416	0
0.04	0.01	0.329811	96.6051	26.0393	0
0.04	0.01	0.360343	0.103514	284.932	0
0.04	0.01	0.360343	0.110917	283.958	0
0.04	0.01	0.360343	0.11885	282.846	0
0.04	0.01	0.360343	0.12735	281.576	0
0.04	0.01	0.360343	0.136458	280.129	0
0.04	0.01	0.360343	0.146218	278.481	0
0.04	0.01	0.360343	0.156675	276.605	0
0.04	0.01	0.360343	0.16788	274.474	0
0.04	0.01	0.360343	0.179887	272.057	0
0.04	0.01	0.360343	0.192752	269.32	0
0.04	0.01	0.360343	0.206538	266.226	0
0.04	0.01	0.360343	0.221309	262.738	0
0.04	0.01	0.360343	0.237137	258.815	0
0.04	0.01	0.360343	0.254097	254.416	0
0.04	0.01	0.360343	0.27227	249.501	0
0.04	0.01	0.360343	0.291743	244.031	0
0.04	0.01	0.360343	0.312608	237.969	0
0.04	0.01	0.360343	0.334965	231.285	0
0.04	0.01	0.360343	0.358922	223.958	0
0.04	0.01	0.360343	0.384592	215.978	0
0.04	0.01	0.360343	0.412098	207.349	0
0.04	0.01	0.360343	0.44157	198.097	0
0.04	0.01	0.360343	0.473151	188.267	0
0.04	0.01	0.360343	0.506991	177.932	0
0.04	0.01	0.360343	0.54325	167.19	0
0.04	0.01	0.360343	0.582103	156.169	0
0.04	0.01	0.360343	0.623735	145.02	0
0.04	0.01	0.360343	0.668344	133.916	0
0.04	0.01	0.360343	0.716143	123.043	0
0.04	0.01	0.360343	0.767361	112.591	0
0.04	0.01	0.360343	0.822243	102.74	0
0.04	0.01	0.360343	0.881049	93.6543	0
0.04	0.01	0.360343	0.944061	85.4661	0
0.04	0.01	0.360343	1.01158	78.2749	0
0.04	0.01	0.360343	1.08393	72.1423	0
0.04	0.01	0.360343	1.16145	67.0948	0
0.04	0.01	0.360343	1.24451	63.1278	0
0.04	0.01	0.360343	1.33352	60.2107	0
0.04	0.01	0.360343	1.42889	58.2934	0
0.04	0.01	0.360343	1.53109	57.3132	0
0.04	0.01	0.360343	1.64059	57.2037	0
0.04	0.01	0.360343	1.75792	57.9007	0
0.04	0.01	0.360343	1.88365	59.3366	0
0.04	0.01	0.360343	2.01837	61.4159	0
0.04	0.01	0.360343	2.16272	63.967	0
0.04	0.01	0.360343	2.31739	66.6732	0
0.04	0.01	0.360343	2.48313	68.9874	0
0.04	0.01	0.360343	2.66073	70.0849	0
0.04	0.01	0.360343	2.85102	68.9957	0
0.04	0.01	0.360343	3.05492	65.0258	0
0.04	0.01	0.360343	3.27341	58.2763	0
0.04	0.01	0.360343	3.50752	49.7958	0
0.04	0.01	0.360343	3.75837	41.1261	0
0.04	0.01	0.360343	4.02717	33.4482	0
0.04	0.01	0.360343	4.31519	26.8318	0
0.04	0.01	0.360343	4.62381	20.3466	0
0.04	0.01	0.360343	4.9545	13.3176	0
0.04	0.01	0.360343	5.30884	6.39263	0
0.04	0.01	0.360343	5.68853	1.3659	0
0.04	0.01	0.360343	6.09537	0.124836	0
0.04	0.01	0.360343	6.53131	3.88783	0
0.04	0.01	0.360343	6.99842	13.4027	0
0.04	0.01	0.360343	7.49894	26.8679	0
0.04	0.01	0.360343	8.03526	38.6233	0
0.04	0.01	0.360343	8.60994	44.9914	0
0.04	0.01	0.360343	9.22571	46.8352	0
0.04	0.01	0.360343	9.88553	47.3086	0
0.04	0.01	0.360343	10.5925	49.0515	0
0.04	0.01	0.360343	11.3501	52.8847	0
0.04	0.01	0.360343	12.1619	59.4363	0
0.04	0.01	0.360343	13.0317	67.2789	0
0.04	0.01	0.360343	13.9637	71.1357	0
0.04	0.01	0.360343	14.9624	67.3221	0
0.04	0.01	0.360343	16.0325	60.1109	0
0.04	0.01	0.360343	17.1791	56.0887	0
0.04	0.01	0.360343	18.4077	56.1008	0
0.04	0.01	0.360343	19.7242	54.7238	0
0.04	0.01	0.360343	21.1349	49.7439	0
0.04	0.01	0.360343	22.6464	44.2677	0
0.04	0.01	0.360343	24.2661	39.1405	0
0.04	0.01	0.360343	26.0016	35.9778	0
0.04	0.01	0.360343	27.8612	33.6108	0
0.04	0.01	0.360343	29.8538	30.9001	0
0.04	0.01	0.360343	31.989	31.7934	0
0.04	0.01	0.360343	34.2768	33.3876	0
0.04	0.01	0.360343	36.7282	36.0796	0
0.04	0.01	0.360343	39.355	43.2004	0
0.04	0.01	0.360343	42.1697	44.6725	0
0.04	0.01	0.360343	45.1856	47.6372	0
0.04	0.01	0.360343	48.4172	49.3376	0
0.04	0.01	0.360343	51.88	46.7093	0
0.04	0.01	0.360343	55.5904	44.1469	0
0.04	0.01	0.360343	59.5662	32.9409	0
0.04	0.01	0.360343	63.8263	26.2698	0
0.04	0.01	0.360343	68.3912	26.8405	0
0.04	0.01	0.360343	73.2825	28.7792	0
0.04	0.01	0.360343	78.5236	29.9787	0
0.04	0.01	0.360343	84.1395	30.1392	0
0.04	0.01	0.360343	90.1571	28.2488	0
0.04	0.01	0.360343	96.6051	26.048	0
0.04	0.01	0.393701	0.103514	284.932	0
0.04	0.01	0.393701	0.110917	283.958	0
0.04	0.01	0.393701	0.11885	282.846	0
0.04	0.01	0.393701	0.12735	281.576	0
0.04	0.01	0.393701	0.136458	280.129	0
0.04	0.01	0.393701	0.146218	278.481	0
0.04	0.01	0.393701	0.156675	276.605	0
0.04	0.01	0.393701	0.16788	274.475	0
0.04	0.01	0.393701	0.179887	272.057	0
0.04	0.01	0.393701	0.192752	269.32	0
0.04	0.01	0.393701	0.206538	266.226	0
0.04	0.01	0.393701	0.221309	262.738	0
0.04	0.01	0.393701	0.237137	258.815	0
0.04	0.01	0.393701	0.254097	254.417	0
0.04	0.01	0.393701	0.27227	249.502	0
0.04	0.01	0.393701	0.291743	244.031	0
0.04	0.01	0.393701	0.312608	237.969	0
0.04	0.01	0.393701	0.334965	231.286	0
0.04	0.01	0.393701	0.358922	223.959	0
0.04	0.01	0.393701	0.384592	215.978	0
0.04	0.01	0.393701	0.412098	207.35	0
0.04	0.01	0.393701	0.44157	198.098	0
0.04	0.01	0.393701	0.473151	188.268	0
0.04	0.01	0.393701	0.506991	177.933	0
0.04	0.01	0.393701	0.54325	167.191	0
0.04	0.01	0.393701	0.582103	156.17	0
0.04	0.01	0.393701	0.623735	145.021	0
0.04	0.01	0.393701	0.668344	133.917	0
0.04	0.01	0.393701	0.716143	123.045	0
0.04	0.01	0.393701	0.767361	112.592	0
0.04	0.01	0.393701	0.822243	102.742	0
0.04	0.01	0.393701	0.881049	93.6559	0
0.04	0.01	0.393701	0.944061	85.4678	0
0.04	0.01	0.393701	1.01158	78.2765	0
0.04	0.01	0.393701	1.08393	72.1438	0
0.04	0.01	0.393701	1.16145	67.0962	0
0.04	0.01	0.393701	1.24451	63.129	0
0.04	0.01	0.393701	1.33352	60.2116	0
0.04	0.01	0.393701	1.42889	58.294	0
0.04	0.01	0.393701	1.53109	57.3135	0
0.04	0.01	0.393701	1.64059	57.2036	0
0.04	0.01	0.393701	1.75792	57.9001	0
0.04	0.01	0.393701	1.88365	59.3356	0
0.04	0.01	0.393701	2.01837	61.4143	0
0.04	0.01	0.393701	2.16272	63.9647	0
0.04	0.01	0.393701	2.31739	66.6701	0
0.04	0.01	0.393701	2.48313	68.9832	0
0.04	0.01	0.393701	2.66073	70.0793	0
0.04	0.01	0.393701	2.85102	68.9885	0
0.04	0.01	0.393701	3.05492	65.0171	0
0.04	0.01	0.393701	3.27341	58.2664	0
0.04	0.01	0.393701	3.50752	49.7854	0
0.04	0.01	0.393701	3.75837	41.1166	0
0.04	0.01	0.393701	4.02717	33.4411	0
0.04	0.01	0.393701	4.31519	26.8283	0
0.04	0.01	0.393701	4.62381	20.3475	0
0.04	0.01	0.393701	4.9545	13.322	0
0.04	0.01	0.393701	5.30884	6.39857	0
0.04	0.01	0.393701	5.68853	1.37044	0
0.04	0.01	0.393701	6.09537	0.125274	0
0.04	0.01	0.393701	6.53131	3.88248	0
0.04	0.01	0.393701	6.99842	13.3913	0
0.04	0.01	0.393701	7.49894	26.8517	0
0.04	0.01	0.393701	8.03526	38.6047	0
0.04	0.01	0.393701	8.60994	44.9739	0
0.04	0.01	0.393701	9.22571	46.8227	0
0.04	0.01	0.393701	9.88553	47.3048	0
0.04	0.01	0.393701	10.5925	49.0592	0
0.04	0.01	0.393701	11.3501	52.9047	0
0.04	0.01	0.393701	12.1619	59.4669	0
0.04	0.01	0.393701	13.0317	67.3159	0
0.04	0.01	0.393701	13.9637	71.1736	0
0.04	0.01	0.393701	14.9624	67.3545	0
0.04	0.01	0.393701	16.0325	60.1337	0
0.04	0.01	0.393701	17.1791	56.1026	0
0.04	0.01	0.393701	18.4077	56.1107	0
0.04	0.01	0.393701	19.7242	54.7342	0
0.04	0.01	0.393701	21.1349	49.7563	0
0.04	0.01	0.393701	22.6464	44.2823	0
0.04	0.01	0.393701	24.2661	39.1567	0
0.04	0.01	0.393701	26.0016	35.9934	0
0.04	0.01	0.393701	27.8612	33.6226	0
0.04	0.01	0.393701	29.8538	30.9074	0
0.04	0.01	0.393701	31.989	31.7975	0
0.04	0.01	0.393701	34.2768	33.3896	0
0.04	0.01	0.393701	36.7282	36.081	0
0.04	0.01	0.393701	39.355	43.2045	0
0.04	0.01	0.393701	42.1697	44.6827	0
0.04	0.01	0.393701	45.1856	47.6538	0
0.04	0.01	0.393701	48.4172	49.3551	0
0.04	0.01	0.393701	51.88	46.7221	0
0.04	0.01	0.393701	55.5904	44.1546	0
0.04	0.01	0.393701	59.5662	32.9474	0
0.04	0.01	0.393701	63.8263	26.2767	0
0.04	0.01	0.393701	68.3912	26.8474	0
0.04	0.01	0.393701	73.2825	28.7848	0
0.04	0.01	0.393701	78.5236	29.984	0
0.04	0.01	0.393701	84.1395	30.1455	0
0.04	0.01	0.393701	90.1571	28.2569	0
0.04	0.01	0.393701	96.6051	26.0577	0
0.04	0.01	0.430148	0.103514	284.932	0
0.04	0.01	0.430148	0.110917	283.958	0
0.04	0.01	0.430148	0.11885	282.846	0
0.04	0.01	0.430148	0.12735	281.576	0
0.04	0.01	0.430148	0.136458	280.129	0
0.04	0.01	0.430148	0.146218	278.481	0
0.04	0.01	0.430148	0.156675	276.606	0
0.04	0.01	0.430148	0.16788	274.475	0
0.04	0.01	0.430148	0.179887	272.058	0
0.04	0.01	0.430148	0.192752	269.32	0
0.04	0.01	0.430148	0.206538	266.227	0
0.04	0.01	0.430148	0.221309	262.739	0
0.04	0.01	0.430148	0.237137	258.816	0
0.04	0.01	0.430148	0.254097	254.417	0
0.04	0.01	0.430148	0.27227	249.502	0
0.04	0.01	0.430148	0.291743	244.032	0
0.04	0.01	0.430148	0.312608	237.97	0
0.04	0.01	0.430148	0.334965	231.286	0
0.04	0.01	0.430148	0.358922	223.959	0
0.04	0.01	0.430148	0.384592	215.979	0
0.04	0.01	0.430148	0.412098	207.351	0
0.04	0.01	0.430148	0.44157	198.099	0
0.04	0.01	0.430148	0.473151	188.269	0
0.04	0.01	0.430148	0.506991	177.934	0
0.04	0.01	0.430148	0.54325	167.193	0
0.04	0.01	0.430148	0.582103	156.171	0
0.04	0.01	0.430148	0.623735	145.023	0
0.04	0.01	0.430148	0.668344	133.919	0
0.04	0.01	0.430148	0.716143	123.046	0
0.04	0.01	0.430148	0.767361	112.594	0
0.04	0.01	0.430148	0.822243	102.744	0
0.04	0.01	0.430148	0.881049	93.6578	0
0.04	0.01	0.430148	0.944061	85.4696	0
0.04	0.01	0.430148	1.01158	78.2782	0
0.04	0.01	0.430148	1.08393	72.1454	0
0.04	0.01	0.430148	1.16145	67.0977	0
0.04	0.01	0.430148	1.24451	63.1302	0
0.04	0.01	0.430148	1.33352	60.2127	0
0.04	0.01	0.430148	1.42889	58.2947	0
0.04	0.01	0.430148	1.53109	57.3138	0
0.04	0.01	0.430148	1.64059	57.2035	0
0.04	0.01	0.430148	1.75792	57.8996	0
0.04	0.01	0.430148	1.88365	59.3346	0
0.04	0.01	0.430148	2.01837	61.4126	0
0.04	0.01	0.430148	2.16272	63.9623	0
0.04	0.01	0.430148	2.31739	66.6668	0
0.04	0.01	0.430148	2.48313	68.9786	0
0.04	0.01	0.430148	2.66073	70.0733	0
0.04	0.01	0.430148	2.85102	68.9808	0
0.04	0.01	0.430148	3.05492	65.0077	0
0.04	0.01	0.430148	3.27341	58.2557	0
0.04	0.01	0.430148	3.50752	49.7743	0
0.04	0.01	0.430148	3.75837	41.1064	0
0.04	0.01	0.430148	4.02717	33.4335	0
0.04	0.01	0.430148	4.31519	26.8249	0
0.04	0.01	0.430148	4.62381	20.3488	0
0.04	0.01	0.430148	4.9545	13.3272	0
0.04	0.01	0.430148	5.30884	6.40539	0
0.04	0.01	0.430148	5.68853	1.37573	0
0.04	0.01	0.430148	6.09537	0.12609	0
0.04	0.01	0.430148	6.53131	3.87698	0
0.04	0.01	0.430148	6.99842	13.3791	0
0.04	0.01	0.430148	7.49894	26.8342	0
0.04	0.01	0.430148	8.03526	38.5847	0
0.04	0.01	0.430148	8.60994	44.9551	0
0.04	0.01	0.430148	9.22571	46.8094	0
0.04	0.01	0.430148	9.88553	47.301	0
0.04	0.01	0.430148	10.5925	49.0678	0
0.04	0.01	0.430148	11.3501	52.9268	0
0.04	0.01	0.430148	12.1619	59.5005	0
0.04	0.01	0.430148	13.0317	67.3566	0
0.04	0.01	0.430148	13.9637	71.2151	0
0.04	0.01	0.430148	14.9624	67.3901	0
0.04	0.01	0.430148	16.0325	60.1588	0
0.04	0.01	0.430148	17.1791	56.118	0
0.04	0.01	0.430148	18.4077	56.1217	0
0.04	0.01	0.430148	19.7242	54.7457	0
0.04	0.01	0.430148	21.1349	49.77	0
0.04	0.01	0.430148	22.6464	44.2984	0
0.04	0.01	0.430148	24.2661	39.1747	0
0.04	0.01	0.430148	26.0016	36.0105	0
0.04	0.01	0.430148	27.8612	33.6358	0
0.04	0.01	0.430148	29.8538	30.9156	0
0.04	0.01	0.430148	31.989	31.8022	0
0.04	0.01	0.430148	34.2768	33.392	0
0.04	0.01	0.430148	36.7282	36.0828	0
0.04	0.01	0.430148	39.355	43.2092	0
0.04	0.01	0.430148	42.1697	44.6941	0
0.04	0.01	0.430148	45.1856	47.6721	0
0.04	0.01	0.430148	48.4172	49.3744	0
0.04	0.01	0.430148	51.88	46.7363	0
0.04	0.01	0.430148	55.5904	44.1631	0
0.04	0.01	0.430148	59.5662	32.9546	0
0.04	0.01	0.430148	63.8263	26.2845	0
0.04	0.01	0.430148	68.3912	26.855	0
0.04	0.01	0.430148	73.2825	28.7911	0
0.04	0.01	0.430148	78.5236	29.9898	0
0.04	0.01	0.430148	84.1395	30.1524	0
0.04	0.01	0.430148	90.1571	28.2658	0
0.04	0.01	0.430148	96.6051	26.0684	0
0.04	0.01	0.469968	0.103514	284.932	0
0.04	0.01	0.469968	0.110917	283.958	0
0.04	0.01	0.469968	0.11885	282.846	0
0.04	0.01	0.469968	0.12735	281.577	0
0.04	0.01	0.469968	0.136458	280.129	0
0.04	0.01	0.469968	0.146218	278.481	0
0.04	0.01	0.469968	0.156675	276.606	0
0.04	0.01	0.469968	0.16788	274.475	0
0.04	0.01	0.469968	0.179887	272.058	0
0.04	0.01	0.469968	0.192752	269.321	0
0.04	0.01	0.469968	0.206538	266.227	0
0.04	0.01	0.469968	0.221309	262.739	0
0.04	0.01	0.469968	0.237137	258.816	0
0.04	0.01	0.469968	0.254097	254.418	0
0.04	0.01	0.469968	0.27227	249.503	0
0.04	0.01	0.469968	0.291743	244.032	0
0.04	0.01	0.469968	0.312608	237.97	0
0.04	0.01	0.469968	0.334965	231.287	0
0.04	0.01	0.469968	0.358922	223.96	0
0.04	0.01	0.469968	0.384592	215.98	0
0.04	0.01	0.469968	0.412098	207.352	0
0.04	0.01	0.469968	0.44157	198.1	0
0.04	0.01	0.469968	0.473151	188.27	0
0.04	0.01	0.469968	0.506991	177.935	0
0.04	0.01	0.469968	0.54325	167.194	0
0.04	0.01	0.469968	0.582103	156.173	0
0.04	0.01	0.469968	0.623735	145.024	0
0.04	0.01	0.469968	0.668344	133.921	0
0.04	0.01	0.469968	0.716143	123.048	0
0.04	0.01	0.469968	0.767361	112.596	0
0.04	0.01	0.469968	0.822243	102.746	0
0.04	0.01	0.469968	0.881049	93.6598	0
0.04	0.01	0.469968	0.944061	85.4716	0
0.04	0.01	0.469968	1.01158	78.2802	0
0.04	0.01	0.469968	1.08393	72.1473	0
0.04	0.01	0.469968	1.16145	67.0993	0
0.04	0.01	0.469968	1.24451	63.1316	0
0.04	0.01	0.469968	1.33352	60.2138	0
0.04	0.01	0.469968	1.42889	58.2955	0
0.04	0.01	0.469968	1.53109	57.3142	0
0.04	0.01	0.469968	1.64059	57.2034	0
0.04	0.01	0.469968	1.75792	57.899	0
0.04	0.01	0.469968	1.88365	59.3334	0
0.04	0.01	0.469968	2.01837	61.4109	0
0.04	0.01	0.469968	2.16272	63.9598	0
0.04	0.01	0.469968	2.31739	66.6632	0
0.04	0.01	0.469968	2.48313	68.9738	0
0.04	0.01	0.469968	2.66073	70.0669	0
0.04	0.01	0.469968	2.85102	68.9726	0
0.04	0.01	0.469968	3.05492	64.9976	0
0.04	0.01	0.469968	3.27341	58.2442	0
0.04	0.01	0.469968	3.50752	49.7623	0
0.04	0.01	0.469968	3.75837	41.0955	0
0.04	0.01	0.469968	4.02717	33.4255	0
0.04	0.01	0.469968	4.31519	26.8214	0
0.04	0.01	0.469968	4.62381	20.3505	0
0.04	0.01	0.469968	4.9545	13.3332	0
0.04	0.01	0.469968	5.30884	6.41323	0
0.04	0.01	0.469968	5.68853	1.38191	0
0.04	0.01	0.469968	6.09537	0.127386	0
0.04	0.01	0.469968	6.53131	3.87136	0
0.04	0.01	0.469968	6.99842	13.3662	0
0.04	0.01	0.469968	7.49894	26.8156	0
0.04	0.01	0.469968	8.03526	38.5632	0
0.04	0.01	0.469968	8.60994	44.9349	0
0.04	0.01	0.469968	9.22571	46.7951	0
0.04	0.01	0.469968	9.88553	47.2972	0
0.04	0.01	0.469968	10.5925	49.0776	0
0.04	0.01	0.469968	11.3501	52.9511	0
0.04	0.01	0.469968	12.1619	59.5374	0
0.04	0.01	0.469968	13.0317	67.4012	0
0.04	0.01	0.469968	13.9637	71.2607	0
0.04	0.01	0.469968	14.9624	67.4293	0
0.04	0.01	0.469968	16.0325	60.1864	0
0.04	0.01	0.469968	17.1791	56.135	0
0.04	0.01	0.469968	18.4077	56.1339	0
0.04	0.01	0.469968	19.7242	54.7585	0
0.04	0.01	0.469968	21.1349	49.7852	0
0.04	0.01	0.469968	22.6464	44.3163	0
0.04	0.01	0.469968	24.2661	39.1946	0
0.04	0.01	0.469968	26.0016	36.0295	0
0.04	0.01	0.469968	27.8612	33.6503	0
0.04	0.01	0.469968	29.8538	30.9247	0
0.04	0.01	0.469968	31.989	31.8076	0
0.04	0.01	0.469968	34.2768	33.3948	0
0.04	0.01	0.469968	36.7282	36.0849	0
0.04	0.01	0.469968	39.355	43.2146	0
0.04	0.01	0.469968	42.1697	44.7067	0
0.04	0.01	0.469968	45.1856	47.6924	0
0.04	0.01	0.469968	48.4172	49.3956	0
0.04	0.01	0.469968	51.88	46.752	0
0.04	0.01	0.469968	55.5904	44.1727	0
0.04	0.01	0.469968	59.5662	32.9627	0
0.04	0.01	0.469968	63.8263	26.2931	0
0.04	0.01	0.469968	68.3912	26.8636	0
0.04	0.01	0.469968	73.2825	28.7982	0
0.04	0.01	0.469968	78.5236	29.9964	0
0.04	0.01	0.469968	84.1395	30.1603	0
0.04	0.01	0.469968	90.1571	28.2758	0
0.04	0.01	0.469968	96.6051	26.0804	0
0.04	0.01	0.513475	0.103514	284.932	0
0.04	0.01	0.513475	0.110917	283.958	0
0.04	0.01	0.513475	0.11885	282.846	0
0.04	0.01	0.513475	0.12735	281.577	0
0.04	0.01	0.513475	0.136458	280.13	0
0.04	0.01	0.513475	0.146218	278.481	0
0.04	0.01	0.513475	0.156675	276.606	0
0.04	0.01	0.513475	0.16788	274.475	0
0.04	0.01	0.513475	0.179887	272.058	0
0.04	0.01	0.513475	0.192752	269.321	0
0.04	0.01	0.513475	0.206538	266.227	0
0.04	0.01	0.513475	0.221309	262.739	0
0.04	0.01	0.513475	0.237137	258.816	0
0.04	0.01	0.513475	0.254097	254.418	0
0.04	0.01	0.513475	0.27227	249.503	0
0.04	0.01	0.513475	0.291743	244.033	0
0.04	0.01	0.513475	0.312608	237.971	0
0.04	0.01	0.513475	0.334965	231.288	0
0.04	0.01	0.513475	0.358922	223.961	0
0.04	0.01	0.513475	0.384592	215.981	0
0.04	0.01	0.513475	0.412098	207.353	0
0.04	0.01	0.513475	0.44157	198.101	0
0.04	0.01	0.513475	0.473151	188.272	0
0.04	0.01	0.513475	0.506991	177.937	0
0.04	0.01	0.513475	0.54325	167.196	0
0.04	0.01	0.513475	0.582103	156.175	0
0.04	0.01	0.513475	0.623735	145.026	0
0.04	0.01	0.513475	0.668344	133.923	0
0.04	0.01	0.513475	0.716143	123.05	0
0.04	0.01	0.513475	0.767361	112.598	0
0.04	0.01	0.513475	0.822243	102.748	0
0.04	0.01	0.513475	0.881049	93.662	0
0.04	0.01	0.513475	0.944061	85.4738	0
0.04	0.01	0.513475	1.01158	78.2823	0
0.04	0.01	0.513475	1.08393	72.1493	0
0.04	0.01	0.513475	1.16145	67.1011	0
0.04	0.01	0.513475	1.24451	63.1332	0
0.04	0.01	0.513475	1.33352	60.215	0
0.04	0.01	0.513475	1.42889	58.2964	0
0.04	0.01	0.513475	1.53109	57.3146	0
0.04	0.01	0.513475	1.64059	57.2034	0
0.04	0.01	0.513475	1.75792	57.8985	0
0.04	0.01	0.513475	1.88365	59.3323	0
0.04	0.01	0.513475	2.01837	61.4091	0
0.04	0.01	0.513475	2.16272	63.9571	0
0.04	0.01	0.513475	2.31739	66.6594	0
0.04	0.01	0.513475	2.48313	68.9687	0
0.04	0.01	0.513475	2.66073	70.06	0
0.04	0.01	0.513475	2.85102	68.9638	0
0.04	0.01	0.513475	3.05492	64.9868	0
0.04	0.01	0.513475	3.27341	58.2318	0
0.04	0.01	0.513475	3.50752	49.7495	0
0.04	0.01	0.513475	3.75837	41.0839	0
0.04	0.01	0.513475	4.02717	33.4172	0
0.04	0.01	0.513475	4.31519	26.818	0
0.04	0.01	0.513475	4.62381	20.3528	0
0.04	0.01	0.513475	4.9545	13.3403	0
0.04	0.01	0.513475	5.30884	6.42226	0
0.04	0.01	0.513475	5.68853	1.38914	0
0.04	0.01	0.513475	6.09537	0.129282	0
0.04	0.01	0.513475	6.53131	3.8657	0
0.04	0.01	0.513475	6.99842	13.3526	0
0.04	0.01	0.513475	7.49894	26.7956	0
0.04	0.01	0.513475	8.03526	38.5402	0
0.04	0.01	0.513475	8.60994	44.9132	0
0.04	0.01	0.513475	9.22571	46.7798	0
0.04	0.01	0.513475	9.88553	47.2933	0
0.04	0.01	0.513475	10.5925	49.0886	0
0.04	0.01	0.513475	11.3501	52.978	0
0.04	0.01	0.513475	12.1619	59.578	0
0.04	0.01	0.513475	13.0317	67.4503	0
0.04	0.01	0.513475	13.9637	71.3108	0
0.04	0.01	0.513475	14.9624	67.4722	0
0.04	0.01	0.513475	16.0325	60.2168	0
0.04	0.01	0.513475	17.1791	56.1539	0
0.04	0.01	0.513475	18.4077	56.1475	0
0.04	0.01	0.513475	19.7242	54.7727	0
0.04	0.01	0.513475	21.1349	49.802	0
0.04	0.01	0.513475	22.6464	44.3361	0
0.04	0.01	0.513475	24.2661	39.2166	0
0.04	0.01	0.513475	26.0016	36.0506	0
0.04	0.01	0.513475	27.8612	33.6666	0
0.04	0.01	0.513475	29.8538	30.935	0
0.04	0.01	0.513475	31.989	31.8138	0
0.04	0.01	0.513475	34.2768	33.3982	0
0.04	0.01	0.513475	36.7282	36.0875	0
0.04	0.01	0.513475	39.355	43.2207	0
0.04	0.01	0.513475	42.1697	44.7208	0
0.04	0.01	0.513475	45.1856	47.7148	0
0.04	0.01	0.513475	48.4172	49.4192	0
0.04	0.01	0.513475	51.88	46.7694	0
0.04	0.01	0.513475	55.5904	44.1833	0
0.04	0.01	0.513475	59.5662	32.9718	0
0.04	0.01	0.513475	63.8263	26.3028	0
0.04	0.01	0.513475	68.3912	26.8733	0
0.04	0.01	0.513475	73.2825	28.8061	0
0.04	0.01	0.513475	78.5236	30.0039	0
0.04	0.01	0.513475	84.1395	30.1691	0
0.04	0.01	0.513475	90.1571	28.287	0
0.04	0.01	0.513475	96.6051	26.0937	0
0.04	0.01	0.56101	0.103514	284.932	0
0.04	0.01	0.56101	0.110917	283.958	0
0.04	0.01	0.56101	0.11885	282.846	0
0.04	0.01	0.56101	0.12735	281.577	0
0.04	0.01	0.56101	0.136458	280.13	0
0.04	0.01	0.56101	0.146218	278.481	0
0.04	0.01	0.56101	0.156675	276.606	0
0.04	0.01	0.56101	0.16788	274.475	0
0.04	0.01	0.56101	0.179887	272.058	0
0.04	0.01	0.56101	0.192752	269.321	0
0.04	0.01	0.56101	0.206538	266.228	0
0.04	0.01	0.56101	0.221309	262.74	0
0.04	0.01	0.56101	0.237137	258.817	0
0.04	0.01	0.56101	0.254097	254.419	0
0.04	0.01	0.56101	0.27227	249.504	0
0.04	0.01	0.56101	0.291743	244.034	0
0.04	0.01	0.56101	0.312608	237.972	0
0.04	0.01	0.56101	0.334965	231.289	0
0.04	0.01	0.56101	0.358922	223.962	0
0.04	0.01	0.56101	0.384592	215.982	0
0.04	0.01	0.56101	0.412098	207.354	0
0.04	0.01	0.56101	0.44157	198.102	0
0.04	0.01	0.56101	0.473151	188.273	0
0.04	0.01	0.56101	0.506991	177.938	0
0.04	0.01	0.56101	0.54325	167.197	0
0.04	0.01	0.56101	0.582103	156.177	0
0.04	0.01	0.56101	0.623735	145.028	0
0.04	0.01	0.56101	0.668344	133.925	0
0.04	0.01	0.56101	0.716143	123.053	0
0.04	0.01	0.56101	0.767361	112.601	0
0.04	0.01	0.56101	0.822243	102.751	0
0.04	0.01	0.56101	0.881049	93.6645	0
0.04	0.01	0.56101	0.944061	85.4762	0
0.04	0.01	0.56101	1.01158	78.2846	0
0.04	0.01	0.56101	1.08393	72.1515	0
0.04	0.01	0.56101	1.16145	67.1031	0
0.04	0.01	0.56101	1.24451	63.1349	0
0.04	0.01	0.56101	1.33352	60.2164	0
0.04	0.01	0.56101	1.42889	58.2974	0
0.04	0.01	0.56101	1.53109	57.3152	0
0.04	0.01	0.56101	1.64059	57.2034	0
0.04	0.01	0.56101	1.75792	57.8979	0
0.04	0.01	0.56101	1.88365	59.3311	0
0.04	0.01	0.56101	2.01837	61.4071	0
0.04	0.01	0.56101	2.16272	63.9543	0
0.04	0.01	0.56101	2.31739	66.6555	0
0.04	0.01	0.56101	2.48313	68.9632	0
0.04	0.01	0.56101	2.66073	70.0528	0
0.04	0.01	0.56101	2.85102	68.9544	0
0.04	0.01	0.56101	3.05492	64.9753	0
0.04	0.01	0.56101	3.27341	58.2187	0
0.04	0.01	0.56101	3.50752	49.7359	0
0.04	0.01	0.56101	3.75837	41.0717	0
0.04	0.01	0.56101	4.02717	33.4085	0
0.04	0.01	0.56101	4.31519	26.8148	0
0.04	0.01	0.56101	4.62381	20.3558	0
0.04	0.01	0.56101	4.9545	13.3485	0
0.04	0.01	0.56101	5.30884	6.43268	0
0.04	0.01	0.56101	5.68853	1.39761	0
0.04	0.01	0.56101	6.09537	0.131929	0
0.04	0.01	0.56101	6.53131	3.8601	0
0.04	0.01	0.56101	6.99842	13.3383	0
0.04	0.01	0.56101	7.49894	26.7743	0
0.04	0.01	0.56101	8.03526	38.5156	0
0.04	0.01	0.56101	8.60994	44.89	0
0.04	0.01	0.56101	9.22571	46.7636	0
0.04	0.01	0.56101	9.88553	47.2895	0
0.04	0.01	0.56101	10.5925	49.1009	0
0.04	0.01	0.56101	11.3501	53.0077	0
0.04	0.01	0.56101	12.1619	59.6227	0
0.04	0.01	0.56101	13.0317	67.5041	0
0.04	0.01	0.56101	13.9637	71.3658	0
0.04	0.01	0.56101	14.9624	67.5195	0
0.04	0.01	0.56101	16.0325	60.2503	0
0.04	0.01	0.56101	17.1791	56.1747	0
0.04	0.01	0.56101	18.4077	56.1627	0
0.04	0.01	0.56101	19.7242	54.7886	0
0.04	0.01	0.56101	21.1349	49.8208	0
0.04	0.01	0.56101	22.6464	44.358	0
0.04	0.01	0.56101	24.2661	39.2409	0
0.04	0.01	0.56101	26.0016	36.0739	0
0.04	0.01	0.56101	27.8612	33.6846	0
0.04	0.01	0.56101	29.8538	30.9466	0
0.04	0.01	0.56101	31.989	31.8208	0
0.04	0.01	0.56101	34.2768	33.4022	0
0.04	0.01	0.56101	36.7282	36.0907	0
0.04	0.01	0.56101	39.355	43.2277	0
0.04	0.01	0.56101	42.1697	44.7365	0
0.04	0.01	0.56101	45.1856	47.7396	0
0.04	0.01	0.56101	48.4172	49.4451	0
0.04	0.01	0.56101	51.88	46.7887	0
0.04	0.01	0.56101	55.5904	44.1953	0
0.04	0.01	0.56101	59.5662	32.982	0
0.04	0.01	0.56101	63.8263	26.3137	0
0.04	0.01	0.56101	68.3912	26.8841	0
0.04	0.01	0.56101	73.2825	28.8152	0
0.04	0.01	0.56101	78.5236	30.0124	0
0.04	0.01	0.56101	84.1395	30.179	0
0.04	0.01	0.56101	90.1571	28.2995	0
0.04	0.01	0.56101	96.6051	26.1085	0
0.04	0.01	0.612945	0.103514	284.932	0
0.04	0.01	0.612945	0.110917	283.958	0
0.04	0.01	0.612945	0.11885	282.846	0
0.04	0.01	0.612945	0.12735	281.577	0
0.04	0.01	0.612945	0.136458	280.13	0
0.04	0.01	0.612945	0.146218	278.482	0
0.04	0.01	0.612945	0.156675	276.606	0
0.04	0.01	0.612945	0.16788	274.476	0
0.04	0.01	0.612945	0.179887	272.059	0
0.04	0.01	0.612945	0.192752	269.322	0
0.04	0.01	0.612945	0.206538	266.228	0
0.04	0.01	0.612945	0.221309	262.74	0
0.04	0.01	0.612945	0.237137	258.817	0
0.04	0.01	0.612945	0.254097	254.419	0
0.04	0.01	0.612945	0.27227	249.505	0
0.04	0.01	0.612945	0.291743	244.034	0
0.04	0.01	0.612945	0.312608	237.973	0
0.04	0.01	0.612945	0.334965	231.289	0
0.04	0.01	0.612945	0.358922	223.963	0
0.04	0.01	0.612945	0.384592	215.983	0
0.04	0.01	0.612945	0.412098	207.355	0
0.04	0.01	0.612945	0.44157	198.104	0
0.04	0.01	0.612945	0.473151	188.275	0
0.04	0.01	0.612945	0.506991	177.94	0
0.04	0.01	0.612945	0.54325	167.199	0
0.04	0.01	0.612945	0.582103	156.179	0
0.04	0.01	0.612945	0.623735	145.03	0
0.04	0.01	0.612945	0.668344	133.927	0
0.04	0.01	0.612945	0.716143	123.055	0
0.04	0.01	0.612945	0.767361	112.603	0
0.04	0.01	0.612945	0.822243	102.753	0
0.04	0.01	0.612945	0.881049	93.6671	0
0.04	0.01	0.612945	0.944061	85.4789	0
0.04	0.01	0.612945	1.01158	78.2872	0
0.04	0.01	0.612945	1.08393	72.1539	0
0.04	0.01	0.612945	1.16145	67.1053	0
0.04	0.01	0.612945	1.24451	63.1369	0
0.04	0.01	0.612945	1.33352	60.218	0
0.04	0.01	0.612945	1.42889	58.2985	0
0.04	0.01	0.612945	1.53109	57.3158	0
0.04	0.01	0.612945	1.64059	57.2035	0
0.04	0.01	0.612945	1.75792	57.8974	0
0.04	0.01	0.612945	1.88365	59.3299	0
0.04	0.01	0.612945	2.01837	61.4052	0
0.04	0.01	0.612945	2.16272	63.9513	0
0.04	0.01	0.612945	2.31739	66.6513	0
0.04	0.01	0.612945	2.48313	68.9574	0
0.04	0.01	0.612945	2.66073	70.045	0
0.04	0.01	0.612945	2.85102	68.9444	0
0.04	0.01	0.612945	3.05492	64.963	0
0.04	0.01	0.612945	3.27341	58.2046	0
0.04	0.01	0.612945	3.50752	49.7214	0
0.04	0.01	0.612945	3.75837	41.0587	0
0.04	0.01	0.612945	4.02717	33.3994	0
0.04	0.01	0.612945	4.31519	26.8118	0
0.04	0.01	0.612945	4.62381	20.3596	0
0.04	0.01	0.612945	4.9545	13.3581	0
0.04	0.01	0.612945	5.30884	6.44473	0
0.04	0.01	0.612945	5.68853	1.40754	0
0.04	0.01	0.612945	6.09537	0.135507	0
0.04	0.01	0.612945	6.53131	3.85465	0
0.04	0.01	0.612945	6.99842	13.3234	0
0.04	0.01	0.612945	7.49894	26.7518	0
0.04	0.01	0.612945	8.03526	38.4893	0
0.04	0.01	0.612945	8.60994	44.8652	0
0.04	0.01	0.612945	9.22571	46.7465	0
0.04	0.01	0.612945	9.88553	47.2859	0
0.04	0.01	0.612945	10.5925	49.1149	0
0.04	0.01	0.612945	11.3501	53.0407	0
0.04	0.01	0.612945	12.1619	59.6719	0
0.04	0.01	0.612945	13.0317	67.5634	0
0.04	0.01	0.612945	13.9637	71.4262	0
0.04	0.01	0.612945	14.9624	67.5715	0
0.04	0.01	0.612945	16.0325	60.2872	0
0.04	0.01	0.612945	17.1791	56.1979	0
0.04	0.01	0.612945	18.4077	56.1796	0
0.04	0.01	0.612945	19.7242	54.8062	0
0.04	0.01	0.612945	21.1349	49.8416	0
0.04	0.01	0.612945	22.6464	44.3824	0
0.04	0.01	0.612945	24.2661	39.2679	0
0.04	0.01	0.612945	26.0016	36.0998	0
0.04	0.01	0.612945	27.8612	33.7048	0
0.04	0.01	0.612945	29.8538	30.9597	0
0.04	0.01	0.612945	31.989	31.829	0
0.04	0.01	0.612945	34.2768	33.4069	0
0.04	0.01	0.612945	36.7282	36.0945	0
0.04	0.01	0.612945	39.355	43.2357	0
0.04	0.01	0.612945	42.1697	44.754	0
0.04	0.01	0.612945	45.1856	47.767	0
0.04	0.01	0.612945	48.4172	49.4739	0
0.04	0.01	0.612945	51.88	46.8102	0
0.04	0.01	0.612945	55.5904	44.2087	0
0.04	0.01	0.612945	59.5662	32.9935	0
0.04	0.01	0.612945	63.8263	26.3259	0
0.04	0.01	0.612945	68.3912	26.8963	0
0.04	0.01	0.612945	73.2825	28.8254	0
0.04	0.01	0.612945	78.5236	30.022	0
0.04	0.01	0.612945	84.1395	30.1902	0
0.04	0.01	0.612945	90.1571	28.3135	0
0.04	0.01	0.612945	96.6051	26.1251	0
0.04	0.01	0.669688	0.103514	284.932	0
0.04	0.01	0.669688	0.110917	283.958	0
0.04	0.01	0.669688	0.11885	282.846	0
0.04	0.01	0.669688	0.12735	281.577	0
0.04	0.01	0.669688	0.136458	280.13	0
0.04	0.01	0.669688	0.146218	278.482	0
0.04	0.01	0.669688	0.156675	276.607	0
0.04	0.01	0.669688	0.16788	274.476	0
0.04	0.01	0.669688	0.179887	272.059	0
0.04	0.01	0.669688	0.192752	269.322	0
0.04	0.01	0.669688	0.206538	266.229	0
0.04	0.01	0.669688	0.221309	262.741	0
0.04	0.01	0.669688	0.237137	258.818	0
0.04	0.01	0.669688	0.254097	254.42	0
0.04	0.01	0.669688	0.27227	249.505	0
0.04	0.01	0.669688	0.291743	244.035	0
0.04	0.01	0.669688	0.312608	237.974	0
0.04	0.01	0.669688	0.334965	231.29	0
0.04	0.01	0.669688	0.358922	223.964	0
0.04	0.01	0.669688	0.384592	215.984	0
0.04	0.01	0.669688	0.412098	207.357	0
0.04	0.01	0.669688	0.44157	198.105	0
0.04	0.01	0.669688	0.473151	188.276	0
0.04	0.01	0.669688	0.506991	177.942	0
0.04	0.01	0.669688	0.54325	167.201	0
0.04	0.01	0.669688	0.582103	156.181	0
0.04	0.01	0.669688	0.623735	145.033	0
0.04	0.01	0.669688	0.668344	133.93	0
0.04	0.01	0.669688	0.716143	123.058	0
0.04	0.01	0.669688	0.767361	112.606	0
0.04	0.01	0.669688	0.822243	102.756	0
0.04	0.01	0.669688	0.881049	93.67	0
0.04	0.01	0.669688	0.944061	85.4818	0
0.04	0.01	0.669688	1.01158	78.29	0
0.04	0.01	0.669688	1.08393	72.1565	0
0.04	0.01	0.669688	1.16145	67.1078	0
0.04	0.01	0.669688	1.24451	63.139	0
0.04	0.01	0.669688	1.33352	60.2197	0
0.04	0.01	0.669688	1.42889	58.2998	0
0.04	0.01	0.669688	1.53109	57.3165	0
0.04	0.01	0.669688	1.64059	57.2037	0
0.04	0.01	0.669688	1.75792	57.8969	0
0.04	0.01	0.669688	1.88365	59.3287	0
0.04	0.01	0.669688	2.01837	61.4031	0
0.04	0.01	0.669688	2.16272	63.9482	0
0.04	0.01	0.669688	2.31739	66.6469	0
0.04	0.01	0.669688	2.48313	68.9514	0
0.04	0.01	0.669688	2.66073	70.0368	0
0.04	0.01	0.669688	2.85102	68.9338	0
0.04	0.01	0.669688	3.05492	64.9499	0
0.04	0.01	0.669688	3.27341	58.1897	0
0.04	0.01	0.669688	3.50752	49.706	0
0.04	0.01	0.669688	3.75837	41.0451	0
0.04	0.01	0.669688	4.02717	33.3902	0
0.04	0.01	0.669688	4.31519	26.8091	0
0.04	0.01	0.669688	4.62381	20.3646	0
0.04	0.01	0.669688	4.9545	13.3693	0
0.04	0.01	0.669688	5.30884	6.45868	0
0.04	0.01	0.669688	5.68853	1.41921	0
0.04	0.01	0.669688	6.09537	0.140235	0
0.04	0.01	0.669688	6.53131	3.84951	0
0.04	0.01	0.669688	6.99842	13.3078	0
0.04	0.01	0.669688	7.49894	26.7279	0
0.04	0.01	0.669688	8.03526	38.4613	0
0.04	0.01	0.669688	8.60994	44.8388	0
0.04	0.01	0.669688	9.22571	46.7284	0
0.04	0.01	0.669688	9.88553	47.2825	0
0.04	0.01	0.669688	10.5925	49.1308	0
0.04	0.01	0.669688	11.3501	53.0772	0
0.04	0.01	0.669688	12.1619	59.7262	0
0.04	0.01	0.669688	13.0317	67.6286	0
0.04	0.01	0.669688	13.9637	71.4926	0
0.04	0.01	0.669688	14.9624	67.6286	0
0.04	0.01	0.669688	16.0325	60.328	0
0.04	0.01	0.669688	17.1791	56.2236	0
0.04	0.01	0.669688	18.4077	56.1985	0
0.04	0.01	0.669688	19.7242	54.826	0
0.04	0.01	0.669688	21.1349	49.8648	0
0.04	0.01	0.669688	22.6464	44.4095	0
0.04	0.01	0.669688	24.2661	39.2979	0
0.04	0.01	0.669688	26.0016	36.1286	0
0.04	0.01	0.669688	27.8612	33.7273	0
0.04	0.01	0.669688	29.8538	30.9745	0
0.04	0.01	0.669688	31.989	31.8383	0
0.04	0.01	0.669688	34.2768	33.4126	0
0.04	0.01	0.669688	36.7282	36.0992	0
0.04	0.01	0.669688	39.355	43.2449	0
0.04	0.01	0.669688	42.1697	44.7735	0
0.04	0.01	0.669688	45.1856	47.7974	0
0.04	0.01	0.669688	48.4172	49.5057	0
0.04	0.01	0.669688	51.88	46.834	0
0.04	0.01	0.669688	55.5904	44.2238	0
0.04	0.01	0.669688	59.5662	33.0065	0
0.04	0.01	0.669688	63.8263	26.3397	0
0.04	0.01	0.669688	68.3912	26.91	0
0.04	0.01	0.669688	73.2825	28.8369	0
0.04	0.01	0.669688	78.5236	30.0329	0
0.04	0.01	0.669688	84.1395	30.2029	0
0.04	0.01	0.669688	90.1571	28.3293	0
0.04	0.01	0.669688	96.6051	26.1436	0
