0.0376572, 0.0359585, 0.033512, 0.0309561, 0.0310914, 0.032056, 0.032314, 0.0322464, 0.0319571, 0.0320273, 0.0322701, 0.0317171, 0.0316922, 0.0324676, 0.0322858, 0.0310865, 0.032556, 0.0322694, 0.0324978, 0.030696, 0.0302907, 0.0297861, 0.0301938, 0.0290479, 0.0278254, 0.0286133, 0.0282565, 0.0298923, 0.0272545, 0.0321615, 0.0285908, 0.0295509, 0.0276312, 0.0280412, 0.029412, 0.0274241, 0.0287514, 0.0278888, 0.0300582, 0.0318601, 0.0332605, 0.0296721, 0.0292189, 0.0258329, 0.0321296, 0.0287907, 0.0309196, 0.030771, 0.0269813, 0.0268299, 0.0399516, 0.0402868, 0.0404189, 0.040115, 0.0364982, 0.0390376, 0.0322029, 0.0381698, 0.0369604, 0.0380548, 0.0375496, 0.0393451, 0.0321834, 0.0337652, 0.039027, 0.0345907, 0.0345782, 0.0280997, 0.0371896, 0.029516, 0.0366153, 0.0379465, 0.0479182, 0.02963, 0.0416277, 0.0411116, 0.0250677, 0.0402907, 0.0354267, 0.031965, 0.0357806, 0.0451713, 0.0373862, 0.0465907, 0.030038, 0.0316651, 0.0501438, 0.0418821, 0.0607068, 0.0433915, 0.0340896, 0.0295463, 0.0241635, 0.0371157, 0.0252729, 0.0232662, 0.0562242, 0.0425901, 0.0327331, 0.036873, 0.0053402, 0.00510036, 0.00469177, 0.00417337, 0.00376285, 0.00348181, 0.00325092, 0.0030195, 0.00280661, 0.00264258, 0.00258578, 0.00263229, 0.002684, 0.0027329, 0.00278486, 0.0028235, 0.00284524, 0.00286722, 0.00289535, 0.00291771
0.0359585, 0.0439961, 0.0420307, 0.0407847, 0.0409133, 0.0411921, 0.0411959, 0.040494, 0.0401697, 0.0403071, 0.0407, 0.0399874, 0.0394964, 0.0415341, 0.0408154, 0.0388026, 0.0404049, 0.0406541, 0.0420436, 0.0366423, 0.0361483, 0.0357163, 0.0377743, 0.0354001, 0.0332515, 0.0347371, 0.0348375, 0.0379171, 0.0360762, 0.0444087, 0.0380531, 0.042208, 0.0321952, 0.0329983, 0.0369803, 0.0328333, 0.0349429, 0.0343371, 0.0371935, 0.0384848, 0.0443326, 0.0364004, 0.0358263, 0.0316959, 0.0436833, 0.0373223, 0.0409969, 0.036951, 0.0326499, 0.0307687, 0.0574648, 0.0521185, 0.0496772, 0.0555593, 0.0441625, 0.0522244, 0.0403339, 0.0516035, 0.0463559, 0.0495936, 0.0509846, 0.0548538, 0.0382918, 0.0425278, 0.0536031, 0.0456088, 0.0419184, 0.0343464, 0.0449539, 0.030206, 0.0475172, 0.0428802, 0.0709932, 0.0289536, 0.0556284, 0.0593166, 0.0237929, 0.0591276, 0.0475543, 0.0314363, 0.0385324, 0.0477064, 0.0493919, 0.0666175, 0.0296752, 0.0286668, 0.076972, 0.0370766, 0.0978293, 0.0628867, 0.0392605, 0.040262, 0.0238899, 0.0348237, 0.0277101, 0.0221851, 0.100586, 0.0433124, 0.0408911, 0.0413942, 0.00534923, 0.00513222, 0.00475048, 0.00425885, 0.00386609, 0.00359539, 0.00337031, 0.00314653, 0.00294006, 0.00278343, 0.00273106, 0.00277815, 0.00283094, 0.00288136, 0.0029355, 0.00297307, 0.00298795, 0.00300253, 0.00302138, 0.00303444
0.033512, 0.0420307, 0.0403926, 0.0395162, 0.0396945, 0.0398673, 0.0398374, 0.0391242, 0.0388251, 0.0389629, 0.0393475, 0.0386683, 0.0381423, 0.0401774, 0.0394599, 0.0375296, 0.0390406, 0.0393343, 0.0407359, 0.0353906, 0.0348712, 0.0344062, 0.0364428, 0.0341247, 0.0320445, 0.0334769, 0.0335949, 0.0366133, 0.0349623, 0.0430702, 0.0369136, 0.0410922, 0.0309447, 0.0317733, 0.0356899, 0.0316611, 0.0336377, 0.0332455, 0.036006, 0.0371185, 0.0429748, 0.0352117, 0.0347178, 0.0307148, 0.0424227, 0.0362596, 0.0397735, 0.0356678, 0.03163, 0.0297232, 0.0559073, 0.0502217, 0.0477009, 0.0538871, 0.0424469, 0.0505695, 0.0390736, 0.0500293, 0.0447904, 0.0479501, 0.0493909, 0.0532661, 0.0368586, 0.0412083, 0.0519776, 0.0442939, 0.0404335, 0.0334053, 0.0431933, 0.0288341, 0.0458849, 0.0410345, 0.0690491, 0.0276301, 0.0538405, 0.0577631, 0.0227647, 0.0576494, 0.0463383, 0.0297922, 0.0370056, 0.0451515, 0.0479203, 0.0643011, 0.0280208, 0.0272416, 0.0746431, 0.0343653, 0.0954088, 0.0612739, 0.0379664, 0.0394795, 0.0234466, 0.0328165, 0.0268471, 0.021357, 0.0987743, 0.0408272, 0.0401194, 0.0397583, 0.00540388, 0.00522711, 0.00488807, 0.00443701, 0.00408055, 0.00384311, 0.00364238, 0.00343158, 0.00323167, 0.00308457, 0.00303792, 0.00308481, 0.00313882, 0.0031956, 0.00325892, 0.00329985, 0.00330803, 0.00331565, 0.00332586, 0.00333103
0.0309561, 0.0407847, 0.0395162, 0.0391902, 0.0394253, 0.0394048, 0.0392821, 0.038472, 0.0381791, 0.0382947, 0.038684, 0.0380034, 0.0373916, 0.03955, 0.038783, 0.036896, 0.0383473, 0.0387437, 0.0403236, 0.0346232, 0.0341009, 0.0335677, 0.0357997, 0.0334206, 0.0312439, 0.0327679, 0.0328547, 0.035974, 0.0346615, 0.0428849, 0.0366534, 0.041261, 0.0299888, 0.0309181, 0.0351266, 0.0308731, 0.0328041, 0.0326774, 0.0354127, 0.0363829, 0.0426225, 0.0345789, 0.0342416, 0.0301805, 0.0422664, 0.0359575, 0.0395368, 0.0348738, 0.031069, 0.0289425, 0.056081, 0.0493883, 0.0465351, 0.0536427, 0.0413416, 0.0501003, 0.0384633, 0.0497662, 0.0440001, 0.0473849, 0.0490882, 0.0532082, 0.0359201, 0.0407548, 0.0516664, 0.0440729, 0.0395022, 0.0328873, 0.0420962, 0.0272337, 0.0451977, 0.039673, 0.0693013, 0.0258827, 0.0532804, 0.0583065, 0.0212887, 0.0581346, 0.0462998, 0.027993, 0.0358122, 0.0431446, 0.0475998, 0.0640737, 0.026307, 0.0252282, 0.0751654, 0.0308376, 0.0978127, 0.0616238, 0.0370172, 0.0397488, 0.0227498, 0.0302871, 0.0261263, 0.0202755, 0.101747, 0.0381526, 0.0414958, 0.0383837, 0.00550457, 0.00536908, 0.00506874, 0.00464917, 0.00433024, 0.00414243, 0.00398838, 0.00379732, 0.0036049, 0.00346973, 0.00343374, 0.00348725, 0.0035504, 0.00361761, 0.00369438, 0.00374465, 0.00375373, 0.00376279, 0.00377461, 0.00378403
0.0310914, 0.0409133, 0.0396945, 0.0394253, 0.0397461, 0.0397616, 0.0396551, 0.0388458, 0.0385498, 0.0386647, 0.0390385, 0.0383406, 0.0377121, 0.0398468, 0.0390848, 0.0372671, 0.0387941, 0.0392464, 0.0408463, 0.0351742, 0.034629, 0.0340582, 0.0362567, 0.0338819, 0.0317211, 0.0332415, 0.0333297, 0.0364524, 0.0351073, 0.0433462, 0.037112, 0.0417001, 0.0304734, 0.0314106, 0.0355933, 0.0313664, 0.0332938, 0.0332005, 0.035956, 0.0369267, 0.0431525, 0.0351239, 0.0347828, 0.0306959, 0.0427805, 0.0364817, 0.0400534, 0.0354325, 0.0316356, 0.029565, 0.0563923, 0.0497207, 0.0468829, 0.0539741, 0.0416827, 0.0504677, 0.0389471, 0.0502422, 0.0445127, 0.0478708, 0.0495472, 0.0536814, 0.0363975, 0.041246, 0.0521525, 0.0445483, 0.0400159, 0.033387, 0.0425961, 0.0277645, 0.0456741, 0.0401893, 0.0698127, 0.0264493, 0.0538187, 0.0587901, 0.0218359, 0.0586309, 0.0468386, 0.0285316, 0.0366231, 0.044182, 0.0486214, 0.0650212, 0.0272786, 0.0263584, 0.0760805, 0.031942, 0.0986991, 0.0626609, 0.038102, 0.0407529, 0.0238506, 0.0314187, 0.0271367, 0.0212852, 0.102673, 0.0392636, 0.0424225, 0.0394813, 0.00564152, 0.0055368, 0.00525907, 0.00484693, 0.00455083, 0.00441763, 0.00432854, 0.00416303, 0.00397967, 0.00385867, 0.00384053, 0.00391274, 0.00399822, 0.0040787, 0.00417038, 0.00423702, 0.00426107, 0.00428685, 0.00431898, 0.00435411
0.032056, 0.0411921, 0.0398673, 0.0394048, 0.0397616, 0.0399378, 0.0399475, 0.039249, 0.0389958, 0.0391617, 0.0395481, 0.0388635, 0.0382912, 0.0403702, 0.0396441, 0.0377943, 0.0393057, 0.0396554, 0.0411528, 0.0356891, 0.0351385, 0.0345826, 0.0366642, 0.0343431, 0.032262, 0.0337536, 0.0338462, 0.0369095, 0.0353884, 0.0435434, 0.0373743, 0.0417254, 0.0311163, 0.0320094, 0.0360217, 0.0319273, 0.0338646, 0.0336653, 0.0364349, 0.037482, 0.0434704, 0.0356261, 0.0352192, 0.0311465, 0.042999, 0.0368039, 0.0403302, 0.0360249, 0.0321469, 0.0302436, 0.0561549, 0.0500113, 0.0473632, 0.0539558, 0.0421484, 0.0506077, 0.0393191, 0.050402, 0.0449695, 0.0481922, 0.0497151, 0.0537257, 0.0369914, 0.0416103, 0.0523741, 0.0447733, 0.0406148, 0.0338065, 0.0433079, 0.0288094, 0.0461683, 0.0410888, 0.0697593, 0.0275916, 0.0542905, 0.0587532, 0.0229369, 0.0586071, 0.0471449, 0.0297807, 0.0375432, 0.0454079, 0.0489394, 0.0651744, 0.0283493, 0.0276599, 0.0758037, 0.0339383, 0.0974937, 0.0625988, 0.0388098, 0.0408101, 0.0245119, 0.0329469, 0.0277377, 0.0220885, 0.101096, 0.0408149, 0.0420538, 0.0403949, 0.00560858, 0.00553612, 0.00530749, 0.00493744, 0.00464226, 0.00448248, 0.00435792, 0.00418457, 0.00400419, 0.00388582, 0.00386762, 0.00393664, 0.0040194, 0.00410023, 0.00419356, 0.00426367, 0.00429338, 0.00432571, 0.004366, 0.00441115
0.032314, 0.0411959, 0.0398374, 0.0392821, 0.0396551, 0.0399475, 0.0400863, 0.0395101, 0.0393343, 0.0395813, 0.0399995, 0.0393482, 0.038827, 0.0409089, 0.0401907, 0.0382294, 0.0396416, 0.0398594, 0.0412647, 0.0358939, 0.0353304, 0.0347967, 0.036816, 0.0345215, 0.0325167, 0.0339916, 0.0341174, 0.0371538, 0.0355253, 0.043661, 0.0375076, 0.0417295, 0.0314419, 0.0323036, 0.0362145, 0.032207, 0.0341384, 0.0338632, 0.0366384, 0.0376922, 0.0436058, 0.0358328, 0.0353687, 0.0313293, 0.0430722, 0.0369253, 0.0404144, 0.0362845, 0.0323636, 0.0305552, 0.0560043, 0.0501199, 0.0475531, 0.0539295, 0.0423339, 0.0506601, 0.0394936, 0.0504605, 0.0451973, 0.0483349, 0.0497834, 0.0537351, 0.0372704, 0.0417633, 0.0525258, 0.0448722, 0.0409259, 0.0340317, 0.0436774, 0.0293643, 0.0464653, 0.0415196, 0.0698384, 0.0282074, 0.0546122, 0.0587238, 0.0235477, 0.0586457, 0.0473489, 0.0304022, 0.037884, 0.0457217, 0.04895, 0.0650906, 0.0286553, 0.0281462, 0.0755272, 0.0347766, 0.096539, 0.0624351, 0.0390172, 0.0406766, 0.0246967, 0.0335423, 0.0278497, 0.0223033, 0.100213, 0.0414271, 0.041314, 0.0406978, 0.00548328, 0.00545183, 0.00529809, 0.00500222, 0.0047018, 0.00447229, 0.00425878, 0.00406098, 0.00388153, 0.00376377, 0.00374053, 0.00379835, 0.003869, 0.00394433, 0.00403301, 0.00410026, 0.0041304, 0.00416356, 0.00420505, 0.00425188
0.0322464, 0.040494, 0.0391242, 0.038472, 0.0388458, 0.039249, 0.0395101, 0.0391076, 0.0390306, 0.0393662, 0.0398227, 0.0392252, 0.0387753, 0.0408, 0.040099, 0.0380493, 0.0393395, 0.03941, 0.0406668, 0.0355516, 0.0349683, 0.0344036, 0.0362753, 0.0340896, 0.0322325, 0.0336915, 0.0338084, 0.0367464, 0.035015, 0.0429379, 0.0369667, 0.0409319, 0.0312808, 0.032111, 0.0358027, 0.0319778, 0.0338367, 0.0335287, 0.0362657, 0.0373377, 0.0429491, 0.0354807, 0.0350039, 0.031015, 0.0423568, 0.0364284, 0.0397904, 0.0359896, 0.0320828, 0.0304248, 0.0547379, 0.0492863, 0.0469116, 0.0528399, 0.0417973, 0.0497523, 0.0389945, 0.0495706, 0.0446435, 0.047595, 0.0488867, 0.0527026, 0.0369882, 0.0412992, 0.0516953, 0.0442477, 0.0406144, 0.0337755, 0.0433249, 0.0295402, 0.0458871, 0.0413626, 0.0684475, 0.0285159, 0.0538528, 0.0575165, 0.0238376, 0.0574432, 0.0466575, 0.0306035, 0.037862, 0.0456709, 0.0482718, 0.0637849, 0.0287867, 0.028617, 0.0737282, 0.0354067, 0.0938251, 0.0612327, 0.0388771, 0.04005, 0.0249478, 0.0339709, 0.0278094, 0.0225249, 0.0971612, 0.04164, 0.0405499, 0.0406121, 0.0053159, 0.00532518, 0.00525348, 0.00505272, 0.00475388, 0.00444466, 0.0041319, 0.0039069, 0.00372772, 0.00361671, 0.00359547, 0.00364728, 0.00371055, 0.00377846, 0.00385866, 0.00391751, 0.00393975, 0.00396441, 0.00399525, 0.0040308
0.0319571, 0.0401697, 0.0388251, 0.0381791, 0.0385498, 0.0389958, 0.0393343, 0.0390306, 0.039034, 0.0394423, 0.0399291, 0.0393629, 0.038946, 0.0409848, 0.0402687, 0.0381127, 0.0392988, 0.0392759, 0.0404773, 0.0353851, 0.0347909, 0.0342112, 0.036059, 0.0339043, 0.0321145, 0.0336011, 0.0337245, 0.0366505, 0.0349035, 0.0428026, 0.0368559, 0.0407859, 0.0312141, 0.0320405, 0.0356968, 0.0319033, 0.0337433, 0.0334354, 0.0361674, 0.0372284, 0.0428108, 0.0353808, 0.034902, 0.0309227, 0.0422102, 0.0363154, 0.0396507, 0.0358979, 0.0319956, 0.030357, 0.0544196, 0.0490049, 0.0466504, 0.0525414, 0.0415568, 0.0494873, 0.0388345, 0.049352, 0.0444751, 0.0473936, 0.0486649, 0.0524689, 0.0368601, 0.0411589, 0.0515133, 0.0440924, 0.0404951, 0.0336824, 0.0431942, 0.0294906, 0.0457414, 0.0412536, 0.0682126, 0.0284923, 0.0536928, 0.0572861, 0.0238199, 0.0572288, 0.0465193, 0.0305386, 0.0377945, 0.045559, 0.0481506, 0.0635375, 0.0287253, 0.028639, 0.0734295, 0.0353968, 0.0933828, 0.0610475, 0.0388356, 0.0399562, 0.0249942, 0.0339599, 0.0277722, 0.0225241, 0.0967493, 0.0415834, 0.0403731, 0.0405587, 0.0051978, 0.00523936, 0.00523333, 0.00510837, 0.00480766, 0.00443434, 0.00404492, 0.00380277, 0.00362847, 0.00352628, 0.00350903, 0.00355785, 0.00361734, 0.00368057, 0.00375522, 0.00380794, 0.00382327, 0.00384039, 0.00386177, 0.00388721
0.0320273, 0.0403071, 0.0389629, 0.0382947, 0.0386647, 0.0391617, 0.0395813, 0.0393662, 0.0394423, 0.0399322, 0.0404515, 0.039913, 0.0395255, 0.0415982, 0.0408626, 0.0385826, 0.0396871, 0.0395805, 0.0407375, 0.0356251, 0.0350116, 0.034435, 0.036273, 0.0341242, 0.0323983, 0.0339119, 0.0340661, 0.0370078, 0.0352103, 0.0431709, 0.0371802, 0.0410991, 0.0315468, 0.0323701, 0.0360102, 0.032237, 0.0340811, 0.0337635, 0.0365188, 0.0375644, 0.0431949, 0.0357261, 0.0352141, 0.0312294, 0.0425658, 0.0366465, 0.0399805, 0.0362554, 0.0323064, 0.0306708, 0.0546938, 0.0492944, 0.0469333, 0.0528442, 0.0418106, 0.0497959, 0.0391452, 0.0496937, 0.0448422, 0.0477426, 0.0490017, 0.0528261, 0.0371644, 0.041463, 0.0519257, 0.0444069, 0.0408598, 0.0339931, 0.0435772, 0.0298559, 0.0461442, 0.0416125, 0.0687644, 0.028883, 0.0541861, 0.057642, 0.0241634, 0.0576459, 0.0469168, 0.0308716, 0.0381512, 0.0459158, 0.0485872, 0.0640179, 0.0290206, 0.0290734, 0.0739325, 0.0359119, 0.0937171, 0.0615534, 0.0392745, 0.0403077, 0.0253493, 0.0344442, 0.0280792, 0.0228118, 0.0973297, 0.0421089, 0.0402944, 0.041028, 0.00509724, 0.00516873, 0.00522429, 0.00517279, 0.00487683, 0.00444966, 0.00399232, 0.00373749, 0.00357036, 0.00347759, 0.00346414, 0.00350962, 0.00356505, 0.00362457, 0.00369496, 0.00374198, 0.00374955, 0.00375814, 0.00376892, 0.00378275
0.0322701, 0.0407, 0.0393475, 0.038684, 0.0390385, 0.0395481, 0.0399995, 0.0398227, 0.0399291, 0.0404515, 0.0410524, 0.0405606, 0.0402051, 0.0423637, 0.0416366, 0.0392737, 0.0403416, 0.0401829, 0.0413597, 0.0361378, 0.0355206, 0.034921, 0.0368081, 0.0346346, 0.032894, 0.0344801, 0.0346181, 0.0376168, 0.0358069, 0.043911, 0.0378133, 0.0418246, 0.0320497, 0.0328933, 0.0366246, 0.0327498, 0.0346286, 0.0343032, 0.0371065, 0.0381869, 0.0439091, 0.0362962, 0.0357973, 0.0317208, 0.0432835, 0.0372468, 0.040655, 0.0368344, 0.0328207, 0.0311459, 0.0554266, 0.0498949, 0.0474889, 0.0535151, 0.0422676, 0.0504136, 0.0395929, 0.0503631, 0.0453896, 0.0483647, 0.0496578, 0.0535647, 0.0377521, 0.0421792, 0.052804, 0.0451856, 0.0415206, 0.0345367, 0.0443326, 0.0303242, 0.0469612, 0.0423664, 0.0699936, 0.0293155, 0.0551305, 0.0587621, 0.0245332, 0.0587228, 0.0477675, 0.0314032, 0.0386383, 0.0463465, 0.0490079, 0.0647445, 0.0290903, 0.0290549, 0.0748757, 0.0360021, 0.0952371, 0.0622145, 0.0394879, 0.0405955, 0.0253141, 0.0345078, 0.0281168, 0.0227513, 0.0987461, 0.0423185, 0.0409027, 0.041254, 0.00499567, 0.00508623, 0.00518256, 0.00519634, 0.00495801, 0.00453092, 0.00403335, 0.00376238, 0.00358837, 0.00349035, 0.00346858, 0.00350149, 0.00354272, 0.00359723, 0.00366335, 0.00370378, 0.00370273, 0.00370212, 0.00370183, 0.00370267
0.0317171, 0.0399874, 0.0386683, 0.0380034, 0.0383406, 0.0388635, 0.0393482, 0.0392252, 0.0393629, 0.039913, 0.0405606, 0.0401489, 0.0398636, 0.0420288, 0.0413419, 0.0389823, 0.0399559, 0.0397189, 0.0408483, 0.0357466, 0.035125, 0.034529, 0.0363553, 0.0342259, 0.0325431, 0.0340862, 0.0342398, 0.037179, 0.0353717, 0.0433303, 0.037347, 0.0412524, 0.0317278, 0.0325506, 0.036179, 0.0324147, 0.0342576, 0.0339474, 0.0367094, 0.0377546, 0.0433714, 0.0359132, 0.0354061, 0.0314155, 0.0427394, 0.036831, 0.0401545, 0.0364516, 0.0324997, 0.030873, 0.0544402, 0.0490466, 0.0466961, 0.0525924, 0.0415774, 0.049574, 0.0390284, 0.0495638, 0.0447314, 0.0476187, 0.0488686, 0.0527032, 0.0372828, 0.0416211, 0.0520647, 0.0445644, 0.0410185, 0.0341639, 0.0437734, 0.0300835, 0.0463511, 0.0418442, 0.0689467, 0.0291227, 0.0543463, 0.0577467, 0.0243212, 0.0577498, 0.047048, 0.0310178, 0.0381377, 0.0456851, 0.0483363, 0.0637059, 0.0287781, 0.0288623, 0.0736168, 0.0356884, 0.0933976, 0.0612771, 0.0390535, 0.0400674, 0.0251736, 0.0342107, 0.0278475, 0.0226002, 0.0969869, 0.0418583, 0.0400938, 0.0407917, 0.00492194, 0.00502992, 0.00516603, 0.00524443, 0.00506972, 0.0046516, 0.00411631, 0.00383349, 0.00366118, 0.00356522, 0.00354599, 0.00358159, 0.00362561, 0.00368263, 0.00375159, 0.00379375, 0.00379226, 0.00379129, 0.0037907, 0.00379154
0.0316922, 0.0394964, 0.0381423, 0.0373916, 0.0377121, 0.0382912, 0.038827, 0.0387753, 0.038946, 0.0395255, 0.0402051, 0.0398636, 0.0397128, 0.0418714, 0.0412495, 0.0389097, 0.0397615, 0.0393726, 0.0404448, 0.0355217, 0.0349124, 0.0343249, 0.0360743, 0.0340017, 0.0323557, 0.0338588, 0.0339923, 0.0368574, 0.0350153, 0.042797, 0.0369503, 0.0406979, 0.0315804, 0.0323786, 0.035884, 0.0322322, 0.0340662, 0.0337549, 0.0364897, 0.0375687, 0.0429669, 0.0357223, 0.0352132, 0.0312733, 0.0423109, 0.0365474, 0.0398024, 0.0362857, 0.0323645, 0.0308274, 0.0533913, 0.0483026, 0.0460788, 0.0516549, 0.0410376, 0.048781, 0.0386227, 0.0489052, 0.0442675, 0.0470569, 0.048218, 0.0519363, 0.0369347, 0.0411096, 0.0512756, 0.0439375, 0.0405878, 0.0337759, 0.043356, 0.0300281, 0.0457861, 0.0415673, 0.0677558, 0.0291223, 0.0535361, 0.0566384, 0.0241945, 0.0566108, 0.0462292, 0.0308728, 0.0380979, 0.0460688, 0.048219, 0.0632498, 0.0293261, 0.0294899, 0.0728084, 0.0364674, 0.0920208, 0.0607811, 0.0392589, 0.039993, 0.0256049, 0.0348356, 0.0282088, 0.0231328, 0.095246, 0.0423553, 0.0400909, 0.0410513, 0.00491859, 0.00504349, 0.00522217, 0.00536571, 0.00525392, 0.00485013, 0.00427085, 0.00398037, 0.00382159, 0.00373818, 0.00373763, 0.00379883, 0.00387118, 0.00394118, 0.00402254, 0.00407792, 0.00408746, 0.0040985, 0.00411249, 0.00413153
0.0324676, 0.0415341, 0.0401774, 0.03955, 0.0398468, 0.0403702, 0.0409089, 0.0408, 0.0409848, 0.0415982, 0.0423637, 0.0420288, 0.0418714, 0.0444119, 0.0438108, 0.0412205, 0.0420404, 0.041654, 0.0429495, 0.0374284, 0.0368028, 0.0361526, 0.0381623, 0.0358649, 0.0339827, 0.0356288, 0.0357723, 0.0389052, 0.0371355, 0.0455631, 0.0392004, 0.0434854, 0.0330431, 0.0339227, 0.0379042, 0.0338036, 0.0357944, 0.0354746, 0.0383666, 0.0394716, 0.045529, 0.0375276, 0.0370264, 0.0328304, 0.044935, 0.0386019, 0.0421897, 0.0380439, 0.0339537, 0.0321642, 0.0570619, 0.0511209, 0.0485281, 0.0549846, 0.043112, 0.0517571, 0.0407023, 0.0520133, 0.0466795, 0.0498665, 0.0513063, 0.0553877, 0.0387692, 0.0434161, 0.0545363, 0.046603, 0.0426331, 0.0354573, 0.0457381, 0.0311049, 0.0486577, 0.0436693, 0.0727444, 0.0299617, 0.0570546, 0.0610451, 0.024979, 0.0609866, 0.0494068, 0.0321011, 0.0395828, 0.0475143, 0.0506057, 0.0672012, 0.0297406, 0.0293771, 0.0779029, 0.0364435, 0.0993687, 0.0644602, 0.0404681, 0.0419486, 0.0256613, 0.0350104, 0.0288007, 0.0231344, 0.103117, 0.0431742, 0.0424192, 0.0422502, 0.0050219, 0.00516273, 0.00537866, 0.00558029, 0.00552755, 0.00514248, 0.00449311, 0.00416549, 0.00397189, 0.00385784, 0.00382958, 0.00386432, 0.00390743, 0.00396449, 0.00403409, 0.00407486, 0.00406966, 0.00406481, 0.00405922, 0.00405489
0.0322858, 0.0408154, 0.0394599, 0.038783, 0.0390848, 0.0396441, 0.0401907, 0.040099, 0.0402687, 0.0408626, 0.0416366, 0.0413419, 0.0412495, 0.0438108, 0.0433854, 0.0409343, 0.0417405, 0.0413305, 0.0426256, 0.0373645, 0.0367384, 0.0360489, 0.0379279, 0.0356816, 0.0337997, 0.0353341, 0.0354625, 0.0384896, 0.0366982, 0.04487, 0.0387043, 0.0427845, 0.0328582, 0.0337003, 0.0375146, 0.0335736, 0.0355359, 0.0352131, 0.0380503, 0.0391685, 0.044959, 0.0372449, 0.0367418, 0.0326473, 0.0443449, 0.0382203, 0.0416991, 0.0377891, 0.0337848, 0.0321256, 0.055842, 0.0502606, 0.0478169, 0.0538981, 0.042535, 0.0508309, 0.0402054, 0.0511415, 0.0460622, 0.049114, 0.0504526, 0.0543827, 0.0384749, 0.0429292, 0.0536784, 0.0459767, 0.0422439, 0.0351957, 0.045403, 0.0313115, 0.0481888, 0.043518, 0.0714167, 0.0302372, 0.0563776, 0.060124, 0.025425, 0.0600527, 0.0489102, 0.0324352, 0.039347, 0.046893, 0.0494979, 0.0655763, 0.029487, 0.0292145, 0.0758316, 0.0363616, 0.0964547, 0.0628313, 0.0397841, 0.0409719, 0.0253636, 0.0347792, 0.0283821, 0.0229503, 0.0998701, 0.0427328, 0.0414119, 0.0415925, 0.0051494, 0.00530125, 0.00553119, 0.00576687, 0.00580974, 0.00553591, 0.0049216, 0.00458701, 0.0043705, 0.00423428, 0.00419042, 0.00421507, 0.00424927, 0.00431464, 0.00439777, 0.00444947, 0.00445197, 0.00445612, 0.00446229, 0.0044707
0.0310865, 0.0388026, 0.0375296, 0.036896, 0.0372671, 0.0377943, 0.0382294, 0.0380493, 0.0381127, 0.0385826, 0.0392737, 0.0389823, 0.0389097, 0.0412205, 0.0409343, 0.0391592, 0.0401294, 0.0398288, 0.041147, 0.0363619, 0.0357634, 0.0350916, 0.0367943, 0.0346893, 0.0328853, 0.0342646, 0.0343626, 0.0371801, 0.0354368, 0.0430632, 0.0373238, 0.0410635, 0.0319773, 0.0327657, 0.036278, 0.0326643, 0.0345783, 0.0343892, 0.0371177, 0.0382146, 0.0435258, 0.0363842, 0.0359162, 0.0320424, 0.0429201, 0.0372329, 0.0404694, 0.0369305, 0.0331617, 0.0316871, 0.0528802, 0.0478058, 0.0455954, 0.0511193, 0.0406441, 0.0483326, 0.0385833, 0.0487535, 0.0441061, 0.0469062, 0.04809, 0.0517598, 0.0372646, 0.0414413, 0.0514002, 0.0442393, 0.0408468, 0.0341947, 0.0437527, 0.0306391, 0.0462344, 0.042061, 0.0678133, 0.0296903, 0.0538041, 0.0570857, 0.0249343, 0.0569915, 0.0467021, 0.0315525, 0.0382957, 0.0457731, 0.0478644, 0.0627561, 0.0293307, 0.0292457, 0.0722139, 0.0360654, 0.0914131, 0.0602282, 0.0389443, 0.039828, 0.0254991, 0.0344855, 0.0282008, 0.0231867, 0.0943598, 0.0418981, 0.0403806, 0.0406813, 0.00524032, 0.00538762, 0.00557193, 0.00577715, 0.00598152, 0.0060169, 0.00570849, 0.00546593, 0.00528709, 0.00518114, 0.00518085, 0.00526295, 0.00536677, 0.00549653, 0.00565471, 0.00578117, 0.00584682, 0.0059209, 0.00601484, 0.00612536
0.032556, 0.0404049, 0.0390406, 0.0383473, 0.0387941, 0.0393057, 0.0396416, 0.0393395, 0.0392988, 0.0396871, 0.0403416, 0.0399559, 0.0397615, 0.0420404, 0.0417405, 0.0401294, 0.0416023, 0.0417119, 0.0431807, 0.0382871, 0.037644, 0.0368734, 0.038583, 0.0364401, 0.0346756, 0.0361734, 0.0362881, 0.0392008, 0.037347, 0.0452538, 0.0393009, 0.0431287, 0.033838, 0.0346398, 0.0382519, 0.0345412, 0.03657, 0.0363721, 0.0392277, 0.0403866, 0.045862, 0.0384755, 0.0379649, 0.0339592, 0.0452063, 0.0393174, 0.0426663, 0.0390595, 0.0350924, 0.0335555, 0.0549007, 0.0497597, 0.0475039, 0.0531264, 0.0423553, 0.0502723, 0.0402149, 0.0507339, 0.045975, 0.0488547, 0.0500541, 0.0538448, 0.0391537, 0.0434638, 0.0538009, 0.0463449, 0.0429131, 0.0359512, 0.0459433, 0.0323827, 0.0484713, 0.0442089, 0.0707603, 0.0314129, 0.0563531, 0.059649, 0.0265282, 0.0595672, 0.0489437, 0.0334352, 0.0407311, 0.0490642, 0.0510391, 0.0665022, 0.031971, 0.0319056, 0.0762355, 0.0391965, 0.0958935, 0.0637894, 0.0418484, 0.042615, 0.0278499, 0.0374144, 0.0306652, 0.0255073, 0.098914, 0.0451369, 0.0429897, 0.0437045, 0.00529763, 0.00542655, 0.00554392, 0.00569146, 0.00599404, 0.00628501, 0.00628384, 0.00615339, 0.00599141, 0.00591588, 0.00594662, 0.00605203, 0.00618161, 0.00631853, 0.00648113, 0.0066074, 0.00666249, 0.00672434, 0.00680223, 0.00689688
0.0322694, 0.0406541, 0.0393343, 0.0387437, 0.0392464, 0.0396554, 0.0398594, 0.03941, 0.0392759, 0.0395805, 0.0401829, 0.0397189, 0.0393726, 0.041654, 0.0413305, 0.0398288, 0.0417119, 0.0423874, 0.0440178, 0.0390008, 0.0383123, 0.0374284, 0.0391419, 0.0369697, 0.0352725, 0.0368347, 0.0370222, 0.0399836, 0.0381831, 0.0462135, 0.0401491, 0.0441042, 0.0344721, 0.0352669, 0.0389753, 0.0352236, 0.0373133, 0.0371383, 0.0400157, 0.0410978, 0.0468307, 0.0392486, 0.0386976, 0.0347541, 0.0461963, 0.0401946, 0.0435752, 0.0397933, 0.0358149, 0.0341601, 0.0555373, 0.0501351, 0.0477346, 0.0536856, 0.0425617, 0.0507448, 0.0405744, 0.0512641, 0.0463463, 0.0493031, 0.050612, 0.0544764, 0.0395706, 0.0439693, 0.0546236, 0.0469702, 0.0434021, 0.0364632, 0.0464429, 0.0326624, 0.0491816, 0.0445133, 0.0719508, 0.0316236, 0.0572348, 0.0606689, 0.0269272, 0.0607089, 0.0498085, 0.0337177, 0.0414738, 0.0501632, 0.0528557, 0.0686357, 0.0332454, 0.0330374, 0.0786736, 0.0401943, 0.0983461, 0.0658921, 0.0433566, 0.0444313, 0.0291829, 0.0385344, 0.0321293, 0.0268337, 0.102098, 0.0463644, 0.0440794, 0.0451524, 0.00536184, 0.00547359, 0.00552953, 0.00562646, 0.00601761, 0.00654632, 0.00683467, 0.00681798, 0.00666468, 0.00661649, 0.0066717, 0.00678853, 0.00692864, 0.00705334, 0.00719688, 0.00729775, 0.00731761, 0.00733995, 0.00736718, 0.00740696
0.0324978, 0.0420436, 0.0407359, 0.0403236, 0.0408463, 0.0411528, 0.0412647, 0.0406668, 0.0404773, 0.0407375, 0.0413597, 0.0408483, 0.0404448, 0.0429495, 0.0426256, 0.041147, 0.0431807, 0.0440178, 0.0460259, 0.0404174, 0.0397629, 0.0388438, 0.0408562, 0.0384982, 0.0365746, 0.038337, 0.0384909, 0.0416916, 0.0400611, 0.0486178, 0.0421075, 0.046629, 0.035638, 0.0365196, 0.040742, 0.0365237, 0.0388156, 0.0386922, 0.0416981, 0.042852, 0.0491657, 0.0408966, 0.0403901, 0.036218, 0.048638, 0.0420993, 0.0458384, 0.0413562, 0.0373055, 0.0354077, 0.0583305, 0.0520969, 0.0493328, 0.0561133, 0.0438286, 0.0528696, 0.042066, 0.0537585, 0.0480847, 0.0514882, 0.0531011, 0.05729, 0.0409063, 0.0457506, 0.057194, 0.0490681, 0.044843, 0.037595, 0.0481655, 0.0331163, 0.0513294, 0.0459529, 0.0759551, 0.0317786, 0.0598633, 0.0643749, 0.0270402, 0.0642809, 0.0521917, 0.0343356, 0.0427752, 0.0521042, 0.0555586, 0.072963, 0.0342885, 0.0332829, 0.0840431, 0.0404709, 0.106159, 0.0697987, 0.0448553, 0.0468019, 0.0295486, 0.0390695, 0.0332634, 0.02737, 0.110037, 0.0475093, 0.0473996, 0.0466624, 0.00544638, 0.00556507, 0.0056178, 0.00572859, 0.00622409, 0.00692486, 0.00736126, 0.00740353, 0.00726384, 0.00722894, 0.00730054, 0.0074361, 0.00759746, 0.00773283, 0.00788774, 0.00799676, 0.00801805, 0.00804226, 0.00807109, 0.00811533
0.030696, 0.0366423, 0.0353906, 0.0346232, 0.0351742, 0.0356891, 0.0358939, 0.0355516, 0.0353851, 0.0356251, 0.0361378, 0.0357466, 0.0355217, 0.0374284, 0.0373645, 0.0363619, 0.0382871, 0.0390008, 0.0404174, 0.0366915, 0.0359765, 0.035094, 0.0362347, 0.0344658, 0.0331332, 0.0343313, 0.0344867, 0.0369198, 0.0349908, 0.0417413, 0.036709, 0.0396123, 0.0325608, 0.0332019, 0.0359734, 0.0331102, 0.0348926, 0.0347811, 0.0373595, 0.0383817, 0.0428113, 0.0367289, 0.0361857, 0.0327338, 0.042069, 0.0372033, 0.0399209, 0.0373825, 0.03382, 0.0327512, 0.0487225, 0.0449414, 0.043264, 0.0475159, 0.0388473, 0.0453711, 0.0374112, 0.0460794, 0.0425282, 0.0446956, 0.0454584, 0.0486103, 0.0367613, 0.0402467, 0.0489812, 0.0425506, 0.0401568, 0.0340226, 0.0428475, 0.0317829, 0.0447766, 0.0416245, 0.0633723, 0.0312204, 0.0516971, 0.053599, 0.026965, 0.0536889, 0.0451674, 0.0328351, 0.039811, 0.0480952, 0.049012, 0.0616011, 0.0332289, 0.0340836, 0.06942, 0.0409213, 0.0847795, 0.0594948, 0.0418456, 0.0415096, 0.0300504, 0.0389343, 0.0318532, 0.027731, 0.0874802, 0.0454465, 0.0406006, 0.0436051, 0.0054612, 0.00558314, 0.00563678, 0.00575607, 0.0062968, 0.00706839, 0.00756365, 0.00763244, 0.00750343, 0.00747544, 0.00755353, 0.00769626, 0.00786596, 0.00800689, 0.00816821, 0.00828258, 0.00830683, 0.00833448, 0.0083674, 0.00841728
0.0302907, 0.0361483, 0.0348712, 0.0341009, 0.034629, 0.0351385, 0.0353304, 0.0349683, 0.0347909, 0.0350116, 0.0355206, 0.035125, 0.0349124, 0.0368028, 0.0367384, 0.0357634, 0.037644, 0.0383123, 0.0397629, 0.0359765, 0.0353925, 0.0345845, 0.0358296, 0.0340967, 0.0327842, 0.0340897, 0.0341969, 0.0366243, 0.0347779, 0.0414757, 0.0364605, 0.0394203, 0.0322672, 0.0329083, 0.0357618, 0.032815, 0.0346471, 0.0345184, 0.0370747, 0.0381623, 0.0425495, 0.0364623, 0.0359564, 0.0325034, 0.0418515, 0.0369569, 0.0397343, 0.0370929, 0.0335632, 0.0324569, 0.048123, 0.0443394, 0.0426576, 0.0468705, 0.0382321, 0.0447294, 0.0368239, 0.045562, 0.041904, 0.0441578, 0.0449648, 0.0480909, 0.0363067, 0.039786, 0.0484433, 0.0420877, 0.0396047, 0.033461, 0.0424487, 0.0313244, 0.0444, 0.0412909, 0.0628693, 0.03067, 0.0512471, 0.0534676, 0.0265618, 0.0534323, 0.0448078, 0.0325967, 0.0393319, 0.0476659, 0.0483021, 0.0611333, 0.0327586, 0.0332015, 0.0689632, 0.0401708, 0.0847059, 0.0587533, 0.0409983, 0.0408002, 0.0290882, 0.0381137, 0.031187, 0.027048, 0.086896, 0.0446941, 0.0406197, 0.0427855, 0.00533526, 0.00545681, 0.00551427, 0.00564421, 0.0062142, 0.00702885, 0.00757108, 0.00768245, 0.00759279, 0.00758714, 0.00767178, 0.00781046, 0.00797606, 0.00811814, 0.00828165, 0.00839738, 0.00842136, 0.00844876, 0.00848175, 0.00853142
0.0297861, 0.0357163, 0.0344062, 0.0335677, 0.0340582, 0.0345826, 0.0347967, 0.0344036, 0.0342112, 0.034435, 0.034921, 0.034529, 0.0343249, 0.0361526, 0.0360489, 0.0350916, 0.0368734, 0.0374284, 0.0388438, 0.035094, 0.0345845, 0.0342519, 0.0356415, 0.033992, 0.0329171, 0.0343365, 0.0345215, 0.0369311, 0.0350646, 0.0417435, 0.0367267, 0.0396401, 0.0325903, 0.0331964, 0.0360034, 0.0331354, 0.0349885, 0.0348272, 0.0373705, 0.0384028, 0.0428514, 0.0367652, 0.0361895, 0.0328496, 0.042127, 0.0372526, 0.0399936, 0.0373926, 0.0338582, 0.0327447, 0.0477434, 0.044041, 0.0423434, 0.0465558, 0.037951, 0.0444566, 0.0367274, 0.0453904, 0.0417954, 0.0440129, 0.0448266, 0.0479125, 0.0362238, 0.0395978, 0.0483629, 0.0419012, 0.0395342, 0.0334227, 0.0425361, 0.031611, 0.0446021, 0.0413598, 0.0630009, 0.0309615, 0.0514882, 0.0534839, 0.0269823, 0.0535821, 0.0449997, 0.0328843, 0.0391255, 0.0469878, 0.0478564, 0.0607036, 0.0323813, 0.0328627, 0.068473, 0.0399365, 0.0834941, 0.0582503, 0.040583, 0.0403261, 0.0286512, 0.0378135, 0.0307964, 0.02668, 0.0862095, 0.0444045, 0.0391582, 0.0424026, 0.00491011, 0.00502751, 0.00509364, 0.005251, 0.00590401, 0.00684253, 0.00752346, 0.00776571, 0.00780055, 0.00786138, 0.0079628, 0.00808708, 0.00823826, 0.00838464, 0.00855645, 0.00867918, 0.00870739, 0.00873973, 0.00878009, 0.0088371
0.0301938, 0.0377743, 0.0364428, 0.0357997, 0.0362567, 0.0366642, 0.036816, 0.0362753, 0.036059, 0.036273, 0.0368081, 0.0363553, 0.0360743, 0.0381623, 0.0379279, 0.0367943, 0.038583, 0.0391419, 0.0408562, 0.0362347, 0.0358296, 0.0356415, 0.0376611, 0.0357913, 0.0345906, 0.0364767, 0.0366143, 0.0393888, 0.0377199, 0.0452266, 0.039533, 0.0432547, 0.0342457, 0.0349772, 0.0385266, 0.034955, 0.0370763, 0.0369444, 0.039695, 0.0408336, 0.0461279, 0.0390097, 0.0385093, 0.0347883, 0.0455448, 0.0398698, 0.0431177, 0.0395325, 0.0357669, 0.0342005, 0.0519157, 0.0469854, 0.0447764, 0.0501846, 0.0398689, 0.0475963, 0.0386819, 0.0488257, 0.0441544, 0.0470047, 0.0482438, 0.0518234, 0.0380365, 0.0421126, 0.0520553, 0.0449074, 0.0415512, 0.0349566, 0.0450345, 0.0322005, 0.0477433, 0.0435149, 0.0689322, 0.0311414, 0.0553762, 0.0589373, 0.0271075, 0.0588357, 0.0485176, 0.0337711, 0.0405749, 0.0488185, 0.0507203, 0.0658696, 0.0327213, 0.0320987, 0.0752408, 0.039282, 0.0939592, 0.0628681, 0.0417051, 0.0426617, 0.0281578, 0.0374422, 0.0312632, 0.0263162, 0.0967802, 0.0449407, 0.0430318, 0.0434974, 0.00467027, 0.00479049, 0.0048699, 0.0050582, 0.00577997, 0.00681606, 0.00760215, 0.00793783, 0.00805677, 0.00817143, 0.00829182, 0.00840793, 0.00855041, 0.00869719, 0.00887035, 0.00899076, 0.00901014, 0.0090326, 0.00906147, 0.00910483
0.0290479, 0.0354001, 0.0341247, 0.0334206, 0.0338819, 0.0343431, 0.0345215, 0.0340896, 0.0339043, 0.0341242, 0.0346346, 0.0342259, 0.0340017, 0.0358649, 0.0356816, 0.0346893, 0.0364401, 0.0369697, 0.0384982, 0.0344658, 0.0340967, 0.033992, 0.0357913, 0.0344157, 0.0338511, 0.0360049, 0.0361056, 0.0386268, 0.0369167, 0.0437818, 0.0386149, 0.0418422, 0.0340527, 0.0347317, 0.0378383, 0.0346878, 0.036673, 0.0366555, 0.0392809, 0.0404195, 0.0450286, 0.0386704, 0.0382116, 0.0346809, 0.0444061, 0.0392971, 0.0422081, 0.0391877, 0.0354523, 0.0339046, 0.0482672, 0.0440853, 0.0422407, 0.0468184, 0.0377046, 0.0446253, 0.0368272, 0.0459949, 0.0419678, 0.0444421, 0.0454057, 0.0486757, 0.0367014, 0.0404451, 0.049351, 0.0428841, 0.040048, 0.0338955, 0.0435591, 0.0321256, 0.0459305, 0.0425245, 0.0650688, 0.0313052, 0.0530595, 0.0560767, 0.0275872, 0.0559275, 0.0467862, 0.0338389, 0.0401802, 0.047991, 0.0489332, 0.0624473, 0.0327922, 0.0327087, 0.0707306, 0.0395958, 0.0877033, 0.0598455, 0.0410767, 0.0413843, 0.0287576, 0.0376881, 0.0312587, 0.0268743, 0.0897411, 0.0444966, 0.042021, 0.0428274, 0.00448091, 0.00462878, 0.00475997, 0.00504886, 0.00593293, 0.00718234, 0.00818402, 0.00868995, 0.00894348, 0.00918112, 0.00936328, 0.0094727, 0.00960542, 0.00974269, 0.00990045, 0.00998815, 0.00994531, 0.00989762, 0.00984043, 0.0097854
0.0278254, 0.0332515, 0.0320445, 0.0312439, 0.0317211, 0.032262, 0.0325167, 0.0322325, 0.0321145, 0.0323983, 0.032894, 0.0325431, 0.0323557, 0.0339827, 0.0337997, 0.0328853, 0.0346756, 0.0352725, 0.0365746, 0.0331332, 0.0327842, 0.0329171, 0.0345906, 0.0338511, 0.0347969, 0.0376678, 0.0378935, 0.0401801, 0.0383175, 0.0446548, 0.0399296, 0.0426024, 0.0361304, 0.0367156, 0.0393037, 0.0367265, 0.0386664, 0.0388256, 0.0414098, 0.0424425, 0.0465552, 0.040867, 0.0403226, 0.0370933, 0.0458158, 0.041252, 0.0437394, 0.0413474, 0.0373465, 0.0355047, 0.0451372, 0.0417289, 0.0402006, 0.04406, 0.0360306, 0.0422996, 0.0357773, 0.0439398, 0.040667, 0.0426814, 0.043364, 0.046358, 0.0365023, 0.0399054, 0.0481041, 0.0420425, 0.0398849, 0.0341709, 0.0436609, 0.0338123, 0.0459242, 0.0430637, 0.0632816, 0.0332964, 0.0527694, 0.0547774, 0.0299754, 0.0548593, 0.0469034, 0.035569, 0.0414441, 0.0486855, 0.0492608, 0.0611226, 0.0346313, 0.0354379, 0.0683792, 0.0421284, 0.0825954, 0.0590238, 0.0425937, 0.0421037, 0.0314401, 0.0400879, 0.0331623, 0.0293382, 0.0849989, 0.0462515, 0.0411553, 0.0443142, 0.00405077, 0.00426563, 0.00452129, 0.00505122, 0.00632177, 0.00807827, 0.00959155, 0.0105001, 0.0110707, 0.0116009, 0.0119311, 0.0120253, 0.0121354, 0.0122495, 0.0123695, 0.0123778, 0.0121845, 0.0119672, 0.0117018, 0.0114088
0.0286133, 0.0347371, 0.0334769, 0.0327679, 0.0332415, 0.0337536, 0.0339916, 0.0336915, 0.0336011, 0.0339119, 0.0344801, 0.0340862, 0.0338588, 0.0356288, 0.0353341, 0.0342646, 0.0361734, 0.0368347, 0.038337, 0.0343313, 0.0340897, 0.0343365, 0.0364767, 0.0360049, 0.0376678, 0.041744, 0.0418183, 0.0443714, 0.0425903, 0.0495119, 0.0443299, 0.0475386, 0.0398172, 0.0405247, 0.0436441, 0.0405453, 0.0427779, 0.0430964, 0.0459302, 0.0471984, 0.0516995, 0.0453586, 0.0449309, 0.0412628, 0.0510396, 0.0459134, 0.0487755, 0.045725, 0.0411807, 0.0386364, 0.0481155, 0.0439917, 0.04222, 0.0466668, 0.0376086, 0.0446819, 0.0376125, 0.046888, 0.0428876, 0.0453542, 0.0462521, 0.0496343, 0.0389966, 0.0430416, 0.051854, 0.0454486, 0.0426067, 0.0364447, 0.0472109, 0.0361168, 0.0499099, 0.046769, 0.0691108, 0.0353415, 0.0574105, 0.0608142, 0.0321039, 0.0605415, 0.0514248, 0.0385693, 0.045029, 0.0530011, 0.0534268, 0.0669021, 0.0372908, 0.0373438, 0.0751648, 0.0443678, 0.0926966, 0.0643611, 0.0456477, 0.0457657, 0.0332779, 0.0423771, 0.0356466, 0.0312787, 0.0941234, 0.0492139, 0.047248, 0.0474372, 0.00369333, 0.00396386, 0.00432295, 0.00505318, 0.0066449, 0.00882276, 0.0107612, 0.0120044, 0.0128383, 0.0136117, 0.014065, 0.0141465, 0.0142378, 0.0143325, 0.0144212, 0.0143635, 0.0140452, 0.0136869, 0.0132485, 0.0127578
0.0282565, 0.0348375, 0.0335949, 0.0328547, 0.0333297, 0.0338462, 0.0341174, 0.0338084, 0.0337245, 0.0340661, 0.0346181, 0.0342398, 0.0339923, 0.0357723, 0.0354625, 0.0343626, 0.0362881, 0.0370222, 0.0384909, 0.0344867, 0.0341969, 0.0345215, 0.0366143, 0.0361056, 0.0378935, 0.0418183, 0.042177, 0.0446749, 0.0428288, 0.0498015, 0.0445578, 0.0476952, 0.040085, 0.040716, 0.0437388, 0.0408204, 0.0430845, 0.043342, 0.0461697, 0.0472493, 0.0520145, 0.0455863, 0.0449857, 0.0415717, 0.0512899, 0.0461708, 0.0489355, 0.0459547, 0.0413971, 0.0388345, 0.0482427, 0.0441513, 0.0422862, 0.0469062, 0.0377381, 0.0448988, 0.0378225, 0.0469666, 0.0430852, 0.0454608, 0.0463985, 0.0497407, 0.0390826, 0.0429515, 0.0521644, 0.0454295, 0.0427897, 0.0366822, 0.047282, 0.0363643, 0.050157, 0.0465396, 0.0694964, 0.0356209, 0.0577053, 0.0604128, 0.0323886, 0.0605341, 0.0514391, 0.0384276, 0.0446955, 0.0523891, 0.0537754, 0.0672529, 0.0373862, 0.037669, 0.0755525, 0.0447588, 0.0914442, 0.0647223, 0.0459955, 0.0460708, 0.0336085, 0.0427109, 0.0359209, 0.0315649, 0.0945336, 0.0495723, 0.0448794, 0.0477796, 0.00367752, 0.00395051, 0.00431417, 0.00505326, 0.00665919, 0.00885569, 0.0108129, 0.0120709, 0.0129165, 0.0137007, 0.0141593, 0.0142403, 0.0143308, 0.0144246, 0.014512, 0.0144513, 0.0141275, 0.013763, 0.013317, 0.0128175
0.0298923, 0.0379171, 0.0366133, 0.035974, 0.0364524, 0.0369095, 0.0371538, 0.0367464, 0.0366505, 0.0370078, 0.0376168, 0.037179, 0.0368574, 0.0389052, 0.0384896, 0.0371801, 0.0392008, 0.0399836, 0.0416916, 0.0369198, 0.0366243, 0.0369311, 0.0393888, 0.0386268, 0.0401801, 0.0443714, 0.0446749, 0.0476194, 0.0457593, 0.053613, 0.0476774, 0.0514848, 0.0422385, 0.0429874, 0.0466152, 0.0431085, 0.0455886, 0.0458464, 0.0489194, 0.0500864, 0.055646, 0.0482459, 0.0476596, 0.0438308, 0.0549743, 0.0490998, 0.0523154, 0.0485741, 0.0437139, 0.0408279, 0.0532961, 0.048188, 0.0458938, 0.0515498, 0.0408037, 0.0490878, 0.0407467, 0.0512627, 0.0465166, 0.0493939, 0.0506438, 0.0544748, 0.0417698, 0.0462734, 0.0567065, 0.049187, 0.0457956, 0.0390871, 0.0505974, 0.0378765, 0.0539593, 0.0494987, 0.0760917, 0.0368593, 0.0623334, 0.0660697, 0.033295, 0.0661035, 0.0554745, 0.0400509, 0.0471409, 0.0554624, 0.057729, 0.073262, 0.0388102, 0.0385324, 0.0829957, 0.0459197, 0.101974, 0.0703699, 0.048483, 0.0493391, 0.0345014, 0.0440368, 0.0374601, 0.0323445, 0.105462, 0.0517785, 0.0488854, 0.0503212, 0.00367532, 0.00394865, 0.00431295, 0.00505328, 0.00666118, 0.00886028, 0.0108201, 0.0120801, 0.0129274, 0.0137131, 0.0141725, 0.0142534, 0.0143437, 0.0144375, 0.0145246, 0.0144636, 0.014139, 0.0137736, 0.0133265, 0.0128258
0.0272545, 0.0360762, 0.0349623, 0.0346615, 0.0351073, 0.0353884, 0.0355253, 0.035015, 0.0349035, 0.0352103, 0.0358069, 0.0353717, 0.0350153, 0.0371355, 0.0366982, 0.0354368, 0.037347, 0.0381831, 0.0400611, 0.0349908, 0.0347779, 0.0350646, 0.0377199, 0.0369167, 0.0383175, 0.0425903, 0.0428288, 0.0457593, 0.0443935, 0.0521131, 0.0461966, 0.0503692, 0.040238, 0.0410344, 0.0449659, 0.0412176, 0.0437199, 0.0440906, 0.0470484, 0.0481738, 0.0539471, 0.0463912, 0.0459369, 0.0421784, 0.053487, 0.0475108, 0.0508374, 0.0465407, 0.0419528, 0.0388489, 0.0518701, 0.0461115, 0.0435621, 0.0497941, 0.0385638, 0.0471536, 0.0387289, 0.0494838, 0.0442277, 0.0473846, 0.0489059, 0.0528123, 0.0396466, 0.0443714, 0.0547722, 0.0474222, 0.0434667, 0.0370947, 0.048245, 0.0351934, 0.0518998, 0.0469422, 0.0742916, 0.0339097, 0.0601003, 0.0649269, 0.0307013, 0.0647907, 0.0536938, 0.0373677, 0.0444731, 0.0523585, 0.0555439, 0.0715048, 0.0362157, 0.0350168, 0.0816744, 0.0415193, 0.102054, 0.06851, 0.0456719, 0.047635, 0.0317308, 0.0402541, 0.0352575, 0.0298771, 0.105431, 0.0479591, 0.0485448, 0.0472748, 0.00367532, 0.00394865, 0.00431295, 0.00505328, 0.00666118, 0.00886028, 0.0108201, 0.0120801, 0.0129274, 0.0137131, 0.0141725, 0.0142534, 0.0143437, 0.0144375, 0.0145246, 0.0144636, 0.014139, 0.0137736, 0.0133265, 0.0128258
0.0321615, 0.0444087, 0.0430702, 0.0428849, 0.0433462, 0.0435434, 0.043661, 0.0429379, 0.0428026, 0.0431709, 0.043911, 0.0433303, 0.042797, 0.0455631, 0.04487, 0.0430632, 0.0452538, 0.0462135, 0.0486178, 0.0417413, 0.0414757, 0.0417435, 0.0452266, 0.0437818, 0.0446548, 0.0495119, 0.0498015, 0.053613, 0.0521131, 0.0621617, 0.0544536, 0.0601423, 0.0462855, 0.0473263, 0.0526362, 0.0475476, 0.050609, 0.0508969, 0.0545068, 0.0558175, 0.063572, 0.0536092, 0.0530976, 0.0483694, 0.0631508, 0.0553284, 0.0597127, 0.0537422, 0.0483056, 0.0444801, 0.0649306, 0.0568803, 0.0533276, 0.0619709, 0.0469619, 0.0582554, 0.0466985, 0.0607532, 0.0535517, 0.057843, 0.0600677, 0.0651373, 0.0470334, 0.0531919, 0.0667654, 0.0573174, 0.0517226, 0.0437445, 0.0572539, 0.0398395, 0.0620737, 0.0550551, 0.0913322, 0.0379595, 0.0723728, 0.0792004, 0.0338413, 0.0790114, 0.0642473, 0.0422184, 0.0512616, 0.0608393, 0.0661219, 0.0870796, 0.0406156, 0.0383031, 0.100711, 0.045954, 0.127816, 0.0831579, 0.0527901, 0.0563164, 0.0348621, 0.0447856, 0.0398018, 0.0326527, 0.132636, 0.054726, 0.0578894, 0.0545913, 0.00367532, 0.00394865, 0.00431295, 0.00505328, 0.00666118, 0.00886028, 0.0108201, 0.0120801, 0.0129274, 0.0137131, 0.0141725, 0.0142534, 0.0143437, 0.0144375, 0.0145246, 0.0144636, 0.014139, 0.0137736, 0.0133265, 0.0128258
0.0285908, 0.0380531, 0.0369136, 0.0366534, 0.037112, 0.0373743, 0.0375076, 0.0369667, 0.0368559, 0.0371802, 0.0378133, 0.037347, 0.0369503, 0.0392004, 0.0387043, 0.0373238, 0.0393009, 0.0401491, 0.0421075, 0.036709, 0.0364605, 0.0367267, 0.039533, 0.0386149, 0.0399296, 0.0443299, 0.0445578, 0.0476774, 0.0461966, 0.0544536, 0.0482311, 0.052641, 0.0417969, 0.0426657, 0.0468383, 0.0428327, 0.0454069, 0.0458109, 0.048936, 0.0500989, 0.0562311, 0.0482104, 0.047777, 0.0437372, 0.0557646, 0.0494377, 0.0529483, 0.0483829, 0.0435844, 0.0403527, 0.0549759, 0.0487146, 0.0459944, 0.0527088, 0.0407087, 0.0498653, 0.040809, 0.0522162, 0.0466204, 0.0499581, 0.0515742, 0.0557546, 0.041542, 0.0466369, 0.0576177, 0.0499019, 0.0455946, 0.0389101, 0.0504816, 0.0365422, 0.0543348, 0.0490705, 0.0781918, 0.0352097, 0.0630243, 0.06825, 0.0317559, 0.0680845, 0.0563262, 0.0387441, 0.046451, 0.0546108, 0.0581867, 0.074903, 0.0374425, 0.0362902, 0.0857951, 0.0428597, 0.107786, 0.0719892, 0.0477284, 0.0499288, 0.0331368, 0.0416825, 0.0366525, 0.0309426, 0.111356, 0.0497635, 0.0512772, 0.0493109, 0.00367712, 0.0039507, 0.00431539, 0.00505659, 0.00666634, 0.00886809, 0.0108305, 0.0120925, 0.0129413, 0.0137285, 0.0141894, 0.0142716, 0.0143636, 0.0144596, 0.0145494, 0.0144898, 0.0141647, 0.0137987, 0.0133508, 0.0128493
0.0295509, 0.042208, 0.0410922, 0.041261, 0.0417001, 0.0417254, 0.0417295, 0.0409319, 0.0407859, 0.0410991, 0.0418246, 0.0412524, 0.0406979, 0.0434854, 0.0427845, 0.0410635, 0.0431287, 0.0441042, 0.046629, 0.0396123, 0.0394203, 0.0396401, 0.0432547, 0.0418422, 0.0426024, 0.0475386, 0.0476952, 0.0514848, 0.0503692, 0.0601423, 0.052641, 0.0586319, 0.0441173, 0.0452352, 0.0507322, 0.0454789, 0.0484668, 0.0489495, 0.0524244, 0.0537229, 0.0614485, 0.0515549, 0.0512426, 0.0465156, 0.0612343, 0.0534662, 0.0578842, 0.0515174, 0.0463826, 0.0424067, 0.0629692, 0.0543972, 0.0507086, 0.0597169, 0.0445101, 0.0559161, 0.0445081, 0.0585795, 0.0510279, 0.0554931, 0.0578802, 0.0629965, 0.0447468, 0.0511412, 0.0643016, 0.0552875, 0.0492093, 0.0416819, 0.054646, 0.0372045, 0.0595922, 0.0524341, 0.0886763, 0.0351661, 0.0696388, 0.0775499, 0.0313762, 0.0770913, 0.0621988, 0.0396151, 0.048789, 0.0577771, 0.0636018, 0.0844063, 0.03802, 0.0351298, 0.098195, 0.0416031, 0.126806, 0.0807151, 0.0500115, 0.0544546, 0.0325268, 0.0411876, 0.0377012, 0.0304062, 0.130987, 0.0508448, 0.0581559, 0.0515402, 0.00367727, 0.00395088, 0.00431559, 0.00505687, 0.00666678, 0.00886875, 0.0108314, 0.0120935, 0.0129425, 0.0137299, 0.0141908, 0.0142732, 0.0143653, 0.0144614, 0.0145515, 0.014492, 0.0141668, 0.0138008, 0.0133529, 0.0128513
0.0276312, 0.0321952, 0.0309447, 0.0299888, 0.0304734, 0.0311163, 0.0314419, 0.0312808, 0.0312141, 0.0315468, 0.0320497, 0.0317278, 0.0315804, 0.0330431, 0.0328582, 0.0319773, 0.033838, 0.0344721, 0.035638, 0.0325608, 0.0322672, 0.0325903, 0.0342457, 0.0340527, 0.0361304, 0.0398172, 0.040085, 0.0422385, 0.040238, 0.0462855, 0.0417969, 0.0441173, 0.0385801, 0.0390493, 0.0413578, 0.039092, 0.0411294, 0.0414135, 0.0440436, 0.0451283, 0.0488578, 0.0435615, 0.0429691, 0.0398587, 0.0480262, 0.043745, 0.0460283, 0.0440298, 0.0396845, 0.0375327, 0.043356, 0.040572, 0.0392969, 0.0425332, 0.0352657, 0.0410883, 0.0354075, 0.0430594, 0.0402378, 0.0420121, 0.0424982, 0.0453145, 0.0370337, 0.0402289, 0.0479855, 0.0421595, 0.0404473, 0.0348348, 0.0446844, 0.0357485, 0.0468663, 0.0445304, 0.0630903, 0.0353859, 0.053608, 0.0551267, 0.0324035, 0.0552394, 0.047944, 0.0378892, 0.0433712, 0.0506647, 0.0503797, 0.061504, 0.0369263, 0.0380741, 0.0680955, 0.04513, 0.0808791, 0.0594075, 0.0443979, 0.043246, 0.0336996, 0.042719, 0.0351308, 0.0316707, 0.0828982, 0.0486423, 0.0418796, 0.0462167, 0.0036819, 0.00395616, 0.00432185, 0.00506539, 0.00668007, 0.00888884, 0.0108581, 0.0121252, 0.0129783, 0.0137697, 0.0142343, 0.0143201, 0.0144165, 0.0145183, 0.0146152, 0.0145594, 0.0142328, 0.0138653, 0.0134155, 0.0129118
0.0280412, 0.0329983, 0.0317733, 0.0309181, 0.0314106, 0.0320094, 0.0323036, 0.032111, 0.0320405, 0.0323701, 0.0328933, 0.0325506, 0.0323786, 0.0339227, 0.0337003, 0.0327657, 0.0346398, 0.0352669, 0.0365196, 0.0332019, 0.0329083, 0.0331964, 0.0349772, 0.0347317, 0.0367156, 0.0405247, 0.040716, 0.0429874, 0.0410344, 0.0473263, 0.0426657, 0.0452352, 0.0390493, 0.0397177, 0.0421699, 0.0396787, 0.0417064, 0.0420665, 0.0447572, 0.0459024, 0.049789, 0.0442522, 0.0437408, 0.0403908, 0.0490008, 0.0445154, 0.0469485, 0.0446787, 0.0402668, 0.0380099, 0.0449282, 0.0417328, 0.0403409, 0.0439205, 0.0361484, 0.0423322, 0.036285, 0.044377, 0.0412472, 0.0431868, 0.0437442, 0.0467666, 0.0377951, 0.0413138, 0.0492577, 0.0433358, 0.0413078, 0.0355713, 0.0456079, 0.0361204, 0.0478815, 0.0454361, 0.0649966, 0.0357023, 0.0548989, 0.0569927, 0.0325481, 0.0569527, 0.0492257, 0.0383035, 0.0442644, 0.0516276, 0.0515115, 0.0630941, 0.0371832, 0.0383091, 0.0700968, 0.0450976, 0.0845265, 0.0611316, 0.045138, 0.044293, 0.0340752, 0.0430014, 0.0355922, 0.0318467, 0.0862413, 0.0490838, 0.044094, 0.0469404, 0.00367982, 0.00395379, 0.00431905, 0.00506157, 0.00667411, 0.00887983, 0.0108461, 0.012111, 0.0129623, 0.0137518, 0.0142148, 0.014299, 0.0143936, 0.0144928, 0.0145867, 0.0145292, 0.0142033, 0.0138364, 0.0133874, 0.0128847
0.029412, 0.0369803, 0.0356899, 0.0351266, 0.0355933, 0.0360217, 0.0362145, 0.0358027, 0.0356968, 0.0360102, 0.0366246, 0.036179, 0.035884, 0.0379042, 0.0375146, 0.036278, 0.0382519, 0.0389753, 0.040742, 0.0359734, 0.0357618, 0.0360034, 0.0385266, 0.0378383, 0.0393037, 0.0436441, 0.0437388, 0.0466152, 0.0449659, 0.0526362, 0.0468383, 0.0507322, 0.0413578, 0.0421699, 0.0459752, 0.0422631, 0.0448017, 0.0452211, 0.0482866, 0.0496513, 0.0549139, 0.0476652, 0.0472633, 0.0432724, 0.0543496, 0.0485141, 0.0518205, 0.0479403, 0.0431652, 0.0402391, 0.0521128, 0.0469834, 0.0447679, 0.05024, 0.0396895, 0.0478164, 0.0396306, 0.0501973, 0.0452923, 0.0482924, 0.0495441, 0.0533608, 0.0408858, 0.0455107, 0.0554263, 0.04833, 0.0447155, 0.0380682, 0.0496717, 0.0369149, 0.052891, 0.0488677, 0.0745918, 0.0358029, 0.0611184, 0.0657363, 0.0324782, 0.0653439, 0.0547195, 0.0396097, 0.0466995, 0.0552161, 0.0565601, 0.0721069, 0.0381942, 0.0374096, 0.081717, 0.0446377, 0.102209, 0.0690643, 0.0472881, 0.0483507, 0.0334023, 0.0428685, 0.0366309, 0.0315162, 0.103939, 0.0505325, 0.0507042, 0.0491218, 0.00369416, 0.00397015, 0.00433844, 0.00508795, 0.00671526, 0.00894205, 0.0109288, 0.0122092, 0.0130731, 0.0138751, 0.0143494, 0.0144443, 0.0145522, 0.0146689, 0.014784, 0.014738, 0.0144077, 0.014036, 0.0135813, 0.0130721
0.0274241, 0.0328333, 0.0316611, 0.0308731, 0.0313664, 0.0319273, 0.032207, 0.0319778, 0.0319033, 0.032237, 0.0327498, 0.0324147, 0.0322322, 0.0338036, 0.0335736, 0.0326643, 0.0345412, 0.0352236, 0.0365237, 0.0331102, 0.032815, 0.0331354, 0.034955, 0.0346878, 0.0367265, 0.0405453, 0.0408204, 0.0431085, 0.0412176, 0.0475476, 0.0428327, 0.0454789, 0.039092, 0.0396787, 0.0422631, 0.0399928, 0.0424149, 0.0432834, 0.0462091, 0.0473335, 0.0514328, 0.0457792, 0.0452064, 0.0419821, 0.050662, 0.0461183, 0.0485487, 0.0461406, 0.0416989, 0.0392687, 0.0449324, 0.0415864, 0.0400749, 0.043898, 0.0359067, 0.0422596, 0.0362172, 0.0443668, 0.0411406, 0.0431254, 0.0437773, 0.046819, 0.0377648, 0.0412797, 0.0494689, 0.043379, 0.0413061, 0.0356421, 0.04569, 0.0361898, 0.0481799, 0.045356, 0.065529, 0.0357088, 0.0554756, 0.057772, 0.0331391, 0.0578791, 0.0499843, 0.0387196, 0.0446153, 0.0518244, 0.0523797, 0.0641942, 0.0377662, 0.0387485, 0.0713561, 0.045433, 0.0854021, 0.0621509, 0.045795, 0.0451961, 0.034623, 0.0434359, 0.0363162, 0.0324791, 0.0879012, 0.0495768, 0.0440037, 0.0475673, 0.00378395, 0.00407264, 0.00445992, 0.00525325, 0.00697301, 0.00933179, 0.0114471, 0.0128244, 0.0137675, 0.0146477, 0.0151928, 0.015354, 0.0155457, 0.0157722, 0.0160203, 0.016046, 0.0156887, 0.0152869, 0.0147959, 0.014246
0.0287514, 0.0349429, 0.0336377, 0.0328041, 0.0332938, 0.0338646, 0.0341384, 0.0338367, 0.0337433, 0.0340811, 0.0346286, 0.0342576, 0.0340662, 0.0357944, 0.0355359, 0.0345783, 0.03657, 0.0373133, 0.0388156, 0.0348926, 0.0346471, 0.0349885, 0.0370763, 0.036673, 0.0386664, 0.0427779, 0.0430845, 0.0455886, 0.0437199, 0.050609, 0.0454069, 0.0484668, 0.0411294, 0.0417064, 0.0448017, 0.0424149, 0.0462151, 0.0480448, 0.0517153, 0.0531198, 0.0577795, 0.0514173, 0.0507789, 0.0474225, 0.0570287, 0.0519212, 0.0546912, 0.0517443, 0.0469007, 0.0440094, 0.0478663, 0.044083, 0.0423007, 0.0466251, 0.0377337, 0.0447539, 0.0380614, 0.0471732, 0.0433518, 0.0457406, 0.046653, 0.0499105, 0.0399916, 0.04375, 0.0528962, 0.0461656, 0.0436739, 0.0374749, 0.0487348, 0.0380823, 0.0516898, 0.0482538, 0.0706305, 0.0372876, 0.0599971, 0.0634848, 0.0358708, 0.0635443, 0.0544965, 0.0421284, 0.0480899, 0.0562495, 0.0569547, 0.0706743, 0.0412115, 0.0411682, 0.0787648, 0.0488761, 0.0942663, 0.0676676, 0.0492138, 0.0490618, 0.0366171, 0.0464382, 0.0392542, 0.03499, 0.0968669, 0.0534249, 0.0479383, 0.0511581, 0.00402168, 0.00434398, 0.00478155, 0.00569086, 0.00765543, 0.0103636, 0.0128192, 0.0144532, 0.015606, 0.0166931, 0.0174256, 0.0177627, 0.0181763, 0.0186933, 0.0192936, 0.0195088, 0.01908, 0.0185988, 0.0180117, 0.0173539
0.0278888, 0.0343371, 0.0332455, 0.0326774, 0.0332005, 0.0336653, 0.0338632, 0.0335287, 0.0334354, 0.0337635, 0.0343032, 0.0339474, 0.0337549, 0.0354746, 0.0352131, 0.0343892, 0.0363721, 0.0371383, 0.0386922, 0.0347811, 0.0345184, 0.0348272, 0.0369444, 0.0366555, 0.0388256, 0.0430964, 0.043342, 0.0458464, 0.0440906, 0.0508969, 0.0458109, 0.0489495, 0.0414135, 0.0420665, 0.0452211, 0.0432834, 0.0480448, 0.0516816, 0.0559709, 0.0575167, 0.0621365, 0.0558859, 0.055363, 0.051912, 0.0614498, 0.0564427, 0.0591279, 0.056071, 0.0511243, 0.0478742, 0.0477587, 0.0436504, 0.0418304, 0.0463873, 0.0373696, 0.0445513, 0.038226, 0.0472642, 0.0433888, 0.0457497, 0.0466545, 0.0500317, 0.0402857, 0.0443363, 0.0531859, 0.0467197, 0.0440406, 0.0381861, 0.0492642, 0.0388922, 0.052376, 0.0489715, 0.0713795, 0.0381728, 0.0614365, 0.0660354, 0.0382156, 0.0660103, 0.0570987, 0.0442257, 0.0506878, 0.0582825, 0.059501, 0.0726278, 0.0433597, 0.0437214, 0.0807331, 0.0503495, 0.0970711, 0.0703269, 0.0518946, 0.0520555, 0.0398127, 0.048605, 0.042052, 0.0377081, 0.099614, 0.0552463, 0.0518959, 0.0536345, 0.00431742, 0.00468154, 0.00518166, 0.00623526, 0.00850438, 0.0116473, 0.0145262, 0.0164795, 0.017893, 0.0192375, 0.0202033, 0.020759, 0.0214488, 0.022327, 0.0233655, 0.0238167, 0.0232989, 0.0227187, 0.0220122, 0.0212202
0.0300582, 0.0371935, 0.036006, 0.0354127, 0.035956, 0.0364349, 0.0366384, 0.0362657, 0.0361674, 0.0365188, 0.0371065, 0.0367094, 0.0364897, 0.0383666, 0.0380503, 0.0371177, 0.0392277, 0.0400157, 0.0416981, 0.0373595, 0.0370747, 0.0373705, 0.039695, 0.0392809, 0.0414098, 0.0459302, 0.0461697, 0.0489194, 0.0470484, 0.0545068, 0.048936, 0.0524244, 0.0440436, 0.0447572, 0.0482866, 0.0462091, 0.0517153, 0.0559709, 0.0609763, 0.0626518, 0.0677373, 0.0608512, 0.0603161, 0.0565277, 0.0670228, 0.0615129, 0.0644736, 0.061057, 0.0556885, 0.0521297, 0.0518672, 0.0472569, 0.0452364, 0.0502964, 0.0403526, 0.0482375, 0.0411774, 0.0511243, 0.0468012, 0.0494328, 0.0504671, 0.0541652, 0.0433126, 0.047776, 0.0574573, 0.0504319, 0.0473657, 0.0409835, 0.0530185, 0.0415088, 0.0564391, 0.052666, 0.0772803, 0.0406745, 0.0664804, 0.0718995, 0.0411418, 0.0718213, 0.0619761, 0.047742, 0.0547969, 0.0630859, 0.0644675, 0.0788933, 0.0467376, 0.0469137, 0.0878977, 0.0541036, 0.106131, 0.0763365, 0.0560237, 0.0563763, 0.0428305, 0.0521957, 0.0453196, 0.0405618, 0.10875, 0.059482, 0.0566534, 0.0578539, 0.00446329, 0.00484803, 0.00537901, 0.00650379, 0.00892311, 0.0122804, 0.0153681, 0.0174789, 0.0190211, 0.0204926, 0.0215734, 0.022237, 0.0230629, 0.0241194, 0.0253739, 0.0259415, 0.0253798, 0.0247508, 0.0239853, 0.0231272
0.0318601, 0.0384848, 0.0371185, 0.0363829, 0.0369267, 0.037482, 0.0376922, 0.0373377, 0.0372284, 0.0375644, 0.0381869, 0.0377546, 0.0375687, 0.0394716, 0.0391685, 0.0382146, 0.0403866, 0.0410978, 0.042852, 0.0383817, 0.0381623, 0.0384028, 0.0408336, 0.0404195, 0.0424425, 0.0471984, 0.0472493, 0.0500864, 0.0481738, 0.0558175, 0.0500989, 0.0537229, 0.0451283, 0.0459024, 0.0496513, 0.0473335, 0.0531198, 0.0575167, 0.0626518, 0.0647993, 0.0696693, 0.0626376, 0.0622032, 0.0580796, 0.0689603, 0.0632283, 0.0664358, 0.062882, 0.0573, 0.0536831, 0.0531904, 0.0486553, 0.0467127, 0.0515453, 0.0415488, 0.0494671, 0.0421325, 0.0525656, 0.0480121, 0.0508485, 0.0518643, 0.0556496, 0.0446342, 0.0492626, 0.0589253, 0.0519012, 0.0486745, 0.0418387, 0.0547442, 0.0426615, 0.0580285, 0.0547016, 0.0792402, 0.0417159, 0.0683416, 0.0745151, 0.0422511, 0.074022, 0.0637924, 0.0497201, 0.0568794, 0.0661179, 0.0660466, 0.08131, 0.0484183, 0.0480994, 0.0904468, 0.0561153, 0.110536, 0.0781855, 0.0572913, 0.0574748, 0.0433523, 0.0538199, 0.0463148, 0.0414272, 0.111315, 0.0615069, 0.0602074, 0.0593649, 0.00450356, 0.004894, 0.00543349, 0.00657792, 0.00903872, 0.0124552, 0.0156005, 0.0177548, 0.0193326, 0.0208391, 0.0219516, 0.022645, 0.0235085, 0.0246142, 0.0259284, 0.0265282, 0.0259544, 0.0253119, 0.0245301, 0.0236537
0.0332605, 0.0443326, 0.0429748, 0.0426225, 0.0431525, 0.0434704, 0.0436058, 0.0429491, 0.0428108, 0.0431949, 0.0439091, 0.0433714, 0.0429669, 0.045529, 0.044959, 0.0435258, 0.045862, 0.0468307, 0.0491657, 0.0428113, 0.0425495, 0.0428514, 0.0461279, 0.0450286, 0.0465552, 0.0516995, 0.0520145, 0.055646, 0.0539471, 0.063572, 0.0562311, 0.0614485, 0.0488578, 0.049789, 0.0549139, 0.0514328, 0.0577795, 0.0621365, 0.0677373, 0.0696693, 0.0770302, 0.0675082, 0.0669076, 0.0623387, 0.0763833, 0.068925, 0.0730401, 0.0675742, 0.0614961, 0.0570315, 0.0636793, 0.0565292, 0.0533217, 0.061093, 0.0471198, 0.0578536, 0.0476275, 0.0610321, 0.0544361, 0.0584138, 0.0603653, 0.0652019, 0.0492893, 0.0551566, 0.0681671, 0.0589799, 0.0540434, 0.046178, 0.0605703, 0.0445364, 0.0654035, 0.0591051, 0.0931687, 0.0428589, 0.077489, 0.0854947, 0.0429222, 0.0853482, 0.0714525, 0.0512192, 0.0598675, 0.0697907, 0.0738197, 0.0939102, 0.0499354, 0.0481032, 0.106591, 0.0563661, 0.131697, 0.0899068, 0.0614033, 0.0639647, 0.0439499, 0.0546786, 0.0486037, 0.0419093, 0.135999, 0.0643427, 0.0648305, 0.0634164, 0.00450658, 0.00489745, 0.00543758, 0.00658348, 0.00904739, 0.0124684, 0.015618, 0.0177756, 0.0193559, 0.0208651, 0.02198, 0.0226756, 0.0235419, 0.0246514, 0.0259701, 0.0265722, 0.0259975, 0.025354, 0.024571, 0.0236932
0.0296721, 0.0364004, 0.0352117, 0.0345789, 0.0351239, 0.0356261, 0.0358328, 0.0354807, 0.0353808, 0.0357261, 0.0362962, 0.0359132, 0.0357223, 0.0375276, 0.0372449, 0.0363842, 0.0384755, 0.0392486, 0.0408966, 0.0367289, 0.0364623, 0.0367652, 0.0390097, 0.0386704, 0.040867, 0.0453586, 0.0455863, 0.0482459, 0.0463912, 0.0536092, 0.0482104, 0.0515549, 0.0435615, 0.0442522, 0.0476652, 0.0457792, 0.0514173, 0.0558859, 0.0608512, 0.0626376, 0.0675082, 0.0609564, 0.0603287, 0.0566404, 0.0667839, 0.0614472, 0.0643296, 0.061055, 0.0557365, 0.0522056, 0.0505063, 0.0461947, 0.0442806, 0.0490506, 0.0395172, 0.0471092, 0.0403925, 0.0500345, 0.0458894, 0.0484302, 0.0493914, 0.0529691, 0.0426993, 0.0469967, 0.05636, 0.0495112, 0.0466618, 0.0403928, 0.0523352, 0.0413033, 0.0556325, 0.0520949, 0.0757626, 0.0405089, 0.0655817, 0.070907, 0.0412514, 0.0708108, 0.0613092, 0.0477679, 0.0545675, 0.0627863, 0.063808, 0.0778888, 0.0468117, 0.0470507, 0.0864679, 0.0542524, 0.103999, 0.0752922, 0.055693, 0.0558389, 0.0427512, 0.0523176, 0.0452686, 0.0406498, 0.106375, 0.0594271, 0.0560316, 0.0575934, 0.00450658, 0.00489745, 0.00543758, 0.00658348, 0.00904739, 0.0124684, 0.015618, 0.0177756, 0.0193559, 0.0208651, 0.02198, 0.0226756, 0.0235419, 0.0246514, 0.0259701, 0.0265722, 0.0259975, 0.025354, 0.024571, 0.0236932
0.0292189, 0.0358263, 0.0347178, 0.0342416, 0.0347828, 0.0352192, 0.0353687, 0.0350039, 0.034902, 0.0352141, 0.0357973, 0.0354061, 0.0352132, 0.0370264, 0.0367418, 0.0359162, 0.0379649, 0.0386976, 0.0403901, 0.0361857, 0.0359564, 0.0361895, 0.0385093, 0.0382116, 0.0403226, 0.0449309, 0.0449857, 0.0476596, 0.0459369, 0.0530976, 0.047777, 0.0512426, 0.0429691, 0.0437408, 0.0472633, 0.0452064, 0.0507789, 0.055363, 0.0603161, 0.0622032, 0.0669076, 0.0603287, 0.0600744, 0.0560838, 0.0662857, 0.0609606, 0.0638949, 0.0604837, 0.0552529, 0.0517021, 0.0501658, 0.0455952, 0.0437006, 0.0485176, 0.0389403, 0.0465637, 0.039886, 0.0496276, 0.0453138, 0.0479433, 0.0489181, 0.0525648, 0.0421887, 0.0467357, 0.0557201, 0.0492425, 0.0460572, 0.0399141, 0.0517466, 0.040539, 0.0549871, 0.0517225, 0.0750778, 0.03971, 0.0648698, 0.0709982, 0.0405533, 0.070572, 0.0610298, 0.0472551, 0.0543846, 0.062574, 0.0632345, 0.0771143, 0.0461894, 0.0462225, 0.0858111, 0.0528976, 0.105037, 0.0747569, 0.055064, 0.0555319, 0.0423888, 0.0512575, 0.0448016, 0.0401536, 0.106175, 0.0582277, 0.0582439, 0.0568037, 0.00450588, 0.00489702, 0.00543743, 0.0065833, 0.00904699, 0.0124677, 0.0156172, 0.0177749, 0.0193555, 0.020865, 0.0219813, 0.0226795, 0.023549, 0.0246603, 0.0259814, 0.0265877, 0.0260196, 0.0253835, 0.0246096, 0.0237427
0.0258329, 0.0316959, 0.0307148, 0.0301805, 0.0306959, 0.0311465, 0.0313293, 0.031015, 0.0309227, 0.0312294, 0.0317208, 0.0314155, 0.0312733, 0.0328304, 0.0326473, 0.0320424, 0.0339592, 0.0347541, 0.036218, 0.0327338, 0.0325034, 0.0328496, 0.0347883, 0.0346809, 0.0370933, 0.0412628, 0.0415717, 0.0438308, 0.0421784, 0.0483694, 0.0437372, 0.0465156, 0.0398587, 0.0403908, 0.0432724, 0.0419821, 0.0474225, 0.051912, 0.0565277, 0.0580796, 0.0623387, 0.0566404, 0.0560838, 0.0531624, 0.0616677, 0.0571233, 0.0595034, 0.0567748, 0.051978, 0.0486668, 0.0438336, 0.0402426, 0.0385984, 0.0426665, 0.034551, 0.0411142, 0.0357756, 0.0439402, 0.0405066, 0.0426127, 0.0434326, 0.0464661, 0.0382069, 0.0418277, 0.0500053, 0.0440105, 0.0417029, 0.0363833, 0.0469448, 0.0377908, 0.0499975, 0.0468188, 0.0671605, 0.037137, 0.0588767, 0.063407, 0.0385614, 0.0635107, 0.055446, 0.0439564, 0.049698, 0.0567923, 0.0579411, 0.0699358, 0.0434297, 0.0437136, 0.0772628, 0.0500682, 0.0913359, 0.0676632, 0.051054, 0.051063, 0.0400087, 0.0482334, 0.042088, 0.038214, 0.0940447, 0.0543387, 0.0499713, 0.0526759, 0.00450658, 0.00489745, 0.00543758, 0.00658348, 0.00904739, 0.0124684, 0.015618, 0.0177756, 0.0193559, 0.0208651, 0.02198, 0.0226756, 0.0235419, 0.0246514, 0.0259701, 0.0265722, 0.0259975, 0.025354, 0.024571, 0.0236932
0.0321296, 0.0436833, 0.0424227, 0.0422664, 0.0427805, 0.042999, 0.0430722, 0.0423568, 0.0422102, 0.0425658, 0.0432835, 0.0427394, 0.0423109, 0.044935, 0.0443449, 0.0429201, 0.0452063, 0.0461963, 0.048638, 0.042069, 0.0418515, 0.042127, 0.0455448, 0.0444061, 0.0458158, 0.0510396, 0.0512899, 0.0549743, 0.053487, 0.0631508, 0.0557646, 0.0612343, 0.0480262, 0.0490008, 0.0543496, 0.050662, 0.0570287, 0.0614498, 0.0670228, 0.0689603, 0.0763833, 0.0667839, 0.0662857, 0.0616677, 0.0760503, 0.0683653, 0.0725842, 0.0667699, 0.0608195, 0.0562428, 0.0634592, 0.0558572, 0.0524961, 0.0606408, 0.0462839, 0.0572749, 0.046896, 0.0605631, 0.0536193, 0.0577891, 0.0599015, 0.0648281, 0.0484799, 0.0545575, 0.067605, 0.0584972, 0.0531492, 0.045404, 0.0596972, 0.0432819, 0.0647073, 0.0581461, 0.0928485, 0.0414465, 0.0767737, 0.0855434, 0.0416889, 0.0852481, 0.0709771, 0.0500464, 0.0588628, 0.0686866, 0.0731486, 0.0935855, 0.0488222, 0.0464414, 0.106655, 0.0542488, 0.133031, 0.0895375, 0.0602842, 0.0634985, 0.0427652, 0.0528796, 0.0476997, 0.0408234, 0.13707, 0.0625913, 0.0655723, 0.0621439, 0.00450582, 0.00489698, 0.00543742, 0.00658329, 0.00904696, 0.0124677, 0.0156171, 0.0177748, 0.0193555, 0.020865, 0.0219814, 0.0226798, 0.0235496, 0.024661, 0.0259823, 0.0265889, 0.0260213, 0.0253858, 0.0246126, 0.0237465
0.0287907, 0.0373223, 0.0362596, 0.0359575, 0.0364817, 0.0368039, 0.0369253, 0.0364284, 0.0363154, 0.0366465, 0.0372468, 0.036831, 0.0365474, 0.0386019, 0.0382203, 0.0372329, 0.0393174, 0.0401946, 0.0420993, 0.0372033, 0.0369569, 0.0372526, 0.0398698, 0.0392971, 0.041252, 0.0459134, 0.0461708, 0.0490998, 0.0475108, 0.0553284, 0.0494377, 0.0534662, 0.043745, 0.0445154, 0.0485141, 0.0461183, 0.0519212, 0.0564427, 0.0615129, 0.0632283, 0.068925, 0.0614472, 0.0609606, 0.0571233, 0.0683653, 0.0625507, 0.0656478, 0.0615166, 0.0561932, 0.0523149, 0.053222, 0.0476737, 0.0452426, 0.0512538, 0.0402024, 0.0488614, 0.0412004, 0.0518965, 0.0468562, 0.0498833, 0.0512713, 0.0552321, 0.043138, 0.0479995, 0.0583489, 0.0509908, 0.0472227, 0.0408441, 0.0529971, 0.0404895, 0.0569366, 0.0522572, 0.079277, 0.0393502, 0.0673462, 0.0739051, 0.0401719, 0.0738004, 0.0629294, 0.0468731, 0.0542922, 0.0624992, 0.0652876, 0.0809223, 0.0460111, 0.0453284, 0.0909367, 0.052029, 0.111045, 0.0781477, 0.055723, 0.0572315, 0.0418696, 0.0506007, 0.0450003, 0.0397292, 0.114326, 0.0582636, 0.057961, 0.0573769, 0.0045058, 0.00489697, 0.00543742, 0.00658328, 0.00904694, 0.0124677, 0.0156171, 0.0177748, 0.0193554, 0.020865, 0.0219815, 0.0226799, 0.0235498, 0.0246613, 0.0259827, 0.0265895, 0.026022, 0.0253868, 0.0246139, 0.0237482
0.0309196, 0.0409969, 0.0397735, 0.0395368, 0.0400534, 0.0403302, 0.0404144, 0.0397904, 0.0396507, 0.0399805, 0.040655, 0.0401545, 0.0398024, 0.0421897, 0.0416991, 0.0404694, 0.0426663, 0.0435752, 0.0458384, 0.0399209, 0.0397343, 0.0399936, 0.0431177, 0.0422081, 0.0437394, 0.0487755, 0.0489355, 0.0523154, 0.0508374, 0.0597127, 0.0529483, 0.0578842, 0.0460283, 0.0469485, 0.0518205, 0.0485487, 0.0546912, 0.0591279, 0.0644736, 0.0664358, 0.0730401, 0.0643296, 0.0638949, 0.0595034, 0.0725842, 0.0656478, 0.0696697, 0.0643554, 0.0587574, 0.054593, 0.0590589, 0.052344, 0.0493971, 0.0565564, 0.0436127, 0.0535952, 0.0443245, 0.0568879, 0.050623, 0.0544127, 0.0562296, 0.0607638, 0.0461771, 0.0517879, 0.0635905, 0.0552901, 0.0505322, 0.0432537, 0.0568715, 0.0419485, 0.0613548, 0.0557639, 0.0870492, 0.0403345, 0.0727422, 0.0809722, 0.0408603, 0.0805556, 0.0675901, 0.0488413, 0.0571884, 0.0667851, 0.0699893, 0.0887217, 0.0479755, 0.0460171, 0.10048, 0.0535442, 0.124986, 0.0849599, 0.0583936, 0.0609213, 0.0421735, 0.0521121, 0.0466544, 0.0403836, 0.12788, 0.0610638, 0.063591, 0.0602682, 0.0045022, 0.00489477, 0.00543666, 0.00658235, 0.00904489, 0.0124645, 0.0156131, 0.0177712, 0.0193532, 0.0208645, 0.0219881, 0.0226997, 0.0235859, 0.0247068, 0.0260406, 0.0266687, 0.0261348, 0.0255375, 0.0248109, 0.0240006
0.030771, 0.036951, 0.0356678, 0.0348738, 0.0354325, 0.0360249, 0.0362845, 0.0359896, 0.0358979, 0.0362554, 0.0368344, 0.0364516, 0.0362857, 0.0380439, 0.0377891, 0.0369305, 0.0390595, 0.0397933, 0.0413562, 0.0373825, 0.0370929, 0.0373926, 0.0395325, 0.0391877, 0.0413474, 0.045725, 0.0459547, 0.0485741, 0.0465407, 0.0537422, 0.0483829, 0.0515174, 0.0440298, 0.0446787, 0.0479403, 0.0461406, 0.0517443, 0.056071, 0.061057, 0.062882, 0.0675742, 0.061055, 0.0604837, 0.0567748, 0.0667699, 0.0615166, 0.0643554, 0.0615437, 0.0562115, 0.0531244, 0.0506858, 0.0467336, 0.0449813, 0.0493735, 0.0401988, 0.0475616, 0.0410037, 0.050475, 0.0465973, 0.0490024, 0.0498336, 0.0533172, 0.0433691, 0.0475117, 0.0567765, 0.0499662, 0.0473458, 0.0409423, 0.0530166, 0.0421428, 0.0561328, 0.0529325, 0.0758769, 0.0414535, 0.0660991, 0.0710503, 0.0422616, 0.0709759, 0.061753, 0.0488497, 0.0558688, 0.0647959, 0.0651358, 0.0789226, 0.0486077, 0.0490707, 0.0872818, 0.0567958, 0.104183, 0.0762792, 0.0573493, 0.0569828, 0.0445175, 0.0544102, 0.0467525, 0.0423637, 0.106256, 0.061519, 0.0569869, 0.0593079, 0.00449792, 0.00489215, 0.00543575, 0.00658124, 0.00904245, 0.0124607, 0.0156083, 0.0177669, 0.0193505, 0.020864, 0.021996, 0.0227232, 0.0236287, 0.0247608, 0.0261094, 0.0267627, 0.0262687, 0.0257164, 0.0250449, 0.0243003
0.0269813, 0.0326499, 0.03163, 0.031069, 0.0316356, 0.0321469, 0.0323636, 0.0320828, 0.0319956, 0.0323064, 0.0328207, 0.0324997, 0.0323645, 0.0339537, 0.0337848, 0.0331617, 0.0350924, 0.0358149, 0.0373055, 0.03382, 0.0335632, 0.0338582, 0.0357669, 0.0354523, 0.0373465, 0.0411807, 0.0413971, 0.0437139, 0.0419528, 0.0483056, 0.0435844, 0.0463826, 0.0396845, 0.0402668, 0.0431652, 0.0416989, 0.0469007, 0.0511243, 0.0556885, 0.0573, 0.0614961, 0.0557365, 0.0552529, 0.051978, 0.0608195, 0.0561932, 0.0587574, 0.0562115, 0.0525211, 0.0506444, 0.045154, 0.041552, 0.0399636, 0.043965, 0.0357754, 0.0424482, 0.0371149, 0.0454808, 0.0420329, 0.044151, 0.0449045, 0.0480139, 0.039255, 0.0429769, 0.0511654, 0.0451581, 0.0428022, 0.0372586, 0.0479195, 0.0384216, 0.0507938, 0.0478624, 0.0683105, 0.0378234, 0.0601278, 0.0650473, 0.0395805, 0.0650205, 0.0568778, 0.0452674, 0.0529656, 0.062326, 0.0629675, 0.0750364, 0.048185, 0.048692, 0.08246, 0.0552221, 0.0974006, 0.0728713, 0.0560833, 0.0558834, 0.0448593, 0.0533078, 0.0467567, 0.042843, 0.0995044, 0.0595115, 0.0557271, 0.0577535, 0.00446498, 0.00487201, 0.0054288, 0.00657269, 0.00902364, 0.0124314, 0.0155715, 0.0177341, 0.0193299, 0.0208597, 0.0220567, 0.0229039, 0.0239583, 0.0251766, 0.0266388, 0.027487, 0.0272995, 0.0270942, 0.0268459, 0.0266078
0.0268299, 0.0307687, 0.0297232, 0.0289425, 0.029565, 0.0302436, 0.0305552, 0.0304248, 0.030357, 0.0306708, 0.0311459, 0.030873, 0.0308274, 0.0321642, 0.0321256, 0.0316871, 0.0335555, 0.0341601, 0.0354077, 0.0327512, 0.0324569, 0.0327447, 0.0342005, 0.0339046, 0.0355047, 0.0386364, 0.0388345, 0.0408279, 0.0388489, 0.0444801, 0.0403527, 0.0424067, 0.0375327, 0.0380099, 0.0402391, 0.0392687, 0.0440094, 0.0478742, 0.0521297, 0.0536831, 0.0570315, 0.0522056, 0.0517021, 0.0486668, 0.0562428, 0.0523149, 0.054593, 0.0531244, 0.0506444, 0.0512078, 0.0414681, 0.0390665, 0.0379943, 0.0407801, 0.034211, 0.0397944, 0.0357864, 0.0428917, 0.0404197, 0.0419841, 0.042322, 0.0449663, 0.0378746, 0.0409219, 0.0479986, 0.0426392, 0.0411826, 0.035945, 0.0458434, 0.0379371, 0.0480168, 0.0461587, 0.0629858, 0.0377043, 0.0570226, 0.0609358, 0.0401401, 0.0609906, 0.0543975, 0.0453479, 0.054224, 0.0655368, 0.0647612, 0.0748581, 0.0524049, 0.053832, 0.0808103, 0.0605377, 0.092721, 0.0730553, 0.0594561, 0.0580252, 0.0495686, 0.0581951, 0.0506453, 0.0475059, 0.0942104, 0.0636573, 0.0570658, 0.0612117, 0.00441833, 0.00484349, 0.00541896, 0.00656059, 0.00899701, 0.01239, 0.0155193, 0.0176876, 0.0193006, 0.0208538, 0.0221427, 0.0231598, 0.0244253, 0.0257657, 0.0273887, 0.0285129, 0.0287597, 0.0290458, 0.0293973, 0.0298764
0.0399516, 0.0574648, 0.0559073, 0.056081, 0.0563923, 0.0561549, 0.0560043, 0.0547379, 0.0544196, 0.0546938, 0.0554266, 0.0544402, 0.0533913, 0.0570619, 0.055842, 0.0528802, 0.0549007, 0.0555373, 0.0583305, 0.0487225, 0.048123, 0.0477434, 0.0519157, 0.0482672, 0.0451372, 0.0481155, 0.0482427, 0.0532961, 0.0518701, 0.0649306, 0.0549759, 0.0629692, 0.043356, 0.0449282, 0.0521128, 0.0449324, 0.0478663, 0.0477587, 0.0518672, 0.0531904, 0.0636793, 0.0505063, 0.0501658, 0.0438336, 0.0634592, 0.053222, 0.0590589, 0.0506858, 0.045154, 0.0414681, 0.0847807, 0.0725887, 0.0675192, 0.0801085, 0.05942, 0.0741977, 0.0558283, 0.0742675, 0.0642185, 0.0700366, 0.0732337, 0.0800664, 0.0524548, 0.060803, 0.0783323, 0.0664036, 0.0581078, 0.0482995, 0.062533, 0.0384556, 0.0683073, 0.0583794, 0.107562, 0.035917, 0.0813218, 0.0913066, 0.029728, 0.0909249, 0.0712459, 0.0399526, 0.0510878, 0.0596979, 0.0691932, 0.0959472, 0.0339183, 0.0310238, 0.114563, 0.0380036, 0.152844, 0.0922918, 0.0512495, 0.0576156, 0.0287545, 0.038445, 0.0347546, 0.0249224, 0.159851, 0.0508275, 0.0618084, 0.0528879, 0.00473796, 0.00465747, 0.00445353, 0.00418435, 0.0041087, 0.00422218, 0.00428787, 0.00421916, 0.00409713, 0.0039857, 0.00392144, 0.00390206, 0.00389552, 0.00397532, 0.00408426, 0.00417232, 0.00422802, 0.00428982, 0.00437035, 0.0044536
0.0402868, 0.0521185, 0.0502217, 0.0493883, 0.0497207, 0.0500113, 0.0501199, 0.0492863, 0.0490049, 0.0492944, 0.0498949, 0.0490466, 0.0483026, 0.0511209, 0.0502606, 0.0478058, 0.0497597, 0.0501351, 0.0520969, 0.0449414, 0.0443394, 0.044041, 0.0469854, 0.0440853, 0.0417289, 0.0439917, 0.0441513, 0.048188, 0.0461115, 0.0568803, 0.0487146, 0.0543972, 0.040572, 0.0417328, 0.0469834, 0.0415864, 0.044083, 0.0436504, 0.0472569, 0.0486553, 0.0565292, 0.0461947, 0.0455952, 0.0402426, 0.0558572, 0.0476737, 0.052344, 0.0467336, 0.041552, 0.0390665, 0.0725887, 0.0647843, 0.0612413, 0.0697837, 0.0543165, 0.0653912, 0.0504782, 0.0650929, 0.0579964, 0.0622294, 0.064198, 0.0695063, 0.0483923, 0.0545208, 0.0687913, 0.0586432, 0.0533368, 0.0442548, 0.057353, 0.038459, 0.0612294, 0.054594, 0.0922993, 0.0368638, 0.0722045, 0.078051, 0.0310649, 0.0778965, 0.062802, 0.0402026, 0.0485581, 0.0570532, 0.061427, 0.0830262, 0.0344689, 0.0336207, 0.0968972, 0.0422985, 0.125061, 0.0794211, 0.0481194, 0.0504996, 0.0290191, 0.0408043, 0.0334239, 0.0259729, 0.129859, 0.0512822, 0.0516046, 0.0503716, 0.00473796, 0.00465747, 0.00445353, 0.00418435, 0.0041087, 0.00422218, 0.00428787, 0.00421916, 0.00409713, 0.0039857, 0.00392144, 0.00390206, 0.00389552, 0.00397532, 0.00408426, 0.00417232, 0.00422802, 0.00428982, 0.00437035, 0.0044536
0.0404189, 0.0496772, 0.0477009, 0.0465351, 0.0468829, 0.0473632, 0.0475531, 0.0469116, 0.0466504, 0.0469333, 0.0474889, 0.0466961, 0.0460788, 0.0485281, 0.0478169, 0.0455954, 0.0475039, 0.0477346, 0.0493328, 0.043264, 0.0426576, 0.0423434, 0.0447764, 0.0422407, 0.0402006, 0.04222, 0.0422862, 0.0458938, 0.0435621, 0.0533276, 0.0459944, 0.0507086, 0.0392969, 0.0403409, 0.0447679, 0.0400749, 0.0423007, 0.0418304, 0.0452364, 0.0467127, 0.0533217, 0.0442806, 0.0437006, 0.0385984, 0.0524961, 0.0452426, 0.0493971, 0.0449813, 0.0399636, 0.0379943, 0.0675192, 0.0612413, 0.0586141, 0.0653345, 0.0521185, 0.061611, 0.0482372, 0.0612088, 0.0553619, 0.058903, 0.0603026, 0.0650146, 0.0466434, 0.0520064, 0.0645919, 0.0554781, 0.0512769, 0.042608, 0.0550733, 0.0383583, 0.0580631, 0.0530973, 0.0855938, 0.0372218, 0.0681554, 0.0726083, 0.0315882, 0.0723677, 0.0593338, 0.040304, 0.0477931, 0.056113, 0.0580701, 0.0770577, 0.0345661, 0.0347489, 0.0889396, 0.0437054, 0.113786, 0.0738595, 0.0468641, 0.0476205, 0.0295551, 0.0416007, 0.0329297, 0.0265316, 0.116906, 0.0510911, 0.0489594, 0.0492334, 0.00473796, 0.00465747, 0.00445353, 0.00418435, 0.0041087, 0.00422218, 0.00428787, 0.00421916, 0.00409713, 0.0039857, 0.00392144, 0.00390206, 0.00389552, 0.00397532, 0.00408426, 0.00417232, 0.00422802, 0.00428982, 0.00437035, 0.0044536
0.040115, 0.0555593, 0.0538871, 0.0536427, 0.0539741, 0.0539558, 0.0539295, 0.0528399, 0.0525414, 0.0528442, 0.0535151, 0.0525924, 0.0516549, 0.0549846, 0.0538981, 0.0511193, 0.0531264, 0.0536856, 0.0561133, 0.0475159, 0.0468705, 0.0465558, 0.0501846, 0.0468184, 0.04406, 0.0466668, 0.0469062, 0.0515498, 0.0497941, 0.0619709, 0.0527088, 0.0597169, 0.0425332, 0.0439205, 0.05024, 0.043898, 0.0466251, 0.0463873, 0.0502964, 0.0515453, 0.061093, 0.0490506, 0.0485176, 0.0426665, 0.0606408, 0.0512538, 0.0565564, 0.0493735, 0.043965, 0.0407801, 0.0801085, 0.0697837, 0.0653345, 0.0764614, 0.0577419, 0.0710784, 0.0540949, 0.0709039, 0.0621484, 0.0672441, 0.0699292, 0.0761554, 0.0511142, 0.0585111, 0.0749051, 0.0635226, 0.0565821, 0.0470932, 0.0607356, 0.0388899, 0.0657951, 0.0570034, 0.101885, 0.0368027, 0.078073, 0.085951, 0.0306693, 0.0858743, 0.0681193, 0.0402113, 0.0502564, 0.0586003, 0.0665438, 0.0910925, 0.0343899, 0.0326975, 0.10776, 0.0402751, 0.141142, 0.0876344, 0.0505643, 0.0552107, 0.0294706, 0.0400129, 0.034663, 0.0257783, 0.148172, 0.051589, 0.0567293, 0.0524621, 0.00473796, 0.00465747, 0.00445353, 0.00418435, 0.0041087, 0.00422218, 0.00428787, 0.00421916, 0.00409713, 0.0039857, 0.00392144, 0.00390206, 0.00389552, 0.00397532, 0.00408426, 0.00417232, 0.00422802, 0.00428982, 0.00437035, 0.0044536
0.0364982, 0.0441625, 0.0424469, 0.0413416, 0.0416827, 0.0421484, 0.0423339, 0.0417973, 0.0415568, 0.0418106, 0.0422676, 0.0415774, 0.0410376, 0.043112, 0.042535, 0.0406441, 0.0423553, 0.0425617, 0.0438286, 0.0388473, 0.0382321, 0.037951, 0.0398689, 0.0377046, 0.0360306, 0.0376086, 0.0377381, 0.0408037, 0.0385638, 0.0469619, 0.0407087, 0.0445101, 0.0352657, 0.0361484, 0.0396895, 0.0359067, 0.0377337, 0.0373696, 0.0403526, 0.0415488, 0.0471198, 0.0395172, 0.0389403, 0.034551, 0.0462839, 0.0402024, 0.0436127, 0.0401988, 0.0357754, 0.034211, 0.05942, 0.0543165, 0.0521185, 0.0577419, 0.0467585, 0.0546338, 0.0432047, 0.0540478, 0.0494075, 0.0521963, 0.0532162, 0.0572416, 0.0417248, 0.0462405, 0.057009, 0.0491294, 0.0458786, 0.0384196, 0.0490194, 0.0350733, 0.0514534, 0.0474011, 0.0749319, 0.0343404, 0.0602619, 0.0633176, 0.0293147, 0.0633169, 0.0525664, 0.0365493, 0.0429687, 0.0497318, 0.0513926, 0.0670046, 0.0312299, 0.0323315, 0.0769098, 0.0400235, 0.0971364, 0.0647491, 0.0423081, 0.042353, 0.0277599, 0.0381569, 0.0299902, 0.0246619, 0.100416, 0.0461206, 0.0422039, 0.0443714, 0.00473796, 0.00465747, 0.00445353, 0.00418435, 0.0041087, 0.00422218, 0.00428787, 0.00421916, 0.00409713, 0.0039857, 0.00392144, 0.00390206, 0.00389552, 0.00397532, 0.00408426, 0.00417232, 0.00422802, 0.00428982, 0.00437035, 0.0044536
0.0390376, 0.0522244, 0.0505695, 0.0501003, 0.0504677, 0.0506077, 0.0506601, 0.0497523, 0.0494873, 0.0497959, 0.0504136, 0.049574, 0.048781, 0.0517571, 0.0508309, 0.0483326, 0.0502723, 0.0507448, 0.0528696, 0.0453711, 0.0447294, 0.0444566, 0.0475963, 0.0446253, 0.0422996, 0.0446819, 0.0448988, 0.0490878, 0.0471536, 0.0582554, 0.0498653, 0.0559161, 0.0410883, 0.0423322, 0.0478164, 0.0422596, 0.0447539, 0.0445513, 0.0482375, 0.0494671, 0.0578536, 0.0471092, 0.0465637, 0.0411142, 0.0572749, 0.0488614, 0.0535952, 0.0475616, 0.0424482, 0.0397944, 0.0741977, 0.0653912, 0.061611, 0.0710784, 0.0546338, 0.066652, 0.051565, 0.0666382, 0.0591233, 0.0635137, 0.06569, 0.0712797, 0.0488324, 0.055383, 0.0701426, 0.0597778, 0.0539282, 0.0450378, 0.057834, 0.0383324, 0.0621495, 0.0547641, 0.094611, 0.0366794, 0.0734572, 0.0798593, 0.030837, 0.0798273, 0.0641566, 0.039671, 0.0492768, 0.0577655, 0.0639097, 0.0857374, 0.0351604, 0.0344381, 0.100442, 0.0420031, 0.129966, 0.0827505, 0.0499999, 0.0532434, 0.0308759, 0.0412847, 0.0350573, 0.0272266, 0.135977, 0.0517803, 0.0541982, 0.051924, 0.00466365, 0.00461253, 0.00445167, 0.00424592, 0.00426793, 0.00450149, 0.00467252, 0.00468158, 0.00461556, 0.00455539, 0.00453302, 0.00454721, 0.00457704, 0.00466672, 0.0047834, 0.00487195, 0.00491447, 0.00496189, 0.00502299, 0.005089
0.0322029, 0.0403339, 0.0390736, 0.0384633, 0.0389471, 0.0393191, 0.0394936, 0.0389945, 0.0388345, 0.0391452, 0.0395929, 0.0390284, 0.0386227, 0.0407023, 0.0402054, 0.0385833, 0.0402149, 0.0405744, 0.042066, 0.0374112, 0.0368239, 0.0367274, 0.0386819, 0.0368272, 0.0357773, 0.0376125, 0.0378225, 0.0407467, 0.0387289, 0.0466985, 0.040809, 0.0445081, 0.0354075, 0.036285, 0.0396306, 0.0362172, 0.0380614, 0.038226, 0.0411774, 0.0421325, 0.0476275, 0.0403925, 0.039886, 0.0357756, 0.046896, 0.0412004, 0.0443245, 0.0410037, 0.0371149, 0.0357864, 0.0558283, 0.0504782, 0.0482372, 0.0540949, 0.0432047, 0.051565, 0.0430382, 0.053165, 0.0487115, 0.0512952, 0.0523301, 0.056214, 0.0402688, 0.0446196, 0.0548619, 0.0474526, 0.0441549, 0.0375377, 0.0472113, 0.0342494, 0.0498992, 0.0456361, 0.0725182, 0.0336328, 0.0583338, 0.0613328, 0.0289607, 0.0615176, 0.0513743, 0.0352068, 0.0444773, 0.0532317, 0.056293, 0.0704677, 0.0362921, 0.0378279, 0.0801153, 0.0438492, 0.0993756, 0.0691741, 0.047692, 0.0482399, 0.0345037, 0.0428326, 0.0360708, 0.0309248, 0.103672, 0.0500388, 0.0474739, 0.0493086, 0.00434938, 0.00442247, 0.00444379, 0.00450633, 0.00494133, 0.00568268, 0.0062992, 0.00663715, 0.006808, 0.0069646, 0.00711938, 0.00727553, 0.00745918, 0.00759064, 0.00774005, 0.00783069, 0.00781745, 0.00780406, 0.00778298, 0.00777611
0.0381698, 0.0516035, 0.0500293, 0.0497662, 0.0502422, 0.050402, 0.0504605, 0.0495706, 0.049352, 0.0496937, 0.0503631, 0.0495638, 0.0489052, 0.0520133, 0.0511415, 0.0487535, 0.0507339, 0.0512641, 0.0537585, 0.0460794, 0.045562, 0.0453904, 0.0488257, 0.0459949, 0.0439398, 0.046888, 0.0469666, 0.0512627, 0.0494838, 0.0607532, 0.0522162, 0.0585795, 0.0430594, 0.044377, 0.0501973, 0.0443668, 0.0471732, 0.0472642, 0.0511243, 0.0525656, 0.0610321, 0.0500345, 0.0496276, 0.0439402, 0.0605631, 0.0518965, 0.0568879, 0.050475, 0.0454808, 0.0428917, 0.0742675, 0.0650929, 0.0612088, 0.0709039, 0.0540478, 0.0666382, 0.053165, 0.0690283, 0.0608978, 0.0655827, 0.0678953, 0.073586, 0.049877, 0.0565897, 0.071425, 0.0610839, 0.0547863, 0.0457519, 0.0592621, 0.0391968, 0.0637985, 0.0564011, 0.0968918, 0.0373393, 0.0752382, 0.082678, 0.0315809, 0.0822955, 0.066038, 0.0409732, 0.0531407, 0.0648999, 0.070648, 0.093327, 0.0414907, 0.0400254, 0.10847, 0.0476829, 0.140163, 0.0899656, 0.056135, 0.059854, 0.0364615, 0.047033, 0.0411864, 0.0330924, 0.144986, 0.0578275, 0.0631329, 0.0580822, 0.00433455, 0.0044135, 0.00444342, 0.00451862, 0.00497311, 0.00573842, 0.00637597, 0.00672944, 0.00691147, 0.0070783, 0.00724144, 0.00740429, 0.0075952, 0.00772863, 0.00787958, 0.00797032, 0.00795445, 0.00793819, 0.00791323, 0.00790293
0.0369604, 0.0463559, 0.0447904, 0.0440001, 0.0445127, 0.0449695, 0.0451973, 0.0446435, 0.0444751, 0.0448422, 0.0453896, 0.0447314, 0.0442675, 0.0466795, 0.0460622, 0.0441061, 0.045975, 0.0463463, 0.0480847, 0.0425282, 0.041904, 0.0417954, 0.0441544, 0.0419678, 0.040667, 0.0428876, 0.0430852, 0.0465166, 0.0442277, 0.0535517, 0.0466204, 0.0510279, 0.0402378, 0.0412472, 0.0452923, 0.0411406, 0.0433518, 0.0433888, 0.0468012, 0.0480121, 0.0544361, 0.0458894, 0.0453138, 0.0405066, 0.0536193, 0.0468562, 0.050623, 0.0465973, 0.0420329, 0.0404197, 0.0642185, 0.0579964, 0.0553619, 0.0621484, 0.0494075, 0.0591233, 0.0487115, 0.0608978, 0.0556956, 0.0586905, 0.059972, 0.0644846, 0.0459477, 0.0510139, 0.0630347, 0.0543558, 0.0503982, 0.042513, 0.054067, 0.0386319, 0.0571881, 0.0522141, 0.0836067, 0.0377633, 0.0669386, 0.0707376, 0.0323502, 0.070812, 0.0587079, 0.0399697, 0.0503996, 0.0608675, 0.0639844, 0.0811229, 0.0408739, 0.0420181, 0.092491, 0.0495393, 0.115441, 0.0790607, 0.0536463, 0.0544082, 0.0378625, 0.0480745, 0.0401954, 0.0341437, 0.119841, 0.0567265, 0.0542311, 0.0556269, 0.00433455, 0.0044135, 0.00444342, 0.00451862, 0.00497311, 0.00573842, 0.00637597, 0.00672944, 0.00691147, 0.0070783, 0.00724144, 0.00740429, 0.0075952, 0.00772863, 0.00787958, 0.00797032, 0.00795445, 0.00793819, 0.00791323, 0.00790293
0.0380548, 0.0495936, 0.0479501, 0.0473849, 0.0478708, 0.0481922, 0.0483349, 0.047595, 0.0473936, 0.0477426, 0.0483647, 0.0476187, 0.0470569, 0.0498665, 0.049114, 0.0469062, 0.0488547, 0.0493031, 0.0514882, 0.0446956, 0.0441578, 0.0440129, 0.0470047, 0.0444421, 0.0426814, 0.0453542, 0.0454608, 0.0493939, 0.0473846, 0.057843, 0.0499581, 0.0554931, 0.0420121, 0.0431868, 0.0482924, 0.0431254, 0.0457406, 0.0457497, 0.0494328, 0.0508485, 0.0584138, 0.0484302, 0.0479433, 0.0426127, 0.0577891, 0.0498833, 0.0544127, 0.0490024, 0.044151, 0.0419841, 0.0700366, 0.0622294, 0.058903, 0.0672441, 0.0521963, 0.0635137, 0.0512952, 0.0655827, 0.0586905, 0.0629768, 0.0646518, 0.0698165, 0.0483652, 0.0543292, 0.0679957, 0.058324, 0.0530456, 0.0443648, 0.0572951, 0.0391042, 0.0611926, 0.0549086, 0.0914103, 0.0376175, 0.0719065, 0.0778498, 0.032015, 0.077595, 0.0630202, 0.0408667, 0.0521538, 0.0636727, 0.067888, 0.0885033, 0.0415149, 0.0409197, 0.10202, 0.0489185, 0.130086, 0.0853855, 0.0550707, 0.0574442, 0.0368078, 0.0476953, 0.0407506, 0.0335261, 0.134361, 0.057719, 0.0595083, 0.0571334, 0.00433455, 0.0044135, 0.00444342, 0.00451862, 0.00497311, 0.00573842, 0.00637597, 0.00672944, 0.00691147, 0.0070783, 0.00724144, 0.00740429, 0.0075952, 0.00772863, 0.00787958, 0.00797032, 0.00795445, 0.00793819, 0.00791323, 0.00790293
0.0375496, 0.0509846, 0.0493909, 0.0490882, 0.0495472, 0.0497151, 0.0497834, 0.0488867, 0.0486649, 0.0490017, 0.0496578, 0.0488686, 0.048218, 0.0513063, 0.0504526, 0.04809, 0.0500541, 0.050612, 0.0531011, 0.0454584, 0.0449648, 0.0448266, 0.0482438, 0.0454057, 0.043364, 0.0462521, 0.0463985, 0.0506438, 0.0489059, 0.0600677, 0.0515742, 0.0578802, 0.0424982, 0.0437442, 0.0495441, 0.0437773, 0.046653, 0.0466545, 0.0504671, 0.0518643, 0.0603653, 0.0493914, 0.0489181, 0.0434326, 0.0599015, 0.0512713, 0.0562296, 0.0498336, 0.0449045, 0.042322, 0.0732337, 0.064198, 0.0603026, 0.0699292, 0.0532162, 0.06569, 0.0523301, 0.0678953, 0.059972, 0.0646518, 0.067236, 0.0725824, 0.0491323, 0.055643, 0.0705324, 0.0601516, 0.0539421, 0.0449594, 0.0584334, 0.0385191, 0.063025, 0.0554739, 0.0957507, 0.0365926, 0.0742826, 0.0815258, 0.0310239, 0.0812494, 0.0650275, 0.0402945, 0.0520504, 0.0638422, 0.0696983, 0.0924799, 0.0409628, 0.0391382, 0.107545, 0.0470724, 0.138325, 0.0887772, 0.0551557, 0.058915, 0.0354892, 0.0461849, 0.0404595, 0.0324626, 0.14349, 0.0570171, 0.0613343, 0.0571157, 0.00433455, 0.0044135, 0.00444342, 0.00451862, 0.00497311, 0.00573842, 0.00637597, 0.00672944, 0.00691147, 0.0070783, 0.00724144, 0.00740429, 0.0075952, 0.00772863, 0.00787958, 0.00797032, 0.00795445, 0.00793819, 0.00791323, 0.00790293
0.0393451, 0.0548538, 0.0532661, 0.0532082, 0.0536814, 0.0537257, 0.0537351, 0.0527026, 0.0524689, 0.0528261, 0.0535647, 0.0527032, 0.0519363, 0.0553877, 0.0543827, 0.0517598, 0.0538448, 0.0544764, 0.05729, 0.0486103, 0.0480909, 0.0479125, 0.0518234, 0.0486757, 0.046358, 0.0496343, 0.0497407, 0.0544748, 0.0528123, 0.0651373, 0.0557546, 0.0629965, 0.0453145, 0.0467666, 0.0533608, 0.046819, 0.0499105, 0.0500317, 0.0541652, 0.0556496, 0.0652019, 0.0529691, 0.0525648, 0.0464661, 0.0648281, 0.0552321, 0.0607638, 0.0533172, 0.0480139, 0.0449663, 0.0800664, 0.0695063, 0.0650146, 0.0761554, 0.0572416, 0.0712797, 0.056214, 0.073586, 0.0644846, 0.0698165, 0.0725824, 0.0791157, 0.0527212, 0.0602329, 0.076641, 0.0653057, 0.058017, 0.0483638, 0.062838, 0.0405753, 0.0680896, 0.0594206, 0.104661, 0.0383342, 0.0805085, 0.0892727, 0.032279, 0.0888542, 0.0706412, 0.0423867, 0.0553875, 0.0675574, 0.07488, 0.100129, 0.0424844, 0.0401983, 0.11712, 0.0479902, 0.152432, 0.0963297, 0.0584491, 0.0633747, 0.0368689, 0.0476921, 0.0424841, 0.0334091, 0.158185, 0.0595382, 0.0671332, 0.0603982, 0.00431101, 0.00439481, 0.0044325, 0.00452433, 0.00500727, 0.00580492, 0.00646974, 0.00683748, 0.00702864, 0.00720398, 0.00737062, 0.00753077, 0.0077199, 0.00785935, 0.00801856, 0.00811514, 0.00810065, 0.00808591, 0.00806332, 0.00805526
0.0321834, 0.0382918, 0.0368586, 0.0359201, 0.0363975, 0.0369914, 0.0372704, 0.0369882, 0.0368601, 0.0371644, 0.0377521, 0.0372828, 0.0369347, 0.0387692, 0.0384749, 0.0372646, 0.0391537, 0.0395706, 0.0409063, 0.0367613, 0.0363067, 0.0362238, 0.0380365, 0.0367014, 0.0365023, 0.0389966, 0.0390826, 0.0417698, 0.0396466, 0.0470334, 0.041542, 0.0447468, 0.0370337, 0.0377951, 0.0408858, 0.0377648, 0.0399916, 0.0402857, 0.0433126, 0.0446342, 0.0492893, 0.0426993, 0.0421887, 0.0382069, 0.0484799, 0.043138, 0.0461771, 0.0433691, 0.039255, 0.0378746, 0.0524548, 0.0483923, 0.0466434, 0.0511142, 0.0417248, 0.0488324, 0.0402688, 0.049877, 0.0459477, 0.0483652, 0.0491323, 0.0527212, 0.0417016, 0.0456239, 0.0549496, 0.0480537, 0.0454067, 0.038643, 0.0492426, 0.037374, 0.0515127, 0.048453, 0.071853, 0.0367702, 0.0595386, 0.0623421, 0.032768, 0.0621856, 0.0528612, 0.0395614, 0.0455602, 0.0527457, 0.0529435, 0.066799, 0.0358341, 0.0368029, 0.0752368, 0.0443819, 0.093057, 0.0644733, 0.0451572, 0.0446355, 0.032103, 0.0422319, 0.0341414, 0.0295822, 0.0949085, 0.0493844, 0.0452166, 0.0471964, 0.00389783, 0.0040668, 0.00424071, 0.0046246, 0.00560696, 0.00697224, 0.00811591, 0.00873408, 0.00908553, 0.00941017, 0.00963833, 0.0097512, 0.00990906, 0.0101541, 0.0104582, 0.0106574, 0.0106673, 0.0106792, 0.0106981, 0.0107294
0.0337652, 0.0425278, 0.0412083, 0.0407548, 0.041246, 0.0416103, 0.0417633, 0.0412992, 0.0411589, 0.041463, 0.0421792, 0.0416211, 0.0411096, 0.0434161, 0.0429292, 0.0414413, 0.0434638, 0.0439693, 0.0457506, 0.0402467, 0.039786, 0.0395978, 0.0421126, 0.0404451, 0.0399054, 0.0430416, 0.0429515, 0.0462734, 0.0443714, 0.0531919, 0.0466369, 0.0511412, 0.0402289, 0.0413138, 0.0455107, 0.0412797, 0.04375, 0.0443363, 0.047776, 0.0492626, 0.0551566, 0.0469967, 0.0467357, 0.0418277, 0.0545575, 0.0479995, 0.0517879, 0.0475117, 0.0429769, 0.0409219, 0.060803, 0.0545208, 0.0520064, 0.0585111, 0.0462405, 0.055383, 0.0446196, 0.0565897, 0.0510139, 0.0543292, 0.055643, 0.0602329, 0.0456239, 0.0517306, 0.0623246, 0.0545281, 0.0501889, 0.0427364, 0.0544645, 0.039475, 0.0575888, 0.0532534, 0.0828103, 0.0384403, 0.0670357, 0.0724613, 0.033976, 0.0718841, 0.0599871, 0.0418993, 0.0495448, 0.056818, 0.058785, 0.0755476, 0.0368911, 0.0370908, 0.0865956, 0.0439392, 0.111536, 0.0733602, 0.0485298, 0.0498431, 0.0333486, 0.0428219, 0.0360595, 0.0301147, 0.11328, 0.0511202, 0.0540904, 0.0503602, 0.00382851, 0.00401177, 0.00420853, 0.00464143, 0.00570757, 0.00716808, 0.0083921, 0.00905227, 0.00943062, 0.0097803, 0.0100188, 0.0101237, 0.0102763, 0.0105391, 0.0108675, 0.0110839, 0.0110979, 0.0111142, 0.0111401, 0.0111781
0.039027, 0.0536031, 0.0519776, 0.0516664, 0.0521525, 0.0523741, 0.0525258, 0.0516953, 0.0515133, 0.0519257, 0.052804, 0.0520647, 0.0512756, 0.0545363, 0.0536784, 0.0514002, 0.0538009, 0.0546236, 0.057194, 0.0489812, 0.0484433, 0.0483629, 0.0520553, 0.049351, 0.0481041, 0.051854, 0.0521644, 0.0567065, 0.0547722, 0.0667654, 0.0576177, 0.0643016, 0.0479855, 0.0492577, 0.0554263, 0.0494689, 0.0528962, 0.0531859, 0.0574573, 0.0589253, 0.0681671, 0.05636, 0.0557201, 0.0500053, 0.067605, 0.0583489, 0.0635905, 0.0567765, 0.0511654, 0.0479986, 0.0783323, 0.0687913, 0.0645919, 0.0749051, 0.057009, 0.0701426, 0.0548619, 0.071425, 0.0630347, 0.0679957, 0.0705324, 0.076641, 0.0549496, 0.0623246, 0.0789433, 0.0671791, 0.0607188, 0.0510867, 0.0659781, 0.0449397, 0.0711574, 0.0628426, 0.106239, 0.0428857, 0.0834767, 0.0909663, 0.0373665, 0.0908987, 0.0735297, 0.047144, 0.0567934, 0.0661713, 0.0727657, 0.0973038, 0.0419966, 0.0401149, 0.113405, 0.0489378, 0.145243, 0.0931697, 0.0571923, 0.0610652, 0.0359771, 0.0477871, 0.0413731, 0.0328334, 0.15165, 0.0594824, 0.0619636, 0.0593672, 0.00382851, 0.00401177, 0.00420853, 0.00464143, 0.00570757, 0.00716808, 0.0083921, 0.00905227, 0.00943062, 0.0097803, 0.0100188, 0.0101237, 0.0102763, 0.0105391, 0.0108675, 0.0110839, 0.0110979, 0.0111142, 0.0111401, 0.0111781
0.0345907, 0.0456088, 0.0442939, 0.0440729, 0.0445483, 0.0447733, 0.0448722, 0.0442477, 0.0440924, 0.0444069, 0.0451856, 0.0445644, 0.0439375, 0.046603, 0.0459767, 0.0442393, 0.0463449, 0.0469702, 0.0490681, 0.0425506, 0.0420877, 0.0419012, 0.0449074, 0.0428841, 0.0420425, 0.0454486, 0.0454295, 0.049187, 0.0474222, 0.0573174, 0.0499019, 0.0552875, 0.0421595, 0.0433358, 0.04833, 0.043379, 0.0461656, 0.0467197, 0.0504319, 0.0519012, 0.0589799, 0.0495112, 0.0492425, 0.0440105, 0.0584972, 0.0509908, 0.0552901, 0.0499662, 0.0451581, 0.0426392, 0.0664036, 0.0586432, 0.0554781, 0.0635226, 0.0491294, 0.0597778, 0.0474526, 0.0610839, 0.0543558, 0.058324, 0.0601516, 0.0653057, 0.0480537, 0.0545281, 0.0671791, 0.0588788, 0.0529457, 0.0449376, 0.0575223, 0.0402381, 0.061465, 0.0556709, 0.0901509, 0.0387774, 0.0717963, 0.0785308, 0.0341635, 0.0779946, 0.0640795, 0.0426672, 0.0511588, 0.058951, 0.0627963, 0.082118, 0.0376012, 0.0367285, 0.095204, 0.0437448, 0.123526, 0.079424, 0.050511, 0.0532015, 0.03354, 0.0428341, 0.0370936, 0.0302442, 0.126499, 0.0522094, 0.0576074, 0.0522086, 0.00382851, 0.00401177, 0.00420853, 0.00464143, 0.00570757, 0.00716808, 0.0083921, 0.00905227, 0.00943062, 0.0097803, 0.0100188, 0.0101237, 0.0102763, 0.0105391, 0.0108675, 0.0110839, 0.0110979, 0.0111142, 0.0111401, 0.0111781
0.0345782, 0.0419184, 0.0404335, 0.0395022, 0.0400159, 0.0406148, 0.0409259, 0.0406144, 0.0404951, 0.0408598, 0.0415206, 0.0410185, 0.0405878, 0.0426331, 0.0422439, 0.0408468, 0.0429131, 0.0434021, 0.044843, 0.0401568, 0.0396047, 0.0395342, 0.0415512, 0.040048, 0.0398849, 0.0426067, 0.0427897, 0.0457956, 0.0434667, 0.0517226, 0.0455946, 0.0492093, 0.0404473, 0.0413078, 0.0447155, 0.0413061, 0.0436739, 0.0440406, 0.0473657, 0.0486745, 0.0540434, 0.0466618, 0.0460572, 0.0417029, 0.0531492, 0.0472227, 0.0505322, 0.0473458, 0.0428022, 0.0411826, 0.0581078, 0.0533368, 0.0512769, 0.0565821, 0.0458786, 0.0539282, 0.0441549, 0.0547863, 0.0503982, 0.0530456, 0.0539421, 0.058017, 0.0454067, 0.0501889, 0.0607188, 0.0529457, 0.0504953, 0.0426221, 0.053989, 0.0408347, 0.0566368, 0.0528833, 0.0795823, 0.0402118, 0.0656349, 0.0685803, 0.0356757, 0.068603, 0.0582253, 0.0428485, 0.0494453, 0.0565568, 0.057787, 0.072973, 0.0381699, 0.0396132, 0.0824861, 0.0474244, 0.101976, 0.0708093, 0.0491091, 0.0487525, 0.034788, 0.0454489, 0.0368203, 0.0316516, 0.10511, 0.053264, 0.0483113, 0.0512522, 0.00382851, 0.00401177, 0.00420853, 0.00464143, 0.00570757, 0.00716808, 0.0083921, 0.00905227, 0.00943062, 0.0097803, 0.0100188, 0.0101237, 0.0102763, 0.0105391, 0.0108675, 0.0110839, 0.0110979, 0.0111142, 0.0111401, 0.0111781
0.0280997, 0.0343464, 0.0334053, 0.0328873, 0.033387, 0.0338065, 0.0340317, 0.0337755, 0.0336824, 0.0339931, 0.0345367, 0.0341639, 0.0337759, 0.0354573, 0.0351957, 0.0341947, 0.0359512, 0.0364632, 0.037595, 0.0340226, 0.033461, 0.0334227, 0.0349566, 0.0338955, 0.0341709, 0.0364447, 0.0366822, 0.0390871, 0.0370947, 0.0437445, 0.0389101, 0.0416819, 0.0348348, 0.0355713, 0.0380682, 0.0356421, 0.0374749, 0.0381861, 0.0409835, 0.0418387, 0.046178, 0.0403928, 0.0399141, 0.0363833, 0.045404, 0.0408441, 0.0432537, 0.0409423, 0.0372586, 0.035945, 0.0482995, 0.0442548, 0.042608, 0.0470932, 0.0384196, 0.0450378, 0.0375377, 0.0457519, 0.042513, 0.0443648, 0.0449594, 0.0483638, 0.038643, 0.0427364, 0.0510867, 0.0449376, 0.0426221, 0.0376006, 0.0457481, 0.0357031, 0.0480108, 0.0449459, 0.0665998, 0.0355032, 0.0555341, 0.0575344, 0.0319393, 0.057814, 0.0499381, 0.0370147, 0.0426772, 0.0471132, 0.049187, 0.0601291, 0.0326741, 0.0351389, 0.0677326, 0.0402317, 0.0828785, 0.0596538, 0.0427426, 0.0423489, 0.0321121, 0.0392815, 0.0325829, 0.028507, 0.0866062, 0.0450593, 0.0409285, 0.0441686, 0.00382919, 0.00401851, 0.00422597, 0.00467822, 0.00577946, 0.00728584, 0.00854739, 0.00923703, 0.00963618, 0.010003, 0.0102489, 0.0103516, 0.0105026, 0.0107706, 0.011106, 0.0113229, 0.0113269, 0.0113322, 0.0113447, 0.0113673
0.0371896, 0.0449539, 0.0431933, 0.0420962, 0.0425961, 0.0433079, 0.0436774, 0.0433249, 0.0431942, 0.0435772, 0.0443326, 0.0437734, 0.043356, 0.0457381, 0.045403, 0.0437527, 0.0459433, 0.0464429, 0.0481655, 0.0428475, 0.0424487, 0.0425361, 0.0450345, 0.0435591, 0.0436609, 0.0472109, 0.047282, 0.0505974, 0.048245, 0.0572539, 0.0504816, 0.054646, 0.0446844, 0.0456079, 0.0496717, 0.04569, 0.0487348, 0.0492642, 0.0530185, 0.0547442, 0.0605703, 0.0523352, 0.0517466, 0.0469448, 0.0596972, 0.0529971, 0.0568715, 0.0530166, 0.0479195, 0.0458434, 0.062533, 0.057353, 0.0550733, 0.0607356, 0.0490194, 0.057834, 0.0472113, 0.0592621, 0.054067, 0.0572951, 0.0584334, 0.062838, 0.0492426, 0.0544645, 0.0659781, 0.0575223, 0.053989, 0.0457481, 0.0601713, 0.0447667, 0.0625935, 0.05858, 0.0875897, 0.0437495, 0.0726943, 0.0772564, 0.0399491, 0.0768906, 0.0650031, 0.0485406, 0.0544617, 0.0621978, 0.0624268, 0.0802592, 0.0416129, 0.0417213, 0.0908338, 0.0511963, 0.113442, 0.0767172, 0.0523137, 0.0522533, 0.0358811, 0.0485289, 0.0392389, 0.0334839, 0.115215, 0.0575372, 0.0538834, 0.0548524, 0.00383486, 0.00407497, 0.0043722, 0.00498664, 0.00638209, 0.00827299, 0.00984919, 0.0107858, 0.0113593, 0.0118696, 0.0121776, 0.0122614, 0.0123992, 0.0127109, 0.0131057, 0.0133256, 0.0132466, 0.0131598, 0.0130599, 0.0129531
0.029516, 0.030206, 0.0288341, 0.0272337, 0.0277645, 0.0288094, 0.0293643, 0.0295402, 0.0294906, 0.0298559, 0.0303242, 0.0300835, 0.0300281, 0.0311049, 0.0313115, 0.0306391, 0.0323827, 0.0326624, 0.0331163, 0.0317829, 0.0313244, 0.031611, 0.0322005, 0.0321256, 0.0338123, 0.0361168, 0.0363643, 0.0378765, 0.0351934, 0.0398395, 0.0365422, 0.0372045, 0.0357485, 0.0361204, 0.0369149, 0.0361898, 0.0380823, 0.0388922, 0.0415088, 0.0426615, 0.0445364, 0.0413033, 0.040539, 0.0377908, 0.0432819, 0.0404895, 0.0419485, 0.0421428, 0.0384216, 0.0379371, 0.0384556, 0.038459, 0.0383583, 0.0388899, 0.0350733, 0.0383324, 0.0342494, 0.0391968, 0.0386319, 0.0391042, 0.0385191, 0.0405753, 0.037374, 0.039475, 0.0449397, 0.0402381, 0.0408347, 0.0357031, 0.0447667, 0.0406304, 0.0455486, 0.04574, 0.0568063, 0.040348, 0.0519996, 0.0507927, 0.038189, 0.0511614, 0.0473353, 0.0427706, 0.0446405, 0.0482166, 0.0447063, 0.0515589, 0.0360438, 0.0403131, 0.0546609, 0.0477411, 0.0607758, 0.0506511, 0.0424339, 0.0380045, 0.034243, 0.0447137, 0.0336877, 0.0316873, 0.0618505, 0.0490403, 0.0340096, 0.0447604, 0.00383753, 0.00410158, 0.00444112, 0.005132, 0.00666609, 0.00873821, 0.0104627, 0.0115157, 0.0121714, 0.0127493, 0.0130866, 0.0131615, 0.0132931, 0.0136253, 0.0140481, 0.0142694, 0.0141513, 0.0140211, 0.0138683, 0.0137005
0.0366153, 0.0475172, 0.0458849, 0.0451977, 0.0456741, 0.0461683, 0.0464653, 0.0458871, 0.0457414, 0.0461442, 0.0469612, 0.0463511, 0.0457861, 0.0486577, 0.0481888, 0.0462344, 0.0484713, 0.0491816, 0.0513294, 0.0447766, 0.0444, 0.0446021, 0.0477433, 0.0459305, 0.0459242, 0.0499099, 0.050157, 0.0539593, 0.0518998, 0.0620737, 0.0543348, 0.0595922, 0.0468663, 0.0478815, 0.052891, 0.0481799, 0.0516898, 0.052376, 0.0564391, 0.0580285, 0.0654035, 0.0556325, 0.0549871, 0.0499975, 0.0647073, 0.0569366, 0.0613548, 0.0561328, 0.0507938, 0.0480168, 0.0683073, 0.0612294, 0.0580631, 0.0657951, 0.0514534, 0.0621495, 0.0498992, 0.0637985, 0.0571881, 0.0611926, 0.063025, 0.0680896, 0.0515127, 0.0575888, 0.0711574, 0.061465, 0.0566368, 0.0480108, 0.0625935, 0.0455486, 0.0676119, 0.0608893, 0.0960445, 0.0439875, 0.0782637, 0.0845043, 0.0405171, 0.0843492, 0.0700776, 0.0494315, 0.0558757, 0.0633014, 0.0666355, 0.0874298, 0.0418013, 0.0406087, 0.100405, 0.0497958, 0.126383, 0.0833857, 0.0540561, 0.0559509, 0.0356632, 0.0477183, 0.0401453, 0.0332453, 0.130522, 0.0578714, 0.0566902, 0.0563686, 0.00383753, 0.00410158, 0.00444112, 0.005132, 0.00666609, 0.00873821, 0.0104627, 0.0115157, 0.0121714, 0.0127493, 0.0130866, 0.0131615, 0.0132931, 0.0136253, 0.0140481, 0.0142694, 0.0141513, 0.0140211, 0.0138683, 0.0137005
0.0379465, 0.0428802, 0.0410345, 0.039673, 0.0401893, 0.0410888, 0.0415196, 0.0413626, 0.0412536, 0.0416125, 0.0423664, 0.0418442, 0.0415673, 0.0436693, 0.043518, 0.042061, 0.0442089, 0.0445133, 0.0459529, 0.0416245, 0.0412909, 0.0413598, 0.0435149, 0.0425245, 0.0430637, 0.046769, 0.0465396, 0.0494987, 0.0469422, 0.0550551, 0.0490705, 0.0524341, 0.0445304, 0.0454361, 0.0488677, 0.045356, 0.0482538, 0.0489715, 0.052666, 0.0547016, 0.0591051, 0.0520949, 0.0517225, 0.0468188, 0.0581461, 0.0522572, 0.0557639, 0.0529325, 0.0478624, 0.0461587, 0.0583794, 0.054594, 0.0530973, 0.0570034, 0.0474011, 0.0547641, 0.0456361, 0.0564011, 0.0522141, 0.0549086, 0.0554739, 0.0594206, 0.048453, 0.0532534, 0.0628426, 0.0556709, 0.0528833, 0.0449459, 0.05858, 0.04574, 0.0608893, 0.0597513, 0.0826604, 0.0451252, 0.0704045, 0.0746804, 0.0418563, 0.0737972, 0.0637265, 0.0505717, 0.0556507, 0.0631539, 0.060088, 0.07553, 0.0425349, 0.0433951, 0.0843468, 0.0530937, 0.105938, 0.0724109, 0.0518726, 0.0503452, 0.0370776, 0.049881, 0.039438, 0.0346346, 0.104308, 0.0579948, 0.0552682, 0.0544957, 0.00383753, 0.00410158, 0.00444112, 0.005132, 0.00666609, 0.00873821, 0.0104627, 0.0115157, 0.0121714, 0.0127493, 0.0130866, 0.0131615, 0.0132931, 0.0136253, 0.0140481, 0.0142694, 0.0141513, 0.0140211, 0.0138683, 0.0137005
0.0479182, 0.0709932, 0.0690491, 0.0693013, 0.0698127, 0.0697593, 0.0698384, 0.0684475, 0.0682126, 0.0687644, 0.0699936, 0.0689467, 0.0677558, 0.0727444, 0.0714167, 0.0678133, 0.0707603, 0.0719508, 0.0759551, 0.0633723, 0.0628693, 0.0630009, 0.0689322, 0.0650688, 0.0632816, 0.0691108, 0.0694964, 0.0760917, 0.0742916, 0.0913322, 0.0781918, 0.0886763, 0.0630903, 0.0649966, 0.0745918, 0.065529, 0.0706305, 0.0713795, 0.0772803, 0.0792402, 0.0931687, 0.0757626, 0.0750778, 0.0671605, 0.0928485, 0.079277, 0.0870492, 0.0758769, 0.0683105, 0.0629858, 0.107562, 0.0922993, 0.0855938, 0.101885, 0.0749319, 0.094611, 0.0725182, 0.0968918, 0.0836067, 0.0914103, 0.0957507, 0.104661, 0.071853, 0.0828103, 0.106239, 0.0901509, 0.0795823, 0.0665998, 0.0875897, 0.0568063, 0.0960445, 0.0826604, 0.148222, 0.0531858, 0.113812, 0.127438, 0.0470728, 0.127081, 0.10093, 0.060788, 0.0737178, 0.0851108, 0.0971693, 0.133638, 0.051902, 0.0469295, 0.157854, 0.0575999, 0.206327, 0.127313, 0.0731984, 0.0814571, 0.0426814, 0.0573808, 0.0519436, 0.0390058, 0.215923, 0.074168, 0.0849215, 0.0757934, 0.00383753, 0.00410158, 0.00444112, 0.005132, 0.00666609, 0.00873821, 0.0104627, 0.0115157, 0.0121714, 0.0127493, 0.0130866, 0.0131615, 0.0132931, 0.0136253, 0.0140481, 0.0142694, 0.0141513, 0.0140211, 0.0138683, 0.0137005
0.02963, 0.0289536, 0.0276301, 0.0258827, 0.0264493, 0.0275916, 0.0282074, 0.0285159, 0.0284923, 0.028883, 0.0293155, 0.0291227, 0.0291223, 0.0299617, 0.0302372, 0.0296903, 0.0314129, 0.0316236, 0.0317786, 0.0312204, 0.03067, 0.0309615, 0.0311414, 0.0313052, 0.0332964, 0.0353415, 0.0356209, 0.0368593, 0.0339097, 0.0379595, 0.0352097, 0.0351661, 0.0353859, 0.0357023, 0.0358029, 0.0357088, 0.0372876, 0.0381728, 0.0406745, 0.0417159, 0.0428589, 0.0405089, 0.03971, 0.037137, 0.0414465, 0.0393502, 0.0403345, 0.0414535, 0.0378234, 0.0377043, 0.035917, 0.0368638, 0.0372218, 0.0368027, 0.0343404, 0.0366794, 0.0336328, 0.0373393, 0.0377633, 0.0376175, 0.0365926, 0.0383342, 0.0367702, 0.0384403, 0.0428857, 0.0387774, 0.0402118, 0.0355032, 0.0437495, 0.040348, 0.0439875, 0.0451252, 0.0531858, 0.0424712, 0.0500229, 0.0474298, 0.0392149, 0.0479842, 0.0457289, 0.0430822, 0.0447565, 0.0476536, 0.0433936, 0.0479266, 0.0364047, 0.0422197, 0.0497122, 0.0492068, 0.0530548, 0.0480004, 0.0427701, 0.0371674, 0.0361219, 0.0461633, 0.0342639, 0.0329432, 0.0541482, 0.0496041, 0.0320136, 0.0450569, 0.00383753, 0.00410158, 0.00444112, 0.005132, 0.00666609, 0.00873821, 0.0104627, 0.0115157, 0.0121714, 0.0127493, 0.0130866, 0.0131615, 0.0132931, 0.0136253, 0.0140481, 0.0142694, 0.0141513, 0.0140211, 0.0138683, 0.0137005
0.0416277, 0.0556284, 0.0538405, 0.0532804, 0.0538187, 0.0542905, 0.0546122, 0.0538528, 0.0536928, 0.0541861, 0.0551305, 0.0543463, 0.0535361, 0.0570546, 0.0563776, 0.0538041, 0.0563531, 0.0572348, 0.0598633, 0.0516971, 0.0512471, 0.0514882, 0.0553762, 0.0530595, 0.0527694, 0.0574105, 0.0577053, 0.0623334, 0.0601003, 0.0723728, 0.0630243, 0.0696388, 0.053608, 0.0548989, 0.0611184, 0.0554756, 0.0599971, 0.0614365, 0.0664804, 0.0683416, 0.077489, 0.0655817, 0.0648698, 0.0588767, 0.0767737, 0.0673462, 0.0727422, 0.0660991, 0.0601278, 0.0570226, 0.0813218, 0.0722045, 0.0681554, 0.078073, 0.0602619, 0.0734572, 0.0583338, 0.0752382, 0.0669386, 0.0719065, 0.0742826, 0.0805085, 0.0595386, 0.0670357, 0.0834767, 0.0717963, 0.0656349, 0.0555341, 0.0726943, 0.0519996, 0.0782637, 0.0704045, 0.113812, 0.0500229, 0.0935186, 0.101546, 0.0474653, 0.10137, 0.0838732, 0.0579429, 0.0657496, 0.073723, 0.0789713, 0.104152, 0.0482288, 0.0467, 0.120109, 0.0567146, 0.152269, 0.0996256, 0.0634457, 0.0664927, 0.0413607, 0.0550101, 0.0469137, 0.0382939, 0.157905, 0.0671201, 0.0675559, 0.0660579, 0.00387948, 0.00418337, 0.00458019, 0.00536654, 0.00708347, 0.00944724, 0.0114706, 0.0127717, 0.0136123, 0.0143635, 0.0148232, 0.014976, 0.015221, 0.0157551, 0.0164402, 0.0168248, 0.0167172, 0.0166026, 0.0164694, 0.0163306
0.0411116, 0.0593166, 0.0577631, 0.0583065, 0.0587901, 0.0587532, 0.0587238, 0.0575165, 0.0572861, 0.057642, 0.0587621, 0.0577467, 0.0566384, 0.0610451, 0.060124, 0.0570857, 0.059649, 0.0606689, 0.0643749, 0.053599, 0.0534676, 0.0534839, 0.0589373, 0.0560767, 0.0547774, 0.0608142, 0.0604128, 0.0660697, 0.0649269, 0.0792004, 0.06825, 0.0775499, 0.0551267, 0.0569927, 0.0657363, 0.057772, 0.0634848, 0.0660354, 0.0718995, 0.0745151, 0.0854947, 0.070907, 0.0709982, 0.063407, 0.0855434, 0.0739051, 0.0809722, 0.0710503, 0.0650473, 0.0609358, 0.0913066, 0.078051, 0.0726083, 0.085951, 0.0633176, 0.0798593, 0.0613328, 0.082678, 0.0707376, 0.0778498, 0.0815258, 0.0892727, 0.0623421, 0.0724613, 0.0909663, 0.0785308, 0.0685803, 0.0575344, 0.0772564, 0.0507927, 0.0845043, 0.0746804, 0.127438, 0.0474298, 0.101546, 0.119319, 0.046969, 0.116533, 0.0939634, 0.0602725, 0.0699796, 0.0786756, 0.085499, 0.116893, 0.0480279, 0.0422407, 0.137561, 0.0511539, 0.18517, 0.111097, 0.0647788, 0.072364, 0.038776, 0.0510918, 0.0472632, 0.0361845, 0.187003, 0.0653938, 0.0856458, 0.0669394, 0.00392144, 0.00426515, 0.00471926, 0.00560109, 0.00750085, 0.0101563, 0.0124786, 0.0140278, 0.0150533, 0.0159777, 0.0165599, 0.0167905, 0.0171489, 0.0178849, 0.0188322, 0.0193802, 0.0192832, 0.0191841, 0.0190706, 0.0189608
0.0250677, 0.0237929, 0.0227647, 0.0212887, 0.0218359, 0.0229369, 0.0235477, 0.0238376, 0.0238199, 0.0241634, 0.0245332, 0.0243212, 0.0241945, 0.024979, 0.025425, 0.0249343, 0.0265282, 0.0269272, 0.0270402, 0.026965, 0.0265618, 0.0269823, 0.0271075, 0.0275872, 0.0299754, 0.0321039, 0.0323886, 0.033295, 0.0307013, 0.0338413, 0.0317559, 0.0313762, 0.0324035, 0.0325481, 0.0324782, 0.0331391, 0.0358708, 0.0382156, 0.0411418, 0.0422511, 0.0429222, 0.0412514, 0.0405533, 0.0385614, 0.0416889, 0.0401719, 0.0408603, 0.0422616, 0.0395805, 0.0401401, 0.029728, 0.0310649, 0.0315882, 0.0306693, 0.0293147, 0.030837, 0.0289607, 0.0315809, 0.0323502, 0.032015, 0.0310239, 0.032279, 0.032768, 0.033976, 0.0373665, 0.0341635, 0.0356757, 0.0319393, 0.0399491, 0.038189, 0.0405171, 0.0418563, 0.0470728, 0.0392149, 0.0474653, 0.046969, 0.0434833, 0.0474947, 0.0461613, 0.0451339, 0.0442426, 0.0446956, 0.0403839, 0.0435122, 0.035695, 0.0405308, 0.0445744, 0.0469219, 0.0458836, 0.043412, 0.0403918, 0.0351996, 0.0353435, 0.0437473, 0.0334859, 0.0328389, 0.0464744, 0.0464664, 0.0304573, 0.0422725, 0.00392144, 0.00426515, 0.00471926, 0.00560109, 0.00750085, 0.0101563, 0.0124786, 0.0140278, 0.0150533, 0.0159777, 0.0165599, 0.0167905, 0.0171489, 0.0178849, 0.0188322, 0.0193802, 0.0192832, 0.0191841, 0.0190706, 0.0189608
0.0402907, 0.0591276, 0.0576494, 0.0581346, 0.0586309, 0.0586071, 0.0586457, 0.0574432, 0.0572288, 0.0576459, 0.0587228, 0.0577498, 0.0566108, 0.0609866, 0.0600527, 0.0569915, 0.0595672, 0.0607089, 0.0642809, 0.0536889, 0.0534323, 0.0535821, 0.0588357, 0.0559275, 0.0548593, 0.0605415, 0.0605341, 0.0661035, 0.0647907, 0.0790114, 0.0680845, 0.0770913, 0.0552394, 0.0569527, 0.0653439, 0.0578791, 0.0635443, 0.0660103, 0.0718213, 0.074022, 0.0853482, 0.0708108, 0.070572, 0.0635107, 0.0852481, 0.0738004, 0.0805556, 0.0709759, 0.0650205, 0.0609906, 0.0909249, 0.0778965, 0.0723677, 0.0858743, 0.0633169, 0.0798273, 0.0615176, 0.0822955, 0.070812, 0.077595, 0.0812494, 0.0888542, 0.0621856, 0.0718841, 0.0908987, 0.0779946, 0.068603, 0.057814, 0.0768906, 0.0511614, 0.0843492, 0.0737972, 0.127081, 0.0479842, 0.10137, 0.116533, 0.0474947, 0.116525, 0.0933786, 0.0597392, 0.0690894, 0.0769734, 0.0856218, 0.116379, 0.0479758, 0.0430536, 0.136825, 0.0518184, 0.180664, 0.110943, 0.0653014, 0.0725895, 0.039718, 0.051744, 0.0477216, 0.0368181, 0.185794, 0.0658318, 0.0804558, 0.0673999, 0.00392144, 0.00426515, 0.00471926, 0.00560109, 0.00750085, 0.0101563, 0.0124786, 0.0140278, 0.0150533, 0.0159777, 0.0165599, 0.0167905, 0.0171489, 0.0178849, 0.0188322, 0.0193802, 0.0192832, 0.0191841, 0.0190706, 0.0189608
0.0354267, 0.0475543, 0.0463383, 0.0462998, 0.0468386, 0.0471449, 0.0473489, 0.0466575, 0.0465193, 0.0469168, 0.0477675, 0.047048, 0.0462292, 0.0494068, 0.0489102, 0.0467021, 0.0489437, 0.0498085, 0.0521917, 0.0451674, 0.0448078, 0.0449997, 0.0485176, 0.0467862, 0.0469034, 0.0514248, 0.0514391, 0.0554745, 0.0536938, 0.0642473, 0.0563262, 0.0621988, 0.047944, 0.0492257, 0.0547195, 0.0499843, 0.0544965, 0.0570987, 0.0619761, 0.0637924, 0.0714525, 0.0613092, 0.0610298, 0.055446, 0.0709771, 0.0629294, 0.0675901, 0.061753, 0.0568778, 0.0543975, 0.0712459, 0.062802, 0.0593338, 0.0681193, 0.0525664, 0.0641566, 0.0513743, 0.066038, 0.0587079, 0.0630202, 0.0650275, 0.0706412, 0.0528612, 0.0599871, 0.0735297, 0.0640795, 0.0582253, 0.0499381, 0.0650031, 0.0473353, 0.0700776, 0.0637265, 0.10093, 0.0457289, 0.0838732, 0.0939634, 0.0461613, 0.0933786, 0.0792273, 0.0552201, 0.0617608, 0.066752, 0.0712212, 0.0920563, 0.0440826, 0.0431447, 0.106043, 0.0503031, 0.136576, 0.0892186, 0.0579593, 0.0610626, 0.0396987, 0.0496892, 0.0437305, 0.0362312, 0.139962, 0.0596865, 0.0657348, 0.0598189, 0.00392144, 0.00426515, 0.00471926, 0.00560109, 0.00750085, 0.0101563, 0.0124786, 0.0140278, 0.0150533, 0.0159777, 0.0165599, 0.0167905, 0.0171489, 0.0178849, 0.0188322, 0.0193802, 0.0192832, 0.0191841, 0.0190706, 0.0189608
0.031965, 0.0314363, 0.0297922, 0.027993, 0.0285316, 0.0297807, 0.0304022, 0.0306035, 0.0305386, 0.0308716, 0.0314032, 0.0310178, 0.0308728, 0.0321011, 0.0324352, 0.0315525, 0.0334352, 0.0337177, 0.0343356, 0.0328351, 0.0325967, 0.0328843, 0.0337711, 0.0338389, 0.035569, 0.0385693, 0.0384276, 0.0400509, 0.0373677, 0.0422184, 0.0387441, 0.0396151, 0.0378892, 0.0383035, 0.0396097, 0.0387196, 0.0421284, 0.0442257, 0.047742, 0.0497201, 0.0512192, 0.0477679, 0.0472551, 0.0439564, 0.0500464, 0.0468731, 0.0488413, 0.0488497, 0.0452674, 0.0453479, 0.0399526, 0.0402026, 0.040304, 0.0402113, 0.0365493, 0.039671, 0.0352068, 0.0409732, 0.0399697, 0.0408667, 0.0402945, 0.0423867, 0.0395614, 0.0418993, 0.047144, 0.0426672, 0.0428485, 0.0370147, 0.0485406, 0.0427706, 0.0494315, 0.0505717, 0.060788, 0.0430822, 0.0579429, 0.0602725, 0.0451339, 0.0597392, 0.0552201, 0.0543108, 0.0516519, 0.0555398, 0.0488103, 0.0572477, 0.0410193, 0.0436222, 0.0606163, 0.0529567, 0.0701992, 0.0548506, 0.0458944, 0.04128, 0.0364752, 0.0487794, 0.0369931, 0.0349639, 0.0670854, 0.0538916, 0.0427742, 0.0485752, 0.00392144, 0.00426515, 0.00471926, 0.00560109, 0.00750085, 0.0101563, 0.0124786, 0.0140278, 0.0150533, 0.0159777, 0.0165599, 0.0167905, 0.0171489, 0.0178849, 0.0188322, 0.0193802, 0.0192832, 0.0191841, 0.0190706, 0.0189608
0.0357806, 0.0385324, 0.0370056, 0.0358122, 0.0366231, 0.0375432, 0.037884, 0.037862, 0.0377945, 0.0381512, 0.0386383, 0.0381377, 0.0380979, 0.0395828, 0.039347, 0.0382957, 0.0407311, 0.0414738, 0.0427752, 0.039811, 0.0393319, 0.0391255, 0.0405749, 0.0401802, 0.0414441, 0.045029, 0.0446955, 0.0471409, 0.0444731, 0.0512616, 0.046451, 0.048789, 0.0433712, 0.0442644, 0.0466995, 0.0446153, 0.0480899, 0.0506878, 0.0547969, 0.0568794, 0.0598675, 0.0545675, 0.0543846, 0.049698, 0.0588628, 0.0542922, 0.0571884, 0.0558688, 0.0529656, 0.054224, 0.0510878, 0.0485581, 0.0477931, 0.0502564, 0.0429687, 0.0492768, 0.0444773, 0.0531407, 0.0503996, 0.0521538, 0.0520504, 0.0553875, 0.0455602, 0.0495448, 0.0567934, 0.0511588, 0.0494453, 0.0426772, 0.0544617, 0.0446405, 0.0558757, 0.0556507, 0.0737178, 0.0447565, 0.0657496, 0.0699796, 0.0442426, 0.0690894, 0.0617608, 0.0516519, 0.0691822, 0.0860936, 0.0819168, 0.0930369, 0.0674146, 0.0705657, 0.099529, 0.0783437, 0.117829, 0.0919116, 0.0764811, 0.0736406, 0.0648446, 0.075874, 0.0651255, 0.0613827, 0.115266, 0.0821063, 0.0789773, 0.0788354, 0.00424339, 0.00463954, 0.00515362, 0.00615964, 0.00837399, 0.0115861, 0.0146158, 0.0167316, 0.0182571, 0.019774, 0.0211023, 0.0222011, 0.0235412, 0.0246392, 0.0259337, 0.0270038, 0.0275799, 0.0282275, 0.0290117, 0.0300149
0.0451713, 0.0477064, 0.0451515, 0.0431446, 0.044182, 0.0454079, 0.0457217, 0.0456709, 0.045559, 0.0459158, 0.0463465, 0.0456851, 0.0460688, 0.0475143, 0.046893, 0.0457731, 0.0490642, 0.0501632, 0.0521042, 0.0480952, 0.0476659, 0.0469878, 0.0488185, 0.047991, 0.0486855, 0.0530011, 0.0523891, 0.0554624, 0.0523585, 0.0608393, 0.0546108, 0.0577771, 0.0506647, 0.0516276, 0.0552161, 0.0518244, 0.0562495, 0.0582825, 0.0630859, 0.0661179, 0.0697907, 0.0627863, 0.062574, 0.0567923, 0.0686866, 0.0624992, 0.0667851, 0.0647959, 0.062326, 0.0655368, 0.0596979, 0.0570532, 0.056113, 0.0586003, 0.0497318, 0.0577655, 0.0532317, 0.0648999, 0.0608675, 0.0636727, 0.0638422, 0.0675574, 0.0527457, 0.056818, 0.0661713, 0.058951, 0.0565568, 0.0471132, 0.0621978, 0.0482166, 0.0633014, 0.0631539, 0.0851108, 0.0476536, 0.073723, 0.0786756, 0.0446956, 0.0769734, 0.066752, 0.0555398, 0.0860936, 0.128597, 0.119033, 0.135758, 0.102767, 0.103442, 0.144117, 0.116193, 0.168041, 0.131314, 0.111001, 0.107678, 0.0945683, 0.111261, 0.0974459, 0.0927621, 0.161904, 0.120265, 0.11693, 0.114505, 0.00462972, 0.0050888, 0.00567486, 0.0068299, 0.00942177, 0.0133019, 0.0171805, 0.0199763, 0.0221017, 0.0243295, 0.0265532, 0.0286938, 0.031212, 0.0327443, 0.0344554, 0.0361521, 0.0375359, 0.0390796, 0.040941, 0.0432799
0.0373862, 0.0493919, 0.0479203, 0.0475998, 0.0486214, 0.0489394, 0.04895, 0.0482718, 0.0481506, 0.0485872, 0.0490079, 0.0483363, 0.048219, 0.0506057, 0.0494979, 0.0478644, 0.0510391, 0.0528557, 0.0555586, 0.049012, 0.0483021, 0.0478564, 0.0507203, 0.0489332, 0.0492608, 0.0534268, 0.0537754, 0.057729, 0.0555439, 0.0661219, 0.0581867, 0.0636018, 0.0503797, 0.0515115, 0.0565601, 0.0523797, 0.0569547, 0.059501, 0.0644675, 0.0660466, 0.0738197, 0.063808, 0.0632345, 0.0579411, 0.0731486, 0.0652876, 0.0699893, 0.0651358, 0.0629675, 0.0647612, 0.0691932, 0.061427, 0.0580701, 0.0665438, 0.0513926, 0.0639097, 0.056293, 0.070648, 0.0639844, 0.067888, 0.0696983, 0.07488, 0.0529435, 0.058785, 0.0727657, 0.0627963, 0.057787, 0.049187, 0.0624268, 0.0447063, 0.0666355, 0.060088, 0.0971693, 0.0433936, 0.0789713, 0.085499, 0.0403839, 0.0856218, 0.0712212, 0.0488103, 0.0819168, 0.119033, 0.125771, 0.144356, 0.0971952, 0.0974456, 0.157836, 0.10528, 0.184559, 0.141691, 0.111511, 0.11359, 0.093361, 0.104172, 0.0968207, 0.0895996, 0.190408, 0.114109, 0.113225, 0.11357, 0.00462972, 0.0050888, 0.00567486, 0.0068299, 0.00942177, 0.0133019, 0.0171805, 0.0199763, 0.0221017, 0.0243295, 0.0265532, 0.0286938, 0.031212, 0.0327443, 0.0344554, 0.0361521, 0.0375359, 0.0390796, 0.040941, 0.0432799
0.0465907, 0.0666175, 0.0643011, 0.0640737, 0.0650212, 0.0651744, 0.0650906, 0.0637849, 0.0635375, 0.0640179, 0.0647445, 0.0637059, 0.0632498, 0.0672012, 0.0655763, 0.0627561, 0.0665022, 0.0686357, 0.072963, 0.0616011, 0.0611333, 0.0607036, 0.0658696, 0.0624473, 0.0611226, 0.0669021, 0.0672529, 0.073262, 0.0715048, 0.0870796, 0.074903, 0.0844063, 0.061504, 0.0630941, 0.0721069, 0.0641942, 0.0706743, 0.0726278, 0.0788933, 0.08131, 0.0939102, 0.0778888, 0.0771143, 0.0699358, 0.0935855, 0.0809223, 0.0887217, 0.0789226, 0.0750364, 0.0748581, 0.0959472, 0.0830262, 0.0770577, 0.0910925, 0.0670046, 0.0857374, 0.0704677, 0.093327, 0.0811229, 0.0885033, 0.0924799, 0.100129, 0.066799, 0.0755476, 0.0973038, 0.082118, 0.072973, 0.0601291, 0.0802592, 0.0515589, 0.0874298, 0.07553, 0.133638, 0.0479266, 0.104152, 0.116893, 0.0435122, 0.116379, 0.0920563, 0.0572477, 0.0930369, 0.135758, 0.144356, 0.18378, 0.104746, 0.0987331, 0.201424, 0.111398, 0.24469, 0.171674, 0.122037, 0.12879, 0.0923641, 0.109628, 0.102678, 0.0908567, 0.252026, 0.12592, 0.131501, 0.125275, 0.00462972, 0.0050888, 0.00567486, 0.0068299, 0.00942177, 0.0133019, 0.0171805, 0.0199763, 0.0221017, 0.0243295, 0.0265532, 0.0286938, 0.031212, 0.0327443, 0.0344554, 0.0361521, 0.0375359, 0.0390796, 0.040941, 0.0432799
0.030038, 0.0296752, 0.0280208, 0.026307, 0.0272786, 0.0283493, 0.0286553, 0.0287867, 0.0287253, 0.0290206, 0.0290903, 0.0287781, 0.0293261, 0.0297406, 0.029487, 0.0293307, 0.031971, 0.0332454, 0.0342885, 0.0332289, 0.0327586, 0.0323813, 0.0327213, 0.0327922, 0.0346313, 0.0372908, 0.0373862, 0.0388102, 0.0362157, 0.0406156, 0.0374425, 0.03802, 0.0369263, 0.0371832, 0.0381942, 0.0377662, 0.0412115, 0.0433597, 0.0467376, 0.0484183, 0.0499354, 0.0468117, 0.0461894, 0.0434297, 0.0488222, 0.0460111, 0.0479755, 0.0486077, 0.048185, 0.0524049, 0.0339183, 0.0344689, 0.0345661, 0.0343899, 0.0312299, 0.0351604, 0.0362921, 0.0414907, 0.0408739, 0.0415149, 0.0409628, 0.0424844, 0.0358341, 0.0368911, 0.0419966, 0.0376012, 0.0381699, 0.0326741, 0.0416129, 0.0360438, 0.0418013, 0.0425349, 0.051902, 0.0364047, 0.0482288, 0.0480279, 0.035695, 0.0479758, 0.0440826, 0.0410193, 0.0674146, 0.102767, 0.0971952, 0.104746, 0.0919895, 0.0929735, 0.107627, 0.101919, 0.114012, 0.102434, 0.0947536, 0.0901884, 0.0862017, 0.0977624, 0.0865715, 0.084884, 0.112752, 0.10244, 0.0884628, 0.097266, 0.00462972, 0.0050888, 0.00567486, 0.0068299, 0.00942177, 0.0133019, 0.0171805, 0.0199763, 0.0221017, 0.0243295, 0.0265532, 0.0286938, 0.031212, 0.0327443, 0.0344554, 0.0361521, 0.0375359, 0.0390796, 0.040941, 0.0432799
0.0316651, 0.0286668, 0.0272416, 0.0252282, 0.0263584, 0.0276599, 0.0281462, 0.028617, 0.028639, 0.0290734, 0.0290549, 0.0288623, 0.0294899, 0.0293771, 0.0292145, 0.0292457, 0.0319056, 0.0330374, 0.0332829, 0.0340836, 0.0332015, 0.0328627, 0.0320987, 0.0327087, 0.0354379, 0.0373438, 0.037669, 0.0385324, 0.0350168, 0.0383031, 0.0362902, 0.0351298, 0.0380741, 0.0383091, 0.0374096, 0.0387485, 0.0411682, 0.0437214, 0.0469137, 0.0480994, 0.0481032, 0.0470507, 0.0462225, 0.0437136, 0.0464414, 0.0453284, 0.0460171, 0.0490707, 0.048692, 0.053832, 0.0310238, 0.0336207, 0.0347489, 0.0326975, 0.0323315, 0.0344381, 0.0378279, 0.0400254, 0.0420181, 0.0409197, 0.0391382, 0.0401983, 0.0368029, 0.0370908, 0.0401149, 0.0367285, 0.0396132, 0.0351389, 0.0417213, 0.0403131, 0.0406087, 0.0433951, 0.0469295, 0.0422197, 0.0467, 0.0422407, 0.0405308, 0.0430536, 0.0431447, 0.0436222, 0.0705657, 0.103442, 0.0974456, 0.0987331, 0.0929735, 0.106437, 0.0984288, 0.108277, 0.0976076, 0.100154, 0.0993811, 0.0915573, 0.0946586, 0.104964, 0.0908591, 0.0905271, 0.098477, 0.107249, 0.084525, 0.10183, 0.00462972, 0.0050888, 0.00567486, 0.0068299, 0.00942177, 0.0133019, 0.0171805, 0.0199763, 0.0221017, 0.0243295, 0.0265532, 0.0286938, 0.031212, 0.0327443, 0.0344554, 0.0361521, 0.0375359, 0.0390796, 0.040941, 0.0432799
0.0501438, 0.076972, 0.0746431, 0.0751654, 0.0760805, 0.0758037, 0.0755272, 0.0737282, 0.0734295, 0.0739325, 0.0748757, 0.0736168, 0.0728084, 0.0779029, 0.0758316, 0.0722139, 0.0762355, 0.0786736, 0.0840431, 0.06942, 0.0689632, 0.068473, 0.0752408, 0.0707306, 0.0683792, 0.0751648, 0.0755525, 0.0829957, 0.0816744, 0.100711, 0.0857951, 0.098195, 0.0680955, 0.0700968, 0.081717, 0.0713561, 0.0787648, 0.0807331, 0.0878977, 0.0904468, 0.106591, 0.0864679, 0.0858111, 0.0772628, 0.106655, 0.0909367, 0.10048, 0.0872818, 0.08246, 0.0808103, 0.114563, 0.0968972, 0.0889396, 0.10776, 0.0769098, 0.100442, 0.0801153, 0.10847, 0.092491, 0.10202, 0.107545, 0.11712, 0.0752368, 0.0865956, 0.113405, 0.095204, 0.0824861, 0.0677326, 0.0908338, 0.0546609, 0.100405, 0.0843468, 0.157854, 0.0497122, 0.120109, 0.137561, 0.0445744, 0.136825, 0.106043, 0.0606163, 0.099529, 0.144117, 0.157836, 0.201424, 0.107627, 0.0984288, 0.232846, 0.111457, 0.285241, 0.191927, 0.129109, 0.140128, 0.0935762, 0.110611, 0.106557, 0.0917096, 0.295097, 0.130316, 0.14563, 0.132043, 0.00462972, 0.0050888, 0.00567486, 0.0068299, 0.00942177, 0.0133019, 0.0171805, 0.0199763, 0.0221017, 0.0243295, 0.0265532, 0.0286938, 0.031212, 0.0327443, 0.0344554, 0.0361521, 0.0375359, 0.0390796, 0.040941, 0.0432799
0.0418821, 0.0370766, 0.0343653, 0.0308376, 0.031942, 0.0339383, 0.0347766, 0.0354067, 0.0353968, 0.0359119, 0.0360021, 0.0356884, 0.0364674, 0.0364435, 0.0363616, 0.0360654, 0.0391965, 0.0401943, 0.0404709, 0.0409213, 0.0401708, 0.0399365, 0.039282, 0.0395958, 0.0421284, 0.0443678, 0.0447588, 0.0459197, 0.0415193, 0.045954, 0.0428597, 0.0416031, 0.04513, 0.0450976, 0.0446377, 0.045433, 0.0488761, 0.0503495, 0.0541036, 0.0561153, 0.0563661, 0.0542524, 0.0528976, 0.0500682, 0.0542488, 0.052029, 0.0535442, 0.0567958, 0.0552221, 0.0605377, 0.0380036, 0.0422985, 0.0437054, 0.0402751, 0.0400235, 0.0420031, 0.0438492, 0.0476829, 0.0495393, 0.0489185, 0.0470724, 0.0479902, 0.0443819, 0.0439392, 0.0489378, 0.0437448, 0.0474244, 0.0402317, 0.0511963, 0.0477411, 0.0497958, 0.0530937, 0.0575999, 0.0492068, 0.0567146, 0.0511539, 0.0469219, 0.0518184, 0.0503031, 0.0529567, 0.0783437, 0.116193, 0.10528, 0.111398, 0.101919, 0.108277, 0.111457, 0.1245, 0.109913, 0.108543, 0.105906, 0.0958161, 0.0966789, 0.114857, 0.0954779, 0.0950655, 0.108594, 0.119829, 0.087116, 0.110007, 0.00462972, 0.0050888, 0.00567486, 0.0068299, 0.00942177, 0.0133019, 0.0171805, 0.0199763, 0.0221017, 0.0243295, 0.0265532, 0.0286938, 0.031212, 0.0327443, 0.0344554, 0.0361521, 0.0375359, 0.0390796, 0.040941, 0.0432799
0.0607068, 0.0978293, 0.0954088, 0.0978127, 0.0986991, 0.0974937, 0.096539, 0.0938251, 0.0933828, 0.0937171, 0.0952371, 0.0933976, 0.0920208, 0.0993687, 0.0964547, 0.0914131, 0.0958935, 0.0983461, 0.106159, 0.0847795, 0.0847059, 0.0834941, 0.0939592, 0.0877033, 0.0825954, 0.0926966, 0.0914442, 0.101974, 0.102054, 0.127816, 0.107786, 0.126806, 0.0808791, 0.0845265, 0.102209, 0.0854021, 0.0942663, 0.0970711, 0.106131, 0.110536, 0.131697, 0.103999, 0.105037, 0.0913359, 0.133031, 0.111045, 0.124986, 0.104183, 0.0974006, 0.092721, 0.152844, 0.125061, 0.113786, 0.141142, 0.0971364, 0.129966, 0.0993756, 0.140163, 0.115441, 0.130086, 0.138325, 0.152432, 0.093057, 0.111536, 0.145243, 0.123526, 0.101976, 0.0828785, 0.113442, 0.0607758, 0.126383, 0.105938, 0.206327, 0.0530548, 0.152269, 0.18517, 0.0458836, 0.180664, 0.136576, 0.0701992, 0.117829, 0.168041, 0.184559, 0.24469, 0.114012, 0.0976076, 0.285241, 0.109913, 0.383485, 0.233007, 0.14297, 0.162889, 0.0954455, 0.112424, 0.114144, 0.0926131, 0.382418, 0.138688, 0.196401, 0.145547, 0.00462972, 0.0050888, 0.00567486, 0.0068299, 0.00942177, 0.0133019, 0.0171805, 0.0199763, 0.0221017, 0.0243295, 0.0265532, 0.0286938, 0.031212, 0.0327443, 0.0344554, 0.0361521, 0.0375359, 0.0390796, 0.040941, 0.0432799
0.0433915, 0.0628867, 0.0612739, 0.0616238, 0.0626609, 0.0625988, 0.0624351, 0.0612327, 0.0610475, 0.0615534, 0.0622145, 0.0612771, 0.0607811, 0.0644602, 0.0628313, 0.0602282, 0.0637894, 0.0658921, 0.0697987, 0.0594948, 0.0587533, 0.0582503, 0.0628681, 0.0598455, 0.0590238, 0.0643611, 0.0647223, 0.0703699, 0.06851, 0.0831579, 0.0719892, 0.0807151, 0.0594075, 0.0611316, 0.0690643, 0.0621509, 0.0676676, 0.0703269, 0.0763365, 0.0781855, 0.0899068, 0.0752922, 0.0747569, 0.0676632, 0.0895375, 0.0781477, 0.0849599, 0.0762792, 0.0728713, 0.0730553, 0.0922918, 0.0794211, 0.0738595, 0.0876344, 0.0647491, 0.0827505, 0.0691741, 0.0899656, 0.0790607, 0.0853855, 0.0887772, 0.0963297, 0.0644733, 0.0733602, 0.0931697, 0.079424, 0.0708093, 0.0596538, 0.0767172, 0.0506511, 0.0833857, 0.0724109, 0.127313, 0.0480004, 0.0996256, 0.111097, 0.043412, 0.110943, 0.0892186, 0.0548506, 0.0919116, 0.131314, 0.141691, 0.171674, 0.102434, 0.100154, 0.191927, 0.108543, 0.233007, 0.171592, 0.122049, 0.128291, 0.0964485, 0.10892, 0.103169, 0.0921197, 0.24177, 0.122842, 0.130463, 0.124326, 0.00462972, 0.0050888, 0.00567486, 0.0068299, 0.00942177, 0.0133019, 0.0171805, 0.0199763, 0.0221017, 0.0243295, 0.0265532, 0.0286938, 0.031212, 0.0327443, 0.0344554, 0.0361521, 0.0375359, 0.0390796, 0.040941, 0.0432799
0.0340896, 0.0392605, 0.0379664, 0.0370172, 0.038102, 0.0388098, 0.0390172, 0.0388771, 0.0388356, 0.0392745, 0.0394879, 0.0390535, 0.0392589, 0.0404681, 0.0397841, 0.0389443, 0.0418484, 0.0433566, 0.0448553, 0.0418456, 0.0409983, 0.040583, 0.0417051, 0.0410767, 0.0425937, 0.0456477, 0.0459955, 0.048483, 0.0456719, 0.0527901, 0.0477284, 0.0500115, 0.0443979, 0.045138, 0.0472881, 0.045795, 0.0492138, 0.0518946, 0.0560237, 0.0572913, 0.0614033, 0.055693, 0.055064, 0.051054, 0.0602842, 0.055723, 0.0583936, 0.0573493, 0.0560833, 0.0594561, 0.0512495, 0.0481194, 0.0468641, 0.0505643, 0.0423081, 0.0499999, 0.047692, 0.056135, 0.0536463, 0.0550707, 0.0551557, 0.0584491, 0.0451572, 0.0485298, 0.0571923, 0.050511, 0.0491091, 0.0427426, 0.0523137, 0.0424339, 0.0540561, 0.0518726, 0.0731984, 0.0427701, 0.0634457, 0.0647788, 0.0403918, 0.0653014, 0.0579593, 0.0458944, 0.0764811, 0.111001, 0.111511, 0.122037, 0.0947536, 0.0993811, 0.129109, 0.105906, 0.14297, 0.122049, 0.111034, 0.103563, 0.0948381, 0.104167, 0.0941878, 0.0902852, 0.146895, 0.110165, 0.100128, 0.107956, 0.00462972, 0.0050888, 0.00567486, 0.0068299, 0.00942177, 0.0133019, 0.0171805, 0.0199763, 0.0221017, 0.0243295, 0.0265532, 0.0286938, 0.031212, 0.0327443, 0.0344554, 0.0361521, 0.0375359, 0.0390796, 0.040941, 0.0432799
0.0295463, 0.040262, 0.0394795, 0.0397488, 0.0407529, 0.0408101, 0.0406766, 0.04005, 0.0399562, 0.0403077, 0.0405955, 0.0400674, 0.039993, 0.0419486, 0.0409719, 0.039828, 0.042615, 0.0444313, 0.0468019, 0.0415096, 0.0408002, 0.0403261, 0.0426617, 0.0413843, 0.0421037, 0.0457657, 0.0460708, 0.0493391, 0.047635, 0.0563164, 0.0499288, 0.0544546, 0.043246, 0.044293, 0.0483507, 0.0451961, 0.0490618, 0.0520555, 0.0563763, 0.0574748, 0.0639647, 0.0558389, 0.0555319, 0.051063, 0.0634985, 0.0572315, 0.0609213, 0.0569828, 0.0558834, 0.0580252, 0.0576156, 0.0504996, 0.0476205, 0.0552107, 0.042353, 0.0532434, 0.0482399, 0.059854, 0.0544082, 0.0574442, 0.058915, 0.0633747, 0.0446355, 0.0498431, 0.0610652, 0.0532015, 0.0487525, 0.0423489, 0.0522533, 0.0380045, 0.0559509, 0.0503452, 0.0814571, 0.0371674, 0.0664927, 0.072364, 0.0351996, 0.0725895, 0.0610626, 0.04128, 0.0736406, 0.107678, 0.11359, 0.12879, 0.0901884, 0.0915573, 0.140128, 0.0958161, 0.162889, 0.128291, 0.103563, 0.109181, 0.0898663, 0.0961623, 0.0914394, 0.0854393, 0.168745, 0.103629, 0.105829, 0.10469, 0.00462972, 0.0050888, 0.00567486, 0.0068299, 0.00942177, 0.0133019, 0.0171805, 0.0199763, 0.0221017, 0.0243295, 0.0265532, 0.0286938, 0.031212, 0.0327443, 0.0344554, 0.0361521, 0.0375359, 0.0390796, 0.040941, 0.0432799
0.0241635, 0.0238899, 0.0234466, 0.0227498, 0.0238506, 0.0245119, 0.0246967, 0.0249478, 0.0249942, 0.0253493, 0.0253141, 0.0251736, 0.0256049, 0.0256613, 0.0253636, 0.0254991, 0.0278499, 0.0291829, 0.0295486, 0.0300504, 0.0290882, 0.0286512, 0.0281578, 0.0287576, 0.0314401, 0.0332779, 0.0336085, 0.0345014, 0.0317308, 0.0348621, 0.0331368, 0.0325268, 0.0336996, 0.0340752, 0.0334023, 0.034623, 0.0366171, 0.0398127, 0.0428305, 0.0433523, 0.0439499, 0.0427512, 0.0423888, 0.0400087, 0.0427652, 0.0418696, 0.0421735, 0.0445175, 0.0448593, 0.0495686, 0.0287545, 0.0290191, 0.0295551, 0.0294706, 0.0277599, 0.0308759, 0.0345037, 0.0364615, 0.0378625, 0.0368078, 0.0354892, 0.0368689, 0.032103, 0.0333486, 0.0359771, 0.03354, 0.034788, 0.0321121, 0.0358811, 0.034243, 0.0356632, 0.0370776, 0.0426814, 0.0361219, 0.0413607, 0.038776, 0.0353435, 0.039718, 0.0396987, 0.0364752, 0.0648446, 0.0945683, 0.093361, 0.0923641, 0.0862017, 0.0946586, 0.0935762, 0.0966789, 0.0954455, 0.0964485, 0.0948381, 0.0898663, 0.0995987, 0.0958246, 0.0873034, 0.0868715, 0.0983485, 0.096829, 0.0849548, 0.0955231, 0.00462972, 0.0050888, 0.00567486, 0.0068299, 0.00942177, 0.0133019, 0.0171805, 0.0199763, 0.0221017, 0.0243295, 0.0265532, 0.0286938, 0.031212, 0.0327443, 0.0344554, 0.0361521, 0.0375359, 0.0390796, 0.040941, 0.0432799
0.0371157, 0.0348237, 0.0328165, 0.0302871, 0.0314187, 0.0329469, 0.0335423, 0.0339709, 0.0339599, 0.0344442, 0.0345078, 0.0342107, 0.0348356, 0.0350104, 0.0347792, 0.0344855, 0.0374144, 0.0385344, 0.0390695, 0.0389343, 0.0381137, 0.0378135, 0.0374422, 0.0376881, 0.0400879, 0.0423771, 0.0427109, 0.0440368, 0.0402541, 0.0447856, 0.0416825, 0.0411876, 0.042719, 0.0430014, 0.0428685, 0.0434359, 0.0464382, 0.048605, 0.0521957, 0.0538199, 0.0546786, 0.0523176, 0.0512575, 0.0482334, 0.0528796, 0.0506007, 0.0521121, 0.0544102, 0.0533078, 0.0581951, 0.038445, 0.0408043, 0.0416007, 0.0400129, 0.0381569, 0.0412847, 0.0428326, 0.047033, 0.0480745, 0.0476953, 0.0461849, 0.0476921, 0.0422319, 0.0428219, 0.0477871, 0.0428341, 0.0454489, 0.0392815, 0.0485289, 0.0447137, 0.0477183, 0.049881, 0.0573808, 0.0461633, 0.0550101, 0.0510918, 0.0437473, 0.051744, 0.0496892, 0.0487794, 0.075874, 0.111261, 0.104172, 0.109628, 0.0977624, 0.104964, 0.110611, 0.114857, 0.112424, 0.10892, 0.104167, 0.0961623, 0.0958246, 0.13051, 0.0940486, 0.0927608, 0.112907, 0.114581, 0.0888808, 0.107541, 0.00462972, 0.0050888, 0.00567486, 0.0068299, 0.00942177, 0.0133019, 0.0171805, 0.0199763, 0.0221017, 0.0243295, 0.0265532, 0.0286938, 0.031212, 0.0327443, 0.0344554, 0.0361521, 0.0375359, 0.0390796, 0.040941, 0.0432799
0.0252729, 0.0277101, 0.0268471, 0.0261263, 0.0271367, 0.0277377, 0.0278497, 0.0278094, 0.0277722, 0.0280792, 0.0281168, 0.0278475, 0.0282088, 0.0288007, 0.0283821, 0.0282008, 0.0306652, 0.0321293, 0.0332634, 0.0318532, 0.031187, 0.0307964, 0.0312632, 0.0312587, 0.0331623, 0.0356466, 0.0359209, 0.0374601, 0.0352575, 0.0398018, 0.0366525, 0.0377012, 0.0351308, 0.0355922, 0.0366309, 0.0363162, 0.0392542, 0.042052, 0.0453196, 0.0463148, 0.0486037, 0.0452686, 0.0448016, 0.042088, 0.0476997, 0.0450003, 0.0466544, 0.0467525, 0.0467567, 0.0506453, 0.0347546, 0.0334239, 0.0329297, 0.034663, 0.0299902, 0.0350573, 0.0360708, 0.0411864, 0.0401954, 0.0407506, 0.0404595, 0.0424841, 0.0341414, 0.0360595, 0.0413731, 0.0370936, 0.0368203, 0.0325829, 0.0392389, 0.0336877, 0.0401453, 0.039438, 0.0519436, 0.0342639, 0.0469137, 0.0472632, 0.0334859, 0.0477216, 0.0437305, 0.0369931, 0.0651255, 0.0974459, 0.0968207, 0.102678, 0.0865715, 0.0908591, 0.106557, 0.0954779, 0.114144, 0.103169, 0.0941878, 0.0914394, 0.0873034, 0.0940486, 0.091094, 0.0838403, 0.116607, 0.0976974, 0.0882578, 0.095652, 0.00462972, 0.0050888, 0.00567486, 0.0068299, 0.00942177, 0.0133019, 0.0171805, 0.0199763, 0.0221017, 0.0243295, 0.0265532, 0.0286938, 0.031212, 0.0327443, 0.0344554, 0.0361521, 0.0375359, 0.0390796, 0.040941, 0.0432799
0.0232662, 0.0221851, 0.021357, 0.0202755, 0.0212852, 0.0220885, 0.0223033, 0.0225249, 0.0225241, 0.0228118, 0.0227513, 0.0226002, 0.0231328, 0.0231344, 0.0229503, 0.0231867, 0.0255073, 0.0268337, 0.02737, 0.027731, 0.027048, 0.02668, 0.0263162, 0.0268743, 0.0293382, 0.0312787, 0.0315649, 0.0323445, 0.0298771, 0.0326527, 0.0309426, 0.0304062, 0.0316707, 0.0318467, 0.0315162, 0.0324791, 0.03499, 0.0377081, 0.0405618, 0.0414272, 0.0419093, 0.0406498, 0.0401536, 0.038214, 0.0408234, 0.0397292, 0.0403836, 0.0423637, 0.042843, 0.0475059, 0.0249224, 0.0259729, 0.0265316, 0.0257783, 0.0246619, 0.0272266, 0.0309248, 0.0330924, 0.0341437, 0.0335261, 0.0324626, 0.0334091, 0.0295822, 0.0301147, 0.0328334, 0.0302442, 0.0316516, 0.028507, 0.0334839, 0.0316873, 0.0332453, 0.0346346, 0.0390058, 0.0329432, 0.0382939, 0.0361845, 0.0328389, 0.0368181, 0.0362312, 0.0349639, 0.0613827, 0.0927621, 0.0895996, 0.0908567, 0.084884, 0.0905271, 0.0917096, 0.0950655, 0.0926131, 0.0921197, 0.0902852, 0.0854393, 0.0868715, 0.0927608, 0.0838403, 0.0884968, 0.0938016, 0.094611, 0.0809263, 0.0916063, 0.00462972, 0.0050888, 0.00567486, 0.0068299, 0.00942177, 0.0133019, 0.0171805, 0.0199763, 0.0221017, 0.0243295, 0.0265532, 0.0286938, 0.031212, 0.0327443, 0.0344554, 0.0361521, 0.0375359, 0.0390796, 0.040941, 0.0432799
0.0562242, 0.100586, 0.0987743, 0.101747, 0.102673, 0.101096, 0.100213, 0.0971612, 0.0967493, 0.0973297, 0.0987461, 0.0969869, 0.095246, 0.103117, 0.0998701, 0.0943598, 0.098914, 0.102098, 0.110037, 0.0874802, 0.086896, 0.0862095, 0.0967802, 0.0897411, 0.0849989, 0.0941234, 0.0945336, 0.105462, 0.105431, 0.132636, 0.111356, 0.130987, 0.0828982, 0.0862413, 0.103939, 0.0879012, 0.0968669, 0.099614, 0.10875, 0.111315, 0.135999, 0.106375, 0.106175, 0.0940447, 0.13707, 0.114326, 0.12788, 0.106256, 0.0995044, 0.0942104, 0.159851, 0.129859, 0.116906, 0.148172, 0.100416, 0.135977, 0.103672, 0.144986, 0.119841, 0.134361, 0.14349, 0.158185, 0.0949085, 0.11328, 0.15165, 0.126499, 0.10511, 0.0866062, 0.115215, 0.0618505, 0.130522, 0.104308, 0.215923, 0.0541482, 0.157905, 0.187003, 0.0464744, 0.185794, 0.139962, 0.0670854, 0.115266, 0.161904, 0.190408, 0.252026, 0.112752, 0.098477, 0.295097, 0.108594, 0.382418, 0.24177, 0.146895, 0.168745, 0.0983485, 0.112907, 0.116607, 0.0938016, 0.404929, 0.139692, 0.181152, 0.148884, 0.00462972, 0.0050888, 0.00567486, 0.0068299, 0.00942177, 0.0133019, 0.0171805, 0.0199763, 0.0221017, 0.0243295, 0.0265532, 0.0286938, 0.031212, 0.0327443, 0.0344554, 0.0361521, 0.0375359, 0.0390796, 0.040941, 0.0432799
0.0425901, 0.0433124, 0.0408272, 0.0381526, 0.0392636, 0.0408149, 0.0414271, 0.04164, 0.0415834, 0.0421089, 0.0423185, 0.0418583, 0.0423553, 0.0431742, 0.0427328, 0.0418981, 0.0451369, 0.0463644, 0.0475093, 0.0454465, 0.0446941, 0.0444045, 0.0449407, 0.0444966, 0.0462515, 0.0492139, 0.0495723, 0.0517785, 0.0479591, 0.054726, 0.0497635, 0.0508448, 0.0486423, 0.0490838, 0.0505325, 0.0495768, 0.0534249, 0.0552463, 0.059482, 0.0615069, 0.0643427, 0.0594271, 0.0582277, 0.0543387, 0.0625913, 0.0582636, 0.0610638, 0.061519, 0.0595115, 0.0636573, 0.0508275, 0.0512822, 0.0510911, 0.051589, 0.0461206, 0.0517803, 0.0500388, 0.0578275, 0.0567265, 0.057719, 0.0570171, 0.0595382, 0.0493844, 0.0511202, 0.0594824, 0.0522094, 0.053264, 0.0450593, 0.0575372, 0.0490403, 0.0578714, 0.0579948, 0.074168, 0.0496041, 0.0671201, 0.0653938, 0.0464664, 0.0658318, 0.0596865, 0.0538916, 0.0821063, 0.120265, 0.114109, 0.12592, 0.10244, 0.107249, 0.130316, 0.119829, 0.138688, 0.122842, 0.110165, 0.103629, 0.096829, 0.114581, 0.0976974, 0.094611, 0.139692, 0.141743, 0.0972373, 0.114124, 0.00462972, 0.0050888, 0.00567486, 0.0068299, 0.00942177, 0.0133019, 0.0171805, 0.0199763, 0.0221017, 0.0243295, 0.0265532, 0.0286938, 0.031212, 0.0327443, 0.0344554, 0.0361521, 0.0375359, 0.0390796, 0.040941, 0.0432799
0.0327331, 0.0408911, 0.0401194, 0.0414958, 0.0424225, 0.0420538, 0.041314, 0.0405499, 0.0403731, 0.0402944, 0.0409027, 0.0400938, 0.0400909, 0.0424192, 0.0414119, 0.0403806, 0.0429897, 0.0440794, 0.0473996, 0.0406006, 0.0406197, 0.0391582, 0.0430318, 0.042021, 0.0411553, 0.047248, 0.0448794, 0.0488854, 0.0485448, 0.0578894, 0.0512772, 0.0581559, 0.0418796, 0.044094, 0.0507042, 0.0440037, 0.0479383, 0.0518959, 0.0566534, 0.0602074, 0.0648305, 0.0560316, 0.0582439, 0.0499713, 0.0655723, 0.057961, 0.063591, 0.0569869, 0.0557271, 0.0570658, 0.0618084, 0.0516046, 0.0489594, 0.0567293, 0.0422039, 0.0541982, 0.0474739, 0.0631329, 0.0542311, 0.0595083, 0.0613343, 0.0671332, 0.0452166, 0.0540904, 0.0619636, 0.0576074, 0.0483113, 0.0409285, 0.0538834, 0.0340096, 0.0566902, 0.0552682, 0.0849215, 0.0320136, 0.0675559, 0.0856458, 0.0304573, 0.0804558, 0.0657348, 0.0427742, 0.0789773, 0.11693, 0.113225, 0.131501, 0.0884628, 0.084525, 0.14563, 0.087116, 0.196401, 0.130463, 0.100128, 0.105829, 0.0849548, 0.0888808, 0.0882578, 0.0809263, 0.181152, 0.0972373, 0.1507, 0.100613, 0.00462972, 0.0050888, 0.00567486, 0.0068299, 0.00942177, 0.0133019, 0.0171805, 0.0199763, 0.0221017, 0.0243295, 0.0265532, 0.0286938, 0.031212, 0.0327443, 0.0344554, 0.0361521, 0.0375359, 0.0390796, 0.040941, 0.0432799
0.036873, 0.0413942, 0.0397583, 0.0383837, 0.0394813, 0.0403949, 0.0406978, 0.0406121, 0.0405587, 0.041028, 0.041254, 0.0407917, 0.0410513, 0.0422502, 0.0415925, 0.0406813, 0.0437045, 0.0451524, 0.0466624, 0.0436051, 0.0427855, 0.0424026, 0.0434974, 0.0428274, 0.0443142, 0.0474372, 0.0477796, 0.0503212, 0.0472748, 0.0545913, 0.0493109, 0.0515402, 0.0462167, 0.0469404, 0.0491218, 0.0475673, 0.0511581, 0.0536345, 0.0578539, 0.0593649, 0.0634164, 0.0575934, 0.0568037, 0.0526759, 0.0621439, 0.0573769, 0.0602682, 0.0593079, 0.0577535, 0.0612117, 0.0528879, 0.0503716, 0.0492334, 0.0524621, 0.0443714, 0.051924, 0.0493086, 0.0580822, 0.0556269, 0.0571334, 0.0571157, 0.0603982, 0.0471964, 0.0503602, 0.0593672, 0.0522086, 0.0512522, 0.0441686, 0.0548524, 0.0447604, 0.0563686, 0.0544957, 0.0757934, 0.0450569, 0.0660579, 0.0669394, 0.0422725, 0.0673999, 0.0598189, 0.0485752, 0.0788354, 0.114505, 0.11357, 0.125275, 0.097266, 0.10183, 0.132043, 0.110007, 0.145547, 0.124326, 0.107956, 0.10469, 0.0955231, 0.107541, 0.095652, 0.0916063, 0.148884, 0.114124, 0.100613, 0.113434, 0.00462972, 0.0050888, 0.00567486, 0.0068299, 0.00942177, 0.0133019, 0.0171805, 0.0199763, 0.0221017, 0.0243295, 0.0265532, 0.0286938, 0.031212, 0.0327443, 0.0344554, 0.0361521, 0.0375359, 0.0390796, 0.040941, 0.0432799
0.0053402, 0.00534923, 0.00540388, 0.00550457, 0.00564152, 0.00560858, 0.00548328, 0.0053159, 0.0051978, 0.00509724, 0.00499567, 0.00492194, 0.00491859, 0.0050219, 0.0051494, 0.00524032, 0.00529763, 0.00536184, 0.00544638, 0.0054612, 0.00533526, 0.00491011, 0.00467027, 0.00448091, 0.00405077, 0.00369333, 0.00367752, 0.00367532, 0.00367532, 0.00367532, 0.00367712, 0.00367727, 0.0036819, 0.00367982, 0.00369416, 0.00378395, 0.00402168, 0.00431742, 0.00446329, 0.00450356, 0.00450658, 0.00450658, 0.00450588, 0.00450658, 0.00450582, 0.0045058, 0.0045022, 0.00449792, 0.00446498, 0.00441833, 0.00473796, 0.00473796, 0.00473796, 0.00473796, 0.00473796, 0.00466365, 0.00434938, 0.00433455, 0.00433455, 0.00433455, 0.00433455, 0.00431101, 0.00389783, 0.00382851, 0.00382851, 0.00382851, 0.00382851, 0.00382919, 0.00383486, 0.00383753, 0.00383753, 0.00383753, 0.00383753, 0.00383753, 0.00387948, 0.00392144, 0.00392144, 0.00392144, 0.00392144, 0.00392144, 0.00424339, 0.00462972, 0.00462972, 0.00462972, 0.00462972, 0.00462972, 0.00462972, 0.00462972, 0.00462972, 0.00462972, 0.00462972, 0.00462972, 0.00462972, 0.00462972, 0.00462972, 0.00462972, 0.00462972, 0.00462972, 0.00462972, 0.00462972, 0.00634077, 0.0052654, 0.00513626, 0.0049188, 0.00474111, 0.00463393, 0.0045077, 0.00437811, 0.00425215, 0.00418349, 0.00419343, 0.00426728, 0.00435691, 0.00445057, 0.00456006, 0.00463712, 0.00465807, 0.00468089, 0.00470968, 0.00474282
0.00510036, 0.00513222, 0.00522711, 0.00536908, 0.0055368, 0.00553612, 0.00545183, 0.00532518, 0.00523936, 0.00516873, 0.00508623, 0.00502992, 0.00504349, 0.00516273, 0.00530125, 0.00538762, 0.00542655, 0.00547359, 0.00556507, 0.00558314, 0.00545681, 0.00502751, 0.00479049, 0.00462878, 0.00426563, 0.00396386, 0.00395051, 0.00394865, 0.00394865, 0.00394865, 0.0039507, 0.00395088, 0.00395616, 0.00395379, 0.00397015, 0.00407264, 0.00434398, 0.00468154, 0.00484803, 0.004894, 0.00489745, 0.00489745, 0.00489702, 0.00489745, 0.00489698, 0.00489697, 0.00489477, 0.00489215, 0.00487201, 0.00484349, 0.00465747, 0.00465747, 0.00465747, 0.00465747, 0.00465747, 0.00461253, 0.00442247, 0.0044135, 0.0044135, 0.0044135, 0.0044135, 0.00439481, 0.0040668, 0.00401177, 0.00401177, 0.00401177, 0.00401177, 0.00401851, 0.00407497, 0.00410158, 0.00410158, 0.00410158, 0.00410158, 0.00410158, 0.00418337, 0.00426515, 0.00426515, 0.00426515, 0.00426515, 0.00426515, 0.00463954, 0.0050888, 0.0050888, 0.0050888, 0.0050888, 0.0050888, 0.0050888, 0.0050888, 0.0050888, 0.0050888, 0.0050888, 0.0050888, 0.0050888, 0.0050888, 0.0050888, 0.0050888, 0.0050888, 0.0050888, 0.0050888, 0.0050888, 0.0052654, 0.00669845, 0.00519283, 0.00503731, 0.00491563, 0.00485608, 0.0047621, 0.00466214, 0.0045615, 0.00451872, 0.00454756, 0.00463139, 0.0047337, 0.00483961, 0.00496403, 0.0050518, 0.00507464, 0.00509981, 0.00513142, 0.00516971
0.00469177, 0.00475048, 0.00488807, 0.00506874, 0.00525907, 0.00530749, 0.00529809, 0.00525348, 0.00523333, 0.00522429, 0.00518256, 0.00516603, 0.00522217, 0.00537866, 0.00553119, 0.00557193, 0.00554392, 0.00552953, 0.0056178, 0.00563678, 0.00551427, 0.00509364, 0.0048699, 0.00475997, 0.00452129, 0.00432295, 0.00431417, 0.00431295, 0.00431295, 0.00431295, 0.00431539, 0.00431559, 0.00432185, 0.00431905, 0.00433844, 0.00445992, 0.00478155, 0.00518166, 0.00537901, 0.00543349, 0.00543758, 0.00543758, 0.00543743, 0.00543758, 0.00543742, 0.00543742, 0.00543666, 0.00543575, 0.0054288, 0.00541896, 0.00445353, 0.00445353, 0.00445353, 0.00445353, 0.00445353, 0.00445167, 0.00444379, 0.00444342, 0.00444342, 0.00444342, 0.00444342, 0.0044325, 0.00424071, 0.00420853, 0.00420853, 0.00420853, 0.00420853, 0.00422597, 0.0043722, 0.00444112, 0.00444112, 0.00444112, 0.00444112, 0.00444112, 0.00458019, 0.00471926, 0.00471926, 0.00471926, 0.00471926, 0.00471926, 0.00515362, 0.00567486, 0.00567486, 0.00567486, 0.00567486, 0.00567486, 0.00567486, 0.00567486, 0.00567486, 0.00567486, 0.00567486, 0.00567486, 0.00567486, 0.00567486, 0.00567486, 0.00567486, 0.00567486, 0.00567486, 0.00567486, 0.00567486, 0.00513626, 0.00519283, 0.00751012, 0.00516316, 0.00513402, 0.00513652, 0.00507239, 0.0050174, 0.00496208, 0.00496366, 0.00502294, 0.00512071, 0.00524075, 0.00536473, 0.00551117, 0.00561436, 0.00563926, 0.00566701, 0.00570179, 0.00574616
0.00417337, 0.00425885, 0.00443701, 0.00464917, 0.00484693, 0.00493744, 0.00500222, 0.00505272, 0.00510837, 0.00517279, 0.00519634, 0.00524443, 0.00536571, 0.00558029, 0.00576687, 0.00577715, 0.00569146, 0.00562646, 0.00572859, 0.00575607, 0.00564421, 0.005251, 0.0050582, 0.00504886, 0.00505122, 0.00505318, 0.00505326, 0.00505328, 0.00505328, 0.00505328, 0.00505659, 0.00505687, 0.00506539, 0.00506157, 0.00508795, 0.00525325, 0.00569086, 0.00623526, 0.00650379, 0.00657792, 0.00658348, 0.00658348, 0.0065833, 0.00658348, 0.00658329, 0.00658328, 0.00658235, 0.00658124, 0.00657269, 0.00656059, 0.00418435, 0.00418435, 0.00418435, 0.00418435, 0.00418435, 0.00424592, 0.00450633, 0.00451862, 0.00451862, 0.00451862, 0.00451862, 0.00452433, 0.0046246, 0.00464143, 0.00464143, 0.00464143, 0.00464143, 0.00467822, 0.00498664, 0.005132, 0.005132, 0.005132, 0.005132, 0.005132, 0.00536654, 0.00560109, 0.00560109, 0.00560109, 0.00560109, 0.00560109, 0.00615964, 0.0068299, 0.0068299, 0.0068299, 0.0068299, 0.0068299, 0.0068299, 0.0068299, 0.0068299, 0.0068299, 0.0068299, 0.0068299, 0.0068299, 0.0068299, 0.0068299, 0.0068299, 0.0068299, 0.0068299, 0.0068299, 0.0068299, 0.0049188, 0.00503731, 0.00516316, 0.00962766, 0.00546311, 0.00563989, 0.00569292, 0.00574507, 0.00578197, 0.00587164, 0.00599233, 0.00612081, 0.00627931, 0.00644341, 0.00663783, 0.00677273, 0.0067982, 0.00682686, 0.00686292, 0.00691238
0.00376285, 0.00386609, 0.00408055, 0.00433024, 0.00455083, 0.00464226, 0.0047018, 0.00475388, 0.00480766, 0.00487683, 0.00495801, 0.00506972, 0.00525392, 0.00552755, 0.00580974, 0.00598152, 0.00599404, 0.00601761, 0.00622409, 0.0062968, 0.0062142, 0.00590401, 0.00577997, 0.00593293, 0.00632177, 0.0066449, 0.00665919, 0.00666118, 0.00666118, 0.00666118, 0.00666634, 0.00666678, 0.00668007, 0.00667411, 0.00671526, 0.00697301, 0.00765543, 0.00850438, 0.00892311, 0.00903872, 0.00904739, 0.00904739, 0.00904699, 0.00904739, 0.00904696, 0.00904694, 0.00904489, 0.00904245, 0.00902364, 0.00899701, 0.0041087, 0.0041087, 0.0041087, 0.0041087, 0.0041087, 0.00426793, 0.00494133, 0.00497311, 0.00497311, 0.00497311, 0.00497311, 0.00500727, 0.00560696, 0.00570757, 0.00570757, 0.00570757, 0.00570757, 0.00577946, 0.00638209, 0.00666609, 0.00666609, 0.00666609, 0.00666609, 0.00666609, 0.00708347, 0.00750085, 0.00750085, 0.00750085, 0.00750085, 0.00750085, 0.00837399, 0.00942177, 0.00942177, 0.00942177, 0.00942177, 0.00942177, 0.00942177, 0.00942177, 0.00942177, 0.00942177, 0.00942177, 0.00942177, 0.00942177, 0.00942177, 0.00942177, 0.00942177, 0.00942177, 0.00942177, 0.00942177, 0.00942177, 0.00474111, 0.00491563, 0.00513402, 0.00546311, 0.0146082, 0.00666786, 0.0071146, 0.00742035, 0.00763642, 0.00788994, 0.00813106, 0.00833237, 0.0085816, 0.00883869, 0.00914358, 0.00935722, 0.00939953, 0.00944704, 0.00950694, 0.00958962
0.00348181, 0.00359539, 0.00384311, 0.00414243, 0.00441763, 0.00448248, 0.00447229, 0.00444466, 0.00443434, 0.00444966, 0.00453092, 0.0046516, 0.00485013, 0.00514248, 0.00553591, 0.0060169, 0.00628501, 0.00654632, 0.00692486, 0.00706839, 0.00702885, 0.00684253, 0.00681606, 0.00718234, 0.00807827, 0.00882276, 0.00885569, 0.00886028, 0.00886028, 0.00886028, 0.00886809, 0.00886875, 0.00888884, 0.00887983, 0.00894205, 0.00933179, 0.0103636, 0.0116473, 0.0122804, 0.0124552, 0.0124684, 0.0124684, 0.0124677, 0.0124684, 0.0124677, 0.0124677, 0.0124645, 0.0124607, 0.0124314, 0.01239, 0.00422218, 0.00422218, 0.00422218, 0.00422218, 0.00422218, 0.00450149, 0.00568268, 0.00573842, 0.00573842, 0.00573842, 0.00573842, 0.00580492, 0.00697224, 0.00716808, 0.00716808, 0.00716808, 0.00716808, 0.00728584, 0.00827299, 0.00873821, 0.00873821, 0.00873821, 0.00873821, 0.00873821, 0.00944724, 0.0101563, 0.0101563, 0.0101563, 0.0101563, 0.0101563, 0.0115861, 0.0133019, 0.0133019, 0.0133019, 0.0133019, 0.0133019, 0.0133019, 0.0133019, 0.0133019, 0.0133019, 0.0133019, 0.0133019, 0.0133019, 0.0133019, 0.0133019, 0.0133019, 0.0133019, 0.0133019, 0.0133019, 0.0133019, 0.00463393, 0.00485608, 0.00513652, 0.00563989, 0.00666786, 0.0232429, 0.00908329, 0.00977004, 0.0102406, 0.010726, 0.0111411, 0.0114537, 0.0118411, 0.0122346, 0.0127007, 0.0130322, 0.0131063, 0.0131892, 0.0132933, 0.0134348
0.00325092, 0.00337031, 0.00364238, 0.00398838, 0.00432854, 0.00435792, 0.00425878, 0.0041319, 0.00404492, 0.00399232, 0.00403335, 0.00411631, 0.00427085, 0.00449311, 0.0049216, 0.00570849, 0.00628384, 0.00683467, 0.00736126, 0.00756365, 0.00757108, 0.00752346, 0.00760215, 0.00818402, 0.00959155, 0.0107612, 0.0108129, 0.0108201, 0.0108201, 0.0108201, 0.0108305, 0.0108314, 0.0108581, 0.0108461, 0.0109288, 0.0114471, 0.0128192, 0.0145262, 0.0153681, 0.0156005, 0.015618, 0.015618, 0.0156172, 0.015618, 0.0156171, 0.0156171, 0.0156131, 0.0156083, 0.0155715, 0.0155193, 0.00428787, 0.00428787, 0.00428787, 0.00428787, 0.00428787, 0.00467252, 0.0062992, 0.00637597, 0.00637597, 0.00637597, 0.00637597, 0.00646974, 0.00811591, 0.0083921, 0.0083921, 0.0083921, 0.0083921, 0.00854739, 0.00984919, 0.0104627, 0.0104627, 0.0104627, 0.0104627, 0.0104627, 0.0114706, 0.0124786, 0.0124786, 0.0124786, 0.0124786, 0.0124786, 0.0146158, 0.0171805, 0.0171805, 0.0171805, 0.0171805, 0.0171805, 0.0171805, 0.0171805, 0.0171805, 0.0171805, 0.0171805, 0.0171805, 0.0171805, 0.0171805, 0.0171805, 0.0171805, 0.0171805, 0.0171805, 0.0171805, 0.0171805, 0.0045077, 0.0047621, 0.00507239, 0.00569292, 0.0071146, 0.00908329, 0.0333836, 0.011869, 0.0126008, 0.0133254, 0.0139209, 0.014351, 0.0148824, 0.0154092, 0.0160313, 0.0164776, 0.0165837, 0.0167018, 0.0168496, 0.0170499
0.0030195, 0.00314653, 0.00343158, 0.00379732, 0.00416303, 0.00418457, 0.00406098, 0.0039069, 0.00380277, 0.00373749, 0.00376238, 0.00383349, 0.00398037, 0.00416549, 0.00458701, 0.00546593, 0.00615339, 0.00681798, 0.00740353, 0.00763244, 0.00768245, 0.00776571, 0.00793783, 0.00868995, 0.0105001, 0.0120044, 0.0120709, 0.0120801, 0.0120801, 0.0120801, 0.0120925, 0.0120935, 0.0121252, 0.012111, 0.0122092, 0.0128244, 0.0144532, 0.0164795, 0.0174789, 0.0177548, 0.0177756, 0.0177756, 0.0177749, 0.0177756, 0.0177748, 0.0177748, 0.0177712, 0.0177669, 0.0177341, 0.0176876, 0.00421916, 0.00421916, 0.00421916, 0.00421916, 0.00421916, 0.00468158, 0.00663715, 0.00672944, 0.00672944, 0.00672944, 0.00672944, 0.00683748, 0.00873408, 0.00905227, 0.00905227, 0.00905227, 0.00905227, 0.00923703, 0.0107858, 0.0115157, 0.0115157, 0.0115157, 0.0115157, 0.0115157, 0.0127717, 0.0140278, 0.0140278, 0.0140278, 0.0140278, 0.0140278, 0.0167316, 0.0199763, 0.0199763, 0.0199763, 0.0199763, 0.0199763, 0.0199763, 0.0199763, 0.0199763, 0.0199763, 0.0199763, 0.0199763, 0.0199763, 0.0199763, 0.0199763, 0.0199763, 0.0199763, 0.0199763, 0.0199763, 0.0199763, 0.00437811, 0.00466214, 0.0050174, 0.00574507, 0.00742035, 0.00977004, 0.011869, 0.0427355, 0.0141573, 0.01507, 0.0158049, 0.0163241, 0.0169645, 0.0175903, 0.0183282, 0.0188586, 0.0189863, 0.0191282, 0.0193053, 0.0195461
0.00280661, 0.00294006, 0.00323167, 0.0036049, 0.00397967, 0.00400419, 0.00388153, 0.00372772, 0.00362847, 0.00357036, 0.00358837, 0.00366118, 0.00382159, 0.00397189, 0.0043705, 0.00528709, 0.00599141, 0.00666468, 0.00726384, 0.00750343, 0.00759279, 0.00780055, 0.00805677, 0.00894348, 0.0110707, 0.0128383, 0.0129165, 0.0129274, 0.0129274, 0.0129274, 0.0129413, 0.0129425, 0.0129783, 0.0129623, 0.0130731, 0.0137675, 0.015606, 0.017893, 0.0190211, 0.0193326, 0.0193559, 0.0193559, 0.0193555, 0.0193559, 0.0193555, 0.0193554, 0.0193532, 0.0193505, 0.0193299, 0.0193006, 0.00409713, 0.00409713, 0.00409713, 0.00409713, 0.00409713, 0.00461556, 0.006808, 0.00691147, 0.00691147, 0.00691147, 0.00691147, 0.00702864, 0.00908553, 0.00943062, 0.00943062, 0.00943062, 0.00943062, 0.00963618, 0.0113593, 0.0121714, 0.0121714, 0.0121714, 0.0121714, 0.0121714, 0.0136123, 0.0150533, 0.0150533, 0.0150533, 0.0150533, 0.0150533, 0.0182571, 0.0221017, 0.0221017, 0.0221017, 0.0221017, 0.0221017, 0.0221017, 0.0221017, 0.0221017, 0.0221017, 0.0221017, 0.0221017, 0.0221017, 0.0221017, 0.0221017, 0.0221017, 0.0221017, 0.0221017, 0.0221017, 0.0221017, 0.00425215, 0.0045615, 0.00496208, 0.00578197, 0.00763642, 0.0102406, 0.0126008, 0.0141573, 0.0515097, 0.0163362, 0.0171888, 0.0177874, 0.0185248, 0.019238, 0.0200782, 0.0206873, 0.0208446, 0.0210194, 0.0212371, 0.0215301
0.00264258, 0.00278343, 0.00308457, 0.00346973, 0.00385867, 0.00388582, 0.00376377, 0.00361671, 0.00352628, 0.00347759, 0.00349035, 0.00356522, 0.00373818, 0.00385784, 0.00423428, 0.00518114, 0.00591588, 0.00661649, 0.00722894, 0.00747544, 0.00758714, 0.00786138, 0.00817143, 0.00918112, 0.0116009, 0.0136117, 0.0137007, 0.0137131, 0.0137131, 0.0137131, 0.0137285, 0.0137299, 0.0137697, 0.0137518, 0.0138751, 0.0146477, 0.0166931, 0.0192375, 0.0204926, 0.0208391, 0.0208651, 0.0208651, 0.020865, 0.0208651, 0.020865, 0.020865, 0.0208645, 0.020864, 0.0208597, 0.0208538, 0.0039857, 0.0039857, 0.0039857, 0.0039857, 0.0039857, 0.00455539, 0.0069646, 0.0070783, 0.0070783, 0.0070783, 0.0070783, 0.00720398, 0.00941017, 0.0097803, 0.0097803, 0.0097803, 0.0097803, 0.010003, 0.0118696, 0.0127493, 0.0127493, 0.0127493, 0.0127493, 0.0127493, 0.0143635, 0.0159777, 0.0159777, 0.0159777, 0.0159777, 0.0159777, 0.019774, 0.0243295, 0.0243295, 0.0243295, 0.0243295, 0.0243295, 0.0243295, 0.0243295, 0.0243295, 0.0243295, 0.0243295, 0.0243295, 0.0243295, 0.0243295, 0.0243295, 0.0243295, 0.0243295, 0.0243295, 0.0243295, 0.0243295, 0.00418349, 0.00451872, 0.00496366, 0.00587164, 0.00788994, 0.010726, 0.0133254, 0.01507, 0.0163362, 0.0610267, 0.0185239, 0.0192062, 0.0200446, 0.0208443, 0.0217848, 0.0224713, 0.0226582, 0.0228658, 0.0231237, 0.0234688
0.00258578, 0.00273106, 0.00303792, 0.00343374, 0.00384053, 0.00386762, 0.00374053, 0.00359547, 0.00350903, 0.00346414, 0.00346858, 0.00354599, 0.00373763, 0.00382958, 0.00419042, 0.00518085, 0.00594662, 0.0066717, 0.00730054, 0.00755353, 0.00767178, 0.0079628, 0.00829182, 0.00936328, 0.0119311, 0.014065, 0.0141593, 0.0141725, 0.0141725, 0.0141725, 0.0141894, 0.0141908, 0.0142343, 0.0142148, 0.0143494, 0.0151928, 0.0174256, 0.0202033, 0.0215734, 0.0219516, 0.02198, 0.02198, 0.0219813, 0.02198, 0.0219814, 0.0219815, 0.0219881, 0.021996, 0.0220567, 0.0221427, 0.00392144, 0.00392144, 0.00392144, 0.00392144, 0.00392144, 0.00453302, 0.00711938, 0.00724144, 0.00724144, 0.00724144, 0.00724144, 0.00737062, 0.00963833, 0.0100188, 0.0100188, 0.0100188, 0.0100188, 0.0102489, 0.0121776, 0.0130866, 0.0130866, 0.0130866, 0.0130866, 0.0130866, 0.0148232, 0.0165599, 0.0165599, 0.0165599, 0.0165599, 0.0165599, 0.0211023, 0.0265532, 0.0265532, 0.0265532, 0.0265532, 0.0265532, 0.0265532, 0.0265532, 0.0265532, 0.0265532, 0.0265532, 0.0265532, 0.0265532, 0.0265532, 0.0265532, 0.0265532, 0.0265532, 0.0265532, 0.0265532, 0.0265532, 0.00419343, 0.00454756, 0.00502294, 0.00599233, 0.00813106, 0.0111411, 0.0139209, 0.0158049, 0.0171888, 0.0185239, 0.0715362, 0.0203806, 0.0213345, 0.0222271, 0.0232752, 0.0240543, 0.0242968, 0.0245661, 0.0248997, 0.025338
0.00263229, 0.00277815, 0.00308481, 0.00348725, 0.00391274, 0.00393664, 0.00379835, 0.00364728, 0.00355785, 0.00350962, 0.00350149, 0.00358159, 0.00379883, 0.00386432, 0.00421507, 0.00526295, 0.00605203, 0.00678853, 0.0074361, 0.00769626, 0.00781046, 0.00808708, 0.00840793, 0.0094727, 0.0120253, 0.0141465, 0.0142403, 0.0142534, 0.0142534, 0.0142534, 0.0142716, 0.0142732, 0.0143201, 0.014299, 0.0144443, 0.015354, 0.0177627, 0.020759, 0.022237, 0.022645, 0.0226756, 0.0226756, 0.0226795, 0.0226756, 0.0226798, 0.0226799, 0.0226997, 0.0227232, 0.0229039, 0.0231598, 0.00390206, 0.00390206, 0.00390206, 0.00390206, 0.00390206, 0.00454721, 0.00727553, 0.00740429, 0.00740429, 0.00740429, 0.00740429, 0.00753077, 0.0097512, 0.0101237, 0.0101237, 0.0101237, 0.0101237, 0.0103516, 0.0122614, 0.0131615, 0.0131615, 0.0131615, 0.0131615, 0.0131615, 0.014976, 0.0167905, 0.0167905, 0.0167905, 0.0167905, 0.0167905, 0.0222011, 0.0286938, 0.0286938, 0.0286938, 0.0286938, 0.0286938, 0.0286938, 0.0286938, 0.0286938, 0.0286938, 0.0286938, 0.0286938, 0.0286938, 0.0286938, 0.0286938, 0.0286938, 0.0286938, 0.0286938, 0.0286938, 0.0286938, 0.00426728, 0.00463139, 0.00512071, 0.00612081, 0.00833237, 0.0114537, 0.014351, 0.0163241, 0.0177874, 0.0192062, 0.0203806, 0.0829461, 0.0223496, 0.0233437, 0.0245098, 0.0253977, 0.0257209, 0.0260801, 0.0265238, 0.0270953
0.002684, 0.00283094, 0.00313882, 0.0035504, 0.00399822, 0.0040194, 0.003869, 0.00371055, 0.00361734, 0.00356505, 0.00354272, 0.00362561, 0.00387118, 0.00390743, 0.00424927, 0.00536677, 0.00618161, 0.00692864, 0.00759746, 0.00786596, 0.00797606, 0.00823826, 0.00855041, 0.00960542, 0.0121354, 0.0142378, 0.0143308, 0.0143437, 0.0143437, 0.0143437, 0.0143636, 0.0143653, 0.0144165, 0.0143936, 0.0145522, 0.0155457, 0.0181763, 0.0214488, 0.0230629, 0.0235085, 0.0235419, 0.0235419, 0.023549, 0.0235419, 0.0235496, 0.0235498, 0.0235859, 0.0236287, 0.0239583, 0.0244253, 0.00389552, 0.00389552, 0.00389552, 0.00389552, 0.00389552, 0.00457704, 0.00745918, 0.0075952, 0.0075952, 0.0075952, 0.0075952, 0.0077199, 0.00990906, 0.0102763, 0.0102763, 0.0102763, 0.0102763, 0.0105026, 0.0123992, 0.0132931, 0.0132931, 0.0132931, 0.0132931, 0.0132931, 0.015221, 0.0171489, 0.0171489, 0.0171489, 0.0171489, 0.0171489, 0.0235412, 0.031212, 0.031212, 0.031212, 0.031212, 0.031212, 0.031212, 0.031212, 0.031212, 0.031212, 0.031212, 0.031212, 0.031212, 0.031212, 0.031212, 0.031212, 0.031212, 0.031212, 0.031212, 0.031212, 0.00435691, 0.0047337, 0.00524075, 0.00627931, 0.0085816, 0.0118411, 0.0148824, 0.0169645, 0.0185248, 0.0200446, 0.0213345, 0.0223496, 0.0977082, 0.0247113, 0.0260269, 0.0270523, 0.0274769, 0.027949, 0.0285314, 0.0292702
0.0027329, 0.00288136, 0.0031956, 0.00361761, 0.0040787, 0.00410023, 0.00394433, 0.00377846, 0.00368057, 0.00362457, 0.00359723, 0.00368263, 0.00394118, 0.00396449, 0.00431464, 0.00549653, 0.00631853, 0.00705334, 0.00773283, 0.00800689, 0.00811814, 0.00838464, 0.00869719, 0.00974269, 0.0122495, 0.0143325, 0.0144246, 0.0144375, 0.0144375, 0.0144375, 0.0144596, 0.0144614, 0.0145183, 0.0144928, 0.0146689, 0.0157722, 0.0186933, 0.022327, 0.0241194, 0.0246142, 0.0246514, 0.0246514, 0.0246603, 0.0246514, 0.024661, 0.0246613, 0.0247068, 0.0247608, 0.0251766, 0.0257657, 0.00397532, 0.00397532, 0.00397532, 0.00397532, 0.00397532, 0.00466672, 0.00759064, 0.00772863, 0.00772863, 0.00772863, 0.00772863, 0.00785935, 0.0101541, 0.0105391, 0.0105391, 0.0105391, 0.0105391, 0.0107706, 0.0127109, 0.0136253, 0.0136253, 0.0136253, 0.0136253, 0.0136253, 0.0157551, 0.0178849, 0.0178849, 0.0178849, 0.0178849, 0.0178849, 0.0246392, 0.0327443, 0.0327443, 0.0327443, 0.0327443, 0.0327443, 0.0327443, 0.0327443, 0.0327443, 0.0327443, 0.0327443, 0.0327443, 0.0327443, 0.0327443, 0.0327443, 0.0327443, 0.0327443, 0.0327443, 0.0327443, 0.0327443, 0.00445057, 0.00483961, 0.00536473, 0.00644341, 0.00883869, 0.0122346, 0.0154092, 0.0175903, 0.019238, 0.0208443, 0.0222271, 0.0233437, 0.0247113, 0.114948, 0.0274489, 0.0286076, 0.0291046, 0.0296575, 0.0303404, 0.0311986
0.00278486, 0.0029355, 0.00325892, 0.00369438, 0.00417038, 0.00419356, 0.00403301, 0.00385866, 0.00375522, 0.00369496, 0.00366335, 0.00375159, 0.00402254, 0.00403409, 0.00439777, 0.00565471, 0.00648113, 0.00719688, 0.00788774, 0.00816821, 0.00828165, 0.00855645, 0.00887035, 0.00990045, 0.0123695, 0.0144212, 0.014512, 0.0145246, 0.0145246, 0.0145246, 0.0145494, 0.0145515, 0.0146152, 0.0145867, 0.014784, 0.0160203, 0.0192936, 0.0233655, 0.0253739, 0.0259284, 0.0259701, 0.0259701, 0.0259814, 0.0259701, 0.0259823, 0.0259827, 0.0260406, 0.0261094, 0.0266388, 0.0273887, 0.00408426, 0.00408426, 0.00408426, 0.00408426, 0.00408426, 0.0047834, 0.00774005, 0.00787958, 0.00787958, 0.00787958, 0.00787958, 0.00801856, 0.0104582, 0.0108675, 0.0108675, 0.0108675, 0.0108675, 0.011106, 0.0131057, 0.0140481, 0.0140481, 0.0140481, 0.0140481, 0.0140481, 0.0164402, 0.0188322, 0.0188322, 0.0188322, 0.0188322, 0.0188322, 0.0259337, 0.0344554, 0.0344554, 0.0344554, 0.0344554, 0.0344554, 0.0344554, 0.0344554, 0.0344554, 0.0344554, 0.0344554, 0.0344554, 0.0344554, 0.0344554, 0.0344554, 0.0344554, 0.0344554, 0.0344554, 0.0344554, 0.0344554, 0.00456006, 0.00496403, 0.00551117, 0.00663783, 0.00914358, 0.0127007, 0.0160313, 0.0183282, 0.0200782, 0.0217848, 0.0232752, 0.0245098, 0.0260269, 0.0274489, 0.136797, 0.030451, 0.0310363, 0.031688, 0.0324939, 0.0334982
0.0028235, 0.00297307, 0.00329985, 0.00374465, 0.00423702, 0.00426367, 0.00410026, 0.00391751, 0.00380794, 0.00374198, 0.00370378, 0.00379375, 0.00407792, 0.00407486, 0.00444947, 0.00578117, 0.0066074, 0.00729775, 0.00799676, 0.00828258, 0.00839738, 0.00867918, 0.00899076, 0.00998815, 0.0123778, 0.0143635, 0.0144513, 0.0144636, 0.0144636, 0.0144636, 0.0144898, 0.014492, 0.0145594, 0.0145292, 0.014738, 0.016046, 0.0195088, 0.0238167, 0.0259415, 0.0265282, 0.0265722, 0.0265722, 0.0265877, 0.0265722, 0.0265889, 0.0265895, 0.0266687, 0.0267627, 0.027487, 0.0285129, 0.00417232, 0.00417232, 0.00417232, 0.00417232, 0.00417232, 0.00487195, 0.00783069, 0.00797032, 0.00797032, 0.00797032, 0.00797032, 0.00811514, 0.0106574, 0.0110839, 0.0110839, 0.0110839, 0.0110839, 0.0113229, 0.0133256, 0.0142694, 0.0142694, 0.0142694, 0.0142694, 0.0142694, 0.0168248, 0.0193802, 0.0193802, 0.0193802, 0.0193802, 0.0193802, 0.0270038, 0.0361521, 0.0361521, 0.0361521, 0.0361521, 0.0361521, 0.0361521, 0.0361521, 0.0361521, 0.0361521, 0.0361521, 0.0361521, 0.0361521, 0.0361521, 0.0361521, 0.0361521, 0.0361521, 0.0361521, 0.0361521, 0.0361521, 0.00463712, 0.0050518, 0.00561436, 0.00677273, 0.00935722, 0.0130322, 0.0164776, 0.0188586, 0.0206873, 0.0224713, 0.0240543, 0.0253977, 0.0270523, 0.0286076, 0.030451, 0.162435, 0.0326519, 0.0334556, 0.0344495, 0.0356755
0.00284524, 0.00298795, 0.00330803, 0.00375373, 0.00426107, 0.00429338, 0.0041304, 0.00393975, 0.00382327, 0.00374955, 0.00370273, 0.00379226, 0.00408746, 0.00406966, 0.00445197, 0.00584682, 0.00666249, 0.00731761, 0.00801805, 0.00830683, 0.00842136, 0.00870739, 0.00901014, 0.00994531, 0.0121845, 0.0140452, 0.0141275, 0.014139, 0.014139, 0.014139, 0.0141647, 0.0141668, 0.0142328, 0.0142033, 0.0144077, 0.0156887, 0.01908, 0.0232989, 0.0253798, 0.0259544, 0.0259975, 0.0259975, 0.0260196, 0.0259975, 0.0260213, 0.026022, 0.0261348, 0.0262687, 0.0272995, 0.0287597, 0.00422802, 0.00422802, 0.00422802, 0.00422802, 0.00422802, 0.00491447, 0.00781745, 0.00795445, 0.00795445, 0.00795445, 0.00795445, 0.00810065, 0.0106673, 0.0110979, 0.0110979, 0.0110979, 0.0110979, 0.0113269, 0.0132466, 0.0141513, 0.0141513, 0.0141513, 0.0141513, 0.0141513, 0.0167172, 0.0192832, 0.0192832, 0.0192832, 0.0192832, 0.0192832, 0.0275799, 0.0375359, 0.0375359, 0.0375359, 0.0375359, 0.0375359, 0.0375359, 0.0375359, 0.0375359, 0.0375359, 0.0375359, 0.0375359, 0.0375359, 0.0375359, 0.0375359, 0.0375359, 0.0375359, 0.0375359, 0.0375359, 0.0375359, 0.00465807, 0.00507464, 0.00563926, 0.0067982, 0.00939953, 0.0131063, 0.0165837, 0.0189863, 0.0208446, 0.0226582, 0.0242968, 0.0257209, 0.0274769, 0.0291046, 0.0310363, 0.0326519, 0.191767, 0.034583, 0.0358413, 0.0373776
0.00286722, 0.00300253, 0.00331565, 0.00376279, 0.00428685, 0.00432571, 0.00416356, 0.00396441, 0.00384039, 0.00375814, 0.00370212, 0.00379129, 0.0040985, 0.00406481, 0.00445612, 0.0059209, 0.00672434, 0.00733995, 0.00804226, 0.00833448, 0.00844876, 0.00873973, 0.0090326, 0.00989762, 0.0119672, 0.0136869, 0.013763, 0.0137736, 0.0137736, 0.0137736, 0.0137987, 0.0138008, 0.0138653, 0.0138364, 0.014036, 0.0152869, 0.0185988, 0.0227187, 0.0247508, 0.0253119, 0.025354, 0.025354, 0.0253835, 0.025354, 0.0253858, 0.0253868, 0.0255375, 0.0257164, 0.0270942, 0.0290458, 0.00428982, 0.00428982, 0.00428982, 0.00428982, 0.00428982, 0.00496189, 0.00780406, 0.00793819, 0.00793819, 0.00793819, 0.00793819, 0.00808591, 0.0106792, 0.0111142, 0.0111142, 0.0111142, 0.0111142, 0.0113322, 0.0131598, 0.0140211, 0.0140211, 0.0140211, 0.0140211, 0.0140211, 0.0166026, 0.0191841, 0.0191841, 0.0191841, 0.0191841, 0.0191841, 0.0282275, 0.0390796, 0.0390796, 0.0390796, 0.0390796, 0.0390796, 0.0390796, 0.0390796, 0.0390796, 0.0390796, 0.0390796, 0.0390796, 0.0390796, 0.0390796, 0.0390796, 0.0390796, 0.0390796, 0.0390796, 0.0390796, 0.0390796, 0.00468089, 0.00509981, 0.00566701, 0.00682686, 0.00944704, 0.0131892, 0.0167018, 0.0191282, 0.0210194, 0.0228658, 0.0245661, 0.0260801, 0.027949, 0.0296575, 0.031688, 0.0334556, 0.034583, 0.227111, 0.0373938, 0.0392767
0.00289535, 0.00302138, 0.00332586, 0.00377461, 0.00431898, 0.004366, 0.00420505, 0.00399525, 0.00386177, 0.00376892, 0.00370183, 0.0037907, 0.00411249, 0.00405922, 0.00446229, 0.00601484, 0.00680223, 0.00736718, 0.00807109, 0.0083674, 0.00848175, 0.00878009, 0.00906147, 0.00984043, 0.0117018, 0.0132485, 0.013317, 0.0133265, 0.0133265, 0.0133265, 0.0133508, 0.0133529, 0.0134155, 0.0133874, 0.0135813, 0.0147959, 0.0180117, 0.0220122, 0.0239853, 0.0245301, 0.024571, 0.024571, 0.0246096, 0.024571, 0.0246126, 0.0246139, 0.0248109, 0.0250449, 0.0268459, 0.0293973, 0.00437035, 0.00437035, 0.00437035, 0.00437035, 0.00437035, 0.00502299, 0.00778298, 0.00791323, 0.00791323, 0.00791323, 0.00791323, 0.00806332, 0.0106981, 0.0111401, 0.0111401, 0.0111401, 0.0111401, 0.0113447, 0.0130599, 0.0138683, 0.0138683, 0.0138683, 0.0138683, 0.0138683, 0.0164694, 0.0190706, 0.0190706, 0.0190706, 0.0190706, 0.0190706, 0.0290117, 0.040941, 0.040941, 0.040941, 0.040941, 0.040941, 0.040941, 0.040941, 0.040941, 0.040941, 0.040941, 0.040941, 0.040941, 0.040941, 0.040941, 0.040941, 0.040941, 0.040941, 0.040941, 0.040941, 0.00470968, 0.00513142, 0.00570179, 0.00686292, 0.00950694, 0.0132933, 0.0168496, 0.0193053, 0.0212371, 0.0231237, 0.0248997, 0.0265238, 0.0285314, 0.0303404, 0.0324939, 0.0344495, 0.0358413, 0.0373938, 0.270898, 0.0416221
0.00291771, 0.00303444, 0.00333103, 0.00378403, 0.00435411, 0.00441115, 0.00425188, 0.0040308, 0.00388721, 0.00378275, 0.00370267, 0.00379154, 0.00413153, 0.00405489, 0.0044707, 0.00612536, 0.00689688, 0.00740696, 0.00811533, 0.00841728, 0.00853142, 0.0088371, 0.00910483, 0.0097854, 0.0114088, 0.0127578, 0.0128175, 0.0128258, 0.0128258, 0.0128258, 0.0128493, 0.0128513, 0.0129118, 0.0128847, 0.0130721, 0.014246, 0.0173539, 0.0212202, 0.0231272, 0.0236537, 0.0236932, 0.0236932, 0.0237427, 0.0236932, 0.0237465, 0.0237482, 0.0240006, 0.0243003, 0.0266078, 0.0298764, 0.0044536, 0.0044536, 0.0044536, 0.0044536, 0.0044536, 0.005089, 0.00777611, 0.00790293, 0.00790293, 0.00790293, 0.00790293, 0.00805526, 0.0107294, 0.0111781, 0.0111781, 0.0111781, 0.0111781, 0.0113673, 0.0129531, 0.0137005, 0.0137005, 0.0137005, 0.0137005, 0.0137005, 0.0163306, 0.0189608, 0.0189608, 0.0189608, 0.0189608, 0.0189608, 0.0300149, 0.0432799, 0.0432799, 0.0432799, 0.0432799, 0.0432799, 0.0432799, 0.0432799, 0.0432799, 0.0432799, 0.0432799, 0.0432799, 0.0432799, 0.0432799, 0.0432799, 0.0432799, 0.0432799, 0.0432799, 0.0432799, 0.0432799, 0.00474282, 0.00516971, 0.00574616, 0.00691238, 0.00958962, 0.0134348, 0.0170499, 0.0195461, 0.0215301, 0.0234688, 0.025338, 0.0270953, 0.0292702, 0.0311986, 0.0334982, 0.0356755, 0.0373776, 0.0392767, 0.0416221, 0.321603
