0.000104526	0.000104526	0.2	6	329.074	0
0.000104526	0.000114203	0.2	6	329.064	0
0.000104526	0.000124775	0.2	6	329.053	0
0.000104526	0.000136326	0.2	6	329.042	0
0.000104526	0.000148946	0.2	6	329.03	0
0.000104526	0.000162735	0.2	6	329.016	0
0.000104526	0.0001778	0.2	6	329.001	0
0.000104526	0.00019426	0.2	6	328.985	0
0.000104526	0.000212243	0.2	6	328.968	0
0.000104526	0.000231891	0.2	6	328.949	0
0.000104526	0.000253358	0.2	6	328.928	0
0.000104526	0.000276813	0.2	6	328.906	0
0.000104526	0.000302439	0.2	6	328.881	0
0.000104526	0.000330437	0.2	6	328.855	0
0.000104526	0.000361027	0.2	6	328.826	0
0.000104526	0.000394448	0.2	6	328.795	0
0.000104526	0.000430964	0.2	6	328.762	0
0.000104526	0.00047086	0.2	6	328.725	0
0.000104526	0.00051445	0.2	6	328.686	0
0.000104526	0.000562075	0.2	6	328.644	0
0.000104526	0.000614108	0.2	6	328.598	0
0.000104526	0.000670959	0.2	6	328.549	0
0.000104526	0.000733073	0.2	6	328.496	0
0.000104526	0.000800936	0.2	6	328.439	0
0.000104526	0.000875083	0.2	6	328.379	0
0.000104526	0.000956093	0.2	6	328.314	0
0.000104526	0.0010446	0.2	6	328.245	0
0.000104526	0.00114131	0.2	6	328.172	0
0.000104526	0.00124696	0.2	6	328.095	0
0.000104526	0.0013624	0.2	6	328.013	0
0.000104526	0.00148852	0.2	6	327.928	0
0.000104526	0.00162632	0.2	6	327.839	0
0.000104526	0.00177687	0.2	6	327.747	0
0.000104526	0.00194137	0.2	6	327.653	0
0.000104526	0.00212109	0.2	6	327.557	0
0.000104526	0.00231745	0.2	6	327.461	0
0.000104526	0.00253198	0.2	6	327.367	0
0.000104526	0.00276638	0.2	6	327.277	0
0.000104526	0.00302248	0.2	6	327.194	0
0.000104526	0.00330228	0.2	6	327.12	0
0.000104526	0.00360798	0.2	6	327.061	0
0.000104526	0.00394199	0.2	6	327.021	0
0.000104526	0.00430692	0.2	6	327.008	0
0.000104526	0.00470563	0.2	6	327.03	0
0.000104526	0.00514125	0.2	6	327.096	0
0.000104526	0.0056172	0.2	6	327.22	0
0.000104526	0.0061372	0.2	6	327.415	0
0.000104526	0.00670535	0.2	6	327.7	0
0.000104526	0.0073261	0.2	6	328.097	0
0.000104526	0.0080043	0.2	6	328.633	0
0.000104526	0.0087453	0.2	6	329.339	0
0.000104526	0.00955489	0.2	6	330.254	0
0.000104526	0.0104394	0.2	6	331.425	0
0.000104526	0.0114058	0.2	6	332.907	0
0.000104526	0.0124617	0.2	6	334.766	0
0.000104526	0.0136154	0.2	6	337.083	0
0.000104526	0.0148758	0.2	6	339.953	0
0.000104526	0.0162529	0.2	6	343.488	0
0.000104526	0.0177575	0.2	6	347.825	0
0.000104526	0.0194014	0.2	6	353.122	0
0.000104526	0.0211975	0.2	6	359.572	0
0.000104526	0.0231598	0.2	6	367.399	0
0.000104526	0.0253038	0.2	6	376.87	0
0.000104526	0.0276463	0.2	6	388.301	0
0.000104526	0.0302057	0.2	6	402.061	0
0.000104526	0.0330019	0.2	6	418.588	0
0.000104526	0.0360571	0.2	6	438.392	0
0.000104526	0.039395	0.2	6	462.073	0
0.000104526	0.043042	0.2	6	490.326	0
0.000104526	0.0470266	0.2	6	523.965	0
0.000104526	0.05138	0.2	6	563.929	0
0.000104526	0.0561365	0.2	6	611.303	0
0.000104526	0.0613333	0.2	6	667.334	0
0.000104526	0.0670111	0.2	6	733.446	0
0.000104526	0.0732147	0.2	6	811.258	0
0.000104526	0.0799925	0.2	6	902.595	0
0.000104526	0.0873977	0.2	6	1009.5	0
0.000104526	0.0954885	0.2	6	1134.24	0
0.000104526	0.104328	0.2	6	1279.28	0
0.000104526	0.113986	0.2	6	1447.29	0
0.000104526	0.124539	0.2	6	1641.09	0
0.000104526	0.136068	0.2	6	1863.57	0
0.000104526	0.148664	0.2	6	2117.61	0
0.000104526	0.162426	0.2	6	2405.9	0
0.000104526	0.177463	0.2	6	2730.72	0
0.000104526	0.193892	0.2	6	3093.69	0
0.000104526	0.211841	0.2	6	3495.31	0
0.000104526	0.231452	0.2	6	3934.49	0
0.000104526	0.252878	0.2	6	4407.88	0
0.000104526	0.276288	0.2	6	4909.08	0
0.000104526	0.301866	0.2	6	5427.65	0
0.000104526	0.329811	0.2	6	5948	0
0.000104526	0.360343	0.2	6	6448.21	0
0.000104526	0.393701	0.2	6	6898.77	0
0.000104526	0.430148	0.2	6	7261.68	0
0.000104526	0.469968	0.2	6	7489.97	0
0.000104526	0.513475	0.2	6	7528.65	0
0.000104526	0.56101	0.2	6	7317.67	0
0.000104526	0.612945	0.2	6	6798.94	0
0.000104526	0.669688	0.2	6	5929.54	0
0.000114203	0.000104526	0.2	6	329.046	0
0.000114203	0.000114203	0.2	6	329.036	0
0.000114203	0.000124775	0.2	6	329.025	0
0.000114203	0.000136326	0.2	6	329.014	0
0.000114203	0.000148946	0.2	6	329.001	0
0.000114203	0.000162735	0.2	6	328.988	0
0.000114203	0.0001778	0.2	6	328.973	0
0.000114203	0.00019426	0.2	6	328.956	0
0.000114203	0.000212243	0.2	6	328.939	0
0.000114203	0.000231891	0.2	6	328.919	0
0.000114203	0.000253358	0.2	6	328.898	0
0.000114203	0.000276813	0.2	6	328.876	0
0.000114203	0.000302439	0.2	6	328.851	0
0.000114203	0.000330437	0.2	6	328.824	0
0.000114203	0.000361027	0.2	6	328.795	0
0.000114203	0.000394448	0.2	6	328.764	0
0.000114203	0.000430964	0.2	6	328.73	0
0.000114203	0.00047086	0.2	6	328.693	0
0.000114203	0.00051445	0.2	6	328.653	0
0.000114203	0.000562075	0.2	6	328.61	0
0.000114203	0.000614108	0.2	6	328.564	0
0.000114203	0.000670959	0.2	6	328.514	0
0.000114203	0.000733073	0.2	6	328.46	0
0.000114203	0.000800936	0.2	6	328.402	0
0.000114203	0.000875083	0.2	6	328.341	0
0.000114203	0.000956093	0.2	6	328.275	0
0.000114203	0.0010446	0.2	6	328.205	0
0.000114203	0.00114131	0.2	6	328.131	0
0.000114203	0.00124696	0.2	6	328.052	0
0.000114203	0.0013624	0.2	6	327.969	0
0.000114203	0.00148852	0.2	6	327.882	0
0.000114203	0.00162632	0.2	6	327.791	0
0.000114203	0.00177687	0.2	6	327.697	0
0.000114203	0.00194137	0.2	6	327.601	0
0.000114203	0.00212109	0.2	6	327.503	0
0.000114203	0.00231745	0.2	6	327.404	0
0.000114203	0.00253198	0.2	6	327.307	0
0.000114203	0.00276638	0.2	6	327.214	0
0.000114203	0.00302248	0.2	6	327.127	0
0.000114203	0.00330228	0.2	6	327.05	0
0.000114203	0.00360798	0.2	6	326.986	0
0.000114203	0.00394199	0.2	6	326.942	0
0.000114203	0.00430692	0.2	6	326.925	0
0.000114203	0.00470563	0.2	6	326.941	0
0.000114203	0.00514125	0.2	6	327.001	0
0.000114203	0.0056172	0.2	6	327.118	0
0.000114203	0.0061372	0.2	6	327.306	0
0.000114203	0.00670535	0.2	6	327.583	0
0.000114203	0.0073261	0.2	6	327.972	0
0.000114203	0.0080043	0.2	6	328.498	0
0.000114203	0.0087453	0.2	6	329.194	0
0.000114203	0.00955489	0.2	6	330.099	0
0.000114203	0.0104394	0.2	6	331.257	0
0.000114203	0.0114058	0.2	6	332.726	0
0.000114203	0.0124617	0.2	6	334.571	0
0.000114203	0.0136154	0.2	6	336.872	0
0.000114203	0.0148758	0.2	6	339.724	0
0.000114203	0.0162529	0.2	6	343.24	0
0.000114203	0.0177575	0.2	6	347.555	0
0.000114203	0.0194014	0.2	6	352.829	0
0.000114203	0.0211975	0.2	6	359.253	0
0.000114203	0.0231598	0.2	6	367.052	0
0.000114203	0.0253038	0.2	6	376.492	0
0.000114203	0.0276463	0.2	6	387.889	0
0.000114203	0.0302057	0.2	6	401.612	0
0.000114203	0.0330019	0.2	6	418.097	0
0.000114203	0.0360571	0.2	6	437.856	0
0.000114203	0.039395	0.2	6	461.486	0
0.000114203	0.043042	0.2	6	489.684	0
0.000114203	0.0470266	0.2	6	523.262	0
0.000114203	0.05138	0.2	6	563.158	0
0.000114203	0.0561365	0.2	6	610.457	0
0.000114203	0.0613333	0.2	6	666.405	0
0.000114203	0.0670111	0.2	6	732.425	0
0.000114203	0.0732147	0.2	6	810.135	0
0.000114203	0.0799925	0.2	6	901.36	0
0.000114203	0.0873977	0.2	6	1008.14	0
0.000114203	0.0954885	0.2	6	1132.74	0
0.000114203	0.104328	0.2	6	1277.62	0
0.000114203	0.113986	0.2	6	1445.46	0
0.000114203	0.124539	0.2	6	1639.07	0
0.000114203	0.136068	0.2	6	1861.34	0
0.000114203	0.148664	0.2	6	2115.15	0
0.000114203	0.162426	0.2	6	2403.17	0
0.000114203	0.177463	0.2	6	2727.7	0
0.000114203	0.193892	0.2	6	3090.35	0
0.000114203	0.211841	0.2	6	3491.61	0
0.000114203	0.231452	0.2	6	3930.39	0
0.000114203	0.252878	0.2	6	4403.34	0
0.000114203	0.276288	0.2	6	4904.06	0
0.000114203	0.301866	0.2	6	5422.1	0
0.000114203	0.329811	0.2	6	5941.88	0
0.000114203	0.360343	0.2	6	6441.46	0
0.000114203	0.393701	0.2	6	6891.37	0
0.000114203	0.430148	0.2	6	7253.56	0
0.000114203	0.469968	0.2	6	7481.13	0
0.000114203	0.513475	0.2	6	7519.06	0
0.000114203	0.56101	0.2	6	7307.37	0
0.000114203	0.612945	0.2	6	6787.97	0
0.000114203	0.669688	0.2	6	5918.01	0
0.000124775	0.000104526	0.2	6	329.015	0
0.000124775	0.000114203	0.2	6	329.006	0
0.000124775	0.000124775	0.2	6	328.995	0
0.000124775	0.000136326	0.2	6	328.983	0
0.000124775	0.000148946	0.2	6	328.97	0
0.000124775	0.000162735	0.2	6	328.956	0
0.000124775	0.0001778	0.2	6	328.941	0
0.000124775	0.00019426	0.2	6	328.925	0
0.000124775	0.000212243	0.2	6	328.907	0
0.000124775	0.000231891	0.2	6	328.887	0
0.000124775	0.000253358	0.2	6	328.866	0
0.000124775	0.000276813	0.2	6	328.843	0
0.000124775	0.000302439	0.2	6	328.818	0
0.000124775	0.000330437	0.2	6	328.791	0
0.000124775	0.000361027	0.2	6	328.761	0
0.000124775	0.000394448	0.2	6	328.729	0
0.000124775	0.000430964	0.2	6	328.695	0
0.000124775	0.00047086	0.2	6	328.657	0
0.000124775	0.00051445	0.2	6	328.617	0
0.000124775	0.000562075	0.2	6	328.573	0
0.000124775	0.000614108	0.2	6	328.526	0
0.000124775	0.000670959	0.2	6	328.475	0
0.000124775	0.000733073	0.2	6	328.421	0
0.000124775	0.000800936	0.2	6	328.362	0
0.000124775	0.000875083	0.2	6	328.299	0
0.000124775	0.000956093	0.2	6	328.232	0
0.000124775	0.0010446	0.2	6	328.161	0
0.000124775	0.00114131	0.2	6	328.085	0
0.000124775	0.00124696	0.2	6	328.005	0
0.000124775	0.0013624	0.2	6	327.92	0
0.000124775	0.00148852	0.2	6	327.831	0
0.000124775	0.00162632	0.2	6	327.738	0
0.000124775	0.00177687	0.2	6	327.642	0
0.000124775	0.00194137	0.2	6	327.543	0
0.000124775	0.00212109	0.2	6	327.443	0
0.000124775	0.00231745	0.2	6	327.342	0
0.000124775	0.00253198	0.2	6	327.242	0
0.000124775	0.00276638	0.2	6	327.145	0
0.000124775	0.00302248	0.2	6	327.054	0
0.000124775	0.00330228	0.2	6	326.973	0
0.000124775	0.00360798	0.2	6	326.905	0
0.000124775	0.00394199	0.2	6	326.856	0
0.000124775	0.00430692	0.2	6	326.833	0
0.000124775	0.00470563	0.2	6	326.843	0
0.000124775	0.00514125	0.2	6	326.897	0
0.000124775	0.0056172	0.2	6	327.007	0
0.000124775	0.0061372	0.2	6	327.187	0
0.000124775	0.00670535	0.2	6	327.456	0
0.000124775	0.0073261	0.2	6	327.836	0
0.000124775	0.0080043	0.2	6	328.352	0
0.000124775	0.0087453	0.2	6	329.037	0
0.000124775	0.00955489	0.2	6	329.929	0
0.000124775	0.0104394	0.2	6	331.074	0
0.000124775	0.0114058	0.2	6	332.528	0
0.000124775	0.0124617	0.2	6	334.357	0
0.000124775	0.0136154	0.2	6	336.641	0
0.000124775	0.0148758	0.2	6	339.473	0
0.000124775	0.0162529	0.2	6	342.968	0
0.000124775	0.0177575	0.2	6	347.26	0
0.000124775	0.0194014	0.2	6	352.509	0
0.000124775	0.0211975	0.2	6	358.905	0
0.000124775	0.0231598	0.2	6	366.673	0
0.000124775	0.0253038	0.2	6	376.08	0
0.000124775	0.0276463	0.2	6	387.439	0
0.000124775	0.0302057	0.2	6	401.121	0
0.000124775	0.0330019	0.2	6	417.561	0
0.000124775	0.0360571	0.2	6	437.27	0
0.000124775	0.039395	0.2	6	460.845	0
0.000124775	0.043042	0.2	6	488.983	0
0.000124775	0.0470266	0.2	6	522.494	0
0.000124775	0.05138	0.2	6	562.316	0
0.000124775	0.0561365	0.2	6	609.534	0
0.000124775	0.0613333	0.2	6	665.391	0
0.000124775	0.0670111	0.2	6	731.311	0
0.000124775	0.0732147	0.2	6	808.91	0
0.000124775	0.0799925	0.2	6	900.012	0
0.000124775	0.0873977	0.2	6	1006.66	0
0.000124775	0.0954885	0.2	6	1131.1	0
0.000124775	0.104328	0.2	6	1275.82	0
0.000124775	0.113986	0.2	6	1443.47	0
0.000124775	0.124539	0.2	6	1636.88	0
0.000124775	0.136068	0.2	6	1858.92	0
0.000124775	0.148664	0.2	6	2112.46	0
0.000124775	0.162426	0.2	6	2400.2	0
0.000124775	0.177463	0.2	6	2724.42	0
0.000124775	0.193892	0.2	6	3086.71	0
0.000124775	0.211841	0.2	6	3487.58	0
0.000124775	0.231452	0.2	6	3925.93	0
0.000124775	0.252878	0.2	6	4398.41	0
0.000124775	0.276288	0.2	6	4898.61	0
0.000124775	0.301866	0.2	6	5416.07	0
0.000124775	0.329811	0.2	6	5935.23	0
0.000124775	0.360343	0.2	6	6434.15	0
0.000124775	0.393701	0.2	6	6883.33	0
0.000124775	0.430148	0.2	6	7244.77	0
0.000124775	0.469968	0.2	6	7471.55	0
0.000124775	0.513475	0.2	6	7508.69	0
0.000124775	0.56101	0.2	6	7296.23	0
0.000124775	0.612945	0.2	6	6776.13	0
0.000124775	0.669688	0.2	6	5905.6	0
0.000136326	0.000104526	0.2	6	328.982	0
0.000136326	0.000114203	0.2	6	328.972	0
0.000136326	0.000124775	0.2	6	328.961	0
0.000136326	0.000136326	0.2	6	328.949	0
0.000136326	0.000148946	0.2	6	328.936	0
0.000136326	0.000162735	0.2	6	328.922	0
0.000136326	0.0001778	0.2	6	328.907	0
0.000136326	0.00019426	0.2	6	328.89	0
0.000136326	0.000212243	0.2	6	328.872	0
0.000136326	0.000231891	0.2	6	328.852	0
0.000136326	0.000253358	0.2	6	328.831	0
0.000136326	0.000276813	0.2	6	328.807	0
0.000136326	0.000302439	0.2	6	328.782	0
0.000136326	0.000330437	0.2	6	328.754	0
0.000136326	0.000361027	0.2	6	328.724	0
0.000136326	0.000394448	0.2	6	328.692	0
0.000136326	0.000430964	0.2	6	328.656	0
0.000136326	0.00047086	0.2	6	328.618	0
0.000136326	0.00051445	0.2	6	328.577	0
0.000136326	0.000562075	0.2	6	328.533	0
0.000136326	0.000614108	0.2	6	328.485	0
0.000136326	0.000670959	0.2	6	328.433	0
0.000136326	0.000733073	0.2	6	328.377	0
0.000136326	0.000800936	0.2	6	328.318	0
0.000136326	0.000875083	0.2	6	328.254	0
0.000136326	0.000956093	0.2	6	328.186	0
0.000136326	0.0010446	0.2	6	328.113	0
0.000136326	0.00114131	0.2	6	328.036	0
0.000136326	0.00124696	0.2	6	327.954	0
0.000136326	0.0013624	0.2	6	327.867	0
0.000136326	0.00148852	0.2	6	327.776	0
0.000136326	0.00162632	0.2	6	327.681	0
0.000136326	0.00177687	0.2	6	327.583	0
0.000136326	0.00194137	0.2	6	327.481	0
0.000136326	0.00212109	0.2	6	327.378	0
0.000136326	0.00231745	0.2	6	327.273	0
0.000136326	0.00253198	0.2	6	327.17	0
0.000136326	0.00276638	0.2	6	327.069	0
0.000136326	0.00302248	0.2	6	326.975	0
0.000136326	0.00330228	0.2	6	326.889	0
0.000136326	0.00360798	0.2	6	326.816	0
0.000136326	0.00394199	0.2	6	326.762	0
0.000136326	0.00430692	0.2	6	326.733	0
0.000136326	0.00470563	0.2	6	326.737	0
0.000136326	0.00514125	0.2	6	326.783	0
0.000136326	0.0056172	0.2	6	326.886	0
0.000136326	0.0061372	0.2	6	327.057	0
0.000136326	0.00670535	0.2	6	327.317	0
0.000136326	0.0073261	0.2	6	327.687	0
0.000136326	0.0080043	0.2	6	328.192	0
0.000136326	0.0087453	0.2	6	328.865	0
0.000136326	0.00955489	0.2	6	329.743	0
0.000136326	0.0104394	0.2	6	330.874	0
0.000136326	0.0114058	0.2	6	332.312	0
0.000136326	0.0124617	0.2	6	334.124	0
0.000136326	0.0136154	0.2	6	336.388	0
0.000136326	0.0148758	0.2	6	339.2	0
0.000136326	0.0162529	0.2	6	342.672	0
0.000136326	0.0177575	0.2	6	346.938	0
0.000136326	0.0194014	0.2	6	352.16	0
0.000136326	0.0211975	0.2	6	358.525	0
0.000136326	0.0231598	0.2	6	366.26	0
0.000136326	0.0253038	0.2	6	375.629	0
0.000136326	0.0276463	0.2	6	386.948	0
0.000136326	0.0302057	0.2	6	400.585	0
0.000136326	0.0330019	0.2	6	416.976	0
0.000136326	0.0360571	0.2	6	436.631	0
0.000136326	0.039395	0.2	6	460.146	0
0.000136326	0.043042	0.2	6	488.218	0
0.000136326	0.0470266	0.2	6	521.656	0
0.000136326	0.05138	0.2	6	561.398	0
0.000136326	0.0561365	0.2	6	608.526	0
0.000136326	0.0613333	0.2	6	664.285	0
0.000136326	0.0670111	0.2	6	730.096	0
0.000136326	0.0732147	0.2	6	807.575	0
0.000136326	0.0799925	0.2	6	898.543	0
0.000136326	0.0873977	0.2	6	1005.04	0
0.000136326	0.0954885	0.2	6	1129.32	0
0.000136326	0.104328	0.2	6	1273.86	0
0.000136326	0.113986	0.2	6	1441.31	0
0.000136326	0.124539	0.2	6	1634.48	0
0.000136326	0.136068	0.2	6	1856.27	0
0.000136326	0.148664	0.2	6	2109.54	0
0.000136326	0.162426	0.2	6	2396.97	0
0.000136326	0.177463	0.2	6	2720.84	0
0.000136326	0.193892	0.2	6	3082.75	0
0.000136326	0.211841	0.2	6	3483.2	0
0.000136326	0.231452	0.2	6	3921.09	0
0.000136326	0.252878	0.2	6	4393.05	0
0.000136326	0.276288	0.2	6	4892.68	0
0.000136326	0.301866	0.2	6	5409.53	0
0.000136326	0.329811	0.2	6	5928.02	0
0.000136326	0.360343	0.2	6	6426.21	0
0.000136326	0.393701	0.2	6	6874.62	0
0.000136326	0.430148	0.2	6	7235.25	0
0.000136326	0.469968	0.2	6	7461.19	0
0.000136326	0.513475	0.2	6	7497.48	0
0.000136326	0.56101	0.2	6	7284.2	0
0.000136326	0.612945	0.2	6	6763.36	0
0.000136326	0.669688	0.2	6	5892.23	0
0.000148946	0.000104526	0.2	6	328.946	0
0.000148946	0.000114203	0.2	6	328.936	0
0.000148946	0.000124775	0.2	6	328.925	0
0.000148946	0.000136326	0.2	6	328.913	0
0.000148946	0.000148946	0.2	6	328.9	0
0.000148946	0.000162735	0.2	6	328.885	0
0.000148946	0.0001778	0.2	6	328.869	0
0.000148946	0.00019426	0.2	6	328.852	0
0.000148946	0.000212243	0.2	6	328.834	0
0.000148946	0.000231891	0.2	6	328.814	0
0.000148946	0.000253358	0.2	6	328.792	0
0.000148946	0.000276813	0.2	6	328.768	0
0.000148946	0.000302439	0.2	6	328.742	0
0.000148946	0.000330437	0.2	6	328.714	0
0.000148946	0.000361027	0.2	6	328.683	0
0.000148946	0.000394448	0.2	6	328.65	0
0.000148946	0.000430964	0.2	6	328.615	0
0.000148946	0.00047086	0.2	6	328.576	0
0.000148946	0.00051445	0.2	6	328.534	0
0.000148946	0.000562075	0.2	6	328.489	0
0.000148946	0.000614108	0.2	6	328.44	0
0.000148946	0.000670959	0.2	6	328.387	0
0.000148946	0.000733073	0.2	6	328.33	0
0.000148946	0.000800936	0.2	6	328.27	0
0.000148946	0.000875083	0.2	6	328.204	0
0.000148946	0.000956093	0.2	6	328.135	0
0.000148946	0.0010446	0.2	6	328.06	0
0.000148946	0.00114131	0.2	6	327.981	0
0.000148946	0.00124696	0.2	6	327.898	0
0.000148946	0.0013624	0.2	6	327.809	0
0.000148946	0.00148852	0.2	6	327.716	0
0.000148946	0.00162632	0.2	6	327.619	0
0.000148946	0.00177687	0.2	6	327.517	0
0.000148946	0.00194137	0.2	6	327.413	0
0.000148946	0.00212109	0.2	6	327.306	0
0.000148946	0.00231745	0.2	6	327.199	0
0.000148946	0.00253198	0.2	6	327.092	0
0.000148946	0.00276638	0.2	6	326.987	0
0.000148946	0.00302248	0.2	6	326.888	0
0.000148946	0.00330228	0.2	6	326.797	0
0.000148946	0.00360798	0.2	6	326.719	0
0.000148946	0.00394199	0.2	6	326.659	0
0.000148946	0.00430692	0.2	6	326.623	0
0.000148946	0.00470563	0.2	6	326.62	0
0.000148946	0.00514125	0.2	6	326.659	0
0.000148946	0.0056172	0.2	6	326.753	0
0.000148946	0.0061372	0.2	6	326.916	0
0.000148946	0.00670535	0.2	6	327.165	0
0.000148946	0.0073261	0.2	6	327.524	0
0.000148946	0.0080043	0.2	6	328.017	0
0.000148946	0.0087453	0.2	6	328.677	0
0.000148946	0.00955489	0.2	6	329.541	0
0.000148946	0.0104394	0.2	6	330.656	0
0.000148946	0.0114058	0.2	6	332.077	0
0.000148946	0.0124617	0.2	6	333.869	0
0.000148946	0.0136154	0.2	6	336.112	0
0.000148946	0.0148758	0.2	6	338.901	0
0.000148946	0.0162529	0.2	6	342.348	0
0.000148946	0.0177575	0.2	6	346.587	0
0.000148946	0.0194014	0.2	6	351.778	0
0.000148946	0.0211975	0.2	6	358.11	0
0.000148946	0.0231598	0.2	6	365.808	0
0.000148946	0.0253038	0.2	6	375.138	0
0.000148946	0.0276463	0.2	6	386.412	0
0.000148946	0.0302057	0.2	6	400.001	0
0.000148946	0.0330019	0.2	6	416.338	0
0.000148946	0.0360571	0.2	6	435.934	0
0.000148946	0.039395	0.2	6	459.384	0
0.000148946	0.043042	0.2	6	487.383	0
0.000148946	0.0470266	0.2	6	520.742	0
0.000148946	0.05138	0.2	6	560.396	0
0.000148946	0.0561365	0.2	6	607.427	0
0.000148946	0.0613333	0.2	6	663.079	0
0.000148946	0.0670111	0.2	6	728.772	0
0.000148946	0.0732147	0.2	6	806.119	0
0.000148946	0.0799925	0.2	6	896.941	0
0.000148946	0.0873977	0.2	6	1003.28	0
0.000148946	0.0954885	0.2	6	1127.38	0
0.000148946	0.104328	0.2	6	1271.71	0
0.000148946	0.113986	0.2	6	1438.94	0
0.000148946	0.124539	0.2	6	1631.87	0
0.000148946	0.136068	0.2	6	1853.39	0
0.000148946	0.148664	0.2	6	2106.36	0
0.000148946	0.162426	0.2	6	2393.45	0
0.000148946	0.177463	0.2	6	2716.95	0
0.000148946	0.193892	0.2	6	3078.45	0
0.000148946	0.211841	0.2	6	3478.44	0
0.000148946	0.231452	0.2	6	3915.82	0
0.000148946	0.252878	0.2	6	4387.23	0
0.000148946	0.276288	0.2	6	4886.25	0
0.000148946	0.301866	0.2	6	5402.44	0
0.000148946	0.329811	0.2	6	5920.2	0
0.000148946	0.360343	0.2	6	6417.61	0
0.000148946	0.393701	0.2	6	6865.19	0
0.000148946	0.430148	0.2	6	7224.95	0
0.000148946	0.469968	0.2	6	7449.99	0
0.000148946	0.513475	0.2	6	7485.38	0
0.000148946	0.56101	0.2	6	7271.23	0
0.000148946	0.612945	0.2	6	6749.61	0
0.000148946	0.669688	0.2	6	5877.88	0
0.000162735	0.000104526	0.2	6	328.907	0
0.000162735	0.000114203	0.2	6	328.896	0
0.000162735	0.000124775	0.2	6	328.885	0
0.000162735	0.000136326	0.2	6	328.873	0
0.000162735	0.000148946	0.2	6	328.859	0
0.000162735	0.000162735	0.2	6	328.845	0
0.000162735	0.0001778	0.2	6	328.829	0
0.000162735	0.00019426	0.2	6	328.811	0
0.000162735	0.000212243	0.2	6	328.792	0
0.000162735	0.000231891	0.2	6	328.772	0
0.000162735	0.000253358	0.2	6	328.749	0
0.000162735	0.000276813	0.2	6	328.725	0
0.000162735	0.000302439	0.2	6	328.699	0
0.000162735	0.000330437	0.2	6	328.67	0
0.000162735	0.000361027	0.2	6	328.639	0
0.000162735	0.000394448	0.2	6	328.605	0
0.000162735	0.000430964	0.2	6	328.569	0
0.000162735	0.00047086	0.2	6	328.529	0
0.000162735	0.00051445	0.2	6	328.487	0
0.000162735	0.000562075	0.2	6	328.44	0
0.000162735	0.000614108	0.2	6	328.391	0
0.000162735	0.000670959	0.2	6	328.337	0
0.000162735	0.000733073	0.2	6	328.279	0
0.000162735	0.000800936	0.2	6	328.217	0
0.000162735	0.000875083	0.2	6	328.15	0
0.000162735	0.000956093	0.2	6	328.079	0
0.000162735	0.0010446	0.2	6	328.003	0
0.000162735	0.00114131	0.2	6	327.922	0
0.000162735	0.00124696	0.2	6	327.836	0
0.000162735	0.0013624	0.2	6	327.746	0
0.000162735	0.00148852	0.2	6	327.65	0
0.000162735	0.00162632	0.2	6	327.55	0
0.000162735	0.00177687	0.2	6	327.446	0
0.000162735	0.00194137	0.2	6	327.339	0
0.000162735	0.00212109	0.2	6	327.229	0
0.000162735	0.00231745	0.2	6	327.117	0
0.000162735	0.00253198	0.2	6	327.006	0
0.000162735	0.00276638	0.2	6	326.897	0
0.000162735	0.00302248	0.2	6	326.793	0
0.000162735	0.00330228	0.2	6	326.696	0
0.000162735	0.00360798	0.2	6	326.613	0
0.000162735	0.00394199	0.2	6	326.546	0
0.000162735	0.00430692	0.2	6	326.504	0
0.000162735	0.00470563	0.2	6	326.493	0
0.000162735	0.00514125	0.2	6	326.524	0
0.000162735	0.0056172	0.2	6	326.608	0
0.000162735	0.0061372	0.2	6	326.761	0
0.000162735	0.00670535	0.2	6	327	0
0.000162735	0.0073261	0.2	6	327.346	0
0.000162735	0.0080043	0.2	6	327.826	0
0.000162735	0.0087453	0.2	6	328.471	0
0.000162735	0.00955489	0.2	6	329.32	0
0.000162735	0.0104394	0.2	6	330.417	0
0.000162735	0.0114058	0.2	6	331.819	0
0.000162735	0.0124617	0.2	6	333.591	0
0.000162735	0.0136154	0.2	6	335.811	0
0.000162735	0.0148758	0.2	6	338.575	0
0.000162735	0.0162529	0.2	6	341.994	0
0.000162735	0.0177575	0.2	6	346.203	0
0.000162735	0.0194014	0.2	6	351.361	0
0.000162735	0.0211975	0.2	6	357.657	0
0.000162735	0.0231598	0.2	6	365.315	0
0.000162735	0.0253038	0.2	6	374.601	0
0.000162735	0.0276463	0.2	6	385.827	0
0.000162735	0.0302057	0.2	6	399.362	0
0.000162735	0.0330019	0.2	6	415.641	0
0.000162735	0.0360571	0.2	6	435.172	0
0.000162735	0.039395	0.2	6	458.551	0
0.000162735	0.043042	0.2	6	486.473	0
0.000162735	0.0470266	0.2	6	519.745	0
0.000162735	0.05138	0.2	6	559.303	0
0.000162735	0.0561365	0.2	6	606.229	0
0.000162735	0.0613333	0.2	6	661.764	0
0.000162735	0.0670111	0.2	6	727.327	0
0.000162735	0.0732147	0.2	6	804.531	0
0.000162735	0.0799925	0.2	6	895.195	0
0.000162735	0.0873977	0.2	6	1001.35	0
0.000162735	0.0954885	0.2	6	1125.26	0
0.000162735	0.104328	0.2	6	1269.38	0
0.000162735	0.113986	0.2	6	1436.37	0
0.000162735	0.124539	0.2	6	1629.04	0
0.000162735	0.136068	0.2	6	1850.26	0
0.000162735	0.148664	0.2	6	2102.89	0
0.000162735	0.162426	0.2	6	2389.62	0
0.000162735	0.177463	0.2	6	2712.72	0
0.000162735	0.193892	0.2	6	3073.77	0
0.000162735	0.211841	0.2	6	3473.27	0
0.000162735	0.231452	0.2	6	3910.11	0
0.000162735	0.252878	0.2	6	4380.92	0
0.000162735	0.276288	0.2	6	4879.28	0
0.000162735	0.301866	0.2	6	5394.74	0
0.000162735	0.329811	0.2	6	5911.73	0
0.000162735	0.360343	0.2	6	6408.3	0
0.000162735	0.393701	0.2	6	6854.99	0
0.000162735	0.430148	0.2	6	7213.81	0
0.000162735	0.469968	0.2	6	7437.89	0
0.000162735	0.513475	0.2	6	7472.33	0
0.000162735	0.56101	0.2	6	7257.26	0
0.000162735	0.612945	0.2	6	6734.84	0
0.000162735	0.669688	0.2	6	5862.49	0
0.0001778	0.000104526	0.2	6	328.864	0
0.0001778	0.000114203	0.2	6	328.853	0
0.0001778	0.000124775	0.2	6	328.841	0
0.0001778	0.000136326	0.2	6	328.829	0
0.0001778	0.000148946	0.2	6	328.815	0
0.0001778	0.000162735	0.2	6	328.8	0
0.0001778	0.0001778	0.2	6	328.784	0
0.0001778	0.00019426	0.2	6	328.766	0
0.0001778	0.000212243	0.2	6	328.747	0
0.0001778	0.000231891	0.2	6	328.726	0
0.0001778	0.000253358	0.2	6	328.703	0
0.0001778	0.000276813	0.2	6	328.678	0
0.0001778	0.000302439	0.2	6	328.652	0
0.0001778	0.000330437	0.2	6	328.622	0
0.0001778	0.000361027	0.2	6	328.591	0
0.0001778	0.000394448	0.2	6	328.556	0
0.0001778	0.000430964	0.2	6	328.519	0
0.0001778	0.00047086	0.2	6	328.479	0
0.0001778	0.00051445	0.2	6	328.435	0
0.0001778	0.000562075	0.2	6	328.388	0
0.0001778	0.000614108	0.2	6	328.337	0
0.0001778	0.000670959	0.2	6	328.282	0
0.0001778	0.000733073	0.2	6	328.223	0
0.0001778	0.000800936	0.2	6	328.159	0
0.0001778	0.000875083	0.2	6	328.091	0
0.0001778	0.000956093	0.2	6	328.018	0
0.0001778	0.0010446	0.2	6	327.941	0
0.0001778	0.00114131	0.2	6	327.858	0
0.0001778	0.00124696	0.2	6	327.77	0
0.0001778	0.0013624	0.2	6	327.677	0
0.0001778	0.00148852	0.2	6	327.578	0
0.0001778	0.00162632	0.2	6	327.476	0
0.0001778	0.00177687	0.2	6	327.368	0
0.0001778	0.00194137	0.2	6	327.258	0
0.0001778	0.00212109	0.2	6	327.144	0
0.0001778	0.00231745	0.2	6	327.028	0
0.0001778	0.00253198	0.2	6	326.912	0
0.0001778	0.00276638	0.2	6	326.798	0
0.0001778	0.00302248	0.2	6	326.689	0
0.0001778	0.00330228	0.2	6	326.587	0
0.0001778	0.00360798	0.2	6	326.497	0
0.0001778	0.00394199	0.2	6	326.423	0
0.0001778	0.00430692	0.2	6	326.373	0
0.0001778	0.00470563	0.2	6	326.354	0
0.0001778	0.00514125	0.2	6	326.376	0
0.0001778	0.0056172	0.2	6	326.45	0
0.0001778	0.0061372	0.2	6	326.592	0
0.0001778	0.00670535	0.2	6	326.819	0
0.0001778	0.0073261	0.2	6	327.152	0
0.0001778	0.0080043	0.2	6	327.617	0
0.0001778	0.0087453	0.2	6	328.247	0
0.0001778	0.00955489	0.2	6	329.078	0
0.0001778	0.0104394	0.2	6	330.157	0
0.0001778	0.0114058	0.2	6	331.538	0
0.0001778	0.0124617	0.2	6	333.287	0
0.0001778	0.0136154	0.2	6	335.483	0
0.0001778	0.0148758	0.2	6	338.219	0
0.0001778	0.0162529	0.2	6	341.608	0
0.0001778	0.0177575	0.2	6	345.784	0
0.0001778	0.0194014	0.2	6	350.906	0
0.0001778	0.0211975	0.2	6	357.162	0
0.0001778	0.0231598	0.2	6	364.777	0
0.0001778	0.0253038	0.2	6	374.014	0
0.0001778	0.0276463	0.2	6	385.188	0
0.0001778	0.0302057	0.2	6	398.665	0
0.0001778	0.0330019	0.2	6	414.88	0
0.0001778	0.0360571	0.2	6	434.341	0
0.0001778	0.039395	0.2	6	457.643	0
0.0001778	0.043042	0.2	6	485.479	0
0.0001778	0.0470266	0.2	6	518.657	0
0.0001778	0.05138	0.2	6	558.111	0
0.0001778	0.0561365	0.2	6	604.922	0
0.0001778	0.0613333	0.2	6	660.33	0
0.0001778	0.0670111	0.2	6	725.753	0
0.0001778	0.0732147	0.2	6	802.801	0
0.0001778	0.0799925	0.2	6	893.293	0
0.0001778	0.0873977	0.2	6	999.26	0
0.0001778	0.0954885	0.2	6	1122.96	0
0.0001778	0.104328	0.2	6	1266.84	0
0.0001778	0.113986	0.2	6	1433.57	0
0.0001778	0.124539	0.2	6	1625.95	0
0.0001778	0.136068	0.2	6	1846.85	0
0.0001778	0.148664	0.2	6	2099.13	0
0.0001778	0.162426	0.2	6	2385.46	0
0.0001778	0.177463	0.2	6	2708.12	0
0.0001778	0.193892	0.2	6	3068.69	0
0.0001778	0.211841	0.2	6	3467.65	0
0.0001778	0.231452	0.2	6	3903.9	0
0.0001778	0.252878	0.2	6	4374.06	0
0.0001778	0.276288	0.2	6	4871.72	0
0.0001778	0.301866	0.2	6	5386.41	0
0.0001778	0.329811	0.2	6	5902.56	0
0.0001778	0.360343	0.2	6	6398.23	0
0.0001778	0.393701	0.2	6	6843.97	0
0.0001778	0.430148	0.2	6	7201.79	0
0.0001778	0.469968	0.2	6	7424.85	0
0.0001778	0.513475	0.2	6	7458.27	0
0.0001778	0.56101	0.2	6	7242.25	0
0.0001778	0.612945	0.2	6	6718.99	0
0.0001778	0.669688	0.2	6	5846.02	0
0.00019426	0.000104526	0.2	6	328.816	0
0.00019426	0.000114203	0.2	6	328.806	0
0.00019426	0.000124775	0.2	6	328.794	0
0.00019426	0.000136326	0.2	6	328.781	0
0.00019426	0.000148946	0.2	6	328.767	0
0.00019426	0.000162735	0.2	6	328.752	0
0.00019426	0.0001778	0.2	6	328.735	0
0.00019426	0.00019426	0.2	6	328.717	0
0.00019426	0.000212243	0.2	6	328.697	0
0.00019426	0.000231891	0.2	6	328.676	0
0.00019426	0.000253358	0.2	6	328.653	0
0.00019426	0.000276813	0.2	6	328.627	0
0.00019426	0.000302439	0.2	6	328.6	0
0.00019426	0.000330437	0.2	6	328.57	0
0.00019426	0.000361027	0.2	6	328.538	0
0.00019426	0.000394448	0.2	6	328.503	0
0.00019426	0.000430964	0.2	6	328.464	0
0.00019426	0.00047086	0.2	6	328.423	0
0.00019426	0.00051445	0.2	6	328.379	0
0.00019426	0.000562075	0.2	6	328.33	0
0.00019426	0.000614108	0.2	6	328.278	0
0.00019426	0.000670959	0.2	6	328.222	0
0.00019426	0.000733073	0.2	6	328.162	0
0.00019426	0.000800936	0.2	6	328.097	0
0.00019426	0.000875083	0.2	6	328.027	0
0.00019426	0.000956093	0.2	6	327.952	0
0.00019426	0.0010446	0.2	6	327.872	0
0.00019426	0.00114131	0.2	6	327.787	0
0.00019426	0.00124696	0.2	6	327.697	0
0.00019426	0.0013624	0.2	6	327.601	0
0.00019426	0.00148852	0.2	6	327.5	0
0.00019426	0.00162632	0.2	6	327.394	0
0.00019426	0.00177687	0.2	6	327.283	0
0.00019426	0.00194137	0.2	6	327.169	0
0.00019426	0.00212109	0.2	6	327.051	0
0.00019426	0.00231745	0.2	6	326.931	0
0.00019426	0.00253198	0.2	6	326.81	0
0.00019426	0.00276638	0.2	6	326.691	0
0.00019426	0.00302248	0.2	6	326.576	0
0.00019426	0.00330228	0.2	6	326.467	0
0.00019426	0.00360798	0.2	6	326.37	0
0.00019426	0.00394199	0.2	6	326.289	0
0.00019426	0.00430692	0.2	6	326.23	0
0.00019426	0.00470563	0.2	6	326.202	0
0.00019426	0.00514125	0.2	6	326.214	0
0.00019426	0.0056172	0.2	6	326.277	0
0.00019426	0.0061372	0.2	6	326.407	0
0.00019426	0.00670535	0.2	6	326.621	0
0.00019426	0.0073261	0.2	6	326.94	0
0.00019426	0.0080043	0.2	6	327.389	0
0.00019426	0.0087453	0.2	6	328.002	0
0.00019426	0.00955489	0.2	6	328.814	0
0.00019426	0.0104394	0.2	6	329.872	0
0.00019426	0.0114058	0.2	6	331.231	0
0.00019426	0.0124617	0.2	6	332.955	0
0.00019426	0.0136154	0.2	6	335.123	0
0.00019426	0.0148758	0.2	6	337.83	0
0.00019426	0.0162529	0.2	6	341.187	0
0.00019426	0.0177575	0.2	6	345.327	0
0.00019426	0.0194014	0.2	6	350.409	0
0.00019426	0.0211975	0.2	6	356.622	0
0.00019426	0.0231598	0.2	6	364.189	0
0.00019426	0.0253038	0.2	6	373.375	0
0.00019426	0.0276463	0.2	6	384.491	0
0.00019426	0.0302057	0.2	6	397.905	0
0.00019426	0.0330019	0.2	6	414.05	0
0.00019426	0.0360571	0.2	6	433.435	0
0.00019426	0.039395	0.2	6	456.652	0
0.00019426	0.043042	0.2	6	484.395	0
0.00019426	0.0470266	0.2	6	517.47	0
0.00019426	0.05138	0.2	6	556.811	0
0.00019426	0.0561365	0.2	6	603.497	0
0.00019426	0.0613333	0.2	6	658.767	0
0.00019426	0.0670111	0.2	6	724.036	0
0.00019426	0.0732147	0.2	6	800.916	0
0.00019426	0.0799925	0.2	6	891.22	0
0.00019426	0.0873977	0.2	6	996.98	0
0.00019426	0.0954885	0.2	6	1120.45	0
0.00019426	0.104328	0.2	6	1264.08	0
0.00019426	0.113986	0.2	6	1430.52	0
0.00019426	0.124539	0.2	6	1622.59	0
0.00019426	0.136068	0.2	6	1843.14	0
0.00019426	0.148664	0.2	6	2095.03	0
0.00019426	0.162426	0.2	6	2380.94	0
0.00019426	0.177463	0.2	6	2703.13	0
0.00019426	0.193892	0.2	6	3063.18	0
0.00019426	0.211841	0.2	6	3461.56	0
0.00019426	0.231452	0.2	6	3897.17	0
0.00019426	0.252878	0.2	6	4366.64	0
0.00019426	0.276288	0.2	6	4863.53	0
0.00019426	0.301866	0.2	6	5377.39	0
0.00019426	0.329811	0.2	6	5892.64	0
0.00019426	0.360343	0.2	6	6387.35	0
0.00019426	0.393701	0.2	6	6832.07	0
0.00019426	0.430148	0.2	6	7188.83	0
0.00019426	0.469968	0.2	6	7410.81	0
0.00019426	0.513475	0.2	6	7443.16	0
0.00019426	0.56101	0.2	6	7226.14	0
0.00019426	0.612945	0.2	6	6702.02	0
0.00019426	0.669688	0.2	6	5828.45	0
0.000212243	0.000104526	0.2	6	328.765	0
0.000212243	0.000114203	0.2	6	328.754	0
0.000212243	0.000124775	0.2	6	328.742	0
0.000212243	0.000136326	0.2	6	328.729	0
0.000212243	0.000148946	0.2	6	328.714	0
0.000212243	0.000162735	0.2	6	328.699	0
0.000212243	0.0001778	0.2	6	328.682	0
0.000212243	0.00019426	0.2	6	328.663	0
0.000212243	0.000212243	0.2	6	328.643	0
0.000212243	0.000231891	0.2	6	328.621	0
0.000212243	0.000253358	0.2	6	328.598	0
0.000212243	0.000276813	0.2	6	328.572	0
0.000212243	0.000302439	0.2	6	328.544	0
0.000212243	0.000330437	0.2	6	328.513	0
0.000212243	0.000361027	0.2	6	328.48	0
0.000212243	0.000394448	0.2	6	328.444	0
0.000212243	0.000430964	0.2	6	328.405	0
0.000212243	0.00047086	0.2	6	328.363	0
0.000212243	0.00051445	0.2	6	328.317	0
0.000212243	0.000562075	0.2	6	328.268	0
0.000212243	0.000614108	0.2	6	328.214	0
0.000212243	0.000670959	0.2	6	328.157	0
0.000212243	0.000733073	0.2	6	328.095	0
0.000212243	0.000800936	0.2	6	328.028	0
0.000212243	0.000875083	0.2	6	327.956	0
0.000212243	0.000956093	0.2	6	327.88	0
0.000212243	0.0010446	0.2	6	327.798	0
0.000212243	0.00114131	0.2	6	327.71	0
0.000212243	0.00124696	0.2	6	327.617	0
0.000212243	0.0013624	0.2	6	327.518	0
0.000212243	0.00148852	0.2	6	327.414	0
0.000212243	0.00162632	0.2	6	327.305	0
0.000212243	0.00177687	0.2	6	327.191	0
0.000212243	0.00194137	0.2	6	327.072	0
0.000212243	0.00212109	0.2	6	326.95	0
0.000212243	0.00231745	0.2	6	326.825	0
0.000212243	0.00253198	0.2	6	326.699	0
0.000212243	0.00276638	0.2	6	326.574	0
0.000212243	0.00302248	0.2	6	326.452	0
0.000212243	0.00330228	0.2	6	326.336	0
0.000212243	0.00360798	0.2	6	326.232	0
0.000212243	0.00394199	0.2	6	326.142	0
0.000212243	0.00430692	0.2	6	326.074	0
0.000212243	0.00470563	0.2	6	326.036	0
0.000212243	0.00514125	0.2	6	326.037	0
0.000212243	0.0056172	0.2	6	326.089	0
0.000212243	0.0061372	0.2	6	326.205	0
0.000212243	0.00670535	0.2	6	326.405	0
0.000212243	0.0073261	0.2	6	326.708	0
0.000212243	0.0080043	0.2	6	327.141	0
0.000212243	0.0087453	0.2	6	327.734	0
0.000212243	0.00955489	0.2	6	328.526	0
0.000212243	0.0104394	0.2	6	329.562	0
0.000212243	0.0114058	0.2	6	330.895	0
0.000212243	0.0124617	0.2	6	332.593	0
0.000212243	0.0136154	0.2	6	334.731	0
0.000212243	0.0148758	0.2	6	337.406	0
0.000212243	0.0162529	0.2	6	340.727	0
0.000212243	0.0177575	0.2	6	344.828	0
0.000212243	0.0194014	0.2	6	349.867	0
0.000212243	0.0211975	0.2	6	356.033	0
0.000212243	0.0231598	0.2	6	363.548	0
0.000212243	0.0253038	0.2	6	372.676	0
0.000212243	0.0276463	0.2	6	383.73	0
0.000212243	0.0302057	0.2	6	397.075	0
0.000212243	0.0330019	0.2	6	413.145	0
0.000212243	0.0360571	0.2	6	432.446	0
0.000212243	0.039395	0.2	6	455.571	0
0.000212243	0.043042	0.2	6	483.213	0
0.000212243	0.0470266	0.2	6	516.176	0
0.000212243	0.05138	0.2	6	555.394	0
0.000212243	0.0561365	0.2	6	601.943	0
0.000212243	0.0613333	0.2	6	657.063	0
0.000212243	0.0670111	0.2	6	722.166	0
0.000212243	0.0732147	0.2	6	798.861	0
0.000212243	0.0799925	0.2	6	888.962	0
0.000212243	0.0873977	0.2	6	994.497	0
0.000212243	0.0954885	0.2	6	1117.71	0
0.000212243	0.104328	0.2	6	1261.07	0
0.000212243	0.113986	0.2	6	1427.21	0
0.000212243	0.124539	0.2	6	1618.93	0
0.000212243	0.136068	0.2	6	1839.11	0
0.000212243	0.148664	0.2	6	2090.59	0
0.000212243	0.162426	0.2	6	2376.03	0
0.000212243	0.177463	0.2	6	2697.71	0
0.000212243	0.193892	0.2	6	3057.19	0
0.000212243	0.211841	0.2	6	3454.95	0
0.000212243	0.231452	0.2	6	3889.88	0
0.000212243	0.252878	0.2	6	4358.59	0
0.000212243	0.276288	0.2	6	4854.66	0
0.000212243	0.301866	0.2	6	5367.63	0
0.000212243	0.329811	0.2	6	5881.92	0
0.000212243	0.360343	0.2	6	6375.61	0
0.000212243	0.393701	0.2	6	6819.24	0
0.000212243	0.430148	0.2	6	7174.87	0
0.000212243	0.469968	0.2	6	7395.71	0
0.000212243	0.513475	0.2	6	7426.95	0
0.000212243	0.56101	0.2	6	7208.89	0
0.000212243	0.612945	0.2	6	6683.91	0
0.000212243	0.669688	0.2	6	5809.75	0
0.000231891	0.000104526	0.2	6	328.709	0
0.000231891	0.000114203	0.2	6	328.697	0
0.000231891	0.000124775	0.2	6	328.685	0
0.000231891	0.000136326	0.2	6	328.672	0
0.000231891	0.000148946	0.2	6	328.657	0
0.000231891	0.000162735	0.2	6	328.641	0
0.000231891	0.0001778	0.2	6	328.624	0
0.000231891	0.00019426	0.2	6	328.605	0
0.000231891	0.000212243	0.2	6	328.584	0
0.000231891	0.000231891	0.2	6	328.562	0
0.000231891	0.000253358	0.2	6	328.537	0
0.000231891	0.000276813	0.2	6	328.511	0
0.000231891	0.000302439	0.2	6	328.482	0
0.000231891	0.000330437	0.2	6	328.451	0
0.000231891	0.000361027	0.2	6	328.417	0
0.000231891	0.000394448	0.2	6	328.38	0
0.000231891	0.000430964	0.2	6	328.34	0
0.000231891	0.00047086	0.2	6	328.297	0
0.000231891	0.00051445	0.2	6	328.25	0
0.000231891	0.000562075	0.2	6	328.199	0
0.000231891	0.000614108	0.2	6	328.144	0
0.000231891	0.000670959	0.2	6	328.085	0
0.000231891	0.000733073	0.2	6	328.021	0
0.000231891	0.000800936	0.2	6	327.953	0
0.000231891	0.000875083	0.2	6	327.879	0
0.000231891	0.000956093	0.2	6	327.8	0
0.000231891	0.0010446	0.2	6	327.716	0
0.000231891	0.00114131	0.2	6	327.626	0
0.000231891	0.00124696	0.2	6	327.53	0
0.000231891	0.0013624	0.2	6	327.428	0
0.000231891	0.00148852	0.2	6	327.321	0
0.000231891	0.00162632	0.2	6	327.208	0
0.000231891	0.00177687	0.2	6	327.089	0
0.000231891	0.00194137	0.2	6	326.966	0
0.000231891	0.00212109	0.2	6	326.839	0
0.000231891	0.00231745	0.2	6	326.709	0
0.000231891	0.00253198	0.2	6	326.577	0
0.000231891	0.00276638	0.2	6	326.445	0
0.000231891	0.00302248	0.2	6	326.317	0
0.000231891	0.00330228	0.2	6	326.194	0
0.000231891	0.00360798	0.2	6	326.08	0
0.000231891	0.00394199	0.2	6	325.982	0
0.000231891	0.00430692	0.2	6	325.904	0
0.000231891	0.00470563	0.2	6	325.855	0
0.000231891	0.00514125	0.2	6	325.844	0
0.000231891	0.0056172	0.2	6	325.883	0
0.000231891	0.0061372	0.2	6	325.985	0
0.000231891	0.00670535	0.2	6	326.169	0
0.000231891	0.0073261	0.2	6	326.455	0
0.000231891	0.0080043	0.2	6	326.869	0
0.000231891	0.0087453	0.2	6	327.442	0
0.000231891	0.00955489	0.2	6	328.211	0
0.000231891	0.0104394	0.2	6	329.222	0
0.000231891	0.0114058	0.2	6	330.529	0
0.000231891	0.0124617	0.2	6	332.197	0
0.000231891	0.0136154	0.2	6	334.303	0
0.000231891	0.0148758	0.2	6	336.942	0
0.000231891	0.0162529	0.2	6	340.224	0
0.000231891	0.0177575	0.2	6	344.282	0
0.000231891	0.0194014	0.2	6	349.275	0
0.000231891	0.0211975	0.2	6	355.389	0
0.000231891	0.0231598	0.2	6	362.848	0
0.000231891	0.0253038	0.2	6	371.914	0
0.000231891	0.0276463	0.2	6	382.899	0
0.000231891	0.0302057	0.2	6	396.17	0
0.000231891	0.0330019	0.2	6	412.157	0
0.000231891	0.0360571	0.2	6	431.367	0
0.000231891	0.039395	0.2	6	454.392	0
0.000231891	0.043042	0.2	6	481.923	0
0.000231891	0.0470266	0.2	6	514.765	0
0.000231891	0.05138	0.2	6	553.849	0
0.000231891	0.0561365	0.2	6	600.25	0
0.000231891	0.0613333	0.2	6	655.206	0
0.000231891	0.0670111	0.2	6	720.129	0
0.000231891	0.0732147	0.2	6	796.624	0
0.000231891	0.0799925	0.2	6	886.504	0
0.000231891	0.0873977	0.2	6	991.794	0
0.000231891	0.0954885	0.2	6	1114.74	0
0.000231891	0.104328	0.2	6	1257.79	0
0.000231891	0.113986	0.2	6	1423.6	0
0.000231891	0.124539	0.2	6	1614.96	0
0.000231891	0.136068	0.2	6	1834.73	0
0.000231891	0.148664	0.2	6	2085.76	0
0.000231891	0.162426	0.2	6	2370.7	0
0.000231891	0.177463	0.2	6	2691.83	0
0.000231891	0.193892	0.2	6	3050.7	0
0.000231891	0.211841	0.2	6	3447.79	0
0.000231891	0.231452	0.2	6	3881.98	0
0.000231891	0.252878	0.2	6	4349.89	0
0.000231891	0.276288	0.2	6	4845.08	0
0.000231891	0.301866	0.2	6	5357.09	0
0.000231891	0.329811	0.2	6	5870.35	0
0.000231891	0.360343	0.2	6	6362.94	0
0.000231891	0.393701	0.2	6	6805.42	0
0.000231891	0.430148	0.2	6	7159.87	0
0.000231891	0.469968	0.2	6	7379.51	0
0.000231891	0.513475	0.2	6	7409.58	0
0.000231891	0.56101	0.2	6	7190.46	0
0.000231891	0.612945	0.2	6	6664.61	0
0.000231891	0.669688	0.2	6	5789.91	0
0.000253358	0.000104526	0.2	6	328.647	0
0.000253358	0.000114203	0.2	6	328.636	0
0.000253358	0.000124775	0.2	6	328.623	0
0.000253358	0.000136326	0.2	6	328.609	0
0.000253358	0.000148946	0.2	6	328.594	0
0.000253358	0.000162735	0.2	6	328.578	0
0.000253358	0.0001778	0.2	6	328.56	0
0.000253358	0.00019426	0.2	6	328.541	0
0.000253358	0.000212243	0.2	6	328.52	0
0.000253358	0.000231891	0.2	6	328.497	0
0.000253358	0.000253358	0.2	6	328.472	0
0.000253358	0.000276813	0.2	6	328.445	0
0.000253358	0.000302439	0.2	6	328.415	0
0.000253358	0.000330437	0.2	6	328.383	0
0.000253358	0.000361027	0.2	6	328.348	0
0.000253358	0.000394448	0.2	6	328.31	0
0.000253358	0.000430964	0.2	6	328.269	0
0.000253358	0.00047086	0.2	6	328.225	0
0.000253358	0.00051445	0.2	6	328.176	0
0.000253358	0.000562075	0.2	6	328.124	0
0.000253358	0.000614108	0.2	6	328.068	0
0.000253358	0.000670959	0.2	6	328.007	0
0.000253358	0.000733073	0.2	6	327.942	0
0.000253358	0.000800936	0.2	6	327.871	0
0.000253358	0.000875083	0.2	6	327.795	0
0.000253358	0.000956093	0.2	6	327.714	0
0.000253358	0.0010446	0.2	6	327.627	0
0.000253358	0.00114131	0.2	6	327.534	0
0.000253358	0.00124696	0.2	6	327.435	0
0.000253358	0.0013624	0.2	6	327.33	0
0.000253358	0.00148852	0.2	6	327.219	0
0.000253358	0.00162632	0.2	6	327.101	0
0.000253358	0.00177687	0.2	6	326.979	0
0.000253358	0.00194137	0.2	6	326.851	0
0.000253358	0.00212109	0.2	6	326.718	0
0.000253358	0.00231745	0.2	6	326.582	0
0.000253358	0.00253198	0.2	6	326.444	0
0.000253358	0.00276638	0.2	6	326.305	0
0.000253358	0.00302248	0.2	6	326.169	0
0.000253358	0.00330228	0.2	6	326.038	0
0.000253358	0.00360798	0.2	6	325.915	0
0.000253358	0.00394199	0.2	6	325.807	0
0.000253358	0.00430692	0.2	6	325.718	0
0.000253358	0.00470563	0.2	6	325.657	0
0.000253358	0.00514125	0.2	6	325.633	0
0.000253358	0.0056172	0.2	6	325.658	0
0.000253358	0.0061372	0.2	6	325.744	0
0.000253358	0.00670535	0.2	6	325.911	0
0.000253358	0.0073261	0.2	6	326.178	0
0.000253358	0.0080043	0.2	6	326.572	0
0.000253358	0.0087453	0.2	6	327.123	0
0.000253358	0.00955489	0.2	6	327.868	0
0.000253358	0.0104394	0.2	6	328.852	0
0.000253358	0.0114058	0.2	6	330.129	0
0.000253358	0.0124617	0.2	6	331.765	0
0.000253358	0.0136154	0.2	6	333.836	0
0.000253358	0.0148758	0.2	6	336.436	0
0.000253358	0.0162529	0.2	6	339.675	0
0.000253358	0.0177575	0.2	6	343.687	0
0.000253358	0.0194014	0.2	6	348.629	0
0.000253358	0.0211975	0.2	6	354.687	0
0.000253358	0.0231598	0.2	6	362.084	0
0.000253358	0.0253038	0.2	6	371.083	0
0.000253358	0.0276463	0.2	6	381.993	0
0.000253358	0.0302057	0.2	6	395.182	0
0.000253358	0.0330019	0.2	6	411.079	0
0.000253358	0.0360571	0.2	6	430.19	0
0.000253358	0.039395	0.2	6	453.106	0
0.000253358	0.043042	0.2	6	480.518	0
0.000253358	0.0470266	0.2	6	513.227	0
0.000253358	0.05138	0.2	6	552.165	0
0.000253358	0.0561365	0.2	6	598.405	0
0.000253358	0.0613333	0.2	6	653.183	0
0.000253358	0.0670111	0.2	6	717.91	0
0.000253358	0.0732147	0.2	6	794.189	0
0.000253358	0.0799925	0.2	6	883.828	0
0.000253358	0.0873977	0.2	6	988.854	0
0.000253358	0.0954885	0.2	6	1111.51	0
0.000253358	0.104328	0.2	6	1254.24	0
0.000253358	0.113986	0.2	6	1419.69	0
0.000253358	0.124539	0.2	6	1610.64	0
0.000253358	0.136068	0.2	6	1829.97	0
0.000253358	0.148664	0.2	6	2080.51	0
0.000253358	0.162426	0.2	6	2364.92	0
0.000253358	0.177463	0.2	6	2685.45	0
0.000253358	0.193892	0.2	6	3043.67	0
0.000253358	0.211841	0.2	6	3440.04	0
0.000253358	0.231452	0.2	6	3873.44	0
0.000253358	0.252878	0.2	6	4340.48	0
0.000253358	0.276288	0.2	6	4834.73	0
0.000253358	0.301866	0.2	6	5345.72	0
0.000253358	0.329811	0.2	6	5857.89	0
0.000253358	0.360343	0.2	6	6349.32	0
0.000253358	0.393701	0.2	6	6790.58	0
0.000253358	0.430148	0.2	6	7143.77	0
0.000253358	0.469968	0.2	6	7362.15	0
0.000253358	0.513475	0.2	6	7391.02	0
0.000253358	0.56101	0.2	6	7170.82	0
0.000253358	0.612945	0.2	6	6644.12	0
0.000253358	0.669688	0.2	6	5768.94	0
0.000276813	0.000104526	0.2	6	328.58	0
0.000276813	0.000114203	0.2	6	328.569	0
0.000276813	0.000124775	0.2	6	328.556	0
0.000276813	0.000136326	0.2	6	328.541	0
0.000276813	0.000148946	0.2	6	328.526	0
0.000276813	0.000162735	0.2	6	328.509	0
0.000276813	0.0001778	0.2	6	328.491	0
0.000276813	0.00019426	0.2	6	328.471	0
0.000276813	0.000212243	0.2	6	328.449	0
0.000276813	0.000231891	0.2	6	328.426	0
0.000276813	0.000253358	0.2	6	328.4	0
0.000276813	0.000276813	0.2	6	328.372	0
0.000276813	0.000302439	0.2	6	328.342	0
0.000276813	0.000330437	0.2	6	328.309	0
0.000276813	0.000361027	0.2	6	328.273	0
0.000276813	0.000394448	0.2	6	328.234	0
0.000276813	0.000430964	0.2	6	328.192	0
0.000276813	0.00047086	0.2	6	328.146	0
0.000276813	0.00051445	0.2	6	328.096	0
0.000276813	0.000562075	0.2	6	328.043	0
0.000276813	0.000614108	0.2	6	327.985	0
0.000276813	0.000670959	0.2	6	327.922	0
0.000276813	0.000733073	0.2	6	327.854	0
0.000276813	0.000800936	0.2	6	327.782	0
0.000276813	0.000875083	0.2	6	327.703	0
0.000276813	0.000956093	0.2	6	327.62	0
0.000276813	0.0010446	0.2	6	327.53	0
0.000276813	0.00114131	0.2	6	327.434	0
0.000276813	0.00124696	0.2	6	327.331	0
0.000276813	0.0013624	0.2	6	327.222	0
0.000276813	0.00148852	0.2	6	327.107	0
0.000276813	0.00162632	0.2	6	326.985	0
0.000276813	0.00177687	0.2	6	326.858	0
0.000276813	0.00194137	0.2	6	326.724	0
0.000276813	0.00212109	0.2	6	326.586	0
0.000276813	0.00231745	0.2	6	326.444	0
0.000276813	0.00253198	0.2	6	326.298	0
0.000276813	0.00276638	0.2	6	326.152	0
0.000276813	0.00302248	0.2	6	326.008	0
0.000276813	0.00330228	0.2	6	325.867	0
0.000276813	0.00360798	0.2	6	325.735	0
0.000276813	0.00394199	0.2	6	325.616	0
0.000276813	0.00430692	0.2	6	325.515	0
0.000276813	0.00470563	0.2	6	325.441	0
0.000276813	0.00514125	0.2	6	325.403	0
0.000276813	0.0056172	0.2	6	325.412	0
0.000276813	0.0061372	0.2	6	325.482	0
0.000276813	0.00670535	0.2	6	325.63	0
0.000276813	0.0073261	0.2	6	325.877	0
0.000276813	0.0080043	0.2	6	326.248	0
0.000276813	0.0087453	0.2	6	326.774	0
0.000276813	0.00955489	0.2	6	327.492	0
0.000276813	0.0104394	0.2	6	328.447	0
0.000276813	0.0114058	0.2	6	329.693	0
0.000276813	0.0124617	0.2	6	331.293	0
0.000276813	0.0136154	0.2	6	333.326	0
0.000276813	0.0148758	0.2	6	335.883	0
0.000276813	0.0162529	0.2	6	339.077	0
0.000276813	0.0177575	0.2	6	343.038	0
0.000276813	0.0194014	0.2	6	347.923	0
0.000276813	0.0211975	0.2	6	353.92	0
0.000276813	0.0231598	0.2	6	361.25	0
0.000276813	0.0253038	0.2	6	370.175	0
0.000276813	0.0276463	0.2	6	381.005	0
0.000276813	0.0302057	0.2	6	394.105	0
0.000276813	0.0330019	0.2	6	409.904	0
0.000276813	0.0360571	0.2	6	428.907	0
0.000276813	0.039395	0.2	6	451.705	0
0.000276813	0.043042	0.2	6	478.985	0
0.000276813	0.0470266	0.2	6	511.551	0
0.000276813	0.05138	0.2	6	550.33	0
0.000276813	0.0561365	0.2	6	596.396	0
0.000276813	0.0613333	0.2	6	650.981	0
0.000276813	0.0670111	0.2	6	715.494	0
0.000276813	0.0732147	0.2	6	791.537	0
0.000276813	0.0799925	0.2	6	880.917	0
0.000276813	0.0873977	0.2	6	985.655	0
0.000276813	0.0954885	0.2	6	1107.99	0
0.000276813	0.104328	0.2	6	1250.37	0
0.000276813	0.113986	0.2	6	1415.43	0
0.000276813	0.124539	0.2	6	1605.96	0
0.000276813	0.136068	0.2	6	1824.81	0
0.000276813	0.148664	0.2	6	2074.83	0
0.000276813	0.162426	0.2	6	2358.65	0
0.000276813	0.177463	0.2	6	2678.55	0
0.000276813	0.193892	0.2	6	3036.06	0
0.000276813	0.211841	0.2	6	3431.66	0
0.000276813	0.231452	0.2	6	3864.21	0
0.000276813	0.252878	0.2	6	4330.32	0
0.000276813	0.276288	0.2	6	4823.56	0
0.000276813	0.301866	0.2	6	5333.47	0
0.000276813	0.329811	0.2	6	5844.48	0
0.000276813	0.360343	0.2	6	6334.67	0
0.000276813	0.393701	0.2	6	6774.65	0
0.000276813	0.430148	0.2	6	7126.53	0
0.000276813	0.469968	0.2	6	7343.61	0
0.000276813	0.513475	0.2	6	7371.25	0
0.000276813	0.56101	0.2	6	7149.96	0
0.000276813	0.612945	0.2	6	6622.44	0
0.000276813	0.669688	0.2	6	5746.88	0
0.000302439	0.000104526	0.2	6	328.507	0
0.000302439	0.000114203	0.2	6	328.495	0
0.000302439	0.000124775	0.2	6	328.482	0
0.000302439	0.000136326	0.2	6	328.467	0
0.000302439	0.000148946	0.2	6	328.451	0
0.000302439	0.000162735	0.2	6	328.434	0
0.000302439	0.0001778	0.2	6	328.415	0
0.000302439	0.00019426	0.2	6	328.395	0
0.000302439	0.000212243	0.2	6	328.372	0
0.000302439	0.000231891	0.2	6	328.348	0
0.000302439	0.000253358	0.2	6	328.322	0
0.000302439	0.000276813	0.2	6	328.293	0
0.000302439	0.000302439	0.2	6	328.262	0
0.000302439	0.000330437	0.2	6	328.228	0
0.000302439	0.000361027	0.2	6	328.191	0
0.000302439	0.000394448	0.2	6	328.15	0
0.000302439	0.000430964	0.2	6	328.107	0
0.000302439	0.00047086	0.2	6	328.06	0
0.000302439	0.00051445	0.2	6	328.009	0
0.000302439	0.000562075	0.2	6	327.953	0
0.000302439	0.000614108	0.2	6	327.893	0
0.000302439	0.000670959	0.2	6	327.829	0
0.000302439	0.000733073	0.2	6	327.759	0
0.000302439	0.000800936	0.2	6	327.684	0
0.000302439	0.000875083	0.2	6	327.603	0
0.000302439	0.000956093	0.2	6	327.516	0
0.000302439	0.0010446	0.2	6	327.423	0
0.000302439	0.00114131	0.2	6	327.324	0
0.000302439	0.00124696	0.2	6	327.218	0
0.000302439	0.0013624	0.2	6	327.105	0
0.000302439	0.00148852	0.2	6	326.985	0
0.000302439	0.00162632	0.2	6	326.859	0
0.000302439	0.00177687	0.2	6	326.726	0
0.000302439	0.00194137	0.2	6	326.586	0
0.000302439	0.00212109	0.2	6	326.442	0
0.000302439	0.00231745	0.2	6	326.292	0
0.000302439	0.00253198	0.2	6	326.14	0
0.000302439	0.00276638	0.2	6	325.985	0
0.000302439	0.00302248	0.2	6	325.832	0
0.000302439	0.00330228	0.2	6	325.681	0
0.000302439	0.00360798	0.2	6	325.538	0
0.000302439	0.00394199	0.2	6	325.407	0
0.000302439	0.00430692	0.2	6	325.294	0
0.000302439	0.00470563	0.2	6	325.205	0
0.000302439	0.00514125	0.2	6	325.152	0
0.000302439	0.0056172	0.2	6	325.143	0
0.000302439	0.0061372	0.2	6	325.195	0
0.000302439	0.00670535	0.2	6	325.322	0
0.000302439	0.0073261	0.2	6	325.547	0
0.000302439	0.0080043	0.2	6	325.894	0
0.000302439	0.0087453	0.2	6	326.394	0
0.000302439	0.00955489	0.2	6	327.083	0
0.000302439	0.0104394	0.2	6	328.006	0
0.000302439	0.0114058	0.2	6	329.216	0
0.000302439	0.0124617	0.2	6	330.778	0
0.000302439	0.0136154	0.2	6	332.768	0
0.000302439	0.0148758	0.2	6	335.28	0
0.000302439	0.0162529	0.2	6	338.423	0
0.000302439	0.0177575	0.2	6	342.329	0
0.000302439	0.0194014	0.2	6	347.154	0
0.000302439	0.0211975	0.2	6	353.084	0
0.000302439	0.0231598	0.2	6	360.341	0
0.000302439	0.0253038	0.2	6	369.185	0
0.000302439	0.0276463	0.2	6	379.927	0
0.000302439	0.0302057	0.2	6	392.929	0
0.000302439	0.0330019	0.2	6	408.622	0
0.000302439	0.0360571	0.2	6	427.508	0
0.000302439	0.039395	0.2	6	450.177	0
0.000302439	0.043042	0.2	6	477.315	0
0.000302439	0.0470266	0.2	6	509.724	0
0.000302439	0.05138	0.2	6	548.331	0
0.000302439	0.0561365	0.2	6	594.207	0
0.000302439	0.0613333	0.2	6	648.582	0
0.000302439	0.0670111	0.2	6	712.865	0
0.000302439	0.0732147	0.2	6	788.653	0
0.000302439	0.0799925	0.2	6	877.751	0
0.000302439	0.0873977	0.2	6	982.177	0
0.000302439	0.0954885	0.2	6	1104.17	0
0.000302439	0.104328	0.2	6	1246.17	0
0.000302439	0.113986	0.2	6	1410.81	0
0.000302439	0.124539	0.2	6	1600.87	0
0.000302439	0.136068	0.2	6	1819.21	0
0.000302439	0.148664	0.2	6	2068.66	0
0.000302439	0.162426	0.2	6	2351.87	0
0.000302439	0.177463	0.2	6	2671.07	0
0.000302439	0.193892	0.2	6	3027.83	0
0.000302439	0.211841	0.2	6	3422.6	0
0.000302439	0.231452	0.2	6	3854.24	0
0.000302439	0.252878	0.2	6	4319.37	0
0.000302439	0.276288	0.2	6	4811.54	0
0.000302439	0.301866	0.2	6	5320.29	0
0.000302439	0.329811	0.2	6	5830.07	0
0.000302439	0.360343	0.2	6	6318.97	0
0.000302439	0.393701	0.2	6	6757.6	0
0.000302439	0.430148	0.2	6	7108.11	0
0.000302439	0.469968	0.2	6	7323.85	0
0.000302439	0.513475	0.2	6	7350.23	0
0.000302439	0.56101	0.2	6	7127.88	0
0.000302439	0.612945	0.2	6	6599.6	0
0.000302439	0.669688	0.2	6	5723.79	0
0.000330437	0.000104526	0.2	6	328.428	0
0.000330437	0.000114203	0.2	6	328.415	0
0.000330437	0.000124775	0.2	6	328.401	0
0.000330437	0.000136326	0.2	6	328.386	0
0.000330437	0.000148946	0.2	6	328.37	0
0.000330437	0.000162735	0.2	6	328.352	0
0.000330437	0.0001778	0.2	6	328.333	0
0.000330437	0.00019426	0.2	6	328.311	0
0.000330437	0.000212243	0.2	6	328.288	0
0.000330437	0.000231891	0.2	6	328.263	0
0.000330437	0.000253358	0.2	6	328.236	0
0.000330437	0.000276813	0.2	6	328.206	0
0.000330437	0.000302439	0.2	6	328.174	0
0.000330437	0.000330437	0.2	6	328.139	0
0.000330437	0.000361027	0.2	6	328.101	0
0.000330437	0.000394448	0.2	6	328.06	0
0.000330437	0.000430964	0.2	6	328.015	0
0.000330437	0.00047086	0.2	6	327.966	0
0.000330437	0.00051445	0.2	6	327.913	0
0.000330437	0.000562075	0.2	6	327.856	0
0.000330437	0.000614108	0.2	6	327.794	0
0.000330437	0.000670959	0.2	6	327.727	0
0.000330437	0.000733073	0.2	6	327.655	0
0.000330437	0.000800936	0.2	6	327.577	0
0.000330437	0.000875083	0.2	6	327.494	0
0.000330437	0.000956093	0.2	6	327.404	0
0.000330437	0.0010446	0.2	6	327.307	0
0.000330437	0.00114131	0.2	6	327.204	0
0.000330437	0.00124696	0.2	6	327.094	0
0.000330437	0.0013624	0.2	6	326.977	0
0.000330437	0.00148852	0.2	6	326.852	0
0.000330437	0.00162632	0.2	6	326.72	0
0.000330437	0.00177687	0.2	6	326.581	0
0.000330437	0.00194137	0.2	6	326.436	0
0.000330437	0.00212109	0.2	6	326.284	0
0.000330437	0.00231745	0.2	6	326.127	0
0.000330437	0.00253198	0.2	6	325.966	0
0.000330437	0.00276638	0.2	6	325.803	0
0.000330437	0.00302248	0.2	6	325.639	0
0.000330437	0.00330228	0.2	6	325.478	0
0.000330437	0.00360798	0.2	6	325.323	0
0.000330437	0.00394199	0.2	6	325.179	0
0.000330437	0.00430692	0.2	6	325.052	0
0.000330437	0.00470563	0.2	6	324.948	0
0.000330437	0.00514125	0.2	6	324.877	0
0.000330437	0.0056172	0.2	6	324.85	0
0.000330437	0.0061372	0.2	6	324.881	0
0.000330437	0.00670535	0.2	6	324.987	0
0.000330437	0.0073261	0.2	6	325.187	0
0.000330437	0.0080043	0.2	6	325.508	0
0.000330437	0.0087453	0.2	6	325.978	0
0.000330437	0.00955489	0.2	6	326.635	0
0.000330437	0.0104394	0.2	6	327.523	0
0.000330437	0.0114058	0.2	6	328.695	0
0.000330437	0.0124617	0.2	6	330.216	0
0.000330437	0.0136154	0.2	6	332.16	0
0.000330437	0.0148758	0.2	6	334.622	0
0.000330437	0.0162529	0.2	6	337.71	0
0.000330437	0.0177575	0.2	6	341.555	0
0.000330437	0.0194014	0.2	6	346.314	0
0.000330437	0.0211975	0.2	6	352.171	0
0.000330437	0.0231598	0.2	6	359.349	0
0.000330437	0.0253038	0.2	6	368.106	0
0.000330437	0.0276463	0.2	6	378.751	0
0.000330437	0.0302057	0.2	6	391.648	0
0.000330437	0.0330019	0.2	6	407.225	0
0.000330437	0.0360571	0.2	6	425.983	0
0.000330437	0.039395	0.2	6	448.511	0
0.000330437	0.043042	0.2	6	475.496	0
0.000330437	0.0470266	0.2	6	507.735	0
0.000330437	0.05138	0.2	6	546.155	0
0.000330437	0.0561365	0.2	6	591.824	0
0.000330437	0.0613333	0.2	6	645.972	0
0.000330437	0.0670111	0.2	6	710.004	0
0.000330437	0.0732147	0.2	6	785.516	0
0.000330437	0.0799925	0.2	6	874.309	0
0.000330437	0.0873977	0.2	6	978.398	0
0.000330437	0.0954885	0.2	6	1100.02	0
0.000330437	0.104328	0.2	6	1241.61	0
0.000330437	0.113986	0.2	6	1405.79	0
0.000330437	0.124539	0.2	6	1595.36	0
0.000330437	0.136068	0.2	6	1813.15	0
0.000330437	0.148664	0.2	6	2061.99	0
0.000330437	0.162426	0.2	6	2344.52	0
0.000330437	0.177463	0.2	6	2662.99	0
0.000330437	0.193892	0.2	6	3018.94	0
0.000330437	0.211841	0.2	6	3412.82	0
0.000330437	0.231452	0.2	6	3843.5	0
0.000330437	0.252878	0.2	6	4307.57	0
0.000330437	0.276288	0.2	6	4798.6	0
0.000330437	0.301866	0.2	6	5306.14	0
0.000330437	0.329811	0.2	6	5814.62	0
0.000330437	0.360343	0.2	6	6302.15	0
0.000330437	0.393701	0.2	6	6739.38	0
0.000330437	0.430148	0.2	6	7088.48	0
0.000330437	0.469968	0.2	6	7302.85	0
0.000330437	0.513475	0.2	6	7327.98	0
0.000330437	0.56101	0.2	6	7104.6	0
0.000330437	0.612945	0.2	6	6575.66	0
0.000330437	0.669688	0.2	6	5699.77	0
0.000361027	0.000104526	0.2	6	328.34	0
0.000361027	0.000114203	0.2	6	328.327	0
0.000361027	0.000124775	0.2	6	328.313	0
0.000361027	0.000136326	0.2	6	328.298	0
0.000361027	0.000148946	0.2	6	328.281	0
0.000361027	0.000162735	0.2	6	328.262	0
0.000361027	0.0001778	0.2	6	328.242	0
0.000361027	0.00019426	0.2	6	328.221	0
0.000361027	0.000212243	0.2	6	328.197	0
0.000361027	0.000231891	0.2	6	328.171	0
0.000361027	0.000253358	0.2	6	328.143	0
0.000361027	0.000276813	0.2	6	328.112	0
0.000361027	0.000302439	0.2	6	328.079	0
0.000361027	0.000330437	0.2	6	328.042	0
0.000361027	0.000361027	0.2	6	328.003	0
0.000361027	0.000394448	0.2	6	327.96	0
0.000361027	0.000430964	0.2	6	327.914	0
0.000361027	0.00047086	0.2	6	327.863	0
0.000361027	0.00051445	0.2	6	327.809	0
0.000361027	0.000562075	0.2	6	327.75	0
0.000361027	0.000614108	0.2	6	327.686	0
0.000361027	0.000670959	0.2	6	327.616	0
0.000361027	0.000733073	0.2	6	327.542	0
0.000361027	0.000800936	0.2	6	327.461	0
0.000361027	0.000875083	0.2	6	327.374	0
0.000361027	0.000956093	0.2	6	327.281	0
0.000361027	0.0010446	0.2	6	327.181	0
0.000361027	0.00114131	0.2	6	327.074	0
0.000361027	0.00124696	0.2	6	326.959	0
0.000361027	0.0013624	0.2	6	326.837	0
0.000361027	0.00148852	0.2	6	326.707	0
0.000361027	0.00162632	0.2	6	326.569	0
0.000361027	0.00177687	0.2	6	326.424	0
0.000361027	0.00194137	0.2	6	326.272	0
0.000361027	0.00212109	0.2	6	326.112	0
0.000361027	0.00231745	0.2	6	325.947	0
0.000361027	0.00253198	0.2	6	325.777	0
0.000361027	0.00276638	0.2	6	325.604	0
0.000361027	0.00302248	0.2	6	325.429	0
0.000361027	0.00330228	0.2	6	325.256	0
0.000361027	0.00360798	0.2	6	325.088	0
0.000361027	0.00394199	0.2	6	324.93	0
0.000361027	0.00430692	0.2	6	324.787	0
0.000361027	0.00470563	0.2	6	324.667	0
0.000361027	0.00514125	0.2	6	324.577	0
0.000361027	0.0056172	0.2	6	324.53	0
0.000361027	0.0061372	0.2	6	324.539	0
0.000361027	0.00670535	0.2	6	324.62	0
0.000361027	0.0073261	0.2	6	324.794	0
0.000361027	0.0080043	0.2	6	325.086	0
0.000361027	0.0087453	0.2	6	325.524	0
0.000361027	0.00955489	0.2	6	326.147	0
0.000361027	0.0104394	0.2	6	326.997	0
0.000361027	0.0114058	0.2	6	328.127	0
0.000361027	0.0124617	0.2	6	329.602	0
0.000361027	0.0136154	0.2	6	331.497	0
0.000361027	0.0148758	0.2	6	333.903	0
0.000361027	0.0162529	0.2	6	336.931	0
0.000361027	0.0177575	0.2	6	340.71	0
0.000361027	0.0194014	0.2	6	345.397	0
0.000361027	0.0211975	0.2	6	351.176	0
0.000361027	0.0231598	0.2	6	358.266	0
0.000361027	0.0253038	0.2	6	366.928	0
0.000361027	0.0276463	0.2	6	377.469	0
0.000361027	0.0302057	0.2	6	390.251	0
0.000361027	0.0330019	0.2	6	405.701	0
0.000361027	0.0360571	0.2	6	424.321	0
0.000361027	0.039395	0.2	6	446.697	0
0.000361027	0.043042	0.2	6	473.514	0
0.000361027	0.0470266	0.2	6	505.568	0
0.000361027	0.05138	0.2	6	543.785	0
0.000361027	0.0561365	0.2	6	589.231	0
0.000361027	0.0613333	0.2	6	643.133	0
0.000361027	0.0670111	0.2	6	706.893	0
0.000361027	0.0732147	0.2	6	782.105	0
0.000361027	0.0799925	0.2	6	870.568	0
0.000361027	0.0873977	0.2	6	974.294	0
0.000361027	0.0954885	0.2	6	1095.51	0
0.000361027	0.104328	0.2	6	1236.66	0
0.000361027	0.113986	0.2	6	1400.36	0
0.000361027	0.124539	0.2	6	1589.38	0
0.000361027	0.136068	0.2	6	1806.58	0
0.000361027	0.148664	0.2	6	2054.77	0
0.000361027	0.162426	0.2	6	2336.58	0
0.000361027	0.177463	0.2	6	2654.26	0
0.000361027	0.193892	0.2	6	3009.34	0
0.000361027	0.211841	0.2	6	3402.28	0
0.000361027	0.231452	0.2	6	3831.93	0
0.000361027	0.252878	0.2	6	4294.89	0
0.000361027	0.276288	0.2	6	4784.72	0
0.000361027	0.301866	0.2	6	5290.97	0
0.000361027	0.329811	0.2	6	5798.09	0
0.000361027	0.360343	0.2	6	6284.2	0
0.000361027	0.393701	0.2	6	6719.98	0
0.000361027	0.430148	0.2	6	7067.63	0
0.000361027	0.469968	0.2	6	7280.62	0
0.000361027	0.513475	0.2	6	7304.52	0
0.000361027	0.56101	0.2	6	7080.17	0
0.000361027	0.612945	0.2	6	6550.71	0
0.000361027	0.669688	0.2	6	5674.97	0
0.000394448	0.000104526	0.2	6	328.245	0
0.000394448	0.000114203	0.2	6	328.232	0
0.000394448	0.000124775	0.2	6	328.217	0
0.000394448	0.000136326	0.2	6	328.201	0
0.000394448	0.000148946	0.2	6	328.184	0
0.000394448	0.000162735	0.2	6	328.165	0
0.000394448	0.0001778	0.2	6	328.144	0
0.000394448	0.00019426	0.2	6	328.121	0
0.000394448	0.000212243	0.2	6	328.097	0
0.000394448	0.000231891	0.2	6	328.07	0
0.000394448	0.000253358	0.2	6	328.041	0
0.000394448	0.000276813	0.2	6	328.009	0
0.000394448	0.000302439	0.2	6	327.975	0
0.000394448	0.000330437	0.2	6	327.937	0
0.000394448	0.000361027	0.2	6	327.896	0
0.000394448	0.000394448	0.2	6	327.852	0
0.000394448	0.000430964	0.2	6	327.804	0
0.000394448	0.00047086	0.2	6	327.751	0
0.000394448	0.00051445	0.2	6	327.695	0
0.000394448	0.000562075	0.2	6	327.634	0
0.000394448	0.000614108	0.2	6	327.567	0
0.000394448	0.000670959	0.2	6	327.495	0
0.000394448	0.000733073	0.2	6	327.418	0
0.000394448	0.000800936	0.2	6	327.334	0
0.000394448	0.000875083	0.2	6	327.244	0
0.000394448	0.000956093	0.2	6	327.147	0
0.000394448	0.0010446	0.2	6	327.043	0
0.000394448	0.00114131	0.2	6	326.931	0
0.000394448	0.00124696	0.2	6	326.811	0
0.000394448	0.0013624	0.2	6	326.684	0
0.000394448	0.00148852	0.2	6	326.548	0
0.000394448	0.00162632	0.2	6	326.404	0
0.000394448	0.00177687	0.2	6	326.252	0
0.000394448	0.00194137	0.2	6	326.092	0
0.000394448	0.00212109	0.2	6	325.925	0
0.000394448	0.00231745	0.2	6	325.75	0
0.000394448	0.00253198	0.2	6	325.57	0
0.000394448	0.00276638	0.2	6	325.386	0
0.000394448	0.00302248	0.2	6	325.2	0
0.000394448	0.00330228	0.2	6	325.014	0
0.000394448	0.00360798	0.2	6	324.832	0
0.000394448	0.00394199	0.2	6	324.658	0
0.000394448	0.00430692	0.2	6	324.498	0
0.000394448	0.00470563	0.2	6	324.359	0
0.000394448	0.00514125	0.2	6	324.25	0
0.000394448	0.0056172	0.2	6	324.181	0
0.000394448	0.0061372	0.2	6	324.165	0
0.000394448	0.00670535	0.2	6	324.22	0
0.000394448	0.0073261	0.2	6	324.365	0
0.000394448	0.0080043	0.2	6	324.625	0
0.000394448	0.0087453	0.2	6	325.029	0
0.000394448	0.00955489	0.2	6	325.614	0
0.000394448	0.0104394	0.2	6	326.422	0
0.000394448	0.0114058	0.2	6	327.507	0
0.000394448	0.0124617	0.2	6	328.932	0
0.000394448	0.0136154	0.2	6	330.772	0
0.000394448	0.0148758	0.2	6	333.119	0
0.000394448	0.0162529	0.2	6	336.081	0
0.000394448	0.0177575	0.2	6	339.789	0
0.000394448	0.0194014	0.2	6	344.397	0
0.000394448	0.0211975	0.2	6	350.09	0
0.000394448	0.0231598	0.2	6	357.086	0
0.000394448	0.0253038	0.2	6	365.644	0
0.000394448	0.0276463	0.2	6	376.071	0
0.000394448	0.0302057	0.2	6	388.728	0
0.000394448	0.0330019	0.2	6	404.041	0
0.000394448	0.0360571	0.2	6	422.51	0
0.000394448	0.039395	0.2	6	444.721	0
0.000394448	0.043042	0.2	6	471.355	0
0.000394448	0.0470266	0.2	6	503.21	0
0.000394448	0.05138	0.2	6	541.206	0
0.000394448	0.0561365	0.2	6	586.41	0
0.000394448	0.0613333	0.2	6	640.044	0
0.000394448	0.0670111	0.2	6	703.511	0
0.000394448	0.0732147	0.2	6	778.4	0
0.000394448	0.0799925	0.2	6	866.506	0
0.000394448	0.0873977	0.2	6	969.839	0
0.000394448	0.0954885	0.2	6	1090.62	0
0.000394448	0.104328	0.2	6	1231.29	0
0.000394448	0.113986	0.2	6	1394.47	0
0.000394448	0.124539	0.2	6	1582.91	0
0.000394448	0.136068	0.2	6	1799.47	0
0.000394448	0.148664	0.2	6	2046.96	0
0.000394448	0.162426	0.2	6	2328.01	0
0.000394448	0.177463	0.2	6	2644.84	0
0.000394448	0.193892	0.2	6	2999.01	0
0.000394448	0.211841	0.2	6	3390.94	0
0.000394448	0.231452	0.2	6	3819.49	0
0.000394448	0.252878	0.2	6	4281.27	0
0.000394448	0.276288	0.2	6	4769.84	0
0.000394448	0.301866	0.2	6	5274.74	0
0.000394448	0.329811	0.2	6	5780.44	0
0.000394448	0.360343	0.2	6	6265.09	0
0.000394448	0.393701	0.2	6	6699.37	0
0.000394448	0.430148	0.2	6	7045.56	0
0.000394448	0.469968	0.2	6	7257.18	0
0.000394448	0.513475	0.2	6	7279.89	0
0.000394448	0.56101	0.2	6	7054.69	0
0.000394448	0.612945	0.2	6	6524.9	0
0.000394448	0.669688	0.2	6	5649.59	0
0.000430964	0.000104526	0.2	6	328.142	0
0.000430964	0.000114203	0.2	6	328.128	0
0.000430964	0.000124775	0.2	6	328.112	0
0.000430964	0.000136326	0.2	6	328.096	0
0.000430964	0.000148946	0.2	6	328.078	0
0.000430964	0.000162735	0.2	6	328.058	0
0.000430964	0.0001778	0.2	6	328.037	0
0.000430964	0.00019426	0.2	6	328.013	0
0.000430964	0.000212243	0.2	6	327.988	0
0.000430964	0.000231891	0.2	6	327.96	0
0.000430964	0.000253358	0.2	6	327.93	0
0.000430964	0.000276813	0.2	6	327.897	0
0.000430964	0.000302439	0.2	6	327.861	0
0.000430964	0.000330437	0.2	6	327.822	0
0.000430964	0.000361027	0.2	6	327.78	0
0.000430964	0.000394448	0.2	6	327.734	0
0.000430964	0.000430964	0.2	6	327.684	0
0.000430964	0.00047086	0.2	6	327.629	0
0.000430964	0.00051445	0.2	6	327.571	0
0.000430964	0.000562075	0.2	6	327.507	0
0.000430964	0.000614108	0.2	6	327.438	0
0.000430964	0.000670959	0.2	6	327.363	0
0.000430964	0.000733073	0.2	6	327.282	0
0.000430964	0.000800936	0.2	6	327.195	0
0.000430964	0.000875083	0.2	6	327.101	0
0.000430964	0.000956093	0.2	6	327	0
0.000430964	0.0010446	0.2	6	326.892	0
0.000430964	0.00114131	0.2	6	326.775	0
0.000430964	0.00124696	0.2	6	326.65	0
0.000430964	0.0013624	0.2	6	326.517	0
0.000430964	0.00148852	0.2	6	326.375	0
0.000430964	0.00162632	0.2	6	326.224	0
0.000430964	0.00177687	0.2	6	326.064	0
0.000430964	0.00194137	0.2	6	325.896	0
0.000430964	0.00212109	0.2	6	325.72	0
0.000430964	0.00231745	0.2	6	325.535	0
0.000430964	0.00253198	0.2	6	325.345	0
0.000430964	0.00276638	0.2	6	325.149	0
0.000430964	0.00302248	0.2	6	324.95	0
0.000430964	0.00330228	0.2	6	324.75	0
0.000430964	0.00360798	0.2	6	324.552	0
0.000430964	0.00394199	0.2	6	324.361	0
0.000430964	0.00430692	0.2	6	324.183	0
0.000430964	0.00470563	0.2	6	324.024	0
0.000430964	0.00514125	0.2	6	323.892	0
0.000430964	0.0056172	0.2	6	323.799	0
0.000430964	0.0061372	0.2	6	323.757	0
0.000430964	0.00670535	0.2	6	323.783	0
0.000430964	0.0073261	0.2	6	323.897	0
0.000430964	0.0080043	0.2	6	324.122	0
0.000430964	0.0087453	0.2	6	324.488	0
0.000430964	0.00955489	0.2	6	325.032	0
0.000430964	0.0104394	0.2	6	325.795	0
0.000430964	0.0114058	0.2	6	326.83	0
0.000430964	0.0124617	0.2	6	328.201	0
0.000430964	0.0136154	0.2	6	329.982	0
0.000430964	0.0148758	0.2	6	332.263	0
0.000430964	0.0162529	0.2	6	335.155	0
0.000430964	0.0177575	0.2	6	338.784	0
0.000430964	0.0194014	0.2	6	343.307	0
0.000430964	0.0211975	0.2	6	348.905	0
0.000430964	0.0231598	0.2	6	355.798	0
0.000430964	0.0253038	0.2	6	364.244	0
0.000430964	0.0276463	0.2	6	374.547	0
0.000430964	0.0302057	0.2	6	387.068	0
0.000430964	0.0330019	0.2	6	402.233	0
0.000430964	0.0360571	0.2	6	420.538	0
0.000430964	0.039395	0.2	6	442.568	0
0.000430964	0.043042	0.2	6	469.005	0
0.000430964	0.0470266	0.2	6	500.643	0
0.000430964	0.05138	0.2	6	538.4	0
0.000430964	0.0561365	0.2	6	583.341	0
0.000430964	0.0613333	0.2	6	636.688	0
0.000430964	0.0670111	0.2	6	699.836	0
0.000430964	0.0732147	0.2	6	774.375	0
0.000430964	0.0799925	0.2	6	862.097	0
0.000430964	0.0873977	0.2	6	965.006	0
0.000430964	0.0954885	0.2	6	1085.32	0
0.000430964	0.104328	0.2	6	1225.48	0
0.000430964	0.113986	0.2	6	1388.09	0
0.000430964	0.124539	0.2	6	1575.91	0
0.000430964	0.136068	0.2	6	1791.79	0
0.000430964	0.148664	0.2	6	2038.53	0
0.000430964	0.162426	0.2	6	2318.76	0
0.000430964	0.177463	0.2	6	2634.7	0
0.000430964	0.193892	0.2	6	2987.88	0
0.000430964	0.211841	0.2	6	3378.75	0
0.000430964	0.231452	0.2	6	3806.15	0
0.000430964	0.252878	0.2	6	4266.69	0
0.000430964	0.276288	0.2	6	4753.93	0
0.000430964	0.301866	0.2	6	5257.43	0
0.000430964	0.329811	0.2	6	5761.66	0
0.000430964	0.360343	0.2	6	6244.8	0
0.000430964	0.393701	0.2	6	6677.57	0
0.000430964	0.430148	0.2	6	7022.29	0
0.000430964	0.469968	0.2	6	7232.57	0
0.000430964	0.513475	0.2	6	7254.2	0
0.000430964	0.56101	0.2	6	7028.3	0
0.000430964	0.612945	0.2	6	6498.41	0
0.000430964	0.669688	0.2	6	5623.92	0
0.00047086	0.000104526	0.2	6	328.028	0
0.00047086	0.000114203	0.2	6	328.014	0
0.00047086	0.000124775	0.2	6	327.998	0
0.00047086	0.000136326	0.2	6	327.981	0
0.00047086	0.000148946	0.2	6	327.962	0
0.00047086	0.000162735	0.2	6	327.942	0
0.00047086	0.0001778	0.2	6	327.919	0
0.00047086	0.00019426	0.2	6	327.895	0
0.00047086	0.000212243	0.2	6	327.868	0
0.00047086	0.000231891	0.2	6	327.84	0
0.00047086	0.000253358	0.2	6	327.808	0
0.00047086	0.000276813	0.2	6	327.774	0
0.00047086	0.000302439	0.2	6	327.737	0
0.00047086	0.000330437	0.2	6	327.696	0
0.00047086	0.000361027	0.2	6	327.652	0
0.00047086	0.000394448	0.2	6	327.604	0
0.00047086	0.000430964	0.2	6	327.552	0
0.00047086	0.00047086	0.2	6	327.496	0
0.00047086	0.00051445	0.2	6	327.435	0
0.00047086	0.000562075	0.2	6	327.368	0
0.00047086	0.000614108	0.2	6	327.297	0
0.00047086	0.000670959	0.2	6	327.219	0
0.00047086	0.000733073	0.2	6	327.135	0
0.00047086	0.000800936	0.2	6	327.044	0
0.00047086	0.000875083	0.2	6	326.946	0
0.00047086	0.000956093	0.2	6	326.84	0
0.00047086	0.0010446	0.2	6	326.727	0
0.00047086	0.00114131	0.2	6	326.605	0
0.00047086	0.00124696	0.2	6	326.474	0
0.00047086	0.0013624	0.2	6	326.335	0
0.00047086	0.00148852	0.2	6	326.186	0
0.00047086	0.00162632	0.2	6	326.027	0
0.00047086	0.00177687	0.2	6	325.859	0
0.00047086	0.00194137	0.2	6	325.682	0
0.00047086	0.00212109	0.2	6	325.496	0
0.00047086	0.00231745	0.2	6	325.301	0
0.00047086	0.00253198	0.2	6	325.098	0
0.00047086	0.00276638	0.2	6	324.889	0
0.00047086	0.00302248	0.2	6	324.676	0
0.00047086	0.00330228	0.2	6	324.461	0
0.00047086	0.00360798	0.2	6	324.246	0
0.00047086	0.00394199	0.2	6	324.037	0
0.00047086	0.00430692	0.2	6	323.839	0
0.00047086	0.00470563	0.2	6	323.658	0
0.00047086	0.00514125	0.2	6	323.502	0
0.00047086	0.0056172	0.2	6	323.382	0
0.00047086	0.0061372	0.2	6	323.312	0
0.00047086	0.00670535	0.2	6	323.306	0
0.00047086	0.0073261	0.2	6	323.385	0
0.00047086	0.0080043	0.2	6	323.573	0
0.00047086	0.0087453	0.2	6	323.898	0
0.00047086	0.00955489	0.2	6	324.396	0
0.00047086	0.0104394	0.2	6	325.11	0
0.00047086	0.0114058	0.2	6	326.091	0
0.00047086	0.0124617	0.2	6	327.403	0
0.00047086	0.0136154	0.2	6	329.119	0
0.00047086	0.0148758	0.2	6	331.33	0
0.00047086	0.0162529	0.2	6	334.143	0
0.00047086	0.0177575	0.2	6	337.688	0
0.00047086	0.0194014	0.2	6	342.117	0
0.00047086	0.0211975	0.2	6	347.614	0
0.00047086	0.0231598	0.2	6	354.395	0
0.00047086	0.0253038	0.2	6	362.718	0
0.00047086	0.0276463	0.2	6	372.886	0
0.00047086	0.0302057	0.2	6	385.26	0
0.00047086	0.0330019	0.2	6	400.262	0
0.00047086	0.0360571	0.2	6	418.39	0
0.00047086	0.039395	0.2	6	440.225	0
0.00047086	0.043042	0.2	6	466.448	0
0.00047086	0.0470266	0.2	6	497.85	0
0.00047086	0.05138	0.2	6	535.349	0
0.00047086	0.0561365	0.2	6	580.006	0
0.00047086	0.0613333	0.2	6	633.04	0
0.00047086	0.0670111	0.2	6	695.846	0
0.00047086	0.0732147	0.2	6	770.008	0
0.00047086	0.0799925	0.2	6	857.315	0
0.00047086	0.0873977	0.2	6	959.768	0
0.00047086	0.0954885	0.2	6	1079.58	0
0.00047086	0.104328	0.2	6	1219.19	0
0.00047086	0.113986	0.2	6	1381.19	0
0.00047086	0.124539	0.2	6	1568.35	0
0.00047086	0.136068	0.2	6	1783.5	0
0.00047086	0.148664	0.2	6	2029.45	0
0.00047086	0.162426	0.2	6	2308.8	0
0.00047086	0.177463	0.2	6	2623.79	0
0.00047086	0.193892	0.2	6	2975.93	0
0.00047086	0.211841	0.2	6	3365.68	0
0.00047086	0.231452	0.2	6	3791.87	0
0.00047086	0.252878	0.2	6	4251.11	0
0.00047086	0.276288	0.2	6	4736.97	0
0.00047086	0.301866	0.2	6	5239.01	0
0.00047086	0.329811	0.2	6	5741.73	0
0.00047086	0.360343	0.2	6	6223.34	0
0.00047086	0.393701	0.2	6	6654.59	0
0.00047086	0.430148	0.2	6	6997.88	0
0.00047086	0.469968	0.2	6	7206.9	0
0.00047086	0.513475	0.2	6	7227.56	0
0.00047086	0.56101	0.2	6	7001.18	0
0.00047086	0.612945	0.2	6	6471.52	0
0.00047086	0.669688	0.2	6	5598.32	0
0.00051445	0.000104526	0.2	6	327.905	0
0.00051445	0.000114203	0.2	6	327.89	0
0.00051445	0.000124775	0.2	6	327.873	0
0.00051445	0.000136326	0.2	6	327.855	0
0.00051445	0.000148946	0.2	6	327.836	0
0.00051445	0.000162735	0.2	6	327.815	0
0.00051445	0.0001778	0.2	6	327.791	0
0.00051445	0.00019426	0.2	6	327.766	0
0.00051445	0.000212243	0.2	6	327.738	0
0.00051445	0.000231891	0.2	6	327.708	0
0.00051445	0.000253358	0.2	6	327.676	0
0.00051445	0.000276813	0.2	6	327.64	0
0.00051445	0.000302439	0.2	6	327.601	0
0.00051445	0.000330437	0.2	6	327.559	0
0.00051445	0.000361027	0.2	6	327.513	0
0.00051445	0.000394448	0.2	6	327.463	0
0.00051445	0.000430964	0.2	6	327.409	0
0.00051445	0.00047086	0.2	6	327.351	0
0.00051445	0.00051445	0.2	6	327.287	0
0.00051445	0.000562075	0.2	6	327.218	0
0.00051445	0.000614108	0.2	6	327.143	0
0.00051445	0.000670959	0.2	6	327.061	0
0.00051445	0.000733073	0.2	6	326.974	0
0.00051445	0.000800936	0.2	6	326.879	0
0.00051445	0.000875083	0.2	6	326.776	0
0.00051445	0.000956093	0.2	6	326.666	0
0.00051445	0.0010446	0.2	6	326.547	0
0.00051445	0.00114131	0.2	6	326.419	0
0.00051445	0.00124696	0.2	6	326.282	0
0.00051445	0.0013624	0.2	6	326.136	0
0.00051445	0.00148852	0.2	6	325.979	0
0.00051445	0.00162632	0.2	6	325.813	0
0.00051445	0.00177687	0.2	6	325.636	0
0.00051445	0.00194137	0.2	6	325.449	0
0.00051445	0.00212109	0.2	6	325.251	0
0.00051445	0.00231745	0.2	6	325.045	0
0.00051445	0.00253198	0.2	6	324.829	0
0.00051445	0.00276638	0.2	6	324.606	0
0.00051445	0.00302248	0.2	6	324.378	0
0.00051445	0.00330228	0.2	6	324.145	0
0.00051445	0.00360798	0.2	6	323.913	0
0.00051445	0.00394199	0.2	6	323.684	0
0.00051445	0.00430692	0.2	6	323.463	0
0.00051445	0.00470563	0.2	6	323.258	0
0.00051445	0.00514125	0.2	6	323.076	0
0.00051445	0.0056172	0.2	6	322.928	0
0.00051445	0.0061372	0.2	6	322.826	0
0.00051445	0.00670535	0.2	6	322.786	0
0.00051445	0.0073261	0.2	6	322.827	0
0.00051445	0.0080043	0.2	6	322.974	0
0.00051445	0.0087453	0.2	6	323.254	0
0.00051445	0.00955489	0.2	6	323.703	0
0.00051445	0.0104394	0.2	6	324.363	0
0.00051445	0.0114058	0.2	6	325.285	0
0.00051445	0.0124617	0.2	6	326.532	0
0.00051445	0.0136154	0.2	6	328.178	0
0.00051445	0.0148758	0.2	6	330.311	0
0.00051445	0.0162529	0.2	6	333.04	0
0.00051445	0.0177575	0.2	6	336.492	0
0.00051445	0.0194014	0.2	6	340.82	0
0.00051445	0.0211975	0.2	6	346.206	0
0.00051445	0.0231598	0.2	6	352.865	0
0.00051445	0.0253038	0.2	6	361.054	0
0.00051445	0.0276463	0.2	6	371.077	0
0.00051445	0.0302057	0.2	6	383.29	0
0.00051445	0.0330019	0.2	6	398.117	0
0.00051445	0.0360571	0.2	6	416.052	0
0.00051445	0.039395	0.2	6	437.676	0
0.00051445	0.043042	0.2	6	463.666	0
0.00051445	0.0470266	0.2	6	494.814	0
0.00051445	0.05138	0.2	6	532.033	0
0.00051445	0.0561365	0.2	6	576.383	0
0.00051445	0.0613333	0.2	6	629.08	0
0.00051445	0.0670111	0.2	6	691.515	0
0.00051445	0.0732147	0.2	6	765.271	0
0.00051445	0.0799925	0.2	6	852.131	0
0.00051445	0.0873977	0.2	6	954.094	0
0.00051445	0.0954885	0.2	6	1073.37	0
0.00051445	0.104328	0.2	6	1212.39	0
0.00051445	0.113986	0.2	6	1373.74	0
0.00051445	0.124539	0.2	6	1560.2	0
0.00051445	0.136068	0.2	6	1774.57	0
0.00051445	0.148664	0.2	6	2019.66	0
0.00051445	0.162426	0.2	6	2298.09	0
0.00051445	0.177463	0.2	6	2612.07	0
0.00051445	0.193892	0.2	6	2963.12	0
0.00051445	0.211841	0.2	6	3351.69	0
0.00051445	0.231452	0.2	6	3776.61	0
0.00051445	0.252878	0.2	6	4234.5	0
0.00051445	0.276288	0.2	6	4718.93	0
0.00051445	0.301866	0.2	6	5219.48	0
0.00051445	0.329811	0.2	6	5720.67	0
0.00051445	0.360343	0.2	6	6200.74	0
0.00051445	0.393701	0.2	6	6630.5	0
0.00051445	0.430148	0.2	6	6972.42	0
0.00051445	0.469968	0.2	6	7180.29	0
0.00051445	0.513475	0.2	6	7200.18	0
0.00051445	0.56101	0.2	6	6973.6	0
0.00051445	0.612945	0.2	6	6444.6	0
0.00051445	0.669688	0.2	6	5573.27	0
0.000562075	0.000104526	0.2	6	327.77	0
0.000562075	0.000114203	0.2	6	327.754	0
0.000562075	0.000124775	0.2	6	327.737	0
0.000562075	0.000136326	0.2	6	327.718	0
0.000562075	0.000148946	0.2	6	327.698	0
0.000562075	0.000162735	0.2	6	327.676	0
0.000562075	0.0001778	0.2	6	327.652	0
0.000562075	0.00019426	0.2	6	327.625	0
0.000562075	0.000212243	0.2	6	327.597	0
0.000562075	0.000231891	0.2	6	327.565	0
0.000562075	0.000253358	0.2	6	327.531	0
0.000562075	0.000276813	0.2	6	327.494	0
0.000562075	0.000302439	0.2	6	327.454	0
0.000562075	0.000330437	0.2	6	327.41	0
0.000562075	0.000361027	0.2	6	327.362	0
0.000562075	0.000394448	0.2	6	327.31	0
0.000562075	0.000430964	0.2	6	327.253	0
0.000562075	0.00047086	0.2	6	327.192	0
0.000562075	0.00051445	0.2	6	327.125	0
0.000562075	0.000562075	0.2	6	327.053	0
0.000562075	0.000614108	0.2	6	326.974	0
0.000562075	0.000670959	0.2	6	326.89	0
0.000562075	0.000733073	0.2	6	326.798	0
0.000562075	0.000800936	0.2	6	326.698	0
0.000562075	0.000875083	0.2	6	326.591	0
0.000562075	0.000956093	0.2	6	326.475	0
0.000562075	0.0010446	0.2	6	326.351	0
0.000562075	0.00114131	0.2	6	326.217	0
0.000562075	0.00124696	0.2	6	326.073	0
0.000562075	0.0013624	0.2	6	325.919	0
0.000562075	0.00148852	0.2	6	325.754	0
0.000562075	0.00162632	0.2	6	325.578	0
0.000562075	0.00177687	0.2	6	325.391	0
0.000562075	0.00194137	0.2	6	325.193	0
0.000562075	0.00212109	0.2	6	324.985	0
0.000562075	0.00231745	0.2	6	324.765	0
0.000562075	0.00253198	0.2	6	324.535	0
0.000562075	0.00276638	0.2	6	324.297	0
0.000562075	0.00302248	0.2	6	324.052	0
0.000562075	0.00330228	0.2	6	323.801	0
0.000562075	0.00360798	0.2	6	323.548	0
0.000562075	0.00394199	0.2	6	323.297	0
0.000562075	0.00430692	0.2	6	323.053	0
0.000562075	0.00470563	0.2	6	322.821	0
0.000562075	0.00514125	0.2	6	322.611	0
0.000562075	0.0056172	0.2	6	322.431	0
0.000562075	0.0061372	0.2	6	322.295	0
0.000562075	0.00670535	0.2	6	322.217	0
0.000562075	0.0073261	0.2	6	322.218	0
0.000562075	0.0080043	0.2	6	322.319	0
0.000562075	0.0087453	0.2	6	322.551	0
0.000562075	0.00955489	0.2	6	322.946	0
0.000562075	0.0104394	0.2	6	323.547	0
0.000562075	0.0114058	0.2	6	324.406	0
0.000562075	0.0124617	0.2	6	325.582	0
0.000562075	0.0136154	0.2	6	327.151	0
0.000562075	0.0148758	0.2	6	329.201	0
0.000562075	0.0162529	0.2	6	331.837	0
0.000562075	0.0177575	0.2	6	335.189	0
0.000562075	0.0194014	0.2	6	339.406	0
0.000562075	0.0211975	0.2	6	344.671	0
0.000562075	0.0231598	0.2	6	351.198	0
0.000562075	0.0253038	0.2	6	359.242	0
0.000562075	0.0276463	0.2	6	369.106	0
0.000562075	0.0302057	0.2	6	381.146	0
0.000562075	0.0330019	0.2	6	395.781	0
0.000562075	0.0360571	0.2	6	413.507	0
0.000562075	0.039395	0.2	6	434.902	0
0.000562075	0.043042	0.2	6	460.641	0
0.000562075	0.0470266	0.2	6	491.513	0
0.000562075	0.05138	0.2	6	528.431	0
0.000562075	0.0561365	0.2	6	572.449	0
0.000562075	0.0613333	0.2	6	624.782	0
0.000562075	0.0670111	0.2	6	686.819	0
0.000562075	0.0732147	0.2	6	760.137	0
0.000562075	0.0799925	0.2	6	846.518	0
0.000562075	0.0873977	0.2	6	947.955	0
0.000562075	0.0954885	0.2	6	1066.66	0
0.000562075	0.104328	0.2	6	1205.04	0
0.000562075	0.113986	0.2	6	1365.71	0
0.000562075	0.124539	0.2	6	1551.4	0
0.000562075	0.136068	0.2	6	1764.95	0
0.000562075	0.148664	0.2	6	2009.14	0
0.000562075	0.162426	0.2	6	2286.59	0
0.000562075	0.177463	0.2	6	2599.51	0
0.000562075	0.193892	0.2	6	2949.42	0
0.000562075	0.211841	0.2	6	3336.76	0
0.000562075	0.231452	0.2	6	3760.36	0
0.000562075	0.252878	0.2	6	4216.85	0
0.000562075	0.276288	0.2	6	4699.82	0
0.000562075	0.301866	0.2	6	5198.86	0
0.000562075	0.329811	0.2	6	5698.51	0
0.000562075	0.360343	0.2	6	6177.06	0
0.000562075	0.393701	0.2	6	6605.39	0
0.000562075	0.430148	0.2	6	6946.04	0
0.000562075	0.469968	0.2	6	7152.94	0
0.000562075	0.513475	0.2	6	7172.32	0
0.000562075	0.56101	0.2	6	6945.92	0
0.000562075	0.612945	0.2	6	6418.11	0
0.000562075	0.669688	0.2	6	5549.41	0
0.000614108	0.000104526	0.2	6	327.623	0
0.000614108	0.000114203	0.2	6	327.606	0
0.000614108	0.000124775	0.2	6	327.589	0
0.000614108	0.000136326	0.2	6	327.569	0
0.000614108	0.000148946	0.2	6	327.548	0
0.000614108	0.000162735	0.2	6	327.525	0
0.000614108	0.0001778	0.2	6	327.499	0
0.000614108	0.00019426	0.2	6	327.472	0
0.000614108	0.000212243	0.2	6	327.442	0
0.000614108	0.000231891	0.2	6	327.409	0
0.000614108	0.000253358	0.2	6	327.373	0
0.000614108	0.000276813	0.2	6	327.335	0
0.000614108	0.000302439	0.2	6	327.292	0
0.000614108	0.000330437	0.2	6	327.246	0
0.000614108	0.000361027	0.2	6	327.196	0
0.000614108	0.000394448	0.2	6	327.142	0
0.000614108	0.000430964	0.2	6	327.083	0
0.000614108	0.00047086	0.2	6	327.019	0
0.000614108	0.00051445	0.2	6	326.949	0
0.000614108	0.000562075	0.2	6	326.873	0
0.000614108	0.000614108	0.2	6	326.791	0
0.000614108	0.000670959	0.2	6	326.702	0
0.000614108	0.000733073	0.2	6	326.606	0
0.000614108	0.000800936	0.2	6	326.502	0
0.000614108	0.000875083	0.2	6	326.389	0
0.000614108	0.000956093	0.2	6	326.268	0
0.000614108	0.0010446	0.2	6	326.137	0
0.000614108	0.00114131	0.2	6	325.996	0
0.000614108	0.00124696	0.2	6	325.844	0
0.000614108	0.0013624	0.2	6	325.682	0
0.000614108	0.00148852	0.2	6	325.508	0
0.000614108	0.00162632	0.2	6	325.322	0
0.000614108	0.00177687	0.2	6	325.125	0
0.000614108	0.00194137	0.2	6	324.915	0
0.000614108	0.00212109	0.2	6	324.693	0
0.000614108	0.00231745	0.2	6	324.46	0
0.000614108	0.00253198	0.2	6	324.215	0
0.000614108	0.00276638	0.2	6	323.96	0
0.000614108	0.00302248	0.2	6	323.696	0
0.000614108	0.00330228	0.2	6	323.425	0
0.000614108	0.00360798	0.2	6	323.151	0
0.000614108	0.00394199	0.2	6	322.875	0
0.000614108	0.00430692	0.2	6	322.605	0
0.000614108	0.00470563	0.2	6	322.345	0
0.000614108	0.00514125	0.2	6	322.103	0
0.000614108	0.0056172	0.2	6	321.889	0
0.000614108	0.0061372	0.2	6	321.715	0
0.000614108	0.00670535	0.2	6	321.597	0
0.000614108	0.0073261	0.2	6	321.553	0
0.000614108	0.0080043	0.2	6	321.606	0
0.000614108	0.0087453	0.2	6	321.783	0
0.000614108	0.00955489	0.2	6	322.12	0
0.000614108	0.0104394	0.2	6	322.657	0
0.000614108	0.0114058	0.2	6	323.446	0
0.000614108	0.0124617	0.2	6	324.546	0
0.000614108	0.0136154	0.2	6	326.031	0
0.000614108	0.0148758	0.2	6	327.989	0
0.000614108	0.0162529	0.2	6	330.526	0
0.000614108	0.0177575	0.2	6	333.767	0
0.000614108	0.0194014	0.2	6	337.865	0
0.000614108	0.0211975	0.2	6	342.998	0
0.000614108	0.0231598	0.2	6	349.382	0
0.000614108	0.0253038	0.2	6	357.268	0
0.000614108	0.0276463	0.2	6	366.96	0
0.000614108	0.0302057	0.2	6	378.811	0
0.000614108	0.0330019	0.2	6	393.24	0
0.000614108	0.0360571	0.2	6	410.739	0
0.000614108	0.039395	0.2	6	431.886	0
0.000614108	0.043042	0.2	6	457.354	0
0.000614108	0.0470266	0.2	6	487.928	0
0.000614108	0.05138	0.2	6	524.519	0
0.000614108	0.0561365	0.2	6	568.18	0
0.000614108	0.0613333	0.2	6	620.122	0
0.000614108	0.0670111	0.2	6	681.729	0
0.000614108	0.0732147	0.2	6	754.577	0
0.000614108	0.0799925	0.2	6	840.444	0
0.000614108	0.0873977	0.2	6	941.318	0
0.000614108	0.0954885	0.2	6	1059.4	0
0.000614108	0.104328	0.2	6	1197.11	0
0.000614108	0.113986	0.2	6	1357.04	0
0.000614108	0.124539	0.2	6	1541.94	0
0.000614108	0.136068	0.2	6	1754.61	0
0.000614108	0.148664	0.2	6	1997.86	0
0.000614108	0.162426	0.2	6	2274.28	0
0.000614108	0.177463	0.2	6	2586.09	0
0.000614108	0.193892	0.2	6	2934.8	0
0.000614108	0.211841	0.2	6	3320.86	0
0.000614108	0.231452	0.2	6	3743.1	0
0.000614108	0.252878	0.2	6	4198.17	0
0.000614108	0.276288	0.2	6	4679.64	0
0.000614108	0.301866	0.2	6	5177.17	0
0.000614108	0.329811	0.2	6	5675.3	0
0.000614108	0.360343	0.2	6	6152.39	0
0.000614108	0.393701	0.2	6	6579.39	0
0.000614108	0.430148	0.2	6	6918.94	0
0.000614108	0.469968	0.2	6	7125.11	0
0.000614108	0.513475	0.2	6	7144.33	0
0.000614108	0.56101	0.2	6	6918.6	0
0.000614108	0.612945	0.2	6	6392.66	0
0.000614108	0.669688	0.2	6	5527.5	0
0.000670959	0.000104526	0.2	6	327.462	0
0.000670959	0.000114203	0.2	6	327.445	0
0.000670959	0.000124775	0.2	6	327.427	0
0.000670959	0.000136326	0.2	6	327.406	0
0.000670959	0.000148946	0.2	6	327.384	0
0.000670959	0.000162735	0.2	6	327.36	0
0.000670959	0.0001778	0.2	6	327.333	0
0.000670959	0.00019426	0.2	6	327.304	0
0.000670959	0.000212243	0.2	6	327.273	0
0.000670959	0.000231891	0.2	6	327.239	0
0.000670959	0.000253358	0.2	6	327.201	0
0.000670959	0.000276813	0.2	6	327.161	0
0.000670959	0.000302439	0.2	6	327.117	0
0.000670959	0.000330437	0.2	6	327.068	0
0.000670959	0.000361027	0.2	6	327.016	0
0.000670959	0.000394448	0.2	6	326.959	0
0.000670959	0.000430964	0.2	6	326.897	0
0.000670959	0.00047086	0.2	6	326.83	0
0.000670959	0.00051445	0.2	6	326.756	0
0.000670959	0.000562075	0.2	6	326.677	0
0.000670959	0.000614108	0.2	6	326.591	0
0.000670959	0.000670959	0.2	6	326.497	0
0.000670959	0.000733073	0.2	6	326.396	0
0.000670959	0.000800936	0.2	6	326.287	0
0.000670959	0.000875083	0.2	6	326.168	0
0.000670959	0.000956093	0.2	6	326.041	0
0.000670959	0.0010446	0.2	6	325.903	0
0.000670959	0.00114131	0.2	6	325.754	0
0.000670959	0.00124696	0.2	6	325.595	0
0.000670959	0.0013624	0.2	6	325.423	0
0.000670959	0.00148852	0.2	6	325.24	0
0.000670959	0.00162632	0.2	6	325.043	0
0.000670959	0.00177687	0.2	6	324.834	0
0.000670959	0.00194137	0.2	6	324.611	0
0.000670959	0.00212109	0.2	6	324.375	0
0.000670959	0.00231745	0.2	6	324.126	0
0.000670959	0.00253198	0.2	6	323.865	0
0.000670959	0.00276638	0.2	6	323.591	0
0.000670959	0.00302248	0.2	6	323.308	0
0.000670959	0.00330228	0.2	6	323.015	0
0.000670959	0.00360798	0.2	6	322.716	0
0.000670959	0.00394199	0.2	6	322.415	0
0.000670959	0.00430692	0.2	6	322.116	0
0.000670959	0.00470563	0.2	6	321.825	0
0.000670959	0.00514125	0.2	6	321.549	0
0.000670959	0.0056172	0.2	6	321.297	0
0.000670959	0.0061372	0.2	6	321.083	0
0.000670959	0.00670535	0.2	6	320.92	0
0.000670959	0.0073261	0.2	6	320.827	0
0.000670959	0.0080043	0.2	6	320.826	0
0.000670959	0.0087453	0.2	6	320.946	0
0.000670959	0.00955489	0.2	6	321.219	0
0.000670959	0.0104394	0.2	6	321.687	0
0.000670959	0.0114058	0.2	6	322.399	0
0.000670959	0.0124617	0.2	6	323.416	0
0.000670959	0.0136154	0.2	6	324.81	0
0.000670959	0.0148758	0.2	6	326.668	0
0.000670959	0.0162529	0.2	6	329.096	0
0.000670959	0.0177575	0.2	6	332.218	0
0.000670959	0.0194014	0.2	6	336.185	0
0.000670959	0.0211975	0.2	6	341.176	0
0.000670959	0.0231598	0.2	6	347.403	0
0.000670959	0.0253038	0.2	6	355.119	0
0.000670959	0.0276463	0.2	6	364.623	0
0.000670959	0.0302057	0.2	6	376.27	0
0.000670959	0.0330019	0.2	6	390.475	0
0.000670959	0.0360571	0.2	6	407.729	0
0.000670959	0.039395	0.2	6	428.608	0
0.000670959	0.043042	0.2	6	453.782	0
0.000670959	0.0470266	0.2	6	484.035	0
0.000670959	0.05138	0.2	6	520.274	0
0.000670959	0.0561365	0.2	6	563.551	0
0.000670959	0.0613333	0.2	6	615.071	0
0.000670959	0.0670111	0.2	6	676.218	0
0.000670959	0.0732147	0.2	6	748.563	0
0.000670959	0.0799925	0.2	6	833.878	0
0.000670959	0.0873977	0.2	6	934.151	0
0.000670959	0.0954885	0.2	6	1051.58	0
0.000670959	0.104328	0.2	6	1188.57	0
0.000670959	0.113986	0.2	6	1347.72	0
0.000670959	0.124539	0.2	6	1531.77	0
0.000670959	0.136068	0.2	6	1743.52	0
0.000670959	0.148664	0.2	6	1985.77	0
0.000670959	0.162426	0.2	6	2261.12	0
0.000670959	0.177463	0.2	6	2571.77	0
0.000670959	0.193892	0.2	6	2919.24	0
0.000670959	0.211841	0.2	6	3303.98	0
0.000670959	0.231452	0.2	6	3724.84	0
0.000670959	0.252878	0.2	6	4178.46	0
0.000670959	0.276288	0.2	6	4658.45	0
0.000670959	0.301866	0.2	6	5154.48	0
0.000670959	0.329811	0.2	6	5651.15	0
0.000670959	0.360343	0.2	6	6126.88	0
0.000670959	0.393701	0.2	6	6552.7	0
0.000670959	0.430148	0.2	6	6891.38	0
0.000670959	0.469968	0.2	6	7097.15	0
0.000670959	0.513475	0.2	6	7116.67	0
0.000670959	0.56101	0.2	6	6892.25	0
0.000670959	0.612945	0.2	6	6369.03	0
0.000670959	0.669688	0.2	6	5508.54	0
0.000733073	0.000104526	0.2	6	327.288	0
0.000733073	0.000114203	0.2	6	327.27	0
0.000733073	0.000124775	0.2	6	327.25	0
0.000733073	0.000136326	0.2	6	327.229	0
0.000733073	0.000148946	0.2	6	327.205	0
0.000733073	0.000162735	0.2	6	327.18	0
0.000733073	0.0001778	0.2	6	327.152	0
0.000733073	0.00019426	0.2	6	327.122	0
0.000733073	0.000212243	0.2	6	327.089	0
0.000733073	0.000231891	0.2	6	327.053	0
0.000733073	0.000253358	0.2	6	327.014	0
0.000733073	0.000276813	0.2	6	326.971	0
0.000733073	0.000302439	0.2	6	326.925	0
0.000733073	0.000330437	0.2	6	326.874	0
0.000733073	0.000361027	0.2	6	326.819	0
0.000733073	0.000394448	0.2	6	326.759	0
0.000733073	0.000430964	0.2	6	326.694	0
0.000733073	0.00047086	0.2	6	326.623	0
0.000733073	0.00051445	0.2	6	326.547	0
0.000733073	0.000562075	0.2	6	326.463	0
0.000733073	0.000614108	0.2	6	326.372	0
0.000733073	0.000670959	0.2	6	326.274	0
0.000733073	0.000733073	0.2	6	326.168	0
0.000733073	0.000800936	0.2	6	326.053	0
0.000733073	0.000875083	0.2	6	325.928	0
0.000733073	0.000956093	0.2	6	325.793	0
0.000733073	0.0010446	0.2	6	325.648	0
0.000733073	0.00114131	0.2	6	325.491	0
0.000733073	0.00124696	0.2	6	325.322	0
0.000733073	0.0013624	0.2	6	325.141	0
0.000733073	0.00148852	0.2	6	324.947	0
0.000733073	0.00162632	0.2	6	324.739	0
0.000733073	0.00177687	0.2	6	324.516	0
0.000733073	0.00194137	0.2	6	324.28	0
0.000733073	0.00212109	0.2	6	324.029	0
0.000733073	0.00231745	0.2	6	323.763	0
0.000733073	0.00253198	0.2	6	323.483	0
0.000733073	0.00276638	0.2	6	323.189	0
0.000733073	0.00302248	0.2	6	322.884	0
0.000733073	0.00330228	0.2	6	322.567	0
0.000733073	0.00360798	0.2	6	322.242	0
0.000733073	0.00394199	0.2	6	321.913	0
0.000733073	0.00430692	0.2	6	321.582	0
0.000733073	0.00470563	0.2	6	321.257	0
0.000733073	0.00514125	0.2	6	320.944	0
0.000733073	0.0056172	0.2	6	320.652	0
0.000733073	0.0061372	0.2	6	320.393	0
0.000733073	0.00670535	0.2	6	320.181	0
0.000733073	0.0073261	0.2	6	320.035	0
0.000733073	0.0080043	0.2	6	319.976	0
0.000733073	0.0087453	0.2	6	320.032	0
0.000733073	0.00955489	0.2	6	320.236	0
0.000733073	0.0104394	0.2	6	320.628	0
0.000733073	0.0114058	0.2	6	321.257	0
0.000733073	0.0124617	0.2	6	322.183	0
0.000733073	0.0136154	0.2	6	323.478	0
0.000733073	0.0148758	0.2	6	325.228	0
0.000733073	0.0162529	0.2	6	327.537	0
0.000733073	0.0177575	0.2	6	330.53	0
0.000733073	0.0194014	0.2	6	334.355	0
0.000733073	0.0211975	0.2	6	339.191	0
0.000733073	0.0231598	0.2	6	345.249	0
0.000733073	0.0253038	0.2	6	352.779	0
0.000733073	0.0276463	0.2	6	362.081	0
0.000733073	0.0302057	0.2	6	373.506	0
0.000733073	0.0330019	0.2	6	387.469	0
0.000733073	0.0360571	0.2	6	404.458	0
0.000733073	0.039395	0.2	6	425.047	0
0.000733073	0.043042	0.2	6	449.904	0
0.000733073	0.0470266	0.2	6	479.811	0
0.000733073	0.05138	0.2	6	515.672	0
0.000733073	0.0561365	0.2	6	558.534	0
0.000733073	0.0613333	0.2	6	609.603	0
0.000733073	0.0670111	0.2	6	670.256	0
0.000733073	0.0732147	0.2	6	742.062	0
0.000733073	0.0799925	0.2	6	826.789	0
0.000733073	0.0873977	0.2	6	926.421	0
0.000733073	0.0954885	0.2	6	1043.15	0
0.000733073	0.104328	0.2	6	1179.39	0
0.000733073	0.113986	0.2	6	1337.71	0
0.000733073	0.124539	0.2	6	1520.86	0
0.000733073	0.136068	0.2	6	1731.65	0
0.000733073	0.148664	0.2	6	1972.86	0
0.000733073	0.162426	0.2	6	2247.08	0
0.000733073	0.177463	0.2	6	2556.54	0
0.000733073	0.193892	0.2	6	2902.74	0
0.000733073	0.211841	0.2	6	3286.14	0
0.000733073	0.231452	0.2	6	3705.6	0
0.000733073	0.252878	0.2	6	4157.77	0
0.000733073	0.276288	0.2	6	4636.31	0
0.000733073	0.301866	0.2	6	5130.9	0
0.000733073	0.329811	0.2	6	5626.21	0
0.000733073	0.360343	0.2	6	6100.73	0
0.000733073	0.393701	0.2	6	6525.59	0
0.000733073	0.430148	0.2	6	6863.72	0
0.000733073	0.469968	0.2	6	7069.53	0
0.000733073	0.513475	0.2	6	7089.95	0
0.000733073	0.56101	0.2	6	6867.63	0
0.000733073	0.612945	0.2	6	6348.18	0
0.000733073	0.669688	0.2	6	5493.77	0
0.000800936	0.000104526	0.2	6	327.097	0
0.000800936	0.000114203	0.2	6	327.078	0
0.000800936	0.000124775	0.2	6	327.057	0
0.000800936	0.000136326	0.2	6	327.035	0
0.000800936	0.000148946	0.2	6	327.01	0
0.000800936	0.000162735	0.2	6	326.984	0
0.000800936	0.0001778	0.2	6	326.955	0
0.000800936	0.00019426	0.2	6	326.923	0
0.000800936	0.000212243	0.2	6	326.888	0
0.000800936	0.000231891	0.2	6	326.85	0
0.000800936	0.000253358	0.2	6	326.809	0
0.000800936	0.000276813	0.2	6	326.764	0
0.000800936	0.000302439	0.2	6	326.716	0
0.000800936	0.000330437	0.2	6	326.662	0
0.000800936	0.000361027	0.2	6	326.605	0
0.000800936	0.000394448	0.2	6	326.542	0
0.000800936	0.000430964	0.2	6	326.473	0
0.000800936	0.00047086	0.2	6	326.399	0
0.000800936	0.00051445	0.2	6	326.318	0
0.000800936	0.000562075	0.2	6	326.23	0
0.000800936	0.000614108	0.2	6	326.134	0
0.000800936	0.000670959	0.2	6	326.031	0
0.000800936	0.000733073	0.2	6	325.919	0
0.000800936	0.000800936	0.2	6	325.797	0
0.000800936	0.000875083	0.2	6	325.665	0
0.000800936	0.000956093	0.2	6	325.523	0
0.000800936	0.0010446	0.2	6	325.369	0
0.000800936	0.00114131	0.2	6	325.204	0
0.000800936	0.00124696	0.2	6	325.025	0
0.000800936	0.0013624	0.2	6	324.833	0
0.000800936	0.00148852	0.2	6	324.627	0
0.000800936	0.00162632	0.2	6	324.406	0
0.000800936	0.00177687	0.2	6	324.17	0
0.000800936	0.00194137	0.2	6	323.918	0
0.000800936	0.00212109	0.2	6	323.65	0
0.000800936	0.00231745	0.2	6	323.366	0
0.000800936	0.00253198	0.2	6	323.066	0
0.000800936	0.00276638	0.2	6	322.751	0
0.000800936	0.00302248	0.2	6	322.421	0
0.000800936	0.00330228	0.2	6	322.078	0
0.000800936	0.00360798	0.2	6	321.725	0
0.000800936	0.00394199	0.2	6	321.364	0
0.000800936	0.00430692	0.2	6	321	0
0.000800936	0.00470563	0.2	6	320.637	0
0.000800936	0.00514125	0.2	6	320.283	0
0.000800936	0.0056172	0.2	6	319.947	0
0.000800936	0.0061372	0.2	6	319.64	0
0.000800936	0.00670535	0.2	6	319.375	0
0.000800936	0.0073261	0.2	6	319.171	0
0.000800936	0.0080043	0.2	6	319.049	0
0.000800936	0.0087453	0.2	6	319.036	0
0.000800936	0.00955489	0.2	6	319.164	0
0.000800936	0.0104394	0.2	6	319.473	0
0.000800936	0.0114058	0.2	6	320.012	0
0.000800936	0.0124617	0.2	6	320.839	0
0.000800936	0.0136154	0.2	6	322.026	0
0.000800936	0.0148758	0.2	6	323.658	0
0.000800936	0.0162529	0.2	6	325.839	0
0.000800936	0.0177575	0.2	6	328.691	0
0.000800936	0.0194014	0.2	6	332.362	0
0.000800936	0.0211975	0.2	6	337.03	0
0.000800936	0.0231598	0.2	6	342.904	0
0.000800936	0.0253038	0.2	6	350.234	0
0.000800936	0.0276463	0.2	6	359.316	0
0.000800936	0.0302057	0.2	6	370.501	0
0.000800936	0.0330019	0.2	6	384.202	0
0.000800936	0.0360571	0.2	6	400.905	0
0.000800936	0.039395	0.2	6	421.181	0
0.000800936	0.043042	0.2	6	445.697	0
0.000800936	0.0470266	0.2	6	475.231	0
0.000800936	0.05138	0.2	6	510.685	0
0.000800936	0.0561365	0.2	6	553.103	0
0.000800936	0.0613333	0.2	6	603.688	0
0.000800936	0.0670111	0.2	6	663.813	0
0.000800936	0.0732147	0.2	6	735.044	0
0.000800936	0.0799925	0.2	6	819.145	0
0.000800936	0.0873977	0.2	6	918.096	0
0.000800936	0.0954885	0.2	6	1034.09	0
0.000800936	0.104328	0.2	6	1169.52	0
0.000800936	0.113986	0.2	6	1326.98	0
0.000800936	0.124539	0.2	6	1509.19	0
0.000800936	0.136068	0.2	6	1718.97	0
0.000800936	0.148664	0.2	6	1959.1	0
0.000800936	0.162426	0.2	6	2232.17	0
0.000800936	0.177463	0.2	6	2540.39	0
0.000800936	0.193892	0.2	6	2885.3	0
0.000800936	0.211841	0.2	6	3267.35	0
0.000800936	0.231452	0.2	6	3685.42	0
0.000800936	0.252878	0.2	6	4136.18	0
0.000800936	0.276288	0.2	6	4613.32	0
0.000800936	0.301866	0.2	6	5106.57	0
0.000800936	0.329811	0.2	6	5600.68	0
0.000800936	0.360343	0.2	6	6074.21	0
0.000800936	0.393701	0.2	6	6498.43	0
0.000800936	0.430148	0.2	6	6836.42	0
0.000800936	0.469968	0.2	6	7042.85	0
0.000800936	0.513475	0.2	6	7064.92	0
0.000800936	0.56101	0.2	6	6845.7	0
0.000800936	0.612945	0.2	6	6331.34	0
0.000800936	0.669688	0.2	6	5484.72	0
0.000875083	0.000104526	0.2	6	326.889	0
0.000875083	0.000114203	0.2	6	326.869	0
0.000875083	0.000124775	0.2	6	326.847	0
0.000875083	0.000136326	0.2	6	326.824	0
0.000875083	0.000148946	0.2	6	326.798	0
0.000875083	0.000162735	0.2	6	326.77	0
0.000875083	0.0001778	0.2	6	326.739	0
0.000875083	0.00019426	0.2	6	326.706	0
0.000875083	0.000212243	0.2	6	326.669	0
0.000875083	0.000231891	0.2	6	326.63	0
0.000875083	0.000253358	0.2	6	326.586	0
0.000875083	0.000276813	0.2	6	326.539	0
0.000875083	0.000302439	0.2	6	326.488	0
0.000875083	0.000330437	0.2	6	326.432	0
0.000875083	0.000361027	0.2	6	326.371	0
0.000875083	0.000394448	0.2	6	326.304	0
0.000875083	0.000430964	0.2	6	326.232	0
0.000875083	0.00047086	0.2	6	326.153	0
0.000875083	0.00051445	0.2	6	326.068	0
0.000875083	0.000562075	0.2	6	325.975	0
0.000875083	0.000614108	0.2	6	325.875	0
0.000875083	0.000670959	0.2	6	325.765	0
0.000875083	0.000733073	0.2	6	325.647	0
0.000875083	0.000800936	0.2	6	325.518	0
0.000875083	0.000875083	0.2	6	325.379	0
0.000875083	0.000956093	0.2	6	325.229	0
0.000875083	0.0010446	0.2	6	325.066	0
0.000875083	0.00114131	0.2	6	324.89	0
0.000875083	0.00124696	0.2	6	324.701	0
0.000875083	0.0013624	0.2	6	324.497	0
0.000875083	0.00148852	0.2	6	324.278	0
0.000875083	0.00162632	0.2	6	324.043	0
0.000875083	0.00177687	0.2	6	323.792	0
0.000875083	0.00194137	0.2	6	323.523	0
0.000875083	0.00212109	0.2	6	323.237	0
0.000875083	0.00231745	0.2	6	322.933	0
0.000875083	0.00253198	0.2	6	322.611	0
0.000875083	0.00276638	0.2	6	322.272	0
0.000875083	0.00302248	0.2	6	321.916	0
0.000875083	0.00330228	0.2	6	321.545	0
0.000875083	0.00360798	0.2	6	321.161	0
0.000875083	0.00394199	0.2	6	320.766	0
0.000875083	0.00430692	0.2	6	320.364	0
0.000875083	0.00470563	0.2	6	319.961	0
0.000875083	0.00514125	0.2	6	319.563	0
0.000875083	0.0056172	0.2	6	319.178	0
0.000875083	0.0061372	0.2	6	318.818	0
0.000875083	0.00670535	0.2	6	318.496	0
0.000875083	0.0073261	0.2	6	318.228	0
0.000875083	0.0080043	0.2	6	318.037	0
0.000875083	0.0087453	0.2	6	317.948	0
0.000875083	0.00955489	0.2	6	317.994	0
0.000875083	0.0104394	0.2	6	318.213	0
0.000875083	0.0114058	0.2	6	318.654	0
0.000875083	0.0124617	0.2	6	319.374	0
0.000875083	0.0136154	0.2	6	320.444	0
0.000875083	0.0148758	0.2	6	321.948	0
0.000875083	0.0162529	0.2	6	323.988	0
0.000875083	0.0177575	0.2	6	326.687	0
0.000875083	0.0194014	0.2	6	330.192	0
0.000875083	0.0211975	0.2	6	334.677	0
0.000875083	0.0231598	0.2	6	340.352	0
0.000875083	0.0253038	0.2	6	347.464	0
0.000875083	0.0276463	0.2	6	356.309	0
0.000875083	0.0302057	0.2	6	367.235	0
0.000875083	0.0330019	0.2	6	380.653	0
0.000875083	0.0360571	0.2	6	397.047	0
0.000875083	0.039395	0.2	6	416.987	0
0.000875083	0.043042	0.2	6	441.135	0
0.000875083	0.0470266	0.2	6	470.268	0
0.000875083	0.05138	0.2	6	505.286	0
0.000875083	0.0561365	0.2	6	547.229	0
0.000875083	0.0613333	0.2	6	597.296	0
0.000875083	0.0670111	0.2	6	656.858	0
0.000875083	0.0732147	0.2	6	727.477	0
0.000875083	0.0799925	0.2	6	810.914	0
0.000875083	0.0873977	0.2	6	909.145	0
0.000875083	0.0954885	0.2	6	1024.36	0
0.000875083	0.104328	0.2	6	1158.95	0
0.000875083	0.113986	0.2	6	1315.5	0
0.000875083	0.124539	0.2	6	1496.74	0
0.000875083	0.136068	0.2	6	1705.47	0
0.000875083	0.148664	0.2	6	1944.48	0
0.000875083	0.162426	0.2	6	2216.37	0
0.000875083	0.177463	0.2	6	2523.35	0
0.000875083	0.193892	0.2	6	2866.96	0
0.000875083	0.211841	0.2	6	3247.67	0
0.000875083	0.231452	0.2	6	3664.38	0
0.000875083	0.252878	0.2	6	4113.8	0
0.000875083	0.276288	0.2	6	4589.64	0
0.000875083	0.301866	0.2	6	5081.71	0
0.000875083	0.329811	0.2	6	5574.83	0
0.000875083	0.360343	0.2	6	6047.68	0
0.000875083	0.393701	0.2	6	6471.67	0
0.000875083	0.430148	0.2	6	6810.09	0
0.000875083	0.469968	0.2	6	7017.86	0
0.000875083	0.513475	0.2	6	7042.55	0
0.000875083	0.56101	0.2	6	6827.69	0
0.000875083	0.612945	0.2	6	6320.04	0
0.000875083	0.669688	0.2	6	5483.3	0
0.000956093	0.000104526	0.2	6	326.662	0
0.000956093	0.000114203	0.2	6	326.641	0
0.000956093	0.000124775	0.2	6	326.619	0
0.000956093	0.000136326	0.2	6	326.594	0
0.000956093	0.000148946	0.2	6	326.566	0
0.000956093	0.000162735	0.2	6	326.537	0
0.000956093	0.0001778	0.2	6	326.504	0
0.000956093	0.00019426	0.2	6	326.469	0
0.000956093	0.000212243	0.2	6	326.431	0
0.000956093	0.000231891	0.2	6	326.389	0
0.000956093	0.000253358	0.2	6	326.343	0
0.000956093	0.000276813	0.2	6	326.293	0
0.000956093	0.000302439	0.2	6	326.239	0
0.000956093	0.000330437	0.2	6	326.18	0
0.000956093	0.000361027	0.2	6	326.115	0
0.000956093	0.000394448	0.2	6	326.045	0
0.000956093	0.000430964	0.2	6	325.969	0
0.000956093	0.00047086	0.2	6	325.886	0
0.000956093	0.00051445	0.2	6	325.796	0
0.000956093	0.000562075	0.2	6	325.698	0
0.000956093	0.000614108	0.2	6	325.591	0
0.000956093	0.000670959	0.2	6	325.476	0
0.000956093	0.000733073	0.2	6	325.35	0
0.000956093	0.000800936	0.2	6	325.214	0
0.000956093	0.000875083	0.2	6	325.067	0
0.000956093	0.000956093	0.2	6	324.907	0
0.000956093	0.0010446	0.2	6	324.735	0
0.000956093	0.00114131	0.2	6	324.549	0
0.000956093	0.00124696	0.2	6	324.348	0
0.000956093	0.0013624	0.2	6	324.131	0
0.000956093	0.00148852	0.2	6	323.898	0
0.000956093	0.00162632	0.2	6	323.648	0
0.000956093	0.00177687	0.2	6	323.379	0
0.000956093	0.00194137	0.2	6	323.092	0
0.000956093	0.00212109	0.2	6	322.786	0
0.000956093	0.00231745	0.2	6	322.46	0
0.000956093	0.00253198	0.2	6	322.115	0
0.000956093	0.00276638	0.2	6	321.75	0
0.000956093	0.00302248	0.2	6	321.365	0
0.000956093	0.00330228	0.2	6	320.963	0
0.000956093	0.00360798	0.2	6	320.545	0
0.000956093	0.00394199	0.2	6	320.113	0
0.000956093	0.00430692	0.2	6	319.671	0
0.000956093	0.00470563	0.2	6	319.223	0
0.000956093	0.00514125	0.2	6	318.777	0
0.000956093	0.0056172	0.2	6	318.339	0
0.000956093	0.0061372	0.2	6	317.921	0
0.000956093	0.00670535	0.2	6	317.536	0
0.000956093	0.0073261	0.2	6	317.2	0
0.000956093	0.0080043	0.2	6	316.934	0
0.000956093	0.0087453	0.2	6	316.763	0
0.000956093	0.00955489	0.2	6	316.719	0
0.000956093	0.0104394	0.2	6	316.84	0
0.000956093	0.0114058	0.2	6	317.174	0
0.000956093	0.0124617	0.2	6	317.777	0
0.000956093	0.0136154	0.2	6	318.719	0
0.000956093	0.0148758	0.2	6	320.084	0
0.000956093	0.0162529	0.2	6	321.973	0
0.000956093	0.0177575	0.2	6	324.506	0
0.000956093	0.0194014	0.2	6	327.829	0
0.000956093	0.0211975	0.2	6	332.117	0
0.000956093	0.0231598	0.2	6	337.576	0
0.000956093	0.0253038	0.2	6	344.453	0
0.000956093	0.0276463	0.2	6	353.041	0
0.000956093	0.0302057	0.2	6	363.687	0
0.000956093	0.0330019	0.2	6	376.8	0
0.000956093	0.0360571	0.2	6	392.862	0
0.000956093	0.039395	0.2	6	412.439	0
0.000956093	0.043042	0.2	6	436.193	0
0.000956093	0.0470266	0.2	6	464.896	0
0.000956093	0.05138	0.2	6	499.447	0
0.000956093	0.0561365	0.2	6	540.882	0
0.000956093	0.0613333	0.2	6	590.397	0
0.000956093	0.0670111	0.2	6	649.36	0
0.000956093	0.0732147	0.2	6	719.33	0
0.000956093	0.0799925	0.2	6	802.065	0
0.000956093	0.0873977	0.2	6	899.536	0
0.000956093	0.0954885	0.2	6	1013.93	0
0.000956093	0.104328	0.2	6	1147.64	0
0.000956093	0.113986	0.2	6	1303.24	0
0.000956093	0.124539	0.2	6	1483.47	0
0.000956093	0.136068	0.2	6	1691.13	0
0.000956093	0.148664	0.2	6	1929	0
0.000956093	0.162426	0.2	6	2199.7	0
0.000956093	0.177463	0.2	6	2505.44	0
0.000956093	0.193892	0.2	6	2847.77	0
0.000956093	0.211841	0.2	6	3227.18	0
0.000956093	0.231452	0.2	6	3642.6	0
0.000956093	0.252878	0.2	6	4090.78	0
0.000956093	0.276288	0.2	6	4565.49	0
0.000956093	0.301866	0.2	6	5056.6	0
0.000956093	0.329811	0.2	6	5549.05	0
0.000956093	0.360343	0.2	6	6021.62	0
0.000956093	0.393701	0.2	6	6445.93	0
0.000956093	0.430148	0.2	6	6785.5	0
0.000956093	0.469968	0.2	6	6995.54	0
0.000956093	0.513475	0.2	6	7024.05	0
0.000956093	0.56101	0.2	6	6815.1	0
0.000956093	0.612945	0.2	6	6316.16	0
0.000956093	0.669688	0.2	6	5491.86	0
0.0010446	0.000104526	0.2	6	326.415	0
0.0010446	0.000114203	0.2	6	326.393	0
0.0010446	0.000124775	0.2	6	326.369	0
0.0010446	0.000136326	0.2	6	326.343	0
0.0010446	0.000148946	0.2	6	326.314	0
0.0010446	0.000162735	0.2	6	326.283	0
0.0010446	0.0001778	0.2	6	326.249	0
0.0010446	0.00019426	0.2	6	326.211	0
0.0010446	0.000212243	0.2	6	326.171	0
0.0010446	0.000231891	0.2	6	326.126	0
0.0010446	0.000253358	0.2	6	326.078	0
0.0010446	0.000276813	0.2	6	326.025	0
0.0010446	0.000302439	0.2	6	325.968	0
0.0010446	0.000330437	0.2	6	325.906	0
0.0010446	0.000361027	0.2	6	325.837	0
0.0010446	0.000394448	0.2	6	325.763	0
0.0010446	0.000430964	0.2	6	325.683	0
0.0010446	0.00047086	0.2	6	325.595	0
0.0010446	0.00051445	0.2	6	325.499	0
0.0010446	0.000562075	0.2	6	325.395	0
0.0010446	0.000614108	0.2	6	325.283	0
0.0010446	0.000670959	0.2	6	325.16	0
0.0010446	0.000733073	0.2	6	325.027	0
0.0010446	0.000800936	0.2	6	324.883	0
0.0010446	0.000875083	0.2	6	324.726	0
0.0010446	0.000956093	0.2	6	324.557	0
0.0010446	0.0010446	0.2	6	324.374	0
0.0010446	0.00114131	0.2	6	324.176	0
0.0010446	0.00124696	0.2	6	323.962	0
0.0010446	0.0013624	0.2	6	323.731	0
0.0010446	0.00148852	0.2	6	323.483	0
0.0010446	0.00162632	0.2	6	323.216	0
0.0010446	0.00177687	0.2	6	322.929	0
0.0010446	0.00194137	0.2	6	322.622	0
0.0010446	0.00212109	0.2	6	322.294	0
0.0010446	0.00231745	0.2	6	321.945	0
0.0010446	0.00253198	0.2	6	321.573	0
0.0010446	0.00276638	0.2	6	321.18	0
0.0010446	0.00302248	0.2	6	320.764	0
0.0010446	0.00330228	0.2	6	320.328	0
0.0010446	0.00360798	0.2	6	319.873	0
0.0010446	0.00394199	0.2	6	319.401	0
0.0010446	0.00430692	0.2	6	318.914	0
0.0010446	0.00470563	0.2	6	318.419	0
0.0010446	0.00514125	0.2	6	317.919	0
0.0010446	0.0056172	0.2	6	317.424	0
0.0010446	0.0061372	0.2	6	316.943	0
0.0010446	0.00670535	0.2	6	316.489	0
0.0010446	0.0073261	0.2	6	316.078	0
0.0010446	0.0080043	0.2	6	315.73	0
0.0010446	0.0087453	0.2	6	315.47	0
0.0010446	0.00955489	0.2	6	315.329	0
0.0010446	0.0104394	0.2	6	315.343	0
0.0010446	0.0114058	0.2	6	315.561	0
0.0010446	0.0124617	0.2	6	316.037	0
0.0010446	0.0136154	0.2	6	316.841	0
0.0010446	0.0148758	0.2	6	318.054	0
0.0010446	0.0162529	0.2	6	319.778	0
0.0010446	0.0177575	0.2	6	322.131	0
0.0010446	0.0194014	0.2	6	325.258	0
0.0010446	0.0211975	0.2	6	329.332	0
0.0010446	0.0231598	0.2	6	334.558	0
0.0010446	0.0253038	0.2	6	341.181	0
0.0010446	0.0276463	0.2	6	349.492	0
0.0010446	0.0302057	0.2	6	359.836	0
0.0010446	0.0330019	0.2	6	372.62	0
0.0010446	0.0360571	0.2	6	388.324	0
0.0010446	0.039395	0.2	6	407.512	0
0.0010446	0.043042	0.2	6	430.843	0
0.0010446	0.0470266	0.2	6	459.087	0
0.0010446	0.05138	0.2	6	493.138	0
0.0010446	0.0561365	0.2	6	534.032	0
0.0010446	0.0613333	0.2	6	582.96	0
0.0010446	0.0670111	0.2	6	641.289	0
0.0010446	0.0732147	0.2	6	710.573	0
0.0010446	0.0799925	0.2	6	792.568	0
0.0010446	0.0873977	0.2	6	889.243	0
0.0010446	0.0954885	0.2	6	1002.78	0
0.0010446	0.104328	0.2	6	1135.58	0
0.0010446	0.113986	0.2	6	1290.21	0
0.0010446	0.124539	0.2	6	1469.4	0
0.0010446	0.136068	0.2	6	1675.96	0
0.0010446	0.148664	0.2	6	1912.69	0
0.0010446	0.162426	0.2	6	2182.19	0
0.0010446	0.177463	0.2	6	2486.71	0
0.0010446	0.193892	0.2	6	2827.81	0
0.0010446	0.211841	0.2	6	3205.99	0
0.0010446	0.231452	0.2	6	3620.24	0
0.0010446	0.252878	0.2	6	4067.35	0
0.0010446	0.276288	0.2	6	4541.15	0
0.0010446	0.301866	0.2	6	5031.62	0
0.0010446	0.329811	0.2	6	5523.79	0
0.0010446	0.360343	0.2	6	5996.64	0
0.0010446	0.393701	0.2	6	6421.98	0
0.0010446	0.430148	0.2	6	6763.59	0
0.0010446	0.469968	0.2	6	6977.09	0
0.0010446	0.513475	0.2	6	7010.93	0
0.0010446	0.56101	0.2	6	6809.81	0
0.0010446	0.612945	0.2	6	6322.03	0
0.0010446	0.669688	0.2	6	5513.28	0
0.00114131	0.000104526	0.2	6	326.146	0
0.00114131	0.000114203	0.2	6	326.123	0
0.00114131	0.000124775	0.2	6	326.098	0
0.00114131	0.000136326	0.2	6	326.07	0
0.00114131	0.000148946	0.2	6	326.039	0
0.00114131	0.000162735	0.2	6	326.006	0
0.00114131	0.0001778	0.2	6	325.97	0
0.00114131	0.00019426	0.2	6	325.931	0
0.00114131	0.000212243	0.2	6	325.888	0
0.00114131	0.000231891	0.2	6	325.841	0
0.00114131	0.000253358	0.2	6	325.789	0
0.00114131	0.000276813	0.2	6	325.734	0
0.00114131	0.000302439	0.2	6	325.673	0
0.00114131	0.000330437	0.2	6	325.607	0
0.00114131	0.000361027	0.2	6	325.534	0
0.00114131	0.000394448	0.2	6	325.456	0
0.00114131	0.000430964	0.2	6	325.37	0
0.00114131	0.00047086	0.2	6	325.277	0
0.00114131	0.00051445	0.2	6	325.176	0
0.00114131	0.000562075	0.2	6	325.066	0
0.00114131	0.000614108	0.2	6	324.946	0
0.00114131	0.000670959	0.2	6	324.816	0
0.00114131	0.000733073	0.2	6	324.675	0
0.00114131	0.000800936	0.2	6	324.521	0
0.00114131	0.000875083	0.2	6	324.355	0
0.00114131	0.000956093	0.2	6	324.175	0
0.00114131	0.0010446	0.2	6	323.98	0
0.00114131	0.00114131	0.2	6	323.769	0
0.00114131	0.00124696	0.2	6	323.541	0
0.00114131	0.0013624	0.2	6	323.296	0
0.00114131	0.00148852	0.2	6	323.03	0
0.00114131	0.00162632	0.2	6	322.745	0
0.00114131	0.00177687	0.2	6	322.439	0
0.00114131	0.00194137	0.2	6	322.11	0
0.00114131	0.00212109	0.2	6	321.758	0
0.00114131	0.00231745	0.2	6	321.383	0
0.00114131	0.00253198	0.2	6	320.983	0
0.00114131	0.00276638	0.2	6	320.558	0
0.00114131	0.00302248	0.2	6	320.109	0
0.00114131	0.00330228	0.2	6	319.636	0
0.00114131	0.00360798	0.2	6	319.14	0
0.00114131	0.00394199	0.2	6	318.624	0
0.00114131	0.00430692	0.2	6	318.089	0
0.00114131	0.00470563	0.2	6	317.541	0
0.00114131	0.00514125	0.2	6	316.984	0
0.00114131	0.0056172	0.2	6	316.426	0
0.00114131	0.0061372	0.2	6	315.877	0
0.00114131	0.00670535	0.2	6	315.348	0
0.00114131	0.0073261	0.2	6	314.855	0
0.00114131	0.0080043	0.2	6	314.418	0
0.00114131	0.0087453	0.2	6	314.061	0
0.00114131	0.00955489	0.2	6	313.813	0
0.00114131	0.0104394	0.2	6	313.712	0
0.00114131	0.0114058	0.2	6	313.803	0
0.00114131	0.0124617	0.2	6	314.142	0
0.00114131	0.0136154	0.2	6	314.795	0
0.00114131	0.0148758	0.2	6	315.845	0
0.00114131	0.0162529	0.2	6	317.389	0
0.00114131	0.0177575	0.2	6	319.548	0
0.00114131	0.0194014	0.2	6	322.462	0
0.00114131	0.0211975	0.2	6	326.304	0
0.00114131	0.0231598	0.2	6	331.278	0
0.00114131	0.0253038	0.2	6	337.626	0
0.00114131	0.0276463	0.2	6	345.639	0
0.00114131	0.0302057	0.2	6	355.658	0
0.00114131	0.0330019	0.2	6	368.088	0
0.00114131	0.0360571	0.2	6	383.408	0
0.00114131	0.039395	0.2	6	402.179	0
0.00114131	0.043042	0.2	6	425.057	0
0.00114131	0.0470266	0.2	6	452.81	0
0.00114131	0.05138	0.2	6	486.33	0
0.00114131	0.0561365	0.2	6	526.648	0
0.00114131	0.0613333	0.2	6	574.955	0
0.00114131	0.0670111	0.2	6	632.614	0
0.00114131	0.0732147	0.2	6	701.176	0
0.00114131	0.0799925	0.2	6	782.397	0
0.00114131	0.0873977	0.2	6	878.242	0
0.00114131	0.0954885	0.2	6	990.894	0
0.00114131	0.104328	0.2	6	1122.75	0
0.00114131	0.113986	0.2	6	1276.38	0
0.00114131	0.124539	0.2	6	1454.52	0
0.00114131	0.136068	0.2	6	1659.99	0
0.00114131	0.148664	0.2	6	1895.58	0
0.00114131	0.162426	0.2	6	2163.92	0
0.00114131	0.177463	0.2	6	2467.26	0
0.00114131	0.193892	0.2	6	2807.2	0
0.00114131	0.211841	0.2	6	3184.29	0
0.00114131	0.231452	0.2	6	3597.54	0
0.00114131	0.252878	0.2	6	4043.8	0
0.00114131	0.276288	0.2	6	4517.01	0
0.00114131	0.301866	0.2	6	5007.25	0
0.00114131	0.329811	0.2	6	5499.7	0
0.00114131	0.360343	0.2	6	5973.52	0
0.00114131	0.393701	0.2	6	6400.78	0
0.00114131	0.430148	0.2	6	6745.6	0
0.00114131	0.469968	0.2	6	6964.02	0
0.00114131	0.513475	0.2	6	7005.05	0
0.00114131	0.56101	0.2	6	6814.14	0
0.00114131	0.612945	0.2	6	6340.5	0
0.00114131	0.669688	0.2	6	5551.08	0
0.00124696	0.000104526	0.2	6	325.854	0
0.00124696	0.000114203	0.2	6	325.829	0
0.00124696	0.000124775	0.2	6	325.802	0
0.00124696	0.000136326	0.2	6	325.772	0
0.00124696	0.000148946	0.2	6	325.74	0
0.00124696	0.000162735	0.2	6	325.705	0
0.00124696	0.0001778	0.2	6	325.667	0
0.00124696	0.00019426	0.2	6	325.625	0
0.00124696	0.000212243	0.2	6	325.579	0
0.00124696	0.000231891	0.2	6	325.529	0
0.00124696	0.000253358	0.2	6	325.475	0
0.00124696	0.000276813	0.2	6	325.416	0
0.00124696	0.000302439	0.2	6	325.351	0
0.00124696	0.000330437	0.2	6	325.281	0
0.00124696	0.000361027	0.2	6	325.204	0
0.00124696	0.000394448	0.2	6	325.121	0
0.00124696	0.000430964	0.2	6	325.03	0
0.00124696	0.00047086	0.2	6	324.931	0
0.00124696	0.00051445	0.2	6	324.824	0
0.00124696	0.000562075	0.2	6	324.706	0
0.00124696	0.000614108	0.2	6	324.579	0
0.00124696	0.000670959	0.2	6	324.441	0
0.00124696	0.000733073	0.2	6	324.291	0
0.00124696	0.000800936	0.2	6	324.128	0
0.00124696	0.000875083	0.2	6	323.951	0
0.00124696	0.000956093	0.2	6	323.759	0
0.00124696	0.0010446	0.2	6	323.551	0
0.00124696	0.00114131	0.2	6	323.326	0
0.00124696	0.00124696	0.2	6	323.083	0
0.00124696	0.0013624	0.2	6	322.82	0
0.00124696	0.00148852	0.2	6	322.537	0
0.00124696	0.00162632	0.2	6	322.232	0
0.00124696	0.00177687	0.2	6	321.904	0
0.00124696	0.00194137	0.2	6	321.551	0
0.00124696	0.00212109	0.2	6	321.173	0
0.00124696	0.00231745	0.2	6	320.769	0
0.00124696	0.00253198	0.2	6	320.338	0
0.00124696	0.00276638	0.2	6	319.88	0
0.00124696	0.00302248	0.2	6	319.394	0
0.00124696	0.00330228	0.2	6	318.881	0
0.00124696	0.00360798	0.2	6	318.341	0
0.00124696	0.00394199	0.2	6	317.776	0
0.00124696	0.00430692	0.2	6	317.189	0
0.00124696	0.00470563	0.2	6	316.583	0
0.00124696	0.00514125	0.2	6	315.964	0
0.00124696	0.0056172	0.2	6	315.338	0
0.00124696	0.0061372	0.2	6	314.714	0
0.00124696	0.00670535	0.2	6	314.104	0
0.00124696	0.0073261	0.2	6	313.522	0
0.00124696	0.0080043	0.2	6	312.988	0
0.00124696	0.0087453	0.2	6	312.525	0
0.00124696	0.00955489	0.2	6	312.162	0
0.00124696	0.0104394	0.2	6	311.935	0
0.00124696	0.0114058	0.2	6	311.888	0
0.00124696	0.0124617	0.2	6	312.077	0
0.00124696	0.0136154	0.2	6	312.567	0
0.00124696	0.0148758	0.2	6	313.439	0
0.00124696	0.0162529	0.2	6	314.79	0
0.00124696	0.0177575	0.2	6	316.737	0
0.00124696	0.0194014	0.2	6	319.422	0
0.00124696	0.0211975	0.2	6	323.014	0
0.00124696	0.0231598	0.2	6	327.715	0
0.00124696	0.0253038	0.2	6	333.768	0
0.00124696	0.0276463	0.2	6	341.458	0
0.00124696	0.0302057	0.2	6	351.128	0
0.00124696	0.0330019	0.2	6	363.179	0
0.00124696	0.0360571	0.2	6	378.087	0
0.00124696	0.039395	0.2	6	396.412	0
0.00124696	0.043042	0.2	6	418.807	0
0.00124696	0.0470266	0.2	6	446.037	0
0.00124696	0.05138	0.2	6	478.992	0
0.00124696	0.0561365	0.2	6	518.702	0
0.00124696	0.0613333	0.2	6	566.353	0
0.00124696	0.0670111	0.2	6	623.308	0
0.00124696	0.0732147	0.2	6	691.115	0
0.00124696	0.0799925	0.2	6	771.528	0
0.00124696	0.0873977	0.2	6	866.514	0
0.00124696	0.0954885	0.2	6	978.254	0
0.00124696	0.104328	0.2	6	1109.14	0
0.00124696	0.113986	0.2	6	1261.76	0
0.00124696	0.124539	0.2	6	1438.85	0
0.00124696	0.136068	0.2	6	1643.24	0
0.00124696	0.148664	0.2	6	1877.72	0
0.00124696	0.162426	0.2	6	2144.95	0
0.00124696	0.177463	0.2	6	2447.21	0
0.00124696	0.193892	0.2	6	2786.13	0
0.00124696	0.211841	0.2	6	3162.29	0
0.00124696	0.231452	0.2	6	3574.78	0
0.00124696	0.252878	0.2	6	4020.52	0
0.00124696	0.276288	0.2	6	4493.56	0
0.00124696	0.301866	0.2	6	4984.11	0
0.00124696	0.329811	0.2	6	5477.53	0
0.00124696	0.360343	0.2	6	5953.23	0
0.00124696	0.393701	0.2	6	6383.56	0
0.00124696	0.430148	0.2	6	6733.04	0
0.00124696	0.469968	0.2	6	6958.21	0
0.00124696	0.513475	0.2	6	7008.74	0
0.00124696	0.56101	0.2	6	6830.93	0
0.00124696	0.612945	0.2	6	6375.09	0
0.00124696	0.669688	0.2	6	5609.58	0
0.0013624	0.000104526	0.2	6	325.535	0
0.0013624	0.000114203	0.2	6	325.508	0
0.0013624	0.000124775	0.2	6	325.48	0
0.0013624	0.000136326	0.2	6	325.448	0
0.0013624	0.000148946	0.2	6	325.414	0
0.0013624	0.000162735	0.2	6	325.377	0
0.0013624	0.0001778	0.2	6	325.336	0
0.0013624	0.00019426	0.2	6	325.292	0
0.0013624	0.000212243	0.2	6	325.243	0
0.0013624	0.000231891	0.2	6	325.19	0
0.0013624	0.000253358	0.2	6	325.133	0
0.0013624	0.000276813	0.2	6	325.07	0
0.0013624	0.000302439	0.2	6	325.001	0
0.0013624	0.000330437	0.2	6	324.926	0
0.0013624	0.000361027	0.2	6	324.845	0
0.0013624	0.000394448	0.2	6	324.756	0
0.0013624	0.000430964	0.2	6	324.659	0
0.0013624	0.00047086	0.2	6	324.554	0
0.0013624	0.00051445	0.2	6	324.44	0
0.0013624	0.000562075	0.2	6	324.315	0
0.0013624	0.000614108	0.2	6	324.18	0
0.0013624	0.000670959	0.2	6	324.032	0
0.0013624	0.000733073	0.2	6	323.872	0
0.0013624	0.000800936	0.2	6	323.698	0
0.0013624	0.000875083	0.2	6	323.51	0
0.0013624	0.000956093	0.2	6	323.305	0
0.0013624	0.0010446	0.2	6	323.083	0
0.0013624	0.00114131	0.2	6	322.843	0
0.0013624	0.00124696	0.2	6	322.583	0
0.0013624	0.0013624	0.2	6	322.302	0
0.0013624	0.00148852	0.2	6	321.999	0
0.0013624	0.00162632	0.2	6	321.672	0
0.0013624	0.00177687	0.2	6	321.32	0
0.0013624	0.00194137	0.2	6	320.942	0
0.0013624	0.00212109	0.2	6	320.536	0
0.0013624	0.00231745	0.2	6	320.101	0
0.0013624	0.00253198	0.2	6	319.636	0
0.0013624	0.00276638	0.2	6	319.14	0
0.0013624	0.00302248	0.2	6	318.614	0
0.0013624	0.00330228	0.2	6	318.057	0
0.0013624	0.00360798	0.2	6	317.469	0
0.0013624	0.00394199	0.2	6	316.852	0
0.0013624	0.00430692	0.2	6	316.208	0
0.0013624	0.00470563	0.2	6	315.539	0
0.0013624	0.00514125	0.2	6	314.852	0
0.0013624	0.0056172	0.2	6	314.151	0
0.0013624	0.0061372	0.2	6	313.446	0
0.0013624	0.00670535	0.2	6	312.747	0
0.0013624	0.0073261	0.2	6	312.069	0
0.0013624	0.0080043	0.2	6	311.429	0
0.0013624	0.0087453	0.2	6	310.851	0
0.0013624	0.00955489	0.2	6	310.362	0
0.0013624	0.0104394	0.2	6	309.999	0
0.0013624	0.0114058	0.2	6	309.803	0
0.0013624	0.0124617	0.2	6	309.83	0
0.0013624	0.0136154	0.2	6	310.143	0
0.0013624	0.0148758	0.2	6	310.822	0
0.0013624	0.0162529	0.2	6	311.963	0
0.0013624	0.0177575	0.2	6	313.682	0
0.0013624	0.0194014	0.2	6	316.118	0
0.0013624	0.0211975	0.2	6	319.44	0
0.0013624	0.0231598	0.2	6	323.848	0
0.0013624	0.0253038	0.2	6	329.582	0
0.0013624	0.0276463	0.2	6	336.926	0
0.0013624	0.0302057	0.2	6	346.221	0
0.0013624	0.0330019	0.2	6	357.865	0
0.0013624	0.0360571	0.2	6	372.333	0
0.0013624	0.039395	0.2	6	390.182	0
0.0013624	0.043042	0.2	6	412.062	0
0.0013624	0.0470266	0.2	6	438.738	0
0.0013624	0.05138	0.2	6	471.096	0
0.0013624	0.0561365	0.2	6	510.164	0
0.0013624	0.0613333	0.2	6	557.127	0
0.0013624	0.0670111	0.2	6	613.345	0
0.0013624	0.0732147	0.2	6	680.367	0
0.0013624	0.0799925	0.2	6	759.946	0
0.0013624	0.0873977	0.2	6	854.049	0
0.0013624	0.0954885	0.2	6	964.86	0
0.0013624	0.104328	0.2	6	1094.78	0
0.0013624	0.113986	0.2	6	1246.39	0
0.0013624	0.124539	0.2	6	1422.45	0
0.0013624	0.136068	0.2	6	1625.78	0
0.0013624	0.148664	0.2	6	1859.22	0
0.0013624	0.162426	0.2	6	2125.44	0
0.0013624	0.177463	0.2	6	2426.75	0
0.0013624	0.193892	0.2	6	2764.82	0
0.0013624	0.211841	0.2	6	3140.31	0
0.0013624	0.231452	0.2	6	3552.36	0
0.0013624	0.252878	0.2	6	3998.01	0
0.0013624	0.276288	0.2	6	4471.43	0
0.0013624	0.301866	0.2	6	4963	0
0.0013624	0.329811	0.2	6	5458.29	0
0.0013624	0.360343	0.2	6	5937	0
0.0013624	0.393701	0.2	6	6371.83	0
0.0013624	0.430148	0.2	6	6727.78	0
0.0013624	0.469968	0.2	6	6961.96	0
0.0013624	0.513475	0.2	6	7024.84	0
0.0013624	0.56101	0.2	6	6863.67	0
0.0013624	0.612945	0.2	6	6430.07	0
0.0013624	0.669688	0.2	6	5694.01	0
0.00148852	0.000104526	0.2	6	325.188	0
0.00148852	0.000114203	0.2	6	325.16	0
0.00148852	0.000124775	0.2	6	325.129	0
0.00148852	0.000136326	0.2	6	325.096	0
0.00148852	0.000148946	0.2	6	325.059	0
0.00148852	0.000162735	0.2	6	325.02	0
0.00148852	0.0001778	0.2	6	324.976	0
0.00148852	0.00019426	0.2	6	324.929	0
0.00148852	0.000212243	0.2	6	324.877	0
0.00148852	0.000231891	0.2	6	324.821	0
0.00148852	0.000253358	0.2	6	324.76	0
0.00148852	0.000276813	0.2	6	324.693	0
0.00148852	0.000302439	0.2	6	324.62	0
0.00148852	0.000330437	0.2	6	324.54	0
0.00148852	0.000361027	0.2	6	324.453	0
0.00148852	0.000394448	0.2	6	324.359	0
0.00148852	0.000430964	0.2	6	324.256	0
0.00148852	0.00047086	0.2	6	324.144	0
0.00148852	0.00051445	0.2	6	324.022	0
0.00148852	0.000562075	0.2	6	323.889	0
0.00148852	0.000614108	0.2	6	323.744	0
0.00148852	0.000670959	0.2	6	323.587	0
0.00148852	0.000733073	0.2	6	323.416	0
0.00148852	0.000800936	0.2	6	323.231	0
0.00148852	0.000875083	0.2	6	323.029	0
0.00148852	0.000956093	0.2	6	322.811	0
0.00148852	0.0010446	0.2	6	322.574	0
0.00148852	0.00114131	0.2	6	322.317	0
0.00148852	0.00124696	0.2	6	322.039	0
0.00148852	0.0013624	0.2	6	321.738	0
0.00148852	0.00148852	0.2	6	321.413	0
0.00148852	0.00162632	0.2	6	321.062	0
0.00148852	0.00177687	0.2	6	320.684	0
0.00148852	0.00194137	0.2	6	320.278	0
0.00148852	0.00212109	0.2	6	319.84	0
0.00148852	0.00231745	0.2	6	319.372	0
0.00148852	0.00253198	0.2	6	318.87	0
0.00148852	0.00276638	0.2	6	318.334	0
0.00148852	0.00302248	0.2	6	317.764	0
0.00148852	0.00330228	0.2	6	317.159	0
0.00148852	0.00360798	0.2	6	316.518	0
0.00148852	0.00394199	0.2	6	315.844	0
0.00148852	0.00430692	0.2	6	315.137	0
0.00148852	0.00470563	0.2	6	314.401	0
0.00148852	0.00514125	0.2	6	313.639	0
0.00148852	0.0056172	0.2	6	312.857	0
0.00148852	0.0061372	0.2	6	312.064	0
0.00148852	0.00670535	0.2	6	311.268	0
0.00148852	0.0073261	0.2	6	310.485	0
0.00148852	0.0080043	0.2	6	309.73	0
0.00148852	0.0087453	0.2	6	309.027	0
0.00148852	0.00955489	0.2	6	308.402	0
0.00148852	0.0104394	0.2	6	307.89	0
0.00148852	0.0114058	0.2	6	307.533	0
0.00148852	0.0124617	0.2	6	307.383	0
0.00148852	0.0136154	0.2	6	307.505	0
0.00148852	0.0148758	0.2	6	307.975	0
0.00148852	0.0162529	0.2	6	308.889	0
0.00148852	0.0177575	0.2	6	310.362	0
0.00148852	0.0194014	0.2	6	312.53	0
0.00148852	0.0211975	0.2	6	315.561	0
0.00148852	0.0231598	0.2	6	319.653	0
0.00148852	0.0253038	0.2	6	325.044	0
0.00148852	0.0276463	0.2	6	332.017	0
0.00148852	0.0302057	0.2	6	340.909	0
0.00148852	0.0330019	0.2	6	352.119	0
0.00148852	0.0360571	0.2	6	366.118	0
0.00148852	0.039395	0.2	6	383.46	0
0.00148852	0.043042	0.2	6	404.795	0
0.00148852	0.0470266	0.2	6	430.884	0
0.00148852	0.05138	0.2	6	462.613	0
0.00148852	0.0561365	0.2	6	501.007	0
0.00148852	0.0613333	0.2	6	547.251	0
0.00148852	0.0670111	0.2	6	602.704	0
0.00148852	0.0732147	0.2	6	668.916	0
0.00148852	0.0799925	0.2	6	747.64	0
0.00148852	0.0873977	0.2	6	840.846	0
0.00148852	0.0954885	0.2	6	950.723	0
0.00148852	0.104328	0.2	6	1079.68	0
0.00148852	0.113986	0.2	6	1230.3	0
0.00148852	0.124539	0.2	6	1405.37	0
0.00148852	0.136068	0.2	6	1607.72	0
0.00148852	0.148664	0.2	6	1840.22	0
0.00148852	0.162426	0.2	6	2105.56	0
0.00148852	0.177463	0.2	6	2406.11	0
0.00148852	0.193892	0.2	6	2743.6	0
0.00148852	0.211841	0.2	6	3118.74	0
0.00148852	0.231452	0.2	6	3530.79	0
0.00148852	0.252878	0.2	6	3976.91	0
0.00148852	0.276288	0.2	6	4451.42	0
0.00148852	0.301866	0.2	6	4944.9	0
0.00148852	0.329811	0.2	6	5443.21	0
0.00148852	0.360343	0.2	6	5926.35	0
0.00148852	0.393701	0.2	6	6367.48	0
0.00148852	0.430148	0.2	6	6732.13	0
0.00148852	0.469968	0.2	6	6978.13	0
0.00148852	0.513475	0.2	6	7056.82	0
0.00148852	0.56101	0.2	6	6916.64	0
0.00148852	0.612945	0.2	6	6510.66	0
0.00148852	0.669688	0.2	6	5810.75	0
0.00162632	0.000104526	0.2	6	324.81	0
0.00162632	0.000114203	0.2	6	324.78	0
0.00162632	0.000124775	0.2	6	324.748	0
0.00162632	0.000136326	0.2	6	324.712	0
0.00162632	0.000148946	0.2	6	324.674	0
0.00162632	0.000162735	0.2	6	324.631	0
0.00162632	0.0001778	0.2	6	324.585	0
0.00162632	0.00019426	0.2	6	324.535	0
0.00162632	0.000212243	0.2	6	324.48	0
0.00162632	0.000231891	0.2	6	324.42	0
0.00162632	0.000253358	0.2	6	324.354	0
0.00162632	0.000276813	0.2	6	324.283	0
0.00162632	0.000302439	0.2	6	324.205	0
0.00162632	0.000330437	0.2	6	324.12	0
0.00162632	0.000361027	0.2	6	324.027	0
0.00162632	0.000394448	0.2	6	323.927	0
0.00162632	0.000430964	0.2	6	323.817	0
0.00162632	0.00047086	0.2	6	323.697	0
0.00162632	0.00051445	0.2	6	323.567	0
0.00162632	0.000562075	0.2	6	323.425	0
0.00162632	0.000614108	0.2	6	323.271	0
0.00162632	0.000670959	0.2	6	323.103	0
0.00162632	0.000733073	0.2	6	322.92	0
0.00162632	0.000800936	0.2	6	322.722	0
0.00162632	0.000875083	0.2	6	322.506	0
0.00162632	0.000956093	0.2	6	322.272	0
0.00162632	0.0010446	0.2	6	322.019	0
0.00162632	0.00114131	0.2	6	321.744	0
0.00162632	0.00124696	0.2	6	321.446	0
0.00162632	0.0013624	0.2	6	321.123	0
0.00162632	0.00148852	0.2	6	320.774	0
0.00162632	0.00162632	0.2	6	320.398	0
0.00162632	0.00177687	0.2	6	319.991	0
0.00162632	0.00194137	0.2	6	319.554	0
0.00162632	0.00212109	0.2	6	319.083	0
0.00162632	0.00231745	0.2	6	318.577	0
0.00162632	0.00253198	0.2	6	318.035	0
0.00162632	0.00276638	0.2	6	317.456	0
0.00162632	0.00302248	0.2	6	316.837	0
0.00162632	0.00330228	0.2	6	316.18	0
0.00162632	0.00360798	0.2	6	315.482	0
0.00162632	0.00394199	0.2	6	314.746	0
0.00162632	0.00430692	0.2	6	313.971	0
0.00162632	0.00470563	0.2	6	313.16	0
0.00162632	0.00514125	0.2	6	312.317	0
0.00162632	0.0056172	0.2	6	311.447	0
0.00162632	0.0061372	0.2	6	310.557	0
0.00162632	0.00670535	0.2	6	309.657	0
0.00162632	0.0073261	0.2	6	308.759	0
0.00162632	0.0080043	0.2	6	307.88	0
0.00162632	0.0087453	0.2	6	307.041	0
0.00162632	0.00955489	0.2	6	306.268	0
0.00162632	0.0104394	0.2	6	305.595	0
0.00162632	0.0114058	0.2	6	305.062	0
0.00162632	0.0124617	0.2	6	304.722	0
0.00162632	0.0136154	0.2	6	304.636	0
0.00162632	0.0148758	0.2	6	304.881	0
0.00162632	0.0162529	0.2	6	305.55	0
0.00162632	0.0177575	0.2	6	306.756	0
0.00162632	0.0194014	0.2	6	308.635	0
0.00162632	0.0211975	0.2	6	311.353	0
0.00162632	0.0231598	0.2	6	315.105	0
0.00162632	0.0253038	0.2	6	320.128	0
0.00162632	0.0276463	0.2	6	326.704	0
0.00162632	0.0302057	0.2	6	335.167	0
0.00162632	0.0330019	0.2	6	345.913	0
0.00162632	0.0360571	0.2	6	359.412	0
0.00162632	0.039395	0.2	6	376.217	0
0.00162632	0.043042	0.2	6	396.976	0
0.00162632	0.0470266	0.2	6	422.447	0
0.00162632	0.05138	0.2	6	453.516	0
0.00162632	0.0561365	0.2	6	491.208	0
0.00162632	0.0613333	0.2	6	536.706	0
0.00162632	0.0670111	0.2	6	591.371	0
0.00162632	0.0732147	0.2	6	656.753	0
0.00162632	0.0799925	0.2	6	734.61	0
0.00162632	0.0873977	0.2	6	826.917	0
0.00162632	0.0954885	0.2	6	935.87	0
0.00162632	0.104328	0.2	6	1063.88	0
0.00162632	0.113986	0.2	6	1213.57	0
0.00162632	0.124539	0.2	6	1387.71	0
0.00162632	0.136068	0.2	6	1589.19	0
0.00162632	0.148664	0.2	6	1820.89	0
0.00162632	0.162426	0.2	6	2085.56	0
0.00162632	0.177463	0.2	6	2385.61	0
0.00162632	0.193892	0.2	6	2722.85	0
0.00162632	0.211841	0.2	6	3098.09	0
0.00162632	0.231452	0.2	6	3510.71	0
0.00162632	0.252878	0.2	6	3958.01	0
0.00162632	0.276288	0.2	6	4434.52	0
0.00162632	0.301866	0.2	6	4931.07	0
0.00162632	0.329811	0.2	6	5433.82	0
0.00162632	0.360343	0.2	6	5923.18	0
0.00162632	0.393701	0.2	6	6372.83	0
0.00162632	0.430148	0.2	6	6748.94	0
0.00162632	0.469968	0.2	6	7010.18	0
0.00162632	0.513475	0.2	6	7108.95	0
0.00162632	0.56101	0.2	6	6995.03	0
0.00162632	0.612945	0.2	6	6623.2	0
0.00162632	0.669688	0.2	6	5967.55	0
0.00177687	0.000104526	0.2	6	324.4	0
0.00177687	0.000114203	0.2	6	324.368	0
0.00177687	0.000124775	0.2	6	324.333	0
0.00177687	0.000136326	0.2	6	324.295	0
0.00177687	0.000148946	0.2	6	324.254	0
0.00177687	0.000162735	0.2	6	324.209	0
0.00177687	0.0001778	0.2	6	324.159	0
0.00177687	0.00019426	0.2	6	324.105	0
0.00177687	0.000212243	0.2	6	324.047	0
0.00177687	0.000231891	0.2	6	323.983	0
0.00177687	0.000253358	0.2	6	323.913	0
0.00177687	0.000276813	0.2	6	323.837	0
0.00177687	0.000302439	0.2	6	323.753	0
0.00177687	0.000330437	0.2	6	323.663	0
0.00177687	0.000361027	0.2	6	323.564	0
0.00177687	0.000394448	0.2	6	323.456	0
0.00177687	0.000430964	0.2	6	323.339	0
0.00177687	0.00047086	0.2	6	323.211	0
0.00177687	0.00051445	0.2	6	323.072	0
0.00177687	0.000562075	0.2	6	322.92	0
0.00177687	0.000614108	0.2	6	322.755	0
0.00177687	0.000670959	0.2	6	322.575	0
0.00177687	0.000733073	0.2	6	322.38	0
0.00177687	0.000800936	0.2	6	322.167	0
0.00177687	0.000875083	0.2	6	321.937	0
0.00177687	0.000956093	0.2	6	321.686	0
0.00177687	0.0010446	0.2	6	321.414	0
0.00177687	0.00114131	0.2	6	321.119	0
0.00177687	0.00124696	0.2	6	320.799	0
0.00177687	0.0013624	0.2	6	320.453	0
0.00177687	0.00148852	0.2	6	320.078	0
0.00177687	0.00162632	0.2	6	319.673	0
0.00177687	0.00177687	0.2	6	319.236	0
0.00177687	0.00194137	0.2	6	318.765	0
0.00177687	0.00212109	0.2	6	318.257	0
0.00177687	0.00231745	0.2	6	317.711	0
0.00177687	0.00253198	0.2	6	317.125	0
0.00177687	0.00276638	0.2	6	316.498	0
0.00177687	0.00302248	0.2	6	315.827	0
0.00177687	0.00330228	0.2	6	315.112	0
0.00177687	0.00360798	0.2	6	314.353	0
0.00177687	0.00394199	0.2	6	313.548	0
0.00177687	0.00430692	0.2	6	312.699	0
0.00177687	0.00470563	0.2	6	311.808	0
0.00177687	0.00514125	0.2	6	310.877	0
0.00177687	0.0056172	0.2	6	309.911	0
0.00177687	0.0061372	0.2	6	308.916	0
0.00177687	0.00670535	0.2	6	307.902	0
0.00177687	0.0073261	0.2	6	306.88	0
0.00177687	0.0080043	0.2	6	305.865	0
0.00177687	0.0087453	0.2	6	304.878	0
0.00177687	0.00955489	0.2	6	303.945	0
0.00177687	0.0104394	0.2	6	303.097	0
0.00177687	0.0114058	0.2	6	302.375	0
0.00177687	0.0124617	0.2	6	301.828	0
0.00177687	0.0136154	0.2	6	301.517	0
0.00177687	0.0148758	0.2	6	301.518	0
0.00177687	0.0162529	0.2	6	301.922	0
0.00177687	0.0177575	0.2	6	302.841	0
0.00177687	0.0194014	0.2	6	304.41	0
0.00177687	0.0211975	0.2	6	306.791	0
0.00177687	0.0231598	0.2	6	310.179	0
0.00177687	0.0253038	0.2	6	314.808	0
0.00177687	0.0276463	0.2	6	320.959	0
0.00177687	0.0302057	0.2	6	328.964	0
0.00177687	0.0330019	0.2	6	339.217	0
0.00177687	0.0360571	0.2	6	352.187	0
0.00177687	0.039395	0.2	6	368.425	0
0.00177687	0.043042	0.2	6	388.577	0
0.00177687	0.0470266	0.2	6	413.401	0
0.00177687	0.05138	0.2	6	443.782	0
0.00177687	0.0561365	0.2	6	480.746	0
0.00177687	0.0613333	0.2	6	525.477	0
0.00177687	0.0670111	0.2	6	579.337	0
0.00177687	0.0732147	0.2	6	643.88	0
0.00177687	0.0799925	0.2	6	720.871	0
0.00177687	0.0873977	0.2	6	812.292	0
0.00177687	0.0954885	0.2	6	920.35	0
0.00177687	0.104328	0.2	6	1047.47	0
0.00177687	0.113986	0.2	6	1196.3	0
0.00177687	0.124539	0.2	6	1369.63	0
0.00177687	0.136068	0.2	6	1570.39	0
0.00177687	0.148664	0.2	6	1801.49	0
0.00177687	0.162426	0.2	6	2065.75	0
0.00177687	0.177463	0.2	6	2365.66	0
0.00177687	0.193892	0.2	6	2703.1	0
0.00177687	0.211841	0.2	6	3079.02	0
0.00177687	0.231452	0.2	6	3492.94	0
0.00177687	0.252878	0.2	6	3942.34	0
0.00177687	0.276288	0.2	6	4422	0
0.00177687	0.301866	0.2	6	4923.04	0
0.00177687	0.329811	0.2	6	5432.02	0
0.00177687	0.360343	0.2	6	5929.82	0
0.00177687	0.393701	0.2	6	6390.73	0
0.00177687	0.430148	0.2	6	6781.71	0
0.00177687	0.469968	0.2	6	7062.39	0
0.00177687	0.513475	0.2	6	7186.43	0
0.00177687	0.56101	0.2	6	7105.17	0
0.00177687	0.612945	0.2	6	6775.41	0
0.00177687	0.669688	0.2	6	6173.78	0
0.00194137	0.000104526	0.2	6	323.953	0
0.00194137	0.000114203	0.2	6	323.919	0
0.00194137	0.000124775	0.2	6	323.882	0
0.00194137	0.000136326	0.2	6	323.842	0
0.00194137	0.000148946	0.2	6	323.798	0
0.00194137	0.000162735	0.2	6	323.749	0
0.00194137	0.0001778	0.2	6	323.697	0
0.00194137	0.00019426	0.2	6	323.639	0
0.00194137	0.000212243	0.2	6	323.576	0
0.00194137	0.000231891	0.2	6	323.508	0
0.00194137	0.000253358	0.2	6	323.433	0
0.00194137	0.000276813	0.2	6	323.351	0
0.00194137	0.000302439	0.2	6	323.262	0
0.00194137	0.000330437	0.2	6	323.165	0
0.00194137	0.000361027	0.2	6	323.06	0
0.00194137	0.000394448	0.2	6	322.944	0
0.00194137	0.000430964	0.2	6	322.819	0
0.00194137	0.00047086	0.2	6	322.682	0
0.00194137	0.00051445	0.2	6	322.533	0
0.00194137	0.000562075	0.2	6	322.37	0
0.00194137	0.000614108	0.2	6	322.194	0
0.00194137	0.000670959	0.2	6	322.001	0
0.00194137	0.000733073	0.2	6	321.792	0
0.00194137	0.000800936	0.2	6	321.564	0
0.00194137	0.000875083	0.2	6	321.317	0
0.00194137	0.000956093	0.2	6	321.048	0
0.00194137	0.0010446	0.2	6	320.756	0
0.00194137	0.00114131	0.2	6	320.439	0
0.00194137	0.00124696	0.2	6	320.096	0
0.00194137	0.0013624	0.2	6	319.724	0
0.00194137	0.00148852	0.2	6	319.321	0
0.00194137	0.00162632	0.2	6	318.885	0
0.00194137	0.00177687	0.2	6	318.414	0
0.00194137	0.00194137	0.2	6	317.905	0
0.00194137	0.00212109	0.2	6	317.358	0
0.00194137	0.00231745	0.2	6	316.768	0
0.00194137	0.00253198	0.2	6	316.134	0
0.00194137	0.00276638	0.2	6	315.454	0
0.00194137	0.00302248	0.2	6	314.727	0
0.00194137	0.00330228	0.2	6	313.95	0
0.00194137	0.00360798	0.2	6	313.122	0
0.00194137	0.00394199	0.2	6	312.244	0
0.00194137	0.00430692	0.2	6	311.314	0
0.00194137	0.00470563	0.2	6	310.335	0
0.00194137	0.00514125	0.2	6	309.308	0
0.00194137	0.0056172	0.2	6	308.237	0
0.00194137	0.0061372	0.2	6	307.129	0
0.00194137	0.00670535	0.2	6	305.99	0
0.00194137	0.0073261	0.2	6	304.833	0
0.00194137	0.0080043	0.2	6	303.671	0
0.00194137	0.0087453	0.2	6	302.525	0
0.00194137	0.00955489	0.2	6	301.417	0
0.00194137	0.0104394	0.2	6	300.38	0
0.00194137	0.0114058	0.2	6	299.452	0
0.00194137	0.0124617	0.2	6	298.681	0
0.00194137	0.0136154	0.2	6	298.128	0
0.00194137	0.0148758	0.2	6	297.866	0
0.00194137	0.0162529	0.2	6	297.985	0
0.00194137	0.0177575	0.2	6	298.595	0
0.00194137	0.0194014	0.2	6	299.83	0
0.00194137	0.0211975	0.2	6	301.849	0
0.00194137	0.0231598	0.2	6	304.847	0
0.00194137	0.0253038	0.2	6	309.056	0
0.00194137	0.0276463	0.2	6	314.754	0
0.00194137	0.0302057	0.2	6	322.272	0
0.00194137	0.0330019	0.2	6	332.003	0
0.00194137	0.0360571	0.2	6	344.415	0
0.00194137	0.039395	0.2	6	360.055	0
0.00194137	0.043042	0.2	6	379.572	0
0.00194137	0.0470266	0.2	6	403.723	0
0.00194137	0.05138	0.2	6	433.393	0
0.00194137	0.0561365	0.2	6	469.608	0
0.00194137	0.0613333	0.2	6	513.556	0
0.00194137	0.0670111	0.2	6	566.604	0
0.00194137	0.0732147	0.2	6	630.313	0
0.00194137	0.0799925	0.2	6	706.454	0
0.00194137	0.0873977	0.2	6	797.021	0
0.00194137	0.0954885	0.2	6	904.238	0
0.00194137	0.104328	0.2	6	1030.55	0
0.00194137	0.113986	0.2	6	1178.63	0
0.00194137	0.124539	0.2	6	1351.31	0
0.00194137	0.136068	0.2	6	1551.55	0
0.00194137	0.148664	0.2	6	1782.34	0
0.00194137	0.162426	0.2	6	2046.56	0
0.00194137	0.177463	0.2	6	2346.78	0
0.00194137	0.193892	0.2	6	2685.02	0
0.00194137	0.211841	0.2	6	3062.35	0
0.00194137	0.231452	0.2	6	3478.49	0
0.00194137	0.252878	0.2	6	3931.15	0
0.00194137	0.276288	0.2	6	4415.4	0
0.00194137	0.301866	0.2	6	4922.73	0
0.00194137	0.329811	0.2	6	5440.15	0
0.00194137	0.360343	0.2	6	5949.13	0
0.00194137	0.393701	0.2	6	6424.68	0
0.00194137	0.430148	0.2	6	6834.69	0
0.00194137	0.469968	0.2	6	7139.95	0
0.00194137	0.513475	0.2	6	7295.57	0
0.00194137	0.56101	0.2	6	7254.74	0
0.00194137	0.612945	0.2	6	6976.62	0
0.00194137	0.669688	0.2	6	6440.77	0
0.00212109	0.000104526	0.2	6	323.469	0
0.00212109	0.000114203	0.2	6	323.432	0
0.00212109	0.000124775	0.2	6	323.393	0
0.00212109	0.000136326	0.2	6	323.349	0
0.00212109	0.000148946	0.2	6	323.302	0
0.00212109	0.000162735	0.2	6	323.25	0
0.00212109	0.0001778	0.2	6	323.194	0
0.00212109	0.00019426	0.2	6	323.132	0
0.00212109	0.000212243	0.2	6	323.065	0
0.00212109	0.000231891	0.2	6	322.991	0
0.00212109	0.000253358	0.2	6	322.911	0
0.00212109	0.000276813	0.2	6	322.824	0
0.00212109	0.000302439	0.2	6	322.729	0
0.00212109	0.000330437	0.2	6	322.625	0
0.00212109	0.000361027	0.2	6	322.512	0
0.00212109	0.000394448	0.2	6	322.388	0
0.00212109	0.000430964	0.2	6	322.253	0
0.00212109	0.00047086	0.2	6	322.107	0
0.00212109	0.00051445	0.2	6	321.947	0
0.00212109	0.000562075	0.2	6	321.773	0
0.00212109	0.000614108	0.2	6	321.583	0
0.00212109	0.000670959	0.2	6	321.377	0
0.00212109	0.000733073	0.2	6	321.152	0
0.00212109	0.000800936	0.2	6	320.908	0
0.00212109	0.000875083	0.2	6	320.642	0
0.00212109	0.000956093	0.2	6	320.353	0
0.00212109	0.0010446	0.2	6	320.04	0
0.00212109	0.00114131	0.2	6	319.699	0
0.00212109	0.00124696	0.2	6	319.33	0
0.00212109	0.0013624	0.2	6	318.929	0
0.00212109	0.00148852	0.2	6	318.496	0
0.00212109	0.00162632	0.2	6	318.026	0
0.00212109	0.00177687	0.2	6	317.518	0
0.00212109	0.00194137	0.2	6	316.97	0
0.00212109	0.00212109	0.2	6	316.378	0
0.00212109	0.00231745	0.2	6	315.74	0
0.00212109	0.00253198	0.2	6	315.054	0
0.00212109	0.00276638	0.2	6	314.318	0
0.00212109	0.00302248	0.2	6	313.528	0
0.00212109	0.00330228	0.2	6	312.683	0
0.00212109	0.00360798	0.2	6	311.782	0
0.00212109	0.00394199	0.2	6	310.823	0
0.00212109	0.00430692	0.2	6	309.805	0
0.00212109	0.00470563	0.2	6	308.73	0
0.00212109	0.00514125	0.2	6	307.599	0
0.00212109	0.0056172	0.2	6	306.415	0
0.00212109	0.0061372	0.2	6	305.182	0
0.00212109	0.00670535	0.2	6	303.909	0
0.00212109	0.0073261	0.2	6	302.605	0
0.00212109	0.0080043	0.2	6	301.284	0
0.00212109	0.0087453	0.2	6	299.963	0
0.00212109	0.00955489	0.2	6	298.667	0
0.00212109	0.0104394	0.2	6	297.425	0
0.00212109	0.0114058	0.2	6	296.275	0
0.00212109	0.0124617	0.2	6	295.263	0
0.00212109	0.0136154	0.2	6	294.448	0
0.00212109	0.0148758	0.2	6	293.902	0
0.00212109	0.0162529	0.2	6	293.715	0
0.00212109	0.0177575	0.2	6	293.993	0
0.00212109	0.0194014	0.2	6	294.869	0
0.00212109	0.0211975	0.2	6	296.501	0
0.00212109	0.0231598	0.2	6	299.083	0
0.00212109	0.0253038	0.2	6	302.844	0
0.00212109	0.0276463	0.2	6	308.06	0
0.00212109	0.0302057	0.2	6	315.063	0
0.00212109	0.0330019	0.2	6	324.243	0
0.00212109	0.0360571	0.2	6	336.067	0
0.00212109	0.039395	0.2	6	351.084	0
0.00212109	0.043042	0.2	6	369.94	0
0.00212109	0.0470266	0.2	6	393.394	0
0.00212109	0.05138	0.2	6	422.333	0
0.00212109	0.0561365	0.2	6	457.787	0
0.00212109	0.0613333	0.2	6	500.949	0
0.00212109	0.0670111	0.2	6	553.19	0
0.00212109	0.0732147	0.2	6	616.082	0
0.00212109	0.0799925	0.2	6	691.409	0
0.00212109	0.0873977	0.2	6	781.18	0
0.00212109	0.0954885	0.2	6	887.642	0
0.00212109	0.104328	0.2	6	1013.27	0
0.00212109	0.113986	0.2	6	1160.77	0
0.00212109	0.124539	0.2	6	1333.01	0
0.00212109	0.136068	0.2	6	1533.03	0
0.00212109	0.148664	0.2	6	1763.87	0
0.00212109	0.162426	0.2	6	2028.51	0
0.00212109	0.177463	0.2	6	2329.65	0
0.00212109	0.193892	0.2	6	2669.42	0
0.00212109	0.211841	0.2	6	3049.11	0
0.00212109	0.231452	0.2	6	3468.64	0
0.00212109	0.252878	0.2	6	3926.01	0
0.00212109	0.276288	0.2	6	4416.65	0
0.00212109	0.301866	0.2	6	4932.49	0
0.00212109	0.329811	0.2	6	5461.09	0
0.00212109	0.360343	0.2	6	5984.62	0
0.00212109	0.393701	0.2	6	6478.97	0
0.00212109	0.430148	0.2	6	6913.1	0
0.00212109	0.469968	0.2	6	7249.18	0
0.00212109	0.513475	0.2	6	7444.05	0
0.00212109	0.56101	0.2	6	7453.07	0
0.00212109	0.612945	0.2	6	7238.12	0
0.00212109	0.669688	0.2	6	6782.21	0
0.00231745	0.000104526	0.2	6	322.942	0
0.00231745	0.000114203	0.2	6	322.903	0
0.00231745	0.000124775	0.2	6	322.861	0
0.00231745	0.000136326	0.2	6	322.814	0
0.00231745	0.000148946	0.2	6	322.763	0
0.00231745	0.000162735	0.2	6	322.708	0
0.00231745	0.0001778	0.2	6	322.648	0
0.00231745	0.00019426	0.2	6	322.581	0
0.00231745	0.000212243	0.2	6	322.509	0
0.00231745	0.000231891	0.2	6	322.431	0
0.00231745	0.000253358	0.2	6	322.345	0
0.00231745	0.000276813	0.2	6	322.251	0
0.00231745	0.000302439	0.2	6	322.149	0
0.00231745	0.000330437	0.2	6	322.038	0
0.00231745	0.000361027	0.2	6	321.916	0
0.00231745	0.000394448	0.2	6	321.784	0
0.00231745	0.000430964	0.2	6	321.639	0
0.00231745	0.00047086	0.2	6	321.482	0
0.00231745	0.00051445	0.2	6	321.31	0
0.00231745	0.000562075	0.2	6	321.123	0
0.00231745	0.000614108	0.2	6	320.92	0
0.00231745	0.000670959	0.2	6	320.698	0
0.00231745	0.000733073	0.2	6	320.456	0
0.00231745	0.000800936	0.2	6	320.194	0
0.00231745	0.000875083	0.2	6	319.908	0
0.00231745	0.000956093	0.2	6	319.598	0
0.00231745	0.0010446	0.2	6	319.261	0
0.00231745	0.00114131	0.2	6	318.894	0
0.00231745	0.00124696	0.2	6	318.496	0
0.00231745	0.0013624	0.2	6	318.065	0
0.00231745	0.00148852	0.2	6	317.598	0
0.00231745	0.00162632	0.2	6	317.091	0
0.00231745	0.00177687	0.2	6	316.543	0
0.00231745	0.00194137	0.2	6	315.951	0
0.00231745	0.00212109	0.2	6	315.311	0
0.00231745	0.00231745	0.2	6	314.621	0
0.00231745	0.00253198	0.2	6	313.879	0
0.00231745	0.00276638	0.2	6	313.08	0
0.00231745	0.00302248	0.2	6	312.222	0
0.00231745	0.00330228	0.2	6	311.304	0
0.00231745	0.00360798	0.2	6	310.322	0
0.00231745	0.00394199	0.2	6	309.275	0
0.00231745	0.00430692	0.2	6	308.162	0
0.00231745	0.00470563	0.2	6	306.983	0
0.00231745	0.00514125	0.2	6	305.738	0
0.00231745	0.0056172	0.2	6	304.43	0
0.00231745	0.0061372	0.2	6	303.063	0
0.00231745	0.00670535	0.2	6	301.644	0
0.00231745	0.0073261	0.2	6	300.18	0
0.00231745	0.0080043	0.2	6	298.686	0
0.00231745	0.0087453	0.2	6	297.178	0
0.00231745	0.00955489	0.2	6	295.678	0
0.00231745	0.0104394	0.2	6	294.214	0
0.00231745	0.0114058	0.2	6	292.823	0
0.00231745	0.0124617	0.2	6	291.551	0
0.00231745	0.0136154	0.2	6	290.454	0
0.00231745	0.0148758	0.2	6	289.603	0
0.00231745	0.0162529	0.2	6	289.086	0
0.00231745	0.0177575	0.2	6	289.008	0
0.00231745	0.0194014	0.2	6	289.5	0
0.00231745	0.0211975	0.2	6	290.72	0
0.00231745	0.0231598	0.2	6	292.857	0
0.00231745	0.0253038	0.2	6	296.142	0
0.00231745	0.0276463	0.2	6	300.849	0
0.00231745	0.0302057	0.2	6	307.308	0
0.00231745	0.0330019	0.2	6	315.91	0
0.00231745	0.0360571	0.2	6	327.119	0
0.00231745	0.039395	0.2	6	341.487	0
0.00231745	0.043042	0.2	6	359.661	0
0.00231745	0.0470266	0.2	6	382.402	0
0.00231745	0.05138	0.2	6	410.599	0
0.00231745	0.0561365	0.2	6	445.289	0
0.00231745	0.0613333	0.2	6	487.671	0
0.00231745	0.0670111	0.2	6	539.127	0
0.00231745	0.0732147	0.2	6	601.242	0
0.00231745	0.0799925	0.2	6	675.816	0
0.00231745	0.0873977	0.2	6	764.882	0
0.00231745	0.0954885	0.2	6	870.715	0
0.00231745	0.104328	0.2	6	995.828	0
0.00231745	0.113986	0.2	6	1142.97	0
0.00231745	0.124539	0.2	6	1315.07	0
0.00231745	0.136068	0.2	6	1515.23	0
0.00231745	0.148664	0.2	6	1746.61	0
0.00231745	0.162426	0.2	6	2012.28	0
0.00231745	0.177463	0.2	6	2315.09	0
0.00231745	0.193892	0.2	6	2657.35	0
0.00231745	0.211841	0.2	6	3040.57	0
0.00231745	0.231452	0.2	6	3464.96	0
0.00231745	0.252878	0.2	6	3928.86	0
0.00231745	0.276288	0.2	6	4428.11	0
0.00231745	0.301866	0.2	6	4955.2	0
0.00231745	0.329811	0.2	6	5498.36	0
0.00231745	0.360343	0.2	6	6040.58	0
0.00231745	0.393701	0.2	6	6558.78	0
0.00231745	0.430148	0.2	6	7023.25	0
0.00231745	0.469968	0.2	6	7397.76	0
0.00231745	0.513475	0.2	6	7641.18	0
0.00231745	0.56101	0.2	6	7711.43	0
0.00231745	0.612945	0.2	6	7573.57	0
0.00231745	0.669688	0.2	6	7214.65	0
0.00253198	0.000104526	0.2	6	322.371	0
0.00253198	0.000114203	0.2	6	322.329	0
0.00253198	0.000124775	0.2	6	322.284	0
0.00253198	0.000136326	0.2	6	322.234	0
0.00253198	0.000148946	0.2	6	322.179	0
0.00253198	0.000162735	0.2	6	322.12	0
0.00253198	0.0001778	0.2	6	322.055	0
0.00253198	0.00019426	0.2	6	321.984	0
0.00253198	0.000212243	0.2	6	321.906	0
0.00253198	0.000231891	0.2	6	321.822	0
0.00253198	0.000253358	0.2	6	321.73	0
0.00253198	0.000276813	0.2	6	321.629	0
0.00253198	0.000302439	0.2	6	321.52	0
0.00253198	0.000330437	0.2	6	321.4	0
0.00253198	0.000361027	0.2	6	321.269	0
0.00253198	0.000394448	0.2	6	321.127	0
0.00253198	0.000430964	0.2	6	320.972	0
0.00253198	0.00047086	0.2	6	320.803	0
0.00253198	0.00051445	0.2	6	320.618	0
0.00253198	0.000562075	0.2	6	320.417	0
0.00253198	0.000614108	0.2	6	320.198	0
0.00253198	0.000670959	0.2	6	319.96	0
0.00253198	0.000733073	0.2	6	319.7	0
0.00253198	0.000800936	0.2	6	319.418	0
0.00253198	0.000875083	0.2	6	319.111	0
0.00253198	0.000956093	0.2	6	318.776	0
0.00253198	0.0010446	0.2	6	318.413	0
0.00253198	0.00114131	0.2	6	318.018	0
0.00253198	0.00124696	0.2	6	317.59	0
0.00253198	0.0013624	0.2	6	317.125	0
0.00253198	0.00148852	0.2	6	316.62	0
0.00253198	0.00162632	0.2	6	316.074	0
0.00253198	0.00177687	0.2	6	315.482	0
0.00253198	0.00194137	0.2	6	314.842	0
0.00253198	0.00212109	0.2	6	314.15	0
0.00253198	0.00231745	0.2	6	313.404	0
0.00253198	0.00253198	0.2	6	312.599	0
0.00253198	0.00276638	0.2	6	311.732	0
0.00253198	0.00302248	0.2	6	310.801	0
0.00253198	0.00330228	0.2	6	309.802	0
0.00253198	0.00360798	0.2	6	308.732	0
0.00253198	0.00394199	0.2	6	307.59	0
0.00253198	0.00430692	0.2	6	306.373	0
0.00253198	0.00470563	0.2	6	305.08	0
0.00253198	0.00514125	0.2	6	303.712	0
0.00253198	0.0056172	0.2	6	302.27	0
0.00253198	0.0061372	0.2	6	300.757	0
0.00253198	0.00670535	0.2	6	299.179	0
0.00253198	0.0073261	0.2	6	297.543	0
0.00253198	0.0080043	0.2	6	295.862	0
0.00253198	0.0087453	0.2	6	294.15	0
0.00253198	0.00955489	0.2	6	292.429	0
0.00253198	0.0104394	0.2	6	290.726	0
0.00253198	0.0114058	0.2	6	289.076	0
0.00253198	0.0124617	0.2	6	287.523	0
0.00253198	0.0136154	0.2	6	286.122	0
0.00253198	0.0148758	0.2	6	284.944	0
0.00253198	0.0162529	0.2	6	284.072	0
0.00253198	0.0177575	0.2	6	283.614	0
0.00253198	0.0194014	0.2	6	283.696	0
0.00253198	0.0211975	0.2	6	284.476	0
0.00253198	0.0231598	0.2	6	286.142	0
0.00253198	0.0253038	0.2	6	288.923	0
0.00253198	0.0276463	0.2	6	293.093	0
0.00253198	0.0302057	0.2	6	298.981	0
0.00253198	0.0330019	0.2	6	306.978	0
0.00253198	0.0360571	0.2	6	317.549	0
0.00253198	0.039395	0.2	6	331.248	0
0.00253198	0.043042	0.2	6	348.723	0
0.00253198	0.0470266	0.2	6	370.741	0
0.00253198	0.05138	0.2	6	398.196	0
0.00253198	0.0561365	0.2	6	432.131	0
0.00253198	0.0613333	0.2	6	473.757	0
0.00253198	0.0670111	0.2	6	524.471	0
0.00253198	0.0732147	0.2	6	585.873	0
0.00253198	0.0799925	0.2	6	659.788	0
0.00253198	0.0873977	0.2	6	748.279	0
0.00253198	0.0954885	0.2	6	853.657	0
0.00253198	0.104328	0.2	6	978.484	0
0.00253198	0.113986	0.2	6	1125.56	0
0.00253198	0.124539	0.2	6	1297.91	0
0.00253198	0.136068	0.2	6	1498.71	0
0.00253198	0.148664	0.2	6	1731.24	0
0.00253198	0.162426	0.2	6	1998.71	0
0.00253198	0.177463	0.2	6	2304.14	0
0.00253198	0.193892	0.2	6	2650.1	0
0.00253198	0.211841	0.2	6	3038.33	0
0.00253198	0.231452	0.2	6	3469.39	0
0.00253198	0.252878	0.2	6	3942.06	0
0.00253198	0.276288	0.2	6	4452.69	0
0.00253198	0.301866	0.2	6	4994.41	0
0.00253198	0.329811	0.2	6	5556.25	0
0.00253198	0.360343	0.2	6	6122.23	0
0.00253198	0.393701	0.2	6	6670.48	0
0.00253198	0.430148	0.2	6	7172.83	0
0.00253198	0.469968	0.2	6	7594.98	0
0.00253198	0.513475	0.2	6	7898.22	0
0.00253198	0.56101	0.2	6	8043.43	0
0.00253198	0.612945	0.2	6	7999.45	0
0.00253198	0.669688	0.2	6	7758.01	0
0.00276638	0.000104526	0.2	6	321.752	0
0.00276638	0.000114203	0.2	6	321.707	0
0.00276638	0.000124775	0.2	6	321.658	0
0.00276638	0.000136326	0.2	6	321.604	0
0.00276638	0.000148946	0.2	6	321.545	0
0.00276638	0.000162735	0.2	6	321.482	0
0.00276638	0.0001778	0.2	6	321.412	0
0.00276638	0.00019426	0.2	6	321.336	0
0.00276638	0.000212243	0.2	6	321.252	0
0.00276638	0.000231891	0.2	6	321.162	0
0.00276638	0.000253358	0.2	6	321.063	0
0.00276638	0.000276813	0.2	6	320.954	0
0.00276638	0.000302439	0.2	6	320.836	0
0.00276638	0.000330437	0.2	6	320.708	0
0.00276638	0.000361027	0.2	6	320.567	0
0.00276638	0.000394448	0.2	6	320.414	0
0.00276638	0.000430964	0.2	6	320.247	0
0.00276638	0.00047086	0.2	6	320.065	0
0.00276638	0.00051445	0.2	6	319.867	0
0.00276638	0.000562075	0.2	6	319.651	0
0.00276638	0.000614108	0.2	6	319.415	0
0.00276638	0.000670959	0.2	6	319.159	0
0.00276638	0.000733073	0.2	6	318.879	0
0.00276638	0.000800936	0.2	6	318.575	0
0.00276638	0.000875083	0.2	6	318.244	0
0.00276638	0.000956093	0.2	6	317.884	0
0.00276638	0.0010446	0.2	6	317.492	0
0.00276638	0.00114131	0.2	6	317.067	0
0.00276638	0.00124696	0.2	6	316.604	0
0.00276638	0.0013624	0.2	6	316.102	0
0.00276638	0.00148852	0.2	6	315.558	0
0.00276638	0.00162632	0.2	6	314.968	0
0.00276638	0.00177687	0.2	6	314.328	0
0.00276638	0.00194137	0.2	6	313.636	0
0.00276638	0.00212109	0.2	6	312.887	0
0.00276638	0.00231745	0.2	6	312.079	0
0.00276638	0.00253198	0.2	6	311.206	0
0.00276638	0.00276638	0.2	6	310.266	0
0.00276638	0.00302248	0.2	6	309.254	0
0.00276638	0.00330228	0.2	6	308.168	0
0.00276638	0.00360798	0.2	6	307.003	0
0.00276638	0.00394199	0.2	6	305.756	0
0.00276638	0.00430692	0.2	6	304.426	0
0.00276638	0.00470563	0.2	6	303.01	0
0.00276638	0.00514125	0.2	6	301.508	0
0.00276638	0.0056172	0.2	6	299.92	0
0.00276638	0.0061372	0.2	6	298.249	0
0.00276638	0.00670535	0.2	6	296.499	0
0.00276638	0.0073261	0.2	6	294.676	0
0.00276638	0.0080043	0.2	6	292.791	0
0.00276638	0.0087453	0.2	6	290.86	0
0.00276638	0.00955489	0.2	6	288.9	0
0.00276638	0.0104394	0.2	6	286.939	0
0.00276638	0.0114058	0.2	6	285.009	0
0.00276638	0.0124617	0.2	6	283.154	0
0.00276638	0.0136154	0.2	6	281.427	0
0.00276638	0.0148758	0.2	6	279.897	0
0.00276638	0.0162529	0.2	6	278.648	0
0.00276638	0.0177575	0.2	6	277.782	0
0.00276638	0.0194014	0.2	6	277.428	0
0.00276638	0.0211975	0.2	6	277.741	0
0.00276638	0.0231598	0.2	6	278.908	0
0.00276638	0.0253038	0.2	6	281.158	0
0.00276638	0.0276463	0.2	6	284.764	0
0.00276638	0.0302057	0.2	6	290.056	0
0.00276638	0.0330019	0.2	6	297.425	0
0.00276638	0.0360571	0.2	6	307.34	0
0.00276638	0.039395	0.2	6	320.354	0
0.00276638	0.043042	0.2	6	337.123	0
0.00276638	0.0470266	0.2	6	358.417	0
0.00276638	0.05138	0.2	6	385.141	0
0.00276638	0.0561365	0.2	6	418.348	0
0.00276638	0.0613333	0.2	6	459.263	0
0.00276638	0.0670111	0.2	6	509.302	0
0.00276638	0.0732147	0.2	6	570.089	0
0.00276638	0.0799925	0.2	6	643.48	0
0.00276638	0.0873977	0.2	6	731.576	0
0.00276638	0.0954885	0.2	6	836.736	0
0.00276638	0.104328	0.2	6	961.582	0
0.00276638	0.113986	0.2	6	1108.99	0
0.00276638	0.124539	0.2	6	1282.08	0
0.00276638	0.136068	0.2	6	1484.15	0
0.00276638	0.148664	0.2	6	1718.6	0
0.00276638	0.162426	0.2	6	1988.85	0
0.00276638	0.177463	0.2	6	2298.12	0
0.00276638	0.193892	0.2	6	2649.25	0
0.00276638	0.211841	0.2	6	3044.34	0
0.00276638	0.231452	0.2	6	3484.33	0
0.00276638	0.252878	0.2	6	3968.53	0
0.00276638	0.276288	0.2	6	4493.93	0
0.00276638	0.301866	0.2	6	5054.42	0
0.00276638	0.329811	0.2	6	5640.02	0
0.00276638	0.360343	0.2	6	6235.91	0
0.00276638	0.393701	0.2	6	6821.74	0
0.00276638	0.430148	0.2	6	7371.15	0
0.00276638	0.469968	0.2	6	7852.13	0
0.00276638	0.513475	0.2	6	8228.79	0
0.00276638	0.56101	0.2	6	8465.55	0
0.00276638	0.612945	0.2	6	8535.64	0
0.00276638	0.669688	0.2	6	8436.29	0
0.00302248	0.000104526	0.2	6	321.081	0
0.00302248	0.000114203	0.2	6	321.032	0
0.00302248	0.000124775	0.2	6	320.979	0
0.00302248	0.000136326	0.2	6	320.922	0
0.00302248	0.000148946	0.2	6	320.859	0
0.00302248	0.000162735	0.2	6	320.79	0
0.00302248	0.0001778	0.2	6	320.715	0
0.00302248	0.00019426	0.2	6	320.633	0
0.00302248	0.000212243	0.2	6	320.543	0
0.00302248	0.000231891	0.2	6	320.446	0
0.00302248	0.000253358	0.2	6	320.339	0
0.00302248	0.000276813	0.2	6	320.223	0
0.00302248	0.000302439	0.2	6	320.096	0
0.00302248	0.000330437	0.2	6	319.957	0
0.00302248	0.000361027	0.2	6	319.806	0
0.00302248	0.000394448	0.2	6	319.641	0
0.00302248	0.000430964	0.2	6	319.461	0
0.00302248	0.00047086	0.2	6	319.265	0
0.00302248	0.00051445	0.2	6	319.052	0
0.00302248	0.000562075	0.2	6	318.819	0
0.00302248	0.000614108	0.2	6	318.565	0
0.00302248	0.000670959	0.2	6	318.288	0
0.00302248	0.000733073	0.2	6	317.987	0
0.00302248	0.000800936	0.2	6	317.659	0
0.00302248	0.000875083	0.2	6	317.302	0
0.00302248	0.000956093	0.2	6	316.914	0
0.00302248	0.0010446	0.2	6	316.492	0
0.00302248	0.00114131	0.2	6	316.032	0
0.00302248	0.00124696	0.2	6	315.533	0
0.00302248	0.0013624	0.2	6	314.991	0
0.00302248	0.00148852	0.2	6	314.403	0
0.00302248	0.00162632	0.2	6	313.765	0
0.00302248	0.00177687	0.2	6	313.073	0
0.00302248	0.00194137	0.2	6	312.324	0
0.00302248	0.00212109	0.2	6	311.513	0
0.00302248	0.00231745	0.2	6	310.637	0
0.00302248	0.00253198	0.2	6	309.691	0
0.00302248	0.00276638	0.2	6	308.67	0
0.00302248	0.00302248	0.2	6	307.571	0
0.00302248	0.00330228	0.2	6	306.389	0
0.00302248	0.00360798	0.2	6	305.121	0
0.00302248	0.00394199	0.2	6	303.761	0
0.00302248	0.00430692	0.2	6	302.308	0
0.00302248	0.00470563	0.2	6	300.759	0
0.00302248	0.00514125	0.2	6	299.111	0
0.00302248	0.0056172	0.2	6	297.365	0
0.00302248	0.0061372	0.2	6	295.522	0
0.00302248	0.00670535	0.2	6	293.585	0
0.00302248	0.0073261	0.2	6	291.56	0
0.00302248	0.0080043	0.2	6	289.456	0
0.00302248	0.0087453	0.2	6	287.286	0
0.00302248	0.00955489	0.2	6	285.069	0
0.00302248	0.0104394	0.2	6	282.83	0
0.00302248	0.0114058	0.2	6	280.599	0
0.00302248	0.0124617	0.2	6	278.42	0
0.00302248	0.0136154	0.2	6	276.344	0
0.00302248	0.0148758	0.2	6	274.437	0
0.00302248	0.0162529	0.2	6	272.784	0
0.00302248	0.0177575	0.2	6	271.485	0
0.00302248	0.0194014	0.2	6	270.668	0
0.00302248	0.0211975	0.2	6	270.487	0
0.00302248	0.0231598	0.2	6	271.128	0
0.00302248	0.0253038	0.2	6	272.821	0
0.00302248	0.0276463	0.2	6	275.839	0
0.00302248	0.0302057	0.2	6	280.512	0
0.00302248	0.0330019	0.2	6	287.235	0
0.00302248	0.0360571	0.2	6	296.478	0
0.00302248	0.039395	0.2	6	308.802	0
0.00302248	0.043042	0.2	6	324.866	0
0.00302248	0.0470266	0.2	6	345.45	0
0.00302248	0.05138	0.2	6	371.471	0
0.00302248	0.0561365	0.2	6	403.997	0
0.00302248	0.0613333	0.2	6	444.272	0
0.00302248	0.0670111	0.2	6	493.737	0
0.00302248	0.0732147	0.2	6	554.048	0
0.00302248	0.0799925	0.2	6	627.099	0
0.00302248	0.0873977	0.2	6	715.041	0
0.00302248	0.0954885	0.2	6	820.296	0
0.00302248	0.104328	0.2	6	945.561	0
0.00302248	0.113986	0.2	6	1093.81	0
0.00302248	0.124539	0.2	6	1268.27	0
0.00302248	0.136068	0.2	6	1472.39	0
0.00302248	0.148664	0.2	6	1709.76	0
0.00302248	0.162426	0.2	6	1984	0
0.00302248	0.177463	0.2	6	2298.62	0
0.00302248	0.193892	0.2	6	2656.78	0
0.00302248	0.211841	0.2	6	3060.99	0
0.00302248	0.231452	0.2	6	3512.7	0
0.00302248	0.252878	0.2	6	4011.84	0
0.00302248	0.276288	0.2	6	4556.16	0
0.00302248	0.301866	0.2	6	5140.5	0
0.00302248	0.329811	0.2	6	5756.02	0
0.00302248	0.360343	0.2	6	6389.35	0
0.00302248	0.393701	0.2	6	7021.9	0
0.00302248	0.430148	0.2	6	7629.48	0
0.00302248	0.469968	0.2	6	8182.81	0
0.00302248	0.513475	0.2	6	8649.32	0
0.00302248	0.56101	0.2	6	8997.62	0
0.00302248	0.612945	0.2	6	9206.08	0
0.00302248	0.669688	0.2	6	9278.36	0
0.00330228	0.000104526	0.2	6	320.354	0
0.00330228	0.000114203	0.2	6	320.302	0
0.00330228	0.000124775	0.2	6	320.245	0
0.00330228	0.000136326	0.2	6	320.183	0
0.00330228	0.000148946	0.2	6	320.115	0
0.00330228	0.000162735	0.2	6	320.041	0
0.00330228	0.0001778	0.2	6	319.96	0
0.00330228	0.00019426	0.2	6	319.872	0
0.00330228	0.000212243	0.2	6	319.775	0
0.00330228	0.000231891	0.2	6	319.67	0
0.00330228	0.000253358	0.2	6	319.555	0
0.00330228	0.000276813	0.2	6	319.43	0
0.00330228	0.000302439	0.2	6	319.293	0
0.00330228	0.000330437	0.2	6	319.144	0
0.00330228	0.000361027	0.2	6	318.981	0
0.00330228	0.000394448	0.2	6	318.803	0
0.00330228	0.000430964	0.2	6	318.609	0
0.00330228	0.00047086	0.2	6	318.398	0
0.00330228	0.00051445	0.2	6	318.168	0
0.00330228	0.000562075	0.2	6	317.917	0
0.00330228	0.000614108	0.2	6	317.643	0
0.00330228	0.000670959	0.2	6	317.345	0
0.00330228	0.000733073	0.2	6	317.02	0
0.00330228	0.000800936	0.2	6	316.666	0
0.00330228	0.000875083	0.2	6	316.28	0
0.00330228	0.000956093	0.2	6	315.861	0
0.00330228	0.0010446	0.2	6	315.405	0
0.00330228	0.00114131	0.2	6	314.909	0
0.00330228	0.00124696	0.2	6	314.37	0
0.00330228	0.0013624	0.2	6	313.784	0
0.00330228	0.00148852	0.2	6	313.148	0
0.00330228	0.00162632	0.2	6	312.458	0
0.00330228	0.00177687	0.2	6	311.709	0
0.00330228	0.00194137	0.2	6	310.898	0
0.00330228	0.00212109	0.2	6	310.02	0
0.00330228	0.00231745	0.2	6	309.07	0
0.00330228	0.00253198	0.2	6	308.044	0
0.00330228	0.00276638	0.2	6	306.936	0
0.00330228	0.00302248	0.2	6	305.741	0
0.00330228	0.00330228	0.2	6	304.456	0
0.00330228	0.00360798	0.2	6	303.074	0
0.00330228	0.00394199	0.2	6	301.592	0
0.00330228	0.00430692	0.2	6	300.005	0
0.00330228	0.00470563	0.2	6	298.31	0
0.00330228	0.00514125	0.2	6	296.505	0
0.00330228	0.0056172	0.2	6	294.587	0
0.00330228	0.0061372	0.2	6	292.558	0
0.00330228	0.00670535	0.2	6	290.419	0
0.00330228	0.0073261	0.2	6	288.175	0
0.00330228	0.0080043	0.2	6	285.834	0
0.00330228	0.0087453	0.2	6	283.408	0
0.00330228	0.00955489	0.2	6	280.914	0
0.00330228	0.0104394	0.2	6	278.374	0
0.00330228	0.0114058	0.2	6	275.821	0
0.00330228	0.0124617	0.2	6	273.294	0
0.00330228	0.0136154	0.2	6	270.843	0
0.00330228	0.0148758	0.2	6	268.536	0
0.00330228	0.0162529	0.2	6	266.452	0
0.00330228	0.0177575	0.2	6	264.694	0
0.00330228	0.0194014	0.2	6	263.387	0
0.00330228	0.0211975	0.2	6	262.685	0
0.00330228	0.0231598	0.2	6	262.775	0
0.00330228	0.0253038	0.2	6	263.887	0
0.00330228	0.0276463	0.2	6	266.295	0
0.00330228	0.0302057	0.2	6	270.332	0
0.00330228	0.0330019	0.2	6	276.396	0
0.00330228	0.0360571	0.2	6	284.962	0
0.00330228	0.039395	0.2	6	296.597	0
0.00330228	0.043042	0.2	6	311.972	0
0.00330228	0.0470266	0.2	6	331.877	0
0.00330228	0.05138	0.2	6	357.244	0
0.00330228	0.0561365	0.2	6	389.163	0
0.00330228	0.0613333	0.2	6	428.903	0
0.00330228	0.0670111	0.2	6	477.936	0
0.00330228	0.0732147	0.2	6	537.959	0
0.00330228	0.0799925	0.2	6	610.917	0
0.00330228	0.0873977	0.2	6	699.024	0
0.00330228	0.0954885	0.2	6	804.778	0
0.00330228	0.104328	0.2	6	930.975	0
0.00330228	0.113986	0.2	6	1080.7	0
0.00330228	0.124539	0.2	6	1257.34	0
0.00330228	0.136068	0.2	6	1464.51	0
0.00330228	0.148664	0.2	6	1706.03	0
0.00330228	0.162426	0.2	6	1985.79	0
0.00330228	0.177463	0.2	6	2307.62	0
0.00330228	0.193892	0.2	6	2675.1	0
0.00330228	0.211841	0.2	6	3091.23	0
0.00330228	0.231452	0.2	6	3558.08	0
0.00330228	0.252878	0.2	6	4076.34	0
0.00330228	0.276288	0.2	6	4644.65	0
0.00330228	0.301866	0.2	6	5259.02	0
0.00330228	0.329811	0.2	6	5911.98	0
0.00330228	0.360343	0.2	6	6591.88	0
0.00330228	0.393701	0.2	6	7282.23	0
0.00330228	0.430148	0.2	6	7961.46	0
0.00330228	0.469968	0.2	6	8603.47	0
0.00330228	0.513475	0.2	6	9179.66	0
0.00330228	0.56101	0.2	6	9663.55	0
0.00330228	0.612945	0.2	6	10039.6	0
0.00330228	0.669688	0.2	6	10319	0
0.00360798	0.000104526	0.2	6	319.568	0
0.00360798	0.000114203	0.2	6	319.512	0
0.00360798	0.000124775	0.2	6	319.45	0
0.00360798	0.000136326	0.2	6	319.383	0
0.00360798	0.000148946	0.2	6	319.31	0
0.00360798	0.000162735	0.2	6	319.23	0
0.00360798	0.0001778	0.2	6	319.143	0
0.00360798	0.00019426	0.2	6	319.048	0
0.00360798	0.000212243	0.2	6	318.944	0
0.00360798	0.000231891	0.2	6	318.83	0
0.00360798	0.000253358	0.2	6	318.707	0
0.00360798	0.000276813	0.2	6	318.571	0
0.00360798	0.000302439	0.2	6	318.424	0
0.00360798	0.000330437	0.2	6	318.263	0
0.00360798	0.000361027	0.2	6	318.087	0
0.00360798	0.000394448	0.2	6	317.895	0
0.00360798	0.000430964	0.2	6	317.686	0
0.00360798	0.00047086	0.2	6	317.458	0
0.00360798	0.00051445	0.2	6	317.21	0
0.00360798	0.000562075	0.2	6	316.939	0
0.00360798	0.000614108	0.2	6	316.643	0
0.00360798	0.000670959	0.2	6	316.321	0
0.00360798	0.000733073	0.2	6	315.97	0
0.00360798	0.000800936	0.2	6	315.588	0
0.00360798	0.000875083	0.2	6	315.172	0
0.00360798	0.000956093	0.2	6	314.719	0
0.00360798	0.0010446	0.2	6	314.226	0
0.00360798	0.00114131	0.2	6	313.69	0
0.00360798	0.00124696	0.2	6	313.107	0
0.00360798	0.0013624	0.2	6	312.473	0
0.00360798	0.00148852	0.2	6	311.785	0
0.00360798	0.00162632	0.2	6	311.038	0
0.00360798	0.00177687	0.2	6	310.228	0
0.00360798	0.00194137	0.2	6	309.349	0
0.00360798	0.00212109	0.2	6	308.397	0
0.00360798	0.00231745	0.2	6	307.367	0
0.00360798	0.00253198	0.2	6	306.253	0
0.00360798	0.00276638	0.2	6	305.05	0
0.00360798	0.00302248	0.2	6	303.752	0
0.00360798	0.00330228	0.2	6	302.354	0
0.00360798	0.00360798	0.2	6	300.849	0
0.00360798	0.00394199	0.2	6	299.234	0
0.00360798	0.00430692	0.2	6	297.502	0
0.00360798	0.00470563	0.2	6	295.649	0
0.00360798	0.00514125	0.2	6	293.673	0
0.00360798	0.0056172	0.2	6	291.569	0
0.00360798	0.0061372	0.2	6	289.339	0
0.00360798	0.00670535	0.2	6	286.981	0
0.00360798	0.0073261	0.2	6	284.501	0
0.00360798	0.0080043	0.2	6	281.904	0
0.00360798	0.0087453	0.2	6	279.201	0
0.00360798	0.00955489	0.2	6	276.409	0
0.00360798	0.0104394	0.2	6	273.548	0
0.00360798	0.0114058	0.2	6	270.648	0
0.00360798	0.0124617	0.2	6	267.748	0
0.00360798	0.0136154	0.2	6	264.899	0
0.00360798	0.0148758	0.2	6	262.164	0
0.00360798	0.0162529	0.2	6	259.624	0
0.00360798	0.0177575	0.2	6	257.38	0
0.00360798	0.0194014	0.2	6	255.557	0
0.00360798	0.0211975	0.2	6	254.309	0
0.00360798	0.0231598	0.2	6	253.825	0
0.00360798	0.0253038	0.2	6	254.334	0
0.00360798	0.0276463	0.2	6	256.115	0
0.00360798	0.0302057	0.2	6	259.504	0
0.00360798	0.0330019	0.2	6	264.904	0
0.00360798	0.0360571	0.2	6	272.799	0
0.00360798	0.039395	0.2	6	283.762	0
0.00360798	0.043042	0.2	6	298.479	0
0.00360798	0.0470266	0.2	6	317.757	0
0.00360798	0.05138	0.2	6	342.547	0
0.00360798	0.0561365	0.2	6	373.965	0
0.00360798	0.0613333	0.2	6	413.315	0
0.00360798	0.0670111	0.2	6	462.109	0
0.00360798	0.0732147	0.2	6	522.096	0
0.00360798	0.0799925	0.2	6	595.285	0
0.00360798	0.0873977	0.2	6	683.969	0
0.00360798	0.0954885	0.2	6	790.743	0
0.00360798	0.104328	0.2	6	918.522	0
0.00360798	0.113986	0.2	6	1070.55	0
0.00360798	0.124539	0.2	6	1250.37	0
0.00360798	0.136068	0.2	6	1461.84	0
0.00360798	0.148664	0.2	6	1709.03	0
0.00360798	0.162426	0.2	6	1996.19	0
0.00360798	0.177463	0.2	6	2327.54	0
0.00360798	0.193892	0.2	6	2707.16	0
0.00360798	0.211841	0.2	6	3138.65	0
0.00360798	0.231452	0.2	6	3624.84	0
0.00360798	0.252878	0.2	6	4167.3	0
0.00360798	0.276288	0.2	6	4765.81	0
0.00360798	0.301866	0.2	6	5417.73	0
0.00360798	0.329811	0.2	6	6117.27	0
0.00360798	0.360343	0.2	6	6854.81	0
0.00360798	0.393701	0.2	6	7616.39	0
0.00360798	0.430148	0.2	6	8383.52	0
0.00360798	0.469968	0.2	6	9133.92	0
0.00360798	0.513475	0.2	6	9843.69	0
0.00360798	0.56101	0.2	6	10492.1	0
0.00360798	0.612945	0.2	6	11070.8	0
0.00360798	0.669688	0.2	6	11599.8	0
0.00394199	0.000104526	0.2	6	318.719	0
0.00394199	0.000114203	0.2	6	318.658	0
0.00394199	0.000124775	0.2	6	318.592	0
0.00394199	0.000136326	0.2	6	318.519	0
0.00394199	0.000148946	0.2	6	318.44	0
0.00394199	0.000162735	0.2	6	318.354	0
0.00394199	0.0001778	0.2	6	318.26	0
0.00394199	0.00019426	0.2	6	318.157	0
0.00394199	0.000212243	0.2	6	318.045	0
0.00394199	0.000231891	0.2	6	317.923	0
0.00394199	0.000253358	0.2	6	317.789	0
0.00394199	0.000276813	0.2	6	317.643	0
0.00394199	0.000302439	0.2	6	317.484	0
0.00394199	0.000330437	0.2	6	317.31	0
0.00394199	0.000361027	0.2	6	317.12	0
0.00394199	0.000394448	0.2	6	316.913	0
0.00394199	0.000430964	0.2	6	316.687	0
0.00394199	0.00047086	0.2	6	316.441	0
0.00394199	0.00051445	0.2	6	316.172	0
0.00394199	0.000562075	0.2	6	315.88	0
0.00394199	0.000614108	0.2	6	315.56	0
0.00394199	0.000670959	0.2	6	315.212	0
0.00394199	0.000733073	0.2	6	314.833	0
0.00394199	0.000800936	0.2	6	314.42	0
0.00394199	0.000875083	0.2	6	313.97	0
0.00394199	0.000956093	0.2	6	313.481	0
0.00394199	0.0010446	0.2	6	312.948	0
0.00394199	0.00114131	0.2	6	312.368	0
0.00394199	0.00124696	0.2	6	311.737	0
0.00394199	0.0013624	0.2	6	311.051	0
0.00394199	0.00148852	0.2	6	310.306	0
0.00394199	0.00162632	0.2	6	309.497	0
0.00394199	0.00177687	0.2	6	308.619	0
0.00394199	0.00194137	0.2	6	307.667	0
0.00394199	0.00212109	0.2	6	306.635	0
0.00394199	0.00231745	0.2	6	305.518	0
0.00394199	0.00253198	0.2	6	304.309	0
0.00394199	0.00276638	0.2	6	303.002	0
0.00394199	0.00302248	0.2	6	301.591	0
0.00394199	0.00330228	0.2	6	300.07	0
0.00394199	0.00360798	0.2	6	298.432	0
0.00394199	0.00394199	0.2	6	296.672	0
0.00394199	0.00430692	0.2	6	294.782	0
0.00394199	0.00470563	0.2	6	292.759	0
0.00394199	0.00514125	0.2	6	290.597	0
0.00394199	0.0056172	0.2	6	288.292	0
0.00394199	0.0061372	0.2	6	285.844	0
0.00394199	0.00670535	0.2	6	283.25	0
0.00394199	0.0073261	0.2	6	280.515	0
0.00394199	0.0080043	0.2	6	277.642	0
0.00394199	0.0087453	0.2	6	274.642	0
0.00394199	0.00955489	0.2	6	271.529	0
0.00394199	0.0104394	0.2	6	268.323	0
0.00394199	0.0114058	0.2	6	265.053	0
0.00394199	0.0124617	0.2	6	261.756	0
0.00394199	0.0136154	0.2	6	258.481	0
0.00394199	0.0148758	0.2	6	255.293	0
0.00394199	0.0162529	0.2	6	252.27	0
0.00394199	0.0177575	0.2	6	249.514	0
0.00394199	0.0194014	0.2	6	247.151	0
0.00394199	0.0211975	0.2	6	245.334	0
0.00394199	0.0231598	0.2	6	244.255	0
0.00394199	0.0253038	0.2	6	244.146	0
0.00394199	0.0276463	0.2	6	245.29	0
0.00394199	0.0302057	0.2	6	248.027	0
0.00394199	0.0330019	0.2	6	252.769	0
0.00394199	0.0360571	0.2	6	260.008	0
0.00394199	0.039395	0.2	6	270.334	0
0.00394199	0.043042	0.2	6	284.447	0
0.00394199	0.0470266	0.2	6	303.175	0
0.00394199	0.05138	0.2	6	327.498	0
0.00394199	0.0561365	0.2	6	358.565	0
0.00394199	0.0613333	0.2	6	397.721	0
0.00394199	0.0670111	0.2	6	446.532	0
0.00394199	0.0732147	0.2	6	506.812	0
0.00394199	0.0799925	0.2	6	580.65	0
0.00394199	0.0873977	0.2	6	670.437	0
0.00394199	0.0954885	0.2	6	778.891	0
0.00394199	0.104328	0.2	6	909.075	0
0.00394199	0.113986	0.2	6	1064.41	0
0.00394199	0.124539	0.2	6	1248.68	0
0.00394199	0.136068	0.2	6	1465.99	0
0.00394199	0.148664	0.2	6	1720.77	0
0.00394199	0.162426	0.2	6	2017.64	0
0.00394199	0.177463	0.2	6	2361.35	0
0.00394199	0.193892	0.2	6	2756.56	0
0.00394199	0.211841	0.2	6	3207.63	0
0.00394199	0.231452	0.2	6	3718.27	0
0.00394199	0.252878	0.2	6	4291.15	0
0.00394199	0.276288	0.2	6	4927.4	0
0.00394199	0.301866	0.2	6	5626.01	0
0.00394199	0.329811	0.2	6	6383.19	0
0.00394199	0.360343	0.2	6	7191.79	0
0.00394199	0.393701	0.2	6	8040.83	0
0.00394199	0.430148	0.2	6	8915.51	0
0.00394199	0.469968	0.2	6	9798.08	0
0.00394199	0.513475	0.2	6	10670.2	0
0.00394199	0.56101	0.2	6	11517.9	0
0.00394199	0.612945	0.2	6	12341.4	0
0.00394199	0.669688	0.2	6	13171.1	0
0.00430692	0.000104526	0.2	6	317.802	0
0.00430692	0.000114203	0.2	6	317.736	0
0.00430692	0.000124775	0.2	6	317.665	0
0.00430692	0.000136326	0.2	6	317.587	0
0.00430692	0.000148946	0.2	6	317.501	0
0.00430692	0.000162735	0.2	6	317.408	0
0.00430692	0.0001778	0.2	6	317.307	0
0.00430692	0.00019426	0.2	6	317.195	0
0.00430692	0.000212243	0.2	6	317.074	0
0.00430692	0.000231891	0.2	6	316.942	0
0.00430692	0.000253358	0.2	6	316.797	0
0.00430692	0.000276813	0.2	6	316.64	0
0.00430692	0.000302439	0.2	6	316.467	0
0.00430692	0.000330437	0.2	6	316.28	0
0.00430692	0.000361027	0.2	6	316.075	0
0.00430692	0.000394448	0.2	6	315.851	0
0.00430692	0.000430964	0.2	6	315.607	0
0.00430692	0.00047086	0.2	6	315.341	0
0.00430692	0.00051445	0.2	6	315.05	0
0.00430692	0.000562075	0.2	6	314.734	0
0.00430692	0.000614108	0.2	6	314.389	0
0.00430692	0.000670959	0.2	6	314.012	0
0.00430692	0.000733073	0.2	6	313.602	0
0.00430692	0.000800936	0.2	6	313.156	0
0.00430692	0.000875083	0.2	6	312.669	0
0.00430692	0.000956093	0.2	6	312.139	0
0.00430692	0.0010446	0.2	6	311.562	0
0.00430692	0.00114131	0.2	6	310.934	0
0.00430692	0.00124696	0.2	6	310.252	0
0.00430692	0.0013624	0.2	6	309.509	0
0.00430692	0.00148852	0.2	6	308.702	0
0.00430692	0.00162632	0.2	6	307.826	0
0.00430692	0.00177687	0.2	6	306.874	0
0.00430692	0.00194137	0.2	6	305.842	0
0.00430692	0.00212109	0.2	6	304.722	0
0.00430692	0.00231745	0.2	6	303.51	0
0.00430692	0.00253198	0.2	6	302.197	0
0.00430692	0.00276638	0.2	6	300.778	0
0.00430692	0.00302248	0.2	6	299.245	0
0.00430692	0.00330228	0.2	6	297.59	0
0.00430692	0.00360798	0.2	6	295.808	0
0.00430692	0.00394199	0.2	6	293.89	0
0.00430692	0.00430692	0.2	6	291.83	0
0.00430692	0.00470563	0.2	6	289.621	0
0.00430692	0.00514125	0.2	6	287.258	0
0.00430692	0.0056172	0.2	6	284.736	0
0.00430692	0.0061372	0.2	6	282.052	0
0.00430692	0.00670535	0.2	6	279.204	0
0.00430692	0.0073261	0.2	6	276.193	0
0.00430692	0.0080043	0.2	6	273.024	0
0.00430692	0.0087453	0.2	6	269.705	0
0.00430692	0.00955489	0.2	6	266.248	0
0.00430692	0.0104394	0.2	6	262.673	0
0.00430692	0.0114058	0.2	6	259.007	0
0.00430692	0.0124617	0.2	6	255.287	0
0.00430692	0.0136154	0.2	6	251.562	0
0.00430692	0.0148758	0.2	6	247.894	0
0.00430692	0.0162529	0.2	6	244.363	0
0.00430692	0.0177575	0.2	6	241.072	0
0.00430692	0.0194014	0.2	6	238.145	0
0.00430692	0.0211975	0.2	6	235.74	0
0.00430692	0.0231598	0.2	6	234.05	0
0.00430692	0.0253038	0.2	6	233.312	0
0.00430692	0.0276463	0.2	6	233.815	0
0.00430692	0.0302057	0.2	6	235.907	0
0.00430692	0.0330019	0.2	6	240.01	0
0.00430692	0.0360571	0.2	6	246.63	0
0.00430692	0.039395	0.2	6	256.374	0
0.00430692	0.043042	0.2	6	269.963	0
0.00430692	0.0470266	0.2	6	288.255	0
0.00430692	0.05138	0.2	6	312.262	0
0.00430692	0.0561365	0.2	6	343.177	0
0.00430692	0.0613333	0.2	6	382.4	0
0.00430692	0.0670111	0.2	6	431.562	0
0.00430692	0.0732147	0.2	6	492.558	0
0.00430692	0.0799925	0.2	6	567.578	0
0.00430692	0.0873977	0.2	6	659.136	0
0.00430692	0.0954885	0.2	6	770.1	0
0.00430692	0.104328	0.2	6	903.717	0
0.00430692	0.113986	0.2	6	1063.63	0
0.00430692	0.124539	0.2	6	1253.9	0
0.00430692	0.136068	0.2	6	1478.97	0
0.00430692	0.148664	0.2	6	1743.67	0
0.00430692	0.162426	0.2	6	2053.12	0
0.00430692	0.177463	0.2	6	2412.66	0
0.00430692	0.193892	0.2	6	2827.71	0
0.00430692	0.211841	0.2	6	3303.49	0
0.00430692	0.231452	0.2	6	3844.81	0
0.00430692	0.252878	0.2	6	4455.68	0
0.00430692	0.276288	0.2	6	5138.83	0
0.00430692	0.301866	0.2	6	5895.21	0
0.00430692	0.329811	0.2	6	6723.45	0
0.00430692	0.360343	0.2	6	7619.31	0
0.00430692	0.393701	0.2	6	8575.41	0
0.00430692	0.430148	0.2	6	9581.33	0
0.00430692	0.469968	0.2	6	10624.7	0
0.00430692	0.513475	0.2	6	11693.7	0
0.00430692	0.56101	0.2	6	12782.7	0
0.00430692	0.612945	0.2	6	13901.5	0
0.00430692	0.669688	0.2	6	15092.9	0
0.00470563	0.000104526	0.2	6	316.814	0
0.00470563	0.000114203	0.2	6	316.743	0
0.00470563	0.000124775	0.2	6	316.665	0
0.00470563	0.000136326	0.2	6	316.581	0
0.00470563	0.000148946	0.2	6	316.489	0
0.00470563	0.000162735	0.2	6	316.388	0
0.00470563	0.0001778	0.2	6	316.278	0
0.00470563	0.00019426	0.2	6	316.158	0
0.00470563	0.000212243	0.2	6	316.027	0
0.00470563	0.000231891	0.2	6	315.884	0
0.00470563	0.000253358	0.2	6	315.727	0
0.00470563	0.000276813	0.2	6	315.557	0
0.00470563	0.000302439	0.2	6	315.371	0
0.00470563	0.000330437	0.2	6	315.168	0
0.00470563	0.000361027	0.2	6	314.946	0
0.00470563	0.000394448	0.2	6	314.704	0
0.00470563	0.000430964	0.2	6	314.44	0
0.00470563	0.00047086	0.2	6	314.152	0
0.00470563	0.00051445	0.2	6	313.838	0
0.00470563	0.000562075	0.2	6	313.495	0
0.00470563	0.000614108	0.2	6	313.122	0
0.00470563	0.000670959	0.2	6	312.715	0
0.00470563	0.000733073	0.2	6	312.271	0
0.00470563	0.000800936	0.2	6	311.787	0
0.00470563	0.000875083	0.2	6	311.261	0
0.00470563	0.000956093	0.2	6	310.687	0
0.00470563	0.0010446	0.2	6	310.062	0
0.00470563	0.00114131	0.2	6	309.382	0
0.00470563	0.00124696	0.2	6	308.643	0
0.00470563	0.0013624	0.2	6	307.838	0
0.00470563	0.00148852	0.2	6	306.964	0
0.00470563	0.00162632	0.2	6	306.014	0
0.00470563	0.00177687	0.2	6	304.982	0
0.00470563	0.00194137	0.2	6	303.862	0
0.00470563	0.00212109	0.2	6	302.648	0
0.00470563	0.00231745	0.2	6	301.332	0
0.00470563	0.00253198	0.2	6	299.907	0
0.00470563	0.00276638	0.2	6	298.365	0
0.00470563	0.00302248	0.2	6	296.698	0
0.00470563	0.00330228	0.2	6	294.899	0
0.00470563	0.00360798	0.2	6	292.959	0
0.00470563	0.00394199	0.2	6	290.871	0
0.00470563	0.00430692	0.2	6	288.626	0
0.00470563	0.00470563	0.2	6	286.216	0
0.00470563	0.00514125	0.2	6	283.636	0
0.00470563	0.0056172	0.2	6	280.879	0
0.00470563	0.0061372	0.2	6	277.941	0
0.00470563	0.00670535	0.2	6	274.819	0
0.00470563	0.0073261	0.2	6	271.512	0
0.00470563	0.0080043	0.2	6	268.024	0
0.00470563	0.0087453	0.2	6	264.362	0
0.00470563	0.00955489	0.2	6	260.538	0
0.00470563	0.0104394	0.2	6	256.569	0
0.00470563	0.0114058	0.2	6	252.482	0
0.00470563	0.0124617	0.2	6	248.314	0
0.00470563	0.0136154	0.2	6	244.112	0
0.00470563	0.0148758	0.2	6	239.94	0
0.00470563	0.0162529	0.2	6	235.877	0
0.00470563	0.0177575	0.2	6	232.027	0
0.00470563	0.0194014	0.2	6	228.518	0
0.00470563	0.0211975	0.2	6	225.509	0
0.00470563	0.0231598	0.2	6	223.199	0
0.00470563	0.0253038	0.2	6	221.831	0
0.00470563	0.0276463	0.2	6	221.7	0
0.00470563	0.0302057	0.2	6	223.167	0
0.00470563	0.0330019	0.2	6	226.668	0
0.00470563	0.0360571	0.2	6	232.726	0
0.00470563	0.039395	0.2	6	241.97	0
0.00470563	0.043042	0.2	6	255.15	0
0.00470563	0.0470266	0.2	6	273.159	0
0.00470563	0.05138	0.2	6	297.053	0
0.00470563	0.0561365	0.2	6	328.081	0
0.00470563	0.0613333	0.2	6	367.709	0
0.00470563	0.0670111	0.2	6	417.65	0
0.00470563	0.0732147	0.2	6	479.902	0
0.00470563	0.0799925	0.2	6	556.779	0
0.00470563	0.0873977	0.2	6	650.947	0
0.00470563	0.0954885	0.2	6	765.459	0
0.00470563	0.104328	0.2	6	903.79	0
0.00470563	0.113986	0.2	6	1069.86	0
0.00470563	0.124539	0.2	6	1268.06	0
0.00470563	0.136068	0.2	6	1503.24	0
0.00470563	0.148664	0.2	6	1780.73	0
0.00470563	0.162426	0.2	6	2106.26	0
0.00470563	0.177463	0.2	6	2485.89	0
0.00470563	0.193892	0.2	6	2925.92	0
0.00470563	0.211841	0.2	6	3432.68	0
0.00470563	0.231452	0.2	6	4012.28	0
0.00470563	0.252878	0.2	6	4670.31	0
0.00470563	0.276288	0.2	6	5411.46	0
0.00470563	0.301866	0.2	6	6239.03	0
0.00470563	0.329811	0.2	6	7154.54	0
0.00470563	0.360343	0.2	6	8157.24	0
0.00470563	0.393701	0.2	6	9244.05	0
0.00470563	0.430148	0.2	6	10409.8	0
0.00470563	0.469968	0.2	6	11648.4	0
0.00470563	0.513475	0.2	6	12955.9	0
0.00470563	0.56101	0.2	6	14336.2	0
0.00470563	0.612945	0.2	6	15811	0
0.00470563	0.669688	0.2	6	17437.5	0
0.00514125	0.000104526	0.2	6	315.75	0
0.00514125	0.000114203	0.2	6	315.673	0
0.00514125	0.000124775	0.2	6	315.589	0
0.00514125	0.000136326	0.2	6	315.498	0
0.00514125	0.000148946	0.2	6	315.398	0
0.00514125	0.000162735	0.2	6	315.289	0
0.00514125	0.0001778	0.2	6	315.17	0
0.00514125	0.00019426	0.2	6	315.04	0
0.00514125	0.000212243	0.2	6	314.898	0
0.00514125	0.000231891	0.2	6	314.744	0
0.00514125	0.000253358	0.2	6	314.574	0
0.00514125	0.000276813	0.2	6	314.39	0
0.00514125	0.000302439	0.2	6	314.188	0
0.00514125	0.000330437	0.2	6	313.968	0
0.00514125	0.000361027	0.2	6	313.728	0
0.00514125	0.000394448	0.2	6	313.467	0
0.00514125	0.000430964	0.2	6	313.181	0
0.00514125	0.00047086	0.2	6	312.869	0
0.00514125	0.00051445	0.2	6	312.529	0
0.00514125	0.000562075	0.2	6	312.158	0
0.00514125	0.000614108	0.2	6	311.754	0
0.00514125	0.000670959	0.2	6	311.313	0
0.00514125	0.000733073	0.2	6	310.832	0
0.00514125	0.000800936	0.2	6	310.309	0
0.00514125	0.000875083	0.2	6	309.738	0
0.00514125	0.000956093	0.2	6	309.116	0
0.00514125	0.0010446	0.2	6	308.44	0
0.00514125	0.00114131	0.2	6	307.703	0
0.00514125	0.00124696	0.2	6	306.901	0
0.00514125	0.0013624	0.2	6	306.029	0
0.00514125	0.00148852	0.2	6	305.081	0
0.00514125	0.00162632	0.2	6	304.051	0
0.00514125	0.00177687	0.2	6	302.932	0
0.00514125	0.00194137	0.2	6	301.717	0
0.00514125	0.00212109	0.2	6	300.399	0
0.00514125	0.00231745	0.2	6	298.971	0
0.00514125	0.00253198	0.2	6	297.423	0
0.00514125	0.00276638	0.2	6	295.748	0
0.00514125	0.00302248	0.2	6	293.937	0
0.00514125	0.00330228	0.2	6	291.981	0
0.00514125	0.00360798	0.2	6	289.871	0
0.00514125	0.00394199	0.2	6	287.597	0
0.00514125	0.00430692	0.2	6	285.152	0
0.00514125	0.00470563	0.2	6	282.525	0
0.00514125	0.00514125	0.2	6	279.71	0
0.00514125	0.0056172	0.2	6	276.7	0
0.00514125	0.0061372	0.2	6	273.488	0
0.00514125	0.00670535	0.2	6	270.07	0
0.00514125	0.0073261	0.2	6	266.446	0
0.00514125	0.0080043	0.2	6	262.616	0
0.00514125	0.0087453	0.2	6	258.588	0
0.00514125	0.00955489	0.2	6	254.371	0
0.00514125	0.0104394	0.2	6	249.983	0
0.00514125	0.0114058	0.2	6	245.45	0
0.00514125	0.0124617	0.2	6	240.808	0
0.00514125	0.0136154	0.2	6	236.105	0
0.00514125	0.0148758	0.2	6	231.404	0
0.00514125	0.0162529	0.2	6	226.787	0
0.00514125	0.0177575	0.2	6	222.36	0
0.00514125	0.0194014	0.2	6	218.253	0
0.00514125	0.0211975	0.2	6	214.632	0
0.00514125	0.0231598	0.2	6	211.7	0
0.00514125	0.0253038	0.2	6	209.709	0
0.00514125	0.0276463	0.2	6	208.967	0
0.00514125	0.0302057	0.2	6	209.847	0
0.00514125	0.0330019	0.2	6	212.804	0
0.00514125	0.0360571	0.2	6	218.384	0
0.00514125	0.039395	0.2	6	227.244	0
0.00514125	0.043042	0.2	6	240.172	0
0.00514125	0.0470266	0.2	6	258.105	0
0.00514125	0.05138	0.2	6	282.155	0
0.00514125	0.0561365	0.2	6	313.637	0
0.00514125	0.0613333	0.2	6	354.103	0
0.00514125	0.0670111	0.2	6	405.369	0
0.00514125	0.0732147	0.2	6	469.558	0
0.00514125	0.0799925	0.2	6	549.139	0
0.00514125	0.0873977	0.2	6	646.963	0
0.00514125	0.0954885	0.2	6	766.314	0
0.00514125	0.104328	0.2	6	910.943	0
0.00514125	0.113986	0.2	6	1085.11	0
0.00514125	0.124539	0.2	6	1293.61	0
0.00514125	0.136068	0.2	6	1541.8	0
0.00514125	0.148664	0.2	6	1835.6	0
0.00514125	0.162426	0.2	6	2181.47	0
0.00514125	0.177463	0.2	6	2586.38	0
0.00514125	0.193892	0.2	6	3057.7	0
0.00514125	0.211841	0.2	6	3603.04	0
0.00514125	0.231452	0.2	6	4230.11	0
0.00514125	0.252878	0.2	6	4946.43	0
0.00514125	0.276288	0.2	6	5759.02	0
0.00514125	0.301866	0.2	6	6674.01	0
0.00514125	0.329811	0.2	6	7696.36	0
0.00514125	0.360343	0.2	6	8829.54	0
0.00514125	0.393701	0.2	6	10075.5	0
0.00514125	0.430148	0.2	6	11435.4	0
0.00514125	0.469968	0.2	6	12910.7	0
0.00514125	0.513475	0.2	6	14506.8	0
0.00514125	0.56101	0.2	6	16238.7	0
0.00514125	0.612945	0.2	6	18142.2	0
0.00514125	0.669688	0.2	6	20291.4	0
0.0056172	0.000104526	0.2	6	314.606	0
0.0056172	0.000114203	0.2	6	314.523	0
0.0056172	0.000124775	0.2	6	314.433	0
0.0056172	0.000136326	0.2	6	314.334	0
0.0056172	0.000148946	0.2	6	314.226	0
0.0056172	0.000162735	0.2	6	314.108	0
0.0056172	0.0001778	0.2	6	313.979	0
0.0056172	0.00019426	0.2	6	313.838	0
0.0056172	0.000212243	0.2	6	313.685	0
0.0056172	0.000231891	0.2	6	313.517	0
0.0056172	0.000253358	0.2	6	313.334	0
0.0056172	0.000276813	0.2	6	313.134	0
0.0056172	0.000302439	0.2	6	312.915	0
0.0056172	0.000330437	0.2	6	312.677	0
0.0056172	0.000361027	0.2	6	312.417	0
0.0056172	0.000394448	0.2	6	312.134	0
0.0056172	0.000430964	0.2	6	311.824	0
0.0056172	0.00047086	0.2	6	311.486	0
0.0056172	0.00051445	0.2	6	311.118	0
0.0056172	0.000562075	0.2	6	310.716	0
0.0056172	0.000614108	0.2	6	310.278	0
0.0056172	0.000670959	0.2	6	309.8	0
0.0056172	0.000733073	0.2	6	309.279	0
0.0056172	0.000800936	0.2	6	308.712	0
0.0056172	0.000875083	0.2	6	308.093	0
0.0056172	0.000956093	0.2	6	307.42	0
0.0056172	0.0010446	0.2	6	306.686	0
0.0056172	0.00114131	0.2	6	305.888	0
0.0056172	0.00124696	0.2	6	305.018	0
0.0056172	0.0013624	0.2	6	304.073	0
0.0056172	0.00148852	0.2	6	303.045	0
0.0056172	0.00162632	0.2	6	301.927	0
0.0056172	0.00177687	0.2	6	300.713	0
0.0056172	0.00194137	0.2	6	299.394	0
0.0056172	0.00212109	0.2	6	297.964	0
0.0056172	0.00231745	0.2	6	296.413	0
0.0056172	0.00253198	0.2	6	294.732	0
0.0056172	0.00276638	0.2	6	292.913	0
0.0056172	0.00302248	0.2	6	290.945	0
0.0056172	0.00330228	0.2	6	288.818	0
0.0056172	0.00360798	0.2	6	286.523	0
0.0056172	0.00394199	0.2	6	284.05	0
0.0056172	0.00430692	0.2	6	281.387	0
0.0056172	0.00470563	0.2	6	278.527	0
0.0056172	0.00514125	0.2	6	275.458	0
0.0056172	0.0056172	0.2	6	272.174	0
0.0056172	0.0061372	0.2	6	268.668	0
0.0056172	0.00670535	0.2	6	264.933	0
0.0056172	0.0073261	0.2	6	260.968	0
0.0056172	0.0080043	0.2	6	256.773	0
0.0056172	0.0087453	0.2	6	252.353	0
0.0056172	0.00955489	0.2	6	247.719	0
0.0056172	0.0104394	0.2	6	242.886	0
0.0056172	0.0114058	0.2	6	237.882	0
0.0056172	0.0124617	0.2	6	232.741	0
0.0056172	0.0136154	0.2	6	227.512	0
0.0056172	0.0148758	0.2	6	222.262	0
0.0056172	0.0162529	0.2	6	217.073	0
0.0056172	0.0177575	0.2	6	212.054	0
0.0056172	0.0194014	0.2	6	207.341	0
0.0056172	0.0211975	0.2	6	203.107	0
0.0056172	0.0231598	0.2	6	199.563	0
0.0056172	0.0253038	0.2	6	196.972	0
0.0056172	0.0276463	0.2	6	195.656	0
0.0056172	0.0302057	0.2	6	196.009	0
0.0056172	0.0330019	0.2	6	198.508	0
0.0056172	0.0360571	0.2	6	203.728	0
0.0056172	0.039395	0.2	6	212.365	0
0.0056172	0.043042	0.2	6	225.25	0
0.0056172	0.0470266	0.2	6	243.376	0
0.0056172	0.05138	0.2	6	267.927	0
0.0056172	0.0561365	0.2	6	300.302	0
0.0056172	0.0613333	0.2	6	342.156	0
0.0056172	0.0670111	0.2	6	395.434	0
0.0056172	0.0732147	0.2	6	462.415	0
0.0056172	0.0799925	0.2	6	545.754	0
0.0056172	0.0873977	0.2	6	648.536	0
0.0056172	0.0954885	0.2	6	774.321	0
0.0056172	0.104328	0.2	6	927.202	0
0.0056172	0.113986	0.2	6	1111.85	0
0.0056172	0.124539	0.2	6	1333.56	0
0.0056172	0.136068	0.2	6	1598.29	0
0.0056172	0.148664	0.2	6	1912.7	0
0.0056172	0.162426	0.2	6	2284.14	0
0.0056172	0.177463	0.2	6	2720.64	0
0.0056172	0.193892	0.2	6	3230.86	0
0.0056172	0.211841	0.2	6	3824.02	0
0.0056172	0.231452	0.2	6	4509.73	0
0.0056172	0.252878	0.2	6	5297.81	0
0.0056172	0.276288	0.2	6	6198.07	0
0.0056172	0.301866	0.2	6	7220.08	0
0.0056172	0.329811	0.2	6	8372.9	0
0.0056172	0.360343	0.2	6	9665.02	0
0.0056172	0.393701	0.2	6	11104.5	0
0.0056172	0.430148	0.2	6	12699.9	0
0.0056172	0.469968	0.2	6	14461.6	0
0.0056172	0.513475	0.2	6	16406.2	0
0.0056172	0.56101	0.2	6	18562.1	0
0.0056172	0.612945	0.2	6	20981.4	0
0.0056172	0.669688	0.2	6	23758.3	0
0.0061372	0.000104526	0.2	6	313.38	0
0.0061372	0.000114203	0.2	6	313.29	0
0.0061372	0.000124775	0.2	6	313.192	0
0.0061372	0.000136326	0.2	6	313.084	0
0.0061372	0.000148946	0.2	6	312.967	0
0.0061372	0.000162735	0.2	6	312.839	0
0.0061372	0.0001778	0.2	6	312.7	0
0.0061372	0.00019426	0.2	6	312.547	0
0.0061372	0.000212243	0.2	6	312.381	0
0.0061372	0.000231891	0.2	6	312.199	0
0.0061372	0.000253358	0.2	6	312	0
0.0061372	0.000276813	0.2	6	311.784	0
0.0061372	0.000302439	0.2	6	311.547	0
0.0061372	0.000330437	0.2	6	311.289	0
0.0061372	0.000361027	0.2	6	311.007	0
0.0061372	0.000394448	0.2	6	310.7	0
0.0061372	0.000430964	0.2	6	310.364	0
0.0061372	0.00047086	0.2	6	309.998	0
0.0061372	0.00051445	0.2	6	309.599	0
0.0061372	0.000562075	0.2	6	309.163	0
0.0061372	0.000614108	0.2	6	308.688	0
0.0061372	0.000670959	0.2	6	308.17	0
0.0061372	0.000733073	0.2	6	307.606	0
0.0061372	0.000800936	0.2	6	306.99	0
0.0061372	0.000875083	0.2	6	306.32	0
0.0061372	0.000956093	0.2	6	305.589	0
0.0061372	0.0010446	0.2	6	304.794	0
0.0061372	0.00114131	0.2	6	303.927	0
0.0061372	0.00124696	0.2	6	302.984	0
0.0061372	0.0013624	0.2	6	301.959	0
0.0061372	0.00148852	0.2	6	300.843	0
0.0061372	0.00162632	0.2	6	299.63	0
0.0061372	0.00177687	0.2	6	298.313	0
0.0061372	0.00194137	0.2	6	296.882	0
0.0061372	0.00212109	0.2	6	295.329	0
0.0061372	0.00231745	0.2	6	293.645	0
0.0061372	0.00253198	0.2	6	291.819	0
0.0061372	0.00276638	0.2	6	289.843	0
0.0061372	0.00302248	0.2	6	287.705	0
0.0061372	0.00330228	0.2	6	285.394	0
0.0061372	0.00360798	0.2	6	282.899	0
0.0061372	0.00394199	0.2	6	280.208	0
0.0061372	0.00430692	0.2	6	277.312	0
0.0061372	0.00470563	0.2	6	274.198	0
0.0061372	0.00514125	0.2	6	270.857	0
0.0061372	0.0056172	0.2	6	267.279	0
0.0061372	0.0061372	0.2	6	263.455	0
0.0061372	0.00670535	0.2	6	259.381	0
0.0061372	0.0073261	0.2	6	255.051	0
0.0061372	0.0080043	0.2	6	250.466	0
0.0061372	0.0087453	0.2	6	245.63	0
0.0061372	0.00955489	0.2	6	240.553	0
0.0061372	0.0104394	0.2	6	235.251	0
0.0061372	0.0114058	0.2	6	229.75	0
0.0061372	0.0124617	0.2	6	224.087	0
0.0061372	0.0136154	0.2	6	218.312	0
0.0061372	0.0148758	0.2	6	212.493	0
0.0061372	0.0162529	0.2	6	206.718	0
0.0061372	0.0177575	0.2	6	201.099	0
0.0061372	0.0194014	0.2	6	195.781	0
0.0061372	0.0211975	0.2	6	190.943	0
0.0061372	0.0231598	0.2	6	186.81	0
0.0061372	0.0253038	0.2	6	183.659	0
0.0061372	0.0276463	0.2	6	181.831	0
0.0061372	0.0302057	0.2	6	181.744	0
0.0061372	0.0330019	0.2	6	183.904	0
0.0061372	0.0360571	0.2	6	188.927	0
0.0061372	0.039395	0.2	6	197.551	0
0.0061372	0.043042	0.2	6	210.666	0
0.0061372	0.0470266	0.2	6	229.336	0
0.0061372	0.05138	0.2	6	254.83	0
0.0061372	0.0561365	0.2	6	288.653	0
0.0061372	0.0613333	0.2	6	332.588	0
0.0061372	0.0670111	0.2	6	388.739	0
0.0061372	0.0732147	0.2	6	459.573	0
0.0061372	0.0799925	0.2	6	547.98	0
0.0061372	0.0873977	0.2	6	657.326	0
0.0061372	0.0954885	0.2	6	791.513	0
0.0061372	0.104328	0.2	6	955.047	0
0.0061372	0.113986	0.2	6	1153.1	0
0.0061372	0.124539	0.2	6	1391.57	0
0.0061372	0.136068	0.2	6	1677.17	0
0.0061372	0.148664	0.2	6	2017.42	0
0.0061372	0.162426	0.2	6	2420.75	0
0.0061372	0.177463	0.2	6	2896.51	0
0.0061372	0.193892	0.2	6	3454.91	0
0.0061372	0.211841	0.2	6	4107.08	0
0.0061372	0.231452	0.2	6	4864.91	0
0.0061372	0.252878	0.2	6	5741.02	0
0.0061372	0.276288	0.2	6	6748.59	0
0.0061372	0.301866	0.2	6	7901.25	0
0.0061372	0.329811	0.2	6	9213	0
0.0061372	0.360343	0.2	6	10698.3	0
0.0061372	0.393701	0.2	6	12372.6	0
0.0061372	0.430148	0.2	6	14253.1	0
0.0061372	0.469968	0.2	6	16361.2	0
0.0061372	0.513475	0.2	6	18726.3	0
0.0061372	0.56101	0.2	6	21392.8	0
0.0061372	0.612945	0.2	6	24432.3	0
0.0061372	0.669688	0.2	6	27962.7	0
0.00670535	0.000104526	0.2	6	312.067	0
0.00670535	0.000114203	0.2	6	311.969	0
0.00670535	0.000124775	0.2	6	311.863	0
0.00670535	0.000136326	0.2	6	311.746	0
0.00670535	0.000148946	0.2	6	311.619	0
0.00670535	0.000162735	0.2	6	311.481	0
0.00670535	0.0001778	0.2	6	311.329	0
0.00670535	0.00019426	0.2	6	311.164	0
0.00670535	0.000212243	0.2	6	310.983	0
0.00670535	0.000231891	0.2	6	310.786	0
0.00670535	0.000253358	0.2	6	310.571	0
0.00670535	0.000276813	0.2	6	310.336	0
0.00670535	0.000302439	0.2	6	310.079	0
0.00670535	0.000330437	0.2	6	309.799	0
0.00670535	0.000361027	0.2	6	309.494	0
0.00670535	0.000394448	0.2	6	309.16	0
0.00670535	0.000430964	0.2	6	308.796	0
0.00670535	0.00047086	0.2	6	308.399	0
0.00670535	0.00051445	0.2	6	307.966	0
0.00670535	0.000562075	0.2	6	307.494	0
0.00670535	0.000614108	0.2	6	306.978	0
0.00670535	0.000670959	0.2	6	306.416	0
0.00670535	0.000733073	0.2	6	305.804	0
0.00670535	0.000800936	0.2	6	305.136	0
0.00670535	0.000875083	0.2	6	304.409	0
0.00670535	0.000956093	0.2	6	303.616	0
0.00670535	0.0010446	0.2	6	302.753	0
0.00670535	0.00114131	0.2	6	301.813	0
0.00670535	0.00124696	0.2	6	300.79	0
0.00670535	0.0013624	0.2	6	299.677	0
0.00670535	0.00148852	0.2	6	298.466	0
0.00670535	0.00162632	0.2	6	297.15	0
0.00670535	0.00177687	0.2	6	295.72	0
0.00670535	0.00194137	0.2	6	294.166	0
0.00670535	0.00212109	0.2	6	292.48	0
0.00670535	0.00231745	0.2	6	290.652	0
0.00670535	0.00253198	0.2	6	288.67	0
0.00670535	0.00276638	0.2	6	286.523	0
0.00670535	0.00302248	0.2	6	284.2	0
0.00670535	0.00330228	0.2	6	281.689	0
0.00670535	0.00360798	0.2	6	278.977	0
0.00670535	0.00394199	0.2	6	276.053	0
0.00670535	0.00430692	0.2	6	272.904	0
0.00670535	0.00470563	0.2	6	269.518	0
0.00670535	0.00514125	0.2	6	265.882	0
0.00670535	0.0056172	0.2	6	261.988	0
0.00670535	0.0061372	0.2	6	257.825	0
0.00670535	0.00670535	0.2	6	253.387	0
0.00670535	0.0073261	0.2	6	248.668	0
0.00670535	0.0080043	0.2	6	243.668	0
0.00670535	0.0087453	0.2	6	238.391	0
0.00670535	0.00955489	0.2	6	232.845	0
0.00670535	0.0104394	0.2	6	227.049	0
0.00670535	0.0114058	0.2	6	221.029	0
0.00670535	0.0124617	0.2	6	214.822	0
0.00670535	0.0136154	0.2	6	208.484	0
0.00670535	0.0148758	0.2	6	202.083	0
0.00670535	0.0162529	0.2	6	195.714	0
0.00670535	0.0177575	0.2	6	189.496	0
0.00670535	0.0194014	0.2	6	183.582	0
0.00670535	0.0211975	0.2	6	178.164	0
0.00670535	0.0231598	0.2	6	173.482	0
0.00670535	0.0253038	0.2	6	169.833	0
0.00670535	0.0276463	0.2	6	167.582	0
0.00670535	0.0302057	0.2	6	167.177	0
0.00670535	0.0330019	0.2	6	169.163	0
0.00670535	0.0360571	0.2	6	174.2	0
0.00670535	0.039395	0.2	6	183.087	0
0.00670535	0.043042	0.2	6	196.785	0
0.00670535	0.0470266	0.2	6	216.445	0
0.00670535	0.05138	0.2	6	243.441	0
0.00670535	0.0561365	0.2	6	279.41	0
0.00670535	0.0613333	0.2	6	326.294	0
0.00670535	0.0670111	0.2	6	386.387	0
0.00670535	0.0732147	0.2	6	462.394	0
0.00670535	0.0799925	0.2	6	557.486	0
0.00670535	0.0873977	0.2	6	675.373	0
0.00670535	0.0954885	0.2	6	820.375	0
0.00670535	0.104328	0.2	6	997.502	0
0.00670535	0.113986	0.2	6	1212.53	0
0.00670535	0.124539	0.2	6	1472.11	0
0.00670535	0.136068	0.2	6	1783.82	0
0.00670535	0.148664	0.2	6	2156.28	0
0.00670535	0.162426	0.2	6	2599.21	0
0.00670535	0.177463	0.2	6	3123.51	0
0.00670535	0.193892	0.2	6	3741.31	0
0.00670535	0.211841	0.2	6	4466.01	0
0.00670535	0.231452	0.2	6	5312.28	0
0.00670535	0.252878	0.2	6	6296.07	0
0.00670535	0.276288	0.2	6	7434.6	0
0.00670535	0.301866	0.2	6	8746.39	0
0.00670535	0.329811	0.2	6	10251.4	0
0.00670535	0.360343	0.2	6	11971.2	0
0.00670535	0.393701	0.2	6	13929.8	0
0.00670535	0.430148	0.2	6	16155.2	0
0.00670535	0.469968	0.2	6	18681.4	0
0.00670535	0.513475	0.2	6	21553.3	0
0.00670535	0.56101	0.2	6	24834.4	0
0.00670535	0.612945	0.2	6	28619.1	0
0.00670535	0.669688	0.2	6	33053.4	0
0.0073261	0.000104526	0.2	6	310.664	0
0.0073261	0.000114203	0.2	6	310.558	0
0.0073261	0.000124775	0.2	6	310.442	0
0.0073261	0.000136326	0.2	6	310.316	0
0.0073261	0.000148946	0.2	6	310.178	0
0.0073261	0.000162735	0.2	6	310.028	0
0.0073261	0.0001778	0.2	6	309.863	0
0.0073261	0.00019426	0.2	6	309.684	0
0.0073261	0.000212243	0.2	6	309.488	0
0.0073261	0.000231891	0.2	6	309.274	0
0.0073261	0.000253358	0.2	6	309.04	0
0.0073261	0.000276813	0.2	6	308.785	0
0.0073261	0.000302439	0.2	6	308.507	0
0.0073261	0.000330437	0.2	6	308.203	0
0.0073261	0.000361027	0.2	6	307.872	0
0.0073261	0.000394448	0.2	6	307.51	0
0.0073261	0.000430964	0.2	6	307.115	0
0.0073261	0.00047086	0.2	6	306.684	0
0.0073261	0.00051445	0.2	6	306.214	0
0.0073261	0.000562075	0.2	6	305.701	0
0.0073261	0.000614108	0.2	6	305.142	0
0.0073261	0.000670959	0.2	6	304.532	0
0.0073261	0.000733073	0.2	6	303.868	0
0.0073261	0.000800936	0.2	6	303.143	0
0.0073261	0.000875083	0.2	6	302.353	0
0.0073261	0.000956093	0.2	6	301.493	0
0.0073261	0.0010446	0.2	6	300.556	0
0.0073261	0.00114131	0.2	6	299.536	0
0.0073261	0.00124696	0.2	6	298.426	0
0.0073261	0.0013624	0.2	6	297.217	0
0.0073261	0.00148852	0.2	6	295.903	0
0.0073261	0.00162632	0.2	6	294.474	0
0.0073261	0.00177687	0.2	6	292.921	0
0.0073261	0.00194137	0.2	6	291.235	0
0.0073261	0.00212109	0.2	6	289.405	0
0.0073261	0.00231745	0.2	6	287.419	0
0.0073261	0.00253198	0.2	6	285.266	0
0.0073261	0.00276638	0.2	6	282.935	0
0.0073261	0.00302248	0.2	6	280.412	0
0.0073261	0.00330228	0.2	6	277.685	0
0.0073261	0.00360798	0.2	6	274.74	0
0.0073261	0.00394199	0.2	6	271.563	0
0.0073261	0.00430692	0.2	6	268.141	0
0.0073261	0.00470563	0.2	6	264.461	0
0.0073261	0.00514125	0.2	6	260.51	0
0.0073261	0.0056172	0.2	6	256.277	0
0.0073261	0.0061372	0.2	6	251.751	0
0.0073261	0.00670535	0.2	6	246.924	0
0.0073261	0.0073261	0.2	6	241.792	0
0.0073261	0.0080043	0.2	6	236.352	0
0.0073261	0.0087453	0.2	6	230.608	0
0.0073261	0.00955489	0.2	6	224.57	0
0.0073261	0.0104394	0.2	6	218.256	0
0.0073261	0.0114058	0.2	6	211.696	0
0.0073261	0.0124617	0.2	6	204.928	0
0.0073261	0.0136154	0.2	6	198.012	0
0.0073261	0.0148758	0.2	6	191.022	0
0.0073261	0.0162529	0.2	6	184.06	0
0.0073261	0.0177575	0.2	6	177.254	0
0.0073261	0.0194014	0.2	6	170.769	0
0.0073261	0.0211975	0.2	6	164.813	0
0.0073261	0.0231598	0.2	6	159.645	0
0.0073261	0.0253038	0.2	6	155.588	0
0.0073261	0.0276463	0.2	6	153.037	0
0.0073261	0.0302057	0.2	6	152.478	0
0.0073261	0.0330019	0.2	6	154.504	0
0.0073261	0.0360571	0.2	6	159.835	0
0.0073261	0.039395	0.2	6	169.341	0
0.0073261	0.043042	0.2	6	184.071	0
0.0073261	0.0470266	0.2	6	205.284	0
0.0073261	0.05138	0.2	6	234.485	0
0.0073261	0.0561365	0.2	6	273.473	0
0.0073261	0.0613333	0.2	6	324.382	0
0.0073261	0.0670111	0.2	6	389.744	0
0.0073261	0.0732147	0.2	6	472.548	0
0.0073261	0.0799925	0.2	6	576.313	0
0.0073261	0.0873977	0.2	6	705.169	0
0.0073261	0.0954885	0.2	6	863.941	0
0.0073261	0.104328	0.2	6	1058.25	0
0.0073261	0.113986	0.2	6	1294.62	0
0.0073261	0.124539	0.2	6	1580.58	0
0.0073261	0.136068	0.2	6	1924.79	0
0.0073261	0.148664	0.2	6	2337.18	0
0.0073261	0.162426	0.2	6	2829.02	0
0.0073261	0.177463	0.2	6	3413.12	0
0.0073261	0.193892	0.2	6	4103.89	0
0.0073261	0.211841	0.2	6	4917.47	0
0.0073261	0.231452	0.2	6	5871.86	0
0.0073261	0.252878	0.2	6	6987.02	0
0.0073261	0.276288	0.2	6	8285.02	0
0.0073261	0.301866	0.2	6	9790.24	0
0.0073261	0.329811	0.2	6	11529.7	0
0.0073261	0.360343	0.2	6	13533.5	0
0.0073261	0.393701	0.2	6	15836.2	0
0.0073261	0.430148	0.2	6	18478.1	0
0.0073261	0.469968	0.2	6	21508.5	0
0.0073261	0.513475	0.2	6	24990.8	0
0.0073261	0.56101	0.2	6	29010.9	0
0.0073261	0.612945	0.2	6	33690.5	0
0.0073261	0.669688	0.2	6	39208.9	0
0.0080043	0.000104526	0.2	6	309.169	0
0.0080043	0.000114203	0.2	6	309.054	0
0.0080043	0.000124775	0.2	6	308.929	0
0.0080043	0.000136326	0.2	6	308.792	0
0.0080043	0.000148946	0.2	6	308.642	0
0.0080043	0.000162735	0.2	6	308.479	0
0.0080043	0.0001778	0.2	6	308.3	0
0.0080043	0.00019426	0.2	6	308.105	0
0.0080043	0.000212243	0.2	6	307.892	0
0.0080043	0.000231891	0.2	6	307.66	0
0.0080043	0.000253358	0.2	6	307.407	0
0.0080043	0.000276813	0.2	6	307.13	0
0.0080043	0.000302439	0.2	6	306.827	0
0.0080043	0.000330437	0.2	6	306.498	0
0.0080043	0.000361027	0.2	6	306.138	0
0.0080043	0.000394448	0.2	6	305.745	0
0.0080043	0.000430964	0.2	6	305.316	0
0.0080043	0.00047086	0.2	6	304.848	0
0.0080043	0.00051445	0.2	6	304.338	0
0.0080043	0.000562075	0.2	6	303.781	0
0.0080043	0.000614108	0.2	6	303.174	0
0.0080043	0.000670959	0.2	6	302.512	0
0.0080043	0.000733073	0.2	6	301.79	0
0.0080043	0.000800936	0.2	6	301.004	0
0.0080043	0.000875083	0.2	6	300.146	0
0.0080043	0.000956093	0.2	6	299.212	0
0.0080043	0.0010446	0.2	6	298.195	0
0.0080043	0.00114131	0.2	6	297.087	0
0.0080043	0.00124696	0.2	6	295.882	0
0.0080043	0.0013624	0.2	6	294.57	0
0.0080043	0.00148852	0.2	6	293.143	0
0.0080043	0.00162632	0.2	6	291.591	0
0.0080043	0.00177687	0.2	6	289.906	0
0.0080043	0.00194137	0.2	6	288.075	0
0.0080043	0.00212109	0.2	6	286.087	0
0.0080043	0.00231745	0.2	6	283.931	0
0.0080043	0.00253198	0.2	6	281.594	0
0.0080043	0.00276638	0.2	6	279.063	0
0.0080043	0.00302248	0.2	6	276.324	0
0.0080043	0.00330228	0.2	6	273.363	0
0.0080043	0.00360798	0.2	6	270.165	0
0.0080043	0.00394199	0.2	6	266.716	0
0.0080043	0.00430692	0.2	6	263.001	0
0.0080043	0.00470563	0.2	6	259.005	0
0.0080043	0.00514125	0.2	6	254.716	0
0.0080043	0.0056172	0.2	6	250.12	0
0.0080043	0.0061372	0.2	6	245.206	0
0.0080043	0.00670535	0.2	6	239.966	0
0.0080043	0.0073261	0.2	6	234.395	0
0.0080043	0.0080043	0.2	6	228.489	0
0.0080043	0.0087453	0.2	6	222.255	0
0.0080043	0.00955489	0.2	6	215.702	0
0.0080043	0.0104394	0.2	6	208.85	0
0.0080043	0.0114058	0.2	6	201.731	0
0.0080043	0.0124617	0.2	6	194.39	0
0.0080043	0.0136154	0.2	6	186.889	0
0.0080043	0.0148758	0.2	6	179.311	0
0.0080043	0.0162529	0.2	6	171.767	0
0.0080043	0.0177575	0.2	6	164.398	0
0.0080043	0.0194014	0.2	6	157.384	0
0.0080043	0.0211975	0.2	6	150.954	0
0.0080043	0.0231598	0.2	6	145.391	0
0.0080043	0.0253038	0.2	6	141.05	0
0.0080043	0.0276463	0.2	6	138.364	0
0.0080043	0.0302057	0.2	6	137.87	0
0.0080043	0.0330019	0.2	6	140.217	0
0.0080043	0.0360571	0.2	6	146.2	0
0.0080043	0.039395	0.2	6	156.777	0
0.0080043	0.043042	0.2	6	173.106	0
0.0080043	0.0470266	0.2	6	196.579	0
0.0080043	0.05138	0.2	6	228.864	0
0.0080043	0.0561365	0.2	6	271.953	0
0.0080043	0.0613333	0.2	6	328.22	0
0.0080043	0.0670111	0.2	6	400.485	0
0.0080043	0.0732147	0.2	6	492.085	0
0.0080043	0.0799925	0.2	6	606.962	0
0.0080043	0.0873977	0.2	6	749.754	0
0.0080043	0.0954885	0.2	6	925.902	0
0.0080043	0.104328	0.2	6	1141.77	0
0.0080043	0.113986	0.2	6	1404.77	0
0.0080043	0.124539	0.2	6	1723.53	0
0.0080043	0.136068	0.2	6	2107.99	0
0.0080043	0.148664	0.2	6	2569.66	0
0.0080043	0.162426	0.2	6	3121.71	0
0.0080043	0.177463	0.2	6	3779.2	0
0.0080043	0.193892	0.2	6	4559.32	0
0.0080043	0.211841	0.2	6	5481.5	0
0.0080043	0.231452	0.2	6	6567.74	0
0.0080043	0.252878	0.2	6	7842.83	0
0.0080043	0.276288	0.2	6	9334.63	0
0.0080043	0.301866	0.2	6	11074.5	0
0.0080043	0.329811	0.2	6	13098	0
0.0080043	0.360343	0.2	6	15445.5	0
0.0080043	0.393701	0.2	6	18163.8	0
0.0080043	0.430148	0.2	6	21308.1	0
0.0080043	0.469968	0.2	6	24946.1	0
0.0080043	0.513475	0.2	6	29163	0
0.0080043	0.56101	0.2	6	34071.2	0
0.0080043	0.612945	0.2	6	39824.9	0
0.0080043	0.669688	0.2	6	46642.6	0
0.0087453	0.000104526	0.2	6	307.581	0
0.0087453	0.000114203	0.2	6	307.456	0
0.0087453	0.000124775	0.2	6	307.32	0
0.0087453	0.000136326	0.2	6	307.171	0
0.0087453	0.000148946	0.2	6	307.009	0
0.0087453	0.000162735	0.2	6	306.831	0
0.0087453	0.0001778	0.2	6	306.637	0
0.0087453	0.00019426	0.2	6	306.426	0
0.0087453	0.000212243	0.2	6	306.194	0
0.0087453	0.000231891	0.2	6	305.942	0
0.0087453	0.000253358	0.2	6	305.667	0
0.0087453	0.000276813	0.2	6	305.366	0
0.0087453	0.000302439	0.2	6	305.038	0
0.0087453	0.000330437	0.2	6	304.679	0
0.0087453	0.000361027	0.2	6	304.288	0
0.0087453	0.000394448	0.2	6	303.861	0
0.0087453	0.000430964	0.2	6	303.396	0
0.0087453	0.00047086	0.2	6	302.887	0
0.0087453	0.00051445	0.2	6	302.333	0
0.0087453	0.000562075	0.2	6	301.728	0
0.0087453	0.000614108	0.2	6	301.069	0
0.0087453	0.000670959	0.2	6	300.35	0
0.0087453	0.000733073	0.2	6	299.566	0
0.0087453	0.000800936	0.2	6	298.712	0
0.0087453	0.000875083	0.2	6	297.781	0
0.0087453	0.000956093	0.2	6	296.766	0
0.0087453	0.0010446	0.2	6	295.661	0
0.0087453	0.00114131	0.2	6	294.458	0
0.0087453	0.00124696	0.2	6	293.149	0
0.0087453	0.0013624	0.2	6	291.724	0
0.0087453	0.00148852	0.2	6	290.175	0
0.0087453	0.00162632	0.2	6	288.49	0
0.0087453	0.00177687	0.2	6	286.66	0
0.0087453	0.00194137	0.2	6	284.672	0
0.0087453	0.00212109	0.2	6	282.514	0
0.0087453	0.00231745	0.2	6	280.173	0
0.0087453	0.00253198	0.2	6	277.637	0
0.0087453	0.00276638	0.2	6	274.889	0
0.0087453	0.00302248	0.2	6	271.916	0
0.0087453	0.00330228	0.2	6	268.702	0
0.0087453	0.00360798	0.2	6	265.232	0
0.0087453	0.00394199	0.2	6	261.49	0
0.0087453	0.00430692	0.2	6	257.46	0
0.0087453	0.00470563	0.2	6	253.126	0
0.0087453	0.00514125	0.2	6	248.475	0
0.0087453	0.0056172	0.2	6	243.491	0
0.0087453	0.0061372	0.2	6	238.165	0
0.0087453	0.00670535	0.2	6	232.487	0
0.0087453	0.0073261	0.2	6	226.451	0
0.0087453	0.0080043	0.2	6	220.056	0
0.0087453	0.0087453	0.2	6	213.308	0
0.0087453	0.00955489	0.2	6	206.219	0
0.0087453	0.0104394	0.2	6	198.812	0
0.0087453	0.0114058	0.2	6	191.123	0
0.0087453	0.0124617	0.2	6	183.201	0
0.0087453	0.0136154	0.2	6	175.116	0
0.0087453	0.0148758	0.2	6	166.963	0
0.0087453	0.0162529	0.2	6	158.862	0
0.0087453	0.0177575	0.2	6	150.972	0
0.0087453	0.0194014	0.2	6	143.494	0
0.0087453	0.0211975	0.2	6	136.681	0
0.0087453	0.0231598	0.2	6	130.849	0
0.0087453	0.0253038	0.2	6	126.391	0
0.0087453	0.0276463	0.2	6	123.791	0
0.0087453	0.0302057	0.2	6	123.642	0
0.0087453	0.0330019	0.2	6	126.671	0
0.0087453	0.0360571	0.2	6	133.76	0
0.0087453	0.039395	0.2	6	145.979	0
0.0087453	0.043042	0.2	6	164.619	0
0.0087453	0.0470266	0.2	6	191.234	0
0.0087453	0.05138	0.2	6	227.69	0
0.0087453	0.0561365	0.2	6	276.221	0
0.0087453	0.0613333	0.2	6	339.488	0
0.0087453	0.0670111	0.2	6	420.664	0
0.0087453	0.0732147	0.2	6	523.509	0
0.0087453	0.0799925	0.2	6	652.479	0
0.0087453	0.0873977	0.2	6	812.828	0
0.0087453	0.0954885	0.2	6	1010.74	0
0.0087453	0.104328	0.2	6	1253.49	0
0.0087453	0.113986	0.2	6	1549.56	0
0.0087453	0.124539	0.2	6	1908.88	0
0.0087453	0.136068	0.2	6	2342.99	0
0.0087453	0.148664	0.2	6	2865.25	0
0.0087453	0.162426	0.2	6	3491.13	0
0.0087453	0.177463	0.2	6	4238.45	0
0.0087453	0.193892	0.2	6	5127.68	0
0.0087453	0.211841	0.2	6	6182.24	0
0.0087453	0.231452	0.2	6	7428.93	0
0.0087453	0.252878	0.2	6	8898.3	0
0.0087453	0.276288	0.2	6	10625.2	0
0.0087453	0.301866	0.2	6	12649.4	0
0.0087453	0.329811	0.2	6	15016.5	0
0.0087453	0.360343	0.2	6	17779.1	0
0.0087453	0.393701	0.2	6	20998.9	0
0.0087453	0.430148	0.2	6	24748.9	0
0.0087453	0.469968	0.2	6	29118.3	0
0.0087453	0.513475	0.2	6	34218.4	0
0.0087453	0.56101	0.2	6	40193.3	0
0.0087453	0.612945	0.2	6	47235.5	0
0.0087453	0.669688	0.2	6	55610.1	0
0.00955489	0.000104526	0.2	6	305.9	0
0.00955489	0.000114203	0.2	6	305.764	0
0.00955489	0.000124775	0.2	6	305.616	0
0.00955489	0.000136326	0.2	6	305.454	0
0.00955489	0.000148946	0.2	6	305.278	0
0.00955489	0.000162735	0.2	6	305.085	0
0.00955489	0.0001778	0.2	6	304.874	0
0.00955489	0.00019426	0.2	6	304.644	0
0.00955489	0.000212243	0.2	6	304.393	0
0.00955489	0.000231891	0.2	6	304.119	0
0.00955489	0.000253358	0.2	6	303.819	0
0.00955489	0.000276813	0.2	6	303.492	0
0.00955489	0.000302439	0.2	6	303.136	0
0.00955489	0.000330437	0.2	6	302.746	0
0.00955489	0.000361027	0.2	6	302.321	0
0.00955489	0.000394448	0.2	6	301.857	0
0.00955489	0.000430964	0.2	6	301.351	0
0.00955489	0.00047086	0.2	6	300.799	0
0.00955489	0.00051445	0.2	6	300.197	0
0.00955489	0.000562075	0.2	6	299.54	0
0.00955489	0.000614108	0.2	6	298.823	0
0.00955489	0.000670959	0.2	6	298.042	0
0.00955489	0.000733073	0.2	6	297.19	0
0.00955489	0.000800936	0.2	6	296.262	0
0.00955489	0.000875083	0.2	6	295.25	0
0.00955489	0.000956093	0.2	6	294.148	0
0.00955489	0.0010446	0.2	6	292.948	0
0.00955489	0.00114131	0.2	6	291.641	0
0.00955489	0.00124696	0.2	6	290.219	0
0.00955489	0.0013624	0.2	6	288.672	0
0.00955489	0.00148852	0.2	6	286.989	0
0.00955489	0.00162632	0.2	6	285.16	0
0.00955489	0.00177687	0.2	6	283.172	0
0.00955489	0.00194137	0.2	6	281.014	0
0.00955489	0.00212109	0.2	6	278.671	0
0.00955489	0.00231745	0.2	6	276.131	0
0.00955489	0.00253198	0.2	6	273.377	0
0.00955489	0.00276638	0.2	6	270.396	0
0.00955489	0.00302248	0.2	6	267.171	0
0.00955489	0.00330228	0.2	6	263.685	0
0.00955489	0.00360798	0.2	6	259.921	0
0.00955489	0.00394199	0.2	6	255.864	0
0.00955489	0.00430692	0.2	6	251.496	0
0.00955489	0.00470563	0.2	6	246.8	0
0.00955489	0.00514125	0.2	6	241.762	0
0.00955489	0.0056172	0.2	6	236.367	0
0.00955489	0.0061372	0.2	6	230.603	0
0.00955489	0.00670535	0.2	6	224.461	0
0.00955489	0.0073261	0.2	6	217.937	0
0.00955489	0.0080043	0.2	6	211.03	0
0.00955489	0.0087453	0.2	6	203.748	0
0.00955489	0.00955489	0.2	6	196.105	0
0.00955489	0.0104394	0.2	6	188.13	0
0.00955489	0.0114058	0.2	6	179.863	0
0.00955489	0.0124617	0.2	6	171.362	0
0.00955489	0.0136154	0.2	6	162.707	0
0.00955489	0.0148758	0.2	6	154.003	0
0.00955489	0.0162529	0.2	6	145.389	0
0.00955489	0.0177575	0.2	6	137.044	0
0.00955489	0.0194014	0.2	6	129.194	0
0.00955489	0.0211975	0.2	6	122.125	0
0.00955489	0.0231598	0.2	6	116.192	0
0.00955489	0.0253038	0.2	6	111.838	0
0.00955489	0.0276463	0.2	6	109.606	0
0.00955489	0.0302057	0.2	6	110.166	0
0.00955489	0.0330019	0.2	6	114.334	0
0.00955489	0.0360571	0.2	6	123.103	0
0.00955489	0.039395	0.2	6	137.678	0
0.00955489	0.043042	0.2	6	159.515	0
0.00955489	0.0470266	0.2	6	190.367	0
0.00955489	0.05138	0.2	6	232.34	0
0.00955489	0.0561365	0.2	6	287.961	0
0.00955489	0.0613333	0.2	6	360.245	0
0.00955489	0.0670111	0.2	6	452.79	0
0.00955489	0.0732147	0.2	6	569.874	0
0.00955489	0.0799925	0.2	6	716.57	0
0.00955489	0.0873977	0.2	6	898.884	0
0.00955489	0.0954885	0.2	6	1123.91	0
0.00955489	0.104328	0.2	6	1399.98	0
0.00955489	0.113986	0.2	6	1736.93	0
0.00955489	0.124539	0.2	6	2146.22	0
0.00955489	0.136068	0.2	6	2641.31	0
0.00955489	0.148664	0.2	6	3237.84	0
0.00955489	0.162426	0.2	6	3954.03	0
0.00955489	0.177463	0.2	6	4810.98	0
0.00955489	0.193892	0.2	6	5833.13	0
0.00955489	0.211841	0.2	6	7048.72	0
0.00955489	0.231452	0.2	6	8490.26	0
0.00955489	0.252878	0.2	6	10195.3	0
0.00955489	0.276288	0.2	6	12206.9	0
0.00955489	0.301866	0.2	6	14575	0
0.00955489	0.329811	0.2	6	17357.2	0
0.00955489	0.360343	0.2	6	20620.9	0
0.00955489	0.393701	0.2	6	24445.2	0
0.00955489	0.430148	0.2	6	28924.5	0
0.00955489	0.469968	0.2	6	34173.6	0
0.00955489	0.513475	0.2	6	40335.1	0
0.00955489	0.56101	0.2	6	47590.5	0
0.00955489	0.612945	0.2	6	56177.8	0
0.00955489	0.669688	0.2	6	66417.2	0
0.0104394	0.000104526	0.2	6	304.127	0
0.0104394	0.000114203	0.2	6	303.979	0
0.0104394	0.000124775	0.2	6	303.818	0
0.0104394	0.000136326	0.2	6	303.642	0
0.0104394	0.000148946	0.2	6	303.45	0
0.0104394	0.000162735	0.2	6	303.241	0
0.0104394	0.0001778	0.2	6	303.011	0
0.0104394	0.00019426	0.2	6	302.761	0
0.0104394	0.000212243	0.2	6	302.488	0
0.0104394	0.000231891	0.2	6	302.19	0
0.0104394	0.000253358	0.2	6	301.864	0
0.0104394	0.000276813	0.2	6	301.509	0
0.0104394	0.000302439	0.2	6	301.121	0
0.0104394	0.000330437	0.2	6	300.698	0
0.0104394	0.000361027	0.2	6	300.236	0
0.0104394	0.000394448	0.2	6	299.731	0
0.0104394	0.000430964	0.2	6	299.181	0
0.0104394	0.00047086	0.2	6	298.581	0
0.0104394	0.00051445	0.2	6	297.926	0
0.0104394	0.000562075	0.2	6	297.212	0
0.0104394	0.000614108	0.2	6	296.433	0
0.0104394	0.000670959	0.2	6	295.584	0
0.0104394	0.000733073	0.2	6	294.658	0
0.0104394	0.000800936	0.2	6	293.65	0
0.0104394	0.000875083	0.2	6	292.55	0
0.0104394	0.000956093	0.2	6	291.353	0
0.0104394	0.0010446	0.2	6	290.049	0
0.0104394	0.00114131	0.2	6	288.629	0
0.0104394	0.00124696	0.2	6	287.084	0
0.0104394	0.0013624	0.2	6	285.403	0
0.0104394	0.00148852	0.2	6	283.576	0
0.0104394	0.00162632	0.2	6	281.589	0
0.0104394	0.00177687	0.2	6	279.431	0
0.0104394	0.00194137	0.2	6	277.088	0
0.0104394	0.00212109	0.2	6	274.545	0
0.0104394	0.00231745	0.2	6	271.788	0
0.0104394	0.00253198	0.2	6	268.801	0
0.0104394	0.00276638	0.2	6	265.567	0
0.0104394	0.00302248	0.2	6	262.069	0
0.0104394	0.00330228	0.2	6	258.29	0
0.0104394	0.00360798	0.2	6	254.212	0
0.0104394	0.00394199	0.2	6	249.817	0
0.0104394	0.00430692	0.2	6	245.087	0
0.0104394	0.00470563	0.2	6	240.004	0
0.0104394	0.00514125	0.2	6	234.554	0
0.0104394	0.0056172	0.2	6	228.722	0
0.0104394	0.0061372	0.2	6	222.496	0
0.0104394	0.00670535	0.2	6	215.867	0
0.0104394	0.0073261	0.2	6	208.831	0
0.0104394	0.0080043	0.2	6	201.392	0
0.0104394	0.0087453	0.2	6	193.558	0
0.0104394	0.00955489	0.2	6	185.35	0
0.0104394	0.0104394	0.2	6	176.8	0
0.0104394	0.0114058	0.2	6	167.957	0
0.0104394	0.0124617	0.2	6	158.889	0
0.0104394	0.0136154	0.2	6	149.689	0
0.0104394	0.0148758	0.2	6	140.479	0
0.0104394	0.0162529	0.2	6	131.418	0
0.0104394	0.0177575	0.2	6	122.71	0
0.0104394	0.0194014	0.2	6	114.616	0
0.0104394	0.0211975	0.2	6	107.459	0
0.0104394	0.0231598	0.2	6	101.647	0
0.0104394	0.0253038	0.2	6	97.6819	0
0.0104394	0.0276463	0.2	6	96.1834	0
0.0104394	0.0302057	0.2	6	97.9115	0
0.0104394	0.0330019	0.2	6	103.795	0
0.0104394	0.0360571	0.2	6	114.962	0
0.0104394	0.039395	0.2	6	132.784	0
0.0104394	0.043042	0.2	6	158.916	0
0.0104394	0.0470266	0.2	6	195.355	0
0.0104394	0.05138	0.2	6	244.501	0
0.0104394	0.0561365	0.2	6	309.236	0
0.0104394	0.0613333	0.2	6	393.005	0
0.0104394	0.0670111	0.2	6	499.923	0
0.0104394	0.0732147	0.2	6	634.891	0
0.0104394	0.0799925	0.2	6	803.737	0
0.0104394	0.0873977	0.2	6	1013.37	0
0.0104394	0.0954885	0.2	6	1271.97	0
0.0104394	0.104328	0.2	6	1589.21	0
0.0104394	0.113986	0.2	6	1976.45	0
0.0104394	0.124539	0.2	6	2447.11	0
0.0104394	0.136068	0.2	6	3016.89	0
0.0104394	0.148664	0.2	6	3704.19	0
0.0104394	0.162426	0.2	6	4530.52	0
0.0104394	0.177463	0.2	6	5520.97	0
0.0104394	0.193892	0.2	6	6704.75	0
0.0104394	0.211841	0.2	6	8115.81	0
0.0104394	0.231452	0.2	6	9793.6	0
0.0104394	0.252878	0.2	6	11783.9	0
0.0104394	0.276288	0.2	6	14139.9	0
0.0104394	0.301866	0.2	6	16923.4	0
0.0104394	0.329811	0.2	6	20206.7	0
0.0104394	0.360343	0.2	6	24074.4	0
0.0104394	0.393701	0.2	6	28626.8	0
0.0104394	0.430148	0.2	6	33983.6	0
0.0104394	0.469968	0.2	6	40290.3	0
0.0104394	0.513475	0.2	6	47726.3	0
0.0104394	0.56101	0.2	6	56517.9	0
0.0104394	0.612945	0.2	6	66957.2	0
0.0104394	0.669688	0.2	6	79429.8	0
0.0114058	0.000104526	0.2	6	302.266	0
0.0114058	0.000114203	0.2	6	302.105	0
0.0114058	0.000124775	0.2	6	301.93	0
0.0114058	0.000136326	0.2	6	301.739	0
0.0114058	0.000148946	0.2	6	301.53	0
0.0114058	0.000162735	0.2	6	301.301	0
0.0114058	0.0001778	0.2	6	301.052	0
0.0114058	0.00019426	0.2	6	300.78	0
0.0114058	0.000212243	0.2	6	300.483	0
0.0114058	0.000231891	0.2	6	300.159	0
0.0114058	0.000253358	0.2	6	299.805	0
0.0114058	0.000276813	0.2	6	299.418	0
0.0114058	0.000302439	0.2	6	298.996	0
0.0114058	0.000330437	0.2	6	298.536	0
0.0114058	0.000361027	0.2	6	298.033	0
0.0114058	0.000394448	0.2	6	297.485	0
0.0114058	0.000430964	0.2	6	296.886	0
0.0114058	0.00047086	0.2	6	296.233	0
0.0114058	0.00051445	0.2	6	295.521	0
0.0114058	0.000562075	0.2	6	294.745	0
0.0114058	0.000614108	0.2	6	293.898	0
0.0114058	0.000670959	0.2	6	292.975	0
0.0114058	0.000733073	0.2	6	291.969	0
0.0114058	0.000800936	0.2	6	290.872	0
0.0114058	0.000875083	0.2	6	289.677	0
0.0114058	0.000956093	0.2	6	288.376	0
0.0114058	0.0010446	0.2	6	286.959	0
0.0114058	0.00114131	0.2	6	285.416	0
0.0114058	0.00124696	0.2	6	283.738	0
0.0114058	0.0013624	0.2	6	281.912	0
0.0114058	0.00148852	0.2	6	279.927	0
0.0114058	0.00162632	0.2	6	277.77	0
0.0114058	0.00177687	0.2	6	275.427	0
0.0114058	0.00194137	0.2	6	272.883	0
0.0114058	0.00212109	0.2	6	270.124	0
0.0114058	0.00231745	0.2	6	267.133	0
0.0114058	0.00253198	0.2	6	263.893	0
0.0114058	0.00276638	0.2	6	260.387	0
0.0114058	0.00302248	0.2	6	256.596	0
0.0114058	0.00330228	0.2	6	252.502	0
0.0114058	0.00360798	0.2	6	248.085	0
0.0114058	0.00394199	0.2	6	243.328	0
0.0114058	0.00430692	0.2	6	238.211	0
0.0114058	0.00470563	0.2	6	232.718	0
0.0114058	0.00514125	0.2	6	226.831	0
0.0114058	0.0056172	0.2	6	220.536	0
0.0114058	0.0061372	0.2	6	213.823	0
0.0114058	0.00670535	0.2	6	206.684	0
0.0114058	0.0073261	0.2	6	199.117	0
0.0114058	0.0080043	0.2	6	191.127	0
0.0114058	0.0087453	0.2	6	182.729	0
0.0114058	0.00955489	0.2	6	173.949	0
0.0114058	0.0104394	0.2	6	164.827	0
0.0114058	0.0114058	0.2	6	155.421	0
0.0114058	0.0124617	0.2	6	145.813	0
0.0114058	0.0136154	0.2	6	136.111	0
0.0114058	0.0148758	0.2	6	126.46	0
0.0114058	0.0162529	0.2	6	117.045	0
0.0114058	0.0177575	0.2	6	108.104	0
0.0114058	0.0194014	0.2	6	99.9345	0
0.0114058	0.0211975	0.2	6	92.914	0
0.0114058	0.0231598	0.2	6	87.5093	0
0.0114058	0.0253038	0.2	6	84.2989	0
0.0114058	0.0276463	0.2	6	83.9949	0
0.0114058	0.0302057	0.2	6	87.4697	0
0.0114058	0.0330019	0.2	6	95.7887	0
0.0114058	0.0360571	0.2	6	110.248	0
0.0114058	0.039395	0.2	6	132.419	0
0.0114058	0.043042	0.2	6	164.202	0
0.0114058	0.0470266	0.2	6	207.889	0
0.0114058	0.05138	0.2	6	266.24	0
0.0114058	0.0561365	0.2	6	342.566	0
0.0114058	0.0613333	0.2	6	440.832	0
0.0114058	0.0670111	0.2	6	565.782	0
0.0114058	0.0732147	0.2	6	723.072	0
0.0114058	0.0799925	0.2	6	919.437	0
0.0114058	0.0873977	0.2	6	1162.89	0
0.0114058	0.0954885	0.2	6	1462.91	0
0.0114058	0.104328	0.2	6	1830.76	0
0.0114058	0.113986	0.2	6	2279.72	0
0.0114058	0.124539	0.2	6	2825.47	0
0.0114058	0.136068	0.2	6	3486.48	0
0.0114058	0.148664	0.2	6	4284.44	0
0.0114058	0.162426	0.2	6	5244.84	0
0.0114058	0.177463	0.2	6	6397.52	0
0.0114058	0.193892	0.2	6	7777.44	0
0.0114058	0.211841	0.2	6	9425.42	0
0.0114058	0.231452	0.2	6	11389.2	0
0.0114058	0.252878	0.2	6	13724.5	0
0.0114058	0.276288	0.2	6	16496.4	0
0.0114058	0.301866	0.2	6	19781.3	0
0.0114058	0.329811	0.2	6	23668.6	0
0.0114058	0.360343	0.2	6	28263.8	0
0.0114058	0.393701	0.2	6	33692.4	0
0.0114058	0.430148	0.2	6	40104.3	0
0.0114058	0.469968	0.2	6	47681.4	0
0.0114058	0.513475	0.2	6	56647.2	0
0.0114058	0.56101	0.2	6	67281.1	0
0.0114058	0.612945	0.2	6	79939.5	0
0.0114058	0.669688	0.2	6	95085.5	0
0.0124617	0.000104526	0.2	6	300.322	0
0.0124617	0.000114203	0.2	6	300.147	0
0.0124617	0.000124775	0.2	6	299.957	0
0.0124617	0.000136326	0.2	6	299.748	0
0.0124617	0.000148946	0.2	6	299.521	0
0.0124617	0.000162735	0.2	6	299.273	0
0.0124617	0.0001778	0.2	6	299.001	0
0.0124617	0.00019426	0.2	6	298.705	0
0.0124617	0.000212243	0.2	6	298.382	0
0.0124617	0.000231891	0.2	6	298.029	0
0.0124617	0.000253358	0.2	6	297.644	0
0.0124617	0.000276813	0.2	6	297.223	0
0.0124617	0.000302439	0.2	6	296.764	0
0.0124617	0.000330437	0.2	6	296.263	0
0.0124617	0.000361027	0.2	6	295.716	0
0.0124617	0.000394448	0.2	6	295.12	0
0.0124617	0.000430964	0.2	6	294.469	0
0.0124617	0.00047086	0.2	6	293.759	0
0.0124617	0.00051445	0.2	6	292.984	0
0.0124617	0.000562075	0.2	6	292.14	0
0.0124617	0.000614108	0.2	6	291.219	0
0.0124617	0.000670959	0.2	6	290.215	0
0.0124617	0.000733073	0.2	6	289.12	0
0.0124617	0.000800936	0.2	6	287.928	0
0.0124617	0.000875083	0.2	6	286.629	0
0.0124617	0.000956093	0.2	6	285.215	0
0.0124617	0.0010446	0.2	6	283.674	0
0.0124617	0.00114131	0.2	6	281.998	0
0.0124617	0.00124696	0.2	6	280.175	0
0.0124617	0.0013624	0.2	6	278.191	0
0.0124617	0.00148852	0.2	6	276.035	0
0.0124617	0.00162632	0.2	6	273.693	0
0.0124617	0.00177687	0.2	6	271.15	0
0.0124617	0.00194137	0.2	6	268.389	0
0.0124617	0.00212109	0.2	6	265.396	0
0.0124617	0.00231745	0.2	6	262.152	0
0.0124617	0.00253198	0.2	6	258.639	0
0.0124617	0.00276638	0.2	6	254.84	0
0.0124617	0.00302248	0.2	6	250.733	0
0.0124617	0.00330228	0.2	6	246.301	0
0.0124617	0.00360798	0.2	6	241.523	0
0.0124617	0.00394199	0.2	6	236.379	0
0.0124617	0.00430692	0.2	6	230.851	0
0.0124617	0.00470563	0.2	6	224.921	0
0.0124617	0.00514125	0.2	6	218.572	0
0.0124617	0.0056172	0.2	6	211.791	0
0.0124617	0.0061372	0.2	6	204.568	0
0.0124617	0.00670535	0.2	6	196.898	0
0.0124617	0.0073261	0.2	6	188.782	0
0.0124617	0.0080043	0.2	6	180.23	0
0.0124617	0.0087453	0.2	6	171.262	0
0.0124617	0.00955489	0.2	6	161.911	0
0.0124617	0.0104394	0.2	6	152.229	0
0.0124617	0.0114058	0.2	6	142.287	0
0.0124617	0.0124617	0.2	6	132.182	0
0.0124617	0.0136154	0.2	6	122.046	0
0.0124617	0.0148758	0.2	6	112.049	0
0.0124617	0.0162529	0.2	6	102.408	0
0.0124617	0.0177575	0.2	6	93.4028	0
0.0124617	0.0194014	0.2	6	85.3828	0
0.0124617	0.0211975	0.2	6	78.7859	0
0.0124617	0.0231598	0.2	6	74.1556	0
0.0124617	0.0253038	0.2	6	72.1632	0
0.0124617	0.0276463	0.2	6	73.6342	0
0.0124617	0.0302057	0.2	6	79.579	0
0.0124617	0.0330019	0.2	6	91.2303	0
0.0124617	0.0360571	0.2	6	110.087	0
0.0124617	0.039395	0.2	6	137.967	0
0.0124617	0.043042	0.2	6	177.068	0
0.0124617	0.0470266	0.2	6	230.043	0
0.0124617	0.05138	0.2	6	300.081	0
0.0124617	0.0561365	0.2	6	391.019	0
0.0124617	0.0613333	0.2	6	507.453	0
0.0124617	0.0670111	0.2	6	654.883	0
0.0124617	0.0732147	0.2	6	839.879	0
0.0124617	0.0799925	0.2	6	1070.28	0
0.0124617	0.0873977	0.2	6	1355.4	0
0.0124617	0.0954885	0.2	6	1706.34	0
0.0124617	0.104328	0.2	6	2136.24	0
0.0124617	0.113986	0.2	6	2660.68	0
0.0124617	0.124539	0.2	6	3298.11	0
0.0124617	0.136068	0.2	6	4070.27	0
0.0124617	0.148664	0.2	6	5002.86	0
0.0124617	0.162426	0.2	6	6126.1	0
0.0124617	0.177463	0.2	6	7475.59	0
0.0124617	0.193892	0.2	6	9093.13	0
0.0124617	0.211841	0.2	6	11027.8	0
0.0124617	0.231452	0.2	6	13337.3	0
0.0124617	0.252878	0.2	6	16089.2	0
0.0124617	0.276288	0.2	6	19363.1	0
0.0124617	0.301866	0.2	6	23252.3	0
0.0124617	0.329811	0.2	6	27867.1	0
0.0124617	0.360343	0.2	6	33337.9	0
0.0124617	0.393701	0.2	6	39820	0
0.0124617	0.430148	0.2	6	47499.7	0
0.0124617	0.469968	0.2	6	56602.1	0
0.0124617	0.513475	0.2	6	67403.2	0
0.0124617	0.56101	0.2	6	80245.6	0
0.0124617	0.612945	0.2	6	95562	0
0.0124617	0.669688	0.2	6	113908	0
0.0136154	0.000104526	0.2	6	298.305	0
0.0136154	0.000114203	0.2	6	298.115	0
0.0136154	0.000124775	0.2	6	297.907	0
0.0136154	0.000136326	0.2	6	297.681	0
0.0136154	0.000148946	0.2	6	297.433	0
0.0136154	0.000162735	0.2	6	297.163	0
0.0136154	0.0001778	0.2	6	296.867	0
0.0136154	0.00019426	0.2	6	296.545	0
0.0136154	0.000212243	0.2	6	296.193	0
0.0136154	0.000231891	0.2	6	295.809	0
0.0136154	0.000253358	0.2	6	295.39	0
0.0136154	0.000276813	0.2	6	294.932	0
0.0136154	0.000302439	0.2	6	294.432	0
0.0136154	0.000330437	0.2	6	293.887	0
0.0136154	0.000361027	0.2	6	293.292	0
0.0136154	0.000394448	0.2	6	292.642	0
0.0136154	0.000430964	0.2	6	291.934	0
0.0136154	0.00047086	0.2	6	291.161	0
0.0136154	0.00051445	0.2	6	290.319	0
0.0136154	0.000562075	0.2	6	289.4	0
0.0136154	0.000614108	0.2	6	288.398	0
0.0136154	0.000670959	0.2	6	287.306	0
0.0136154	0.000733073	0.2	6	286.116	0
0.0136154	0.000800936	0.2	6	284.819	0
0.0136154	0.000875083	0.2	6	283.407	0
0.0136154	0.000956093	0.2	6	281.869	0
0.0136154	0.0010446	0.2	6	280.195	0
0.0136154	0.00114131	0.2	6	278.374	0
0.0136154	0.00124696	0.2	6	276.392	0
0.0136154	0.0013624	0.2	6	274.238	0
0.0136154	0.00148852	0.2	6	271.897	0
0.0136154	0.00162632	0.2	6	269.354	0
0.0136154	0.00177687	0.2	6	266.593	0
0.0136154	0.00194137	0.2	6	263.598	0
0.0136154	0.00212109	0.2	6	260.352	0
0.0136154	0.00231745	0.2	6	256.835	0
0.0136154	0.00253198	0.2	6	253.029	0
0.0136154	0.00276638	0.2	6	248.914	0
0.0136154	0.00302248	0.2	6	244.469	0
0.0136154	0.00330228	0.2	6	239.675	0
0.0136154	0.00360798	0.2	6	234.51	0
0.0136154	0.00394199	0.2	6	228.955	0
0.0136154	0.00430692	0.2	6	222.99	0
0.0136154	0.00470563	0.2	6	216.598	0
0.0136154	0.00514125	0.2	6	209.763	0
0.0136154	0.0056172	0.2	6	202.473	0
0.0136154	0.0061372	0.2	6	194.719	0
0.0136154	0.00670535	0.2	6	186.501	0
0.0136154	0.0073261	0.2	6	177.824	0
0.0136154	0.0080043	0.2	6	168.703	0
0.0136154	0.0087453	0.2	6	159.166	0
0.0136154	0.00955489	0.2	6	149.258	0
0.0136154	0.0104394	0.2	6	139.042	0
0.0136154	0.0114058	0.2	6	128.608	0
0.0136154	0.0124617	0.2	6	118.074	0
0.0136154	0.0136154	0.2	6	107.597	0
0.0136154	0.0148758	0.2	6	97.3818	0
0.0136154	0.0162529	0.2	6	87.6872	0
0.0136154	0.0177575	0.2	6	78.8426	0
0.0136154	0.0194014	0.2	6	71.2604	0
0.0136154	0.0211975	0.2	6	65.455	0
0.0136154	0.0231598	0.2	6	62.0636	0
0.0136154	0.0253038	0.2	6	61.8715	0
0.0136154	0.0276463	0.2	6	65.8428	0
0.0136154	0.0302057	0.2	6	75.1565	0
0.0136154	0.0330019	0.2	6	91.2496	0
0.0136154	0.0360571	0.2	6	115.868	0
0.0136154	0.039395	0.2	6	151.129	0
0.0136154	0.043042	0.2	6	199.591	0
0.0136154	0.0470266	0.2	6	264.342	0
0.0136154	0.05138	0.2	6	349.099	0
0.0136154	0.0561365	0.2	6	458.328	0
0.0136154	0.0613333	0.2	6	597.389	0
0.0136154	0.0670111	0.2	6	772.699	0
0.0136154	0.0732147	0.2	6	991.929	0
0.0136154	0.0799925	0.2	6	1264.24	0
0.0136154	0.0873977	0.2	6	1600.55	0
0.0136154	0.0954885	0.2	6	2013.86	0
0.0136154	0.104328	0.2	6	2519.61	0
0.0136154	0.113986	0.2	6	3136.15	0
0.0136154	0.124539	0.2	6	3885.21	0
0.0136154	0.136068	0.2	6	4792.53	0
0.0136154	0.148664	0.2	6	5888.58	0
0.0136154	0.162426	0.2	6	7209.29	0
0.0136154	0.177463	0.2	6	8797.14	0
0.0136154	0.193892	0.2	6	10702.2	0
0.0136154	0.211841	0.2	6	12983.4	0
0.0136154	0.231452	0.2	6	15710.3	0
0.0136154	0.252878	0.2	6	18964.9	0
0.0136154	0.276288	0.2	6	22843.7	0
0.0136154	0.301866	0.2	6	27460.7	0
0.0136154	0.329811	0.2	6	32951	0
0.0136154	0.360343	0.2	6	39474.8	0
0.0136154	0.393701	0.2	6	47223	0
0.0136154	0.430148	0.2	6	56425	0
0.0136154	0.469968	0.2	6	67357.7	0
0.0136154	0.513475	0.2	6	80359.6	0
0.0136154	0.56101	0.2	6	95848.5	0
0.0136154	0.612945	0.2	6	114348	0
0.0136154	0.669688	0.2	6	136522	0
0.0148758	0.000104526	0.2	6	296.228	0
0.0148758	0.000114203	0.2	6	296.021	0
0.0148758	0.000124775	0.2	6	295.795	0
0.0148758	0.000136326	0.2	6	295.548	0
0.0148758	0.000148946	0.2	6	295.278	0
0.0148758	0.000162735	0.2	6	294.984	0
0.0148758	0.0001778	0.2	6	294.662	0
0.0148758	0.00019426	0.2	6	294.311	0
0.0148758	0.000212243	0.2	6	293.928	0
0.0148758	0.000231891	0.2	6	293.51	0
0.0148758	0.000253358	0.2	6	293.053	0
0.0148758	0.000276813	0.2	6	292.554	0
0.0148758	0.000302439	0.2	6	292.01	0
0.0148758	0.000330437	0.2	6	291.417	0
0.0148758	0.000361027	0.2	6	290.769	0
0.0148758	0.000394448	0.2	6	290.062	0
0.0148758	0.000430964	0.2	6	289.291	0
0.0148758	0.00047086	0.2	6	288.45	0
0.0148758	0.00051445	0.2	6	287.533	0
0.0148758	0.000562075	0.2	6	286.533	0
0.0148758	0.000614108	0.2	6	285.443	0
0.0148758	0.000670959	0.2	6	284.255	0
0.0148758	0.000733073	0.2	6	282.961	0
0.0148758	0.000800936	0.2	6	281.551	0
0.0148758	0.000875083	0.2	6	280.015	0
0.0148758	0.000956093	0.2	6	278.343	0
0.0148758	0.0010446	0.2	6	276.524	0
0.0148758	0.00114131	0.2	6	274.544	0
0.0148758	0.00124696	0.2	6	272.391	0
0.0148758	0.0013624	0.2	6	270.051	0
0.0148758	0.00148852	0.2	6	267.509	0
0.0148758	0.00162632	0.2	6	264.749	0
0.0148758	0.00177687	0.2	6	261.753	0
0.0148758	0.00194137	0.2	6	258.505	0
0.0148758	0.00212109	0.2	6	254.985	0
0.0148758	0.00231745	0.2	6	251.175	0
0.0148758	0.00253198	0.2	6	247.053	0
0.0148758	0.00276638	0.2	6	242.599	0
0.0148758	0.00302248	0.2	6	237.792	0
0.0148758	0.00330228	0.2	6	232.611	0
0.0148758	0.00360798	0.2	6	227.034	0
0.0148758	0.00394199	0.2	6	221.042	0
0.0148758	0.00430692	0.2	6	214.615	0
0.0148758	0.00470563	0.2	6	207.737	0
0.0148758	0.00514125	0.2	6	200.393	0
0.0148758	0.0056172	0.2	6	192.572	0
0.0148758	0.0061372	0.2	6	184.272	0
0.0148758	0.00670535	0.2	6	175.493	0
0.0148758	0.0073261	0.2	6	166.247	0
0.0148758	0.0080043	0.2	6	156.559	0
0.0148758	0.0087453	0.2	6	146.467	0
0.0148758	0.00955489	0.2	6	136.028	0
0.0148758	0.0104394	0.2	6	125.323	0
0.0148758	0.0114058	0.2	6	114.463	0
0.0148758	0.0124617	0.2	6	103.594	0
0.0148758	0.0136154	0.2	6	92.9059	0
0.0148758	0.0148758	0.2	6	82.6445	0
0.0148758	0.0162529	0.2	6	73.1206	0
0.0148758	0.0177575	0.2	6	64.726	0
0.0148758	0.0194014	0.2	6	57.9504	0
0.0148758	0.0211975	0.2	6	53.4023	0
0.0148758	0.0231598	0.2	6	51.8334	0
0.0148758	0.0253038	0.2	6	54.1687	0
0.0148758	0.0276463	0.2	6	61.5416	0
0.0148758	0.0302057	0.2	6	75.3364	0
0.0148758	0.0330019	0.2	6	97.2385	0
0.0148758	0.0360571	0.2	6	129.295	0
0.0148758	0.039395	0.2	6	173.984	0
0.0148758	0.043042	0.2	6	234.304	0
0.0148758	0.0470266	0.2	6	313.868	0
0.0148758	0.05138	0.2	6	417.03	0
0.0148758	0.0561365	0.2	6	549.022	0
0.0148758	0.0613333	0.2	6	716.122	0
0.0148758	0.0670111	0.2	6	925.852	0
0.0148758	0.0732147	0.2	6	1187.22	0
0.0148758	0.0799925	0.2	6	1510.97	0
0.0148758	0.0873977	0.2	6	1909.95	0
0.0148758	0.0954885	0.2	6	2399.45	0
0.0148758	0.104328	0.2	6	2997.7	0
0.0148758	0.113986	0.2	6	3726.33	0
0.0148758	0.124539	0.2	6	4611.07	0
0.0148758	0.136068	0.2	6	5682.45	0
0.0148758	0.148664	0.2	6	6976.62	0
0.0148758	0.162426	0.2	6	8536.42	0
0.0148758	0.177463	0.2	6	10412.6	0
0.0148758	0.193892	0.2	6	12665	0
0.0148758	0.211841	0.2	6	15364.5	0
0.0148758	0.231452	0.2	6	18594.9	0
0.0148758	0.252878	0.2	6	22455.2	0
0.0148758	0.276288	0.2	6	27062.5	0
0.0148758	0.301866	0.2	6	32555.5	0
0.0148758	0.329811	0.2	6	39098.7	0
0.0148758	0.360343	0.2	6	46887.8	0
0.0148758	0.393701	0.2	6	56156.6	0
0.0148758	0.430148	0.2	6	67185.6	0
0.0148758	0.469968	0.2	6	80313.7	0
0.0148758	0.513475	0.2	6	95953.6	0
0.0148758	0.56101	0.2	6	114613	0
0.0148758	0.612945	0.2	6	136922	0
0.0148758	0.669688	0.2	6	163677	0
0.0162529	0.000104526	0.2	6	294.109	0
0.0162529	0.000114203	0.2	6	293.883	0
0.0162529	0.000124775	0.2	6	293.637	0
0.0162529	0.000136326	0.2	6	293.368	0
0.0162529	0.000148946	0.2	6	293.074	0
0.0162529	0.000162735	0.2	6	292.753	0
0.0162529	0.0001778	0.2	6	292.403	0
0.0162529	0.00019426	0.2	6	292.021	0
0.0162529	0.000212243	0.2	6	291.603	0
0.0162529	0.000231891	0.2	6	291.147	0
0.0162529	0.000253358	0.2	6	290.65	0
0.0162529	0.000276813	0.2	6	290.107	0
0.0162529	0.000302439	0.2	6	289.514	0
0.0162529	0.000330437	0.2	6	288.868	0
0.0162529	0.000361027	0.2	6	288.162	0
0.0162529	0.000394448	0.2	6	287.393	0
0.0162529	0.000430964	0.2	6	286.554	0
0.0162529	0.00047086	0.2	6	285.638	0
0.0162529	0.00051445	0.2	6	284.64	0
0.0162529	0.000562075	0.2	6	283.552	0
0.0162529	0.000614108	0.2	6	282.366	0
0.0162529	0.000670959	0.2	6	281.073	0
0.0162529	0.000733073	0.2	6	279.665	0
0.0162529	0.000800936	0.2	6	278.131	0
0.0162529	0.000875083	0.2	6	276.461	0
0.0162529	0.000956093	0.2	6	274.643	0
0.0162529	0.0010446	0.2	6	272.665	0
0.0162529	0.00114131	0.2	6	270.514	0
0.0162529	0.00124696	0.2	6	268.176	0
0.0162529	0.0013624	0.2	6	265.634	0
0.0162529	0.00148852	0.2	6	262.874	0
0.0162529	0.00162632	0.2	6	259.879	0
0.0162529	0.00177687	0.2	6	256.63	0
0.0162529	0.00194137	0.2	6	253.108	0
0.0162529	0.00212109	0.2	6	249.294	0
0.0162529	0.00231745	0.2	6	245.167	0
0.0162529	0.00253198	0.2	6	240.706	0
0.0162529	0.00276638	0.2	6	235.889	0
0.0162529	0.00302248	0.2	6	230.695	0
0.0162529	0.00330228	0.2	6	225.102	0
0.0162529	0.00360798	0.2	6	219.088	0
0.0162529	0.00394199	0.2	6	212.633	0
0.0162529	0.00430692	0.2	6	205.72	0
0.0162529	0.00470563	0.2	6	198.332	0
0.0162529	0.00514125	0.2	6	190.458	0
0.0162529	0.0056172	0.2	6	182.09	0
0.0162529	0.0061372	0.2	6	173.229	0
0.0162529	0.00670535	0.2	6	163.883	0
0.0162529	0.0073261	0.2	6	154.071	0
0.0162529	0.0080043	0.2	6	143.829	0
0.0162529	0.0087453	0.2	6	133.207	0
0.0162529	0.00955489	0.2	6	122.282	0
0.0162529	0.0104394	0.2	6	111.155	0
0.0162529	0.0114058	0.2	6	99.9636	0
0.0162529	0.0124617	0.2	6	88.8883	0
0.0162529	0.0136154	0.2	6	78.1612	0
0.0162529	0.0148758	0.2	6	68.0788	0
0.0162529	0.0162529	0.2	6	59.0154	0
0.0162529	0.0177575	0.2	6	51.4404	0
0.0162529	0.0194014	0.2	6	45.9379	0
0.0162529	0.0211975	0.2	6	43.2318	0
0.0162529	0.0231598	0.2	6	44.2141	0
0.0162529	0.0253038	0.2	6	49.9798	0
0.0162529	0.0276463	0.2	6	61.8687	0
0.0162529	0.0302057	0.2	6	81.5147	0
0.0162529	0.0330019	0.2	6	110.905	0
0.0162529	0.0360571	0.2	6	152.451	0
0.0162529	0.039395	0.2	6	209.071	0
0.0162529	0.043042	0.2	6	284.291	0
0.0162529	0.0470266	0.2	6	382.365	0
0.0162529	0.05138	0.2	6	508.412	0
0.0162529	0.0561365	0.2	6	668.588	0
0.0162529	0.0613333	0.2	6	870.281	0
0.0162529	0.0670111	0.2	6	1122.35	0
0.0162529	0.0732147	0.2	6	1435.39	0
0.0162529	0.0799925	0.2	6	1822.09	0
0.0162529	0.0873977	0.2	6	2297.59	0
0.0162529	0.0954885	0.2	6	2879.96	0
0.0162529	0.104328	0.2	6	3590.74	0
0.0162529	0.113986	0.2	6	4455.55	0
0.0162529	0.124539	0.2	6	5504.91	0
0.0162529	0.136068	0.2	6	6775.05	0
0.0162529	0.148664	0.2	6	8309.02	0
0.0162529	0.162426	0.2	6	10157.9	0
0.0162529	0.177463	0.2	6	12382.3	0
0.0162529	0.193892	0.2	6	15053.9	0
0.0162529	0.211841	0.2	6	18257.9	0
0.0162529	0.231452	0.2	6	22095	0
0.0162529	0.252878	0.2	6	26684.7	0
0.0162529	0.276288	0.2	6	32168.6	0
0.0162529	0.301866	0.2	6	38714.8	0
0.0162529	0.329811	0.2	6	46523.3	0
0.0162529	0.360343	0.2	6	55832.1	0
0.0162529	0.393701	0.2	6	66926.1	0
0.0162529	0.430148	0.2	6	80146.9	0
0.0162529	0.469968	0.2	6	95907.1	0
0.0162529	0.513475	0.2	6	114708	0
0.0162529	0.56101	0.2	6	137163	0
0.0162529	0.612945	0.2	6	164033	0
0.0162529	0.669688	0.2	6	196266	0
0.0177575	0.000104526	0.2	6	291.971	0
0.0177575	0.000114203	0.2	6	291.725	0
0.0177575	0.000124775	0.2	6	291.457	0
0.0177575	0.000136326	0.2	6	291.163	0
0.0177575	0.000148946	0.2	6	290.843	0
0.0177575	0.000162735	0.2	6	290.494	0
0.0177575	0.0001778	0.2	6	290.112	0
0.0177575	0.00019426	0.2	6	289.695	0
0.0177575	0.000212243	0.2	6	289.24	0
0.0177575	0.000231891	0.2	6	288.744	0
0.0177575	0.000253358	0.2	6	288.202	0
0.0177575	0.000276813	0.2	6	287.61	0
0.0177575	0.000302439	0.2	6	286.965	0
0.0177575	0.000330437	0.2	6	286.26	0
0.0177575	0.000361027	0.2	6	285.492	0
0.0177575	0.000394448	0.2	6	284.654	0
0.0177575	0.000430964	0.2	6	283.74	0
0.0177575	0.00047086	0.2	6	282.743	0
0.0177575	0.00051445	0.2	6	281.656	0
0.0177575	0.000562075	0.2	6	280.472	0
0.0177575	0.000614108	0.2	6	279.181	0
0.0177575	0.000670959	0.2	6	277.774	0
0.0177575	0.000733073	0.2	6	276.242	0
0.0177575	0.000800936	0.2	6	274.574	0
0.0177575	0.000875083	0.2	6	272.758	0
0.0177575	0.000956093	0.2	6	270.781	0
0.0177575	0.0010446	0.2	6	268.632	0
0.0177575	0.00114131	0.2	6	266.294	0
0.0177575	0.00124696	0.2	6	263.754	0
0.0177575	0.0013624	0.2	6	260.995	0
0.0177575	0.00148852	0.2	6	257.999	0
0.0177575	0.00162632	0.2	6	254.749	0
0.0177575	0.00177687	0.2	6	251.226	0
0.0177575	0.00194137	0.2	6	247.409	0
0.0177575	0.00212109	0.2	6	243.279	0
0.0177575	0.00231745	0.2	6	238.812	0
0.0177575	0.00253198	0.2	6	233.988	0
0.0177575	0.00276638	0.2	6	228.783	0
0.0177575	0.00302248	0.2	6	223.176	0
0.0177575	0.00330228	0.2	6	217.145	0
0.0177575	0.00360798	0.2	6	210.668	0
0.0177575	0.00394199	0.2	6	203.727	0
0.0177575	0.00430692	0.2	6	196.304	0
0.0177575	0.00470563	0.2	6	188.386	0
0.0177575	0.00514125	0.2	6	179.964	0
0.0177575	0.0056172	0.2	6	171.035	0
0.0177575	0.0061372	0.2	6	161.607	0
0.0177575	0.00670535	0.2	6	151.695	0
0.0177575	0.0073261	0.2	6	141.33	0
0.0177575	0.0080043	0.2	6	130.56	0
0.0177575	0.0087453	0.2	6	119.454	0
0.0177575	0.00955489	0.2	6	108.108	0
0.0177575	0.0104394	0.2	6	96.6533	0
0.0177575	0.0114058	0.2	6	85.2602	0
0.0177575	0.0124617	0.2	6	74.1511	0
0.0177575	0.0136154	0.2	6	63.61	0
0.0177575	0.0148758	0.2	6	53.9969	0
0.0177575	0.0162529	0.2	6	45.764	0
0.0177575	0.0177575	0.2	6	39.4756	0
0.0177575	0.0194014	0.2	6	35.832	0
0.0177575	0.0211975	0.2	6	35.6976	0
0.0177575	0.0231598	0.2	6	40.1356	0
0.0177575	0.0253038	0.2	6	50.448	0
0.0177575	0.0276463	0.2	6	68.2255	0
0.0177575	0.0302057	0.2	6	95.4048	0
0.0177575	0.0330019	0.2	6	134.339	0
0.0177575	0.0360571	0.2	6	187.881	0
0.0177575	0.039395	0.2	6	259.48	0
0.0177575	0.043042	0.2	6	353.303	0
0.0177575	0.0470266	0.2	6	474.373	0
0.0177575	0.05138	0.2	6	628.738	0
0.0177575	0.0561365	0.2	6	823.665	0
0.0177575	0.0613333	0.2	6	1067.88	0
0.0177575	0.0670111	0.2	6	1371.85	0
0.0177575	0.0732147	0.2	6	1748.1	0
0.0177575	0.0799925	0.2	6	2211.62	0
0.0177575	0.0873977	0.2	6	2780.34	0
0.0177575	0.0954885	0.2	6	3475.65	0
0.0177575	0.104328	0.2	6	4323.07	0
0.0177575	0.113986	0.2	6	5353.04	0
0.0177575	0.124539	0.2	6	6601.78	0
0.0177575	0.136068	0.2	6	8112.42	0
0.0177575	0.148664	0.2	6	9936.24	0
0.0177575	0.162426	0.2	6	12134.2	0
0.0177575	0.177463	0.2	6	14778.7	0
0.0177575	0.193892	0.2	6	17955.8	0
0.0177575	0.211841	0.2	6	21767.5	0
0.0177575	0.231452	0.2	6	26335	0
0.0177575	0.252878	0.2	6	31802.2	0
0.0177575	0.276288	0.2	6	38340.2	0
0.0177575	0.301866	0.2	6	46152.2	0
0.0177575	0.329811	0.2	6	55480.3	0
0.0177575	0.360343	0.2	6	66613.4	0
0.0177575	0.393701	0.2	6	79897	0
0.0177575	0.430148	0.2	6	95746	0
0.0177575	0.469968	0.2	6	114661	0
0.0177575	0.513475	0.2	6	137248	0
0.0177575	0.56101	0.2	6	164248	0
0.0177575	0.612945	0.2	6	196574	0
0.0177575	0.669688	0.2	6	235359	0
0.0194014	0.000104526	0.2	6	289.845	0
0.0194014	0.000114203	0.2	6	289.577	0
0.0194014	0.000124775	0.2	6	289.284	0
0.0194014	0.000136326	0.2	6	288.965	0
0.0194014	0.000148946	0.2	6	288.616	0
0.0194014	0.000162735	0.2	6	288.234	0
0.0194014	0.0001778	0.2	6	287.818	0
0.0194014	0.00019426	0.2	6	287.364	0
0.0194014	0.000212243	0.2	6	286.868	0
0.0194014	0.000231891	0.2	6	286.327	0
0.0194014	0.000253358	0.2	6	285.736	0
0.0194014	0.000276813	0.2	6	285.092	0
0.0194014	0.000302439	0.2	6	284.388	0
0.0194014	0.000330437	0.2	6	283.621	0
0.0194014	0.000361027	0.2	6	282.784	0
0.0194014	0.000394448	0.2	6	281.871	0
0.0194014	0.000430964	0.2	6	280.876	0
0.0194014	0.00047086	0.2	6	279.79	0
0.0194014	0.00051445	0.2	6	278.607	0
0.0194014	0.000562075	0.2	6	277.317	0
0.0194014	0.000614108	0.2	6	275.912	0
0.0194014	0.000670959	0.2	6	274.381	0
0.0194014	0.000733073	0.2	6	272.714	0
0.0194014	0.000800936	0.2	6	270.899	0
0.0194014	0.000875083	0.2	6	268.924	0
0.0194014	0.000956093	0.2	6	266.776	0
0.0194014	0.0010446	0.2	6	264.439	0
0.0194014	0.00114131	0.2	6	261.9	0
0.0194014	0.00124696	0.2	6	259.141	0
0.0194014	0.0013624	0.2	6	256.146	0
0.0194014	0.00148852	0.2	6	252.895	0
0.0194014	0.00162632	0.2	6	249.371	0
0.0194014	0.00177687	0.2	6	245.552	0
0.0194014	0.00194137	0.2	6	241.418	0
0.0194014	0.00212109	0.2	6	236.947	0
0.0194014	0.00231745	0.2	6	232.117	0
0.0194014	0.00253198	0.2	6	226.904	0
0.0194014	0.00276638	0.2	6	221.286	0
0.0194014	0.00302248	0.2	6	215.24	0
0.0194014	0.00330228	0.2	6	208.746	0
0.0194014	0.00360798	0.2	6	201.781	0
0.0194014	0.00394199	0.2	6	194.329	0
0.0194014	0.00430692	0.2	6	186.375	0
0.0194014	0.00470563	0.2	6	177.909	0
0.0194014	0.00514125	0.2	6	168.926	0
0.0194014	0.0056172	0.2	6	159.431	0
0.0194014	0.0061372	0.2	6	149.436	0
0.0194014	0.00670535	0.2	6	138.971	0
0.0194014	0.0073261	0.2	6	128.079	0
0.0194014	0.0080043	0.2	6	116.825	0
0.0194014	0.0087453	0.2	6	105.3	0
0.0194014	0.00955489	0.2	6	93.6293	0
0.0194014	0.0104394	0.2	6	81.9756	0
0.0194014	0.0114058	0.2	6	70.553	0
0.0194014	0.0124617	0.2	6	59.6353	0
0.0194014	0.0136154	0.2	6	49.5705	0
0.0194014	0.0148758	0.2	6	40.7968	0
0.0194014	0.0162529	0.2	6	33.862	0
0.0194014	0.0177575	0.2	6	29.4467	0
0.0194014	0.0194014	0.2	6	28.3925	0
0.0194014	0.0211975	0.2	6	31.7355	0
0.0194014	0.0231598	0.2	6	40.7469	0
0.0194014	0.0253038	0.2	6	56.9806	0
0.0194014	0.0276463	0.2	6	82.3311	0
0.0194014	0.0302057	0.2	6	119.103	0
0.0194014	0.0330019	0.2	6	170.091	0
0.0194014	0.0360571	0.2	6	238.682	0
0.0194014	0.039395	0.2	6	328.968	0
0.0194014	0.043042	0.2	6	445.889	0
0.0194014	0.0470266	0.2	6	595.397	0
0.0194014	0.05138	0.2	6	784.656	0
0.0194014	0.0561365	0.2	6	1022.28	0
0.0194014	0.0613333	0.2	6	1318.59	0
0.0194014	0.0670111	0.2	6	1686	0
0.0194014	0.0732147	0.2	6	2139.35	0
0.0194014	0.0799925	0.2	6	2696.42	0
0.0194014	0.0873977	0.2	6	3378.46	0
0.0194014	0.0954885	0.2	6	4210.86	0
0.0194014	0.104328	0.2	6	5223.94	0
0.0194014	0.113986	0.2	6	6453.88	0
0.0194014	0.124539	0.2	6	7943.79	0
0.0194014	0.136068	0.2	6	9745.03	0
0.0194014	0.148664	0.2	6	11918.8	0
0.0194014	0.162426	0.2	6	14537.8	0
0.0194014	0.177463	0.2	6	17688.8	0
0.0194014	0.193892	0.2	6	21474.7	0
0.0194014	0.211841	0.2	6	26017.9	0
0.0194014	0.231452	0.2	6	31464	0
0.0194014	0.252878	0.2	6	37986.4	0
0.0194014	0.276288	0.2	6	45790.9	0
0.0194014	0.301866	0.2	6	55123	0
0.0194014	0.329811	0.2	6	66275.2	0
0.0194014	0.360343	0.2	6	79597	0
0.0194014	0.393701	0.2	6	95506.4	0
0.0194014	0.430148	0.2	6	114506	0
0.0194014	0.469968	0.2	6	137199	0
0.0194014	0.513475	0.2	6	164321	0
0.0194014	0.56101	0.2	6	196761	0
0.0194014	0.612945	0.2	6	235614	0
0.0194014	0.669688	0.2	6	282233	0
0.0211975	0.000104526	0.2	6	287.771	0
0.0211975	0.000114203	0.2	6	287.479	0
0.0211975	0.000124775	0.2	6	287.159	0
0.0211975	0.000136326	0.2	6	286.811	0
0.0211975	0.000148946	0.2	6	286.43	0
0.0211975	0.000162735	0.2	6	286.014	0
0.0211975	0.0001778	0.2	6	285.56	0
0.0211975	0.00019426	0.2	6	285.065	0
0.0211975	0.000212243	0.2	6	284.525	0
0.0211975	0.000231891	0.2	6	283.935	0
0.0211975	0.000253358	0.2	6	283.291	0
0.0211975	0.000276813	0.2	6	282.588	0
0.0211975	0.000302439	0.2	6	281.822	0
0.0211975	0.000330437	0.2	6	280.985	0
0.0211975	0.000361027	0.2	6	280.073	0
0.0211975	0.000394448	0.2	6	279.079	0
0.0211975	0.000430964	0.2	6	277.994	0
0.0211975	0.00047086	0.2	6	276.812	0
0.0211975	0.00051445	0.2	6	275.523	0
0.0211975	0.000562075	0.2	6	274.119	0
0.0211975	0.000614108	0.2	6	272.589	0
0.0211975	0.000670959	0.2	6	270.923	0
0.0211975	0.000733073	0.2	6	269.11	0
0.0211975	0.000800936	0.2	6	267.136	0
0.0211975	0.000875083	0.2	6	264.988	0
0.0211975	0.000956093	0.2	6	262.652	0
0.0211975	0.0010446	0.2	6	260.113	0
0.0211975	0.00114131	0.2	6	257.355	0
0.0211975	0.00124696	0.2	6	254.359	0
0.0211975	0.0013624	0.2	6	251.108	0
0.0211975	0.00148852	0.2	6	247.583	0
0.0211975	0.00162632	0.2	6	243.762	0
0.0211975	0.00177687	0.2	6	239.626	0
0.0211975	0.00194137	0.2	6	235.151	0
0.0211975	0.00212109	0.2	6	230.315	0
0.0211975	0.00231745	0.2	6	225.095	0
0.0211975	0.00253198	0.2	6	219.468	0
0.0211975	0.00276638	0.2	6	213.41	0
0.0211975	0.00302248	0.2	6	206.901	0
0.0211975	0.00330228	0.2	6	199.917	0
0.0211975	0.00360798	0.2	6	192.442	0
0.0211975	0.00394199	0.2	6	184.458	0
0.0211975	0.00430692	0.2	6	175.955	0
0.0211975	0.00470563	0.2	6	166.927	0
0.0211975	0.00514125	0.2	6	157.376	0
0.0211975	0.0056172	0.2	6	147.314	0
0.0211975	0.0061372	0.2	6	136.766	0
0.0211975	0.00670535	0.2	6	125.774	0
0.0211975	0.0073261	0.2	6	114.398	0
0.0211975	0.0080043	0.2	6	102.726	0
0.0211975	0.0087453	0.2	6	90.8775	0
0.0211975	0.00955489	0.2	6	79.0097	0
0.0211975	0.0104394	0.2	6	67.3294	0
0.0211975	0.0114058	0.2	6	56.1022	0
0.0211975	0.0124617	0.2	6	45.6663	0
0.0211975	0.0136154	0.2	6	36.4482	0
0.0211975	0.0148758	0.2	6	28.9818	0
0.0211975	0.0162529	0.2	6	23.9317	0
0.0211975	0.0177575	0.2	6	22.1205	0
0.0211975	0.0194014	0.2	6	24.5621	0
0.0211975	0.0211975	0.2	6	32.5015	0
0.0211975	0.0231598	0.2	6	47.4622	0
0.0211975	0.0253038	0.2	6	71.3035	0
0.0211975	0.0276463	0.2	6	106.288	0
0.0211975	0.0302057	0.2	6	155.165	0
0.0211975	0.0330019	0.2	6	221.265	0
0.0211975	0.0360571	0.2	6	308.618	0
0.0211975	0.039395	0.2	6	422.092	0
0.0211975	0.043042	0.2	6	567.559	0
0.0211975	0.0470266	0.2	6	752.092	0
0.0211975	0.05138	0.2	6	984.197	0
0.0211975	0.0561365	0.2	6	1274.1	0
0.0211975	0.0613333	0.2	6	1634.08	0
0.0211975	0.0670111	0.2	6	2078.84	0
0.0211975	0.0732147	0.2	6	2626.04	0
0.0211975	0.0799925	0.2	6	3296.78	0
0.0211975	0.0873977	0.2	6	4116.32	0
0.0211975	0.0954885	0.2	6	5114.86	0
0.0211975	0.104328	0.2	6	6328.47	0
0.0211975	0.113986	0.2	6	7800.21	0
0.0211975	0.124539	0.2	6	9581.44	0
0.0211975	0.136068	0.2	6	11733.4	0
0.0211975	0.148664	0.2	6	14329.2	0
0.0211975	0.162426	0.2	6	17455.7	0
0.0211975	0.177463	0.2	6	21216.6	0
0.0211975	0.193892	0.2	6	25735.1	0
0.0211975	0.211841	0.2	6	31158.2	0
0.0211975	0.231452	0.2	6	37660.6	0
0.0211975	0.252878	0.2	6	45450.6	0
0.0211975	0.276288	0.2	6	54776.2	0
0.0211975	0.301866	0.2	6	65932.9	0
0.0211975	0.329811	0.2	6	79273.7	0
0.0211975	0.360343	0.2	6	95220.1	0
0.0211975	0.393701	0.2	6	114277	0
0.0211975	0.430148	0.2	6	137051	0
0.0211975	0.469968	0.2	6	164271	0
0.0211975	0.513475	0.2	6	196820	0
0.0211975	0.56101	0.2	6	235770	0
0.0211975	0.612945	0.2	6	282431	0
0.0211975	0.669688	0.2	6	338415	0
0.0231598	0.000104526	0.2	6	285.798	0
0.0231598	0.000114203	0.2	6	285.479	0
0.0231598	0.000124775	0.2	6	285.13	0
0.0231598	0.000136326	0.2	6	284.75	0
0.0231598	0.000148946	0.2	6	284.335	0
0.0231598	0.000162735	0.2	6	283.881	0
0.0231598	0.0001778	0.2	6	283.386	0
0.0231598	0.00019426	0.2	6	282.846	0
0.0231598	0.000212243	0.2	6	282.257	0
0.0231598	0.000231891	0.2	6	281.613	0
0.0231598	0.000253358	0.2	6	280.911	0
0.0231598	0.000276813	0.2	6	280.145	0
0.0231598	0.000302439	0.2	6	279.31	0
0.0231598	0.000330437	0.2	6	278.398	0
0.0231598	0.000361027	0.2	6	277.404	0
0.0231598	0.000394448	0.2	6	276.32	0
0.0231598	0.000430964	0.2	6	275.139	0
0.0231598	0.00047086	0.2	6	273.851	0
0.0231598	0.00051445	0.2	6	272.447	0
0.0231598	0.000562075	0.2	6	270.919	0
0.0231598	0.000614108	0.2	6	269.253	0
0.0231598	0.000670959	0.2	6	267.44	0
0.0231598	0.000733073	0.2	6	265.467	0
0.0231598	0.000800936	0.2	6	263.32	0
0.0231598	0.000875083	0.2	6	260.984	0
0.0231598	0.000956093	0.2	6	258.445	0
0.0231598	0.0010446	0.2	6	255.687	0
0.0231598	0.00114131	0.2	6	252.691	0
0.0231598	0.00124696	0.2	6	249.439	0
0.0231598	0.0013624	0.2	6	245.913	0
0.0231598	0.00148852	0.2	6	242.09	0
0.0231598	0.00162632	0.2	6	237.951	0
0.0231598	0.00177687	0.2	6	233.472	0
0.0231598	0.00194137	0.2	6	228.632	0
0.0231598	0.00212109	0.2	6	223.406	0
0.0231598	0.00231745	0.2	6	217.77	0
0.0231598	0.00253198	0.2	6	211.703	0
0.0231598	0.00276638	0.2	6	205.18	0
0.0231598	0.00302248	0.2	6	198.18	0
0.0231598	0.00330228	0.2	6	190.684	0
0.0231598	0.00360798	0.2	6	182.676	0
0.0231598	0.00394199	0.2	6	174.142	0
0.0231598	0.00430692	0.2	6	165.076	0
0.0231598	0.00470563	0.2	6	155.479	0
0.0231598	0.00514125	0.2	6	145.361	0
0.0231598	0.0056172	0.2	6	134.744	0
0.0231598	0.0061372	0.2	6	123.669	0
0.0231598	0.00670535	0.2	6	112.192	0
0.0231598	0.0073261	0.2	6	100.399	0
0.0231598	0.0080043	0.2	6	88.4033	0
0.0231598	0.0087453	0.2	6	76.3589	0
0.0231598	0.00955489	0.2	6	64.4662	0
0.0231598	0.0104394	0.2	6	52.984	0
0.0231598	0.0114058	0.2	6	42.2425	0
0.0231598	0.0124617	0.2	6	32.6585	0
0.0231598	0.0136154	0.2	6	24.7547	0
0.0231598	0.0148758	0.2	6	19.1823	0
0.0231598	0.0162529	0.2	6	16.7483	0
0.0231598	0.0177575	0.2	6	18.4481	0
0.0231598	0.0194014	0.2	6	25.5052	0
0.0231598	0.0211975	0.2	6	39.4178	0
0.0231598	0.0231598	0.2	6	62.0158	0
0.0231598	0.0253038	0.2	6	95.5279	0
0.0231598	0.0276463	0.2	6	142.663	0
0.0231598	0.0302057	0.2	6	206.706	0
0.0231598	0.0330019	0.2	6	291.634	0
0.0231598	0.0360571	0.2	6	402.256	0
0.0231598	0.039395	0.2	6	544.373	0
0.0231598	0.043042	0.2	6	724.98	0
0.0231598	0.0470266	0.2	6	952.498	0
0.0231598	0.05138	0.2	6	1237.05	0
0.0231598	0.0561365	0.2	6	1590.81	0
0.0231598	0.0613333	0.2	6	2028.38	0
0.0231598	0.0670111	0.2	6	2567.27	0
0.0231598	0.0732147	0.2	6	3228.46	0
0.0231598	0.0799925	0.2	6	4037.09	0
0.0231598	0.0873977	0.2	6	5023.22	0
0.0231598	0.0954885	0.2	6	6222.8	0
0.0231598	0.104328	0.2	6	7678.81	0
0.0231598	0.113986	0.2	6	9442.56	0
0.0231598	0.124539	0.2	6	11575.3	0
0.0231598	0.136068	0.2	6	14150.2	0
0.0231598	0.148664	0.2	6	17254.4	0
0.0231598	0.162426	0.2	6	20991.9	0
0.0231598	0.177463	0.2	6	25486.7	0
0.0231598	0.193892	0.2	6	30886.4	0
0.0231598	0.211841	0.2	6	37367	0
0.0231598	0.231452	0.2	6	45138.4	0
0.0231598	0.252878	0.2	6	54450.6	0
0.0231598	0.276288	0.2	6	65601.7	0
0.0231598	0.301866	0.2	6	78947.5	0
0.0231598	0.329811	0.2	6	94912.8	0
0.0231598	0.360343	0.2	6	114006	0
0.0231598	0.393701	0.2	6	136834	0
0.0231598	0.430148	0.2	6	164129	0
0.0231598	0.469968	0.2	6	196768	0
0.0231598	0.513475	0.2	6	235814	0
0.0231598	0.56101	0.2	6	282551	0
0.0231598	0.612945	0.2	6	338549	0
0.0231598	0.669688	0.2	6	405729	0
0.0253038	0.000104526	0.2	6	283.987	0
0.0253038	0.000114203	0.2	6	283.639	0
0.0253038	0.000124775	0.2	6	283.259	0
0.0253038	0.000136326	0.2	6	282.844	0
0.0253038	0.000148946	0.2	6	282.391	0
0.0253038	0.000162735	0.2	6	281.896	0
0.0253038	0.0001778	0.2	6	281.356	0
0.0253038	0.00019426	0.2	6	280.767	0
0.0253038	0.000212243	0.2	6	280.124	0
0.0253038	0.000231891	0.2	6	279.422	0
0.0253038	0.000253358	0.2	6	278.657	0
0.0253038	0.000276813	0.2	6	277.821	0
0.0253038	0.000302439	0.2	6	276.91	0
0.0253038	0.000330437	0.2	6	275.917	0
0.0253038	0.000361027	0.2	6	274.833	0
0.0253038	0.000394448	0.2	6	273.652	0
0.0253038	0.000430964	0.2	6	272.365	0
0.0253038	0.00047086	0.2	6	270.962	0
0.0253038	0.00051445	0.2	6	269.433	0
0.0253038	0.000562075	0.2	6	267.768	0
0.0253038	0.000614108	0.2	6	265.955	0
0.0253038	0.000670959	0.2	6	263.982	0
0.0253038	0.000733073	0.2	6	261.835	0
0.0253038	0.000800936	0.2	6	259.499	0
0.0253038	0.000875083	0.2	6	256.96	0
0.0253038	0.000956093	0.2	6	254.201	0
0.0253038	0.0010446	0.2	6	251.205	0
0.0253038	0.00114131	0.2	6	247.952	0
0.0253038	0.00124696	0.2	6	244.424	0
0.0253038	0.0013624	0.2	6	240.599	0
0.0253038	0.00148852	0.2	6	236.457	0
0.0253038	0.00162632	0.2	6	231.975	0
0.0253038	0.00177687	0.2	6	227.13	0
0.0253038	0.00194137	0.2	6	221.898	0
0.0253038	0.00212109	0.2	6	216.255	0
0.0253038	0.00231745	0.2	6	210.178	0
0.0253038	0.00253198	0.2	6	203.644	0
0.0253038	0.00276638	0.2	6	196.63	0
0.0253038	0.00302248	0.2	6	189.116	0
0.0253038	0.00330228	0.2	6	181.086	0
0.0253038	0.00360798	0.2	6	172.526	0
0.0253038	0.00394199	0.2	6	163.427	0
0.0253038	0.00430692	0.2	6	153.791	0
0.0253038	0.00470563	0.2	6	143.625	0
0.0253038	0.00514125	0.2	6	132.951	0
0.0253038	0.0056172	0.2	6	121.805	0
0.0253038	0.0061372	0.2	6	110.245	0
0.0253038	0.00670535	0.2	6	98.3496	0
0.0253038	0.0073261	0.2	6	86.232	0
0.0253038	0.0080043	0.2	6	74.0408	0
0.0253038	0.0087453	0.2	6	61.972	0
0.0253038	0.00955489	0.2	6	50.2788	0
0.0253038	0.0104394	0.2	6	39.2847	0
0.0253038	0.0114058	0.2	6	29.3986	0
0.0253038	0.0124617	0.2	6	21.134	0
0.0253038	0.0136154	0.2	6	15.1311	0
0.0253038	0.0148758	0.2	6	12.1841	0
0.0253038	0.0162529	0.2	6	13.2731	0
0.0253038	0.0177575	0.2	6	19.604	0
0.0253038	0.0194014	0.2	6	32.654	0
0.0253038	0.0211975	0.2	6	54.2287	0
0.0253038	0.0231598	0.2	6	86.5285	0
0.0253038	0.0253038	0.2	6	132.229	0
0.0253038	0.0276463	0.2	6	194.577	0
0.0253038	0.0302057	0.2	6	277.506	0
0.0253038	0.0330019	0.2	6	385.774	0
0.0253038	0.0360571	0.2	6	525.123	0
0.0253038	0.039395	0.2	6	702.484	0
0.0253038	0.043042	0.2	6	926.201	0
0.0253038	0.0470266	0.2	6	1206.32	0
0.0253038	0.05138	0.2	6	1554.91	0
0.0253038	0.0561365	0.2	6	1986.47	0
0.0253038	0.0613333	0.2	6	2518.42	0
0.0253038	0.0670111	0.2	6	3171.6	0
0.0253038	0.0732147	0.2	6	3971.03	0
0.0253038	0.0799925	0.2	6	4946.66	0
0.0253038	0.0873977	0.2	6	6134.31	0
0.0253038	0.0954885	0.2	6	7576.85	0
0.0253038	0.104328	0.2	6	9325.52	0
0.0253038	0.113986	0.2	6	11441.5	0
0.0253038	0.124539	0.2	6	13998.1	0
0.0253038	0.136068	0.2	6	17082.4	0
0.0253038	0.148664	0.2	6	20798.6	0
0.0253038	0.162426	0.2	6	25271.2	0
0.0253038	0.177463	0.2	6	30648.4	0
0.0253038	0.193892	0.2	6	37107	0
0.0253038	0.211841	0.2	6	44858.1	0
0.0253038	0.231452	0.2	6	54153.1	0
0.0253038	0.252878	0.2	6	65292.1	0
0.0253038	0.276288	0.2	6	78633.3	0
0.0253038	0.301866	0.2	6	94604.3	0
0.0253038	0.329811	0.2	6	113716	0
0.0253038	0.360343	0.2	6	136579	0
0.0253038	0.393701	0.2	6	163925	0
0.0253038	0.430148	0.2	6	196634	0
0.0253038	0.469968	0.2	6	235760	0
0.0253038	0.513475	0.2	6	282578	0
0.0253038	0.56101	0.2	6	338631	0
0.0253038	0.612945	0.2	6	405793	0
0.0253038	0.669688	0.2	6	486354	0
0.0276463	0.000104526	0.2	6	282.416	0
0.0276463	0.000114203	0.2	6	282.036	0
0.0276463	0.000124775	0.2	6	281.621	0
0.0276463	0.000136326	0.2	6	281.168	0
0.0276463	0.000148946	0.2	6	280.674	0
0.0276463	0.000162735	0.2	6	280.134	0
0.0276463	0.0001778	0.2	6	279.545	0
0.0276463	0.00019426	0.2	6	278.902	0
0.0276463	0.000212243	0.2	6	278.2	0
0.0276463	0.000231891	0.2	6	277.435	0
0.0276463	0.000253358	0.2	6	276.6	0
0.0276463	0.000276813	0.2	6	275.689	0
0.0276463	0.000302439	0.2	6	274.695	0
0.0276463	0.000330437	0.2	6	273.612	0
0.0276463	0.000361027	0.2	6	272.431	0
0.0276463	0.000394448	0.2	6	271.143	0
0.0276463	0.000430964	0.2	6	269.74	0
0.0276463	0.00047086	0.2	6	268.212	0
0.0276463	0.00051445	0.2	6	266.547	0
0.0276463	0.000562075	0.2	6	264.734	0
0.0276463	0.000614108	0.2	6	262.76	0
0.0276463	0.000670959	0.2	6	260.613	0
0.0276463	0.000733073	0.2	6	258.277	0
0.0276463	0.000800936	0.2	6	255.737	0
0.0276463	0.000875083	0.2	6	252.977	0
0.0276463	0.000956093	0.2	6	249.979	0
0.0276463	0.0010446	0.2	6	246.725	0
0.0276463	0.00114131	0.2	6	243.195	0
0.0276463	0.00124696	0.2	6	239.368	0
0.0276463	0.0013624	0.2	6	235.223	0
0.0276463	0.00148852	0.2	6	230.737	0
0.0276463	0.00162632	0.2	6	225.887	0
0.0276463	0.00177687	0.2	6	220.649	0
0.0276463	0.00194137	0.2	6	214.999	0
0.0276463	0.00212109	0.2	6	208.913	0
0.0276463	0.00231745	0.2	6	202.367	0
0.0276463	0.00253198	0.2	6	195.34	0
0.0276463	0.00276638	0.2	6	187.811	0
0.0276463	0.00302248	0.2	6	179.761	0
0.0276463	0.00330228	0.2	6	171.177	0
0.0276463	0.00360798	0.2	6	162.05	0
0.0276463	0.00394199	0.2	6	152.38	0
0.0276463	0.00430692	0.2	6	142.172	0
0.0276463	0.00470563	0.2	6	131.449	0
0.0276463	0.00514125	0.2	6	120.244	0
0.0276463	0.0056172	0.2	6	108.611	0
0.0276463	0.0061372	0.2	6	96.6305	0
0.0276463	0.00670535	0.2	6	84.4099	0
0.0276463	0.0073261	0.2	6	72.0955	0
0.0276463	0.0080043	0.2	6	59.8794	0
0.0276463	0.0087453	0.2	6	48.0102	0
0.0276463	0.00955489	0.2	6	36.8058	0
0.0276463	0.0104394	0.2	6	26.6688	0
0.0276463	0.0114058	0.2	6	18.1052	0
0.0276463	0.0124617	0.2	6	11.7462	0
0.0276463	0.0136154	0.2	6	8.37524	0
0.0276463	0.0148758	0.2	6	8.96034	0
0.0276463	0.0162529	0.2	6	14.6924	0
0.0276463	0.0177575	0.2	6	27.032	0
0.0276463	0.0194014	0.2	6	47.7642	0
0.0276463	0.0211975	0.2	6	79.0663	0
0.0276463	0.0231598	0.2	6	123.587	0
0.0276463	0.0253038	0.2	6	184.541	0
0.0276463	0.0276463	0.2	6	265.825	0
0.0276463	0.0302057	0.2	6	372.154	0
0.0276463	0.0330019	0.2	6	509.224	0
0.0276463	0.0360571	0.2	6	683.907	0
0.0276463	0.039395	0.2	6	904.488	0
0.0276463	0.043042	0.2	6	1180.94	0
0.0276463	0.0470266	0.2	6	1525.25	0
0.0276463	0.05138	0.2	6	1951.84	0
0.0276463	0.0561365	0.2	6	2478	0
0.0276463	0.0613333	0.2	6	3124.51	0
0.0276463	0.0670111	0.2	6	3916.26	0
0.0276463	0.0732147	0.2	6	4883.06	0
0.0276463	0.0799925	0.2	6	6060.66	0
0.0276463	0.0873977	0.2	6	7491.79	0
0.0276463	0.0954885	0.2	6	9227.6	0
0.0276463	0.104328	0.2	6	11329.2	0
0.0276463	0.113986	0.2	6	13869.8	0
0.0276463	0.124539	0.2	6	16936.7	0
0.0276463	0.136068	0.2	6	20634.1	0
0.0276463	0.148664	0.2	6	25086.6	0
0.0276463	0.162426	0.2	6	30442.9	0
0.0276463	0.177463	0.2	6	36880.4	0
0.0276463	0.193892	0.2	6	44610.9	0
0.0276463	0.211841	0.2	6	53887.1	0
0.0276463	0.231452	0.2	6	65010.5	0
0.0276463	0.252878	0.2	6	78341	0
0.0276463	0.276288	0.2	6	94308.5	0
0.0276463	0.301866	0.2	6	113426	0
0.0276463	0.329811	0.2	6	136308	0
0.0276463	0.360343	0.2	6	163687	0
0.0276463	0.393701	0.2	6	196444	0
0.0276463	0.430148	0.2	6	235633	0
0.0276463	0.469968	0.2	6	282522	0
0.0276463	0.513475	0.2	6	338640	0
0.0276463	0.56101	0.2	6	405833	0
0.0276463	0.612945	0.2	6	486341	0
0.0276463	0.669688	0.2	6	582895	0
0.0302057	0.000104526	0.2	6	281.179	0
0.0302057	0.000114203	0.2	6	280.764	0
0.0302057	0.000124775	0.2	6	280.311	0
0.0302057	0.000136326	0.2	6	279.816	0
0.0302057	0.000148946	0.2	6	279.276	0
0.0302057	0.000162735	0.2	6	278.687	0
0.0302057	0.0001778	0.2	6	278.044	0
0.0302057	0.00019426	0.2	6	277.342	0
0.0302057	0.000212243	0.2	6	276.577	0
0.0302057	0.000231891	0.2	6	275.742	0
0.0302057	0.000253358	0.2	6	274.831	0
0.0302057	0.000276813	0.2	6	273.837	0
0.0302057	0.000302439	0.2	6	272.753	0
0.0302057	0.000330437	0.2	6	271.572	0
0.0302057	0.000361027	0.2	6	270.284	0
0.0302057	0.000394448	0.2	6	268.881	0
0.0302057	0.000430964	0.2	6	267.352	0
0.0302057	0.00047086	0.2	6	265.687	0
0.0302057	0.00051445	0.2	6	263.873	0
0.0302057	0.000562075	0.2	6	261.899	0
0.0302057	0.000614108	0.2	6	259.75	0
0.0302057	0.000670959	0.2	6	257.413	0
0.0302057	0.000733073	0.2	6	254.872	0
0.0302057	0.000800936	0.2	6	252.111	0
0.0302057	0.000875083	0.2	6	249.111	0
0.0302057	0.000956093	0.2	6	245.855	0
0.0302057	0.0010446	0.2	6	242.322	0
0.0302057	0.00114131	0.2	6	238.492	0
0.0302057	0.00124696	0.2	6	234.343	0
0.0302057	0.0013624	0.2	6	229.853	0
0.0302057	0.00148852	0.2	6	224.998	0
0.0302057	0.00162632	0.2	6	219.753	0
0.0302057	0.00177687	0.2	6	214.096	0
0.0302057	0.00194137	0.2	6	208.001	0
0.0302057	0.00212109	0.2	6	201.445	0
0.0302057	0.00231745	0.2	6	194.405	0
0.0302057	0.00253198	0.2	6	186.86	0
0.0302057	0.00276638	0.2	6	178.793	0
0.0302057	0.00302248	0.2	6	170.187	0
0.0302057	0.00330228	0.2	6	161.035	0
0.0302057	0.00360798	0.2	6	151.333	0
0.0302057	0.00394199	0.2	6	141.089	0
0.0302057	0.00430692	0.2	6	130.322	0
0.0302057	0.00470563	0.2	6	119.064	0
0.0302057	0.00514125	0.2	6	107.37	0
0.0302057	0.0056172	0.2	6	95.3151	0
0.0302057	0.0061372	0.2	6	83.0064	0
0.0302057	0.00670535	0.2	6	70.587	0
0.0302057	0.0073261	0.2	6	58.2459	0
0.0302057	0.0080043	0.2	6	46.228	0
0.0302057	0.0087453	0.2	6	34.8468	0
0.0302057	0.00955489	0.2	6	24.4997	0
0.0302057	0.0104394	0.2	6	15.6863	0
0.0302057	0.0114058	0.2	6	9.03067	0
0.0302057	0.0124617	0.2	6	5.30759	0
0.0302057	0.0136154	0.2	6	5.4749	0
0.0302057	0.0148758	0.2	6	10.7117	0
0.0302057	0.0162529	0.2	6	22.4643	0
0.0302057	0.0177575	0.2	6	42.5017	0
0.0302057	0.0194014	0.2	6	72.9818	0
0.0302057	0.0211975	0.2	6	116.531	0
0.0302057	0.0231598	0.2	6	176.338	0
0.0302057	0.0253038	0.2	6	256.269	0
0.0302057	0.0276463	0.2	6	361.005	0
0.0302057	0.0302057	0.2	6	496.201	0
0.0302057	0.0330019	0.2	6	668.684	0
0.0302057	0.0360571	0.2	6	886.684	0
0.0302057	0.039395	0.2	6	1160.11	0
0.0302057	0.043042	0.2	6	1500.9	0
0.0302057	0.0470266	0.2	6	1923.38	0
0.0302057	0.05138	0.2	6	2444.77	0
0.0302057	0.0561365	0.2	6	3085.75	0
0.0302057	0.0613333	0.2	6	3871.11	0
0.0302057	0.0670111	0.2	6	4830.57	0
0.0302057	0.0732147	0.2	6	5999.76	0
0.0302057	0.0799925	0.2	6	7421.31	0
0.0302057	0.0873977	0.2	6	9146.27	0
0.0302057	0.0954885	0.2	6	11235.7	0
0.0302057	0.104328	0.2	6	13762.7	0
0.0302057	0.113986	0.2	6	16814.4	0
0.0302057	0.124539	0.2	6	20495.4	0
0.0302057	0.136068	0.2	6	24930.1	0
0.0302057	0.148664	0.2	6	30267.6	0
0.0302057	0.162426	0.2	6	36685.7	0
0.0302057	0.177463	0.2	6	44396.6	0
0.0302057	0.193892	0.2	6	53653.8	0
0.0302057	0.211841	0.2	6	64760.1	0
0.0302057	0.231452	0.2	6	78076.6	0
0.0302057	0.252878	0.2	6	94034.9	0
0.0302057	0.276288	0.2	6	113150	0
0.0302057	0.301866	0.2	6	136039	0
0.0302057	0.329811	0.2	6	163436	0
0.0302057	0.360343	0.2	6	196224	0
0.0302057	0.393701	0.2	6	235458	0
0.0302057	0.430148	0.2	6	282403	0
0.0302057	0.469968	0.2	6	338580	0
0.0302057	0.513475	0.2	6	405821	0
0.0302057	0.56101	0.2	6	486335	0
0.0302057	0.612945	0.2	6	582798	0
0.0302057	0.669688	0.2	6	698461	0
0.0330019	0.000104526	0.2	6	280.389	0
0.0330019	0.000114203	0.2	6	279.936	0
0.0330019	0.000124775	0.2	6	279.441	0
0.0330019	0.000136326	0.2	6	278.901	0
0.0330019	0.000148946	0.2	6	278.312	0
0.0330019	0.000162735	0.2	6	277.668	0
0.0330019	0.0001778	0.2	6	276.966	0
0.0330019	0.00019426	0.2	6	276.201	0
0.0330019	0.000212243	0.2	6	275.365	0
0.0330019	0.000231891	0.2	6	274.454	0
0.0330019	0.000253358	0.2	6	273.459	0
0.0330019	0.000276813	0.2	6	272.375	0
0.0330019	0.000302439	0.2	6	271.194	0
0.0330019	0.000330437	0.2	6	269.905	0
0.0330019	0.000361027	0.2	6	268.501	0
0.0330019	0.000394448	0.2	6	266.971	0
0.0330019	0.000430964	0.2	6	265.305	0
0.0330019	0.00047086	0.2	6	263.49	0
0.0330019	0.00051445	0.2	6	261.515	0
0.0330019	0.000562075	0.2	6	259.365	0
0.0330019	0.000614108	0.2	6	257.026	0
0.0330019	0.000670959	0.2	6	254.484	0
0.0330019	0.000733073	0.2	6	251.72	0
0.0330019	0.000800936	0.2	6	248.718	0
0.0330019	0.000875083	0.2	6	245.459	0
0.0330019	0.000956093	0.2	6	241.923	0
0.0330019	0.0010446	0.2	6	238.089	0
0.0330019	0.00114131	0.2	6	233.936	0
0.0330019	0.00124696	0.2	6	229.44	0
0.0330019	0.0013624	0.2	6	224.579	0
0.0330019	0.00148852	0.2	6	219.328	0
0.0330019	0.00162632	0.2	6	213.663	0
0.0330019	0.00177687	0.2	6	207.558	0
0.0330019	0.00194137	0.2	6	200.992	0
0.0330019	0.00212109	0.2	6	193.939	0
0.0330019	0.00231745	0.2	6	186.379	0
0.0330019	0.00253198	0.2	6	178.294	0
0.0330019	0.00276638	0.2	6	169.668	0
0.0330019	0.00302248	0.2	6	160.491	0
0.0330019	0.00330228	0.2	6	150.761	0
0.0330019	0.00360798	0.2	6	140.483	0
0.0330019	0.00394199	0.2	6	129.676	0
0.0330019	0.00430692	0.2	6	118.371	0
0.0330019	0.00470563	0.2	6	106.622	0
0.0330019	0.00514125	0.2	6	94.5015	0
0.0330019	0.0056172	0.2	6	82.1156	0
0.0330019	0.0061372	0.2	6	69.6049	0
0.0330019	0.00670535	0.2	6	57.156	0
0.0330019	0.0073261	0.2	6	45.0105	0
0.0330019	0.0080043	0.2	6	33.4784	0
0.0330019	0.0087453	0.2	6	22.9529	0
0.0330019	0.00955489	0.2	6	13.9285	0
0.0330019	0.0104394	0.2	6	7.02321	0
0.0330019	0.0114058	0.2	6	3.00498	0
0.0330019	0.0124617	0.2	6	2.82333	0
0.0330019	0.0136154	0.2	6	7.64761	0
0.0330019	0.0148758	0.2	6	18.9129	0
0.0330019	0.0162529	0.2	6	38.3747	0
0.0330019	0.0177575	0.2	6	68.1753	0
0.0330019	0.0194014	0.2	6	110.923	0
0.0330019	0.0211975	0.2	6	169.785	0
0.0330019	0.0231598	0.2	6	248.603	0
0.0330019	0.0253038	0.2	6	352.03	0
0.0330019	0.0276463	0.2	6	485.686	0
0.0330019	0.0302057	0.2	6	656.362	0
0.0330019	0.0330019	0.2	6	872.244	0
0.0330019	0.0360571	0.2	6	1143.19	0
0.0330019	0.039395	0.2	6	1481.08	0
0.0330019	0.043042	0.2	6	1900.19	0
0.0330019	0.0470266	0.2	6	2417.65	0
0.0330019	0.05138	0.2	6	3054.08	0
0.0330019	0.0561365	0.2	6	3834.17	0
0.0330019	0.0613333	0.2	6	4787.56	0
0.0330019	0.0670111	0.2	6	5949.77	0
0.0330019	0.0732147	0.2	6	7363.35	0
0.0330019	0.0799925	0.2	6	9079.25	0
0.0330019	0.0873977	0.2	6	11158.4	0
0.0330019	0.0954885	0.2	6	13673.9	0
0.0330019	0.104328	0.2	6	16712.9	0
0.0330019	0.113986	0.2	6	20379.7	0
0.0330019	0.124539	0.2	6	24799.1	0
0.0330019	0.136068	0.2	6	30120	0
0.0330019	0.148664	0.2	6	36520.6	0
0.0330019	0.162426	0.2	6	44213.5	0
0.0330019	0.177463	0.2	6	53452.8	0
0.0330019	0.193892	0.2	6	64541.9	0
0.0330019	0.211841	0.2	6	77843	0
0.0330019	0.231452	0.2	6	93789	0
0.0330019	0.252878	0.2	6	112897	0
0.0330019	0.276288	0.2	6	135784	0
0.0330019	0.301866	0.2	6	163189	0
0.0330019	0.329811	0.2	6	195995	0
0.0330019	0.360343	0.2	6	235258	0
0.0330019	0.393701	0.2	6	282243	0
0.0330019	0.430148	0.2	6	338469	0
0.0330019	0.469968	0.2	6	405757	0
0.0330019	0.513475	0.2	6	486299	0
0.0330019	0.56101	0.2	6	582739	0
0.0330019	0.612945	0.2	6	698271	0
0.0330019	0.669688	0.2	6	836769	0
0.0360571	0.000104526	0.2	6	280.186	0
0.0360571	0.000114203	0.2	6	279.691	0
0.0360571	0.000124775	0.2	6	279.15	0
0.0360571	0.000136326	0.2	6	278.56	0
0.0360571	0.000148946	0.2	6	277.917	0
0.0360571	0.000162735	0.2	6	277.214	0
0.0360571	0.0001778	0.2	6	276.448	0
0.0360571	0.00019426	0.2	6	275.612	0
0.0360571	0.000212243	0.2	6	274.7	0
0.0360571	0.000231891	0.2	6	273.705	0
0.0360571	0.000253358	0.2	6	272.62	0
0.0360571	0.000276813	0.2	6	271.437	0
0.0360571	0.000302439	0.2	6	270.148	0
0.0360571	0.000330437	0.2	6	268.743	0
0.0360571	0.000361027	0.2	6	267.211	0
0.0360571	0.000394448	0.2	6	265.544	0
0.0360571	0.000430964	0.2	6	263.727	0
0.0360571	0.00047086	0.2	6	261.75	0
0.0360571	0.00051445	0.2	6	259.598	0
0.0360571	0.000562075	0.2	6	257.258	0
0.0360571	0.000614108	0.2	6	254.712	0
0.0360571	0.000670959	0.2	6	251.946	0
0.0360571	0.000733073	0.2	6	248.941	0
0.0360571	0.000800936	0.2	6	245.678	0
0.0360571	0.000875083	0.2	6	242.138	0
0.0360571	0.000956093	0.2	6	238.3	0
0.0360571	0.0010446	0.2	6	234.142	0
0.0360571	0.00114131	0.2	6	229.64	0
0.0360571	0.00124696	0.2	6	224.772	0
0.0360571	0.0013624	0.2	6	219.513	0
0.0360571	0.00148852	0.2	6	213.839	0
0.0360571	0.00162632	0.2	6	207.725	0
0.0360571	0.00177687	0.2	6	201.147	0
0.0360571	0.00194137	0.2	6	194.081	0
0.0360571	0.00212109	0.2	6	186.506	0
0.0360571	0.00231745	0.2	6	178.402	0
0.0360571	0.00253198	0.2	6	169.756	0
0.0360571	0.00276638	0.2	6	160.555	0
0.0360571	0.00302248	0.2	6	150.797	0
0.0360571	0.00330228	0.2	6	140.488	0
0.0360571	0.00360798	0.2	6	129.643	0
0.0360571	0.00394199	0.2	6	118.295	0
0.0360571	0.00430692	0.2	6	106.495	0
0.0360571	0.00470563	0.2	6	94.3151	0
0.0360571	0.00514125	0.2	6	81.8597	0
0.0360571	0.0056172	0.2	6	69.2677	0
0.0360571	0.0061372	0.2	6	56.7234	0
0.0360571	0.00670535	0.2	6	44.4661	0
0.0360571	0.0073261	0.2	6	32.8027	0
0.0360571	0.0080043	0.2	6	22.123	0
0.0360571	0.0087453	0.2	6	12.9174	0
0.0360571	0.00955489	0.2	6	5.79903	0
0.0360571	0.0104394	0.2	6	1.53019	0
0.0360571	0.0114058	0.2	6	1.05371	0
0.0360571	0.0124617	0.2	6	5.53108	0
0.0360571	0.0136154	0.2	6	16.3881	0
0.0360571	0.0148758	0.2	6	35.3696	0
0.0360571	0.0162529	0.2	6	64.6052	0
0.0360571	0.0177575	0.2	6	106.688	0
0.0360571	0.0194014	0.2	6	164.768	0
0.0360571	0.0211975	0.2	6	242.669	0
0.0360571	0.0231598	0.2	6	345.017	0
0.0360571	0.0253038	0.2	6	477.408	0
0.0360571	0.0276463	0.2	6	646.6	0
0.0360571	0.0302057	0.2	6	860.745	0
0.0360571	0.0330019	0.2	6	1129.66	0
0.0360571	0.0360571	0.2	6	1465.18	0
0.0360571	0.039395	0.2	6	1881.52	0
0.0360571	0.043042	0.2	6	2395.77	0
0.0360571	0.0470266	0.2	6	3028.46	0
0.0360571	0.05138	0.2	6	3804.23	0
0.0360571	0.0561365	0.2	6	4752.63	0
0.0360571	0.0613333	0.2	6	5909.11	0
0.0360571	0.0670111	0.2	6	7316.11	0
0.0360571	0.0732147	0.2	6	9024.51	0
0.0360571	0.0799925	0.2	6	11095.2	0
0.0360571	0.0873977	0.2	6	13601	0
0.0360571	0.0954885	0.2	6	16629.3	0
0.0360571	0.104328	0.2	6	20284.2	0
0.0360571	0.113986	0.2	6	24690.4	0
0.0360571	0.124539	0.2	6	29997.2	0
0.0360571	0.136068	0.2	6	36382.5	0
0.0360571	0.148664	0.2	6	44059.5	0
0.0360571	0.162426	0.2	6	53282.4	0
0.0360571	0.177463	0.2	6	64355.3	0
0.0360571	0.193892	0.2	6	77641.1	0
0.0360571	0.211841	0.2	6	93573.7	0
0.0360571	0.231452	0.2	6	112671	0
0.0360571	0.252878	0.2	6	135553	0
0.0360571	0.276288	0.2	6	162958	0
0.0360571	0.301866	0.2	6	195772	0
0.0360571	0.329811	0.2	6	235052	0
0.0360571	0.360343	0.2	6	282065	0
0.0360571	0.393701	0.2	6	338326	0
0.0360571	0.430148	0.2	6	405654	0
0.0360571	0.469968	0.2	6	486231	0
0.0360571	0.513475	0.2	6	582678	0
0.0360571	0.56101	0.2	6	698156	0
0.0360571	0.612945	0.2	6	836477	0
0.0360571	0.669688	0.2	6	1.00226e+06	0
0.039395	0.000104526	0.2	6	280.735	0
0.039395	0.000114203	0.2	6	280.195	0
0.039395	0.000124775	0.2	6	279.604	0
0.039395	0.000136326	0.2	6	278.96	0
0.039395	0.000148946	0.2	6	278.257	0
0.039395	0.000162735	0.2	6	277.489	0
0.039395	0.0001778	0.2	6	276.652	0
0.039395	0.00019426	0.2	6	275.739	0
0.039395	0.000212243	0.2	6	274.743	0
0.039395	0.000231891	0.2	6	273.657	0
0.039395	0.000253358	0.2	6	272.473	0
0.039395	0.000276813	0.2	6	271.183	0
0.039395	0.000302439	0.2	6	269.776	0
0.039395	0.000330437	0.2	6	268.243	0
0.039395	0.000361027	0.2	6	266.573	0
0.039395	0.000394448	0.2	6	264.755	0
0.039395	0.000430964	0.2	6	262.776	0
0.039395	0.00047086	0.2	6	260.621	0
0.039395	0.00051445	0.2	6	258.278	0
0.039395	0.000562075	0.2	6	255.729	0
0.039395	0.000614108	0.2	6	252.959	0
0.039395	0.000670959	0.2	6	249.95	0
0.039395	0.000733073	0.2	6	246.683	0
0.039395	0.000800936	0.2	6	243.138	0
0.039395	0.000875083	0.2	6	239.295	0
0.039395	0.000956093	0.2	6	235.13	0
0.039395	0.0010446	0.2	6	230.622	0
0.039395	0.00114131	0.2	6	225.746	0
0.039395	0.00124696	0.2	6	220.479	0
0.039395	0.0013624	0.2	6	214.795	0
0.039395	0.00148852	0.2	6	208.67	0
0.039395	0.00162632	0.2	6	202.079	0
0.039395	0.00177687	0.2	6	194.998	0
0.039395	0.00194137	0.2	6	187.407	0
0.039395	0.00212109	0.2	6	179.286	0
0.039395	0.00231745	0.2	6	170.618	0
0.039395	0.00253198	0.2	6	161.393	0
0.039395	0.00276638	0.2	6	151.608	0
0.039395	0.00302248	0.2	6	141.267	0
0.039395	0.00330228	0.2	6	130.386	0
0.039395	0.00360798	0.2	6	118.996	0
0.039395	0.00394199	0.2	6	107.147	0
0.039395	0.00430692	0.2	6	94.9121	0
0.039395	0.00470563	0.2	6	82.3923	0
0.039395	0.00514125	0.2	6	69.7257	0
0.039395	0.0056172	0.2	6	57.0948	0
0.039395	0.0061372	0.2	6	44.7368	0
0.039395	0.00670535	0.2	6	32.9564	0
0.039395	0.0073261	0.2	6	22.1404	0
0.039395	0.0080043	0.2	6	12.7758	0
0.039395	0.0087453	0.2	6	5.47203	0
0.039395	0.00955489	0.2	6	0.986627	0
0.039395	0.0104394	0.2	6	0.257038	0
0.039395	0.0114058	0.2	6	4.43841	0
0.039395	0.0124617	0.2	6	14.9491	0
0.039395	0.0136154	0.2	6	33.5252	0
0.039395	0.0148758	0.2	6	62.2861	0
0.039395	0.0162529	0.2	6	103.813	0
0.039395	0.0177575	0.2	6	161.243	0
0.039395	0.0194014	0.2	6	238.381	0
0.039395	0.0211975	0.2	6	339.837	0
0.039395	0.0231598	0.2	6	471.184	0
0.039395	0.0253038	0.2	6	639.156	0
0.039395	0.0276463	0.2	6	851.875	0
0.039395	0.0302057	0.2	6	1119.13	0
0.039395	0.0330019	0.2	6	1452.71	0
0.039395	0.0360571	0.2	6	1866.78	0
0.039395	0.039395	0.2	6	2378.4	0
0.039395	0.043042	0.2	6	3008.05	0
0.039395	0.0470266	0.2	6	3780.29	0
0.039395	0.05138	0.2	6	4724.62	0
0.039395	0.0561365	0.2	6	5876.4	0
0.039395	0.0613333	0.2	6	7278.02	0
0.039395	0.0670111	0.2	6	8980.27	0
0.039395	0.0732147	0.2	6	11044	0
0.039395	0.0799925	0.2	6	13541.9	0
0.039395	0.0873977	0.2	6	16561.2	0
0.039395	0.0954885	0.2	6	20206.2	0
0.039395	0.104328	0.2	6	24601.5	0
0.039395	0.113986	0.2	6	29896.2	0
0.039395	0.124539	0.2	6	36268.6	0
0.039395	0.136068	0.2	6	43931.7	0
0.039395	0.148664	0.2	6	53140.3	0
0.039395	0.162426	0.2	6	64198.6	0
0.039395	0.177463	0.2	6	77470.1	0
0.039395	0.193892	0.2	6	93389.4	0
0.039395	0.211841	0.2	6	112476	0
0.039395	0.231452	0.2	6	135349	0
0.039395	0.252878	0.2	6	162750	0
0.039395	0.276288	0.2	6	195566	0
0.039395	0.301866	0.2	6	234855	0
0.039395	0.329811	0.2	6	281885	0
0.039395	0.360343	0.2	6	338171	0
0.039395	0.393701	0.2	6	405530	0
0.039395	0.430148	0.2	6	486137	0
0.039395	0.469968	0.2	6	582603	0
0.039395	0.513475	0.2	6	698066	0
0.039395	0.56101	0.2	6	836299	0
0.039395	0.612945	0.2	6	1.00185e+06	0
0.039395	0.669688	0.2	6	1.20023e+06	0
0.043042	0.000104526	0.2	6	282.237	0
0.043042	0.000114203	0.2	6	281.646	0
0.043042	0.000124775	0.2	6	281.001	0
0.043042	0.000136326	0.2	6	280.297	0
0.043042	0.000148946	0.2	6	279.529	0
0.043042	0.000162735	0.2	6	278.691	0
0.043042	0.0001778	0.2	6	277.776	0
0.043042	0.00019426	0.2	6	276.779	0
0.043042	0.000212243	0.2	6	275.692	0
0.043042	0.000231891	0.2	6	274.506	0
0.043042	0.000253358	0.2	6	273.213	0
0.043042	0.000276813	0.2	6	271.805	0
0.043042	0.000302439	0.2	6	270.27	0
0.043042	0.000330437	0.2	6	268.598	0
0.043042	0.000361027	0.2	6	266.777	0
0.043042	0.000394448	0.2	6	264.794	0
0.043042	0.000430964	0.2	6	262.637	0
0.043042	0.00047086	0.2	6	260.29	0
0.043042	0.00051445	0.2	6	257.738	0
0.043042	0.000562075	0.2	6	254.963	0
0.043042	0.000614108	0.2	6	251.95	0
0.043042	0.000670959	0.2	6	248.677	0
0.043042	0.000733073	0.2	6	245.127	0
0.043042	0.000800936	0.2	6	241.277	0
0.043042	0.000875083	0.2	6	237.105	0
0.043042	0.000956093	0.2	6	232.589	0
0.043042	0.0010446	0.2	6	227.704	0
0.043042	0.00114131	0.2	6	222.427	0
0.043042	0.00124696	0.2	6	216.732	0
0.043042	0.0013624	0.2	6	210.594	0
0.043042	0.00148852	0.2	6	203.989	0
0.043042	0.00162632	0.2	6	196.894	0
0.043042	0.00177687	0.2	6	189.285	0
0.043042	0.00194137	0.2	6	181.144	0
0.043042	0.00212109	0.2	6	172.454	0
0.043042	0.00231745	0.2	6	163.204	0
0.043042	0.00253198	0.2	6	153.391	0
0.043042	0.00276638	0.2	6	143.017	0
0.043042	0.00302248	0.2	6	132.1	0
0.043042	0.00330228	0.2	6	120.669	0
0.043042	0.00360798	0.2	6	108.773	0
0.043042	0.00394199	0.2	6	96.4838	0
0.043042	0.00430692	0.2	6	83.9023	0
0.043042	0.00470563	0.2	6	71.165	0
0.043042	0.00514125	0.2	6	58.453	0
0.043042	0.0056172	0.2	6	46.0018	0
0.043042	0.0061372	0.2	6	34.1141	0
0.043042	0.00670535	0.2	6	23.1742	0
0.043042	0.0073261	0.2	6	13.6667	0
0.043042	0.0080043	0.2	6	6.19765	0
0.043042	0.0087453	0.2	6	1.52085	0
0.043042	0.00955489	0.2	6	0.569392	0
0.043042	0.0104394	0.2	6	4.4933	0
0.043042	0.0114058	0.2	6	14.7049	0
0.043042	0.0124617	0.2	6	32.9334	0
0.043042	0.0136154	0.2	6	61.2899	0
0.043042	0.0148758	0.2	6	102.346	0
0.043042	0.0162529	0.2	6	159.228	0
0.043042	0.0177575	0.2	6	235.727	0
0.043042	0.0194014	0.2	6	336.439	0
0.043042	0.0211975	0.2	6	466.92	0
0.043042	0.0231598	0.2	6	633.883	0
0.043042	0.0253038	0.2	6	845.426	0
0.043042	0.0276463	0.2	6	1111.31	0
0.043042	0.0302057	0.2	6	1443.3	0
0.043042	0.0330019	0.2	6	1855.53	0
0.043042	0.0360571	0.2	6	2365.01	0
0.043042	0.039395	0.2	6	2992.16	0
0.043042	0.043042	0.2	6	3761.53	0
0.043042	0.0470266	0.2	6	4702.55	0
0.043042	0.05138	0.2	6	5850.52	0
0.043042	0.0561365	0.2	6	7247.77	0
0.043042	0.0613333	0.2	6	8945.02	0
0.043042	0.0670111	0.2	6	11003	0
0.043042	0.0732147	0.2	6	13494.5	0
0.043042	0.0799925	0.2	6	16506.5	0
0.043042	0.0873977	0.2	6	20143.4	0
0.043042	0.0954885	0.2	6	24529.6	0
0.043042	0.104328	0.2	6	29814.4	0
0.043042	0.113986	0.2	6	36175.9	0
0.043042	0.124539	0.2	6	43827.4	0
0.043042	0.136068	0.2	6	53023.7	0
0.043042	0.148664	0.2	6	64069.3	0
0.043042	0.162426	0.2	6	77328.1	0
0.043042	0.177463	0.2	6	93235.2	0
0.043042	0.193892	0.2	6	112310	0
0.043042	0.211841	0.2	6	135174	0
0.043042	0.231452	0.2	6	162570	0
0.043042	0.252878	0.2	6	195383	0
0.043042	0.276288	0.2	6	234676	0
0.043042	0.301866	0.2	6	281715	0
0.043042	0.329811	0.2	6	338018	0
0.043042	0.360343	0.2	6	405398	0
0.043042	0.393701	0.2	6	486031	0
0.043042	0.430148	0.2	6	582518	0
0.043042	0.469968	0.2	6	697983	0
0.043042	0.513475	0.2	6	836176	0
0.043042	0.56101	0.2	6	1.0016e+06	0
0.043042	0.612945	0.2	6	1.1997e+06	0
0.043042	0.669688	0.2	6	1.43701e+06	0
0.0470266	0.000104526	0.2	6	284.928	0
0.0470266	0.000114203	0.2	6	284.282	0
0.0470266	0.000124775	0.2	6	283.577	0
0.0470266	0.000136326	0.2	6	282.808	0
0.0470266	0.000148946	0.2	6	281.968	0
0.0470266	0.000162735	0.2	6	281.052	0
0.0470266	0.0001778	0.2	6	280.053	0
0.0470266	0.00019426	0.2	6	278.964	0
0.0470266	0.000212243	0.2	6	277.776	0
0.0470266	0.000231891	0.2	6	276.482	0
0.0470266	0.000253358	0.2	6	275.07	0
0.0470266	0.000276813	0.2	6	273.533	0
0.0470266	0.000302439	0.2	6	271.858	0
0.0470266	0.000330437	0.2	6	270.034	0
0.0470266	0.000361027	0.2	6	268.048	0
0.0470266	0.000394448	0.2	6	265.887	0
0.0470266	0.000430964	0.2	6	263.535	0
0.0470266	0.00047086	0.2	6	260.979	0
0.0470266	0.00051445	0.2	6	258.199	0
0.0470266	0.000562075	0.2	6	255.18	0
0.0470266	0.000614108	0.2	6	251.902	0
0.0470266	0.000670959	0.2	6	248.344	0
0.0470266	0.000733073	0.2	6	244.486	0
0.0470266	0.000800936	0.2	6	240.306	0
0.0470266	0.000875083	0.2	6	235.781	0
0.0470266	0.000956093	0.2	6	230.886	0
0.0470266	0.0010446	0.2	6	225.598	0
0.0470266	0.00114131	0.2	6	219.89	0
0.0470266	0.00124696	0.2	6	213.739	0
0.0470266	0.0013624	0.2	6	207.119	0
0.0470266	0.00148852	0.2	6	200.006	0
0.0470266	0.00162632	0.2	6	192.378	0
0.0470266	0.00177687	0.2	6	184.216	0
0.0470266	0.00194137	0.2	6	175.502	0
0.0470266	0.00212109	0.2	6	166.226	0
0.0470266	0.00231745	0.2	6	156.383	0
0.0470266	0.00253198	0.2	6	145.976	0
0.0470266	0.00276638	0.2	6	135.021	0
0.0470266	0.00302248	0.2	6	123.548	0
0.0470266	0.00330228	0.2	6	111.604	0
0.0470266	0.00360798	0.2	6	99.2611	0
0.0470266	0.00394199	0.2	6	86.6187	0
0.0470266	0.00430692	0.2	6	73.8124	0
0.0470266	0.00470563	0.2	6	61.0221	0
0.0470266	0.00514125	0.2	6	48.4818	0
0.0470266	0.0056172	0.2	6	36.4926	0
0.0470266	0.0061372	0.2	6	25.437	0
0.0470266	0.00670535	0.2	6	15.7971	0
0.0470266	0.0073261	0.2	6	8.17651	0
0.0470266	0.0080043	0.2	6	3.32597	0
0.0470266	0.0087453	0.2	6	2.17501	0
0.0470266	0.00955489	0.2	6	5.86953	0
0.0470266	0.0104394	0.2	6	15.8171	0
0.0470266	0.0114058	0.2	6	33.7411	0
0.0470266	0.0124617	0.2	6	61.7462	0
0.0470266	0.0136154	0.2	6	102.397	0
0.0470266	0.0148758	0.2	6	158.809	0
0.0470266	0.0162529	0.2	6	234.766	0
0.0470266	0.0177575	0.2	6	334.85	0
0.0470266	0.0194014	0.2	6	464.603	0
0.0470266	0.0211975	0.2	6	630.723	0
0.0470266	0.0231598	0.2	6	841.29	0
0.0470266	0.0253038	0.2	6	1106.05	0
0.0470266	0.0276463	0.2	6	1436.72	0
0.0470266	0.0302057	0.2	6	1847.44	0
0.0470266	0.0330019	0.2	6	2355.16	0
0.0470266	0.0360571	0.2	6	2980.3	0
0.0470266	0.039395	0.2	6	3747.34	0
0.0470266	0.043042	0.2	6	4685.67	0
0.0470266	0.0470266	0.2	6	5830.55	0
0.0470266	0.05138	0.2	6	7224.27	0
0.0470266	0.0561365	0.2	6	8917.48	0
0.0470266	0.0613333	0.2	6	10970.9	0
0.0470266	0.0670111	0.2	6	13457.1	0
0.0470266	0.0732147	0.2	6	16463.3	0
0.0470266	0.0799925	0.2	6	20093.5	0
0.0470266	0.0873977	0.2	6	24472.4	0
0.0470266	0.0954885	0.2	6	29749.1	0
0.0470266	0.104328	0.2	6	36101.8	0
0.0470266	0.113986	0.2	6	43743.7	0
0.0470266	0.124539	0.2	6	52929.8	0
0.0470266	0.136068	0.2	6	63964.7	0
0.0470266	0.148664	0.2	6	77212.8	0
0.0470266	0.162426	0.2	6	93109.2	0
0.0470266	0.177463	0.2	6	112174	0
0.0470266	0.193892	0.2	6	135029	0
0.0470266	0.211841	0.2	6	162418	0
0.0470266	0.231452	0.2	6	195228	0
0.0470266	0.252878	0.2	6	234521	0
0.0470266	0.276288	0.2	6	281565	0
0.0470266	0.301866	0.2	6	337878	0
0.0470266	0.329811	0.2	6	405274	0
0.0470266	0.360343	0.2	6	485926	0
0.0470266	0.393701	0.2	6	582432	0
0.0470266	0.430148	0.2	6	697907	0
0.0470266	0.469968	0.2	6	836085	0
0.0470266	0.513475	0.2	6	1.00145e+06	0
0.0470266	0.56101	0.2	6	1.19937e+06	0
0.0470266	0.612945	0.2	6	1.43634e+06	0
0.0470266	0.669688	0.2	6	1.72017e+06	0
0.05138	0.000104526	0.2	6	289.089	0
0.05138	0.000114203	0.2	6	288.382	0
0.05138	0.000124775	0.2	6	287.611	0
0.05138	0.000136326	0.2	6	286.77	0
0.05138	0.000148946	0.2	6	285.852	0
0.05138	0.000162735	0.2	6	284.851	0
0.05138	0.0001778	0.2	6	283.76	0
0.05138	0.00019426	0.2	6	282.57	0
0.05138	0.000212243	0.2	6	281.272	0
0.05138	0.000231891	0.2	6	279.858	0
0.05138	0.000253358	0.2	6	278.318	0
0.05138	0.000276813	0.2	6	276.639	0
0.05138	0.000302439	0.2	6	274.812	0
0.05138	0.000330437	0.2	6	272.822	0
0.05138	0.000361027	0.2	6	270.656	0
0.05138	0.000394448	0.2	6	268.3	0
0.05138	0.000430964	0.2	6	265.737	0
0.05138	0.00047086	0.2	6	262.952	0
0.05138	0.00051445	0.2	6	259.926	0
0.05138	0.000562075	0.2	6	256.641	0
0.05138	0.000614108	0.2	6	253.075	0
0.05138	0.000670959	0.2	6	249.209	0
0.05138	0.000733073	0.2	6	245.019	0
0.05138	0.000800936	0.2	6	240.484	0
0.05138	0.000875083	0.2	6	235.577	0
0.05138	0.000956093	0.2	6	230.276	0
0.05138	0.0010446	0.2	6	224.554	0
0.05138	0.00114131	0.2	6	218.387	0
0.05138	0.00124696	0.2	6	211.75	0
0.05138	0.0013624	0.2	6	204.618	0
0.05138	0.00148852	0.2	6	196.97	0
0.05138	0.00162632	0.2	6	188.784	0
0.05138	0.00177687	0.2	6	180.045	0
0.05138	0.00194137	0.2	6	170.74	0
0.05138	0.00212109	0.2	6	160.865	0
0.05138	0.00231745	0.2	6	150.422	0
0.05138	0.00253198	0.2	6	139.428	0
0.05138	0.00276638	0.2	6	127.911	0
0.05138	0.00302248	0.2	6	115.918	0
0.05138	0.00330228	0.2	6	103.52	0
0.05138	0.00360798	0.2	6	90.8157	0
0.05138	0.00394199	0.2	6	77.9401	0
0.05138	0.00430692	0.2	6	65.0719	0
0.05138	0.00470563	0.2	6	52.444	0
0.05138	0.00514125	0.2	6	40.3559	0
0.05138	0.0056172	0.2	6	29.1886	0
0.05138	0.0061372	0.2	6	19.4224	0
0.05138	0.00670535	0.2	6	11.6587	0
0.05138	0.0073261	0.2	6	6.64575	0
0.05138	0.0080043	0.2	6	5.31018	0
0.05138	0.0087453	0.2	6	8.79453	0
0.05138	0.00955489	0.2	6	18.5025	0
0.05138	0.0104394	0.2	6	36.1529	0
0.05138	0.0114058	0.2	6	63.8454	0
0.05138	0.0124617	0.2	6	104.138	0
0.05138	0.0136154	0.2	6	160.14	0
0.05138	0.0148758	0.2	6	235.626	0
0.05138	0.0162529	0.2	6	335.17	0
0.05138	0.0177575	0.2	6	464.302	0
0.05138	0.0194014	0.2	6	629.708	0
0.05138	0.0211975	0.2	6	839.454	0
0.05138	0.0231598	0.2	6	1103.27	0
0.05138	0.0253038	0.2	6	1432.86	0
0.05138	0.0276463	0.2	6	1842.32	0
0.05138	0.0302057	0.2	6	2348.61	0
0.05138	0.0330019	0.2	6	2972.09	0
0.05138	0.0360571	0.2	6	3737.23	0
0.05138	0.039395	0.2	6	4673.39	0
0.05138	0.043042	0.2	6	5815.78	0
0.05138	0.0470266	0.2	6	7206.65	0
0.05138	0.05138	0.2	6	8896.61	0
0.05138	0.0561365	0.2	6	10946.3	0
0.05138	0.0613333	0.2	6	13428.4	0
0.05138	0.0670111	0.2	6	16429.9	0
0.05138	0.0732147	0.2	6	20054.9	0
0.05138	0.0799925	0.2	6	24427.9	0
0.05138	0.0873977	0.2	6	29698.1	0
0.05138	0.0954885	0.2	6	36043.6	0
0.05138	0.104328	0.2	6	43677.9	0
0.05138	0.113986	0.2	6	52855.8	0
0.05138	0.124539	0.2	6	63882.1	0
0.05138	0.136068	0.2	6	77121.2	0
0.05138	0.148664	0.2	6	93008.8	0
0.05138	0.162426	0.2	6	112065	0
0.05138	0.177463	0.2	6	134913	0
0.05138	0.193892	0.2	6	162295	0
0.05138	0.211841	0.2	6	195101	0
0.05138	0.231452	0.2	6	234393	0
0.05138	0.252878	0.2	6	281439	0
0.05138	0.276288	0.2	6	337759	0
0.05138	0.301866	0.2	6	405166	0
0.05138	0.329811	0.2	6	485833	0
0.05138	0.360343	0.2	6	582355	0
0.05138	0.393701	0.2	6	697842	0
0.05138	0.430148	0.2	6	836018	0
0.05138	0.469968	0.2	6	1.00134e+06	0
0.05138	0.513475	0.2	6	1.19917e+06	0
0.05138	0.56101	0.2	6	1.43593e+06	0
0.05138	0.612945	0.2	6	1.71935e+06	0
0.05138	0.669688	0.2	6	2.05873e+06	0
0.0561365	0.000104526	0.2	6	295.047	0
0.0561365	0.000114203	0.2	6	294.274	0
0.0561365	0.000124775	0.2	6	293.431	0
0.0561365	0.000136326	0.2	6	292.511	0
0.0561365	0.000148946	0.2	6	291.508	0
0.0561365	0.000162735	0.2	6	290.414	0
0.0561365	0.0001778	0.2	6	289.221	0
0.0561365	0.00019426	0.2	6	287.921	0
0.0561365	0.000212243	0.2	6	286.504	0
0.0561365	0.000231891	0.2	6	284.959	0
0.0561365	0.000253358	0.2	6	283.277	0
0.0561365	0.000276813	0.2	6	281.445	0
0.0561365	0.000302439	0.2	6	279.45	0
0.0561365	0.000330437	0.2	6	277.279	0
0.0561365	0.000361027	0.2	6	274.917	0
0.0561365	0.000394448	0.2	6	272.349	0
0.0561365	0.000430964	0.2	6	269.557	0
0.0561365	0.00047086	0.2	6	266.523	0
0.0561365	0.00051445	0.2	6	263.229	0
0.0561365	0.000562075	0.2	6	259.655	0
0.0561365	0.000614108	0.2	6	255.779	0
0.0561365	0.000670959	0.2	6	251.578	0
0.0561365	0.000733073	0.2	6	247.03	0
0.0561365	0.000800936	0.2	6	242.111	0
0.0561365	0.000875083	0.2	6	236.795	0
0.0561365	0.000956093	0.2	6	231.058	0
0.0561365	0.0010446	0.2	6	224.874	0
0.0561365	0.00114131	0.2	6	218.217	0
0.0561365	0.00124696	0.2	6	211.064	0
0.0561365	0.0013624	0.2	6	203.392	0
0.0561365	0.00148852	0.2	6	195.181	0
0.0561365	0.00162632	0.2	6	186.413	0
0.0561365	0.00177687	0.2	6	177.077	0
0.0561365	0.00194137	0.2	6	167.168	0
0.0561365	0.00212109	0.2	6	156.688	0
0.0561365	0.00231745	0.2	6	145.651	0
0.0561365	0.00253198	0.2	6	134.087	0
0.0561365	0.00276638	0.2	6	122.042	0
0.0561365	0.00302248	0.2	6	109.587	0
0.0561365	0.00330228	0.2	6	96.8184	0
0.0561365	0.00360798	0.2	6	83.8716	0
0.0561365	0.00394199	0.2	6	70.924	0
0.0561365	0.00430692	0.2	6	58.2074	0
0.0561365	0.00470563	0.2	6	46.0203	0
0.0561365	0.00514125	0.2	6	34.7422	0
0.0561365	0.0056172	0.2	6	24.8519	0
0.0561365	0.0061372	0.2	6	16.9489	0
0.0561365	0.00670535	0.2	6	11.7794	0
0.0561365	0.0073261	0.2	6	10.2678	0
0.0561365	0.0080043	0.2	6	13.5537	0
0.0561365	0.0087453	0.2	6	23.0377	0
0.0561365	0.00955489	0.2	6	40.4351	0
0.0561365	0.0104394	0.2	6	67.8412	0
0.0561365	0.0114058	0.2	6	107.809	0
0.0561365	0.0124617	0.2	6	163.443	0
0.0561365	0.0136154	0.2	6	238.511	0
0.0561365	0.0148758	0.2	6	337.579	0
0.0561365	0.0162529	0.2	6	466.17	0
0.0561365	0.0177575	0.2	6	630.959	0
0.0561365	0.0194014	0.2	6	840.002	0
0.0561365	0.0211975	0.2	6	1103.01	0
0.0561365	0.0231598	0.2	6	1431.68	0
0.0561365	0.0253038	0.2	6	1840.1	0
0.0561365	0.0276463	0.2	6	2345.2	0
0.0561365	0.0302057	0.2	6	2967.32	0
0.0561365	0.0330019	0.2	6	3730.9	0
0.0561365	0.0360571	0.2	6	4665.29	0
0.0561365	0.039395	0.2	6	5805.67	0
0.0561365	0.043042	0.2	6	7194.25	0
0.0561365	0.0470266	0.2	6	8881.62	0
0.0561365	0.05138	0.2	6	10928.4	0
0.0561365	0.0561365	0.2	6	13407.2	0
0.0561365	0.0613333	0.2	6	16405	0
0.0561365	0.0670111	0.2	6	20025.8	0
0.0561365	0.0732147	0.2	6	24394.2	0
0.0561365	0.0799925	0.2	6	29659.2	0
0.0561365	0.0873977	0.2	6	35999.3	0
0.0561365	0.0954885	0.2	6	43627.5	0
0.0561365	0.104328	0.2	6	52798.9	0
0.0561365	0.113986	0.2	6	63818.5	0
0.0561365	0.124539	0.2	6	77050.7	0
0.0561365	0.136068	0.2	6	92931.3	0
0.0561365	0.148664	0.2	6	111981	0
0.0561365	0.162426	0.2	6	134823	0
0.0561365	0.177463	0.2	6	162200	0
0.0561365	0.193892	0.2	6	195002	0
0.0561365	0.211841	0.2	6	234292	0
0.0561365	0.231452	0.2	6	281340	0
0.0561365	0.252878	0.2	6	337665	0
0.0561365	0.276288	0.2	6	405081	0
0.0561365	0.301866	0.2	6	485759	0
0.0561365	0.329811	0.2	6	582295	0
0.0561365	0.360343	0.2	6	697795	0
0.0561365	0.393701	0.2	6	835974	0
0.0561365	0.430148	0.2	6	1.00128e+06	0
0.0561365	0.469968	0.2	6	1.19906e+06	0
0.0561365	0.513475	0.2	6	1.43569e+06	0
0.0561365	0.56101	0.2	6	1.71884e+06	0
0.0561365	0.612945	0.2	6	2.05775e+06	0
0.0561365	0.669688	0.2	6	2.46348e+06	0
0.0613333	0.000104526	0.2	6	303.188	0
0.0613333	0.000114203	0.2	6	302.342	0
0.0613333	0.000124775	0.2	6	301.42	0
0.0613333	0.000136326	0.2	6	300.414	0
0.0613333	0.000148946	0.2	6	299.317	0
0.0613333	0.000162735	0.2	6	298.121	0
0.0613333	0.0001778	0.2	6	296.817	0
0.0613333	0.00019426	0.2	6	295.396	0
0.0613333	0.000212243	0.2	6	293.848	0
0.0613333	0.000231891	0.2	6	292.161	0
0.0613333	0.000253358	0.2	6	290.324	0
0.0613333	0.000276813	0.2	6	288.324	0
0.0613333	0.000302439	0.2	6	286.147	0
0.0613333	0.000330437	0.2	6	283.778	0
0.0613333	0.000361027	0.2	6	281.203	0
0.0613333	0.000394448	0.2	6	278.403	0
0.0613333	0.000430964	0.2	6	275.361	0
0.0613333	0.00047086	0.2	6	272.058	0
0.0613333	0.00051445	0.2	6	268.473	0
0.0613333	0.000562075	0.2	6	264.586	0
0.0613333	0.000614108	0.2	6	260.373	0
0.0613333	0.000670959	0.2	6	255.812	0
0.0613333	0.000733073	0.2	6	250.878	0
0.0613333	0.000800936	0.2	6	245.546	0
0.0613333	0.000875083	0.2	6	239.791	0
0.0613333	0.000956093	0.2	6	233.587	0
0.0613333	0.0010446	0.2	6	226.909	0
0.0613333	0.00114131	0.2	6	219.733	0
0.0613333	0.00124696	0.2	6	212.035	0
0.0613333	0.0013624	0.2	6	203.796	0
0.0613333	0.00148852	0.2	6	194.997	0
0.0613333	0.00162632	0.2	6	185.627	0
0.0613333	0.00177687	0.2	6	175.68	0
0.0613333	0.00194137	0.2	6	165.158	0
0.0613333	0.00212109	0.2	6	154.076	0
0.0613333	0.00231745	0.2	6	142.462	0
0.0613333	0.00253198	0.2	6	130.361	0
0.0613333	0.00276638	0.2	6	117.845	0
0.0613333	0.00302248	0.2	6	105.009	0
0.0613333	0.00330228	0.2	6	91.9875	0
0.0613333	0.00360798	0.2	6	78.9571	0
0.0613333	0.00394199	0.2	6	66.149	0
0.0613333	0.00430692	0.2	6	53.8603	0
0.0613333	0.00470563	0.2	6	42.4695	0
0.0613333	0.00514125	0.2	6	32.454	0
0.0613333	0.0056172	0.2	6	24.4116	0
0.0613333	0.0061372	0.2	6	19.087	0
0.0613333	0.00670535	0.2	6	17.4024	0
0.0613333	0.0073261	0.2	6	20.4953	0
0.0613333	0.0080043	0.2	6	29.7635	0
0.0613333	0.0087453	0.2	6	46.9196	0
0.0613333	0.00955489	0.2	6	74.0553	0
0.0613333	0.0104394	0.2	6	113.72	0
0.0613333	0.0114058	0.2	6	169.013	0
0.0613333	0.0124617	0.2	6	243.699	0
0.0613333	0.0136154	0.2	6	342.336	0
0.0613333	0.0148758	0.2	6	470.441	0
0.0613333	0.0162529	0.2	6	634.683	0
0.0613333	0.0177575	0.2	6	843.108	0
0.0613333	0.0194014	0.2	6	1105.42	0
0.0613333	0.0211975	0.2	6	1433.31	0
0.0613333	0.0231598	0.2	6	1840.83	0
0.0613333	0.0253038	0.2	6	2344.92	0
0.0613333	0.0276463	0.2	6	2965.9	0
0.0613333	0.0302057	0.2	6	3728.2	0
0.0613333	0.0330019	0.2	6	4661.13	0
0.0613333	0.0360571	0.2	6	5799.87	0
0.0613333	0.039395	0.2	6	7186.6	0
0.0613333	0.043042	0.2	6	8871.89	0
0.0613333	0.0470266	0.2	6	10916.3	0
0.0613333	0.05138	0.2	6	13392.5	0
0.0613333	0.0561365	0.2	6	16387.4	0
0.0613333	0.0613333	0.2	6	20004.9	0
0.0613333	0.0670111	0.2	6	24369.8	0
0.0613333	0.0732147	0.2	6	29630.9	0
0.0613333	0.0799925	0.2	6	35966.7	0
0.0613333	0.0873977	0.2	6	43590.3	0
0.0613333	0.0954885	0.2	6	52756.9	0
0.0613333	0.104328	0.2	6	63771.4	0
0.0613333	0.113986	0.2	6	76998.3	0
0.0613333	0.124539	0.2	6	92873.8	0
0.0613333	0.136068	0.2	6	111919	0
0.0613333	0.148664	0.2	6	134756	0
0.0613333	0.162426	0.2	6	162130	0
0.0613333	0.177463	0.2	6	194930	0
0.0613333	0.193892	0.2	6	234219	0
0.0613333	0.211841	0.2	6	281269	0
0.0613333	0.231452	0.2	6	337598	0
0.0613333	0.252878	0.2	6	405021	0
0.0613333	0.276288	0.2	6	485710	0
0.0613333	0.301866	0.2	6	582258	0
0.0613333	0.329811	0.2	6	697770	0
0.0613333	0.360343	0.2	6	835958	0
0.0613333	0.393701	0.2	6	1.00126e+06	0
0.0613333	0.430148	0.2	6	1.19901e+06	0
0.0613333	0.469968	0.2	6	1.43556e+06	0
0.0613333	0.513475	0.2	6	1.71855e+06	0
0.0613333	0.56101	0.2	6	2.05714e+06	0
0.0613333	0.612945	0.2	6	2.46232e+06	0
0.0613333	0.669688	0.2	6	2.9473e+06	0
0.0670111	0.000104526	0.2	6	313.957	0
0.0670111	0.000114203	0.2	6	313.032	0
0.0670111	0.000124775	0.2	6	312.023	0
0.0670111	0.000136326	0.2	6	310.923	0
0.0670111	0.000148946	0.2	6	309.723	0
0.0670111	0.000162735	0.2	6	308.415	0
0.0670111	0.0001778	0.2	6	306.99	0
0.0670111	0.00019426	0.2	6	305.437	0
0.0670111	0.000212243	0.2	6	303.745	0
0.0670111	0.000231891	0.2	6	301.902	0
0.0670111	0.000253358	0.2	6	299.896	0
0.0670111	0.000276813	0.2	6	297.712	0
0.0670111	0.000302439	0.2	6	295.336	0
0.0670111	0.000330437	0.2	6	292.753	0
0.0670111	0.000361027	0.2	6	289.944	0
0.0670111	0.000394448	0.2	6	286.892	0
0.0670111	0.000430964	0.2	6	283.579	0
0.0670111	0.00047086	0.2	6	279.983	0
0.0670111	0.00051445	0.2	6	276.083	0
0.0670111	0.000562075	0.2	6	271.856	0
0.0670111	0.000614108	0.2	6	267.28	0
0.0670111	0.000670959	0.2	6	262.329	0
0.0670111	0.000733073	0.2	6	256.979	0
0.0670111	0.000800936	0.2	6	251.205	0
0.0670111	0.000875083	0.2	6	244.979	0
0.0670111	0.000956093	0.2	6	238.278	0
0.0670111	0.0010446	0.2	6	231.076	0
0.0670111	0.00114131	0.2	6	223.349	0
0.0670111	0.00124696	0.2	6	215.079	0
0.0670111	0.0013624	0.2	6	206.246	0
0.0670111	0.00148852	0.2	6	196.838	0
0.0670111	0.00162632	0.2	6	186.85	0
0.0670111	0.00177687	0.2	6	176.283	0
0.0670111	0.00194137	0.2	6	165.152	0
0.0670111	0.00212109	0.2	6	153.483	0
0.0670111	0.00231745	0.2	6	141.323	0
0.0670111	0.00253198	0.2	6	128.741	0
0.0670111	0.00276638	0.2	6	115.833	0
0.0670111	0.00302248	0.2	6	102.732	0
0.0670111	0.00330228	0.2	6	89.6141	0
0.0670111	0.00360798	0.2	6	76.7096	0
0.0670111	0.00394199	0.2	6	64.3148	0
0.0670111	0.00430692	0.2	6	52.807	0
0.0670111	0.00470563	0.2	6	42.6622	0
0.0670111	0.00514125	0.2	6	34.4772	0
0.0670111	0.0056172	0.2	6	28.995	0
0.0670111	0.0061372	0.2	6	27.1359	0
0.0670111	0.00670535	0.2	6	30.0358	0
0.0670111	0.0073261	0.2	6	39.0901	0
0.0670111	0.0080043	0.2	6	56.009	0
0.0670111	0.0087453	0.2	6	82.8815	0
0.0670111	0.00955489	0.2	6	122.254	0
0.0670111	0.0104394	0.2	6	177.222	0
0.0670111	0.0114058	0.2	6	251.546	0
0.0670111	0.0124617	0.2	6	349.78	0
0.0670111	0.0136154	0.2	6	477.437	0
0.0670111	0.0148758	0.2	6	641.179	0
0.0670111	0.0162529	0.2	6	849.045	0
0.0670111	0.0177575	0.2	6	1110.73	0
0.0670111	0.0194014	0.2	6	1437.92	0
0.0670111	0.0211975	0.2	6	1844.67	0
0.0670111	0.0231598	0.2	6	2347.89	0
0.0670111	0.0253038	0.2	6	2967.9	0
0.0670111	0.0276463	0.2	6	3729.11	0
0.0670111	0.0302057	0.2	6	4660.82	0
0.0670111	0.0330019	0.2	6	5798.21	0
0.0670111	0.0360571	0.2	6	7183.43	0
0.0670111	0.039395	0.2	6	8867.03	0
0.0670111	0.043042	0.2	6	10909.6	0
0.0670111	0.0470266	0.2	6	13383.7	0
0.0670111	0.05138	0.2	6	16376.3	0
0.0670111	0.0561365	0.2	6	19991.4	0
0.0670111	0.0613333	0.2	6	24353.5	0
0.0670111	0.0670111	0.2	6	29611.7	0
0.0670111	0.0732147	0.2	6	35944.2	0
0.0670111	0.0799925	0.2	6	43564.5	0
0.0670111	0.0873977	0.2	6	52727.5	0
0.0670111	0.0954885	0.2	6	63738.3	0
0.0670111	0.104328	0.2	6	76961.7	0
0.0670111	0.113986	0.2	6	92833.5	0
0.0670111	0.124539	0.2	6	111875	0
0.0670111	0.136068	0.2	6	134710	0
0.0670111	0.148664	0.2	6	162081	0
0.0670111	0.162426	0.2	6	194880	0
0.0670111	0.177463	0.2	6	234171	0
0.0670111	0.193892	0.2	6	281223	0
0.0670111	0.211841	0.2	6	337557	0
0.0670111	0.231452	0.2	6	404988	0
0.0670111	0.252878	0.2	6	485686	0
0.0670111	0.276288	0.2	6	582247	0
0.0670111	0.301866	0.2	6	697773	0
0.0670111	0.329811	0.2	6	835972	0
0.0670111	0.360343	0.2	6	1.00128e+06	0
0.0670111	0.393701	0.2	6	1.19901e+06	0
0.0670111	0.430148	0.2	6	1.43551e+06	0
0.0670111	0.469968	0.2	6	1.7184e+06	0
0.0670111	0.513475	0.2	6	2.05678e+06	0
0.0670111	0.56101	0.2	6	2.46159e+06	0
0.0670111	0.612945	0.2	6	2.94594e+06	0
0.0670111	0.669688	0.2	6	3.52557e+06	0
0.0732147	0.000104526	0.2	6	327.868	0
0.0732147	0.000114203	0.2	6	326.856	0
0.0732147	0.000124775	0.2	6	325.752	0
0.0732147	0.000136326	0.2	6	324.548	0
0.0732147	0.000148946	0.2	6	323.236	0
0.0732147	0.000162735	0.2	6	321.806	0
0.0732147	0.0001778	0.2	6	320.247	0
0.0732147	0.00019426	0.2	6	318.55	0
0.0732147	0.000212243	0.2	6	316.701	0
0.0732147	0.000231891	0.2	6	314.687	0
0.0732147	0.000253358	0.2	6	312.496	0
0.0732147	0.000276813	0.2	6	310.112	0
0.0732147	0.000302439	0.2	6	307.52	0
0.0732147	0.000330437	0.2	6	304.701	0
0.0732147	0.000361027	0.2	6	301.639	0
0.0732147	0.000394448	0.2	6	298.313	0
0.0732147	0.000430964	0.2	6	294.704	0
0.0732147	0.00047086	0.2	6	290.79	0
0.0732147	0.00051445	0.2	6	286.549	0
0.0732147	0.000562075	0.2	6	281.956	0
0.0732147	0.000614108	0.2	6	276.987	0
0.0732147	0.000670959	0.2	6	271.617	0
0.0732147	0.000733073	0.2	6	265.82	0
0.0732147	0.000800936	0.2	6	259.571	0
0.0732147	0.000875083	0.2	6	252.843	0
0.0732147	0.000956093	0.2	6	245.612	0
0.0732147	0.0010446	0.2	6	237.855	0
0.0732147	0.00114131	0.2	6	229.55	0
0.0732147	0.00124696	0.2	6	220.679	0
0.0732147	0.0013624	0.2	6	211.231	0
0.0732147	0.00148852	0.2	6	201.197	0
0.0732147	0.00162632	0.2	6	190.581	0
0.0732147	0.00177687	0.2	6	179.396	0
0.0732147	0.00194137	0.2	6	167.668	0
0.0732147	0.00212109	0.2	6	155.443	0
0.0732147	0.00231745	0.2	6	142.79	0
0.0732147	0.00253198	0.2	6	129.804	0
0.0732147	0.00276638	0.2	6	116.618	0
0.0732147	0.00302248	0.2	6	103.407	0
0.0732147	0.00330228	0.2	6	90.4001	0
0.0732147	0.00360798	0.2	6	77.8928	0
0.0732147	0.00394199	0.2	6	66.2615	0
0.0732147	0.00430692	0.2	6	55.9813	0
0.0732147	0.00470563	0.2	6	47.6475	0
0.0732147	0.00514125	0.2	6	42.0017	0
0.0732147	0.0056172	0.2	6	39.9629	0
0.0732147	0.0061372	0.2	6	42.6651	0
0.0732147	0.00670535	0.2	6	51.5021	0
0.0732147	0.0073261	0.2	6	68.1817	0
0.0732147	0.0080043	0.2	6	94.7908	0
0.0732147	0.0087453	0.2	6	133.873	0
0.0732147	0.00955489	0.2	6	188.522	0
0.0732147	0.0104394	0.2	6	262.493	0
0.0732147	0.0114058	0.2	6	360.338	0
0.0732147	0.0124617	0.2	6	487.567	0
0.0732147	0.0136154	0.2	6	650.835	0
0.0732147	0.0148758	0.2	6	858.179	0
0.0732147	0.0162529	0.2	6	1119.29	0
0.0732147	0.0177575	0.2	6	1445.84	0
0.0732147	0.0194014	0.2	6	1851.89	0
0.0732147	0.0211975	0.2	6	2354.33	0
0.0732147	0.0231598	0.2	6	2973.48	0
0.0732147	0.0253038	0.2	6	3733.74	0
0.0732147	0.0276463	0.2	6	4664.42	0
0.0732147	0.0302057	0.2	6	5800.66	0
0.0732147	0.0330019	0.2	6	7184.62	0
0.0732147	0.0360571	0.2	6	8866.84	0
0.0732147	0.039395	0.2	6	10907.9	0
0.0732147	0.043042	0.2	6	13380.4	0
0.0732147	0.0470266	0.2	6	16371.2	0
0.0732147	0.05138	0.2	6	19984.3	0
0.0732147	0.0561365	0.2	6	24344.3	0
0.0732147	0.0613333	0.2	6	29600.3	0
0.0732147	0.0670111	0.2	6	35930.6	0
0.0732147	0.0732147	0.2	6	43548.4	0
0.0732147	0.0799925	0.2	6	52709	0
0.0732147	0.0873977	0.2	6	63717.4	0
0.0732147	0.0954885	0.2	6	76938.4	0
0.0732147	0.104328	0.2	6	92808.1	0
0.0732147	0.113986	0.2	6	111848	0
0.0732147	0.124539	0.2	6	134681	0
0.0732147	0.136068	0.2	6	162053	0
0.0732147	0.148664	0.2	6	194852	0
0.0732147	0.162426	0.2	6	234144	0
0.0732147	0.177463	0.2	6	281201	0
0.0732147	0.193892	0.2	6	337540	0
0.0732147	0.211841	0.2	6	404979	0
0.0732147	0.231452	0.2	6	485689	0
0.0732147	0.252878	0.2	6	582263	0
0.0732147	0.276288	0.2	6	697803	0
0.0732147	0.301866	0.2	6	836016	0
0.0732147	0.329811	0.2	6	1.00134e+06	0
0.0732147	0.360343	0.2	6	1.19906e+06	0
0.0732147	0.393701	0.2	6	1.43554e+06	0
0.0732147	0.430148	0.2	6	1.71836e+06	0
0.0732147	0.469968	0.2	6	2.05661e+06	0
0.0732147	0.513475	0.2	6	2.46117e+06	0
0.0732147	0.56101	0.2	6	2.94508e+06	0
0.0732147	0.612945	0.2	6	3.52398e+06	0
0.0732147	0.669688	0.2	6	4.21665e+06	0
0.0799925	0.000104526	0.2	6	345.508	0
0.0799925	0.000114203	0.2	6	344.4	0
0.0799925	0.000124775	0.2	6	343.192	0
0.0799925	0.000136326	0.2	6	341.875	0
0.0799925	0.000148946	0.2	6	340.44	0
0.0799925	0.000162735	0.2	6	338.875	0
0.0799925	0.0001778	0.2	6	337.171	0
0.0799925	0.00019426	0.2	6	335.315	0
0.0799925	0.000212243	0.2	6	333.294	0
0.0799925	0.000231891	0.2	6	331.095	0
0.0799925	0.000253358	0.2	6	328.702	0
0.0799925	0.000276813	0.2	6	326.099	0
0.0799925	0.000302439	0.2	6	323.27	0
0.0799925	0.000330437	0.2	6	320.196	0
0.0799925	0.000361027	0.2	6	316.857	0
0.0799925	0.000394448	0.2	6	313.234	0
0.0799925	0.000430964	0.2	6	309.305	0
0.0799925	0.00047086	0.2	6	305.046	0
0.0799925	0.00051445	0.2	6	300.434	0
0.0799925	0.000562075	0.2	6	295.445	0
0.0799925	0.000614108	0.2	6	290.053	0
0.0799925	0.000670959	0.2	6	284.232	0
0.0799925	0.000733073	0.2	6	277.956	0
0.0799925	0.000800936	0.2	6	271.2	0
0.0799925	0.000875083	0.2	6	263.937	0
0.0799925	0.000956093	0.2	6	256.145	0
0.0799925	0.0010446	0.2	6	247.803	0
0.0799925	0.00114131	0.2	6	238.891	0
0.0799925	0.00124696	0.2	6	229.397	0
0.0799925	0.0013624	0.2	6	219.315	0
0.0799925	0.00148852	0.2	6	208.645	0
0.0799925	0.00162632	0.2	6	197.4	0
0.0799925	0.00177687	0.2	6	185.608	0
0.0799925	0.00194137	0.2	6	173.313	0
0.0799925	0.00212109	0.2	6	160.583	0
0.0799925	0.00231745	0.2	6	147.513	0
0.0799925	0.00253198	0.2	6	134.235	0
0.0799925	0.00276638	0.2	6	120.923	0
0.0799925	0.00302248	0.2	6	107.807	0
0.0799925	0.00330228	0.2	6	95.179	0
0.0799925	0.00360798	0.2	6	83.4162	0
0.0799925	0.00394199	0.2	6	72.9921	0
0.0799925	0.00430692	0.2	6	64.5009	0
0.0799925	0.00470563	0.2	6	58.6829	0
0.0799925	0.00514125	0.2	6	56.4558	0
0.0799925	0.0056172	0.2	6	58.9519	0
0.0799925	0.0061372	0.2	6	67.5634	0
0.0799925	0.00670535	0.2	6	83.9963	0
0.0799925	0.0073261	0.2	6	110.335	0
0.0799925	0.0080043	0.2	6	149.122	0
0.0799925	0.0087453	0.2	6	203.448	0
0.0799925	0.00955489	0.2	6	277.066	0
0.0799925	0.0104394	0.2	6	374.525	0
0.0799925	0.0114058	0.2	6	501.33	0
0.0799925	0.0124617	0.2	6	664.135	0
0.0799925	0.0136154	0.2	6	870.974	0
0.0799925	0.0148758	0.2	6	1131.53	0
0.0799925	0.0162529	0.2	6	1457.48	0
0.0799925	0.0177575	0.2	6	1862.87	0
0.0799925	0.0194014	0.2	6	2364.59	0
0.0799925	0.0211975	0.2	6	2982.96	0
0.0799925	0.0231598	0.2	6	3742.37	0
0.0799925	0.0253038	0.2	6	4672.12	0
0.0799925	0.0276463	0.2	6	5807.36	0
0.0799925	0.0302057	0.2	6	7190.23	0
0.0799925	0.0330019	0.2	6	8871.29	0
0.0799925	0.0360571	0.2	6	10911.1	0
0.0799925	0.039395	0.2	6	13382.2	0
0.0799925	0.043042	0.2	6	16371.6	0
0.0799925	0.0470266	0.2	6	19983.2	0
0.0799925	0.05138	0.2	6	24341.7	0
0.0799925	0.0561365	0.2	6	29596	0
0.0799925	0.0613333	0.2	6	35924.7	0
0.0799925	0.0670111	0.2	6	43540.9	0
0.0799925	0.0732147	0.2	6	52699.9	0
0.0799925	0.0799925	0.2	6	63706.8	0
0.0799925	0.0873977	0.2	6	76926.5	0
0.0799925	0.0954885	0.2	6	92795.3	0
0.0799925	0.104328	0.2	6	111835	0
0.0799925	0.113986	0.2	6	134668	0
0.0799925	0.124539	0.2	6	162040	0
0.0799925	0.136068	0.2	6	194842	0
0.0799925	0.148664	0.2	6	234138	0
0.0799925	0.162426	0.2	6	281199	0
0.0799925	0.177463	0.2	6	337546	0
0.0799925	0.193892	0.2	6	404995	0
0.0799925	0.211841	0.2	6	485716	0
0.0799925	0.231452	0.2	6	582304	0
0.0799925	0.252878	0.2	6	697860	0
0.0799925	0.276288	0.2	6	836090	0
0.0799925	0.301866	0.2	6	1.00142e+06	0
0.0799925	0.329811	0.2	6	1.19916e+06	0
0.0799925	0.360343	0.2	6	1.43563e+06	0
0.0799925	0.393701	0.2	6	1.71842e+06	0
0.0799925	0.430148	0.2	6	2.05658e+06	0
0.0799925	0.469968	0.2	6	2.46097e+06	0
0.0799925	0.513475	0.2	6	2.94458e+06	0
0.0799925	0.56101	0.2	6	3.52298e+06	0
0.0799925	0.612945	0.2	6	4.21482e+06	0
0.0799925	0.669688	0.2	6	5.04247e+06	0
0.0873977	0.000104526	0.2	6	367.543	0
0.0873977	0.000114203	0.2	6	366.33	0
0.0873977	0.000124775	0.2	6	365.007	0
0.0873977	0.000136326	0.2	6	363.566	0
0.0873977	0.000148946	0.2	6	361.995	0
0.0873977	0.000162735	0.2	6	360.284	0
0.0873977	0.0001778	0.2	6	358.42	0
0.0873977	0.00019426	0.2	6	356.391	0
0.0873977	0.000212243	0.2	6	354.182	0
0.0873977	0.000231891	0.2	6	351.779	0
0.0873977	0.000253358	0.2	6	349.166	0
0.0873977	0.000276813	0.2	6	346.324	0
0.0873977	0.000302439	0.2	6	343.237	0
0.0873977	0.000330437	0.2	6	339.884	0
0.0873977	0.000361027	0.2	6	336.245	0
0.0873977	0.000394448	0.2	6	332.299	0
0.0873977	0.000430964	0.2	6	328.022	0
0.0873977	0.00047086	0.2	6	323.39	0
0.0873977	0.00051445	0.2	6	318.378	0
0.0873977	0.000562075	0.2	6	312.962	0
0.0873977	0.000614108	0.2	6	307.114	0
0.0873977	0.000670959	0.2	6	300.809	0
0.0873977	0.000733073	0.2	6	294.021	0
0.0873977	0.000800936	0.2	6	286.724	0
0.0873977	0.000875083	0.2	6	278.894	0
0.0873977	0.000956093	0.2	6	270.51	0
0.0873977	0.0010446	0.2	6	261.554	0
0.0873977	0.00114131	0.2	6	252.011	0
0.0873977	0.00124696	0.2	6	241.874	0
0.0873977	0.0013624	0.2	6	231.146	0
0.0873977	0.00148852	0.2	6	219.837	0
0.0873977	0.00162632	0.2	6	207.975	0
0.0873977	0.00177687	0.2	6	195.603	0
0.0873977	0.00194137	0.2	6	182.79	0
0.0873977	0.00212109	0.2	6	169.629	0
0.0873977	0.00231745	0.2	6	156.251	0
0.0873977	0.00253198	0.2	6	142.831	0
0.0873977	0.00276638	0.2	6	129.595	0
0.0873977	0.00302248	0.2	6	116.838	0
0.0873977	0.00330228	0.2	6	104.934	0
0.0873977	0.00360798	0.2	6	94.3561	0
0.0873977	0.00394199	0.2	6	85.6969	0
0.0873977	0.00430692	0.2	6	79.6957	0
0.0873977	0.00470563	0.2	6	77.2688	0
0.0873977	0.00514125	0.2	6	79.5471	0
0.0873977	0.0056172	0.2	6	87.9213	0
0.0873977	0.0061372	0.2	6	104.096	0
0.0873977	0.00670535	0.2	6	130.153	0
0.0873977	0.0073261	0.2	6	168.633	0
0.0873977	0.0080043	0.2	6	222.625	0
0.0873977	0.0087453	0.2	6	295.88	0
0.0873977	0.00955489	0.2	6	392.944	0
0.0873977	0.0104394	0.2	6	519.321	0
0.0873977	0.0114058	0.2	6	681.661	0
0.0873977	0.0124617	0.2	6	887.995	0
0.0873977	0.0136154	0.2	6	1148.01	0
0.0873977	0.0148758	0.2	6	1473.36	0
0.0873977	0.0162529	0.2	6	1878.11	0
0.0873977	0.0177575	0.2	6	2379.14	0
0.0873977	0.0194014	0.2	6	2996.77	0
0.0873977	0.0211975	0.2	6	3755.39	0
0.0873977	0.0231598	0.2	6	4684.28	0
0.0873977	0.0253038	0.2	6	5818.6	0
0.0873977	0.0276463	0.2	6	7200.51	0
0.0873977	0.0302057	0.2	6	8880.53	0
0.0873977	0.0330019	0.2	6	10919.3	0
0.0873977	0.0360571	0.2	6	13389.3	0
0.0873977	0.039395	0.2	6	16377.4	0
0.0873977	0.043042	0.2	6	19987.9	0
0.0873977	0.0470266	0.2	6	24345.1	0
0.0873977	0.05138	0.2	6	29598.3	0
0.0873977	0.0561365	0.2	6	35925.7	0
0.0873977	0.0613333	0.2	6	43540.9	0
0.0873977	0.0670111	0.2	6	52698.9	0
0.0873977	0.0732147	0.2	6	63705.1	0
0.0873977	0.0799925	0.2	6	76924.4	0
0.0873977	0.0873977	0.2	6	92793.2	0
0.0873977	0.0954885	0.2	6	111833	0
0.0873977	0.104328	0.2	6	134668	0
0.0873977	0.113986	0.2	6	162042	0
0.0873977	0.124539	0.2	6	194847	0
0.0873977	0.136068	0.2	6	234148	0
0.0873977	0.148664	0.2	6	281215	0
0.0873977	0.162426	0.2	6	337571	0
0.0873977	0.177463	0.2	6	405030	0
0.0873977	0.193892	0.2	6	485765	0
0.0873977	0.211841	0.2	6	582369	0
0.0873977	0.231452	0.2	6	697943	0
0.0873977	0.252878	0.2	6	836192	0
0.0873977	0.276288	0.2	6	1.00154e+06	0
0.0873977	0.301866	0.2	6	1.1993e+06	0
0.0873977	0.329811	0.2	6	1.43577e+06	0
0.0873977	0.360343	0.2	6	1.71854e+06	0
0.0873977	0.393701	0.2	6	2.05666e+06	0
0.0873977	0.430148	0.2	6	2.46095e+06	0
0.0873977	0.469968	0.2	6	2.94436e+06	0
0.0873977	0.513475	0.2	6	3.5224e+06	0
0.0873977	0.56101	0.2	6	4.21365e+06	0
0.0873977	0.612945	0.2	6	5.04036e+06	0
0.0873977	0.669688	0.2	6	6.02921e+06	0
0.0954885	0.000104526	0.2	6	394.717	0
0.0954885	0.000114203	0.2	6	393.388	0
0.0954885	0.000124775	0.2	6	391.94	0
0.0954885	0.000136326	0.2	6	390.363	0
0.0954885	0.000148946	0.2	6	388.644	0
0.0954885	0.000162735	0.2	6	386.771	0
0.0954885	0.0001778	0.2	6	384.733	0
0.0954885	0.00019426	0.2	6	382.514	0
0.0954885	0.000212243	0.2	6	380.1	0
0.0954885	0.000231891	0.2	6	377.474	0
0.0954885	0.000253358	0.2	6	374.62	0
0.0954885	0.000276813	0.2	6	371.518	0
0.0954885	0.000302439	0.2	6	368.15	0
0.0954885	0.000330437	0.2	6	364.494	0
0.0954885	0.000361027	0.2	6	360.529	0
0.0954885	0.000394448	0.2	6	356.231	0
0.0954885	0.000430964	0.2	6	351.577	0
0.0954885	0.00047086	0.2	6	346.541	0
0.0954885	0.00051445	0.2	6	341.098	0
0.0954885	0.000562075	0.2	6	335.222	0
0.0954885	0.000614108	0.2	6	328.885	0
0.0954885	0.000670959	0.2	6	322.062	0
0.0954885	0.000733073	0.2	6	314.727	0
0.0954885	0.000800936	0.2	6	306.856	0
0.0954885	0.000875083	0.2	6	298.427	0
0.0954885	0.000956093	0.2	6	289.421	0
0.0954885	0.0010446	0.2	6	279.824	0
0.0954885	0.00114131	0.2	6	269.629	0
0.0954885	0.00124696	0.2	6	258.837	0
0.0954885	0.0013624	0.2	6	247.458	0
0.0954885	0.00148852	0.2	6	235.52	0
0.0954885	0.00162632	0.2	6	223.066	0
0.0954885	0.00177687	0.2	6	210.161	0
0.0954885	0.00194137	0.2	6	196.901	0
0.0954885	0.00212109	0.2	6	183.416	0
0.0954885	0.00231745	0.2	6	169.878	0
0.0954885	0.00253198	0.2	6	156.515	0
0.0954885	0.00276638	0.2	6	143.618	0
0.0954885	0.00302248	0.2	6	131.562	0
0.0954885	0.00330228	0.2	6	120.818	0
0.0954885	0.00360798	0.2	6	111.979	0
0.0954885	0.00394199	0.2	6	105.781	0
0.0954885	0.00430692	0.2	6	103.141	0
0.0954885	0.00470563	0.2	6	105.187	0
0.0954885	0.00514125	0.2	6	113.308	0
0.0954885	0.0056172	0.2	6	129.208	0
0.0954885	0.0061372	0.2	6	154.968	0
0.0954885	0.00670535	0.2	6	193.125	0
0.0954885	0.0073261	0.2	6	246.766	0
0.0954885	0.0080043	0.2	6	319.642	0
0.0954885	0.0087453	0.2	6	416.295	0
0.0954885	0.00955489	0.2	6	542.227	0
0.0954885	0.0104394	0.2	6	704.088	0
0.0954885	0.0114058	0.2	6	909.904	0
0.0954885	0.0124617	0.2	6	1169.36	0
0.0954885	0.0136154	0.2	6	1494.12	0
0.0954885	0.0148758	0.2	6	1898.22	0
0.0954885	0.0162529	0.2	6	2398.57	0
0.0954885	0.0177575	0.2	6	3015.46	0
0.0954885	0.0194014	0.2	6	3773.3	0
0.0954885	0.0211975	0.2	6	4701.37	0
0.0954885	0.0231598	0.2	6	5834.82	0
0.0954885	0.0253038	0.2	6	7215.81	0
0.0954885	0.0276463	0.2	6	8894.88	0
0.0954885	0.0302057	0.2	6	10932.6	0
0.0954885	0.0330019	0.2	6	13401.6	0
0.0954885	0.0360571	0.2	6	16388.8	0
0.0954885	0.039395	0.2	6	19998.2	0
0.0954885	0.043042	0.2	6	24354.5	0
0.0954885	0.0470266	0.2	6	29606.7	0
0.0954885	0.05138	0.2	6	35933.3	0
0.0954885	0.0561365	0.2	6	43547.8	0
0.0954885	0.0613333	0.2	6	52705.4	0
0.0954885	0.0670111	0.2	6	63711.4	0
0.0954885	0.0732147	0.2	6	76930.9	0
0.0954885	0.0799925	0.2	6	92800.4	0
0.0954885	0.0873977	0.2	6	111842	0
0.0954885	0.0954885	0.2	6	134678	0
0.0954885	0.104328	0.2	6	162056	0
0.0954885	0.113986	0.2	6	194865	0
0.0954885	0.124539	0.2	6	234171	0
0.0954885	0.136068	0.2	6	281247	0
0.0954885	0.148664	0.2	6	337612	0
0.0954885	0.162426	0.2	6	405083	0
0.0954885	0.177463	0.2	6	485832	0
0.0954885	0.193892	0.2	6	582454	0
0.0954885	0.211841	0.2	6	698048	0
0.0954885	0.231452	0.2	6	836319	0
0.0954885	0.252878	0.2	6	1.00169e+06	0
0.0954885	0.276288	0.2	6	1.19947e+06	0
0.0954885	0.301866	0.2	6	1.43596e+06	0
0.0954885	0.329811	0.2	6	1.71873e+06	0
0.0954885	0.360343	0.2	6	2.05683e+06	0
0.0954885	0.393701	0.2	6	2.46105e+06	0
0.0954885	0.430148	0.2	6	2.94433e+06	0
0.0954885	0.469968	0.2	6	3.52214e+06	0
0.0954885	0.513475	0.2	6	4.21298e+06	0
0.0954885	0.56101	0.2	6	5.03902e+06	0
0.0954885	0.612945	0.2	6	6.0268e+06	0
0.0954885	0.669688	0.2	6	7.20814e+06	0
0.104328	0.000104526	0.2	6	427.854	0
0.104328	0.000114203	0.2	6	426.399	0
0.104328	0.000124775	0.2	6	424.814	0
0.104328	0.000136326	0.2	6	423.086	0
0.104328	0.000148946	0.2	6	421.205	0
0.104328	0.000162735	0.2	6	419.156	0
0.104328	0.0001778	0.2	6	416.927	0
0.104328	0.00019426	0.2	6	414.501	0
0.104328	0.000212243	0.2	6	411.862	0
0.104328	0.000231891	0.2	6	408.993	0
0.104328	0.000253358	0.2	6	405.876	0
0.104328	0.000276813	0.2	6	402.49	0
0.104328	0.000302439	0.2	6	398.816	0
0.104328	0.000330437	0.2	6	394.83	0
0.104328	0.000361027	0.2	6	390.51	0
0.104328	0.000394448	0.2	6	385.832	0
0.104328	0.000430964	0.2	6	380.769	0
0.104328	0.00047086	0.2	6	375.297	0
0.104328	0.00051445	0.2	6	369.389	0
0.104328	0.000562075	0.2	6	363.018	0
0.104328	0.000614108	0.2	6	356.158	0
0.104328	0.000670959	0.2	6	348.782	0
0.104328	0.000733073	0.2	6	340.866	0
0.104328	0.000800936	0.2	6	332.388	0
0.104328	0.000875083	0.2	6	323.328	0
0.104328	0.000956093	0.2	6	313.673	0
0.104328	0.0010446	0.2	6	303.415	0
0.104328	0.00114131	0.2	6	292.553	0
0.104328	0.00124696	0.2	6	281.099	0
0.104328	0.0013624	0.2	6	269.078	0
0.104328	0.00148852	0.2	6	256.533	0
0.104328	0.00162632	0.2	6	243.531	0
0.104328	0.00177687	0.2	6	230.164	0
0.104328	0.00194137	0.2	6	216.562	0
0.104328	0.00212109	0.2	6	202.897	0
0.104328	0.00231745	0.2	6	189.395	0
0.104328	0.00253198	0.2	6	176.348	0
0.104328	0.00276638	0.2	6	164.128	0
0.104328	0.00302248	0.2	6	153.205	0
0.104328	0.00330228	0.2	6	144.172	0
0.104328	0.00360798	0.2	6	137.763	0
0.104328	0.00394199	0.2	6	134.893	0
0.104328	0.00430692	0.2	6	136.691	0
0.104328	0.00470563	0.2	6	144.542	0
0.104328	0.00514125	0.2	6	160.149	0
0.104328	0.0056172	0.2	6	185.591	0
0.104328	0.0061372	0.2	6	223.404	0
0.104328	0.00670535	0.2	6	276.673	0
0.104328	0.0073261	0.2	6	349.146	0
0.104328	0.0080043	0.2	6	445.366	0
0.104328	0.0087453	0.2	6	570.83	0
0.104328	0.00955489	0.2	6	732.187	0
0.104328	0.0104394	0.2	6	937.463	0
0.104328	0.0114058	0.2	6	1196.34	0
0.104328	0.0124617	0.2	6	1520.47	0
0.104328	0.0136154	0.2	6	1923.92	0
0.104328	0.0148758	0.2	6	2423.56	0
0.104328	0.0162529	0.2	6	3039.7	0
0.104328	0.0177575	0.2	6	3796.75	0
0.104328	0.0194014	0.2	6	4723.99	0
0.104328	0.0211975	0.2	6	5856.57	0
0.104328	0.0231598	0.2	6	7236.66	0
0.104328	0.0253038	0.2	6	8914.81	0
0.104328	0.0276463	0.2	6	10951.6	0
0.104328	0.0302057	0.2	6	13419.6	0
0.104328	0.0330019	0.2	6	16405.9	0
0.104328	0.0360571	0.2	6	20014.4	0
0.104328	0.039395	0.2	6	24369.8	0
0.104328	0.043042	0.2	6	29621.3	0
0.104328	0.0470266	0.2	6	35947.3	0
0.104328	0.05138	0.2	6	43561.3	0
0.104328	0.0561365	0.2	6	52718.7	0
0.104328	0.0613333	0.2	6	63724.9	0
0.104328	0.0670111	0.2	6	76944.9	0
0.104328	0.0732147	0.2	6	92815.5	0
0.104328	0.0799925	0.2	6	111859	0
0.104328	0.0873977	0.2	6	134698	0
0.104328	0.0954885	0.2	6	162079	0
0.104328	0.104328	0.2	6	194894	0
0.104328	0.113986	0.2	6	234207	0
0.104328	0.124539	0.2	6	281290	0
0.104328	0.136068	0.2	6	337666	0
0.104328	0.148664	0.2	6	405151	0
0.104328	0.162426	0.2	6	485916	0
0.104328	0.177463	0.2	6	582556	0
0.104328	0.193892	0.2	6	698172	0
0.104328	0.211841	0.2	6	836467	0
0.104328	0.231452	0.2	6	1.00187e+06	0
0.104328	0.252878	0.2	6	1.19967e+06	0
0.104328	0.276288	0.2	6	1.43618e+06	0
0.104328	0.301866	0.2	6	1.71897e+06	0
0.104328	0.329811	0.2	6	2.05707e+06	0
0.104328	0.360343	0.2	6	2.46126e+06	0
0.104328	0.393701	0.2	6	2.94447e+06	0
0.104328	0.430148	0.2	6	3.52212e+06	0
0.104328	0.469968	0.2	6	4.21268e+06	0
0.104328	0.513475	0.2	6	5.03825e+06	0
0.104328	0.56101	0.2	6	6.02527e+06	0
0.104328	0.612945	0.2	6	7.2054e+06	0
0.104328	0.669688	0.2	6	8.61658e+06	0
0.113986	0.000104526	0.2	6	467.854	0
0.113986	0.000114203	0.2	6	466.26	0
0.113986	0.000124775	0.2	6	464.524	0
0.113986	0.000136326	0.2	6	462.632	0
0.113986	0.000148946	0.2	6	460.573	0
0.113986	0.000162735	0.2	6	458.331	0
0.113986	0.0001778	0.2	6	455.892	0
0.113986	0.00019426	0.2	6	453.239	0
0.113986	0.000212243	0.2	6	450.355	0
0.113986	0.000231891	0.2	6	447.221	0
0.113986	0.000253358	0.2	6	443.817	0
0.113986	0.000276813	0.2	6	440.122	0
0.113986	0.000302439	0.2	6	436.115	0
0.113986	0.000330437	0.2	6	431.771	0
0.113986	0.000361027	0.2	6	427.066	0
0.113986	0.000394448	0.2	6	421.975	0
0.113986	0.000430964	0.2	6	416.472	0
0.113986	0.00047086	0.2	6	410.529	0
0.113986	0.00051445	0.2	6	404.121	0
0.113986	0.000562075	0.2	6	397.219	0
0.113986	0.000614108	0.2	6	389.799	0
0.113986	0.000670959	0.2	6	381.834	0
0.113986	0.000733073	0.2	6	373.303	0
0.113986	0.000800936	0.2	6	364.186	0
0.113986	0.000875083	0.2	6	354.468	0
0.113986	0.000956093	0.2	6	344.14	0
0.113986	0.0010446	0.2	6	333.203	0
0.113986	0.00114131	0.2	6	321.667	0
0.113986	0.00124696	0.2	6	309.557	0
0.113986	0.0013624	0.2	6	296.915	0
0.113986	0.00148852	0.2	6	283.807	0
0.113986	0.00162632	0.2	6	270.324	0
0.113986	0.00177687	0.2	6	256.596	0
0.113986	0.00194137	0.2	6	242.794	0
0.113986	0.00212109	0.2	6	229.143	0
0.113986	0.00231745	0.2	6	215.933	0
0.113986	0.00253198	0.2	6	203.537	0
0.113986	0.00276638	0.2	6	192.422	0
0.113986	0.00302248	0.2	6	183.18	0
0.113986	0.00330228	0.2	6	176.544	0
0.113986	0.00360798	0.2	6	173.428	0
0.113986	0.00394199	0.2	6	174.957	0
0.113986	0.00430692	0.2	6	182.519	0
0.113986	0.00470563	0.2	6	197.811	0
0.113986	0.00514125	0.2	6	222.913	0
0.113986	0.0056172	0.2	6	260.358	0
0.113986	0.0061372	0.2	6	313.23	0
0.113986	0.00670535	0.2	6	385.273	0
0.113986	0.0073261	0.2	6	481.03	0
0.113986	0.0080043	0.2	6	605.997	0
0.113986	0.0087453	0.2	6	766.819	0
0.113986	0.00955489	0.2	6	971.521	0
0.113986	0.0104394	0.2	6	1229.78	0
0.113986	0.0114058	0.2	6	1553.26	0
0.113986	0.0124617	0.2	6	1956.01	0
0.113986	0.0136154	0.2	6	2454.91	0
0.113986	0.0148758	0.2	6	3070.28	0
0.113986	0.0162529	0.2	6	3826.5	0
0.113986	0.0177575	0.2	6	4752.88	0
0.113986	0.0194014	0.2	6	5884.57	0
0.113986	0.0211975	0.2	6	7263.73	0
0.113986	0.0231598	0.2	6	8940.93	0
0.113986	0.0253038	0.2	6	10976.8	0
0.113986	0.0276463	0.2	6	13443.9	0
0.113986	0.0302057	0.2	6	16429.2	0
0.113986	0.0330019	0.2	6	20036.8	0
0.113986	0.0360571	0.2	6	24391.4	0
0.113986	0.039395	0.2	6	29642.2	0
0.113986	0.043042	0.2	6	35967.6	0
0.113986	0.0470266	0.2	6	43581.3	0
0.113986	0.05138	0.2	6	52738.7	0
0.113986	0.0561365	0.2	6	63745.2	0
0.113986	0.0613333	0.2	6	76966	0
0.113986	0.0670111	0.2	6	92838	0
0.113986	0.0732147	0.2	6	111883	0
0.113986	0.0799925	0.2	6	134726	0
0.113986	0.0873977	0.2	6	162111	0
0.113986	0.0954885	0.2	6	194931	0
0.113986	0.104328	0.2	6	234251	0
0.113986	0.113986	0.2	6	281344	0
0.113986	0.124539	0.2	6	337731	0
0.113986	0.136068	0.2	6	405229	0
0.113986	0.148664	0.2	6	486011	0
0.113986	0.162426	0.2	6	582671	0
0.113986	0.177463	0.2	6	698310	0
0.113986	0.193892	0.2	6	836632	0
0.113986	0.211841	0.2	6	1.00206e+06	0
0.113986	0.231452	0.2	6	1.19989e+06	0
0.113986	0.252878	0.2	6	1.43644e+06	0
0.113986	0.276288	0.2	6	1.71925e+06	0
0.113986	0.301866	0.2	6	2.05736e+06	0
0.113986	0.329811	0.2	6	2.46155e+06	0
0.113986	0.360343	0.2	6	2.94472e+06	0
0.113986	0.393701	0.2	6	3.52228e+06	0
0.113986	0.430148	0.2	6	4.21265e+06	0
0.113986	0.469968	0.2	6	5.0379e+06	0
0.113986	0.513475	0.2	6	6.02437e+06	0
0.113986	0.56101	0.2	6	7.20364e+06	0
0.113986	0.612945	0.2	6	8.61348e+06	0
0.113986	0.669688	0.2	6	1.02991e+07	0
0.124539	0.000104526	0.2	6	515.678	0
0.124539	0.000114203	0.2	6	513.932	0
0.124539	0.000124775	0.2	6	512.03	0
0.124539	0.000136326	0.2	6	509.958	0
0.124539	0.000148946	0.2	6	507.704	0
0.124539	0.000162735	0.2	6	505.251	0
0.124539	0.0001778	0.2	6	502.583	0
0.124539	0.00019426	0.2	6	499.682	0
0.124539	0.000212243	0.2	6	496.529	0
0.124539	0.000231891	0.2	6	493.105	0
0.124539	0.000253358	0.2	6	489.389	0
0.124539	0.000276813	0.2	6	485.357	0
0.124539	0.000302439	0.2	6	480.987	0
0.124539	0.000330437	0.2	6	476.254	0
0.124539	0.000361027	0.2	6	471.132	0
0.124539	0.000394448	0.2	6	465.595	0
0.124539	0.000430964	0.2	6	459.616	0
0.124539	0.00047086	0.2	6	453.167	0
0.124539	0.00051445	0.2	6	446.222	0
0.124539	0.000562075	0.2	6	438.754	0
0.124539	0.000614108	0.2	6	430.737	0
0.124539	0.000670959	0.2	6	422.149	0
0.124539	0.000733073	0.2	6	412.969	0
0.124539	0.000800936	0.2	6	403.183	0
0.124539	0.000875083	0.2	6	392.781	0
0.124539	0.000956093	0.2	6	381.764	0
0.124539	0.0010446	0.2	6	370.139	0
0.124539	0.00114131	0.2	6	357.933	0
0.124539	0.00124696	0.2	6	345.186	0
0.124539	0.0013624	0.2	6	331.964	0
0.124539	0.00148852	0.2	6	318.357	0
0.124539	0.00162632	0.2	6	304.493	0
0.124539	0.00177687	0.2	6	290.544	0
0.124539	0.00194137	0.2	6	276.732	0
0.124539	0.00212109	0.2	6	263.347	0
0.124539	0.00231745	0.2	6	250.76	0
0.124539	0.00253198	0.2	6	239.439	0
0.124539	0.00276638	0.2	6	229.972	0
0.124539	0.00302248	0.2	6	223.092	0
0.124539	0.00330228	0.2	6	219.711	0
0.124539	0.00360798	0.2	6	220.953	0
0.124539	0.00394199	0.2	6	228.203	0
0.124539	0.00430692	0.2	6	243.158	0
0.124539	0.00470563	0.2	6	267.895	0
0.124539	0.00514125	0.2	6	304.945	0
0.124539	0.0056172	0.2	6	357.39	0
0.124539	0.0061372	0.2	6	428.974	0
0.124539	0.00670535	0.2	6	524.235	0
0.124539	0.0073261	0.2	6	648.669	0
0.124539	0.0080043	0.2	6	808.919	0
0.124539	0.0087453	0.2	6	1013.01	0
0.124539	0.00955489	0.2	6	1270.61	0
0.124539	0.0104394	0.2	6	1593.4	0
0.124539	0.0114058	0.2	6	1995.4	0
0.124539	0.0124617	0.2	6	2493.51	0
0.124539	0.0136154	0.2	6	3108.04	0
0.124539	0.0148758	0.2	6	3863.39	0
0.124539	0.0162529	0.2	6	4788.86	0
0.124539	0.0177575	0.2	6	5919.6	0
0.124539	0.0194014	0.2	6	7297.78	0
0.124539	0.0211975	0.2	6	8973.99	0
0.124539	0.0231598	0.2	6	11008.8	0
0.124539	0.0253038	0.2	6	13474.9	0
0.124539	0.0276463	0.2	6	16459.2	0
0.124539	0.0302057	0.2	6	20065.9	0
0.124539	0.0330019	0.2	6	24419.7	0
0.124539	0.0360571	0.2	6	29669.7	0
0.124539	0.039395	0.2	6	35994.6	0
0.124539	0.043042	0.2	6	43608	0
0.124539	0.0470266	0.2	6	52765.3	0
0.124539	0.05138	0.2	6	63772.2	0
0.124539	0.0561365	0.2	6	76993.9	0
0.124539	0.0613333	0.2	6	92867.4	0
0.124539	0.0670111	0.2	6	111915	0
0.124539	0.0732147	0.2	6	134760	0
0.124539	0.0799925	0.2	6	162150	0
0.124539	0.0873977	0.2	6	194976	0
0.124539	0.0954885	0.2	6	234303	0
0.124539	0.104328	0.2	6	281406	0
0.124539	0.113986	0.2	6	337804	0
0.124539	0.124539	0.2	6	405317	0
0.124539	0.136068	0.2	6	486116	0
0.124539	0.148664	0.2	6	582797	0
0.124539	0.162426	0.2	6	698460	0
0.124539	0.177463	0.2	6	836810	0
0.124539	0.193892	0.2	6	1.00227e+06	0
0.124539	0.211841	0.2	6	1.20013e+06	0
0.124539	0.231452	0.2	6	1.43672e+06	0
0.124539	0.252878	0.2	6	1.71957e+06	0
0.124539	0.276288	0.2	6	2.0577e+06	0
0.124539	0.301866	0.2	6	2.46191e+06	0
0.124539	0.329811	0.2	6	2.94507e+06	0
0.124539	0.360343	0.2	6	3.52258e+06	0
0.124539	0.393701	0.2	6	4.21284e+06	0
0.124539	0.430148	0.2	6	5.03787e+06	0
0.124539	0.469968	0.2	6	6.02397e+06	0
0.124539	0.513475	0.2	6	7.20262e+06	0
0.124539	0.56101	0.2	6	8.61148e+06	0
0.124539	0.612945	0.2	6	1.02956e+07	0
0.124539	0.669688	0.2	6	1.23089e+07	0
0.136068	0.000104526	0.2	6	572.328	0
0.136068	0.000114203	0.2	6	570.415	0
0.136068	0.000124775	0.2	6	568.331	0
0.136068	0.000136326	0.2	6	566.063	0
0.136068	0.000148946	0.2	6	563.594	0
0.136068	0.000162735	0.2	6	560.91	0
0.136068	0.0001778	0.2	6	557.991	0
0.136068	0.00019426	0.2	6	554.819	0
0.136068	0.000212243	0.2	6	551.374	0
0.136068	0.000231891	0.2	6	547.634	0
0.136068	0.000253358	0.2	6	543.577	0
0.136068	0.000276813	0.2	6	539.179	0
0.136068	0.000302439	0.2	6	534.416	0
0.136068	0.000330437	0.2	6	529.261	0
0.136068	0.000361027	0.2	6	523.687	0
0.136068	0.000394448	0.2	6	517.669	0
0.136068	0.000430964	0.2	6	511.177	0
0.136068	0.00047086	0.2	6	504.184	0
0.136068	0.00051445	0.2	6	496.665	0
0.136068	0.000562075	0.2	6	488.592	0
0.136068	0.000614108	0.2	6	479.942	0
0.136068	0.000670959	0.2	6	470.696	0
0.136068	0.000733073	0.2	6	460.837	0
0.136068	0.000800936	0.2	6	450.356	0
0.136068	0.000875083	0.2	6	439.251	0
0.136068	0.000956093	0.2	6	427.533	0
0.136068	0.0010446	0.2	6	415.223	0
0.136068	0.00114131	0.2	6	402.364	0
0.136068	0.00124696	0.2	6	389.019	0
0.136068	0.0013624	0.2	6	375.279	0
0.136068	0.00148852	0.2	6	361.27	0
0.136068	0.00162632	0.2	6	347.162	0
0.136068	0.00177687	0.2	6	333.178	0
0.136068	0.00194137	0.2	6	319.606	0
0.136068	0.00212109	0.2	6	306.815	0
0.136068	0.00231745	0.2	6	295.272	0
0.136068	0.00253198	0.2	6	285.564	0
0.136068	0.00276638	0.2	6	278.423	0
0.136068	0.00302248	0.2	6	274.758	0
0.136068	0.00330228	0.2	6	275.692	0
0.136068	0.00360798	0.2	6	282.608	0
0.136068	0.00394199	0.2	6	297.201	0
0.136068	0.00430692	0.2	6	321.546	0
0.136068	0.00470563	0.2	6	358.172	0
0.136068	0.00514125	0.2	6	410.16	0
0.136068	0.0056172	0.2	6	481.251	0
0.136068	0.0061372	0.2	6	575.98	0
0.136068	0.00670535	0.2	6	699.842	0
0.136068	0.0073261	0.2	6	859.478	0
0.136068	0.0080043	0.2	6	1062.91	0
0.136068	0.0087453	0.2	6	1319.81	0
0.136068	0.00955489	0.2	6	1641.84	0
0.136068	0.0104394	0.2	6	2043.05	0
0.136068	0.0114058	0.2	6	2540.31	0
0.136068	0.0124617	0.2	6	3153.95	0
0.136068	0.0136154	0.2	6	3908.36	0
0.136068	0.0148758	0.2	6	4832.84	0
0.136068	0.0162529	0.2	6	5962.56	0
0.136068	0.0177575	0.2	6	7339.69	0
0.136068	0.0194014	0.2	6	9014.81	0
0.136068	0.0211975	0.2	6	11048.6	0
0.136068	0.0231598	0.2	6	13513.5	0
0.136068	0.0253038	0.2	6	16496.8	0
0.136068	0.0276463	0.2	6	20102.5	0
0.136068	0.0302057	0.2	6	24455.3	0
0.136068	0.0330019	0.2	6	29704.5	0
0.136068	0.0360571	0.2	6	36028.8	0
0.136068	0.039395	0.2	6	43641.7	0
0.136068	0.043042	0.2	6	52798.9	0
0.136068	0.0470266	0.2	6	63806	0
0.136068	0.05138	0.2	6	77028.5	0
0.136068	0.0561365	0.2	6	92903.4	0
0.136068	0.0613333	0.2	6	111953	0
0.136068	0.0670111	0.2	6	134802	0
0.136068	0.0732147	0.2	6	162196	0
0.136068	0.0799925	0.2	6	195027	0
0.136068	0.0873977	0.2	6	234362	0
0.136068	0.0954885	0.2	6	281474	0
0.136068	0.104328	0.2	6	337884	0
0.136068	0.113986	0.2	6	405411	0
0.136068	0.124539	0.2	6	486228	0
0.136068	0.136068	0.2	6	582930	0
0.136068	0.148664	0.2	6	698618	0
0.136068	0.162426	0.2	6	836996	0
0.136068	0.177463	0.2	6	1.00249e+06	0
0.136068	0.193892	0.2	6	1.20039e+06	0
0.136068	0.211841	0.2	6	1.43701e+06	0
0.136068	0.231452	0.2	6	1.7199e+06	0
0.136068	0.252878	0.2	6	2.05808e+06	0
0.136068	0.276288	0.2	6	2.46232e+06	0
0.136068	0.301866	0.2	6	2.94549e+06	0
0.136068	0.329811	0.2	6	3.52299e+06	0
0.136068	0.360343	0.2	6	4.21319e+06	0
0.136068	0.393701	0.2	6	5.03808e+06	0
0.136068	0.430148	0.2	6	6.02393e+06	0
0.136068	0.469968	0.2	6	7.20215e+06	0
0.136068	0.513475	0.2	6	8.61031e+06	0
0.136068	0.56101	0.2	6	1.02933e+07	0
0.136068	0.612945	0.2	6	1.2305e+07	0
0.136068	0.669688	0.2	6	1.47096e+07	0
0.148664	0.000104526	0.2	6	638.816	0
0.148664	0.000114203	0.2	6	636.719	0
0.148664	0.000124775	0.2	6	634.436	0
0.148664	0.000136326	0.2	6	631.952	0
0.148664	0.000148946	0.2	6	629.25	0
0.148664	0.000162735	0.2	6	626.312	0
0.148664	0.0001778	0.2	6	623.119	0
0.148664	0.00019426	0.2	6	619.651	0
0.148664	0.000212243	0.2	6	615.886	0
0.148664	0.000231891	0.2	6	611.802	0
0.148664	0.000253358	0.2	6	607.375	0
0.148664	0.000276813	0.2	6	602.579	0
0.148664	0.000302439	0.2	6	597.388	0
0.148664	0.000330437	0.2	6	591.776	0
0.148664	0.000361027	0.2	6	585.715	0
0.148664	0.000394448	0.2	6	579.178	0
0.148664	0.000430964	0.2	6	572.135	0
0.148664	0.00047086	0.2	6	564.56	0
0.148664	0.00051445	0.2	6	556.428	0
0.148664	0.000562075	0.2	6	547.713	0
0.148664	0.000614108	0.2	6	538.395	0
0.148664	0.000670959	0.2	6	528.459	0
0.148664	0.000733073	0.2	6	517.893	0
0.148664	0.000800936	0.2	6	506.695	0
0.148664	0.000875083	0.2	6	494.876	0
0.148664	0.000956093	0.2	6	482.457	0
0.148664	0.0010446	0.2	6	469.478	0
0.148664	0.00114131	0.2	6	456.002	0
0.148664	0.00124696	0.2	6	442.119	0
0.148664	0.0013624	0.2	6	427.955	0
0.148664	0.00148852	0.2	6	413.679	0
0.148664	0.00162632	0.2	6	399.511	0
0.148664	0.00177687	0.2	6	385.739	0
0.148664	0.00194137	0.2	6	372.73	0
0.148664	0.00212109	0.2	6	360.951	0
0.148664	0.00231745	0.2	6	350.985	0
0.148664	0.00253198	0.2	6	343.564	0
0.148664	0.00276638	0.2	6	339.596	0
0.148664	0.00302248	0.2	6	340.201	0
0.148664	0.00330228	0.2	6	346.759	0
0.148664	0.00360798	0.2	6	360.966	0
0.148664	0.00394199	0.2	6	384.892	0
0.148664	0.00430692	0.2	6	421.065	0
0.148664	0.00470563	0.2	6	472.564	0
0.148664	0.00514125	0.2	6	543.126	0
0.148664	0.0056172	0.2	6	637.286	0
0.148664	0.0061372	0.2	6	760.536	0
0.148664	0.00670535	0.2	6	919.513	0
0.148664	0.0073261	0.2	6	1122.24	0
0.148664	0.0080043	0.2	6	1378.38	0
0.148664	0.0087453	0.2	6	1699.61	0
0.148664	0.00955489	0.2	6	2099.95	0
0.148664	0.0104394	0.2	6	2596.31	0
0.148664	0.0114058	0.2	6	3208.98	0
0.148664	0.0124617	0.2	6	3962.38	0
0.148664	0.0136154	0.2	6	4885.79	0
0.148664	0.0148758	0.2	6	6014.4	0
0.148664	0.0162529	0.2	6	7390.38	0
0.148664	0.0177575	0.2	6	9064.32	0
0.148664	0.0194014	0.2	6	11096.9	0
0.148664	0.0211975	0.2	6	13560.6	0
0.148664	0.0231598	0.2	6	16542.7	0
0.148664	0.0253038	0.2	6	20147.2	0
0.148664	0.0276463	0.2	6	24499	0
0.148664	0.0302057	0.2	6	29747.3	0
0.148664	0.0330019	0.2	6	36070.7	0
0.148664	0.0360571	0.2	6	43683.1	0
0.148664	0.039395	0.2	6	52840	0
0.148664	0.043042	0.2	6	63847.2	0
0.148664	0.0470266	0.2	6	77070.2	0
0.148664	0.05138	0.2	6	92946.3	0
0.148664	0.0561365	0.2	6	111998	0
0.148664	0.0613333	0.2	6	134849	0
0.148664	0.0670111	0.2	6	162248	0
0.148664	0.0732147	0.2	6	195085	0
0.148664	0.0799925	0.2	6	234427	0
0.148664	0.0873977	0.2	6	281547	0
0.148664	0.0954885	0.2	6	337969	0
0.148664	0.104328	0.2	6	405511	0
0.148664	0.113986	0.2	6	486345	0
0.148664	0.124539	0.2	6	583068	0
0.148664	0.136068	0.2	6	698781	0
0.148664	0.148664	0.2	6	837188	0
0.148664	0.162426	0.2	6	1.00272e+06	0
0.148664	0.177463	0.2	6	1.20066e+06	0
0.148664	0.193892	0.2	6	1.43732e+06	0
0.148664	0.211841	0.2	6	1.72025e+06	0
0.148664	0.231452	0.2	6	2.05848e+06	0
0.148664	0.252878	0.2	6	2.46276e+06	0
0.148664	0.276288	0.2	6	2.94597e+06	0
0.148664	0.301866	0.2	6	3.52348e+06	0
0.148664	0.329811	0.2	6	4.21366e+06	0
0.148664	0.360343	0.2	6	5.03848e+06	0
0.148664	0.393701	0.2	6	6.02417e+06	0
0.148664	0.430148	0.2	6	7.2021e+06	0
0.148664	0.469968	0.2	6	8.60977e+06	0
0.148664	0.513475	0.2	6	1.0292e+07	0
0.148664	0.56101	0.2	6	1.23024e+07	0
0.148664	0.612945	0.2	6	1.47051e+07	0
0.148664	0.669688	0.2	6	1.75769e+07	0
0.162426	0.000104526	0.2	6	716.111	0
0.162426	0.000114203	0.2	6	713.813	0
0.162426	0.000124775	0.2	6	711.312	0
0.162426	0.000136326	0.2	6	708.591	0
0.162426	0.000148946	0.2	6	705.633	0
0.162426	0.000162735	0.2	6	702.418	0
0.162426	0.0001778	0.2	6	698.926	0
0.162426	0.00019426	0.2	6	695.135	0
0.162426	0.000212243	0.2	6	691.022	0
0.162426	0.000231891	0.2	6	686.563	0
0.162426	0.000253358	0.2	6	681.733	0
0.162426	0.000276813	0.2	6	676.505	0
0.162426	0.000302439	0.2	6	670.852	0
0.162426	0.000330437	0.2	6	664.746	0
0.162426	0.000361027	0.2	6	658.16	0
0.162426	0.000394448	0.2	6	651.064	0
0.162426	0.000430964	0.2	6	643.431	0
0.162426	0.00047086	0.2	6	635.235	0
0.162426	0.00051445	0.2	6	626.451	0
0.162426	0.000562075	0.2	6	617.058	0
0.162426	0.000614108	0.2	6	607.039	0
0.162426	0.000670959	0.2	6	596.383	0
0.162426	0.000733073	0.2	6	585.087	0
0.162426	0.000800936	0.2	6	573.161	0
0.162426	0.000875083	0.2	6	560.625	0
0.162426	0.000956093	0.2	6	547.519	0
0.162426	0.0010446	0.2	6	533.904	0
0.162426	0.00114131	0.2	6	519.87	0
0.162426	0.00124696	0.2	6	505.542	0
0.162426	0.0013624	0.2	6	491.086	0
0.162426	0.00148852	0.2	6	476.723	0
0.162426	0.00162632	0.2	6	462.738	0
0.162426	0.00177687	0.2	6	449.499	0
0.162426	0.00194137	0.2	6	437.468	0
0.162426	0.00212109	0.2	6	427.229	0
0.162426	0.00231745	0.2	6	419.511	0
0.162426	0.00253198	0.2	6	415.22	0
0.162426	0.00276638	0.2	6	415.474	0
0.162426	0.00302248	0.2	6	421.653	0
0.162426	0.00330228	0.2	6	435.448	0
0.162426	0.00360798	0.2	6	458.928	0
0.162426	0.00394199	0.2	6	494.619	0
0.162426	0.00430692	0.2	6	545.595	0
0.162426	0.00470563	0.2	6	615.594	0
0.162426	0.00514125	0.2	6	709.147	0
0.162426	0.0056172	0.2	6	831.742	0
0.162426	0.0061372	0.2	6	990.015	0
0.162426	0.00670535	0.2	6	1191.98	0
0.162426	0.0073261	0.2	6	1447.32	0
0.162426	0.0080043	0.2	6	1767.68	0
0.162426	0.0087453	0.2	6	2167.1	0
0.162426	0.00955489	0.2	6	2662.48	0
0.162426	0.0104394	0.2	6	3274.11	0
0.162426	0.0114058	0.2	6	4026.4	0
0.162426	0.0124617	0.2	6	4948.66	0
0.162426	0.0136154	0.2	6	6076.06	0
0.162426	0.0148758	0.2	6	7450.79	0
0.162426	0.0162529	0.2	6	9123.43	0
0.162426	0.0177575	0.2	6	11154.7	0
0.162426	0.0194014	0.2	6	13617.1	0
0.162426	0.0211975	0.2	6	16597.8	0
0.162426	0.0231598	0.2	6	20201	0
0.162426	0.0253038	0.2	6	24551.5	0
0.162426	0.0276463	0.2	6	29798.7	0
0.162426	0.0302057	0.2	6	36121.1	0
0.162426	0.0330019	0.2	6	43732.6	0
0.162426	0.0360571	0.2	6	52889	0
0.162426	0.039395	0.2	6	63896	0
0.162426	0.043042	0.2	6	77119.4	0
0.162426	0.0470266	0.2	6	92996.3	0
0.162426	0.05138	0.2	6	112049	0
0.162426	0.0561365	0.2	6	134904	0
0.162426	0.0613333	0.2	6	162306	0
0.162426	0.0670111	0.2	6	195148	0
0.162426	0.0732147	0.2	6	234496	0
0.162426	0.0799925	0.2	6	281626	0
0.162426	0.0873977	0.2	6	338058	0
0.162426	0.0954885	0.2	6	405614	0
0.162426	0.104328	0.2	6	486465	0
0.162426	0.113986	0.2	6	583208	0
0.162426	0.124539	0.2	6	698946	0
0.162426	0.136068	0.2	6	837383	0
0.162426	0.148664	0.2	6	1.00295e+06	0
0.162426	0.162426	0.2	6	1.20092e+06	0
0.162426	0.177463	0.2	6	1.43763e+06	0
0.162426	0.193892	0.2	6	1.72062e+06	0
0.162426	0.211841	0.2	6	2.05889e+06	0
0.162426	0.231452	0.2	6	2.46322e+06	0
0.162426	0.252878	0.2	6	2.94648e+06	0
0.162426	0.276288	0.2	6	3.52403e+06	0
0.162426	0.301866	0.2	6	4.21423e+06	0
0.162426	0.329811	0.2	6	5.03902e+06	0
0.162426	0.360343	0.2	6	6.02463e+06	0
0.162426	0.393701	0.2	6	7.20237e+06	0
0.162426	0.430148	0.2	6	8.6097e+06	0
0.162426	0.469968	0.2	6	1.02914e+07	0
0.162426	0.513475	0.2	6	1.23009e+07	0
0.162426	0.56101	0.2	6	1.47022e+07	0
0.162426	0.612945	0.2	6	1.75719e+07	0
0.162426	0.669688	0.2	6	2.10015e+07	0
0.177463	0.000104526	0.2	6	805.074	0
0.177463	0.000114203	0.2	6	802.555	0
0.177463	0.000124775	0.2	6	799.815	0
0.177463	0.000136326	0.2	6	796.835	0
0.177463	0.000148946	0.2	6	793.597	0
0.177463	0.000162735	0.2	6	790.08	0
0.177463	0.0001778	0.2	6	786.261	0
0.177463	0.00019426	0.2	6	782.117	0
0.177463	0.000212243	0.2	6	777.625	0
0.177463	0.000231891	0.2	6	772.759	0
0.177463	0.000253358	0.2	6	767.491	0
0.177463	0.000276813	0.2	6	761.796	0
0.177463	0.000302439	0.2	6	755.643	0
0.177463	0.000330437	0.2	6	749.005	0
0.177463	0.000361027	0.2	6	741.853	0
0.177463	0.000394448	0.2	6	734.159	0
0.177463	0.000430964	0.2	6	725.896	0
0.177463	0.00047086	0.2	6	717.039	0
0.177463	0.00051445	0.2	6	707.566	0
0.177463	0.000562075	0.2	6	697.46	0
0.177463	0.000614108	0.2	6	686.709	0
0.177463	0.000670959	0.2	6	675.31	0
0.177463	0.000733073	0.2	6	663.271	0
0.177463	0.000800936	0.2	6	650.612	0
0.177463	0.000875083	0.2	6	637.372	0
0.177463	0.000956093	0.2	6	623.611	0
0.177463	0.0010446	0.2	6	609.418	0
0.177463	0.00114131	0.2	6	594.916	0
0.177463	0.00124696	0.2	6	580.27	0
0.177463	0.0013624	0.2	6	565.701	0
0.177463	0.00148852	0.2	6	551.492	0
0.177463	0.00162632	0.2	6	538.009	0
0.177463	0.00177687	0.2	6	525.712	0
0.177463	0.00194137	0.2	6	515.184	0
0.177463	0.00212109	0.2	6	507.153	0
0.177463	0.00231745	0.2	6	502.52	0
0.177463	0.00253198	0.2	6	502.404	0
0.177463	0.00276638	0.2	6	508.181	0
0.177463	0.00302248	0.2	6	521.54	0
0.177463	0.00330228	0.2	6	544.548	0
0.177463	0.00360798	0.2	6	579.727	0
0.177463	0.00394199	0.2	6	630.151	0
0.177463	0.00430692	0.2	6	699.552	0
0.177463	0.00470563	0.2	6	792.46	0
0.177463	0.00514125	0.2	6	914.359	0
0.177463	0.0056172	0.2	6	1071.88	0
0.177463	0.0061372	0.2	6	1273.05	0
0.177463	0.00670535	0.2	6	1527.52	0
0.177463	0.0073261	0.2	6	1846.96	0
0.177463	0.0080043	0.2	6	2245.39	0
0.177463	0.0087453	0.2	6	2739.71	0
0.177463	0.00955489	0.2	6	3350.23	0
0.177463	0.0104394	0.2	6	4101.34	0
0.177463	0.0114058	0.2	6	5022.35	0
0.177463	0.0124617	0.2	6	6148.44	0
0.177463	0.0136154	0.2	6	7521.8	0
0.177463	0.0148758	0.2	6	9193.03	0
0.177463	0.0162529	0.2	6	11222.8	0
0.177463	0.0177575	0.2	6	13683.8	0
0.177463	0.0194014	0.2	6	16663	0
0.177463	0.0211975	0.2	6	20264.7	0
0.177463	0.0231598	0.2	6	24613.8	0
0.177463	0.0253038	0.2	6	29859.5	0
0.177463	0.0276463	0.2	6	36180.7	0
0.177463	0.0302057	0.2	6	43791.2	0
0.177463	0.0330019	0.2	6	52946.7	0
0.177463	0.0360571	0.2	6	63953.3	0
0.177463	0.039395	0.2	6	77176.6	0
0.177463	0.043042	0.2	6	93054	0
0.177463	0.0470266	0.2	6	112108	0
0.177463	0.05138	0.2	6	134965	0
0.177463	0.0561365	0.2	6	162370	0
0.177463	0.0613333	0.2	6	195216	0
0.177463	0.0670111	0.2	6	234571	0
0.177463	0.0732147	0.2	6	281709	0
0.177463	0.0799925	0.2	6	338152	0
0.177463	0.0873977	0.2	6	405720	0
0.177463	0.0954885	0.2	6	486588	0
0.177463	0.104328	0.2	6	583351	0
0.177463	0.113986	0.2	6	699113	0
0.177463	0.124539	0.2	6	837579	0
0.177463	0.136068	0.2	6	1.00318e+06	0
0.177463	0.148664	0.2	6	1.20119e+06	0
0.177463	0.162426	0.2	6	1.43795e+06	0
0.177463	0.177463	0.2	6	1.72098e+06	0
0.177463	0.193892	0.2	6	2.05931e+06	0
0.177463	0.211841	0.2	6	2.4637e+06	0
0.177463	0.231452	0.2	6	2.94701e+06	0
0.177463	0.252878	0.2	6	3.52461e+06	0
0.177463	0.276288	0.2	6	4.21486e+06	0
0.177463	0.301866	0.2	6	5.03967e+06	0
0.177463	0.329811	0.2	6	6.02524e+06	0
0.177463	0.360343	0.2	6	7.20289e+06	0
0.177463	0.393701	0.2	6	8.61e+06	0
0.177463	0.430148	0.2	6	1.02913e+07	0
0.177463	0.469968	0.2	6	1.23002e+07	0
0.177463	0.513475	0.2	6	1.47005e+07	0
0.177463	0.56101	0.2	6	1.75687e+07	0
0.177463	0.612945	0.2	6	2.09959e+07	0
0.177463	0.669688	0.2	6	2.50915e+07	0
0.193892	0.000104526	0.2	6	906.355	0
0.193892	0.000114203	0.2	6	903.595	0
0.193892	0.000124775	0.2	6	900.593	0
0.193892	0.000136326	0.2	6	897.33	0
0.193892	0.000148946	0.2	6	893.786	0
0.193892	0.000162735	0.2	6	889.938	0
0.193892	0.0001778	0.2	6	885.763	0
0.193892	0.00019426	0.2	6	881.236	0
0.193892	0.000212243	0.2	6	876.332	0
0.193892	0.000231891	0.2	6	871.023	0
0.193892	0.000253358	0.2	6	865.282	0
0.193892	0.000276813	0.2	6	859.08	0
0.193892	0.000302439	0.2	6	852.388	0
0.193892	0.000330437	0.2	6	845.178	0
0.193892	0.000361027	0.2	6	837.42	0
0.193892	0.000394448	0.2	6	829.086	0
0.193892	0.000430964	0.2	6	820.153	0
0.193892	0.00047086	0.2	6	810.597	0
0.193892	0.00051445	0.2	6	800.4	0
0.193892	0.000562075	0.2	6	789.55	0
0.193892	0.000614108	0.2	6	778.043	0
0.193892	0.000670959	0.2	6	765.886	0
0.193892	0.000733073	0.2	6	753.098	0
0.193892	0.000800936	0.2	6	739.717	0
0.193892	0.000875083	0.2	6	725.803	0
0.193892	0.000956093	0.2	6	711.443	0
0.193892	0.0010446	0.2	6	696.759	0
0.193892	0.00114131	0.2	6	681.916	0
0.193892	0.00124696	0.2	6	667.131	0
0.193892	0.0013624	0.2	6	652.687	0
0.193892	0.00148852	0.2	6	638.947	0
0.193892	0.00162632	0.2	6	626.372	0
0.193892	0.00177687	0.2	6	615.541	0
0.193892	0.00194137	0.2	6	607.18	0
0.193892	0.00212109	0.2	6	602.19	0
0.193892	0.00231745	0.2	6	601.685	0
0.193892	0.00253198	0.2	6	607.04	0
0.193892	0.00276638	0.2	6	619.941	0
0.193892	0.00302248	0.2	6	642.452	0
0.193892	0.00330228	0.2	6	677.094	0
0.193892	0.00360798	0.2	6	726.935	0
0.193892	0.00394199	0.2	6	795.706	0
0.193892	0.00430692	0.2	6	887.934	0
0.193892	0.00470563	0.2	6	1009.1	0
0.193892	0.00514125	0.2	6	1165.83	0
0.193892	0.0056172	0.2	6	1366.15	0
0.193892	0.0061372	0.2	6	1619.7	0
0.193892	0.00670535	0.2	6	1938.16	0
0.193892	0.0073261	0.2	6	2335.55	0
0.193892	0.0080043	0.2	6	2828.75	0
0.193892	0.0087453	0.2	6	3438.07	0
0.193892	0.00955489	0.2	6	4187.92	0
0.193892	0.0104394	0.2	6	5107.6	0
0.193892	0.0114058	0.2	6	6232.28	0
0.193892	0.0124617	0.2	6	7604.16	0
0.193892	0.0136154	0.2	6	9273.85	0
0.193892	0.0148758	0.2	6	11302	0
0.193892	0.0162529	0.2	6	13761.4	0
0.193892	0.0177575	0.2	6	16738.9	0
0.193892	0.0194014	0.2	6	20339	0
0.193892	0.0211975	0.2	6	24686.4	0
0.193892	0.0231598	0.2	6	29930.6	0
0.193892	0.0253038	0.2	6	36250.3	0
0.193892	0.0276463	0.2	6	43859.4	0
0.193892	0.0302057	0.2	6	53013.8	0
0.193892	0.0330019	0.2	6	64019.5	0
0.193892	0.0360571	0.2	6	77242.4	0
0.193892	0.039395	0.2	6	93120	0
0.193892	0.043042	0.2	6	112175	0
0.193892	0.0470266	0.2	6	135033	0
0.193892	0.05138	0.2	6	162441	0
0.193892	0.0561365	0.2	6	195291	0
0.193892	0.0613333	0.2	6	234651	0
0.193892	0.0670111	0.2	6	281796	0
0.193892	0.0732147	0.2	6	338249	0
0.193892	0.0799925	0.2	6	405829	0
0.193892	0.0873977	0.2	6	486712	0
0.193892	0.0954885	0.2	6	583495	0
0.193892	0.104328	0.2	6	699280	0
0.193892	0.113986	0.2	6	837774	0
0.193892	0.124539	0.2	6	1.0034e+06	0
0.193892	0.136068	0.2	6	1.20146e+06	0
0.193892	0.148664	0.2	6	1.43826e+06	0
0.193892	0.162426	0.2	6	1.72134e+06	0
0.193892	0.177463	0.2	6	2.05973e+06	0
0.193892	0.193892	0.2	6	2.46418e+06	0
0.193892	0.211841	0.2	6	2.94756e+06	0
0.193892	0.231452	0.2	6	3.52523e+06	0
0.193892	0.252878	0.2	6	4.21553e+06	0
0.193892	0.276288	0.2	6	5.04038e+06	0
0.193892	0.301866	0.2	6	6.02597e+06	0
0.193892	0.329811	0.2	6	7.20358e+06	0
0.193892	0.360343	0.2	6	8.61058e+06	0
0.193892	0.393701	0.2	6	1.02916e+07	0
0.193892	0.430148	0.2	6	1.23001e+07	0
0.193892	0.469968	0.2	6	1.46997e+07	0
0.193892	0.513475	0.2	6	1.75668e+07	0
0.193892	0.56101	0.2	6	2.09923e+07	0
0.193892	0.612945	0.2	6	2.50853e+07	0
0.193892	0.669688	0.2	6	2.9976e+07	0
0.211841	0.000104526	0.2	6	1020.27	0
0.211841	0.000114203	0.2	6	1017.24	0
0.211841	0.000124775	0.2	6	1013.96	0
0.211841	0.000136326	0.2	6	1010.38	0
0.211841	0.000148946	0.2	6	1006.51	0
0.211841	0.000162735	0.2	6	1002.3	0
0.211841	0.0001778	0.2	6	997.736	0
0.211841	0.00019426	0.2	6	992.792	0
0.211841	0.000212243	0.2	6	987.441	0
0.211841	0.000231891	0.2	6	981.653	0
0.211841	0.000253358	0.2	6	975.4	0
0.211841	0.000276813	0.2	6	968.652	0
0.211841	0.000302439	0.2	6	961.38	0
0.211841	0.000330437	0.2	6	953.556	0
0.211841	0.000361027	0.2	6	945.15	0
0.211841	0.000394448	0.2	6	936.138	0
0.211841	0.000430964	0.2	6	926.495	0
0.211841	0.00047086	0.2	6	916.204	0
0.211841	0.00051445	0.2	6	905.251	0
0.211841	0.000562075	0.2	6	893.631	0
0.211841	0.000614108	0.2	6	881.351	0
0.211841	0.000670959	0.2	6	868.43	0
0.211841	0.000733073	0.2	6	854.903	0
0.211841	0.000800936	0.2	6	840.83	0
0.211841	0.000875083	0.2	6	826.297	0
0.211841	0.000956093	0.2	6	811.424	0
0.211841	0.0010446	0.2	6	796.375	0
0.211841	0.00114131	0.2	6	781.366	0
0.211841	0.00124696	0.2	6	766.677	0
0.211841	0.0013624	0.2	6	752.672	0
0.211841	0.00148852	0.2	6	739.807	0
0.211841	0.00162632	0.2	6	728.661	0
0.211841	0.00177687	0.2	6	719.958	0
0.211841	0.00194137	0.2	6	714.595	0
0.211841	0.00212109	0.2	6	713.685	0
0.211841	0.00231745	0.2	6	718.601	0
0.211841	0.00253198	0.2	6	731.024	0
0.211841	0.00276638	0.2	6	753.018	0
0.211841	0.00302248	0.2	6	787.098	0
0.211841	0.00330228	0.2	6	836.332	0
0.211841	0.00360798	0.2	6	904.446	0
0.211841	0.00394199	0.2	6	995.962	0
0.211841	0.00430692	0.2	6	1116.36	0
0.211841	0.00470563	0.2	6	1272.27	0
0.211841	0.00514125	0.2	6	1471.69	0
0.211841	0.0056172	0.2	6	1724.29	0
0.211841	0.0061372	0.2	6	2041.71	0
0.211841	0.00670535	0.2	6	2437.99	0
0.211841	0.0073261	0.2	6	2930.01	0
0.211841	0.0080043	0.2	6	3538.08	0
0.211841	0.0087453	0.2	6	4286.59	0
0.211841	0.00955489	0.2	6	5204.85	0
0.211841	0.0104394	0.2	6	6328.03	0
0.211841	0.0114058	0.2	6	7698.33	0
0.211841	0.0124617	0.2	6	9366.38	0
0.211841	0.0136154	0.2	6	11392.8	0
0.211841	0.0148758	0.2	6	13850.4	0
0.211841	0.0162529	0.2	6	16826.1	0
0.211841	0.0177575	0.2	6	20424.4	0
0.211841	0.0194014	0.2	6	24769.9	0
0.211841	0.0211975	0.2	6	30012.3	0
0.211841	0.0231598	0.2	6	36330.3	0
0.211841	0.0253038	0.2	6	43937.8	0
0.211841	0.0276463	0.2	6	53090.8	0
0.211841	0.0302057	0.2	6	64095.4	0
0.211841	0.0330019	0.2	6	77317.4	0
0.211841	0.0360571	0.2	6	93194.6	0
0.211841	0.039395	0.2	6	112250	0
0.211841	0.043042	0.2	6	135109	0
0.211841	0.0470266	0.2	6	162519	0
0.211841	0.05138	0.2	6	195372	0
0.211841	0.0561365	0.2	6	234737	0
0.211841	0.0613333	0.2	6	281888	0
0.211841	0.0670111	0.2	6	338350	0
0.211841	0.0732147	0.2	6	405942	0
0.211841	0.0799925	0.2	6	486839	0
0.211841	0.0873977	0.2	6	583639	0
0.211841	0.0954885	0.2	6	699446	0
0.211841	0.104328	0.2	6	837967	0
0.211841	0.113986	0.2	6	1.00363e+06	0
0.211841	0.124539	0.2	6	1.20172e+06	0
0.211841	0.136068	0.2	6	1.43857e+06	0
0.211841	0.148664	0.2	6	1.7217e+06	0
0.211841	0.162426	0.2	6	2.06015e+06	0
0.211841	0.177463	0.2	6	2.46467e+06	0
0.211841	0.193892	0.2	6	2.94812e+06	0
0.211841	0.211841	0.2	6	3.52586e+06	0
0.211841	0.231452	0.2	6	4.21623e+06	0
0.211841	0.252878	0.2	6	5.04115e+06	0
0.211841	0.276288	0.2	6	6.02678e+06	0
0.211841	0.301866	0.2	6	7.20441e+06	0
0.211841	0.329811	0.2	6	8.61136e+06	0
0.211841	0.360343	0.2	6	1.02923e+07	0
0.211841	0.393701	0.2	6	1.23005e+07	0
0.211841	0.430148	0.2	6	1.46996e+07	0
0.211841	0.469968	0.2	6	1.75659e+07	0
0.211841	0.513475	0.2	6	2.09901e+07	0
0.211841	0.56101	0.2	6	2.50812e+07	0
0.211841	0.612945	0.2	6	2.99691e+07	0
0.211841	0.669688	0.2	6	3.5809e+07	0
0.231452	0.000104526	0.2	6	1146.62	0
0.231452	0.000114203	0.2	6	1143.31	0
0.231452	0.000124775	0.2	6	1139.71	0
0.231452	0.000136326	0.2	6	1135.8	0
0.231452	0.000148946	0.2	6	1131.56	0
0.231452	0.000162735	0.2	6	1126.96	0
0.231452	0.0001778	0.2	6	1121.98	0
0.231452	0.00019426	0.2	6	1116.58	0
0.231452	0.000212243	0.2	6	1110.74	0
0.231452	0.000231891	0.2	6	1104.44	0
0.231452	0.000253358	0.2	6	1097.63	0
0.231452	0.000276813	0.2	6	1090.3	0
0.231452	0.000302439	0.2	6	1082.41	0
0.231452	0.000330437	0.2	6	1073.93	0
0.231452	0.000361027	0.2	6	1064.83	0
0.231452	0.000394448	0.2	6	1055.1	0
0.231452	0.000430964	0.2	6	1044.71	0
0.231452	0.00047086	0.2	6	1033.65	0
0.231452	0.00051445	0.2	6	1021.92	0
0.231452	0.000562075	0.2	6	1009.51	0
0.231452	0.000614108	0.2	6	996.454	0
0.231452	0.000670959	0.2	6	982.777	0
0.231452	0.000733073	0.2	6	968.541	0
0.231452	0.000800936	0.2	6	953.83	0
0.231452	0.000875083	0.2	6	938.762	0
0.231452	0.000956093	0.2	6	923.501	0
0.231452	0.0010446	0.2	6	908.261	0
0.231452	0.00114131	0.2	6	893.322	0
0.231452	0.00124696	0.2	6	879.043	0
0.231452	0.0013624	0.2	6	865.88	0
0.231452	0.00148852	0.2	6	854.41	0
0.231452	0.00162632	0.2	6	845.354	0
0.231452	0.00177687	0.2	6	839.607	0
0.231452	0.00194137	0.2	6	838.281	0
0.231452	0.00212109	0.2	6	842.743	0
0.231452	0.00231745	0.2	6	854.674	0
0.231452	0.00253198	0.2	6	876.134	0
0.231452	0.00276638	0.2	6	909.635	0
0.231452	0.00302248	0.2	6	958.241	0
0.231452	0.00330228	0.2	6	1025.68	0
0.231452	0.00360798	0.2	6	1116.46	0
0.231452	0.00394199	0.2	6	1236.06	0
0.231452	0.00430692	0.2	6	1391.11	0
0.231452	0.00470563	0.2	6	1589.6	0
0.231452	0.00514125	0.2	6	1841.21	0
0.231452	0.0056172	0.2	6	2157.56	0
0.231452	0.0061372	0.2	6	2552.7	0
0.231452	0.00670535	0.2	6	3043.49	0
0.231452	0.0073261	0.2	6	3650.24	0
0.231452	0.0080043	0.2	6	4397.35	0
0.231452	0.0087453	0.2	6	5314.12	0
0.231452	0.00955489	0.2	6	6435.72	0
0.231452	0.0104394	0.2	6	7804.37	0
0.231452	0.0114058	0.2	6	9470.66	0
0.231452	0.0124617	0.2	6	11495.3	0
0.231452	0.0136154	0.2	6	13951	0
0.231452	0.0148758	0.2	6	16924.8	0
0.231452	0.0162529	0.2	6	20521	0
0.231452	0.0177575	0.2	6	24864.6	0
0.231452	0.0194014	0.2	6	30104.9	0
0.231452	0.0211975	0.2	6	36420.9	0
0.231452	0.0231598	0.2	6	44026.6	0
0.231452	0.0253038	0.2	6	53177.9	0
0.231452	0.0276463	0.2	6	64181	0
0.231452	0.0302057	0.2	6	77401.9	0
0.231452	0.0330019	0.2	6	93278.3	0
0.231452	0.0360571	0.2	6	112334	0
0.231452	0.039395	0.2	6	135193	0
0.231452	0.043042	0.2	6	162604	0
0.231452	0.0470266	0.2	6	195460	0
0.231452	0.05138	0.2	6	234829	0
0.231452	0.0561365	0.2	6	281986	0
0.231452	0.0613333	0.2	6	338455	0
0.231452	0.0670111	0.2	6	406057	0
0.231452	0.0732147	0.2	6	486967	0
0.231452	0.0799925	0.2	6	583784	0
0.231452	0.0873977	0.2	6	699612	0
0.231452	0.0954885	0.2	6	838159	0
0.231452	0.104328	0.2	6	1.00385e+06	0
0.231452	0.113986	0.2	6	1.20198e+06	0
0.231452	0.124539	0.2	6	1.43887e+06	0
0.231452	0.136068	0.2	6	1.72206e+06	0
0.231452	0.148664	0.2	6	2.06056e+06	0
0.231452	0.162426	0.2	6	2.46515e+06	0
0.231452	0.177463	0.2	6	2.94867e+06	0
0.231452	0.193892	0.2	6	3.52649e+06	0
0.231452	0.211841	0.2	6	4.21695e+06	0
0.231452	0.231452	0.2	6	5.04195e+06	0
0.231452	0.252878	0.2	6	6.02765e+06	0
0.231452	0.276288	0.2	6	7.20533e+06	0
0.231452	0.301866	0.2	6	8.6123e+06	0
0.231452	0.329811	0.2	6	1.02932e+07	0
0.231452	0.360343	0.2	6	1.23012e+07	0
0.231452	0.393701	0.2	6	1.47e+07	0
0.231452	0.430148	0.2	6	1.75657e+07	0
0.231452	0.469968	0.2	6	2.09891e+07	0
0.231452	0.513475	0.2	6	2.50788e+07	0
0.231452	0.56101	0.2	6	2.99645e+07	0
0.231452	0.612945	0.2	6	3.58014e+07	0
0.231452	0.669688	0.2	6	4.27748e+07	0
0.252878	0.000104526	0.2	6	1284.5	0
0.252878	0.000114203	0.2	6	1280.87	0
0.252878	0.000124775	0.2	6	1276.93	0
0.252878	0.000136326	0.2	6	1272.66	0
0.252878	0.000148946	0.2	6	1268.02	0
0.252878	0.000162735	0.2	6	1263	0
0.252878	0.0001778	0.2	6	1257.56	0
0.252878	0.00019426	0.2	6	1251.67	0
0.252878	0.000212243	0.2	6	1245.31	0
0.252878	0.000231891	0.2	6	1238.45	0
0.252878	0.000253358	0.2	6	1231.05	0
0.252878	0.000276813	0.2	6	1223.09	0
0.252878	0.000302439	0.2	6	1214.53	0
0.252878	0.000330437	0.2	6	1205.36	0
0.252878	0.000361027	0.2	6	1195.54	0
0.252878	0.000394448	0.2	6	1185.05	0
0.252878	0.000430964	0.2	6	1173.88	0
0.252878	0.00047086	0.2	6	1162.03	0
0.252878	0.00051445	0.2	6	1149.5	0
0.252878	0.000562075	0.2	6	1136.3	0
0.252878	0.000614108	0.2	6	1122.47	0
0.252878	0.000670959	0.2	6	1108.07	0
0.252878	0.000733073	0.2	6	1093.18	0
0.252878	0.000800936	0.2	6	1077.91	0
0.252878	0.000875083	0.2	6	1062.44	0
0.252878	0.000956093	0.2	6	1046.96	0
0.252878	0.0010446	0.2	6	1031.77	0
0.252878	0.00114131	0.2	6	1017.21	0
0.252878	0.00124696	0.2	6	1003.74	0
0.252878	0.0013624	0.2	6	991.944	0
0.252878	0.00148852	0.2	6	982.529	0
0.252878	0.00162632	0.2	6	976.392	0
0.252878	0.00177687	0.2	6	974.641	0
0.252878	0.00194137	0.2	6	978.642	0
0.252878	0.00212109	0.2	6	990.073	0
0.252878	0.00231745	0.2	6	1010.99	0
0.252878	0.00253198	0.2	6	1043.9	0
0.252878	0.00276638	0.2	6	1091.87	0
0.252878	0.00302248	0.2	6	1158.61	0
0.252878	0.00330228	0.2	6	1248.64	0
0.252878	0.00360798	0.2	6	1367.43	0
0.252878	0.00394199	0.2	6	1521.6	0
0.252878	0.00430692	0.2	6	1719.15	0
0.252878	0.00470563	0.2	6	1969.74	0
0.252878	0.00514125	0.2	6	2285	0
0.252878	0.0056172	0.2	6	2678.95	0
0.252878	0.0061372	0.2	6	3168.48	0
0.252878	0.00670535	0.2	6	3773.88	0
0.252878	0.0073261	0.2	6	4519.54	0
0.252878	0.0080043	0.2	6	5434.78	0
0.252878	0.0087453	0.2	6	6554.75	0
0.252878	0.00955489	0.2	6	7921.67	0
0.252878	0.0104394	0.2	6	9586.15	0
0.252878	0.0114058	0.2	6	11608.9	0
0.252878	0.0124617	0.2	6	14062.6	0
0.252878	0.0136154	0.2	6	17034.3	0
0.252878	0.0148758	0.2	6	20628.4	0
0.252878	0.0162529	0.2	6	24969.8	0
0.252878	0.0177575	0.2	6	30208	0
0.252878	0.0194014	0.2	6	36521.9	0
0.252878	0.0211975	0.2	6	44125.5	0
0.252878	0.0231598	0.2	6	53274.9	0
0.252878	0.0253038	0.2	6	64276.2	0
0.252878	0.0276463	0.2	6	77495.7	0
0.252878	0.0302057	0.2	6	93371	0
0.252878	0.0330019	0.2	6	112426	0
0.252878	0.0360571	0.2	6	135285	0
0.252878	0.039395	0.2	6	162697	0
0.252878	0.043042	0.2	6	195555	0
0.252878	0.0470266	0.2	6	234927	0
0.252878	0.05138	0.2	6	282089	0
0.252878	0.0561365	0.2	6	338565	0
0.252878	0.0613333	0.2	6	406176	0
0.252878	0.0670111	0.2	6	487098	0
0.252878	0.0732147	0.2	6	583931	0
0.252878	0.0799925	0.2	6	699778	0
0.252878	0.0873977	0.2	6	838348	0
0.252878	0.0954885	0.2	6	1.00407e+06	0
0.252878	0.104328	0.2	6	1.20224e+06	0
0.252878	0.113986	0.2	6	1.43917e+06	0
0.252878	0.124539	0.2	6	1.72241e+06	0
0.252878	0.136068	0.2	6	2.06097e+06	0
0.252878	0.148664	0.2	6	2.46562e+06	0
0.252878	0.162426	0.2	6	2.94922e+06	0
0.252878	0.177463	0.2	6	3.52712e+06	0
0.252878	0.193892	0.2	6	4.21767e+06	0
0.252878	0.211841	0.2	6	5.04276e+06	0
0.252878	0.231452	0.2	6	6.02856e+06	0
0.252878	0.252878	0.2	6	7.20632e+06	0
0.252878	0.276288	0.2	6	8.61334e+06	0
0.252878	0.301866	0.2	6	1.02942e+07	0
0.252878	0.329811	0.2	6	1.23022e+07	0
0.252878	0.360343	0.2	6	1.47009e+07	0
0.252878	0.393701	0.2	6	1.75662e+07	0
0.252878	0.430148	0.2	6	2.0989e+07	0
0.252878	0.469968	0.2	6	2.50777e+07	0
0.252878	0.513475	0.2	6	2.99619e+07	0
0.252878	0.56101	0.2	6	3.57964e+07	0
0.252878	0.612945	0.2	6	4.27663e+07	0
0.252878	0.669688	0.2	6	5.10928e+07	0
0.276288	0.000104526	0.2	6	1432	0
0.276288	0.000114203	0.2	6	1428.03	0
0.276288	0.000124775	0.2	6	1423.72	0
0.276288	0.000136326	0.2	6	1419.05	0
0.276288	0.000148946	0.2	6	1413.98	0
0.276288	0.000162735	0.2	6	1408.5	0
0.276288	0.0001778	0.2	6	1402.56	0
0.276288	0.00019426	0.2	6	1396.15	0
0.276288	0.000212243	0.2	6	1389.23	0
0.276288	0.000231891	0.2	6	1381.77	0
0.276288	0.000253358	0.2	6	1373.74	0
0.276288	0.000276813	0.2	6	1365.11	0
0.276288	0.000302439	0.2	6	1355.85	0
0.276288	0.000330437	0.2	6	1345.94	0
0.276288	0.000361027	0.2	6	1335.35	0
0.276288	0.000394448	0.2	6	1324.08	0
0.276288	0.000430964	0.2	6	1312.11	0
0.276288	0.00047086	0.2	6	1299.45	0
0.276288	0.00051445	0.2	6	1286.11	0
0.276288	0.000562075	0.2	6	1272.13	0
0.276288	0.000614108	0.2	6	1257.56	0
0.276288	0.000670959	0.2	6	1242.49	0
0.276288	0.000733073	0.2	6	1227.03	0
0.276288	0.000800936	0.2	6	1211.34	0
0.276288	0.000875083	0.2	6	1195.63	0
0.276288	0.000956093	0.2	6	1180.18	0
0.276288	0.0010446	0.2	6	1165.34	0
0.276288	0.00114131	0.2	6	1151.57	0
0.276288	0.00124696	0.2	6	1139.44	0
0.276288	0.0013624	0.2	6	1129.67	0
0.276288	0.00148852	0.2	6	1123.14	0
0.276288	0.00162632	0.2	6	1120.97	0
0.276288	0.00177687	0.2	6	1124.51	0
0.276288	0.00194137	0.2	6	1135.44	0
0.276288	0.00212109	0.2	6	1155.81	0
0.276288	0.00231745	0.2	6	1188.13	0
0.276288	0.00253198	0.2	6	1235.45	0
0.276288	0.00276638	0.2	6	1301.5	0
0.276288	0.00302248	0.2	6	1390.77	0
0.276288	0.00330228	0.2	6	1508.75	0
0.276288	0.00360798	0.2	6	1662.04	0
0.276288	0.00394199	0.2	6	1858.64	0
0.276288	0.00430692	0.2	6	2108.2	0
0.276288	0.00470563	0.2	6	2422.36	0
0.276288	0.00514125	0.2	6	2815.12	0
0.276288	0.0056172	0.2	6	3303.38	0
0.276288	0.0061372	0.2	6	3907.41	0
0.276288	0.00670535	0.2	6	4651.62	0
0.276288	0.0073261	0.2	6	5565.3	0
0.276288	0.0080043	0.2	6	6683.62	0
0.276288	0.0087453	0.2	6	8048.78	0
0.276288	0.00955489	0.2	6	9711.42	0
0.276288	0.0104394	0.2	6	11732.2	0
0.276288	0.0114058	0.2	6	14183.8	0
0.276288	0.0124617	0.2	6	17153.5	0
0.276288	0.0136154	0.2	6	20745.4	0
0.276288	0.0148758	0.2	6	25084.6	0
0.276288	0.0162529	0.2	6	30320.6	0
0.276288	0.0177575	0.2	6	36632.2	0
0.276288	0.0194014	0.2	6	44233.6	0
0.276288	0.0211975	0.2	6	53380.9	0
0.276288	0.0231598	0.2	6	64380.2	0
0.276288	0.0253038	0.2	6	77598	0
0.276288	0.0276463	0.2	6	93472	0
0.276288	0.0302057	0.2	6	112526	0
0.276288	0.0330019	0.2	6	135385	0
0.276288	0.0360571	0.2	6	162797	0
0.276288	0.039395	0.2	6	195657	0
0.276288	0.043042	0.2	6	235032	0
0.276288	0.0470266	0.2	6	282198	0
0.276288	0.05138	0.2	6	338679	0
0.276288	0.0561365	0.2	6	406299	0
0.276288	0.0613333	0.2	6	487232	0
0.276288	0.0670111	0.2	6	584079	0
0.276288	0.0732147	0.2	6	699944	0
0.276288	0.0799925	0.2	6	838537	0
0.276288	0.0873977	0.2	6	1.00429e+06	0
0.276288	0.0954885	0.2	6	1.20249e+06	0
0.276288	0.104328	0.2	6	1.43946e+06	0
0.276288	0.113986	0.2	6	1.72275e+06	0
0.276288	0.124539	0.2	6	2.06137e+06	0
0.276288	0.136068	0.2	6	2.46609e+06	0
0.276288	0.148664	0.2	6	2.94976e+06	0
0.276288	0.162426	0.2	6	3.52775e+06	0
0.276288	0.177463	0.2	6	4.21839e+06	0
0.276288	0.193892	0.2	6	5.04359e+06	0
0.276288	0.211841	0.2	6	6.0295e+06	0
0.276288	0.231452	0.2	6	7.20735e+06	0
0.276288	0.252878	0.2	6	8.61447e+06	0
0.276288	0.276288	0.2	6	1.02954e+07	0
0.276288	0.301866	0.2	6	1.23034e+07	0
0.276288	0.329811	0.2	6	1.4702e+07	0
0.276288	0.360343	0.2	6	1.75672e+07	0
0.276288	0.393701	0.2	6	2.09896e+07	0
0.276288	0.430148	0.2	6	2.50776e+07	0
0.276288	0.469968	0.2	6	2.99606e+07	0
0.276288	0.513475	0.2	6	3.57934e+07	0
0.276288	0.56101	0.2	6	4.27608e+07	0
0.276288	0.612945	0.2	6	5.10834e+07	0
0.276288	0.669688	0.2	6	6.10254e+07	0
0.301866	0.000104526	0.2	6	1585.91	0
0.301866	0.000114203	0.2	6	1581.57	0
0.301866	0.000124775	0.2	6	1576.86	0
0.301866	0.000136326	0.2	6	1571.75	0
0.301866	0.000148946	0.2	6	1566.23	0
0.301866	0.000162735	0.2	6	1560.25	0
0.301866	0.0001778	0.2	6	1553.78	0
0.301866	0.00019426	0.2	6	1546.8	0
0.301866	0.000212243	0.2	6	1539.28	0
0.301866	0.000231891	0.2	6	1531.18	0
0.301866	0.000253358	0.2	6	1522.48	0
0.301866	0.000276813	0.2	6	1513.14	0
0.301866	0.000302439	0.2	6	1503.14	0
0.301866	0.000330437	0.2	6	1492.45	0
0.301866	0.000361027	0.2	6	1481.08	0
0.301866	0.000394448	0.2	6	1468.99	0
0.301866	0.000430964	0.2	6	1456.21	0
0.301866	0.00047086	0.2	6	1442.73	0
0.301866	0.00051445	0.2	6	1428.6	0
0.301866	0.000562075	0.2	6	1413.87	0
0.301866	0.000614108	0.2	6	1398.62	0
0.301866	0.000670959	0.2	6	1382.97	0
0.301866	0.000733073	0.2	6	1367.07	0
0.301866	0.000800936	0.2	6	1351.13	0
0.301866	0.000875083	0.2	6	1335.43	0
0.301866	0.000956093	0.2	6	1320.32	0
0.301866	0.0010446	0.2	6	1306.25	0
0.301866	0.00114131	0.2	6	1293.8	0
0.301866	0.00124696	0.2	6	1283.68	0
0.301866	0.0013624	0.2	6	1276.77	0
0.301866	0.00148852	0.2	6	1274.17	0
0.301866	0.00162632	0.2	6	1277.26	0
0.301866	0.00177687	0.2	6	1287.7	0
0.301866	0.00194137	0.2	6	1307.53	0
0.301866	0.00212109	0.2	6	1339.27	0
0.301866	0.00231745	0.2	6	1385.97	0
0.301866	0.00253198	0.2	6	1451.33	0
0.301866	0.00276638	0.2	6	1539.87	0
0.301866	0.00302248	0.2	6	1657.05	0
0.301866	0.00330228	0.2	6	1809.47	0
0.301866	0.00360798	0.2	6	2005.14	0
0.301866	0.00394199	0.2	6	2253.69	0
0.301866	0.00430692	0.2	6	2566.76	0
0.301866	0.00470563	0.2	6	2958.36	0
0.301866	0.00514125	0.2	6	3445.35	0
0.301866	0.0056172	0.2	6	4048.04	0
0.301866	0.0061372	0.2	6	4790.81	0
0.301866	0.00670535	0.2	6	5702.95	0
0.301866	0.0073261	0.2	6	6819.64	0
0.301866	0.0080043	0.2	6	8183.07	0
0.301866	0.0087453	0.2	6	9843.87	0
0.301866	0.00955489	0.2	6	11862.7	0
0.301866	0.0104394	0.2	6	14312.3	0
0.301866	0.0114058	0.2	6	17279.9	0
0.301866	0.0124617	0.2	6	20869.6	0
0.301866	0.0136154	0.2	6	25206.6	0
0.301866	0.0148758	0.2	6	30440.3	0
0.301866	0.0162529	0.2	6	36749.7	0
0.301866	0.0177575	0.2	6	44348.8	0
0.301866	0.0194014	0.2	6	53493.9	0
0.301866	0.0211975	0.2	6	64491.3	0
0.301866	0.0231598	0.2	6	77707.2	0
0.301866	0.0253038	0.2	6	93579.7	0
0.301866	0.0276463	0.2	6	112632	0
0.301866	0.0302057	0.2	6	135491	0
0.301866	0.0330019	0.2	6	162904	0
0.301866	0.0360571	0.2	6	195764	0
0.301866	0.039395	0.2	6	235141	0
0.301866	0.043042	0.2	6	282311	0
0.301866	0.0470266	0.2	6	338798	0
0.301866	0.05138	0.2	6	406426	0
0.301866	0.0561365	0.2	6	487369	0
0.301866	0.0613333	0.2	6	584229	0
0.301866	0.0670111	0.2	6	700112	0
0.301866	0.0732147	0.2	6	838727	0
0.301866	0.0799925	0.2	6	1.0045e+06	0
0.301866	0.0873977	0.2	6	1.20274e+06	0
0.301866	0.0954885	0.2	6	1.43975e+06	0
0.301866	0.104328	0.2	6	1.72308e+06	0
0.301866	0.113986	0.2	6	2.06176e+06	0
0.301866	0.124539	0.2	6	2.46655e+06	0
0.301866	0.136068	0.2	6	2.9503e+06	0
0.301866	0.148664	0.2	6	3.52838e+06	0
0.301866	0.162426	0.2	6	4.21912e+06	0
0.301866	0.177463	0.2	6	5.04442e+06	0
0.301866	0.193892	0.2	6	6.03045e+06	0
0.301866	0.211841	0.2	6	7.20842e+06	0
0.301866	0.231452	0.2	6	8.61566e+06	0
0.301866	0.252878	0.2	6	1.02967e+07	0
0.301866	0.276288	0.2	6	1.23048e+07	0
0.301866	0.301866	0.2	6	1.47034e+07	0
0.301866	0.329811	0.2	6	1.75685e+07	0
0.301866	0.360343	0.2	6	2.09907e+07	0
0.301866	0.393701	0.2	6	2.50782e+07	0
0.301866	0.430148	0.2	6	2.99606e+07	0
0.301866	0.469968	0.2	6	3.57921e+07	0
0.301866	0.513475	0.2	6	4.27576e+07	0
0.301866	0.56101	0.2	6	5.10774e+07	0
0.301866	0.612945	0.2	6	6.10151e+07	0
0.301866	0.669688	0.2	6	7.28858e+07	0
0.329811	0.000104526	0.2	6	1741.35	0
0.329811	0.000114203	0.2	6	1736.6	0
0.329811	0.000124775	0.2	6	1731.46	0
0.329811	0.000136326	0.2	6	1725.89	0
0.329811	0.000148946	0.2	6	1719.86	0
0.329811	0.000162735	0.2	6	1713.35	0
0.329811	0.0001778	0.2	6	1706.31	0
0.329811	0.00019426	0.2	6	1698.73	0
0.329811	0.000212243	0.2	6	1690.57	0
0.329811	0.000231891	0.2	6	1681.79	0
0.329811	0.000253358	0.2	6	1672.38	0
0.329811	0.000276813	0.2	6	1662.29	0
0.329811	0.000302439	0.2	6	1651.52	0
0.329811	0.000330437	0.2	6	1640.04	0
0.329811	0.000361027	0.2	6	1627.85	0
0.329811	0.000394448	0.2	6	1614.94	0
0.329811	0.000430964	0.2	6	1601.34	0
0.329811	0.00047086	0.2	6	1587.07	0
0.329811	0.00051445	0.2	6	1572.18	0
0.329811	0.000562075	0.2	6	1556.76	0
0.329811	0.000614108	0.2	6	1540.92	0
0.329811	0.000670959	0.2	6	1524.82	0
0.329811	0.000733073	0.2	6	1508.66	0
0.329811	0.000800936	0.2	6	1492.73	0
0.329811	0.000875083	0.2	6	1477.36	0
0.329811	0.000956093	0.2	6	1463.01	0
0.329811	0.0010446	0.2	6	1450.25	0
0.329811	0.00114131	0.2	6	1439.79	0
0.329811	0.00124696	0.2	6	1432.51	0
0.329811	0.0013624	0.2	6	1429.52	0
0.329811	0.00148852	0.2	6	1432.18	0
0.329811	0.00162632	0.2	6	1442.15	0
0.329811	0.00177687	0.2	6	1461.47	0
0.329811	0.00194137	0.2	6	1492.66	0
0.329811	0.00212109	0.2	6	1538.75	0
0.329811	0.00231745	0.2	6	1603.47	0
0.329811	0.00253198	0.2	6	1691.3	0
0.329811	0.00276638	0.2	6	1807.71	0
0.329811	0.00302248	0.2	6	1959.32	0
0.329811	0.00330228	0.2	6	2154.09	0
0.329811	0.00360798	0.2	6	2401.68	0
0.329811	0.00394199	0.2	6	2713.71	0
0.329811	0.00430692	0.2	6	3104.19	0
0.329811	0.00470563	0.2	6	3590	0
0.329811	0.00514125	0.2	6	4191.4	0
0.329811	0.0056172	0.2	6	4932.79	0
0.329811	0.0061372	0.2	6	5843.47	0
0.329811	0.00670535	0.2	6	6958.59	0
0.329811	0.0073261	0.2	6	8320.37	0
0.329811	0.0080043	0.2	6	9979.42	0
0.329811	0.0087453	0.2	6	11996.4	0
0.329811	0.00955489	0.2	6	14444.1	0
0.329811	0.0104394	0.2	6	17409.6	0
0.329811	0.0114058	0.2	6	20997.3	0
0.329811	0.0124617	0.2	6	25332.1	0
0.329811	0.0136154	0.2	6	30563.7	0
0.329811	0.0148758	0.2	6	36870.8	0
0.329811	0.0162529	0.2	6	44467.9	0
0.329811	0.0177575	0.2	6	53610.9	0
0.329811	0.0194014	0.2	6	64606.3	0
0.329811	0.0211975	0.2	6	77820.5	0
0.329811	0.0231598	0.2	6	93691.5	0
0.329811	0.0253038	0.2	6	112743	0
0.329811	0.0276463	0.2	6	135601	0
0.329811	0.0302057	0.2	6	163014	0
0.329811	0.0330019	0.2	6	195876	0
0.329811	0.0360571	0.2	6	235255	0
0.329811	0.039395	0.2	6	282428	0
0.329811	0.043042	0.2	6	338921	0
0.329811	0.0470266	0.2	6	406555	0
0.329811	0.05138	0.2	6	487509	0
0.329811	0.0561365	0.2	6	584382	0
0.329811	0.0613333	0.2	6	700281	0
0.329811	0.0670111	0.2	6	838917	0
0.329811	0.0732147	0.2	6	1.00472e+06	0
0.329811	0.0799925	0.2	6	1.20299e+06	0
0.329811	0.0873977	0.2	6	1.44004e+06	0
0.329811	0.0954885	0.2	6	1.72342e+06	0
0.329811	0.104328	0.2	6	2.06215e+06	0
0.329811	0.113986	0.2	6	2.467e+06	0
0.329811	0.124539	0.2	6	2.95084e+06	0
0.329811	0.136068	0.2	6	3.529e+06	0
0.329811	0.148664	0.2	6	4.21984e+06	0
0.329811	0.162426	0.2	6	5.04526e+06	0
0.329811	0.177463	0.2	6	6.03141e+06	0
0.329811	0.193892	0.2	6	7.20952e+06	0
0.329811	0.211841	0.2	6	8.6169e+06	0
0.329811	0.231452	0.2	6	1.02981e+07	0
0.329811	0.252878	0.2	6	1.23063e+07	0
0.329811	0.276288	0.2	6	1.4705e+07	0
0.329811	0.301866	0.2	6	1.75701e+07	0
0.329811	0.329811	0.2	6	2.09922e+07	0
0.329811	0.360343	0.2	6	2.50795e+07	0
0.329811	0.393701	0.2	6	2.99614e+07	0
0.329811	0.430148	0.2	6	3.57921e+07	0
0.329811	0.469968	0.2	6	4.27562e+07	0
0.329811	0.513475	0.2	6	5.1074e+07	0
0.329811	0.56101	0.2	6	6.10086e+07	0
0.329811	0.612945	0.2	6	7.28746e+07	0
0.329811	0.669688	0.2	6	8.70477e+07	0
0.360343	0.000104526	0.2	6	1891.34	0
0.360343	0.000114203	0.2	6	1886.16	0
0.360343	0.000124775	0.2	6	1880.55	0
0.360343	0.000136326	0.2	6	1874.48	0
0.360343	0.000148946	0.2	6	1867.93	0
0.360343	0.000162735	0.2	6	1860.84	0
0.360343	0.0001778	0.2	6	1853.21	0
0.360343	0.00019426	0.2	6	1844.98	0
0.360343	0.000212243	0.2	6	1836.14	0
0.360343	0.000231891	0.2	6	1826.66	0
0.360343	0.000253358	0.2	6	1816.5	0
0.360343	0.000276813	0.2	6	1805.64	0
0.360343	0.000302439	0.2	6	1794.07	0
0.360343	0.000330437	0.2	6	1781.78	0
0.360343	0.000361027	0.2	6	1768.76	0
0.360343	0.000394448	0.2	6	1755.04	0
0.360343	0.000430964	0.2	6	1740.64	0
0.360343	0.00047086	0.2	6	1725.61	0
0.360343	0.00051445	0.2	6	1710.04	0
0.360343	0.000562075	0.2	6	1694.03	0
0.360343	0.000614108	0.2	6	1677.74	0
0.360343	0.000670959	0.2	6	1661.39	0
0.360343	0.000733073	0.2	6	1645.23	0
0.360343	0.000800936	0.2	6	1629.62	0
0.360343	0.000875083	0.2	6	1615.02	0
0.360343	0.000956093	0.2	6	1601.97	0
0.360343	0.0010446	0.2	6	1591.21	0
0.360343	0.00114131	0.2	6	1583.6	0
0.360343	0.00124696	0.2	6	1580.24	0
0.360343	0.0013624	0.2	6	1582.5	0
0.360343	0.00148852	0.2	6	1592.04	0
0.360343	0.00162632	0.2	6	1610.9	0
0.360343	0.00177687	0.2	6	1641.58	0
0.360343	0.00194137	0.2	6	1687.13	0
0.360343	0.00212109	0.2	6	1751.25	0
0.360343	0.00231745	0.2	6	1838.44	0
0.360343	0.00253198	0.2	6	1954.16	0
0.360343	0.00276638	0.2	6	2105	0
0.360343	0.00302248	0.2	6	2298.96	0
0.360343	0.00330228	0.2	6	2545.68	0
0.360343	0.00360798	0.2	6	2856.76	0
0.360343	0.00394199	0.2	6	3246.23	0
0.360343	0.00430692	0.2	6	3730.94	0
0.360343	0.00470563	0.2	6	4331.18	0
0.360343	0.00514125	0.2	6	5071.32	0
0.360343	0.0056172	0.2	6	5980.66	0
0.360343	0.0061372	0.2	6	7094.37	0
0.360343	0.00670535	0.2	6	8454.64	0
0.360343	0.0073261	0.2	6	10112.1	0
0.360343	0.0080043	0.2	6	12127.4	0
0.360343	0.0087453	0.2	6	14573.4	0
0.360343	0.00955489	0.2	6	17537.1	0
0.360343	0.0104394	0.2	6	21122.9	0
0.360343	0.0114058	0.2	6	25455.8	0
0.360343	0.0124617	0.2	6	30685.4	0
0.360343	0.0136154	0.2	6	36990.7	0
0.360343	0.0148758	0.2	6	44585.8	0
0.360343	0.0162529	0.2	6	53727	0
0.360343	0.0177575	0.2	6	64720.8	0
0.360343	0.0194014	0.2	6	77933.5	0
0.360343	0.0211975	0.2	6	93803.4	0
0.360343	0.0231598	0.2	6	112854	0
0.360343	0.0253038	0.2	6	135712	0
0.360343	0.0276463	0.2	6	163125	0
0.360343	0.0302057	0.2	6	195988	0
0.360343	0.0330019	0.2	6	235370	0
0.360343	0.0360571	0.2	6	282547	0
0.360343	0.039395	0.2	6	339045	0
0.360343	0.043042	0.2	6	406687	0
0.360343	0.0470266	0.2	6	487650	0
0.360343	0.05138	0.2	6	584536	0
0.360343	0.0561365	0.2	6	700452	0
0.360343	0.0613333	0.2	6	839109	0
0.360343	0.0670111	0.2	6	1.00494e+06	0
0.360343	0.0732147	0.2	6	1.20324e+06	0
0.360343	0.0799925	0.2	6	1.44032e+06	0
0.360343	0.0873977	0.2	6	1.72375e+06	0
0.360343	0.0954885	0.2	6	2.06254e+06	0
0.360343	0.104328	0.2	6	2.46746e+06	0
0.360343	0.113986	0.2	6	2.95137e+06	0
0.360343	0.124539	0.2	6	3.52963e+06	0
0.360343	0.136068	0.2	6	4.22057e+06	0
0.360343	0.148664	0.2	6	5.04611e+06	0
0.360343	0.162426	0.2	6	6.03239e+06	0
0.360343	0.177463	0.2	6	7.21065e+06	0
0.360343	0.193892	0.2	6	8.61818e+06	0
0.360343	0.211841	0.2	6	1.02995e+07	0
0.360343	0.231452	0.2	6	1.23079e+07	0
0.360343	0.252878	0.2	6	1.47067e+07	0
0.360343	0.276288	0.2	6	1.75719e+07	0
0.360343	0.301866	0.2	6	2.09941e+07	0
0.360343	0.329811	0.2	6	2.50814e+07	0
0.360343	0.360343	0.2	6	2.9963e+07	0
0.360343	0.393701	0.2	6	3.57932e+07	0
0.360343	0.430148	0.2	6	4.27564e+07	0
0.360343	0.469968	0.2	6	5.10727e+07	0
0.360343	0.513475	0.2	6	6.1005e+07	0
0.360343	0.56101	0.2	6	7.28675e+07	0
0.360343	0.612945	0.2	6	8.70356e+07	0
0.360343	0.669688	0.2	6	1.03958e+08	0
0.393701	0.000104526	0.2	6	2026.48	0
0.393701	0.000114203	0.2	6	2020.84	0
0.393701	0.000124775	0.2	6	2014.73	0
0.393701	0.000136326	0.2	6	2008.13	0
0.393701	0.000148946	0.2	6	2001.01	0
0.393701	0.000162735	0.2	6	1993.33	0
0.393701	0.0001778	0.2	6	1985.05	0
0.393701	0.00019426	0.2	6	1976.16	0
0.393701	0.000212243	0.2	6	1966.61	0
0.393701	0.000231891	0.2	6	1956.38	0
0.393701	0.000253358	0.2	6	1945.45	0
0.393701	0.000276813	0.2	6	1933.8	0
0.393701	0.000302439	0.2	6	1921.42	0
0.393701	0.000330437	0.2	6	1908.32	0
0.393701	0.000361027	0.2	6	1894.49	0
0.393701	0.000394448	0.2	6	1879.98	0
0.393701	0.000430964	0.2	6	1864.83	0
0.393701	0.00047086	0.2	6	1849.12	0
0.393701	0.00051445	0.2	6	1832.97	0
0.393701	0.000562075	0.2	6	1816.53	0
0.393701	0.000614108	0.2	6	1800	0
0.393701	0.000670959	0.2	6	1783.65	0
0.393701	0.000733073	0.2	6	1767.84	0
0.393701	0.000800936	0.2	6	1753.01	0
0.393701	0.000875083	0.2	6	1739.73	0
0.393701	0.000956093	0.2	6	1728.7	0
0.393701	0.0010446	0.2	6	1720.8	0
0.393701	0.00114131	0.2	6	1717.14	0
0.393701	0.00124696	0.2	6	1719.06	0
0.393701	0.0013624	0.2	6	1728.23	0
0.393701	0.00148852	0.2	6	1746.69	0
0.393701	0.00162632	0.2	6	1776.94	0
0.393701	0.00177687	0.2	6	1822.02	0
0.393701	0.00194137	0.2	6	1885.63	0
0.393701	0.00212109	0.2	6	1972.27	0
0.393701	0.00231745	0.2	6	2087.39	0
0.393701	0.00253198	0.2	6	2237.6	0
0.393701	0.00276638	0.2	6	2430.87	0
0.393701	0.00302248	0.2	6	2676.83	0
0.393701	0.00330228	0.2	6	2987.12	0
0.393701	0.00360798	0.2	6	3375.73	0
0.393701	0.00394199	0.2	6	3859.52	0
0.393701	0.00430692	0.2	6	4458.77	0
0.393701	0.00470563	0.2	6	5197.86	0
0.393701	0.00514125	0.2	6	6106.08	0
0.393701	0.0056172	0.2	6	7218.61	0
0.393701	0.0061372	0.2	6	8577.63	0
0.393701	0.00670535	0.2	6	10233.8	0
0.393701	0.0073261	0.2	6	12247.7	0
0.393701	0.0080043	0.2	6	14692.3	0
0.393701	0.0087453	0.2	6	17654.5	0
0.393701	0.00955489	0.2	6	21238.8	0
0.393701	0.0104394	0.2	6	25570.2	0
0.393701	0.0114058	0.2	6	30798.3	0
0.393701	0.0124617	0.2	6	37102.1	0
0.393701	0.0136154	0.2	6	44695.8	0
0.393701	0.0148758	0.2	6	53835.7	0
0.393701	0.0162529	0.2	6	64828.3	0
0.393701	0.0177575	0.2	6	78040.2	0
0.393701	0.0194014	0.2	6	93909.5	0
0.393701	0.0211975	0.2	6	112960	0
0.393701	0.0231598	0.2	6	135818	0
0.393701	0.0253038	0.2	6	163233	0
0.393701	0.0276463	0.2	6	196098	0
0.393701	0.0302057	0.2	6	235482	0
0.393701	0.0330019	0.2	6	282664	0
0.393701	0.0360571	0.2	6	339168	0
0.393701	0.039395	0.2	6	406818	0
0.393701	0.043042	0.2	6	487792	0
0.393701	0.0470266	0.2	6	584692	0
0.393701	0.05138	0.2	6	700625	0
0.393701	0.0561365	0.2	6	839303	0
0.393701	0.0613333	0.2	6	1.00516e+06	0
0.393701	0.0670111	0.2	6	1.20349e+06	0
0.393701	0.0732147	0.2	6	1.44062e+06	0
0.393701	0.0799925	0.2	6	1.7241e+06	0
0.393701	0.0873977	0.2	6	2.06294e+06	0
0.393701	0.0954885	0.2	6	2.46793e+06	0
0.393701	0.104328	0.2	6	2.95192e+06	0
0.393701	0.113986	0.2	6	3.53027e+06	0
0.393701	0.124539	0.2	6	4.22132e+06	0
0.393701	0.136068	0.2	6	5.04698e+06	0
0.393701	0.148664	0.2	6	6.0334e+06	0
0.393701	0.162426	0.2	6	7.21182e+06	0
0.393701	0.177463	0.2	6	8.61952e+06	0
0.393701	0.193892	0.2	6	1.0301e+07	0
0.393701	0.211841	0.2	6	1.23096e+07	0
0.393701	0.231452	0.2	6	1.47086e+07	0
0.393701	0.252878	0.2	6	1.7574e+07	0
0.393701	0.276288	0.2	6	2.09963e+07	0
0.393701	0.301866	0.2	6	2.50836e+07	0
0.393701	0.329811	0.2	6	2.99651e+07	0
0.393701	0.360343	0.2	6	3.57951e+07	0
0.393701	0.393701	0.2	6	4.27578e+07	0
0.393701	0.430148	0.2	6	5.10731e+07	0
0.393701	0.469968	0.2	6	6.10038e+07	0
0.393701	0.513475	0.2	6	7.28639e+07	0
0.393701	0.56101	0.2	6	8.70282e+07	0
0.393701	0.612945	0.2	6	1.03945e+08	0
0.393701	0.669688	0.2	6	1.24148e+08	0
0.430148	0.000104526	0.2	6	2134.59	0
0.430148	0.000114203	0.2	6	2128.46	0
0.430148	0.000124775	0.2	6	2121.83	0
0.430148	0.000136326	0.2	6	2114.67	0
0.430148	0.000148946	0.2	6	2106.95	0
0.430148	0.000162735	0.2	6	2098.64	0
0.430148	0.0001778	0.2	6	2089.7	0
0.430148	0.00019426	0.2	6	2080.11	0
0.430148	0.000212243	0.2	6	2069.83	0
0.430148	0.000231891	0.2	6	2058.84	0
0.430148	0.000253358	0.2	6	2047.13	0
0.430148	0.000276813	0.2	6	2034.69	0
0.430148	0.000302439	0.2	6	2021.51	0
0.430148	0.000330437	0.2	6	2007.6	0
0.430148	0.000361027	0.2	6	1993	0
0.430148	0.000394448	0.2	6	1977.76	0
0.430148	0.000430964	0.2	6	1961.95	0
0.430148	0.00047086	0.2	6	1945.69	0
0.430148	0.00051445	0.2	6	1929.13	0
0.430148	0.000562075	0.2	6	1912.46	0
0.430148	0.000614108	0.2	6	1895.98	0
0.430148	0.000670959	0.2	6	1880.01	0
0.430148	0.000733073	0.2	6	1865.01	0
0.430148	0.000800936	0.2	6	1851.54	0
0.430148	0.000875083	0.2	6	1840.31	0
0.430148	0.000956093	0.2	6	1832.2	0
0.430148	0.0010446	0.2	6	1828.3	0
0.430148	0.00114131	0.2	6	1829.96	0
0.430148	0.00124696	0.2	6	1838.85	0
0.430148	0.0013624	0.2	6	1857.01	0
0.430148	0.00148852	0.2	6	1886.93	0
0.430148	0.00162632	0.2	6	1931.66	0
0.430148	0.00177687	0.2	6	1994.88	0
0.430148	0.00194137	0.2	6	2081.11	0
0.430148	0.00212109	0.2	6	2195.79	0
0.430148	0.00231745	0.2	6	2345.51	0
0.430148	0.00253198	0.2	6	2538.27	0
0.430148	0.00276638	0.2	6	2783.68	0
0.430148	0.00302248	0.2	6	3093.37	0
0.430148	0.00330228	0.2	6	3481.35	0
0.430148	0.00360798	0.2	6	3964.46	0
0.430148	0.00394199	0.2	6	4563	0
0.430148	0.00430692	0.2	6	5301.33	0
0.430148	0.00470563	0.2	6	6208.75	0
0.430148	0.00514125	0.2	6	7320.44	0
0.430148	0.0056172	0.2	6	8678.58	0
0.430148	0.0061372	0.2	6	10333.8	0
0.430148	0.00670535	0.2	6	12346.9	0
0.430148	0.0073261	0.2	6	14790.4	0
0.430148	0.0080043	0.2	6	17751.7	0
0.430148	0.0087453	0.2	6	21335.1	0
0.430148	0.00955489	0.2	6	25665.5	0
0.430148	0.0104394	0.2	6	30892.7	0
0.430148	0.0114058	0.2	6	37195.7	0
0.430148	0.0124617	0.2	6	44788.8	0
0.430148	0.0136154	0.2	6	53928.2	0
0.430148	0.0148758	0.2	6	64920.5	0
0.430148	0.0162529	0.2	6	78132.4	0
0.430148	0.0177575	0.2	6	94002.1	0
0.430148	0.0194014	0.2	6	113054	0
0.430148	0.0211975	0.2	6	135913	0
0.430148	0.0231598	0.2	6	163330	0
0.430148	0.0253038	0.2	6	196198	0
0.430148	0.0276463	0.2	6	235588	0
0.430148	0.0302057	0.2	6	282775	0
0.430148	0.0330019	0.2	6	339287	0
0.430148	0.0360571	0.2	6	406947	0
0.430148	0.039395	0.2	6	487933	0
0.430148	0.043042	0.2	6	584848	0
0.430148	0.0470266	0.2	6	700800	0
0.430148	0.05138	0.2	6	839501	0
0.430148	0.0561365	0.2	6	1.00539e+06	0
0.430148	0.0613333	0.2	6	1.20375e+06	0
0.430148	0.0670111	0.2	6	1.44092e+06	0
0.430148	0.0732147	0.2	6	1.72445e+06	0
0.430148	0.0799925	0.2	6	2.06335e+06	0
0.430148	0.0873977	0.2	6	2.46841e+06	0
0.430148	0.0954885	0.2	6	2.95248e+06	0
0.430148	0.104328	0.2	6	3.53093e+06	0
0.430148	0.113986	0.2	6	4.22209e+06	0
0.430148	0.124539	0.2	6	5.04788e+06	0
0.430148	0.136068	0.2	6	6.03445e+06	0
0.430148	0.148664	0.2	6	7.21303e+06	0
0.430148	0.162426	0.2	6	8.62092e+06	0
0.430148	0.177463	0.2	6	1.03026e+07	0
0.430148	0.193892	0.2	6	1.23114e+07	0
0.430148	0.211841	0.2	6	1.47107e+07	0
0.430148	0.231452	0.2	6	1.75763e+07	0
0.430148	0.252878	0.2	6	2.09987e+07	0
0.430148	0.276288	0.2	6	2.50862e+07	0
0.430148	0.301866	0.2	6	2.99679e+07	0
0.430148	0.329811	0.2	6	3.57978e+07	0
0.430148	0.360343	0.2	6	4.27602e+07	0
0.430148	0.393701	0.2	6	5.10749e+07	0
0.430148	0.430148	0.2	6	6.10046e+07	0
0.430148	0.469968	0.2	6	7.28629e+07	0
0.430148	0.513475	0.2	6	8.70245e+07	0
0.430148	0.56101	0.2	6	1.03937e+08	0
0.430148	0.612945	0.2	6	1.24135e+08	0
0.430148	0.669688	0.2	6	1.48256e+08	0
0.469968	0.000104526	0.2	6	2200.67	0
0.469968	0.000114203	0.2	6	2194.03	0
0.469968	0.000124775	0.2	6	2186.85	0
0.469968	0.000136326	0.2	6	2179.11	0
0.469968	0.000148946	0.2	6	2170.77	0
0.469968	0.000162735	0.2	6	2161.81	0
0.469968	0.0001778	0.2	6	2152.19	0
0.469968	0.00019426	0.2	6	2141.88	0
0.469968	0.000212243	0.2	6	2130.86	0
0.469968	0.000231891	0.2	6	2119.12	0
0.469968	0.000253358	0.2	6	2106.63	0
0.469968	0.000276813	0.2	6	2093.41	0
0.469968	0.000302439	0.2	6	2079.46	0
0.469968	0.000330437	0.2	6	2064.81	0
0.469968	0.000361027	0.2	6	2049.51	0
0.469968	0.000394448	0.2	6	2033.65	0
0.469968	0.000430964	0.2	6	2017.32	0
0.469968	0.00047086	0.2	6	2000.68	0
0.469968	0.00051445	0.2	6	1983.95	0
0.469968	0.000562075	0.2	6	1967.38	0
0.469968	0.000614108	0.2	6	1951.32	0
0.469968	0.000670959	0.2	6	1936.22	0
0.469968	0.000733073	0.2	6	1922.65	0
0.469968	0.000800936	0.2	6	1911.3	0
0.469968	0.000875083	0.2	6	1903.06	0
0.469968	0.000956093	0.2	6	1899.03	0
0.469968	0.0010446	0.2	6	1900.54	0
0.469968	0.00114131	0.2	6	1909.28	0
0.469968	0.00124696	0.2	6	1927.27	0
0.469968	0.0013624	0.2	6	1957.01	0
0.469968	0.00148852	0.2	6	2001.54	0
0.469968	0.00162632	0.2	6	2064.55	0
0.469968	0.00177687	0.2	6	2150.55	0
0.469968	0.00194137	0.2	6	2264.99	0
0.469968	0.00212109	0.2	6	2414.46	0
0.469968	0.00231745	0.2	6	2606.94	0
0.469968	0.00253198	0.2	6	2852.07	0
0.469968	0.00276638	0.2	6	3161.46	0
0.469968	0.00302248	0.2	6	3549.12	0
0.469968	0.00330228	0.2	6	4031.9	0
0.469968	0.00360798	0.2	6	4630.09	0
0.469968	0.00394199	0.2	6	5368.07	0
0.469968	0.00430692	0.2	6	6275.14	0
0.469968	0.00470563	0.2	6	7386.47	0
0.469968	0.00514125	0.2	6	8744.26	0
0.469968	0.0056172	0.2	6	10399.2	0
0.469968	0.0061372	0.2	6	12411.9	0
0.469968	0.00670535	0.2	6	14855.2	0
0.469968	0.0073261	0.2	6	17816.2	0
0.469968	0.0080043	0.2	6	21399.4	0
0.469968	0.0087453	0.2	6	25729.8	0
0.469968	0.00955489	0.2	6	30957.1	0
0.469968	0.0104394	0.2	6	37260.3	0
0.469968	0.0114058	0.2	6	44853.7	0
0.469968	0.0124617	0.2	6	53993.8	0
0.469968	0.0136154	0.2	6	64987.2	0
0.469968	0.0148758	0.2	6	78200.4	0
0.469968	0.0162529	0.2	6	94072	0
0.469968	0.0177575	0.2	6	113126	0
0.469968	0.0194014	0.2	6	135989	0
0.469968	0.0211975	0.2	6	163410	0
0.469968	0.0231598	0.2	6	196283	0
0.469968	0.0253038	0.2	6	235679	0
0.469968	0.0276463	0.2	6	282874	0
0.469968	0.0302057	0.2	6	339396	0
0.469968	0.0330019	0.2	6	407068	0
0.469968	0.0360571	0.2	6	488069	0
0.469968	0.039395	0.2	6	585003	0
0.469968	0.043042	0.2	6	700976	0
0.469968	0.0470266	0.2	6	839704	0
0.469968	0.05138	0.2	6	1.00562e+06	0
0.469968	0.0561365	0.2	6	1.20402e+06	0
0.469968	0.0613333	0.2	6	1.44124e+06	0
0.469968	0.0670111	0.2	6	1.72482e+06	0
0.469968	0.0732147	0.2	6	2.06379e+06	0
0.469968	0.0799925	0.2	6	2.46892e+06	0
0.469968	0.0873977	0.2	6	2.95308e+06	0
0.469968	0.0954885	0.2	6	3.53163e+06	0
0.469968	0.104328	0.2	6	4.22291e+06	0
0.469968	0.113986	0.2	6	5.04884e+06	0
0.469968	0.124539	0.2	6	6.03557e+06	0
0.469968	0.136068	0.2	6	7.21433e+06	0
0.469968	0.148664	0.2	6	8.62242e+06	0
0.469968	0.162426	0.2	6	1.03044e+07	0
0.469968	0.177463	0.2	6	1.23134e+07	0
0.469968	0.193892	0.2	6	1.47129e+07	0
0.469968	0.211841	0.2	6	1.75788e+07	0
0.469968	0.231452	0.2	6	2.10015e+07	0
0.469968	0.252878	0.2	6	2.50893e+07	0
0.469968	0.276288	0.2	6	2.99711e+07	0
0.469968	0.301866	0.2	6	3.58012e+07	0
0.469968	0.329811	0.2	6	4.27635e+07	0
0.469968	0.360343	0.2	6	5.1078e+07	0
0.469968	0.393701	0.2	6	6.10071e+07	0
0.469968	0.430148	0.2	6	7.28643e+07	0
0.469968	0.469968	0.2	6	8.7024e+07	0
0.469968	0.513475	0.2	6	1.03933e+08	0
0.469968	0.56101	0.2	6	1.24127e+08	0
0.469968	0.612945	0.2	6	1.48242e+08	0
0.469968	0.669688	0.2	6	1.77041e+08	0
0.513475	0.000104526	0.2	6	2207.27	0
0.513475	0.000114203	0.2	6	2200.09	0
0.513475	0.000124775	0.2	6	2192.35	0
0.513475	0.000136326	0.2	6	2184.01	0
0.513475	0.000148946	0.2	6	2175.04	0
0.513475	0.000162735	0.2	6	2165.42	0
0.513475	0.0001778	0.2	6	2155.11	0
0.513475	0.00019426	0.2	6	2144.09	0
0.513475	0.000212243	0.2	6	2132.34	0
0.513475	0.000231891	0.2	6	2119.86	0
0.513475	0.000253358	0.2	6	2106.63	0
0.513475	0.000276813	0.2	6	2092.68	0
0.513475	0.000302439	0.2	6	2078.03	0
0.513475	0.000330437	0.2	6	2062.73	0
0.513475	0.000361027	0.2	6	2046.86	0
0.513475	0.000394448	0.2	6	2030.53	0
0.513475	0.000430964	0.2	6	2013.89	0
0.513475	0.00047086	0.2	6	1997.15	0
0.513475	0.00051445	0.2	6	1980.57	0
0.513475	0.000562075	0.2	6	1964.52	0
0.513475	0.000614108	0.2	6	1949.42	0
0.513475	0.000670959	0.2	6	1935.84	0
0.513475	0.000733073	0.2	6	1924.49	0
0.513475	0.000800936	0.2	6	1916.26	0
0.513475	0.000875083	0.2	6	1912.22	0
0.513475	0.000956093	0.2	6	1913.74	0
0.513475	0.0010446	0.2	6	1922.49	0
0.513475	0.00114131	0.2	6	1940.48	0
0.513475	0.00124696	0.2	6	1970.23	0
0.513475	0.0013624	0.2	6	2014.78	0
0.513475	0.00148852	0.2	6	2077.82	0
0.513475	0.00162632	0.2	6	2163.85	0
0.513475	0.00177687	0.2	6	2278.32	0
0.513475	0.00194137	0.2	6	2427.83	0
0.513475	0.00212109	0.2	6	2620.37	0
0.513475	0.00231745	0.2	6	2865.57	0
0.513475	0.00253198	0.2	6	3175.04	0
0.513475	0.00276638	0.2	6	3562.81	0
0.513475	0.00302248	0.2	6	4045.73	0
0.513475	0.00330228	0.2	6	4644.08	0
0.513475	0.00360798	0.2	6	5382.26	0
0.513475	0.00394199	0.2	6	6289.57	0
0.513475	0.00430692	0.2	6	7401.19	0
0.513475	0.00470563	0.2	6	8759.34	0
0.513475	0.00514125	0.2	6	10414.7	0
0.513475	0.0056172	0.2	6	12427.9	0
0.513475	0.0061372	0.2	6	14871.8	0
0.513475	0.00670535	0.2	6	17833.6	0
0.513475	0.0073261	0.2	6	21417.8	0
0.513475	0.0080043	0.2	6	25749.3	0
0.513475	0.0087453	0.2	6	30977.9	0
0.513475	0.00955489	0.2	6	37282.7	0
0.513475	0.0104394	0.2	6	44878	0
0.513475	0.0114058	0.2	6	54020.4	0
0.513475	0.0124617	0.2	6	65016.5	0
0.513475	0.0136154	0.2	6	78233.1	0
0.513475	0.0148758	0.2	6	94108.6	0
0.513475	0.0162529	0.2	6	113167	0
0.513475	0.0177575	0.2	6	136036	0
0.513475	0.0194014	0.2	6	163463	0
0.513475	0.0211975	0.2	6	196345	0
0.513475	0.0231598	0.2	6	235750	0
0.513475	0.0253038	0.2	6	282956	0
0.513475	0.0276463	0.2	6	339492	0
0.513475	0.0302057	0.2	6	407180	0
0.513475	0.0330019	0.2	6	488200	0
0.513475	0.0360571	0.2	6	585155	0
0.513475	0.039395	0.2	6	701156	0
0.513475	0.043042	0.2	6	839915	0
0.513475	0.0470266	0.2	6	1.00587e+06	0
0.513475	0.05138	0.2	6	1.20431e+06	0
0.513475	0.0561365	0.2	6	1.44158e+06	0
0.513475	0.0613333	0.2	6	1.72522e+06	0
0.513475	0.0670111	0.2	6	2.06426e+06	0
0.513475	0.0732147	0.2	6	2.46947e+06	0
0.513475	0.0799925	0.2	6	2.95373e+06	0
0.513475	0.0873977	0.2	6	3.53239e+06	0
0.513475	0.0954885	0.2	6	4.2238e+06	0
0.513475	0.104328	0.2	6	5.04988e+06	0
0.513475	0.113986	0.2	6	6.03678e+06	0
0.513475	0.124539	0.2	6	7.21573e+06	0
0.513475	0.136068	0.2	6	8.62404e+06	0
0.513475	0.148664	0.2	6	1.03062e+07	0
0.513475	0.162426	0.2	6	1.23155e+07	0
0.513475	0.177463	0.2	6	1.47153e+07	0
0.513475	0.193892	0.2	6	1.75815e+07	0
0.513475	0.211841	0.2	6	2.10046e+07	0
0.513475	0.231452	0.2	6	2.50927e+07	0
0.513475	0.252878	0.2	6	2.99749e+07	0
0.513475	0.276288	0.2	6	3.58052e+07	0
0.513475	0.301866	0.2	6	4.27677e+07	0
0.513475	0.329811	0.2	6	5.10822e+07	0
0.513475	0.360343	0.2	6	6.10111e+07	0
0.513475	0.393701	0.2	6	7.28677e+07	0
0.513475	0.430148	0.2	6	8.70263e+07	0
0.513475	0.469968	0.2	6	1.03934e+08	0
0.513475	0.513475	0.2	6	1.24124e+08	0
0.513475	0.56101	0.2	6	1.48234e+08	0
0.513475	0.612945	0.2	6	1.77026e+08	0
0.513475	0.669688	0.2	6	2.11408e+08	0
0.56101	0.000104526	0.2	6	2135.61	0
0.56101	0.000114203	0.2	6	2127.89	0
0.56101	0.000124775	0.2	6	2119.58	0
0.56101	0.000136326	0.2	6	2110.64	0
0.56101	0.000148946	0.2	6	2101.05	0
0.56101	0.000162735	0.2	6	2090.78	0
0.56101	0.0001778	0.2	6	2079.79	0
0.56101	0.00019426	0.2	6	2068.09	0
0.56101	0.000212243	0.2	6	2055.65	0
0.56101	0.000231891	0.2	6	2042.47	0
0.56101	0.000253358	0.2	6	2028.57	0
0.56101	0.000276813	0.2	6	2013.98	0
0.56101	0.000302439	0.2	6	1998.75	0
0.56101	0.000330437	0.2	6	1982.95	0
0.56101	0.000361027	0.2	6	1966.69	0
0.56101	0.000394448	0.2	6	1950.14	0
0.56101	0.000430964	0.2	6	1933.5	0
0.56101	0.00047086	0.2	6	1917.03	0
0.56101	0.00051445	0.2	6	1901.08	0
0.56101	0.000562075	0.2	6	1886.11	0
0.56101	0.000614108	0.2	6	1872.67	0
0.56101	0.000670959	0.2	6	1861.47	0
0.56101	0.000733073	0.2	6	1853.4	0
0.56101	0.000800936	0.2	6	1849.55	0
0.56101	0.000875083	0.2	6	1851.27	0
0.56101	0.000956093	0.2	6	1860.23	0
0.56101	0.0010446	0.2	6	1878.47	0
0.56101	0.00114131	0.2	6	1908.49	0
0.56101	0.00124696	0.2	6	1953.32	0
0.56101	0.0013624	0.2	6	2016.69	0
0.56101	0.00148852	0.2	6	2103.08	0
0.56101	0.00162632	0.2	6	2217.95	0
0.56101	0.00177687	0.2	6	2367.9	0
0.56101	0.00194137	0.2	6	2560.93	0
0.56101	0.00212109	0.2	6	2806.66	0
0.56101	0.00231745	0.2	6	3116.74	0
0.56101	0.00253198	0.2	6	3505.17	0
0.56101	0.00276638	0.2	6	3988.83	0
0.56101	0.00302248	0.2	6	4588.02	0
0.56101	0.00330228	0.2	6	5327.12	0
0.56101	0.00360798	0.2	6	6235.47	0
0.56101	0.00394199	0.2	6	7348.24	0
0.56101	0.00430692	0.2	6	8707.7	0
0.56101	0.00470563	0.2	6	10364.5	0
0.56101	0.00514125	0.2	6	12379.4	0
0.56101	0.0056172	0.2	6	14825.1	0
0.56101	0.0061372	0.2	6	17789	0
0.56101	0.00670535	0.2	6	21375.5	0
0.56101	0.0073261	0.2	6	25709.7	0
0.56101	0.0080043	0.2	6	30941.3	0
0.56101	0.0087453	0.2	6	37249.6	0
0.56101	0.00955489	0.2	6	44848.9	0
0.56101	0.0104394	0.2	6	53995.8	0
0.56101	0.0114058	0.2	6	64997	0
0.56101	0.0124617	0.2	6	78219.4	0
0.56101	0.0136154	0.2	6	94101.6	0
0.56101	0.0148758	0.2	6	113168	0
0.56101	0.0162529	0.2	6	136046	0
0.56101	0.0177575	0.2	6	163483	0
0.56101	0.0194014	0.2	6	196376	0
0.56101	0.0211975	0.2	6	235795	0
0.56101	0.0231598	0.2	6	283017	0
0.56101	0.0253038	0.2	6	339571	0
0.56101	0.0276463	0.2	6	407280	0
0.56101	0.0302057	0.2	6	488325	0
0.56101	0.0330019	0.2	6	585308	0
0.56101	0.0360571	0.2	6	701342	0
0.56101	0.039395	0.2	6	840139	0
0.56101	0.043042	0.2	6	1.00614e+06	0
0.56101	0.0470266	0.2	6	1.20463e+06	0
0.56101	0.05138	0.2	6	1.44196e+06	0
0.56101	0.0561365	0.2	6	1.72567e+06	0
0.56101	0.0613333	0.2	6	2.06479e+06	0
0.56101	0.0670111	0.2	6	2.4701e+06	0
0.56101	0.0732147	0.2	6	2.95446e+06	0
0.56101	0.0799925	0.2	6	3.53325e+06	0
0.56101	0.0873977	0.2	6	4.2248e+06	0
0.56101	0.0954885	0.2	6	5.05104e+06	0
0.56101	0.104328	0.2	6	6.03813e+06	0
0.56101	0.113986	0.2	6	7.2173e+06	0
0.56101	0.124539	0.2	6	8.62585e+06	0
0.56101	0.136068	0.2	6	1.03083e+07	0
0.56101	0.148664	0.2	6	1.23179e+07	0
0.56101	0.162426	0.2	6	1.47181e+07	0
0.56101	0.177463	0.2	6	1.75846e+07	0
0.56101	0.193892	0.2	6	2.10081e+07	0
0.56101	0.211841	0.2	6	2.50966e+07	0
0.56101	0.231452	0.2	6	2.99792e+07	0
0.56101	0.252878	0.2	6	3.58099e+07	0
0.56101	0.276288	0.2	6	4.27728e+07	0
0.56101	0.301866	0.2	6	5.10876e+07	0
0.56101	0.329811	0.2	6	6.10166e+07	0
0.56101	0.360343	0.2	6	7.2873e+07	0
0.56101	0.393701	0.2	6	8.70311e+07	0
0.56101	0.430148	0.2	6	1.03937e+08	0
0.56101	0.469968	0.2	6	1.24125e+08	0
0.56101	0.513475	0.2	6	1.48232e+08	0
0.56101	0.56101	0.2	6	1.77019e+08	0
0.56101	0.612945	0.2	6	2.11394e+08	0
0.56101	0.669688	0.2	6	2.52442e+08	0
0.612945	0.000104526	0.2	6	1968.19	0
0.612945	0.000114203	0.2	6	1959.94	0
0.612945	0.000124775	0.2	6	1951.07	0
0.612945	0.000136326	0.2	6	1941.56	0
0.612945	0.000148946	0.2	6	1931.36	0
0.612945	0.000162735	0.2	6	1920.47	0
0.612945	0.0001778	0.2	6	1908.86	0
0.612945	0.00019426	0.2	6	1896.53	0
0.612945	0.000212243	0.2	6	1883.47	0
0.612945	0.000231891	0.2	6	1869.7	0
0.612945	0.000253358	0.2	6	1855.25	0
0.612945	0.000276813	0.2	6	1840.16	0
0.612945	0.000302439	0.2	6	1824.53	0
0.612945	0.000330437	0.2	6	1808.46	0
0.612945	0.000361027	0.2	6	1792.11	0
0.612945	0.000394448	0.2	6	1775.68	0
0.612945	0.000430964	0.2	6	1759.45	0
0.612945	0.00047086	0.2	6	1743.77	0
0.612945	0.00051445	0.2	6	1729.08	0
0.612945	0.000562075	0.2	6	1715.96	0
0.612945	0.000614108	0.2	6	1705.1	0
0.612945	0.000670959	0.2	6	1697.41	0
0.612945	0.000733073	0.2	6	1693.97	0
0.612945	0.000800936	0.2	6	1696.15	0
0.612945	0.000875083	0.2	6	1705.6	0
0.612945	0.000956093	0.2	6	1724.39	0
0.612945	0.0010446	0.2	6	1755	0
0.612945	0.00114131	0.2	6	1800.49	0
0.612945	0.00124696	0.2	6	1864.57	0
0.612945	0.0013624	0.2	6	1951.75	0
0.612945	0.00148852	0.2	6	2067.49	0
0.612945	0.00162632	0.2	6	2218.39	0
0.612945	0.00177687	0.2	6	2412.46	0
0.612945	0.00194137	0.2	6	2659.35	0
0.612945	0.00212109	0.2	6	2970.69	0
0.612945	0.00231745	0.2	6	3360.52	0
0.612945	0.00253198	0.2	6	3845.71	0
0.612945	0.00276638	0.2	6	4446.59	0
0.612945	0.00302248	0.2	6	5187.56	0
0.612945	0.00330228	0.2	6	6097.97	0
0.612945	0.00360798	0.2	6	7213.03	0
0.612945	0.00394199	0.2	6	8575	0
0.612945	0.00430692	0.2	6	10234.6	0
0.612945	0.00470563	0.2	6	12252.6	0
0.612945	0.00514125	0.2	6	14701.8	0
0.612945	0.0056172	0.2	6	17669.5	0
0.612945	0.0061372	0.2	6	21260.2	0
0.612945	0.00670535	0.2	6	25599.1	0
0.612945	0.0073261	0.2	6	30836	0
0.612945	0.0080043	0.2	6	37150.1	0
0.612945	0.0087453	0.2	6	44756	0
0.612945	0.00955489	0.2	6	53910.2	0
0.612945	0.0104394	0.2	6	64919.7	0
0.612945	0.0114058	0.2	6	78151.3	0
0.612945	0.0124617	0.2	6	94044	0
0.612945	0.0136154	0.2	6	113122	0
0.612945	0.0148758	0.2	6	136013	0
0.612945	0.0162529	0.2	6	163466	0
0.612945	0.0177575	0.2	6	196376	0
0.612945	0.0194014	0.2	6	235813	0
0.612945	0.0211975	0.2	6	283057	0
0.612945	0.0231598	0.2	6	339636	0
0.612945	0.0253038	0.2	6	407373	0
0.612945	0.0276463	0.2	6	488450	0
0.612945	0.0302057	0.2	6	585470	0
0.612945	0.0330019	0.2	6	701545	0
0.612945	0.0360571	0.2	6	840390	0
0.612945	0.039395	0.2	6	1.00644e+06	0
0.612945	0.043042	0.2	6	1.205e+06	0
0.612945	0.0470266	0.2	6	1.4424e+06	0
0.612945	0.05138	0.2	6	1.72619e+06	0
0.612945	0.0561365	0.2	6	2.06541e+06	0
0.612945	0.0613333	0.2	6	2.47082e+06	0
0.612945	0.0670111	0.2	6	2.95531e+06	0
0.612945	0.0732147	0.2	6	3.53424e+06	0
0.612945	0.0799925	0.2	6	4.22596e+06	0
0.612945	0.0873977	0.2	6	5.05238e+06	0
0.612945	0.0954885	0.2	6	6.03968e+06	0
0.612945	0.104328	0.2	6	7.21909e+06	0
0.612945	0.113986	0.2	6	8.62792e+06	0
0.612945	0.124539	0.2	6	1.03107e+07	0
0.612945	0.136068	0.2	6	1.23206e+07	0
0.612945	0.148664	0.2	6	1.47212e+07	0
0.612945	0.162426	0.2	6	1.75882e+07	0
0.612945	0.177463	0.2	6	2.10121e+07	0
0.612945	0.193892	0.2	6	2.51011e+07	0
0.612945	0.211841	0.2	6	2.99842e+07	0
0.612945	0.231452	0.2	6	3.58155e+07	0
0.612945	0.252878	0.2	6	4.27789e+07	0
0.612945	0.276288	0.2	6	5.10942e+07	0
0.612945	0.301866	0.2	6	6.10236e+07	0
0.612945	0.329811	0.2	6	7.28802e+07	0
0.612945	0.360343	0.2	6	8.70382e+07	0
0.612945	0.393701	0.2	6	1.03944e+08	0
0.612945	0.430148	0.2	6	1.24131e+08	0
0.612945	0.469968	0.2	6	1.48236e+08	0
0.612945	0.513475	0.2	6	1.77019e+08	0
0.612945	0.56101	0.2	6	2.11388e+08	0
0.612945	0.612945	0.2	6	2.52429e+08	0
0.612945	0.669688	0.2	6	3.01435e+08	0
0.669688	0.000104526	0.2	6	1693.57	0
0.669688	0.000114203	0.2	6	1684.82	0
0.669688	0.000124775	0.2	6	1675.43	0
0.669688	0.000136326	0.2	6	1665.38	0
0.669688	0.000148946	0.2	6	1654.64	0
0.669688	0.000162735	0.2	6	1643.21	0
0.669688	0.0001778	0.2	6	1631.06	0
0.669688	0.00019426	0.2	6	1618.2	0
0.669688	0.000212243	0.2	6	1604.65	0
0.669688	0.000231891	0.2	6	1590.44	0
0.669688	0.000253358	0.2	6	1575.62	0
0.669688	0.000276813	0.2	6	1560.28	0
0.669688	0.000302439	0.2	6	1544.53	0
0.669688	0.000330437	0.2	6	1528.52	0
0.669688	0.000361027	0.2	6	1512.47	0
0.669688	0.000394448	0.2	6	1496.66	0
0.669688	0.000430964	0.2	6	1481.43	0
0.669688	0.00047086	0.2	6	1467.24	0
0.669688	0.00051445	0.2	6	1454.65	0
0.669688	0.000562075	0.2	6	1444.39	0
0.669688	0.000614108	0.2	6	1437.34	0
0.669688	0.000670959	0.2	6	1434.61	0
0.669688	0.000733073	0.2	6	1437.56	0
0.669688	0.000800936	0.2	6	1447.87	0
0.669688	0.000875083	0.2	6	1467.58	0
0.669688	0.000956093	0.2	6	1499.21	0
0.669688	0.0010446	0.2	6	1545.82	0
0.669688	0.00114131	0.2	6	1611.12	0
0.669688	0.00124696	0.2	6	1699.63	0
0.669688	0.0013624	0.2	6	1816.83	0
0.669688	0.00148852	0.2	6	1969.34	0
0.669688	0.00162632	0.2	6	2165.17	0
0.669688	0.00177687	0.2	6	2413.98	0
0.669688	0.00194137	0.2	6	2727.44	0
0.669688	0.00212109	0.2	6	3119.59	0
0.669688	0.00231745	0.2	6	3607.33	0
0.669688	0.00253198	0.2	6	4211	0
0.669688	0.00276638	0.2	6	4955.05	0
0.669688	0.00302248	0.2	6	5868.84	0
0.669688	0.00330228	0.2	6	6987.61	0
0.669688	0.00360798	0.2	6	8353.68	0
0.669688	0.00394199	0.2	6	10017.8	0
0.669688	0.00430692	0.2	6	12040.7	0
0.669688	0.00470563	0.2	6	14495.4	0
0.669688	0.00514125	0.2	6	17469.1	0
0.669688	0.0056172	0.2	6	21066.5	0
0.669688	0.0061372	0.2	6	25412.7	0
0.669688	0.00670535	0.2	6	30657.8	0
0.669688	0.0073261	0.2	6	36980.9	0
0.669688	0.0080043	0.2	6	44596.8	0
0.669688	0.0087453	0.2	6	53762.1	0
0.669688	0.00955489	0.2	6	64783.8	0
0.669688	0.0104394	0.2	6	78029.1	0
0.669688	0.0114058	0.2	6	93937	0
0.669688	0.0124617	0.2	6	113032	0
0.669688	0.0136154	0.2	6	135942	0
0.669688	0.0148758	0.2	6	163415	0
0.669688	0.0162529	0.2	6	196349	0
0.669688	0.0177575	0.2	6	235813	0
0.669688	0.0194014	0.2	6	283087	0
0.669688	0.0211975	0.2	6	339698	0
0.669688	0.0231598	0.2	6	407473	0
0.669688	0.0253038	0.2	6	488592	0
0.669688	0.0276463	0.2	6	585660	0
0.669688	0.0302057	0.2	6	701788	0
0.669688	0.0330019	0.2	6	840694	0
0.669688	0.0360571	0.2	6	1.00682e+06	0
0.669688	0.039395	0.2	6	1.20545e+06	0
0.669688	0.043042	0.2	6	1.44294e+06	0
0.669688	0.0470266	0.2	6	1.72683e+06	0
0.669688	0.05138	0.2	6	2.06616e+06	0
0.669688	0.0561365	0.2	6	2.4717e+06	0
0.669688	0.0613333	0.2	6	2.95634e+06	0
0.669688	0.0670111	0.2	6	3.53543e+06	0
0.669688	0.0732147	0.2	6	4.22734e+06	0
0.669688	0.0799925	0.2	6	5.05398e+06	0
0.669688	0.0873977	0.2	6	6.04152e+06	0
0.669688	0.0954885	0.2	6	7.22121e+06	0
0.669688	0.104328	0.2	6	8.63035e+06	0
0.669688	0.113986	0.2	6	1.03135e+07	0
0.669688	0.124539	0.2	6	1.23238e+07	0
0.669688	0.136068	0.2	6	1.47248e+07	0
0.669688	0.148664	0.2	6	1.75923e+07	0
0.669688	0.162426	0.2	6	2.10168e+07	0
0.669688	0.177463	0.2	6	2.51064e+07	0
0.669688	0.193892	0.2	6	2.99901e+07	0
0.669688	0.211841	0.2	6	3.58221e+07	0
0.669688	0.231452	0.2	6	4.27862e+07	0
0.669688	0.252878	0.2	6	5.11021e+07	0
0.669688	0.276288	0.2	6	6.10322e+07	0
0.669688	0.301866	0.2	6	7.28894e+07	0
0.669688	0.329811	0.2	6	8.70477e+07	0
0.669688	0.360343	0.2	6	1.03954e+08	0
0.669688	0.393701	0.2	6	1.2414e+08	0
0.669688	0.430148	0.2	6	1.48244e+08	0
0.669688	0.469968	0.2	6	1.77025e+08	0
0.669688	0.513475	0.2	6	2.1139e+08	0
0.669688	0.56101	0.2	6	2.52425e+08	0
0.669688	0.612945	0.2	6	3.01423e+08	0
0.669688	0.669688	0.2	6	3.59931e+08	0
