0.000104526	0.01	0.2	0.103514	329.427	0
0.000104526	0.01	0.2	0.110917	329.421	0
0.000104526	0.01	0.2	0.11885	329.415	0
0.000104526	0.01	0.2	0.12735	329.408	0
0.000104526	0.01	0.2	0.136458	329.399	0
0.000104526	0.01	0.2	0.146218	329.39	0
0.000104526	0.01	0.2	0.156675	329.379	0
0.000104526	0.01	0.2	0.16788	329.367	0
0.000104526	0.01	0.2	0.179887	329.353	0
0.000104526	0.01	0.2	0.192752	329.338	0
0.000104526	0.01	0.2	0.206538	329.32	0
0.000104526	0.01	0.2	0.221309	329.3	0
0.000104526	0.01	0.2	0.237137	329.277	0
0.000104526	0.01	0.2	0.254097	329.251	0
0.000104526	0.01	0.2	0.27227	329.222	0
0.000104526	0.01	0.2	0.291743	329.189	0
0.000104526	0.01	0.2	0.312608	329.153	0
0.000104526	0.01	0.2	0.334965	329.112	0
0.000104526	0.01	0.2	0.358922	329.067	0
0.000104526	0.01	0.2	0.384592	329.017	0
0.000104526	0.01	0.2	0.412098	328.963	0
0.000104526	0.01	0.2	0.44157	328.904	0
0.000104526	0.01	0.2	0.473151	328.839	0
0.000104526	0.01	0.2	0.506991	328.77	0
0.000104526	0.01	0.2	0.54325	328.697	0
0.000104526	0.01	0.2	0.582103	328.62	0
0.000104526	0.01	0.2	0.623735	328.54	0
0.000104526	0.01	0.2	0.668344	328.458	0
0.000104526	0.01	0.2	0.716143	328.376	0
0.000104526	0.01	0.2	0.767361	328.294	0
0.000104526	0.01	0.2	0.822243	328.215	0
0.000104526	0.01	0.2	0.881049	328.14	0
0.000104526	0.01	0.2	0.944061	328.072	0
0.000104526	0.01	0.2	1.01158	328.015	0
0.000104526	0.01	0.2	1.08393	327.976	0
0.000104526	0.01	0.2	1.16145	327.966	0
0.000104526	0.01	0.2	1.24451	328.001	0
0.000104526	0.01	0.2	1.33352	328.112	0
0.000104526	0.01	0.2	1.42889	328.343	0
0.000104526	0.01	0.2	1.53109	328.758	0
0.000104526	0.01	0.2	1.64059	329.446	0
0.000104526	0.01	0.2	1.75792	330.514	0
0.000104526	0.01	0.2	1.88365	332.074	0
0.000104526	0.01	0.2	2.01837	334.222	0
0.000104526	0.01	0.2	2.16272	336.986	0
0.000104526	0.01	0.2	2.31739	340.267	0
0.000104526	0.01	0.2	2.48313	343.765	0
0.000104526	0.01	0.2	2.66073	346.917	0
0.000104526	0.01	0.2	2.85102	348.904	0
0.000104526	0.01	0.2	3.05492	348.828	0
0.000104526	0.01	0.2	3.27341	346.135	0
0.000104526	0.01	0.2	3.50752	341.243	0
0.000104526	0.01	0.2	3.75837	335.956	0
0.000104526	0.01	0.2	4.02717	332.923	0
0.000104526	0.01	0.2	4.31519	333.872	0
0.000104526	0.01	0.2	4.62381	337.728	0
0.000104526	0.01	0.2	4.9545	340.853	0
0.000104526	0.01	0.2	5.30884	339.943	0
0.000104526	0.01	0.2	5.68853	335.029	0
0.000104526	0.01	0.2	6.09537	329.92	0
0.000104526	0.01	0.2	6.53131	329.817	0
0.000104526	0.01	0.2	6.99842	337.572	0
0.000104526	0.01	0.2	7.49894	352.015	0
0.000104526	0.01	0.2	8.03526	366.375	0
0.000104526	0.01	0.2	8.60994	367.215	0
0.000104526	0.01	0.2	9.22571	353.984	0
0.000104526	0.01	0.2	9.88553	348.845	0
0.000104526	0.01	0.2	10.5925	362.093	0
0.000104526	0.01	0.2	11.3501	384.034	0
0.000104526	0.01	0.2	12.1619	401.748	0
0.000104526	0.01	0.2	13.0317	414.839	0
0.000104526	0.01	0.2	13.9637	417.825	0
0.000104526	0.01	0.2	14.9624	397.02	0
0.000104526	0.01	0.2	16.0325	365.95	0
0.000104526	0.01	0.2	17.1791	380.076	0
0.000104526	0.01	0.2	18.4077	433.37	0
0.000104526	0.01	0.2	19.7242	450.827	0
0.000104526	0.01	0.2	21.1349	434.962	0
0.000104526	0.01	0.2	22.6464	490.32	0
0.000104526	0.01	0.2	24.2661	558.334	0
0.000104526	0.01	0.2	26.0016	480.62	0
0.000104526	0.01	0.2	27.8612	464.869	0
0.000104526	0.01	0.2	29.8538	547.977	0
0.000104526	0.01	0.2	31.989	430.315	0
0.000104526	0.01	0.2	34.2768	514.498	0
0.000104526	0.01	0.2	36.7282	583.197	0
0.000104526	0.01	0.2	39.355	431.355	0
0.000104526	0.01	0.2	42.1697	518.301	0
0.000104526	0.01	0.2	45.1856	492.259	0
0.000104526	0.01	0.2	48.4172	469.393	0
0.000104526	0.01	0.2	51.88	514.244	0
0.000104526	0.01	0.2	55.5904	396.388	0
0.000104526	0.01	0.2	59.5662	485.333	0
0.000104526	0.01	0.2	63.8263	441.667	0
0.000104526	0.01	0.2	68.3912	438.954	0
0.000104526	0.01	0.2	73.2825	404.401	0
0.000104526	0.01	0.2	78.5236	411.681	0
0.000104526	0.01	0.2	84.1395	386.649	0
0.000104526	0.01	0.2	90.1571	389.189	0
0.000104526	0.01	0.2	96.6051	380.781	0
0.000114203	0.01	0.2	0.103514	329.425	0
0.000114203	0.01	0.2	0.110917	329.419	0
0.000114203	0.01	0.2	0.11885	329.413	0
0.000114203	0.01	0.2	0.12735	329.405	0
0.000114203	0.01	0.2	0.136458	329.397	0
0.000114203	0.01	0.2	0.146218	329.387	0
0.000114203	0.01	0.2	0.156675	329.376	0
0.000114203	0.01	0.2	0.16788	329.363	0
0.000114203	0.01	0.2	0.179887	329.349	0
0.000114203	0.01	0.2	0.192752	329.332	0
0.000114203	0.01	0.2	0.206538	329.314	0
0.000114203	0.01	0.2	0.221309	329.293	0
0.000114203	0.01	0.2	0.237137	329.269	0
0.000114203	0.01	0.2	0.254097	329.242	0
0.000114203	0.01	0.2	0.27227	329.211	0
0.000114203	0.01	0.2	0.291743	329.177	0
0.000114203	0.01	0.2	0.312608	329.139	0
0.000114203	0.01	0.2	0.334965	329.097	0
0.000114203	0.01	0.2	0.358922	329.05	0
0.000114203	0.01	0.2	0.384592	328.998	0
0.000114203	0.01	0.2	0.412098	328.941	0
0.000114203	0.01	0.2	0.44157	328.878	0
0.000114203	0.01	0.2	0.473151	328.811	0
0.000114203	0.01	0.2	0.506991	328.738	0
0.000114203	0.01	0.2	0.54325	328.661	0
0.000114203	0.01	0.2	0.582103	328.58	0
0.000114203	0.01	0.2	0.623735	328.496	0
0.000114203	0.01	0.2	0.668344	328.409	0
0.000114203	0.01	0.2	0.716143	328.321	0
0.000114203	0.01	0.2	0.767361	328.234	0
0.000114203	0.01	0.2	0.822243	328.149	0
0.000114203	0.01	0.2	0.881049	328.068	0
0.000114203	0.01	0.2	0.944061	327.994	0
0.000114203	0.01	0.2	1.01158	327.931	0
0.000114203	0.01	0.2	1.08393	327.886	0
0.000114203	0.01	0.2	1.16145	327.87	0
0.000114203	0.01	0.2	1.24451	327.9	0
0.000114203	0.01	0.2	1.33352	328.006	0
0.000114203	0.01	0.2	1.42889	328.231	0
0.000114203	0.01	0.2	1.53109	328.643	0
0.000114203	0.01	0.2	1.64059	329.327	0
0.000114203	0.01	0.2	1.75792	330.392	0
0.000114203	0.01	0.2	1.88365	331.951	0
0.000114203	0.01	0.2	2.01837	334.099	0
0.000114203	0.01	0.2	2.16272	336.863	0
0.000114203	0.01	0.2	2.31739	340.146	0
0.000114203	0.01	0.2	2.48313	343.646	0
0.000114203	0.01	0.2	2.66073	346.8	0
0.000114203	0.01	0.2	2.85102	348.79	0
0.000114203	0.01	0.2	3.05492	348.716	0
0.000114203	0.01	0.2	3.27341	346.024	0
0.000114203	0.01	0.2	3.50752	341.133	0
0.000114203	0.01	0.2	3.75837	335.842	0
0.000114203	0.01	0.2	4.02717	332.804	0
0.000114203	0.01	0.2	4.31519	333.745	0
0.000114203	0.01	0.2	4.62381	337.591	0
0.000114203	0.01	0.2	4.9545	340.706	0
0.000114203	0.01	0.2	5.30884	339.787	0
0.000114203	0.01	0.2	5.68853	334.868	0
0.000114203	0.01	0.2	6.09537	329.759	0
0.000114203	0.01	0.2	6.53131	329.659	0
0.000114203	0.01	0.2	6.99842	337.42	0
0.000114203	0.01	0.2	7.49894	351.869	0
0.000114203	0.01	0.2	8.03526	366.235	0
0.000114203	0.01	0.2	8.60994	367.08	0
0.000114203	0.01	0.2	9.22571	353.852	0
0.000114203	0.01	0.2	9.88553	348.714	0
0.000114203	0.01	0.2	10.5925	361.962	0
0.000114203	0.01	0.2	11.3501	383.904	0
0.000114203	0.01	0.2	12.1619	401.622	0
0.000114203	0.01	0.2	13.0317	414.718	0
0.000114203	0.01	0.2	13.9637	417.709	0
0.000114203	0.01	0.2	14.9624	396.905	0
0.000114203	0.01	0.2	16.0325	365.831	0
0.000114203	0.01	0.2	17.1791	379.95	0
0.000114203	0.01	0.2	18.4077	433.24	0
0.000114203	0.01	0.2	19.7242	450.698	0
0.000114203	0.01	0.2	21.1349	434.837	0
0.000114203	0.01	0.2	22.6464	490.198	0
0.000114203	0.01	0.2	24.2661	558.211	0
0.000114203	0.01	0.2	26.0016	480.496	0
0.000114203	0.01	0.2	27.8612	464.747	0
0.000114203	0.01	0.2	29.8538	547.858	0
0.000114203	0.01	0.2	31.989	430.19	0
0.000114203	0.01	0.2	34.2768	514.364	0
0.000114203	0.01	0.2	36.7282	583.069	0
0.000114203	0.01	0.2	39.355	431.235	0
0.000114203	0.01	0.2	42.1697	518.179	0
0.000114203	0.01	0.2	45.1856	492.137	0
0.000114203	0.01	0.2	48.4172	469.263	0
0.000114203	0.01	0.2	51.88	514.111	0
0.000114203	0.01	0.2	55.5904	396.269	0
0.000114203	0.01	0.2	59.5662	485.215	0
0.000114203	0.01	0.2	63.8263	441.534	0
0.000114203	0.01	0.2	68.3912	438.828	0
0.000114203	0.01	0.2	73.2825	404.277	0
0.000114203	0.01	0.2	78.5236	411.556	0
0.000114203	0.01	0.2	84.1395	386.525	0
0.000114203	0.01	0.2	90.1571	389.067	0
0.000114203	0.01	0.2	96.6051	380.663	0
0.000124775	0.01	0.2	0.103514	329.423	0
0.000124775	0.01	0.2	0.110917	329.417	0
0.000124775	0.01	0.2	0.11885	329.411	0
0.000124775	0.01	0.2	0.12735	329.403	0
0.000124775	0.01	0.2	0.136458	329.394	0
0.000124775	0.01	0.2	0.146218	329.384	0
0.000124775	0.01	0.2	0.156675	329.372	0
0.000124775	0.01	0.2	0.16788	329.359	0
0.000124775	0.01	0.2	0.179887	329.344	0
0.000124775	0.01	0.2	0.192752	329.326	0
0.000124775	0.01	0.2	0.206538	329.307	0
0.000124775	0.01	0.2	0.221309	329.285	0
0.000124775	0.01	0.2	0.237137	329.26	0
0.000124775	0.01	0.2	0.254097	329.232	0
0.000124775	0.01	0.2	0.27227	329.2	0
0.000124775	0.01	0.2	0.291743	329.164	0
0.000124775	0.01	0.2	0.312608	329.124	0
0.000124775	0.01	0.2	0.334965	329.08	0
0.000124775	0.01	0.2	0.358922	329.031	0
0.000124775	0.01	0.2	0.384592	328.976	0
0.000124775	0.01	0.2	0.412098	328.916	0
0.000124775	0.01	0.2	0.44157	328.851	0
0.000124775	0.01	0.2	0.473151	328.78	0
0.000124775	0.01	0.2	0.506991	328.703	0
0.000124775	0.01	0.2	0.54325	328.622	0
0.000124775	0.01	0.2	0.582103	328.536	0
0.000124775	0.01	0.2	0.623735	328.447	0
0.000124775	0.01	0.2	0.668344	328.355	0
0.000124775	0.01	0.2	0.716143	328.261	0
0.000124775	0.01	0.2	0.767361	328.168	0
0.000124775	0.01	0.2	0.822243	328.076	0
0.000124775	0.01	0.2	0.881049	327.989	0
0.000124775	0.01	0.2	0.944061	327.909	0
0.000124775	0.01	0.2	1.01158	327.84	0
0.000124775	0.01	0.2	1.08393	327.788	0
0.000124775	0.01	0.2	1.16145	327.765	0
0.000124775	0.01	0.2	1.24451	327.789	0
0.000124775	0.01	0.2	1.33352	327.889	0
0.000124775	0.01	0.2	1.42889	328.11	0
0.000124775	0.01	0.2	1.53109	328.516	0
0.000124775	0.01	0.2	1.64059	329.197	0
0.000124775	0.01	0.2	1.75792	330.259	0
0.000124775	0.01	0.2	1.88365	331.817	0
0.000124775	0.01	0.2	2.01837	333.964	0
0.000124775	0.01	0.2	2.16272	336.729	0
0.000124775	0.01	0.2	2.31739	340.013	0
0.000124775	0.01	0.2	2.48313	343.516	0
0.000124775	0.01	0.2	2.66073	346.672	0
0.000124775	0.01	0.2	2.85102	348.666	0
0.000124775	0.01	0.2	3.05492	348.594	0
0.000124775	0.01	0.2	3.27341	345.904	0
0.000124775	0.01	0.2	3.50752	341.012	0
0.000124775	0.01	0.2	3.75837	335.718	0
0.000124775	0.01	0.2	4.02717	332.674	0
0.000124775	0.01	0.2	4.31519	333.606	0
0.000124775	0.01	0.2	4.62381	337.441	0
0.000124775	0.01	0.2	4.9545	340.545	0
0.000124775	0.01	0.2	5.30884	339.617	0
0.000124775	0.01	0.2	5.68853	334.692	0
0.000124775	0.01	0.2	6.09537	329.583	0
0.000124775	0.01	0.2	6.53131	329.487	0
0.000124775	0.01	0.2	6.99842	337.253	0
0.000124775	0.01	0.2	7.49894	351.71	0
0.000124775	0.01	0.2	8.03526	366.083	0
0.000124775	0.01	0.2	8.60994	366.932	0
0.000124775	0.01	0.2	9.22571	353.707	0
0.000124775	0.01	0.2	9.88553	348.571	0
0.000124775	0.01	0.2	10.5925	361.819	0
0.000124775	0.01	0.2	11.3501	383.762	0
0.000124775	0.01	0.2	12.1619	401.484	0
0.000124775	0.01	0.2	13.0317	414.587	0
0.000124775	0.01	0.2	13.9637	417.583	0
0.000124775	0.01	0.2	14.9624	396.78	0
0.000124775	0.01	0.2	16.0325	365.701	0
0.000124775	0.01	0.2	17.1791	379.811	0
0.000124775	0.01	0.2	18.4077	433.097	0
0.000124775	0.01	0.2	19.7242	450.558	0
0.000124775	0.01	0.2	21.1349	434.701	0
0.000124775	0.01	0.2	22.6464	490.065	0
0.000124775	0.01	0.2	24.2661	558.077	0
0.000124775	0.01	0.2	26.0016	480.361	0
0.000124775	0.01	0.2	27.8612	464.614	0
0.000124775	0.01	0.2	29.8538	547.728	0
0.000124775	0.01	0.2	31.989	430.054	0
0.000124775	0.01	0.2	34.2768	514.218	0
0.000124775	0.01	0.2	36.7282	582.929	0
0.000124775	0.01	0.2	39.355	431.105	0
0.000124775	0.01	0.2	42.1697	518.046	0
0.000124775	0.01	0.2	45.1856	492.004	0
0.000124775	0.01	0.2	48.4172	469.122	0
0.000124775	0.01	0.2	51.88	513.965	0
0.000124775	0.01	0.2	55.5904	396.138	0
0.000124775	0.01	0.2	59.5662	485.087	0
0.000124775	0.01	0.2	63.8263	441.39	0
0.000124775	0.01	0.2	68.3912	438.691	0
0.000124775	0.01	0.2	73.2825	404.141	0
0.000124775	0.01	0.2	78.5236	411.421	0
0.000124775	0.01	0.2	84.1395	386.39	0
0.000124775	0.01	0.2	90.1571	388.934	0
0.000124775	0.01	0.2	96.6051	380.534	0
0.000136326	0.01	0.2	0.103514	329.422	0
0.000136326	0.01	0.2	0.110917	329.415	0
0.000136326	0.01	0.2	0.11885	329.408	0
0.000136326	0.01	0.2	0.12735	329.4	0
0.000136326	0.01	0.2	0.136458	329.391	0
0.000136326	0.01	0.2	0.146218	329.38	0
0.000136326	0.01	0.2	0.156675	329.368	0
0.000136326	0.01	0.2	0.16788	329.354	0
0.000136326	0.01	0.2	0.179887	329.338	0
0.000136326	0.01	0.2	0.192752	329.32	0
0.000136326	0.01	0.2	0.206538	329.3	0
0.000136326	0.01	0.2	0.221309	329.277	0
0.000136326	0.01	0.2	0.237137	329.25	0
0.000136326	0.01	0.2	0.254097	329.221	0
0.000136326	0.01	0.2	0.27227	329.188	0
0.000136326	0.01	0.2	0.291743	329.15	0
0.000136326	0.01	0.2	0.312608	329.108	0
0.000136326	0.01	0.2	0.334965	329.062	0
0.000136326	0.01	0.2	0.358922	329.01	0
0.000136326	0.01	0.2	0.384592	328.952	0
0.000136326	0.01	0.2	0.412098	328.889	0
0.000136326	0.01	0.2	0.44157	328.821	0
0.000136326	0.01	0.2	0.473151	328.746	0
0.000136326	0.01	0.2	0.506991	328.665	0
0.000136326	0.01	0.2	0.54325	328.579	0
0.000136326	0.01	0.2	0.582103	328.489	0
0.000136326	0.01	0.2	0.623735	328.394	0
0.000136326	0.01	0.2	0.668344	328.296	0
0.000136326	0.01	0.2	0.716143	328.196	0
0.000136326	0.01	0.2	0.767361	328.096	0
0.000136326	0.01	0.2	0.822243	327.998	0
0.000136326	0.01	0.2	0.881049	327.903	0
0.000136326	0.01	0.2	0.944061	327.816	0
0.000136326	0.01	0.2	1.01158	327.74	0
0.000136326	0.01	0.2	1.08393	327.681	0
0.000136326	0.01	0.2	1.16145	327.651	0
0.000136326	0.01	0.2	1.24451	327.668	0
0.000136326	0.01	0.2	1.33352	327.762	0
0.000136326	0.01	0.2	1.42889	327.977	0
0.000136326	0.01	0.2	1.53109	328.378	0
0.000136326	0.01	0.2	1.64059	329.055	0
0.000136326	0.01	0.2	1.75792	330.114	0
0.000136326	0.01	0.2	1.88365	331.67	0
0.000136326	0.01	0.2	2.01837	333.816	0
0.000136326	0.01	0.2	2.16272	336.582	0
0.000136326	0.01	0.2	2.31739	339.868	0
0.000136326	0.01	0.2	2.48313	343.373	0
0.000136326	0.01	0.2	2.66073	346.533	0
0.000136326	0.01	0.2	2.85102	348.53	0
0.000136326	0.01	0.2	3.05492	348.461	0
0.000136326	0.01	0.2	3.27341	345.772	0
0.000136326	0.01	0.2	3.50752	340.879	0
0.000136326	0.01	0.2	3.75837	335.582	0
0.000136326	0.01	0.2	4.02717	332.532	0
0.000136326	0.01	0.2	4.31519	333.454	0
0.000136326	0.01	0.2	4.62381	337.277	0
0.000136326	0.01	0.2	4.9545	340.369	0
0.000136326	0.01	0.2	5.30884	339.431	0
0.000136326	0.01	0.2	5.68853	334.5	0
0.000136326	0.01	0.2	6.09537	329.39	0
0.000136326	0.01	0.2	6.53131	329.298	0
0.000136326	0.01	0.2	6.99842	337.072	0
0.000136326	0.01	0.2	7.49894	351.536	0
0.000136326	0.01	0.2	8.03526	365.916	0
0.000136326	0.01	0.2	8.60994	366.771	0
0.000136326	0.01	0.2	9.22571	353.549	0
0.000136326	0.01	0.2	9.88553	348.415	0
0.000136326	0.01	0.2	10.5925	361.663	0
0.000136326	0.01	0.2	11.3501	383.607	0
0.000136326	0.01	0.2	12.1619	401.333	0
0.000136326	0.01	0.2	13.0317	414.443	0
0.000136326	0.01	0.2	13.9637	417.445	0
0.000136326	0.01	0.2	14.9624	396.643	0
0.000136326	0.01	0.2	16.0325	365.558	0
0.000136326	0.01	0.2	17.1791	379.66	0
0.000136326	0.01	0.2	18.4077	432.941	0
0.000136326	0.01	0.2	19.7242	450.405	0
0.000136326	0.01	0.2	21.1349	434.552	0
0.000136326	0.01	0.2	22.6464	489.92	0
0.000136326	0.01	0.2	24.2661	557.929	0
0.000136326	0.01	0.2	26.0016	480.213	0
0.000136326	0.01	0.2	27.8612	464.468	0
0.000136326	0.01	0.2	29.8538	547.586	0
0.000136326	0.01	0.2	31.989	429.905	0
0.000136326	0.01	0.2	34.2768	514.058	0
0.000136326	0.01	0.2	36.7282	582.776	0
0.000136326	0.01	0.2	39.355	430.962	0
0.000136326	0.01	0.2	42.1697	517.9	0
0.000136326	0.01	0.2	45.1856	491.859	0
0.000136326	0.01	0.2	48.4172	468.968	0
0.000136326	0.01	0.2	51.88	513.807	0
0.000136326	0.01	0.2	55.5904	395.995	0
0.000136326	0.01	0.2	59.5662	484.946	0
0.000136326	0.01	0.2	63.8263	441.232	0
0.000136326	0.01	0.2	68.3912	438.542	0
0.000136326	0.01	0.2	73.2825	403.993	0
0.000136326	0.01	0.2	78.5236	411.273	0
0.000136326	0.01	0.2	84.1395	386.243	0
0.000136326	0.01	0.2	90.1571	388.789	0
0.000136326	0.01	0.2	96.6051	380.392	0
0.000148946	0.01	0.2	0.103514	329.419	0
0.000148946	0.01	0.2	0.110917	329.413	0
0.000148946	0.01	0.2	0.11885	329.405	0
0.000148946	0.01	0.2	0.12735	329.397	0
0.000148946	0.01	0.2	0.136458	329.387	0
0.000148946	0.01	0.2	0.146218	329.376	0
0.000148946	0.01	0.2	0.156675	329.363	0
0.000148946	0.01	0.2	0.16788	329.349	0
0.000148946	0.01	0.2	0.179887	329.332	0
0.000148946	0.01	0.2	0.192752	329.313	0
0.000148946	0.01	0.2	0.206538	329.292	0
0.000148946	0.01	0.2	0.221309	329.267	0
0.000148946	0.01	0.2	0.237137	329.24	0
0.000148946	0.01	0.2	0.254097	329.209	0
0.000148946	0.01	0.2	0.27227	329.174	0
0.000148946	0.01	0.2	0.291743	329.135	0
0.000148946	0.01	0.2	0.312608	329.091	0
0.000148946	0.01	0.2	0.334965	329.042	0
0.000148946	0.01	0.2	0.358922	328.987	0
0.000148946	0.01	0.2	0.384592	328.927	0
0.000148946	0.01	0.2	0.412098	328.86	0
0.000148946	0.01	0.2	0.44157	328.788	0
0.000148946	0.01	0.2	0.473151	328.709	0
0.000148946	0.01	0.2	0.506991	328.624	0
0.000148946	0.01	0.2	0.54325	328.533	0
0.000148946	0.01	0.2	0.582103	328.436	0
0.000148946	0.01	0.2	0.623735	328.335	0
0.000148946	0.01	0.2	0.668344	328.231	0
0.000148946	0.01	0.2	0.716143	328.125	0
0.000148946	0.01	0.2	0.767361	328.017	0
0.000148946	0.01	0.2	0.822243	327.912	0
0.000148946	0.01	0.2	0.881049	327.81	0
0.000148946	0.01	0.2	0.944061	327.714	0
0.000148946	0.01	0.2	1.01158	327.63	0
0.000148946	0.01	0.2	1.08393	327.564	0
0.000148946	0.01	0.2	1.16145	327.526	0
0.000148946	0.01	0.2	1.24451	327.536	0
0.000148946	0.01	0.2	1.33352	327.623	0
0.000148946	0.01	0.2	1.42889	327.831	0
0.000148946	0.01	0.2	1.53109	328.228	0
0.000148946	0.01	0.2	1.64059	328.9	0
0.000148946	0.01	0.2	1.75792	329.956	0
0.000148946	0.01	0.2	1.88365	331.51	0
0.000148946	0.01	0.2	2.01837	333.656	0
0.000148946	0.01	0.2	2.16272	336.422	0
0.000148946	0.01	0.2	2.31739	339.71	0
0.000148946	0.01	0.2	2.48313	343.218	0
0.000148946	0.01	0.2	2.66073	346.381	0
0.000148946	0.01	0.2	2.85102	348.381	0
0.000148946	0.01	0.2	3.05492	348.316	0
0.000148946	0.01	0.2	3.27341	345.629	0
0.000148946	0.01	0.2	3.50752	340.735	0
0.000148946	0.01	0.2	3.75837	335.434	0
0.000148946	0.01	0.2	4.02717	332.377	0
0.000148946	0.01	0.2	4.31519	333.289	0
0.000148946	0.01	0.2	4.62381	337.099	0
0.000148946	0.01	0.2	4.9545	340.177	0
0.000148946	0.01	0.2	5.30884	339.228	0
0.000148946	0.01	0.2	5.68853	334.291	0
0.000148946	0.01	0.2	6.09537	329.18	0
0.000148946	0.01	0.2	6.53131	329.092	0
0.000148946	0.01	0.2	6.99842	336.874	0
0.000148946	0.01	0.2	7.49894	351.347	0
0.000148946	0.01	0.2	8.03526	365.734	0
0.000148946	0.01	0.2	8.60994	366.594	0
0.000148946	0.01	0.2	9.22571	353.377	0
0.000148946	0.01	0.2	9.88553	348.244	0
0.000148946	0.01	0.2	10.5925	361.492	0
0.000148946	0.01	0.2	11.3501	383.437	0
0.000148946	0.01	0.2	12.1619	401.168	0
0.000148946	0.01	0.2	13.0317	414.286	0
0.000148946	0.01	0.2	13.9637	417.294	0
0.000148946	0.01	0.2	14.9624	396.493	0
0.000148946	0.01	0.2	16.0325	365.402	0
0.000148946	0.01	0.2	17.1791	379.495	0
0.000148946	0.01	0.2	18.4077	432.771	0
0.000148946	0.01	0.2	19.7242	450.237	0
0.000148946	0.01	0.2	21.1349	434.389	0
0.000148946	0.01	0.2	22.6464	489.761	0
0.000148946	0.01	0.2	24.2661	557.769	0
0.000148946	0.01	0.2	26.0016	480.051	0
0.000148946	0.01	0.2	27.8612	464.309	0
0.000148946	0.01	0.2	29.8538	547.431	0
0.000148946	0.01	0.2	31.989	429.743	0
0.000148946	0.01	0.2	34.2768	513.884	0
0.000148946	0.01	0.2	36.7282	582.609	0
0.000148946	0.01	0.2	39.355	430.806	0
0.000148946	0.01	0.2	42.1697	517.741	0
0.000148946	0.01	0.2	45.1856	491.7	0
0.000148946	0.01	0.2	48.4172	468.799	0
0.000148946	0.01	0.2	51.88	513.633	0
0.000148946	0.01	0.2	55.5904	395.839	0
0.000148946	0.01	0.2	59.5662	484.793	0
0.000148946	0.01	0.2	63.8263	441.059	0
0.000148946	0.01	0.2	68.3912	438.378	0
0.000148946	0.01	0.2	73.2825	403.831	0
0.000148946	0.01	0.2	78.5236	411.111	0
0.000148946	0.01	0.2	84.1395	386.082	0
0.000148946	0.01	0.2	90.1571	388.63	0
0.000148946	0.01	0.2	96.6051	380.238	0
0.000162735	0.01	0.2	0.103514	329.417	0
0.000162735	0.01	0.2	0.110917	329.41	0
0.000162735	0.01	0.2	0.11885	329.402	0
0.000162735	0.01	0.2	0.12735	329.393	0
0.000162735	0.01	0.2	0.136458	329.383	0
0.000162735	0.01	0.2	0.146218	329.371	0
0.000162735	0.01	0.2	0.156675	329.358	0
0.000162735	0.01	0.2	0.16788	329.343	0
0.000162735	0.01	0.2	0.179887	329.325	0
0.000162735	0.01	0.2	0.192752	329.306	0
0.000162735	0.01	0.2	0.206538	329.283	0
0.000162735	0.01	0.2	0.221309	329.257	0
0.000162735	0.01	0.2	0.237137	329.229	0
0.000162735	0.01	0.2	0.254097	329.196	0
0.000162735	0.01	0.2	0.27227	329.159	0
0.000162735	0.01	0.2	0.291743	329.118	0
0.000162735	0.01	0.2	0.312608	329.072	0
0.000162735	0.01	0.2	0.334965	329.02	0
0.000162735	0.01	0.2	0.358922	328.962	0
0.000162735	0.01	0.2	0.384592	328.899	0
0.000162735	0.01	0.2	0.412098	328.828	0
0.000162735	0.01	0.2	0.44157	328.752	0
0.000162735	0.01	0.2	0.473151	328.668	0
0.000162735	0.01	0.2	0.506991	328.578	0
0.000162735	0.01	0.2	0.54325	328.481	0
0.000162735	0.01	0.2	0.582103	328.379	0
0.000162735	0.01	0.2	0.623735	328.272	0
0.000162735	0.01	0.2	0.668344	328.16	0
0.000162735	0.01	0.2	0.716143	328.047	0
0.000162735	0.01	0.2	0.767361	327.932	0
0.000162735	0.01	0.2	0.822243	327.818	0
0.000162735	0.01	0.2	0.881049	327.707	0
0.000162735	0.01	0.2	0.944061	327.603	0
0.000162735	0.01	0.2	1.01158	327.511	0
0.000162735	0.01	0.2	1.08393	327.436	0
0.000162735	0.01	0.2	1.16145	327.39	0
0.000162735	0.01	0.2	1.24451	327.392	0
0.000162735	0.01	0.2	1.33352	327.471	0
0.000162735	0.01	0.2	1.42889	327.673	0
0.000162735	0.01	0.2	1.53109	328.063	0
0.000162735	0.01	0.2	1.64059	328.731	0
0.000162735	0.01	0.2	1.75792	329.783	0
0.000162735	0.01	0.2	1.88365	331.335	0
0.000162735	0.01	0.2	2.01837	333.48	0
0.000162735	0.01	0.2	2.16272	336.247	0
0.000162735	0.01	0.2	2.31739	339.537	0
0.000162735	0.01	0.2	2.48313	343.048	0
0.000162735	0.01	0.2	2.66073	346.215	0
0.000162735	0.01	0.2	2.85102	348.219	0
0.000162735	0.01	0.2	3.05492	348.157	0
0.000162735	0.01	0.2	3.27341	345.472	0
0.000162735	0.01	0.2	3.50752	340.577	0
0.000162735	0.01	0.2	3.75837	335.273	0
0.000162735	0.01	0.2	4.02717	332.208	0
0.000162735	0.01	0.2	4.31519	333.108	0
0.000162735	0.01	0.2	4.62381	336.903	0
0.000162735	0.01	0.2	4.9545	339.967	0
0.000162735	0.01	0.2	5.30884	339.006	0
0.000162735	0.01	0.2	5.68853	334.062	0
0.000162735	0.01	0.2	6.09537	328.95	0
0.000162735	0.01	0.2	6.53131	328.868	0
0.000162735	0.01	0.2	6.99842	336.657	0
0.000162735	0.01	0.2	7.49894	351.139	0
0.000162735	0.01	0.2	8.03526	365.535	0
0.000162735	0.01	0.2	8.60994	366.402	0
0.000162735	0.01	0.2	9.22571	353.189	0
0.000162735	0.01	0.2	9.88553	348.058	0
0.000162735	0.01	0.2	10.5925	361.305	0
0.000162735	0.01	0.2	11.3501	383.252	0
0.000162735	0.01	0.2	12.1619	400.988	0
0.000162735	0.01	0.2	13.0317	414.114	0
0.000162735	0.01	0.2	13.9637	417.129	0
0.000162735	0.01	0.2	14.9624	396.33	0
0.000162735	0.01	0.2	16.0325	365.233	0
0.000162735	0.01	0.2	17.1791	379.315	0
0.000162735	0.01	0.2	18.4077	432.585	0
0.000162735	0.01	0.2	19.7242	450.055	0
0.000162735	0.01	0.2	21.1349	434.211	0
0.000162735	0.01	0.2	22.6464	489.587	0
0.000162735	0.01	0.2	24.2661	557.593	0
0.000162735	0.01	0.2	26.0016	479.875	0
0.000162735	0.01	0.2	27.8612	464.135	0
0.000162735	0.01	0.2	29.8538	547.262	0
0.000162735	0.01	0.2	31.989	429.566	0
0.000162735	0.01	0.2	34.2768	513.693	0
0.000162735	0.01	0.2	36.7282	582.427	0
0.000162735	0.01	0.2	39.355	430.636	0
0.000162735	0.01	0.2	42.1697	517.568	0
0.000162735	0.01	0.2	45.1856	491.526	0
0.000162735	0.01	0.2	48.4172	468.615	0
0.000162735	0.01	0.2	51.88	513.444	0
0.000162735	0.01	0.2	55.5904	395.669	0
0.000162735	0.01	0.2	59.5662	484.625	0
0.000162735	0.01	0.2	63.8263	440.87	0
0.000162735	0.01	0.2	68.3912	438.2	0
0.000162735	0.01	0.2	73.2825	403.654	0
0.000162735	0.01	0.2	78.5236	410.934	0
0.000162735	0.01	0.2	84.1395	385.906	0
0.000162735	0.01	0.2	90.1571	388.457	0
0.000162735	0.01	0.2	96.6051	380.07	0
0.0001778	0.01	0.2	0.103514	329.415	0
0.0001778	0.01	0.2	0.110917	329.408	0
0.0001778	0.01	0.2	0.11885	329.399	0
0.0001778	0.01	0.2	0.12735	329.39	0
0.0001778	0.01	0.2	0.136458	329.379	0
0.0001778	0.01	0.2	0.146218	329.367	0
0.0001778	0.01	0.2	0.156675	329.352	0
0.0001778	0.01	0.2	0.16788	329.336	0
0.0001778	0.01	0.2	0.179887	329.318	0
0.0001778	0.01	0.2	0.192752	329.297	0
0.0001778	0.01	0.2	0.206538	329.273	0
0.0001778	0.01	0.2	0.221309	329.247	0
0.0001778	0.01	0.2	0.237137	329.216	0
0.0001778	0.01	0.2	0.254097	329.182	0
0.0001778	0.01	0.2	0.27227	329.143	0
0.0001778	0.01	0.2	0.291743	329.099	0
0.0001778	0.01	0.2	0.312608	329.051	0
0.0001778	0.01	0.2	0.334965	328.996	0
0.0001778	0.01	0.2	0.358922	328.935	0
0.0001778	0.01	0.2	0.384592	328.868	0
0.0001778	0.01	0.2	0.412098	328.794	0
0.0001778	0.01	0.2	0.44157	328.712	0
0.0001778	0.01	0.2	0.473151	328.624	0
0.0001778	0.01	0.2	0.506991	328.528	0
0.0001778	0.01	0.2	0.54325	328.426	0
0.0001778	0.01	0.2	0.582103	328.317	0
0.0001778	0.01	0.2	0.623735	328.202	0
0.0001778	0.01	0.2	0.668344	328.083	0
0.0001778	0.01	0.2	0.716143	327.961	0
0.0001778	0.01	0.2	0.767361	327.838	0
0.0001778	0.01	0.2	0.822243	327.715	0
0.0001778	0.01	0.2	0.881049	327.596	0
0.0001778	0.01	0.2	0.944061	327.482	0
0.0001778	0.01	0.2	1.01158	327.38	0
0.0001778	0.01	0.2	1.08393	327.296	0
0.0001778	0.01	0.2	1.16145	327.241	0
0.0001778	0.01	0.2	1.24451	327.234	0
0.0001778	0.01	0.2	1.33352	327.305	0
0.0001778	0.01	0.2	1.42889	327.5	0
0.0001778	0.01	0.2	1.53109	327.883	0
0.0001778	0.01	0.2	1.64059	328.546	0
0.0001778	0.01	0.2	1.75792	329.594	0
0.0001778	0.01	0.2	1.88365	331.143	0
0.0001778	0.01	0.2	2.01837	333.288	0
0.0001778	0.01	0.2	2.16272	336.056	0
0.0001778	0.01	0.2	2.31739	339.348	0
0.0001778	0.01	0.2	2.48313	342.862	0
0.0001778	0.01	0.2	2.66073	346.033	0
0.0001778	0.01	0.2	2.85102	348.041	0
0.0001778	0.01	0.2	3.05492	347.983	0
0.0001778	0.01	0.2	3.27341	345.3	0
0.0001778	0.01	0.2	3.50752	340.405	0
0.0001778	0.01	0.2	3.75837	335.096	0
0.0001778	0.01	0.2	4.02717	332.023	0
0.0001778	0.01	0.2	4.31519	332.91	0
0.0001778	0.01	0.2	4.62381	336.69	0
0.0001778	0.01	0.2	4.9545	339.738	0
0.0001778	0.01	0.2	5.30884	338.764	0
0.0001778	0.01	0.2	5.68853	333.812	0
0.0001778	0.01	0.2	6.09537	328.7	0
0.0001778	0.01	0.2	6.53131	328.622	0
0.0001778	0.01	0.2	6.99842	336.421	0
0.0001778	0.01	0.2	7.49894	350.913	0
0.0001778	0.01	0.2	8.03526	365.318	0
0.0001778	0.01	0.2	8.60994	366.192	0
0.0001778	0.01	0.2	9.22571	352.983	0
0.0001778	0.01	0.2	9.88553	347.854	0
0.0001778	0.01	0.2	10.5925	361.102	0
0.0001778	0.01	0.2	11.3501	383.05	0
0.0001778	0.01	0.2	12.1619	400.791	0
0.0001778	0.01	0.2	13.0317	413.926	0
0.0001778	0.01	0.2	13.9637	416.95	0
0.0001778	0.01	0.2	14.9624	396.151	0
0.0001778	0.01	0.2	16.0325	365.047	0
0.0001778	0.01	0.2	17.1791	379.118	0
0.0001778	0.01	0.2	18.4077	432.382	0
0.0001778	0.01	0.2	19.7242	449.855	0
0.0001778	0.01	0.2	21.1349	434.017	0
0.0001778	0.01	0.2	22.6464	489.398	0
0.0001778	0.01	0.2	24.2661	557.402	0
0.0001778	0.01	0.2	26.0016	479.682	0
0.0001778	0.01	0.2	27.8612	463.945	0
0.0001778	0.01	0.2	29.8538	547.077	0
0.0001778	0.01	0.2	31.989	429.372	0
0.0001778	0.01	0.2	34.2768	513.485	0
0.0001778	0.01	0.2	36.7282	582.227	0
0.0001778	0.01	0.2	39.355	430.451	0
0.0001778	0.01	0.2	42.1697	517.378	0
0.0001778	0.01	0.2	45.1856	491.336	0
0.0001778	0.01	0.2	48.4172	468.414	0
0.0001778	0.01	0.2	51.88	513.237	0
0.0001778	0.01	0.2	55.5904	395.483	0
0.0001778	0.01	0.2	59.5662	484.442	0
0.0001778	0.01	0.2	63.8263	440.665	0
0.0001778	0.01	0.2	68.3912	438.005	0
0.0001778	0.01	0.2	73.2825	403.461	0
0.0001778	0.01	0.2	78.5236	410.741	0
0.0001778	0.01	0.2	84.1395	385.714	0
0.0001778	0.01	0.2	90.1571	388.268	0
0.0001778	0.01	0.2	96.6051	379.886	0
0.00019426	0.01	0.2	0.103514	329.412	0
0.00019426	0.01	0.2	0.110917	329.404	0
0.00019426	0.01	0.2	0.11885	329.396	0
0.00019426	0.01	0.2	0.12735	329.386	0
0.00019426	0.01	0.2	0.136458	329.374	0
0.00019426	0.01	0.2	0.146218	329.361	0
0.00019426	0.01	0.2	0.156675	329.346	0
0.00019426	0.01	0.2	0.16788	329.329	0
0.00019426	0.01	0.2	0.179887	329.31	0
0.00019426	0.01	0.2	0.192752	329.288	0
0.00019426	0.01	0.2	0.206538	329.263	0
0.00019426	0.01	0.2	0.221309	329.235	0
0.00019426	0.01	0.2	0.237137	329.203	0
0.00019426	0.01	0.2	0.254097	329.166	0
0.00019426	0.01	0.2	0.27227	329.125	0
0.00019426	0.01	0.2	0.291743	329.079	0
0.00019426	0.01	0.2	0.312608	329.028	0
0.00019426	0.01	0.2	0.334965	328.97	0
0.00019426	0.01	0.2	0.358922	328.906	0
0.00019426	0.01	0.2	0.384592	328.834	0
0.00019426	0.01	0.2	0.412098	328.756	0
0.00019426	0.01	0.2	0.44157	328.669	0
0.00019426	0.01	0.2	0.473151	328.575	0
0.00019426	0.01	0.2	0.506991	328.474	0
0.00019426	0.01	0.2	0.54325	328.365	0
0.00019426	0.01	0.2	0.582103	328.249	0
0.00019426	0.01	0.2	0.623735	328.126	0
0.00019426	0.01	0.2	0.668344	327.999	0
0.00019426	0.01	0.2	0.716143	327.868	0
0.00019426	0.01	0.2	0.767361	327.736	0
0.00019426	0.01	0.2	0.822243	327.603	0
0.00019426	0.01	0.2	0.881049	327.473	0
0.00019426	0.01	0.2	0.944061	327.35	0
0.00019426	0.01	0.2	1.01158	327.237	0
0.00019426	0.01	0.2	1.08393	327.143	0
0.00019426	0.01	0.2	1.16145	327.078	0
0.00019426	0.01	0.2	1.24451	327.062	0
0.00019426	0.01	0.2	1.33352	327.124	0
0.00019426	0.01	0.2	1.42889	327.31	0
0.00019426	0.01	0.2	1.53109	327.687	0
0.00019426	0.01	0.2	1.64059	328.344	0
0.00019426	0.01	0.2	1.75792	329.388	0
0.00019426	0.01	0.2	1.88365	330.935	0
0.00019426	0.01	0.2	2.01837	333.078	0
0.00019426	0.01	0.2	2.16272	335.848	0
0.00019426	0.01	0.2	2.31739	339.142	0
0.00019426	0.01	0.2	2.48313	342.66	0
0.00019426	0.01	0.2	2.66073	345.835	0
0.00019426	0.01	0.2	2.85102	347.848	0
0.00019426	0.01	0.2	3.05492	347.794	0
0.00019426	0.01	0.2	3.27341	345.113	0
0.00019426	0.01	0.2	3.50752	340.217	0
0.00019426	0.01	0.2	3.75837	334.903	0
0.00019426	0.01	0.2	4.02717	331.821	0
0.00019426	0.01	0.2	4.31519	332.694	0
0.00019426	0.01	0.2	4.62381	336.457	0
0.00019426	0.01	0.2	4.9545	339.488	0
0.00019426	0.01	0.2	5.30884	338.499	0
0.00019426	0.01	0.2	5.68853	333.539	0
0.00019426	0.01	0.2	6.09537	328.426	0
0.00019426	0.01	0.2	6.53131	328.354	0
0.00019426	0.01	0.2	6.99842	336.162	0
0.00019426	0.01	0.2	7.49894	350.666	0
0.00019426	0.01	0.2	8.03526	365.081	0
0.00019426	0.01	0.2	8.60994	365.962	0
0.00019426	0.01	0.2	9.22571	352.759	0
0.00019426	0.01	0.2	9.88553	347.632	0
0.00019426	0.01	0.2	10.5925	360.879	0
0.00019426	0.01	0.2	11.3501	382.829	0
0.00019426	0.01	0.2	12.1619	400.577	0
0.00019426	0.01	0.2	13.0317	413.722	0
0.00019426	0.01	0.2	13.9637	416.753	0
0.00019426	0.01	0.2	14.9624	395.956	0
0.00019426	0.01	0.2	16.0325	364.844	0
0.00019426	0.01	0.2	17.1791	378.903	0
0.00019426	0.01	0.2	18.4077	432.16	0
0.00019426	0.01	0.2	19.7242	449.637	0
0.00019426	0.01	0.2	21.1349	433.806	0
0.00019426	0.01	0.2	22.6464	489.19	0
0.00019426	0.01	0.2	24.2661	557.192	0
0.00019426	0.01	0.2	26.0016	479.471	0
0.00019426	0.01	0.2	27.8612	463.737	0
0.00019426	0.01	0.2	29.8538	546.874	0
0.00019426	0.01	0.2	31.989	429.161	0
0.00019426	0.01	0.2	34.2768	513.258	0
0.00019426	0.01	0.2	36.7282	582.01	0
0.00019426	0.01	0.2	39.355	430.248	0
0.00019426	0.01	0.2	42.1697	517.171	0
0.00019426	0.01	0.2	45.1856	491.129	0
0.00019426	0.01	0.2	48.4172	468.194	0
0.00019426	0.01	0.2	51.88	513.011	0
0.00019426	0.01	0.2	55.5904	395.28	0
0.00019426	0.01	0.2	59.5662	484.242	0
0.00019426	0.01	0.2	63.8263	440.44	0
0.00019426	0.01	0.2	68.3912	437.792	0
0.00019426	0.01	0.2	73.2825	403.25	0
0.00019426	0.01	0.2	78.5236	410.53	0
0.00019426	0.01	0.2	84.1395	385.504	0
0.00019426	0.01	0.2	90.1571	388.061	0
0.00019426	0.01	0.2	96.6051	379.685	0
0.000212243	0.01	0.2	0.103514	329.409	0
0.000212243	0.01	0.2	0.110917	329.401	0
0.000212243	0.01	0.2	0.11885	329.392	0
0.000212243	0.01	0.2	0.12735	329.381	0
0.000212243	0.01	0.2	0.136458	329.369	0
0.000212243	0.01	0.2	0.146218	329.356	0
0.000212243	0.01	0.2	0.156675	329.34	0
0.000212243	0.01	0.2	0.16788	329.322	0
0.000212243	0.01	0.2	0.179887	329.301	0
0.000212243	0.01	0.2	0.192752	329.278	0
0.000212243	0.01	0.2	0.206538	329.252	0
0.000212243	0.01	0.2	0.221309	329.222	0
0.000212243	0.01	0.2	0.237137	329.188	0
0.000212243	0.01	0.2	0.254097	329.149	0
0.000212243	0.01	0.2	0.27227	329.106	0
0.000212243	0.01	0.2	0.291743	329.057	0
0.000212243	0.01	0.2	0.312608	329.003	0
0.000212243	0.01	0.2	0.334965	328.941	0
0.000212243	0.01	0.2	0.358922	328.873	0
0.000212243	0.01	0.2	0.384592	328.798	0
0.000212243	0.01	0.2	0.412098	328.714	0
0.000212243	0.01	0.2	0.44157	328.622	0
0.000212243	0.01	0.2	0.473151	328.523	0
0.000212243	0.01	0.2	0.506991	328.414	0
0.000212243	0.01	0.2	0.54325	328.298	0
0.000212243	0.01	0.2	0.582103	328.174	0
0.000212243	0.01	0.2	0.623735	328.043	0
0.000212243	0.01	0.2	0.668344	327.907	0
0.000212243	0.01	0.2	0.716143	327.767	0
0.000212243	0.01	0.2	0.767361	327.624	0
0.000212243	0.01	0.2	0.822243	327.481	0
0.000212243	0.01	0.2	0.881049	327.34	0
0.000212243	0.01	0.2	0.944061	327.205	0
0.000212243	0.01	0.2	1.01158	327.082	0
0.000212243	0.01	0.2	1.08393	326.976	0
0.000212243	0.01	0.2	1.16145	326.901	0
0.000212243	0.01	0.2	1.24451	326.874	0
0.000212243	0.01	0.2	1.33352	326.926	0
0.000212243	0.01	0.2	1.42889	327.104	0
0.000212243	0.01	0.2	1.53109	327.473	0
0.000212243	0.01	0.2	1.64059	328.123	0
0.000212243	0.01	0.2	1.75792	329.162	0
0.000212243	0.01	0.2	1.88365	330.707	0
0.000212243	0.01	0.2	2.01837	332.85	0
0.000212243	0.01	0.2	2.16272	335.62	0
0.000212243	0.01	0.2	2.31739	338.917	0
0.000212243	0.01	0.2	2.48313	342.438	0
0.000212243	0.01	0.2	2.66073	345.618	0
0.000212243	0.01	0.2	2.85102	347.636	0
0.000212243	0.01	0.2	3.05492	347.587	0
0.000212243	0.01	0.2	3.27341	344.908	0
0.000212243	0.01	0.2	3.50752	340.012	0
0.000212243	0.01	0.2	3.75837	334.692	0
0.000212243	0.01	0.2	4.02717	331.6	0
0.000212243	0.01	0.2	4.31519	332.459	0
0.000212243	0.01	0.2	4.62381	336.203	0
0.000212243	0.01	0.2	4.9545	339.215	0
0.000212243	0.01	0.2	5.30884	338.211	0
0.000212243	0.01	0.2	5.68853	333.241	0
0.000212243	0.01	0.2	6.09537	328.127	0
0.000212243	0.01	0.2	6.53131	328.061	0
0.000212243	0.01	0.2	6.99842	335.88	0
0.000212243	0.01	0.2	7.49894	350.396	0
0.000212243	0.01	0.2	8.03526	364.822	0
0.000212243	0.01	0.2	8.60994	365.712	0
0.000212243	0.01	0.2	9.22571	352.514	0
0.000212243	0.01	0.2	9.88553	347.389	0
0.000212243	0.01	0.2	10.5925	360.636	0
0.000212243	0.01	0.2	11.3501	382.587	0
0.000212243	0.01	0.2	12.1619	400.342	0
0.000212243	0.01	0.2	13.0317	413.498	0
0.000212243	0.01	0.2	13.9637	416.539	0
0.000212243	0.01	0.2	14.9624	395.743	0
0.000212243	0.01	0.2	16.0325	364.623	0
0.000212243	0.01	0.2	17.1791	378.669	0
0.000212243	0.01	0.2	18.4077	431.918	0
0.000212243	0.01	0.2	19.7242	449.399	0
0.000212243	0.01	0.2	21.1349	433.574	0
0.000212243	0.01	0.2	22.6464	488.964	0
0.000212243	0.01	0.2	24.2661	556.964	0
0.000212243	0.01	0.2	26.0016	479.241	0
0.000212243	0.01	0.2	27.8612	463.511	0
0.000212243	0.01	0.2	29.8538	546.654	0
0.000212243	0.01	0.2	31.989	428.93	0
0.000212243	0.01	0.2	34.2768	513.01	0
0.000212243	0.01	0.2	36.7282	581.772	0
0.000212243	0.01	0.2	39.355	430.026	0
0.000212243	0.01	0.2	42.1697	516.945	0
0.000212243	0.01	0.2	45.1856	490.903	0
0.000212243	0.01	0.2	48.4172	467.955	0
0.000212243	0.01	0.2	51.88	512.765	0
0.000212243	0.01	0.2	55.5904	395.058	0
0.000212243	0.01	0.2	59.5662	484.023	0
0.000212243	0.01	0.2	63.8263	440.194	0
0.000212243	0.01	0.2	68.3912	437.559	0
0.000212243	0.01	0.2	73.2825	403.02	0
0.000212243	0.01	0.2	78.5236	410.3	0
0.000212243	0.01	0.2	84.1395	385.275	0
0.000212243	0.01	0.2	90.1571	387.836	0
0.000212243	0.01	0.2	96.6051	379.466	0
0.000231891	0.01	0.2	0.103514	329.406	0
0.000231891	0.01	0.2	0.110917	329.397	0
0.000231891	0.01	0.2	0.11885	329.388	0
0.000231891	0.01	0.2	0.12735	329.377	0
0.000231891	0.01	0.2	0.136458	329.364	0
0.000231891	0.01	0.2	0.146218	329.349	0
0.000231891	0.01	0.2	0.156675	329.333	0
0.000231891	0.01	0.2	0.16788	329.314	0
0.000231891	0.01	0.2	0.179887	329.292	0
0.000231891	0.01	0.2	0.192752	329.267	0
0.000231891	0.01	0.2	0.206538	329.239	0
0.000231891	0.01	0.2	0.221309	329.208	0
0.000231891	0.01	0.2	0.237137	329.172	0
0.000231891	0.01	0.2	0.254097	329.131	0
0.000231891	0.01	0.2	0.27227	329.085	0
0.000231891	0.01	0.2	0.291743	329.033	0
0.000231891	0.01	0.2	0.312608	328.975	0
0.000231891	0.01	0.2	0.334965	328.91	0
0.000231891	0.01	0.2	0.358922	328.838	0
0.000231891	0.01	0.2	0.384592	328.757	0
0.000231891	0.01	0.2	0.412098	328.669	0
0.000231891	0.01	0.2	0.44157	328.571	0
0.000231891	0.01	0.2	0.473151	328.465	0
0.000231891	0.01	0.2	0.506991	328.349	0
0.000231891	0.01	0.2	0.54325	328.225	0
0.000231891	0.01	0.2	0.582103	328.093	0
0.000231891	0.01	0.2	0.623735	327.953	0
0.000231891	0.01	0.2	0.668344	327.807	0
0.000231891	0.01	0.2	0.716143	327.656	0
0.000231891	0.01	0.2	0.767361	327.502	0
0.000231891	0.01	0.2	0.822243	327.347	0
0.000231891	0.01	0.2	0.881049	327.194	0
0.000231891	0.01	0.2	0.944061	327.048	0
0.000231891	0.01	0.2	1.01158	326.912	0
0.000231891	0.01	0.2	1.08393	326.794	0
0.000231891	0.01	0.2	1.16145	326.707	0
0.000231891	0.01	0.2	1.24451	326.669	0
0.000231891	0.01	0.2	1.33352	326.71	0
0.000231891	0.01	0.2	1.42889	326.878	0
0.000231891	0.01	0.2	1.53109	327.239	0
0.000231891	0.01	0.2	1.64059	327.882	0
0.000231891	0.01	0.2	1.75792	328.916	0
0.000231891	0.01	0.2	1.88365	330.457	0
0.000231891	0.01	0.2	2.01837	332.6	0
0.000231891	0.01	0.2	2.16272	335.371	0
0.000231891	0.01	0.2	2.31739	338.671	0
0.000231891	0.01	0.2	2.48313	342.197	0
0.000231891	0.01	0.2	2.66073	345.382	0
0.000231891	0.01	0.2	2.85102	347.406	0
0.000231891	0.01	0.2	3.05492	347.361	0
0.000231891	0.01	0.2	3.27341	344.685	0
0.000231891	0.01	0.2	3.50752	339.787	0
0.000231891	0.01	0.2	3.75837	334.462	0
0.000231891	0.01	0.2	4.02717	331.359	0
0.000231891	0.01	0.2	4.31519	332.201	0
0.000231891	0.01	0.2	4.62381	335.925	0
0.000231891	0.01	0.2	4.9545	338.916	0
0.000231891	0.01	0.2	5.30884	337.895	0
0.000231891	0.01	0.2	5.68853	332.915	0
0.000231891	0.01	0.2	6.09537	327.801	0
0.000231891	0.01	0.2	6.53131	327.741	0
0.000231891	0.01	0.2	6.99842	335.572	0
0.000231891	0.01	0.2	7.49894	350.101	0
0.000231891	0.01	0.2	8.03526	364.54	0
0.000231891	0.01	0.2	8.60994	365.438	0
0.000231891	0.01	0.2	9.22571	352.246	0
0.000231891	0.01	0.2	9.88553	347.124	0
0.000231891	0.01	0.2	10.5925	360.371	0
0.000231891	0.01	0.2	11.3501	382.324	0
0.000231891	0.01	0.2	12.1619	400.086	0
0.000231891	0.01	0.2	13.0317	413.254	0
0.000231891	0.01	0.2	13.9637	416.304	0
0.000231891	0.01	0.2	14.9624	395.511	0
0.000231891	0.01	0.2	16.0325	364.381	0
0.000231891	0.01	0.2	17.1791	378.412	0
0.000231891	0.01	0.2	18.4077	431.654	0
0.000231891	0.01	0.2	19.7242	449.139	0
0.000231891	0.01	0.2	21.1349	433.322	0
0.000231891	0.01	0.2	22.6464	488.717	0
0.000231891	0.01	0.2	24.2661	556.714	0
0.000231891	0.01	0.2	26.0016	478.99	0
0.000231891	0.01	0.2	27.8612	463.263	0
0.000231891	0.01	0.2	29.8538	546.413	0
0.000231891	0.01	0.2	31.989	428.678	0
0.000231891	0.01	0.2	34.2768	512.739	0
0.000231891	0.01	0.2	36.7282	581.513	0
0.000231891	0.01	0.2	39.355	429.785	0
0.000231891	0.01	0.2	42.1697	516.698	0
0.000231891	0.01	0.2	45.1856	490.656	0
0.000231891	0.01	0.2	48.4172	467.693	0
0.000231891	0.01	0.2	51.88	512.495	0
0.000231891	0.01	0.2	55.5904	394.816	0
0.000231891	0.01	0.2	59.5662	483.785	0
0.000231891	0.01	0.2	63.8263	439.926	0
0.000231891	0.01	0.2	68.3912	437.305	0
0.000231891	0.01	0.2	73.2825	402.769	0
0.000231891	0.01	0.2	78.5236	410.048	0
0.000231891	0.01	0.2	84.1395	385.025	0
0.000231891	0.01	0.2	90.1571	387.589	0
0.000231891	0.01	0.2	96.6051	379.227	0
0.000253358	0.01	0.2	0.103514	329.403	0
0.000253358	0.01	0.2	0.110917	329.393	0
0.000253358	0.01	0.2	0.11885	329.383	0
0.000253358	0.01	0.2	0.12735	329.371	0
0.000253358	0.01	0.2	0.136458	329.358	0
0.000253358	0.01	0.2	0.146218	329.342	0
0.000253358	0.01	0.2	0.156675	329.325	0
0.000253358	0.01	0.2	0.16788	329.305	0
0.000253358	0.01	0.2	0.179887	329.282	0
0.000253358	0.01	0.2	0.192752	329.255	0
0.000253358	0.01	0.2	0.206538	329.226	0
0.000253358	0.01	0.2	0.221309	329.192	0
0.000253358	0.01	0.2	0.237137	329.154	0
0.000253358	0.01	0.2	0.254097	329.111	0
0.000253358	0.01	0.2	0.27227	329.062	0
0.000253358	0.01	0.2	0.291743	329.007	0
0.000253358	0.01	0.2	0.312608	328.945	0
0.000253358	0.01	0.2	0.334965	328.876	0
0.000253358	0.01	0.2	0.358922	328.799	0
0.000253358	0.01	0.2	0.384592	328.714	0
0.000253358	0.01	0.2	0.412098	328.619	0
0.000253358	0.01	0.2	0.44157	328.515	0
0.000253358	0.01	0.2	0.473151	328.402	0
0.000253358	0.01	0.2	0.506991	328.278	0
0.000253358	0.01	0.2	0.54325	328.146	0
0.000253358	0.01	0.2	0.582103	328.004	0
0.000253358	0.01	0.2	0.623735	327.854	0
0.000253358	0.01	0.2	0.668344	327.697	0
0.000253358	0.01	0.2	0.716143	327.534	0
0.000253358	0.01	0.2	0.767361	327.368	0
0.000253358	0.01	0.2	0.822243	327.201	0
0.000253358	0.01	0.2	0.881049	327.035	0
0.000253358	0.01	0.2	0.944061	326.875	0
0.000253358	0.01	0.2	1.01158	326.726	0
0.000253358	0.01	0.2	1.08393	326.595	0
0.000253358	0.01	0.2	1.16145	326.495	0
0.000253358	0.01	0.2	1.24451	326.444	0
0.000253358	0.01	0.2	1.33352	326.474	0
0.000253358	0.01	0.2	1.42889	326.631	0
0.000253358	0.01	0.2	1.53109	326.983	0
0.000253358	0.01	0.2	1.64059	327.619	0
0.000253358	0.01	0.2	1.75792	328.648	0
0.000253358	0.01	0.2	1.88365	330.185	0
0.000253358	0.01	0.2	2.01837	332.327	0
0.000253358	0.01	0.2	2.16272	335.099	0
0.000253358	0.01	0.2	2.31739	338.403	0
0.000253358	0.01	0.2	2.48313	341.933	0
0.000253358	0.01	0.2	2.66073	345.124	0
0.000253358	0.01	0.2	2.85102	347.153	0
0.000253358	0.01	0.2	3.05492	347.114	0
0.000253358	0.01	0.2	3.27341	344.441	0
0.000253358	0.01	0.2	3.50752	339.542	0
0.000253358	0.01	0.2	3.75837	334.211	0
0.000253358	0.01	0.2	4.02717	331.096	0
0.000253358	0.01	0.2	4.31519	331.92	0
0.000253358	0.01	0.2	4.62381	335.622	0
0.000253358	0.01	0.2	4.9545	338.59	0
0.000253358	0.01	0.2	5.30884	337.55	0
0.000253358	0.01	0.2	5.68853	332.559	0
0.000253358	0.01	0.2	6.09537	327.444	0
0.000253358	0.01	0.2	6.53131	327.392	0
0.000253358	0.01	0.2	6.99842	335.236	0
0.000253358	0.01	0.2	7.49894	349.779	0
0.000253358	0.01	0.2	8.03526	364.231	0
0.000253358	0.01	0.2	8.60994	365.139	0
0.000253358	0.01	0.2	9.22571	351.954	0
0.000253358	0.01	0.2	9.88553	346.834	0
0.000253358	0.01	0.2	10.5925	360.081	0
0.000253358	0.01	0.2	11.3501	382.036	0
0.000253358	0.01	0.2	12.1619	399.807	0
0.000253358	0.01	0.2	13.0317	412.987	0
0.000253358	0.01	0.2	13.9637	416.048	0
0.000253358	0.01	0.2	14.9624	395.257	0
0.000253358	0.01	0.2	16.0325	364.117	0
0.000253358	0.01	0.2	17.1791	378.132	0
0.000253358	0.01	0.2	18.4077	431.365	0
0.000253358	0.01	0.2	19.7242	448.855	0
0.000253358	0.01	0.2	21.1349	433.046	0
0.000253358	0.01	0.2	22.6464	488.448	0
0.000253358	0.01	0.2	24.2661	556.441	0
0.000253358	0.01	0.2	26.0016	478.715	0
0.000253358	0.01	0.2	27.8612	462.993	0
0.000253358	0.01	0.2	29.8538	546.149	0
0.000253358	0.01	0.2	31.989	428.403	0
0.000253358	0.01	0.2	34.2768	512.443	0
0.000253358	0.01	0.2	36.7282	581.23	0
0.000253358	0.01	0.2	39.355	429.521	0
0.000253358	0.01	0.2	42.1697	516.428	0
0.000253358	0.01	0.2	45.1856	490.387	0
0.000253358	0.01	0.2	48.4172	467.407	0
0.000253358	0.01	0.2	51.88	512.201	0
0.000253358	0.01	0.2	55.5904	394.551	0
0.000253358	0.01	0.2	59.5662	483.524	0
0.000253358	0.01	0.2	63.8263	439.633	0
0.000253358	0.01	0.2	68.3912	437.028	0
0.000253358	0.01	0.2	73.2825	402.494	0
0.000253358	0.01	0.2	78.5236	409.774	0
0.000253358	0.01	0.2	84.1395	384.752	0
0.000253358	0.01	0.2	90.1571	387.32	0
0.000253358	0.01	0.2	96.6051	378.965	0
0.000276813	0.01	0.2	0.103514	329.399	0
0.000276813	0.01	0.2	0.110917	329.389	0
0.000276813	0.01	0.2	0.11885	329.378	0
0.000276813	0.01	0.2	0.12735	329.366	0
0.000276813	0.01	0.2	0.136458	329.351	0
0.000276813	0.01	0.2	0.146218	329.335	0
0.000276813	0.01	0.2	0.156675	329.316	0
0.000276813	0.01	0.2	0.16788	329.295	0
0.000276813	0.01	0.2	0.179887	329.27	0
0.000276813	0.01	0.2	0.192752	329.242	0
0.000276813	0.01	0.2	0.206538	329.211	0
0.000276813	0.01	0.2	0.221309	329.175	0
0.000276813	0.01	0.2	0.237137	329.134	0
0.000276813	0.01	0.2	0.254097	329.089	0
0.000276813	0.01	0.2	0.27227	329.037	0
0.000276813	0.01	0.2	0.291743	328.978	0
0.000276813	0.01	0.2	0.312608	328.913	0
0.000276813	0.01	0.2	0.334965	328.839	0
0.000276813	0.01	0.2	0.358922	328.757	0
0.000276813	0.01	0.2	0.384592	328.666	0
0.000276813	0.01	0.2	0.412098	328.565	0
0.000276813	0.01	0.2	0.44157	328.454	0
0.000276813	0.01	0.2	0.473151	328.333	0
0.000276813	0.01	0.2	0.506991	328.201	0
0.000276813	0.01	0.2	0.54325	328.059	0
0.000276813	0.01	0.2	0.582103	327.907	0
0.000276813	0.01	0.2	0.623735	327.746	0
0.000276813	0.01	0.2	0.668344	327.577	0
0.000276813	0.01	0.2	0.716143	327.402	0
0.000276813	0.01	0.2	0.767361	327.222	0
0.000276813	0.01	0.2	0.822243	327.041	0
0.000276813	0.01	0.2	0.881049	326.861	0
0.000276813	0.01	0.2	0.944061	326.687	0
0.000276813	0.01	0.2	1.01158	326.523	0
0.000276813	0.01	0.2	1.08393	326.378	0
0.000276813	0.01	0.2	1.16145	326.263	0
0.000276813	0.01	0.2	1.24451	326.199	0
0.000276813	0.01	0.2	1.33352	326.217	0
0.000276813	0.01	0.2	1.42889	326.362	0
0.000276813	0.01	0.2	1.53109	326.704	0
0.000276813	0.01	0.2	1.64059	327.331	0
0.000276813	0.01	0.2	1.75792	328.354	0
0.000276813	0.01	0.2	1.88365	329.888	0
0.000276813	0.01	0.2	2.01837	332.029	0
0.000276813	0.01	0.2	2.16272	334.803	0
0.000276813	0.01	0.2	2.31739	338.109	0
0.000276813	0.01	0.2	2.48313	341.645	0
0.000276813	0.01	0.2	2.66073	344.842	0
0.000276813	0.01	0.2	2.85102	346.878	0
0.000276813	0.01	0.2	3.05492	346.845	0
0.000276813	0.01	0.2	3.27341	344.175	0
0.000276813	0.01	0.2	3.50752	339.275	0
0.000276813	0.01	0.2	3.75837	333.937	0
0.000276813	0.01	0.2	4.02717	330.808	0
0.000276813	0.01	0.2	4.31519	331.613	0
0.000276813	0.01	0.2	4.62381	335.291	0
0.000276813	0.01	0.2	4.9545	338.234	0
0.000276813	0.01	0.2	5.30884	337.174	0
0.000276813	0.01	0.2	5.68853	332.171	0
0.000276813	0.01	0.2	6.09537	327.055	0
0.000276813	0.01	0.2	6.53131	327.011	0
0.000276813	0.01	0.2	6.99842	334.869	0
0.000276813	0.01	0.2	7.49894	349.427	0
0.000276813	0.01	0.2	8.03526	363.894	0
0.000276813	0.01	0.2	8.60994	364.813	0
0.000276813	0.01	0.2	9.22571	351.634	0
0.000276813	0.01	0.2	9.88553	346.518	0
0.000276813	0.01	0.2	10.5925	359.764	0
0.000276813	0.01	0.2	11.3501	381.722	0
0.000276813	0.01	0.2	12.1619	399.501	0
0.000276813	0.01	0.2	13.0317	412.696	0
0.000276813	0.01	0.2	13.9637	415.769	0
0.000276813	0.01	0.2	14.9624	394.98	0
0.000276813	0.01	0.2	16.0325	363.829	0
0.000276813	0.01	0.2	17.1791	377.827	0
0.000276813	0.01	0.2	18.4077	431.05	0
0.000276813	0.01	0.2	19.7242	448.545	0
0.000276813	0.01	0.2	21.1349	432.745	0
0.000276813	0.01	0.2	22.6464	488.153	0
0.000276813	0.01	0.2	24.2661	556.143	0
0.000276813	0.01	0.2	26.0016	478.416	0
0.000276813	0.01	0.2	27.8612	462.698	0
0.000276813	0.01	0.2	29.8538	545.862	0
0.000276813	0.01	0.2	31.989	428.102	0
0.000276813	0.01	0.2	34.2768	512.119	0
0.000276813	0.01	0.2	36.7282	580.921	0
0.000276813	0.01	0.2	39.355	429.232	0
0.000276813	0.01	0.2	42.1697	516.134	0
0.000276813	0.01	0.2	45.1856	490.093	0
0.000276813	0.01	0.2	48.4172	467.095	0
0.000276813	0.01	0.2	51.88	511.88	0
0.000276813	0.01	0.2	55.5904	394.262	0
0.000276813	0.01	0.2	59.5662	483.24	0
0.000276813	0.01	0.2	63.8263	439.313	0
0.000276813	0.01	0.2	68.3912	436.725	0
0.000276813	0.01	0.2	73.2825	402.194	0
0.000276813	0.01	0.2	78.5236	409.474	0
0.000276813	0.01	0.2	84.1395	384.454	0
0.000276813	0.01	0.2	90.1571	387.026	0
0.000276813	0.01	0.2	96.6051	378.68	0
0.000302439	0.01	0.2	0.103514	329.395	0
0.000302439	0.01	0.2	0.110917	329.384	0
0.000302439	0.01	0.2	0.11885	329.373	0
0.000302439	0.01	0.2	0.12735	329.359	0
0.000302439	0.01	0.2	0.136458	329.344	0
0.000302439	0.01	0.2	0.146218	329.327	0
0.000302439	0.01	0.2	0.156675	329.307	0
0.000302439	0.01	0.2	0.16788	329.284	0
0.000302439	0.01	0.2	0.179887	329.258	0
0.000302439	0.01	0.2	0.192752	329.228	0
0.000302439	0.01	0.2	0.206538	329.195	0
0.000302439	0.01	0.2	0.221309	329.157	0
0.000302439	0.01	0.2	0.237137	329.113	0
0.000302439	0.01	0.2	0.254097	329.064	0
0.000302439	0.01	0.2	0.27227	329.009	0
0.000302439	0.01	0.2	0.291743	328.947	0
0.000302439	0.01	0.2	0.312608	328.877	0
0.000302439	0.01	0.2	0.334965	328.798	0
0.000302439	0.01	0.2	0.358922	328.711	0
0.000302439	0.01	0.2	0.384592	328.614	0
0.000302439	0.01	0.2	0.412098	328.506	0
0.000302439	0.01	0.2	0.44157	328.387	0
0.000302439	0.01	0.2	0.473151	328.257	0
0.000302439	0.01	0.2	0.506991	328.116	0
0.000302439	0.01	0.2	0.54325	327.964	0
0.000302439	0.01	0.2	0.582103	327.801	0
0.000302439	0.01	0.2	0.623735	327.628	0
0.000302439	0.01	0.2	0.668344	327.446	0
0.000302439	0.01	0.2	0.716143	327.257	0
0.000302439	0.01	0.2	0.767361	327.063	0
0.000302439	0.01	0.2	0.822243	326.867	0
0.000302439	0.01	0.2	0.881049	326.672	0
0.000302439	0.01	0.2	0.944061	326.481	0
0.000302439	0.01	0.2	1.01158	326.301	0
0.000302439	0.01	0.2	1.08393	326.14	0
0.000302439	0.01	0.2	1.16145	326.01	0
0.000302439	0.01	0.2	1.24451	325.932	0
0.000302439	0.01	0.2	1.33352	325.935	0
0.000302439	0.01	0.2	1.42889	326.068	0
0.000302439	0.01	0.2	1.53109	326.399	0
0.000302439	0.01	0.2	1.64059	327.017	0
0.000302439	0.01	0.2	1.75792	328.034	0
0.000302439	0.01	0.2	1.88365	329.564	0
0.000302439	0.01	0.2	2.01837	331.703	0
0.000302439	0.01	0.2	2.16272	334.479	0
0.000302439	0.01	0.2	2.31739	337.789	0
0.000302439	0.01	0.2	2.48313	341.33	0
0.000302439	0.01	0.2	2.66073	344.534	0
0.000302439	0.01	0.2	2.85102	346.578	0
0.000302439	0.01	0.2	3.05492	346.55	0
0.000302439	0.01	0.2	3.27341	343.884	0
0.000302439	0.01	0.2	3.50752	338.983	0
0.000302439	0.01	0.2	3.75837	333.637	0
0.000302439	0.01	0.2	4.02717	330.495	0
0.000302439	0.01	0.2	4.31519	331.278	0
0.000302439	0.01	0.2	4.62381	334.929	0
0.000302439	0.01	0.2	4.9545	337.846	0
0.000302439	0.01	0.2	5.30884	336.763	0
0.000302439	0.01	0.2	5.68853	331.747	0
0.000302439	0.01	0.2	6.09537	326.63	0
0.000302439	0.01	0.2	6.53131	326.595	0
0.000302439	0.01	0.2	6.99842	334.468	0
0.000302439	0.01	0.2	7.49894	349.043	0
0.000302439	0.01	0.2	8.03526	363.526	0
0.000302439	0.01	0.2	8.60994	364.456	0
0.000302439	0.01	0.2	9.22571	351.286	0
0.000302439	0.01	0.2	9.88553	346.172	0
0.000302439	0.01	0.2	10.5925	359.419	0
0.000302439	0.01	0.2	11.3501	381.378	0
0.000302439	0.01	0.2	12.1619	399.168	0
0.000302439	0.01	0.2	13.0317	412.378	0
0.000302439	0.01	0.2	13.9637	415.464	0
0.000302439	0.01	0.2	14.9624	394.677	0
0.000302439	0.01	0.2	16.0325	363.514	0
0.000302439	0.01	0.2	17.1791	377.493	0
0.000302439	0.01	0.2	18.4077	430.705	0
0.000302439	0.01	0.2	19.7242	448.207	0
0.000302439	0.01	0.2	21.1349	432.416	0
0.000302439	0.01	0.2	22.6464	487.832	0
0.000302439	0.01	0.2	24.2661	555.818	0
0.000302439	0.01	0.2	26.0016	478.089	0
0.000302439	0.01	0.2	27.8612	462.376	0
0.000302439	0.01	0.2	29.8538	545.548	0
0.000302439	0.01	0.2	31.989	427.774	0
0.000302439	0.01	0.2	34.2768	511.766	0
0.000302439	0.01	0.2	36.7282	580.583	0
0.000302439	0.01	0.2	39.355	428.918	0
0.000302439	0.01	0.2	42.1697	515.813	0
0.000302439	0.01	0.2	45.1856	489.771	0
0.000302439	0.01	0.2	48.4172	466.754	0
0.000302439	0.01	0.2	51.88	511.53	0
0.000302439	0.01	0.2	55.5904	393.947	0
0.000302439	0.01	0.2	59.5662	482.929	0
0.000302439	0.01	0.2	63.8263	438.964	0
0.000302439	0.01	0.2	68.3912	436.394	0
0.000302439	0.01	0.2	73.2825	401.867	0
0.000302439	0.01	0.2	78.5236	409.147	0
0.000302439	0.01	0.2	84.1395	384.128	0
0.000302439	0.01	0.2	90.1571	386.705	0
0.000302439	0.01	0.2	96.6051	378.368	0
0.000330437	0.01	0.2	0.103514	329.39	0
0.000330437	0.01	0.2	0.110917	329.379	0
0.000330437	0.01	0.2	0.11885	329.367	0
0.000330437	0.01	0.2	0.12735	329.352	0
0.000330437	0.01	0.2	0.136458	329.336	0
0.000330437	0.01	0.2	0.146218	329.318	0
0.000330437	0.01	0.2	0.156675	329.296	0
0.000330437	0.01	0.2	0.16788	329.272	0
0.000330437	0.01	0.2	0.179887	329.244	0
0.000330437	0.01	0.2	0.192752	329.213	0
0.000330437	0.01	0.2	0.206538	329.177	0
0.000330437	0.01	0.2	0.221309	329.136	0
0.000330437	0.01	0.2	0.237137	329.09	0
0.000330437	0.01	0.2	0.254097	329.038	0
0.000330437	0.01	0.2	0.27227	328.979	0
0.000330437	0.01	0.2	0.291743	328.913	0
0.000330437	0.01	0.2	0.312608	328.838	0
0.000330437	0.01	0.2	0.334965	328.754	0
0.000330437	0.01	0.2	0.358922	328.66	0
0.000330437	0.01	0.2	0.384592	328.556	0
0.000330437	0.01	0.2	0.412098	328.441	0
0.000330437	0.01	0.2	0.44157	328.314	0
0.000330437	0.01	0.2	0.473151	328.175	0
0.000330437	0.01	0.2	0.506991	328.024	0
0.000330437	0.01	0.2	0.54325	327.86	0
0.000330437	0.01	0.2	0.582103	327.685	0
0.000330437	0.01	0.2	0.623735	327.499	0
0.000330437	0.01	0.2	0.668344	327.303	0
0.000330437	0.01	0.2	0.716143	327.099	0
0.000330437	0.01	0.2	0.767361	326.889	0
0.000330437	0.01	0.2	0.822243	326.677	0
0.000330437	0.01	0.2	0.881049	326.464	0
0.000330437	0.01	0.2	0.944061	326.257	0
0.000330437	0.01	0.2	1.01158	326.059	0
0.000330437	0.01	0.2	1.08393	325.881	0
0.000330437	0.01	0.2	1.16145	325.734	0
0.000330437	0.01	0.2	1.24451	325.64	0
0.000330437	0.01	0.2	1.33352	325.628	0
0.000330437	0.01	0.2	1.42889	325.747	0
0.000330437	0.01	0.2	1.53109	326.066	0
0.000330437	0.01	0.2	1.64059	326.675	0
0.000330437	0.01	0.2	1.75792	327.684	0
0.000330437	0.01	0.2	1.88365	329.21	0
0.000330437	0.01	0.2	2.01837	331.348	0
0.000330437	0.01	0.2	2.16272	334.125	0
0.000330437	0.01	0.2	2.31739	337.44	0
0.000330437	0.01	0.2	2.48313	340.987	0
0.000330437	0.01	0.2	2.66073	344.198	0
0.000330437	0.01	0.2	2.85102	346.249	0
0.000330437	0.01	0.2	3.05492	346.229	0
0.000330437	0.01	0.2	3.27341	343.567	0
0.000330437	0.01	0.2	3.50752	338.664	0
0.000330437	0.01	0.2	3.75837	333.31	0
0.000330437	0.01	0.2	4.02717	330.152	0
0.000330437	0.01	0.2	4.31519	330.912	0
0.000330437	0.01	0.2	4.62381	334.534	0
0.000330437	0.01	0.2	4.9545	337.422	0
0.000330437	0.01	0.2	5.30884	336.315	0
0.000330437	0.01	0.2	5.68853	331.284	0
0.000330437	0.01	0.2	6.09537	326.166	0
0.000330437	0.01	0.2	6.53131	326.14	0
0.000330437	0.01	0.2	6.99842	334.03	0
0.000330437	0.01	0.2	7.49894	348.624	0
0.000330437	0.01	0.2	8.03526	363.124	0
0.000330437	0.01	0.2	8.60994	364.067	0
0.000330437	0.01	0.2	9.22571	350.905	0
0.000330437	0.01	0.2	9.88553	345.795	0
0.000330437	0.01	0.2	10.5925	359.042	0
0.000330437	0.01	0.2	11.3501	381.004	0
0.000330437	0.01	0.2	12.1619	398.804	0
0.000330437	0.01	0.2	13.0317	412.031	0
0.000330437	0.01	0.2	13.9637	415.131	0
0.000330437	0.01	0.2	14.9624	394.347	0
0.000330437	0.01	0.2	16.0325	363.17	0
0.000330437	0.01	0.2	17.1791	377.128	0
0.000330437	0.01	0.2	18.4077	430.33	0
0.000330437	0.01	0.2	19.7242	447.838	0
0.000330437	0.01	0.2	21.1349	432.057	0
0.000330437	0.01	0.2	22.6464	487.481	0
0.000330437	0.01	0.2	24.2661	555.463	0
0.000330437	0.01	0.2	26.0016	477.732	0
0.000330437	0.01	0.2	27.8612	462.024	0
0.000330437	0.01	0.2	29.8538	545.206	0
0.000330437	0.01	0.2	31.989	427.415	0
0.000330437	0.01	0.2	34.2768	511.381	0
0.000330437	0.01	0.2	36.7282	580.214	0
0.000330437	0.01	0.2	39.355	428.574	0
0.000330437	0.01	0.2	42.1697	515.462	0
0.000330437	0.01	0.2	45.1856	489.421	0
0.000330437	0.01	0.2	48.4172	466.382	0
0.000330437	0.01	0.2	51.88	511.147	0
0.000330437	0.01	0.2	55.5904	393.602	0
0.000330437	0.01	0.2	59.5662	482.59	0
0.000330437	0.01	0.2	63.8263	438.582	0
0.000330437	0.01	0.2	68.3912	436.034	0
0.000330437	0.01	0.2	73.2825	401.51	0
0.000330437	0.01	0.2	78.5236	408.79	0
0.000330437	0.01	0.2	84.1395	383.772	0
0.000330437	0.01	0.2	90.1571	386.355	0
0.000330437	0.01	0.2	96.6051	378.028	0
0.000361027	0.01	0.2	0.103514	329.385	0
0.000361027	0.01	0.2	0.110917	329.373	0
0.000361027	0.01	0.2	0.11885	329.36	0
0.000361027	0.01	0.2	0.12735	329.345	0
0.000361027	0.01	0.2	0.136458	329.328	0
0.000361027	0.01	0.2	0.146218	329.308	0
0.000361027	0.01	0.2	0.156675	329.285	0
0.000361027	0.01	0.2	0.16788	329.259	0
0.000361027	0.01	0.2	0.179887	329.23	0
0.000361027	0.01	0.2	0.192752	329.196	0
0.000361027	0.01	0.2	0.206538	329.158	0
0.000361027	0.01	0.2	0.221309	329.114	0
0.000361027	0.01	0.2	0.237137	329.065	0
0.000361027	0.01	0.2	0.254097	329.009	0
0.000361027	0.01	0.2	0.27227	328.946	0
0.000361027	0.01	0.2	0.291743	328.875	0
0.000361027	0.01	0.2	0.312608	328.795	0
0.000361027	0.01	0.2	0.334965	328.706	0
0.000361027	0.01	0.2	0.358922	328.605	0
0.000361027	0.01	0.2	0.384592	328.494	0
0.000361027	0.01	0.2	0.412098	328.371	0
0.000361027	0.01	0.2	0.44157	328.235	0
0.000361027	0.01	0.2	0.473151	328.085	0
0.000361027	0.01	0.2	0.506991	327.923	0
0.000361027	0.01	0.2	0.54325	327.747	0
0.000361027	0.01	0.2	0.582103	327.559	0
0.000361027	0.01	0.2	0.623735	327.358	0
0.000361027	0.01	0.2	0.668344	327.147	0
0.000361027	0.01	0.2	0.716143	326.926	0
0.000361027	0.01	0.2	0.767361	326.699	0
0.000361027	0.01	0.2	0.822243	326.469	0
0.000361027	0.01	0.2	0.881049	326.238	0
0.000361027	0.01	0.2	0.944061	326.011	0
0.000361027	0.01	0.2	1.01158	325.795	0
0.000361027	0.01	0.2	1.08393	325.598	0
0.000361027	0.01	0.2	1.16145	325.433	0
0.000361027	0.01	0.2	1.24451	325.321	0
0.000361027	0.01	0.2	1.33352	325.292	0
0.000361027	0.01	0.2	1.42889	325.397	0
0.000361027	0.01	0.2	1.53109	325.702	0
0.000361027	0.01	0.2	1.64059	326.3	0
0.000361027	0.01	0.2	1.75792	327.302	0
0.000361027	0.01	0.2	1.88365	328.824	0
0.000361027	0.01	0.2	2.01837	330.96	0
0.000361027	0.01	0.2	2.16272	333.739	0
0.000361027	0.01	0.2	2.31739	337.058	0
0.000361027	0.01	0.2	2.48313	340.612	0
0.000361027	0.01	0.2	2.66073	343.831	0
0.000361027	0.01	0.2	2.85102	345.891	0
0.000361027	0.01	0.2	3.05492	345.878	0
0.000361027	0.01	0.2	3.27341	343.22	0
0.000361027	0.01	0.2	3.50752	338.316	0
0.000361027	0.01	0.2	3.75837	332.953	0
0.000361027	0.01	0.2	4.02717	329.778	0
0.000361027	0.01	0.2	4.31519	330.513	0
0.000361027	0.01	0.2	4.62381	334.103	0
0.000361027	0.01	0.2	4.9545	336.959	0
0.000361027	0.01	0.2	5.30884	335.825	0
0.000361027	0.01	0.2	5.68853	330.779	0
0.000361027	0.01	0.2	6.09537	325.659	0
0.000361027	0.01	0.2	6.53131	325.644	0
0.000361027	0.01	0.2	6.99842	333.552	0
0.000361027	0.01	0.2	7.49894	348.167	0
0.000361027	0.01	0.2	8.03526	362.685	0
0.000361027	0.01	0.2	8.60994	363.642	0
0.000361027	0.01	0.2	9.22571	350.49	0
0.000361027	0.01	0.2	9.88553	345.384	0
0.000361027	0.01	0.2	10.5925	358.63	0
0.000361027	0.01	0.2	11.3501	380.595	0
0.000361027	0.01	0.2	12.1619	398.407	0
0.000361027	0.01	0.2	13.0317	411.652	0
0.000361027	0.01	0.2	13.9637	414.767	0
0.000361027	0.01	0.2	14.9624	393.986	0
0.000361027	0.01	0.2	16.0325	362.795	0
0.000361027	0.01	0.2	17.1791	376.731	0
0.000361027	0.01	0.2	18.4077	429.919	0
0.000361027	0.01	0.2	19.7242	447.434	0
0.000361027	0.01	0.2	21.1349	431.665	0
0.000361027	0.01	0.2	22.6464	487.098	0
0.000361027	0.01	0.2	24.2661	555.076	0
0.000361027	0.01	0.2	26.0016	477.341	0
0.000361027	0.01	0.2	27.8612	461.64	0
0.000361027	0.01	0.2	29.8538	544.832	0
0.000361027	0.01	0.2	31.989	427.024	0
0.000361027	0.01	0.2	34.2768	510.96	0
0.000361027	0.01	0.2	36.7282	579.812	0
0.000361027	0.01	0.2	39.355	428.199	0
0.000361027	0.01	0.2	42.1697	515.08	0
0.000361027	0.01	0.2	45.1856	489.038	0
0.000361027	0.01	0.2	48.4172	465.976	0
0.000361027	0.01	0.2	51.88	510.729	0
0.000361027	0.01	0.2	55.5904	393.227	0
0.000361027	0.01	0.2	59.5662	482.22	0
0.000361027	0.01	0.2	63.8263	438.166	0
0.000361027	0.01	0.2	68.3912	435.639	0
0.000361027	0.01	0.2	73.2825	401.119	0
0.000361027	0.01	0.2	78.5236	408.4	0
0.000361027	0.01	0.2	84.1395	383.384	0
0.000361027	0.01	0.2	90.1571	385.972	0
0.000361027	0.01	0.2	96.6051	377.656	0
0.000394448	0.01	0.2	0.103514	329.38	0
0.000394448	0.01	0.2	0.110917	329.367	0
0.000394448	0.01	0.2	0.11885	329.353	0
0.000394448	0.01	0.2	0.12735	329.337	0
0.000394448	0.01	0.2	0.136458	329.318	0
0.000394448	0.01	0.2	0.146218	329.297	0
0.000394448	0.01	0.2	0.156675	329.273	0
0.000394448	0.01	0.2	0.16788	329.245	0
0.000394448	0.01	0.2	0.179887	329.213	0
0.000394448	0.01	0.2	0.192752	329.178	0
0.000394448	0.01	0.2	0.206538	329.137	0
0.000394448	0.01	0.2	0.221309	329.09	0
0.000394448	0.01	0.2	0.237137	329.037	0
0.000394448	0.01	0.2	0.254097	328.978	0
0.000394448	0.01	0.2	0.27227	328.91	0
0.000394448	0.01	0.2	0.291743	328.834	0
0.000394448	0.01	0.2	0.312608	328.749	0
0.000394448	0.01	0.2	0.334965	328.653	0
0.000394448	0.01	0.2	0.358922	328.545	0
0.000394448	0.01	0.2	0.384592	328.426	0
0.000394448	0.01	0.2	0.412098	328.293	0
0.000394448	0.01	0.2	0.44157	328.147	0
0.000394448	0.01	0.2	0.473151	327.987	0
0.000394448	0.01	0.2	0.506991	327.813	0
0.000394448	0.01	0.2	0.54325	327.624	0
0.000394448	0.01	0.2	0.582103	327.42	0
0.000394448	0.01	0.2	0.623735	327.204	0
0.000394448	0.01	0.2	0.668344	326.976	0
0.000394448	0.01	0.2	0.716143	326.738	0
0.000394448	0.01	0.2	0.767361	326.492	0
0.000394448	0.01	0.2	0.822243	326.242	0
0.000394448	0.01	0.2	0.881049	325.99	0
0.000394448	0.01	0.2	0.944061	325.743	0
0.000394448	0.01	0.2	1.01158	325.506	0
0.000394448	0.01	0.2	1.08393	325.289	0
0.000394448	0.01	0.2	1.16145	325.104	0
0.000394448	0.01	0.2	1.24451	324.972	0
0.000394448	0.01	0.2	1.33352	324.926	0
0.000394448	0.01	0.2	1.42889	325.014	0
0.000394448	0.01	0.2	1.53109	325.305	0
0.000394448	0.01	0.2	1.64059	325.892	0
0.000394448	0.01	0.2	1.75792	326.885	0
0.000394448	0.01	0.2	1.88365	328.401	0
0.000394448	0.01	0.2	2.01837	330.537	0
0.000394448	0.01	0.2	2.16272	333.317	0
0.000394448	0.01	0.2	2.31739	336.641	0
0.000394448	0.01	0.2	2.48313	340.202	0
0.000394448	0.01	0.2	2.66073	343.431	0
0.000394448	0.01	0.2	2.85102	345.5	0
0.000394448	0.01	0.2	3.05492	345.496	0
0.000394448	0.01	0.2	3.27341	342.842	0
0.000394448	0.01	0.2	3.50752	337.936	0
0.000394448	0.01	0.2	3.75837	332.564	0
0.000394448	0.01	0.2	4.02717	329.37	0
0.000394448	0.01	0.2	4.31519	330.077	0
0.000394448	0.01	0.2	4.62381	333.633	0
0.000394448	0.01	0.2	4.9545	336.453	0
0.000394448	0.01	0.2	5.30884	335.29	0
0.000394448	0.01	0.2	5.68853	330.227	0
0.000394448	0.01	0.2	6.09537	325.106	0
0.000394448	0.01	0.2	6.53131	325.102	0
0.000394448	0.01	0.2	6.99842	333.03	0
0.000394448	0.01	0.2	7.49894	347.667	0
0.000394448	0.01	0.2	8.03526	362.206	0
0.000394448	0.01	0.2	8.60994	363.179	0
0.000394448	0.01	0.2	9.22571	350.036	0
0.000394448	0.01	0.2	9.88553	344.935	0
0.000394448	0.01	0.2	10.5925	358.18	0
0.000394448	0.01	0.2	11.3501	380.148	0
0.000394448	0.01	0.2	12.1619	397.973	0
0.000394448	0.01	0.2	13.0317	411.238	0
0.000394448	0.01	0.2	13.9637	414.37	0
0.000394448	0.01	0.2	14.9624	393.592	0
0.000394448	0.01	0.2	16.0325	362.385	0
0.000394448	0.01	0.2	17.1791	376.296	0
0.000394448	0.01	0.2	18.4077	429.471	0
0.000394448	0.01	0.2	19.7242	446.994	0
0.000394448	0.01	0.2	21.1349	431.237	0
0.000394448	0.01	0.2	22.6464	486.68	0
0.000394448	0.01	0.2	24.2661	554.653	0
0.000394448	0.01	0.2	26.0016	476.916	0
0.000394448	0.01	0.2	27.8612	461.221	0
0.000394448	0.01	0.2	29.8538	544.423	0
0.000394448	0.01	0.2	31.989	426.597	0
0.000394448	0.01	0.2	34.2768	510.501	0
0.000394448	0.01	0.2	36.7282	579.372	0
0.000394448	0.01	0.2	39.355	427.79	0
0.000394448	0.01	0.2	42.1697	514.662	0
0.000394448	0.01	0.2	45.1856	488.621	0
0.000394448	0.01	0.2	48.4172	465.533	0
0.000394448	0.01	0.2	51.88	510.273	0
0.000394448	0.01	0.2	55.5904	392.816	0
0.000394448	0.01	0.2	59.5662	481.816	0
0.000394448	0.01	0.2	63.8263	437.712	0
0.000394448	0.01	0.2	68.3912	435.209	0
0.000394448	0.01	0.2	73.2825	400.694	0
0.000394448	0.01	0.2	78.5236	407.974	0
0.000394448	0.01	0.2	84.1395	382.96	0
0.000394448	0.01	0.2	90.1571	385.555	0
0.000394448	0.01	0.2	96.6051	377.251	0
0.000430964	0.01	0.2	0.103514	329.374	0
0.000430964	0.01	0.2	0.110917	329.36	0
0.000430964	0.01	0.2	0.11885	329.345	0
0.000430964	0.01	0.2	0.12735	329.328	0
0.000430964	0.01	0.2	0.136458	329.308	0
0.000430964	0.01	0.2	0.146218	329.285	0
0.000430964	0.01	0.2	0.156675	329.259	0
0.000430964	0.01	0.2	0.16788	329.23	0
0.000430964	0.01	0.2	0.179887	329.196	0
0.000430964	0.01	0.2	0.192752	329.157	0
0.000430964	0.01	0.2	0.206538	329.114	0
0.000430964	0.01	0.2	0.221309	329.064	0
0.000430964	0.01	0.2	0.237137	329.007	0
0.000430964	0.01	0.2	0.254097	328.943	0
0.000430964	0.01	0.2	0.27227	328.871	0
0.000430964	0.01	0.2	0.291743	328.789	0
0.000430964	0.01	0.2	0.312608	328.698	0
0.000430964	0.01	0.2	0.334965	328.595	0
0.000430964	0.01	0.2	0.358922	328.48	0
0.000430964	0.01	0.2	0.384592	328.351	0
0.000430964	0.01	0.2	0.412098	328.209	0
0.000430964	0.01	0.2	0.44157	328.052	0
0.000430964	0.01	0.2	0.473151	327.88	0
0.000430964	0.01	0.2	0.506991	327.692	0
0.000430964	0.01	0.2	0.54325	327.488	0
0.000430964	0.01	0.2	0.582103	327.269	0
0.000430964	0.01	0.2	0.623735	327.036	0
0.000430964	0.01	0.2	0.668344	326.789	0
0.000430964	0.01	0.2	0.716143	326.532	0
0.000430964	0.01	0.2	0.767361	326.265	0
0.000430964	0.01	0.2	0.822243	325.994	0
0.000430964	0.01	0.2	0.881049	325.72	0
0.000430964	0.01	0.2	0.944061	325.451	0
0.000430964	0.01	0.2	1.01158	325.191	0
0.000430964	0.01	0.2	1.08393	324.951	0
0.000430964	0.01	0.2	1.16145	324.744	0
0.000430964	0.01	0.2	1.24451	324.592	0
0.000430964	0.01	0.2	1.33352	324.526	0
0.000430964	0.01	0.2	1.42889	324.597	0
0.000430964	0.01	0.2	1.53109	324.872	0
0.000430964	0.01	0.2	1.64059	325.446	0
0.000430964	0.01	0.2	1.75792	326.43	0
0.000430964	0.01	0.2	1.88365	327.941	0
0.000430964	0.01	0.2	2.01837	330.074	0
0.000430964	0.01	0.2	2.16272	332.857	0
0.000430964	0.01	0.2	2.31739	336.187	0
0.000430964	0.01	0.2	2.48313	339.755	0
0.000430964	0.01	0.2	2.66073	342.993	0
0.000430964	0.01	0.2	2.85102	345.073	0
0.000430964	0.01	0.2	3.05492	345.078	0
0.000430964	0.01	0.2	3.27341	342.429	0
0.000430964	0.01	0.2	3.50752	337.521	0
0.000430964	0.01	0.2	3.75837	332.138	0
0.000430964	0.01	0.2	4.02717	328.924	0
0.000430964	0.01	0.2	4.31519	329.601	0
0.000430964	0.01	0.2	4.62381	333.119	0
0.000430964	0.01	0.2	4.9545	335.901	0
0.000430964	0.01	0.2	5.30884	334.707	0
0.000430964	0.01	0.2	5.68853	329.625	0
0.000430964	0.01	0.2	6.09537	324.502	0
0.000430964	0.01	0.2	6.53131	324.511	0
0.000430964	0.01	0.2	6.99842	332.461	0
0.000430964	0.01	0.2	7.49894	347.122	0
0.000430964	0.01	0.2	8.03526	361.684	0
0.000430964	0.01	0.2	8.60994	362.673	0
0.000430964	0.01	0.2	9.22571	349.541	0
0.000430964	0.01	0.2	9.88553	344.444	0
0.000430964	0.01	0.2	10.5925	357.689	0
0.000430964	0.01	0.2	11.3501	379.66	0
0.000430964	0.01	0.2	12.1619	397.499	0
0.000430964	0.01	0.2	13.0317	410.786	0
0.000430964	0.01	0.2	13.9637	413.937	0
0.000430964	0.01	0.2	14.9624	393.162	0
0.000430964	0.01	0.2	16.0325	361.938	0
0.000430964	0.01	0.2	17.1791	375.822	0
0.000430964	0.01	0.2	18.4077	428.982	0
0.000430964	0.01	0.2	19.7242	446.514	0
0.000430964	0.01	0.2	21.1349	430.77	0
0.000430964	0.01	0.2	22.6464	486.223	0
0.000430964	0.01	0.2	24.2661	554.191	0
0.000430964	0.01	0.2	26.0016	476.451	0
0.000430964	0.01	0.2	27.8612	460.763	0
0.000430964	0.01	0.2	29.8538	543.977	0
0.000430964	0.01	0.2	31.989	426.13	0
0.000430964	0.01	0.2	34.2768	510	0
0.000430964	0.01	0.2	36.7282	578.893	0
0.000430964	0.01	0.2	39.355	427.343	0
0.000430964	0.01	0.2	42.1697	514.206	0
0.000430964	0.01	0.2	45.1856	488.165	0
0.000430964	0.01	0.2	48.4172	465.049	0
0.000430964	0.01	0.2	51.88	509.775	0
0.000430964	0.01	0.2	55.5904	392.369	0
0.000430964	0.01	0.2	59.5662	481.375	0
0.000430964	0.01	0.2	63.8263	437.215	0
0.000430964	0.01	0.2	68.3912	434.74	0
0.000430964	0.01	0.2	73.2825	400.229	0
0.000430964	0.01	0.2	78.5236	407.51	0
0.000430964	0.01	0.2	84.1395	382.498	0
0.000430964	0.01	0.2	90.1571	385.099	0
0.000430964	0.01	0.2	96.6051	376.808	0
0.00047086	0.01	0.2	0.103514	329.367	0
0.00047086	0.01	0.2	0.110917	329.353	0
0.00047086	0.01	0.2	0.11885	329.337	0
0.00047086	0.01	0.2	0.12735	329.318	0
0.00047086	0.01	0.2	0.136458	329.297	0
0.00047086	0.01	0.2	0.146218	329.272	0
0.00047086	0.01	0.2	0.156675	329.245	0
0.00047086	0.01	0.2	0.16788	329.213	0
0.00047086	0.01	0.2	0.179887	329.177	0
0.00047086	0.01	0.2	0.192752	329.135	0
0.00047086	0.01	0.2	0.206538	329.088	0
0.00047086	0.01	0.2	0.221309	329.035	0
0.00047086	0.01	0.2	0.237137	328.974	0
0.00047086	0.01	0.2	0.254097	328.906	0
0.00047086	0.01	0.2	0.27227	328.828	0
0.00047086	0.01	0.2	0.291743	328.741	0
0.00047086	0.01	0.2	0.312608	328.642	0
0.00047086	0.01	0.2	0.334965	328.532	0
0.00047086	0.01	0.2	0.358922	328.408	0
0.00047086	0.01	0.2	0.384592	328.27	0
0.00047086	0.01	0.2	0.412098	328.117	0
0.00047086	0.01	0.2	0.44157	327.948	0
0.00047086	0.01	0.2	0.473151	327.763	0
0.00047086	0.01	0.2	0.506991	327.56	0
0.00047086	0.01	0.2	0.54325	327.341	0
0.00047086	0.01	0.2	0.582103	327.105	0
0.00047086	0.01	0.2	0.623735	326.852	0
0.00047086	0.01	0.2	0.668344	326.586	0
0.00047086	0.01	0.2	0.716143	326.307	0
0.00047086	0.01	0.2	0.767361	326.018	0
0.00047086	0.01	0.2	0.822243	325.723	0
0.00047086	0.01	0.2	0.881049	325.426	0
0.00047086	0.01	0.2	0.944061	325.131	0
0.00047086	0.01	0.2	1.01158	324.847	0
0.00047086	0.01	0.2	1.08393	324.583	0
0.00047086	0.01	0.2	1.16145	324.352	0
0.00047086	0.01	0.2	1.24451	324.177	0
0.00047086	0.01	0.2	1.33352	324.09	0
0.00047086	0.01	0.2	1.42889	324.141	0
0.00047086	0.01	0.2	1.53109	324.399	0
0.00047086	0.01	0.2	1.64059	324.959	0
0.00047086	0.01	0.2	1.75792	325.933	0
0.00047086	0.01	0.2	1.88365	327.438	0
0.00047086	0.01	0.2	2.01837	329.57	0
0.00047086	0.01	0.2	2.16272	332.355	0
0.00047086	0.01	0.2	2.31739	335.69	0
0.00047086	0.01	0.2	2.48313	339.268	0
0.00047086	0.01	0.2	2.66073	342.516	0
0.00047086	0.01	0.2	2.85102	344.607	0
0.00047086	0.01	0.2	3.05492	344.621	0
0.00047086	0.01	0.2	3.27341	341.978	0
0.00047086	0.01	0.2	3.50752	337.068	0
0.00047086	0.01	0.2	3.75837	331.674	0
0.00047086	0.01	0.2	4.02717	328.438	0
0.00047086	0.01	0.2	4.31519	329.081	0
0.00047086	0.01	0.2	4.62381	332.559	0
0.00047086	0.01	0.2	4.9545	335.299	0
0.00047086	0.01	0.2	5.30884	334.07	0
0.00047086	0.01	0.2	5.68853	328.968	0
0.00047086	0.01	0.2	6.09537	323.843	0
0.00047086	0.01	0.2	6.53131	323.866	0
0.00047086	0.01	0.2	6.99842	331.839	0
0.00047086	0.01	0.2	7.49894	346.527	0
0.00047086	0.01	0.2	8.03526	361.113	0
0.00047086	0.01	0.2	8.60994	362.12	0
0.00047086	0.01	0.2	9.22571	349.001	0
0.00047086	0.01	0.2	9.88553	343.909	0
0.00047086	0.01	0.2	10.5925	357.153	0
0.00047086	0.01	0.2	11.3501	379.128	0
0.00047086	0.01	0.2	12.1619	396.982	0
0.00047086	0.01	0.2	13.0317	410.293	0
0.00047086	0.01	0.2	13.9637	413.464	0
0.00047086	0.01	0.2	14.9624	392.693	0
0.00047086	0.01	0.2	16.0325	361.45	0
0.00047086	0.01	0.2	17.1791	375.305	0
0.00047086	0.01	0.2	18.4077	428.449	0
0.00047086	0.01	0.2	19.7242	445.989	0
0.00047086	0.01	0.2	21.1349	430.26	0
0.00047086	0.01	0.2	22.6464	485.725	0
0.00047086	0.01	0.2	24.2661	553.687	0
0.00047086	0.01	0.2	26.0016	475.943	0
0.00047086	0.01	0.2	27.8612	460.264	0
0.00047086	0.01	0.2	29.8538	543.491	0
0.00047086	0.01	0.2	31.989	425.621	0
0.00047086	0.01	0.2	34.2768	509.452	0
0.00047086	0.01	0.2	36.7282	578.369	0
0.00047086	0.01	0.2	39.355	426.856	0
0.00047086	0.01	0.2	42.1697	513.709	0
0.00047086	0.01	0.2	45.1856	487.668	0
0.00047086	0.01	0.2	48.4172	464.521	0
0.00047086	0.01	0.2	51.88	509.232	0
0.00047086	0.01	0.2	55.5904	391.88	0
0.00047086	0.01	0.2	59.5662	480.893	0
0.00047086	0.01	0.2	63.8263	436.674	0
0.00047086	0.01	0.2	68.3912	434.227	0
0.00047086	0.01	0.2	73.2825	399.722	0
0.00047086	0.01	0.2	78.5236	407.003	0
0.00047086	0.01	0.2	84.1395	381.993	0
0.00047086	0.01	0.2	90.1571	384.602	0
0.00047086	0.01	0.2	96.6051	376.325	0
0.00051445	0.01	0.2	0.103514	329.36	0
0.00051445	0.01	0.2	0.110917	329.345	0
0.00051445	0.01	0.2	0.11885	329.327	0
0.00051445	0.01	0.2	0.12735	329.307	0
0.00051445	0.01	0.2	0.136458	329.285	0
0.00051445	0.01	0.2	0.146218	329.258	0
0.00051445	0.01	0.2	0.156675	329.229	0
0.00051445	0.01	0.2	0.16788	329.194	0
0.00051445	0.01	0.2	0.179887	329.156	0
0.00051445	0.01	0.2	0.192752	329.111	0
0.00051445	0.01	0.2	0.206538	329.061	0
0.00051445	0.01	0.2	0.221309	329.004	0
0.00051445	0.01	0.2	0.237137	328.938	0
0.00051445	0.01	0.2	0.254097	328.865	0
0.00051445	0.01	0.2	0.27227	328.781	0
0.00051445	0.01	0.2	0.291743	328.687	0
0.00051445	0.01	0.2	0.312608	328.581	0
0.00051445	0.01	0.2	0.334965	328.463	0
0.00051445	0.01	0.2	0.358922	328.33	0
0.00051445	0.01	0.2	0.384592	328.181	0
0.00051445	0.01	0.2	0.412098	328.017	0
0.00051445	0.01	0.2	0.44157	327.835	0
0.00051445	0.01	0.2	0.473151	327.635	0
0.00051445	0.01	0.2	0.506991	327.417	0
0.00051445	0.01	0.2	0.54325	327.18	0
0.00051445	0.01	0.2	0.582103	326.925	0
0.00051445	0.01	0.2	0.623735	326.652	0
0.00051445	0.01	0.2	0.668344	326.363	0
0.00051445	0.01	0.2	0.716143	326.061	0
0.00051445	0.01	0.2	0.767361	325.748	0
0.00051445	0.01	0.2	0.822243	325.427	0
0.00051445	0.01	0.2	0.881049	325.104	0
0.00051445	0.01	0.2	0.944061	324.783	0
0.00051445	0.01	0.2	1.01158	324.472	0
0.00051445	0.01	0.2	1.08393	324.181	0
0.00051445	0.01	0.2	1.16145	323.924	0
0.00051445	0.01	0.2	1.24451	323.724	0
0.00051445	0.01	0.2	1.33352	323.613	0
0.00051445	0.01	0.2	1.42889	323.643	0
0.00051445	0.01	0.2	1.53109	323.883	0
0.00051445	0.01	0.2	1.64059	324.428	0
0.00051445	0.01	0.2	1.75792	325.391	0
0.00051445	0.01	0.2	1.88365	326.889	0
0.00051445	0.01	0.2	2.01837	329.019	0
0.00051445	0.01	0.2	2.16272	331.807	0
0.00051445	0.01	0.2	2.31739	335.149	0
0.00051445	0.01	0.2	2.48313	338.735	0
0.00051445	0.01	0.2	2.66073	341.995	0
0.00051445	0.01	0.2	2.85102	344.098	0
0.00051445	0.01	0.2	3.05492	344.124	0
0.00051445	0.01	0.2	3.27341	341.486	0
0.00051445	0.01	0.2	3.50752	336.574	0
0.00051445	0.01	0.2	3.75837	331.167	0
0.00051445	0.01	0.2	4.02717	327.907	0
0.00051445	0.01	0.2	4.31519	328.514	0
0.00051445	0.01	0.2	4.62381	331.947	0
0.00051445	0.01	0.2	4.9545	334.641	0
0.00051445	0.01	0.2	5.30884	333.374	0
0.00051445	0.01	0.2	5.68853	328.25	0
0.00051445	0.01	0.2	6.09537	323.124	0
0.00051445	0.01	0.2	6.53131	323.161	0
0.00051445	0.01	0.2	6.99842	331.161	0
0.00051445	0.01	0.2	7.49894	345.878	0
0.00051445	0.01	0.2	8.03526	360.491	0
0.00051445	0.01	0.2	8.60994	361.518	0
0.00051445	0.01	0.2	9.22571	348.412	0
0.00051445	0.01	0.2	9.88553	343.325	0
0.00051445	0.01	0.2	10.5925	356.568	0
0.00051445	0.01	0.2	11.3501	378.547	0
0.00051445	0.01	0.2	12.1619	396.417	0
0.00051445	0.01	0.2	13.0317	409.755	0
0.00051445	0.01	0.2	13.9637	412.948	0
0.00051445	0.01	0.2	14.9624	392.181	0
0.00051445	0.01	0.2	16.0325	360.918	0
0.00051445	0.01	0.2	17.1791	374.74	0
0.00051445	0.01	0.2	18.4077	427.866	0
0.00051445	0.01	0.2	19.7242	445.417	0
0.00051445	0.01	0.2	21.1349	429.704	0
0.00051445	0.01	0.2	22.6464	485.181	0
0.00051445	0.01	0.2	24.2661	553.136	0
0.00051445	0.01	0.2	26.0016	475.39	0
0.00051445	0.01	0.2	27.8612	459.718	0
0.00051445	0.01	0.2	29.8538	542.96	0
0.00051445	0.01	0.2	31.989	425.066	0
0.00051445	0.01	0.2	34.2768	508.855	0
0.00051445	0.01	0.2	36.7282	577.797	0
0.00051445	0.01	0.2	39.355	426.324	0
0.00051445	0.01	0.2	42.1697	513.167	0
0.00051445	0.01	0.2	45.1856	487.125	0
0.00051445	0.01	0.2	48.4172	463.945	0
0.00051445	0.01	0.2	51.88	508.639	0
0.00051445	0.01	0.2	55.5904	391.346	0
0.00051445	0.01	0.2	59.5662	480.368	0
0.00051445	0.01	0.2	63.8263	436.083	0
0.00051445	0.01	0.2	68.3912	433.668	0
0.00051445	0.01	0.2	73.2825	399.168	0
0.00051445	0.01	0.2	78.5236	406.449	0
0.00051445	0.01	0.2	84.1395	381.442	0
0.00051445	0.01	0.2	90.1571	384.059	0
0.00051445	0.01	0.2	96.6051	375.798	0
0.000562075	0.01	0.2	0.103514	329.352	0
0.000562075	0.01	0.2	0.110917	329.336	0
0.000562075	0.01	0.2	0.11885	329.317	0
0.000562075	0.01	0.2	0.12735	329.296	0
0.000562075	0.01	0.2	0.136458	329.271	0
0.000562075	0.01	0.2	0.146218	329.243	0
0.000562075	0.01	0.2	0.156675	329.211	0
0.000562075	0.01	0.2	0.16788	329.174	0
0.000562075	0.01	0.2	0.179887	329.133	0
0.000562075	0.01	0.2	0.192752	329.085	0
0.000562075	0.01	0.2	0.206538	329.031	0
0.000562075	0.01	0.2	0.221309	328.969	0
0.000562075	0.01	0.2	0.237137	328.899	0
0.000562075	0.01	0.2	0.254097	328.82	0
0.000562075	0.01	0.2	0.27227	328.73	0
0.000562075	0.01	0.2	0.291743	328.629	0
0.000562075	0.01	0.2	0.312608	328.515	0
0.000562075	0.01	0.2	0.334965	328.387	0
0.000562075	0.01	0.2	0.358922	328.244	0
0.000562075	0.01	0.2	0.384592	328.084	0
0.000562075	0.01	0.2	0.412098	327.907	0
0.000562075	0.01	0.2	0.44157	327.711	0
0.000562075	0.01	0.2	0.473151	327.495	0
0.000562075	0.01	0.2	0.506991	327.26	0
0.000562075	0.01	0.2	0.54325	327.004	0
0.000562075	0.01	0.2	0.582103	326.728	0
0.000562075	0.01	0.2	0.623735	326.433	0
0.000562075	0.01	0.2	0.668344	326.121	0
0.000562075	0.01	0.2	0.716143	325.793	0
0.000562075	0.01	0.2	0.767361	325.453	0
0.000562075	0.01	0.2	0.822243	325.104	0
0.000562075	0.01	0.2	0.881049	324.752	0
0.000562075	0.01	0.2	0.944061	324.402	0
0.000562075	0.01	0.2	1.01158	324.062	0
0.000562075	0.01	0.2	1.08393	323.741	0
0.000562075	0.01	0.2	1.16145	323.456	0
0.000562075	0.01	0.2	1.24451	323.229	0
0.000562075	0.01	0.2	1.33352	323.093	0
0.000562075	0.01	0.2	1.42889	323.1	0
0.000562075	0.01	0.2	1.53109	323.32	0
0.000562075	0.01	0.2	1.64059	323.848	0
0.000562075	0.01	0.2	1.75792	324.799	0
0.000562075	0.01	0.2	1.88365	326.29	0
0.000562075	0.01	0.2	2.01837	328.418	0
0.000562075	0.01	0.2	2.16272	331.209	0
0.000562075	0.01	0.2	2.31739	334.557	0
0.000562075	0.01	0.2	2.48313	338.154	0
0.000562075	0.01	0.2	2.66073	341.427	0
0.000562075	0.01	0.2	2.85102	343.543	0
0.000562075	0.01	0.2	3.05492	343.58	0
0.000562075	0.01	0.2	3.27341	340.949	0
0.000562075	0.01	0.2	3.50752	336.035	0
0.000562075	0.01	0.2	3.75837	330.615	0
0.000562075	0.01	0.2	4.02717	327.327	0
0.000562075	0.01	0.2	4.31519	327.895	0
0.000562075	0.01	0.2	4.62381	331.279	0
0.000562075	0.01	0.2	4.9545	333.924	0
0.000562075	0.01	0.2	5.30884	332.616	0
0.000562075	0.01	0.2	5.68853	327.468	0
0.000562075	0.01	0.2	6.09537	322.339	0
0.000562075	0.01	0.2	6.53131	322.393	0
0.000562075	0.01	0.2	6.99842	330.42	0
0.000562075	0.01	0.2	7.49894	345.169	0
0.000562075	0.01	0.2	8.03526	359.811	0
0.000562075	0.01	0.2	8.60994	360.86	0
0.000562075	0.01	0.2	9.22571	347.768	0
0.000562075	0.01	0.2	9.88553	342.687	0
0.000562075	0.01	0.2	10.5925	355.93	0
0.000562075	0.01	0.2	11.3501	377.913	0
0.000562075	0.01	0.2	12.1619	395.802	0
0.000562075	0.01	0.2	13.0317	409.168	0
0.000562075	0.01	0.2	13.9637	412.384	0
0.000562075	0.01	0.2	14.9624	391.622	0
0.000562075	0.01	0.2	16.0325	360.336	0
0.000562075	0.01	0.2	17.1791	374.124	0
0.000562075	0.01	0.2	18.4077	427.231	0
0.000562075	0.01	0.2	19.7242	444.793	0
0.000562075	0.01	0.2	21.1349	429.097	0
0.000562075	0.01	0.2	22.6464	484.587	0
0.000562075	0.01	0.2	24.2661	552.536	0
0.000562075	0.01	0.2	26.0016	474.785	0
0.000562075	0.01	0.2	27.8612	459.123	0
0.000562075	0.01	0.2	29.8538	542.38	0
0.000562075	0.01	0.2	31.989	424.46	0
0.000562075	0.01	0.2	34.2768	508.203	0
0.000562075	0.01	0.2	36.7282	577.174	0
0.000562075	0.01	0.2	39.355	425.744	0
0.000562075	0.01	0.2	42.1697	512.575	0
0.000562075	0.01	0.2	45.1856	486.533	0
0.000562075	0.01	0.2	48.4172	463.316	0
0.000562075	0.01	0.2	51.88	507.993	0
0.000562075	0.01	0.2	55.5904	390.765	0
0.000562075	0.01	0.2	59.5662	479.795	0
0.000562075	0.01	0.2	63.8263	435.438	0
0.000562075	0.01	0.2	68.3912	433.058	0
0.000562075	0.01	0.2	73.2825	398.564	0
0.000562075	0.01	0.2	78.5236	405.846	0
0.000562075	0.01	0.2	84.1395	380.841	0
0.000562075	0.01	0.2	90.1571	383.466	0
0.000562075	0.01	0.2	96.6051	375.223	0
0.000614108	0.01	0.2	0.103514	329.344	0
0.000614108	0.01	0.2	0.110917	329.326	0
0.000614108	0.01	0.2	0.11885	329.306	0
0.000614108	0.01	0.2	0.12735	329.283	0
0.000614108	0.01	0.2	0.136458	329.257	0
0.000614108	0.01	0.2	0.146218	329.226	0
0.000614108	0.01	0.2	0.156675	329.192	0
0.000614108	0.01	0.2	0.16788	329.152	0
0.000614108	0.01	0.2	0.179887	329.107	0
0.000614108	0.01	0.2	0.192752	329.056	0
0.000614108	0.01	0.2	0.206538	328.998	0
0.000614108	0.01	0.2	0.221309	328.932	0
0.000614108	0.01	0.2	0.237137	328.856	0
0.000614108	0.01	0.2	0.254097	328.771	0
0.000614108	0.01	0.2	0.27227	328.674	0
0.000614108	0.01	0.2	0.291743	328.565	0
0.000614108	0.01	0.2	0.312608	328.443	0
0.000614108	0.01	0.2	0.334965	328.305	0
0.000614108	0.01	0.2	0.358922	328.15	0
0.000614108	0.01	0.2	0.384592	327.978	0
0.000614108	0.01	0.2	0.412098	327.787	0
0.000614108	0.01	0.2	0.44157	327.575	0
0.000614108	0.01	0.2	0.473151	327.343	0
0.000614108	0.01	0.2	0.506991	327.088	0
0.000614108	0.01	0.2	0.54325	326.812	0
0.000614108	0.01	0.2	0.582103	326.513	0
0.000614108	0.01	0.2	0.623735	326.194	0
0.000614108	0.01	0.2	0.668344	325.855	0
0.000614108	0.01	0.2	0.716143	325.5	0
0.000614108	0.01	0.2	0.767361	325.131	0
0.000614108	0.01	0.2	0.822243	324.752	0
0.000614108	0.01	0.2	0.881049	324.368	0
0.000614108	0.01	0.2	0.944061	323.986	0
0.000614108	0.01	0.2	1.01158	323.614	0
0.000614108	0.01	0.2	1.08393	323.262	0
0.000614108	0.01	0.2	1.16145	322.946	0
0.000614108	0.01	0.2	1.24451	322.689	0
0.000614108	0.01	0.2	1.33352	322.525	0
0.000614108	0.01	0.2	1.42889	322.507	0
0.000614108	0.01	0.2	1.53109	322.705	0
0.000614108	0.01	0.2	1.64059	323.216	0
0.000614108	0.01	0.2	1.75792	324.153	0
0.000614108	0.01	0.2	1.88365	325.637	0
0.000614108	0.01	0.2	2.01837	327.762	0
0.000614108	0.01	0.2	2.16272	330.556	0
0.000614108	0.01	0.2	2.31739	333.912	0
0.000614108	0.01	0.2	2.48313	337.52	0
0.000614108	0.01	0.2	2.66073	340.807	0
0.000614108	0.01	0.2	2.85102	342.938	0
0.000614108	0.01	0.2	3.05492	342.987	0
0.000614108	0.01	0.2	3.27341	340.363	0
0.000614108	0.01	0.2	3.50752	335.446	0
0.000614108	0.01	0.2	3.75837	330.011	0
0.000614108	0.01	0.2	4.02717	326.695	0
0.000614108	0.01	0.2	4.31519	327.22	0
0.000614108	0.01	0.2	4.62381	330.55	0
0.000614108	0.01	0.2	4.9545	333.141	0
0.000614108	0.01	0.2	5.30884	331.788	0
0.000614108	0.01	0.2	5.68853	326.613	0
0.000614108	0.01	0.2	6.09537	321.482	0
0.000614108	0.01	0.2	6.53131	321.554	0
0.000614108	0.01	0.2	6.99842	329.612	0
0.000614108	0.01	0.2	7.49894	344.396	0
0.000614108	0.01	0.2	8.03526	359.07	0
0.000614108	0.01	0.2	8.60994	360.142	0
0.000614108	0.01	0.2	9.22571	347.066	0
0.000614108	0.01	0.2	9.88553	341.991	0
0.000614108	0.01	0.2	10.5925	355.233	0
0.000614108	0.01	0.2	11.3501	377.221	0
0.000614108	0.01	0.2	12.1619	395.129	0
0.000614108	0.01	0.2	13.0317	408.527	0
0.000614108	0.01	0.2	13.9637	411.769	0
0.000614108	0.01	0.2	14.9624	391.012	0
0.000614108	0.01	0.2	16.0325	359.702	0
0.000614108	0.01	0.2	17.1791	373.451	0
0.000614108	0.01	0.2	18.4077	426.537	0
0.000614108	0.01	0.2	19.7242	444.111	0
0.000614108	0.01	0.2	21.1349	428.435	0
0.000614108	0.01	0.2	22.6464	483.94	0
0.000614108	0.01	0.2	24.2661	551.881	0
0.000614108	0.01	0.2	26.0016	474.125	0
0.000614108	0.01	0.2	27.8612	458.474	0
0.000614108	0.01	0.2	29.8538	541.748	0
0.000614108	0.01	0.2	31.989	423.798	0
0.000614108	0.01	0.2	34.2768	507.491	0
0.000614108	0.01	0.2	36.7282	576.493	0
0.000614108	0.01	0.2	39.355	425.111	0
0.000614108	0.01	0.2	42.1697	511.929	0
0.000614108	0.01	0.2	45.1856	485.888	0
0.000614108	0.01	0.2	48.4172	462.631	0
0.000614108	0.01	0.2	51.88	507.287	0
0.000614108	0.01	0.2	55.5904	390.13	0
0.000614108	0.01	0.2	59.5662	479.169	0
0.000614108	0.01	0.2	63.8263	434.734	0
0.000614108	0.01	0.2	68.3912	432.392	0
0.000614108	0.01	0.2	73.2825	397.906	0
0.000614108	0.01	0.2	78.5236	405.187	0
0.000614108	0.01	0.2	84.1395	380.185	0
0.000614108	0.01	0.2	90.1571	382.82	0
0.000614108	0.01	0.2	96.6051	374.595	0
0.000670959	0.01	0.2	0.103514	329.335	0
0.000670959	0.01	0.2	0.110917	329.316	0
0.000670959	0.01	0.2	0.11885	329.294	0
0.000670959	0.01	0.2	0.12735	329.269	0
0.000670959	0.01	0.2	0.136458	329.241	0
0.000670959	0.01	0.2	0.146218	329.208	0
0.000670959	0.01	0.2	0.156675	329.171	0
0.000670959	0.01	0.2	0.16788	329.128	0
0.000670959	0.01	0.2	0.179887	329.08	0
0.000670959	0.01	0.2	0.192752	329.025	0
0.000670959	0.01	0.2	0.206538	328.962	0
0.000670959	0.01	0.2	0.221309	328.891	0
0.000670959	0.01	0.2	0.237137	328.809	0
0.000670959	0.01	0.2	0.254097	328.717	0
0.000670959	0.01	0.2	0.27227	328.613	0
0.000670959	0.01	0.2	0.291743	328.496	0
0.000670959	0.01	0.2	0.312608	328.363	0
0.000670959	0.01	0.2	0.334965	328.215	0
0.000670959	0.01	0.2	0.358922	328.048	0
0.000670959	0.01	0.2	0.384592	327.862	0
0.000670959	0.01	0.2	0.412098	327.656	0
0.000670959	0.01	0.2	0.44157	327.427	0
0.000670959	0.01	0.2	0.473151	327.176	0
0.000670959	0.01	0.2	0.506991	326.901	0
0.000670959	0.01	0.2	0.54325	326.602	0
0.000670959	0.01	0.2	0.582103	326.279	0
0.000670959	0.01	0.2	0.623735	325.933	0
0.000670959	0.01	0.2	0.668344	325.566	0
0.000670959	0.01	0.2	0.716143	325.18	0
0.000670959	0.01	0.2	0.767361	324.779	0
0.000670959	0.01	0.2	0.822243	324.367	0
0.000670959	0.01	0.2	0.881049	323.949	0
0.000670959	0.01	0.2	0.944061	323.532	0
0.000670959	0.01	0.2	1.01158	323.125	0
0.000670959	0.01	0.2	1.08393	322.739	0
0.000670959	0.01	0.2	1.16145	322.389	0
0.000670959	0.01	0.2	1.24451	322.1	0
0.000670959	0.01	0.2	1.33352	321.906	0
0.000670959	0.01	0.2	1.42889	321.86	0
0.000670959	0.01	0.2	1.53109	322.034	0
0.000670959	0.01	0.2	1.64059	322.525	0
0.000670959	0.01	0.2	1.75792	323.448	0
0.000670959	0.01	0.2	1.88365	324.924	0
0.000670959	0.01	0.2	2.01837	327.047	0
0.000670959	0.01	0.2	2.16272	329.844	0
0.000670959	0.01	0.2	2.31739	333.209	0
0.000670959	0.01	0.2	2.48313	336.829	0
0.000670959	0.01	0.2	2.66073	340.13	0
0.000670959	0.01	0.2	2.85102	342.277	0
0.000670959	0.01	0.2	3.05492	342.341	0
0.000670959	0.01	0.2	3.27341	339.724	0
0.000670959	0.01	0.2	3.50752	334.804	0
0.000670959	0.01	0.2	3.75837	329.353	0
0.000670959	0.01	0.2	4.02717	326.006	0
0.000670959	0.01	0.2	4.31519	326.484	0
0.000670959	0.01	0.2	4.62381	329.756	0
0.000670959	0.01	0.2	4.9545	332.286	0
0.000670959	0.01	0.2	5.30884	330.884	0
0.000670959	0.01	0.2	5.68853	325.681	0
0.000670959	0.01	0.2	6.09537	320.548	0
0.000670959	0.01	0.2	6.53131	320.639	0
0.000670959	0.01	0.2	6.99842	328.731	0
0.000670959	0.01	0.2	7.49894	343.552	0
0.000670959	0.01	0.2	8.03526	358.261	0
0.000670959	0.01	0.2	8.60994	359.359	0
0.000670959	0.01	0.2	9.22571	346.3	0
0.000670959	0.01	0.2	9.88553	341.232	0
0.000670959	0.01	0.2	10.5925	354.473	0
0.000670959	0.01	0.2	11.3501	376.466	0
0.000670959	0.01	0.2	12.1619	394.396	0
0.000670959	0.01	0.2	13.0317	407.827	0
0.000670959	0.01	0.2	13.9637	411.099	0
0.000670959	0.01	0.2	14.9624	390.347	0
0.000670959	0.01	0.2	16.0325	359.01	0
0.000670959	0.01	0.2	17.1791	372.718	0
0.000670959	0.01	0.2	18.4077	425.781	0
0.000670959	0.01	0.2	19.7242	443.368	0
0.000670959	0.01	0.2	21.1349	427.713	0
0.000670959	0.01	0.2	22.6464	483.233	0
0.000670959	0.01	0.2	24.2661	551.166	0
0.000670959	0.01	0.2	26.0016	473.406	0
0.000670959	0.01	0.2	27.8612	457.765	0
0.000670959	0.01	0.2	29.8538	541.058	0
0.000670959	0.01	0.2	31.989	423.076	0
0.000670959	0.01	0.2	34.2768	506.715	0
0.000670959	0.01	0.2	36.7282	575.751	0
0.000670959	0.01	0.2	39.355	424.421	0
0.000670959	0.01	0.2	42.1697	511.226	0
0.000670959	0.01	0.2	45.1856	485.184	0
0.000670959	0.01	0.2	48.4172	461.883	0
0.000670959	0.01	0.2	51.88	506.517	0
0.000670959	0.01	0.2	55.5904	389.437	0
0.000670959	0.01	0.2	59.5662	478.487	0
0.000670959	0.01	0.2	63.8263	433.965	0
0.000670959	0.01	0.2	68.3912	431.666	0
0.000670959	0.01	0.2	73.2825	397.187	0
0.000670959	0.01	0.2	78.5236	404.469	0
0.000670959	0.01	0.2	84.1395	379.469	0
0.000670959	0.01	0.2	90.1571	382.114	0
0.000670959	0.01	0.2	96.6051	373.911	0
0.000733073	0.01	0.2	0.103514	329.325	0
0.000733073	0.01	0.2	0.110917	329.304	0
0.000733073	0.01	0.2	0.11885	329.281	0
0.000733073	0.01	0.2	0.12735	329.254	0
0.000733073	0.01	0.2	0.136458	329.223	0
0.000733073	0.01	0.2	0.146218	329.188	0
0.000733073	0.01	0.2	0.156675	329.148	0
0.000733073	0.01	0.2	0.16788	329.102	0
0.000733073	0.01	0.2	0.179887	329.05	0
0.000733073	0.01	0.2	0.192752	328.991	0
0.000733073	0.01	0.2	0.206538	328.923	0
0.000733073	0.01	0.2	0.221309	328.846	0
0.000733073	0.01	0.2	0.237137	328.758	0
0.000733073	0.01	0.2	0.254097	328.659	0
0.000733073	0.01	0.2	0.27227	328.547	0
0.000733073	0.01	0.2	0.291743	328.42	0
0.000733073	0.01	0.2	0.312608	328.277	0
0.000733073	0.01	0.2	0.334965	328.116	0
0.000733073	0.01	0.2	0.358922	327.937	0
0.000733073	0.01	0.2	0.384592	327.736	0
0.000733073	0.01	0.2	0.412098	327.513	0
0.000733073	0.01	0.2	0.44157	327.266	0
0.000733073	0.01	0.2	0.473151	326.994	0
0.000733073	0.01	0.2	0.506991	326.696	0
0.000733073	0.01	0.2	0.54325	326.372	0
0.000733073	0.01	0.2	0.582103	326.023	0
0.000733073	0.01	0.2	0.623735	325.648	0
0.000733073	0.01	0.2	0.668344	325.25	0
0.000733073	0.01	0.2	0.716143	324.831	0
0.000733073	0.01	0.2	0.767361	324.395	0
0.000733073	0.01	0.2	0.822243	323.947	0
0.000733073	0.01	0.2	0.881049	323.492	0
0.000733073	0.01	0.2	0.944061	323.037	0
0.000733073	0.01	0.2	1.01158	322.592	0
0.000733073	0.01	0.2	1.08393	322.167	0
0.000733073	0.01	0.2	1.16145	321.781	0
0.000733073	0.01	0.2	1.24451	321.457	0
0.000733073	0.01	0.2	1.33352	321.23	0
0.000733073	0.01	0.2	1.42889	321.154	0
0.000733073	0.01	0.2	1.53109	321.302	0
0.000733073	0.01	0.2	1.64059	321.772	0
0.000733073	0.01	0.2	1.75792	322.68	0
0.000733073	0.01	0.2	1.88365	324.146	0
0.000733073	0.01	0.2	2.01837	326.267	0
0.000733073	0.01	0.2	2.16272	329.068	0
0.000733073	0.01	0.2	2.31739	332.441	0
0.000733073	0.01	0.2	2.48313	336.074	0
0.000733073	0.01	0.2	2.66073	339.392	0
0.000733073	0.01	0.2	2.85102	341.556	0
0.000733073	0.01	0.2	3.05492	341.635	0
0.000733073	0.01	0.2	3.27341	339.027	0
0.000733073	0.01	0.2	3.50752	334.104	0
0.000733073	0.01	0.2	3.75837	328.635	0
0.000733073	0.01	0.2	4.02717	325.253	0
0.000733073	0.01	0.2	4.31519	325.68	0
0.000733073	0.01	0.2	4.62381	328.889	0
0.000733073	0.01	0.2	4.9545	331.355	0
0.000733073	0.01	0.2	5.30884	329.899	0
0.000733073	0.01	0.2	5.68853	324.665	0
0.000733073	0.01	0.2	6.09537	319.528	0
0.000733073	0.01	0.2	6.53131	319.641	0
0.000733073	0.01	0.2	6.99842	327.77	0
0.000733073	0.01	0.2	7.49894	342.632	0
0.000733073	0.01	0.2	8.03526	357.379	0
0.000733073	0.01	0.2	8.60994	358.506	0
0.000733073	0.01	0.2	9.22571	345.465	0
0.000733073	0.01	0.2	9.88553	340.404	0
0.000733073	0.01	0.2	10.5925	353.644	0
0.000733073	0.01	0.2	11.3501	375.643	0
0.000733073	0.01	0.2	12.1619	393.596	0
0.000733073	0.01	0.2	13.0317	407.064	0
0.000733073	0.01	0.2	13.9637	410.367	0
0.000733073	0.01	0.2	14.9624	389.621	0
0.000733073	0.01	0.2	16.0325	358.255	0
0.000733073	0.01	0.2	17.1791	371.917	0
0.000733073	0.01	0.2	18.4077	424.956	0
0.000733073	0.01	0.2	19.7242	442.557	0
0.000733073	0.01	0.2	21.1349	426.925	0
0.000733073	0.01	0.2	22.6464	482.463	0
0.000733073	0.01	0.2	24.2661	550.385	0
0.000733073	0.01	0.2	26.0016	472.62	0
0.000733073	0.01	0.2	27.8612	456.992	0
0.000733073	0.01	0.2	29.8538	540.306	0
0.000733073	0.01	0.2	31.989	422.289	0
0.000733073	0.01	0.2	34.2768	505.868	0
0.000733073	0.01	0.2	36.7282	574.941	0
0.000733073	0.01	0.2	39.355	423.668	0
0.000733073	0.01	0.2	42.1697	510.458	0
0.000733073	0.01	0.2	45.1856	484.417	0
0.000733073	0.01	0.2	48.4172	461.067	0
0.000733073	0.01	0.2	51.88	505.677	0
0.000733073	0.01	0.2	55.5904	388.682	0
0.000733073	0.01	0.2	59.5662	477.742	0
0.000733073	0.01	0.2	63.8263	433.127	0
0.000733073	0.01	0.2	68.3912	430.874	0
0.000733073	0.01	0.2	73.2825	396.403	0
0.000733073	0.01	0.2	78.5236	403.685	0
0.000733073	0.01	0.2	84.1395	378.688	0
0.000733073	0.01	0.2	90.1571	381.345	0
0.000733073	0.01	0.2	96.6051	373.164	0
0.000800936	0.01	0.2	0.103514	329.314	0
0.000800936	0.01	0.2	0.110917	329.292	0
0.000800936	0.01	0.2	0.11885	329.266	0
0.000800936	0.01	0.2	0.12735	329.237	0
0.000800936	0.01	0.2	0.136458	329.204	0
0.000800936	0.01	0.2	0.146218	329.166	0
0.000800936	0.01	0.2	0.156675	329.123	0
0.000800936	0.01	0.2	0.16788	329.074	0
0.000800936	0.01	0.2	0.179887	329.017	0
0.000800936	0.01	0.2	0.192752	328.953	0
0.000800936	0.01	0.2	0.206538	328.88	0
0.000800936	0.01	0.2	0.221309	328.797	0
0.000800936	0.01	0.2	0.237137	328.702	0
0.000800936	0.01	0.2	0.254097	328.595	0
0.000800936	0.01	0.2	0.27227	328.474	0
0.000800936	0.01	0.2	0.291743	328.337	0
0.000800936	0.01	0.2	0.312608	328.182	0
0.000800936	0.01	0.2	0.334965	328.009	0
0.000800936	0.01	0.2	0.358922	327.815	0
0.000800936	0.01	0.2	0.384592	327.598	0
0.000800936	0.01	0.2	0.412098	327.356	0
0.000800936	0.01	0.2	0.44157	327.089	0
0.000800936	0.01	0.2	0.473151	326.795	0
0.000800936	0.01	0.2	0.506991	326.473	0
0.000800936	0.01	0.2	0.54325	326.122	0
0.000800936	0.01	0.2	0.582103	325.743	0
0.000800936	0.01	0.2	0.623735	325.336	0
0.000800936	0.01	0.2	0.668344	324.904	0
0.000800936	0.01	0.2	0.716143	324.45	0
0.000800936	0.01	0.2	0.767361	323.976	0
0.000800936	0.01	0.2	0.822243	323.488	0
0.000800936	0.01	0.2	0.881049	322.992	0
0.000800936	0.01	0.2	0.944061	322.496	0
0.000800936	0.01	0.2	1.01158	322.009	0
0.000800936	0.01	0.2	1.08393	321.544	0
0.000800936	0.01	0.2	1.16145	321.118	0
0.000800936	0.01	0.2	1.24451	320.755	0
0.000800936	0.01	0.2	1.33352	320.492	0
0.000800936	0.01	0.2	1.42889	320.384	0
0.000800936	0.01	0.2	1.53109	320.504	0
0.000800936	0.01	0.2	1.64059	320.95	0
0.000800936	0.01	0.2	1.75792	321.841	0
0.000800936	0.01	0.2	1.88365	323.297	0
0.000800936	0.01	0.2	2.01837	325.415	0
0.000800936	0.01	0.2	2.16272	328.22	0
0.000800936	0.01	0.2	2.31739	331.603	0
0.000800936	0.01	0.2	2.48313	335.252	0
0.000800936	0.01	0.2	2.66073	338.587	0
0.000800936	0.01	0.2	2.85102	340.77	0
0.000800936	0.01	0.2	3.05492	340.866	0
0.000800936	0.01	0.2	3.27341	338.267	0
0.000800936	0.01	0.2	3.50752	333.34	0
0.000800936	0.01	0.2	3.75837	327.852	0
0.000800936	0.01	0.2	4.02717	324.433	0
0.000800936	0.01	0.2	4.31519	324.804	0
0.000800936	0.01	0.2	4.62381	327.943	0
0.000800936	0.01	0.2	4.9545	330.338	0
0.000800936	0.01	0.2	5.30884	328.824	0
0.000800936	0.01	0.2	5.68853	323.556	0
0.000800936	0.01	0.2	6.09537	318.416	0
0.000800936	0.01	0.2	6.53131	318.552	0
0.000800936	0.01	0.2	6.99842	326.721	0
0.000800936	0.01	0.2	7.49894	341.629	0
0.000800936	0.01	0.2	8.03526	356.417	0
0.000800936	0.01	0.2	8.60994	357.574	0
0.000800936	0.01	0.2	9.22571	344.554	0
0.000800936	0.01	0.2	9.88553	339.501	0
0.000800936	0.01	0.2	10.5925	352.74	0
0.000800936	0.01	0.2	11.3501	374.744	0
0.000800936	0.01	0.2	12.1619	392.723	0
0.000800936	0.01	0.2	13.0317	406.232	0
0.000800936	0.01	0.2	13.9637	409.569	0
0.000800936	0.01	0.2	14.9624	388.829	0
0.000800936	0.01	0.2	16.0325	357.432	0
0.000800936	0.01	0.2	17.1791	371.044	0
0.000800936	0.01	0.2	18.4077	424.056	0
0.000800936	0.01	0.2	19.7242	441.673	0
0.000800936	0.01	0.2	21.1349	426.066	0
0.000800936	0.01	0.2	22.6464	481.622	0
0.000800936	0.01	0.2	24.2661	549.534	0
0.000800936	0.01	0.2	26.0016	471.764	0
0.000800936	0.01	0.2	27.8612	456.149	0
0.000800936	0.01	0.2	29.8538	539.485	0
0.000800936	0.01	0.2	31.989	421.43	0
0.000800936	0.01	0.2	34.2768	504.944	0
0.000800936	0.01	0.2	36.7282	574.057	0
0.000800936	0.01	0.2	39.355	422.847	0
0.000800936	0.01	0.2	42.1697	509.622	0
0.000800936	0.01	0.2	45.1856	483.581	0
0.000800936	0.01	0.2	48.4172	460.178	0
0.000800936	0.01	0.2	51.88	504.761	0
0.000800936	0.01	0.2	55.5904	387.858	0
0.000800936	0.01	0.2	59.5662	476.931	0
0.000800936	0.01	0.2	63.8263	432.213	0
0.000800936	0.01	0.2	68.3912	430.01	0
0.000800936	0.01	0.2	73.2825	395.548	0
0.000800936	0.01	0.2	78.5236	402.831	0
0.000800936	0.01	0.2	84.1395	377.837	0
0.000800936	0.01	0.2	90.1571	380.506	0
0.000800936	0.01	0.2	96.6051	372.35	0
0.000875083	0.01	0.2	0.103514	329.302	0
0.000875083	0.01	0.2	0.110917	329.278	0
0.000875083	0.01	0.2	0.11885	329.25	0
0.000875083	0.01	0.2	0.12735	329.219	0
0.000875083	0.01	0.2	0.136458	329.183	0
0.000875083	0.01	0.2	0.146218	329.143	0
0.000875083	0.01	0.2	0.156675	329.096	0
0.000875083	0.01	0.2	0.16788	329.042	0
0.000875083	0.01	0.2	0.179887	328.982	0
0.000875083	0.01	0.2	0.192752	328.912	0
0.000875083	0.01	0.2	0.206538	328.833	0
0.000875083	0.01	0.2	0.221309	328.743	0
0.000875083	0.01	0.2	0.237137	328.641	0
0.000875083	0.01	0.2	0.254097	328.525	0
0.000875083	0.01	0.2	0.27227	328.394	0
0.000875083	0.01	0.2	0.291743	328.246	0
0.000875083	0.01	0.2	0.312608	328.079	0
0.000875083	0.01	0.2	0.334965	327.892	0
0.000875083	0.01	0.2	0.358922	327.682	0
0.000875083	0.01	0.2	0.384592	327.447	0
0.000875083	0.01	0.2	0.412098	327.186	0
0.000875083	0.01	0.2	0.44157	326.896	0
0.000875083	0.01	0.2	0.473151	326.578	0
0.000875083	0.01	0.2	0.506991	326.229	0
0.000875083	0.01	0.2	0.54325	325.848	0
0.000875083	0.01	0.2	0.582103	325.437	0
0.000875083	0.01	0.2	0.623735	324.996	0
0.000875083	0.01	0.2	0.668344	324.527	0
0.000875083	0.01	0.2	0.716143	324.033	0
0.000875083	0.01	0.2	0.767361	323.518	0
0.000875083	0.01	0.2	0.822243	322.987	0
0.000875083	0.01	0.2	0.881049	322.447	0
0.000875083	0.01	0.2	0.944061	321.906	0
0.000875083	0.01	0.2	1.01158	321.374	0
0.000875083	0.01	0.2	1.08393	320.864	0
0.000875083	0.01	0.2	1.16145	320.394	0
0.000875083	0.01	0.2	1.24451	319.989	0
0.000875083	0.01	0.2	1.33352	319.688	0
0.000875083	0.01	0.2	1.42889	319.544	0
0.000875083	0.01	0.2	1.53109	319.633	0
0.000875083	0.01	0.2	1.64059	320.054	0
0.000875083	0.01	0.2	1.75792	320.927	0
0.000875083	0.01	0.2	1.88365	322.372	0
0.000875083	0.01	0.2	2.01837	324.487	0
0.000875083	0.01	0.2	2.16272	327.296	0
0.000875083	0.01	0.2	2.31739	330.69	0
0.000875083	0.01	0.2	2.48313	334.354	0
0.000875083	0.01	0.2	2.66073	337.709	0
0.000875083	0.01	0.2	2.85102	339.913	0
0.000875083	0.01	0.2	3.05492	340.026	0
0.000875083	0.01	0.2	3.27341	337.438	0
0.000875083	0.01	0.2	3.50752	332.507	0
0.000875083	0.01	0.2	3.75837	326.998	0
0.000875083	0.01	0.2	4.02717	323.538	0
0.000875083	0.01	0.2	4.31519	323.848	0
0.000875083	0.01	0.2	4.62381	326.911	0
0.000875083	0.01	0.2	4.9545	329.23	0
0.000875083	0.01	0.2	5.30884	327.652	0
0.000875083	0.01	0.2	5.68853	322.346	0
0.000875083	0.01	0.2	6.09537	317.204	0
0.000875083	0.01	0.2	6.53131	317.365	0
0.000875083	0.01	0.2	6.99842	325.578	0
0.000875083	0.01	0.2	7.49894	340.534	0
0.000875083	0.01	0.2	8.03526	355.368	0
0.000875083	0.01	0.2	8.60994	356.559	0
0.000875083	0.01	0.2	9.22571	343.56	0
0.000875083	0.01	0.2	9.88553	338.516	0
0.000875083	0.01	0.2	10.5925	351.753	0
0.000875083	0.01	0.2	11.3501	373.764	0
0.000875083	0.01	0.2	12.1619	391.77	0
0.000875083	0.01	0.2	13.0317	405.324	0
0.000875083	0.01	0.2	13.9637	408.698	0
0.000875083	0.01	0.2	14.9624	387.966	0
0.000875083	0.01	0.2	16.0325	356.534	0
0.000875083	0.01	0.2	17.1791	370.093	0
0.000875083	0.01	0.2	18.4077	423.074	0
0.000875083	0.01	0.2	19.7242	440.709	0
0.000875083	0.01	0.2	21.1349	425.129	0
0.000875083	0.01	0.2	22.6464	480.706	0
0.000875083	0.01	0.2	24.2661	548.606	0
0.000875083	0.01	0.2	26.0016	470.829	0
0.000875083	0.01	0.2	27.8612	455.229	0
0.000875083	0.01	0.2	29.8538	538.589	0
0.000875083	0.01	0.2	31.989	420.493	0
0.000875083	0.01	0.2	34.2768	503.936	0
0.000875083	0.01	0.2	36.7282	573.094	0
0.000875083	0.01	0.2	39.355	421.952	0
0.000875083	0.01	0.2	42.1697	508.71	0
0.000875083	0.01	0.2	45.1856	482.669	0
0.000875083	0.01	0.2	48.4172	459.208	0
0.000875083	0.01	0.2	51.88	503.763	0
0.000875083	0.01	0.2	55.5904	386.959	0
0.000875083	0.01	0.2	59.5662	476.045	0
0.000875083	0.01	0.2	63.8263	431.216	0
0.000875083	0.01	0.2	68.3912	429.068	0
0.000875083	0.01	0.2	73.2825	394.616	0
0.000875083	0.01	0.2	78.5236	401.9	0
0.000875083	0.01	0.2	84.1395	376.908	0
0.000875083	0.01	0.2	90.1571	379.591	0
0.000875083	0.01	0.2	96.6051	371.462	0
0.000956093	0.01	0.2	0.103514	329.289	0
0.000956093	0.01	0.2	0.110917	329.263	0
0.000956093	0.01	0.2	0.11885	329.233	0
0.000956093	0.01	0.2	0.12735	329.199	0
0.000956093	0.01	0.2	0.136458	329.161	0
0.000956093	0.01	0.2	0.146218	329.117	0
0.000956093	0.01	0.2	0.156675	329.066	0
0.000956093	0.01	0.2	0.16788	329.008	0
0.000956093	0.01	0.2	0.179887	328.942	0
0.000956093	0.01	0.2	0.192752	328.867	0
0.000956093	0.01	0.2	0.206538	328.782	0
0.000956093	0.01	0.2	0.221309	328.685	0
0.000956093	0.01	0.2	0.237137	328.574	0
0.000956093	0.01	0.2	0.254097	328.449	0
0.000956093	0.01	0.2	0.27227	328.307	0
0.000956093	0.01	0.2	0.291743	328.147	0
0.000956093	0.01	0.2	0.312608	327.967	0
0.000956093	0.01	0.2	0.334965	327.764	0
0.000956093	0.01	0.2	0.358922	327.536	0
0.000956093	0.01	0.2	0.384592	327.282	0
0.000956093	0.01	0.2	0.412098	326.999	0
0.000956093	0.01	0.2	0.44157	326.686	0
0.000956093	0.01	0.2	0.473151	326.341	0
0.000956093	0.01	0.2	0.506991	325.962	0
0.000956093	0.01	0.2	0.54325	325.55	0
0.000956093	0.01	0.2	0.582103	325.104	0
0.000956093	0.01	0.2	0.623735	324.625	0
0.000956093	0.01	0.2	0.668344	324.116	0
0.000956093	0.01	0.2	0.716143	323.579	0
0.000956093	0.01	0.2	0.767361	323.019	0
0.000956093	0.01	0.2	0.822243	322.441	0
0.000956093	0.01	0.2	0.881049	321.852	0
0.000956093	0.01	0.2	0.944061	321.262	0
0.000956093	0.01	0.2	1.01158	320.681	0
0.000956093	0.01	0.2	1.08393	320.122	0
0.000956093	0.01	0.2	1.16145	319.604	0
0.000956093	0.01	0.2	1.24451	319.154	0
0.000956093	0.01	0.2	1.33352	318.81	0
0.000956093	0.01	0.2	1.42889	318.627	0
0.000956093	0.01	0.2	1.53109	318.683	0
0.000956093	0.01	0.2	1.64059	319.077	0
0.000956093	0.01	0.2	1.75792	319.929	0
0.000956093	0.01	0.2	1.88365	321.363	0
0.000956093	0.01	0.2	2.01837	323.475	0
0.000956093	0.01	0.2	2.16272	326.289	0
0.000956093	0.01	0.2	2.31739	329.695	0
0.000956093	0.01	0.2	2.48313	333.376	0
0.000956093	0.01	0.2	2.66073	336.752	0
0.000956093	0.01	0.2	2.85102	338.978	0
0.000956093	0.01	0.2	3.05492	339.111	0
0.000956093	0.01	0.2	3.27341	336.533	0
0.000956093	0.01	0.2	3.50752	331.599	0
0.000956093	0.01	0.2	3.75837	326.067	0
0.000956093	0.01	0.2	4.02717	322.562	0
0.000956093	0.01	0.2	4.31519	322.806	0
0.000956093	0.01	0.2	4.62381	325.787	0
0.000956093	0.01	0.2	4.9545	328.021	0
0.000956093	0.01	0.2	5.30884	326.374	0
0.000956093	0.01	0.2	5.68853	321.027	0
0.000956093	0.01	0.2	6.09537	315.882	0
0.000956093	0.01	0.2	6.53131	316.07	0
0.000956093	0.01	0.2	6.99842	324.331	0
0.000956093	0.01	0.2	7.49894	339.341	0
0.000956093	0.01	0.2	8.03526	354.224	0
0.000956093	0.01	0.2	8.60994	355.451	0
0.000956093	0.01	0.2	9.22571	342.477	0
0.000956093	0.01	0.2	9.88553	337.442	0
0.000956093	0.01	0.2	10.5925	350.678	0
0.000956093	0.01	0.2	11.3501	372.695	0
0.000956093	0.01	0.2	12.1619	390.732	0
0.000956093	0.01	0.2	13.0317	404.334	0
0.000956093	0.01	0.2	13.9637	407.749	0
0.000956093	0.01	0.2	14.9624	387.025	0
0.000956093	0.01	0.2	16.0325	355.555	0
0.000956093	0.01	0.2	17.1791	369.055	0
0.000956093	0.01	0.2	18.4077	422.004	0
0.000956093	0.01	0.2	19.7242	439.658	0
0.000956093	0.01	0.2	21.1349	424.108	0
0.000956093	0.01	0.2	22.6464	479.707	0
0.000956093	0.01	0.2	24.2661	547.594	0
0.000956093	0.01	0.2	26.0016	469.81	0
0.000956093	0.01	0.2	27.8612	454.227	0
0.000956093	0.01	0.2	29.8538	537.613	0
0.000956093	0.01	0.2	31.989	419.472	0
0.000956093	0.01	0.2	34.2768	502.837	0
0.000956093	0.01	0.2	36.7282	572.043	0
0.000956093	0.01	0.2	39.355	420.977	0
0.000956093	0.01	0.2	42.1697	507.717	0
0.000956093	0.01	0.2	45.1856	481.676	0
0.000956093	0.01	0.2	48.4172	458.152	0
0.000956093	0.01	0.2	51.88	502.674	0
0.000956093	0.01	0.2	55.5904	385.98	0
0.000956093	0.01	0.2	59.5662	475.08	0
0.000956093	0.01	0.2	63.8263	430.129	0
0.000956093	0.01	0.2	68.3912	428.041	0
0.000956093	0.01	0.2	73.2825	393.601	0
0.000956093	0.01	0.2	78.5236	400.885	0
0.000956093	0.01	0.2	84.1395	375.896	0
0.000956093	0.01	0.2	90.1571	378.593	0
0.000956093	0.01	0.2	96.6051	370.494	0
0.0010446	0.01	0.2	0.103514	329.274	0
0.0010446	0.01	0.2	0.110917	329.246	0
0.0010446	0.01	0.2	0.11885	329.214	0
0.0010446	0.01	0.2	0.12735	329.178	0
0.0010446	0.01	0.2	0.136458	329.136	0
0.0010446	0.01	0.2	0.146218	329.088	0
0.0010446	0.01	0.2	0.156675	329.033	0
0.0010446	0.01	0.2	0.16788	328.971	0
0.0010446	0.01	0.2	0.179887	328.9	0
0.0010446	0.01	0.2	0.192752	328.819	0
0.0010446	0.01	0.2	0.206538	328.726	0
0.0010446	0.01	0.2	0.221309	328.621	0
0.0010446	0.01	0.2	0.237137	328.501	0
0.0010446	0.01	0.2	0.254097	328.366	0
0.0010446	0.01	0.2	0.27227	328.212	0
0.0010446	0.01	0.2	0.291743	328.039	0
0.0010446	0.01	0.2	0.312608	327.843	0
0.0010446	0.01	0.2	0.334965	327.624	0
0.0010446	0.01	0.2	0.358922	327.377	0
0.0010446	0.01	0.2	0.384592	327.102	0
0.0010446	0.01	0.2	0.412098	326.796	0
0.0010446	0.01	0.2	0.44157	326.456	0
0.0010446	0.01	0.2	0.473151	326.082	0
0.0010446	0.01	0.2	0.506991	325.671	0
0.0010446	0.01	0.2	0.54325	325.224	0
0.0010446	0.01	0.2	0.582103	324.74	0
0.0010446	0.01	0.2	0.623735	324.22	0
0.0010446	0.01	0.2	0.668344	323.667	0
0.0010446	0.01	0.2	0.716143	323.083	0
0.0010446	0.01	0.2	0.767361	322.473	0
0.0010446	0.01	0.2	0.822243	321.844	0
0.0010446	0.01	0.2	0.881049	321.203	0
0.0010446	0.01	0.2	0.944061	320.56	0
0.0010446	0.01	0.2	1.01158	319.925	0
0.0010446	0.01	0.2	1.08393	319.313	0
0.0010446	0.01	0.2	1.16145	318.743	0
0.0010446	0.01	0.2	1.24451	318.244	0
0.0010446	0.01	0.2	1.33352	317.853	0
0.0010446	0.01	0.2	1.42889	317.628	0
0.0010446	0.01	0.2	1.53109	317.647	0
0.0010446	0.01	0.2	1.64059	318.012	0
0.0010446	0.01	0.2	1.75792	318.842	0
0.0010446	0.01	0.2	1.88365	320.263	0
0.0010446	0.01	0.2	2.01837	322.371	0
0.0010446	0.01	0.2	2.16272	325.191	0
0.0010446	0.01	0.2	2.31739	328.609	0
0.0010446	0.01	0.2	2.48313	332.309	0
0.0010446	0.01	0.2	2.66073	335.708	0
0.0010446	0.01	0.2	2.85102	337.959	0
0.0010446	0.01	0.2	3.05492	338.114	0
0.0010446	0.01	0.2	3.27341	335.548	0
0.0010446	0.01	0.2	3.50752	330.609	0
0.0010446	0.01	0.2	3.75837	325.052	0
0.0010446	0.01	0.2	4.02717	321.499	0
0.0010446	0.01	0.2	4.31519	321.67	0
0.0010446	0.01	0.2	4.62381	324.561	0
0.0010446	0.01	0.2	4.9545	326.704	0
0.0010446	0.01	0.2	5.30884	324.98	0
0.0010446	0.01	0.2	5.68853	319.59	0
0.0010446	0.01	0.2	6.09537	314.44	0
0.0010446	0.01	0.2	6.53131	314.659	0
0.0010446	0.01	0.2	6.99842	322.972	0
0.0010446	0.01	0.2	7.49894	338.04	0
0.0010446	0.01	0.2	8.03526	352.977	0
0.0010446	0.01	0.2	8.60994	354.245	0
0.0010446	0.01	0.2	9.22571	341.296	0
0.0010446	0.01	0.2	9.88553	336.272	0
0.0010446	0.01	0.2	10.5925	349.505	0
0.0010446	0.01	0.2	11.3501	371.53	0
0.0010446	0.01	0.2	12.1619	389.6	0
0.0010446	0.01	0.2	13.0317	403.254	0
0.0010446	0.01	0.2	13.9637	406.714	0
0.0010446	0.01	0.2	14.9624	385.998	0
0.0010446	0.01	0.2	16.0325	354.488	0
0.0010446	0.01	0.2	17.1791	367.923	0
0.0010446	0.01	0.2	18.4077	420.838	0
0.0010446	0.01	0.2	19.7242	438.513	0
0.0010446	0.01	0.2	21.1349	422.994	0
0.0010446	0.01	0.2	22.6464	478.617	0
0.0010446	0.01	0.2	24.2661	546.491	0
0.0010446	0.01	0.2	26.0016	468.699	0
0.0010446	0.01	0.2	27.8612	453.133	0
0.0010446	0.01	0.2	29.8538	536.549	0
0.0010446	0.01	0.2	31.989	418.358	0
0.0010446	0.01	0.2	34.2768	501.638	0
0.0010446	0.01	0.2	36.7282	570.898	0
0.0010446	0.01	0.2	39.355	419.914	0
0.0010446	0.01	0.2	42.1697	506.635	0
0.0010446	0.01	0.2	45.1856	480.594	0
0.0010446	0.01	0.2	48.4172	457	0
0.0010446	0.01	0.2	51.88	501.488	0
0.0010446	0.01	0.2	55.5904	384.913	0
0.0010446	0.01	0.2	59.5662	474.028	0
0.0010446	0.01	0.2	63.8263	428.944	0
0.0010446	0.01	0.2	68.3912	426.921	0
0.0010446	0.01	0.2	73.2825	392.494	0
0.0010446	0.01	0.2	78.5236	399.779	0
0.0010446	0.01	0.2	84.1395	374.793	0
0.0010446	0.01	0.2	90.1571	377.505	0
0.0010446	0.01	0.2	96.6051	369.439	0
0.00114131	0.01	0.2	0.103514	329.258	0
0.00114131	0.01	0.2	0.110917	329.228	0
0.00114131	0.01	0.2	0.11885	329.194	0
0.00114131	0.01	0.2	0.12735	329.154	0
0.00114131	0.01	0.2	0.136458	329.109	0
0.00114131	0.01	0.2	0.146218	329.057	0
0.00114131	0.01	0.2	0.156675	328.998	0
0.00114131	0.01	0.2	0.16788	328.93	0
0.00114131	0.01	0.2	0.179887	328.853	0
0.00114131	0.01	0.2	0.192752	328.765	0
0.00114131	0.01	0.2	0.206538	328.665	0
0.00114131	0.01	0.2	0.221309	328.551	0
0.00114131	0.01	0.2	0.237137	328.422	0
0.00114131	0.01	0.2	0.254097	328.275	0
0.00114131	0.01	0.2	0.27227	328.109	0
0.00114131	0.01	0.2	0.291743	327.921	0
0.00114131	0.01	0.2	0.312608	327.709	0
0.00114131	0.01	0.2	0.334965	327.471	0
0.00114131	0.01	0.2	0.358922	327.204	0
0.00114131	0.01	0.2	0.384592	326.905	0
0.00114131	0.01	0.2	0.412098	326.573	0
0.00114131	0.01	0.2	0.44157	326.205	0
0.00114131	0.01	0.2	0.473151	325.799	0
0.00114131	0.01	0.2	0.506991	325.353	0
0.00114131	0.01	0.2	0.54325	324.868	0
0.00114131	0.01	0.2	0.582103	324.342	0
0.00114131	0.01	0.2	0.623735	323.778	0
0.00114131	0.01	0.2	0.668344	323.176	0
0.00114131	0.01	0.2	0.716143	322.541	0
0.00114131	0.01	0.2	0.767361	321.878	0
0.00114131	0.01	0.2	0.822243	321.194	0
0.00114131	0.01	0.2	0.881049	320.495	0
0.00114131	0.01	0.2	0.944061	319.793	0
0.00114131	0.01	0.2	1.01158	319.1	0
0.00114131	0.01	0.2	1.08393	318.43	0
0.00114131	0.01	0.2	1.16145	317.804	0
0.00114131	0.01	0.2	1.24451	317.25	0
0.00114131	0.01	0.2	1.33352	316.81	0
0.00114131	0.01	0.2	1.42889	316.539	0
0.00114131	0.01	0.2	1.53109	316.518	0
0.00114131	0.01	0.2	1.64059	316.85	0
0.00114131	0.01	0.2	1.75792	317.657	0
0.00114131	0.01	0.2	1.88365	319.064	0
0.00114131	0.01	0.2	2.01837	321.169	0
0.00114131	0.01	0.2	2.16272	323.994	0
0.00114131	0.01	0.2	2.31739	327.426	0
0.00114131	0.01	0.2	2.48313	331.147	0
0.00114131	0.01	0.2	2.66073	334.571	0
0.00114131	0.01	0.2	2.85102	336.849	0
0.00114131	0.01	0.2	3.05492	337.027	0
0.00114131	0.01	0.2	3.27341	334.474	0
0.00114131	0.01	0.2	3.50752	329.53	0
0.00114131	0.01	0.2	3.75837	323.945	0
0.00114131	0.01	0.2	4.02717	320.34	0
0.00114131	0.01	0.2	4.31519	320.432	0
0.00114131	0.01	0.2	4.62381	323.225	0
0.00114131	0.01	0.2	4.9545	325.267	0
0.00114131	0.01	0.2	5.30884	323.462	0
0.00114131	0.01	0.2	5.68853	318.023	0
0.00114131	0.01	0.2	6.09537	312.869	0
0.00114131	0.01	0.2	6.53131	313.121	0
0.00114131	0.01	0.2	6.99842	321.491	0
0.00114131	0.01	0.2	7.49894	336.623	0
0.00114131	0.01	0.2	8.03526	351.619	0
0.00114131	0.01	0.2	8.60994	352.929	0
0.00114131	0.01	0.2	9.22571	340.009	0
0.00114131	0.01	0.2	9.88553	334.996	0
0.00114131	0.01	0.2	10.5925	348.227	0
0.00114131	0.01	0.2	11.3501	370.259	0
0.00114131	0.01	0.2	12.1619	388.365	0
0.00114131	0.01	0.2	13.0317	402.078	0
0.00114131	0.01	0.2	13.9637	405.585	0
0.00114131	0.01	0.2	14.9624	384.88	0
0.00114131	0.01	0.2	16.0325	353.325	0
0.00114131	0.01	0.2	17.1791	366.69	0
0.00114131	0.01	0.2	18.4077	419.567	0
0.00114131	0.01	0.2	19.7242	437.265	0
0.00114131	0.01	0.2	21.1349	421.782	0
0.00114131	0.01	0.2	22.6464	477.43	0
0.00114131	0.01	0.2	24.2661	545.288	0
0.00114131	0.01	0.2	26.0016	467.487	0
0.00114131	0.01	0.2	27.8612	451.941	0
0.00114131	0.01	0.2	29.8538	535.39	0
0.00114131	0.01	0.2	31.989	417.145	0
0.00114131	0.01	0.2	34.2768	500.332	0
0.00114131	0.01	0.2	36.7282	569.649	0
0.00114131	0.01	0.2	39.355	418.757	0
0.00114131	0.01	0.2	42.1697	505.457	0
0.00114131	0.01	0.2	45.1856	479.416	0
0.00114131	0.01	0.2	48.4172	455.745	0
0.00114131	0.01	0.2	51.88	500.195	0
0.00114131	0.01	0.2	55.5904	383.75	0
0.00114131	0.01	0.2	59.5662	472.881	0
0.00114131	0.01	0.2	63.8263	427.652	0
0.00114131	0.01	0.2	68.3912	425.701	0
0.00114131	0.01	0.2	73.2825	391.287	0
0.00114131	0.01	0.2	78.5236	398.573	0
0.00114131	0.01	0.2	84.1395	373.59	0
0.00114131	0.01	0.2	90.1571	376.319	0
0.00114131	0.01	0.2	96.6051	368.29	0
0.00124696	0.01	0.2	0.103514	329.241	0
0.00124696	0.01	0.2	0.110917	329.209	0
0.00124696	0.01	0.2	0.11885	329.171	0
0.00124696	0.01	0.2	0.12735	329.128	0
0.00124696	0.01	0.2	0.136458	329.079	0
0.00124696	0.01	0.2	0.146218	329.023	0
0.00124696	0.01	0.2	0.156675	328.959	0
0.00124696	0.01	0.2	0.16788	328.886	0
0.00124696	0.01	0.2	0.179887	328.802	0
0.00124696	0.01	0.2	0.192752	328.707	0
0.00124696	0.01	0.2	0.206538	328.598	0
0.00124696	0.01	0.2	0.221309	328.475	0
0.00124696	0.01	0.2	0.237137	328.335	0
0.00124696	0.01	0.2	0.254097	328.176	0
0.00124696	0.01	0.2	0.27227	327.995	0
0.00124696	0.01	0.2	0.291743	327.792	0
0.00124696	0.01	0.2	0.312608	327.562	0
0.00124696	0.01	0.2	0.334965	327.304	0
0.00124696	0.01	0.2	0.358922	327.014	0
0.00124696	0.01	0.2	0.384592	326.691	0
0.00124696	0.01	0.2	0.412098	326.33	0
0.00124696	0.01	0.2	0.44157	325.931	0
0.00124696	0.01	0.2	0.473151	325.49	0
0.00124696	0.01	0.2	0.506991	325.007	0
0.00124696	0.01	0.2	0.54325	324.479	0
0.00124696	0.01	0.2	0.582103	323.908	0
0.00124696	0.01	0.2	0.623735	323.295	0
0.00124696	0.01	0.2	0.668344	322.641	0
0.00124696	0.01	0.2	0.716143	321.95	0
0.00124696	0.01	0.2	0.767361	321.229	0
0.00124696	0.01	0.2	0.822243	320.483	0
0.00124696	0.01	0.2	0.881049	319.723	0
0.00124696	0.01	0.2	0.944061	318.957	0
0.00124696	0.01	0.2	1.01158	318.2	0
0.00124696	0.01	0.2	1.08393	317.467	0
0.00124696	0.01	0.2	1.16145	316.78	0
0.00124696	0.01	0.2	1.24451	316.168	0
0.00124696	0.01	0.2	1.33352	315.672	0
0.00124696	0.01	0.2	1.42889	315.352	0
0.00124696	0.01	0.2	1.53109	315.287	0
0.00124696	0.01	0.2	1.64059	315.584	0
0.00124696	0.01	0.2	1.75792	316.366	0
0.00124696	0.01	0.2	1.88365	317.758	0
0.00124696	0.01	0.2	2.01837	319.858	0
0.00124696	0.01	0.2	2.16272	322.69	0
0.00124696	0.01	0.2	2.31739	326.137	0
0.00124696	0.01	0.2	2.48313	329.88	0
0.00124696	0.01	0.2	2.66073	333.331	0
0.00124696	0.01	0.2	2.85102	335.638	0
0.00124696	0.01	0.2	3.05492	335.842	0
0.00124696	0.01	0.2	3.27341	333.303	0
0.00124696	0.01	0.2	3.50752	328.355	0
0.00124696	0.01	0.2	3.75837	322.74	0
0.00124696	0.01	0.2	4.02717	319.077	0
0.00124696	0.01	0.2	4.31519	319.083	0
0.00124696	0.01	0.2	4.62381	321.769	0
0.00124696	0.01	0.2	4.9545	323.703	0
0.00124696	0.01	0.2	5.30884	321.807	0
0.00124696	0.01	0.2	5.68853	316.315	0
0.00124696	0.01	0.2	6.09537	311.157	0
0.00124696	0.01	0.2	6.53131	311.445	0
0.00124696	0.01	0.2	6.99842	319.877	0
0.00124696	0.01	0.2	7.49894	335.079	0
0.00124696	0.01	0.2	8.03526	350.139	0
0.00124696	0.01	0.2	8.60994	351.497	0
0.00124696	0.01	0.2	9.22571	338.607	0
0.00124696	0.01	0.2	9.88553	333.605	0
0.00124696	0.01	0.2	10.5925	346.833	0
0.00124696	0.01	0.2	11.3501	368.875	0
0.00124696	0.01	0.2	12.1619	387.02	0
0.00124696	0.01	0.2	13.0317	400.795	0
0.00124696	0.01	0.2	13.9637	404.356	0
0.00124696	0.01	0.2	14.9624	383.661	0
0.00124696	0.01	0.2	16.0325	352.058	0
0.00124696	0.01	0.2	17.1791	365.347	0
0.00124696	0.01	0.2	18.4077	418.182	0
0.00124696	0.01	0.2	19.7242	435.905	0
0.00124696	0.01	0.2	21.1349	420.46	0
0.00124696	0.01	0.2	22.6464	476.137	0
0.00124696	0.01	0.2	24.2661	543.977	0
0.00124696	0.01	0.2	26.0016	466.167	0
0.00124696	0.01	0.2	27.8612	450.643	0
0.00124696	0.01	0.2	29.8538	534.126	0
0.00124696	0.01	0.2	31.989	415.822	0
0.00124696	0.01	0.2	34.2768	498.908	0
0.00124696	0.01	0.2	36.7282	568.289	0
0.00124696	0.01	0.2	39.355	417.497	0
0.00124696	0.01	0.2	42.1697	504.174	0
0.00124696	0.01	0.2	45.1856	478.133	0
0.00124696	0.01	0.2	48.4172	454.379	0
0.00124696	0.01	0.2	51.88	498.787	0
0.00124696	0.01	0.2	55.5904	382.483	0
0.00124696	0.01	0.2	59.5662	471.632	0
0.00124696	0.01	0.2	63.8263	426.243	0
0.00124696	0.01	0.2	68.3912	424.372	0
0.00124696	0.01	0.2	73.2825	389.973	0
0.00124696	0.01	0.2	78.5236	397.261	0
0.00124696	0.01	0.2	84.1395	372.28	0
0.00124696	0.01	0.2	90.1571	375.027	0
0.00124696	0.01	0.2	96.6051	367.038	0
0.0013624	0.01	0.2	0.103514	329.223	0
0.0013624	0.01	0.2	0.110917	329.187	0
0.0013624	0.01	0.2	0.11885	329.147	0
0.0013624	0.01	0.2	0.12735	329.1	0
0.0013624	0.01	0.2	0.136458	329.047	0
0.0013624	0.01	0.2	0.146218	328.986	0
0.0013624	0.01	0.2	0.156675	328.917	0
0.0013624	0.01	0.2	0.16788	328.837	0
0.0013624	0.01	0.2	0.179887	328.747	0
0.0013624	0.01	0.2	0.192752	328.643	0
0.0013624	0.01	0.2	0.206538	328.526	0
0.0013624	0.01	0.2	0.221309	328.392	0
0.0013624	0.01	0.2	0.237137	328.24	0
0.0013624	0.01	0.2	0.254097	328.067	0
0.0013624	0.01	0.2	0.27227	327.872	0
0.0013624	0.01	0.2	0.291743	327.651	0
0.0013624	0.01	0.2	0.312608	327.402	0
0.0013624	0.01	0.2	0.334965	327.121	0
0.0013624	0.01	0.2	0.358922	326.807	0
0.0013624	0.01	0.2	0.384592	326.456	0
0.0013624	0.01	0.2	0.412098	326.065	0
0.0013624	0.01	0.2	0.44157	325.631	0
0.0013624	0.01	0.2	0.473151	325.153	0
0.0013624	0.01	0.2	0.506991	324.628	0
0.0013624	0.01	0.2	0.54325	324.055	0
0.0013624	0.01	0.2	0.582103	323.435	0
0.0013624	0.01	0.2	0.623735	322.768	0
0.0013624	0.01	0.2	0.668344	322.057	0
0.0013624	0.01	0.2	0.716143	321.306	0
0.0013624	0.01	0.2	0.767361	320.521	0
0.0013624	0.01	0.2	0.822243	319.709	0
0.0013624	0.01	0.2	0.881049	318.88	0
0.0013624	0.01	0.2	0.944061	318.045	0
0.0013624	0.01	0.2	1.01158	317.218	0
0.0013624	0.01	0.2	1.08393	316.417	0
0.0013624	0.01	0.2	1.16145	315.663	0
0.0013624	0.01	0.2	1.24451	314.987	0
0.0013624	0.01	0.2	1.33352	314.432	0
0.0013624	0.01	0.2	1.42889	314.057	0
0.0013624	0.01	0.2	1.53109	313.946	0
0.0013624	0.01	0.2	1.64059	314.205	0
0.0013624	0.01	0.2	1.75792	314.959	0
0.0013624	0.01	0.2	1.88365	316.334	0
0.0013624	0.01	0.2	2.01837	318.43	0
0.0013624	0.01	0.2	2.16272	321.269	0
0.0013624	0.01	0.2	2.31739	324.733	0
0.0013624	0.01	0.2	2.48313	328.5	0
0.0013624	0.01	0.2	2.66073	331.981	0
0.0013624	0.01	0.2	2.85102	334.32	0
0.0013624	0.01	0.2	3.05492	334.551	0
0.0013624	0.01	0.2	3.27341	332.028	0
0.0013624	0.01	0.2	3.50752	327.074	0
0.0013624	0.01	0.2	3.75837	321.427	0
0.0013624	0.01	0.2	4.02717	317.701	0
0.0013624	0.01	0.2	4.31519	317.613	0
0.0013624	0.01	0.2	4.62381	320.183	0
0.0013624	0.01	0.2	4.9545	321.998	0
0.0013624	0.01	0.2	5.30884	320.004	0
0.0013624	0.01	0.2	5.68853	314.455	0
0.0013624	0.01	0.2	6.09537	309.292	0
0.0013624	0.01	0.2	6.53131	309.619	0
0.0013624	0.01	0.2	6.99842	318.119	0
0.0013624	0.01	0.2	7.49894	333.397	0
0.0013624	0.01	0.2	8.03526	348.526	0
0.0013624	0.01	0.2	8.60994	349.936	0
0.0013624	0.01	0.2	9.22571	337.08	0
0.0013624	0.01	0.2	9.88553	332.091	0
0.0013624	0.01	0.2	10.5925	345.315	0
0.0013624	0.01	0.2	11.3501	367.366	0
0.0013624	0.01	0.2	12.1619	385.554	0
0.0013624	0.01	0.2	13.0317	399.398	0
0.0013624	0.01	0.2	13.9637	403.016	0
0.0013624	0.01	0.2	14.9624	382.333	0
0.0013624	0.01	0.2	16.0325	350.677	0
0.0013624	0.01	0.2	17.1791	363.883	0
0.0013624	0.01	0.2	18.4077	416.674	0
0.0013624	0.01	0.2	19.7242	434.424	0
0.0013624	0.01	0.2	21.1349	419.021	0
0.0013624	0.01	0.2	22.6464	474.728	0
0.0013624	0.01	0.2	24.2661	542.549	0
0.0013624	0.01	0.2	26.0016	464.728	0
0.0013624	0.01	0.2	27.8612	449.227	0
0.0013624	0.01	0.2	29.8538	532.749	0
0.0013624	0.01	0.2	31.989	414.381	0
0.0013624	0.01	0.2	34.2768	497.357	0
0.0013624	0.01	0.2	36.7282	566.807	0
0.0013624	0.01	0.2	39.355	416.124	0
0.0013624	0.01	0.2	42.1697	502.778	0
0.0013624	0.01	0.2	45.1856	476.738	0
0.0013624	0.01	0.2	48.4172	452.891	0
0.0013624	0.01	0.2	51.88	497.253	0
0.0013624	0.01	0.2	55.5904	381.103	0
0.0013624	0.01	0.2	59.5662	470.271	0
0.0013624	0.01	0.2	63.8263	424.709	0
0.0013624	0.01	0.2	68.3912	422.925	0
0.0013624	0.01	0.2	73.2825	388.543	0
0.0013624	0.01	0.2	78.5236	395.831	0
0.0013624	0.01	0.2	84.1395	370.852	0
0.0013624	0.01	0.2	90.1571	373.62	0
0.0013624	0.01	0.2	96.6051	365.675	0
0.00148852	0.01	0.2	0.103514	329.202	0
0.00148852	0.01	0.2	0.110917	329.164	0
0.00148852	0.01	0.2	0.11885	329.12	0
0.00148852	0.01	0.2	0.12735	329.069	0
0.00148852	0.01	0.2	0.136458	329.012	0
0.00148852	0.01	0.2	0.146218	328.946	0
0.00148852	0.01	0.2	0.156675	328.87	0
0.00148852	0.01	0.2	0.16788	328.784	0
0.00148852	0.01	0.2	0.179887	328.686	0
0.00148852	0.01	0.2	0.192752	328.574	0
0.00148852	0.01	0.2	0.206538	328.446	0
0.00148852	0.01	0.2	0.221309	328.301	0
0.00148852	0.01	0.2	0.237137	328.136	0
0.00148852	0.01	0.2	0.254097	327.949	0
0.00148852	0.01	0.2	0.27227	327.736	0
0.00148852	0.01	0.2	0.291743	327.497	0
0.00148852	0.01	0.2	0.312608	327.226	0
0.00148852	0.01	0.2	0.334965	326.922	0
0.00148852	0.01	0.2	0.358922	326.581	0
0.00148852	0.01	0.2	0.384592	326.2	0
0.00148852	0.01	0.2	0.412098	325.775	0
0.00148852	0.01	0.2	0.44157	325.304	0
0.00148852	0.01	0.2	0.473151	324.785	0
0.00148852	0.01	0.2	0.506991	324.214	0
0.00148852	0.01	0.2	0.54325	323.592	0
0.00148852	0.01	0.2	0.582103	322.918	0
0.00148852	0.01	0.2	0.623735	322.192	0
0.00148852	0.01	0.2	0.668344	321.419	0
0.00148852	0.01	0.2	0.716143	320.602	0
0.00148852	0.01	0.2	0.767361	319.748	0
0.00148852	0.01	0.2	0.822243	318.864	0
0.00148852	0.01	0.2	0.881049	317.961	0
0.00148852	0.01	0.2	0.944061	317.05	0
0.00148852	0.01	0.2	1.01158	316.148	0
0.00148852	0.01	0.2	1.08393	315.272	0
0.00148852	0.01	0.2	1.16145	314.446	0
0.00148852	0.01	0.2	1.24451	313.701	0
0.00148852	0.01	0.2	1.33352	313.081	0
0.00148852	0.01	0.2	1.42889	312.647	0
0.00148852	0.01	0.2	1.53109	312.485	0
0.00148852	0.01	0.2	1.64059	312.703	0
0.00148852	0.01	0.2	1.75792	313.426	0
0.00148852	0.01	0.2	1.88365	314.784	0
0.00148852	0.01	0.2	2.01837	316.875	0
0.00148852	0.01	0.2	2.16272	319.721	0
0.00148852	0.01	0.2	2.31739	323.204	0
0.00148852	0.01	0.2	2.48313	326.998	0
0.00148852	0.01	0.2	2.66073	330.511	0
0.00148852	0.01	0.2	2.85102	332.884	0
0.00148852	0.01	0.2	3.05492	333.146	0
0.00148852	0.01	0.2	3.27341	330.639	0
0.00148852	0.01	0.2	3.50752	325.679	0
0.00148852	0.01	0.2	3.75837	319.997	0
0.00148852	0.01	0.2	4.02717	316.203	0
0.00148852	0.01	0.2	4.31519	316.013	0
0.00148852	0.01	0.2	4.62381	318.455	0
0.00148852	0.01	0.2	4.9545	320.141	0
0.00148852	0.01	0.2	5.30884	318.04	0
0.00148852	0.01	0.2	5.68853	312.429	0
0.00148852	0.01	0.2	6.09537	307.261	0
0.00148852	0.01	0.2	6.53131	307.631	0
0.00148852	0.01	0.2	6.99842	316.204	0
0.00148852	0.01	0.2	7.49894	331.565	0
0.00148852	0.01	0.2	8.03526	346.771	0
0.00148852	0.01	0.2	8.60994	348.237	0
0.00148852	0.01	0.2	9.22571	335.417	0
0.00148852	0.01	0.2	9.88553	330.441	0
0.00148852	0.01	0.2	10.5925	343.662	0
0.00148852	0.01	0.2	11.3501	365.722	0
0.00148852	0.01	0.2	12.1619	383.957	0
0.00148852	0.01	0.2	13.0317	397.876	0
0.00148852	0.01	0.2	13.9637	401.557	0
0.00148852	0.01	0.2	14.9624	380.887	0
0.00148852	0.01	0.2	16.0325	349.173	0
0.00148852	0.01	0.2	17.1791	362.289	0
0.00148852	0.01	0.2	18.4077	415.031	0
0.00148852	0.01	0.2	19.7242	432.811	0
0.00148852	0.01	0.2	21.1349	417.455	0
0.00148852	0.01	0.2	22.6464	473.194	0
0.00148852	0.01	0.2	24.2661	540.993	0
0.00148852	0.01	0.2	26.0016	463.161	0
0.00148852	0.01	0.2	27.8612	447.686	0
0.00148852	0.01	0.2	29.8538	531.25	0
0.00148852	0.01	0.2	31.989	412.812	0
0.00148852	0.01	0.2	34.2768	495.667	0
0.00148852	0.01	0.2	36.7282	565.193	0
0.00148852	0.01	0.2	39.355	414.631	0
0.00148852	0.01	0.2	42.1697	501.26	0
0.00148852	0.01	0.2	45.1856	475.219	0
0.00148852	0.01	0.2	48.4172	451.272	0
0.00148852	0.01	0.2	51.88	495.583	0
0.00148852	0.01	0.2	55.5904	379.601	0
0.00148852	0.01	0.2	59.5662	468.789	0
0.00148852	0.01	0.2	63.8263	423.038	0
0.00148852	0.01	0.2	68.3912	421.349	0
0.00148852	0.01	0.2	73.2825	386.985	0
0.00148852	0.01	0.2	78.5236	394.275	0
0.00148852	0.01	0.2	84.1395	369.298	0
0.00148852	0.01	0.2	90.1571	372.087	0
0.00148852	0.01	0.2	96.6051	364.19	0
0.00162632	0.01	0.2	0.103514	329.18	0
0.00162632	0.01	0.2	0.110917	329.138	0
0.00162632	0.01	0.2	0.11885	329.09	0
0.00162632	0.01	0.2	0.12735	329.036	0
0.00162632	0.01	0.2	0.136458	328.973	0
0.00162632	0.01	0.2	0.146218	328.901	0
0.00162632	0.01	0.2	0.156675	328.82	0
0.00162632	0.01	0.2	0.16788	328.726	0
0.00162632	0.01	0.2	0.179887	328.619	0
0.00162632	0.01	0.2	0.192752	328.498	0
0.00162632	0.01	0.2	0.206538	328.359	0
0.00162632	0.01	0.2	0.221309	328.201	0
0.00162632	0.01	0.2	0.237137	328.022	0
0.00162632	0.01	0.2	0.254097	327.819	0
0.00162632	0.01	0.2	0.27227	327.589	0
0.00162632	0.01	0.2	0.291743	327.329	0
0.00162632	0.01	0.2	0.312608	327.035	0
0.00162632	0.01	0.2	0.334965	326.705	0
0.00162632	0.01	0.2	0.358922	326.334	0
0.00162632	0.01	0.2	0.384592	325.92	0
0.00162632	0.01	0.2	0.412098	325.459	0
0.00162632	0.01	0.2	0.44157	324.947	0
0.00162632	0.01	0.2	0.473151	324.383	0
0.00162632	0.01	0.2	0.506991	323.763	0
0.00162632	0.01	0.2	0.54325	323.086	0
0.00162632	0.01	0.2	0.582103	322.353	0
0.00162632	0.01	0.2	0.623735	321.565	0
0.00162632	0.01	0.2	0.668344	320.724	0
0.00162632	0.01	0.2	0.716143	319.835	0
0.00162632	0.01	0.2	0.767361	318.904	0
0.00162632	0.01	0.2	0.822243	317.942	0
0.00162632	0.01	0.2	0.881049	316.958	0
0.00162632	0.01	0.2	0.944061	315.966	0
0.00162632	0.01	0.2	1.01158	314.982	0
0.00162632	0.01	0.2	1.08393	314.025	0
0.00162632	0.01	0.2	1.16145	313.12	0
0.00162632	0.01	0.2	1.24451	312.299	0
0.00162632	0.01	0.2	1.33352	311.609	0
0.00162632	0.01	0.2	1.42889	311.112	0
0.00162632	0.01	0.2	1.53109	310.894	0
0.00162632	0.01	0.2	1.64059	311.067	0
0.00162632	0.01	0.2	1.75792	311.757	0
0.00162632	0.01	0.2	1.88365	313.096	0
0.00162632	0.01	0.2	2.01837	315.182	0
0.00162632	0.01	0.2	2.16272	318.037	0
0.00162632	0.01	0.2	2.31739	321.539	0
0.00162632	0.01	0.2	2.48313	325.362	0
0.00162632	0.01	0.2	2.66073	328.91	0
0.00162632	0.01	0.2	2.85102	331.321	0
0.00162632	0.01	0.2	3.05492	331.616	0
0.00162632	0.01	0.2	3.27341	329.127	0
0.00162632	0.01	0.2	3.50752	324.161	0
0.00162632	0.01	0.2	3.75837	318.44	0
0.00162632	0.01	0.2	4.02717	314.572	0
0.00162632	0.01	0.2	4.31519	314.27	0
0.00162632	0.01	0.2	4.62381	316.575	0
0.00162632	0.01	0.2	4.9545	318.12	0
0.00162632	0.01	0.2	5.30884	315.902	0
0.00162632	0.01	0.2	5.68853	310.223	0
0.00162632	0.01	0.2	6.09537	305.05	0
0.00162632	0.01	0.2	6.53131	305.466	0
0.00162632	0.01	0.2	6.99842	314.12	0
0.00162632	0.01	0.2	7.49894	329.571	0
0.00162632	0.01	0.2	8.03526	344.86	0
0.00162632	0.01	0.2	8.60994	346.387	0
0.00162632	0.01	0.2	9.22571	333.607	0
0.00162632	0.01	0.2	9.88553	328.645	0
0.00162632	0.01	0.2	10.5925	341.861	0
0.00162632	0.01	0.2	11.3501	363.932	0
0.00162632	0.01	0.2	12.1619	382.218	0
0.00162632	0.01	0.2	13.0317	396.218	0
0.00162632	0.01	0.2	13.9637	399.969	0
0.00162632	0.01	0.2	14.9624	379.312	0
0.00162632	0.01	0.2	16.0325	347.536	0
0.00162632	0.01	0.2	17.1791	360.554	0
0.00162632	0.01	0.2	18.4077	413.243	0
0.00162632	0.01	0.2	19.7242	431.056	0
0.00162632	0.01	0.2	21.1349	415.75	0
0.00162632	0.01	0.2	22.6464	471.523	0
0.00162632	0.01	0.2	24.2661	539.299	0
0.00162632	0.01	0.2	26.0016	461.453	0
0.00162632	0.01	0.2	27.8612	446.007	0
0.00162632	0.01	0.2	29.8538	529.617	0
0.00162632	0.01	0.2	31.989	411.103	0
0.00162632	0.01	0.2	34.2768	493.826	0
0.00162632	0.01	0.2	36.7282	563.435	0
0.00162632	0.01	0.2	39.355	413.006	0
0.00162632	0.01	0.2	42.1697	499.609	0
0.00162632	0.01	0.2	45.1856	473.568	0
0.00162632	0.01	0.2	48.4172	449.51	0
0.00162632	0.01	0.2	51.88	493.766	0
0.00162632	0.01	0.2	55.5904	377.966	0
0.00162632	0.01	0.2	59.5662	467.176	0
0.00162632	0.01	0.2	63.8263	421.218	0
0.00162632	0.01	0.2	68.3912	419.633	0
0.00162632	0.01	0.2	73.2825	385.29	0
0.00162632	0.01	0.2	78.5236	392.582	0
0.00162632	0.01	0.2	84.1395	367.606	0
0.00162632	0.01	0.2	90.1571	370.419	0
0.00162632	0.01	0.2	96.6051	362.575	0
0.00177687	0.01	0.2	0.103514	329.155	0
0.00177687	0.01	0.2	0.110917	329.11	0
0.00177687	0.01	0.2	0.11885	329.058	0
0.00177687	0.01	0.2	0.12735	328.999	0
0.00177687	0.01	0.2	0.136458	328.931	0
0.00177687	0.01	0.2	0.146218	328.853	0
0.00177687	0.01	0.2	0.156675	328.764	0
0.00177687	0.01	0.2	0.16788	328.663	0
0.00177687	0.01	0.2	0.179887	328.547	0
0.00177687	0.01	0.2	0.192752	328.415	0
0.00177687	0.01	0.2	0.206538	328.264	0
0.00177687	0.01	0.2	0.221309	328.093	0
0.00177687	0.01	0.2	0.237137	327.898	0
0.00177687	0.01	0.2	0.254097	327.678	0
0.00177687	0.01	0.2	0.27227	327.428	0
0.00177687	0.01	0.2	0.291743	327.145	0
0.00177687	0.01	0.2	0.312608	326.826	0
0.00177687	0.01	0.2	0.334965	326.467	0
0.00177687	0.01	0.2	0.358922	326.065	0
0.00177687	0.01	0.2	0.384592	325.615	0
0.00177687	0.01	0.2	0.412098	325.114	0
0.00177687	0.01	0.2	0.44157	324.558	0
0.00177687	0.01	0.2	0.473151	323.944	0
0.00177687	0.01	0.2	0.506991	323.27	0
0.00177687	0.01	0.2	0.54325	322.535	0
0.00177687	0.01	0.2	0.582103	321.737	0
0.00177687	0.01	0.2	0.623735	320.88	0
0.00177687	0.01	0.2	0.668344	319.965	0
0.00177687	0.01	0.2	0.716143	318.997	0
0.00177687	0.01	0.2	0.767361	317.985	0
0.00177687	0.01	0.2	0.822243	316.937	0
0.00177687	0.01	0.2	0.881049	315.865	0
0.00177687	0.01	0.2	0.944061	314.784	0
0.00177687	0.01	0.2	1.01158	313.711	0
0.00177687	0.01	0.2	1.08393	312.665	0
0.00177687	0.01	0.2	1.16145	311.674	0
0.00177687	0.01	0.2	1.24451	310.772	0
0.00177687	0.01	0.2	1.33352	310.005	0
0.00177687	0.01	0.2	1.42889	309.439	0
0.00177687	0.01	0.2	1.53109	309.162	0
0.00177687	0.01	0.2	1.64059	309.285	0
0.00177687	0.01	0.2	1.75792	309.941	0
0.00177687	0.01	0.2	1.88365	311.259	0
0.00177687	0.01	0.2	2.01837	313.34	0
0.00177687	0.01	0.2	2.16272	316.203	0
0.00177687	0.01	0.2	2.31739	319.727	0
0.00177687	0.01	0.2	2.48313	323.581	0
0.00177687	0.01	0.2	2.66073	327.168	0
0.00177687	0.01	0.2	2.85102	329.62	0
0.00177687	0.01	0.2	3.05492	329.951	0
0.00177687	0.01	0.2	3.27341	327.482	0
0.00177687	0.01	0.2	3.50752	322.508	0
0.00177687	0.01	0.2	3.75837	316.746	0
0.00177687	0.01	0.2	4.02717	312.797	0
0.00177687	0.01	0.2	4.31519	312.374	0
0.00177687	0.01	0.2	4.62381	314.528	0
0.00177687	0.01	0.2	4.9545	315.92	0
0.00177687	0.01	0.2	5.30884	313.576	0
0.00177687	0.01	0.2	5.68853	307.822	0
0.00177687	0.01	0.2	6.09537	302.643	0
0.00177687	0.01	0.2	6.53131	303.11	0
0.00177687	0.01	0.2	6.99842	311.852	0
0.00177687	0.01	0.2	7.49894	327.401	0
0.00177687	0.01	0.2	8.03526	342.781	0
0.00177687	0.01	0.2	8.60994	344.374	0
0.00177687	0.01	0.2	9.22571	331.637	0
0.00177687	0.01	0.2	9.88553	326.69	0
0.00177687	0.01	0.2	10.5925	339.901	0
0.00177687	0.01	0.2	11.3501	361.983	0
0.00177687	0.01	0.2	12.1619	380.324	0
0.00177687	0.01	0.2	13.0317	394.414	0
0.00177687	0.01	0.2	13.9637	398.24	0
0.00177687	0.01	0.2	14.9624	377.598	0
0.00177687	0.01	0.2	16.0325	345.755	0
0.00177687	0.01	0.2	17.1791	358.665	0
0.00177687	0.01	0.2	18.4077	411.297	0
0.00177687	0.01	0.2	19.7242	429.147	0
0.00177687	0.01	0.2	21.1349	413.894	0
0.00177687	0.01	0.2	22.6464	469.706	0
0.00177687	0.01	0.2	24.2661	537.454	0
0.00177687	0.01	0.2	26.0016	459.595	0
0.00177687	0.01	0.2	27.8612	444.18	0
0.00177687	0.01	0.2	29.8538	527.841	0
0.00177687	0.01	0.2	31.989	409.243	0
0.00177687	0.01	0.2	34.2768	491.822	0
0.00177687	0.01	0.2	36.7282	561.522	0
0.00177687	0.01	0.2	39.355	411.24	0
0.00177687	0.01	0.2	42.1697	497.814	0
0.00177687	0.01	0.2	45.1856	471.774	0
0.00177687	0.01	0.2	48.4172	447.594	0
0.00177687	0.01	0.2	51.88	491.789	0
0.00177687	0.01	0.2	55.5904	376.188	0
0.00177687	0.01	0.2	59.5662	465.42	0
0.00177687	0.01	0.2	63.8263	419.237	0
0.00177687	0.01	0.2	68.3912	417.767	0
0.00177687	0.01	0.2	73.2825	383.446	0
0.00177687	0.01	0.2	78.5236	390.741	0
0.00177687	0.01	0.2	84.1395	365.765	0
0.00177687	0.01	0.2	90.1571	368.602	0
0.00177687	0.01	0.2	96.6051	360.817	0
0.00194137	0.01	0.2	0.103514	329.129	0
0.00194137	0.01	0.2	0.110917	329.079	0
0.00194137	0.01	0.2	0.11885	329.023	0
0.00194137	0.01	0.2	0.12735	328.959	0
0.00194137	0.01	0.2	0.136458	328.885	0
0.00194137	0.01	0.2	0.146218	328.8	0
0.00194137	0.01	0.2	0.156675	328.704	0
0.00194137	0.01	0.2	0.16788	328.593	0
0.00194137	0.01	0.2	0.179887	328.468	0
0.00194137	0.01	0.2	0.192752	328.324	0
0.00194137	0.01	0.2	0.206538	328.161	0
0.00194137	0.01	0.2	0.221309	327.974	0
0.00194137	0.01	0.2	0.237137	327.763	0
0.00194137	0.01	0.2	0.254097	327.523	0
0.00194137	0.01	0.2	0.27227	327.251	0
0.00194137	0.01	0.2	0.291743	326.944	0
0.00194137	0.01	0.2	0.312608	326.598	0
0.00194137	0.01	0.2	0.334965	326.208	0
0.00194137	0.01	0.2	0.358922	325.77	0
0.00194137	0.01	0.2	0.384592	325.281	0
0.00194137	0.01	0.2	0.412098	324.737	0
0.00194137	0.01	0.2	0.44157	324.132	0
0.00194137	0.01	0.2	0.473151	323.465	0
0.00194137	0.01	0.2	0.506991	322.732	0
0.00194137	0.01	0.2	0.54325	321.932	0
0.00194137	0.01	0.2	0.582103	321.065	0
0.00194137	0.01	0.2	0.623735	320.132	0
0.00194137	0.01	0.2	0.668344	319.137	0
0.00194137	0.01	0.2	0.716143	318.084	0
0.00194137	0.01	0.2	0.767361	316.982	0
0.00194137	0.01	0.2	0.822243	315.841	0
0.00194137	0.01	0.2	0.881049	314.674	0
0.00194137	0.01	0.2	0.944061	313.496	0
0.00194137	0.01	0.2	1.01158	312.325	0
0.00194137	0.01	0.2	1.08393	311.184	0
0.00194137	0.01	0.2	1.16145	310.1	0
0.00194137	0.01	0.2	1.24451	309.109	0
0.00194137	0.01	0.2	1.33352	308.26	0
0.00194137	0.01	0.2	1.42889	307.619	0
0.00194137	0.01	0.2	1.53109	307.276	0
0.00194137	0.01	0.2	1.64059	307.347	0
0.00194137	0.01	0.2	1.75792	307.964	0
0.00194137	0.01	0.2	1.88365	309.26	0
0.00194137	0.01	0.2	2.01837	311.335	0
0.00194137	0.01	0.2	2.16272	314.208	0
0.00194137	0.01	0.2	2.31739	317.756	0
0.00194137	0.01	0.2	2.48313	321.644	0
0.00194137	0.01	0.2	2.66073	325.273	0
0.00194137	0.01	0.2	2.85102	327.769	0
0.00194137	0.01	0.2	3.05492	328.139	0
0.00194137	0.01	0.2	3.27341	325.692	0
0.00194137	0.01	0.2	3.50752	320.711	0
0.00194137	0.01	0.2	3.75837	314.903	0
0.00194137	0.01	0.2	4.02717	310.866	0
0.00194137	0.01	0.2	4.31519	310.311	0
0.00194137	0.01	0.2	4.62381	312.301	0
0.00194137	0.01	0.2	4.9545	313.526	0
0.00194137	0.01	0.2	5.30884	311.044	0
0.00194137	0.01	0.2	5.68853	305.21	0
0.00194137	0.01	0.2	6.09537	300.025	0
0.00194137	0.01	0.2	6.53131	300.547	0
0.00194137	0.01	0.2	6.99842	309.384	0
0.00194137	0.01	0.2	7.49894	325.04	0
0.00194137	0.01	0.2	8.03526	340.519	0
0.00194137	0.01	0.2	8.60994	342.185	0
0.00194137	0.01	0.2	9.22571	329.494	0
0.00194137	0.01	0.2	9.88553	324.564	0
0.00194137	0.01	0.2	10.5925	337.768	0
0.00194137	0.01	0.2	11.3501	359.861	0
0.00194137	0.01	0.2	12.1619	378.263	0
0.00194137	0.01	0.2	13.0317	392.45	0
0.00194137	0.01	0.2	13.9637	396.358	0
0.00194137	0.01	0.2	14.9624	375.734	0
0.00194137	0.01	0.2	16.0325	343.817	0
0.00194137	0.01	0.2	17.1791	356.611	0
0.00194137	0.01	0.2	18.4077	409.181	0
0.00194137	0.01	0.2	19.7242	427.07	0
0.00194137	0.01	0.2	21.1349	411.877	0
0.00194137	0.01	0.2	22.6464	467.729	0
0.00194137	0.01	0.2	24.2661	535.447	0
0.00194137	0.01	0.2	26.0016	457.571	0
0.00194137	0.01	0.2	27.8612	442.191	0
0.00194137	0.01	0.2	29.8538	525.907	0
0.00194137	0.01	0.2	31.989	407.219	0
0.00194137	0.01	0.2	34.2768	489.641	0
0.00194137	0.01	0.2	36.7282	559.44	0
0.00194137	0.01	0.2	39.355	409.32	0
0.00194137	0.01	0.2	42.1697	495.865	0
0.00194137	0.01	0.2	45.1856	469.825	0
0.00194137	0.01	0.2	48.4172	445.51	0
0.00194137	0.01	0.2	51.88	489.638	0
0.00194137	0.01	0.2	55.5904	374.254	0
0.00194137	0.01	0.2	59.5662	463.511	0
0.00194137	0.01	0.2	63.8263	417.081	0
0.00194137	0.01	0.2	68.3912	415.737	0
0.00194137	0.01	0.2	73.2825	381.442	0
0.00194137	0.01	0.2	78.5236	388.739	0
0.00194137	0.01	0.2	84.1395	363.762	0
0.00194137	0.01	0.2	90.1571	366.627	0
0.00194137	0.01	0.2	96.6051	358.906	0
0.00212109	0.01	0.2	0.103514	329.1	0
0.00212109	0.01	0.2	0.110917	329.046	0
0.00212109	0.01	0.2	0.11885	328.985	0
0.00212109	0.01	0.2	0.12735	328.915	0
0.00212109	0.01	0.2	0.136458	328.834	0
0.00212109	0.01	0.2	0.146218	328.743	0
0.00212109	0.01	0.2	0.156675	328.638	0
0.00212109	0.01	0.2	0.16788	328.518	0
0.00212109	0.01	0.2	0.179887	328.381	0
0.00212109	0.01	0.2	0.192752	328.225	0
0.00212109	0.01	0.2	0.206538	328.047	0
0.00212109	0.01	0.2	0.221309	327.845	0
0.00212109	0.01	0.2	0.237137	327.615	0
0.00212109	0.01	0.2	0.254097	327.354	0
0.00212109	0.01	0.2	0.27227	327.059	0
0.00212109	0.01	0.2	0.291743	326.725	0
0.00212109	0.01	0.2	0.312608	326.348	0
0.00212109	0.01	0.2	0.334965	325.925	0
0.00212109	0.01	0.2	0.358922	325.449	0
0.00212109	0.01	0.2	0.384592	324.917	0
0.00212109	0.01	0.2	0.412098	324.325	0
0.00212109	0.01	0.2	0.44157	323.668	0
0.00212109	0.01	0.2	0.473151	322.942	0
0.00212109	0.01	0.2	0.506991	322.145	0
0.00212109	0.01	0.2	0.54325	321.275	0
0.00212109	0.01	0.2	0.582103	320.332	0
0.00212109	0.01	0.2	0.623735	319.317	0
0.00212109	0.01	0.2	0.668344	318.234	0
0.00212109	0.01	0.2	0.716143	317.088	0
0.00212109	0.01	0.2	0.767361	315.889	0
0.00212109	0.01	0.2	0.822243	314.647	0
0.00212109	0.01	0.2	0.881049	313.376	0
0.00212109	0.01	0.2	0.944061	312.092	0
0.00212109	0.01	0.2	1.01158	310.816	0
0.00212109	0.01	0.2	1.08393	309.571	0
0.00212109	0.01	0.2	1.16145	308.387	0
0.00212109	0.01	0.2	1.24451	307.299	0
0.00212109	0.01	0.2	1.33352	306.36	0
0.00212109	0.01	0.2	1.42889	305.637	0
0.00212109	0.01	0.2	1.53109	305.224	0
0.00212109	0.01	0.2	1.64059	305.238	0
0.00212109	0.01	0.2	1.75792	305.814	0
0.00212109	0.01	0.2	1.88365	307.086	0
0.00212109	0.01	0.2	2.01837	309.155	0
0.00212109	0.01	0.2	2.16272	312.039	0
0.00212109	0.01	0.2	2.31739	315.612	0
0.00212109	0.01	0.2	2.48313	319.538	0
0.00212109	0.01	0.2	2.66073	323.212	0
0.00212109	0.01	0.2	2.85102	325.757	0
0.00212109	0.01	0.2	3.05492	326.169	0
0.00212109	0.01	0.2	3.27341	323.745	0
0.00212109	0.01	0.2	3.50752	318.756	0
0.00212109	0.01	0.2	3.75837	312.899	0
0.00212109	0.01	0.2	4.02717	308.766	0
0.00212109	0.01	0.2	4.31519	308.068	0
0.00212109	0.01	0.2	4.62381	309.88	0
0.00212109	0.01	0.2	4.9545	310.922	0
0.00212109	0.01	0.2	5.30884	308.29	0
0.00212109	0.01	0.2	5.68853	302.369	0
0.00212109	0.01	0.2	6.09537	297.177	0
0.00212109	0.01	0.2	6.53131	297.759	0
0.00212109	0.01	0.2	6.99842	306.701	0
0.00212109	0.01	0.2	7.49894	322.474	0
0.00212109	0.01	0.2	8.03526	338.06	0
0.00212109	0.01	0.2	8.60994	339.805	0
0.00212109	0.01	0.2	9.22571	327.164	0
0.00212109	0.01	0.2	9.88553	322.251	0
0.00212109	0.01	0.2	10.5925	335.448	0
0.00212109	0.01	0.2	11.3501	357.553	0
0.00212109	0.01	0.2	12.1619	376.02	0
0.00212109	0.01	0.2	13.0317	390.313	0
0.00212109	0.01	0.2	13.9637	394.311	0
0.00212109	0.01	0.2	14.9624	373.706	0
0.00212109	0.01	0.2	16.0325	341.709	0
0.00212109	0.01	0.2	17.1791	354.376	0
0.00212109	0.01	0.2	18.4077	406.879	0
0.00212109	0.01	0.2	19.7242	424.813	0
0.00212109	0.01	0.2	21.1349	409.684	0
0.00212109	0.01	0.2	22.6464	465.579	0
0.00212109	0.01	0.2	24.2661	533.264	0
0.00212109	0.01	0.2	26.0016	455.37	0
0.00212109	0.01	0.2	27.8612	440.028	0
0.00212109	0.01	0.2	29.8538	523.805	0
0.00212109	0.01	0.2	31.989	405.018	0
0.00212109	0.01	0.2	34.2768	487.268	0
0.00212109	0.01	0.2	36.7282	557.176	0
0.00212109	0.01	0.2	39.355	407.234	0
0.00212109	0.01	0.2	42.1697	493.748	0
0.00212109	0.01	0.2	45.1856	467.709	0
0.00212109	0.01	0.2	48.4172	443.246	0
0.00212109	0.01	0.2	51.88	487.301	0
0.00212109	0.01	0.2	55.5904	372.151	0
0.00212109	0.01	0.2	59.5662	461.435	0
0.00212109	0.01	0.2	63.8263	414.735	0
0.00212109	0.01	0.2	68.3912	413.529	0
0.00212109	0.01	0.2	73.2825	379.263	0
0.00212109	0.01	0.2	78.5236	386.563	0
0.00212109	0.01	0.2	84.1395	361.584	0
0.00212109	0.01	0.2	90.1571	364.478	0
0.00212109	0.01	0.2	96.6051	356.828	0
0.00231745	0.01	0.2	0.103514	329.068	0
0.00231745	0.01	0.2	0.110917	329.01	0
0.00231745	0.01	0.2	0.11885	328.943	0
0.00231745	0.01	0.2	0.12735	328.867	0
0.00231745	0.01	0.2	0.136458	328.779	0
0.00231745	0.01	0.2	0.146218	328.68	0
0.00231745	0.01	0.2	0.156675	328.565	0
0.00231745	0.01	0.2	0.16788	328.435	0
0.00231745	0.01	0.2	0.179887	328.286	0
0.00231745	0.01	0.2	0.192752	328.117	0
0.00231745	0.01	0.2	0.206538	327.924	0
0.00231745	0.01	0.2	0.221309	327.704	0
0.00231745	0.01	0.2	0.237137	327.454	0
0.00231745	0.01	0.2	0.254097	327.17	0
0.00231745	0.01	0.2	0.27227	326.849	0
0.00231745	0.01	0.2	0.291743	326.486	0
0.00231745	0.01	0.2	0.312608	326.076	0
0.00231745	0.01	0.2	0.334965	325.615	0
0.00231745	0.01	0.2	0.358922	325.098	0
0.00231745	0.01	0.2	0.384592	324.52	0
0.00231745	0.01	0.2	0.412098	323.876	0
0.00231745	0.01	0.2	0.44157	323.161	0
0.00231745	0.01	0.2	0.473151	322.372	0
0.00231745	0.01	0.2	0.506991	321.505	0
0.00231745	0.01	0.2	0.54325	320.558	0
0.00231745	0.01	0.2	0.582103	319.532	0
0.00231745	0.01	0.2	0.623735	318.428	0
0.00231745	0.01	0.2	0.668344	317.249	0
0.00231745	0.01	0.2	0.716143	316.003	0
0.00231745	0.01	0.2	0.767361	314.697	0
0.00231745	0.01	0.2	0.822243	313.345	0
0.00231745	0.01	0.2	0.881049	311.961	0
0.00231745	0.01	0.2	0.944061	310.563	0
0.00231745	0.01	0.2	1.01158	309.173	0
0.00231745	0.01	0.2	1.08393	307.815	0
0.00231745	0.01	0.2	1.16145	306.521	0
0.00231745	0.01	0.2	1.24451	305.329	0
0.00231745	0.01	0.2	1.33352	304.292	0
0.00231745	0.01	0.2	1.42889	303.482	0
0.00231745	0.01	0.2	1.53109	302.993	0
0.00231745	0.01	0.2	1.64059	302.945	0
0.00231745	0.01	0.2	1.75792	303.476	0
0.00231745	0.01	0.2	1.88365	304.722	0
0.00231745	0.01	0.2	2.01837	306.785	0
0.00231745	0.01	0.2	2.16272	309.681	0
0.00231745	0.01	0.2	2.31739	313.282	0
0.00231745	0.01	0.2	2.48313	317.248	0
0.00231745	0.01	0.2	2.66073	320.971	0
0.00231745	0.01	0.2	2.85102	323.569	0
0.00231745	0.01	0.2	3.05492	324.027	0
0.00231745	0.01	0.2	3.27341	321.629	0
0.00231745	0.01	0.2	3.50752	316.631	0
0.00231745	0.01	0.2	3.75837	310.72	0
0.00231745	0.01	0.2	4.02717	306.484	0
0.00231745	0.01	0.2	4.31519	305.63	0
0.00231745	0.01	0.2	4.62381	307.247	0
0.00231745	0.01	0.2	4.9545	308.092	0
0.00231745	0.01	0.2	5.30884	305.297	0
0.00231745	0.01	0.2	5.68853	299.281	0
0.00231745	0.01	0.2	6.09537	294.082	0
0.00231745	0.01	0.2	6.53131	294.73	0
0.00231745	0.01	0.2	6.99842	303.785	0
0.00231745	0.01	0.2	7.49894	319.684	0
0.00231745	0.01	0.2	8.03526	335.387	0
0.00231745	0.01	0.2	8.60994	337.219	0
0.00231745	0.01	0.2	9.22571	324.632	0
0.00231745	0.01	0.2	9.88553	319.737	0
0.00231745	0.01	0.2	10.5925	332.925	0
0.00231745	0.01	0.2	11.3501	355.044	0
0.00231745	0.01	0.2	12.1619	373.581	0
0.00231745	0.01	0.2	13.0317	387.99	0
0.00231745	0.01	0.2	13.9637	392.086	0
0.00231745	0.01	0.2	14.9624	371.501	0
0.00231745	0.01	0.2	16.0325	339.418	0
0.00231745	0.01	0.2	17.1791	351.948	0
0.00231745	0.01	0.2	18.4077	404.378	0
0.00231745	0.01	0.2	19.7242	422.36	0
0.00231745	0.01	0.2	21.1349	407.301	0
0.00231745	0.01	0.2	22.6464	463.242	0
0.00231745	0.01	0.2	24.2661	530.889	0
0.00231745	0.01	0.2	26.0016	452.976	0
0.00231745	0.01	0.2	27.8612	437.676	0
0.00231745	0.01	0.2	29.8538	521.52	0
0.00231745	0.01	0.2	31.989	402.625	0
0.00231745	0.01	0.2	34.2768	484.688	0
0.00231745	0.01	0.2	36.7282	554.715	0
0.00231745	0.01	0.2	39.355	404.969	0
0.00231745	0.01	0.2	42.1697	491.452	0
0.00231745	0.01	0.2	45.1856	465.413	0
0.00231745	0.01	0.2	48.4172	440.788	0
0.00231745	0.01	0.2	51.88	484.761	0
0.00231745	0.01	0.2	55.5904	369.867	0
0.00231745	0.01	0.2	59.5662	459.178	0
0.00231745	0.01	0.2	63.8263	412.185	0
0.00231745	0.01	0.2	68.3912	411.131	0
0.00231745	0.01	0.2	73.2825	376.896	0
0.00231745	0.01	0.2	78.5236	384.2	0
0.00231745	0.01	0.2	84.1395	359.217	0
0.00231745	0.01	0.2	90.1571	362.142	0
0.00231745	0.01	0.2	96.6051	354.571	0
0.00253198	0.01	0.2	0.103514	329.033	0
0.00253198	0.01	0.2	0.110917	328.97	0
0.00253198	0.01	0.2	0.11885	328.897	0
0.00253198	0.01	0.2	0.12735	328.814	0
0.00253198	0.01	0.2	0.136458	328.719	0
0.00253198	0.01	0.2	0.146218	328.611	0
0.00253198	0.01	0.2	0.156675	328.487	0
0.00253198	0.01	0.2	0.16788	328.345	0
0.00253198	0.01	0.2	0.179887	328.183	0
0.00253198	0.01	0.2	0.192752	327.999	0
0.00253198	0.01	0.2	0.206538	327.788	0
0.00253198	0.01	0.2	0.221309	327.549	0
0.00253198	0.01	0.2	0.237137	327.277	0
0.00253198	0.01	0.2	0.254097	326.969	0
0.00253198	0.01	0.2	0.27227	326.62	0
0.00253198	0.01	0.2	0.291743	326.225	0
0.00253198	0.01	0.2	0.312608	325.779	0
0.00253198	0.01	0.2	0.334965	325.278	0
0.00253198	0.01	0.2	0.358922	324.715	0
0.00253198	0.01	0.2	0.384592	324.086	0
0.00253198	0.01	0.2	0.412098	323.385	0
0.00253198	0.01	0.2	0.44157	322.608	0
0.00253198	0.01	0.2	0.473151	321.749	0
0.00253198	0.01	0.2	0.506991	320.806	0
0.00253198	0.01	0.2	0.54325	319.776	0
0.00253198	0.01	0.2	0.582103	318.66	0
0.00253198	0.01	0.2	0.623735	317.458	0
0.00253198	0.01	0.2	0.668344	316.176	0
0.00253198	0.01	0.2	0.716143	314.819	0
0.00253198	0.01	0.2	0.767361	313.398	0
0.00253198	0.01	0.2	0.822243	311.926	0
0.00253198	0.01	0.2	0.881049	310.42	0
0.00253198	0.01	0.2	0.944061	308.898	0
0.00253198	0.01	0.2	1.01158	307.384	0
0.00253198	0.01	0.2	1.08393	305.904	0
0.00253198	0.01	0.2	1.16145	304.491	0
0.00253198	0.01	0.2	1.24451	303.186	0
0.00253198	0.01	0.2	1.33352	302.044	0
0.00253198	0.01	0.2	1.42889	301.139	0
0.00253198	0.01	0.2	1.53109	300.567	0
0.00253198	0.01	0.2	1.64059	300.453	0
0.00253198	0.01	0.2	1.75792	300.935	0
0.00253198	0.01	0.2	1.88365	302.153	0
0.00253198	0.01	0.2	2.01837	304.209	0
0.00253198	0.01	0.2	2.16272	307.119	0
0.00253198	0.01	0.2	2.31739	310.75	0
0.00253198	0.01	0.2	2.48313	314.76	0
0.00253198	0.01	0.2	2.66073	318.537	0
0.00253198	0.01	0.2	2.85102	321.192	0
0.00253198	0.01	0.2	3.05492	321.7	0
0.00253198	0.01	0.2	3.27341	319.331	0
0.00253198	0.01	0.2	3.50752	314.322	0
0.00253198	0.01	0.2	3.75837	308.354	0
0.00253198	0.01	0.2	4.02717	304.004	0
0.00253198	0.01	0.2	4.31519	302.981	0
0.00253198	0.01	0.2	4.62381	304.387	0
0.00253198	0.01	0.2	4.9545	305.018	0
0.00253198	0.01	0.2	5.30884	302.045	0
0.00253198	0.01	0.2	5.68853	295.925	0
0.00253198	0.01	0.2	6.09537	290.718	0
0.00253198	0.01	0.2	6.53131	291.438	0
0.00253198	0.01	0.2	6.99842	300.617	0
0.00253198	0.01	0.2	7.49894	316.654	0
0.00253198	0.01	0.2	8.03526	332.485	0
0.00253198	0.01	0.2	8.60994	334.41	0
0.00253198	0.01	0.2	9.22571	321.882	0
0.00253198	0.01	0.2	9.88553	317.005	0
0.00253198	0.01	0.2	10.5925	330.183	0
0.00253198	0.01	0.2	11.3501	352.315	0
0.00253198	0.01	0.2	12.1619	370.93	0
0.00253198	0.01	0.2	13.0317	385.464	0
0.00253198	0.01	0.2	13.9637	389.667	0
0.00253198	0.01	0.2	14.9624	369.106	0
0.00253198	0.01	0.2	16.0325	336.928	0
0.00253198	0.01	0.2	17.1791	349.309	0
0.00253198	0.01	0.2	18.4077	401.662	0
0.00253198	0.01	0.2	19.7242	419.696	0
0.00253198	0.01	0.2	21.1349	404.714	0
0.00253198	0.01	0.2	22.6464	460.704	0
0.00253198	0.01	0.2	24.2661	528.309	0
0.00253198	0.01	0.2	26.0016	450.374	0
0.00253198	0.01	0.2	27.8612	435.12	0
0.00253198	0.01	0.2	29.8538	519.037	0
0.00253198	0.01	0.2	31.989	400.024	0
0.00253198	0.01	0.2	34.2768	481.883	0
0.00253198	0.01	0.2	36.7282	552.041	0
0.00253198	0.01	0.2	39.355	402.511	0
0.00253198	0.01	0.2	42.1697	488.962	0
0.00253198	0.01	0.2	45.1856	462.924	0
0.00253198	0.01	0.2	48.4172	438.12	0
0.00253198	0.01	0.2	51.88	482.004	0
0.00253198	0.01	0.2	55.5904	367.386	0
0.00253198	0.01	0.2	59.5662	456.727	0
0.00253198	0.01	0.2	63.8263	409.414	0
0.00253198	0.01	0.2	68.3912	408.527	0
0.00253198	0.01	0.2	73.2825	374.327	0
0.00253198	0.01	0.2	78.5236	381.635	0
0.00253198	0.01	0.2	84.1395	356.646	0
0.00253198	0.01	0.2	90.1571	359.604	0
0.00253198	0.01	0.2	96.6051	352.12	0
0.00276638	0.01	0.2	0.103514	328.995	0
0.00276638	0.01	0.2	0.110917	328.926	0
0.00276638	0.01	0.2	0.11885	328.847	0
0.00276638	0.01	0.2	0.12735	328.757	0
0.00276638	0.01	0.2	0.136458	328.654	0
0.00276638	0.01	0.2	0.146218	328.536	0
0.00276638	0.01	0.2	0.156675	328.4	0
0.00276638	0.01	0.2	0.16788	328.246	0
0.00276638	0.01	0.2	0.179887	328.07	0
0.00276638	0.01	0.2	0.192752	327.869	0
0.00276638	0.01	0.2	0.206538	327.641	0
0.00276638	0.01	0.2	0.221309	327.381	0
0.00276638	0.01	0.2	0.237137	327.085	0
0.00276638	0.01	0.2	0.254097	326.749	0
0.00276638	0.01	0.2	0.27227	326.369	0
0.00276638	0.01	0.2	0.291743	325.939	0
0.00276638	0.01	0.2	0.312608	325.454	0
0.00276638	0.01	0.2	0.334965	324.909	0
0.00276638	0.01	0.2	0.358922	324.297	0
0.00276638	0.01	0.2	0.384592	323.612	0
0.00276638	0.01	0.2	0.412098	322.85	0
0.00276638	0.01	0.2	0.44157	322.004	0
0.00276638	0.01	0.2	0.473151	321.069	0
0.00276638	0.01	0.2	0.506991	320.043	0
0.00276638	0.01	0.2	0.54325	318.923	0
0.00276638	0.01	0.2	0.582103	317.709	0
0.00276638	0.01	0.2	0.623735	316.401	0
0.00276638	0.01	0.2	0.668344	315.005	0
0.00276638	0.01	0.2	0.716143	313.529	0
0.00276638	0.01	0.2	0.767361	311.983	0
0.00276638	0.01	0.2	0.822243	310.381	0
0.00276638	0.01	0.2	0.881049	308.742	0
0.00276638	0.01	0.2	0.944061	307.085	0
0.00276638	0.01	0.2	1.01158	305.437	0
0.00276638	0.01	0.2	1.08393	303.824	0
0.00276638	0.01	0.2	1.16145	302.283	0
0.00276638	0.01	0.2	1.24451	300.856	0
0.00276638	0.01	0.2	1.33352	299.6	0
0.00276638	0.01	0.2	1.42889	298.592	0
0.00276638	0.01	0.2	1.53109	297.932	0
0.00276638	0.01	0.2	1.64059	297.745	0
0.00276638	0.01	0.2	1.75792	298.175	0
0.00276638	0.01	0.2	1.88365	299.364	0
0.00276638	0.01	0.2	2.01837	301.413	0
0.00276638	0.01	0.2	2.16272	304.336	0
0.00276638	0.01	0.2	2.31739	308.001	0
0.00276638	0.01	0.2	2.48313	312.059	0
0.00276638	0.01	0.2	2.66073	315.894	0
0.00276638	0.01	0.2	2.85102	318.611	0
0.00276638	0.01	0.2	3.05492	319.174	0
0.00276638	0.01	0.2	3.27341	316.835	0
0.00276638	0.01	0.2	3.50752	311.816	0
0.00276638	0.01	0.2	3.75837	305.784	0
0.00276638	0.01	0.2	4.02717	301.312	0
0.00276638	0.01	0.2	4.31519	300.104	0
0.00276638	0.01	0.2	4.62381	301.282	0
0.00276638	0.01	0.2	4.9545	301.678	0
0.00276638	0.01	0.2	5.30884	298.512	0
0.00276638	0.01	0.2	5.68853	292.281	0
0.00276638	0.01	0.2	6.09537	287.066	0
0.00276638	0.01	0.2	6.53131	287.864	0
0.00276638	0.01	0.2	6.99842	297.177	0
0.00276638	0.01	0.2	7.49894	313.365	0
0.00276638	0.01	0.2	8.03526	329.334	0
0.00276638	0.01	0.2	8.60994	331.361	0
0.00276638	0.01	0.2	9.22571	318.896	0
0.00276638	0.01	0.2	9.88553	314.039	0
0.00276638	0.01	0.2	10.5925	327.205	0
0.00276638	0.01	0.2	11.3501	349.351	0
0.00276638	0.01	0.2	12.1619	368.05	0
0.00276638	0.01	0.2	13.0317	382.721	0
0.00276638	0.01	0.2	13.9637	387.041	0
0.00276638	0.01	0.2	14.9624	366.505	0
0.00276638	0.01	0.2	16.0325	334.225	0
0.00276638	0.01	0.2	17.1791	346.445	0
0.00276638	0.01	0.2	18.4077	398.712	0
0.00276638	0.01	0.2	19.7242	416.805	0
0.00276638	0.01	0.2	21.1349	401.906	0
0.00276638	0.01	0.2	22.6464	457.948	0
0.00276638	0.01	0.2	24.2661	525.506	0
0.00276638	0.01	0.2	26.0016	447.546	0
0.00276638	0.01	0.2	27.8612	432.343	0
0.00276638	0.01	0.2	29.8538	516.341	0
0.00276638	0.01	0.2	31.989	397.2	0
0.00276638	0.01	0.2	34.2768	478.836	0
0.00276638	0.01	0.2	36.7282	549.136	0
0.00276638	0.01	0.2	39.355	399.846	0
0.00276638	0.01	0.2	42.1697	486.264	0
0.00276638	0.01	0.2	45.1856	460.227	0
0.00276638	0.01	0.2	48.4172	435.225	0
0.00276638	0.01	0.2	51.88	479.011	0
0.00276638	0.01	0.2	55.5904	364.695	0
0.00276638	0.01	0.2	59.5662	454.066	0
0.00276638	0.01	0.2	63.8263	406.403	0
0.00276638	0.01	0.2	68.3912	405.699	0
0.00276638	0.01	0.2	73.2825	371.539	0
0.00276638	0.01	0.2	78.5236	378.852	0
0.00276638	0.01	0.2	84.1395	353.854	0
0.00276638	0.01	0.2	90.1571	356.849	0
0.00276638	0.01	0.2	96.6051	349.46	0
0.00302248	0.01	0.2	0.103514	328.954	0
0.00302248	0.01	0.2	0.110917	328.879	0
0.00302248	0.01	0.2	0.11885	328.793	0
0.00302248	0.01	0.2	0.12735	328.694	0
0.00302248	0.01	0.2	0.136458	328.582	0
0.00302248	0.01	0.2	0.146218	328.453	0
0.00302248	0.01	0.2	0.156675	328.306	0
0.00302248	0.01	0.2	0.16788	328.139	0
0.00302248	0.01	0.2	0.179887	327.947	0
0.00302248	0.01	0.2	0.192752	327.728	0
0.00302248	0.01	0.2	0.206538	327.48	0
0.00302248	0.01	0.2	0.221309	327.196	0
0.00302248	0.01	0.2	0.237137	326.874	0
0.00302248	0.01	0.2	0.254097	326.509	0
0.00302248	0.01	0.2	0.27227	326.095	0
0.00302248	0.01	0.2	0.291743	325.628	0
0.00302248	0.01	0.2	0.312608	325.1	0
0.00302248	0.01	0.2	0.334965	324.506	0
0.00302248	0.01	0.2	0.358922	323.84	0
0.00302248	0.01	0.2	0.384592	323.095	0
0.00302248	0.01	0.2	0.412098	322.266	0
0.00302248	0.01	0.2	0.44157	321.345	0
0.00302248	0.01	0.2	0.473151	320.328	0
0.00302248	0.01	0.2	0.506991	319.212	0
0.00302248	0.01	0.2	0.54325	317.993	0
0.00302248	0.01	0.2	0.582103	316.671	0
0.00302248	0.01	0.2	0.623735	315.248	0
0.00302248	0.01	0.2	0.668344	313.73	0
0.00302248	0.01	0.2	0.716143	312.124	0
0.00302248	0.01	0.2	0.767361	310.442	0
0.00302248	0.01	0.2	0.822243	308.699	0
0.00302248	0.01	0.2	0.881049	306.915	0
0.00302248	0.01	0.2	0.944061	305.113	0
0.00302248	0.01	0.2	1.01158	303.318	0
0.00302248	0.01	0.2	1.08393	301.562	0
0.00302248	0.01	0.2	1.16145	299.882	0
0.00302248	0.01	0.2	1.24451	298.323	0
0.00302248	0.01	0.2	1.33352	296.944	0
0.00302248	0.01	0.2	1.42889	295.825	0
0.00302248	0.01	0.2	1.53109	295.069	0
0.00302248	0.01	0.2	1.64059	294.805	0
0.00302248	0.01	0.2	1.75792	295.18	0
0.00302248	0.01	0.2	1.88365	296.336	0
0.00302248	0.01	0.2	2.01837	298.378	0
0.00302248	0.01	0.2	2.16272	301.317	0
0.00302248	0.01	0.2	2.31739	305.017	0
0.00302248	0.01	0.2	2.48313	309.128	0
0.00302248	0.01	0.2	2.66073	313.026	0
0.00302248	0.01	0.2	2.85102	315.81	0
0.00302248	0.01	0.2	3.05492	316.432	0
0.00302248	0.01	0.2	3.27341	314.126	0
0.00302248	0.01	0.2	3.50752	309.096	0
0.00302248	0.01	0.2	3.75837	302.996	0
0.00302248	0.01	0.2	4.02717	298.391	0
0.00302248	0.01	0.2	4.31519	296.983	0
0.00302248	0.01	0.2	4.62381	297.912	0
0.00302248	0.01	0.2	4.9545	298.055	0
0.00302248	0.01	0.2	5.30884	294.679	0
0.00302248	0.01	0.2	5.68853	288.326	0
0.00302248	0.01	0.2	6.09537	283.102	0
0.00302248	0.01	0.2	6.53131	283.985	0
0.00302248	0.01	0.2	6.99842	293.444	0
0.00302248	0.01	0.2	7.49894	309.797	0
0.00302248	0.01	0.2	8.03526	325.916	0
0.00302248	0.01	0.2	8.60994	328.053	0
0.00302248	0.01	0.2	9.22571	315.657	0
0.00302248	0.01	0.2	9.88553	310.82	0
0.00302248	0.01	0.2	10.5925	323.971	0
0.00302248	0.01	0.2	11.3501	346.132	0
0.00302248	0.01	0.2	12.1619	364.922	0
0.00302248	0.01	0.2	13.0317	379.742	0
0.00302248	0.01	0.2	13.9637	384.19	0
0.00302248	0.01	0.2	14.9624	363.682	0
0.00302248	0.01	0.2	16.0325	331.292	0
0.00302248	0.01	0.2	17.1791	343.336	0
0.00302248	0.01	0.2	18.4077	395.513	0
0.00302248	0.01	0.2	19.7242	413.669	0
0.00302248	0.01	0.2	21.1349	398.861	0
0.00302248	0.01	0.2	22.6464	454.959	0
0.00302248	0.01	0.2	24.2661	522.463	0
0.00302248	0.01	0.2	26.0016	444.475	0
0.00302248	0.01	0.2	27.8612	429.329	0
0.00302248	0.01	0.2	29.8538	513.415	0
0.00302248	0.01	0.2	31.989	394.135	0
0.00302248	0.01	0.2	34.2768	475.527	0
0.00302248	0.01	0.2	36.7282	545.983	0
0.00302248	0.01	0.2	39.355	396.959	0
0.00302248	0.01	0.2	42.1697	483.344	0
0.00302248	0.01	0.2	45.1856	457.308	0
0.00302248	0.01	0.2	48.4172	432.088	0
0.00302248	0.01	0.2	51.88	475.766	0
0.00302248	0.01	0.2	55.5904	361.776	0
0.00302248	0.01	0.2	59.5662	451.179	0
0.00302248	0.01	0.2	63.8263	403.134	0
0.00302248	0.01	0.2	68.3912	402.633	0
0.00302248	0.01	0.2	73.2825	368.516	0
0.00302248	0.01	0.2	78.5236	375.836	0
0.00302248	0.01	0.2	84.1395	350.826	0
0.00302248	0.01	0.2	90.1571	353.858	0
0.00302248	0.01	0.2	96.6051	346.576	0
0.00330228	0.01	0.2	0.103514	328.908	0
0.00330228	0.01	0.2	0.110917	328.827	0
0.00330228	0.01	0.2	0.11885	328.733	0
0.00330228	0.01	0.2	0.12735	328.626	0
0.00330228	0.01	0.2	0.136458	328.504	0
0.00330228	0.01	0.2	0.146218	328.364	0
0.00330228	0.01	0.2	0.156675	328.204	0
0.00330228	0.01	0.2	0.16788	328.021	0
0.00330228	0.01	0.2	0.179887	327.812	0
0.00330228	0.01	0.2	0.192752	327.574	0
0.00330228	0.01	0.2	0.206538	327.303	0
0.00330228	0.01	0.2	0.221309	326.995	0
0.00330228	0.01	0.2	0.237137	326.645	0
0.00330228	0.01	0.2	0.254097	326.247	0
0.00330228	0.01	0.2	0.27227	325.797	0
0.00330228	0.01	0.2	0.291743	325.288	0
0.00330228	0.01	0.2	0.312608	324.713	0
0.00330228	0.01	0.2	0.334965	324.067	0
0.00330228	0.01	0.2	0.358922	323.342	0
0.00330228	0.01	0.2	0.384592	322.531	0
0.00330228	0.01	0.2	0.412098	321.628	0
0.00330228	0.01	0.2	0.44157	320.626	0
0.00330228	0.01	0.2	0.473151	319.52	0
0.00330228	0.01	0.2	0.506991	318.305	0
0.00330228	0.01	0.2	0.54325	316.978	0
0.00330228	0.01	0.2	0.582103	315.54	0
0.00330228	0.01	0.2	0.623735	313.992	0
0.00330228	0.01	0.2	0.668344	312.34	0
0.00330228	0.01	0.2	0.716143	310.593	0
0.00330228	0.01	0.2	0.767361	308.763	0
0.00330228	0.01	0.2	0.822243	306.867	0
0.00330228	0.01	0.2	0.881049	304.927	0
0.00330228	0.01	0.2	0.944061	302.967	0
0.00330228	0.01	0.2	1.01158	301.014	0
0.00330228	0.01	0.2	1.08393	299.103	0
0.00330228	0.01	0.2	1.16145	297.273	0
0.00330228	0.01	0.2	1.24451	295.571	0
0.00330228	0.01	0.2	1.33352	294.06	0
0.00330228	0.01	0.2	1.42889	292.821	0
0.00330228	0.01	0.2	1.53109	291.962	0
0.00330228	0.01	0.2	1.64059	291.615	0
0.00330228	0.01	0.2	1.75792	291.93	0
0.00330228	0.01	0.2	1.88365	293.052	0
0.00330228	0.01	0.2	2.01837	295.086	0
0.00330228	0.01	0.2	2.16272	298.043	0
0.00330228	0.01	0.2	2.31739	301.782	0
0.00330228	0.01	0.2	2.48313	305.949	0
0.00330228	0.01	0.2	2.66073	309.916	0
0.00330228	0.01	0.2	2.85102	312.773	0
0.00330228	0.01	0.2	3.05492	313.459	0
0.00330228	0.01	0.2	3.27341	311.189	0
0.00330228	0.01	0.2	3.50752	306.147	0
0.00330228	0.01	0.2	3.75837	299.973	0
0.00330228	0.01	0.2	4.02717	295.223	0
0.00330228	0.01	0.2	4.31519	293.598	0
0.00330228	0.01	0.2	4.62381	294.257	0
0.00330228	0.01	0.2	4.9545	294.124	0
0.00330228	0.01	0.2	5.30884	290.521	0
0.00330228	0.01	0.2	5.68853	284.037	0
0.00330228	0.01	0.2	6.09537	278.804	0
0.00330228	0.01	0.2	6.53131	279.779	0
0.00330228	0.01	0.2	6.99842	289.397	0
0.00330228	0.01	0.2	7.49894	305.928	0
0.00330228	0.01	0.2	8.03526	322.211	0
0.00330228	0.01	0.2	8.60994	324.468	0
0.00330228	0.01	0.2	9.22571	312.146	0
0.00330228	0.01	0.2	9.88553	307.329	0
0.00330228	0.01	0.2	10.5925	320.463	0
0.00330228	0.01	0.2	11.3501	342.638	0
0.00330228	0.01	0.2	12.1619	361.527	0
0.00330228	0.01	0.2	13.0317	376.51	0
0.00330228	0.01	0.2	13.9637	381.096	0
0.00330228	0.01	0.2	14.9624	360.621	0
0.00330228	0.01	0.2	16.0325	328.111	0
0.00330228	0.01	0.2	17.1791	339.965	0
0.00330228	0.01	0.2	18.4077	392.044	0
0.00330228	0.01	0.2	19.7242	410.271	0
0.00330228	0.01	0.2	21.1349	395.561	0
0.00330228	0.01	0.2	22.6464	451.717	0
0.00330228	0.01	0.2	24.2661	519.161	0
0.00330228	0.01	0.2	26.0016	441.142	0
0.00330228	0.01	0.2	27.8612	426.058	0
0.00330228	0.01	0.2	29.8538	510.241	0
0.00330228	0.01	0.2	31.989	390.81	0
0.00330228	0.01	0.2	34.2768	471.936	0
0.00330228	0.01	0.2	36.7282	542.564	0
0.00330228	0.01	0.2	39.355	393.833	0
0.00330228	0.01	0.2	42.1697	480.186	0
0.00330228	0.01	0.2	45.1856	454.151	0
0.00330228	0.01	0.2	48.4172	428.691	0
0.00330228	0.01	0.2	51.88	472.248	0
0.00330228	0.01	0.2	55.5904	358.612	0
0.00330228	0.01	0.2	59.5662	448.049	0
0.00330228	0.01	0.2	63.8263	399.588	0
0.00330228	0.01	0.2	68.3912	399.309	0
0.00330228	0.01	0.2	73.2825	365.242	0
0.00330228	0.01	0.2	78.5236	372.569	0
0.00330228	0.01	0.2	84.1395	347.542	0
0.00330228	0.01	0.2	90.1571	350.615	0
0.00330228	0.01	0.2	96.6051	343.451	0
0.00360798	0.01	0.2	0.103514	328.859	0
0.00360798	0.01	0.2	0.110917	328.77	0
0.00360798	0.01	0.2	0.11885	328.668	0
0.00360798	0.01	0.2	0.12735	328.551	0
0.00360798	0.01	0.2	0.136458	328.418	0
0.00360798	0.01	0.2	0.146218	328.266	0
0.00360798	0.01	0.2	0.156675	328.091	0
0.00360798	0.01	0.2	0.16788	327.892	0
0.00360798	0.01	0.2	0.179887	327.665	0
0.00360798	0.01	0.2	0.192752	327.406	0
0.00360798	0.01	0.2	0.206538	327.111	0
0.00360798	0.01	0.2	0.221309	326.775	0
0.00360798	0.01	0.2	0.237137	326.394	0
0.00360798	0.01	0.2	0.254097	325.961	0
0.00360798	0.01	0.2	0.27227	325.471	0
0.00360798	0.01	0.2	0.291743	324.916	0
0.00360798	0.01	0.2	0.312608	324.291	0
0.00360798	0.01	0.2	0.334965	323.587	0
0.00360798	0.01	0.2	0.358922	322.798	0
0.00360798	0.01	0.2	0.384592	321.916	0
0.00360798	0.01	0.2	0.412098	320.932	0
0.00360798	0.01	0.2	0.44157	319.842	0
0.00360798	0.01	0.2	0.473151	318.638	0
0.00360798	0.01	0.2	0.506991	317.315	0
0.00360798	0.01	0.2	0.54325	315.872	0
0.00360798	0.01	0.2	0.582103	314.307	0
0.00360798	0.01	0.2	0.623735	312.623	0
0.00360798	0.01	0.2	0.668344	310.826	0
0.00360798	0.01	0.2	0.716143	308.926	0
0.00360798	0.01	0.2	0.767361	306.935	0
0.00360798	0.01	0.2	0.822243	304.874	0
0.00360798	0.01	0.2	0.881049	302.764	0
0.00360798	0.01	0.2	0.944061	300.633	0
0.00360798	0.01	0.2	1.01158	298.51	0
0.00360798	0.01	0.2	1.08393	296.432	0
0.00360798	0.01	0.2	1.16145	294.439	0
0.00360798	0.01	0.2	1.24451	292.584	0
0.00360798	0.01	0.2	1.33352	290.93	0
0.00360798	0.01	0.2	1.42889	289.563	0
0.00360798	0.01	0.2	1.53109	288.593	0
0.00360798	0.01	0.2	1.64059	288.156	0
0.00360798	0.01	0.2	1.75792	288.407	0
0.00360798	0.01	0.2	1.88365	289.493	0
0.00360798	0.01	0.2	2.01837	291.519	0
0.00360798	0.01	0.2	2.16272	294.495	0
0.00360798	0.01	0.2	2.31739	298.277	0
0.00360798	0.01	0.2	2.48313	302.504	0
0.00360798	0.01	0.2	2.66073	306.545	0
0.00360798	0.01	0.2	2.85102	309.481	0
0.00360798	0.01	0.2	3.05492	310.237	0
0.00360798	0.01	0.2	3.27341	308.006	0
0.00360798	0.01	0.2	3.50752	302.951	0
0.00360798	0.01	0.2	3.75837	296.697	0
0.00360798	0.01	0.2	4.02717	291.791	0
0.00360798	0.01	0.2	4.31519	289.931	0
0.00360798	0.01	0.2	4.62381	290.297	0
0.00360798	0.01	0.2	4.9545	289.865	0
0.00360798	0.01	0.2	5.30884	286.015	0
0.00360798	0.01	0.2	5.68853	279.388	0
0.00360798	0.01	0.2	6.09537	274.145	0
0.00360798	0.01	0.2	6.53131	275.222	0
0.00360798	0.01	0.2	6.99842	285.013	0
0.00360798	0.01	0.2	7.49894	301.736	0
0.00360798	0.01	0.2	8.03526	318.198	0
0.00360798	0.01	0.2	8.60994	320.585	0
0.00360798	0.01	0.2	9.22571	308.342	0
0.00360798	0.01	0.2	9.88553	303.546	0
0.00360798	0.01	0.2	10.5925	316.659	0
0.00360798	0.01	0.2	11.3501	338.849	0
0.00360798	0.01	0.2	12.1619	357.845	0
0.00360798	0.01	0.2	13.0317	373.006	0
0.00360798	0.01	0.2	13.9637	377.744	0
0.00360798	0.01	0.2	14.9624	357.303	0
0.00360798	0.01	0.2	16.0325	324.665	0
0.00360798	0.01	0.2	17.1791	336.313	0
0.00360798	0.01	0.2	18.4077	388.287	0
0.00360798	0.01	0.2	19.7242	406.591	0
0.00360798	0.01	0.2	21.1349	391.988	0
0.00360798	0.01	0.2	22.6464	448.205	0
0.00360798	0.01	0.2	24.2661	515.581	0
0.00360798	0.01	0.2	26.0016	437.526	0
0.00360798	0.01	0.2	27.8612	422.513	0
0.00360798	0.01	0.2	29.8538	506.802	0
0.00360798	0.01	0.2	31.989	387.206	0
0.00360798	0.01	0.2	34.2768	468.043	0
0.00360798	0.01	0.2	36.7282	538.858	0
0.00360798	0.01	0.2	39.355	390.453	0
0.00360798	0.01	0.2	42.1697	476.775	0
0.00360798	0.01	0.2	45.1856	450.74	0
0.00360798	0.01	0.2	48.4172	425.015	0
0.00360798	0.01	0.2	51.88	468.44	0
0.00360798	0.01	0.2	55.5904	355.188	0
0.00360798	0.01	0.2	59.5662	444.658	0
0.00360798	0.01	0.2	63.8263	395.743	0
0.00360798	0.01	0.2	68.3912	395.71	0
0.00360798	0.01	0.2	73.2825	361.697	0
0.00360798	0.01	0.2	78.5236	369.033	0
0.00360798	0.01	0.2	84.1395	343.985	0
0.00360798	0.01	0.2	90.1571	347.101	0
0.00360798	0.01	0.2	96.6051	340.068	0
0.00394199	0.01	0.2	0.103514	328.805	0
0.00394199	0.01	0.2	0.110917	328.708	0
0.00394199	0.01	0.2	0.11885	328.597	0
0.00394199	0.01	0.2	0.12735	328.47	0
0.00394199	0.01	0.2	0.136458	328.325	0
0.00394199	0.01	0.2	0.146218	328.159	0
0.00394199	0.01	0.2	0.156675	327.969	0
0.00394199	0.01	0.2	0.16788	327.752	0
0.00394199	0.01	0.2	0.179887	327.505	0
0.00394199	0.01	0.2	0.192752	327.223	0
0.00394199	0.01	0.2	0.206538	326.901	0
0.00394199	0.01	0.2	0.221309	326.535	0
0.00394199	0.01	0.2	0.237137	326.12	0
0.00394199	0.01	0.2	0.254097	325.648	0
0.00394199	0.01	0.2	0.27227	325.114	0
0.00394199	0.01	0.2	0.291743	324.511	0
0.00394199	0.01	0.2	0.312608	323.83	0
0.00394199	0.01	0.2	0.334965	323.064	0
0.00394199	0.01	0.2	0.358922	322.204	0
0.00394199	0.01	0.2	0.384592	321.244	0
0.00394199	0.01	0.2	0.412098	320.173	0
0.00394199	0.01	0.2	0.44157	318.986	0
0.00394199	0.01	0.2	0.473151	317.676	0
0.00394199	0.01	0.2	0.506991	316.237	0
0.00394199	0.01	0.2	0.54325	314.666	0
0.00394199	0.01	0.2	0.582103	312.964	0
0.00394199	0.01	0.2	0.623735	311.132	0
0.00394199	0.01	0.2	0.668344	309.177	0
0.00394199	0.01	0.2	0.716143	307.111	0
0.00394199	0.01	0.2	0.767361	304.947	0
0.00394199	0.01	0.2	0.822243	302.706	0
0.00394199	0.01	0.2	0.881049	300.413	0
0.00394199	0.01	0.2	0.944061	298.096	0
0.00394199	0.01	0.2	1.01158	295.789	0
0.00394199	0.01	0.2	1.08393	293.53	0
0.00394199	0.01	0.2	1.16145	291.363	0
0.00394199	0.01	0.2	1.24451	289.342	0
0.00394199	0.01	0.2	1.33352	287.535	0
0.00394199	0.01	0.2	1.42889	286.03	0
0.00394199	0.01	0.2	1.53109	284.941	0
0.00394199	0.01	0.2	1.64059	284.409	0
0.00394199	0.01	0.2	1.75792	284.591	0
0.00394199	0.01	0.2	1.88365	285.638	0
0.00394199	0.01	0.2	2.01837	287.656	0
0.00394199	0.01	0.2	2.16272	290.653	0
0.00394199	0.01	0.2	2.31739	294.481	0
0.00394199	0.01	0.2	2.48313	298.775	0
0.00394199	0.01	0.2	2.66073	302.896	0
0.00394199	0.01	0.2	2.85102	305.918	0
0.00394199	0.01	0.2	3.05492	306.749	0
0.00394199	0.01	0.2	3.27341	304.56	0
0.00394199	0.01	0.2	3.50752	299.491	0
0.00394199	0.01	0.2	3.75837	293.151	0
0.00394199	0.01	0.2	4.02717	288.075	0
0.00394199	0.01	0.2	4.31519	285.96	0
0.00394199	0.01	0.2	4.62381	286.009	0
0.00394199	0.01	0.2	4.9545	285.253	0
0.00394199	0.01	0.2	5.30884	281.136	0
0.00394199	0.01	0.2	5.68853	274.354	0
0.00394199	0.01	0.2	6.09537	269.101	0
0.00394199	0.01	0.2	6.53131	270.287	0
0.00394199	0.01	0.2	6.99842	280.266	0
0.00394199	0.01	0.2	7.49894	297.2	0
0.00394199	0.01	0.2	8.03526	313.855	0
0.00394199	0.01	0.2	8.60994	316.383	0
0.00394199	0.01	0.2	9.22571	304.224	0
0.00394199	0.01	0.2	9.88553	299.45	0
0.00394199	0.01	0.2	10.5925	312.539	0
0.00394199	0.01	0.2	11.3501	334.744	0
0.00394199	0.01	0.2	12.1619	353.855	0
0.00394199	0.01	0.2	13.0317	369.208	0
0.00394199	0.01	0.2	13.9637	374.112	0
0.00394199	0.01	0.2	14.9624	353.711	0
0.00394199	0.01	0.2	16.0325	320.933	0
0.00394199	0.01	0.2	17.1791	332.358	0
0.00394199	0.01	0.2	18.4077	384.22	0
0.00394199	0.01	0.2	19.7242	402.61	0
0.00394199	0.01	0.2	21.1349	388.123	0
0.00394199	0.01	0.2	22.6464	444.404	0
0.00394199	0.01	0.2	24.2661	511.703	0
0.00394199	0.01	0.2	26.0016	433.608	0
0.00394199	0.01	0.2	27.8612	418.671	0
0.00394199	0.01	0.2	29.8538	503.079	0
0.00394199	0.01	0.2	31.989	383.303	0
0.00394199	0.01	0.2	34.2768	463.823	0
0.00394199	0.01	0.2	36.7282	534.844	0
0.00394199	0.01	0.2	39.355	386.8	0
0.00394199	0.01	0.2	42.1697	473.094	0
0.00394199	0.01	0.2	45.1856	447.061	0
0.00394199	0.01	0.2	48.4172	421.042	0
0.00394199	0.01	0.2	51.88	464.321	0
0.00394199	0.01	0.2	55.5904	351.483	0
0.00394199	0.01	0.2	59.5662	440.988	0
0.00394199	0.01	0.2	63.8263	391.577	0
0.00394199	0.01	0.2	68.3912	391.815	0
0.00394199	0.01	0.2	73.2825	357.864	0
0.00394199	0.01	0.2	78.5236	365.211	0
0.00394199	0.01	0.2	84.1395	340.134	0
0.00394199	0.01	0.2	90.1571	343.296	0
0.00394199	0.01	0.2	96.6051	336.408	0
0.00430692	0.01	0.2	0.103514	328.745	0
0.00430692	0.01	0.2	0.110917	328.64	0
0.00430692	0.01	0.2	0.11885	328.519	0
0.00430692	0.01	0.2	0.12735	328.381	0
0.00430692	0.01	0.2	0.136458	328.223	0
0.00430692	0.01	0.2	0.146218	328.042	0
0.00430692	0.01	0.2	0.156675	327.835	0
0.00430692	0.01	0.2	0.16788	327.599	0
0.00430692	0.01	0.2	0.179887	327.329	0
0.00430692	0.01	0.2	0.192752	327.022	0
0.00430692	0.01	0.2	0.206538	326.672	0
0.00430692	0.01	0.2	0.221309	326.273	0
0.00430692	0.01	0.2	0.237137	325.821	0
0.00430692	0.01	0.2	0.254097	325.307	0
0.00430692	0.01	0.2	0.27227	324.726	0
0.00430692	0.01	0.2	0.291743	324.068	0
0.00430692	0.01	0.2	0.312608	323.327	0
0.00430692	0.01	0.2	0.334965	322.492	0
0.00430692	0.01	0.2	0.358922	321.557	0
0.00430692	0.01	0.2	0.384592	320.511	0
0.00430692	0.01	0.2	0.412098	319.346	0
0.00430692	0.01	0.2	0.44157	318.053	0
0.00430692	0.01	0.2	0.473151	316.627	0
0.00430692	0.01	0.2	0.506991	315.061	0
0.00430692	0.01	0.2	0.54325	313.352	0
0.00430692	0.01	0.2	0.582103	311.5	0
0.00430692	0.01	0.2	0.623735	309.508	0
0.00430692	0.01	0.2	0.668344	307.382	0
0.00430692	0.01	0.2	0.716143	305.135	0
0.00430692	0.01	0.2	0.767361	302.784	0
0.00430692	0.01	0.2	0.822243	300.349	0
0.00430692	0.01	0.2	0.881049	297.857	0
0.00430692	0.01	0.2	0.944061	295.341	0
0.00430692	0.01	0.2	1.01158	292.835	0
0.00430692	0.01	0.2	1.08393	290.382	0
0.00430692	0.01	0.2	1.16145	288.027	0
0.00430692	0.01	0.2	1.24451	285.827	0
0.00430692	0.01	0.2	1.33352	283.855	0
0.00430692	0.01	0.2	1.42889	282.202	0
0.00430692	0.01	0.2	1.53109	280.986	0
0.00430692	0.01	0.2	1.64059	280.352	0
0.00430692	0.01	0.2	1.75792	280.461	0
0.00430692	0.01	0.2	1.88365	281.467	0
0.00430692	0.01	0.2	2.01837	283.477	0
0.00430692	0.01	0.2	2.16272	286.497	0
0.00430692	0.01	0.2	2.31739	290.375	0
0.00430692	0.01	0.2	2.48313	294.74	0
0.00430692	0.01	0.2	2.66073	298.949	0
0.00430692	0.01	0.2	2.85102	302.063	0
0.00430692	0.01	0.2	3.05492	302.975	0
0.00430692	0.01	0.2	3.27341	300.833	0
0.00430692	0.01	0.2	3.50752	295.749	0
0.00430692	0.01	0.2	3.75837	289.316	0
0.00430692	0.01	0.2	4.02717	284.057	0
0.00430692	0.01	0.2	4.31519	281.666	0
0.00430692	0.01	0.2	4.62381	281.37	0
0.00430692	0.01	0.2	4.9545	280.263	0
0.00430692	0.01	0.2	5.30884	275.857	0
0.00430692	0.01	0.2	5.68853	268.908	0
0.00430692	0.01	0.2	6.09537	263.644	0
0.00430692	0.01	0.2	6.53131	264.95	0
0.00430692	0.01	0.2	6.99842	275.132	0
0.00430692	0.01	0.2	7.49894	292.295	0
0.00430692	0.01	0.2	8.03526	309.16	0
0.00430692	0.01	0.2	8.60994	311.84	0
0.00430692	0.01	0.2	9.22571	299.773	0
0.00430692	0.01	0.2	9.88553	295.018	0
0.00430692	0.01	0.2	10.5925	308.079	0
0.00430692	0.01	0.2	11.3501	330.298	0
0.00430692	0.01	0.2	12.1619	349.535	0
0.00430692	0.01	0.2	13.0317	365.098	0
0.00430692	0.01	0.2	13.9637	370.182	0
0.00430692	0.01	0.2	14.9624	349.824	0
0.00430692	0.01	0.2	16.0325	316.896	0
0.00430692	0.01	0.2	17.1791	328.081	0
0.00430692	0.01	0.2	18.4077	379.822	0
0.00430692	0.01	0.2	19.7242	398.308	0
0.00430692	0.01	0.2	21.1349	383.946	0
0.00430692	0.01	0.2	22.6464	440.293	0
0.00430692	0.01	0.2	24.2661	507.504	0
0.00430692	0.01	0.2	26.0016	429.366	0
0.00430692	0.01	0.2	27.8612	414.514	0
0.00430692	0.01	0.2	29.8538	499.05	0
0.00430692	0.01	0.2	31.989	379.08	0
0.00430692	0.01	0.2	34.2768	459.255	0
0.00430692	0.01	0.2	36.7282	530.501	0
0.00430692	0.01	0.2	39.355	382.858	0
0.00430692	0.01	0.2	42.1697	469.127	0
0.00430692	0.01	0.2	45.1856	443.096	0
0.00430692	0.01	0.2	48.4172	416.752	0
0.00430692	0.01	0.2	51.88	459.869	0
0.00430692	0.01	0.2	55.5904	347.479	0
0.00430692	0.01	0.2	59.5662	437.019	0
0.00430692	0.01	0.2	63.8263	387.069	0
0.00430692	0.01	0.2	68.3912	387.604	0
0.00430692	0.01	0.2	73.2825	353.724	0
0.00430692	0.01	0.2	78.5236	361.083	0
0.00430692	0.01	0.2	84.1395	335.97	0
0.00430692	0.01	0.2	90.1571	339.18	0
0.00430692	0.01	0.2	96.6051	332.453	0
0.00470563	0.01	0.2	0.103514	328.681	0
0.00470563	0.01	0.2	0.110917	328.566	0
0.00470563	0.01	0.2	0.11885	328.434	0
0.00470563	0.01	0.2	0.12735	328.284	0
0.00470563	0.01	0.2	0.136458	328.111	0
0.00470563	0.01	0.2	0.146218	327.914	0
0.00470563	0.01	0.2	0.156675	327.689	0
0.00470563	0.01	0.2	0.16788	327.431	0
0.00470563	0.01	0.2	0.179887	327.138	0
0.00470563	0.01	0.2	0.192752	326.803	0
0.00470563	0.01	0.2	0.206538	326.421	0
0.00470563	0.01	0.2	0.221309	325.987	0
0.00470563	0.01	0.2	0.237137	325.494	0
0.00470563	0.01	0.2	0.254097	324.935	0
0.00470563	0.01	0.2	0.27227	324.301	0
0.00470563	0.01	0.2	0.291743	323.585	0
0.00470563	0.01	0.2	0.312608	322.777	0
0.00470563	0.01	0.2	0.334965	321.869	0
0.00470563	0.01	0.2	0.358922	320.85	0
0.00470563	0.01	0.2	0.384592	319.711	0
0.00470563	0.01	0.2	0.412098	318.443	0
0.00470563	0.01	0.2	0.44157	317.036	0
0.00470563	0.01	0.2	0.473151	315.484	0
0.00470563	0.01	0.2	0.506991	313.78	0
0.00470563	0.01	0.2	0.54325	311.921	0
0.00470563	0.01	0.2	0.582103	309.906	0
0.00470563	0.01	0.2	0.623735	307.74	0
0.00470563	0.01	0.2	0.668344	305.429	0
0.00470563	0.01	0.2	0.716143	302.987	0
0.00470563	0.01	0.2	0.767361	300.431	0
0.00470563	0.01	0.2	0.822243	297.786	0
0.00470563	0.01	0.2	0.881049	295.081	0
0.00470563	0.01	0.2	0.944061	292.349	0
0.00470563	0.01	0.2	1.01158	289.63	0
0.00470563	0.01	0.2	1.08393	286.966	0
0.00470563	0.01	0.2	1.16145	284.41	0
0.00470563	0.01	0.2	1.24451	282.019	0
0.00470563	0.01	0.2	1.33352	279.871	0
0.00470563	0.01	0.2	1.42889	278.059	0
0.00470563	0.01	0.2	1.53109	276.707	0
0.00470563	0.01	0.2	1.64059	275.964	0
0.00470563	0.01	0.2	1.75792	275.995	0
0.00470563	0.01	0.2	1.88365	276.958	0
0.00470563	0.01	0.2	2.01837	278.96	0
0.00470563	0.01	0.2	2.16272	282.006	0
0.00470563	0.01	0.2	2.31739	285.938	0
0.00470563	0.01	0.2	2.48313	290.381	0
0.00470563	0.01	0.2	2.66073	294.683	0
0.00470563	0.01	0.2	2.85102	297.898	0
0.00470563	0.01	0.2	3.05492	298.898	0
0.00470563	0.01	0.2	3.27341	296.805	0
0.00470563	0.01	0.2	3.50752	291.706	0
0.00470563	0.01	0.2	3.75837	285.172	0
0.00470563	0.01	0.2	4.02717	279.715	0
0.00470563	0.01	0.2	4.31519	277.026	0
0.00470563	0.01	0.2	4.62381	276.357	0
0.00470563	0.01	0.2	4.9545	274.871	0
0.00470563	0.01	0.2	5.30884	270.15	0
0.00470563	0.01	0.2	5.68853	263.021	0
0.00470563	0.01	0.2	6.09537	257.746	0
0.00470563	0.01	0.2	6.53131	259.182	0
0.00470563	0.01	0.2	6.99842	269.586	0
0.00470563	0.01	0.2	7.49894	286.996	0
0.00470563	0.01	0.2	8.03526	304.09	0
0.00470563	0.01	0.2	8.60994	306.935	0
0.00470563	0.01	0.2	9.22571	294.964	0
0.00470563	0.01	0.2	9.88553	290.23	0
0.00470563	0.01	0.2	10.5925	303.256	0
0.00470563	0.01	0.2	11.3501	325.488	0
0.00470563	0.01	0.2	12.1619	344.861	0
0.00470563	0.01	0.2	13.0317	360.652	0
0.00470563	0.01	0.2	13.9637	365.932	0
0.00470563	0.01	0.2	14.9624	345.623	0
0.00470563	0.01	0.2	16.0325	312.534	0
0.00470563	0.01	0.2	17.1791	323.459	0
0.00470563	0.01	0.2	18.4077	375.072	0
0.00470563	0.01	0.2	19.7242	393.663	0
0.00470563	0.01	0.2	21.1349	379.438	0
0.00470563	0.01	0.2	22.6464	435.852	0
0.00470563	0.01	0.2	24.2661	502.964	0
0.00470563	0.01	0.2	26.0016	424.775	0
0.00470563	0.01	0.2	27.8612	410.018	0
0.00470563	0.01	0.2	29.8538	494.697	0
0.00470563	0.01	0.2	31.989	374.515	0
0.00470563	0.01	0.2	34.2768	454.313	0
0.00470563	0.01	0.2	36.7282	525.806	0
0.00470563	0.01	0.2	39.355	378.61	0
0.00470563	0.01	0.2	42.1697	464.859	0
0.00470563	0.01	0.2	45.1856	438.83	0
0.00470563	0.01	0.2	48.4172	412.126	0
0.00470563	0.01	0.2	51.88	455.064	0
0.00470563	0.01	0.2	55.5904	343.158	0
0.00470563	0.01	0.2	59.5662	432.733	0
0.00470563	0.01	0.2	63.8263	382.193	0
0.00470563	0.01	0.2	68.3912	383.058	0
0.00470563	0.01	0.2	73.2825	349.257	0
0.00470563	0.01	0.2	78.5236	356.631	0
0.00470563	0.01	0.2	84.1395	331.472	0
0.00470563	0.01	0.2	90.1571	334.732	0
0.00470563	0.01	0.2	96.6051	328.184	0
0.00514125	0.01	0.2	0.103514	328.61	0
0.00514125	0.01	0.2	0.110917	328.485	0
0.00514125	0.01	0.2	0.11885	328.342	0
0.00514125	0.01	0.2	0.12735	328.177	0
0.00514125	0.01	0.2	0.136458	327.989	0
0.00514125	0.01	0.2	0.146218	327.775	0
0.00514125	0.01	0.2	0.156675	327.529	0
0.00514125	0.01	0.2	0.16788	327.248	0
0.00514125	0.01	0.2	0.179887	326.928	0
0.00514125	0.01	0.2	0.192752	326.563	0
0.00514125	0.01	0.2	0.206538	326.148	0
0.00514125	0.01	0.2	0.221309	325.675	0
0.00514125	0.01	0.2	0.237137	325.138	0
0.00514125	0.01	0.2	0.254097	324.528	0
0.00514125	0.01	0.2	0.27227	323.838	0
0.00514125	0.01	0.2	0.291743	323.058	0
0.00514125	0.01	0.2	0.312608	322.178	0
0.00514125	0.01	0.2	0.334965	321.189	0
0.00514125	0.01	0.2	0.358922	320.079	0
0.00514125	0.01	0.2	0.384592	318.839	0
0.00514125	0.01	0.2	0.412098	317.458	0
0.00514125	0.01	0.2	0.44157	315.927	0
0.00514125	0.01	0.2	0.473151	314.238	0
0.00514125	0.01	0.2	0.506991	312.384	0
0.00514125	0.01	0.2	0.54325	310.362	0
0.00514125	0.01	0.2	0.582103	308.171	0
0.00514125	0.01	0.2	0.623735	305.815	0
0.00514125	0.01	0.2	0.668344	303.304	0
0.00514125	0.01	0.2	0.716143	300.65	0
0.00514125	0.01	0.2	0.767361	297.875	0
0.00514125	0.01	0.2	0.822243	295.003	0
0.00514125	0.01	0.2	0.881049	292.067	0
0.00514125	0.01	0.2	0.944061	289.103	0
0.00514125	0.01	0.2	1.01158	286.153	0
0.00514125	0.01	0.2	1.08393	283.265	0
0.00514125	0.01	0.2	1.16145	280.492	0
0.00514125	0.01	0.2	1.24451	277.897	0
0.00514125	0.01	0.2	1.33352	275.559	0
0.00514125	0.01	0.2	1.42889	273.579	0
0.00514125	0.01	0.2	1.53109	272.082	0
0.00514125	0.01	0.2	1.64059	271.223	0
0.00514125	0.01	0.2	1.75792	271.172	0
0.00514125	0.01	0.2	1.88365	272.09	0
0.00514125	0.01	0.2	2.01837	274.084	0
0.00514125	0.01	0.2	2.16272	277.158	0
0.00514125	0.01	0.2	2.31739	281.149	0
0.00514125	0.01	0.2	2.48313	285.676	0
0.00514125	0.01	0.2	2.66073	290.08	0
0.00514125	0.01	0.2	2.85102	293.401	0
0.00514125	0.01	0.2	3.05492	294.497	0
0.00514125	0.01	0.2	3.27341	292.458	0
0.00514125	0.01	0.2	3.50752	287.343	0
0.00514125	0.01	0.2	3.75837	280.7	0
0.00514125	0.01	0.2	4.02717	275.03	0
0.00514125	0.01	0.2	4.31519	272.018	0
0.00514125	0.01	0.2	4.62381	270.947	0
0.00514125	0.01	0.2	4.9545	269.049	0
0.00514125	0.01	0.2	5.30884	263.99	0
0.00514125	0.01	0.2	5.68853	256.666	0
0.00514125	0.01	0.2	6.09537	251.38	0
0.00514125	0.01	0.2	6.53131	252.957	0
0.00514125	0.01	0.2	6.99842	263.601	0
0.00514125	0.01	0.2	7.49894	281.28	0
0.00514125	0.01	0.2	8.03526	298.62	0
0.00514125	0.01	0.2	8.60994	301.644	0
0.00514125	0.01	0.2	9.22571	289.777	0
0.00514125	0.01	0.2	9.88553	285.061	0
0.00514125	0.01	0.2	10.5925	298.047	0
0.00514125	0.01	0.2	11.3501	320.291	0
0.00514125	0.01	0.2	12.1619	339.809	0
0.00514125	0.01	0.2	13.0317	355.848	0
0.00514125	0.01	0.2	13.9637	361.344	0
0.00514125	0.01	0.2	14.9624	341.089	0
0.00514125	0.01	0.2	16.0325	307.827	0
0.00514125	0.01	0.2	17.1791	318.472	0
0.00514125	0.01	0.2	18.4077	369.948	0
0.00514125	0.01	0.2	19.7242	388.654	0
0.00514125	0.01	0.2	21.1349	374.578	0
0.00514125	0.01	0.2	22.6464	431.061	0
0.00514125	0.01	0.2	24.2661	498.06	0
0.00514125	0.01	0.2	26.0016	419.813	0
0.00514125	0.01	0.2	27.8612	405.161	0
0.00514125	0.01	0.2	29.8538	489.998	0
0.00514125	0.01	0.2	31.989	369.586	0
0.00514125	0.01	0.2	34.2768	448.974	0
0.00514125	0.01	0.2	36.7282	520.738	0
0.00514125	0.01	0.2	39.355	374.039	0
0.00514125	0.01	0.2	42.1697	460.274	0
0.00514125	0.01	0.2	45.1856	434.247	0
0.00514125	0.01	0.2	48.4172	407.144	0
0.00514125	0.01	0.2	51.88	449.883	0
0.00514125	0.01	0.2	55.5904	338.5	0
0.00514125	0.01	0.2	59.5662	428.108	0
0.00514125	0.01	0.2	63.8263	376.926	0
0.00514125	0.01	0.2	68.3912	378.156	0
0.00514125	0.01	0.2	73.2825	344.443	0
0.00514125	0.01	0.2	78.5236	351.835	0
0.00514125	0.01	0.2	84.1395	326.619	0
0.00514125	0.01	0.2	90.1571	329.931	0
0.00514125	0.01	0.2	96.6051	323.583	0
0.0056172	0.01	0.2	0.103514	328.533	0
0.0056172	0.01	0.2	0.110917	328.397	0
0.0056172	0.01	0.2	0.11885	328.24	0
0.0056172	0.01	0.2	0.12735	328.061	0
0.0056172	0.01	0.2	0.136458	327.856	0
0.0056172	0.01	0.2	0.146218	327.622	0
0.0056172	0.01	0.2	0.156675	327.354	0
0.0056172	0.01	0.2	0.16788	327.049	0
0.0056172	0.01	0.2	0.179887	326.7	0
0.0056172	0.01	0.2	0.192752	326.302	0
0.0056172	0.01	0.2	0.206538	325.849	0
0.0056172	0.01	0.2	0.221309	325.334	0
0.0056172	0.01	0.2	0.237137	324.748	0
0.0056172	0.01	0.2	0.254097	324.084	0
0.0056172	0.01	0.2	0.27227	323.332	0
0.0056172	0.01	0.2	0.291743	322.482	0
0.0056172	0.01	0.2	0.312608	321.524	0
0.0056172	0.01	0.2	0.334965	320.446	0
0.0056172	0.01	0.2	0.358922	319.238	0
0.0056172	0.01	0.2	0.384592	317.888	0
0.0056172	0.01	0.2	0.412098	316.385	0
0.0056172	0.01	0.2	0.44157	314.718	0
0.0056172	0.01	0.2	0.473151	312.88	0
0.0056172	0.01	0.2	0.506991	310.863	0
0.0056172	0.01	0.2	0.54325	308.664	0
0.0056172	0.01	0.2	0.582103	306.282	0
0.0056172	0.01	0.2	0.623735	303.722	0
0.0056172	0.01	0.2	0.668344	300.993	0
0.0056172	0.01	0.2	0.716143	298.111	0
0.0056172	0.01	0.2	0.767361	295.098	0
0.0056172	0.01	0.2	0.822243	291.981	0
0.0056172	0.01	0.2	0.881049	288.796	0
0.0056172	0.01	0.2	0.944061	285.583	0
0.0056172	0.01	0.2	1.01158	282.386	0
0.0056172	0.01	0.2	1.08393	279.257	0
0.0056172	0.01	0.2	1.16145	276.252	0
0.0056172	0.01	0.2	1.24451	273.439	0
0.0056172	0.01	0.2	1.33352	270.9	0
0.0056172	0.01	0.2	1.42889	268.739	0
0.0056172	0.01	0.2	1.53109	267.089	0
0.0056172	0.01	0.2	1.64059	266.107	0
0.0056172	0.01	0.2	1.75792	265.97	0
0.0056172	0.01	0.2	1.88365	266.84	0
0.0056172	0.01	0.2	2.01837	268.827	0
0.0056172	0.01	0.2	2.16272	271.932	0
0.0056172	0.01	0.2	2.31739	275.987	0
0.0056172	0.01	0.2	2.48313	280.604	0
0.0056172	0.01	0.2	2.66073	285.117	0
0.0056172	0.01	0.2	2.85102	288.555	0
0.0056172	0.01	0.2	3.05492	289.753	0
0.0056172	0.01	0.2	3.27341	287.772	0
0.0056172	0.01	0.2	3.50752	282.64	0
0.0056172	0.01	0.2	3.75837	275.881	0
0.0056172	0.01	0.2	4.02717	269.98	0
0.0056172	0.01	0.2	4.31519	266.62	0
0.0056172	0.01	0.2	4.62381	265.115	0
0.0056172	0.01	0.2	4.9545	262.773	0
0.0056172	0.01	0.2	5.30884	257.348	0
0.0056172	0.01	0.2	5.68853	249.815	0
0.0056172	0.01	0.2	6.09537	244.517	0
0.0056172	0.01	0.2	6.53131	246.247	0
0.0056172	0.01	0.2	6.99842	257.151	0
0.0056172	0.01	0.2	7.49894	275.121	0
0.0056172	0.01	0.2	8.03526	292.729	0
0.0056172	0.01	0.2	8.60994	295.946	0
0.0056172	0.01	0.2	9.22571	284.189	0
0.0056172	0.01	0.2	9.88553	279.488	0
0.0056172	0.01	0.2	10.5925	292.426	0
0.0056172	0.01	0.2	11.3501	314.68	0
0.0056172	0.01	0.2	12.1619	334.356	0
0.0056172	0.01	0.2	13.0317	350.664	0
0.0056172	0.01	0.2	13.9637	356.394	0
0.0056172	0.01	0.2	14.9624	336.2	0
0.0056172	0.01	0.2	16.0325	302.752	0
0.0056172	0.01	0.2	17.1791	313.096	0
0.0056172	0.01	0.2	18.4077	364.428	0
0.0056172	0.01	0.2	19.7242	383.262	0
0.0056172	0.01	0.2	21.1349	369.346	0
0.0056172	0.01	0.2	22.6464	425.899	0
0.0056172	0.01	0.2	24.2661	492.768	0
0.0056172	0.01	0.2	26.0016	414.457	0
0.0056172	0.01	0.2	27.8612	399.922	0
0.0056172	0.01	0.2	29.8538	484.931	0
0.0056172	0.01	0.2	31.989	364.271	0
0.0056172	0.01	0.2	34.2768	443.21	0
0.0056172	0.01	0.2	36.7282	515.271	0
0.0056172	0.01	0.2	39.355	369.127	0
0.0056172	0.01	0.2	42.1697	455.358	0
0.0056172	0.01	0.2	45.1856	429.334	0
0.0056172	0.01	0.2	48.4172	401.788	0
0.0056172	0.01	0.2	51.88	444.307	0
0.0056172	0.01	0.2	55.5904	333.485	0
0.0056172	0.01	0.2	59.5662	423.124	0
0.0056172	0.01	0.2	63.8263	371.243	0
0.0056172	0.01	0.2	68.3912	372.876	0
0.0056172	0.01	0.2	73.2825	339.264	0
0.0056172	0.01	0.2	78.5236	346.676	0
0.0056172	0.01	0.2	84.1395	321.389	0
0.0056172	0.01	0.2	90.1571	324.756	0
0.0056172	0.01	0.2	96.6051	318.631	0
0.0061372	0.01	0.2	0.103514	328.449	0
0.0061372	0.01	0.2	0.110917	328.3	0
0.0061372	0.01	0.2	0.11885	328.13	0
0.0061372	0.01	0.2	0.12735	327.934	0
0.0061372	0.01	0.2	0.136458	327.711	0
0.0061372	0.01	0.2	0.146218	327.456	0
0.0061372	0.01	0.2	0.156675	327.164	0
0.0061372	0.01	0.2	0.16788	326.831	0
0.0061372	0.01	0.2	0.179887	326.45	0
0.0061372	0.01	0.2	0.192752	326.017	0
0.0061372	0.01	0.2	0.206538	325.523	0
0.0061372	0.01	0.2	0.221309	324.961	0
0.0061372	0.01	0.2	0.237137	324.323	0
0.0061372	0.01	0.2	0.254097	323.6	0
0.0061372	0.01	0.2	0.27227	322.78	0
0.0061372	0.01	0.2	0.291743	321.854	0
0.0061372	0.01	0.2	0.312608	320.811	0
0.0061372	0.01	0.2	0.334965	319.637	0
0.0061372	0.01	0.2	0.358922	318.321	0
0.0061372	0.01	0.2	0.384592	316.851	0
0.0061372	0.01	0.2	0.412098	315.214	0
0.0061372	0.01	0.2	0.44157	313.401	0
0.0061372	0.01	0.2	0.473151	311.401	0
0.0061372	0.01	0.2	0.506991	309.207	0
0.0061372	0.01	0.2	0.54325	306.816	0
0.0061372	0.01	0.2	0.582103	304.227	0
0.0061372	0.01	0.2	0.623735	301.445	0
0.0061372	0.01	0.2	0.668344	298.481	0
0.0061372	0.01	0.2	0.716143	295.352	0
0.0061372	0.01	0.2	0.767361	292.082	0
0.0061372	0.01	0.2	0.822243	288.703	0
0.0061372	0.01	0.2	0.881049	285.251	0
0.0061372	0.01	0.2	0.944061	281.769	0
0.0061372	0.01	0.2	1.01158	278.307	0
0.0061372	0.01	0.2	1.08393	274.92	0
0.0061372	0.01	0.2	1.16145	271.668	0
0.0061372	0.01	0.2	1.24451	268.622	0
0.0061372	0.01	0.2	1.33352	265.869	0
0.0061372	0.01	0.2	1.42889	263.518	0
0.0061372	0.01	0.2	1.53109	261.705	0
0.0061372	0.01	0.2	1.64059	260.594	0
0.0061372	0.01	0.2	1.75792	260.365	0
0.0061372	0.01	0.2	1.88365	261.186	0
0.0061372	0.01	0.2	2.01837	263.167	0
0.0061372	0.01	0.2	2.16272	266.306	0
0.0061372	0.01	0.2	2.31739	270.431	0
0.0061372	0.01	0.2	2.48313	275.145	0
0.0061372	0.01	0.2	2.66073	279.775	0
0.0061372	0.01	0.2	2.85102	283.338	0
0.0061372	0.01	0.2	3.05492	284.647	0
0.0061372	0.01	0.2	3.27341	282.729	0
0.0061372	0.01	0.2	3.50752	277.578	0
0.0061372	0.01	0.2	3.75837	270.694	0
0.0061372	0.01	0.2	4.02717	264.546	0
0.0061372	0.01	0.2	4.31519	260.811	0
0.0061372	0.01	0.2	4.62381	258.837	0
0.0061372	0.01	0.2	4.9545	256.016	0
0.0061372	0.01	0.2	5.30884	250.196	0
0.0061372	0.01	0.2	5.68853	242.437	0
0.0061372	0.01	0.2	6.09537	237.128	0
0.0061372	0.01	0.2	6.53131	239.025	0
0.0061372	0.01	0.2	6.99842	250.21	0
0.0061372	0.01	0.2	7.49894	268.496	0
0.0061372	0.01	0.2	8.03526	286.394	0
0.0061372	0.01	0.2	8.60994	289.819	0
0.0061372	0.01	0.2	9.22571	278.178	0
0.0061372	0.01	0.2	9.88553	273.489	0
0.0061372	0.01	0.2	10.5925	286.371	0
0.0061372	0.01	0.2	11.3501	308.632	0
0.0061372	0.01	0.2	12.1619	328.477	0
0.0061372	0.01	0.2	13.0317	345.078	0
0.0061372	0.01	0.2	13.9637	351.063	0
0.0061372	0.01	0.2	14.9624	330.937	0
0.0061372	0.01	0.2	16.0325	297.29	0
0.0061372	0.01	0.2	17.1791	307.311	0
0.0061372	0.01	0.2	18.4077	358.49	0
0.0061372	0.01	0.2	19.7242	377.466	0
0.0061372	0.01	0.2	21.1349	363.723	0
0.0061372	0.01	0.2	22.6464	420.344	0
0.0061372	0.01	0.2	24.2661	487.065	0
0.0061372	0.01	0.2	26.0016	408.681	0
0.0061372	0.01	0.2	27.8612	394.277	0
0.0061372	0.01	0.2	29.8538	479.478	0
0.0061372	0.01	0.2	31.989	358.547	0
0.0061372	0.01	0.2	34.2768	436.998	0
0.0061372	0.01	0.2	36.7282	509.385	0
0.0061372	0.01	0.2	39.355	363.86	0
0.0061372	0.01	0.2	42.1697	450.099	0
0.0061372	0.01	0.2	45.1856	424.078	0
0.0061372	0.01	0.2	48.4172	396.039	0
0.0061372	0.01	0.2	51.88	438.313	0
0.0061372	0.01	0.2	55.5904	328.096	0
0.0061372	0.01	0.2	59.5662	417.763	0
0.0061372	0.01	0.2	63.8263	365.119	0
0.0061372	0.01	0.2	68.3912	367.199	0
0.0061372	0.01	0.2	73.2825	333.701	0
0.0061372	0.01	0.2	78.5236	341.139	0
0.0061372	0.01	0.2	84.1395	315.763	0
0.0061372	0.01	0.2	90.1571	319.185	0
0.0061372	0.01	0.2	96.6051	313.309	0
0.00670535	0.01	0.2	0.103514	328.357	0
0.00670535	0.01	0.2	0.110917	328.195	0
0.00670535	0.01	0.2	0.11885	328.009	0
0.00670535	0.01	0.2	0.12735	327.796	0
0.00670535	0.01	0.2	0.136458	327.552	0
0.00670535	0.01	0.2	0.146218	327.274	0
0.00670535	0.01	0.2	0.156675	326.956	0
0.00670535	0.01	0.2	0.16788	326.593	0
0.00670535	0.01	0.2	0.179887	326.178	0
0.00670535	0.01	0.2	0.192752	325.705	0
0.00670535	0.01	0.2	0.206538	325.167	0
0.00670535	0.01	0.2	0.221309	324.555	0
0.00670535	0.01	0.2	0.237137	323.86	0
0.00670535	0.01	0.2	0.254097	323.071	0
0.00670535	0.01	0.2	0.27227	322.178	0
0.00670535	0.01	0.2	0.291743	321.169	0
0.00670535	0.01	0.2	0.312608	320.032	0
0.00670535	0.01	0.2	0.334965	318.754	0
0.00670535	0.01	0.2	0.358922	317.321	0
0.00670535	0.01	0.2	0.384592	315.72	0
0.00670535	0.01	0.2	0.412098	313.939	0
0.00670535	0.01	0.2	0.44157	311.966	0
0.00670535	0.01	0.2	0.473151	309.79	0
0.00670535	0.01	0.2	0.506991	307.404	0
0.00670535	0.01	0.2	0.54325	304.805	0
0.00670535	0.01	0.2	0.582103	301.991	0
0.00670535	0.01	0.2	0.623735	298.97	0
0.00670535	0.01	0.2	0.668344	295.752	0
0.00670535	0.01	0.2	0.716143	292.357	0
0.00670535	0.01	0.2	0.767361	288.811	0
0.00670535	0.01	0.2	0.822243	285.148	0
0.00670535	0.01	0.2	0.881049	281.409	0
0.00670535	0.01	0.2	0.944061	277.64	0
0.00670535	0.01	0.2	1.01158	273.896	0
0.00670535	0.01	0.2	1.08393	270.233	0
0.00670535	0.01	0.2	1.16145	266.717	0
0.00670535	0.01	0.2	1.24451	263.424	0
0.00670535	0.01	0.2	1.33352	260.445	0
0.00670535	0.01	0.2	1.42889	257.892	0
0.00670535	0.01	0.2	1.53109	255.907	0
0.00670535	0.01	0.2	1.64059	254.661	0
0.00670535	0.01	0.2	1.75792	254.337	0
0.00670535	0.01	0.2	1.88365	255.107	0
0.00670535	0.01	0.2	2.01837	257.083	0
0.00670535	0.01	0.2	2.16272	260.26	0
0.00670535	0.01	0.2	2.31739	264.459	0
0.00670535	0.01	0.2	2.48313	269.278	0
0.00670535	0.01	0.2	2.66073	274.034	0
0.00670535	0.01	0.2	2.85102	277.732	0
0.00670535	0.01	0.2	3.05492	279.159	0
0.00670535	0.01	0.2	3.27341	277.31	0
0.00670535	0.01	0.2	3.50752	272.14	0
0.00670535	0.01	0.2	3.75837	265.122	0
0.00670535	0.01	0.2	4.02717	258.708	0
0.00670535	0.01	0.2	4.31519	254.568	0
0.00670535	0.01	0.2	4.62381	252.09	0
0.00670535	0.01	0.2	4.9545	248.752	0
0.00670535	0.01	0.2	5.30884	242.508	0
0.00670535	0.01	0.2	5.68853	234.507	0
0.00670535	0.01	0.2	6.09537	229.187	0
0.00670535	0.01	0.2	6.53131	231.264	0
0.00670535	0.01	0.2	6.99842	242.754	0
0.00670535	0.01	0.2	7.49894	261.381	0
0.00670535	0.01	0.2	8.03526	279.592	0
0.00670535	0.01	0.2	8.60994	283.241	0
0.00670535	0.01	0.2	9.22571	271.723	0
0.00670535	0.01	0.2	9.88553	267.042	0
0.00670535	0.01	0.2	10.5925	279.856	0
0.00670535	0.01	0.2	11.3501	302.12	0
0.00670535	0.01	0.2	12.1619	322.148	0
0.00670535	0.01	0.2	13.0317	339.065	0
0.00670535	0.01	0.2	13.9637	345.329	0
0.00670535	0.01	0.2	14.9624	325.28	0
0.00670535	0.01	0.2	16.0325	291.421	0
0.00670535	0.01	0.2	17.1791	301.094	0
0.00670535	0.01	0.2	18.4077	352.114	0
0.00670535	0.01	0.2	19.7242	371.247	0
0.00670535	0.01	0.2	21.1349	357.692	0
0.00670535	0.01	0.2	22.6464	414.378	0
0.00670535	0.01	0.2	24.2661	480.93	0
0.00670535	0.01	0.2	26.0016	402.461	0
0.00670535	0.01	0.2	27.8612	388.204	0
0.00670535	0.01	0.2	29.8538	473.616	0
0.00670535	0.01	0.2	31.989	352.392	0
0.00670535	0.01	0.2	34.2768	430.311	0
0.00670535	0.01	0.2	36.7282	503.056	0
0.00670535	0.01	0.2	39.355	358.223	0
0.00670535	0.01	0.2	42.1697	444.486	0
0.00670535	0.01	0.2	45.1856	418.469	0
0.00670535	0.01	0.2	48.4172	389.882	0
0.00670535	0.01	0.2	51.88	431.883	0
0.00670535	0.01	0.2	55.5904	322.316	0
0.00670535	0.01	0.2	59.5662	412.006	0
0.00670535	0.01	0.2	63.8263	358.531	0
0.00670535	0.01	0.2	68.3912	361.106	0
0.00670535	0.01	0.2	73.2825	327.738	0
0.00670535	0.01	0.2	78.5236	335.205	0
0.00670535	0.01	0.2	84.1395	309.72	0
0.00670535	0.01	0.2	90.1571	313.197	0
0.00670535	0.01	0.2	96.6051	307.601	0
0.0073261	0.01	0.2	0.103514	328.257	0
0.0073261	0.01	0.2	0.110917	328.08	0
0.0073261	0.01	0.2	0.11885	327.877	0
0.0073261	0.01	0.2	0.12735	327.645	0
0.0073261	0.01	0.2	0.136458	327.379	0
0.0073261	0.01	0.2	0.146218	327.076	0
0.0073261	0.01	0.2	0.156675	326.729	0
0.0073261	0.01	0.2	0.16788	326.332	0
0.0073261	0.01	0.2	0.179887	325.88	0
0.0073261	0.01	0.2	0.192752	325.365	0
0.0073261	0.01	0.2	0.206538	324.779	0
0.0073261	0.01	0.2	0.221309	324.111	0
0.0073261	0.01	0.2	0.237137	323.353	0
0.0073261	0.01	0.2	0.254097	322.494	0
0.0073261	0.01	0.2	0.27227	321.521	0
0.0073261	0.01	0.2	0.291743	320.422	0
0.0073261	0.01	0.2	0.312608	319.183	0
0.0073261	0.01	0.2	0.334965	317.791	0
0.0073261	0.01	0.2	0.358922	316.231	0
0.0073261	0.01	0.2	0.384592	314.488	0
0.0073261	0.01	0.2	0.412098	312.55	0
0.0073261	0.01	0.2	0.44157	310.402	0
0.0073261	0.01	0.2	0.473151	308.036	0
0.0073261	0.01	0.2	0.506991	305.442	0
0.0073261	0.01	0.2	0.54325	302.617	0
0.0073261	0.01	0.2	0.582103	299.561	0
0.0073261	0.01	0.2	0.623735	296.28	0
0.0073261	0.01	0.2	0.668344	292.789	0
0.0073261	0.01	0.2	0.716143	289.107	0
0.0073261	0.01	0.2	0.767361	285.264	0
0.0073261	0.01	0.2	0.822243	281.297	0
0.0073261	0.01	0.2	0.881049	277.251	0
0.0073261	0.01	0.2	0.944061	273.175	0
0.0073261	0.01	0.2	1.01158	269.128	0
0.0073261	0.01	0.2	1.08393	265.172	0
0.0073261	0.01	0.2	1.16145	261.377	0
0.0073261	0.01	0.2	1.24451	257.823	0
0.0073261	0.01	0.2	1.33352	254.604	0
0.0073261	0.01	0.2	1.42889	251.839	0
0.0073261	0.01	0.2	1.53109	249.675	0
0.0073261	0.01	0.2	1.64059	248.286	0
0.0073261	0.01	0.2	1.75792	247.864	0
0.0073261	0.01	0.2	1.88365	248.583	0
0.0073261	0.01	0.2	2.01837	250.555	0
0.0073261	0.01	0.2	2.16272	253.773	0
0.0073261	0.01	0.2	2.31739	258.054	0
0.0073261	0.01	0.2	2.48313	262.985	0
0.0073261	0.01	0.2	2.66073	267.877	0
0.0073261	0.01	0.2	2.85102	271.718	0
0.0073261	0.01	0.2	3.05492	273.273	0
0.0073261	0.01	0.2	3.27341	271.497	0
0.0073261	0.01	0.2	3.50752	266.307	0
0.0073261	0.01	0.2	3.75837	259.147	0
0.0073261	0.01	0.2	4.02717	252.447	0
0.0073261	0.01	0.2	4.31519	247.874	0
0.0073261	0.01	0.2	4.62381	244.852	0
0.0073261	0.01	0.2	4.9545	240.959	0
0.0073261	0.01	0.2	5.30884	234.259	0
0.0073261	0.01	0.2	5.68853	225.998	0
0.0073261	0.01	0.2	6.09537	220.667	0
0.0073261	0.01	0.2	6.53131	222.94	0
0.0073261	0.01	0.2	6.99842	234.759	0
0.0073261	0.01	0.2	7.49894	253.754	0
0.0073261	0.01	0.2	8.03526	272.303	0
0.0073261	0.01	0.2	8.60994	276.194	0
0.0073261	0.01	0.2	9.22571	264.805	0
0.0073261	0.01	0.2	9.88553	260.126	0
0.0073261	0.01	0.2	10.5925	272.859	0
0.0073261	0.01	0.2	11.3501	295.122	0
0.0073261	0.01	0.2	12.1619	315.345	0
0.0073261	0.01	0.2	13.0317	332.606	0
0.0073261	0.01	0.2	13.9637	339.173	0
0.0073261	0.01	0.2	14.9624	319.21	0
0.0073261	0.01	0.2	16.0325	285.125	0
0.0073261	0.01	0.2	17.1791	294.428	0
0.0073261	0.01	0.2	18.4077	345.279	0
0.0073261	0.01	0.2	19.7242	364.588	0
0.0073261	0.01	0.2	21.1349	351.235	0
0.0073261	0.01	0.2	22.6464	407.983	0
0.0073261	0.01	0.2	24.2661	474.34	0
0.0073261	0.01	0.2	26.0016	395.775	0
0.0073261	0.01	0.2	27.8612	381.681	0
0.0073261	0.01	0.2	29.8538	467.327	0
0.0073261	0.01	0.2	31.989	345.787	0
0.0073261	0.01	0.2	34.2768	423.126	0
0.0073261	0.01	0.2	36.7282	496.264	0
0.0073261	0.01	0.2	39.355	352.206	0
0.0073261	0.01	0.2	42.1697	438.512	0
0.0073261	0.01	0.2	45.1856	412.499	0
0.0073261	0.01	0.2	48.4172	383.301	0
0.0073261	0.01	0.2	51.88	425	0
0.0073261	0.01	0.2	55.5904	316.127	0
0.0073261	0.01	0.2	59.5662	405.834	0
0.0073261	0.01	0.2	63.8263	351.454	0
0.0073261	0.01	0.2	68.3912	354.579	0
0.0073261	0.01	0.2	73.2825	321.358	0
0.0073261	0.01	0.2	78.5236	328.86	0
0.0073261	0.01	0.2	84.1395	303.241	0
0.0073261	0.01	0.2	90.1571	306.775	0
0.0073261	0.01	0.2	96.6051	301.491	0
0.0080043	0.01	0.2	0.103514	328.147	0
0.0080043	0.01	0.2	0.110917	327.954	0
0.0080043	0.01	0.2	0.11885	327.733	0
0.0080043	0.01	0.2	0.12735	327.48	0
0.0080043	0.01	0.2	0.136458	327.19	0
0.0080043	0.01	0.2	0.146218	326.859	0
0.0080043	0.01	0.2	0.156675	326.481	0
0.0080043	0.01	0.2	0.16788	326.049	0
0.0080043	0.01	0.2	0.179887	325.556	0
0.0080043	0.01	0.2	0.192752	324.994	0
0.0080043	0.01	0.2	0.206538	324.354	0
0.0080043	0.01	0.2	0.221309	323.627	0
0.0080043	0.01	0.2	0.237137	322.801	0
0.0080043	0.01	0.2	0.254097	321.864	0
0.0080043	0.01	0.2	0.27227	320.804	0
0.0080043	0.01	0.2	0.291743	319.607	0
0.0080043	0.01	0.2	0.312608	318.257	0
0.0080043	0.01	0.2	0.334965	316.741	0
0.0080043	0.01	0.2	0.358922	315.042	0
0.0080043	0.01	0.2	0.384592	313.145	0
0.0080043	0.01	0.2	0.412098	311.036	0
0.0080043	0.01	0.2	0.44157	308.7	0
0.0080043	0.01	0.2	0.473151	306.127	0
0.0080043	0.01	0.2	0.506991	303.308	0
0.0080043	0.01	0.2	0.54325	300.239	0
0.0080043	0.01	0.2	0.582103	296.92	0
0.0080043	0.01	0.2	0.623735	293.36	0
0.0080043	0.01	0.2	0.668344	289.574	0
0.0080043	0.01	0.2	0.716143	285.583	0
0.0080043	0.01	0.2	0.767361	281.422	0
0.0080043	0.01	0.2	0.822243	277.129	0
0.0080043	0.01	0.2	0.881049	272.754	0
0.0080043	0.01	0.2	0.944061	268.351	0
0.0080043	0.01	0.2	1.01158	263.983	0
0.0080043	0.01	0.2	1.08393	259.716	0
0.0080043	0.01	0.2	1.16145	255.626	0
0.0080043	0.01	0.2	1.24451	251.795	0
0.0080043	0.01	0.2	1.33352	248.325	0
0.0080043	0.01	0.2	1.42889	245.338	0
0.0080043	0.01	0.2	1.53109	242.986	0
0.0080043	0.01	0.2	1.64059	241.451	0
0.0080043	0.01	0.2	1.75792	240.927	0
0.0080043	0.01	0.2	1.88365	241.594	0
0.0080043	0.01	0.2	2.01837	243.565	0
0.0080043	0.01	0.2	2.16272	246.829	0
0.0080043	0.01	0.2	2.31739	251.197	0
0.0080043	0.01	0.2	2.48313	256.249	0
0.0080043	0.01	0.2	2.66073	261.285	0
0.0080043	0.01	0.2	2.85102	265.281	0
0.0080043	0.01	0.2	3.05492	266.972	0
0.0080043	0.01	0.2	3.27341	265.276	0
0.0080043	0.01	0.2	3.50752	260.065	0
0.0080043	0.01	0.2	3.75837	252.753	0
0.0080043	0.01	0.2	4.02717	245.747	0
0.0080043	0.01	0.2	4.31519	240.709	0
0.0080043	0.01	0.2	4.62381	237.105	0
0.0080043	0.01	0.2	4.9545	232.615	0
0.0080043	0.01	0.2	5.30884	225.424	0
0.0080043	0.01	0.2	5.68853	216.886	0
0.0080043	0.01	0.2	6.09537	211.545	0
0.0080043	0.01	0.2	6.53131	214.031	0
0.0080043	0.01	0.2	6.99842	226.204	0
0.0080043	0.01	0.2	7.49894	245.598	0
0.0080043	0.01	0.2	8.03526	264.512	0
0.0080043	0.01	0.2	8.60994	268.662	0
0.0080043	0.01	0.2	9.22571	257.407	0
0.0080043	0.01	0.2	9.88553	252.722	0
0.0080043	0.01	0.2	10.5925	265.359	0
0.0080043	0.01	0.2	11.3501	287.614	0
0.0080043	0.01	0.2	12.1619	308.046	0
0.0080043	0.01	0.2	13.0317	325.68	0
0.0080043	0.01	0.2	13.9637	332.577	0
0.0080043	0.01	0.2	14.9624	312.712	0
0.0080043	0.01	0.2	16.0325	278.387	0
0.0080043	0.01	0.2	17.1791	287.293	0
0.0080043	0.01	0.2	18.4077	337.971	0
0.0080043	0.01	0.2	19.7242	357.474	0
0.0080043	0.01	0.2	21.1349	344.339	0
0.0080043	0.01	0.2	22.6464	401.141	0
0.0080043	0.01	0.2	24.2661	467.275	0
0.0080043	0.01	0.2	26.0016	388.601	0
0.0080043	0.01	0.2	27.8612	374.69	0
0.0080043	0.01	0.2	29.8538	460.594	0
0.0080043	0.01	0.2	31.989	338.712	0
0.0080043	0.01	0.2	34.2768	415.419	0
0.0080043	0.01	0.2	36.7282	488.988	0
0.0080043	0.01	0.2	39.355	345.8	0
0.0080043	0.01	0.2	42.1697	432.174	0
0.0080043	0.01	0.2	45.1856	406.166	0
0.0080043	0.01	0.2	48.4172	376.287	0
0.0080043	0.01	0.2	51.88	417.648	0
0.0080043	0.01	0.2	55.5904	309.518	0
0.0080043	0.01	0.2	59.5662	399.232	0
0.0080043	0.01	0.2	63.8263	343.868	0
0.0080043	0.01	0.2	68.3912	347.603	0
0.0080043	0.01	0.2	73.2825	314.55	0
0.0080043	0.01	0.2	78.5236	322.094	0
0.0080043	0.01	0.2	84.1395	296.311	0
0.0080043	0.01	0.2	90.1571	299.899	0
0.0080043	0.01	0.2	96.6051	294.967	0
0.0087453	0.01	0.2	0.103514	328.027	0
0.0087453	0.01	0.2	0.110917	327.817	0
0.0087453	0.01	0.2	0.11885	327.575	0
0.0087453	0.01	0.2	0.12735	327.299	0
0.0087453	0.01	0.2	0.136458	326.983	0
0.0087453	0.01	0.2	0.146218	326.622	0
0.0087453	0.01	0.2	0.156675	326.21	0
0.0087453	0.01	0.2	0.16788	325.739	0
0.0087453	0.01	0.2	0.179887	325.201	0
0.0087453	0.01	0.2	0.192752	324.589	0
0.0087453	0.01	0.2	0.206538	323.891	0
0.0087453	0.01	0.2	0.221309	323.098	0
0.0087453	0.01	0.2	0.237137	322.198	0
0.0087453	0.01	0.2	0.254097	321.177	0
0.0087453	0.01	0.2	0.27227	320.022	0
0.0087453	0.01	0.2	0.291743	318.717	0
0.0087453	0.01	0.2	0.312608	317.248	0
0.0087453	0.01	0.2	0.334965	315.597	0
0.0087453	0.01	0.2	0.358922	313.747	0
0.0087453	0.01	0.2	0.384592	311.683	0
0.0087453	0.01	0.2	0.412098	309.388	0
0.0087453	0.01	0.2	0.44157	306.848	0
0.0087453	0.01	0.2	0.473151	304.05	0
0.0087453	0.01	0.2	0.506991	300.987	0
0.0087453	0.01	0.2	0.54325	297.654	0
0.0087453	0.01	0.2	0.582103	294.052	0
0.0087453	0.01	0.2	0.623735	290.191	0
0.0087453	0.01	0.2	0.668344	286.087	0
0.0087453	0.01	0.2	0.716143	281.766	0
0.0087453	0.01	0.2	0.767361	277.262	0
0.0087453	0.01	0.2	0.822243	272.621	0
0.0087453	0.01	0.2	0.881049	267.896	0
0.0087453	0.01	0.2	0.944061	263.145	0
0.0087453	0.01	0.2	1.01158	258.436	0
0.0087453	0.01	0.2	1.08393	253.841	0
0.0087453	0.01	0.2	1.16145	249.439	0
0.0087453	0.01	0.2	1.24451	245.32	0
0.0087453	0.01	0.2	1.33352	241.587	0
0.0087453	0.01	0.2	1.42889	238.368	0
0.0087453	0.01	0.2	1.53109	235.823	0
0.0087453	0.01	0.2	1.64059	234.136	0
0.0087453	0.01	0.2	1.75792	233.509	0
0.0087453	0.01	0.2	1.88365	234.125	0
0.0087453	0.01	0.2	2.01837	236.097	0
0.0087453	0.01	0.2	2.16272	239.412	0
0.0087453	0.01	0.2	2.31739	243.874	0
0.0087453	0.01	0.2	2.48313	249.056	0
0.0087453	0.01	0.2	2.66073	254.246	0
0.0087453	0.01	0.2	2.85102	258.406	0
0.0087453	0.01	0.2	3.05492	260.243	0
0.0087453	0.01	0.2	3.27341	258.633	0
0.0087453	0.01	0.2	3.50752	253.402	0
0.0087453	0.01	0.2	3.75837	245.928	0
0.0087453	0.01	0.2	4.02717	238.596	0
0.0087453	0.01	0.2	4.31519	233.06	0
0.0087453	0.01	0.2	4.62381	228.831	0
0.0087453	0.01	0.2	4.9545	223.701	0
0.0087453	0.01	0.2	5.30884	215.985	0
0.0087453	0.01	0.2	5.68853	207.151	0
0.0087453	0.01	0.2	6.09537	201.801	0
0.0087453	0.01	0.2	6.53131	204.517	0
0.0087453	0.01	0.2	6.99842	217.073	0
0.0087453	0.01	0.2	7.49894	236.896	0
0.0087453	0.01	0.2	8.03526	256.203	0
0.0087453	0.01	0.2	8.60994	260.631	0
0.0087453	0.01	0.2	9.22571	249.515	0
0.0087453	0.01	0.2	9.88553	244.814	0
0.0087453	0.01	0.2	10.5925	257.338	0
0.0087453	0.01	0.2	11.3501	279.576	0
0.0087453	0.01	0.2	12.1619	300.231	0
0.0087453	0.01	0.2	13.0317	318.269	0
0.0087453	0.01	0.2	13.9637	325.526	0
0.0087453	0.01	0.2	14.9624	305.77	0
0.0087453	0.01	0.2	16.0325	271.192	0
0.0087453	0.01	0.2	17.1791	279.676	0
0.0087453	0.01	0.2	18.4077	330.175	0
0.0087453	0.01	0.2	19.7242	349.894	0
0.0087453	0.01	0.2	21.1349	336.994	0
0.0087453	0.01	0.2	22.6464	393.841	0
0.0087453	0.01	0.2	24.2661	459.717	0
0.0087453	0.01	0.2	26.0016	380.917	0
0.0087453	0.01	0.2	27.8612	367.212	0
0.0087453	0.01	0.2	29.8538	453.403	0
0.0087453	0.01	0.2	31.989	331.151	0
0.0087453	0.01	0.2	34.2768	407.17	0
0.0087453	0.01	0.2	36.7282	481.213	0
0.0087453	0.01	0.2	39.355	339.002	0
0.0087453	0.01	0.2	42.1697	425.474	0
0.0087453	0.01	0.2	45.1856	399.473	0
0.0087453	0.01	0.2	48.4172	368.832	0
0.0087453	0.01	0.2	51.88	409.817	0
0.0087453	0.01	0.2	55.5904	302.479	0
0.0087453	0.01	0.2	59.5662	392.187	0
0.0087453	0.01	0.2	63.8263	335.752	0
0.0087453	0.01	0.2	68.3912	340.167	0
0.0087453	0.01	0.2	73.2825	307.305	0
0.0087453	0.01	0.2	78.5236	314.899	0
0.0087453	0.01	0.2	84.1395	288.915	0
0.0087453	0.01	0.2	90.1571	292.556	0
0.0087453	0.01	0.2	96.6051	288.018	0
0.00955489	0.01	0.2	0.103514	327.896	0
0.00955489	0.01	0.2	0.110917	327.667	0
0.00955489	0.01	0.2	0.11885	327.403	0
0.00955489	0.01	0.2	0.12735	327.102	0
0.00955489	0.01	0.2	0.136458	326.758	0
0.00955489	0.01	0.2	0.146218	326.364	0
0.00955489	0.01	0.2	0.156675	325.914	0
0.00955489	0.01	0.2	0.16788	325.4	0
0.00955489	0.01	0.2	0.179887	324.814	0
0.00955489	0.01	0.2	0.192752	324.146	0
0.00955489	0.01	0.2	0.206538	323.386	0
0.00955489	0.01	0.2	0.221309	322.521	0
0.00955489	0.01	0.2	0.237137	321.54	0
0.00955489	0.01	0.2	0.254097	320.427	0
0.00955489	0.01	0.2	0.27227	319.169	0
0.00955489	0.01	0.2	0.291743	317.748	0
0.00955489	0.01	0.2	0.312608	316.147	0
0.00955489	0.01	0.2	0.334965	314.349	0
0.00955489	0.01	0.2	0.358922	312.336	0
0.00955489	0.01	0.2	0.384592	310.09	0
0.00955489	0.01	0.2	0.412098	307.594	0
0.00955489	0.01	0.2	0.44157	304.832	0
0.00955489	0.01	0.2	0.473151	301.792	0
0.00955489	0.01	0.2	0.506991	298.465	0
0.00955489	0.01	0.2	0.54325	294.847	0
0.00955489	0.01	0.2	0.582103	290.94	0
0.00955489	0.01	0.2	0.623735	286.754	0
0.00955489	0.01	0.2	0.668344	282.309	0
0.00955489	0.01	0.2	0.716143	277.633	0
0.00955489	0.01	0.2	0.767361	272.764	0
0.00955489	0.01	0.2	0.822243	267.752	0
0.00955489	0.01	0.2	0.881049	262.654	0
0.00955489	0.01	0.2	0.944061	257.534	0
0.00955489	0.01	0.2	1.01158	252.466	0
0.00955489	0.01	0.2	1.08393	247.526	0
0.00955489	0.01	0.2	1.16145	242.798	0
0.00955489	0.01	0.2	1.24451	238.376	0
0.00955489	0.01	0.2	1.33352	234.37	0
0.00955489	0.01	0.2	1.42889	230.914	0
0.00955489	0.01	0.2	1.53109	228.169	0
0.00955489	0.01	0.2	1.64059	226.328	0
0.00955489	0.01	0.2	1.75792	225.597	0
0.00955489	0.01	0.2	1.88365	226.163	0
0.00955489	0.01	0.2	2.01837	228.14	0
0.00955489	0.01	0.2	2.16272	231.511	0
0.00955489	0.01	0.2	2.31739	236.075	0
0.00955489	0.01	0.2	2.48313	241.394	0
0.00955489	0.01	0.2	2.66073	246.749	0
0.00955489	0.01	0.2	2.85102	251.084	0
0.00955489	0.01	0.2	3.05492	253.077	0
0.00955489	0.01	0.2	3.27341	251.559	0
0.00955489	0.01	0.2	3.50752	246.307	0
0.00955489	0.01	0.2	3.75837	238.662	0
0.00955489	0.01	0.2	4.02717	230.983	0
0.00955489	0.01	0.2	4.31519	224.915	0
0.00955489	0.01	0.2	4.62381	220.018	0
0.00955489	0.01	0.2	4.9545	214.204	0
0.00955489	0.01	0.2	5.30884	205.927	0
0.00955489	0.01	0.2	5.68853	196.777	0
0.00955489	0.01	0.2	6.09537	191.421	0
0.00955489	0.01	0.2	6.53131	194.386	0
0.00955489	0.01	0.2	6.99842	207.354	0
0.00955489	0.01	0.2	7.49894	227.639	0
0.00955489	0.01	0.2	8.03526	247.368	0
0.00955489	0.01	0.2	8.60994	252.094	0
0.00955489	0.01	0.2	9.22571	241.121	0
0.00955489	0.01	0.2	9.88553	236.391	0
0.00955489	0.01	0.2	10.5925	248.779	0
0.00955489	0.01	0.2	11.3501	270.99	0
0.00955489	0.01	0.2	12.1619	291.882	0
0.00955489	0.01	0.2	13.0317	310.357	0
0.00955489	0.01	0.2	13.9637	318.006	0
0.00955489	0.01	0.2	14.9624	298.375	0
0.00955489	0.01	0.2	16.0325	263.53	0
0.00955489	0.01	0.2	17.1791	271.566	0
0.00955489	0.01	0.2	18.4077	321.882	0
0.00955489	0.01	0.2	19.7242	341.843	0
0.00955489	0.01	0.2	21.1349	329.195	0
0.00955489	0.01	0.2	22.6464	386.074	0
0.00955489	0.01	0.2	24.2661	451.651	0
0.00955489	0.01	0.2	26.0016	372.707	0
0.00955489	0.01	0.2	27.8612	359.233	0
0.00955489	0.01	0.2	29.8538	445.743	0
0.00955489	0.01	0.2	31.989	323.092	0
0.00955489	0.01	0.2	34.2768	398.361	0
0.00955489	0.01	0.2	36.7282	472.925	0
0.00955489	0.01	0.2	39.355	331.813	0
0.00955489	0.01	0.2	42.1697	418.423	0
0.00955489	0.01	0.2	45.1856	392.43	0
0.00955489	0.01	0.2	48.4172	360.937	0
0.00955489	0.01	0.2	51.88	401.5	0
0.00955489	0.01	0.2	55.5904	295.004	0
0.00955489	0.01	0.2	59.5662	384.692	0
0.00955489	0.01	0.2	63.8263	327.092	0
0.00955489	0.01	0.2	68.3912	332.263	0
0.00955489	0.01	0.2	73.2825	299.62	0
0.00955489	0.01	0.2	78.5236	307.273	0
0.00955489	0.01	0.2	84.1395	281.045	0
0.00955489	0.01	0.2	90.1571	284.735	0
0.00955489	0.01	0.2	96.6051	280.641	0
0.0104394	0.01	0.2	0.103514	327.754	0
0.0104394	0.01	0.2	0.110917	327.503	0
0.0104394	0.01	0.2	0.11885	327.216	0
0.0104394	0.01	0.2	0.12735	326.887	0
0.0104394	0.01	0.2	0.136458	326.511	0
0.0104394	0.01	0.2	0.146218	326.082	0
0.0104394	0.01	0.2	0.156675	325.591	0
0.0104394	0.01	0.2	0.16788	325.031	0
0.0104394	0.01	0.2	0.179887	324.391	0
0.0104394	0.01	0.2	0.192752	323.663	0
0.0104394	0.01	0.2	0.206538	322.834	0
0.0104394	0.01	0.2	0.221309	321.892	0
0.0104394	0.01	0.2	0.237137	320.822	0
0.0104394	0.01	0.2	0.254097	319.61	0
0.0104394	0.01	0.2	0.27227	318.238	0
0.0104394	0.01	0.2	0.291743	316.69	0
0.0104394	0.01	0.2	0.312608	314.947	0
0.0104394	0.01	0.2	0.334965	312.99	0
0.0104394	0.01	0.2	0.358922	310.799	0
0.0104394	0.01	0.2	0.384592	308.356	0
0.0104394	0.01	0.2	0.412098	305.641	0
0.0104394	0.01	0.2	0.44157	302.639	0
0.0104394	0.01	0.2	0.473151	299.337	0
0.0104394	0.01	0.2	0.506991	295.725	0
0.0104394	0.01	0.2	0.54325	291.799	0
0.0104394	0.01	0.2	0.582103	287.564	0
0.0104394	0.01	0.2	0.623735	283.03	0
0.0104394	0.01	0.2	0.668344	278.219	0
0.0104394	0.01	0.2	0.716143	273.163	0
0.0104394	0.01	0.2	0.767361	267.905	0
0.0104394	0.01	0.2	0.822243	262.498	0
0.0104394	0.01	0.2	0.881049	257.005	0
0.0104394	0.01	0.2	0.944061	251.497	0
0.0104394	0.01	0.2	1.01158	246.05	0
0.0104394	0.01	0.2	1.08393	240.749	0
0.0104394	0.01	0.2	1.16145	235.681	0
0.0104394	0.01	0.2	1.24451	230.947	0
0.0104394	0.01	0.2	1.33352	226.66	0
0.0104394	0.01	0.2	1.42889	222.959	0
0.0104394	0.01	0.2	1.53109	220.011	0
0.0104394	0.01	0.2	1.64059	218.015	0
0.0104394	0.01	0.2	1.75792	217.182	0
0.0104394	0.01	0.2	1.88365	217.701	0
0.0104394	0.01	0.2	2.01837	219.687	0
0.0104394	0.01	0.2	2.16272	223.121	0
0.0104394	0.01	0.2	2.31739	227.793	0
0.0104394	0.01	0.2	2.48313	233.26	0
0.0104394	0.01	0.2	2.66073	238.789	0
0.0104394	0.01	0.2	2.85102	243.309	0
0.0104394	0.01	0.2	3.05492	245.469	0
0.0104394	0.01	0.2	3.27341	244.049	0
0.0104394	0.01	0.2	3.50752	238.776	0
0.0104394	0.01	0.2	3.75837	230.951	0
0.0104394	0.01	0.2	4.02717	222.904	0
0.0104394	0.01	0.2	4.31519	216.27	0
0.0104394	0.01	0.2	4.62381	210.661	0
0.0104394	0.01	0.2	4.9545	204.117	0
0.0104394	0.01	0.2	5.30884	195.241	0
0.0104394	0.01	0.2	5.68853	185.758	0
0.0104394	0.01	0.2	6.09537	180.397	0
0.0104394	0.01	0.2	6.53131	183.63	0
0.0104394	0.01	0.2	6.99842	197.042	0
0.0104394	0.01	0.2	7.49894	217.823	0
0.0104394	0.01	0.2	8.03526	238.007	0
0.0104394	0.01	0.2	8.60994	243.05	0
0.0104394	0.01	0.2	9.22571	232.223	0
0.0104394	0.01	0.2	9.88553	227.447	0
0.0104394	0.01	0.2	10.5925	239.673	0
0.0104394	0.01	0.2	11.3501	261.844	0
0.0104394	0.01	0.2	12.1619	282.988	0
0.0104394	0.01	0.2	13.0317	301.935	0
0.0104394	0.01	0.2	13.9637	310.011	0
0.0104394	0.01	0.2	14.9624	290.522	0
0.0104394	0.01	0.2	16.0325	255.396	0
0.0104394	0.01	0.2	17.1791	262.959	0
0.0104394	0.01	0.2	18.4077	313.091	0
0.0104394	0.01	0.2	19.7242	333.322	0
0.0104394	0.01	0.2	21.1349	320.944	0
0.0104394	0.01	0.2	22.6464	377.835	0
0.0104394	0.01	0.2	24.2661	443.068	0
0.0104394	0.01	0.2	26.0016	363.958	0
0.0104394	0.01	0.2	27.8612	350.744	0
0.0104394	0.01	0.2	29.8538	437.608	0
0.0104394	0.01	0.2	31.989	314.527	0
0.0104394	0.01	0.2	34.2768	388.981	0
0.0104394	0.01	0.2	36.7282	464.117	0
0.0104394	0.01	0.2	39.355	324.243	0
0.0104394	0.01	0.2	42.1697	411.04	0
0.0104394	0.01	0.2	45.1856	385.055	0
0.0104394	0.01	0.2	48.4172	352.607	0
0.0104394	0.01	0.2	51.88	392.699	0
0.0104394	0.01	0.2	55.5904	287.095	0
0.0104394	0.01	0.2	59.5662	376.743	0
0.0104394	0.01	0.2	63.8263	317.876	0
0.0104394	0.01	0.2	68.3912	323.891	0
0.0104394	0.01	0.2	73.2825	291.497	0
0.0104394	0.01	0.2	78.5236	299.221	0
0.0104394	0.01	0.2	84.1395	272.697	0
0.0104394	0.01	0.2	90.1571	276.43	0
0.0104394	0.01	0.2	96.6051	272.837	0
0.0114058	0.01	0.2	0.103514	327.598	0
0.0114058	0.01	0.2	0.110917	327.324	0
0.0114058	0.01	0.2	0.11885	327.011	0
0.0114058	0.01	0.2	0.12735	326.652	0
0.0114058	0.01	0.2	0.136458	326.242	0
0.0114058	0.01	0.2	0.146218	325.774	0
0.0114058	0.01	0.2	0.156675	325.238	0
0.0114058	0.01	0.2	0.16788	324.627	0
0.0114058	0.01	0.2	0.179887	323.93	0
0.0114058	0.01	0.2	0.192752	323.136	0
0.0114058	0.01	0.2	0.206538	322.232	0
0.0114058	0.01	0.2	0.221309	321.205	0
0.0114058	0.01	0.2	0.237137	320.039	0
0.0114058	0.01	0.2	0.254097	318.718	0
0.0114058	0.01	0.2	0.27227	317.224	0
0.0114058	0.01	0.2	0.291743	315.538	0
0.0114058	0.01	0.2	0.312608	313.64	0
0.0114058	0.01	0.2	0.334965	311.51	0
0.0114058	0.01	0.2	0.358922	309.126	0
0.0114058	0.01	0.2	0.384592	306.468	0
0.0114058	0.01	0.2	0.412098	303.517	0
0.0114058	0.01	0.2	0.44157	300.255	0
0.0114058	0.01	0.2	0.473151	296.669	0
0.0114058	0.01	0.2	0.506991	292.75	0
0.0114058	0.01	0.2	0.54325	288.493	0
0.0114058	0.01	0.2	0.582103	283.904	0
0.0114058	0.01	0.2	0.623735	278.997	0
0.0114058	0.01	0.2	0.668344	273.795	0
0.0114058	0.01	0.2	0.716143	268.335	0
0.0114058	0.01	0.2	0.767361	262.662	0
0.0114058	0.01	0.2	0.822243	256.837	0
0.0114058	0.01	0.2	0.881049	250.928	0
0.0114058	0.01	0.2	0.944061	245.01	0
0.0114058	0.01	0.2	1.01158	239.169	0
0.0114058	0.01	0.2	1.08393	233.491	0
0.0114058	0.01	0.2	1.16145	228.072	0
0.0114058	0.01	0.2	1.24451	223.017	0
0.0114058	0.01	0.2	1.33352	218.443	0
0.0114058	0.01	0.2	1.42889	214.494	0
0.0114058	0.01	0.2	1.53109	211.344	0
0.0114058	0.01	0.2	1.64059	209.194	0
0.0114058	0.01	0.2	1.75792	208.261	0
0.0114058	0.01	0.2	1.88365	208.738	0
0.0114058	0.01	0.2	2.01837	210.739	0
0.0114058	0.01	0.2	2.16272	214.242	0
0.0114058	0.01	0.2	2.31739	219.031	0
0.0114058	0.01	0.2	2.48313	224.654	0
0.0114058	0.01	0.2	2.66073	230.368	0
0.0114058	0.01	0.2	2.85102	235.084	0
0.0114058	0.01	0.2	3.05492	237.42	0
0.0114058	0.01	0.2	3.27341	236.105	0
0.0114058	0.01	0.2	3.50752	230.813	0
0.0114058	0.01	0.2	3.75837	222.799	0
0.0114058	0.01	0.2	4.02717	214.362	0
0.0114058	0.01	0.2	4.31519	207.128	0
0.0114058	0.01	0.2	4.62381	200.762	0
0.0114058	0.01	0.2	4.9545	193.44	0
0.0114058	0.01	0.2	5.30884	183.928	0
0.0114058	0.01	0.2	5.68853	174.092	0
0.0114058	0.01	0.2	6.09537	168.73	0
0.0114058	0.01	0.2	6.53131	172.254	0
0.0114058	0.01	0.2	6.99842	186.142	0
0.0114058	0.01	0.2	7.49894	207.455	0
0.0114058	0.01	0.2	8.03526	228.125	0
0.0114058	0.01	0.2	8.60994	233.506	0
0.0114058	0.01	0.2	9.22571	222.825	0
0.0114058	0.01	0.2	9.88553	217.983	0
0.0114058	0.01	0.2	10.5925	230.017	0
0.0114058	0.01	0.2	11.3501	252.13	0
0.0114058	0.01	0.2	12.1619	273.541	0
0.0114058	0.01	0.2	13.0317	292.998	0
0.0114058	0.01	0.2	13.9637	301.539	0
0.0114058	0.01	0.2	14.9624	282.21	0
0.0114058	0.01	0.2	16.0325	246.794	0
0.0114058	0.01	0.2	17.1791	253.857	0
0.0114058	0.01	0.2	18.4077	303.806	0
0.0114058	0.01	0.2	19.7242	324.339	0
0.0114058	0.01	0.2	21.1349	312.25	0
0.0114058	0.01	0.2	22.6464	369.13	0
0.0114058	0.01	0.2	24.2661	433.963	0
0.0114058	0.01	0.2	26.0016	354.663	0
0.0114058	0.01	0.2	27.8612	341.742	0
0.0114058	0.01	0.2	29.8538	428.999	0
0.0114058	0.01	0.2	31.989	305.458	0
0.0114058	0.01	0.2	34.2768	379.023	0
0.0114058	0.01	0.2	36.7282	454.789	0
0.0114058	0.01	0.2	39.355	316.313	0
0.0114058	0.01	0.2	42.1697	403.354	0
0.0114058	0.01	0.2	45.1856	377.379	0
0.0114058	0.01	0.2	48.4172	343.861	0
0.0114058	0.01	0.2	51.88	383.425	0
0.0114058	0.01	0.2	55.5904	278.761	0
0.0114058	0.01	0.2	59.5662	368.343	0
0.0114058	0.01	0.2	63.8263	308.101	0
0.0114058	0.01	0.2	68.3912	315.058	0
0.0114058	0.01	0.2	73.2825	282.95	0
0.0114058	0.01	0.2	78.5236	290.758	0
0.0114058	0.01	0.2	84.1395	263.875	0
0.0114058	0.01	0.2	90.1571	267.642	0
0.0114058	0.01	0.2	96.6051	264.616	0
0.0124617	0.01	0.2	0.103514	327.427	0
0.0124617	0.01	0.2	0.110917	327.129	0
0.0124617	0.01	0.2	0.11885	326.787	0
0.0124617	0.01	0.2	0.12735	326.396	0
0.0124617	0.01	0.2	0.136458	325.948	0
0.0124617	0.01	0.2	0.146218	325.437	0
0.0124617	0.01	0.2	0.156675	324.853	0
0.0124617	0.01	0.2	0.16788	324.187	0
0.0124617	0.01	0.2	0.179887	323.427	0
0.0124617	0.01	0.2	0.192752	322.561	0
0.0124617	0.01	0.2	0.206538	321.576	0
0.0124617	0.01	0.2	0.221309	320.456	0
0.0124617	0.01	0.2	0.237137	319.185	0
0.0124617	0.01	0.2	0.254097	317.746	0
0.0124617	0.01	0.2	0.27227	316.118	0
0.0124617	0.01	0.2	0.291743	314.282	0
0.0124617	0.01	0.2	0.312608	312.216	0
0.0124617	0.01	0.2	0.334965	309.897	0
0.0124617	0.01	0.2	0.358922	307.304	0
0.0124617	0.01	0.2	0.384592	304.414	0
0.0124617	0.01	0.2	0.412098	301.207	0
0.0124617	0.01	0.2	0.44157	297.665	0
0.0124617	0.01	0.2	0.473151	293.773	0
0.0124617	0.01	0.2	0.506991	289.522	0
0.0124617	0.01	0.2	0.54325	284.909	0
0.0124617	0.01	0.2	0.582103	279.941	0
0.0124617	0.01	0.2	0.623735	274.634	0
0.0124617	0.01	0.2	0.668344	269.015	0
0.0124617	0.01	0.2	0.716143	263.124	0
0.0124617	0.01	0.2	0.767361	257.013	0
0.0124617	0.01	0.2	0.822243	250.747	0
0.0124617	0.01	0.2	0.881049	244.399	0
0.0124617	0.01	0.2	0.944061	238.055	0
0.0124617	0.01	0.2	1.01158	231.802	0
0.0124617	0.01	0.2	1.08393	225.737	0
0.0124617	0.01	0.2	1.16145	219.958	0
0.0124617	0.01	0.2	1.24451	214.575	0
0.0124617	0.01	0.2	1.33352	209.712	0
0.0124617	0.01	0.2	1.42889	205.517	0
0.0124617	0.01	0.2	1.53109	202.166	0
0.0124617	0.01	0.2	1.64059	199.867	0
0.0124617	0.01	0.2	1.75792	198.84	0
0.0124617	0.01	0.2	1.88365	199.281	0
0.0124617	0.01	0.2	2.01837	201.305	0
0.0124617	0.01	0.2	2.16272	204.885	0
0.0124617	0.01	0.2	2.31739	209.799	0
0.0124617	0.01	0.2	2.48313	215.586	0
0.0124617	0.01	0.2	2.66073	221.495	0
0.0124617	0.01	0.2	2.85102	226.418	0
0.0124617	0.01	0.2	3.05492	228.94	0
0.0124617	0.01	0.2	3.27341	227.738	0
0.0124617	0.01	0.2	3.50752	222.428	0
0.0124617	0.01	0.2	3.75837	214.217	0
0.0124617	0.01	0.2	4.02717	205.369	0
0.0124617	0.01	0.2	4.31519	197.5	0
0.0124617	0.01	0.2	4.62381	190.331	0
0.0124617	0.01	0.2	4.9545	182.185	0
0.0124617	0.01	0.2	5.30884	172	0
0.0124617	0.01	0.2	5.68853	161.793	0
0.0124617	0.01	0.2	6.09537	156.434	0
0.0124617	0.01	0.2	6.53131	160.272	0
0.0124617	0.01	0.2	6.99842	174.668	0
0.0124617	0.01	0.2	7.49894	196.552	0
0.0124617	0.01	0.2	8.03526	217.742	0
0.0124617	0.01	0.2	8.60994	223.481	0
0.0124617	0.01	0.2	9.22571	212.946	0
0.0124617	0.01	0.2	9.88553	208.011	0
0.0124617	0.01	0.2	10.5925	219.817	0
0.0124617	0.01	0.2	11.3501	241.852	0
0.0124617	0.01	0.2	12.1619	263.543	0
0.0124617	0.01	0.2	13.0317	283.549	0
0.0124617	0.01	0.2	13.9637	292.597	0
0.0124617	0.01	0.2	14.9624	273.451	0
0.0124617	0.01	0.2	16.0325	237.733	0
0.0124617	0.01	0.2	17.1791	244.273	0
0.0124617	0.01	0.2	18.4077	294.045	0
0.0124617	0.01	0.2	19.7242	314.915	0
0.0124617	0.01	0.2	21.1349	303.135	0
0.0124617	0.01	0.2	22.6464	359.972	0
0.0124617	0.01	0.2	24.2661	424.341	0
0.0124617	0.01	0.2	26.0016	344.821	0
0.0124617	0.01	0.2	27.8612	332.232	0
0.0124617	0.01	0.2	29.8538	419.928	0
0.0124617	0.01	0.2	31.989	295.891	0
0.0124617	0.01	0.2	34.2768	368.49	0
0.0124617	0.01	0.2	36.7282	444.949	0
0.0124617	0.01	0.2	39.355	308.053	0
0.0124617	0.01	0.2	42.1697	395.411	0
0.0124617	0.01	0.2	45.1856	369.449	0
0.0124617	0.01	0.2	48.4172	334.726	0
0.0124617	0.01	0.2	51.88	373.699	0
0.0124617	0.01	0.2	55.5904	270.022	0
0.0124617	0.01	0.2	59.5662	359.506	0
0.0124617	0.01	0.2	63.8263	297.77	0
0.0124617	0.01	0.2	68.3912	305.782	0
0.0124617	0.01	0.2	73.2825	274.002	0
0.0124617	0.01	0.2	78.5236	281.91	0
0.0124617	0.01	0.2	84.1395	254.592	0
0.0124617	0.01	0.2	90.1571	258.383	0
0.0124617	0.01	0.2	96.6051	255.997	0
0.0136154	0.01	0.2	0.103514	327.241	0
0.0136154	0.01	0.2	0.110917	326.915	0
0.0136154	0.01	0.2	0.11885	326.542	0
0.0136154	0.01	0.2	0.12735	326.116	0
0.0136154	0.01	0.2	0.136458	325.628	0
0.0136154	0.01	0.2	0.146218	325.07	0
0.0136154	0.01	0.2	0.156675	324.433	0
0.0136154	0.01	0.2	0.16788	323.706	0
0.0136154	0.01	0.2	0.179887	322.878	0
0.0136154	0.01	0.2	0.192752	321.933	0
0.0136154	0.01	0.2	0.206538	320.859	0
0.0136154	0.01	0.2	0.221309	319.639	0
0.0136154	0.01	0.2	0.237137	318.254	0
0.0136154	0.01	0.2	0.254097	316.686	0
0.0136154	0.01	0.2	0.27227	314.913	0
0.0136154	0.01	0.2	0.291743	312.914	0
0.0136154	0.01	0.2	0.312608	310.665	0
0.0136154	0.01	0.2	0.334965	308.142	0
0.0136154	0.01	0.2	0.358922	305.322	0
0.0136154	0.01	0.2	0.384592	302.181	0
0.0136154	0.01	0.2	0.412098	298.697	0
0.0136154	0.01	0.2	0.44157	294.851	0
0.0136154	0.01	0.2	0.473151	290.629	0
0.0136154	0.01	0.2	0.506991	286.022	0
0.0136154	0.01	0.2	0.54325	281.027	0
0.0136154	0.01	0.2	0.582103	275.653	0
0.0136154	0.01	0.2	0.623735	269.919	0
0.0136154	0.01	0.2	0.668344	263.856	0
0.0136154	0.01	0.2	0.716143	257.509	0
0.0136154	0.01	0.2	0.767361	250.934	0
0.0136154	0.01	0.2	0.822243	244.204	0
0.0136154	0.01	0.2	0.881049	237.4	0
0.0136154	0.01	0.2	0.944061	230.612	0
0.0136154	0.01	0.2	1.01158	223.936	0
0.0136154	0.01	0.2	1.08393	217.473	0
0.0136154	0.01	0.2	1.16145	211.329	0
0.0136154	0.01	0.2	1.24451	205.618	0
0.0136154	0.01	0.2	1.33352	200.468	0
0.0136154	0.01	0.2	1.42889	196.03	0
0.0136154	0.01	0.2	1.53109	192.486	0
0.0136154	0.01	0.2	1.64059	190.047	0
0.0136154	0.01	0.2	1.75792	188.936	0
0.0136154	0.01	0.2	1.88365	189.35	0
0.0136154	0.01	0.2	2.01837	191.406	0
0.0136154	0.01	0.2	2.16272	195.071	0
0.0136154	0.01	0.2	2.31739	200.119	0
0.0136154	0.01	0.2	2.48313	206.08	0
0.0136154	0.01	0.2	2.66073	212.192	0
0.0136154	0.01	0.2	2.85102	217.332	0
0.0136154	0.01	0.2	3.05492	220.049	0
0.0136154	0.01	0.2	3.27341	218.968	0
0.0136154	0.01	0.2	3.50752	213.642	0
0.0136154	0.01	0.2	3.75837	205.227	0
0.0136154	0.01	0.2	4.02717	195.95	0
0.0136154	0.01	0.2	4.31519	187.411	0
0.0136154	0.01	0.2	4.62381	179.396	0
0.0136154	0.01	0.2	4.9545	170.378	0
0.0136154	0.01	0.2	5.30884	159.482	0
0.0136154	0.01	0.2	5.68853	148.888	0
0.0136154	0.01	0.2	6.09537	143.538	0
0.0136154	0.01	0.2	6.53131	147.712	0
0.0136154	0.01	0.2	6.99842	162.653	0
0.0136154	0.01	0.2	7.49894	185.146	0
0.0136154	0.01	0.2	8.03526	206.892	0
0.0136154	0.01	0.2	8.60994	213.009	0
0.0136154	0.01	0.2	9.22571	202.614	0
0.0136154	0.01	0.2	9.88553	197.556	0
0.0136154	0.01	0.2	10.5925	209.089	0
0.0136154	0.01	0.2	11.3501	231.02	0
0.0136154	0.01	0.2	12.1619	253.004	0
0.0136154	0.01	0.2	13.0317	273.602	0
0.0136154	0.01	0.2	13.9637	283.201	0
0.0136154	0.01	0.2	14.9624	264.264	0
0.0136154	0.01	0.2	16.0325	228.237	0
0.0136154	0.01	0.2	17.1791	234.232	0
0.0136154	0.01	0.2	18.4077	283.836	0
0.0136154	0.01	0.2	19.7242	305.085	0
0.0136154	0.01	0.2	21.1349	293.634	0
0.0136154	0.01	0.2	22.6464	350.388	0
0.0136154	0.01	0.2	24.2661	414.218	0
0.0136154	0.01	0.2	26.0016	334.442	0
0.0136154	0.01	0.2	27.8612	322.229	0
0.0136154	0.01	0.2	29.8538	410.415	0
0.0136154	0.01	0.2	31.989	285.847	0
0.0136154	0.01	0.2	34.2768	357.396	0
0.0136154	0.01	0.2	36.7282	434.616	0
0.0136154	0.01	0.2	39.355	299.51	0
0.0136154	0.01	0.2	42.1697	387.274	0
0.0136154	0.01	0.2	45.1856	361.326	0
0.0136154	0.01	0.2	48.4172	325.248	0
0.0136154	0.01	0.2	51.88	363.556	0
0.0136154	0.01	0.2	55.5904	260.911	0
0.0136154	0.01	0.2	59.5662	350.257	0
0.0136154	0.01	0.2	63.8263	286.901	0
0.0136154	0.01	0.2	68.3912	296.093	0
0.0136154	0.01	0.2	73.2825	264.689	0
0.0136154	0.01	0.2	78.5236	272.717	0
0.0136154	0.01	0.2	84.1395	244.874	0
0.0136154	0.01	0.2	90.1571	248.674	0
0.0136154	0.01	0.2	96.6051	247.014	0
0.0148758	0.01	0.2	0.103514	327.038	0
0.0148758	0.01	0.2	0.110917	326.682	0
0.0148758	0.01	0.2	0.11885	326.275	0
0.0148758	0.01	0.2	0.12735	325.81	0
0.0148758	0.01	0.2	0.136458	325.278	0
0.0148758	0.01	0.2	0.146218	324.669	0
0.0148758	0.01	0.2	0.156675	323.975	0
0.0148758	0.01	0.2	0.16788	323.182	0
0.0148758	0.01	0.2	0.179887	322.278	0
0.0148758	0.01	0.2	0.192752	321.249	0
0.0148758	0.01	0.2	0.206538	320.078	0
0.0148758	0.01	0.2	0.221309	318.748	0
0.0148758	0.01	0.2	0.237137	317.239	0
0.0148758	0.01	0.2	0.254097	315.531	0
0.0148758	0.01	0.2	0.27227	313.6	0
0.0148758	0.01	0.2	0.291743	311.424	0
0.0148758	0.01	0.2	0.312608	308.976	0
0.0148758	0.01	0.2	0.334965	306.232	0
0.0148758	0.01	0.2	0.358922	303.166	0
0.0148758	0.01	0.2	0.384592	299.753	0
0.0148758	0.01	0.2	0.412098	295.97	0
0.0148758	0.01	0.2	0.44157	291.798	0
0.0148758	0.01	0.2	0.473151	287.22	0
0.0148758	0.01	0.2	0.506991	282.23	0
0.0148758	0.01	0.2	0.54325	276.826	0
0.0148758	0.01	0.2	0.582103	271.019	0
0.0148758	0.01	0.2	0.623735	264.83	0
0.0148758	0.01	0.2	0.668344	258.296	0
0.0148758	0.01	0.2	0.716143	251.466	0
0.0148758	0.01	0.2	0.767361	244.405	0
0.0148758	0.01	0.2	0.822243	237.191	0
0.0148758	0.01	0.2	0.881049	229.912	0
0.0148758	0.01	0.2	0.944061	222.667	0
0.0148758	0.01	0.2	1.01158	215.558	0
0.0148758	0.01	0.2	1.08393	208.694	0
0.0148758	0.01	0.2	1.16145	202.185	0
0.0148758	0.01	0.2	1.24451	196.149	0
0.0148758	0.01	0.2	1.33352	190.719	0
0.0148758	0.01	0.2	1.42889	186.05	0
0.0148758	0.01	0.2	1.53109	182.326	0
0.0148758	0.01	0.2	1.64059	179.76	0
0.0148758	0.01	0.2	1.75792	178.578	0
0.0148758	0.01	0.2	1.88365	178.978	0
0.0148758	0.01	0.2	2.01837	181.076	0
0.0148758	0.01	0.2	2.16272	184.837	0
0.0148758	0.01	0.2	2.31739	190.027	0
0.0148758	0.01	0.2	2.48313	196.17	0
0.0148758	0.01	0.2	2.66073	202.494	0
0.0148758	0.01	0.2	2.85102	207.86	0
0.0148758	0.01	0.2	3.05492	210.782	0
0.0148758	0.01	0.2	3.27341	209.83	0
0.0148758	0.01	0.2	3.50752	204.49	0
0.0148758	0.01	0.2	3.75837	195.867	0
0.0148758	0.01	0.2	4.02717	186.142	0
0.0148758	0.01	0.2	4.31519	176.902	0
0.0148758	0.01	0.2	4.62381	167.997	0
0.0148758	0.01	0.2	4.9545	158.061	0
0.0148758	0.01	0.2	5.30884	146.418	0
0.0148758	0.01	0.2	5.68853	135.422	0
0.0148758	0.01	0.2	6.09537	130.088	0
0.0148758	0.01	0.2	6.53131	134.626	0
0.0148758	0.01	0.2	6.99842	150.145	0
0.0148758	0.01	0.2	7.49894	173.288	0
0.0148758	0.01	0.2	8.03526	195.625	0
0.0148758	0.01	0.2	8.60994	202.141	0
0.0148758	0.01	0.2	9.22571	191.877	0
0.0148758	0.01	0.2	9.88553	186.656	0
0.0148758	0.01	0.2	10.5925	197.864	0
0.0148758	0.01	0.2	11.3501	219.659	0
0.0148758	0.01	0.2	12.1619	241.948	0
0.0148758	0.01	0.2	13.0317	263.183	0
0.0148758	0.01	0.2	13.9637	273.382	0
0.0148758	0.01	0.2	14.9624	254.684	0
0.0148758	0.01	0.2	16.0325	218.344	0
0.0148758	0.01	0.2	17.1791	223.775	0
0.0148758	0.01	0.2	18.4077	273.226	0
0.0148758	0.01	0.2	19.7242	294.901	0
0.0148758	0.01	0.2	21.1349	283.799	0
0.0148758	0.01	0.2	22.6464	340.418	0
0.0148758	0.01	0.2	24.2661	403.62	0
0.0148758	0.01	0.2	26.0016	323.549	0
0.0148758	0.01	0.2	27.8612	311.762	0
0.0148758	0.01	0.2	29.8538	400.495	0
0.0148758	0.01	0.2	31.989	275.362	0
0.0148758	0.01	0.2	34.2768	345.769	0
0.0148758	0.01	0.2	36.7282	423.827	0
0.0148758	0.01	0.2	39.355	290.75	0
0.0148758	0.01	0.2	42.1697	379.028	0
0.0148758	0.01	0.2	45.1856	353.097	0
0.0148758	0.01	0.2	48.4172	315.492	0
0.0148758	0.01	0.2	51.88	353.052	0
0.0148758	0.01	0.2	55.5904	251.476	0
0.0148758	0.01	0.2	59.5662	340.635	0
0.0148758	0.01	0.2	63.8263	275.522	0
0.0148758	0.01	0.2	68.3912	286.039	0
0.0148758	0.01	0.2	73.2825	255.066	0
0.0148758	0.01	0.2	78.5236	263.237	0
0.0148758	0.01	0.2	84.1395	234.762	0
0.0148758	0.01	0.2	90.1571	238.551	0
0.0148758	0.01	0.2	96.6051	237.715	0
0.0162529	0.01	0.2	0.103514	326.816	0
0.0162529	0.01	0.2	0.110917	326.428	0
0.0162529	0.01	0.2	0.11885	325.984	0
0.0162529	0.01	0.2	0.12735	325.476	0
0.0162529	0.01	0.2	0.136458	324.895	0
0.0162529	0.01	0.2	0.146218	324.232	0
0.0162529	0.01	0.2	0.156675	323.474	0
0.0162529	0.01	0.2	0.16788	322.61	0
0.0162529	0.01	0.2	0.179887	321.624	0
0.0162529	0.01	0.2	0.192752	320.502	0
0.0162529	0.01	0.2	0.206538	319.226	0
0.0162529	0.01	0.2	0.221309	317.776	0
0.0162529	0.01	0.2	0.237137	316.132	0
0.0162529	0.01	0.2	0.254097	314.271	0
0.0162529	0.01	0.2	0.27227	312.17	0
0.0162529	0.01	0.2	0.291743	309.801	0
0.0162529	0.01	0.2	0.312608	307.138	0
0.0162529	0.01	0.2	0.334965	304.154	0
0.0162529	0.01	0.2	0.358922	300.822	0
0.0162529	0.01	0.2	0.384592	297.115	0
0.0162529	0.01	0.2	0.412098	293.01	0
0.0162529	0.01	0.2	0.44157	288.485	0
0.0162529	0.01	0.2	0.473151	283.526	0
0.0162529	0.01	0.2	0.506991	278.125	0
0.0162529	0.01	0.2	0.54325	272.283	0
0.0162529	0.01	0.2	0.582103	266.014	0
0.0162529	0.01	0.2	0.623735	259.343	0
0.0162529	0.01	0.2	0.668344	252.311	0
0.0162529	0.01	0.2	0.716143	244.975	0
0.0162529	0.01	0.2	0.767361	237.405	0
0.0162529	0.01	0.2	0.822243	229.688	0
0.0162529	0.01	0.2	0.881049	221.921	0
0.0162529	0.01	0.2	0.944061	214.209	0
0.0162529	0.01	0.2	1.01158	206.663	0
0.0162529	0.01	0.2	1.08393	199.398	0
0.0162529	0.01	0.2	1.16145	192.53	0
0.0162529	0.01	0.2	1.24451	186.181	0
0.0162529	0.01	0.2	1.33352	180.487	0
0.0162529	0.01	0.2	1.42889	175.604	0
0.0162529	0.01	0.2	1.53109	171.719	0
0.0162529	0.01	0.2	1.64059	169.047	0
0.0162529	0.01	0.2	1.75792	167.813	0
0.0162529	0.01	0.2	1.88365	168.216	0
0.0162529	0.01	0.2	2.01837	170.369	0
0.0162529	0.01	0.2	2.16272	174.237	0
0.0162529	0.01	0.2	2.31739	179.578	0
0.0162529	0.01	0.2	2.48313	185.91	0
0.0162529	0.01	0.2	2.66073	192.454	0
0.0162529	0.01	0.2	2.85102	198.054	0
0.0162529	0.01	0.2	3.05492	201.189	0
0.0162529	0.01	0.2	3.27341	200.373	0
0.0162529	0.01	0.2	3.50752	195.026	0
0.0162529	0.01	0.2	3.75837	186.19	0
0.0162529	0.01	0.2	4.02717	176.002	0
0.0162529	0.01	0.2	4.31519	166.032	0
0.0162529	0.01	0.2	4.62381	156.196	0
0.0162529	0.01	0.2	4.9545	145.3	0
0.0162529	0.01	0.2	5.30884	132.877	0
0.0162529	0.01	0.2	5.68853	121.467	0
0.0162529	0.01	0.2	6.09537	116.158	0
0.0162529	0.01	0.2	6.53131	121.085	0
0.0162529	0.01	0.2	6.99842	137.22	0
0.0162529	0.01	0.2	7.49894	161.052	0
0.0162529	0.01	0.2	8.03526	184.016	0
0.0162529	0.01	0.2	8.60994	190.949	0
0.0162529	0.01	0.2	9.22571	180.804	0
0.0162529	0.01	0.2	9.88553	175.372	0
0.0162529	0.01	0.2	10.5925	186.193	0
0.0162529	0.01	0.2	11.3501	207.812	0
0.0162529	0.01	0.2	12.1619	230.417	0
0.0162529	0.01	0.2	13.0317	252.335	0
0.0162529	0.01	0.2	13.9637	263.187	0
0.0162529	0.01	0.2	14.9624	244.763	0
0.0162529	0.01	0.2	16.0325	208.109	0
0.0162529	0.01	0.2	17.1791	212.961	0
0.0162529	0.01	0.2	18.4077	262.284	0
0.0162529	0.01	0.2	19.7242	284.438	0
0.0162529	0.01	0.2	21.1349	273.705	0
0.0162529	0.01	0.2	22.6464	330.125	0
0.0162529	0.01	0.2	24.2661	392.593	0
0.0162529	0.01	0.2	26.0016	312.179	0
0.0162529	0.01	0.2	27.8612	300.878	0
0.0162529	0.01	0.2	29.8538	390.224	0
0.0162529	0.01	0.2	31.989	264.488	0
0.0162529	0.01	0.2	34.2768	333.654	0
0.0162529	0.01	0.2	36.7282	412.635	0
0.0162529	0.01	0.2	39.355	281.864	0
0.0162529	0.01	0.2	42.1697	370.785	0
0.0162529	0.01	0.2	45.1856	344.874	0
0.0162529	0.01	0.2	48.4172	305.544	0
0.0162529	0.01	0.2	51.88	342.264	0
0.0162529	0.01	0.2	55.5904	241.787	0
0.0162529	0.01	0.2	59.5662	330.698	0
0.0162529	0.01	0.2	63.8263	263.683	0
0.0162529	0.01	0.2	68.3912	275.687	0
0.0162529	0.01	0.2	73.2825	245.211	0
0.0162529	0.01	0.2	78.5236	253.551	0
0.0162529	0.01	0.2	84.1395	224.316	0
0.0162529	0.01	0.2	90.1571	228.069	0
0.0162529	0.01	0.2	96.6051	228.17	0
0.0177575	0.01	0.2	0.103514	326.574	0
0.0177575	0.01	0.2	0.110917	326.15	0
0.0177575	0.01	0.2	0.11885	325.666	0
0.0177575	0.01	0.2	0.12735	325.112	0
0.0177575	0.01	0.2	0.136458	324.478	0
0.0177575	0.01	0.2	0.146218	323.754	0
0.0177575	0.01	0.2	0.156675	322.928	0
0.0177575	0.01	0.2	0.16788	321.985	0
0.0177575	0.01	0.2	0.179887	320.911	0
0.0177575	0.01	0.2	0.192752	319.687	0
0.0177575	0.01	0.2	0.206538	318.296	0
0.0177575	0.01	0.2	0.221309	316.717	0
0.0177575	0.01	0.2	0.237137	314.926	0
0.0177575	0.01	0.2	0.254097	312.9	0
0.0177575	0.01	0.2	0.27227	310.612	0
0.0177575	0.01	0.2	0.291743	308.034	0
0.0177575	0.01	0.2	0.312608	305.138	0
0.0177575	0.01	0.2	0.334965	301.895	0
0.0177575	0.01	0.2	0.358922	298.275	0
0.0177575	0.01	0.2	0.384592	294.251	0
0.0177575	0.01	0.2	0.412098	289.797	0
0.0177575	0.01	0.2	0.44157	284.894	0
0.0177575	0.01	0.2	0.473151	279.525	0
0.0177575	0.01	0.2	0.506991	273.685	0
0.0177575	0.01	0.2	0.54325	267.377	0
0.0177575	0.01	0.2	0.582103	260.617	0
0.0177575	0.01	0.2	0.623735	253.436	0
0.0177575	0.01	0.2	0.668344	245.881	0
0.0177575	0.01	0.2	0.716143	238.014	0
0.0177575	0.01	0.2	0.767361	229.917	0
0.0177575	0.01	0.2	0.822243	221.682	0
0.0177575	0.01	0.2	0.881049	213.416	0
0.0177575	0.01	0.2	0.944061	205.234	0
0.0177575	0.01	0.2	1.01158	197.254	0
0.0177575	0.01	0.2	1.08393	189.596	0
0.0177575	0.01	0.2	1.16145	182.383	0
0.0177575	0.01	0.2	1.24451	175.741	0
0.0177575	0.01	0.2	1.33352	169.806	0
0.0177575	0.01	0.2	1.42889	164.737	0
0.0177575	0.01	0.2	1.53109	160.72	0
0.0177575	0.01	0.2	1.64059	157.969	0
0.0177575	0.01	0.2	1.75792	156.708	0
0.0177575	0.01	0.2	1.88365	157.135	0
0.0177575	0.01	0.2	2.01837	159.362	0
0.0177575	0.01	0.2	2.16272	163.347	0
0.0177575	0.01	0.2	2.31739	168.848	0
0.0177575	0.01	0.2	2.48313	175.377	0
0.0177575	0.01	0.2	2.66073	182.147	0
0.0177575	0.01	0.2	2.85102	187.987	0
0.0177575	0.01	0.2	3.05492	191.343	0
0.0177575	0.01	0.2	3.27341	190.671	0
0.0177575	0.01	0.2	3.50752	185.322	0
0.0177575	0.01	0.2	3.75837	176.273	0
0.0177575	0.01	0.2	4.02717	165.611	0
0.0177575	0.01	0.2	4.31519	154.886	0
0.0177575	0.01	0.2	4.62381	144.083	0
0.0177575	0.01	0.2	4.9545	132.187	0
0.0177575	0.01	0.2	5.30884	118.955	0
0.0177575	0.01	0.2	5.68853	107.121	0
0.0177575	0.01	0.2	6.09537	101.849	0
0.0177575	0.01	0.2	6.53131	107.193	0
0.0177575	0.01	0.2	6.99842	123.981	0
0.0177575	0.01	0.2	7.49894	148.543	0
0.0177575	0.01	0.2	8.03526	172.169	0
0.0177575	0.01	0.2	8.60994	179.537	0
0.0177575	0.01	0.2	9.22571	169.49	0
0.0177575	0.01	0.2	9.88553	163.789	0
0.0177575	0.01	0.2	10.5925	174.147	0
0.0177575	0.01	0.2	11.3501	195.543	0
0.0177575	0.01	0.2	12.1619	218.47	0
0.0177575	0.01	0.2	13.0317	241.121	0
0.0177575	0.01	0.2	13.9637	252.684	0
0.0177575	0.01	0.2	14.9624	234.574	0
0.0177575	0.01	0.2	16.0325	197.612	0
0.0177575	0.01	0.2	17.1791	201.876	0
0.0177575	0.01	0.2	18.4077	251.102	0
0.0177575	0.01	0.2	19.7242	273.797	0
0.0177575	0.01	0.2	21.1349	263.452	0
0.0177575	0.01	0.2	22.6464	319.593	0
0.0177575	0.01	0.2	24.2661	381.203	0
0.0177575	0.01	0.2	26.0016	300.392	0
0.0177575	0.01	0.2	27.8612	289.643	0
0.0177575	0.01	0.2	29.8538	379.677	0
0.0177575	0.01	0.2	31.989	253.301	0
0.0177575	0.01	0.2	34.2768	321.12	0
0.0177575	0.01	0.2	36.7282	401.116	0
0.0177575	0.01	0.2	39.355	272.969	0
0.0177575	0.01	0.2	42.1697	362.693	0
0.0177575	0.01	0.2	45.1856	336.805	0
0.0177575	0.01	0.2	48.4172	295.524	0
0.0177575	0.01	0.2	51.88	331.296	0
0.0177575	0.01	0.2	55.5904	231.939	0
0.0177575	0.01	0.2	59.5662	320.526	0
0.0177575	0.01	0.2	63.8263	251.453	0
0.0177575	0.01	0.2	68.3912	265.131	0
0.0177575	0.01	0.2	73.2825	235.227	0
0.0177575	0.01	0.2	78.5236	243.769	0
0.0177575	0.01	0.2	84.1395	213.621	0
0.0177575	0.01	0.2	90.1571	217.307	0
0.0177575	0.01	0.2	96.6051	218.474	0
0.0194014	0.01	0.2	0.103514	326.309	0
0.0194014	0.01	0.2	0.110917	325.847	0
0.0194014	0.01	0.2	0.11885	325.319	0
0.0194014	0.01	0.2	0.12735	324.714	0
0.0194014	0.01	0.2	0.136458	324.023	0
0.0194014	0.01	0.2	0.146218	323.233	0
0.0194014	0.01	0.2	0.156675	322.332	0
0.0194014	0.01	0.2	0.16788	321.304	0
0.0194014	0.01	0.2	0.179887	320.133	0
0.0194014	0.01	0.2	0.192752	318.799	0
0.0194014	0.01	0.2	0.206538	317.283	0
0.0194014	0.01	0.2	0.221309	315.562	0
0.0194014	0.01	0.2	0.237137	313.612	0
0.0194014	0.01	0.2	0.254097	311.406	0
0.0194014	0.01	0.2	0.27227	308.915	0
0.0194014	0.01	0.2	0.291743	306.111	0
0.0194014	0.01	0.2	0.312608	302.963	0
0.0194014	0.01	0.2	0.334965	299.439	0
0.0194014	0.01	0.2	0.358922	295.508	0
0.0194014	0.01	0.2	0.384592	291.142	0
0.0194014	0.01	0.2	0.412098	286.315	0
0.0194014	0.01	0.2	0.44157	281.005	0
0.0194014	0.01	0.2	0.473151	275.198	0
0.0194014	0.01	0.2	0.506991	268.889	0
0.0194014	0.01	0.2	0.54325	262.085	0
0.0194014	0.01	0.2	0.582103	254.806	0
0.0194014	0.01	0.2	0.623735	247.087	0
0.0194014	0.01	0.2	0.668344	238.984	0
0.0194014	0.01	0.2	0.716143	230.567	0
0.0194014	0.01	0.2	0.767361	221.925	0
0.0194014	0.01	0.2	0.822243	213.161	0
0.0194014	0.01	0.2	0.881049	204.393	0
0.0194014	0.01	0.2	0.944061	195.744	0
0.0194014	0.01	0.2	1.01158	187.34	0
0.0194014	0.01	0.2	1.08393	179.309	0
0.0194014	0.01	0.2	1.16145	171.776	0
0.0194014	0.01	0.2	1.24451	164.871	0
0.0194014	0.01	0.2	1.33352	158.731	0
0.0194014	0.01	0.2	1.42889	153.515	0
0.0194014	0.01	0.2	1.53109	149.405	0
0.0194014	0.01	0.2	1.64059	146.612	0
0.0194014	0.01	0.2	1.75792	145.359	0
0.0194014	0.01	0.2	1.88365	145.837	0
0.0194014	0.01	0.2	2.01837	148.157	0
0.0194014	0.01	0.2	2.16272	152.275	0
0.0194014	0.01	0.2	2.31739	157.944	0
0.0194014	0.01	0.2	2.48313	164.675	0
0.0194014	0.01	0.2	2.66073	171.674	0
0.0194014	0.01	0.2	2.85102	177.758	0
0.0194014	0.01	0.2	3.05492	181.341	0
0.0194014	0.01	0.2	3.27341	180.821	0
0.0194014	0.01	0.2	3.50752	175.478	0
0.0194014	0.01	0.2	3.75837	166.221	0
0.0194014	0.01	0.2	4.02717	155.077	0
0.0194014	0.01	0.2	4.31519	143.577	0
0.0194014	0.01	0.2	4.62381	131.778	0
0.0194014	0.01	0.2	4.9545	118.847	0
0.0194014	0.01	0.2	5.30884	104.783	0
0.0194014	0.01	0.2	5.68853	92.5211	0
0.0194014	0.01	0.2	6.09537	87.301	0
0.0194014	0.01	0.2	6.53131	93.0916	0
0.0194014	0.01	0.2	6.99842	110.567	0
0.0194014	0.01	0.2	7.49894	135.9	0
0.0194014	0.01	0.2	8.03526	160.222	0
0.0194014	0.01	0.2	8.60994	168.04	0
0.0194014	0.01	0.2	9.22571	158.064	0
0.0194014	0.01	0.2	9.88553	152.021	0
0.0194014	0.01	0.2	10.5925	161.829	0
0.0194014	0.01	0.2	11.3501	182.942	0
0.0194014	0.01	0.2	12.1619	206.195	0
0.0194014	0.01	0.2	13.0317	229.629	0
0.0194014	0.01	0.2	13.9637	241.966	0
0.0194014	0.01	0.2	14.9624	224.219	0
0.0194014	0.01	0.2	16.0325	186.961	0
0.0194014	0.01	0.2	17.1791	190.635	0
0.0194014	0.01	0.2	18.4077	239.809	0
0.0194014	0.01	0.2	19.7242	263.114	0
0.0194014	0.01	0.2	21.1349	253.176	0
0.0194014	0.01	0.2	22.6464	308.938	0
0.0194014	0.01	0.2	24.2661	369.544	0
0.0194014	0.01	0.2	26.0016	288.269	0
0.0194014	0.01	0.2	27.8612	278.152	0
0.0194014	0.01	0.2	29.8538	368.958	0
0.0194014	0.01	0.2	31.989	241.906	0
0.0194014	0.01	0.2	34.2768	308.264	0
0.0194014	0.01	0.2	36.7282	389.376	0
0.0194014	0.01	0.2	39.355	264.22	0
0.0194014	0.01	0.2	42.1697	354.938	0
0.0194014	0.01	0.2	45.1856	329.076	0
0.0194014	0.01	0.2	48.4172	285.587	0
0.0194014	0.01	0.2	51.88	320.288	0
0.0194014	0.01	0.2	55.5904	222.058	0
0.0194014	0.01	0.2	59.5662	310.229	0
0.0194014	0.01	0.2	63.8263	238.932	0
0.0194014	0.01	0.2	68.3912	254.497	0
0.0194014	0.01	0.2	73.2825	225.251	0
0.0194014	0.01	0.2	78.5236	234.032	0
0.0194014	0.01	0.2	84.1395	202.789	0
0.0194014	0.01	0.2	90.1571	206.369	0
0.0194014	0.01	0.2	96.6051	208.751	0
0.0211975	0.01	0.2	0.103514	326.02	0
0.0211975	0.01	0.2	0.110917	325.516	0
0.0211975	0.01	0.2	0.11885	324.94	0
0.0211975	0.01	0.2	0.12735	324.28	0
0.0211975	0.01	0.2	0.136458	323.526	0
0.0211975	0.01	0.2	0.146218	322.665	0
0.0211975	0.01	0.2	0.156675	321.682	0
0.0211975	0.01	0.2	0.16788	320.561	0
0.0211975	0.01	0.2	0.179887	319.284	0
0.0211975	0.01	0.2	0.192752	317.83	0
0.0211975	0.01	0.2	0.206538	316.179	0
0.0211975	0.01	0.2	0.221309	314.304	0
0.0211975	0.01	0.2	0.237137	312.18	0
0.0211975	0.01	0.2	0.254097	309.779	0
0.0211975	0.01	0.2	0.27227	307.069	0
0.0211975	0.01	0.2	0.291743	304.02	0
0.0211975	0.01	0.2	0.312608	300.598	0
0.0211975	0.01	0.2	0.334965	296.771	0
0.0211975	0.01	0.2	0.358922	292.505	0
0.0211975	0.01	0.2	0.384592	287.771	0
0.0211975	0.01	0.2	0.412098	282.541	0
0.0211975	0.01	0.2	0.44157	276.796	0
0.0211975	0.01	0.2	0.473151	270.521	0
0.0211975	0.01	0.2	0.506991	263.714	0
0.0211975	0.01	0.2	0.54325	256.384	0
0.0211975	0.01	0.2	0.582103	248.557	0
0.0211975	0.01	0.2	0.623735	240.276	0
0.0211975	0.01	0.2	0.668344	231.602	0
0.0211975	0.01	0.2	0.716143	222.617	0
0.0211975	0.01	0.2	0.767361	213.419	0
0.0211975	0.01	0.2	0.822243	204.124	0
0.0211975	0.01	0.2	0.881049	194.857	0
0.0211975	0.01	0.2	0.944061	185.753	0
0.0211975	0.01	0.2	1.01158	176.947	0
0.0211975	0.01	0.2	1.08393	168.571	0
0.0211975	0.01	0.2	1.16145	160.757	0
0.0211975	0.01	0.2	1.24451	153.634	0
0.0211975	0.01	0.2	1.33352	147.34	0
0.0211975	0.01	0.2	1.42889	142.028	0
0.0211975	0.01	0.2	1.53109	137.878	0
0.0211975	0.01	0.2	1.64059	135.094	0
0.0211975	0.01	0.2	1.75792	133.891	0
0.0211975	0.01	0.2	1.88365	134.456	0
0.0211975	0.01	0.2	2.01837	136.893	0
0.0211975	0.01	0.2	2.16272	141.159	0
0.0211975	0.01	0.2	2.31739	147.005	0
0.0211975	0.01	0.2	2.48313	153.94	0
0.0211975	0.01	0.2	2.66073	161.17	0
0.0211975	0.01	0.2	2.85102	167.499	0
0.0211975	0.01	0.2	3.05492	171.313	0
0.0211975	0.01	0.2	3.27341	170.953	0
0.0211975	0.01	0.2	3.50752	165.627	0
0.0211975	0.01	0.2	3.75837	156.169	0
0.0211975	0.01	0.2	4.02717	144.545	0
0.0211975	0.01	0.2	4.31519	132.258	0
0.0211975	0.01	0.2	4.62381	119.44	0
0.0211975	0.01	0.2	4.9545	105.451	0
0.0211975	0.01	0.2	5.30884	90.5372	0
0.0211975	0.01	0.2	5.68853	77.8507	0
0.0211975	0.01	0.2	6.09537	72.7002	0
0.0211975	0.01	0.2	6.53131	78.9675	0
0.0211975	0.01	0.2	6.99842	97.1654	0
0.0211975	0.01	0.2	7.49894	123.307	0
0.0211975	0.01	0.2	8.03526	148.358	0
0.0211975	0.01	0.2	8.60994	156.637	0
0.0211975	0.01	0.2	9.22571	146.697	0
0.0211975	0.01	0.2	9.88553	140.224	0
0.0211975	0.01	0.2	10.5925	149.376	0
0.0211975	0.01	0.2	11.3501	170.133	0
0.0211975	0.01	0.2	12.1619	193.711	0
0.0211975	0.01	0.2	13.0317	217.982	0
0.0211975	0.01	0.2	13.9637	231.16	0
0.0211975	0.01	0.2	14.9624	213.831	0
0.0211975	0.01	0.2	16.0325	176.298	0
0.0211975	0.01	0.2	17.1791	179.391	0
0.0211975	0.01	0.2	18.4077	228.571	0
0.0211975	0.01	0.2	19.7242	252.568	0
0.0211975	0.01	0.2	21.1349	243.051	0
0.0211975	0.01	0.2	22.6464	298.311	0
0.0211975	0.01	0.2	24.2661	357.74	0
0.0211975	0.01	0.2	26.0016	275.924	0
0.0211975	0.01	0.2	27.8612	266.53	0
0.0211975	0.01	0.2	29.8538	358.207	0
0.0211975	0.01	0.2	31.989	230.445	0
0.0211975	0.01	0.2	34.2768	295.216	0
0.0211975	0.01	0.2	36.7282	377.557	0
0.0211975	0.01	0.2	39.355	255.815	0
0.0211975	0.01	0.2	42.1697	347.758	0
0.0211975	0.01	0.2	45.1856	321.927	0
0.0211975	0.01	0.2	48.4172	275.931	0
0.0211975	0.01	0.2	51.88	309.424	0
0.0211975	0.01	0.2	55.5904	212.308	0
0.0211975	0.01	0.2	59.5662	299.949	0
0.0211975	0.01	0.2	63.8263	226.253	0
0.0211975	0.01	0.2	68.3912	243.948	0
0.0211975	0.01	0.2	73.2825	215.459	0
0.0211975	0.01	0.2	78.5236	224.527	0
0.0211975	0.01	0.2	84.1395	191.972	0
0.0211975	0.01	0.2	90.1571	195.396	0
0.0211975	0.01	0.2	96.6051	199.167	0
0.0231598	0.01	0.2	0.103514	325.705	0
0.0231598	0.01	0.2	0.110917	325.155	0
0.0231598	0.01	0.2	0.11885	324.526	0
0.0231598	0.01	0.2	0.12735	323.806	0
0.0231598	0.01	0.2	0.136458	322.984	0
0.0231598	0.01	0.2	0.146218	322.045	0
0.0231598	0.01	0.2	0.156675	320.973	0
0.0231598	0.01	0.2	0.16788	319.751	0
0.0231598	0.01	0.2	0.179887	318.359	0
0.0231598	0.01	0.2	0.192752	316.775	0
0.0231598	0.01	0.2	0.206538	314.975	0
0.0231598	0.01	0.2	0.221309	312.934	0
0.0231598	0.01	0.2	0.237137	310.621	0
0.0231598	0.01	0.2	0.254097	308.008	0
0.0231598	0.01	0.2	0.27227	305.061	0
0.0231598	0.01	0.2	0.291743	301.746	0
0.0231598	0.01	0.2	0.312608	298.029	0
0.0231598	0.01	0.2	0.334965	293.874	0
0.0231598	0.01	0.2	0.358922	289.247	0
0.0231598	0.01	0.2	0.384592	284.117	0
0.0231598	0.01	0.2	0.412098	278.457	0
0.0231598	0.01	0.2	0.44157	272.246	0
0.0231598	0.01	0.2	0.473151	265.472	0
0.0231598	0.01	0.2	0.506991	258.136	0
0.0231598	0.01	0.2	0.54325	250.252	0
0.0231598	0.01	0.2	0.582103	241.85	0
0.0231598	0.01	0.2	0.623735	232.983	0
0.0231598	0.01	0.2	0.668344	223.721	0
0.0231598	0.01	0.2	0.716143	214.155	0
0.0231598	0.01	0.2	0.767361	204.397	0
0.0231598	0.01	0.2	0.822243	194.573	0
0.0231598	0.01	0.2	0.881049	184.822	0
0.0231598	0.01	0.2	0.944061	175.288	0
0.0231598	0.01	0.2	1.01158	166.114	0
0.0231598	0.01	0.2	1.08393	157.439	0
0.0231598	0.01	0.2	1.16145	149.398	0
0.0231598	0.01	0.2	1.24451	142.119	0
0.0231598	0.01	0.2	1.33352	135.738	0
0.0231598	0.01	0.2	1.42889	130.402	0
0.0231598	0.01	0.2	1.53109	126.281	0
0.0231598	0.01	0.2	1.64059	123.57	0
0.0231598	0.01	0.2	1.75792	122.472	0
0.0231598	0.01	0.2	1.88365	123.166	0
0.0231598	0.01	0.2	2.01837	125.752	0
0.0231598	0.01	0.2	2.16272	130.183	0
0.0231598	0.01	0.2	2.31739	136.213	0
0.0231598	0.01	0.2	2.48313	143.354	0
0.0231598	0.01	0.2	2.66073	150.811	0
0.0231598	0.01	0.2	2.85102	157.383	0
0.0231598	0.01	0.2	3.05492	161.428	0
0.0231598	0.01	0.2	3.27341	161.237	0
0.0231598	0.01	0.2	3.50752	155.941	0
0.0231598	0.01	0.2	3.75837	146.297	0
0.0231598	0.01	0.2	4.02717	134.2	0
0.0231598	0.01	0.2	4.31519	121.126	0
0.0231598	0.01	0.2	4.62381	107.28	0
0.0231598	0.01	0.2	4.9545	92.2174	0
0.0231598	0.01	0.2	5.30884	76.4481	0
0.0231598	0.01	0.2	5.68853	63.3481	0
0.0231598	0.01	0.2	6.09537	58.2897	0
0.0231598	0.01	0.2	6.53131	65.0643	0
0.0231598	0.01	0.2	6.99842	84.0168	0
0.0231598	0.01	0.2	7.49894	111.002	0
0.0231598	0.01	0.2	8.03526	136.813	0
0.0231598	0.01	0.2	8.60994	145.559	0
0.0231598	0.01	0.2	9.22571	135.606	0
0.0231598	0.01	0.2	9.88553	128.599	0
0.0231598	0.01	0.2	10.5925	136.966	0
0.0231598	0.01	0.2	11.3501	157.281	0
0.0231598	0.01	0.2	12.1619	181.175	0
0.0231598	0.01	0.2	13.0317	206.337	0
0.0231598	0.01	0.2	13.9637	220.431	0
0.0231598	0.01	0.2	14.9624	203.587	0
0.0231598	0.01	0.2	16.0325	165.81	0
0.0231598	0.01	0.2	17.1791	168.344	0
0.0231598	0.01	0.2	18.4077	217.605	0
0.0231598	0.01	0.2	19.7242	242.386	0
0.0231598	0.01	0.2	21.1349	233.305	0
0.0231598	0.01	0.2	22.6464	287.909	0
0.0231598	0.01	0.2	24.2661	345.957	0
0.0231598	0.01	0.2	26.0016	263.51	0
0.0231598	0.01	0.2	27.8612	254.945	0
0.0231598	0.01	0.2	29.8538	347.604	0
0.0231598	0.01	0.2	31.989	219.099	0
0.0231598	0.01	0.2	34.2768	282.151	0
0.0231598	0.01	0.2	36.7282	365.844	0
0.0231598	0.01	0.2	39.355	248.004	0
0.0231598	0.01	0.2	42.1697	341.451	0
0.0231598	0.01	0.2	45.1856	315.655	0
0.0231598	0.01	0.2	48.4172	266.811	0
0.0231598	0.01	0.2	51.88	298.938	0
0.0231598	0.01	0.2	55.5904	202.901	0
0.0231598	0.01	0.2	59.5662	289.873	0
0.0231598	0.01	0.2	63.8263	213.593	0
0.0231598	0.01	0.2	68.3912	233.696	0
0.0231598	0.01	0.2	73.2825	206.08	0
0.0231598	0.01	0.2	78.5236	215.488	0
0.0231598	0.01	0.2	84.1395	181.363	0
0.0231598	0.01	0.2	90.1571	184.572	0
0.0231598	0.01	0.2	96.6051	189.931	0
0.0253038	0.01	0.2	0.103514	325.361	0
0.0253038	0.01	0.2	0.110917	324.761	0
0.0253038	0.01	0.2	0.11885	324.074	0
0.0253038	0.01	0.2	0.12735	323.289	0
0.0253038	0.01	0.2	0.136458	322.392	0
0.0253038	0.01	0.2	0.146218	321.368	0
0.0253038	0.01	0.2	0.156675	320.199	0
0.0253038	0.01	0.2	0.16788	318.867	0
0.0253038	0.01	0.2	0.179887	317.35	0
0.0253038	0.01	0.2	0.192752	315.624	0
0.0253038	0.01	0.2	0.206538	313.664	0
0.0253038	0.01	0.2	0.221309	311.441	0
0.0253038	0.01	0.2	0.237137	308.924	0
0.0253038	0.01	0.2	0.254097	306.081	0
0.0253038	0.01	0.2	0.27227	302.877	0
0.0253038	0.01	0.2	0.291743	299.275	0
0.0253038	0.01	0.2	0.312608	295.238	0
0.0253038	0.01	0.2	0.334965	290.73	0
0.0253038	0.01	0.2	0.358922	285.715	0
0.0253038	0.01	0.2	0.384592	280.16	0
0.0253038	0.01	0.2	0.412098	274.039	0
0.0253038	0.01	0.2	0.44157	267.332	0
0.0253038	0.01	0.2	0.473151	260.029	0
0.0253038	0.01	0.2	0.506991	252.134	0
0.0253038	0.01	0.2	0.54325	243.667	0
0.0253038	0.01	0.2	0.582103	234.666	0
0.0253038	0.01	0.2	0.623735	225.193	0
0.0253038	0.01	0.2	0.668344	215.328	0
0.0253038	0.01	0.2	0.716143	205.176	0
0.0253038	0.01	0.2	0.767361	194.861	0
0.0253038	0.01	0.2	0.822243	184.523	0
0.0253038	0.01	0.2	0.881049	174.315	0
0.0253038	0.01	0.2	0.944061	164.389	0
0.0253038	0.01	0.2	1.01158	154.9	0
0.0253038	0.01	0.2	1.08393	145.991	0
0.0253038	0.01	0.2	1.16145	137.797	0
0.0253038	0.01	0.2	1.24451	130.446	0
0.0253038	0.01	0.2	1.33352	124.067	0
0.0253038	0.01	0.2	1.42889	118.798	0
0.0253038	0.01	0.2	1.53109	114.796	0
0.0253038	0.01	0.2	1.64059	112.24	0
0.0253038	0.01	0.2	1.75792	111.318	0
0.0253038	0.01	0.2	1.88365	112.196	0
0.0253038	0.01	0.2	2.01837	114.966	0
0.0253038	0.01	0.2	2.16272	119.582	0
0.0253038	0.01	0.2	2.31739	125.803	0
0.0253038	0.01	0.2	2.48313	133.147	0
0.0253038	0.01	0.2	2.66073	140.824	0
0.0253038	0.01	0.2	2.85102	147.63	0
0.0253038	0.01	0.2	3.05492	151.905	0
0.0253038	0.01	0.2	3.27341	151.889	0
0.0253038	0.01	0.2	3.50752	146.642	0
0.0253038	0.01	0.2	3.75837	136.835	0
0.0253038	0.01	0.2	4.02717	124.284	0
0.0253038	0.01	0.2	4.31519	110.435	0
0.0253038	0.01	0.2	4.62381	95.5663	0
0.0253038	0.01	0.2	4.9545	79.4301	0
0.0253038	0.01	0.2	5.30884	62.8124	0
0.0253038	0.01	0.2	5.68853	49.3206	0
0.0253038	0.01	0.2	6.09537	44.382	0
0.0253038	0.01	0.2	6.53131	51.6954	0
0.0253038	0.01	0.2	6.99842	71.4311	0
0.0253038	0.01	0.2	7.49894	99.293	0
0.0253038	0.01	0.2	8.03526	125.889	0
0.0253038	0.01	0.2	8.60994	135.103	0
0.0253038	0.01	0.2	9.22571	125.075	0
0.0253038	0.01	0.2	9.88553	117.403	0
0.0253038	0.01	0.2	10.5925	124.836	0
0.0253038	0.01	0.2	11.3501	144.599	0
0.0253038	0.01	0.2	12.1619	168.795	0
0.0253038	0.01	0.2	13.0317	194.903	0
0.0253038	0.01	0.2	13.9637	209.995	0
0.0253038	0.01	0.2	14.9624	193.713	0
0.0253038	0.01	0.2	16.0325	155.737	0
0.0253038	0.01	0.2	17.1791	157.748	0
0.0253038	0.01	0.2	18.4077	207.188	0
0.0253038	0.01	0.2	19.7242	232.86	0
0.0253038	0.01	0.2	21.1349	224.224	0
0.0253038	0.01	0.2	22.6464	277.986	0
0.0253038	0.01	0.2	24.2661	334.409	0
0.0253038	0.01	0.2	26.0016	251.225	0
0.0253038	0.01	0.2	27.8612	243.614	0
0.0253038	0.01	0.2	29.8538	337.385	0
0.0253038	0.01	0.2	31.989	208.108	0
0.0253038	0.01	0.2	34.2768	269.297	0
0.0253038	0.01	0.2	36.7282	354.476	0
0.0253038	0.01	0.2	39.355	241.103	0
0.0253038	0.01	0.2	42.1697	336.386	0
0.0253038	0.01	0.2	45.1856	310.631	0
0.0253038	0.01	0.2	48.4172	258.547	0
0.0253038	0.01	0.2	51.88	289.129	0
0.0253038	0.01	0.2	55.5904	194.104	0
0.0253038	0.01	0.2	59.5662	280.239	0
0.0253038	0.01	0.2	63.8263	201.18	0
0.0253038	0.01	0.2	68.3912	224.011	0
0.0253038	0.01	0.2	73.2825	197.399	0
0.0253038	0.01	0.2	78.5236	207.214	0
0.0253038	0.01	0.2	84.1395	171.212	0
0.0253038	0.01	0.2	90.1571	174.132	0
0.0253038	0.01	0.2	96.6051	181.31	0
0.0276463	0.01	0.2	0.103514	324.985	0
0.0276463	0.01	0.2	0.110917	324.33	0
0.0276463	0.01	0.2	0.11885	323.582	0
0.0276463	0.01	0.2	0.12735	322.725	0
0.0276463	0.01	0.2	0.136458	321.747	0
0.0276463	0.01	0.2	0.146218	320.63	0
0.0276463	0.01	0.2	0.156675	319.356	0
0.0276463	0.01	0.2	0.16788	317.904	0
0.0276463	0.01	0.2	0.179887	316.25	0
0.0276463	0.01	0.2	0.192752	314.37	0
0.0276463	0.01	0.2	0.206538	312.235	0
0.0276463	0.01	0.2	0.221309	309.816	0
0.0276463	0.01	0.2	0.237137	307.077	0
0.0276463	0.01	0.2	0.254097	303.986	0
0.0276463	0.01	0.2	0.27227	300.503	0
0.0276463	0.01	0.2	0.291743	296.591	0
0.0276463	0.01	0.2	0.312608	292.21	0
0.0276463	0.01	0.2	0.334965	287.322	0
0.0276463	0.01	0.2	0.358922	281.889	0
0.0276463	0.01	0.2	0.384592	275.88	0
0.0276463	0.01	0.2	0.412098	269.267	0
0.0276463	0.01	0.2	0.44157	262.032	0
0.0276463	0.01	0.2	0.473151	254.169	0
0.0276463	0.01	0.2	0.506991	245.686	0
0.0276463	0.01	0.2	0.54325	236.61	0
0.0276463	0.01	0.2	0.582103	226.989	0
0.0276463	0.01	0.2	0.623735	216.893	0
0.0276463	0.01	0.2	0.668344	206.418	0
0.0276463	0.01	0.2	0.716143	195.682	0
0.0276463	0.01	0.2	0.767361	184.825	0
0.0276463	0.01	0.2	0.822243	174.003	0
0.0276463	0.01	0.2	0.881049	163.379	0
0.0276463	0.01	0.2	0.944061	153.121	0
0.0276463	0.01	0.2	1.01158	143.389	0
0.0276463	0.01	0.2	1.08393	134.333	0
0.0276463	0.01	0.2	1.16145	126.086	0
0.0276463	0.01	0.2	1.24451	118.774	0
0.0276463	0.01	0.2	1.33352	112.513	0
0.0276463	0.01	0.2	1.42889	107.429	0
0.0276463	0.01	0.2	1.53109	103.66	0
0.0276463	0.01	0.2	1.64059	101.363	0
0.0276463	0.01	0.2	1.75792	100.704	0
0.0276463	0.01	0.2	1.88365	101.832	0
0.0276463	0.01	0.2	2.01837	104.83	0
0.0276463	0.01	0.2	2.16272	109.654	0
0.0276463	0.01	0.2	2.31739	116.071	0
0.0276463	0.01	0.2	2.48313	123.611	0
0.0276463	0.01	0.2	2.66073	131.495	0
0.0276463	0.01	0.2	2.85102	138.522	0
0.0276463	0.01	0.2	3.05492	143.02	0
0.0276463	0.01	0.2	3.27341	143.187	0
0.0276463	0.01	0.2	3.50752	138.01	0
0.0276463	0.01	0.2	3.75837	128.073	0
0.0276463	0.01	0.2	4.02717	115.102	0
0.0276463	0.01	0.2	4.31519	100.507	0
0.0276463	0.01	0.2	4.62381	84.64	0
0.0276463	0.01	0.2	4.9545	67.4496	0
0.0276463	0.01	0.2	5.30884	50.0075	0
0.0276463	0.01	0.2	5.68853	36.1595	0
0.0276463	0.01	0.2	6.09537	31.375	0
0.0276463	0.01	0.2	6.53131	39.2586	0
0.0276463	0.01	0.2	6.99842	59.8013	0
0.0276463	0.01	0.2	7.49894	88.5655	0
0.0276463	0.01	0.2	8.03526	115.965	0
0.0276463	0.01	0.2	8.60994	125.641	0
0.0276463	0.01	0.2	9.22571	115.459	0
0.0276463	0.01	0.2	9.88553	106.967	0
0.0276463	0.01	0.2	10.5925	113.284	0
0.0276463	0.01	0.2	11.3501	132.366	0
0.0276463	0.01	0.2	12.1619	156.836	0
0.0276463	0.01	0.2	13.0317	183.945	0
0.0276463	0.01	0.2	13.9637	200.124	0
0.0276463	0.01	0.2	14.9624	184.496	0
0.0276463	0.01	0.2	16.0325	146.385	0
0.0276463	0.01	0.2	17.1791	147.93	0
0.0276463	0.01	0.2	18.4077	197.671	0
0.0276463	0.01	0.2	19.7242	224.359	0
0.0276463	0.01	0.2	21.1349	216.172	0
0.0276463	0.01	0.2	22.6464	268.862	0
0.0276463	0.01	0.2	24.2661	323.374	0
0.0276463	0.01	0.2	26.0016	239.326	0
0.0276463	0.01	0.2	27.8612	232.813	0
0.0276463	0.01	0.2	29.8538	327.844	0
0.0276463	0.01	0.2	31.989	197.774	0
0.0276463	0.01	0.2	34.2768	256.947	0
0.0276463	0.01	0.2	36.7282	343.758	0
0.0276463	0.01	0.2	39.355	235.504	0
0.0276463	0.01	0.2	42.1697	333.024	0
0.0276463	0.01	0.2	45.1856	307.315	0
0.0276463	0.01	0.2	48.4172	251.539	0
0.0276463	0.01	0.2	51.88	280.371	0
0.0276463	0.01	0.2	55.5904	186.256	0
0.0276463	0.01	0.2	59.5662	271.347	0
0.0276463	0.01	0.2	63.8263	189.308	0
0.0276463	0.01	0.2	68.3912	215.232	0
0.0276463	0.01	0.2	73.2825	189.777	0
0.0276463	0.01	0.2	78.5236	200.075	0
0.0276463	0.01	0.2	84.1395	161.835	0
0.0276463	0.01	0.2	90.1571	164.377	0
0.0276463	0.01	0.2	96.6051	173.638	0
0.0302057	0.01	0.2	0.103514	324.575	0
0.0302057	0.01	0.2	0.110917	323.861	0
0.0302057	0.01	0.2	0.11885	323.044	0
0.0302057	0.01	0.2	0.12735	322.11	0
0.0302057	0.01	0.2	0.136458	321.043	0
0.0302057	0.01	0.2	0.146218	319.825	0
0.0302057	0.01	0.2	0.156675	318.436	0
0.0302057	0.01	0.2	0.16788	316.853	0
0.0302057	0.01	0.2	0.179887	315.052	0
0.0302057	0.01	0.2	0.192752	313.004	0
0.0302057	0.01	0.2	0.206538	310.68	0
0.0302057	0.01	0.2	0.221309	308.047	0
0.0302057	0.01	0.2	0.237137	305.068	0
0.0302057	0.01	0.2	0.254097	301.707	0
0.0302057	0.01	0.2	0.27227	297.923	0
0.0302057	0.01	0.2	0.291743	293.676	0
0.0302057	0.01	0.2	0.312608	288.925	0
0.0302057	0.01	0.2	0.334965	283.628	0
0.0302057	0.01	0.2	0.358922	277.749	0
0.0302057	0.01	0.2	0.384592	271.254	0
0.0302057	0.01	0.2	0.412098	264.117	0
0.0302057	0.01	0.2	0.44157	256.323	0
0.0302057	0.01	0.2	0.473151	247.87	0
0.0302057	0.01	0.2	0.506991	238.771	0
0.0302057	0.01	0.2	0.54325	229.063	0
0.0302057	0.01	0.2	0.582103	218.804	0
0.0302057	0.01	0.2	0.623735	208.078	0
0.0302057	0.01	0.2	0.668344	196.994	0
0.0302057	0.01	0.2	0.716143	185.689	0
0.0302057	0.01	0.2	0.767361	174.318	0
0.0302057	0.01	0.2	0.822243	163.055	0
0.0302057	0.01	0.2	0.881049	152.079	0
0.0302057	0.01	0.2	0.944061	141.57	0
0.0302057	0.01	0.2	1.01158	131.695	0
0.0302057	0.01	0.2	1.08393	122.608	0
0.0302057	0.01	0.2	1.16145	114.441	0
0.0302057	0.01	0.2	1.24451	107.308	0
0.0302057	0.01	0.2	1.33352	101.315	0
0.0302057	0.01	0.2	1.42889	96.5662	0
0.0302057	0.01	0.2	1.53109	93.1737	0
0.0302057	0.01	0.2	1.64059	91.2658	0
0.0302057	0.01	0.2	1.75792	90.9795	0
0.0302057	0.01	0.2	1.88365	92.44	0
0.0302057	0.01	0.2	2.01837	95.719	0
0.0302057	0.01	0.2	2.16272	100.775	0
0.0302057	0.01	0.2	2.31739	107.392	0
0.0302057	0.01	0.2	2.48313	115.115	0
0.0302057	0.01	0.2	2.66073	123.186	0
0.0302057	0.01	0.2	2.85102	130.413	0
0.0302057	0.01	0.2	3.05492	135.121	0
0.0302057	0.01	0.2	3.27341	135.477	0
0.0302057	0.01	0.2	3.50752	130.4	0
0.0302057	0.01	0.2	3.75837	120.376	0
0.0302057	0.01	0.2	4.02717	107.037	0
0.0302057	0.01	0.2	4.31519	91.7478	0
0.0302057	0.01	0.2	4.62381	74.9319	0
0.0302057	0.01	0.2	4.9545	56.7303	0
0.0302057	0.01	0.2	5.30884	38.5098	0
0.0302057	0.01	0.2	5.68853	24.3581	0
0.0302057	0.01	0.2	6.09537	19.7698	0
0.0302057	0.01	0.2	6.53131	28.2548	0
0.0302057	0.01	0.2	6.99842	49.6214	0
0.0302057	0.01	0.2	7.49894	79.3063	0
0.0302057	0.01	0.2	8.03526	107.522	0
0.0302057	0.01	0.2	8.60994	117.642	0
0.0302057	0.01	0.2	9.22571	107.207	0
0.0302057	0.01	0.2	9.88553	97.7057	0
0.0302057	0.01	0.2	10.5925	102.69	0
0.0302057	0.01	0.2	11.3501	120.931	0
0.0302057	0.01	0.2	12.1619	145.638	0
0.0302057	0.01	0.2	13.0317	173.803	0
0.0302057	0.01	0.2	13.9637	191.167	0
0.0302057	0.01	0.2	14.9624	176.3	0
0.0302057	0.01	0.2	16.0325	138.137	0
0.0302057	0.01	0.2	17.1791	139.298	0
0.0302057	0.01	0.2	18.4077	189.496	0
0.0302057	0.01	0.2	19.7242	217.343	0
0.0302057	0.01	0.2	21.1349	209.602	0
0.0302057	0.01	0.2	22.6464	260.94	0
0.0302057	0.01	0.2	24.2661	313.198	0
0.0302057	0.01	0.2	26.0016	228.139	0
0.0302057	0.01	0.2	27.8612	222.893	0
0.0302057	0.01	0.2	29.8538	319.359	0
0.0302057	0.01	0.2	31.989	188.479	0
0.0302057	0.01	0.2	34.2768	245.471	0
0.0302057	0.01	0.2	36.7282	334.074	0
0.0302057	0.01	0.2	39.355	231.693	0
0.0302057	0.01	0.2	42.1697	331.93	0
0.0302057	0.01	0.2	45.1856	306.273	0
0.0302057	0.01	0.2	48.4172	246.284	0
0.0302057	0.01	0.2	51.88	273.135	0
0.0302057	0.01	0.2	55.5904	179.777	0
0.0302057	0.01	0.2	59.5662	263.574	0
0.0302057	0.01	0.2	63.8263	178.347	0
0.0302057	0.01	0.2	68.3912	207.787	0
0.0302057	0.01	0.2	73.2825	183.662	0
0.0302057	0.01	0.2	78.5236	194.535	0
0.0302057	0.01	0.2	84.1395	153.626	0
0.0302057	0.01	0.2	90.1571	155.682	0
0.0302057	0.01	0.2	96.6051	167.335	0
0.0330019	0.01	0.2	0.103514	324.128	0
0.0330019	0.01	0.2	0.110917	323.349	0
0.0330019	0.01	0.2	0.11885	322.457	0
0.0330019	0.01	0.2	0.12735	321.439	0
0.0330019	0.01	0.2	0.136458	320.275	0
0.0330019	0.01	0.2	0.146218	318.948	0
0.0330019	0.01	0.2	0.156675	317.434	0
0.0330019	0.01	0.2	0.16788	315.709	0
0.0330019	0.01	0.2	0.179887	313.747	0
0.0330019	0.01	0.2	0.192752	311.517	0
0.0330019	0.01	0.2	0.206538	308.987	0
0.0330019	0.01	0.2	0.221309	306.122	0
0.0330019	0.01	0.2	0.237137	302.883	0
0.0330019	0.01	0.2	0.254097	299.231	0
0.0330019	0.01	0.2	0.27227	295.122	0
0.0330019	0.01	0.2	0.291743	290.515	0
0.0330019	0.01	0.2	0.312608	285.364	0
0.0330019	0.01	0.2	0.334965	279.63	0
0.0330019	0.01	0.2	0.358922	273.272	0
0.0330019	0.01	0.2	0.384592	266.26	0
0.0330019	0.01	0.2	0.412098	258.568	0
0.0330019	0.01	0.2	0.44157	250.184	0
0.0330019	0.01	0.2	0.473151	241.111	0
0.0330019	0.01	0.2	0.506991	231.372	0
0.0330019	0.01	0.2	0.54325	221.013	0
0.0330019	0.01	0.2	0.582103	210.105	0
0.0330019	0.01	0.2	0.623735	198.747	0
0.0330019	0.01	0.2	0.668344	187.067	0
0.0330019	0.01	0.2	0.716143	175.221	0
0.0330019	0.01	0.2	0.767361	163.383	0
0.0330019	0.01	0.2	0.822243	151.746	0
0.0330019	0.01	0.2	0.881049	140.507	0
0.0330019	0.01	0.2	0.944061	129.856	0
0.0330019	0.01	0.2	1.01158	119.971	0
0.0330019	0.01	0.2	1.08393	111.004	0
0.0330019	0.01	0.2	1.16145	103.084	0
0.0330019	0.01	0.2	1.24451	96.3138	0
0.0330019	0.01	0.2	1.33352	90.7773	0
0.0330019	0.01	0.2	1.42889	86.5517	0
0.0330019	0.01	0.2	1.53109	83.7162	0
0.0330019	0.01	0.2	1.64059	82.3597	0
0.0330019	0.01	0.2	1.75792	82.5806	0
0.0330019	0.01	0.2	1.88365	84.4739	0
0.0330019	0.01	0.2	2.01837	88.0972	0
0.0330019	0.01	0.2	2.16272	93.415	0
0.0330019	0.01	0.2	2.31739	100.231	0
0.0330019	0.01	0.2	2.48313	108.119	0
0.0330019	0.01	0.2	2.66073	116.346	0
0.0330019	0.01	0.2	2.85102	123.743	0
0.0330019	0.01	0.2	3.05492	128.643	0
0.0330019	0.01	0.2	3.27341	129.194	0
0.0330019	0.01	0.2	3.50752	124.253	0
0.0330019	0.01	0.2	3.75837	114.203	0
0.0330019	0.01	0.2	4.02717	100.568	0
0.0330019	0.01	0.2	4.31519	84.6639	0
0.0330019	0.01	0.2	4.62381	66.9797	0
0.0330019	0.01	0.2	4.9545	47.8408	0
0.0330019	0.01	0.2	5.30884	28.9151	0
0.0330019	0.01	0.2	5.68853	14.5338	0
0.0330019	0.01	0.2	6.09537	10.1931	0
0.0330019	0.01	0.2	6.53131	19.31	0
0.0330019	0.01	0.2	6.99842	41.5083	0
0.0330019	0.01	0.2	7.49894	72.1218	0
0.0330019	0.01	0.2	8.03526	101.155	0
0.0330019	0.01	0.2	8.60994	111.691	0
0.0330019	0.01	0.2	9.22571	100.876	0
0.0330019	0.01	0.2	9.88553	90.1387	0
0.0330019	0.01	0.2	10.5925	93.5326	0
0.0330019	0.01	0.2	11.3501	110.739	0
0.0330019	0.01	0.2	12.1619	135.626	0
0.0330019	0.01	0.2	13.0317	164.902	0
0.0330019	0.01	0.2	13.9637	183.558	0
0.0330019	0.01	0.2	14.9624	169.581	0
0.0330019	0.01	0.2	16.0325	131.475	0
0.0330019	0.01	0.2	17.1791	132.364	0
0.0330019	0.01	0.2	18.4077	183.213	0
0.0330019	0.01	0.2	19.7242	212.385	0
0.0330019	0.01	0.2	21.1349	205.078	0
0.0330019	0.01	0.2	22.6464	254.723	0
0.0330019	0.01	0.2	24.2661	304.322	0
0.0330019	0.01	0.2	26.0016	218.075	0
0.0330019	0.01	0.2	27.8612	214.297	0
0.0330019	0.01	0.2	29.8538	312.396	0
0.0330019	0.01	0.2	31.989	180.705	0
0.0330019	0.01	0.2	34.2768	235.34	0
0.0330019	0.01	0.2	36.7282	325.906	0
0.0330019	0.01	0.2	39.355	230.272	0
0.0330019	0.01	0.2	42.1697	333.797	0
0.0330019	0.01	0.2	45.1856	308.199	0
0.0330019	0.01	0.2	48.4172	243.397	0
0.0330019	0.01	0.2	51.88	268.002	0
0.0330019	0.01	0.2	55.5904	175.191	0
0.0330019	0.01	0.2	59.5662	257.39	0
0.0330019	0.01	0.2	63.8263	168.763	0
0.0330019	0.01	0.2	68.3912	202.203	0
0.0330019	0.01	0.2	73.2825	179.607	0
0.0330019	0.01	0.2	78.5236	191.165	0
0.0330019	0.01	0.2	84.1395	147.079	0
0.0330019	0.01	0.2	90.1571	148.519	0
0.0330019	0.01	0.2	96.6051	162.919	0
0.0360571	0.01	0.2	0.103514	323.64	0
0.0360571	0.01	0.2	0.110917	322.79	0
0.0360571	0.01	0.2	0.11885	321.818	0
0.0360571	0.01	0.2	0.12735	320.707	0
0.0360571	0.01	0.2	0.136458	319.438	0
0.0360571	0.01	0.2	0.146218	317.991	0
0.0360571	0.01	0.2	0.156675	316.341	0
0.0360571	0.01	0.2	0.16788	314.462	0
0.0360571	0.01	0.2	0.179887	312.325	0
0.0360571	0.01	0.2	0.192752	309.898	0
0.0360571	0.01	0.2	0.206538	307.145	0
0.0360571	0.01	0.2	0.221309	304.029	0
0.0360571	0.01	0.2	0.237137	300.509	0
0.0360571	0.01	0.2	0.254097	296.541	0
0.0360571	0.01	0.2	0.27227	292.083	0
0.0360571	0.01	0.2	0.291743	287.086	0
0.0360571	0.01	0.2	0.312608	281.508	0
0.0360571	0.01	0.2	0.334965	275.305	0
0.0360571	0.01	0.2	0.358922	268.438	0
0.0360571	0.01	0.2	0.384592	260.875	0
0.0360571	0.01	0.2	0.412098	252.596	0
0.0360571	0.01	0.2	0.44157	243.592	0
0.0360571	0.01	0.2	0.473151	233.874	0
0.0360571	0.01	0.2	0.506991	223.474	0
0.0360571	0.01	0.2	0.54325	212.45	0
0.0360571	0.01	0.2	0.582103	200.89	0
0.0360571	0.01	0.2	0.623735	188.911	0
0.0360571	0.01	0.2	0.668344	176.662	0
0.0360571	0.01	0.2	0.716143	164.321	0
0.0360571	0.01	0.2	0.767361	152.085	0
0.0360571	0.01	0.2	0.822243	140.167	0
0.0360571	0.01	0.2	0.881049	128.783	0
0.0360571	0.01	0.2	0.944061	118.137	0
0.0360571	0.01	0.2	1.01158	108.413	0
0.0360571	0.01	0.2	1.08393	99.7624	0
0.0360571	0.01	0.2	1.16145	92.305	0
0.0360571	0.01	0.2	1.24451	86.1257	0
0.0360571	0.01	0.2	1.33352	81.2825	0
0.0360571	0.01	0.2	1.42889	77.8163	0
0.0360571	0.01	0.2	1.53109	75.7616	0
0.0360571	0.01	0.2	1.64059	75.1569	0
0.0360571	0.01	0.2	1.75792	76.0509	0
0.0360571	0.01	0.2	1.88365	78.4994	0
0.0360571	0.01	0.2	2.01837	82.5428	0
0.0360571	0.01	0.2	2.16272	88.1543	0
0.0360571	0.01	0.2	2.31739	95.1667	0
0.0360571	0.01	0.2	2.48313	103.193	0
0.0360571	0.01	0.2	2.66073	111.535	0
0.0360571	0.01	0.2	2.85102	119.06	0
0.0360571	0.01	0.2	3.05492	124.125	0
0.0360571	0.01	0.2	3.27341	124.876	0
0.0360571	0.01	0.2	3.50752	120.116	0
0.0360571	0.01	0.2	3.75837	110.121	0
0.0360571	0.01	0.2	4.02717	96.2897	0
0.0360571	0.01	0.2	4.31519	79.8843	0
0.0360571	0.01	0.2	4.62381	61.4515	0
0.0360571	0.01	0.2	4.9545	41.4872	0
0.0360571	0.01	0.2	5.30884	21.9641	0
0.0360571	0.01	0.2	5.68853	7.45354	0
0.0360571	0.01	0.2	6.09537	3.42378	0
0.0360571	0.01	0.2	6.53131	13.2014	0
0.0360571	0.01	0.2	6.99842	36.2275	0
0.0360571	0.01	0.2	7.49894	67.7643	0
0.0360571	0.01	0.2	8.03526	97.6018	0
0.0360571	0.01	0.2	8.60994	108.509	0
0.0360571	0.01	0.2	9.22571	97.1596	0
0.0360571	0.01	0.2	9.88553	84.9128	0
0.0360571	0.01	0.2	10.5925	86.4068	0
0.0360571	0.01	0.2	11.3501	102.344	0
0.0360571	0.01	0.2	12.1619	127.334	0
0.0360571	0.01	0.2	13.0317	157.771	0
0.0360571	0.01	0.2	13.9637	177.841	0
0.0360571	0.01	0.2	14.9624	164.904	0
0.0360571	0.01	0.2	16.0325	126.997	0
0.0360571	0.01	0.2	17.1791	127.764	0
0.0360571	0.01	0.2	18.4077	179.505	0
0.0360571	0.01	0.2	19.7242	210.196	0
0.0360571	0.01	0.2	21.1349	203.299	0
0.0360571	0.01	0.2	22.6464	250.833	0
0.0360571	0.01	0.2	24.2661	297.291	0
0.0360571	0.01	0.2	26.0016	209.65	0
0.0360571	0.01	0.2	27.8612	207.573	0
0.0360571	0.01	0.2	29.8538	307.541	0
0.0360571	0.01	0.2	31.989	175.049	0
0.0360571	0.01	0.2	34.2768	227.138	0
0.0360571	0.01	0.2	36.7282	319.852	0
0.0360571	0.01	0.2	39.355	231.974	0
0.0360571	0.01	0.2	42.1697	339.47	0
0.0360571	0.01	0.2	45.1856	313.938	0
0.0360571	0.01	0.2	48.4172	243.631	0
0.0360571	0.01	0.2	51.88	265.692	0
0.0360571	0.01	0.2	55.5904	173.141	0
0.0360571	0.01	0.2	59.5662	253.375	0
0.0360571	0.01	0.2	63.8263	161.135	0
0.0360571	0.01	0.2	68.3912	199.135	0
0.0360571	0.01	0.2	73.2825	178.294	0
0.0360571	0.01	0.2	78.5236	190.666	0
0.0360571	0.01	0.2	84.1395	142.802	0
0.0360571	0.01	0.2	90.1571	143.473	0
0.0360571	0.01	0.2	96.6051	161.03	0
0.039395	0.01	0.2	0.103514	323.107	0
0.039395	0.01	0.2	0.110917	322.18	0
0.039395	0.01	0.2	0.11885	321.12	0
0.039395	0.01	0.2	0.12735	319.909	0
0.039395	0.01	0.2	0.136458	318.526	0
0.039395	0.01	0.2	0.146218	316.948	0
0.039395	0.01	0.2	0.156675	315.151	0
0.039395	0.01	0.2	0.16788	313.104	0
0.039395	0.01	0.2	0.179887	310.777	0
0.039395	0.01	0.2	0.192752	308.135	0
0.039395	0.01	0.2	0.206538	305.141	0
0.039395	0.01	0.2	0.221309	301.753	0
0.039395	0.01	0.2	0.237137	297.929	0
0.039395	0.01	0.2	0.254097	293.622	0
0.039395	0.01	0.2	0.27227	288.786	0
0.039395	0.01	0.2	0.291743	283.373	0
0.039395	0.01	0.2	0.312608	277.336	0
0.039395	0.01	0.2	0.334965	270.632	0
0.039395	0.01	0.2	0.358922	263.222	0
0.039395	0.01	0.2	0.384592	255.077	0
0.039395	0.01	0.2	0.412098	246.18	0
0.039395	0.01	0.2	0.44157	236.529	0
0.039395	0.01	0.2	0.473151	226.142	0
0.039395	0.01	0.2	0.506991	215.065	0
0.039395	0.01	0.2	0.54325	203.372	0
0.039395	0.01	0.2	0.582103	191.167	0
0.039395	0.01	0.2	0.623735	178.591	0
0.039395	0.01	0.2	0.668344	165.819	0
0.039395	0.01	0.2	0.716143	153.051	0
0.039395	0.01	0.2	0.767361	140.513	0
0.039395	0.01	0.2	0.822243	128.441	0
0.039395	0.01	0.2	0.881049	117.07	0
0.039395	0.01	0.2	0.944061	106.619	0
0.039395	0.01	0.2	1.01158	97.2749	0
0.039395	0.01	0.2	1.08393	89.1889	0
0.039395	0.01	0.2	1.16145	82.4651	0
0.039395	0.01	0.2	1.24451	77.1646	0
0.039395	0.01	0.2	1.33352	73.3101	0
0.039395	0.01	0.2	1.42889	70.8958	0
0.039395	0.01	0.2	1.53109	69.8987	0
0.039395	0.01	0.2	1.64059	70.2925	0
0.039395	0.01	0.2	1.75792	72.0624	0
0.039395	0.01	0.2	1.88365	75.2148	0
0.039395	0.01	0.2	2.01837	79.7688	0
0.039395	0.01	0.2	2.16272	85.7105	0
0.039395	0.01	0.2	2.31739	92.9124	0
0.039395	0.01	0.2	2.48313	101.039	0
0.039395	0.01	0.2	2.66073	109.442	0
0.039395	0.01	0.2	2.85102	117.038	0
0.039395	0.01	0.2	3.05492	122.233	0
0.039395	0.01	0.2	3.27341	123.189	0
0.039395	0.01	0.2	3.50752	118.667	0
0.039395	0.01	0.2	3.75837	108.829	0
0.039395	0.01	0.2	4.02717	94.9359	0
0.039395	0.01	0.2	4.31519	78.1856	0
0.039395	0.01	0.2	4.62381	59.1727	0
0.039395	0.01	0.2	4.9545	38.5426	0
0.039395	0.01	0.2	5.30884	18.5724	0
0.039395	0.01	0.2	5.68853	4.06574	0
0.039395	0.01	0.2	6.09537	0.42401	0
0.039395	0.01	0.2	6.53131	10.8888	0
0.039395	0.01	0.2	6.99842	34.7239	0
0.039395	0.01	0.2	7.49894	67.1616	0
0.039395	0.01	0.2	8.03526	97.7747	0
0.039395	0.01	0.2	8.60994	108.989	0
0.039395	0.01	0.2	9.22571	96.9135	0
0.039395	0.01	0.2	9.88553	82.8278	0
0.039395	0.01	0.2	10.5925	82.0523	0
0.039395	0.01	0.2	11.3501	96.4347	0
0.039395	0.01	0.2	12.1619	121.425	0
0.039395	0.01	0.2	13.0317	153.072	0
0.039395	0.01	0.2	13.9637	174.689	0
0.039395	0.01	0.2	14.9624	162.974	0
0.039395	0.01	0.2	16.0325	125.442	0
0.039395	0.01	0.2	17.1791	126.285	0
0.039395	0.01	0.2	18.4077	179.214	0
0.039395	0.01	0.2	19.7242	211.65	0
0.039395	0.01	0.2	21.1349	205.124	0
0.039395	0.01	0.2	22.6464	250.04	0
0.039395	0.01	0.2	24.2661	292.784	0
0.039395	0.01	0.2	26.0016	203.503	0
0.039395	0.01	0.2	27.8612	203.405	0
0.039395	0.01	0.2	29.8538	305.514	0
0.039395	0.01	0.2	31.989	172.253	0
0.039395	0.01	0.2	34.2768	221.595	0
0.039395	0.01	0.2	36.7282	316.653	0
0.039395	0.01	0.2	39.355	237.7	0
0.039395	0.01	0.2	42.1697	349.978	0
0.039395	0.01	0.2	45.1856	324.518	0
0.039395	0.01	0.2	48.4172	247.908	0
0.039395	0.01	0.2	51.88	267.088	0
0.039395	0.01	0.2	55.5904	174.418	0
0.039395	0.01	0.2	59.5662	252.243	0
0.039395	0.01	0.2	63.8263	156.182	0
0.039395	0.01	0.2	68.3912	199.385	0
0.039395	0.01	0.2	73.2825	180.557	0
0.039395	0.01	0.2	78.5236	193.897	0
0.039395	0.01	0.2	84.1395	141.548	0
0.039395	0.01	0.2	90.1571	141.263	0
0.039395	0.01	0.2	96.6051	162.452	0
0.043042	0.01	0.2	0.103514	322.526	0
0.043042	0.01	0.2	0.110917	321.515	0
0.043042	0.01	0.2	0.11885	320.359	0
0.043042	0.01	0.2	0.12735	319.038	0
0.043042	0.01	0.2	0.136458	317.531	0
0.043042	0.01	0.2	0.146218	315.812	0
0.043042	0.01	0.2	0.156675	313.854	0
0.043042	0.01	0.2	0.16788	311.625	0
0.043042	0.01	0.2	0.179887	309.092	0
0.043042	0.01	0.2	0.192752	306.218	0
0.043042	0.01	0.2	0.206538	302.962	0
0.043042	0.01	0.2	0.221309	299.28	0
0.043042	0.01	0.2	0.237137	295.128	0
0.043042	0.01	0.2	0.254097	290.455	0
0.043042	0.01	0.2	0.27227	285.213	0
0.043042	0.01	0.2	0.291743	279.353	0
0.043042	0.01	0.2	0.312608	272.825	0
0.043042	0.01	0.2	0.334965	265.588	0
0.043042	0.01	0.2	0.358922	257.603	0
0.043042	0.01	0.2	0.384592	248.845	0
0.043042	0.01	0.2	0.412098	239.3	0
0.043042	0.01	0.2	0.44157	228.977	0
0.043042	0.01	0.2	0.473151	217.904	0
0.043042	0.01	0.2	0.506991	206.142	0
0.043042	0.01	0.2	0.54325	193.782	0
0.043042	0.01	0.2	0.582103	180.955	0
0.043042	0.01	0.2	0.623735	167.825	0
0.043042	0.01	0.2	0.668344	154.596	0
0.043042	0.01	0.2	0.716143	141.499	0
0.043042	0.01	0.2	0.767361	128.79	0
0.043042	0.01	0.2	0.822243	116.731	0
0.043042	0.01	0.2	0.881049	105.578	0
0.043042	0.01	0.2	0.944061	95.5632	0
0.043042	0.01	0.2	1.01158	86.88	0
0.043042	0.01	0.2	1.08393	79.6703	0
0.043042	0.01	0.2	1.16145	74.0192	0
0.043042	0.01	0.2	1.24451	69.9553	0
0.043042	0.01	0.2	1.33352	67.4555	0
0.043042	0.01	0.2	1.42889	66.4539	0
0.043042	0.01	0.2	1.53109	66.8545	0
0.043042	0.01	0.2	1.64059	68.549	0
0.043042	0.01	0.2	1.75792	71.4419	0
0.043042	0.01	0.2	1.88365	75.4781	0
0.043042	0.01	0.2	2.01837	80.6506	0
0.043042	0.01	0.2	2.16272	86.9636	0
0.043042	0.01	0.2	2.31739	94.3425	0
0.043042	0.01	0.2	2.48313	102.518	0
0.043042	0.01	0.2	2.66073	110.912	0
0.043042	0.01	0.2	2.85102	118.508	0
0.043042	0.01	0.2	3.05492	123.783	0
0.043042	0.01	0.2	3.27341	124.948	0
0.043042	0.01	0.2	3.50752	120.736	0
0.043042	0.01	0.2	3.75837	111.188	0
0.043042	0.01	0.2	4.02717	97.409	0
0.043042	0.01	0.2	4.31519	80.5229	0
0.043042	0.01	0.2	4.62381	61.1581	0
0.043042	0.01	0.2	4.9545	40.0808	0
0.043042	0.01	0.2	5.30884	19.8665	0
0.043042	0.01	0.2	5.68853	5.53695	0
0.043042	0.01	0.2	6.09537	2.37738	0
0.043042	0.01	0.2	6.53131	13.5528	0
0.043042	0.01	0.2	6.99842	38.1589	0
0.043042	0.01	0.2	7.49894	71.4534	0
0.043042	0.01	0.2	8.03526	102.792	0
0.043042	0.01	0.2	8.60994	114.227	0
0.043042	0.01	0.2	9.22571	101.19	0
0.043042	0.01	0.2	9.88553	84.8694	0
0.043042	0.01	0.2	10.5925	81.3817	0
0.043042	0.01	0.2	11.3501	93.8627	0
0.043042	0.01	0.2	12.1619	118.719	0
0.043042	0.01	0.2	13.0317	151.619	0
0.043042	0.01	0.2	13.9637	174.932	0
0.043042	0.01	0.2	14.9624	164.653	0
0.043042	0.01	0.2	16.0325	127.722	0
0.043042	0.01	0.2	17.1791	128.893	0
0.043042	0.01	0.2	18.4077	183.376	0
0.043042	0.01	0.2	19.7242	217.822	0
0.043042	0.01	0.2	21.1349	211.606	0
0.043042	0.01	0.2	22.6464	253.291	0
0.043042	0.01	0.2	24.2661	291.637	0
0.043042	0.01	0.2	26.0016	200.427	0
0.043042	0.01	0.2	27.8612	202.634	0
0.043042	0.01	0.2	29.8538	307.205	0
0.043042	0.01	0.2	31.989	173.231	0
0.043042	0.01	0.2	34.2768	219.613	0
0.043042	0.01	0.2	36.7282	317.219	0
0.043042	0.01	0.2	39.355	248.541	0
0.043042	0.01	0.2	42.1697	366.568	0
0.043042	0.01	0.2	45.1856	341.184	0
0.043042	0.01	0.2	48.4172	257.352	0
0.043042	0.01	0.2	51.88	273.269	0
0.043042	0.01	0.2	55.5904	179.992	0
0.043042	0.01	0.2	59.5662	254.869	0
0.043042	0.01	0.2	63.8263	154.787	0
0.043042	0.01	0.2	68.3912	203.939	0
0.043042	0.01	0.2	73.2825	187.411	0
0.043042	0.01	0.2	78.5236	201.904	0
0.043042	0.01	0.2	84.1395	144.235	0
0.043042	0.01	0.2	90.1571	142.776	0
0.043042	0.01	0.2	96.6051	168.144	0
0.0470266	0.01	0.2	0.103514	321.893	0
0.0470266	0.01	0.2	0.110917	320.79	0
0.0470266	0.01	0.2	0.11885	319.529	0
0.0470266	0.01	0.2	0.12735	318.09	0
0.0470266	0.01	0.2	0.136458	316.447	0
0.0470266	0.01	0.2	0.146218	314.574	0
0.0470266	0.01	0.2	0.156675	312.441	0
0.0470266	0.01	0.2	0.16788	310.015	0
0.0470266	0.01	0.2	0.179887	307.259	0
0.0470266	0.01	0.2	0.192752	304.133	0
0.0470266	0.01	0.2	0.206538	300.594	0
0.0470266	0.01	0.2	0.221309	296.595	0
0.0470266	0.01	0.2	0.237137	292.088	0
0.0470266	0.01	0.2	0.254097	287.022	0
0.0470266	0.01	0.2	0.27227	281.344	0
0.0470266	0.01	0.2	0.291743	275.005	0
0.0470266	0.01	0.2	0.312608	267.955	0
0.0470266	0.01	0.2	0.334965	260.151	0
0.0470266	0.01	0.2	0.358922	251.559	0
0.0470266	0.01	0.2	0.384592	242.157	0
0.0470266	0.01	0.2	0.412098	231.939	0
0.0470266	0.01	0.2	0.44157	220.922	0
0.0470266	0.01	0.2	0.473151	209.152	0
0.0470266	0.01	0.2	0.506991	196.705	0
0.0470266	0.01	0.2	0.54325	183.699	0
0.0470266	0.01	0.2	0.582103	170.287	0
0.0470266	0.01	0.2	0.623735	156.668	0
0.0470266	0.01	0.2	0.668344	143.079	0
0.0470266	0.01	0.2	0.716143	129.785	0
0.0470266	0.01	0.2	0.767361	117.077	0
0.0470266	0.01	0.2	0.822243	105.247	0
0.0470266	0.01	0.2	0.881049	94.5741	0
0.0470266	0.01	0.2	0.944061	85.3047	0
0.0470266	0.01	0.2	1.01158	77.6333	0
0.0470266	0.01	0.2	1.08393	71.6898	0
0.0470266	0.01	0.2	1.16145	67.5328	0
0.0470266	0.01	0.2	1.24451	65.1481	0
0.0470266	0.01	0.2	1.33352	64.4538	0
0.0470266	0.01	0.2	1.42889	65.308	0
0.0470266	0.01	0.2	1.53109	67.5225	0
0.0470266	0.01	0.2	1.64059	70.8858	0
0.0470266	0.01	0.2	1.75792	75.202	0
0.0470266	0.01	0.2	1.88365	80.3389	0
0.0470266	0.01	0.2	2.01837	86.2583	0
0.0470266	0.01	0.2	2.16272	92.9889	0
0.0470266	0.01	0.2	2.31739	100.525	0
0.0470266	0.01	0.2	2.48313	108.685	0
0.0470266	0.01	0.2	2.66073	116.979	0
0.0470266	0.01	0.2	2.85102	124.483	0
0.0470266	0.01	0.2	3.05492	129.777	0
0.0470266	0.01	0.2	3.27341	131.154	0
0.0470266	0.01	0.2	3.50752	127.342	0
0.0470266	0.01	0.2	3.75837	118.252	0
0.0470266	0.01	0.2	4.02717	104.814	0
0.0470266	0.01	0.2	4.31519	88.0656	0
0.0470266	0.01	0.2	4.62381	68.6509	0
0.0470266	0.01	0.2	4.9545	47.4171	0
0.0470266	0.01	0.2	5.30884	27.2265	0
0.0470266	0.01	0.2	5.68853	13.2965	0
0.0470266	0.01	0.2	6.09537	10.7337	0
0.0470266	0.01	0.2	6.53131	22.6385	0
0.0470266	0.01	0.2	6.99842	47.9541	0
0.0470266	0.01	0.2	7.49894	82.0348	0
0.0470266	0.01	0.2	8.03526	114.022	0
0.0470266	0.01	0.2	8.60994	125.564	0
0.0470266	0.01	0.2	9.22571	111.277	0
0.0470266	0.01	0.2	9.88553	92.2473	0
0.0470266	0.01	0.2	10.5925	85.5174	0
0.0470266	0.01	0.2	11.3501	95.6759	0
0.0470266	0.01	0.2	12.1619	120.224	0
0.0470266	0.01	0.2	13.0317	154.412	0
0.0470266	0.01	0.2	13.9637	179.592	0
0.0470266	0.01	0.2	14.9624	171.007	0
0.0470266	0.01	0.2	16.0325	134.954	0
0.0470266	0.01	0.2	17.1791	136.775	0
0.0470266	0.01	0.2	18.4077	193.26	0
0.0470266	0.01	0.2	19.7242	230.024	0
0.0470266	0.01	0.2	21.1349	224.036	0
0.0470266	0.01	0.2	22.6464	261.744	0
0.0470266	0.01	0.2	24.2661	294.878	0
0.0470266	0.01	0.2	26.0016	201.396	0
0.0470266	0.01	0.2	27.8612	206.294	0
0.0470266	0.01	0.2	29.8538	313.705	0
0.0470266	0.01	0.2	31.989	179.107	0
0.0470266	0.01	0.2	34.2768	222.3	0
0.0470266	0.01	0.2	36.7282	322.667	0
0.0470266	0.01	0.2	39.355	265.824	0
0.0470266	0.01	0.2	42.1697	390.744	0
0.0470266	0.01	0.2	45.1856	365.442	0
0.0470266	0.01	0.2	48.4172	273.325	0
0.0470266	0.01	0.2	51.88	285.553	0
0.0470266	0.01	0.2	55.5904	191.039	0
0.0470266	0.01	0.2	59.5662	262.319	0
0.0470266	0.01	0.2	63.8263	158.034	0
0.0470266	0.01	0.2	68.3912	213.996	0
0.0470266	0.01	0.2	73.2825	200.09	0
0.0470266	0.01	0.2	78.5236	215.954	0
0.0470266	0.01	0.2	84.1395	151.986	0
0.0470266	0.01	0.2	90.1571	149.095	0
0.0470266	0.01	0.2	96.6051	179.274	0
0.05138	0.01	0.2	0.103514	321.202	0
0.05138	0.01	0.2	0.110917	319.999	0
0.05138	0.01	0.2	0.11885	318.625	0
0.05138	0.01	0.2	0.12735	317.056	0
0.05138	0.01	0.2	0.136458	315.266	0
0.05138	0.01	0.2	0.146218	313.226	0
0.05138	0.01	0.2	0.156675	310.904	0
0.05138	0.01	0.2	0.16788	308.263	0
0.05138	0.01	0.2	0.179887	305.265	0
0.05138	0.01	0.2	0.192752	301.866	0
0.05138	0.01	0.2	0.206538	298.021	0
0.05138	0.01	0.2	0.221309	293.68	0
0.05138	0.01	0.2	0.237137	288.792	0
0.05138	0.01	0.2	0.254097	283.303	0
0.05138	0.01	0.2	0.27227	277.159	0
0.05138	0.01	0.2	0.291743	270.309	0
0.05138	0.01	0.2	0.312608	262.703	0
0.05138	0.01	0.2	0.334965	254.3	0
0.05138	0.01	0.2	0.358922	245.069	0
0.05138	0.01	0.2	0.384592	234.994	0
0.05138	0.01	0.2	0.412098	224.08	0
0.05138	0.01	0.2	0.44157	212.356	0
0.05138	0.01	0.2	0.473151	199.886	0
0.05138	0.01	0.2	0.506991	186.769	0
0.05138	0.01	0.2	0.54325	173.149	0
0.05138	0.01	0.2	0.582103	159.215	0
0.05138	0.01	0.2	0.623735	145.2	0
0.05138	0.01	0.2	0.668344	131.381	0
0.05138	0.01	0.2	0.716143	118.066	0
0.05138	0.01	0.2	0.767361	105.583	0
0.05138	0.01	0.2	0.822243	94.2595	0
0.05138	0.01	0.2	0.881049	84.3992	0
0.05138	0.01	0.2	0.944061	76.2619	0
0.05138	0.01	0.2	1.01158	70.0406	0
0.05138	0.01	0.2	1.08393	65.8476	0
0.05138	0.01	0.2	1.16145	63.705	0
0.05138	0.01	0.2	1.24451	63.5442	0
0.05138	0.01	0.2	1.33352	65.2083	0
0.05138	0.01	0.2	1.42889	68.4601	0
0.05138	0.01	0.2	1.53109	72.9957	0
0.05138	0.01	0.2	1.64059	78.4752	0
0.05138	0.01	0.2	1.75792	84.5778	0
0.05138	0.01	0.2	1.88365	91.0762	0
0.05138	0.01	0.2	2.01837	97.8948	0
0.05138	0.01	0.2	2.16272	105.095	0
0.05138	0.01	0.2	2.31739	112.76	0
0.05138	0.01	0.2	2.48313	120.821	0
0.05138	0.01	0.2	2.66073	128.9	0
0.05138	0.01	0.2	2.85102	136.196	0
0.05138	0.01	0.2	3.05492	141.433	0
0.05138	0.01	0.2	3.27341	143.026	0
0.05138	0.01	0.2	3.50752	139.726	0
0.05138	0.01	0.2	3.75837	131.307	0
0.05138	0.01	0.2	4.02717	118.499	0
0.05138	0.01	0.2	4.31519	102.241	0
0.05138	0.01	0.2	4.62381	83.1684	0
0.05138	0.01	0.2	4.9545	62.1575	0
0.05138	0.01	0.2	5.30884	42.3374	0
0.05138	0.01	0.2	5.68853	29.0891	0
0.05138	0.01	0.2	6.09537	27.2626	0
0.05138	0.01	0.2	6.53131	39.91	0
0.05138	0.01	0.2	6.99842	65.8444	0
0.05138	0.01	0.2	7.49894	100.608	0
0.05138	0.01	0.2	8.03526	133.136	0
0.05138	0.01	0.2	8.60994	144.636	0
0.05138	0.01	0.2	9.22571	128.75	0
0.05138	0.01	0.2	9.88553	106.441	0
0.05138	0.01	0.2	10.5925	95.8343	0
0.05138	0.01	0.2	11.3501	103.159	0
0.05138	0.01	0.2	12.1619	127.175	0
0.05138	0.01	0.2	13.0317	162.678	0
0.05138	0.01	0.2	13.9637	189.918	0
0.05138	0.01	0.2	14.9624	183.335	0
0.05138	0.01	0.2	16.0325	148.508	0
0.05138	0.01	0.2	17.1791	151.381	0
0.05138	0.01	0.2	18.4077	210.415	0
0.05138	0.01	0.2	19.7242	249.86	0
0.05138	0.01	0.2	21.1349	243.984	0
0.05138	0.01	0.2	22.6464	276.811	0
0.05138	0.01	0.2	24.2661	303.762	0
0.05138	0.01	0.2	26.0016	207.604	0
0.05138	0.01	0.2	27.8612	215.652	0
0.05138	0.01	0.2	29.8538	326.347	0
0.05138	0.01	0.2	31.989	191.258	0
0.05138	0.01	0.2	34.2768	231.019	0
0.05138	0.01	0.2	36.7282	334.359	0
0.05138	0.01	0.2	39.355	291.152	0
0.05138	0.01	0.2	42.1697	424.32	0
0.05138	0.01	0.2	45.1856	399.103	0
0.05138	0.01	0.2	48.4172	297.478	0
0.05138	0.01	0.2	51.88	305.538	0
0.05138	0.01	0.2	55.5904	208.99	0
0.05138	0.01	0.2	59.5662	275.888	0
0.05138	0.01	0.2	63.8263	167.247	0
0.05138	0.01	0.2	68.3912	231.013	0
0.05138	0.01	0.2	73.2825	220.09	0
0.05138	0.01	0.2	78.5236	237.583	0
0.05138	0.01	0.2	84.1395	166.166	0
0.05138	0.01	0.2	90.1571	161.54	0
0.05138	0.01	0.2	96.6051	197.257	0
0.0561365	0.01	0.2	0.103514	320.448	0
0.0561365	0.01	0.2	0.110917	319.137	0
0.0561365	0.01	0.2	0.11885	317.639	0
0.0561365	0.01	0.2	0.12735	315.93	0
0.0561365	0.01	0.2	0.136458	313.98	0
0.0561365	0.01	0.2	0.146218	311.758	0
0.0561365	0.01	0.2	0.156675	309.23	0
0.0561365	0.01	0.2	0.16788	306.357	0
0.0561365	0.01	0.2	0.179887	303.097	0
0.0561365	0.01	0.2	0.192752	299.404	0
0.0561365	0.01	0.2	0.206538	295.229	0
0.0561365	0.01	0.2	0.221309	290.519	0
0.0561365	0.01	0.2	0.237137	285.221	0
0.0561365	0.01	0.2	0.254097	279.278	0
0.0561365	0.01	0.2	0.27227	272.636	0
0.0561365	0.01	0.2	0.291743	265.241	0
0.0561365	0.01	0.2	0.312608	257.046	0
0.0561365	0.01	0.2	0.334965	248.012	0
0.0561365	0.01	0.2	0.358922	238.112	0
0.0561365	0.01	0.2	0.384592	227.341	0
0.0561365	0.01	0.2	0.412098	215.713	0
0.0561365	0.01	0.2	0.44157	203.276	0
0.0561365	0.01	0.2	0.473151	190.115	0
0.0561365	0.01	0.2	0.506991	176.357	0
0.0561365	0.01	0.2	0.54325	162.18	0
0.0561365	0.01	0.2	0.582103	147.811	0
0.0561365	0.01	0.2	0.623735	133.528	0
0.0561365	0.01	0.2	0.668344	119.654	0
0.0561365	0.01	0.2	0.716143	106.547	0
0.0561365	0.01	0.2	0.767361	94.5769	0
0.0561365	0.01	0.2	0.822243	84.1107	0
0.0561365	0.01	0.2	0.881049	75.4801	0
0.0561365	0.01	0.2	0.944061	68.9571	0
0.0561365	0.01	0.2	1.01158	64.7298	0
0.0561365	0.01	0.2	1.08393	62.8845	0
0.0561365	0.01	0.2	1.16145	63.3963	0
0.0561365	0.01	0.2	1.24451	66.1266	0
0.0561365	0.01	0.2	1.33352	70.8245	0
0.0561365	0.01	0.2	1.42889	77.1334	0
0.0561365	0.01	0.2	1.53109	84.6061	0
0.0561365	0.01	0.2	1.64059	92.7436	0
0.0561365	0.01	0.2	1.75792	101.071	0
0.0561365	0.01	0.2	1.88365	109.243	0
0.0561365	0.01	0.2	2.01837	117.141	0
0.0561365	0.01	0.2	2.16272	124.87	0
0.0561365	0.01	0.2	2.31739	132.625	0
0.0561365	0.01	0.2	2.48313	140.48	0
0.0561365	0.01	0.2	2.66073	148.201	0
0.0561365	0.01	0.2	2.85102	155.148	0
0.0561365	0.01	0.2	3.05492	160.23	0
0.0561365	0.01	0.2	3.27341	162.046	0
0.0561365	0.01	0.2	3.50752	159.397	0
0.0561365	0.01	0.2	3.75837	151.918	0
0.0561365	0.01	0.2	4.02717	140.105	0
0.0561365	0.01	0.2	4.31519	124.786	0
0.0561365	0.01	0.2	4.62381	106.557	0
0.0561365	0.01	0.2	4.9545	86.256	0
0.0561365	0.01	0.2	5.30884	67.2495	0
0.0561365	0.01	0.2	5.68853	55.038	0
0.0561365	0.01	0.2	6.09537	54.1172	0
0.0561365	0.01	0.2	6.53131	67.513	0
0.0561365	0.01	0.2	6.99842	93.9396	0
0.0561365	0.01	0.2	7.49894	129.242	0
0.0561365	0.01	0.2	8.03526	162.164	0
0.0561365	0.01	0.2	8.60994	173.436	0
0.0561365	0.01	0.2	9.22571	155.526	0
0.0561365	0.01	0.2	9.88553	129.257	0
0.0561365	0.01	0.2	10.5925	114.012	0
0.0561365	0.01	0.2	11.3501	117.88	0
0.0561365	0.01	0.2	12.1619	141.079	0
0.0561365	0.01	0.2	13.0317	177.914	0
0.0561365	0.01	0.2	13.9637	207.44	0
0.0561365	0.01	0.2	14.9624	203.227	0
0.0561365	0.01	0.2	16.0325	170.051	0
0.0561365	0.01	0.2	17.1791	174.478	0
0.0561365	0.01	0.2	18.4077	236.728	0
0.0561365	0.01	0.2	19.7242	279.28	0
0.0561365	0.01	0.2	21.1349	273.362	0
0.0561365	0.01	0.2	22.6464	300.215	0
0.0561365	0.01	0.2	24.2661	319.824	0
0.0561365	0.01	0.2	26.0016	220.509	0
0.0561365	0.01	0.2	27.8612	232.252	0
0.0561365	0.01	0.2	29.8538	346.759	0
0.0561365	0.01	0.2	31.989	211.362	0
0.0561365	0.01	0.2	34.2768	247.434	0
0.0561365	0.01	0.2	36.7282	353.956	0
0.0561365	0.01	0.2	39.355	326.46	0
0.0561365	0.01	0.2	42.1697	469.477	0
0.0561365	0.01	0.2	45.1856	444.341	0
0.0561365	0.01	0.2	48.4172	331.8	0
0.0561365	0.01	0.2	51.88	335.163	0
0.0561365	0.01	0.2	55.5904	235.578	0
0.0561365	0.01	0.2	59.5662	297.145	0
0.0561365	0.01	0.2	63.8263	184.036	0
0.0561365	0.01	0.2	68.3912	256.756	0
0.0561365	0.01	0.2	73.2825	249.209	0
0.0561365	0.01	0.2	78.5236	268.639	0
0.0561365	0.01	0.2	84.1395	188.427	0
0.0561365	0.01	0.2	90.1571	181.714	0
0.0561365	0.01	0.2	96.6051	223.806	0
0.0613333	0.01	0.2	0.103514	319.627	0
0.0613333	0.01	0.2	0.110917	318.198	0
0.0613333	0.01	0.2	0.11885	316.565	0
0.0613333	0.01	0.2	0.12735	314.703	0
0.0613333	0.01	0.2	0.136458	312.579	0
0.0613333	0.01	0.2	0.146218	310.161	0
0.0613333	0.01	0.2	0.156675	307.41	0
0.0613333	0.01	0.2	0.16788	304.285	0
0.0613333	0.01	0.2	0.179887	300.742	0
0.0613333	0.01	0.2	0.192752	296.73	0
0.0613333	0.01	0.2	0.206538	292.199	0
0.0613333	0.01	0.2	0.221309	287.092	0
0.0613333	0.01	0.2	0.237137	281.354	0
0.0613333	0.01	0.2	0.254097	274.926	0
0.0613333	0.01	0.2	0.27227	267.752	0
0.0613333	0.01	0.2	0.291743	259.78	0
0.0613333	0.01	0.2	0.312608	250.962	0
0.0613333	0.01	0.2	0.334965	241.266	0
0.0613333	0.01	0.2	0.358922	230.672	0
0.0613333	0.01	0.2	0.384592	219.184	0
0.0613333	0.01	0.2	0.412098	206.833	0
0.0613333	0.01	0.2	0.44157	193.687	0
0.0613333	0.01	0.2	0.473151	179.859	0
0.0613333	0.01	0.2	0.506991	165.511	0
0.0613333	0.01	0.2	0.54325	150.858	0
0.0613333	0.01	0.2	0.582103	136.176	0
0.0613333	0.01	0.2	0.623735	121.796	0
0.0613333	0.01	0.2	0.668344	108.097	0
0.0613333	0.01	0.2	0.716143	95.4884	0
0.0613333	0.01	0.2	0.767361	84.3964	0
0.0613333	0.01	0.2	0.822243	75.2291	0
0.0613333	0.01	0.2	0.881049	68.3484	0
0.0613333	0.01	0.2	0.944061	64.0378	0
0.0613333	0.01	0.2	1.01158	62.4748	0
0.0613333	0.01	0.2	1.08393	63.711	0
0.0613333	0.01	0.2	1.16145	67.6606	0
0.0613333	0.01	0.2	1.24451	74.0961	0
0.0613333	0.01	0.2	1.33352	82.6496	0
0.0613333	0.01	0.2	1.42889	92.8162	0
0.0613333	0.01	0.2	1.53109	103.972	0
0.0613333	0.01	0.2	1.64059	115.421	0
0.0613333	0.01	0.2	1.75792	126.499	0
0.0613333	0.01	0.2	1.88365	136.719	0
0.0613333	0.01	0.2	2.01837	145.91	0
0.0613333	0.01	0.2	2.16272	154.232	0
0.0613333	0.01	0.2	2.31739	162.025	0
0.0613333	0.01	0.2	2.48313	169.541	0
0.0613333	0.01	0.2	2.66073	176.73	0
0.0613333	0.01	0.2	2.85102	183.15	0
0.0613333	0.01	0.2	3.05492	187.963	0
0.0613333	0.01	0.2	3.27341	190.009	0
0.0613333	0.01	0.2	3.50752	188.188	0
0.0613333	0.01	0.2	3.75837	181.982	0
0.0613333	0.01	0.2	4.02717	171.623	0
0.0613333	0.01	0.2	4.31519	157.808	0
0.0613333	0.01	0.2	4.62381	141.057	0
0.0613333	0.01	0.2	4.9545	122.084	0
0.0613333	0.01	0.2	5.30884	104.451	0
0.0613333	0.01	0.2	5.68853	93.7194	0
0.0613333	0.01	0.2	6.09537	93.9098	0
0.0613333	0.01	0.2	6.53131	108.051	0
0.0613333	0.01	0.2	6.99842	134.8	0
0.0613333	0.01	0.2	7.49894	170.448	0
0.0613333	0.01	0.2	8.03526	203.573	0
0.0613333	0.01	0.2	8.60994	214.381	0
0.0613333	0.01	0.2	9.22571	193.937	0
0.0613333	0.01	0.2	9.88553	162.891	0
0.0613333	0.01	0.2	10.5925	142.094	0
0.0613333	0.01	0.2	11.3501	141.749	0
0.0613333	0.01	0.2	12.1619	163.772	0
0.0613333	0.01	0.2	13.0317	201.942	0
0.0613333	0.01	0.2	13.9637	234.015	0
0.0613333	0.01	0.2	14.9624	232.618	0
0.0613333	0.01	0.2	16.0325	201.613	0
0.0613333	0.01	0.2	17.1791	208.215	0
0.0613333	0.01	0.2	18.4077	274.491	0
0.0613333	0.01	0.2	19.7242	320.652	0
0.0613333	0.01	0.2	21.1349	314.49	0
0.0613333	0.01	0.2	22.6464	334.044	0
0.0613333	0.01	0.2	24.2661	344.925	0
0.0613333	0.01	0.2	26.0016	241.886	0
0.0613333	0.01	0.2	27.8612	257.974	0
0.0613333	0.01	0.2	29.8538	376.92	0
0.0613333	0.01	0.2	31.989	241.468	0
0.0613333	0.01	0.2	34.2768	273.575	0
0.0613333	0.01	0.2	36.7282	383.47	0
0.0613333	0.01	0.2	39.355	374.073	0
0.0613333	0.01	0.2	42.1697	528.826	0
0.0613333	0.01	0.2	45.1856	503.764	0
0.0613333	0.01	0.2	48.4172	378.687	0
0.0613333	0.01	0.2	51.88	376.767	0
0.0613333	0.01	0.2	55.5904	272.89	0
0.0613333	0.01	0.2	59.5662	327.984	0
0.0613333	0.01	0.2	63.8263	210.353	0
0.0613333	0.01	0.2	68.3912	293.36	0
0.0613333	0.01	0.2	73.2825	289.617	0
0.0613333	0.01	0.2	78.5236	311.346	0
0.0613333	0.01	0.2	84.1395	220.769	0
0.0613333	0.01	0.2	90.1571	211.56	0
0.0613333	0.01	0.2	96.6051	260.986	0
0.0670111	0.01	0.2	0.103514	318.732	0
0.0670111	0.01	0.2	0.110917	317.174	0
0.0670111	0.01	0.2	0.11885	315.396	0
0.0670111	0.01	0.2	0.12735	313.367	0
0.0670111	0.01	0.2	0.136458	311.055	0
0.0670111	0.01	0.2	0.146218	308.423	0
0.0670111	0.01	0.2	0.156675	305.43	0
0.0670111	0.01	0.2	0.16788	302.033	0
0.0670111	0.01	0.2	0.179887	298.183	0
0.0670111	0.01	0.2	0.192752	293.829	0
0.0670111	0.01	0.2	0.206538	288.914	0
0.0670111	0.01	0.2	0.221309	283.381	0
0.0670111	0.01	0.2	0.237137	277.172	0
0.0670111	0.01	0.2	0.254097	270.226	0
0.0670111	0.01	0.2	0.27227	262.487	0
0.0670111	0.01	0.2	0.291743	253.903	0
0.0670111	0.01	0.2	0.312608	244.432	0
0.0670111	0.01	0.2	0.334965	234.045	0
0.0670111	0.01	0.2	0.358922	222.734	0
0.0670111	0.01	0.2	0.384592	210.515	0
0.0670111	0.01	0.2	0.412098	197.441	0
0.0670111	0.01	0.2	0.44157	183.606	0
0.0670111	0.01	0.2	0.473151	169.154	0
0.0670111	0.01	0.2	0.506991	154.289	0
0.0670111	0.01	0.2	0.54325	139.277	0
0.0670111	0.01	0.2	0.582103	124.447	0
0.0670111	0.01	0.2	0.623735	110.194	0
0.0670111	0.01	0.2	0.668344	96.9606	0
0.0670111	0.01	0.2	0.716143	85.2237	0
0.0670111	0.01	0.2	0.767361	75.4673	0
0.0670111	0.01	0.2	0.822243	68.1489	0
0.0670111	0.01	0.2	0.881049	63.6625	0
0.0670111	0.01	0.2	0.944061	62.3013	0
0.0670111	0.01	0.2	1.01158	64.2259	0
0.0670111	0.01	0.2	1.08393	69.4413	0
0.0670111	0.01	0.2	1.16145	77.7835	0
0.0670111	0.01	0.2	1.24451	88.9144	0
0.0670111	0.01	0.2	1.33352	102.32	0
0.0670111	0.01	0.2	1.42889	117.313	0
0.0670111	0.01	0.2	1.53109	133.051	0
0.0670111	0.01	0.2	1.64059	148.598	0
0.0670111	0.01	0.2	1.75792	163.059	0
0.0670111	0.01	0.2	1.88365	175.773	0
0.0670111	0.01	0.2	2.01837	186.507	0
0.0670111	0.01	0.2	2.16272	195.495	0
0.0670111	0.01	0.2	2.31739	203.257	0
0.0670111	0.01	0.2	2.48313	210.271	0
0.0670111	0.01	0.2	2.66073	216.711	0
0.0670111	0.01	0.2	2.85102	222.392	0
0.0670111	0.01	0.2	3.05492	226.795	0
0.0670111	0.01	0.2	3.27341	229.087	0
0.0670111	0.01	0.2	3.50752	228.314	0
0.0670111	0.01	0.2	3.75837	223.796	0
0.0670111	0.01	0.2	4.02717	215.464	0
0.0670111	0.01	0.2	4.31519	203.86	0
0.0670111	0.01	0.2	4.62381	189.382	0
0.0670111	0.01	0.2	4.9545	172.512	0
0.0670111	0.01	0.2	5.30884	156.954	0
0.0670111	0.01	0.2	5.68853	148.251	0
0.0670111	0.01	0.2	6.09537	149.802	0
0.0670111	0.01	0.2	6.53131	164.673	0
0.0670111	0.01	0.2	6.99842	191.522	0
0.0670111	0.01	0.2	7.49894	227.267	0
0.0670111	0.01	0.2	8.03526	260.346	0
0.0670111	0.01	0.2	8.60994	270.403	0
0.0670111	0.01	0.2	9.22571	246.812	0
0.0670111	0.01	0.2	9.88553	210.012	0
0.0670111	0.01	0.2	10.5925	182.567	0
0.0670111	0.01	0.2	11.3501	177.088	0
0.0670111	0.01	0.2	12.1619	197.481	0
0.0670111	0.01	0.2	13.0317	236.976	0
0.0670111	0.01	0.2	13.9637	271.906	0
0.0670111	0.01	0.2	14.9624	273.86	0
0.0670111	0.01	0.2	16.0325	245.66	0
0.0670111	0.01	0.2	17.1791	255.198	0
0.0670111	0.01	0.2	18.4077	326.482	0
0.0670111	0.01	0.2	19.7242	376.844	0
0.0670111	0.01	0.2	21.1349	370.175	0
0.0670111	0.01	0.2	22.6464	380.83	0
0.0670111	0.01	0.2	24.2661	381.325	0
0.0670111	0.01	0.2	26.0016	273.89	0
0.0670111	0.01	0.2	27.8612	295.1	0
0.0670111	0.01	0.2	29.8538	419.233	0
0.0670111	0.01	0.2	31.989	284.063	0
0.0670111	0.01	0.2	34.2768	311.911	0
0.0670111	0.01	0.2	36.7282	425.338	0
0.0670111	0.01	0.2	39.355	436.782	0
0.0670111	0.01	0.2	42.1697	605.491	0
0.0670111	0.01	0.2	45.1856	580.486	0
0.0670111	0.01	0.2	48.4172	441.012	0
0.0670111	0.01	0.2	51.88	433.171	0
0.0670111	0.01	0.2	55.5904	323.444	0
0.0670111	0.01	0.2	59.5662	370.685	0
0.0670111	0.01	0.2	63.8263	248.561	0
0.0670111	0.01	0.2	68.3912	343.395	0
0.0670111	0.01	0.2	73.2825	343.912	0
0.0670111	0.01	0.2	78.5236	368.37	0
0.0670111	0.01	0.2	84.1395	265.598	0
0.0670111	0.01	0.2	90.1571	253.421	0
0.0670111	0.01	0.2	96.6051	311.281	0
0.0732147	0.01	0.2	0.103514	317.757	0
0.0732147	0.01	0.2	0.110917	316.059	0
0.0732147	0.01	0.2	0.11885	314.122	0
0.0732147	0.01	0.2	0.12735	311.912	0
0.0732147	0.01	0.2	0.136458	309.396	0
0.0732147	0.01	0.2	0.146218	306.532	0
0.0732147	0.01	0.2	0.156675	303.278	0
0.0732147	0.01	0.2	0.16788	299.587	0
0.0732147	0.01	0.2	0.179887	295.406	0
0.0732147	0.01	0.2	0.192752	290.682	0
0.0732147	0.01	0.2	0.206538	285.355	0
0.0732147	0.01	0.2	0.221309	279.365	0
0.0732147	0.01	0.2	0.237137	272.652	0
0.0732147	0.01	0.2	0.254097	265.155	0
0.0732147	0.01	0.2	0.27227	256.817	0
0.0732147	0.01	0.2	0.291743	247.589	0
0.0732147	0.01	0.2	0.312608	237.435	0
0.0732147	0.01	0.2	0.334965	226.333	0
0.0732147	0.01	0.2	0.358922	214.287	0
0.0732147	0.01	0.2	0.384592	201.334	0
0.0732147	0.01	0.2	0.412098	187.55	0
0.0732147	0.01	0.2	0.44157	173.061	0
0.0732147	0.01	0.2	0.473151	158.053	0
0.0732147	0.01	0.2	0.506991	142.778	0
0.0732147	0.01	0.2	0.54325	127.561	0
0.0732147	0.01	0.2	0.582103	112.801	0
0.0732147	0.01	0.2	0.623735	98.9624	0
0.0732147	0.01	0.2	0.668344	86.5675	0
0.0732147	0.01	0.2	0.716143	76.1689	0
0.0732147	0.01	0.2	0.767361	68.3193	0
0.0732147	0.01	0.2	0.822243	63.5314	0
0.0732147	0.01	0.2	0.881049	62.2335	0
0.0732147	0.01	0.2	0.944061	64.7261	0
0.0732147	0.01	0.2	1.01158	71.1446	0
0.0732147	0.01	0.2	1.08393	81.433	0
0.0732147	0.01	0.2	1.16145	95.3285	0
0.0732147	0.01	0.2	1.24451	112.355	0
0.0732147	0.01	0.2	1.33352	131.818	0
0.0732147	0.01	0.2	1.42889	152.805	0
0.0732147	0.01	0.2	1.53109	174.208	0
0.0732147	0.01	0.2	1.64059	194.798	0
0.0732147	0.01	0.2	1.75792	213.396	0
0.0732147	0.01	0.2	1.88365	229.135	0
0.0732147	0.01	0.2	2.01837	241.707	0
0.0732147	0.01	0.2	2.16272	251.441	0
0.0732147	0.01	0.2	2.31739	259.084	0
0.0732147	0.01	0.2	2.48313	265.392	0
0.0732147	0.01	0.2	2.66073	270.823	0
0.0732147	0.01	0.2	2.85102	275.509	0
0.0732147	0.01	0.2	3.05492	279.336	0
0.0732147	0.01	0.2	3.27341	281.898	0
0.0732147	0.01	0.2	3.50752	282.449	0
0.0732147	0.01	0.2	3.75837	280.136	0
0.0732147	0.01	0.2	4.02717	274.541	0
0.0732147	0.01	0.2	4.31519	266.025	0
0.0732147	0.01	0.2	4.62381	254.807	0
0.0732147	0.01	0.2	4.9545	241.006	0
0.0732147	0.01	0.2	5.30884	228.394	0
0.0732147	0.01	0.2	5.68853	222.399	0
0.0732147	0.01	0.2	6.09537	225.611	0
0.0732147	0.01	0.2	6.53131	241.185	0
0.0732147	0.01	0.2	6.99842	267.849	0
0.0732147	0.01	0.2	7.49894	303.37	0
0.0732147	0.01	0.2	8.03526	336.094	0
0.0732147	0.01	0.2	8.60994	345.047	0
0.0732147	0.01	0.2	9.22571	317.574	0
0.0732147	0.01	0.2	9.88553	273.856	0
0.0732147	0.01	0.2	10.5925	238.444	0
0.0732147	0.01	0.2	11.3501	226.707	0
0.0732147	0.01	0.2	12.1619	244.903	0
0.0732147	0.01	0.2	13.0317	285.694	0
0.0732147	0.01	0.2	13.9637	323.853	0
0.0732147	0.01	0.2	14.9624	329.807	0
0.0732147	0.01	0.2	16.0325	305.181	0
0.0732147	0.01	0.2	17.1791	318.583	0
0.0732147	0.01	0.2	18.4077	396.064	0
0.0732147	0.01	0.2	19.7242	451.328	0
0.0732147	0.01	0.2	21.1349	443.813	0
0.0732147	0.01	0.2	22.6464	443.632	0
0.0732147	0.01	0.2	24.2661	431.758	0
0.0732147	0.01	0.2	26.0016	319.134	0
0.0732147	0.01	0.2	27.8612	346.395	0
0.0732147	0.01	0.2	29.8538	476.61	0
0.0732147	0.01	0.2	31.989	342.166	0
0.0732147	0.01	0.2	34.2768	365.441	0
0.0732147	0.01	0.2	36.7282	482.505	0
0.0732147	0.01	0.2	39.355	517.927	0
0.0732147	0.01	0.2	42.1697	703.195	0
0.0732147	0.01	0.2	45.1856	678.218	0
0.0732147	0.01	0.2	48.4172	522.214	0
0.0732147	0.01	0.2	51.88	507.765	0
0.0732147	0.01	0.2	55.5904	390.261	0
0.0732147	0.01	0.2	59.5662	427.984	0
0.0732147	0.01	0.2	63.8263	301.507	0
0.0732147	0.01	0.2	68.3912	409.95	0
0.0732147	0.01	0.2	73.2825	415.202	0
0.0732147	0.01	0.2	78.5236	442.9	0
0.0732147	0.01	0.2	84.1395	325.807	0
0.0732147	0.01	0.2	90.1571	310.125	0
0.0732147	0.01	0.2	96.6051	377.671	0
0.0799925	0.01	0.2	0.103514	316.694	0
0.0799925	0.01	0.2	0.110917	314.845	0
0.0799925	0.01	0.2	0.11885	312.735	0
0.0799925	0.01	0.2	0.12735	310.33	0
0.0799925	0.01	0.2	0.136458	307.591	0
0.0799925	0.01	0.2	0.146218	304.477	0
0.0799925	0.01	0.2	0.156675	300.94	0
0.0799925	0.01	0.2	0.16788	296.931	0
0.0799925	0.01	0.2	0.179887	292.394	0
0.0799925	0.01	0.2	0.192752	287.271	0
0.0799925	0.01	0.2	0.206538	281.502	0
0.0799925	0.01	0.2	0.221309	275.024	0
0.0799925	0.01	0.2	0.237137	267.774	0
0.0799925	0.01	0.2	0.254097	259.691	0
0.0799925	0.01	0.2	0.27227	250.721	0
0.0799925	0.01	0.2	0.291743	240.819	0
0.0799925	0.01	0.2	0.312608	229.954	0
0.0799925	0.01	0.2	0.334965	218.117	0
0.0799925	0.01	0.2	0.358922	205.329	0
0.0799925	0.01	0.2	0.384592	191.649	0
0.0799925	0.01	0.2	0.412098	177.184	0
0.0799925	0.01	0.2	0.44157	162.1	0
0.0799925	0.01	0.2	0.473151	146.631	0
0.0799925	0.01	0.2	0.506991	131.092	0
0.0799925	0.01	0.2	0.54325	115.877	0
0.0799925	0.01	0.2	0.582103	101.464	0
0.0799925	0.01	0.2	0.623735	88.4083	0
0.0799925	0.01	0.2	0.668344	77.3207	0
0.0799925	0.01	0.2	0.716143	68.8431	0
0.0799925	0.01	0.2	0.767361	63.6079	0
0.0799925	0.01	0.2	0.822243	62.1903	0
0.0799925	0.01	0.2	0.881049	65.0554	0
0.0799925	0.01	0.2	0.944061	72.5072	0
0.0799925	0.01	0.2	1.01158	84.6454	0
0.0799925	0.01	0.2	1.08393	101.335	0
0.0799925	0.01	0.2	1.16145	122.19	0
0.0799925	0.01	0.2	1.24451	146.562	0
0.0799925	0.01	0.2	1.33352	173.535	0
0.0799925	0.01	0.2	1.42889	201.923	0
0.0799925	0.01	0.2	1.53109	230.29	0
0.0799925	0.01	0.2	1.64059	257.052	0
0.0799925	0.01	0.2	1.75792	280.688	0
0.0799925	0.01	0.2	1.88365	300.079	0
0.0799925	0.01	0.2	2.01837	314.834	0
0.0799925	0.01	0.2	2.16272	325.404	0
0.0799925	0.01	0.2	2.31739	332.815	0
0.0799925	0.01	0.2	2.48313	338.17	0
0.0799925	0.01	0.2	2.66073	342.278	0
0.0799925	0.01	0.2	2.85102	345.664	0
0.0799925	0.01	0.2	3.05492	348.724	0
0.0799925	0.01	0.2	3.27341	351.593	0
0.0799925	0.01	0.2	3.50752	353.814	0
0.0799925	0.01	0.2	3.75837	354.348	0
0.0799925	0.01	0.2	4.02717	352.364	0
0.0799925	0.01	0.2	4.31519	348.021	0
0.0799925	0.01	0.2	4.62381	341.284	0
0.0799925	0.01	0.2	4.9545	331.746	0
0.0799925	0.01	0.2	5.30884	323.155	0
0.0799925	0.01	0.2	5.68853	320.698	0
0.0799925	0.01	0.2	6.09537	325.935	0
0.0799925	0.01	0.2	6.53131	342.167	0
0.0799925	0.01	0.2	6.99842	368.287	0
0.0799925	0.01	0.2	7.49894	403.184	0
0.0799925	0.01	0.2	8.03526	435.17	0
0.0799925	0.01	0.2	8.60994	442.595	0
0.0799925	0.01	0.2	9.22571	410.367	0
0.0799925	0.01	0.2	9.88553	358.337	0
0.0799925	0.01	0.2	10.5925	313.374	0
0.0799925	0.01	0.2	11.3501	294.007	0
0.0799925	0.01	0.2	12.1619	309.297	0
0.0799925	0.01	0.2	13.0317	351.337	0
0.0799925	0.01	0.2	13.9637	393.177	0
0.0799925	0.01	0.2	14.9624	403.916	0
0.0799925	0.01	0.2	16.0325	383.793	0
0.0799925	0.01	0.2	17.1791	402.188	0
0.0799925	0.01	0.2	18.4077	487.3	0
0.0799925	0.01	0.2	19.7242	548.298	0
0.0799925	0.01	0.2	21.1349	539.505	0
0.0799925	0.01	0.2	22.6464	526.144	0
0.0799925	0.01	0.2	24.2661	499.525	0
0.0799925	0.01	0.2	26.0016	380.772	0
0.0799925	0.01	0.2	27.8612	415.201	0
0.0799925	0.01	0.2	29.8538	552.573	0
0.0799925	0.01	0.2	31.989	419.432	0
0.0799925	0.01	0.2	34.2768	437.796	0
0.0799925	0.01	0.2	36.7282	558.518	0
0.0799925	0.01	0.2	39.355	621.502	0
0.0799925	0.01	0.2	42.1697	826.373	0
0.0799925	0.01	0.2	45.1856	801.376	0
0.0799925	0.01	0.2	48.4172	626.404	0
0.0799925	0.01	0.2	51.88	604.617	0
0.0799925	0.01	0.2	55.5904	476.965	0
0.0799925	0.01	0.2	59.5662	503.162	0
0.0799925	0.01	0.2	63.8263	372.617	0
0.0799925	0.01	0.2	68.3912	496.732	0
0.0799925	0.01	0.2	73.2825	507.199	0
0.0799925	0.01	0.2	78.5236	538.738	0
0.0799925	0.01	0.2	84.1395	404.863	0
0.0799925	0.01	0.2	90.1571	385.067	0
0.0799925	0.01	0.2	96.6051	463.726	0
0.0873977	0.01	0.2	0.103514	315.537	0
0.0873977	0.01	0.2	0.110917	313.523	0
0.0873977	0.01	0.2	0.11885	311.225	0
0.0873977	0.01	0.2	0.12735	308.608	0
0.0873977	0.01	0.2	0.136458	305.629	0
0.0873977	0.01	0.2	0.146218	302.243	0
0.0873977	0.01	0.2	0.156675	298.401	0
0.0873977	0.01	0.2	0.16788	294.049	0
0.0873977	0.01	0.2	0.179887	289.128	0
0.0873977	0.01	0.2	0.192752	283.579	0
0.0873977	0.01	0.2	0.206538	277.336	0
0.0873977	0.01	0.2	0.221309	270.336	0
0.0873977	0.01	0.2	0.237137	262.514	0
0.0873977	0.01	0.2	0.254097	253.813	0
0.0873977	0.01	0.2	0.27227	244.179	0
0.0873977	0.01	0.2	0.291743	233.573	0
0.0873977	0.01	0.2	0.312608	221.975	0
0.0873977	0.01	0.2	0.334965	209.391	0
0.0873977	0.01	0.2	0.358922	195.863	0
0.0873977	0.01	0.2	0.384592	181.478	0
0.0873977	0.01	0.2	0.412098	166.381	0
0.0873977	0.01	0.2	0.44157	150.787	0
0.0873977	0.01	0.2	0.473151	134.993	0
0.0873977	0.01	0.2	0.506991	119.382	0
0.0873977	0.01	0.2	0.54325	104.436	0
0.0873977	0.01	0.2	0.582103	90.7286	0
0.0873977	0.01	0.2	0.623735	78.9179	0
0.0873977	0.01	0.2	0.668344	69.7228	0
0.0873977	0.01	0.2	0.716143	63.8887	0
0.0873977	0.01	0.2	0.767361	62.1403	0
0.0873977	0.01	0.2	0.822243	65.1233	0
0.0873977	0.01	0.2	0.881049	73.3419	0
0.0873977	0.01	0.2	0.944061	87.0988	0
0.0873977	0.01	0.2	1.01158	106.445	0
0.0873977	0.01	0.2	1.08393	131.145	0
0.0873977	0.01	0.2	1.16145	160.658	0
0.0873977	0.01	0.2	1.24451	194.124	0
0.0873977	0.01	0.2	1.33352	230.355	0
0.0873977	0.01	0.2	1.42889	267.829	0
0.0873977	0.01	0.2	1.53109	304.716	0
0.0873977	0.01	0.2	1.64059	338.998	0
0.0873977	0.01	0.2	1.75792	368.743	0
0.0873977	0.01	0.2	1.88365	392.529	0
0.0873977	0.01	0.2	2.01837	409.871	0
0.0873977	0.01	0.2	2.16272	421.371	0
0.0873977	0.01	0.2	2.31739	428.408	0
0.0873977	0.01	0.2	2.48313	432.512	0
0.0873977	0.01	0.2	2.66073	434.922	0
0.0873977	0.01	0.2	2.85102	436.647	0
0.0873977	0.01	0.2	3.05492	438.718	0
0.0873977	0.01	0.2	3.27341	441.958	0
0.0873977	0.01	0.2	3.50752	446.284	0
0.0873977	0.01	0.2	3.75837	450.456	0
0.0873977	0.01	0.2	4.02717	453.165	0
0.0873977	0.01	0.2	4.31519	454.324	0
0.0873977	0.01	0.2	4.62381	453.567	0
0.0873977	0.01	0.2	4.9545	449.759	0
0.0873977	0.01	0.2	5.30884	446.508	0
0.0873977	0.01	0.2	5.68853	448.603	0
0.0873977	0.01	0.2	6.09537	456.305	0
0.0873977	0.01	0.2	6.53131	473.132	0
0.0873977	0.01	0.2	6.99842	498.259	0
0.0873977	0.01	0.2	7.49894	532.038	0
0.0873977	0.01	0.2	8.03526	562.819	0
0.0873977	0.01	0.2	8.60994	568.214	0
0.0873977	0.01	0.2	9.22571	530.194	0
0.0873977	0.01	0.2	9.88553	468.192	0
0.0873977	0.01	0.2	10.5925	411.767	0
0.0873977	0.01	0.2	11.3501	383.092	0
0.0873977	0.01	0.2	12.1619	394.592	0
0.0873977	0.01	0.2	13.0317	437.815	0
0.0873977	0.01	0.2	13.9637	483.89	0
0.0873977	0.01	0.2	14.9624	500.371	0
0.0873977	0.01	0.2	16.0325	485.868	0
0.0873977	0.01	0.2	17.1791	510.618	0
0.0873977	0.01	0.2	18.4077	605.092	0
0.0873977	0.01	0.2	19.7242	672.813	0
0.0873977	0.01	0.2	21.1349	662.193	0
0.0873977	0.01	0.2	22.6464	632.821	0
0.0873977	0.01	0.2	24.2661	588.603	0
0.0873977	0.01	0.2	26.0016	462.612	0
0.0873977	0.01	0.2	27.8612	505.556	0
0.0873977	0.01	0.2	29.8538	651.38	0
0.0873977	0.01	0.2	31.989	520.287	0
0.0873977	0.01	0.2	34.2768	533.369	0
0.0873977	0.01	0.2	36.7282	657.647	0
0.0873977	0.01	0.2	39.355	752.263	0
0.0873977	0.01	0.2	42.1697	980.287	0
0.0873977	0.01	0.2	45.1856	955.198	0
0.0873977	0.01	0.2	48.4172	758.476	0
0.0873977	0.01	0.2	51.88	728.599	0
0.0873977	0.01	0.2	55.5904	587.887	0
0.0873977	0.01	0.2	59.5662	600.134	0
0.0873977	0.01	0.2	63.8263	466.003	0
0.0873977	0.01	0.2	68.3912	608.175	0
0.0873977	0.01	0.2	73.2825	624.317	0
0.0873977	0.01	0.2	78.5236	660.408	0
0.0873977	0.01	0.2	84.1395	506.914	0
0.0873977	0.01	0.2	90.1571	482.319	0
0.0873977	0.01	0.2	96.6051	573.705	0
0.0954885	0.01	0.2	0.103514	314.277	0
0.0954885	0.01	0.2	0.110917	312.084	0
0.0954885	0.01	0.2	0.11885	309.583	0
0.0954885	0.01	0.2	0.12735	306.736	0
0.0954885	0.01	0.2	0.136458	303.497	0
0.0954885	0.01	0.2	0.146218	299.818	0
0.0954885	0.01	0.2	0.156675	295.646	0
0.0954885	0.01	0.2	0.16788	290.924	0
0.0954885	0.01	0.2	0.179887	285.591	0
0.0954885	0.01	0.2	0.192752	279.583	0
0.0954885	0.01	0.2	0.206538	272.834	0
0.0954885	0.01	0.2	0.221309	265.279	0
0.0954885	0.01	0.2	0.237137	256.853	0
0.0954885	0.01	0.2	0.254097	247.499	0
0.0954885	0.01	0.2	0.27227	237.171	0
0.0954885	0.01	0.2	0.291743	225.837	0
0.0954885	0.01	0.2	0.312608	213.49	0
0.0954885	0.01	0.2	0.334965	200.155	0
0.0954885	0.01	0.2	0.358922	185.902	0
0.0954885	0.01	0.2	0.384592	170.852	0
0.0954885	0.01	0.2	0.412098	155.2	0
0.0954885	0.01	0.2	0.44157	139.218	0
0.0954885	0.01	0.2	0.473151	123.276	0
0.0954885	0.01	0.2	0.506991	107.846	0
0.0954885	0.01	0.2	0.54325	93.5109	0
0.0954885	0.01	0.2	0.582103	80.9596	0
0.0954885	0.01	0.2	0.623735	70.973	0
0.0954885	0.01	0.2	0.668344	64.3962	0
0.0954885	0.01	0.2	0.716143	62.0967	0
0.0954885	0.01	0.2	0.767361	64.9052	0
0.0954885	0.01	0.2	0.822243	73.5475	0
0.0954885	0.01	0.2	0.881049	88.5692	0
0.0954885	0.01	0.2	0.944061	110.265	0
0.0954885	0.01	0.2	1.01158	138.621	0
0.0954885	0.01	0.2	1.08393	173.274	0
0.0954885	0.01	0.2	1.16145	213.491	0
0.0954885	0.01	0.2	1.24451	258.152	0
0.0954885	0.01	0.2	1.33352	305.736	0
0.0954885	0.01	0.2	1.42889	354.315	0
0.0954885	0.01	0.2	1.53109	401.58	0
0.0954885	0.01	0.2	1.64059	444.988	0
0.0954885	0.01	0.2	1.75792	482.111	0
0.0954885	0.01	0.2	1.88365	511.168	0
0.0954885	0.01	0.2	2.01837	531.566	0
0.0954885	0.01	0.2	2.16272	544.102	0
0.0954885	0.01	0.2	2.31739	550.587	0
0.0954885	0.01	0.2	2.48313	553.079	0
0.0954885	0.01	0.2	2.66073	553.345	0
0.0954885	0.01	0.2	2.85102	552.989	0
0.0954885	0.01	0.2	3.05492	553.823	0
0.0954885	0.01	0.2	3.27341	557.528	0
0.0954885	0.01	0.2	3.50752	564.508	0
0.0954885	0.01	0.2	3.75837	573.3	0
0.0954885	0.01	0.2	4.02717	582.025	0
0.0954885	0.01	0.2	4.31519	590.315	0
0.0954885	0.01	0.2	4.62381	597.371	0
0.0954885	0.01	0.2	4.9545	601.084	0
0.0954885	0.01	0.2	5.30884	604.781	0
0.0954885	0.01	0.2	5.68853	612.664	0
0.0954885	0.01	0.2	6.09537	623.358	0
0.0954885	0.01	0.2	6.53131	640.694	0
0.0954885	0.01	0.2	6.99842	664.278	0
0.0954885	0.01	0.2	7.49894	696.337	0
0.0954885	0.01	0.2	8.03526	725.354	0
0.0954885	0.01	0.2	8.60994	728.13	0
0.0954885	0.01	0.2	9.22571	683.093	0
0.0954885	0.01	0.2	9.88553	609.14	0
0.0954885	0.01	0.2	10.5925	538.947	0
0.0954885	0.01	0.2	11.3501	498.908	0
0.0954885	0.01	0.2	12.1619	505.517	0
0.0954885	0.01	0.2	13.0317	549.84	0
0.0954885	0.01	0.2	13.9637	600.842	0
0.0954885	0.01	0.2	14.9624	624.229	0
0.0954885	0.01	0.2	16.0325	616.686	0
0.0954885	0.01	0.2	17.1791	649.43	0
0.0954885	0.01	0.2	18.4077	755.352	0
0.0954885	0.01	0.2	19.7242	830.973	0
0.0954885	0.01	0.2	21.1349	817.834	0
0.0954885	0.01	0.2	22.6464	769.022	0
0.0954885	0.01	0.2	24.2661	703.779	0
0.0954885	0.01	0.2	26.0016	569.243	0
0.0954885	0.01	0.2	27.8612	622.326	0
0.0954885	0.01	0.2	29.8538	778.169	0
0.0954885	0.01	0.2	31.989	650.077	0
0.0954885	0.01	0.2	34.2768	657.469	0
0.0954885	0.01	0.2	36.7282	785.018	0
0.0954885	0.01	0.2	39.355	915.871	0
0.0954885	0.01	0.2	42.1697	1171.17	0
0.0954885	0.01	0.2	45.1856	1145.88	0
0.0954885	0.01	0.2	48.4172	924.254	0
0.0954885	0.01	0.2	51.88	885.532	0
0.0954885	0.01	0.2	55.5904	728.202	0
0.0954885	0.01	0.2	59.5662	723.572	0
0.0954885	0.01	0.2	63.8263	586.589	0
0.0954885	0.01	0.2	68.3912	749.575	0
0.0954885	0.01	0.2	73.2825	771.803	0
0.0954885	0.01	0.2	78.5236	813.283	0
0.0954885	0.01	0.2	84.1395	636.908	0
0.0954885	0.01	0.2	90.1571	606.759	0
0.0954885	0.01	0.2	96.6051	712.689	0
0.104328	0.01	0.2	0.103514	312.906	0
0.104328	0.01	0.2	0.110917	310.518	0
0.104328	0.01	0.2	0.11885	307.798	0
0.104328	0.01	0.2	0.12735	304.701	0
0.104328	0.01	0.2	0.136458	301.181	0
0.104328	0.01	0.2	0.146218	297.185	0
0.104328	0.01	0.2	0.156675	292.658	0
0.104328	0.01	0.2	0.16788	287.539	0
0.104328	0.01	0.2	0.179887	281.763	0
0.104328	0.01	0.2	0.192752	275.265	0
0.104328	0.01	0.2	0.206538	267.976	0
0.104328	0.01	0.2	0.221309	259.831	0
0.104328	0.01	0.2	0.237137	250.767	0
0.104328	0.01	0.2	0.254097	240.731	0
0.104328	0.01	0.2	0.27227	229.681	0
0.104328	0.01	0.2	0.291743	217.599	0
0.104328	0.01	0.2	0.312608	204.495	0
0.104328	0.01	0.2	0.334965	190.419	0
0.104328	0.01	0.2	0.358922	175.472	0
0.104328	0.01	0.2	0.384592	159.823	0
0.104328	0.01	0.2	0.412098	143.722	0
0.104328	0.01	0.2	0.44157	127.516	0
0.104328	0.01	0.2	0.473151	111.66	0
0.104328	0.01	0.2	0.506991	96.7354	0
0.104328	0.01	0.2	0.54325	83.4451	0
0.104328	0.01	0.2	0.582103	72.6144	0
0.104328	0.01	0.2	0.623735	65.1704	0
0.104328	0.01	0.2	0.668344	62.1078	0
0.104328	0.01	0.2	0.716143	64.436	0
0.104328	0.01	0.2	0.767361	73.1093	0
0.104328	0.01	0.2	0.822243	88.9434	0
0.104328	0.01	0.2	0.881049	112.527	0
0.104328	0.01	0.2	0.944061	144.139	0
0.104328	0.01	0.2	1.01158	183.68	0
0.104328	0.01	0.2	1.08393	230.626	0
0.104328	0.01	0.2	1.16145	284.006	0
0.104328	0.01	0.2	1.24451	342.382	0
0.104328	0.01	0.2	1.33352	403.829	0
0.104328	0.01	0.2	1.42889	465.923	0
0.104328	0.01	0.2	1.53109	525.776	0
0.104328	0.01	0.2	1.64059	580.216	0
0.104328	0.01	0.2	1.75792	626.22	0
0.104328	0.01	0.2	1.88365	661.577	0
0.104328	0.01	0.2	2.01837	685.574	0
0.104328	0.01	0.2	2.16272	699.255	0
0.104328	0.01	0.2	2.31739	704.969	0
0.104328	0.01	0.2	2.48313	705.419	0
0.104328	0.01	0.2	2.66073	703.017	0
0.104328	0.01	0.2	2.85102	700.093	0
0.104328	0.01	0.2	3.05492	699.417	0
0.104328	0.01	0.2	3.27341	703.733	0
0.104328	0.01	0.2	3.50752	714.062	0
0.104328	0.01	0.2	3.75837	728.684	0
0.104328	0.01	0.2	4.02717	745.049	0
0.104328	0.01	0.2	4.31519	762.456	0
0.104328	0.01	0.2	4.62381	779.55	0
0.104328	0.01	0.2	4.9545	792.962	0
0.104328	0.01	0.2	5.30884	805.563	0
0.104328	0.01	0.2	5.68853	820.727	0
0.104328	0.01	0.2	6.09537	835.046	0
0.104328	0.01	0.2	6.53131	852.779	0
0.104328	0.01	0.2	6.99842	874.151	0
0.104328	0.01	0.2	7.49894	903.765	0
0.104328	0.01	0.2	8.03526	930.362	0
0.104328	0.01	0.2	8.60994	929.839	0
0.104328	0.01	0.2	9.22571	876.347	0
0.104328	0.01	0.2	9.88553	788.084	0
0.104328	0.01	0.2	10.5925	701.337	0
0.104328	0.01	0.2	11.3501	647.409	0
0.104328	0.01	0.2	12.1619	647.758	0
0.104328	0.01	0.2	13.0317	693.082	0
0.104328	0.01	0.2	13.9637	749.882	0
0.104328	0.01	0.2	14.9624	781.601	0
0.104328	0.01	0.2	16.0325	782.618	0
0.104328	0.01	0.2	17.1791	825.316	0
0.104328	0.01	0.2	18.4077	945.195	0
0.104328	0.01	0.2	19.7242	1030.13	0
0.104328	0.01	0.2	21.1349	1013.59	0
0.104328	0.01	0.2	22.6464	941.194	0
0.104328	0.01	0.2	24.2661	850.809	0
0.104328	0.01	0.2	26.0016	706.181	0
0.104328	0.01	0.2	27.8612	771.377	0
0.104328	0.01	0.2	29.8538	939.14	0
0.104328	0.01	0.2	31.989	815.259	0
0.104328	0.01	0.2	34.2768	816.502	0
0.104328	0.01	0.2	36.7282	946.782	0
0.104328	0.01	0.2	39.355	1119.05	0
0.104328	0.01	0.2	42.1697	1406.4	0
0.104328	0.01	0.2	45.1856	1380.75	0
0.104328	0.01	0.2	48.4172	1130.65	0
0.104328	0.01	0.2	51.88	1082.36	0
0.104328	0.01	0.2	55.5904	904.073	0
0.104328	0.01	0.2	59.5662	879.032	0
0.104328	0.01	0.2	63.8263	740.263	0
0.104328	0.01	0.2	68.3912	927.245	0
0.104328	0.01	0.2	73.2825	955.867	0
0.104328	0.01	0.2	78.5236	1003.72	0
0.104328	0.01	0.2	84.1395	800.737	0
0.104328	0.01	0.2	90.1571	764.208	0
0.104328	0.01	0.2	96.6051	886.715	0
0.113986	0.01	0.2	0.103514	311.414	0
0.113986	0.01	0.2	0.110917	308.816	0
0.113986	0.01	0.2	0.11885	305.857	0
0.113986	0.01	0.2	0.12735	302.49	0
0.113986	0.01	0.2	0.136458	298.666	0
0.113986	0.01	0.2	0.146218	294.329	0
0.113986	0.01	0.2	0.156675	289.419	0
0.113986	0.01	0.2	0.16788	283.873	0
0.113986	0.01	0.2	0.179887	277.624	0
0.113986	0.01	0.2	0.192752	270.603	0
0.113986	0.01	0.2	0.206538	262.741	0
0.113986	0.01	0.2	0.221309	253.972	0
0.113986	0.01	0.2	0.237137	244.238	0
0.113986	0.01	0.2	0.254097	233.489	0
0.113986	0.01	0.2	0.27227	221.695	0
0.113986	0.01	0.2	0.291743	208.853	0
0.113986	0.01	0.2	0.312608	194.995	0
0.113986	0.01	0.2	0.334965	180.201	0
0.113986	0.01	0.2	0.358922	164.615	0
0.113986	0.01	0.2	0.384592	148.461	0
0.113986	0.01	0.2	0.412098	132.06	0
0.113986	0.01	0.2	0.44157	115.844	0
0.113986	0.01	0.2	0.473151	100.379	0
0.113986	0.01	0.2	0.506991	86.3701	0
0.113986	0.01	0.2	0.54325	74.6678	0
0.113986	0.01	0.2	0.582103	66.2595	0
0.113986	0.01	0.2	0.623735	62.2456	0
0.113986	0.01	0.2	0.668344	63.7969	0
0.113986	0.01	0.2	0.716143	72.0891	0
0.113986	0.01	0.2	0.767361	88.2191	0
0.113986	0.01	0.2	0.822243	113.105	0
0.113986	0.01	0.2	0.881049	147.379	0
0.113986	0.01	0.2	0.944061	191.293	0
0.113986	0.01	0.2	1.01158	244.638	0
0.113986	0.01	0.2	1.08393	306.689	0
0.113986	0.01	0.2	1.16145	376.181	0
0.113986	0.01	0.2	1.24451	451.287	0
0.113986	0.01	0.2	1.33352	529.591	0
0.113986	0.01	0.2	1.42889	608.07	0
0.113986	0.01	0.2	1.53109	683.139	0
0.113986	0.01	0.2	1.64059	750.869	0
0.113986	0.01	0.2	1.75792	807.524	0
0.113986	0.01	0.2	1.88365	850.387	0
0.113986	0.01	0.2	2.01837	878.611	0
0.113986	0.01	0.2	2.16272	893.553	0
0.113986	0.01	0.2	2.31739	898.223	0
0.113986	0.01	0.2	2.48313	896.118	0
0.113986	0.01	0.2	2.66073	890.437	0
0.113986	0.01	0.2	2.85102	884.389	0
0.113986	0.01	0.2	3.05492	881.915	0
0.113986	0.01	0.2	3.27341	887.06	0
0.113986	0.01	0.2	3.50752	901.615	0
0.113986	0.01	0.2	3.75837	923.565	0
0.113986	0.01	0.2	4.02717	949.554	0
0.113986	0.01	0.2	4.31519	978.492	0
0.113986	0.01	0.2	4.62381	1008.32	0
0.113986	0.01	0.2	4.9545	1034.07	0
0.113986	0.01	0.2	5.30884	1057.94	0
0.113986	0.01	0.2	5.68853	1082.18	0
0.113986	0.01	0.2	6.09537	1100.88	0
0.113986	0.01	0.2	6.53131	1118.87	0
0.113986	0.01	0.2	6.99842	1137.22	0
0.113986	0.01	0.2	7.49894	1163.53	0
0.113986	0.01	0.2	8.03526	1186.95	0
0.113986	0.01	0.2	8.60994	1182.36	0
0.113986	0.01	0.2	9.22571	1118.74	0
0.113986	0.01	0.2	9.88553	1013.36	0
0.113986	0.01	0.2	10.5925	906.681	0
0.113986	0.01	0.2	11.3501	835.754	0
0.113986	0.01	0.2	12.1619	828.137	0
0.113986	0.01	0.2	13.0317	874.358	0
0.113986	0.01	0.2	13.9637	938.061	0
0.113986	0.01	0.2	14.9624	979.865	0
0.113986	0.01	0.2	16.0325	991.348	0
0.113986	0.01	0.2	17.1791	1046.34	0
0.113986	0.01	0.2	18.4077	1183.19	0
0.113986	0.01	0.2	19.7242	1279.12	0
0.113986	0.01	0.2	21.1349	1258.1	0
0.113986	0.01	0.2	22.6464	1157.09	0
0.113986	0.01	0.2	24.2661	1036.6	0
0.113986	0.01	0.2	26.0016	880.06	0
0.113986	0.01	0.2	27.8612	959.766	0
0.113986	0.01	0.2	29.8538	1141.77	0
0.113986	0.01	0.2	31.989	1023.63	0
0.113986	0.01	0.2	34.2768	1018.2	0
0.113986	0.01	0.2	36.7282	1150.31	0
0.113986	0.01	0.2	39.355	1369.76	0
0.113986	0.01	0.2	42.1697	1694.66	0
0.113986	0.01	0.2	45.1856	1668.43	0
0.113986	0.01	0.2	48.4172	1385.83	0
0.113986	0.01	0.2	51.88	1327.36	0
0.113986	0.01	0.2	55.5904	1122.84	0
0.113986	0.01	0.2	59.5662	1073.11	0
0.113986	0.01	0.2	63.8263	934.044	0
0.113986	0.01	0.2	68.3912	1148.7	0
0.113986	0.01	0.2	73.2825	1183.85	0
0.113986	0.01	0.2	78.5236	1239.25	0
0.113986	0.01	0.2	84.1395	1005.4	0
0.113986	0.01	0.2	90.1571	961.613	0
0.113986	0.01	0.2	96.6051	1102.95	0
0.124539	0.01	0.2	0.103514	309.791	0
0.124539	0.01	0.2	0.110917	306.965	0
0.124539	0.01	0.2	0.11885	303.748	0
0.124539	0.01	0.2	0.12735	300.09	0
0.124539	0.01	0.2	0.136458	295.938	0
0.124539	0.01	0.2	0.146218	291.233	0
0.124539	0.01	0.2	0.156675	285.912	0
0.124539	0.01	0.2	0.16788	279.909	0
0.124539	0.01	0.2	0.179887	273.153	0
0.124539	0.01	0.2	0.192752	265.575	0
0.124539	0.01	0.2	0.206538	257.105	0
0.124539	0.01	0.2	0.221309	247.681	0
0.124539	0.01	0.2	0.237137	237.245	0
0.124539	0.01	0.2	0.254097	225.759	0
0.124539	0.01	0.2	0.27227	213.205	0
0.124539	0.01	0.2	0.291743	199.6	0
0.124539	0.01	0.2	0.312608	185.004	0
0.124539	0.01	0.2	0.334965	169.536	0
0.124539	0.01	0.2	0.358922	153.393	0
0.124539	0.01	0.2	0.384592	136.865	0
0.124539	0.01	0.2	0.412098	120.359	0
0.124539	0.01	0.2	0.44157	104.415	0
0.124539	0.01	0.2	0.473151	89.7255	0
0.124539	0.01	0.2	0.506991	77.1497	0
0.124539	0.01	0.2	0.54325	67.7122	0
0.124539	0.01	0.2	0.582103	62.5937	0
0.124539	0.01	0.2	0.623735	63.1003	0
0.124539	0.01	0.2	0.668344	70.6098	0
0.124539	0.01	0.2	0.716143	86.4931	0
0.124539	0.01	0.2	0.767361	112.012	0
0.124539	0.01	0.2	0.822243	148.199	0
0.124539	0.01	0.2	0.881049	195.732	0
0.124539	0.01	0.2	0.944061	254.822	0
0.124539	0.01	0.2	1.01158	325.116	0
0.124539	0.01	0.2	1.08393	405.642	0
0.124539	0.01	0.2	1.16145	494.774	0
0.124539	0.01	0.2	1.24451	590.209	0
0.124539	0.01	0.2	1.33352	688.937	0
0.124539	0.01	0.2	1.42889	787.214	0
0.124539	0.01	0.2	1.53109	880.612	0
0.124539	0.01	0.2	1.64059	964.299	0
0.124539	0.01	0.2	1.75792	1033.69	0
0.124539	0.01	0.2	1.88365	1085.46	0
0.124539	0.01	0.2	2.01837	1118.63	0
0.124539	0.01	0.2	2.16272	1134.95	0
0.124539	0.01	0.2	2.31739	1138.25	0
0.124539	0.01	0.2	2.48313	1132.98	0
0.124539	0.01	0.2	2.66073	1123.31	0
0.124539	0.01	0.2	2.85102	1113.52	0
0.124539	0.01	0.2	3.05492	1108.95	0
0.124539	0.01	0.2	3.27341	1115.24	0
0.124539	0.01	0.2	3.50752	1135.14	0
0.124539	0.01	0.2	3.75837	1166.27	0
0.124539	0.01	0.2	4.02717	1204.31	0
0.124539	0.01	0.2	4.31519	1247.71	0
0.124539	0.01	0.2	4.62381	1293.53	0
0.124539	0.01	0.2	4.9545	1334.79	0
0.124539	0.01	0.2	5.30884	1372.76	0
0.124539	0.01	0.2	5.68853	1408.25	0
0.124539	0.01	0.2	6.09537	1432.24	0
0.124539	0.01	0.2	6.53131	1450.31	0
0.124539	0.01	0.2	6.99842	1464.67	0
0.124539	0.01	0.2	7.49894	1486.68	0
0.124539	0.01	0.2	8.03526	1506.06	0
0.124539	0.01	0.2	8.60994	1496.54	0
0.124539	0.01	0.2	9.22571	1420.84	0
0.124539	0.01	0.2	9.88553	1295.01	0
0.124539	0.01	0.2	10.5925	1164.31	0
0.124539	0.01	0.2	11.3501	1072.54	0
0.124539	0.01	0.2	12.1619	1054.84	0
0.124539	0.01	0.2	13.0317	1101.85	0
0.124539	0.01	0.2	13.9637	1173.88	0
0.124539	0.01	0.2	14.9624	1227.93	0
0.124539	0.01	0.2	16.0325	1252.14	0
0.124539	0.01	0.2	17.1791	1322.19	0
0.124539	0.01	0.2	18.4077	1479.63	0
0.124539	0.01	0.2	19.7242	1588.6	0
0.124539	0.01	0.2	21.1349	1561.71	0
0.124539	0.01	0.2	22.6464	1426	0
0.124539	0.01	0.2	24.2661	1269.43	0
0.124539	0.01	0.2	26.0016	1098.84	0
0.124539	0.01	0.2	27.8612	1195.99	0
0.124539	0.01	0.2	29.8538	1395.06	0
0.124539	0.01	0.2	31.989	1284.59	0
0.124539	0.01	0.2	34.2768	1271.86	0
0.124539	0.01	0.2	36.7282	1404.41	0
0.124539	0.01	0.2	39.355	1677.44	0
0.124539	0.01	0.2	42.1697	2046.17	0
0.124539	0.01	0.2	45.1856	2019.06	0
0.124539	0.01	0.2	48.4172	1699.47	0
0.124539	0.01	0.2	51.88	1630.37	0
0.124539	0.01	0.2	55.5904	1393.2	0
0.124539	0.01	0.2	59.5662	1313.63	0
0.124539	0.01	0.2	63.8263	1176.29	0
0.124539	0.01	0.2	68.3912	1422.85	0
0.124539	0.01	0.2	73.2825	1464.42	0
0.124539	0.01	0.2	78.5236	1528.71	0
0.124539	0.01	0.2	84.1395	1259.21	0
0.124539	0.01	0.2	90.1571	1207.24	0
0.124539	0.01	0.2	96.6051	1369.89	0
0.136068	0.01	0.2	0.103514	308.027	0
0.136068	0.01	0.2	0.110917	304.954	0
0.136068	0.01	0.2	0.11885	301.458	0
0.136068	0.01	0.2	0.12735	297.486	0
0.136068	0.01	0.2	0.136458	292.981	0
0.136068	0.01	0.2	0.146218	287.88	0
0.136068	0.01	0.2	0.156675	282.118	0
0.136068	0.01	0.2	0.16788	275.625	0
0.136068	0.01	0.2	0.179887	268.329	0
0.136068	0.01	0.2	0.192752	260.16	0
0.136068	0.01	0.2	0.206538	251.05	0
0.136068	0.01	0.2	0.221309	240.937	0
0.136068	0.01	0.2	0.237137	229.773	0
0.136068	0.01	0.2	0.254097	217.53	0
0.136068	0.01	0.2	0.27227	204.209	0
0.136068	0.01	0.2	0.291743	189.85	0
0.136068	0.01	0.2	0.312608	174.55	0
0.136068	0.01	0.2	0.334965	158.477	0
0.136068	0.01	0.2	0.358922	141.891	0
0.136068	0.01	0.2	0.384592	125.166	0
0.136068	0.01	0.2	0.412098	108.811	0
0.136068	0.01	0.2	0.44157	93.4956	0
0.136068	0.01	0.2	0.473151	80.0691	0
0.136068	0.01	0.2	0.506991	69.5715	0
0.136068	0.01	0.2	0.54325	63.2363	0
0.136068	0.01	0.2	0.582103	62.4742	0
0.136068	0.01	0.2	0.623735	68.8348	0
0.136068	0.01	0.2	0.668344	83.9401	0
0.136068	0.01	0.2	0.716143	109.389	0
0.136068	0.01	0.2	0.767361	146.634	0
0.136068	0.01	0.2	0.822243	196.837	0
0.136068	0.01	0.2	0.881049	260.722	0
0.136068	0.01	0.2	0.944061	338.438	0
0.136068	0.01	0.2	1.01158	429.452	0
0.136068	0.01	0.2	1.08393	532.484	0
0.136068	0.01	0.2	1.16145	645.466	0
0.136068	0.01	0.2	1.24451	765.517	0
0.136068	0.01	0.2	1.33352	888.909	0
0.136068	0.01	0.2	1.42889	1011.03	0
0.136068	0.01	0.2	1.53109	1126.43	0
0.136068	0.01	0.2	1.64059	1229.22	0
0.136068	0.01	0.2	1.75792	1313.78	0
0.136068	0.01	0.2	1.88365	1376.1	0
0.136068	0.01	0.2	2.01837	1415.04	0
0.136068	0.01	0.2	2.16272	1432.85	0
0.136068	0.01	0.2	2.31739	1434.36	0
0.136068	0.01	0.2	2.48313	1425.23	0
0.136068	0.01	0.2	2.66073	1410.76	0
0.136068	0.01	0.2	2.85102	1396.53	0
0.136068	0.01	0.2	3.05492	1389.58	0
0.136068	0.01	0.2	3.27341	1397.5	0
0.136068	0.01	0.2	3.50752	1424.16	0
0.136068	0.01	0.2	3.75837	1466.76	0
0.136068	0.01	0.2	4.02717	1519.82	0
0.136068	0.01	0.2	4.31519	1581.21	0
0.136068	0.01	0.2	4.62381	1646.95	0
0.136068	0.01	0.2	4.9545	1707.52	0
0.136068	0.01	0.2	5.30884	1763.01	0
0.136068	0.01	0.2	5.68853	1812.32	0
0.136068	0.01	0.2	6.09537	1842.67	0
0.136068	0.01	0.2	6.53131	1860.59	0
0.136068	0.01	0.2	6.99842	1869.84	0
0.136068	0.01	0.2	7.49894	1886.39	0
0.136068	0.01	0.2	8.03526	1900.79	0
0.136068	0.01	0.2	8.60994	1885.44	0
0.136068	0.01	0.2	9.22571	1795.42	0
0.136068	0.01	0.2	9.88553	1645.17	0
0.136068	0.01	0.2	10.5925	1485.46	0
0.136068	0.01	0.2	11.3501	1368.09	0
0.136068	0.01	0.2	12.1619	1337.65	0
0.136068	0.01	0.2	13.0317	1385.39	0
0.136068	0.01	0.2	13.9637	1467.59	0
0.136068	0.01	0.2	14.9624	1536.54	0
0.136068	0.01	0.2	16.0325	1576.15	0
0.136068	0.01	0.2	17.1791	1664.53	0
0.136068	0.01	0.2	18.4077	1846.93	0
0.136068	0.01	0.2	19.7242	1971.38	0
0.136068	0.01	0.2	21.1349	1936.91	0
0.136068	0.01	0.2	22.6464	1759.11	0
0.136068	0.01	0.2	24.2661	1559.22	0
0.136068	0.01	0.2	26.0016	1372.09	0
0.136068	0.01	0.2	27.8612	1490.27	0
0.136068	0.01	0.2	29.8538	1709.89	0
0.136068	0.01	0.2	31.989	1609.51	0
0.136068	0.01	0.2	34.2768	1588.72	0
0.136068	0.01	0.2	36.7282	1719.62	0
0.136068	0.01	0.2	39.355	2053.21	0
0.136068	0.01	0.2	42.1697	2472.94	0
0.136068	0.01	0.2	45.1856	2444.51	0
0.136068	0.01	0.2	48.4172	2082.97	0
0.136068	0.01	0.2	51.88	2003.06	0
0.136068	0.01	0.2	55.5904	1725.51	0
0.136068	0.01	0.2	59.5662	1609.82	0
0.136068	0.01	0.2	63.8263	1476.95	0
0.136068	0.01	0.2	68.3912	1760.27	0
0.136068	0.01	0.2	73.2825	1807.76	0
0.136068	0.01	0.2	78.5236	1882.53	0
0.136068	0.01	0.2	84.1395	1571.98	0
0.136068	0.01	0.2	90.1571	1510.9	0
0.136068	0.01	0.2	96.6051	1697.56	0
0.148664	0.01	0.2	0.103514	306.11	0
0.148664	0.01	0.2	0.110917	302.77	0
0.148664	0.01	0.2	0.11885	298.973	0
0.148664	0.01	0.2	0.12735	294.662	0
0.148664	0.01	0.2	0.136458	289.776	0
0.148664	0.01	0.2	0.146218	284.251	0
0.148664	0.01	0.2	0.156675	278.016	0
0.148664	0.01	0.2	0.16788	271.001	0
0.148664	0.01	0.2	0.179887	263.132	0
0.148664	0.01	0.2	0.192752	254.338	0
0.148664	0.01	0.2	0.206538	244.554	0
0.148664	0.01	0.2	0.221309	233.723	0
0.148664	0.01	0.2	0.237137	221.809	0
0.148664	0.01	0.2	0.254097	208.796	0
0.148664	0.01	0.2	0.27227	194.71	0
0.148664	0.01	0.2	0.291743	179.622	0
0.148664	0.01	0.2	0.312608	163.676	0
0.148664	0.01	0.2	0.334965	147.097	0
0.148664	0.01	0.2	0.358922	130.225	0
0.148664	0.01	0.2	0.384592	113.533	0
0.148664	0.01	0.2	0.412098	97.6588	0
0.148664	0.01	0.2	0.44157	83.4259	0
0.148664	0.01	0.2	0.473151	71.87	0
0.148664	0.01	0.2	0.506991	64.2498	0
0.148664	0.01	0.2	0.54325	62.0476	0
0.148664	0.01	0.2	0.582103	66.9473	0
0.148664	0.01	0.2	0.623735	80.7865	0
0.148664	0.01	0.2	0.668344	105.475	0
0.148664	0.01	0.2	0.716143	142.879	0
0.148664	0.01	0.2	0.767361	194.67	0
0.148664	0.01	0.2	0.822243	262.157	0
0.148664	0.01	0.2	0.881049	346.106	0
0.148664	0.01	0.2	0.944061	446.583	0
0.148664	0.01	0.2	1.01158	562.828	0
0.148664	0.01	0.2	1.08393	693.176	0
0.148664	0.01	0.2	1.16145	835.022	0
0.148664	0.01	0.2	1.24451	984.785	0
0.148664	0.01	0.2	1.33352	1137.87	0
0.148664	0.01	0.2	1.42889	1288.61	0
0.148664	0.01	0.2	1.53109	1430.36	0
0.148664	0.01	0.2	1.64059	1555.93	0
0.148664	0.01	0.2	1.75792	1658.51	0
0.148664	0.01	0.2	1.88365	1733.27	0
0.148664	0.01	0.2	2.01837	1778.91	0
0.148664	0.01	0.2	2.16272	1798.32	0
0.148664	0.01	0.2	2.31739	1797.56	0
0.148664	0.01	0.2	2.48313	1783.73	0
0.148664	0.01	0.2	2.66073	1763.55	0
0.148664	0.01	0.2	2.85102	1744.12	0
0.148664	0.01	0.2	3.05492	1734.57	0
0.148664	0.01	0.2	3.27341	1744.79	0
0.148664	0.01	0.2	3.50752	1780.03	0
0.148664	0.01	0.2	3.75837	1836.95	0
0.148664	0.01	0.2	4.02717	1908.63	0
0.148664	0.01	0.2	4.31519	1992.3	0
0.148664	0.01	0.2	4.62381	2082.66	0
0.148664	0.01	0.2	4.9545	2167.09	0
0.148664	0.01	0.2	5.30884	2244.15	0
0.148664	0.01	0.2	5.68853	2310.36	0
0.148664	0.01	0.2	6.09537	2348.32	0
0.148664	0.01	0.2	6.53131	2365.84	0
0.148664	0.01	0.2	6.99842	2368.63	0
0.148664	0.01	0.2	7.49894	2378.43	0
0.148664	0.01	0.2	8.03526	2386.86	0
0.148664	0.01	0.2	8.60994	2364.75	0
0.148664	0.01	0.2	9.22571	2257.88	0
0.148664	0.01	0.2	9.88553	2078.48	0
0.148664	0.01	0.2	10.5925	1883.67	0
0.148664	0.01	0.2	11.3501	1734.8	0
0.148664	0.01	0.2	12.1619	1688.32	0
0.148664	0.01	0.2	13.0317	1736.75	0
0.148664	0.01	0.2	13.9637	1831.52	0
0.148664	0.01	0.2	14.9624	1918.69	0
0.148664	0.01	0.2	16.0325	1976.86	0
0.148664	0.01	0.2	17.1791	2087.42	0
0.148664	0.01	0.2	18.4077	2299.98	0
0.148664	0.01	0.2	19.7242	2442.89	0
0.148664	0.01	0.2	21.1349	2398.69	0
0.148664	0.01	0.2	22.6464	2169.83	0
0.148664	0.01	0.2	24.2661	1917.89	0
0.148664	0.01	0.2	26.0016	1711.26	0
0.148664	0.01	0.2	27.8612	1854.91	0
0.148664	0.01	0.2	29.8538	2099.36	0
0.148664	0.01	0.2	31.989	2012.08	0
0.148664	0.01	0.2	34.2768	1982.29	0
0.148664	0.01	0.2	36.7282	2108.55	0
0.148664	0.01	0.2	39.355	2510.2	0
0.148664	0.01	0.2	42.1697	2989.01	0
0.148664	0.01	0.2	45.1856	2958.67	0
0.148664	0.01	0.2	48.4172	2549.75	0
0.148664	0.01	0.2	51.88	2459.3	0
0.148664	0.01	0.2	55.5904	2131.99	0
0.148664	0.01	0.2	59.5662	1972.61	0
0.148664	0.01	0.2	63.8263	1847.8	0
0.148664	0.01	0.2	68.3912	2173.49	0
0.148664	0.01	0.2	73.2825	2225.83	0
0.148664	0.01	0.2	78.5236	2312.95	0
0.148664	0.01	0.2	84.1395	1955.32	0
0.148664	0.01	0.2	90.1571	1884.26	0
0.148664	0.01	0.2	96.6051	2097.79	0
0.162426	0.01	0.2	0.103514	304.029	0
0.162426	0.01	0.2	0.110917	300.4	0
0.162426	0.01	0.2	0.11885	296.277	0
0.162426	0.01	0.2	0.12735	291.601	0
0.162426	0.01	0.2	0.136458	286.307	0
0.162426	0.01	0.2	0.146218	280.326	0
0.162426	0.01	0.2	0.156675	273.587	0
0.162426	0.01	0.2	0.16788	266.016	0
0.162426	0.01	0.2	0.179887	257.539	0
0.162426	0.01	0.2	0.192752	248.087	0
0.162426	0.01	0.2	0.206538	237.599	0
0.162426	0.01	0.2	0.221309	226.026	0
0.162426	0.01	0.2	0.237137	213.344	0
0.162426	0.01	0.2	0.254097	199.559	0
0.162426	0.01	0.2	0.27227	184.724	0
0.162426	0.01	0.2	0.291743	168.953	0
0.162426	0.01	0.2	0.312608	152.444	0
0.162426	0.01	0.2	0.334965	135.496	0
0.162426	0.01	0.2	0.358922	118.546	0
0.162426	0.01	0.2	0.384592	102.187	0
0.162426	0.01	0.2	0.412098	87.2108	0
0.162426	0.01	0.2	0.44157	74.6278	0
0.162426	0.01	0.2	0.473151	65.6972	0
0.162426	0.01	0.2	0.506991	61.9393	0
0.162426	0.01	0.2	0.54325	65.1323	0
0.162426	0.01	0.2	0.582103	77.285	0
0.162426	0.01	0.2	0.623735	100.576	0
0.162426	0.01	0.2	0.668344	137.253	0
0.162426	0.01	0.2	0.716143	189.494	0
0.162426	0.01	0.2	0.767361	259.226	0
0.162426	0.01	0.2	0.822243	347.92	0
0.162426	0.01	0.2	0.881049	456.383	0
0.162426	0.01	0.2	0.944061	584.565	0
0.162426	0.01	0.2	1.01158	731.421	0
0.162426	0.01	0.2	1.08393	894.816	0
0.162426	0.01	0.2	1.16145	1071.49	0
0.162426	0.01	0.2	1.24451	1257	0
0.162426	0.01	0.2	1.33352	1445.72	0
0.162426	0.01	0.2	1.42889	1630.72	0
0.162426	0.01	0.2	1.53109	1803.92	0
0.162426	0.01	0.2	1.64059	1956.59	0
0.162426	0.01	0.2	1.75792	2080.5	0
0.162426	0.01	0.2	1.88365	2169.88	0
0.162426	0.01	0.2	2.01837	2223.28	0
0.162426	0.01	0.2	2.16272	2244.37	0
0.162426	0.01	0.2	2.31739	2240.74	0
0.162426	0.01	0.2	2.48313	2221.25	0
0.162426	0.01	0.2	2.66073	2194.34	0
0.162426	0.01	0.2	2.85102	2168.94	0
0.162426	0.01	0.2	3.05492	2156.65	0
0.162426	0.01	0.2	3.27341	2170.13	0
0.162426	0.01	0.2	3.50752	2216.27	0
0.162426	0.01	0.2	3.75837	2291.06	0
0.162426	0.01	0.2	4.02717	2385.79	0
0.162426	0.01	0.2	4.31519	2496.88	0
0.162426	0.01	0.2	4.62381	2617.49	0
0.162426	0.01	0.2	4.9545	2731.19	0
0.162426	0.01	0.2	5.30884	2834.62	0
0.162426	0.01	0.2	5.68853	2921.36	0
0.162426	0.01	0.2	6.09537	2968.41	0
0.162426	0.01	0.2	6.53131	2985.22	0
0.162426	0.01	0.2	6.99842	2980.01	0
0.162426	0.01	0.2	7.49894	2981.64	0
0.162426	0.01	0.2	8.03526	2983.12	0
0.162426	0.01	0.2	8.60994	2953.37	0
0.162426	0.01	0.2	9.22571	2826.78	0
0.162426	0.01	0.2	9.88553	2612.65	0
0.162426	0.01	0.2	10.5925	2375.29	0
0.162426	0.01	0.2	11.3501	2187.51	0
0.162426	0.01	0.2	12.1619	2120.87	0
0.162426	0.01	0.2	13.0317	2170.08	0
0.162426	0.01	0.2	13.9637	2280.56	0
0.162426	0.01	0.2	14.9624	2390.09	0
0.162426	0.01	0.2	16.0325	2470.5	0
0.162426	0.01	0.2	17.1791	2607.74	0
0.162426	0.01	0.2	18.4077	2856.73	0
0.162426	0.01	0.2	19.7242	3021.72	0
0.162426	0.01	0.2	21.1349	2965.1	0
0.162426	0.01	0.2	22.6464	2674.26	0
0.162426	0.01	0.2	24.2661	2359.66	0
0.162426	0.01	0.2	26.0016	2130.12	0
0.162426	0.01	0.2	27.8612	2304.74	0
0.162426	0.01	0.2	29.8538	2579.31	0
0.162426	0.01	0.2	31.989	2508.86	0
0.162426	0.01	0.2	34.2768	2468.87	0
0.162426	0.01	0.2	36.7282	2586.23	0
0.162426	0.01	0.2	39.355	3063.86	0
0.162426	0.01	0.2	42.1697	3610.81	0
0.162426	0.01	0.2	45.1856	3577.74	0
0.162426	0.01	0.2	48.4172	3115.55	0
0.162426	0.01	0.2	51.88	3015.51	0
0.162426	0.01	0.2	55.5904	2627.15	0
0.162426	0.01	0.2	59.5662	2414.85	0
0.162426	0.01	0.2	63.8263	2302.83	0
0.162426	0.01	0.2	68.3912	2677.28	0
0.162426	0.01	0.2	73.2825	2732.64	0
0.162426	0.01	0.2	78.5236	2834.26	0
0.162426	0.01	0.2	84.1395	2422.91	0
0.162426	0.01	0.2	90.1571	2341.1	0
0.162426	0.01	0.2	96.6051	2584.52	0
0.177463	0.01	0.2	0.103514	301.769	0
0.177463	0.01	0.2	0.110917	297.829	0
0.177463	0.01	0.2	0.11885	293.356	0
0.177463	0.01	0.2	0.12735	288.287	0
0.177463	0.01	0.2	0.136458	282.555	0
0.177463	0.01	0.2	0.146218	276.087	0
0.177463	0.01	0.2	0.156675	268.81	0
0.177463	0.01	0.2	0.16788	260.649	0
0.177463	0.01	0.2	0.179887	251.531	0
0.177463	0.01	0.2	0.192752	241.389	0
0.177463	0.01	0.2	0.206538	230.169	0
0.177463	0.01	0.2	0.221309	217.833	0
0.177463	0.01	0.2	0.237137	204.375	0
0.177463	0.01	0.2	0.254097	189.827	0
0.177463	0.01	0.2	0.27227	174.279	0
0.177463	0.01	0.2	0.291743	157.895	0
0.177463	0.01	0.2	0.312608	140.941	0
0.177463	0.01	0.2	0.334965	123.809	0
0.177463	0.01	0.2	0.358922	107.049	0
0.177463	0.01	0.2	0.384592	91.4055	0
0.177463	0.01	0.2	0.412098	77.8519	0
0.177463	0.01	0.2	0.44157	67.6246	0
0.177463	0.01	0.2	0.473151	62.2507	0
0.177463	0.01	0.2	0.506991	63.5621	0
0.177463	0.01	0.2	0.54325	73.69	0
0.177463	0.01	0.2	0.582103	95.0281	0
0.177463	0.01	0.2	0.623735	130.158	0
0.177463	0.01	0.2	0.668344	181.726	0
0.177463	0.01	0.2	0.716143	252.273	0
0.177463	0.01	0.2	0.767361	344.021	0
0.177463	0.01	0.2	0.822243	458.624	0
0.177463	0.01	0.2	0.881049	596.919	0
0.177463	0.01	0.2	0.944061	758.707	0
0.177463	0.01	0.2	1.01158	942.582	0
0.177463	0.01	0.2	1.08393	1145.83	0
0.177463	0.01	0.2	1.16145	1364.39	0
0.177463	0.01	0.2	1.24451	1592.81	0
0.177463	0.01	0.2	1.33352	1824.17	0
0.177463	0.01	0.2	1.42889	2050.07	0
0.177463	0.01	0.2	1.53109	2260.7	0
0.177463	0.01	0.2	1.64059	2445.49	0
0.177463	0.01	0.2	1.75792	2594.58	0
0.177463	0.01	0.2	1.88365	2701.08	0
0.177463	0.01	0.2	2.01837	2763.39	0
0.177463	0.01	0.2	2.16272	2786.22	0
0.177463	0.01	0.2	2.31739	2779.01	0
0.177463	0.01	0.2	2.48313	2752.78	0
0.177463	0.01	0.2	2.66073	2718	0
0.177463	0.01	0.2	2.85102	2685.86	0
0.177463	0.01	0.2	3.05492	2670.86	0
0.177463	0.01	0.2	3.27341	2688.96	0
0.177463	0.01	0.2	3.50752	2749.01	0
0.177463	0.01	0.2	3.75837	2846.07	0
0.177463	0.01	0.2	4.02717	2969.25	0
0.177463	0.01	0.2	4.31519	3113.98	0
0.177463	0.01	0.2	4.62381	3271.54	0
0.177463	0.01	0.2	4.9545	3420.93	0
0.177463	0.01	0.2	5.30884	3556.41	0
0.177463	0.01	0.2	5.68853	3667.95	0
0.177463	0.01	0.2	6.09537	3725.8	0
0.177463	0.01	0.2	6.53131	3741.49	0
0.177463	0.01	0.2	6.99842	3726.54	0
0.177463	0.01	0.2	7.49894	3718.51	0
0.177463	0.01	0.2	8.03526	3712.16	0
0.177463	0.01	0.2	8.60994	3674.06	0
0.177463	0.01	0.2	9.22571	3524.6	0
0.177463	0.01	0.2	9.88553	3269.09	0
0.177463	0.01	0.2	10.5925	2980.02	0
0.177463	0.01	0.2	11.3501	2744.09	0
0.177463	0.01	0.2	12.1619	2652.09	0
0.177463	0.01	0.2	13.0317	2702.33	0
0.177463	0.01	0.2	13.9637	2832.67	0
0.177463	0.01	0.2	14.9624	2969.73	0
0.177463	0.01	0.2	16.0325	3076.72	0
0.177463	0.01	0.2	17.1791	3245.85	0
0.177463	0.01	0.2	18.4077	3538.79	0
0.177463	0.01	0.2	19.7242	3730.28	0
0.177463	0.01	0.2	21.1349	3657.89	0
0.177463	0.01	0.2	22.6464	3291.76	0
0.177463	0.01	0.2	24.2661	2901.62	0
0.177463	0.01	0.2	26.0016	2645.19	0
0.177463	0.01	0.2	27.8612	2857.6	0
0.177463	0.01	0.2	29.8538	3168.86	0
0.177463	0.01	0.2	31.989	3119.91	0
0.177463	0.01	0.2	34.2768	3068.12	0
0.177463	0.01	0.2	36.7282	3170.64	0
0.177463	0.01	0.2	39.355	3732.37	0
0.177463	0.01	0.2	42.1697	4357.46	0
0.177463	0.01	0.2	45.1856	4320.56	0
0.177463	0.01	0.2	48.4172	3798.86	0
0.177463	0.01	0.2	51.88	3691.1	0
0.177463	0.01	0.2	55.5904	3228.1	0
0.177463	0.01	0.2	59.5662	2951.68	0
0.177463	0.01	0.2	63.8263	2858.55	0
0.177463	0.01	0.2	68.3912	3289.12	0
0.177463	0.01	0.2	73.2825	3344.57	0
0.177463	0.01	0.2	78.5236	3463.19	0
0.177463	0.01	0.2	84.1395	2990.84	0
0.177463	0.01	0.2	90.1571	2897.74	0
0.177463	0.01	0.2	96.6051	3174.12	0
0.193892	0.01	0.2	0.103514	299.318	0
0.193892	0.01	0.2	0.110917	295.042	0
0.193892	0.01	0.2	0.11885	290.193	0
0.193892	0.01	0.2	0.12735	284.702	0
0.193892	0.01	0.2	0.136458	278.501	0
0.193892	0.01	0.2	0.146218	271.513	0
0.193892	0.01	0.2	0.156675	263.665	0
0.193892	0.01	0.2	0.16788	254.88	0
0.193892	0.01	0.2	0.179887	245.088	0
0.193892	0.01	0.2	0.192752	234.227	0
0.193892	0.01	0.2	0.206538	222.251	0
0.193892	0.01	0.2	0.221309	209.14	0
0.193892	0.01	0.2	0.237137	194.909	0
0.193892	0.01	0.2	0.254097	179.623	0
0.193892	0.01	0.2	0.27227	163.417	0
0.193892	0.01	0.2	0.291743	146.522	0
0.193892	0.01	0.2	0.312608	129.285	0
0.193892	0.01	0.2	0.334965	112.208	0
0.193892	0.01	0.2	0.358922	95.9845	0
0.193892	0.01	0.2	0.384592	81.5368	0
0.193892	0.01	0.2	0.412098	70.0602	0
0.193892	0.01	0.2	0.44157	63.0607	0
0.193892	0.01	0.2	0.473151	62.386	0
0.193892	0.01	0.2	0.506991	70.2402	0
0.193892	0.01	0.2	0.54325	89.1737	0
0.193892	0.01	0.2	0.582103	122.037	0
0.193892	0.01	0.2	0.623735	171.886	0
0.193892	0.01	0.2	0.668344	241.838	0
0.193892	0.01	0.2	0.716143	334.857	0
0.193892	0.01	0.2	0.767361	453.503	0
0.193892	0.01	0.2	0.822243	599.632	0
0.193892	0.01	0.2	0.881049	774.106	0
0.193892	0.01	0.2	0.944061	976.524	0
0.193892	0.01	0.2	1.01158	1205.03	0
0.193892	0.01	0.2	1.08393	1456.21	0
0.193892	0.01	0.2	1.16145	1725.03	0
0.193892	0.01	0.2	1.24451	2004.78	0
0.193892	0.01	0.2	1.33352	2287.04	0
0.193892	0.01	0.2	1.42889	2561.62	0
0.193892	0.01	0.2	1.53109	2816.65	0
0.193892	0.01	0.2	1.64059	3039.43	0
0.193892	0.01	0.2	1.75792	3218.12	0
0.193892	0.01	0.2	1.88365	3344.57	0
0.193892	0.01	0.2	2.01837	3417.09	0
0.193892	0.01	0.2	2.16272	3441.66	0
0.193892	0.01	0.2	2.31739	3430.02	0
0.193892	0.01	0.2	2.48313	3395.8	0
0.193892	0.01	0.2	2.66073	3351.98	0
0.193892	0.01	0.2	2.85102	3312.36	0
0.193892	0.01	0.2	3.05492	3294.94	0
0.193892	0.01	0.2	3.27341	3319.61	0
0.193892	0.01	0.2	3.50752	3397.44	0
0.193892	0.01	0.2	3.75837	3522.29	0
0.193892	0.01	0.2	4.02717	3680.53	0
0.193892	0.01	0.2	4.31519	3866.39	0
0.193892	0.01	0.2	4.62381	4068.88	0
0.193892	0.01	0.2	4.9545	4261.5	0
0.193892	0.01	0.2	5.30884	4435.68	0
0.193892	0.01	0.2	5.68853	4576.99	0
0.193892	0.01	0.2	6.09537	4647.59	0
0.193892	0.01	0.2	6.53131	4661.71	0
0.193892	0.01	0.2	6.99842	4635.05	0
0.193892	0.01	0.2	7.49894	4615.86	0
0.193892	0.01	0.2	8.03526	4601.09	0
0.193892	0.01	0.2	8.60994	4554.3	0
0.193892	0.01	0.2	9.22571	4378.57	0
0.193892	0.01	0.2	9.88553	4073.79	0
0.193892	0.01	0.2	10.5925	3721.69	0
0.193892	0.01	0.2	11.3501	3425.94	0
0.193892	0.01	0.2	12.1619	3302.07	0
0.193892	0.01	0.2	13.0317	3353.85	0
0.193892	0.01	0.2	13.9637	3509.55	0
0.193892	0.01	0.2	14.9624	3680.64	0
0.193892	0.01	0.2	16.0325	3819.25	0
0.193892	0.01	0.2	17.1791	4026.3	0
0.193892	0.01	0.2	18.4077	4372.23	0
0.193892	0.01	0.2	19.7242	4595.65	0
0.193892	0.01	0.2	21.1349	4503.29	0
0.193892	0.01	0.2	22.6464	4045.62	0
0.193892	0.01	0.2	24.2661	3564.25	0
0.193892	0.01	0.2	26.0016	3276.33	0
0.193892	0.01	0.2	27.8612	3535.09	0
0.193892	0.01	0.2	29.8538	3891.23	0
0.193892	0.01	0.2	31.989	3869.49	0
0.193892	0.01	0.2	34.2768	3803.76	0
0.193892	0.01	0.2	36.7282	3883.25	0
0.193892	0.01	0.2	39.355	4537.05	0
0.193892	0.01	0.2	42.1697	5251.2	0
0.193892	0.01	0.2	45.1856	5208.99	0
0.193892	0.01	0.2	48.4172	4621.32	0
0.193892	0.01	0.2	51.88	4509.05	0
0.193892	0.01	0.2	55.5904	3955.09	0
0.193892	0.01	0.2	59.5662	3600.87	0
0.193892	0.01	0.2	63.8263	3534.51	0
0.193892	0.01	0.2	68.3912	4029.57	0
0.193892	0.01	0.2	73.2825	4080.73	0
0.193892	0.01	0.2	78.5236	4219.24	0
0.193892	0.01	0.2	84.1395	3678.03	0
0.193892	0.01	0.2	90.1571	3573.46	0
0.193892	0.01	0.2	96.6051	3885.78	0
0.211841	0.01	0.2	0.103514	296.661	0
0.211841	0.01	0.2	0.110917	292.024	0
0.211841	0.01	0.2	0.11885	286.769	0
0.211841	0.01	0.2	0.12735	280.828	0
0.211841	0.01	0.2	0.136458	274.125	0
0.211841	0.01	0.2	0.146218	266.585	0
0.211841	0.01	0.2	0.156675	258.13	0
0.211841	0.01	0.2	0.16788	248.688	0
0.211841	0.01	0.2	0.179887	238.191	0
0.211841	0.01	0.2	0.192752	226.586	0
0.211841	0.01	0.2	0.206538	213.838	0
0.211841	0.01	0.2	0.221309	199.948	0
0.211841	0.01	0.2	0.237137	184.959	0
0.211841	0.01	0.2	0.254097	168.98	0
0.211841	0.01	0.2	0.27227	152.203	0
0.211841	0.01	0.2	0.291743	134.934	0
0.211841	0.01	0.2	0.312608	117.627	0
0.211841	0.01	0.2	0.334965	100.916	0
0.211841	0.01	0.2	0.358922	85.6656	0
0.211841	0.01	0.2	0.384592	73.0147	0
0.211841	0.01	0.2	0.412098	64.4246	0
0.211841	0.01	0.2	0.44157	61.7245	0
0.211841	0.01	0.2	0.473151	67.1448	0
0.211841	0.01	0.2	0.506991	83.3329	0
0.211841	0.01	0.2	0.54325	113.337	0
0.211841	0.01	0.2	0.582103	160.549	0
0.211841	0.01	0.2	0.623735	228.586	0
0.211841	0.01	0.2	0.668344	321.114	0
0.211841	0.01	0.2	0.716143	441.593	0
0.211841	0.01	0.2	0.767361	592.972	0
0.211841	0.01	0.2	0.822243	777.332	0
0.211841	0.01	0.2	0.881049	995.54	0
0.211841	0.01	0.2	0.944061	1246.94	0
0.211841	0.01	0.2	1.01158	1529.11	0
0.211841	0.01	0.2	1.08393	1837.78	0
0.211841	0.01	0.2	1.16145	2166.71	0
0.211841	0.01	0.2	1.24451	2507.72	0
0.211841	0.01	0.2	1.33352	2850.58	0
0.211841	0.01	0.2	1.42889	3182.93	0
0.211841	0.01	0.2	1.53109	3490.5	0
0.211841	0.01	0.2	1.64059	3758.03	0
0.211841	0.01	0.2	1.75792	3971.4	0
0.211841	0.01	0.2	1.88365	4121.01	0
0.211841	0.01	0.2	2.01837	4205.15	0
0.211841	0.01	0.2	2.16272	4231.39	0
0.211841	0.01	0.2	2.31739	4214.3	0
0.211841	0.01	0.2	2.48313	4170.72	0
0.211841	0.01	0.2	2.66073	4116.6	0
0.211841	0.01	0.2	2.85102	4068.94	0
0.211841	0.01	0.2	3.05492	4049.81	0
0.211841	0.01	0.2	3.27341	4083.75	0
0.211841	0.01	0.2	3.50752	4184.37	0
0.211841	0.01	0.2	3.75837	4343.95	0
0.211841	0.01	0.2	4.02717	4545.38	0
0.211841	0.01	0.2	4.31519	4781.38	0
0.211841	0.01	0.2	4.62381	5038.27	0
0.211841	0.01	0.2	4.9545	5283	0
0.211841	0.01	0.2	5.30884	5503.63	0
0.211841	0.01	0.2	5.68853	5680.45	0
0.211841	0.01	0.2	6.09537	5765.99	0
0.211841	0.01	0.2	6.53131	5777.96	0
0.211841	0.01	0.2	6.99842	5737.43	0
0.211841	0.01	0.2	7.49894	5705.73	0
0.211841	0.01	0.2	8.03526	5682.48	0
0.211841	0.01	0.2	8.60994	5627.26	0
0.211841	0.01	0.2	9.22571	5421.71	0
0.211841	0.01	0.2	9.88553	5058.32	0
0.211841	0.01	0.2	10.5925	4629.15	0
0.211841	0.01	0.2	11.3501	4258.84	0
0.211841	0.01	0.2	12.1619	4094.84	0
0.211841	0.01	0.2	13.0317	4149.1	0
0.211841	0.01	0.2	13.9637	4337.46	0
0.211841	0.01	0.2	14.9624	4550.8	0
0.211841	0.01	0.2	16.0325	4726.87	0
0.211841	0.01	0.2	17.1791	4978.74	0
0.211841	0.01	0.2	18.4077	5388.52	0
0.211841	0.01	0.2	19.7242	5650.58	0
0.211841	0.01	0.2	21.1349	5532.99	0
0.211841	0.01	0.2	22.6464	4963.88	0
0.211841	0.01	0.2	24.2661	4372.13	0
0.211841	0.01	0.2	26.0016	4047.44	0
0.211841	0.01	0.2	27.8612	4363.34	0
0.211841	0.01	0.2	29.8538	4774.56	0
0.211841	0.01	0.2	31.989	4787.09	0
0.211841	0.01	0.2	34.2768	4704.49	0
0.211841	0.01	0.2	36.7282	4749.76	0
0.211841	0.01	0.2	39.355	5502.95	0
0.211841	0.01	0.2	42.1697	6317.84	0
0.211841	0.01	0.2	45.1856	6268.3	0
0.211841	0.01	0.2	48.4172	5608.22	0
0.211841	0.01	0.2	51.88	5496.51	0
0.211841	0.01	0.2	55.5904	4832.04	0
0.211841	0.01	0.2	59.5662	4383.32	0
0.211841	0.01	0.2	63.8263	4353.77	0
0.211841	0.01	0.2	68.3912	4922.85	0
0.211841	0.01	0.2	73.2825	4963.4	0
0.211841	0.01	0.2	78.5236	5125.11	0
0.211841	0.01	0.2	84.1395	4506.66	0
0.211841	0.01	0.2	90.1571	4390.99	0
0.211841	0.01	0.2	96.6051	4741.98	0
0.231452	0.01	0.2	0.103514	293.783	0
0.231452	0.01	0.2	0.110917	288.757	0
0.231452	0.01	0.2	0.11885	283.069	0
0.231452	0.01	0.2	0.12735	276.644	0
0.231452	0.01	0.2	0.136458	269.407	0
0.231452	0.01	0.2	0.146218	261.28	0
0.231452	0.01	0.2	0.156675	252.187	0
0.231452	0.01	0.2	0.16788	242.056	0
0.231452	0.01	0.2	0.179887	230.827	0
0.231452	0.01	0.2	0.192752	218.456	0
0.231452	0.01	0.2	0.206538	204.927	0
0.231452	0.01	0.2	0.221309	190.266	0
0.231452	0.01	0.2	0.237137	174.554	0
0.231452	0.01	0.2	0.254097	157.951	0
0.231452	0.01	0.2	0.27227	140.721	0
0.231452	0.01	0.2	0.291743	123.266	0
0.231452	0.01	0.2	0.312608	106.164	0
0.231452	0.01	0.2	0.334965	90.2126	0
0.231452	0.01	0.2	0.358922	76.4834	0
0.231452	0.01	0.2	0.384592	66.3746	0
0.231452	0.01	0.2	0.412098	61.6671	0
0.231452	0.01	0.2	0.44157	64.5763	0
0.231452	0.01	0.2	0.473151	77.7894	0
0.231452	0.01	0.2	0.506991	104.481	0
0.231452	0.01	0.2	0.54325	148.291	0
0.231452	0.01	0.2	0.582103	213.25	0
0.231452	0.01	0.2	0.623735	303.637	0
0.231452	0.01	0.2	0.668344	423.762	0
0.231452	0.01	0.2	0.716143	577.664	0
0.231452	0.01	0.2	0.767361	768.735	0
0.231452	0.01	0.2	0.822243	999.305	0
0.231452	0.01	0.2	0.881049	1270.22	0
0.231452	0.01	0.2	0.944061	1580.5	0
0.231452	0.01	0.2	1.01158	1927.02	0
0.231452	0.01	0.2	1.08393	2304.45	0
0.231452	0.01	0.2	1.16145	2705.13	0
0.231452	0.01	0.2	1.24451	3119.07	0
0.231452	0.01	0.2	1.33352	3533.86	0
0.231452	0.01	0.2	1.42889	3934.59	0
0.231452	0.01	0.2	1.53109	4304.12	0
0.231452	0.01	0.2	1.64059	4624.2	0
0.231452	0.01	0.2	1.75792	4878.04	0
0.231452	0.01	0.2	1.88365	5054.41	0
0.231452	0.01	0.2	2.01837	5151.67	0
0.231452	0.01	0.2	2.16272	5179.4	0
0.231452	0.01	0.2	2.31739	5155.67	0
0.231452	0.01	0.2	2.48313	5101.2	0
0.231452	0.01	0.2	2.66073	5035.59	0
0.231452	0.01	0.2	2.85102	4979.56	0
0.231452	0.01	0.2	3.05492	4960.07	0
0.231452	0.01	0.2	3.27341	5007.04	0
0.231452	0.01	0.2	3.50752	5137.01	0
0.231452	0.01	0.2	3.75837	5340.05	0
0.231452	0.01	0.2	4.02717	5594.67	0
0.231452	0.01	0.2	4.31519	5891.68	0
0.231452	0.01	0.2	4.62381	6214.2	0
0.231452	0.01	0.2	4.9545	6521.38	0
0.231452	0.01	0.2	5.30884	6797.39	0
0.231452	0.01	0.2	5.68853	7016.28	0
0.231452	0.01	0.2	6.09537	7119.15	0
0.231452	0.01	0.2	6.53131	7128.26	0
0.231452	0.01	0.2	6.99842	7071.54	0
0.231452	0.01	0.2	7.49894	7026.37	0
0.231452	0.01	0.2	8.03526	6995.47	0
0.231452	0.01	0.2	8.60994	6933.18	0
0.231452	0.01	0.2	9.22571	6694.28	0
0.231452	0.01	0.2	9.88553	6261.19	0
0.231452	0.01	0.2	10.5925	5737.46	0
0.231452	0.01	0.2	11.3501	5273.81	0
0.231452	0.01	0.2	12.1619	5059.21	0
0.231452	0.01	0.2	13.0317	5117.49	0
0.231452	0.01	0.2	13.9637	5348.23	0
0.231452	0.01	0.2	14.9624	5614.28	0
0.231452	0.01	0.2	16.0325	5834.54	0
0.231452	0.01	0.2	17.1791	6139.08	0
0.231452	0.01	0.2	18.4077	6625.79	0
0.231452	0.01	0.2	19.7242	6934.82	0
0.231452	0.01	0.2	21.1349	6785.39	0
0.231452	0.01	0.2	22.6464	6080.42	0
0.231452	0.01	0.2	24.2661	5354.83	0
0.231452	0.01	0.2	26.0016	4987.37	0
0.231452	0.01	0.2	27.8612	5374.04	0
0.231452	0.01	0.2	29.8538	5853.18	0
0.231452	0.01	0.2	31.989	5908.59	0
0.231452	0.01	0.2	34.2768	5805.08	0
0.231452	0.01	0.2	36.7282	5800.91	0
0.231452	0.01	0.2	39.355	6659.46	0
0.231452	0.01	0.2	42.1697	7587.26	0
0.231452	0.01	0.2	45.1856	7527.68	0
0.231452	0.01	0.2	48.4172	6789.09	0
0.231452	0.01	0.2	51.88	6685.58	0
0.231452	0.01	0.2	55.5904	5887.21	0
0.231452	0.01	0.2	59.5662	5323.54	0
0.231452	0.01	0.2	63.8263	5343.51	0
0.231452	0.01	0.2	68.3912	5997.47	0
0.231452	0.01	0.2	73.2825	6018.49	0
0.231452	0.01	0.2	78.5236	6207.16	0
0.231452	0.01	0.2	84.1395	5502.7	0
0.231452	0.01	0.2	90.1571	5377.1	0
0.231452	0.01	0.2	96.6051	5768.99	0
0.252878	0.01	0.2	0.103514	290.668	0
0.252878	0.01	0.2	0.110917	285.226	0
0.252878	0.01	0.2	0.11885	279.072	0
0.252878	0.01	0.2	0.12735	272.133	0
0.252878	0.01	0.2	0.136458	264.328	0
0.252878	0.01	0.2	0.146218	255.581	0
0.252878	0.01	0.2	0.156675	245.816	0
0.252878	0.01	0.2	0.16788	234.967	0
0.252878	0.01	0.2	0.179887	222.981	0
0.252878	0.01	0.2	0.192752	209.831	0
0.252878	0.01	0.2	0.206538	195.523	0
0.252878	0.01	0.2	0.221309	180.115	0
0.252878	0.01	0.2	0.237137	163.735	0
0.252878	0.01	0.2	0.254097	146.609	0
0.252878	0.01	0.2	0.27227	129.087	0
0.252878	0.01	0.2	0.291743	111.689	0
0.252878	0.01	0.2	0.312608	95.1446	0
0.252878	0.01	0.2	0.334965	80.4486	0
0.252878	0.01	0.2	0.358922	68.9215	0
0.252878	0.01	0.2	0.384592	62.2731	0
0.252878	0.01	0.2	0.412098	62.6673	0
0.252878	0.01	0.2	0.44157	72.7804	0
0.252878	0.01	0.2	0.473151	95.8441	0
0.252878	0.01	0.2	0.506991	135.659	0
0.252878	0.01	0.2	0.54325	196.566	0
0.252878	0.01	0.2	0.582103	283.351	0
0.252878	0.01	0.2	0.623735	401.073	0
0.252878	0.01	0.2	0.668344	554.796	0
0.252878	0.01	0.2	0.716143	749.23	0
0.252878	0.01	0.2	0.767361	988.276	0
0.252878	0.01	0.2	0.822243	1274.54	0
0.252878	0.01	0.2	0.881049	1608.81	0
0.252878	0.01	0.2	0.944061	1989.67	0
0.252878	0.01	0.2	1.01158	2413.17	0
0.252878	0.01	0.2	1.08393	2872.65	0
0.252878	0.01	0.2	1.16145	3358.72	0
0.252878	0.01	0.2	1.24451	3859.24	0
0.252878	0.01	0.2	1.33352	4359.19	0
0.252878	0.01	0.2	1.42889	4840.63	0
0.252878	0.01	0.2	1.53109	5283.02	0
0.252878	0.01	0.2	1.64059	5664.57	0
0.252878	0.01	0.2	1.75792	5965.45	0
0.252878	0.01	0.2	1.88365	6172.57	0
0.252878	0.01	0.2	2.01837	6284.51	0
0.252878	0.01	0.2	2.16272	6313.42	0
0.252878	0.01	0.2	2.31739	6281.63	0
0.252878	0.01	0.2	2.48313	6214.65	0
0.252878	0.01	0.2	2.66073	6136.44	0
0.252878	0.01	0.2	2.85102	6072.22	0
0.252878	0.01	0.2	3.05492	6054.61	0
0.252878	0.01	0.2	3.27341	6119.87	0
0.252878	0.01	0.2	3.50752	6287.73	0
0.252878	0.01	0.2	3.75837	6545.3	0
0.252878	0.01	0.2	4.02717	6865.47	0
0.252878	0.01	0.2	4.31519	7236.61	0
0.252878	0.01	0.2	4.62381	7638.02	0
0.252878	0.01	0.2	4.9545	8019.67	0
0.252878	0.01	0.2	5.30884	8361.27	0
0.252878	0.01	0.2	5.68853	8629.59	0
0.252878	0.01	0.2	6.09537	8752.33	0
0.252878	0.01	0.2	6.53131	8757.65	0
0.252878	0.01	0.2	6.99842	8682.38	0
0.252878	0.01	0.2	7.49894	8623.47	0
0.252878	0.01	0.2	8.03526	8587.26	0
0.252878	0.01	0.2	8.60994	8520.91	0
0.252878	0.01	0.2	9.22571	8245.48	0
0.252878	0.01	0.2	9.88553	7729.54	0
0.252878	0.01	0.2	10.5925	7089.29	0
0.252878	0.01	0.2	11.3501	6508.3	0
0.252878	0.01	0.2	12.1619	6229.75	0
0.252878	0.01	0.2	13.0317	6294.48	0
0.252878	0.01	0.2	13.9637	6580.61	0
0.252878	0.01	0.2	14.9624	6912.68	0
0.252878	0.01	0.2	16.0325	7184.87	0
0.252878	0.01	0.2	17.1791	7550.9	0
0.252878	0.01	0.2	18.4077	8130.29	0
0.252878	0.01	0.2	19.7242	8496.71	0
0.252878	0.01	0.2	21.1349	8307.17	0
0.252878	0.01	0.2	22.6464	7436.27	0
0.252878	0.01	0.2	24.2661	6548.01	0
0.252878	0.01	0.2	26.0016	6131.02	0
0.252878	0.01	0.2	27.8612	6605.87	0
0.252878	0.01	0.2	29.8538	7169.08	0
0.252878	0.01	0.2	31.989	7277.84	0
0.252878	0.01	0.2	34.2768	7147.78	0
0.252878	0.01	0.2	36.7282	7073.63	0
0.252878	0.01	0.2	39.355	8041.05	0
0.252878	0.01	0.2	42.1697	9093.99	0
0.252878	0.01	0.2	45.1856	9020.78	0
0.252878	0.01	0.2	48.4172	8198.43	0
0.252878	0.01	0.2	51.88	8114.22	0
0.252878	0.01	0.2	55.5904	7154.05	0
0.252878	0.01	0.2	59.5662	6450.27	0
0.252878	0.01	0.2	63.8263	6535.82	0
0.252878	0.01	0.2	68.3912	7286.94	0
0.252878	0.01	0.2	73.2825	7276.14	0
0.252878	0.01	0.2	78.5236	7496.02	0
0.252878	0.01	0.2	84.1395	6696.55	0
0.252878	0.01	0.2	90.1571	6563.34	0
0.252878	0.01	0.2	96.6051	6997.5	0
0.276288	0.01	0.2	0.103514	287.299	0
0.276288	0.01	0.2	0.110917	281.411	0
0.276288	0.01	0.2	0.11885	274.761	0
0.276288	0.01	0.2	0.12735	267.274	0
0.276288	0.01	0.2	0.136458	258.868	0
0.276288	0.01	0.2	0.146218	249.467	0
0.276288	0.01	0.2	0.156675	239	0
0.276288	0.01	0.2	0.16788	227.406	0
0.276288	0.01	0.2	0.179887	214.647	0
0.276288	0.01	0.2	0.192752	200.713	0
0.276288	0.01	0.2	0.206538	185.64	0
0.276288	0.01	0.2	0.221309	169.528	0
0.276288	0.01	0.2	0.237137	152.564	0
0.276288	0.01	0.2	0.254097	135.052	0
0.276288	0.01	0.2	0.27227	117.452	0
0.276288	0.01	0.2	0.291743	100.424	0
0.276288	0.01	0.2	0.312608	84.8816	0
0.276288	0.01	0.2	0.334965	72.0582	0
0.276288	0.01	0.2	0.358922	63.5737	0
0.276288	0.01	0.2	0.384592	61.5113	0
0.276288	0.01	0.2	0.412098	68.4923	0
0.276288	0.01	0.2	0.44157	87.7428	0
0.276288	0.01	0.2	0.473151	123.142	0
0.276288	0.01	0.2	0.506991	179.234	0
0.276288	0.01	0.2	0.54325	261.189	0
0.276288	0.01	0.2	0.582103	374.685	0
0.276288	0.01	0.2	0.623735	525.696	0
0.276288	0.01	0.2	0.668344	720.171	0
0.276288	0.01	0.2	0.716143	963.597	0
0.276288	0.01	0.2	0.767361	1260.46	0
0.276288	0.01	0.2	0.822243	1613.65	0
0.276288	0.01	0.2	0.881049	2023.87	0
0.276288	0.01	0.2	0.944061	2489.15	0
0.276288	0.01	0.2	1.01158	3004.48	0
0.276288	0.01	0.2	1.08393	3561.62	0
0.276288	0.01	0.2	1.16145	4149.09	0
0.276288	0.01	0.2	1.24451	4752.14	0
0.276288	0.01	0.2	1.33352	5352.63	0
0.276288	0.01	0.2	1.42889	5929.04	0
0.276288	0.01	0.2	1.53109	6456.8	0
0.276288	0.01	0.2	1.64059	6910.03	0
0.276288	0.01	0.2	1.75792	7265.32	0
0.276288	0.01	0.2	1.88365	7507.56	0
0.276288	0.01	0.2	2.01837	7635.76	0
0.276288	0.01	0.2	2.16272	7665.32	0
0.276288	0.01	0.2	2.31739	7623.84	0
0.276288	0.01	0.2	2.48313	7542.65	0
0.276288	0.01	0.2	2.66073	7451.03	0
0.276288	0.01	0.2	2.85102	7379.49	0
0.276288	0.01	0.2	3.05492	7367.34	0
0.276288	0.01	0.2	3.27341	7458.16	0
0.276288	0.01	0.2	3.50752	7675.15	0
0.276288	0.01	0.2	3.75837	8001.34	0
0.276288	0.01	0.2	4.02717	8402.42	0
0.276288	0.01	0.2	4.31519	8863.57	0
0.276288	0.01	0.2	4.62381	9359.51	0
0.276288	0.01	0.2	4.9545	9829.46	0
0.276288	0.01	0.2	5.30884	10248.2	0
0.276288	0.01	0.2	5.68853	10574.1	0
0.276288	0.01	0.2	6.09537	10719.1	0
0.276288	0.01	0.2	6.53131	10719.5	0
0.276288	0.01	0.2	6.99842	10623.4	0
0.276288	0.01	0.2	7.49894	10551.7	0
0.276288	0.01	0.2	8.03526	10514.8	0
0.276288	0.01	0.2	8.60994	10450.1	0
0.276288	0.01	0.2	9.22571	10135.7	0
0.276288	0.01	0.2	9.88553	9521.32	0
0.276288	0.01	0.2	10.5925	8736.86	0
0.276288	0.01	0.2	11.3501	8007.64	0
0.276288	0.01	0.2	12.1619	7648.04	0
0.276288	0.01	0.2	13.0317	7722.92	0
0.276288	0.01	0.2	13.9637	8081.86	0
0.276288	0.01	0.2	14.9624	8497.04	0
0.276288	0.01	0.2	16.0325	8829.99	0
0.276288	0.01	0.2	17.1791	9267.28	0
0.276288	0.01	0.2	18.4077	9958.42	0
0.276288	0.01	0.2	19.7242	10395.3	0
0.276288	0.01	0.2	21.1349	10155.3	0
0.276288	0.01	0.2	22.6464	9081.26	0
0.276288	0.01	0.2	24.2661	7994.8	0
0.276288	0.01	0.2	26.0016	7520.76	0
0.276288	0.01	0.2	27.8612	8106.15	0
0.276288	0.01	0.2	29.8538	8773.83	0
0.276288	0.01	0.2	31.989	8948.6	0
0.276288	0.01	0.2	34.2768	8784.08	0
0.276288	0.01	0.2	36.7282	8612.36	0
0.276288	0.01	0.2	39.355	9688.24	0
0.276288	0.01	0.2	42.1697	10877.9	0
0.276288	0.01	0.2	45.1856	10786.3	0
0.276288	0.01	0.2	48.4172	9876.5	0
0.276288	0.01	0.2	51.88	9827.37	0
0.276288	0.01	0.2	55.5904	8672.22	0
0.276288	0.01	0.2	59.5662	7797.29	0
0.276288	0.01	0.2	63.8263	7968.49	0
0.276288	0.01	0.2	68.3912	8830.7	0
0.276288	0.01	0.2	73.2825	8771.4	0
0.276288	0.01	0.2	78.5236	9027.23	0
0.276288	0.01	0.2	84.1395	8123.75	0
0.276288	0.01	0.2	90.1571	7986.84	0
0.276288	0.01	0.2	96.6051	8463.29	0
0.301866	0.01	0.2	0.103514	283.66	0
0.301866	0.01	0.2	0.110917	277.294	0
0.301866	0.01	0.2	0.11885	270.117	0
0.301866	0.01	0.2	0.12735	262.047	0
0.301866	0.01	0.2	0.136458	253.007	0
0.301866	0.01	0.2	0.146218	242.921	0
0.301866	0.01	0.2	0.156675	231.724	0
0.301866	0.01	0.2	0.16788	219.365	0
0.301866	0.01	0.2	0.179887	205.822	0
0.301866	0.01	0.2	0.192752	191.111	0
0.301866	0.01	0.2	0.206538	175.306	0
0.301866	0.01	0.2	0.221309	158.557	0
0.301866	0.01	0.2	0.237137	141.126	0
0.301866	0.01	0.2	0.254097	123.413	0
0.301866	0.01	0.2	0.27227	106.009	0
0.301866	0.01	0.2	0.291743	89.7463	0
0.301866	0.01	0.2	0.312608	75.7628	0
0.301866	0.01	0.2	0.334965	65.5758	0
0.301866	0.01	0.2	0.358922	61.1653	0
0.301866	0.01	0.2	0.384592	65.0612	0
0.301866	0.01	0.2	0.412098	80.4306	0
0.301866	0.01	0.2	0.44157	111.155	0
0.301866	0.01	0.2	0.473151	161.881	0
0.301866	0.01	0.2	0.506991	238.036	0
0.301866	0.01	0.2	0.54325	345.769	0
0.301866	0.01	0.2	0.582103	491.81	0
0.301866	0.01	0.2	0.623735	683.209	0
0.301866	0.01	0.2	0.668344	926.948	0
0.301866	0.01	0.2	0.716143	1229.41	0
0.301866	0.01	0.2	0.767361	1595.75	0
0.301866	0.01	0.2	0.822243	2029.16	0
0.301866	0.01	0.2	0.881049	2530.2	0
0.301866	0.01	0.2	0.944061	3096.2	0
0.301866	0.01	0.2	1.01158	3720.82	0
0.301866	0.01	0.2	1.08393	4393.93	0
0.301866	0.01	0.2	1.16145	5101.49	0
0.301866	0.01	0.2	1.24451	5825.62	0
0.301866	0.01	0.2	1.33352	6544.5	0
0.301866	0.01	0.2	1.42889	7232.3	0
0.301866	0.01	0.2	1.53109	7859.76	0
0.301866	0.01	0.2	1.64059	8396.21	0
0.301866	0.01	0.2	1.75792	8814.14	0
0.301866	0.01	0.2	1.88365	9096.21	0
0.301866	0.01	0.2	2.01837	9242.21	0
0.301866	0.01	0.2	2.16272	9271.61	0
0.301866	0.01	0.2	2.31739	9218.55	0
0.301866	0.01	0.2	2.48313	9121.48	0
0.301866	0.01	0.2	2.66073	9016.1	0
0.301866	0.01	0.2	2.85102	8939.25	0
0.301866	0.01	0.2	3.05492	8938.04	0
0.301866	0.01	0.2	3.27341	9064.47	0
0.301866	0.01	0.2	3.50752	9345.39	0
0.301866	0.01	0.2	3.75837	9758.25	0
0.301866	0.01	0.2	4.02717	10259.4	0
0.301866	0.01	0.2	4.31519	10829.8	0
0.301866	0.01	0.2	4.62381	11438.7	0
0.301866	0.01	0.2	4.9545	12012.8	0
0.301866	0.01	0.2	5.30884	12521.5	0
0.301866	0.01	0.2	5.68853	12913.5	0
0.301866	0.01	0.2	6.09537	13083.2	0
0.301866	0.01	0.2	6.53131	13076.9	0
0.301866	0.01	0.2	6.99842	12958	0
0.301866	0.01	0.2	7.49894	12876.5	0
0.301866	0.01	0.2	8.03526	12847.3	0
0.301866	0.01	0.2	8.60994	12793.8	0
0.301866	0.01	0.2	9.22571	12439.5	0
0.301866	0.01	0.2	9.88553	11708.2	0
0.301866	0.01	0.2	10.5925	10744.3	0
0.301866	0.01	0.2	11.3501	9826.92	0
0.301866	0.01	0.2	12.1619	9364.24	0
0.301866	0.01	0.2	13.0317	9454.77	0
0.301866	0.01	0.2	13.9637	9909.91	0
0.301866	0.01	0.2	14.9624	10430.3	0
0.301866	0.01	0.2	16.0325	10834	0
0.301866	0.01	0.2	17.1791	11353.2	0
0.301866	0.01	0.2	18.4077	12179.2	0
0.301866	0.01	0.2	19.7242	12703.2	0
0.301866	0.01	0.2	21.1349	12399.4	0
0.301866	0.01	0.2	22.6464	11076.2	0
0.301866	0.01	0.2	24.2661	9747.58	0
0.301866	0.01	0.2	26.0016	9208.34	0
0.301866	0.01	0.2	27.8612	9933.13	0
0.301866	0.01	0.2	29.8538	10731.2	0
0.301866	0.01	0.2	31.989	10987.1	0
0.301866	0.01	0.2	34.2768	10777	0
0.301866	0.01	0.2	36.7282	10470.8	0
0.301866	0.01	0.2	39.355	11648.7	0
0.301866	0.01	0.2	42.1697	12985.1	0
0.301866	0.01	0.2	45.1856	12868.6	0
0.301866	0.01	0.2	48.4172	11870.3	0
0.301866	0.01	0.2	51.88	11878.3	0
0.301866	0.01	0.2	55.5904	10488.8	0
0.301866	0.01	0.2	59.5662	9404.33	0
0.301866	0.01	0.2	63.8263	9686.13	0
0.301866	0.01	0.2	68.3912	10675.2	0
0.301866	0.01	0.2	73.2825	10545.1	0
0.301866	0.01	0.2	78.5236	10842.1	0
0.301866	0.01	0.2	84.1395	9825.88	0
0.301866	0.01	0.2	90.1571	9691.29	0
0.301866	0.01	0.2	96.6051	10208.1	0
0.329811	0.01	0.2	0.103514	279.733	0
0.329811	0.01	0.2	0.110917	272.858	0
0.329811	0.01	0.2	0.11885	265.119	0
0.329811	0.01	0.2	0.12735	256.435	0
0.329811	0.01	0.2	0.136458	246.729	0
0.329811	0.01	0.2	0.146218	235.928	0
0.329811	0.01	0.2	0.156675	223.976	0
0.329811	0.01	0.2	0.16788	210.837	0
0.329811	0.01	0.2	0.179887	196.511	0
0.329811	0.01	0.2	0.192752	181.045	0
0.329811	0.01	0.2	0.206538	164.56	0
0.329811	0.01	0.2	0.221309	147.273	0
0.329811	0.01	0.2	0.237137	129.531	0
0.329811	0.01	0.2	0.254097	111.858	0
0.329811	0.01	0.2	0.27227	95.001	0
0.329811	0.01	0.2	0.291743	80.0018	0
0.329811	0.01	0.2	0.312608	68.2662	0
0.329811	0.01	0.2	0.334965	61.6544	0
0.329811	0.01	0.2	0.358922	62.5768	0
0.329811	0.01	0.2	0.384592	74.0971	0
0.329811	0.01	0.2	0.412098	100.033	0
0.329811	0.01	0.2	0.44157	145.043	0
0.329811	0.01	0.2	0.473151	214.688	0
0.329811	0.01	0.2	0.506991	315.437	0
0.329811	0.01	0.2	0.54325	454.598	0
0.329811	0.01	0.2	0.582103	640.138	0
0.329811	0.01	0.2	0.623735	880.368	0
0.329811	0.01	0.2	0.668344	1183.48	0
0.329811	0.01	0.2	0.716143	1556.88	0
0.329811	0.01	0.2	0.767361	2006.49	0
0.329811	0.01	0.2	0.822243	2535.82	0
0.329811	0.01	0.2	0.881049	3145.2	0
0.329811	0.01	0.2	0.944061	3831.06	0
0.329811	0.01	0.2	1.01158	4585.47	0
0.329811	0.01	0.2	1.08393	5395.93	0
0.329811	0.01	0.2	1.16145	6245.36	0
0.329811	0.01	0.2	1.24451	7112.11	0
0.329811	0.01	0.2	1.33352	7969.95	0
0.329811	0.01	0.2	1.42889	8788.01	0
0.329811	0.01	0.2	1.53109	9531.47	0
0.329811	0.01	0.2	1.64059	10164.1	0
0.329811	0.01	0.2	1.75792	10653.7	0
0.329811	0.01	0.2	1.88365	10980.6	0
0.329811	0.01	0.2	2.01837	11145.8	0
0.329811	0.01	0.2	2.16272	11173.9	0
0.329811	0.01	0.2	2.31739	11107.1	0
0.329811	0.01	0.2	2.48313	10992.6	0
0.329811	0.01	0.2	2.66073	10873.9	0
0.329811	0.01	0.2	2.85102	10795.4	0
0.329811	0.01	0.2	3.05492	10813.3	0
0.329811	0.01	0.2	3.27341	10989.2	0
0.329811	0.01	0.2	3.50752	11353.7	0
0.329811	0.01	0.2	3.75837	11876.4	0
0.329811	0.01	0.2	4.02717	12501.7	0
0.329811	0.01	0.2	4.31519	13204.9	0
0.329811	0.01	0.2	4.62381	13948.5	0
0.329811	0.01	0.2	4.9545	14644.6	0
0.329811	0.01	0.2	5.30884	15257.1	0
0.329811	0.01	0.2	5.68853	15724.2	0
0.329811	0.01	0.2	6.09537	15919.9	0
0.329811	0.01	0.2	6.53131	15904.8	0
0.329811	0.01	0.2	6.99842	15761.6	0
0.329811	0.01	0.2	7.49894	15676.5	0
0.329811	0.01	0.2	8.03526	15668.8	0
0.329811	0.01	0.2	8.60994	15641.9	0
0.329811	0.01	0.2	9.22571	15249.5	0
0.329811	0.01	0.2	9.88553	14379.2	0
0.329811	0.01	0.2	10.5925	13191	0
0.329811	0.01	0.2	11.3501	12033.4	0
0.329811	0.01	0.2	12.1619	11439.1	0
0.329811	0.01	0.2	13.0317	11553.3	0
0.329811	0.01	0.2	13.9637	12136.1	0
0.329811	0.01	0.2	14.9624	12790.2	0
0.329811	0.01	0.2	16.0325	13275.9	0
0.329811	0.01	0.2	17.1791	13888.4	0
0.329811	0.01	0.2	18.4077	14877.4	0
0.329811	0.01	0.2	19.7242	15509.6	0
0.329811	0.01	0.2	21.1349	15125.6	0
0.329811	0.01	0.2	22.6464	13495.8	0
0.329811	0.01	0.2	24.2661	11870.3	0
0.329811	0.01	0.2	26.0016	11257.3	0
0.329811	0.01	0.2	27.8612	12159	0
0.329811	0.01	0.2	29.8538	13120.3	0
0.329811	0.01	0.2	31.989	13475.5	0
0.329811	0.01	0.2	34.2768	13203.9	0
0.329811	0.01	0.2	36.7282	12714	0
0.329811	0.01	0.2	39.355	13978.9	0
0.329811	0.01	0.2	42.1697	15468.8	0
0.329811	0.01	0.2	45.1856	15318.9	0
0.329811	0.01	0.2	48.4172	14235.1	0
0.329811	0.01	0.2	51.88	14330.5	0
0.329811	0.01	0.2	55.5904	12660.1	0
0.329811	0.01	0.2	59.5662	11318.3	0
0.329811	0.01	0.2	63.8263	11741.4	0
0.329811	0.01	0.2	68.3912	12875	0
0.329811	0.01	0.2	73.2825	12645	0
0.329811	0.01	0.2	78.5236	12988.8	0
0.329811	0.01	0.2	84.1395	11851.6	0
0.329811	0.01	0.2	90.1571	11728.2	0
0.329811	0.01	0.2	96.6051	12280.7	0
0.360343	0.01	0.2	0.103514	275.5	0
0.360343	0.01	0.2	0.110917	268.084	0
0.360343	0.01	0.2	0.11885	259.751	0
0.360343	0.01	0.2	0.12735	250.42	0
0.360343	0.01	0.2	0.136458	240.015	0
0.360343	0.01	0.2	0.146218	228.474	0
0.360343	0.01	0.2	0.156675	215.749	0
0.360343	0.01	0.2	0.16788	201.825	0
0.360343	0.01	0.2	0.179887	186.728	0
0.360343	0.01	0.2	0.192752	170.548	0
0.360343	0.01	0.2	0.206538	153.464	0
0.360343	0.01	0.2	0.221309	135.771	0
0.360343	0.01	0.2	0.237137	117.927	0
0.360343	0.01	0.2	0.254097	100.601	0
0.360343	0.01	0.2	0.27227	84.7336	0
0.360343	0.01	0.2	0.291743	71.6159	0
0.360343	0.01	0.2	0.312608	62.9771	0
0.360343	0.01	0.2	0.334965	61.0876	0
0.360343	0.01	0.2	0.358922	68.8726	0
0.360343	0.01	0.2	0.384592	90.0316	0
0.360343	0.01	0.2	0.412098	129.156	0
0.360343	0.01	0.2	0.44157	191.829	0
0.360343	0.01	0.2	0.473151	284.692	0
0.360343	0.01	0.2	0.506991	415.447	0
0.360343	0.01	0.2	0.54325	592.766	0
0.360343	0.01	0.2	0.582103	826.073	0
0.360343	0.01	0.2	0.623735	1125.16	0
0.360343	0.01	0.2	0.668344	1499.6	0
0.360343	0.01	0.2	0.716143	1958.03	0
0.360343	0.01	0.2	0.767361	2507.19	0
0.360343	0.01	0.2	0.822243	3150.92	0
0.360343	0.01	0.2	0.881049	3889.23	0
0.360343	0.01	0.2	0.944061	4717.41	0
0.360343	0.01	0.2	1.01158	5625.56	0
0.360343	0.01	0.2	1.08393	6598.31	0
0.360343	0.01	0.2	1.16145	7614.9	0
0.360343	0.01	0.2	1.24451	8649.18	0
0.360343	0.01	0.2	1.33352	9669.65	0
0.360343	0.01	0.2	1.42889	10639.5	0
0.360343	0.01	0.2	1.53109	11517.4	0
0.360343	0.01	0.2	1.64059	12260.6	0
0.360343	0.01	0.2	1.75792	12831.8	0
0.360343	0.01	0.2	1.88365	13208.8	0
0.360343	0.01	0.2	2.01837	13394.2	0
0.360343	0.01	0.2	2.16272	13419.3	0
0.360343	0.01	0.2	2.31739	13336.4	0
0.360343	0.01	0.2	2.48313	13203.2	0
0.360343	0.01	0.2	2.66073	13072.9	0
0.360343	0.01	0.2	2.85102	12998.8	0
0.360343	0.01	0.2	3.05492	13047.8	0
0.360343	0.01	0.2	3.27341	13292.3	0
0.360343	0.01	0.2	3.50752	13766.3	0
0.360343	0.01	0.2	3.75837	14429.1	0
0.360343	0.01	0.2	4.02717	15209	0
0.360343	0.01	0.2	4.31519	16073.6	0
0.360343	0.01	0.2	4.62381	16977.5	0
0.360343	0.01	0.2	4.9545	17815.7	0
0.360343	0.01	0.2	5.30884	18546.5	0
0.360343	0.01	0.2	5.68853	19097.2	0
0.360343	0.01	0.2	6.09537	19319	0
0.360343	0.01	0.2	6.53131	19291.9	0
0.360343	0.01	0.2	6.99842	19124.3	0
0.360343	0.01	0.2	7.49894	19046.4	0
0.360343	0.01	0.2	8.03526	19082.1	0
0.360343	0.01	0.2	8.60994	19106.2	0
0.360343	0.01	0.2	9.22571	18681.5	0
0.360343	0.01	0.2	9.88553	17646	0
0.360343	0.01	0.2	10.5925	16175.6	0
0.360343	0.01	0.2	11.3501	14709.6	0
0.360343	0.01	0.2	12.1619	13946.4	0
0.360343	0.01	0.2	13.0317	14096	0
0.360343	0.01	0.2	13.9637	14848.8	0
0.360343	0.01	0.2	14.9624	15673.8	0
0.360343	0.01	0.2	16.0325	16254.1	0
0.360343	0.01	0.2	17.1791	16971.8	0
0.360343	0.01	0.2	18.4077	18158.2	0
0.360343	0.01	0.2	19.7242	18925.8	0
0.360343	0.01	0.2	21.1349	18440.4	0
0.360343	0.01	0.2	22.6464	16432	0
0.360343	0.01	0.2	24.2661	14441.5	0
0.360343	0.01	0.2	26.0016	13746	0
0.360343	0.01	0.2	27.8612	14873.8	0
0.360343	0.01	0.2	29.8538	16040.6	0
0.360343	0.01	0.2	31.989	16516	0
0.360343	0.01	0.2	34.2768	16160.8	0
0.360343	0.01	0.2	36.7282	15421.6	0
0.360343	0.01	0.2	39.355	16745.6	0
0.360343	0.01	0.2	42.1697	18390.7	0
0.360343	0.01	0.2	45.1856	18196.2	0
0.360343	0.01	0.2	48.4172	17035.6	0
0.360343	0.01	0.2	51.88	17259.6	0
0.360343	0.01	0.2	55.5904	15253.7	0
0.360343	0.01	0.2	59.5662	13594.8	0
0.360343	0.01	0.2	63.8263	14196.8	0
0.360343	0.01	0.2	68.3912	15495.1	0
0.360343	0.01	0.2	73.2825	15127	0
0.360343	0.01	0.2	78.5236	15523.5	0
0.360343	0.01	0.2	84.1395	14257.9	0
0.360343	0.01	0.2	90.1571	14158.2	0
0.360343	0.01	0.2	96.6051	14737.9	0
0.393701	0.01	0.2	0.103514	270.943	0
0.393701	0.01	0.2	0.110917	262.954	0
0.393701	0.01	0.2	0.11885	253.993	0
0.393701	0.01	0.2	0.12735	243.983	0
0.393701	0.01	0.2	0.136458	232.854	0
0.393701	0.01	0.2	0.146218	220.55	0
0.393701	0.01	0.2	0.156675	207.041	0
0.393701	0.01	0.2	0.16788	192.337	0
0.393701	0.01	0.2	0.179887	176.499	0
0.393701	0.01	0.2	0.192752	159.669	0
0.393701	0.01	0.2	0.206538	142.096	0
0.393701	0.01	0.2	0.221309	124.177	0
0.393701	0.01	0.2	0.237137	106.5	0
0.393701	0.01	0.2	0.254097	89.9114	0
0.393701	0.01	0.2	0.27227	75.584	0
0.393701	0.01	0.2	0.291743	65.1105	0
0.393701	0.01	0.2	0.312608	60.6073	0
0.393701	0.01	0.2	0.334965	64.8352	0
0.393701	0.01	0.2	0.358922	81.3332	0
0.393701	0.01	0.2	0.384592	114.558	0
0.393701	0.01	0.2	0.412098	170.019	0
0.393701	0.01	0.2	0.44157	254.396	0
0.393701	0.01	0.2	0.473151	375.609	0
0.393701	0.01	0.2	0.506991	542.816	0
0.393701	0.01	0.2	0.54325	766.295	0
0.393701	0.01	0.2	0.582103	1057.18	0
0.393701	0.01	0.2	0.623735	1426.98	0
0.393701	0.01	0.2	0.668344	1886.91	0
0.393701	0.01	0.2	0.716143	2446.97	0
0.393701	0.01	0.2	0.767361	3114.85	0
0.393701	0.01	0.2	0.822243	3894.73	0
0.393701	0.01	0.2	0.881049	4786.11	0
0.393701	0.01	0.2	0.944061	5782.89	0
0.393701	0.01	0.2	1.01158	6872.71	0
0.393701	0.01	0.2	1.08393	8036.75	0
0.393701	0.01	0.2	1.16145	9249.77	0
0.393701	0.01	0.2	1.24451	10480.3	0
0.393701	0.01	0.2	1.33352	11690.4	0
0.393701	0.01	0.2	1.42889	12836.5	0
0.393701	0.01	0.2	1.53109	13869.5	0
0.393701	0.01	0.2	1.64059	14739.4	0
0.393701	0.01	0.2	1.75792	15402.7	0
0.393701	0.01	0.2	1.88365	15834.8	0
0.393701	0.01	0.2	2.01837	16041	0
0.393701	0.01	0.2	2.16272	16061	0
0.393701	0.01	0.2	2.31739	15959.2	0
0.393701	0.01	0.2	2.48313	15806.7	0
0.393701	0.01	0.2	2.66073	15668.4	0
0.393701	0.01	0.2	2.85102	15608.4	0
0.393701	0.01	0.2	3.05492	15705.6	0
0.393701	0.01	0.2	3.27341	16045	0
0.393701	0.01	0.2	3.50752	16663.4	0
0.393701	0.01	0.2	3.75837	17505.5	0
0.393701	0.01	0.2	4.02717	18478.7	0
0.393701	0.01	0.2	4.31519	19540.1	0
0.393701	0.01	0.2	4.62381	20634.4	0
0.393701	0.01	0.2	4.9545	21636.9	0
0.393701	0.01	0.2	5.30884	22500.7	0
0.393701	0.01	0.2	5.68853	23141.8	0
0.393701	0.01	0.2	6.09537	23387.4	0
0.393701	0.01	0.2	6.53131	23343.6	0
0.393701	0.01	0.2	6.99842	23153.1	0
0.393701	0.01	0.2	7.49894	23100.9	0
0.393701	0.01	0.2	8.03526	23213.7	0
0.393701	0.01	0.2	8.60994	23325.9	0
0.393701	0.01	0.2	9.22571	22881.3	0
0.393701	0.01	0.2	9.88553	21649.4	0
0.393701	0.01	0.2	10.5925	19821.7	0
0.393701	0.01	0.2	11.3501	17957.6	0
0.393701	0.01	0.2	12.1619	16976.6	0
0.393701	0.01	0.2	13.0317	17178.1	0
0.393701	0.01	0.2	13.9637	18158.2	0
0.393701	0.01	0.2	14.9624	19203	0
0.393701	0.01	0.2	16.0325	19891.5	0
0.393701	0.01	0.2	17.1791	20726.1	0
0.393701	0.01	0.2	18.4077	22152.2	0
0.393701	0.01	0.2	19.7242	23090.5	0
0.393701	0.01	0.2	21.1349	22476.8	0
0.393701	0.01	0.2	22.6464	19999.5	0
0.393701	0.01	0.2	24.2661	17558.5	0
0.393701	0.01	0.2	26.0016	16772.2	0
0.393701	0.01	0.2	27.8612	18191	0
0.393701	0.01	0.2	29.8538	19617.2	0
0.393701	0.01	0.2	31.989	20237.1	0
0.393701	0.01	0.2	34.2768	19766.6	0
0.393701	0.01	0.2	36.7282	18691.4	0
0.393701	0.01	0.2	39.355	20029	0
0.393701	0.01	0.2	42.1697	21822.6	0
0.393701	0.01	0.2	45.1856	21568.5	0
0.393701	0.01	0.2	48.4172	20348.5	0
0.393701	0.01	0.2	51.88	20756.7	0
0.393701	0.01	0.2	55.5904	18351	0
0.393701	0.01	0.2	59.5662	16300.1	0
0.393701	0.01	0.2	63.8263	17126.3	0
0.393701	0.01	0.2	68.3912	18612.3	0
0.393701	0.01	0.2	73.2825	18057.3	0
0.393701	0.01	0.2	78.5236	18512.5	0
0.393701	0.01	0.2	84.1395	17112	0
0.393701	0.01	0.2	90.1571	17053.1	0
0.393701	0.01	0.2	96.6051	17646.5	0
0.430148	0.01	0.2	0.103514	266.046	0
0.430148	0.01	0.2	0.110917	257.45	0
0.430148	0.01	0.2	0.11885	247.83	0
0.430148	0.01	0.2	0.12735	237.112	0
0.430148	0.01	0.2	0.136458	225.233	0
0.430148	0.01	0.2	0.146218	212.151	0
0.430148	0.01	0.2	0.156675	197.858	0
0.430148	0.01	0.2	0.16788	182.392	0
0.430148	0.01	0.2	0.179887	165.863	0
0.430148	0.01	0.2	0.192752	148.475	0
0.430148	0.01	0.2	0.206538	130.567	0
0.430148	0.01	0.2	0.221309	112.653	0
0.430148	0.01	0.2	0.237137	95.4851	0
0.430148	0.01	0.2	0.254097	80.1215	0
0.430148	0.01	0.2	0.27227	68.0156	0
0.430148	0.01	0.2	0.291743	61.1213	0
0.430148	0.01	0.2	0.312608	62.0181	0
0.430148	0.01	0.2	0.334965	74.0521	0
0.430148	0.01	0.2	0.358922	101.493	0
0.430148	0.01	0.2	0.384592	149.697	0
0.430148	0.01	0.2	0.412098	225.264	0
0.430148	0.01	0.2	0.44157	336.169	0
0.430148	0.01	0.2	0.473151	491.843	0
0.430148	0.01	0.2	0.506991	703.16	0
0.430148	0.01	0.2	0.54325	982.288	0
0.430148	0.01	0.2	0.582103	1342.36	0
0.430148	0.01	0.2	0.623735	1796.9	0
0.430148	0.01	0.2	0.668344	2359.01	0
0.430148	0.01	0.2	0.716143	3040.27	0
0.430148	0.01	0.2	0.767361	3849.4	0
0.430148	0.01	0.2	0.822243	4790.9	0
0.430148	0.01	0.2	0.881049	5863.61	0
0.430148	0.01	0.2	0.944061	7059.64	0
0.430148	0.01	0.2	1.01158	8363.63	0
0.430148	0.01	0.2	1.08393	9752.54	0
0.430148	0.01	0.2	1.16145	11195.8	0
0.430148	0.01	0.2	1.24451	12655.4	0
0.430148	0.01	0.2	1.33352	14086.1	0
0.430148	0.01	0.2	1.42889	15435.9	0
0.430148	0.01	0.2	1.53109	16647.1	0
0.430148	0.01	0.2	1.64059	17661	0
0.430148	0.01	0.2	1.75792	18427.7	0
0.430148	0.01	0.2	1.88365	18919.8	0
0.430148	0.01	0.2	2.01837	19146.7	0
0.430148	0.01	0.2	2.16272	19158.4	0
0.430148	0.01	0.2	2.31739	19034.9	0
0.430148	0.01	0.2	2.48313	18863.5	0
0.430148	0.01	0.2	2.66073	18723.5	0
0.430148	0.01	0.2	2.85102	18691.9	0
0.430148	0.01	0.2	3.05492	18862.2	0
0.430148	0.01	0.2	3.27341	19332.7	0
0.430148	0.01	0.2	3.50752	20141.9	0
0.430148	0.01	0.2	3.75837	21214.9	0
0.430148	0.01	0.2	4.02717	22431.2	0
0.430148	0.01	0.2	4.31519	23733.4	0
0.430148	0.01	0.2	4.62381	25053.6	0
0.430148	0.01	0.2	4.9545	26244.3	0
0.430148	0.01	0.2	5.30884	27254.5	0
0.430148	0.01	0.2	5.68853	27990	0
0.430148	0.01	0.2	6.09537	28252.5	0
0.430148	0.01	0.2	6.53131	28185.2	0
0.430148	0.01	0.2	6.99842	27976.6	0
0.430148	0.01	0.2	7.49894	27979	0
0.430148	0.01	0.2	8.03526	28220.3	0
0.430148	0.01	0.2	8.60994	28476.3	0
0.430148	0.01	0.2	9.22571	28034.2	0
0.430148	0.01	0.2	9.88553	26568.5	0
0.430148	0.01	0.2	10.5925	24285.5	0
0.430148	0.01	0.2	11.3501	21904.4	0
0.430148	0.01	0.2	12.1619	20641.1	0
0.430148	0.01	0.2	13.0317	20917.9	0
0.430148	0.01	0.2	13.9637	22202.7	0
0.430148	0.01	0.2	14.9624	23531.4	0
0.430148	0.01	0.2	16.0325	24343.4	0
0.430148	0.01	0.2	17.1791	25305.6	0
0.430148	0.01	0.2	18.4077	27023.7	0
0.430148	0.01	0.2	19.7242	28178.6	0
0.430148	0.01	0.2	21.1349	27402.4	0
0.430148	0.01	0.2	22.6464	24341.8	0
0.430148	0.01	0.2	24.2661	21342.3	0
0.430148	0.01	0.2	26.0016	20458.7	0
0.430148	0.01	0.2	27.8612	22254.5	0
0.430148	0.01	0.2	29.8538	24009.6	0
0.430148	0.01	0.2	31.989	24801.3	0
0.430148	0.01	0.2	34.2768	24170.9	0
0.430148	0.01	0.2	36.7282	22644.5	0
0.430148	0.01	0.2	39.355	23925.6	0
0.430148	0.01	0.2	42.1697	25849	0
0.430148	0.01	0.2	45.1856	25515.5	0
0.430148	0.01	0.2	48.4172	24265.4	0
0.430148	0.01	0.2	51.88	24931.7	0
0.430148	0.01	0.2	55.5904	22051.7	0
0.430148	0.01	0.2	59.5662	19514	0
0.430148	0.01	0.2	63.8263	20618.5	0
0.430148	0.01	0.2	68.3912	22318.3	0
0.430148	0.01	0.2	73.2825	21515	0
0.430148	0.01	0.2	78.5236	22034.4	0
0.430148	0.01	0.2	84.1395	20493.3	0
0.430148	0.01	0.2	90.1571	20498.3	0
0.430148	0.01	0.2	96.6051	21085.1	0
0.469968	0.01	0.2	0.103514	260.79	0
0.469968	0.01	0.2	0.110917	251.555	0
0.469968	0.01	0.2	0.11885	241.246	0
0.469968	0.01	0.2	0.12735	229.794	0
0.469968	0.01	0.2	0.136458	217.147	0
0.469968	0.01	0.2	0.146218	203.28	0
0.469968	0.01	0.2	0.156675	188.213	0
0.469968	0.01	0.2	0.16788	172.024	0
0.469968	0.01	0.2	0.179887	154.878	0
0.469968	0.01	0.2	0.192752	137.059	0
0.469968	0.01	0.2	0.206538	119.014	0
0.469968	0.01	0.2	0.221309	101.404	0
0.469968	0.01	0.2	0.237137	85.1743	0
0.469968	0.01	0.2	0.254097	71.6413	0
0.469968	0.01	0.2	0.27227	62.5935	0
0.469968	0.01	0.2	0.291743	60.4179	0
0.469968	0.01	0.2	0.312608	68.2464	0
0.469968	0.01	0.2	0.334965	90.1223	0
0.469968	0.01	0.2	0.358922	131.184	0
0.469968	0.01	0.2	0.384592	197.854	0
0.469968	0.01	0.2	0.412098	298.023	0
0.469968	0.01	0.2	0.44157	441.199	0
0.469968	0.01	0.2	0.473151	638.595	0
0.469968	0.01	0.2	0.506991	903.102	0
0.469968	0.01	0.2	0.54325	1249.11	0
0.469968	0.01	0.2	0.582103	1692.08	0
0.469968	0.01	0.2	0.623735	2247.9	0
0.469968	0.01	0.2	0.668344	2931.83	0
0.469968	0.01	0.2	0.716143	3757.26	0
0.469968	0.01	0.2	0.767361	4734.08	0
0.469968	0.01	0.2	0.822243	5867.02	0
0.469968	0.01	0.2	0.881049	7154.03	0
0.469968	0.01	0.2	0.944061	8584.97	0
0.469968	0.01	0.2	1.01158	10140.8	0
0.469968	0.01	0.2	1.08393	11793.4	0
0.469968	0.01	0.2	1.16145	13505.6	0
0.469968	0.01	0.2	1.24451	15231.9	0
0.469968	0.01	0.2	1.33352	16918.2	0
0.469968	0.01	0.2	1.42889	18502.7	0
0.469968	0.01	0.2	1.53109	19917.4	0
0.469968	0.01	0.2	1.64059	21094.1	0
0.469968	0.01	0.2	1.75792	21975.5	0
0.469968	0.01	0.2	1.88365	22532	0
0.469968	0.01	0.2	2.01837	22778.2	0
0.469968	0.01	0.2	2.16272	22777.8	0
0.469968	0.01	0.2	2.31739	22629.6	0
0.469968	0.01	0.2	2.48313	22441.3	0
0.469968	0.01	0.2	2.66073	22309.9	0
0.469968	0.01	0.2	2.85102	22328.2	0
0.469968	0.01	0.2	3.05492	22606.3	0
0.469968	0.01	0.2	3.27341	23257.6	0
0.469968	0.01	0.2	3.50752	24320.3	0
0.469968	0.01	0.2	3.75837	25692.4	0
0.469968	0.01	0.2	4.02717	27216.2	0
0.469968	0.01	0.2	4.31519	28814.3	0
0.469968	0.01	0.2	4.62381	30402.2	0
0.469968	0.01	0.2	4.9545	31806.3	0
0.469968	0.01	0.2	5.30884	32973.6	0
0.469968	0.01	0.2	5.68853	33801.4	0
0.469968	0.01	0.2	6.09537	34067.7	0
0.469968	0.01	0.2	6.53131	33966.7	0
0.469968	0.01	0.2	6.99842	33749	0
0.469968	0.01	0.2	7.49894	33851	0
0.469968	0.01	0.2	8.03526	34297.6	0
0.469968	0.01	0.2	8.60994	34780.2	0
0.469968	0.01	0.2	9.22571	34377.8	0
0.469968	0.01	0.2	9.88553	32633.6	0
0.469968	0.01	0.2	10.5925	29766	0
0.469968	0.01	0.2	11.3501	26709.5	0
0.469968	0.01	0.2	12.1619	25078.3	0
0.469968	0.01	0.2	13.0317	25463.2	0
0.469968	0.01	0.2	13.9637	27157.4	0
0.469968	0.01	0.2	14.9624	28855	0
0.469968	0.01	0.2	16.0325	29806.7	0
0.469968	0.01	0.2	17.1791	30905.3	0
0.469968	0.01	0.2	18.4077	32980.7	0
0.469968	0.01	0.2	19.7242	34412.5	0
0.469968	0.01	0.2	21.1349	33429.9	0
0.469968	0.01	0.2	22.6464	29640.4	0
0.469968	0.01	0.2	24.2661	25945.9	0
0.469968	0.01	0.2	26.0016	24961.5	0
0.469968	0.01	0.2	27.8612	27249	0
0.469968	0.01	0.2	29.8538	29422.8	0
0.469968	0.01	0.2	31.989	30416.1	0
0.469968	0.01	0.2	34.2768	29562.3	0
0.469968	0.01	0.2	36.7282	27432.7	0
0.469968	0.01	0.2	39.355	28553.6	0
0.469968	0.01	0.2	42.1697	30569.8	0
0.469968	0.01	0.2	45.1856	30131	0
0.469968	0.01	0.2	48.4172	28896.4	0
0.469968	0.01	0.2	51.88	29919	0
0.469968	0.01	0.2	55.5904	26478.6	0
0.469968	0.01	0.2	59.5662	23333.8	0
0.469968	0.01	0.2	63.8263	24779.7	0
0.469968	0.01	0.2	68.3912	26723.8	0
0.469968	0.01	0.2	73.2825	25595.6	0
0.469968	0.01	0.2	78.5236	26183.9	0
0.469968	0.01	0.2	84.1395	24496.2	0
0.469968	0.01	0.2	90.1571	24595.4	0
0.469968	0.01	0.2	96.6051	25146.8	0
0.513475	0.01	0.2	0.103514	255.159	0
0.513475	0.01	0.2	0.110917	245.256	0
0.513475	0.01	0.2	0.11885	234.23	0
0.513475	0.01	0.2	0.12735	222.021	0
0.513475	0.01	0.2	0.136458	208.594	0
0.513475	0.01	0.2	0.146218	193.946	0
0.513475	0.01	0.2	0.156675	178.131	0
0.513475	0.01	0.2	0.16788	161.278	0
0.513475	0.01	0.2	0.179887	143.621	0
0.513475	0.01	0.2	0.192752	125.541	0
0.513475	0.01	0.2	0.206538	107.617	0
0.513475	0.01	0.2	0.221309	90.6857	0
0.513475	0.01	0.2	0.237137	75.9292	0
0.513475	0.01	0.2	0.254097	64.9715	0
0.513475	0.01	0.2	0.27227	60.0029	0
0.513475	0.01	0.2	0.291743	63.9273	0
0.513475	0.01	0.2	0.312608	80.5349	0
0.513475	0.01	0.2	0.334965	114.698	0
0.513475	0.01	0.2	0.358922	172.585	0
0.513475	0.01	0.2	0.384592	261.882	0
0.513475	0.01	0.2	0.412098	392.005	0
0.513475	0.01	0.2	0.44157	574.272	0
0.513475	0.01	0.2	0.473151	821.991	0
0.513475	0.01	0.2	0.506991	1150.43	0
0.513475	0.01	0.2	0.54325	1576.56	0
0.513475	0.01	0.2	0.582103	2118.61	0
0.513475	0.01	0.2	0.623735	2795.15	0
0.513475	0.01	0.2	0.668344	3623.99	0
0.513475	0.01	0.2	0.716143	4620.53	0
0.513475	0.01	0.2	0.767361	5795.94	0
0.513475	0.01	0.2	0.822243	7155.11	0
0.513475	0.01	0.2	0.881049	8694.81	0
0.513475	0.01	0.2	0.944061	10402.1	0
0.513475	0.01	0.2	1.01158	12253.4	0
0.513475	0.01	0.2	1.08393	14214.3	0
0.513475	0.01	0.2	1.16145	16240	0
0.513475	0.01	0.2	1.24451	18275.6	0
0.513475	0.01	0.2	1.33352	20256.8	0
0.513475	0.01	0.2	1.42889	22110.3	0
0.513475	0.01	0.2	1.53109	23756.4	0
0.513475	0.01	0.2	1.64059	25115.8	0
0.513475	0.01	0.2	1.75792	26123.1	0
0.513475	0.01	0.2	1.88365	26747.2	0
0.513475	0.01	0.2	2.01837	27010.1	0
0.513475	0.01	0.2	2.16272	26992.2	0
0.513475	0.01	0.2	2.31739	26816.5	0
0.513475	0.01	0.2	2.48313	26615.7	0
0.513475	0.01	0.2	2.66073	26508.9	0
0.513475	0.01	0.2	2.85102	26608.3	0
0.513475	0.01	0.2	3.05492	27043.4	0
0.513475	0.01	0.2	3.27341	27943.9	0
0.513475	0.01	0.2	3.50752	29344.5	0
0.513475	0.01	0.2	3.75837	31106.3	0
0.513475	0.01	0.2	4.02717	33021.7	0
0.513475	0.01	0.2	4.31519	34985.2	0
0.513475	0.01	0.2	4.62381	36890.7	0
0.513475	0.01	0.2	4.9545	38533.8	0
0.513475	0.01	0.2	5.30884	39862.9	0
0.513475	0.01	0.2	5.68853	40771.5	0
0.513475	0.01	0.2	6.09537	41017.6	0
0.513475	0.01	0.2	6.53131	40867.5	0
0.513475	0.01	0.2	6.99842	40656.6	0
0.513475	0.01	0.2	7.49894	40926.3	0
0.513475	0.01	0.2	8.03526	41691.9	0
0.513475	0.01	0.2	8.60994	42522.9	0
0.513475	0.01	0.2	9.22571	42219.6	0
0.513475	0.01	0.2	9.88553	40142.7	0
0.513475	0.01	0.2	10.5925	36519.5	0
0.513475	0.01	0.2	11.3501	32575.1	0
0.513475	0.01	0.2	12.1619	30461.6	0
0.513475	0.01	0.2	13.0317	31000.5	0
0.513475	0.01	0.2	13.9637	33246.2	0
0.513475	0.01	0.2	14.9624	35425.7	0
0.513475	0.01	0.2	16.0325	36534.2	0
0.513475	0.01	0.2	17.1791	37774	0
0.513475	0.01	0.2	18.4077	40288.7	0
0.513475	0.01	0.2	19.7242	42077.2	0
0.513475	0.01	0.2	21.1349	40831.8	0
0.513475	0.01	0.2	22.6464	36127.1	0
0.513475	0.01	0.2	24.2661	31563.4	0
0.513475	0.01	0.2	26.0016	30480.3	0
0.513475	0.01	0.2	27.8612	33413.7	0
0.513475	0.01	0.2	29.8538	36122.6	0
0.513475	0.01	0.2	31.989	37348.1	0
0.513475	0.01	0.2	34.2768	36181.2	0
0.513475	0.01	0.2	36.7282	33247.9	0
0.513475	0.01	0.2	39.355	34059.1	0
0.513475	0.01	0.2	42.1697	36105.9	0
0.513475	0.01	0.2	45.1856	35527.4	0
0.513475	0.01	0.2	48.4172	34376.7	0
0.513475	0.01	0.2	51.88	35884.3	0
0.513475	0.01	0.2	55.5904	31785.1	0
0.513475	0.01	0.2	59.5662	27879.2	0
0.513475	0.01	0.2	63.8263	29739.1	0
0.513475	0.01	0.2	68.3912	31963.3	0
0.513475	0.01	0.2	73.2825	30416.9	0
0.513475	0.01	0.2	78.5236	31076.9	0
0.513475	0.01	0.2	84.1395	29234.6	0
0.513475	0.01	0.2	90.1571	29466.6	0
0.513475	0.01	0.2	96.6051	29943.4	0
0.56101	0.01	0.2	0.103514	249.14	0
0.56101	0.01	0.2	0.110917	238.538	0
0.56101	0.01	0.2	0.11885	226.771	0
0.56101	0.01	0.2	0.12735	213.791	0
0.56101	0.01	0.2	0.136458	199.581	0
0.56101	0.01	0.2	0.146218	184.169	0
0.56101	0.01	0.2	0.156675	167.652	0
0.56101	0.01	0.2	0.16788	150.22	0
0.56101	0.01	0.2	0.179887	132.195	0
0.56101	0.01	0.2	0.192752	114.076	0
0.56101	0.01	0.2	0.206538	96.5986	0
0.56101	0.01	0.2	0.221309	80.8162	0
0.56101	0.01	0.2	0.237137	68.1918	0
0.56101	0.01	0.2	0.254097	60.7196	0
0.56101	0.01	0.2	0.27227	61.0694	0
0.56101	0.01	0.2	0.291743	72.7612	0
0.56101	0.01	0.2	0.312608	100.367	0
0.56101	0.01	0.2	0.334965	149.744	0
0.56101	0.01	0.2	0.358922	228.279	0
0.56101	0.01	0.2	0.384592	345.154	0
0.56101	0.01	0.2	0.412098	511.584	0
0.56101	0.01	0.2	0.44157	741.018	0
0.56101	0.01	0.2	0.473151	1049.23	0
0.56101	0.01	0.2	0.506991	1454.27	0
0.56101	0.01	0.2	0.54325	1976.16	0
0.56101	0.01	0.2	0.582103	2636.28	0
0.56101	0.01	0.2	0.623735	3456.4	0
0.56101	0.01	0.2	0.668344	4457.18	0
0.56101	0.01	0.2	0.716143	5656.34	0
0.56101	0.01	0.2	0.767361	7066.41	0
0.56101	0.01	0.2	0.822243	8692.35	0
0.56101	0.01	0.2	0.881049	10529.3	0
0.56101	0.01	0.2	0.944061	12560.8	0
0.56101	0.01	0.2	1.01158	14757.7	0
0.56101	0.01	0.2	1.08393	17078.2	0
0.56101	0.01	0.2	1.16145	19468	0
0.56101	0.01	0.2	1.24451	21861.4	0
0.56101	0.01	0.2	1.33352	24181.6	0
0.56101	0.01	0.2	1.42889	26342.1	0
0.56101	0.01	0.2	1.53109	28249.5	0
0.56101	0.01	0.2	1.64059	29812.1	0
0.56101	0.01	0.2	1.75792	30956	0
0.56101	0.01	0.2	1.88365	31649.4	0
0.56101	0.01	0.2	2.01837	31924	0
0.56101	0.01	0.2	2.16272	31882.1	0
0.56101	0.01	0.2	2.31739	31676.3	0
0.56101	0.01	0.2	2.48313	31471	0
0.56101	0.01	0.2	2.66073	31412.9	0
0.56101	0.01	0.2	2.85102	31638.2	0
0.56101	0.01	0.2	3.05492	32299	0
0.56101	0.01	0.2	3.27341	33542.6	0
0.56101	0.01	0.2	3.50752	35395.6	0
0.56101	0.01	0.2	3.75837	37668.3	0
0.56101	0.01	0.2	4.02717	40086.2	0
0.56101	0.01	0.2	4.31519	42503.9	0
0.56101	0.01	0.2	4.62381	44786.4	0
0.56101	0.01	0.2	4.9545	46693	0
0.56101	0.01	0.2	5.30884	48178.6	0
0.56101	0.01	0.2	5.68853	49140.8	0
0.56101	0.01	0.2	6.09537	49326.8	0
0.56101	0.01	0.2	6.53131	49104.3	0
0.56101	0.01	0.2	6.99842	48925.9	0
0.56101	0.01	0.2	7.49894	49465	0
0.56101	0.01	0.2	8.03526	50716.2	0
0.56101	0.01	0.2	8.60994	52073.5	0
0.56101	0.01	0.2	9.22571	51960.9	0
0.56101	0.01	0.2	9.88553	49486	0
0.56101	0.01	0.2	10.5925	44878.5	0
0.56101	0.01	0.2	11.3501	39760.1	0
0.56101	0.01	0.2	12.1619	37010.6	0
0.56101	0.01	0.2	13.0317	37767.1	0
0.56101	0.01	0.2	13.9637	40757.5	0
0.56101	0.01	0.2	14.9624	43569.9	0
0.56101	0.01	0.2	16.0325	44852.9	0
0.56101	0.01	0.2	17.1791	46232.5	0
0.56101	0.01	0.2	18.4077	49290.5	0
0.56101	0.01	0.2	19.7242	51542.1	0
0.56101	0.01	0.2	21.1349	49960.8	0
0.56101	0.01	0.2	22.6464	44100.8	0
0.56101	0.01	0.2	24.2661	38444.7	0
0.56101	0.01	0.2	26.0016	37274.3	0
0.56101	0.01	0.2	27.8612	41062	0
0.56101	0.01	0.2	29.8538	44457.3	0
0.56101	0.01	0.2	31.989	45944.1	0
0.56101	0.01	0.2	34.2768	44336.8	0
0.56101	0.01	0.2	36.7282	40335.6	0
0.56101	0.01	0.2	39.355	40626.3	0
0.56101	0.01	0.2	42.1697	42605.5	0
0.56101	0.01	0.2	45.1856	41842	0
0.56101	0.01	0.2	48.4172	40873.9	0
0.56101	0.01	0.2	51.88	43034.6	0
0.56101	0.01	0.2	55.5904	38165.4	0
0.56101	0.01	0.2	59.5662	33300.5	0
0.56101	0.01	0.2	63.8263	35654.6	0
0.56101	0.01	0.2	68.3912	38202.3	0
0.56101	0.01	0.2	73.2825	36126.6	0
0.56101	0.01	0.2	78.5236	36857.8	0
0.56101	0.01	0.2	84.1395	34847	0
0.56101	0.01	0.2	90.1571	35260.3	0
0.56101	0.01	0.2	96.6051	35609.9	0
0.612945	0.01	0.2	0.103514	242.718	0
0.612945	0.01	0.2	0.110917	231.393	0
0.612945	0.01	0.2	0.11885	218.866	0
0.612945	0.01	0.2	0.12735	205.106	0
0.612945	0.01	0.2	0.136458	190.122	0
0.612945	0.01	0.2	0.146218	173.98	0
0.612945	0.01	0.2	0.156675	156.83	0
0.612945	0.01	0.2	0.16788	138.939	0
0.612945	0.01	0.2	0.179887	120.734	0
0.612945	0.01	0.2	0.192752	102.857	0
0.612945	0.01	0.2	0.206538	86.2373	0
0.612945	0.01	0.2	0.221309	72.1843	0
0.612945	0.01	0.2	0.237137	62.4995	0
0.612945	0.01	0.2	0.254097	59.6189	0
0.612945	0.01	0.2	0.27227	66.7839	0
0.612945	0.01	0.2	0.291743	88.2467	0
0.612945	0.01	0.2	0.312608	129.508	0
0.612945	0.01	0.2	0.334965	197.589	0
0.612945	0.01	0.2	0.358922	301.32	0
0.612945	0.01	0.2	0.384592	451.647	0
0.612945	0.01	0.2	0.412098	661.906	0
0.612945	0.01	0.2	0.44157	948.05	0
0.612945	0.01	0.2	0.473151	1328.75	0
0.612945	0.01	0.2	0.506991	1825.31	0
0.612945	0.01	0.2	0.54325	2461.31	0
0.612945	0.01	0.2	0.582103	3261.83	0
0.612945	0.01	0.2	0.623735	4252.27	0
0.612945	0.01	0.2	0.668344	5456.62	0
0.612945	0.01	0.2	0.716143	6895.18	0
0.612945	0.01	0.2	0.767361	8581.93	0
0.612945	0.01	0.2	0.822243	10521.7	0
0.612945	0.01	0.2	0.881049	12707.5	0
0.612945	0.01	0.2	0.944061	15118.6	0
0.612945	0.01	0.2	1.01158	17718.9	0
0.612945	0.01	0.2	1.08393	20457.5	0
0.612945	0.01	0.2	1.16145	23269	0
0.612945	0.01	0.2	1.24451	26074.4	0
0.612945	0.01	0.2	1.33352	28782.7	0
0.612945	0.01	0.2	1.42889	31291.6	0
0.612945	0.01	0.2	1.53109	33492.3	0
0.612945	0.01	0.2	1.64059	35278.9	0
0.612945	0.01	0.2	1.75792	36568.8	0
0.612945	0.01	0.2	1.88365	37330.5	0
0.612945	0.01	0.2	2.01837	37609.5	0
0.612945	0.01	0.2	2.16272	37535.3	0
0.612945	0.01	0.2	2.31739	37297.9	0
0.612945	0.01	0.2	2.48313	37101.2	0
0.612945	0.01	0.2	2.66073	37127.2	0
0.612945	0.01	0.2	2.85102	37541.7	0
0.612945	0.01	0.2	3.05492	38524.1	0
0.612945	0.01	0.2	3.27341	40240.2	0
0.612945	0.01	0.2	3.50752	42701	0
0.612945	0.01	0.2	3.75837	45647.8	0
0.612945	0.01	0.2	4.02717	48715.5	0
0.612945	0.01	0.2	4.31519	51702.4	0
0.612945	0.01	0.2	4.62381	54433.3	0
0.612945	0.01	0.2	4.9545	56624.3	0
0.612945	0.01	0.2	5.30884	58244.6	0
0.612945	0.01	0.2	5.68853	59209	0
0.612945	0.01	0.2	6.09537	59270.1	0
0.612945	0.01	0.2	6.53131	58940.5	0
0.612945	0.01	0.2	6.99842	58834.2	0
0.612945	0.01	0.2	7.49894	59792.7	0
0.612945	0.01	0.2	8.03526	61772.7	0
0.612945	0.01	0.2	8.60994	63914.6	0
0.612945	0.01	0.2	9.22571	64131.6	0
0.612945	0.01	0.2	9.88553	61178.4	0
0.612945	0.01	0.2	10.5925	55279.6	0
0.612945	0.01	0.2	11.3501	48599.8	0
0.612945	0.01	0.2	12.1619	45006.7	0
0.612945	0.01	0.2	13.0317	46068.7	0
0.612945	0.01	0.2	13.9637	50066.5	0
0.612945	0.01	0.2	14.9624	53714.5	0
0.612945	0.01	0.2	16.0325	55190.1	0
0.612945	0.01	0.2	17.1791	56697.9	0
0.612945	0.01	0.2	18.4077	60432.3	0
0.612945	0.01	0.2	19.7242	63289.9	0
0.612945	0.01	0.2	21.1349	61278	0
0.612945	0.01	0.2	22.6464	53951.6	0
0.612945	0.01	0.2	24.2661	46915.1	0
0.612945	0.01	0.2	26.0016	45683.7	0
0.612945	0.01	0.2	27.8612	50608.1	0
0.612945	0.01	0.2	29.8538	54887.5	0
0.612945	0.01	0.2	31.989	56658.3	0
0.612945	0.01	0.2	34.2768	54430.5	0
0.612945	0.01	0.2	36.7282	49013.7	0
0.612945	0.01	0.2	39.355	48491.2	0
0.612945	0.01	0.2	42.1697	50255	0
0.612945	0.01	0.2	45.1856	49247	0
0.612945	0.01	0.2	48.4172	48600.7	0
0.612945	0.01	0.2	51.88	51632.3	0
0.612945	0.01	0.2	55.5904	45869.8	0
0.612945	0.01	0.2	59.5662	39789.5	0
0.612945	0.01	0.2	63.8263	42722.4	0
0.612945	0.01	0.2	68.3912	45647.4	0
0.612945	0.01	0.2	73.2825	42914.1	0
0.612945	0.01	0.2	78.5236	43710.6	0
0.612945	0.01	0.2	84.1395	41504.7	0
0.612945	0.01	0.2	90.1571	42158.3	0
0.612945	0.01	0.2	96.6051	42313.2	0
0.669688	0.01	0.2	0.103514	235.884	0
0.669688	0.01	0.2	0.110917	223.814	0
0.669688	0.01	0.2	0.11885	210.515	0
0.669688	0.01	0.2	0.12735	195.978	0
0.669688	0.01	0.2	0.136458	180.243	0
0.669688	0.01	0.2	0.146218	163.424	0
0.669688	0.01	0.2	0.156675	145.74	0
0.669688	0.01	0.2	0.16788	127.549	0
0.669688	0.01	0.2	0.179887	109.407	0
0.669688	0.01	0.2	0.192752	92.1282	0
0.669688	0.01	0.2	0.206538	76.8751	0
0.669688	0.01	0.2	0.221309	65.2643	0
0.669688	0.01	0.2	0.237137	59.5017	0
0.669688	0.01	0.2	0.254097	62.5499	0
0.669688	0.01	0.2	0.27227	78.33	0
0.669688	0.01	0.2	0.291743	111.963	0
0.669688	0.01	0.2	0.312608	170.049	0
0.669688	0.01	0.2	0.334965	260.986	0
0.669688	0.01	0.2	0.358922	395.309	0
0.669688	0.01	0.2	0.384592	586.039	0
0.669688	0.01	0.2	0.412098	849.011	0
0.669688	0.01	0.2	0.44157	1203.12	0
0.669688	0.01	0.2	0.473151	1670.43	0
0.669688	0.01	0.2	0.506991	2276.05	0
0.669688	0.01	0.2	0.54325	3047.68	0
0.669688	0.01	0.2	0.582103	4014.73	0
0.669688	0.01	0.2	0.623735	5206.78	0
0.669688	0.01	0.2	0.668344	6651.61	0
0.669688	0.01	0.2	0.716143	8372.39	0
0.669688	0.01	0.2	0.767361	10384.6	0
0.669688	0.01	0.2	0.822243	12692.8	0
0.669688	0.01	0.2	0.881049	15287.1	0
0.669688	0.01	0.2	0.944061	18141.3	0
0.669688	0.01	0.2	1.01158	21211.2	0
0.669688	0.01	0.2	1.08393	24434.7	0
0.669688	0.01	0.2	1.16145	27732.9	0
0.669688	0.01	0.2	1.24451	31011.4	0
0.669688	0.01	0.2	1.33352	34161.9	0
0.669688	0.01	0.2	1.42889	37064.3	0
0.669688	0.01	0.2	1.53109	39591.6	0
0.669688	0.01	0.2	1.64059	41622.6	0
0.669688	0.01	0.2	1.75792	43065.7	0
0.669688	0.01	0.2	1.88365	43891.6	0
0.669688	0.01	0.2	2.01837	44163.9	0
0.669688	0.01	0.2	2.16272	44047.2	0
0.669688	0.01	0.2	2.31739	43778.3	0
0.669688	0.01	0.2	2.48313	43610.9	0
0.669688	0.01	0.2	2.66073	43772.1	0
0.669688	0.01	0.2	2.85102	44465.4	0
0.669688	0.01	0.2	3.05492	45902.7	0
0.669688	0.01	0.2	3.27341	48268.9	0
0.669688	0.01	0.2	3.50752	51549.5	0
0.669688	0.01	0.2	3.75837	55391.3	0
0.669688	0.01	0.2	4.02717	59306.3	0
0.669688	0.01	0.2	4.31519	63012.5	0
0.669688	0.01	0.2	4.62381	66278.7	0
0.669688	0.01	0.2	4.9545	68768	0
0.669688	0.01	0.2	5.30884	70475.3	0
0.669688	0.01	0.2	5.68853	71353.2	0
0.669688	0.01	0.2	6.09537	71187.9	0
0.669688	0.01	0.2	6.53131	70698.6	0
0.669688	0.01	0.2	6.99842	70724.5	0
0.669688	0.01	0.2	7.49894	72322	0
0.669688	0.01	0.2	8.03526	75383.5	0
0.669688	0.01	0.2	8.60994	78683.2	0
0.669688	0.01	0.2	9.22571	79436.6	0
0.669688	0.01	0.2	9.88553	75906.6	0
0.669688	0.01	0.2	10.5925	68301.3	0
0.669688	0.01	0.2	11.3501	59533	0
0.669688	0.01	0.2	12.1619	54814.2	0
0.669688	0.01	0.2	13.0317	56303.1	0
0.669688	0.01	0.2	13.9637	61666.2	0
0.669688	0.01	0.2	14.9624	66423.2	0
0.669688	0.01	0.2	16.0325	68108.9	0
0.669688	0.01	0.2	17.1791	69718.5	0
0.669688	0.01	0.2	18.4077	74301.5	0
0.669688	0.01	0.2	19.7242	77957.9	0
0.669688	0.01	0.2	21.1349	75392.2	0
0.669688	0.01	0.2	22.6464	66193.1	0
0.669688	0.01	0.2	24.2661	57402.6	0
0.669688	0.01	0.2	26.0016	56159.2	0
0.669688	0.01	0.2	27.8612	62606.1	0
0.669688	0.01	0.2	29.8538	68028.2	0
0.669688	0.01	0.2	31.989	70091.8	0
0.669688	0.01	0.2	34.2768	66988.5	0
0.669688	0.01	0.2	36.7282	59699	0
0.669688	0.01	0.2	39.355	57962.3	0
0.669688	0.01	0.2	42.1697	59294.8	0
0.669688	0.01	0.2	45.1856	57964	0
0.669688	0.01	0.2	48.4172	57832.4	0
0.669688	0.01	0.2	51.88	62014.7	0
0.669688	0.01	0.2	55.5904	55225.6	0
0.669688	0.01	0.2	59.5662	47595.2	0
0.669688	0.01	0.2	63.8263	51189.4	0
0.669688	0.01	0.2	68.3912	54560.9	0
0.669688	0.01	0.2	73.2825	51028	0
0.669688	0.01	0.2	78.5236	51875.8	0
0.669688	0.01	0.2	84.1395	49423.1	0
0.669688	0.01	0.2	90.1571	50386.6	0
0.669688	0.01	0.2	96.6051	50261.8	0
