0.04	0.000104526	0.2	0.103514	328.957	0
0.04	0.000104526	0.2	0.110917	328.882	0
0.04	0.000104526	0.2	0.11885	328.796	0
0.04	0.000104526	0.2	0.12735	328.698	0
0.04	0.000104526	0.2	0.136458	328.585	0
0.04	0.000104526	0.2	0.146218	328.455	0
0.04	0.000104526	0.2	0.156675	328.306	0
0.04	0.000104526	0.2	0.16788	328.135	0
0.04	0.000104526	0.2	0.179887	327.94	0
0.04	0.000104526	0.2	0.192752	327.716	0
0.04	0.000104526	0.2	0.206538	327.459	0
0.04	0.000104526	0.2	0.221309	327.164	0
0.04	0.000104526	0.2	0.237137	326.828	0
0.04	0.000104526	0.2	0.254097	326.442	0
0.04	0.000104526	0.2	0.27227	326.001	0
0.04	0.000104526	0.2	0.291743	325.497	0
0.04	0.000104526	0.2	0.312608	324.92	0
0.04	0.000104526	0.2	0.334965	324.262	0
0.04	0.000104526	0.2	0.358922	323.511	0
0.04	0.000104526	0.2	0.384592	322.654	0
0.04	0.000104526	0.2	0.412098	321.679	0
0.04	0.000104526	0.2	0.44157	320.569	0
0.04	0.000104526	0.2	0.473151	319.308	0
0.04	0.000104526	0.2	0.506991	317.877	0
0.04	0.000104526	0.2	0.54325	316.257	0
0.04	0.000104526	0.2	0.582103	314.426	0
0.04	0.000104526	0.2	0.623735	312.36	0
0.04	0.000104526	0.2	0.668344	310.037	0
0.04	0.000104526	0.2	0.716143	307.432	0
0.04	0.000104526	0.2	0.767361	304.52	0
0.04	0.000104526	0.2	0.822243	301.279	0
0.04	0.000104526	0.2	0.881049	297.691	0
0.04	0.000104526	0.2	0.944061	293.743	0
0.04	0.000104526	0.2	1.01158	289.43	0
0.04	0.000104526	0.2	1.08393	284.765	0
0.04	0.000104526	0.2	1.16145	279.779	0
0.04	0.000104526	0.2	1.24451	274.534	0
0.04	0.000104526	0.2	1.33352	269.136	0
0.04	0.000104526	0.2	1.42889	263.745	0
0.04	0.000104526	0.2	1.53109	258.594	0
0.04	0.000104526	0.2	1.64059	254.012	0
0.04	0.000104526	0.2	1.75792	250.438	0
0.04	0.000104526	0.2	1.88365	248.444	0
0.04	0.000104526	0.2	2.01837	248.745	0
0.04	0.000104526	0.2	2.16272	252.188	0
0.04	0.000104526	0.2	2.31739	259.699	0
0.04	0.000104526	0.2	2.48313	272.159	0
0.04	0.000104526	0.2	2.66073	290.16	0
0.04	0.000104526	0.2	2.85102	313.643	0
0.04	0.000104526	0.2	3.05492	341.452	0
0.04	0.000104526	0.2	3.27341	370.995	0
0.04	0.000104526	0.2	3.50752	398.269	0
0.04	0.000104526	0.2	3.75837	418.472	0
0.04	0.000104526	0.2	4.02717	427.121	0
0.04	0.000104526	0.2	4.31519	421.361	0
0.04	0.000104526	0.2	4.62381	401.023	0
0.04	0.000104526	0.2	4.9545	369.196	0
0.04	0.000104526	0.2	5.30884	332.16	0
0.04	0.000104526	0.2	5.68853	298.559	0
0.04	0.000104526	0.2	6.09537	277.751	0
0.04	0.000104526	0.2	6.53131	277.598	0
0.04	0.000104526	0.2	6.99842	301.808	0
0.04	0.000104526	0.2	7.49894	346.808	0
0.04	0.000104526	0.2	8.03526	399.892	0
0.04	0.000104526	0.2	8.60994	441.523	0
0.04	0.000104526	0.2	9.22571	453.772	0
0.04	0.000104526	0.2	9.88553	428.455	0
0.04	0.000104526	0.2	10.5925	369.878	0
0.04	0.000104526	0.2	11.3501	301.06	0
0.04	0.000104526	0.2	12.1619	257.505	0
0.04	0.000104526	0.2	13.0317	258.194	0
0.04	0.000104526	0.2	13.9637	296.644	0
0.04	0.000104526	0.2	14.9624	351.573	0
0.04	0.000104526	0.2	16.0325	398.094	0
0.04	0.000104526	0.2	17.1791	432.464	0
0.04	0.000104526	0.2	18.4077	460.994	0
0.04	0.000104526	0.2	19.7242	470.461	0
0.04	0.000104526	0.2	21.1349	439.782	0
0.04	0.000104526	0.2	22.6464	389.422	0
0.04	0.000104526	0.2	24.2661	343.089	0
0.04	0.000104526	0.2	26.0016	337.797	0
0.04	0.000104526	0.2	27.8612	369.914	0
0.04	0.000104526	0.2	29.8538	410.035	0
0.04	0.000104526	0.2	31.989	422.786	0
0.04	0.000104526	0.2	34.2768	406.41	0
0.04	0.000104526	0.2	36.7282	387.383	0
0.04	0.000104526	0.2	39.355	356.889	0
0.04	0.000104526	0.2	42.1697	334.216	0
0.04	0.000104526	0.2	45.1856	329.647	0
0.04	0.000104526	0.2	48.4172	351.173	0
0.04	0.000104526	0.2	51.88	390.257	0
0.04	0.000104526	0.2	55.5904	401.408	0
0.04	0.000104526	0.2	59.5662	359.882	0
0.04	0.000104526	0.2	63.8263	325.149	0
0.04	0.000104526	0.2	68.3912	344.702	0
0.04	0.000104526	0.2	73.2825	380.177	0
0.04	0.000104526	0.2	78.5236	371.836	0
0.04	0.000104526	0.2	84.1395	333.67	0
0.04	0.000104526	0.2	90.1571	349	0
0.04	0.000104526	0.2	96.6051	357.413	0
0.04	0.000114203	0.2	0.103514	328.951	0
0.04	0.000114203	0.2	0.110917	328.876	0
0.04	0.000114203	0.2	0.11885	328.789	0
0.04	0.000114203	0.2	0.12735	328.689	0
0.04	0.000114203	0.2	0.136458	328.574	0
0.04	0.000114203	0.2	0.146218	328.443	0
0.04	0.000114203	0.2	0.156675	328.293	0
0.04	0.000114203	0.2	0.16788	328.12	0
0.04	0.000114203	0.2	0.179887	327.922	0
0.04	0.000114203	0.2	0.192752	327.696	0
0.04	0.000114203	0.2	0.206538	327.436	0
0.04	0.000114203	0.2	0.221309	327.139	0
0.04	0.000114203	0.2	0.237137	326.798	0
0.04	0.000114203	0.2	0.254097	326.408	0
0.04	0.000114203	0.2	0.27227	325.963	0
0.04	0.000114203	0.2	0.291743	325.453	0
0.04	0.000114203	0.2	0.312608	324.87	0
0.04	0.000114203	0.2	0.334965	324.205	0
0.04	0.000114203	0.2	0.358922	323.447	0
0.04	0.000114203	0.2	0.384592	322.582	0
0.04	0.000114203	0.2	0.412098	321.597	0
0.04	0.000114203	0.2	0.44157	320.477	0
0.04	0.000114203	0.2	0.473151	319.205	0
0.04	0.000114203	0.2	0.506991	317.762	0
0.04	0.000114203	0.2	0.54325	316.129	0
0.04	0.000114203	0.2	0.582103	314.283	0
0.04	0.000114203	0.2	0.623735	312.203	0
0.04	0.000114203	0.2	0.668344	309.863	0
0.04	0.000114203	0.2	0.716143	307.241	0
0.04	0.000114203	0.2	0.767361	304.312	0
0.04	0.000114203	0.2	0.822243	301.055	0
0.04	0.000114203	0.2	0.881049	297.45	0
0.04	0.000114203	0.2	0.944061	293.485	0
0.04	0.000114203	0.2	1.01158	289.157	0
0.04	0.000114203	0.2	1.08393	284.478	0
0.04	0.000114203	0.2	1.16145	279.479	0
0.04	0.000114203	0.2	1.24451	274.224	0
0.04	0.000114203	0.2	1.33352	268.818	0
0.04	0.000114203	0.2	1.42889	263.422	0
0.04	0.000114203	0.2	1.53109	258.269	0
0.04	0.000114203	0.2	1.64059	253.686	0
0.04	0.000114203	0.2	1.75792	250.114	0
0.04	0.000114203	0.2	1.88365	248.124	0
0.04	0.000114203	0.2	2.01837	248.429	0
0.04	0.000114203	0.2	2.16272	251.873	0
0.04	0.000114203	0.2	2.31739	259.382	0
0.04	0.000114203	0.2	2.48313	271.832	0
0.04	0.000114203	0.2	2.66073	289.817	0
0.04	0.000114203	0.2	2.85102	313.273	0
0.04	0.000114203	0.2	3.05492	341.046	0
0.04	0.000114203	0.2	3.27341	370.544	0
0.04	0.000114203	0.2	3.50752	397.771	0
0.04	0.000114203	0.2	3.75837	417.927	0
0.04	0.000114203	0.2	4.02717	426.537	0
0.04	0.000114203	0.2	4.31519	420.749	0
0.04	0.000114203	0.2	4.62381	400.399	0
0.04	0.000114203	0.2	4.9545	368.576	0
0.04	0.000114203	0.2	5.30884	331.558	0
0.04	0.000114203	0.2	5.68853	297.986	0
0.04	0.000114203	0.2	6.09537	277.208	0
0.04	0.000114203	0.2	6.53131	277.071	0
0.04	0.000114203	0.2	6.99842	301.269	0
0.04	0.000114203	0.2	7.49894	346.227	0
0.04	0.000114203	0.2	8.03526	399.248	0
0.04	0.000114203	0.2	8.60994	440.816	0
0.04	0.000114203	0.2	9.22571	453.032	0
0.04	0.000114203	0.2	9.88553	427.734	0
0.04	0.000114203	0.2	10.5925	369.236	0
0.04	0.000114203	0.2	11.3501	300.526	0
0.04	0.000114203	0.2	12.1619	257.053	0
0.04	0.000114203	0.2	13.0317	257.768	0
0.04	0.000114203	0.2	13.9637	296.19	0
0.04	0.000114203	0.2	14.9624	351.049	0
0.04	0.000114203	0.2	16.0325	397.48	0
0.04	0.000114203	0.2	17.1791	431.764	0
0.04	0.000114203	0.2	18.4077	460.233	0
0.04	0.000114203	0.2	19.7242	469.716	0
0.04	0.000114203	0.2	21.1349	439.148	0
0.04	0.000114203	0.2	22.6464	388.9	0
0.04	0.000114203	0.2	24.2661	342.591	0
0.04	0.000114203	0.2	26.0016	337.239	0
0.04	0.000114203	0.2	27.8612	369.3	0
0.04	0.000114203	0.2	29.8538	409.382	0
0.04	0.000114203	0.2	31.989	422.105	0
0.04	0.000114203	0.2	34.2768	405.779	0
0.04	0.000114203	0.2	36.7282	386.86	0
0.04	0.000114203	0.2	39.355	356.437	0
0.04	0.000114203	0.2	42.1697	333.813	0
0.04	0.000114203	0.2	45.1856	329.294	0
0.04	0.000114203	0.2	48.4172	350.745	0
0.04	0.000114203	0.2	51.88	389.717	0
0.04	0.000114203	0.2	55.5904	400.877	0
0.04	0.000114203	0.2	59.5662	359.443	0
0.04	0.000114203	0.2	63.8263	324.704	0
0.04	0.000114203	0.2	68.3912	344.215	0
0.04	0.000114203	0.2	73.2825	379.731	0
0.04	0.000114203	0.2	78.5236	371.381	0
0.04	0.000114203	0.2	84.1395	333.236	0
0.04	0.000114203	0.2	90.1571	348.559	0
0.04	0.000114203	0.2	96.6051	356.973	0
0.04	0.000124775	0.2	0.103514	328.945	0
0.04	0.000124775	0.2	0.110917	328.868	0
0.04	0.000124775	0.2	0.11885	328.78	0
0.04	0.000124775	0.2	0.12735	328.679	0
0.04	0.000124775	0.2	0.136458	328.563	0
0.04	0.000124775	0.2	0.146218	328.431	0
0.04	0.000124775	0.2	0.156675	328.278	0
0.04	0.000124775	0.2	0.16788	328.104	0
0.04	0.000124775	0.2	0.179887	327.903	0
0.04	0.000124775	0.2	0.192752	327.674	0
0.04	0.000124775	0.2	0.206538	327.411	0
0.04	0.000124775	0.2	0.221309	327.11	0
0.04	0.000124775	0.2	0.237137	326.766	0
0.04	0.000124775	0.2	0.254097	326.372	0
0.04	0.000124775	0.2	0.27227	325.921	0
0.04	0.000124775	0.2	0.291743	325.405	0
0.04	0.000124775	0.2	0.312608	324.816	0
0.04	0.000124775	0.2	0.334965	324.144	0
0.04	0.000124775	0.2	0.358922	323.377	0
0.04	0.000124775	0.2	0.384592	322.503	0
0.04	0.000124775	0.2	0.412098	321.508	0
0.04	0.000124775	0.2	0.44157	320.377	0
0.04	0.000124775	0.2	0.473151	319.093	0
0.04	0.000124775	0.2	0.506991	317.636	0
0.04	0.000124775	0.2	0.54325	315.988	0
0.04	0.000124775	0.2	0.582103	314.127	0
0.04	0.000124775	0.2	0.623735	312.03	0
0.04	0.000124775	0.2	0.668344	309.673	0
0.04	0.000124775	0.2	0.716143	307.033	0
0.04	0.000124775	0.2	0.767361	304.086	0
0.04	0.000124775	0.2	0.822243	300.81	0
0.04	0.000124775	0.2	0.881049	297.186	0
0.04	0.000124775	0.2	0.944061	293.204	0
0.04	0.000124775	0.2	1.01158	288.859	0
0.04	0.000124775	0.2	1.08393	284.164	0
0.04	0.000124775	0.2	1.16145	279.152	0
0.04	0.000124775	0.2	1.24451	273.886	0
0.04	0.000124775	0.2	1.33352	268.472	0
0.04	0.000124775	0.2	1.42889	263.069	0
0.04	0.000124775	0.2	1.53109	257.913	0
0.04	0.000124775	0.2	1.64059	253.331	0
0.04	0.000124775	0.2	1.75792	249.761	0
0.04	0.000124775	0.2	1.88365	247.775	0
0.04	0.000124775	0.2	2.01837	248.083	0
0.04	0.000124775	0.2	2.16272	251.529	0
0.04	0.000124775	0.2	2.31739	259.035	0
0.04	0.000124775	0.2	2.48313	271.476	0
0.04	0.000124775	0.2	2.66073	289.442	0
0.04	0.000124775	0.2	2.85102	312.869	0
0.04	0.000124775	0.2	3.05492	340.603	0
0.04	0.000124775	0.2	3.27341	370.053	0
0.04	0.000124775	0.2	3.50752	397.227	0
0.04	0.000124775	0.2	3.75837	417.331	0
0.04	0.000124775	0.2	4.02717	425.899	0
0.04	0.000124775	0.2	4.31519	420.082	0
0.04	0.000124775	0.2	4.62381	399.718	0
0.04	0.000124775	0.2	4.9545	367.899	0
0.04	0.000124775	0.2	5.30884	330.902	0
0.04	0.000124775	0.2	5.68853	297.361	0
0.04	0.000124775	0.2	6.09537	276.615	0
0.04	0.000124775	0.2	6.53131	276.495	0
0.04	0.000124775	0.2	6.99842	300.68	0
0.04	0.000124775	0.2	7.49894	345.593	0
0.04	0.000124775	0.2	8.03526	398.546	0
0.04	0.000124775	0.2	8.60994	440.044	0
0.04	0.000124775	0.2	9.22571	452.223	0
0.04	0.000124775	0.2	9.88553	426.947	0
0.04	0.000124775	0.2	10.5925	368.535	0
0.04	0.000124775	0.2	11.3501	299.944	0
0.04	0.000124775	0.2	12.1619	256.561	0
0.04	0.000124775	0.2	13.0317	257.304	0
0.04	0.000124775	0.2	13.9637	295.695	0
0.04	0.000124775	0.2	14.9624	350.477	0
0.04	0.000124775	0.2	16.0325	396.811	0
0.04	0.000124775	0.2	17.1791	430.999	0
0.04	0.000124775	0.2	18.4077	459.402	0
0.04	0.000124775	0.2	19.7242	468.903	0
0.04	0.000124775	0.2	21.1349	438.456	0
0.04	0.000124775	0.2	22.6464	388.33	0
0.04	0.000124775	0.2	24.2661	342.047	0
0.04	0.000124775	0.2	26.0016	336.63	0
0.04	0.000124775	0.2	27.8612	368.631	0
0.04	0.000124775	0.2	29.8538	408.671	0
0.04	0.000124775	0.2	31.989	421.361	0
0.04	0.000124775	0.2	34.2768	405.09	0
0.04	0.000124775	0.2	36.7282	386.291	0
0.04	0.000124775	0.2	39.355	355.945	0
0.04	0.000124775	0.2	42.1697	333.373	0
0.04	0.000124775	0.2	45.1856	328.908	0
0.04	0.000124775	0.2	48.4172	350.279	0
0.04	0.000124775	0.2	51.88	389.129	0
0.04	0.000124775	0.2	55.5904	400.297	0
0.04	0.000124775	0.2	59.5662	358.963	0
0.04	0.000124775	0.2	63.8263	324.218	0
0.04	0.000124775	0.2	68.3912	343.684	0
0.04	0.000124775	0.2	73.2825	379.245	0
0.04	0.000124775	0.2	78.5236	370.884	0
0.04	0.000124775	0.2	84.1395	332.761	0
0.04	0.000124775	0.2	90.1571	348.078	0
0.04	0.000124775	0.2	96.6051	356.494	0
0.04	0.000136326	0.2	0.103514	328.938	0
0.04	0.000136326	0.2	0.110917	328.86	0
0.04	0.000136326	0.2	0.11885	328.771	0
0.04	0.000136326	0.2	0.12735	328.669	0
0.04	0.000136326	0.2	0.136458	328.551	0
0.04	0.000136326	0.2	0.146218	328.417	0
0.04	0.000136326	0.2	0.156675	328.262	0
0.04	0.000136326	0.2	0.16788	328.086	0
0.04	0.000136326	0.2	0.179887	327.883	0
0.04	0.000136326	0.2	0.192752	327.65	0
0.04	0.000136326	0.2	0.206538	327.384	0
0.04	0.000136326	0.2	0.221309	327.079	0
0.04	0.000136326	0.2	0.237137	326.73	0
0.04	0.000136326	0.2	0.254097	326.331	0
0.04	0.000136326	0.2	0.27227	325.875	0
0.04	0.000136326	0.2	0.291743	325.353	0
0.04	0.000136326	0.2	0.312608	324.757	0
0.04	0.000136326	0.2	0.334965	324.077	0
0.04	0.000136326	0.2	0.358922	323.301	0
0.04	0.000136326	0.2	0.384592	322.417	0
0.04	0.000136326	0.2	0.412098	321.411	0
0.04	0.000136326	0.2	0.44157	320.268	0
0.04	0.000136326	0.2	0.473151	318.97	0
0.04	0.000136326	0.2	0.506991	317.499	0
0.04	0.000136326	0.2	0.54325	315.835	0
0.04	0.000136326	0.2	0.582103	313.957	0
0.04	0.000136326	0.2	0.623735	311.842	0
0.04	0.000136326	0.2	0.668344	309.466	0
0.04	0.000136326	0.2	0.716143	306.806	0
0.04	0.000136326	0.2	0.767361	303.838	0
0.04	0.000136326	0.2	0.822243	300.542	0
0.04	0.000136326	0.2	0.881049	296.898	0
0.04	0.000136326	0.2	0.944061	292.896	0
0.04	0.000136326	0.2	1.01158	288.533	0
0.04	0.000136326	0.2	1.08393	283.822	0
0.04	0.000136326	0.2	1.16145	278.795	0
0.04	0.000136326	0.2	1.24451	273.517	0
0.04	0.000136326	0.2	1.33352	268.093	0
0.04	0.000136326	0.2	1.42889	262.684	0
0.04	0.000136326	0.2	1.53109	257.525	0
0.04	0.000136326	0.2	1.64059	252.943	0
0.04	0.000136326	0.2	1.75792	249.375	0
0.04	0.000136326	0.2	1.88365	247.393	0
0.04	0.000136326	0.2	2.01837	247.706	0
0.04	0.000136326	0.2	2.16272	251.154	0
0.04	0.000136326	0.2	2.31739	258.657	0
0.04	0.000136326	0.2	2.48313	271.087	0
0.04	0.000136326	0.2	2.66073	289.032	0
0.04	0.000136326	0.2	2.85102	312.428	0
0.04	0.000136326	0.2	3.05492	340.119	0
0.04	0.000136326	0.2	3.27341	369.517	0
0.04	0.000136326	0.2	3.50752	396.633	0
0.04	0.000136326	0.2	3.75837	416.682	0
0.04	0.000136326	0.2	4.02717	425.203	0
0.04	0.000136326	0.2	4.31519	419.354	0
0.04	0.000136326	0.2	4.62381	398.975	0
0.04	0.000136326	0.2	4.9545	367.16	0
0.04	0.000136326	0.2	5.30884	330.185	0
0.04	0.000136326	0.2	5.68853	296.679	0
0.04	0.000136326	0.2	6.09537	275.968	0
0.04	0.000136326	0.2	6.53131	275.866	0
0.04	0.000136326	0.2	6.99842	300.038	0
0.04	0.000136326	0.2	7.49894	344.901	0
0.04	0.000136326	0.2	8.03526	397.779	0
0.04	0.000136326	0.2	8.60994	439.202	0
0.04	0.000136326	0.2	9.22571	451.341	0
0.04	0.000136326	0.2	9.88553	426.088	0
0.04	0.000136326	0.2	10.5925	367.77	0
0.04	0.000136326	0.2	11.3501	299.309	0
0.04	0.000136326	0.2	12.1619	256.023	0
0.04	0.000136326	0.2	13.0317	256.797	0
0.04	0.000136326	0.2	13.9637	295.155	0
0.04	0.000136326	0.2	14.9624	349.854	0
0.04	0.000136326	0.2	16.0325	396.08	0
0.04	0.000136326	0.2	17.1791	430.165	0
0.04	0.000136326	0.2	18.4077	458.496	0
0.04	0.000136326	0.2	19.7242	468.016	0
0.04	0.000136326	0.2	21.1349	437.702	0
0.04	0.000136326	0.2	22.6464	387.708	0
0.04	0.000136326	0.2	24.2661	341.454	0
0.04	0.000136326	0.2	26.0016	335.966	0
0.04	0.000136326	0.2	27.8612	367.901	0
0.04	0.000136326	0.2	29.8538	407.895	0
0.04	0.000136326	0.2	31.989	420.55	0
0.04	0.000136326	0.2	34.2768	404.339	0
0.04	0.000136326	0.2	36.7282	385.669	0
0.04	0.000136326	0.2	39.355	355.407	0
0.04	0.000136326	0.2	42.1697	332.893	0
0.04	0.000136326	0.2	45.1856	328.488	0
0.04	0.000136326	0.2	48.4172	349.77	0
0.04	0.000136326	0.2	51.88	388.487	0
0.04	0.000136326	0.2	55.5904	399.665	0
0.04	0.000136326	0.2	59.5662	358.44	0
0.04	0.000136326	0.2	63.8263	323.688	0
0.04	0.000136326	0.2	68.3912	343.104	0
0.04	0.000136326	0.2	73.2825	378.715	0
0.04	0.000136326	0.2	78.5236	370.341	0
0.04	0.000136326	0.2	84.1395	332.244	0
0.04	0.000136326	0.2	90.1571	347.553	0
0.04	0.000136326	0.2	96.6051	355.97	0
0.04	0.000148946	0.2	0.103514	328.93	0
0.04	0.000148946	0.2	0.110917	328.852	0
0.04	0.000148946	0.2	0.11885	328.761	0
0.04	0.000148946	0.2	0.12735	328.657	0
0.04	0.000148946	0.2	0.136458	328.538	0
0.04	0.000148946	0.2	0.146218	328.402	0
0.04	0.000148946	0.2	0.156675	328.245	0
0.04	0.000148946	0.2	0.16788	328.066	0
0.04	0.000148946	0.2	0.179887	327.86	0
0.04	0.000148946	0.2	0.192752	327.624	0
0.04	0.000148946	0.2	0.206538	327.355	0
0.04	0.000148946	0.2	0.221309	327.046	0
0.04	0.000148946	0.2	0.237137	326.692	0
0.04	0.000148946	0.2	0.254097	326.287	0
0.04	0.000148946	0.2	0.27227	325.825	0
0.04	0.000148946	0.2	0.291743	325.296	0
0.04	0.000148946	0.2	0.312608	324.692	0
0.04	0.000148946	0.2	0.334965	324.003	0
0.04	0.000148946	0.2	0.358922	323.218	0
0.04	0.000148946	0.2	0.384592	322.323	0
0.04	0.000148946	0.2	0.412098	321.305	0
0.04	0.000148946	0.2	0.44157	320.148	0
0.04	0.000148946	0.2	0.473151	318.836	0
0.04	0.000148946	0.2	0.506991	317.349	0
0.04	0.000148946	0.2	0.54325	315.668	0
0.04	0.000148946	0.2	0.582103	313.771	0
0.04	0.000148946	0.2	0.623735	311.636	0
0.04	0.000148946	0.2	0.668344	309.239	0
0.04	0.000148946	0.2	0.716143	306.558	0
0.04	0.000148946	0.2	0.767361	303.568	0
0.04	0.000148946	0.2	0.822243	300.249	0
0.04	0.000148946	0.2	0.881049	296.584	0
0.04	0.000148946	0.2	0.944061	292.561	0
0.04	0.000148946	0.2	1.01158	288.178	0
0.04	0.000148946	0.2	1.08393	283.448	0
0.04	0.000148946	0.2	1.16145	278.405	0
0.04	0.000148946	0.2	1.24451	273.114	0
0.04	0.000148946	0.2	1.33352	267.68	0
0.04	0.000148946	0.2	1.42889	262.264	0
0.04	0.000148946	0.2	1.53109	257.102	0
0.04	0.000148946	0.2	1.64059	252.519	0
0.04	0.000148946	0.2	1.75792	248.955	0
0.04	0.000148946	0.2	1.88365	246.977	0
0.04	0.000148946	0.2	2.01837	247.294	0
0.04	0.000148946	0.2	2.16272	250.745	0
0.04	0.000148946	0.2	2.31739	258.244	0
0.04	0.000148946	0.2	2.48313	270.663	0
0.04	0.000148946	0.2	2.66073	288.586	0
0.04	0.000148946	0.2	2.85102	311.947	0
0.04	0.000148946	0.2	3.05492	339.591	0
0.04	0.000148946	0.2	3.27341	368.931	0
0.04	0.000148946	0.2	3.50752	395.984	0
0.04	0.000148946	0.2	3.75837	415.972	0
0.04	0.000148946	0.2	4.02717	424.443	0
0.04	0.000148946	0.2	4.31519	418.559	0
0.04	0.000148946	0.2	4.62381	398.163	0
0.04	0.000148946	0.2	4.9545	366.354	0
0.04	0.000148946	0.2	5.30884	329.403	0
0.04	0.000148946	0.2	5.68853	295.934	0
0.04	0.000148946	0.2	6.09537	275.262	0
0.04	0.000148946	0.2	6.53131	275.18	0
0.04	0.000148946	0.2	6.99842	299.337	0
0.04	0.000148946	0.2	7.49894	344.146	0
0.04	0.000148946	0.2	8.03526	396.942	0
0.04	0.000148946	0.2	8.60994	438.284	0
0.04	0.000148946	0.2	9.22571	450.378	0
0.04	0.000148946	0.2	9.88553	425.151	0
0.04	0.000148946	0.2	10.5925	366.936	0
0.04	0.000148946	0.2	11.3501	298.616	0
0.04	0.000148946	0.2	12.1619	255.437	0
0.04	0.000148946	0.2	13.0317	256.244	0
0.04	0.000148946	0.2	13.9637	294.566	0
0.04	0.000148946	0.2	14.9624	349.173	0
0.04	0.000148946	0.2	16.0325	395.282	0
0.04	0.000148946	0.2	17.1791	429.255	0
0.04	0.000148946	0.2	18.4077	457.507	0
0.04	0.000148946	0.2	19.7242	467.048	0
0.04	0.000148946	0.2	21.1349	436.878	0
0.04	0.000148946	0.2	22.6464	387.03	0
0.04	0.000148946	0.2	24.2661	340.808	0
0.04	0.000148946	0.2	26.0016	335.242	0
0.04	0.000148946	0.2	27.8612	367.105	0
0.04	0.000148946	0.2	29.8538	407.05	0
0.04	0.000148946	0.2	31.989	419.665	0
0.04	0.000148946	0.2	34.2768	403.52	0
0.04	0.000148946	0.2	36.7282	384.992	0
0.04	0.000148946	0.2	39.355	354.821	0
0.04	0.000148946	0.2	42.1697	332.371	0
0.04	0.000148946	0.2	45.1856	328.03	0
0.04	0.000148946	0.2	48.4172	349.215	0
0.04	0.000148946	0.2	51.88	387.787	0
0.04	0.000148946	0.2	55.5904	398.974	0
0.04	0.000148946	0.2	59.5662	357.87	0
0.04	0.000148946	0.2	63.8263	323.109	0
0.04	0.000148946	0.2	68.3912	342.472	0
0.04	0.000148946	0.2	73.2825	378.137	0
0.04	0.000148946	0.2	78.5236	369.75	0
0.04	0.000148946	0.2	84.1395	331.679	0
0.04	0.000148946	0.2	90.1571	346.98	0
0.04	0.000148946	0.2	96.6051	355.399	0
0.04	0.000162735	0.2	0.103514	328.922	0
0.04	0.000162735	0.2	0.110917	328.842	0
0.04	0.000162735	0.2	0.11885	328.75	0
0.04	0.000162735	0.2	0.12735	328.645	0
0.04	0.000162735	0.2	0.136458	328.524	0
0.04	0.000162735	0.2	0.146218	328.385	0
0.04	0.000162735	0.2	0.156675	328.226	0
0.04	0.000162735	0.2	0.16788	328.044	0
0.04	0.000162735	0.2	0.179887	327.835	0
0.04	0.000162735	0.2	0.192752	327.596	0
0.04	0.000162735	0.2	0.206538	327.322	0
0.04	0.000162735	0.2	0.221309	327.009	0
0.04	0.000162735	0.2	0.237137	326.65	0
0.04	0.000162735	0.2	0.254097	326.239	0
0.04	0.000162735	0.2	0.27227	325.77	0
0.04	0.000162735	0.2	0.291743	325.234	0
0.04	0.000162735	0.2	0.312608	324.621	0
0.04	0.000162735	0.2	0.334965	323.923	0
0.04	0.000162735	0.2	0.358922	323.127	0
0.04	0.000162735	0.2	0.384592	322.22	0
0.04	0.000162735	0.2	0.412098	321.189	0
0.04	0.000162735	0.2	0.44157	320.018	0
0.04	0.000162735	0.2	0.473151	318.689	0
0.04	0.000162735	0.2	0.506991	317.185	0
0.04	0.000162735	0.2	0.54325	315.485	0
0.04	0.000162735	0.2	0.582103	313.568	0
0.04	0.000162735	0.2	0.623735	311.411	0
0.04	0.000162735	0.2	0.668344	308.992	0
0.04	0.000162735	0.2	0.716143	306.287	0
0.04	0.000162735	0.2	0.767361	303.273	0
0.04	0.000162735	0.2	0.822243	299.93	0
0.04	0.000162735	0.2	0.881049	296.241	0
0.04	0.000162735	0.2	0.944061	292.194	0
0.04	0.000162735	0.2	1.01158	287.79	0
0.04	0.000162735	0.2	1.08393	283.04	0
0.04	0.000162735	0.2	1.16145	277.98	0
0.04	0.000162735	0.2	1.24451	272.674	0
0.04	0.000162735	0.2	1.33352	267.229	0
0.04	0.000162735	0.2	1.42889	261.806	0
0.04	0.000162735	0.2	1.53109	256.64	0
0.04	0.000162735	0.2	1.64059	252.057	0
0.04	0.000162735	0.2	1.75792	248.496	0
0.04	0.000162735	0.2	1.88365	246.523	0
0.04	0.000162735	0.2	2.01837	246.845	0
0.04	0.000162735	0.2	2.16272	250.298	0
0.04	0.000162735	0.2	2.31739	257.794	0
0.04	0.000162735	0.2	2.48313	270.2	0
0.04	0.000162735	0.2	2.66073	288.098	0
0.04	0.000162735	0.2	2.85102	311.422	0
0.04	0.000162735	0.2	3.05492	339.015	0
0.04	0.000162735	0.2	3.27341	368.293	0
0.04	0.000162735	0.2	3.50752	395.277	0
0.04	0.000162735	0.2	3.75837	415.199	0
0.04	0.000162735	0.2	4.02717	423.614	0
0.04	0.000162735	0.2	4.31519	417.691	0
0.04	0.000162735	0.2	4.62381	397.278	0
0.04	0.000162735	0.2	4.9545	365.474	0
0.04	0.000162735	0.2	5.30884	328.55	0
0.04	0.000162735	0.2	5.68853	295.122	0
0.04	0.000162735	0.2	6.09537	274.492	0
0.04	0.000162735	0.2	6.53131	274.431	0
0.04	0.000162735	0.2	6.99842	298.573	0
0.04	0.000162735	0.2	7.49894	343.322	0
0.04	0.000162735	0.2	8.03526	396.03	0
0.04	0.000162735	0.2	8.60994	437.281	0
0.04	0.000162735	0.2	9.22571	449.328	0
0.04	0.000162735	0.2	9.88553	424.128	0
0.04	0.000162735	0.2	10.5925	366.025	0
0.04	0.000162735	0.2	11.3501	297.86	0
0.04	0.000162735	0.2	12.1619	254.798	0
0.04	0.000162735	0.2	13.0317	255.642	0
0.04	0.000162735	0.2	13.9637	293.924	0
0.04	0.000162735	0.2	14.9624	348.431	0
0.04	0.000162735	0.2	16.0325	394.413	0
0.04	0.000162735	0.2	17.1791	428.262	0
0.04	0.000162735	0.2	18.4077	456.429	0
0.04	0.000162735	0.2	19.7242	465.993	0
0.04	0.000162735	0.2	21.1349	435.98	0
0.04	0.000162735	0.2	22.6464	386.29	0
0.04	0.000162735	0.2	24.2661	340.103	0
0.04	0.000162735	0.2	26.0016	334.453	0
0.04	0.000162735	0.2	27.8612	366.237	0
0.04	0.000162735	0.2	29.8538	406.128	0
0.04	0.000162735	0.2	31.989	418.699	0
0.04	0.000162735	0.2	34.2768	402.627	0
0.04	0.000162735	0.2	36.7282	384.253	0
0.04	0.000162735	0.2	39.355	354.182	0
0.04	0.000162735	0.2	42.1697	331.802	0
0.04	0.000162735	0.2	45.1856	327.531	0
0.04	0.000162735	0.2	48.4172	348.61	0
0.04	0.000162735	0.2	51.88	387.024	0
0.04	0.000162735	0.2	55.5904	398.222	0
0.04	0.000162735	0.2	59.5662	357.249	0
0.04	0.000162735	0.2	63.8263	322.478	0
0.04	0.000162735	0.2	68.3912	341.783	0
0.04	0.000162735	0.2	73.2825	377.505	0
0.04	0.000162735	0.2	78.5236	369.104	0
0.04	0.000162735	0.2	84.1395	331.063	0
0.04	0.000162735	0.2	90.1571	346.355	0
0.04	0.000162735	0.2	96.6051	354.777	0
0.04	0.0001778	0.2	0.103514	328.913	0
0.04	0.0001778	0.2	0.110917	328.832	0
0.04	0.0001778	0.2	0.11885	328.738	0
0.04	0.0001778	0.2	0.12735	328.631	0
0.04	0.0001778	0.2	0.136458	328.508	0
0.04	0.0001778	0.2	0.146218	328.367	0
0.04	0.0001778	0.2	0.156675	328.206	0
0.04	0.0001778	0.2	0.16788	328.021	0
0.04	0.0001778	0.2	0.179887	327.808	0
0.04	0.0001778	0.2	0.192752	327.565	0
0.04	0.0001778	0.2	0.206538	327.287	0
0.04	0.0001778	0.2	0.221309	326.968	0
0.04	0.0001778	0.2	0.237137	326.604	0
0.04	0.0001778	0.2	0.254097	326.187	0
0.04	0.0001778	0.2	0.27227	325.71	0
0.04	0.0001778	0.2	0.291743	325.166	0
0.04	0.0001778	0.2	0.312608	324.544	0
0.04	0.0001778	0.2	0.334965	323.835	0
0.04	0.0001778	0.2	0.358922	323.027	0
0.04	0.0001778	0.2	0.384592	322.108	0
0.04	0.0001778	0.2	0.412098	321.062	0
0.04	0.0001778	0.2	0.44157	319.875	0
0.04	0.0001778	0.2	0.473151	318.529	0
0.04	0.0001778	0.2	0.506991	317.006	0
0.04	0.0001778	0.2	0.54325	315.285	0
0.04	0.0001778	0.2	0.582103	313.346	0
0.04	0.0001778	0.2	0.623735	311.166	0
0.04	0.0001778	0.2	0.668344	308.722	0
0.04	0.0001778	0.2	0.716143	305.991	0
0.04	0.0001778	0.2	0.767361	302.951	0
0.04	0.0001778	0.2	0.822243	299.582	0
0.04	0.0001778	0.2	0.881049	295.866	0
0.04	0.0001778	0.2	0.944061	291.795	0
0.04	0.0001778	0.2	1.01158	287.366	0
0.04	0.0001778	0.2	1.08393	282.595	0
0.04	0.0001778	0.2	1.16145	277.516	0
0.04	0.0001778	0.2	1.24451	272.194	0
0.04	0.0001778	0.2	1.33352	266.737	0
0.04	0.0001778	0.2	1.42889	261.306	0
0.04	0.0001778	0.2	1.53109	256.136	0
0.04	0.0001778	0.2	1.64059	251.553	0
0.04	0.0001778	0.2	1.75792	247.995	0
0.04	0.0001778	0.2	1.88365	246.028	0
0.04	0.0001778	0.2	2.01837	246.355	0
0.04	0.0001778	0.2	2.16272	249.811	0
0.04	0.0001778	0.2	2.31739	257.303	0
0.04	0.0001778	0.2	2.48313	269.695	0
0.04	0.0001778	0.2	2.66073	287.567	0
0.04	0.0001778	0.2	2.85102	310.849	0
0.04	0.0001778	0.2	3.05492	338.386	0
0.04	0.0001778	0.2	3.27341	367.596	0
0.04	0.0001778	0.2	3.50752	394.505	0
0.04	0.0001778	0.2	3.75837	414.354	0
0.04	0.0001778	0.2	4.02717	422.709	0
0.04	0.0001778	0.2	4.31519	416.745	0
0.04	0.0001778	0.2	4.62381	396.312	0
0.04	0.0001778	0.2	4.9545	364.514	0
0.04	0.0001778	0.2	5.30884	327.619	0
0.04	0.0001778	0.2	5.68853	294.235	0
0.04	0.0001778	0.2	6.09537	273.651	0
0.04	0.0001778	0.2	6.53131	273.615	0
0.04	0.0001778	0.2	6.99842	297.739	0
0.04	0.0001778	0.2	7.49894	342.424	0
0.04	0.0001778	0.2	8.03526	395.034	0
0.04	0.0001778	0.2	8.60994	436.188	0
0.04	0.0001778	0.2	9.22571	448.182	0
0.04	0.0001778	0.2	9.88553	423.012	0
0.04	0.0001778	0.2	10.5925	365.032	0
0.04	0.0001778	0.2	11.3501	297.036	0
0.04	0.0001778	0.2	12.1619	254.101	0
0.04	0.0001778	0.2	13.0317	254.985	0
0.04	0.0001778	0.2	13.9637	293.223	0
0.04	0.0001778	0.2	14.9624	347.622	0
0.04	0.0001778	0.2	16.0325	393.464	0
0.04	0.0001778	0.2	17.1791	427.179	0
0.04	0.0001778	0.2	18.4077	455.253	0
0.04	0.0001778	0.2	19.7242	464.842	0
0.04	0.0001778	0.2	21.1349	435.001	0
0.04	0.0001778	0.2	22.6464	385.484	0
0.04	0.0001778	0.2	24.2661	339.336	0
0.04	0.0001778	0.2	26.0016	333.592	0
0.04	0.0001778	0.2	27.8612	365.29	0
0.04	0.0001778	0.2	29.8538	405.123	0
0.04	0.0001778	0.2	31.989	417.647	0
0.04	0.0001778	0.2	34.2768	401.653	0
0.04	0.0001778	0.2	36.7282	383.449	0
0.04	0.0001778	0.2	39.355	353.486	0
0.04	0.0001778	0.2	42.1697	331.182	0
0.04	0.0001778	0.2	45.1856	326.988	0
0.04	0.0001778	0.2	48.4172	347.95	0
0.04	0.0001778	0.2	51.88	386.192	0
0.04	0.0001778	0.2	55.5904	397.4	0
0.04	0.0001778	0.2	59.5662	356.571	0
0.04	0.0001778	0.2	63.8263	321.79	0
0.04	0.0001778	0.2	68.3912	341.031	0
0.04	0.0001778	0.2	73.2825	376.817	0
0.04	0.0001778	0.2	78.5236	368.401	0
0.04	0.0001778	0.2	84.1395	330.391	0
0.04	0.0001778	0.2	90.1571	345.674	0
0.04	0.0001778	0.2	96.6051	354.097	0
0.04	0.00019426	0.2	0.103514	328.903	0
0.04	0.00019426	0.2	0.110917	328.82	0
0.04	0.00019426	0.2	0.11885	328.725	0
0.04	0.00019426	0.2	0.12735	328.616	0
0.04	0.00019426	0.2	0.136458	328.491	0
0.04	0.00019426	0.2	0.146218	328.348	0
0.04	0.00019426	0.2	0.156675	328.183	0
0.04	0.00019426	0.2	0.16788	327.995	0
0.04	0.00019426	0.2	0.179887	327.779	0
0.04	0.00019426	0.2	0.192752	327.532	0
0.04	0.00019426	0.2	0.206538	327.248	0
0.04	0.00019426	0.2	0.221309	326.924	0
0.04	0.00019426	0.2	0.237137	326.554	0
0.04	0.00019426	0.2	0.254097	326.13	0
0.04	0.00019426	0.2	0.27227	325.645	0
0.04	0.00019426	0.2	0.291743	325.091	0
0.04	0.00019426	0.2	0.312608	324.46	0
0.04	0.00019426	0.2	0.334965	323.739	0
0.04	0.00019426	0.2	0.358922	322.919	0
0.04	0.00019426	0.2	0.384592	321.985	0
0.04	0.00019426	0.2	0.412098	320.924	0
0.04	0.00019426	0.2	0.44157	319.719	0
0.04	0.00019426	0.2	0.473151	318.354	0
0.04	0.00019426	0.2	0.506991	316.81	0
0.04	0.00019426	0.2	0.54325	315.067	0
0.04	0.00019426	0.2	0.582103	313.104	0
0.04	0.00019426	0.2	0.623735	310.898	0
0.04	0.00019426	0.2	0.668344	308.427	0
0.04	0.00019426	0.2	0.716143	305.668	0
0.04	0.00019426	0.2	0.767361	302.599	0
0.04	0.00019426	0.2	0.822243	299.201	0
0.04	0.00019426	0.2	0.881049	295.457	0
0.04	0.00019426	0.2	0.944061	291.358	0
0.04	0.00019426	0.2	1.01158	286.904	0
0.04	0.00019426	0.2	1.08393	282.109	0
0.04	0.00019426	0.2	1.16145	277.009	0
0.04	0.00019426	0.2	1.24451	271.67	0
0.04	0.00019426	0.2	1.33352	266.2	0
0.04	0.00019426	0.2	1.42889	260.76	0
0.04	0.00019426	0.2	1.53109	255.585	0
0.04	0.00019426	0.2	1.64059	251.003	0
0.04	0.00019426	0.2	1.75792	247.448	0
0.04	0.00019426	0.2	1.88365	245.487	0
0.04	0.00019426	0.2	2.01837	245.821	0
0.04	0.00019426	0.2	2.16272	249.279	0
0.04	0.00019426	0.2	2.31739	256.767	0
0.04	0.00019426	0.2	2.48313	269.144	0
0.04	0.00019426	0.2	2.66073	286.987	0
0.04	0.00019426	0.2	2.85102	310.224	0
0.04	0.00019426	0.2	3.05492	337.7	0
0.04	0.00019426	0.2	3.27341	366.835	0
0.04	0.00019426	0.2	3.50752	393.663	0
0.04	0.00019426	0.2	3.75837	413.433	0
0.04	0.00019426	0.2	4.02717	421.722	0
0.04	0.00019426	0.2	4.31519	415.712	0
0.04	0.00019426	0.2	4.62381	395.258	0
0.04	0.00019426	0.2	4.9545	363.467	0
0.04	0.00019426	0.2	5.30884	326.603	0
0.04	0.00019426	0.2	5.68853	293.269	0
0.04	0.00019426	0.2	6.09537	272.735	0
0.04	0.00019426	0.2	6.53131	272.724	0
0.04	0.00019426	0.2	6.99842	296.829	0
0.04	0.00019426	0.2	7.49894	341.443	0
0.04	0.00019426	0.2	8.03526	393.948	0
0.04	0.00019426	0.2	8.60994	434.996	0
0.04	0.00019426	0.2	9.22571	446.932	0
0.04	0.00019426	0.2	9.88553	421.796	0
0.04	0.00019426	0.2	10.5925	363.949	0
0.04	0.00019426	0.2	11.3501	296.137	0
0.04	0.00019426	0.2	12.1619	253.341	0
0.04	0.00019426	0.2	13.0317	254.269	0
0.04	0.00019426	0.2	13.9637	292.46	0
0.04	0.00019426	0.2	14.9624	346.739	0
0.04	0.00019426	0.2	16.0325	392.429	0
0.04	0.00019426	0.2	17.1791	425.998	0
0.04	0.00019426	0.2	18.4077	453.97	0
0.04	0.00019426	0.2	19.7242	463.587	0
0.04	0.00019426	0.2	21.1349	433.934	0
0.04	0.00019426	0.2	22.6464	384.606	0
0.04	0.00019426	0.2	24.2661	338.5	0
0.04	0.00019426	0.2	26.0016	332.654	0
0.04	0.00019426	0.2	27.8612	364.259	0
0.04	0.00019426	0.2	29.8538	404.029	0
0.04	0.00019426	0.2	31.989	416.499	0
0.04	0.00019426	0.2	34.2768	400.591	0
0.04	0.00019426	0.2	36.7282	382.572	0
0.04	0.00019426	0.2	39.355	352.727	0
0.04	0.00019426	0.2	42.1697	330.507	0
0.04	0.00019426	0.2	45.1856	326.396	0
0.04	0.00019426	0.2	48.4172	347.231	0
0.04	0.00019426	0.2	51.88	385.285	0
0.04	0.00019426	0.2	55.5904	396.505	0
0.04	0.00019426	0.2	59.5662	355.833	0
0.04	0.00019426	0.2	63.8263	321.04	0
0.04	0.00019426	0.2	68.3912	340.212	0
0.04	0.00019426	0.2	73.2825	376.066	0
0.04	0.00019426	0.2	78.5236	367.633	0
0.04	0.00019426	0.2	84.1395	329.658	0
0.04	0.00019426	0.2	90.1571	344.93	0
0.04	0.00019426	0.2	96.6051	353.357	0
0.04	0.000212243	0.2	0.103514	328.892	0
0.04	0.000212243	0.2	0.110917	328.808	0
0.04	0.000212243	0.2	0.11885	328.711	0
0.04	0.000212243	0.2	0.12735	328.6	0
0.04	0.000212243	0.2	0.136458	328.472	0
0.04	0.000212243	0.2	0.146218	328.326	0
0.04	0.000212243	0.2	0.156675	328.159	0
0.04	0.000212243	0.2	0.16788	327.967	0
0.04	0.000212243	0.2	0.179887	327.747	0
0.04	0.000212243	0.2	0.192752	327.495	0
0.04	0.000212243	0.2	0.206538	327.206	0
0.04	0.000212243	0.2	0.221309	326.876	0
0.04	0.000212243	0.2	0.237137	326.499	0
0.04	0.000212243	0.2	0.254097	326.067	0
0.04	0.000212243	0.2	0.27227	325.574	0
0.04	0.000212243	0.2	0.291743	325.01	0
0.04	0.000212243	0.2	0.312608	324.368	0
0.04	0.000212243	0.2	0.334965	323.635	0
0.04	0.000212243	0.2	0.358922	322.8	0
0.04	0.000212243	0.2	0.384592	321.851	0
0.04	0.000212243	0.2	0.412098	320.773	0
0.04	0.000212243	0.2	0.44157	319.549	0
0.04	0.000212243	0.2	0.473151	318.163	0
0.04	0.000212243	0.2	0.506991	316.596	0
0.04	0.000212243	0.2	0.54325	314.829	0
0.04	0.000212243	0.2	0.582103	312.839	0
0.04	0.000212243	0.2	0.623735	310.605	0
0.04	0.000212243	0.2	0.668344	308.105	0
0.04	0.000212243	0.2	0.716143	305.315	0
0.04	0.000212243	0.2	0.767361	302.215	0
0.04	0.000212243	0.2	0.822243	298.786	0
0.04	0.000212243	0.2	0.881049	295.011	0
0.04	0.000212243	0.2	0.944061	290.881	0
0.04	0.000212243	0.2	1.01158	286.399	0
0.04	0.000212243	0.2	1.08393	281.578	0
0.04	0.000212243	0.2	1.16145	276.456	0
0.04	0.000212243	0.2	1.24451	271.099	0
0.04	0.000212243	0.2	1.33352	265.614	0
0.04	0.000212243	0.2	1.42889	260.164	0
0.04	0.000212243	0.2	1.53109	254.985	0
0.04	0.000212243	0.2	1.64059	250.403	0
0.04	0.000212243	0.2	1.75792	246.852	0
0.04	0.000212243	0.2	1.88365	244.898	0
0.04	0.000212243	0.2	2.01837	245.238	0
0.04	0.000212243	0.2	2.16272	248.699	0
0.04	0.000212243	0.2	2.31739	256.182	0
0.04	0.000212243	0.2	2.48313	268.543	0
0.04	0.000212243	0.2	2.66073	286.354	0
0.04	0.000212243	0.2	2.85102	309.542	0
0.04	0.000212243	0.2	3.05492	336.952	0
0.04	0.000212243	0.2	3.27341	366.006	0
0.04	0.000212243	0.2	3.50752	392.744	0
0.04	0.000212243	0.2	3.75837	412.428	0
0.04	0.000212243	0.2	4.02717	420.646	0
0.04	0.000212243	0.2	4.31519	414.585	0
0.04	0.000212243	0.2	4.62381	394.109	0
0.04	0.000212243	0.2	4.9545	362.325	0
0.04	0.000212243	0.2	5.30884	325.496	0
0.04	0.000212243	0.2	5.68853	292.214	0
0.04	0.000212243	0.2	6.09537	271.735	0
0.04	0.000212243	0.2	6.53131	271.753	0
0.04	0.000212243	0.2	6.99842	295.837	0
0.04	0.000212243	0.2	7.49894	340.375	0
0.04	0.000212243	0.2	8.03526	392.764	0
0.04	0.000212243	0.2	8.60994	433.695	0
0.04	0.000212243	0.2	9.22571	445.57	0
0.04	0.000212243	0.2	9.88553	420.469	0
0.04	0.000212243	0.2	10.5925	362.768	0
0.04	0.000212243	0.2	11.3501	295.157	0
0.04	0.000212243	0.2	12.1619	252.514	0
0.04	0.000212243	0.2	13.0317	253.489	0
0.04	0.000212243	0.2	13.9637	291.629	0
0.04	0.000212243	0.2	14.9624	345.778	0
0.04	0.000212243	0.2	16.0325	391.301	0
0.04	0.000212243	0.2	17.1791	424.71	0
0.04	0.000212243	0.2	18.4077	452.573	0
0.04	0.000212243	0.2	19.7242	462.22	0
0.04	0.000212243	0.2	21.1349	432.77	0
0.04	0.000212243	0.2	22.6464	383.648	0
0.04	0.000212243	0.2	24.2661	337.589	0
0.04	0.000212243	0.2	26.0016	331.633	0
0.04	0.000212243	0.2	27.8612	363.135	0
0.04	0.000212243	0.2	29.8538	402.836	0
0.04	0.000212243	0.2	31.989	415.248	0
0.04	0.000212243	0.2	34.2768	399.434	0
0.04	0.000212243	0.2	36.7282	381.617	0
0.04	0.000212243	0.2	39.355	351.899	0
0.04	0.000212243	0.2	42.1697	329.772	0
0.04	0.000212243	0.2	45.1856	325.752	0
0.04	0.000212243	0.2	48.4172	346.448	0
0.04	0.000212243	0.2	51.88	384.297	0
0.04	0.000212243	0.2	55.5904	395.528	0
0.04	0.000212243	0.2	59.5662	355.028	0
0.04	0.000212243	0.2	63.8263	320.222	0
0.04	0.000212243	0.2	68.3912	339.32	0
0.04	0.000212243	0.2	73.2825	375.247	0
0.04	0.000212243	0.2	78.5236	366.797	0
0.04	0.000212243	0.2	84.1395	328.859	0
0.04	0.000212243	0.2	90.1571	344.12	0
0.04	0.000212243	0.2	96.6051	352.549	0
0.04	0.000231891	0.2	0.103514	328.88	0
0.04	0.000231891	0.2	0.110917	328.794	0
0.04	0.000231891	0.2	0.11885	328.695	0
0.04	0.000231891	0.2	0.12735	328.582	0
0.04	0.000231891	0.2	0.136458	328.452	0
0.04	0.000231891	0.2	0.146218	328.303	0
0.04	0.000231891	0.2	0.156675	328.132	0
0.04	0.000231891	0.2	0.16788	327.936	0
0.04	0.000231891	0.2	0.179887	327.711	0
0.04	0.000231891	0.2	0.192752	327.455	0
0.04	0.000231891	0.2	0.206538	327.16	0
0.04	0.000231891	0.2	0.221309	326.824	0
0.04	0.000231891	0.2	0.237137	326.439	0
0.04	0.000231891	0.2	0.254097	325.999	0
0.04	0.000231891	0.2	0.27227	325.496	0
0.04	0.000231891	0.2	0.291743	324.922	0
0.04	0.000231891	0.2	0.312608	324.267	0
0.04	0.000231891	0.2	0.334965	323.521	0
0.04	0.000231891	0.2	0.358922	322.671	0
0.04	0.000231891	0.2	0.384592	321.705	0
0.04	0.000231891	0.2	0.412098	320.607	0
0.04	0.000231891	0.2	0.44157	319.363	0
0.04	0.000231891	0.2	0.473151	317.955	0
0.04	0.000231891	0.2	0.506991	316.363	0
0.04	0.000231891	0.2	0.54325	314.569	0
0.04	0.000231891	0.2	0.582103	312.55	0
0.04	0.000231891	0.2	0.623735	310.286	0
0.04	0.000231891	0.2	0.668344	307.753	0
0.04	0.000231891	0.2	0.716143	304.93	0
0.04	0.000231891	0.2	0.767361	301.796	0
0.04	0.000231891	0.2	0.822243	298.332	0
0.04	0.000231891	0.2	0.881049	294.523	0
0.04	0.000231891	0.2	0.944061	290.361	0
0.04	0.000231891	0.2	1.01158	285.848	0
0.04	0.000231891	0.2	1.08393	280.999	0
0.04	0.000231891	0.2	1.16145	275.853	0
0.04	0.000231891	0.2	1.24451	270.475	0
0.04	0.000231891	0.2	1.33352	264.974	0
0.04	0.000231891	0.2	1.42889	259.515	0
0.04	0.000231891	0.2	1.53109	254.331	0
0.04	0.000231891	0.2	1.64059	249.748	0
0.04	0.000231891	0.2	1.75792	246.202	0
0.04	0.000231891	0.2	1.88365	244.255	0
0.04	0.000231891	0.2	2.01837	244.602	0
0.04	0.000231891	0.2	2.16272	248.066	0
0.04	0.000231891	0.2	2.31739	255.545	0
0.04	0.000231891	0.2	2.48313	267.888	0
0.04	0.000231891	0.2	2.66073	285.664	0
0.04	0.000231891	0.2	2.85102	308.799	0
0.04	0.000231891	0.2	3.05492	336.136	0
0.04	0.000231891	0.2	3.27341	365.102	0
0.04	0.000231891	0.2	3.50752	391.742	0
0.04	0.000231891	0.2	3.75837	411.332	0
0.04	0.000231891	0.2	4.02717	419.471	0
0.04	0.000231891	0.2	4.31519	413.357	0
0.04	0.000231891	0.2	4.62381	392.855	0
0.04	0.000231891	0.2	4.9545	361.079	0
0.04	0.000231891	0.2	5.30884	324.288	0
0.04	0.000231891	0.2	5.68853	291.064	0
0.04	0.000231891	0.2	6.09537	270.645	0
0.04	0.000231891	0.2	6.53131	270.693	0
0.04	0.000231891	0.2	6.99842	294.755	0
0.04	0.000231891	0.2	7.49894	339.209	0
0.04	0.000231891	0.2	8.03526	391.473	0
0.04	0.000231891	0.2	8.60994	432.277	0
0.04	0.000231891	0.2	9.22571	444.084	0
0.04	0.000231891	0.2	9.88553	419.022	0
0.04	0.000231891	0.2	10.5925	361.481	0
0.04	0.000231891	0.2	11.3501	294.089	0
0.04	0.000231891	0.2	12.1619	251.611	0
0.04	0.000231891	0.2	13.0317	252.639	0
0.04	0.000231891	0.2	13.9637	290.722	0
0.04	0.000231891	0.2	14.9624	344.729	0
0.04	0.000231891	0.2	16.0325	390.071	0
0.04	0.000231891	0.2	17.1791	423.306	0
0.04	0.000231891	0.2	18.4077	451.049	0
0.04	0.000231891	0.2	19.7242	460.73	0
0.04	0.000231891	0.2	21.1349	431.501	0
0.04	0.000231891	0.2	22.6464	382.605	0
0.04	0.000231891	0.2	24.2661	336.597	0
0.04	0.000231891	0.2	26.0016	330.519	0
0.04	0.000231891	0.2	27.8612	361.91	0
0.04	0.000231891	0.2	29.8538	401.538	0
0.04	0.000231891	0.2	31.989	413.884	0
0.04	0.000231891	0.2	34.2768	398.173	0
0.04	0.000231891	0.2	36.7282	380.578	0
0.04	0.000231891	0.2	39.355	350.998	0
0.04	0.000231891	0.2	42.1697	328.972	0
0.04	0.000231891	0.2	45.1856	325.051	0
0.04	0.000231891	0.2	48.4172	345.594	0
0.04	0.000231891	0.2	51.88	383.221	0
0.04	0.000231891	0.2	55.5904	394.464	0
0.04	0.000231891	0.2	59.5662	354.151	0
0.04	0.000231891	0.2	63.8263	319.331	0
0.04	0.000231891	0.2	68.3912	338.347	0
0.04	0.000231891	0.2	73.2825	374.355	0
0.04	0.000231891	0.2	78.5236	365.885	0
0.04	0.000231891	0.2	84.1395	327.988	0
0.04	0.000231891	0.2	90.1571	343.236	0
0.04	0.000231891	0.2	96.6051	351.668	0
0.04	0.000253358	0.2	0.103514	328.867	0
0.04	0.000253358	0.2	0.110917	328.779	0
0.04	0.000253358	0.2	0.11885	328.678	0
0.04	0.000253358	0.2	0.12735	328.562	0
0.04	0.000253358	0.2	0.136458	328.429	0
0.04	0.000253358	0.2	0.146218	328.277	0
0.04	0.000253358	0.2	0.156675	328.102	0
0.04	0.000253358	0.2	0.16788	327.902	0
0.04	0.000253358	0.2	0.179887	327.673	0
0.04	0.000253358	0.2	0.192752	327.411	0
0.04	0.000253358	0.2	0.206538	327.11	0
0.04	0.000253358	0.2	0.221309	326.766	0
0.04	0.000253358	0.2	0.237137	326.373	0
0.04	0.000253358	0.2	0.254097	325.924	0
0.04	0.000253358	0.2	0.27227	325.411	0
0.04	0.000253358	0.2	0.291743	324.825	0
0.04	0.000253358	0.2	0.312608	324.157	0
0.04	0.000253358	0.2	0.334965	323.396	0
0.04	0.000253358	0.2	0.358922	322.529	0
0.04	0.000253358	0.2	0.384592	321.545	0
0.04	0.000253358	0.2	0.412098	320.427	0
0.04	0.000253358	0.2	0.44157	319.16	0
0.04	0.000253358	0.2	0.473151	317.727	0
0.04	0.000253358	0.2	0.506991	316.108	0
0.04	0.000253358	0.2	0.54325	314.284	0
0.04	0.000253358	0.2	0.582103	312.235	0
0.04	0.000253358	0.2	0.623735	309.937	0
0.04	0.000253358	0.2	0.668344	307.369	0
0.04	0.000253358	0.2	0.716143	304.51	0
0.04	0.000253358	0.2	0.767361	301.339	0
0.04	0.000253358	0.2	0.822243	297.837	0
0.04	0.000253358	0.2	0.881049	293.991	0
0.04	0.000253358	0.2	0.944061	289.794	0
0.04	0.000253358	0.2	1.01158	285.247	0
0.04	0.000253358	0.2	1.08393	280.368	0
0.04	0.000253358	0.2	1.16145	275.194	0
0.04	0.000253358	0.2	1.24451	269.795	0
0.04	0.000253358	0.2	1.33352	264.277	0
0.04	0.000253358	0.2	1.42889	258.806	0
0.04	0.000253358	0.2	1.53109	253.617	0
0.04	0.000253358	0.2	1.64059	249.034	0
0.04	0.000253358	0.2	1.75792	245.493	0
0.04	0.000253358	0.2	1.88365	243.553	0
0.04	0.000253358	0.2	2.01837	243.908	0
0.04	0.000253358	0.2	2.16272	247.376	0
0.04	0.000253358	0.2	2.31739	254.85	0
0.04	0.000253358	0.2	2.48313	267.173	0
0.04	0.000253358	0.2	2.66073	284.912	0
0.04	0.000253358	0.2	2.85102	307.989	0
0.04	0.000253358	0.2	3.05492	335.247	0
0.04	0.000253358	0.2	3.27341	364.115	0
0.04	0.000253358	0.2	3.50752	390.65	0
0.04	0.000253358	0.2	3.75837	410.137	0
0.04	0.000253358	0.2	4.02717	418.191	0
0.04	0.000253358	0.2	4.31519	412.017	0
0.04	0.000253358	0.2	4.62381	391.488	0
0.04	0.000253358	0.2	4.9545	359.721	0
0.04	0.000253358	0.2	5.30884	322.971	0
0.04	0.000253358	0.2	5.68853	289.81	0
0.04	0.000253358	0.2	6.09537	269.456	0
0.04	0.000253358	0.2	6.53131	269.539	0
0.04	0.000253358	0.2	6.99842	293.576	0
0.04	0.000253358	0.2	7.49894	337.938	0
0.04	0.000253358	0.2	8.03526	390.065	0
0.04	0.000253358	0.2	8.60994	430.732	0
0.04	0.000253358	0.2	9.22571	442.464	0
0.04	0.000253358	0.2	9.88553	417.445	0
0.04	0.000253358	0.2	10.5925	360.078	0
0.04	0.000253358	0.2	11.3501	292.926	0
0.04	0.000253358	0.2	12.1619	250.629	0
0.04	0.000253358	0.2	13.0317	251.714	0
0.04	0.000253358	0.2	13.9637	289.736	0
0.04	0.000253358	0.2	14.9624	343.587	0
0.04	0.000253358	0.2	16.0325	388.73	0
0.04	0.000253358	0.2	17.1791	421.776	0
0.04	0.000253358	0.2	18.4077	449.389	0
0.04	0.000253358	0.2	19.7242	459.106	0
0.04	0.000253358	0.2	21.1349	430.119	0
0.04	0.000253358	0.2	22.6464	381.469	0
0.04	0.000253358	0.2	24.2661	335.518	0
0.04	0.000253358	0.2	26.0016	329.307	0
0.04	0.000253358	0.2	27.8612	360.576	0
0.04	0.000253358	0.2	29.8538	400.124	0
0.04	0.000253358	0.2	31.989	412.398	0
0.04	0.000253358	0.2	34.2768	396.8	0
0.04	0.000253358	0.2	36.7282	379.446	0
0.04	0.000253358	0.2	39.355	350.016	0
0.04	0.000253358	0.2	42.1697	328.103	0
0.04	0.000253358	0.2	45.1856	324.288	0
0.04	0.000253358	0.2	48.4172	344.665	0
0.04	0.000253358	0.2	51.88	382.05	0
0.04	0.000253358	0.2	55.5904	393.304	0
0.04	0.000253358	0.2	59.5662	353.197	0
0.04	0.000253358	0.2	63.8263	318.359	0
0.04	0.000253358	0.2	68.3912	337.287	0
0.04	0.000253358	0.2	73.2825	373.382	0
0.04	0.000253358	0.2	78.5236	364.891	0
0.04	0.000253358	0.2	84.1395	327.039	0
0.04	0.000253358	0.2	90.1571	342.272	0
0.04	0.000253358	0.2	96.6051	350.708	0
0.04	0.000276813	0.2	0.103514	328.853	0
0.04	0.000276813	0.2	0.110917	328.763	0
0.04	0.000276813	0.2	0.11885	328.659	0
0.04	0.000276813	0.2	0.12735	328.541	0
0.04	0.000276813	0.2	0.136458	328.405	0
0.04	0.000276813	0.2	0.146218	328.249	0
0.04	0.000276813	0.2	0.156675	328.07	0
0.04	0.000276813	0.2	0.16788	327.865	0
0.04	0.000276813	0.2	0.179887	327.631	0
0.04	0.000276813	0.2	0.192752	327.362	0
0.04	0.000276813	0.2	0.206538	327.055	0
0.04	0.000276813	0.2	0.221309	326.704	0
0.04	0.000276813	0.2	0.237137	326.302	0
0.04	0.000276813	0.2	0.254097	325.842	0
0.04	0.000276813	0.2	0.27227	325.318	0
0.04	0.000276813	0.2	0.291743	324.719	0
0.04	0.000276813	0.2	0.312608	324.037	0
0.04	0.000276813	0.2	0.334965	323.259	0
0.04	0.000276813	0.2	0.358922	322.375	0
0.04	0.000276813	0.2	0.384592	321.37	0
0.04	0.000276813	0.2	0.412098	320.23	0
0.04	0.000276813	0.2	0.44157	318.939	0
0.04	0.000276813	0.2	0.473151	317.478	0
0.04	0.000276813	0.2	0.506991	315.83	0
0.04	0.000276813	0.2	0.54325	313.974	0
0.04	0.000276813	0.2	0.582103	311.89	0
0.04	0.000276813	0.2	0.623735	309.556	0
0.04	0.000276813	0.2	0.668344	306.95	0
0.04	0.000276813	0.2	0.716143	304.051	0
0.04	0.000276813	0.2	0.767361	300.839	0
0.04	0.000276813	0.2	0.822243	297.297	0
0.04	0.000276813	0.2	0.881049	293.411	0
0.04	0.000276813	0.2	0.944061	289.175	0
0.04	0.000276813	0.2	1.01158	284.591	0
0.04	0.000276813	0.2	1.08393	279.679	0
0.04	0.000276813	0.2	1.16145	274.476	0
0.04	0.000276813	0.2	1.24451	269.052	0
0.04	0.000276813	0.2	1.33352	263.517	0
0.04	0.000276813	0.2	1.42889	258.033	0
0.04	0.000276813	0.2	1.53109	252.838	0
0.04	0.000276813	0.2	1.64059	248.256	0
0.04	0.000276813	0.2	1.75792	244.721	0
0.04	0.000276813	0.2	1.88365	242.789	0
0.04	0.000276813	0.2	2.01837	243.153	0
0.04	0.000276813	0.2	2.16272	246.625	0
0.04	0.000276813	0.2	2.31739	254.092	0
0.04	0.000276813	0.2	2.48313	266.394	0
0.04	0.000276813	0.2	2.66073	284.092	0
0.04	0.000276813	0.2	2.85102	307.105	0
0.04	0.000276813	0.2	3.05492	334.277	0
0.04	0.000276813	0.2	3.27341	363.04	0
0.04	0.000276813	0.2	3.50752	389.458	0
0.04	0.000276813	0.2	3.75837	408.833	0
0.04	0.000276813	0.2	4.02717	416.794	0
0.04	0.000276813	0.2	4.31519	410.556	0
0.04	0.000276813	0.2	4.62381	389.998	0
0.04	0.000276813	0.2	4.9545	358.24	0
0.04	0.000276813	0.2	5.30884	321.535	0
0.04	0.000276813	0.2	5.68853	288.444	0
0.04	0.000276813	0.2	6.09537	268.16	0
0.04	0.000276813	0.2	6.53131	268.28	0
0.04	0.000276813	0.2	6.99842	292.29	0
0.04	0.000276813	0.2	7.49894	336.554	0
0.04	0.000276813	0.2	8.03526	388.532	0
0.04	0.000276813	0.2	8.60994	429.047	0
0.04	0.000276813	0.2	9.22571	440.698	0
0.04	0.000276813	0.2	9.88553	415.726	0
0.04	0.000276813	0.2	10.5925	358.548	0
0.04	0.000276813	0.2	11.3501	291.658	0
0.04	0.000276813	0.2	12.1619	249.559	0
0.04	0.000276813	0.2	13.0317	250.706	0
0.04	0.000276813	0.2	13.9637	288.661	0
0.04	0.000276813	0.2	14.9624	342.343	0
0.04	0.000276813	0.2	16.0325	387.269	0
0.04	0.000276813	0.2	17.1791	420.109	0
0.04	0.000276813	0.2	18.4077	447.581	0
0.04	0.000276813	0.2	19.7242	457.338	0
0.04	0.000276813	0.2	21.1349	428.613	0
0.04	0.000276813	0.2	22.6464	380.232	0
0.04	0.000276813	0.2	24.2661	334.344	0
0.04	0.000276813	0.2	26.0016	327.987	0
0.04	0.000276813	0.2	27.8612	359.124	0
0.04	0.000276813	0.2	29.8538	398.586	0
0.04	0.000276813	0.2	31.989	410.78	0
0.04	0.000276813	0.2	34.2768	395.305	0
0.04	0.000276813	0.2	36.7282	378.215	0
0.04	0.000276813	0.2	39.355	348.948	0
0.04	0.000276813	0.2	42.1697	327.157	0
0.04	0.000276813	0.2	45.1856	323.458	0
0.04	0.000276813	0.2	48.4172	343.653	0
0.04	0.000276813	0.2	51.88	380.774	0
0.04	0.000276813	0.2	55.5904	392.04	0
0.04	0.000276813	0.2	59.5662	352.157	0
0.04	0.000276813	0.2	63.8263	317.301	0
0.04	0.000276813	0.2	68.3912	336.134	0
0.04	0.000276813	0.2	73.2825	372.322	0
0.04	0.000276813	0.2	78.5236	363.808	0
0.04	0.000276813	0.2	84.1395	326.004	0
0.04	0.000276813	0.2	90.1571	341.222	0
0.04	0.000276813	0.2	96.6051	349.662	0
0.04	0.000302439	0.2	0.103514	328.838	0
0.04	0.000302439	0.2	0.110917	328.745	0
0.04	0.000302439	0.2	0.11885	328.639	0
0.04	0.000302439	0.2	0.12735	328.518	0
0.04	0.000302439	0.2	0.136458	328.378	0
0.04	0.000302439	0.2	0.146218	328.218	0
0.04	0.000302439	0.2	0.156675	328.035	0
0.04	0.000302439	0.2	0.16788	327.825	0
0.04	0.000302439	0.2	0.179887	327.585	0
0.04	0.000302439	0.2	0.192752	327.31	0
0.04	0.000302439	0.2	0.206538	326.995	0
0.04	0.000302439	0.2	0.221309	326.635	0
0.04	0.000302439	0.2	0.237137	326.223	0
0.04	0.000302439	0.2	0.254097	325.753	0
0.04	0.000302439	0.2	0.27227	325.216	0
0.04	0.000302439	0.2	0.291743	324.604	0
0.04	0.000302439	0.2	0.312608	323.905	0
0.04	0.000302439	0.2	0.334965	323.11	0
0.04	0.000302439	0.2	0.358922	322.206	0
0.04	0.000302439	0.2	0.384592	321.18	0
0.04	0.000302439	0.2	0.412098	320.015	0
0.04	0.000302439	0.2	0.44157	318.697	0
0.04	0.000302439	0.2	0.473151	317.207	0
0.04	0.000302439	0.2	0.506991	315.526	0
0.04	0.000302439	0.2	0.54325	313.636	0
0.04	0.000302439	0.2	0.582103	311.514	0
0.04	0.000302439	0.2	0.623735	309.14	0
0.04	0.000302439	0.2	0.668344	306.493	0
0.04	0.000302439	0.2	0.716143	303.55	0
0.04	0.000302439	0.2	0.767361	300.294	0
0.04	0.000302439	0.2	0.822243	296.708	0
0.04	0.000302439	0.2	0.881049	292.778	0
0.04	0.000302439	0.2	0.944061	288.499	0
0.04	0.000302439	0.2	1.01158	283.876	0
0.04	0.000302439	0.2	1.08393	278.927	0
0.04	0.000302439	0.2	1.16145	273.693	0
0.04	0.000302439	0.2	1.24451	268.243	0
0.04	0.000302439	0.2	1.33352	262.688	0
0.04	0.000302439	0.2	1.42889	257.191	0
0.04	0.000302439	0.2	1.53109	251.989	0
0.04	0.000302439	0.2	1.64059	247.408	0
0.04	0.000302439	0.2	1.75792	243.878	0
0.04	0.000302439	0.2	1.88365	241.956	0
0.04	0.000302439	0.2	2.01837	242.329	0
0.04	0.000302439	0.2	2.16272	245.805	0
0.04	0.000302439	0.2	2.31739	253.266	0
0.04	0.000302439	0.2	2.48313	265.546	0
0.04	0.000302439	0.2	2.66073	283.198	0
0.04	0.000302439	0.2	2.85102	306.142	0
0.04	0.000302439	0.2	3.05492	333.22	0
0.04	0.000302439	0.2	3.27341	361.868	0
0.04	0.000302439	0.2	3.50752	388.16	0
0.04	0.000302439	0.2	3.75837	407.413	0
0.04	0.000302439	0.2	4.02717	415.272	0
0.04	0.000302439	0.2	4.31519	408.964	0
0.04	0.000302439	0.2	4.62381	388.373	0
0.04	0.000302439	0.2	4.9545	356.626	0
0.04	0.000302439	0.2	5.30884	319.971	0
0.04	0.000302439	0.2	5.68853	286.954	0
0.04	0.000302439	0.2	6.09537	266.748	0
0.04	0.000302439	0.2	6.53131	266.908	0
0.04	0.000302439	0.2	6.99842	290.89	0
0.04	0.000302439	0.2	7.49894	335.045	0
0.04	0.000302439	0.2	8.03526	386.86	0
0.04	0.000302439	0.2	8.60994	427.212	0
0.04	0.000302439	0.2	9.22571	438.774	0
0.04	0.000302439	0.2	9.88553	413.854	0
0.04	0.000302439	0.2	10.5925	356.882	0
0.04	0.000302439	0.2	11.3501	290.277	0
0.04	0.000302439	0.2	12.1619	248.394	0
0.04	0.000302439	0.2	13.0317	249.61	0
0.04	0.000302439	0.2	13.9637	287.491	0
0.04	0.000302439	0.2	14.9624	340.988	0
0.04	0.000302439	0.2	16.0325	385.677	0
0.04	0.000302439	0.2	17.1791	418.292	0
0.04	0.000302439	0.2	18.4077	445.612	0
0.04	0.000302439	0.2	19.7242	455.412	0
0.04	0.000302439	0.2	21.1349	426.974	0
0.04	0.000302439	0.2	22.6464	378.886	0
0.04	0.000302439	0.2	24.2661	333.068	0
0.04	0.000302439	0.2	26.0016	326.551	0
0.04	0.000302439	0.2	27.8612	357.543	0
0.04	0.000302439	0.2	29.8538	396.912	0
0.04	0.000302439	0.2	31.989	409.017	0
0.04	0.000302439	0.2	34.2768	393.677	0
0.04	0.000302439	0.2	36.7282	376.875	0
0.04	0.000302439	0.2	39.355	347.784	0
0.04	0.000302439	0.2	42.1697	326.13	0
0.04	0.000302439	0.2	45.1856	322.556	0
0.04	0.000302439	0.2	48.4172	342.553	0
0.04	0.000302439	0.2	51.88	379.386	0
0.04	0.000302439	0.2	55.5904	390.663	0
0.04	0.000302439	0.2	59.5662	351.026	0
0.04	0.000302439	0.2	63.8263	316.149	0
0.04	0.000302439	0.2	68.3912	334.878	0
0.04	0.000302439	0.2	73.2825	371.167	0
0.04	0.000302439	0.2	78.5236	362.629	0
0.04	0.000302439	0.2	84.1395	324.877	0
0.04	0.000302439	0.2	90.1571	340.078	0
0.04	0.000302439	0.2	96.6051	348.523	0
0.04	0.000330437	0.2	0.103514	328.821	0
0.04	0.000330437	0.2	0.110917	328.726	0
0.04	0.000330437	0.2	0.11885	328.617	0
0.04	0.000330437	0.2	0.12735	328.492	0
0.04	0.000330437	0.2	0.136458	328.349	0
0.04	0.000330437	0.2	0.146218	328.185	0
0.04	0.000330437	0.2	0.156675	327.997	0
0.04	0.000330437	0.2	0.16788	327.782	0
0.04	0.000330437	0.2	0.179887	327.535	0
0.04	0.000330437	0.2	0.192752	327.253	0
0.04	0.000330437	0.2	0.206538	326.93	0
0.04	0.000330437	0.2	0.221309	326.56	0
0.04	0.000330437	0.2	0.237137	326.138	0
0.04	0.000330437	0.2	0.254097	325.656	0
0.04	0.000330437	0.2	0.27227	325.105	0
0.04	0.000330437	0.2	0.291743	324.477	0
0.04	0.000330437	0.2	0.312608	323.762	0
0.04	0.000330437	0.2	0.334965	322.948	0
0.04	0.000330437	0.2	0.358922	322.022	0
0.04	0.000330437	0.2	0.384592	320.971	0
0.04	0.000330437	0.2	0.412098	319.78	0
0.04	0.000330437	0.2	0.44157	318.432	0
0.04	0.000330437	0.2	0.473151	316.91	0
0.04	0.000330437	0.2	0.506991	315.194	0
0.04	0.000330437	0.2	0.54325	313.266	0
0.04	0.000330437	0.2	0.582103	311.103	0
0.04	0.000330437	0.2	0.623735	308.686	0
0.04	0.000330437	0.2	0.668344	305.993	0
0.04	0.000330437	0.2	0.716143	303.004	0
0.04	0.000330437	0.2	0.767361	299.7	0
0.04	0.000330437	0.2	0.822243	296.064	0
0.04	0.000330437	0.2	0.881049	292.087	0
0.04	0.000330437	0.2	0.944061	287.762	0
0.04	0.000330437	0.2	1.01158	283.096	0
0.04	0.000330437	0.2	1.08393	278.108	0
0.04	0.000330437	0.2	1.16145	272.839	0
0.04	0.000330437	0.2	1.24451	267.361	0
0.04	0.000330437	0.2	1.33352	261.784	0
0.04	0.000330437	0.2	1.42889	256.273	0
0.04	0.000330437	0.2	1.53109	251.064	0
0.04	0.000330437	0.2	1.64059	246.483	0
0.04	0.000330437	0.2	1.75792	242.96	0
0.04	0.000330437	0.2	1.88365	241.048	0
0.04	0.000330437	0.2	2.01837	241.431	0
0.04	0.000330437	0.2	2.16272	244.912	0
0.04	0.000330437	0.2	2.31739	252.366	0
0.04	0.000330437	0.2	2.48313	264.621	0
0.04	0.000330437	0.2	2.66073	282.225	0
0.04	0.000330437	0.2	2.85102	305.093	0
0.04	0.000330437	0.2	3.05492	332.068	0
0.04	0.000330437	0.2	3.27341	360.591	0
0.04	0.000330437	0.2	3.50752	386.745	0
0.04	0.000330437	0.2	3.75837	405.864	0
0.04	0.000330437	0.2	4.02717	413.613	0
0.04	0.000330437	0.2	4.31519	407.228	0
0.04	0.000330437	0.2	4.62381	386.603	0
0.04	0.000330437	0.2	4.9545	354.867	0
0.04	0.000330437	0.2	5.30884	318.266	0
0.04	0.000330437	0.2	5.68853	285.331	0
0.04	0.000330437	0.2	6.09537	265.209	0
0.04	0.000330437	0.2	6.53131	265.413	0
0.04	0.000330437	0.2	6.99842	289.363	0
0.04	0.000330437	0.2	7.49894	333.401	0
0.04	0.000330437	0.2	8.03526	385.04	0
0.04	0.000330437	0.2	8.60994	425.213	0
0.04	0.000330437	0.2	9.22571	436.678	0
0.04	0.000330437	0.2	9.88553	411.813	0
0.04	0.000330437	0.2	10.5925	355.068	0
0.04	0.000330437	0.2	11.3501	288.774	0
0.04	0.000330437	0.2	12.1619	247.126	0
0.04	0.000330437	0.2	13.0317	248.417	0
0.04	0.000330437	0.2	13.9637	286.219	0
0.04	0.000330437	0.2	14.9624	339.513	0
0.04	0.000330437	0.2	16.0325	383.944	0
0.04	0.000330437	0.2	17.1791	416.314	0
0.04	0.000330437	0.2	18.4077	443.468	0
0.04	0.000330437	0.2	19.7242	453.316	0
0.04	0.000330437	0.2	21.1349	425.189	0
0.04	0.000330437	0.2	22.6464	377.421	0
0.04	0.000330437	0.2	24.2661	331.68	0
0.04	0.000330437	0.2	26.0016	324.989	0
0.04	0.000330437	0.2	27.8612	355.823	0
0.04	0.000330437	0.2	29.8538	395.092	0
0.04	0.000330437	0.2	31.989	407.098	0
0.04	0.000330437	0.2	34.2768	391.906	0
0.04	0.000330437	0.2	36.7282	375.419	0
0.04	0.000330437	0.2	39.355	346.519	0
0.04	0.000330437	0.2	42.1697	325.014	0
0.04	0.000330437	0.2	45.1856	321.577	0
0.04	0.000330437	0.2	48.4172	341.355	0
0.04	0.000330437	0.2	51.88	377.876	0
0.04	0.000330437	0.2	55.5904	389.163	0
0.04	0.000330437	0.2	59.5662	349.796	0
0.04	0.000330437	0.2	63.8263	314.894	0
0.04	0.000330437	0.2	68.3912	333.511	0
0.04	0.000330437	0.2	73.2825	369.909	0
0.04	0.000330437	0.2	78.5236	361.346	0
0.04	0.000330437	0.2	84.1395	323.65	0
0.04	0.000330437	0.2	90.1571	338.832	0
0.04	0.000330437	0.2	96.6051	347.282	0
0.04	0.000361027	0.2	0.103514	328.802	0
0.04	0.000361027	0.2	0.110917	328.705	0
0.04	0.000361027	0.2	0.11885	328.593	0
0.04	0.000361027	0.2	0.12735	328.464	0
0.04	0.000361027	0.2	0.136458	328.317	0
0.04	0.000361027	0.2	0.146218	328.148	0
0.04	0.000361027	0.2	0.156675	327.955	0
0.04	0.000361027	0.2	0.16788	327.734	0
0.04	0.000361027	0.2	0.179887	327.48	0
0.04	0.000361027	0.2	0.192752	327.19	0
0.04	0.000361027	0.2	0.206538	326.858	0
0.04	0.000361027	0.2	0.221309	326.478	0
0.04	0.000361027	0.2	0.237137	326.045	0
0.04	0.000361027	0.2	0.254097	325.549	0
0.04	0.000361027	0.2	0.27227	324.984	0
0.04	0.000361027	0.2	0.291743	324.339	0
0.04	0.000361027	0.2	0.312608	323.605	0
0.04	0.000361027	0.2	0.334965	322.77	0
0.04	0.000361027	0.2	0.358922	321.821	0
0.04	0.000361027	0.2	0.384592	320.744	0
0.04	0.000361027	0.2	0.412098	319.524	0
0.04	0.000361027	0.2	0.44157	318.144	0
0.04	0.000361027	0.2	0.473151	316.586	0
0.04	0.000361027	0.2	0.506991	314.832	0
0.04	0.000361027	0.2	0.54325	312.862	0
0.04	0.000361027	0.2	0.582103	310.655	0
0.04	0.000361027	0.2	0.623735	308.191	0
0.04	0.000361027	0.2	0.668344	305.448	0
0.04	0.000361027	0.2	0.716143	302.407	0
0.04	0.000361027	0.2	0.767361	299.051	0
0.04	0.000361027	0.2	0.822243	295.363	0
0.04	0.000361027	0.2	0.881049	291.333	0
0.04	0.000361027	0.2	0.944061	286.958	0
0.04	0.000361027	0.2	1.01158	282.245	0
0.04	0.000361027	0.2	1.08393	277.214	0
0.04	0.000361027	0.2	1.16145	271.908	0
0.04	0.000361027	0.2	1.24451	266.399	0
0.04	0.000361027	0.2	1.33352	260.798	0
0.04	0.000361027	0.2	1.42889	255.272	0
0.04	0.000361027	0.2	1.53109	250.056	0
0.04	0.000361027	0.2	1.64059	245.476	0
0.04	0.000361027	0.2	1.75792	241.96	0
0.04	0.000361027	0.2	1.88365	240.059	0
0.04	0.000361027	0.2	2.01837	240.453	0
0.04	0.000361027	0.2	2.16272	243.939	0
0.04	0.000361027	0.2	2.31739	251.386	0
0.04	0.000361027	0.2	2.48313	263.613	0
0.04	0.000361027	0.2	2.66073	281.164	0
0.04	0.000361027	0.2	2.85102	303.949	0
0.04	0.000361027	0.2	3.05492	330.813	0
0.04	0.000361027	0.2	3.27341	359.199	0
0.04	0.000361027	0.2	3.50752	385.203	0
0.04	0.000361027	0.2	3.75837	404.177	0
0.04	0.000361027	0.2	4.02717	411.805	0
0.04	0.000361027	0.2	4.31519	405.337	0
0.04	0.000361027	0.2	4.62381	384.674	0
0.04	0.000361027	0.2	4.9545	352.952	0
0.04	0.000361027	0.2	5.30884	316.409	0
0.04	0.000361027	0.2	5.68853	283.564	0
0.04	0.000361027	0.2	6.09537	263.534	0
0.04	0.000361027	0.2	6.53131	263.785	0
0.04	0.000361027	0.2	6.99842	287.701	0
0.04	0.000361027	0.2	7.49894	331.611	0
0.04	0.000361027	0.2	8.03526	383.058	0
0.04	0.000361027	0.2	8.60994	423.036	0
0.04	0.000361027	0.2	9.22571	434.396	0
0.04	0.000361027	0.2	9.88553	409.591	0
0.04	0.000361027	0.2	10.5925	353.092	0
0.04	0.000361027	0.2	11.3501	287.138	0
0.04	0.000361027	0.2	12.1619	245.747	0
0.04	0.000361027	0.2	13.0317	247.119	0
0.04	0.000361027	0.2	13.9637	284.835	0
0.04	0.000361027	0.2	14.9624	337.908	0
0.04	0.000361027	0.2	16.0325	382.056	0
0.04	0.000361027	0.2	17.1791	414.16	0
0.04	0.000361027	0.2	18.4077	441.135	0
0.04	0.000361027	0.2	19.7242	451.035	0
0.04	0.000361027	0.2	21.1349	423.246	0
0.04	0.000361027	0.2	22.6464	375.828	0
0.04	0.000361027	0.2	24.2661	330.172	0
0.04	0.000361027	0.2	26.0016	323.29	0
0.04	0.000361027	0.2	27.8612	353.952	0
0.04	0.000361027	0.2	29.8538	393.115	0
0.04	0.000361027	0.2	31.989	405.01	0
0.04	0.000361027	0.2	34.2768	389.979	0
0.04	0.000361027	0.2	36.7282	373.836	0
0.04	0.000361027	0.2	39.355	345.142	0
0.04	0.000361027	0.2	42.1697	323.803	0
0.04	0.000361027	0.2	45.1856	320.513	0
0.04	0.000361027	0.2	48.4172	340.052	0
0.04	0.000361027	0.2	51.88	376.235	0
0.04	0.000361027	0.2	55.5904	387.531	0
0.04	0.000361027	0.2	59.5662	348.458	0
0.04	0.000361027	0.2	63.8263	313.528	0
0.04	0.000361027	0.2	68.3912	332.024	0
0.04	0.000361027	0.2	73.2825	368.539	0
0.04	0.000361027	0.2	78.5236	359.948	0
0.04	0.000361027	0.2	84.1395	322.313	0
0.04	0.000361027	0.2	90.1571	337.474	0
0.04	0.000361027	0.2	96.6051	345.931	0
0.04	0.000394448	0.2	0.103514	328.782	0
0.04	0.000394448	0.2	0.110917	328.681	0
0.04	0.000394448	0.2	0.11885	328.566	0
0.04	0.000394448	0.2	0.12735	328.434	0
0.04	0.000394448	0.2	0.136458	328.282	0
0.04	0.000394448	0.2	0.146218	328.108	0
0.04	0.000394448	0.2	0.156675	327.909	0
0.04	0.000394448	0.2	0.16788	327.681	0
0.04	0.000394448	0.2	0.179887	327.42	0
0.04	0.000394448	0.2	0.192752	327.122	0
0.04	0.000394448	0.2	0.206538	326.78	0
0.04	0.000394448	0.2	0.221309	326.389	0
0.04	0.000394448	0.2	0.237137	325.943	0
0.04	0.000394448	0.2	0.254097	325.433	0
0.04	0.000394448	0.2	0.27227	324.852	0
0.04	0.000394448	0.2	0.291743	324.189	0
0.04	0.000394448	0.2	0.312608	323.434	0
0.04	0.000394448	0.2	0.334965	322.576	0
0.04	0.000394448	0.2	0.358922	321.601	0
0.04	0.000394448	0.2	0.384592	320.495	0
0.04	0.000394448	0.2	0.412098	319.243	0
0.04	0.000394448	0.2	0.44157	317.828	0
0.04	0.000394448	0.2	0.473151	316.233	0
0.04	0.000394448	0.2	0.506991	314.437	0
0.04	0.000394448	0.2	0.54325	312.421	0
0.04	0.000394448	0.2	0.582103	310.166	0
0.04	0.000394448	0.2	0.623735	307.65	0
0.04	0.000394448	0.2	0.668344	304.853	0
0.04	0.000394448	0.2	0.716143	301.757	0
0.04	0.000394448	0.2	0.767361	298.342	0
0.04	0.000394448	0.2	0.822243	294.597	0
0.04	0.000394448	0.2	0.881049	290.511	0
0.04	0.000394448	0.2	0.944061	286.081	0
0.04	0.000394448	0.2	1.01158	281.317	0
0.04	0.000394448	0.2	1.08393	276.24	0
0.04	0.000394448	0.2	1.16145	270.893	0
0.04	0.000394448	0.2	1.24451	265.351	0
0.04	0.000394448	0.2	1.33352	259.724	0
0.04	0.000394448	0.2	1.42889	254.181	0
0.04	0.000394448	0.2	1.53109	248.958	0
0.04	0.000394448	0.2	1.64059	244.378	0
0.04	0.000394448	0.2	1.75792	240.87	0
0.04	0.000394448	0.2	1.88365	238.982	0
0.04	0.000394448	0.2	2.01837	239.388	0
0.04	0.000394448	0.2	2.16272	242.88	0
0.04	0.000394448	0.2	2.31739	250.319	0
0.04	0.000394448	0.2	2.48313	262.515	0
0.04	0.000394448	0.2	2.66073	280.008	0
0.04	0.000394448	0.2	2.85102	302.704	0
0.04	0.000394448	0.2	3.05492	329.446	0
0.04	0.000394448	0.2	3.27341	357.683	0
0.04	0.000394448	0.2	3.50752	383.523	0
0.04	0.000394448	0.2	3.75837	402.339	0
0.04	0.000394448	0.2	4.02717	409.836	0
0.04	0.000394448	0.2	4.31519	403.277	0
0.04	0.000394448	0.2	4.62381	382.573	0
0.04	0.000394448	0.2	4.9545	350.865	0
0.04	0.000394448	0.2	5.30884	314.386	0
0.04	0.000394448	0.2	5.68853	281.638	0
0.04	0.000394448	0.2	6.09537	261.709	0
0.04	0.000394448	0.2	6.53131	262.012	0
0.04	0.000394448	0.2	6.99842	285.891	0
0.04	0.000394448	0.2	7.49894	329.662	0
0.04	0.000394448	0.2	8.03526	380.899	0
0.04	0.000394448	0.2	8.60994	420.666	0
0.04	0.000394448	0.2	9.22571	431.911	0
0.04	0.000394448	0.2	9.88553	407.172	0
0.04	0.000394448	0.2	10.5925	350.941	0
0.04	0.000394448	0.2	11.3501	285.358	0
0.04	0.000394448	0.2	12.1619	244.247	0
0.04	0.000394448	0.2	13.0317	245.709	0
0.04	0.000394448	0.2	13.9637	283.33	0
0.04	0.000394448	0.2	14.9624	336.162	0
0.04	0.000394448	0.2	16.0325	380.002	0
0.04	0.000394448	0.2	17.1791	411.816	0
0.04	0.000394448	0.2	18.4077	438.597	0
0.04	0.000394448	0.2	19.7242	448.554	0
0.04	0.000394448	0.2	21.1349	421.132	0
0.04	0.000394448	0.2	22.6464	374.096	0
0.04	0.000394448	0.2	24.2661	328.535	0
0.04	0.000394448	0.2	26.0016	321.443	0
0.04	0.000394448	0.2	27.8612	351.918	0
0.04	0.000394448	0.2	29.8538	390.966	0
0.04	0.000394448	0.2	31.989	402.738	0
0.04	0.000394448	0.2	34.2768	387.884	0
0.04	0.000394448	0.2	36.7282	372.118	0
0.04	0.000394448	0.2	39.355	343.646	0
0.04	0.000394448	0.2	42.1697	322.489	0
0.04	0.000394448	0.2	45.1856	319.358	0
0.04	0.000394448	0.2	48.4172	338.637	0
0.04	0.000394448	0.2	51.88	374.45	0
0.04	0.000394448	0.2	55.5904	385.754	0
0.04	0.000394448	0.2	59.5662	347.003	0
0.04	0.000394448	0.2	63.8263	312.043	0
0.04	0.000394448	0.2	68.3912	330.407	0
0.04	0.000394448	0.2	73.2825	367.048	0
0.04	0.000394448	0.2	78.5236	358.428	0
0.04	0.000394448	0.2	84.1395	320.858	0
0.04	0.000394448	0.2	90.1571	335.997	0
0.04	0.000394448	0.2	96.6051	344.46	0
0.04	0.000430964	0.2	0.103514	328.76	0
0.04	0.000430964	0.2	0.110917	328.656	0
0.04	0.000430964	0.2	0.11885	328.537	0
0.04	0.000430964	0.2	0.12735	328.401	0
0.04	0.000430964	0.2	0.136458	328.244	0
0.04	0.000430964	0.2	0.146218	328.065	0
0.04	0.000430964	0.2	0.156675	327.859	0
0.04	0.000430964	0.2	0.16788	327.624	0
0.04	0.000430964	0.2	0.179887	327.355	0
0.04	0.000430964	0.2	0.192752	327.047	0
0.04	0.000430964	0.2	0.206538	326.694	0
0.04	0.000430964	0.2	0.221309	326.292	0
0.04	0.000430964	0.2	0.237137	325.831	0
0.04	0.000430964	0.2	0.254097	325.306	0
0.04	0.000430964	0.2	0.27227	324.707	0
0.04	0.000430964	0.2	0.291743	324.024	0
0.04	0.000430964	0.2	0.312608	323.247	0
0.04	0.000430964	0.2	0.334965	322.364	0
0.04	0.000430964	0.2	0.358922	321.361	0
0.04	0.000430964	0.2	0.384592	320.224	0
0.04	0.000430964	0.2	0.412098	318.937	0
0.04	0.000430964	0.2	0.44157	317.484	0
0.04	0.000430964	0.2	0.473151	315.846	0
0.04	0.000430964	0.2	0.506991	314.005	0
0.04	0.000430964	0.2	0.54325	311.94	0
0.04	0.000430964	0.2	0.582103	309.632	0
0.04	0.000430964	0.2	0.623735	307.06	0
0.04	0.000430964	0.2	0.668344	304.204	0
0.04	0.000430964	0.2	0.716143	301.046	0
0.04	0.000430964	0.2	0.767361	297.57	0
0.04	0.000430964	0.2	0.822243	293.762	0
0.04	0.000430964	0.2	0.881049	289.614	0
0.04	0.000430964	0.2	0.944061	285.126	0
0.04	0.000430964	0.2	1.01158	280.305	0
0.04	0.000430964	0.2	1.08393	275.178	0
0.04	0.000430964	0.2	1.16145	269.787	0
0.04	0.000430964	0.2	1.24451	264.208	0
0.04	0.000430964	0.2	1.33352	258.555	0
0.04	0.000430964	0.2	1.42889	252.994	0
0.04	0.000430964	0.2	1.53109	247.762	0
0.04	0.000430964	0.2	1.64059	243.183	0
0.04	0.000430964	0.2	1.75792	239.683	0
0.04	0.000430964	0.2	1.88365	237.809	0
0.04	0.000430964	0.2	2.01837	238.228	0
0.04	0.000430964	0.2	2.16272	241.727	0
0.04	0.000430964	0.2	2.31739	249.156	0
0.04	0.000430964	0.2	2.48313	261.321	0
0.04	0.000430964	0.2	2.66073	278.751	0
0.04	0.000430964	0.2	2.85102	301.349	0
0.04	0.000430964	0.2	3.05492	327.958	0
0.04	0.000430964	0.2	3.27341	356.032	0
0.04	0.000430964	0.2	3.50752	381.694	0
0.04	0.000430964	0.2	3.75837	400.337	0
0.04	0.000430964	0.2	4.02717	407.691	0
0.04	0.000430964	0.2	4.31519	401.034	0
0.04	0.000430964	0.2	4.62381	380.286	0
0.04	0.000430964	0.2	4.9545	348.593	0
0.04	0.000430964	0.2	5.30884	312.185	0
0.04	0.000430964	0.2	5.68853	279.543	0
0.04	0.000430964	0.2	6.09537	259.722	0
0.04	0.000430964	0.2	6.53131	260.082	0
0.04	0.000430964	0.2	6.99842	283.921	0
0.04	0.000430964	0.2	7.49894	327.541	0
0.04	0.000430964	0.2	8.03526	378.551	0
0.04	0.000430964	0.2	8.60994	418.087	0
0.04	0.000430964	0.2	9.22571	429.207	0
0.04	0.000430964	0.2	9.88553	404.54	0
0.04	0.000430964	0.2	10.5925	348.601	0
0.04	0.000430964	0.2	11.3501	283.422	0
0.04	0.000430964	0.2	12.1619	242.617	0
0.04	0.000430964	0.2	13.0317	244.177	0
0.04	0.000430964	0.2	13.9637	281.695	0
0.04	0.000430964	0.2	14.9624	334.263	0
0.04	0.000430964	0.2	16.0325	377.767	0
0.04	0.000430964	0.2	17.1791	409.265	0
0.04	0.000430964	0.2	18.4077	435.837	0
0.04	0.000430964	0.2	19.7242	445.856	0
0.04	0.000430964	0.2	21.1349	418.834	0
0.04	0.000430964	0.2	22.6464	372.215	0
0.04	0.000430964	0.2	24.2661	326.758	0
0.04	0.000430964	0.2	26.0016	319.436	0
0.04	0.000430964	0.2	27.8612	349.708	0
0.04	0.000430964	0.2	29.8538	388.633	0
0.04	0.000430964	0.2	31.989	400.268	0
0.04	0.000430964	0.2	34.2768	385.607	0
0.04	0.000430964	0.2	36.7282	370.252	0
0.04	0.000430964	0.2	39.355	342.02	0
0.04	0.000430964	0.2	42.1697	321.065	0
0.04	0.000430964	0.2	45.1856	318.107	0
0.04	0.000430964	0.2	48.4172	337.099	0
0.04	0.000430964	0.2	51.88	372.512	0
0.04	0.000430964	0.2	55.5904	383.821	0
0.04	0.000430964	0.2	59.5662	345.423	0
0.04	0.000430964	0.2	63.8263	310.427	0
0.04	0.000430964	0.2	68.3912	328.65	0
0.04	0.000430964	0.2	73.2825	365.426	0
0.04	0.000430964	0.2	78.5236	356.775	0
0.04	0.000430964	0.2	84.1395	319.276	0
0.04	0.000430964	0.2	90.1571	334.389	0
0.04	0.000430964	0.2	96.6051	342.86	0
0.04	0.00047086	0.2	0.103514	328.736	0
0.04	0.00047086	0.2	0.110917	328.629	0
0.04	0.00047086	0.2	0.11885	328.505	0
0.04	0.00047086	0.2	0.12735	328.364	0
0.04	0.00047086	0.2	0.136458	328.202	0
0.04	0.00047086	0.2	0.146218	328.017	0
0.04	0.00047086	0.2	0.156675	327.805	0
0.04	0.00047086	0.2	0.16788	327.562	0
0.04	0.00047086	0.2	0.179887	327.283	0
0.04	0.00047086	0.2	0.192752	326.965	0
0.04	0.00047086	0.2	0.206538	326.601	0
0.04	0.00047086	0.2	0.221309	326.185	0
0.04	0.00047086	0.2	0.237137	325.71	0
0.04	0.00047086	0.2	0.254097	325.168	0
0.04	0.00047086	0.2	0.27227	324.549	0
0.04	0.00047086	0.2	0.291743	323.845	0
0.04	0.00047086	0.2	0.312608	323.043	0
0.04	0.00047086	0.2	0.334965	322.133	0
0.04	0.00047086	0.2	0.358922	321.099	0
0.04	0.00047086	0.2	0.384592	319.928	0
0.04	0.00047086	0.2	0.412098	318.603	0
0.04	0.00047086	0.2	0.44157	317.109	0
0.04	0.00047086	0.2	0.473151	315.425	0
0.04	0.00047086	0.2	0.506991	313.534	0
0.04	0.00047086	0.2	0.54325	311.415	0
0.04	0.00047086	0.2	0.582103	309.049	0
0.04	0.00047086	0.2	0.623735	306.416	0
0.04	0.00047086	0.2	0.668344	303.496	0
0.04	0.00047086	0.2	0.716143	300.272	0
0.04	0.00047086	0.2	0.767361	296.728	0
0.04	0.00047086	0.2	0.822243	292.851	0
0.04	0.00047086	0.2	0.881049	288.637	0
0.04	0.00047086	0.2	0.944061	284.083	0
0.04	0.00047086	0.2	1.01158	279.203	0
0.04	0.00047086	0.2	1.08393	274.02	0
0.04	0.00047086	0.2	1.16145	268.582	0
0.04	0.00047086	0.2	1.24451	262.964	0
0.04	0.00047086	0.2	1.33352	257.281	0
0.04	0.00047086	0.2	1.42889	251.7	0
0.04	0.00047086	0.2	1.53109	246.459	0
0.04	0.00047086	0.2	1.64059	241.882	0
0.04	0.00047086	0.2	1.75792	238.392	0
0.04	0.00047086	0.2	1.88365	236.532	0
0.04	0.00047086	0.2	2.01837	236.966	0
0.04	0.00047086	0.2	2.16272	240.471	0
0.04	0.00047086	0.2	2.31739	247.891	0
0.04	0.00047086	0.2	2.48313	260.02	0
0.04	0.00047086	0.2	2.66073	277.382	0
0.04	0.00047086	0.2	2.85102	299.873	0
0.04	0.00047086	0.2	3.05492	326.338	0
0.04	0.00047086	0.2	3.27341	354.236	0
0.04	0.00047086	0.2	3.50752	379.702	0
0.04	0.00047086	0.2	3.75837	398.158	0
0.04	0.00047086	0.2	4.02717	405.356	0
0.04	0.00047086	0.2	4.31519	398.592	0
0.04	0.00047086	0.2	4.62381	377.796	0
0.04	0.00047086	0.2	4.9545	346.12	0
0.04	0.00047086	0.2	5.30884	309.788	0
0.04	0.00047086	0.2	5.68853	277.262	0
0.04	0.00047086	0.2	6.09537	257.56	0
0.04	0.00047086	0.2	6.53131	257.982	0
0.04	0.00047086	0.2	6.99842	281.778	0
0.04	0.00047086	0.2	7.49894	325.233	0
0.04	0.00047086	0.2	8.03526	375.996	0
0.04	0.00047086	0.2	8.60994	415.281	0
0.04	0.00047086	0.2	9.22571	426.264	0
0.04	0.00047086	0.2	9.88553	401.675	0
0.04	0.00047086	0.2	10.5925	346.056	0
0.04	0.00047086	0.2	11.3501	281.317	0
0.04	0.00047086	0.2	12.1619	240.846	0
0.04	0.00047086	0.2	13.0317	242.513	0
0.04	0.00047086	0.2	13.9637	279.919	0
0.04	0.00047086	0.2	14.9624	332.2	0
0.04	0.00047086	0.2	16.0325	375.335	0
0.04	0.00047086	0.2	17.1791	406.492	0
0.04	0.00047086	0.2	18.4077	432.837	0
0.04	0.00047086	0.2	19.7242	442.925	0
0.04	0.00047086	0.2	21.1349	416.336	0
0.04	0.00047086	0.2	22.6464	370.171	0
0.04	0.00047086	0.2	24.2661	324.831	0
0.04	0.00047086	0.2	26.0016	317.258	0
0.04	0.00047086	0.2	27.8612	347.308	0
0.04	0.00047086	0.2	29.8538	386.103	0
0.04	0.00047086	0.2	31.989	397.583	0
0.04	0.00047086	0.2	34.2768	383.134	0
0.04	0.00047086	0.2	36.7282	368.228	0
0.04	0.00047086	0.2	39.355	340.255	0
0.04	0.00047086	0.2	42.1697	319.522	0
0.04	0.00047086	0.2	45.1856	316.75	0
0.04	0.00047086	0.2	48.4172	335.429	0
0.04	0.00047086	0.2	51.88	370.408	0
0.04	0.00047086	0.2	55.5904	381.719	0
0.04	0.00047086	0.2	59.5662	343.707	0
0.04	0.00047086	0.2	63.8263	308.67	0
0.04	0.00047086	0.2	68.3912	326.742	0
0.04	0.00047086	0.2	73.2825	363.661	0
0.04	0.00047086	0.2	78.5236	354.977	0
0.04	0.00047086	0.2	84.1395	317.554	0
0.04	0.00047086	0.2	90.1571	332.64	0
0.04	0.00047086	0.2	96.6051	341.119	0
0.04	0.00051445	0.2	0.103514	328.71	0
0.04	0.00051445	0.2	0.110917	328.598	0
0.04	0.00051445	0.2	0.11885	328.471	0
0.04	0.00051445	0.2	0.12735	328.325	0
0.04	0.00051445	0.2	0.136458	328.157	0
0.04	0.00051445	0.2	0.146218	327.965	0
0.04	0.00051445	0.2	0.156675	327.745	0
0.04	0.00051445	0.2	0.16788	327.493	0
0.04	0.00051445	0.2	0.179887	327.205	0
0.04	0.00051445	0.2	0.192752	326.876	0
0.04	0.00051445	0.2	0.206538	326.499	0
0.04	0.00051445	0.2	0.221309	326.069	0
0.04	0.00051445	0.2	0.237137	325.577	0
0.04	0.00051445	0.2	0.254097	325.016	0
0.04	0.00051445	0.2	0.27227	324.377	0
0.04	0.00051445	0.2	0.291743	323.649	0
0.04	0.00051445	0.2	0.312608	322.821	0
0.04	0.00051445	0.2	0.334965	321.88	0
0.04	0.00051445	0.2	0.358922	320.813	0
0.04	0.00051445	0.2	0.384592	319.604	0
0.04	0.00051445	0.2	0.412098	318.239	0
0.04	0.00051445	0.2	0.44157	316.698	0
0.04	0.00051445	0.2	0.473151	314.965	0
0.04	0.00051445	0.2	0.506991	313.019	0
0.04	0.00051445	0.2	0.54325	310.842	0
0.04	0.00051445	0.2	0.582103	308.413	0
0.04	0.00051445	0.2	0.623735	305.713	0
0.04	0.00051445	0.2	0.668344	302.724	0
0.04	0.00051445	0.2	0.716143	299.427	0
0.04	0.00051445	0.2	0.767361	295.809	0
0.04	0.00051445	0.2	0.822243	291.859	0
0.04	0.00051445	0.2	0.881049	287.571	0
0.04	0.00051445	0.2	0.944061	282.948	0
0.04	0.00051445	0.2	1.01158	278.002	0
0.04	0.00051445	0.2	1.08393	272.76	0
0.04	0.00051445	0.2	1.16145	267.27	0
0.04	0.00051445	0.2	1.24451	261.609	0
0.04	0.00051445	0.2	1.33352	255.893	0
0.04	0.00051445	0.2	1.42889	250.292	0
0.04	0.00051445	0.2	1.53109	245.042	0
0.04	0.00051445	0.2	1.64059	240.466	0
0.04	0.00051445	0.2	1.75792	236.986	0
0.04	0.00051445	0.2	1.88365	235.142	0
0.04	0.00051445	0.2	2.01837	235.592	0
0.04	0.00051445	0.2	2.16272	239.106	0
0.04	0.00051445	0.2	2.31739	246.515	0
0.04	0.00051445	0.2	2.48313	258.606	0
0.04	0.00051445	0.2	2.66073	275.892	0
0.04	0.00051445	0.2	2.85102	298.268	0
0.04	0.00051445	0.2	3.05492	324.575	0
0.04	0.00051445	0.2	3.27341	352.28	0
0.04	0.00051445	0.2	3.50752	377.535	0
0.04	0.00051445	0.2	3.75837	395.786	0
0.04	0.00051445	0.2	4.02717	402.814	0
0.04	0.00051445	0.2	4.31519	395.934	0
0.04	0.00051445	0.2	4.62381	375.086	0
0.04	0.00051445	0.2	4.9545	343.43	0
0.04	0.00051445	0.2	5.30884	307.181	0
0.04	0.00051445	0.2	5.68853	274.781	0
0.04	0.00051445	0.2	6.09537	255.208	0
0.04	0.00051445	0.2	6.53131	255.698	0
0.04	0.00051445	0.2	6.99842	279.447	0
0.04	0.00051445	0.2	7.49894	322.723	0
0.04	0.00051445	0.2	8.03526	373.218	0
0.04	0.00051445	0.2	8.60994	412.23	0
0.04	0.00051445	0.2	9.22571	423.064	0
0.04	0.00051445	0.2	9.88553	398.561	0
0.04	0.00051445	0.2	10.5925	343.289	0
0.04	0.00051445	0.2	11.3501	279.03	0
0.04	0.00051445	0.2	12.1619	238.923	0
0.04	0.00051445	0.2	13.0317	240.708	0
0.04	0.00051445	0.2	13.9637	277.992	0
0.04	0.00051445	0.2	14.9624	329.958	0
0.04	0.00051445	0.2	16.0325	372.692	0
0.04	0.00051445	0.2	17.1791	403.477	0
0.04	0.00051445	0.2	18.4077	429.578	0
0.04	0.00051445	0.2	19.7242	439.741	0
0.04	0.00051445	0.2	21.1349	413.622	0
0.04	0.00051445	0.2	22.6464	367.953	0
0.04	0.00051445	0.2	24.2661	322.743	0
0.04	0.00051445	0.2	26.0016	314.894	0
0.04	0.00051445	0.2	27.8612	344.703	0
0.04	0.00051445	0.2	29.8538	383.359	0
0.04	0.00051445	0.2	31.989	394.666	0
0.04	0.00051445	0.2	34.2768	380.448	0
0.04	0.00051445	0.2	36.7282	366.034	0
0.04	0.00051445	0.2	39.355	338.339	0
0.04	0.00051445	0.2	42.1697	317.853	0
0.04	0.00051445	0.2	45.1856	315.282	0
0.04	0.00051445	0.2	48.4172	333.618	0
0.04	0.00051445	0.2	51.88	368.125	0
0.04	0.00051445	0.2	55.5904	379.434	0
0.04	0.00051445	0.2	59.5662	341.846	0
0.04	0.00051445	0.2	63.8263	306.762	0
0.04	0.00051445	0.2	68.3912	324.67	0
0.04	0.00051445	0.2	73.2825	361.743	0
0.04	0.00051445	0.2	78.5236	353.024	0
0.04	0.00051445	0.2	84.1395	315.683	0
0.04	0.00051445	0.2	90.1571	330.737	0
0.04	0.00051445	0.2	96.6051	339.227	0
0.04	0.000562075	0.2	0.103514	328.681	0
0.04	0.000562075	0.2	0.110917	328.565	0
0.04	0.000562075	0.2	0.11885	328.433	0
0.04	0.000562075	0.2	0.12735	328.281	0
0.04	0.000562075	0.2	0.136458	328.107	0
0.04	0.000562075	0.2	0.146218	327.908	0
0.04	0.000562075	0.2	0.156675	327.68	0
0.04	0.000562075	0.2	0.16788	327.419	0
0.04	0.000562075	0.2	0.179887	327.12	0
0.04	0.000562075	0.2	0.192752	326.778	0
0.04	0.000562075	0.2	0.206538	326.388	0
0.04	0.000562075	0.2	0.221309	325.941	0
0.04	0.000562075	0.2	0.237137	325.432	0
0.04	0.000562075	0.2	0.254097	324.851	0
0.04	0.000562075	0.2	0.27227	324.188	0
0.04	0.000562075	0.2	0.291743	323.434	0
0.04	0.000562075	0.2	0.312608	322.577	0
0.04	0.000562075	0.2	0.334965	321.604	0
0.04	0.000562075	0.2	0.358922	320.5	0
0.04	0.000562075	0.2	0.384592	319.251	0
0.04	0.000562075	0.2	0.412098	317.841	0
0.04	0.000562075	0.2	0.44157	316.251	0
0.04	0.000562075	0.2	0.473151	314.463	0
0.04	0.000562075	0.2	0.506991	312.458	0
0.04	0.000562075	0.2	0.54325	310.217	0
0.04	0.000562075	0.2	0.582103	307.72	0
0.04	0.000562075	0.2	0.623735	304.947	0
0.04	0.000562075	0.2	0.668344	301.881	0
0.04	0.000562075	0.2	0.716143	298.505	0
0.04	0.000562075	0.2	0.767361	294.807	0
0.04	0.000562075	0.2	0.822243	290.776	0
0.04	0.000562075	0.2	0.881049	286.409	0
0.04	0.000562075	0.2	0.944061	281.71	0
0.04	0.000562075	0.2	1.01158	276.693	0
0.04	0.000562075	0.2	1.08393	271.386	0
0.04	0.000562075	0.2	1.16145	265.841	0
0.04	0.000562075	0.2	1.24451	260.134	0
0.04	0.000562075	0.2	1.33352	254.383	0
0.04	0.000562075	0.2	1.42889	248.759	0
0.04	0.000562075	0.2	1.53109	243.499	0
0.04	0.000562075	0.2	1.64059	238.925	0
0.04	0.000562075	0.2	1.75792	235.457	0
0.04	0.000562075	0.2	1.88365	233.631	0
0.04	0.000562075	0.2	2.01837	234.099	0
0.04	0.000562075	0.2	2.16272	237.62	0
0.04	0.000562075	0.2	2.31739	245.019	0
0.04	0.000562075	0.2	2.48313	257.068	0
0.04	0.000562075	0.2	2.66073	274.273	0
0.04	0.000562075	0.2	2.85102	296.522	0
0.04	0.000562075	0.2	3.05492	322.658	0
0.04	0.000562075	0.2	3.27341	350.154	0
0.04	0.000562075	0.2	3.50752	375.178	0
0.04	0.000562075	0.2	3.75837	393.206	0
0.04	0.000562075	0.2	4.02717	400.05	0
0.04	0.000562075	0.2	4.31519	393.043	0
0.04	0.000562075	0.2	4.62381	372.139	0
0.04	0.000562075	0.2	4.9545	340.504	0
0.04	0.000562075	0.2	5.30884	304.347	0
0.04	0.000562075	0.2	5.68853	272.084	0
0.04	0.000562075	0.2	6.09537	252.651	0
0.04	0.000562075	0.2	6.53131	253.215	0
0.04	0.000562075	0.2	6.99842	276.912	0
0.04	0.000562075	0.2	7.49894	319.995	0
0.04	0.000562075	0.2	8.03526	370.198	0
0.04	0.000562075	0.2	8.60994	408.914	0
0.04	0.000562075	0.2	9.22571	419.586	0
0.04	0.000562075	0.2	9.88553	395.175	0
0.04	0.000562075	0.2	10.5925	340.282	0
0.04	0.000562075	0.2	11.3501	276.547	0
0.04	0.000562075	0.2	12.1619	236.837	0
0.04	0.000562075	0.2	13.0317	238.75	0
0.04	0.000562075	0.2	13.9637	275.901	0
0.04	0.000562075	0.2	14.9624	327.524	0
0.04	0.000562075	0.2	16.0325	369.821	0
0.04	0.000562075	0.2	17.1791	400.201	0
0.04	0.000562075	0.2	18.4077	426.039	0
0.04	0.000562075	0.2	19.7242	436.285	0
0.04	0.000562075	0.2	21.1349	410.676	0
0.04	0.000562075	0.2	22.6464	365.547	0
0.04	0.000562075	0.2	24.2661	320.483	0
0.04	0.000562075	0.2	26.0016	312.331	0
0.04	0.000562075	0.2	27.8612	341.877	0
0.04	0.000562075	0.2	29.8538	380.386	0
0.04	0.000562075	0.2	31.989	391.499	0
0.04	0.000562075	0.2	34.2768	377.535	0
0.04	0.000562075	0.2	36.7282	363.658	0
0.04	0.000562075	0.2	39.355	336.261	0
0.04	0.000562075	0.2	42.1697	316.049	0
0.04	0.000562075	0.2	45.1856	313.693	0
0.04	0.000562075	0.2	48.4172	331.653	0
0.04	0.000562075	0.2	51.88	365.651	0
0.04	0.000562075	0.2	55.5904	376.952	0
0.04	0.000562075	0.2	59.5662	339.827	0
0.04	0.000562075	0.2	63.8263	304.69	0
0.04	0.000562075	0.2	68.3912	322.422	0
0.04	0.000562075	0.2	73.2825	359.659	0
0.04	0.000562075	0.2	78.5236	350.904	0
0.04	0.000562075	0.2	84.1395	313.65	0
0.04	0.000562075	0.2	90.1571	328.67	0
0.04	0.000562075	0.2	96.6051	337.172	0
0.04	0.000614108	0.2	0.103514	328.649	0
0.04	0.000614108	0.2	0.110917	328.529	0
0.04	0.000614108	0.2	0.11885	328.392	0
0.04	0.000614108	0.2	0.12735	328.234	0
0.04	0.000614108	0.2	0.136458	328.053	0
0.04	0.000614108	0.2	0.146218	327.846	0
0.04	0.000614108	0.2	0.156675	327.609	0
0.04	0.000614108	0.2	0.16788	327.338	0
0.04	0.000614108	0.2	0.179887	327.027	0
0.04	0.000614108	0.2	0.192752	326.672	0
0.04	0.000614108	0.2	0.206538	326.266	0
0.04	0.000614108	0.2	0.221309	325.802	0
0.04	0.000614108	0.2	0.237137	325.273	0
0.04	0.000614108	0.2	0.254097	324.67	0
0.04	0.000614108	0.2	0.27227	323.983	0
0.04	0.000614108	0.2	0.291743	323.2	0
0.04	0.000614108	0.2	0.312608	322.311	0
0.04	0.000614108	0.2	0.334965	321.302	0
0.04	0.000614108	0.2	0.358922	320.159	0
0.04	0.000614108	0.2	0.384592	318.866	0
0.04	0.000614108	0.2	0.412098	317.406	0
0.04	0.000614108	0.2	0.44157	315.762	0
0.04	0.000614108	0.2	0.473151	313.915	0
0.04	0.000614108	0.2	0.506991	311.845	0
0.04	0.000614108	0.2	0.54325	309.535	0
0.04	0.000614108	0.2	0.582103	306.963	0
0.04	0.000614108	0.2	0.623735	304.111	0
0.04	0.000614108	0.2	0.668344	300.962	0
0.04	0.000614108	0.2	0.716143	297.501	0
0.04	0.000614108	0.2	0.767361	293.715	0
0.04	0.000614108	0.2	0.822243	289.597	0
0.04	0.000614108	0.2	0.881049	285.144	0
0.04	0.000614108	0.2	0.944061	280.362	0
0.04	0.000614108	0.2	1.01158	275.267	0
0.04	0.000614108	0.2	1.08393	269.891	0
0.04	0.000614108	0.2	1.16145	264.285	0
0.04	0.000614108	0.2	1.24451	258.528	0
0.04	0.000614108	0.2	1.33352	252.74	0
0.04	0.000614108	0.2	1.42889	247.092	0
0.04	0.000614108	0.2	1.53109	241.822	0
0.04	0.000614108	0.2	1.64059	237.249	0
0.04	0.000614108	0.2	1.75792	233.795	0
0.04	0.000614108	0.2	1.88365	231.988	0
0.04	0.000614108	0.2	2.01837	232.475	0
0.04	0.000614108	0.2	2.16272	236.006	0
0.04	0.000614108	0.2	2.31739	243.392	0
0.04	0.000614108	0.2	2.48313	255.396	0
0.04	0.000614108	0.2	2.66073	272.512	0
0.04	0.000614108	0.2	2.85102	294.625	0
0.04	0.000614108	0.2	3.05492	320.574	0
0.04	0.000614108	0.2	3.27341	347.841	0
0.04	0.000614108	0.2	3.50752	372.614	0
0.04	0.000614108	0.2	3.75837	390.4	0
0.04	0.000614108	0.2	4.02717	397.043	0
0.04	0.000614108	0.2	4.31519	389.899	0
0.04	0.000614108	0.2	4.62381	368.934	0
0.04	0.000614108	0.2	4.9545	337.324	0
0.04	0.000614108	0.2	5.30884	301.266	0
0.04	0.000614108	0.2	5.68853	269.152	0
0.04	0.000614108	0.2	6.09537	249.872	0
0.04	0.000614108	0.2	6.53131	250.516	0
0.04	0.000614108	0.2	6.99842	274.158	0
0.04	0.000614108	0.2	7.49894	317.031	0
0.04	0.000614108	0.2	8.03526	366.918	0
0.04	0.000614108	0.2	8.60994	405.312	0
0.04	0.000614108	0.2	9.22571	415.807	0
0.04	0.000614108	0.2	9.88553	391.497	0
0.04	0.000614108	0.2	10.5925	337.016	0
0.04	0.000614108	0.2	11.3501	273.852	0
0.04	0.000614108	0.2	12.1619	234.575	0
0.04	0.000614108	0.2	13.0317	236.629	0
0.04	0.000614108	0.2	13.9637	273.635	0
0.04	0.000614108	0.2	14.9624	324.884	0
0.04	0.000614108	0.2	16.0325	366.702	0
0.04	0.000614108	0.2	17.1791	396.643	0
0.04	0.000614108	0.2	18.4077	422.2	0
0.04	0.000614108	0.2	19.7242	432.535	0
0.04	0.000614108	0.2	21.1349	407.478	0
0.04	0.000614108	0.2	22.6464	362.94	0
0.04	0.000614108	0.2	24.2661	318.037	0
0.04	0.000614108	0.2	26.0016	309.554	0
0.04	0.000614108	0.2	27.8612	338.814	0
0.04	0.000614108	0.2	29.8538	377.167	0
0.04	0.000614108	0.2	31.989	388.062	0
0.04	0.000614108	0.2	34.2768	374.377	0
0.04	0.000614108	0.2	36.7282	361.087	0
0.04	0.000614108	0.2	39.355	334.009	0
0.04	0.000614108	0.2	42.1697	314.101	0
0.04	0.000614108	0.2	45.1856	311.977	0
0.04	0.000614108	0.2	48.4172	329.525	0
0.04	0.000614108	0.2	51.88	362.97	0
0.04	0.000614108	0.2	55.5904	374.258	0
0.04	0.000614108	0.2	59.5662	337.64	0
0.04	0.000614108	0.2	63.8263	302.441	0
0.04	0.000614108	0.2	68.3912	319.984	0
0.04	0.000614108	0.2	73.2825	357.396	0
0.04	0.000614108	0.2	78.5236	348.602	0
0.04	0.000614108	0.2	84.1395	311.442	0
0.04	0.000614108	0.2	90.1571	326.424	0
0.04	0.000614108	0.2	96.6051	334.939	0
0.04	0.000670959	0.2	0.103514	328.615	0
0.04	0.000670959	0.2	0.110917	328.49	0
0.04	0.000670959	0.2	0.11885	328.347	0
0.04	0.000670959	0.2	0.12735	328.182	0
0.04	0.000670959	0.2	0.136458	327.994	0
0.04	0.000670959	0.2	0.146218	327.778	0
0.04	0.000670959	0.2	0.156675	327.531	0
0.04	0.000670959	0.2	0.16788	327.249	0
0.04	0.000670959	0.2	0.179887	326.925	0
0.04	0.000670959	0.2	0.192752	326.556	0
0.04	0.000670959	0.2	0.206538	326.133	0
0.04	0.000670959	0.2	0.221309	325.651	0
0.04	0.000670959	0.2	0.237137	325.1	0
0.04	0.000670959	0.2	0.254097	324.473	0
0.04	0.000670959	0.2	0.27227	323.758	0
0.04	0.000670959	0.2	0.291743	322.945	0
0.04	0.000670959	0.2	0.312608	322.021	0
0.04	0.000670959	0.2	0.334965	320.973	0
0.04	0.000670959	0.2	0.358922	319.786	0
0.04	0.000670959	0.2	0.384592	318.445	0
0.04	0.000670959	0.2	0.412098	316.931	0
0.04	0.000670959	0.2	0.44157	315.228	0
0.04	0.000670959	0.2	0.473151	313.317	0
0.04	0.000670959	0.2	0.506991	311.177	0
0.04	0.000670959	0.2	0.54325	308.79	0
0.04	0.000670959	0.2	0.582103	306.137	0
0.04	0.000670959	0.2	0.623735	303.199	0
0.04	0.000670959	0.2	0.668344	299.96	0
0.04	0.000670959	0.2	0.716143	296.406	0
0.04	0.000670959	0.2	0.767361	292.525	0
0.04	0.000670959	0.2	0.822243	288.312	0
0.04	0.000670959	0.2	0.881049	283.765	0
0.04	0.000670959	0.2	0.944061	278.894	0
0.04	0.000670959	0.2	1.01158	273.715	0
0.04	0.000670959	0.2	1.08393	268.263	0
0.04	0.000670959	0.2	1.16145	262.591	0
0.04	0.000670959	0.2	1.24451	256.781	0
0.04	0.000670959	0.2	1.33352	250.953	0
0.04	0.000670959	0.2	1.42889	245.279	0
0.04	0.000670959	0.2	1.53109	239.998	0
0.04	0.000670959	0.2	1.64059	235.428	0
0.04	0.000670959	0.2	1.75792	231.989	0
0.04	0.000670959	0.2	1.88365	230.203	0
0.04	0.000670959	0.2	2.01837	230.711	0
0.04	0.000670959	0.2	2.16272	234.252	0
0.04	0.000670959	0.2	2.31739	241.625	0
0.04	0.000670959	0.2	2.48313	253.579	0
0.04	0.000670959	0.2	2.66073	270.6	0
0.04	0.000670959	0.2	2.85102	292.563	0
0.04	0.000670959	0.2	3.05492	318.31	0
0.04	0.000670959	0.2	3.27341	345.328	0
0.04	0.000670959	0.2	3.50752	369.828	0
0.04	0.000670959	0.2	3.75837	387.35	0
0.04	0.000670959	0.2	4.02717	393.775	0
0.04	0.000670959	0.2	4.31519	386.482	0
0.04	0.000670959	0.2	4.62381	365.452	0
0.04	0.000670959	0.2	4.9545	333.868	0
0.04	0.000670959	0.2	5.30884	297.918	0
0.04	0.000670959	0.2	5.68853	265.967	0
0.04	0.000670959	0.2	6.09537	246.854	0
0.04	0.000670959	0.2	6.53131	247.584	0
0.04	0.000670959	0.2	6.99842	271.167	0
0.04	0.000670959	0.2	7.49894	313.813	0
0.04	0.000670959	0.2	8.03526	363.357	0
0.04	0.000670959	0.2	8.60994	401.401	0
0.04	0.000670959	0.2	9.22571	411.704	0
0.04	0.000670959	0.2	9.88553	387.503	0
0.04	0.000670959	0.2	10.5925	333.472	0
0.04	0.000670959	0.2	11.3501	270.929	0
0.04	0.000670959	0.2	12.1619	232.124	0
0.04	0.000670959	0.2	13.0317	234.332	0
0.04	0.000670959	0.2	13.9637	271.181	0
0.04	0.000670959	0.2	14.9624	322.021	0
0.04	0.000670959	0.2	16.0325	363.317	0
0.04	0.000670959	0.2	17.1791	392.782	0
0.04	0.000670959	0.2	18.4077	418.036	0
0.04	0.000670959	0.2	19.7242	428.471	0
0.04	0.000670959	0.2	21.1349	404.011	0
0.04	0.000670959	0.2	22.6464	360.116	0
0.04	0.000670959	0.2	24.2661	315.394	0
0.04	0.000670959	0.2	26.0016	306.547	0
0.04	0.000670959	0.2	27.8612	335.497	0
0.04	0.000670959	0.2	29.8538	373.687	0
0.04	0.000670959	0.2	31.989	384.336	0
0.04	0.000670959	0.2	34.2768	370.956	0
0.04	0.000670959	0.2	36.7282	358.307	0
0.04	0.000670959	0.2	39.355	331.57	0
0.04	0.000670959	0.2	42.1697	311.999	0
0.04	0.000670959	0.2	45.1856	310.124	0
0.04	0.000670959	0.2	48.4172	327.221	0
0.04	0.000670959	0.2	51.88	360.068	0
0.04	0.000670959	0.2	55.5904	371.333	0
0.04	0.000670959	0.2	59.5662	335.272	0
0.04	0.000670959	0.2	63.8263	300.003	0
0.04	0.000670959	0.2	68.3912	317.344	0
0.04	0.000670959	0.2	73.2825	354.939	0
0.04	0.000670959	0.2	78.5236	346.105	0
0.04	0.000670959	0.2	84.1395	309.045	0
0.04	0.000670959	0.2	90.1571	323.986	0
0.04	0.000670959	0.2	96.6051	332.517	0
0.04	0.000733073	0.2	0.103514	328.578	0
0.04	0.000733073	0.2	0.110917	328.447	0
0.04	0.000733073	0.2	0.11885	328.297	0
0.04	0.000733073	0.2	0.12735	328.126	0
0.04	0.000733073	0.2	0.136458	327.929	0
0.04	0.000733073	0.2	0.146218	327.704	0
0.04	0.000733073	0.2	0.156675	327.446	0
0.04	0.000733073	0.2	0.16788	327.152	0
0.04	0.000733073	0.2	0.179887	326.814	0
0.04	0.000733073	0.2	0.192752	326.429	0
0.04	0.000733073	0.2	0.206538	325.988	0
0.04	0.000733073	0.2	0.221309	325.485	0
0.04	0.000733073	0.2	0.237137	324.911	0
0.04	0.000733073	0.2	0.254097	324.257	0
0.04	0.000733073	0.2	0.27227	323.513	0
0.04	0.000733073	0.2	0.291743	322.666	0
0.04	0.000733073	0.2	0.312608	321.704	0
0.04	0.000733073	0.2	0.334965	320.614	0
0.04	0.000733073	0.2	0.358922	319.38	0
0.04	0.000733073	0.2	0.384592	317.985	0
0.04	0.000733073	0.2	0.412098	316.414	0
0.04	0.000733073	0.2	0.44157	314.646	0
0.04	0.000733073	0.2	0.473151	312.664	0
0.04	0.000733073	0.2	0.506991	310.448	0
0.04	0.000733073	0.2	0.54325	307.978	0
0.04	0.000733073	0.2	0.582103	305.236	0
0.04	0.000733073	0.2	0.623735	302.205	0
0.04	0.000733073	0.2	0.668344	298.868	0
0.04	0.000733073	0.2	0.716143	295.212	0
0.04	0.000733073	0.2	0.767361	291.228	0
0.04	0.000733073	0.2	0.822243	286.911	0
0.04	0.000733073	0.2	0.881049	282.264	0
0.04	0.000733073	0.2	0.944061	277.295	0
0.04	0.000733073	0.2	1.01158	272.026	0
0.04	0.000733073	0.2	1.08393	266.492	0
0.04	0.000733073	0.2	1.16145	260.75	0
0.04	0.000733073	0.2	1.24451	254.881	0
0.04	0.000733073	0.2	1.33352	249.01	0
0.04	0.000733073	0.2	1.42889	243.309	0
0.04	0.000733073	0.2	1.53109	238.016	0
0.04	0.000733073	0.2	1.64059	233.45	0
0.04	0.000733073	0.2	1.75792	230.026	0
0.04	0.000733073	0.2	1.88365	228.264	0
0.04	0.000733073	0.2	2.01837	228.795	0
0.04	0.000733073	0.2	2.16272	232.347	0
0.04	0.000733073	0.2	2.31739	239.706	0
0.04	0.000733073	0.2	2.48313	251.606	0
0.04	0.000733073	0.2	2.66073	268.523	0
0.04	0.000733073	0.2	2.85102	290.324	0
0.04	0.000733073	0.2	3.05492	315.85	0
0.04	0.000733073	0.2	3.27341	342.599	0
0.04	0.000733073	0.2	3.50752	366.801	0
0.04	0.000733073	0.2	3.75837	384.036	0
0.04	0.000733073	0.2	4.02717	390.224	0
0.04	0.000733073	0.2	4.31519	382.77	0
0.04	0.000733073	0.2	4.62381	361.669	0
0.04	0.000733073	0.2	4.9545	330.115	0
0.04	0.000733073	0.2	5.30884	294.284	0
0.04	0.000733073	0.2	5.68853	262.509	0
0.04	0.000733073	0.2	6.09537	243.577	0
0.04	0.000733073	0.2	6.53131	244.402	0
0.04	0.000733073	0.2	6.99842	267.921	0
0.04	0.000733073	0.2	7.49894	310.321	0
0.04	0.000733073	0.2	8.03526	359.494	0
0.04	0.000733073	0.2	8.60994	397.157	0
0.04	0.000733073	0.2	9.22571	407.251	0
0.04	0.000733073	0.2	9.88553	383.168	0
0.04	0.000733073	0.2	10.5925	329.627	0
0.04	0.000733073	0.2	11.3501	267.761	0
0.04	0.000733073	0.2	12.1619	229.472	0
0.04	0.000733073	0.2	13.0317	231.848	0
0.04	0.000733073	0.2	13.9637	268.526	0
0.04	0.000733073	0.2	14.9624	318.919	0
0.04	0.000733073	0.2	16.0325	359.645	0
0.04	0.000733073	0.2	17.1791	388.595	0
0.04	0.000733073	0.2	18.4077	413.525	0
0.04	0.000733073	0.2	19.7242	424.069	0
0.04	0.000733073	0.2	21.1349	400.255	0
0.04	0.000733073	0.2	22.6464	357.061	0
0.04	0.000733073	0.2	24.2661	312.542	0
0.04	0.000733073	0.2	26.0016	303.295	0
0.04	0.000733073	0.2	27.8612	331.908	0
0.04	0.000733073	0.2	29.8538	369.928	0
0.04	0.000733073	0.2	31.989	380.298	0
0.04	0.000733073	0.2	34.2768	367.253	0
0.04	0.000733073	0.2	36.7282	355.305	0
0.04	0.000733073	0.2	39.355	328.932	0
0.04	0.000733073	0.2	42.1697	309.736	0
0.04	0.000733073	0.2	45.1856	308.128	0
0.04	0.000733073	0.2	48.4172	324.729	0
0.04	0.000733073	0.2	51.88	356.93	0
0.04	0.000733073	0.2	55.5904	368.163	0
0.04	0.000733073	0.2	59.5662	332.711	0
0.04	0.000733073	0.2	63.8263	297.36	0
0.04	0.000733073	0.2	68.3912	314.485	0
0.04	0.000733073	0.2	73.2825	352.275	0
0.04	0.000733073	0.2	78.5236	343.4	0
0.04	0.000733073	0.2	84.1395	306.446	0
0.04	0.000733073	0.2	90.1571	321.34	0
0.04	0.000733073	0.2	96.6051	329.889	0
0.04	0.000800936	0.2	0.103514	328.537	0
0.04	0.000800936	0.2	0.110917	328.4	0
0.04	0.000800936	0.2	0.11885	328.243	0
0.04	0.000800936	0.2	0.12735	328.064	0
0.04	0.000800936	0.2	0.136458	327.858	0
0.04	0.000800936	0.2	0.146218	327.623	0
0.04	0.000800936	0.2	0.156675	327.354	0
0.04	0.000800936	0.2	0.16788	327.045	0
0.04	0.000800936	0.2	0.179887	326.693	0
0.04	0.000800936	0.2	0.192752	326.29	0
0.04	0.000800936	0.2	0.206538	325.829	0
0.04	0.000800936	0.2	0.221309	325.304	0
0.04	0.000800936	0.2	0.237137	324.705	0
0.04	0.000800936	0.2	0.254097	324.022	0
0.04	0.000800936	0.2	0.27227	323.245	0
0.04	0.000800936	0.2	0.291743	322.361	0
0.04	0.000800936	0.2	0.312608	321.358	0
0.04	0.000800936	0.2	0.334965	320.222	0
0.04	0.000800936	0.2	0.358922	318.936	0
0.04	0.000800936	0.2	0.384592	317.484	0
0.04	0.000800936	0.2	0.412098	315.848	0
0.04	0.000800936	0.2	0.44157	314.011	0
0.04	0.000800936	0.2	0.473151	311.952	0
0.04	0.000800936	0.2	0.506991	309.652	0
0.04	0.000800936	0.2	0.54325	307.092	0
0.04	0.000800936	0.2	0.582103	304.254	0
0.04	0.000800936	0.2	0.623735	301.121	0
0.04	0.000800936	0.2	0.668344	297.677	0
0.04	0.000800936	0.2	0.716143	293.911	0
0.04	0.000800936	0.2	0.767361	289.815	0
0.04	0.000800936	0.2	0.822243	285.387	0
0.04	0.000800936	0.2	0.881049	280.629	0
0.04	0.000800936	0.2	0.944061	275.555	0
0.04	0.000800936	0.2	1.01158	270.188	0
0.04	0.000800936	0.2	1.08393	264.566	0
0.04	0.000800936	0.2	1.16145	258.747	0
0.04	0.000800936	0.2	1.24451	252.817	0
0.04	0.000800936	0.2	1.33352	246.899	0
0.04	0.000800936	0.2	1.42889	241.168	0
0.04	0.000800936	0.2	1.53109	235.863	0
0.04	0.000800936	0.2	1.64059	231.302	0
0.04	0.000800936	0.2	1.75792	227.896	0
0.04	0.000800936	0.2	1.88365	226.16	0
0.04	0.000800936	0.2	2.01837	226.716	0
0.04	0.000800936	0.2	2.16272	230.28	0
0.04	0.000800936	0.2	2.31739	237.623	0
0.04	0.000800936	0.2	2.48313	249.466	0
0.04	0.000800936	0.2	2.66073	266.269	0
0.04	0.000800936	0.2	2.85102	287.894	0
0.04	0.000800936	0.2	3.05492	313.181	0
0.04	0.000800936	0.2	3.27341	339.636	0
0.04	0.000800936	0.2	3.50752	363.515	0
0.04	0.000800936	0.2	3.75837	380.438	0
0.04	0.000800936	0.2	4.02717	386.369	0
0.04	0.000800936	0.2	4.31519	378.74	0
0.04	0.000800936	0.2	4.62381	357.564	0
0.04	0.000800936	0.2	4.9545	326.043	0
0.04	0.000800936	0.2	5.30884	290.34	0
0.04	0.000800936	0.2	5.68853	258.758	0
0.04	0.000800936	0.2	6.09537	240.021	0
0.04	0.000800936	0.2	6.53131	240.95	0
0.04	0.000800936	0.2	6.99842	264.399	0
0.04	0.000800936	0.2	7.49894	306.533	0
0.04	0.000800936	0.2	8.03526	355.305	0
0.04	0.000800936	0.2	8.60994	392.556	0
0.04	0.000800936	0.2	9.22571	402.422	0
0.04	0.000800936	0.2	9.88553	378.469	0
0.04	0.000800936	0.2	10.5925	325.459	0
0.04	0.000800936	0.2	11.3501	264.331	0
0.04	0.000800936	0.2	12.1619	226.602	0
0.04	0.000800936	0.2	13.0317	229.163	0
0.04	0.000800936	0.2	13.9637	265.656	0
0.04	0.000800936	0.2	14.9624	315.562	0
0.04	0.000800936	0.2	16.0325	355.666	0
0.04	0.000800936	0.2	17.1791	384.058	0
0.04	0.000800936	0.2	18.4077	408.641	0
0.04	0.000800936	0.2	19.7242	419.304	0
0.04	0.000800936	0.2	21.1349	396.188	0
0.04	0.000800936	0.2	22.6464	353.759	0
0.04	0.000800936	0.2	24.2661	309.468	0
0.04	0.000800936	0.2	26.0016	299.782	0
0.04	0.000800936	0.2	27.8612	328.028	0
0.04	0.000800936	0.2	29.8538	365.871	0
0.04	0.000800936	0.2	31.989	375.927	0
0.04	0.000800936	0.2	34.2768	363.249	0
0.04	0.000800936	0.2	36.7282	352.067	0
0.04	0.000800936	0.2	39.355	326.081	0
0.04	0.000800936	0.2	42.1697	307.303	0
0.04	0.000800936	0.2	45.1856	305.979	0
0.04	0.000800936	0.2	48.4172	322.037	0
0.04	0.000800936	0.2	51.88	353.54	0
0.04	0.000800936	0.2	55.5904	364.727	0
0.04	0.000800936	0.2	59.5662	329.944	0
0.04	0.000800936	0.2	63.8263	294.498	0
0.04	0.000800936	0.2	68.3912	311.395	0
0.04	0.000800936	0.2	73.2825	349.386	0
0.04	0.000800936	0.2	78.5236	340.47	0
0.04	0.000800936	0.2	84.1395	303.629	0
0.04	0.000800936	0.2	90.1571	318.471	0
0.04	0.000800936	0.2	96.6051	327.041	0
0.04	0.000875083	0.2	0.103514	328.492	0
0.04	0.000875083	0.2	0.110917	328.349	0
0.04	0.000875083	0.2	0.11885	328.185	0
0.04	0.000875083	0.2	0.12735	327.997	0
0.04	0.000875083	0.2	0.136458	327.781	0
0.04	0.000875083	0.2	0.146218	327.535	0
0.04	0.000875083	0.2	0.156675	327.252	0
0.04	0.000875083	0.2	0.16788	326.929	0
0.04	0.000875083	0.2	0.179887	326.56	0
0.04	0.000875083	0.2	0.192752	326.138	0
0.04	0.000875083	0.2	0.206538	325.656	0
0.04	0.000875083	0.2	0.221309	325.106	0
0.04	0.000875083	0.2	0.237137	324.479	0
0.04	0.000875083	0.2	0.254097	323.765	0
0.04	0.000875083	0.2	0.27227	322.952	0
0.04	0.000875083	0.2	0.291743	322.028	0
0.04	0.000875083	0.2	0.312608	320.98	0
0.04	0.000875083	0.2	0.334965	319.793	0
0.04	0.000875083	0.2	0.358922	318.451	0
0.04	0.000875083	0.2	0.384592	316.936	0
0.04	0.000875083	0.2	0.412098	315.231	0
0.04	0.000875083	0.2	0.44157	313.317	0
0.04	0.000875083	0.2	0.473151	311.175	0
0.04	0.000875083	0.2	0.506991	308.784	0
0.04	0.000875083	0.2	0.54325	306.126	0
0.04	0.000875083	0.2	0.582103	303.184	0
0.04	0.000875083	0.2	0.623735	299.939	0
0.04	0.000875083	0.2	0.668344	296.38	0
0.04	0.000875083	0.2	0.716143	292.494	0
0.04	0.000875083	0.2	0.767361	288.277	0
0.04	0.000875083	0.2	0.822243	283.726	0
0.04	0.000875083	0.2	0.881049	278.85	0
0.04	0.000875083	0.2	0.944061	273.662	0
0.04	0.000875083	0.2	1.01158	268.189	0
0.04	0.000875083	0.2	1.08393	262.472	0
0.04	0.000875083	0.2	1.16145	256.57	0
0.04	0.000875083	0.2	1.24451	250.573	0
0.04	0.000875083	0.2	1.33352	244.606	0
0.04	0.000875083	0.2	1.42889	238.844	0
0.04	0.000875083	0.2	1.53109	233.527	0
0.04	0.000875083	0.2	1.64059	228.971	0
0.04	0.000875083	0.2	1.75792	225.585	0
0.04	0.000875083	0.2	1.88365	223.877	0
0.04	0.000875083	0.2	2.01837	224.46	0
0.04	0.000875083	0.2	2.16272	228.038	0
0.04	0.000875083	0.2	2.31739	235.365	0
0.04	0.000875083	0.2	2.48313	247.145	0
0.04	0.000875083	0.2	2.66073	263.825	0
0.04	0.000875083	0.2	2.85102	285.259	0
0.04	0.000875083	0.2	3.05492	310.286	0
0.04	0.000875083	0.2	3.27341	336.421	0
0.04	0.000875083	0.2	3.50752	359.949	0
0.04	0.000875083	0.2	3.75837	376.534	0
0.04	0.000875083	0.2	4.02717	382.185	0
0.04	0.000875083	0.2	4.31519	374.367	0
0.04	0.000875083	0.2	4.62381	353.11	0
0.04	0.000875083	0.2	4.9545	321.625	0
0.04	0.000875083	0.2	5.30884	286.064	0
0.04	0.000875083	0.2	5.68853	254.69	0
0.04	0.000875083	0.2	6.09537	236.167	0
0.04	0.000875083	0.2	6.53131	237.207	0
0.04	0.000875083	0.2	6.99842	260.583	0
0.04	0.000875083	0.2	7.49894	302.43	0
0.04	0.000875083	0.2	8.03526	350.766	0
0.04	0.000875083	0.2	8.60994	387.572	0
0.04	0.000875083	0.2	9.22571	397.19	0
0.04	0.000875083	0.2	9.88553	373.376	0
0.04	0.000875083	0.2	10.5925	320.946	0
0.04	0.000875083	0.2	11.3501	260.62	0
0.04	0.000875083	0.2	12.1619	223.503	0
0.04	0.000875083	0.2	13.0317	226.266	0
0.04	0.000875083	0.2	13.9637	262.557	0
0.04	0.000875083	0.2	14.9624	311.931	0
0.04	0.000875083	0.2	16.0325	351.356	0
0.04	0.000875083	0.2	17.1791	379.145	0
0.04	0.000875083	0.2	18.4077	403.359	0
0.04	0.000875083	0.2	19.7242	414.154	0
0.04	0.000875083	0.2	21.1349	391.789	0
0.04	0.000875083	0.2	22.6464	350.194	0
0.04	0.000875083	0.2	24.2661	306.158	0
0.04	0.000875083	0.2	26.0016	295.991	0
0.04	0.000875083	0.2	27.8612	323.839	0
0.04	0.000875083	0.2	29.8538	361.5	0
0.04	0.000875083	0.2	31.989	371.2	0
0.04	0.000875083	0.2	34.2768	358.924	0
0.04	0.000875083	0.2	36.7282	348.58	0
0.04	0.000875083	0.2	39.355	323.002	0
0.04	0.000875083	0.2	42.1697	304.691	0
0.04	0.000875083	0.2	45.1856	303.67	0
0.04	0.000875083	0.2	48.4172	319.132	0
0.04	0.000875083	0.2	51.88	349.884	0
0.04	0.000875083	0.2	55.5904	361.008	0
0.04	0.000875083	0.2	59.5662	326.957	0
0.04	0.000875083	0.2	63.8263	291.403	0
0.04	0.000875083	0.2	68.3912	308.056	0
0.04	0.000875083	0.2	73.2825	346.259	0
0.04	0.000875083	0.2	78.5236	337.3	0
0.04	0.000875083	0.2	84.1395	300.579	0
0.04	0.000875083	0.2	90.1571	315.364	0
0.04	0.000875083	0.2	96.6051	323.957	0
0.04	0.000956093	0.2	0.103514	328.443	0
0.04	0.000956093	0.2	0.110917	328.293	0
0.04	0.000956093	0.2	0.11885	328.12	0
0.04	0.000956093	0.2	0.12735	327.923	0
0.04	0.000956093	0.2	0.136458	327.697	0
0.04	0.000956093	0.2	0.146218	327.438	0
0.04	0.000956093	0.2	0.156675	327.142	0
0.04	0.000956093	0.2	0.16788	326.803	0
0.04	0.000956093	0.2	0.179887	326.415	0
0.04	0.000956093	0.2	0.192752	325.973	0
0.04	0.000956093	0.2	0.206538	325.467	0
0.04	0.000956093	0.2	0.221309	324.89	0
0.04	0.000956093	0.2	0.237137	324.233	0
0.04	0.000956093	0.2	0.254097	323.484	0
0.04	0.000956093	0.2	0.27227	322.632	0
0.04	0.000956093	0.2	0.291743	321.665	0
0.04	0.000956093	0.2	0.312608	320.568	0
0.04	0.000956093	0.2	0.334965	319.326	0
0.04	0.000956093	0.2	0.358922	317.922	0
0.04	0.000956093	0.2	0.384592	316.339	0
0.04	0.000956093	0.2	0.412098	314.558	0
0.04	0.000956093	0.2	0.44157	312.561	0
0.04	0.000956093	0.2	0.473151	310.327	0
0.04	0.000956093	0.2	0.506991	307.838	0
0.04	0.000956093	0.2	0.54325	305.073	0
0.04	0.000956093	0.2	0.582103	302.016	0
0.04	0.000956093	0.2	0.623735	298.652	0
0.04	0.000956093	0.2	0.668344	294.966	0
0.04	0.000956093	0.2	0.716143	290.951	0
0.04	0.000956093	0.2	0.767361	286.601	0
0.04	0.000956093	0.2	0.822243	281.92	0
0.04	0.000956093	0.2	0.881049	276.915	0
0.04	0.000956093	0.2	0.944061	271.604	0
0.04	0.000956093	0.2	1.01158	266.016	0
0.04	0.000956093	0.2	1.08393	260.196	0
0.04	0.000956093	0.2	1.16145	254.206	0
0.04	0.000956093	0.2	1.24451	248.138	0
0.04	0.000956093	0.2	1.33352	242.117	0
0.04	0.000956093	0.2	1.42889	236.323	0
0.04	0.000956093	0.2	1.53109	230.993	0
0.04	0.000956093	0.2	1.64059	226.443	0
0.04	0.000956093	0.2	1.75792	223.079	0
0.04	0.000956093	0.2	1.88365	221.403	0
0.04	0.000956093	0.2	2.01837	222.016	0
0.04	0.000956093	0.2	2.16272	225.609	0
0.04	0.000956093	0.2	2.31739	232.918	0
0.04	0.000956093	0.2	2.48313	244.63	0
0.04	0.000956093	0.2	2.66073	261.177	0
0.04	0.000956093	0.2	2.85102	282.403	0
0.04	0.000956093	0.2	3.05492	307.147	0
0.04	0.000956093	0.2	3.27341	332.936	0
0.04	0.000956093	0.2	3.50752	356.083	0
0.04	0.000956093	0.2	3.75837	372.3	0
0.04	0.000956093	0.2	4.02717	377.648	0
0.04	0.000956093	0.2	4.31519	369.625	0
0.04	0.000956093	0.2	4.62381	348.282	0
0.04	0.000956093	0.2	4.9545	316.839	0
0.04	0.000956093	0.2	5.30884	281.43	0
0.04	0.000956093	0.2	5.68853	250.284	0
0.04	0.000956093	0.2	6.09537	231.991	0
0.04	0.000956093	0.2	6.53131	233.154	0
0.04	0.000956093	0.2	6.99842	256.449	0
0.04	0.000956093	0.2	7.49894	297.986	0
0.04	0.000956093	0.2	8.03526	345.853	0
0.04	0.000956093	0.2	8.60994	382.176	0
0.04	0.000956093	0.2	9.22571	391.524	0
0.04	0.000956093	0.2	9.88553	367.862	0
0.04	0.000956093	0.2	10.5925	316.062	0
0.04	0.000956093	0.2	11.3501	256.609	0
0.04	0.000956093	0.2	12.1619	220.158	0
0.04	0.000956093	0.2	13.0317	223.142	0
0.04	0.000956093	0.2	13.9637	259.216	0
0.04	0.000956093	0.2	14.9624	308.009	0
0.04	0.000956093	0.2	16.0325	346.693	0
0.04	0.000956093	0.2	17.1791	373.829	0
0.04	0.000956093	0.2	18.4077	397.652	0
0.04	0.000956093	0.2	19.7242	408.591	0
0.04	0.000956093	0.2	21.1349	387.037	0
0.04	0.000956093	0.2	22.6464	346.35	0
0.04	0.000956093	0.2	24.2661	302.602	0
0.04	0.000956093	0.2	26.0016	291.905	0
0.04	0.000956093	0.2	27.8612	319.322	0
0.04	0.000956093	0.2	29.8538	356.797	0
0.04	0.000956093	0.2	31.989	366.093	0
0.04	0.000956093	0.2	34.2768	354.258	0
0.04	0.000956093	0.2	36.7282	344.83	0
0.04	0.000956093	0.2	39.355	319.684	0
0.04	0.000956093	0.2	42.1697	301.894	0
0.04	0.000956093	0.2	45.1856	301.194	0
0.04	0.000956093	0.2	48.4172	316.001	0
0.04	0.000956093	0.2	51.88	345.944	0
0.04	0.000956093	0.2	55.5904	356.985	0
0.04	0.000956093	0.2	59.5662	323.739	0
0.04	0.000956093	0.2	63.8263	288.058	0
0.04	0.000956093	0.2	68.3912	304.454	0
0.04	0.000956093	0.2	73.2825	342.875	0
0.04	0.000956093	0.2	78.5236	333.873	0
0.04	0.000956093	0.2	84.1395	297.279	0
0.04	0.000956093	0.2	90.1571	311.999	0
0.04	0.000956093	0.2	96.6051	320.62	0
0.04	0.0010446	0.2	0.103514	328.389	0
0.04	0.0010446	0.2	0.110917	328.231	0
0.04	0.0010446	0.2	0.11885	328.05	0
0.04	0.0010446	0.2	0.12735	327.842	0
0.04	0.0010446	0.2	0.136458	327.605	0
0.04	0.0010446	0.2	0.146218	327.332	0
0.04	0.0010446	0.2	0.156675	327.021	0
0.04	0.0010446	0.2	0.16788	326.665	0
0.04	0.0010446	0.2	0.179887	326.257	0
0.04	0.0010446	0.2	0.192752	325.792	0
0.04	0.0010446	0.2	0.206538	325.261	0
0.04	0.0010446	0.2	0.221309	324.655	0
0.04	0.0010446	0.2	0.237137	323.964	0
0.04	0.0010446	0.2	0.254097	323.178	0
0.04	0.0010446	0.2	0.27227	322.284	0
0.04	0.0010446	0.2	0.291743	321.268	0
0.04	0.0010446	0.2	0.312608	320.118	0
0.04	0.0010446	0.2	0.334965	318.815	0
0.04	0.0010446	0.2	0.358922	317.344	0
0.04	0.0010446	0.2	0.384592	315.687	0
0.04	0.0010446	0.2	0.412098	313.824	0
0.04	0.0010446	0.2	0.44157	311.736	0
0.04	0.0010446	0.2	0.473151	309.403	0
0.04	0.0010446	0.2	0.506991	306.806	0
0.04	0.0010446	0.2	0.54325	303.925	0
0.04	0.0010446	0.2	0.582103	300.745	0
0.04	0.0010446	0.2	0.623735	297.249	0
0.04	0.0010446	0.2	0.668344	293.427	0
0.04	0.0010446	0.2	0.716143	289.27	0
0.04	0.0010446	0.2	0.767361	284.778	0
0.04	0.0010446	0.2	0.822243	279.954	0
0.04	0.0010446	0.2	0.881049	274.81	0
0.04	0.0010446	0.2	0.944061	269.366	0
0.04	0.0010446	0.2	1.01158	263.655	0
0.04	0.0010446	0.2	1.08393	257.724	0
0.04	0.0010446	0.2	1.16145	251.64	0
0.04	0.0010446	0.2	1.24451	245.494	0
0.04	0.0010446	0.2	1.33352	239.418	0
0.04	0.0010446	0.2	1.42889	233.589	0
0.04	0.0010446	0.2	1.53109	228.246	0
0.04	0.0010446	0.2	1.64059	223.704	0
0.04	0.0010446	0.2	1.75792	220.365	0
0.04	0.0010446	0.2	1.88365	218.723	0
0.04	0.0010446	0.2	2.01837	219.37	0
0.04	0.0010446	0.2	2.16272	222.979	0
0.04	0.0010446	0.2	2.31739	230.269	0
0.04	0.0010446	0.2	2.48313	241.907	0
0.04	0.0010446	0.2	2.66073	258.31	0
0.04	0.0010446	0.2	2.85102	279.311	0
0.04	0.0010446	0.2	3.05492	303.749	0
0.04	0.0010446	0.2	3.27341	329.162	0
0.04	0.0010446	0.2	3.50752	351.894	0
0.04	0.0010446	0.2	3.75837	367.712	0
0.04	0.0010446	0.2	4.02717	372.732	0
0.04	0.0010446	0.2	4.31519	364.488	0
0.04	0.0010446	0.2	4.62381	343.052	0
0.04	0.0010446	0.2	4.9545	311.655	0
0.04	0.0010446	0.2	5.30884	276.414	0
0.04	0.0010446	0.2	5.68853	245.514	0
0.04	0.0010446	0.2	6.09537	227.471	0
0.04	0.0010446	0.2	6.53131	228.766	0
0.04	0.0010446	0.2	6.99842	251.977	0
0.04	0.0010446	0.2	7.49894	293.18	0
0.04	0.0010446	0.2	8.03526	340.541	0
0.04	0.0010446	0.2	8.60994	376.34	0
0.04	0.0010446	0.2	9.22571	385.396	0
0.04	0.0010446	0.2	9.88553	361.898	0
0.04	0.0010446	0.2	10.5925	310.782	0
0.04	0.0010446	0.2	11.3501	252.279	0
0.04	0.0010446	0.2	12.1619	216.554	0
0.04	0.0010446	0.2	13.0317	219.781	0
0.04	0.0010446	0.2	13.9637	255.617	0
0.04	0.0010446	0.2	14.9624	303.778	0
0.04	0.0010446	0.2	16.0325	341.654	0
0.04	0.0010446	0.2	17.1791	368.085	0
0.04	0.0010446	0.2	18.4077	391.493	0
0.04	0.0010446	0.2	19.7242	402.591	0
0.04	0.0010446	0.2	21.1349	381.909	0
0.04	0.0010446	0.2	22.6464	342.21	0
0.04	0.0010446	0.2	24.2661	298.787	0
0.04	0.0010446	0.2	26.0016	287.507	0
0.04	0.0010446	0.2	27.8612	314.457	0
0.04	0.0010446	0.2	29.8538	351.745	0
0.04	0.0010446	0.2	31.989	360.582	0
0.04	0.0010446	0.2	34.2768	349.231	0
0.04	0.0010446	0.2	36.7282	340.804	0
0.04	0.0010446	0.2	39.355	316.111	0
0.04	0.0010446	0.2	42.1697	298.903	0
0.04	0.0010446	0.2	45.1856	298.544	0
0.04	0.0010446	0.2	48.4172	312.632	0
0.04	0.0010446	0.2	51.88	341.706	0
0.04	0.0010446	0.2	55.5904	352.638	0
0.04	0.0010446	0.2	59.5662	320.275	0
0.04	0.0010446	0.2	63.8263	284.447	0
0.04	0.0010446	0.2	68.3912	300.573	0
0.04	0.0010446	0.2	73.2825	339.217	0
0.04	0.0010446	0.2	78.5236	330.175	0
0.04	0.0010446	0.2	84.1395	293.712	0
0.04	0.0010446	0.2	90.1571	308.361	0
0.04	0.0010446	0.2	96.6051	317.014	0
0.04	0.00114131	0.2	0.103514	328.331	0
0.04	0.00114131	0.2	0.110917	328.164	0
0.04	0.00114131	0.2	0.11885	327.973	0
0.04	0.00114131	0.2	0.12735	327.755	0
0.04	0.00114131	0.2	0.136458	327.504	0
0.04	0.00114131	0.2	0.146218	327.217	0
0.04	0.00114131	0.2	0.156675	326.889	0
0.04	0.00114131	0.2	0.16788	326.514	0
0.04	0.00114131	0.2	0.179887	326.084	0
0.04	0.00114131	0.2	0.192752	325.594	0
0.04	0.00114131	0.2	0.206538	325.035	0
0.04	0.00114131	0.2	0.221309	324.397	0
0.04	0.00114131	0.2	0.237137	323.67	0
0.04	0.00114131	0.2	0.254097	322.843	0
0.04	0.00114131	0.2	0.27227	321.903	0
0.04	0.00114131	0.2	0.291743	320.835	0
0.04	0.00114131	0.2	0.312608	319.626	0
0.04	0.00114131	0.2	0.334965	318.258	0
0.04	0.00114131	0.2	0.358922	316.714	0
0.04	0.00114131	0.2	0.384592	314.976	0
0.04	0.00114131	0.2	0.412098	313.023	0
0.04	0.00114131	0.2	0.44157	310.836	0
0.04	0.00114131	0.2	0.473151	308.395	0
0.04	0.00114131	0.2	0.506991	305.68	0
0.04	0.00114131	0.2	0.54325	302.674	0
0.04	0.00114131	0.2	0.582103	299.359	0
0.04	0.00114131	0.2	0.623735	295.721	0
0.04	0.00114131	0.2	0.668344	291.75	0
0.04	0.00114131	0.2	0.716143	287.442	0
0.04	0.00114131	0.2	0.767361	282.795	0
0.04	0.00114131	0.2	0.822243	277.817	0
0.04	0.00114131	0.2	0.881049	272.522	0
0.04	0.00114131	0.2	0.944061	266.935	0
0.04	0.00114131	0.2	1.01158	261.092	0
0.04	0.00114131	0.2	1.08393	255.042	0
0.04	0.00114131	0.2	1.16145	248.855	0
0.04	0.00114131	0.2	1.24451	242.628	0
0.04	0.00114131	0.2	1.33352	236.492	0
0.04	0.00114131	0.2	1.42889	230.626	0
0.04	0.00114131	0.2	1.53109	225.271	0
0.04	0.00114131	0.2	1.64059	220.739	0
0.04	0.00114131	0.2	1.75792	217.428	0
0.04	0.00114131	0.2	1.88365	215.824	0
0.04	0.00114131	0.2	2.01837	216.507	0
0.04	0.00114131	0.2	2.16272	220.133	0
0.04	0.00114131	0.2	2.31739	227.403	0
0.04	0.00114131	0.2	2.48313	238.962	0
0.04	0.00114131	0.2	2.66073	255.209	0
0.04	0.00114131	0.2	2.85102	275.966	0
0.04	0.00114131	0.2	3.05492	300.072	0
0.04	0.00114131	0.2	3.27341	325.077	0
0.04	0.00114131	0.2	3.50752	347.36	0
0.04	0.00114131	0.2	3.75837	362.745	0
0.04	0.00114131	0.2	4.02717	367.409	0
0.04	0.00114131	0.2	4.31519	358.927	0
0.04	0.00114131	0.2	4.62381	337.392	0
0.04	0.00114131	0.2	4.9545	306.047	0
0.04	0.00114131	0.2	5.30884	270.989	0
0.04	0.00114131	0.2	5.68853	240.356	0
0.04	0.00114131	0.2	6.09537	222.584	0
0.04	0.00114131	0.2	6.53131	224.023	0
0.04	0.00114131	0.2	6.99842	247.143	0
0.04	0.00114131	0.2	7.49894	287.986	0
0.04	0.00114131	0.2	8.03526	334.801	0
0.04	0.00114131	0.2	8.60994	370.036	0
0.04	0.00114131	0.2	9.22571	378.774	0
0.04	0.00114131	0.2	9.88553	355.453	0
0.04	0.00114131	0.2	10.5925	305.082	0
0.04	0.00114131	0.2	11.3501	247.611	0
0.04	0.00114131	0.2	12.1619	212.675	0
0.04	0.00114131	0.2	13.0317	216.169	0
0.04	0.00114131	0.2	13.9637	251.749	0
0.04	0.00114131	0.2	14.9624	299.218	0
0.04	0.00114131	0.2	16.0325	336.212	0
0.04	0.00114131	0.2	17.1791	361.885	0
0.04	0.00114131	0.2	18.4077	384.856	0
0.04	0.00114131	0.2	19.7242	396.128	0
0.04	0.00114131	0.2	21.1349	376.382	0
0.04	0.00114131	0.2	22.6464	337.761	0
0.04	0.00114131	0.2	24.2661	294.703	0
0.04	0.00114131	0.2	26.0016	282.783	0
0.04	0.00114131	0.2	27.8612	309.227	0
0.04	0.00114131	0.2	29.8538	346.329	0
0.04	0.00114131	0.2	31.989	354.642	0
0.04	0.00114131	0.2	34.2768	343.823	0
0.04	0.00114131	0.2	36.7282	336.491	0
0.04	0.00114131	0.2	39.355	312.271	0
0.04	0.00114131	0.2	42.1697	295.716	0
0.04	0.00114131	0.2	45.1856	295.714	0
0.04	0.00114131	0.2	48.4172	309.013	0
0.04	0.00114131	0.2	51.88	337.155	0
0.04	0.00114131	0.2	55.5904	347.948	0
0.04	0.00114131	0.2	59.5662	316.554	0
0.04	0.00114131	0.2	63.8263	280.554	0
0.04	0.00114131	0.2	68.3912	296.398	0
0.04	0.00114131	0.2	73.2825	335.267	0
0.04	0.00114131	0.2	78.5236	326.187	0
0.04	0.00114131	0.2	84.1395	289.861	0
0.04	0.00114131	0.2	90.1571	304.43	0
0.04	0.00114131	0.2	96.6051	313.12	0
0.04	0.00124696	0.2	0.103514	328.267	0
0.04	0.00124696	0.2	0.110917	328.091	0
0.04	0.00124696	0.2	0.11885	327.89	0
0.04	0.00124696	0.2	0.12735	327.659	0
0.04	0.00124696	0.2	0.136458	327.394	0
0.04	0.00124696	0.2	0.146218	327.091	0
0.04	0.00124696	0.2	0.156675	326.745	0
0.04	0.00124696	0.2	0.16788	326.349	0
0.04	0.00124696	0.2	0.179887	325.896	0
0.04	0.00124696	0.2	0.192752	325.379	0
0.04	0.00124696	0.2	0.206538	324.789	0
0.04	0.00124696	0.2	0.221309	324.116	0
0.04	0.00124696	0.2	0.237137	323.349	0
0.04	0.00124696	0.2	0.254097	322.478	0
0.04	0.00124696	0.2	0.27227	321.487	0
0.04	0.00124696	0.2	0.291743	320.363	0
0.04	0.00124696	0.2	0.312608	319.09	0
0.04	0.00124696	0.2	0.334965	317.65	0
0.04	0.00124696	0.2	0.358922	316.027	0
0.04	0.00124696	0.2	0.384592	314.199	0
0.04	0.00124696	0.2	0.412098	312.149	0
0.04	0.00124696	0.2	0.44157	309.854	0
0.04	0.00124696	0.2	0.473151	307.296	0
0.04	0.00124696	0.2	0.506991	304.454	0
0.04	0.00124696	0.2	0.54325	301.311	0
0.04	0.00124696	0.2	0.582103	297.849	0
0.04	0.00124696	0.2	0.623735	294.057	0
0.04	0.00124696	0.2	0.668344	289.926	0
0.04	0.00124696	0.2	0.716143	285.452	0
0.04	0.00124696	0.2	0.767361	280.638	0
0.04	0.00124696	0.2	0.822243	275.493	0
0.04	0.00124696	0.2	0.881049	270.036	0
0.04	0.00124696	0.2	0.944061	264.295	0
0.04	0.00124696	0.2	1.01158	258.309	0
0.04	0.00124696	0.2	1.08393	252.132	0
0.04	0.00124696	0.2	1.16145	245.836	0
0.04	0.00124696	0.2	1.24451	239.522	0
0.04	0.00124696	0.2	1.33352	233.323	0
0.04	0.00124696	0.2	1.42889	227.42	0
0.04	0.00124696	0.2	1.53109	222.052	0
0.04	0.00124696	0.2	1.64059	217.532	0
0.04	0.00124696	0.2	1.75792	214.251	0
0.04	0.00124696	0.2	1.88365	212.69	0
0.04	0.00124696	0.2	2.01837	213.412	0
0.04	0.00124696	0.2	2.16272	217.059	0
0.04	0.00124696	0.2	2.31739	224.307	0
0.04	0.00124696	0.2	2.48313	235.78	0
0.04	0.00124696	0.2	2.66073	251.858	0
0.04	0.00124696	0.2	2.85102	272.352	0
0.04	0.00124696	0.2	3.05492	296.097	0
0.04	0.00124696	0.2	3.27341	320.66	0
0.04	0.00124696	0.2	3.50752	342.457	0
0.04	0.00124696	0.2	3.75837	357.373	0
0.04	0.00124696	0.2	4.02717	361.652	0
0.04	0.00124696	0.2	4.31519	352.913	0
0.04	0.00124696	0.2	4.62381	331.274	0
0.04	0.00124696	0.2	4.9545	299.987	0
0.04	0.00124696	0.2	5.30884	265.128	0
0.04	0.00124696	0.2	5.68853	234.784	0
0.04	0.00124696	0.2	6.09537	217.305	0
0.04	0.00124696	0.2	6.53131	218.9	0
0.04	0.00124696	0.2	6.99842	241.923	0
0.04	0.00124696	0.2	7.49894	282.381	0
0.04	0.00124696	0.2	8.03526	328.609	0
0.04	0.00124696	0.2	8.60994	363.234	0
0.04	0.00124696	0.2	9.22571	371.626	0
0.04	0.00124696	0.2	9.88553	348.498	0
0.04	0.00124696	0.2	10.5925	298.934	0
0.04	0.00124696	0.2	11.3501	242.585	0
0.04	0.00124696	0.2	12.1619	208.509	0
0.04	0.00124696	0.2	13.0317	212.295	0
0.04	0.00124696	0.2	13.9637	247.597	0
0.04	0.00124696	0.2	14.9624	294.312	0
0.04	0.00124696	0.2	16.0325	330.345	0
0.04	0.00124696	0.2	17.1791	355.2	0
0.04	0.00124696	0.2	18.4077	377.713	0
0.04	0.00124696	0.2	19.7242	389.178	0
0.04	0.00124696	0.2	21.1349	370.434	0
0.04	0.00124696	0.2	22.6464	332.986	0
0.04	0.00124696	0.2	24.2661	290.343	0
0.04	0.00124696	0.2	26.0016	277.718	0
0.04	0.00124696	0.2	27.8612	303.614	0
0.04	0.00124696	0.2	29.8538	340.536	0
0.04	0.00124696	0.2	31.989	348.251	0
0.04	0.00124696	0.2	34.2768	338.016	0
0.04	0.00124696	0.2	36.7282	331.881	0
0.04	0.00124696	0.2	39.355	308.15	0
0.04	0.00124696	0.2	42.1697	292.328	0
0.04	0.00124696	0.2	45.1856	292.702	0
0.04	0.00124696	0.2	48.4172	305.133	0
0.04	0.00124696	0.2	51.88	332.276	0
0.04	0.00124696	0.2	55.5904	342.892	0
0.04	0.00124696	0.2	59.5662	312.563	0
0.04	0.00124696	0.2	63.8263	276.364	0
0.04	0.00124696	0.2	68.3912	291.913	0
0.04	0.00124696	0.2	73.2825	331.008	0
0.04	0.00124696	0.2	78.5236	321.893	0
0.04	0.00124696	0.2	84.1395	285.71	0
0.04	0.00124696	0.2	90.1571	300.189	0
0.04	0.00124696	0.2	96.6051	308.922	0
0.04	0.0013624	0.2	0.103514	328.198	0
0.04	0.0013624	0.2	0.110917	328.011	0
0.04	0.0013624	0.2	0.11885	327.798	0
0.04	0.0013624	0.2	0.12735	327.554	0
0.04	0.0013624	0.2	0.136458	327.274	0
0.04	0.0013624	0.2	0.146218	326.954	0
0.04	0.0013624	0.2	0.156675	326.587	0
0.04	0.0013624	0.2	0.16788	326.168	0
0.04	0.0013624	0.2	0.179887	325.69	0
0.04	0.0013624	0.2	0.192752	325.143	0
0.04	0.0013624	0.2	0.206538	324.52	0
0.04	0.0013624	0.2	0.221309	323.809	0
0.04	0.0013624	0.2	0.237137	322.999	0
0.04	0.0013624	0.2	0.254097	322.079	0
0.04	0.0013624	0.2	0.27227	321.033	0
0.04	0.0013624	0.2	0.291743	319.847	0
0.04	0.0013624	0.2	0.312608	318.504	0
0.04	0.0013624	0.2	0.334965	316.987	0
0.04	0.0013624	0.2	0.358922	315.277	0
0.04	0.0013624	0.2	0.384592	313.353	0
0.04	0.0013624	0.2	0.412098	311.196	0
0.04	0.0013624	0.2	0.44157	308.784	0
0.04	0.0013624	0.2	0.473151	306.098	0
0.04	0.0013624	0.2	0.506991	303.118	0
0.04	0.0013624	0.2	0.54325	299.825	0
0.04	0.0013624	0.2	0.582103	296.205	0
0.04	0.0013624	0.2	0.623735	292.246	0
0.04	0.0013624	0.2	0.668344	287.941	0
0.04	0.0013624	0.2	0.716143	283.288	0
0.04	0.0013624	0.2	0.767361	278.293	0
0.04	0.0013624	0.2	0.822243	272.969	0
0.04	0.0013624	0.2	0.881049	267.337	0
0.04	0.0013624	0.2	0.944061	261.43	0
0.04	0.0013624	0.2	1.01158	255.291	0
0.04	0.0013624	0.2	1.08393	248.977	0
0.04	0.0013624	0.2	1.16145	242.566	0
0.04	0.0013624	0.2	1.24451	236.16	0
0.04	0.0013624	0.2	1.33352	229.894	0
0.04	0.0013624	0.2	1.42889	223.952	0
0.04	0.0013624	0.2	1.53109	218.573	0
0.04	0.0013624	0.2	1.64059	214.067	0
0.04	0.0013624	0.2	1.75792	210.821	0
0.04	0.0013624	0.2	1.88365	209.305	0
0.04	0.0013624	0.2	2.01837	210.072	0
0.04	0.0013624	0.2	2.16272	213.74	0
0.04	0.0013624	0.2	2.31739	220.965	0
0.04	0.0013624	0.2	2.48313	232.346	0
0.04	0.0013624	0.2	2.66073	248.241	0
0.04	0.0013624	0.2	2.85102	268.45	0
0.04	0.0013624	0.2	3.05492	291.806	0
0.04	0.0013624	0.2	3.27341	315.89	0
0.04	0.0013624	0.2	3.50752	337.159	0
0.04	0.0013624	0.2	3.75837	351.568	0
0.04	0.0013624	0.2	4.02717	355.431	0
0.04	0.0013624	0.2	4.31519	346.416	0
0.04	0.0013624	0.2	4.62381	324.666	0
0.04	0.0013624	0.2	4.9545	293.445	0
0.04	0.0013624	0.2	5.30884	258.802	0
0.04	0.0013624	0.2	5.68853	228.772	0
0.04	0.0013624	0.2	6.09537	211.611	0
0.04	0.0013624	0.2	6.53131	213.375	0
0.04	0.0013624	0.2	6.99842	236.295	0
0.04	0.0013624	0.2	7.49894	276.338	0
0.04	0.0013624	0.2	8.03526	321.936	0
0.04	0.0013624	0.2	8.60994	355.905	0
0.04	0.0013624	0.2	9.22571	363.922	0
0.04	0.0013624	0.2	9.88553	341.002	0
0.04	0.0013624	0.2	10.5925	292.314	0
0.04	0.0013624	0.2	11.3501	237.183	0
0.04	0.0013624	0.2	12.1619	204.043	0
0.04	0.0013624	0.2	13.0317	208.148	0
0.04	0.0013624	0.2	13.9637	243.15	0
0.04	0.0013624	0.2	14.9624	289.043	0
0.04	0.0013624	0.2	16.0325	324.028	0
0.04	0.0013624	0.2	17.1791	348.004	0
0.04	0.0013624	0.2	18.4077	370.04	0
0.04	0.0013624	0.2	19.7242	381.716	0
0.04	0.0013624	0.2	21.1349	364.043	0
0.04	0.0013624	0.2	22.6464	327.873	0
0.04	0.0013624	0.2	24.2661	285.699	0
0.04	0.0013624	0.2	26.0016	272.297	0
0.04	0.0013624	0.2	27.8612	297.602	0
0.04	0.0013624	0.2	29.8538	334.354	0
0.04	0.0013624	0.2	31.989	341.385	0
0.04	0.0013624	0.2	34.2768	331.791	0
0.04	0.0013624	0.2	36.7282	326.966	0
0.04	0.0013624	0.2	39.355	303.739	0
0.04	0.0013624	0.2	42.1697	288.739	0
0.04	0.0013624	0.2	45.1856	289.505	0
0.04	0.0013624	0.2	48.4172	300.982	0
0.04	0.0013624	0.2	51.88	327.059	0
0.04	0.0013624	0.2	55.5904	337.452	0
0.04	0.0013624	0.2	59.5662	308.293	0
0.04	0.0013624	0.2	63.8263	271.861	0
0.04	0.0013624	0.2	68.3912	287.106	0
0.04	0.0013624	0.2	73.2825	326.422	0
0.04	0.0013624	0.2	78.5236	317.277	0
0.04	0.0013624	0.2	84.1395	281.24	0
0.04	0.0013624	0.2	90.1571	295.619	0
0.04	0.0013624	0.2	96.6051	304.403	0
0.04	0.00148852	0.2	0.103514	328.122	0
0.04	0.00148852	0.2	0.110917	327.924	0
0.04	0.00148852	0.2	0.11885	327.698	0
0.04	0.00148852	0.2	0.12735	327.439	0
0.04	0.00148852	0.2	0.136458	327.143	0
0.04	0.00148852	0.2	0.146218	326.803	0
0.04	0.00148852	0.2	0.156675	326.415	0
0.04	0.00148852	0.2	0.16788	325.971	0
0.04	0.00148852	0.2	0.179887	325.465	0
0.04	0.00148852	0.2	0.192752	324.886	0
0.04	0.00148852	0.2	0.206538	324.226	0
0.04	0.00148852	0.2	0.221309	323.473	0
0.04	0.00148852	0.2	0.237137	322.617	0
0.04	0.00148852	0.2	0.254097	321.643	0
0.04	0.00148852	0.2	0.27227	320.537	0
0.04	0.00148852	0.2	0.291743	319.284	0
0.04	0.00148852	0.2	0.312608	317.865	0
0.04	0.00148852	0.2	0.334965	316.263	0
0.04	0.00148852	0.2	0.358922	314.458	0
0.04	0.00148852	0.2	0.384592	312.43	0
0.04	0.00148852	0.2	0.412098	310.157	0
0.04	0.00148852	0.2	0.44157	307.618	0
0.04	0.00148852	0.2	0.473151	304.793	0
0.04	0.00148852	0.2	0.506991	301.662	0
0.04	0.00148852	0.2	0.54325	298.208	0
0.04	0.00148852	0.2	0.582103	294.416	0
0.04	0.00148852	0.2	0.623735	290.276	0
0.04	0.00148852	0.2	0.668344	285.782	0
0.04	0.00148852	0.2	0.716143	280.936	0
0.04	0.00148852	0.2	0.767361	275.746	0
0.04	0.00148852	0.2	0.822243	270.228	0
0.04	0.00148852	0.2	0.881049	264.409	0
0.04	0.00148852	0.2	0.944061	258.323	0
0.04	0.00148852	0.2	1.01158	252.02	0
0.04	0.00148852	0.2	1.08393	245.561	0
0.04	0.00148852	0.2	1.16145	239.027	0
0.04	0.00148852	0.2	1.24451	232.523	0
0.04	0.00148852	0.2	1.33352	226.188	0
0.04	0.00148852	0.2	1.42889	220.206	0
0.04	0.00148852	0.2	1.53109	214.816	0
0.04	0.00148852	0.2	1.64059	210.327	0
0.04	0.00148852	0.2	1.75792	207.12	0
0.04	0.00148852	0.2	1.88365	205.655	0
0.04	0.00148852	0.2	2.01837	206.47	0
0.04	0.00148852	0.2	2.16272	210.163	0
0.04	0.00148852	0.2	2.31739	217.363	0
0.04	0.00148852	0.2	2.48313	228.644	0
0.04	0.00148852	0.2	2.66073	244.343	0
0.04	0.00148852	0.2	2.85102	264.243	0
0.04	0.00148852	0.2	3.05492	287.178	0
0.04	0.00148852	0.2	3.27341	310.745	0
0.04	0.00148852	0.2	3.50752	331.443	0
0.04	0.00148852	0.2	3.75837	345.302	0
0.04	0.00148852	0.2	4.02717	348.716	0
0.04	0.00148852	0.2	4.31519	339.405	0
0.04	0.00148852	0.2	4.62381	317.539	0
0.04	0.00148852	0.2	4.9545	286.391	0
0.04	0.00148852	0.2	5.30884	251.985	0
0.04	0.00148852	0.2	5.68853	222.295	0
0.04	0.00148852	0.2	6.09537	205.475	0
0.04	0.00148852	0.2	6.53131	207.422	0
0.04	0.00148852	0.2	6.99842	230.233	0
0.04	0.00148852	0.2	7.49894	269.835	0
0.04	0.00148852	0.2	8.03526	314.757	0
0.04	0.00148852	0.2	8.60994	348.019	0
0.04	0.00148852	0.2	9.22571	355.629	0
0.04	0.00148852	0.2	9.88553	332.933	0
0.04	0.00148852	0.2	10.5925	285.195	0
0.04	0.00148852	0.2	11.3501	231.387	0
0.04	0.00148852	0.2	12.1619	199.264	0
0.04	0.00148852	0.2	13.0317	203.721	0
0.04	0.00148852	0.2	13.9637	238.398	0
0.04	0.00148852	0.2	14.9624	283.394	0
0.04	0.00148852	0.2	16.0325	317.236	0
0.04	0.00148852	0.2	17.1791	340.27	0
0.04	0.00148852	0.2	18.4077	361.811	0
0.04	0.00148852	0.2	19.7242	373.721	0
0.04	0.00148852	0.2	21.1349	357.191	0
0.04	0.00148852	0.2	22.6464	322.41	0
0.04	0.00148852	0.2	24.2661	280.769	0
0.04	0.00148852	0.2	26.0016	266.511	0
0.04	0.00148852	0.2	27.8612	291.177	0
0.04	0.00148852	0.2	29.8538	327.775	0
0.04	0.00148852	0.2	31.989	334.022	0
0.04	0.00148852	0.2	34.2768	325.135	0
0.04	0.00148852	0.2	36.7282	321.74	0
0.04	0.00148852	0.2	39.355	299.027	0
0.04	0.00148852	0.2	42.1697	284.953	0
0.04	0.00148852	0.2	45.1856	286.124	0
0.04	0.00148852	0.2	48.4172	296.551	0
0.04	0.00148852	0.2	51.88	321.493	0
0.04	0.00148852	0.2	55.5904	331.607	0
0.04	0.00148852	0.2	59.5662	303.734	0
0.04	0.00148852	0.2	63.8263	267.031	0
0.04	0.00148852	0.2	68.3912	281.965	0
0.04	0.00148852	0.2	73.2825	321.492	0
0.04	0.00148852	0.2	78.5236	312.324	0
0.04	0.00148852	0.2	84.1395	276.435	0
0.04	0.00148852	0.2	90.1571	290.701	0
0.04	0.00148852	0.2	96.6051	299.544	0
0.04	0.00162632	0.2	0.103514	328.038	0
0.04	0.00162632	0.2	0.110917	327.829	0
0.04	0.00162632	0.2	0.11885	327.589	0
0.04	0.00162632	0.2	0.12735	327.314	0
0.04	0.00162632	0.2	0.136458	326.999	0
0.04	0.00162632	0.2	0.146218	326.639	0
0.04	0.00162632	0.2	0.156675	326.227	0
0.04	0.00162632	0.2	0.16788	325.757	0
0.04	0.00162632	0.2	0.179887	325.219	0
0.04	0.00162632	0.2	0.192752	324.605	0
0.04	0.00162632	0.2	0.206538	323.905	0
0.04	0.00162632	0.2	0.221309	323.107	0
0.04	0.00162632	0.2	0.237137	322.2	0
0.04	0.00162632	0.2	0.254097	321.168	0
0.04	0.00162632	0.2	0.27227	319.996	0
0.04	0.00162632	0.2	0.291743	318.669	0
0.04	0.00162632	0.2	0.312608	317.168	0
0.04	0.00162632	0.2	0.334965	315.474	0
0.04	0.00162632	0.2	0.358922	313.566	0
0.04	0.00162632	0.2	0.384592	311.423	0
0.04	0.00162632	0.2	0.412098	309.024	0
0.04	0.00162632	0.2	0.44157	306.347	0
0.04	0.00162632	0.2	0.473151	303.371	0
0.04	0.00162632	0.2	0.506991	300.077	0
0.04	0.00162632	0.2	0.54325	296.447	0
0.04	0.00162632	0.2	0.582103	292.469	0
0.04	0.00162632	0.2	0.623735	288.132	0
0.04	0.00162632	0.2	0.668344	283.435	0
0.04	0.00162632	0.2	0.716143	278.38	0
0.04	0.00162632	0.2	0.767361	272.98	0
0.04	0.00162632	0.2	0.822243	267.254	0
0.04	0.00162632	0.2	0.881049	261.233	0
0.04	0.00162632	0.2	0.944061	254.957	0
0.04	0.00162632	0.2	1.01158	248.478	0
0.04	0.00162632	0.2	1.08393	241.865	0
0.04	0.00162632	0.2	1.16145	235.2	0
0.04	0.00162632	0.2	1.24451	228.593	0
0.04	0.00162632	0.2	1.33352	222.186	0
0.04	0.00162632	0.2	1.42889	216.163	0
0.04	0.00162632	0.2	1.53109	210.765	0
0.04	0.00162632	0.2	1.64059	206.296	0
0.04	0.00162632	0.2	1.75792	203.133	0
0.04	0.00162632	0.2	1.88365	201.725	0
0.04	0.00162632	0.2	2.01837	202.592	0
0.04	0.00162632	0.2	2.16272	206.312	0
0.04	0.00162632	0.2	2.31739	213.487	0
0.04	0.00162632	0.2	2.48313	224.661	0
0.04	0.00162632	0.2	2.66073	240.147	0
0.04	0.00162632	0.2	2.85102	259.715	0
0.04	0.00162632	0.2	3.05492	282.195	0
0.04	0.00162632	0.2	3.27341	305.202	0
0.04	0.00162632	0.2	3.50752	325.284	0
0.04	0.00162632	0.2	3.75837	338.549	0
0.04	0.00162632	0.2	4.02717	341.479	0
0.04	0.00162632	0.2	4.31519	331.85	0
0.04	0.00162632	0.2	4.62381	309.863	0
0.04	0.00162632	0.2	4.9545	278.798	0
0.04	0.00162632	0.2	5.30884	244.649	0
0.04	0.00162632	0.2	5.68853	215.326	0
0.04	0.00162632	0.2	6.09537	198.875	0
0.04	0.00162632	0.2	6.53131	201.021	0
0.04	0.00162632	0.2	6.99842	223.717	0
0.04	0.00162632	0.2	7.49894	262.847	0
0.04	0.00162632	0.2	8.03526	307.047	0
0.04	0.00162632	0.2	8.60994	339.548	0
0.04	0.00162632	0.2	9.22571	346.718	0
0.04	0.00162632	0.2	9.88553	324.263	0
0.04	0.00162632	0.2	10.5925	277.555	0
0.04	0.00162632	0.2	11.3501	225.181	0
0.04	0.00162632	0.2	12.1619	194.164	0
0.04	0.00162632	0.2	13.0317	199.007	0
0.04	0.00162632	0.2	13.9637	233.334	0
0.04	0.00162632	0.2	14.9624	277.352	0
0.04	0.00162632	0.2	16.0325	309.948	0
0.04	0.00162632	0.2	17.1791	331.973	0
0.04	0.00162632	0.2	18.4077	353.006	0
0.04	0.00162632	0.2	19.7242	365.173	0
0.04	0.00162632	0.2	21.1349	349.859	0
0.04	0.00162632	0.2	22.6464	316.589	0
0.04	0.00162632	0.2	24.2661	275.555	0
0.04	0.00162632	0.2	26.0016	260.352	0
0.04	0.00162632	0.2	27.8612	284.329	0
0.04	0.00162632	0.2	29.8538	320.798	0
0.04	0.00162632	0.2	31.989	326.145	0
0.04	0.00162632	0.2	34.2768	318.034	0
0.04	0.00162632	0.2	36.7282	316.205	0
0.04	0.00162632	0.2	39.355	294.006	0
0.04	0.00162632	0.2	42.1697	280.978	0
0.04	0.00162632	0.2	45.1856	282.564	0
0.04	0.00162632	0.2	48.4172	291.835	0
0.04	0.00162632	0.2	51.88	315.572	0
0.04	0.00162632	0.2	55.5904	325.34	0
0.04	0.00162632	0.2	59.5662	298.881	0
0.04	0.00162632	0.2	63.8263	261.86	0
0.04	0.00162632	0.2	68.3912	276.48	0
0.04	0.00162632	0.2	73.2825	316.201	0
0.04	0.00162632	0.2	78.5236	307.021	0
0.04	0.00162632	0.2	84.1395	271.279	0
0.04	0.00162632	0.2	90.1571	285.419	0
0.04	0.00162632	0.2	96.6051	294.331	0
0.04	0.00177687	0.2	0.103514	327.948	0
0.04	0.00177687	0.2	0.110917	327.725	0
0.04	0.00177687	0.2	0.11885	327.469	0
0.04	0.00177687	0.2	0.12735	327.177	0
0.04	0.00177687	0.2	0.136458	326.843	0
0.04	0.00177687	0.2	0.146218	326.46	0
0.04	0.00177687	0.2	0.156675	326.022	0
0.04	0.00177687	0.2	0.16788	325.522	0
0.04	0.00177687	0.2	0.179887	324.95	0
0.04	0.00177687	0.2	0.192752	324.298	0
0.04	0.00177687	0.2	0.206538	323.555	0
0.04	0.00177687	0.2	0.221309	322.708	0
0.04	0.00177687	0.2	0.237137	321.744	0
0.04	0.00177687	0.2	0.254097	320.649	0
0.04	0.00177687	0.2	0.27227	319.406	0
0.04	0.00177687	0.2	0.291743	317.999	0
0.04	0.00177687	0.2	0.312608	316.407	0
0.04	0.00177687	0.2	0.334965	314.612	0
0.04	0.00177687	0.2	0.358922	312.592	0
0.04	0.00177687	0.2	0.384592	310.325	0
0.04	0.00177687	0.2	0.412098	307.789	0
0.04	0.00177687	0.2	0.44157	304.961	0
0.04	0.00177687	0.2	0.473151	301.822	0
0.04	0.00177687	0.2	0.506991	298.35	0
0.04	0.00177687	0.2	0.54325	294.531	0
0.04	0.00177687	0.2	0.582103	290.35	0
0.04	0.00177687	0.2	0.623735	285.802	0
0.04	0.00177687	0.2	0.668344	280.885	0
0.04	0.00177687	0.2	0.716143	275.605	0
0.04	0.00177687	0.2	0.767361	269.978	0
0.04	0.00177687	0.2	0.822243	264.029	0
0.04	0.00177687	0.2	0.881049	257.791	0
0.04	0.00177687	0.2	0.944061	251.311	0
0.04	0.00177687	0.2	1.01158	244.647	0
0.04	0.00177687	0.2	1.08393	237.868	0
0.04	0.00177687	0.2	1.16145	231.066	0
0.04	0.00177687	0.2	1.24451	224.352	0
0.04	0.00177687	0.2	1.33352	217.87	0
0.04	0.00177687	0.2	1.42889	211.807	0
0.04	0.00177687	0.2	1.53109	206.403	0
0.04	0.00177687	0.2	1.64059	201.959	0
0.04	0.00177687	0.2	1.75792	198.845	0
0.04	0.00177687	0.2	1.88365	197.499	0
0.04	0.00177687	0.2	2.01837	198.424	0
0.04	0.00177687	0.2	2.16272	202.174	0
0.04	0.00177687	0.2	2.31739	209.321	0
0.04	0.00177687	0.2	2.48313	220.38	0
0.04	0.00177687	0.2	2.66073	235.638	0
0.04	0.00177687	0.2	2.85102	254.849	0
0.04	0.00177687	0.2	3.05492	276.838	0
0.04	0.00177687	0.2	3.27341	299.241	0
0.04	0.00177687	0.2	3.50752	318.657	0
0.04	0.00177687	0.2	3.75837	331.281	0
0.04	0.00177687	0.2	4.02717	333.69	0
0.04	0.00177687	0.2	4.31519	323.721	0
0.04	0.00177687	0.2	4.62381	301.607	0
0.04	0.00177687	0.2	4.9545	270.636	0
0.04	0.00177687	0.2	5.30884	236.768	0
0.04	0.00177687	0.2	5.68853	207.841	0
0.04	0.00177687	0.2	6.09537	191.787	0
0.04	0.00177687	0.2	6.53131	194.148	0
0.04	0.00177687	0.2	6.99842	216.724	0
0.04	0.00177687	0.2	7.49894	255.351	0
0.04	0.00177687	0.2	8.03526	298.78	0
0.04	0.00177687	0.2	8.60994	330.467	0
0.04	0.00177687	0.2	9.22571	337.16	0
0.04	0.00177687	0.2	9.88553	314.965	0
0.04	0.00177687	0.2	10.5925	269.372	0
0.04	0.00177687	0.2	11.3501	218.552	0
0.04	0.00177687	0.2	12.1619	188.736	0
0.04	0.00177687	0.2	13.0317	194.003	0
0.04	0.00177687	0.2	13.9637	227.954	0
0.04	0.00177687	0.2	14.9624	270.905	0
0.04	0.00177687	0.2	16.0325	302.143	0
0.04	0.00177687	0.2	17.1791	323.091	0
0.04	0.00177687	0.2	18.4077	343.607	0
0.04	0.00177687	0.2	19.7242	356.059	0
0.04	0.00177687	0.2	21.1349	342.032	0
0.04	0.00177687	0.2	22.6464	310.404	0
0.04	0.00177687	0.2	24.2661	270.062	0
0.04	0.00177687	0.2	26.0016	253.817	0
0.04	0.00177687	0.2	27.8612	277.053	0
0.04	0.00177687	0.2	29.8538	313.426	0
0.04	0.00177687	0.2	31.989	317.737	0
0.04	0.00177687	0.2	34.2768	310.48	0
0.04	0.00177687	0.2	36.7282	310.363	0
0.04	0.00177687	0.2	39.355	288.675	0
0.04	0.00177687	0.2	42.1697	276.827	0
0.04	0.00177687	0.2	45.1856	278.834	0
0.04	0.00177687	0.2	48.4172	286.831	0
0.04	0.00177687	0.2	51.88	309.295	0
0.04	0.00177687	0.2	55.5904	318.633	0
0.04	0.00177687	0.2	59.5662	293.731	0
0.04	0.00177687	0.2	63.8263	256.338	0
0.04	0.00177687	0.2	68.3912	270.644	0
0.04	0.00177687	0.2	73.2825	310.535	0
0.04	0.00177687	0.2	78.5236	301.355	0
0.04	0.00177687	0.2	84.1395	265.759	0
0.04	0.00177687	0.2	90.1571	279.755	0
0.04	0.00177687	0.2	96.6051	288.749	0
0.04	0.00194137	0.2	0.103514	327.848	0
0.04	0.00194137	0.2	0.110917	327.611	0
0.04	0.00194137	0.2	0.11885	327.339	0
0.04	0.00194137	0.2	0.12735	327.028	0
0.04	0.00194137	0.2	0.136458	326.672	0
0.04	0.00194137	0.2	0.146218	326.264	0
0.04	0.00194137	0.2	0.156675	325.798	0
0.04	0.00194137	0.2	0.16788	325.265	0
0.04	0.00194137	0.2	0.179887	324.657	0
0.04	0.00194137	0.2	0.192752	323.963	0
0.04	0.00194137	0.2	0.206538	323.172	0
0.04	0.00194137	0.2	0.221309	322.271	0
0.04	0.00194137	0.2	0.237137	321.246	0
0.04	0.00194137	0.2	0.254097	320.082	0
0.04	0.00194137	0.2	0.27227	318.762	0
0.04	0.00194137	0.2	0.291743	317.267	0
0.04	0.00194137	0.2	0.312608	315.578	0
0.04	0.00194137	0.2	0.334965	313.673	0
0.04	0.00194137	0.2	0.358922	311.531	0
0.04	0.00194137	0.2	0.384592	309.128	0
0.04	0.00194137	0.2	0.412098	306.443	0
0.04	0.00194137	0.2	0.44157	303.452	0
0.04	0.00194137	0.2	0.473151	300.135	0
0.04	0.00194137	0.2	0.506991	296.471	0
0.04	0.00194137	0.2	0.54325	292.446	0
0.04	0.00194137	0.2	0.582103	288.047	0
0.04	0.00194137	0.2	0.623735	283.27	0
0.04	0.00194137	0.2	0.668344	278.115	0
0.04	0.00194137	0.2	0.716143	272.593	0
0.04	0.00194137	0.2	0.767361	266.723	0
0.04	0.00194137	0.2	0.822243	260.534	0
0.04	0.00194137	0.2	0.881049	254.065	0
0.04	0.00194137	0.2	0.944061	247.368	0
0.04	0.00194137	0.2	1.01158	240.505	0
0.04	0.00194137	0.2	1.08393	233.553	0
0.04	0.00194137	0.2	1.16145	226.606	0
0.04	0.00194137	0.2	1.24451	219.78	0
0.04	0.00194137	0.2	1.33352	213.222	0
0.04	0.00194137	0.2	1.42889	207.12	0
0.04	0.00194137	0.2	1.53109	201.713	0
0.04	0.00194137	0.2	1.64059	197.298	0
0.04	0.00194137	0.2	1.75792	194.24	0
0.04	0.00194137	0.2	1.88365	192.963	0
0.04	0.00194137	0.2	2.01837	193.953	0
0.04	0.00194137	0.2	2.16272	197.735	0
0.04	0.00194137	0.2	2.31739	204.854	0
0.04	0.00194137	0.2	2.48313	215.79	0
0.04	0.00194137	0.2	2.66073	230.803	0
0.04	0.00194137	0.2	2.85102	249.628	0
0.04	0.00194137	0.2	3.05492	271.089	0
0.04	0.00194137	0.2	3.27341	292.84	0
0.04	0.00194137	0.2	3.50752	311.538	0
0.04	0.00194137	0.2	3.75837	323.472	0
0.04	0.00194137	0.2	4.02717	325.32	0
0.04	0.00194137	0.2	4.31519	314.989	0
0.04	0.00194137	0.2	4.62381	292.744	0
0.04	0.00194137	0.2	4.9545	261.88	0
0.04	0.00194137	0.2	5.30884	228.317	0
0.04	0.00194137	0.2	5.68853	199.818	0
0.04	0.00194137	0.2	6.09537	184.191	0
0.04	0.00194137	0.2	6.53131	186.783	0
0.04	0.00194137	0.2	6.99842	209.234	0
0.04	0.00194137	0.2	7.49894	247.329	0
0.04	0.00194137	0.2	8.03526	289.938	0
0.04	0.00194137	0.2	8.60994	320.753	0
0.04	0.00194137	0.2	9.22571	326.93	0
0.04	0.00194137	0.2	9.88553	305.014	0
0.04	0.00194137	0.2	10.5925	260.626	0
0.04	0.00194137	0.2	11.3501	211.49	0
0.04	0.00194137	0.2	12.1619	182.979	0
0.04	0.00194137	0.2	13.0317	188.711	0
0.04	0.00194137	0.2	13.9637	222.256	0
0.04	0.00194137	0.2	14.9624	264.046	0
0.04	0.00194137	0.2	16.0325	293.804	0
0.04	0.00194137	0.2	17.1791	313.604	0
0.04	0.00194137	0.2	18.4077	333.602	0
0.04	0.00194137	0.2	19.7242	346.369	0
0.04	0.00194137	0.2	21.1349	333.701	0
0.04	0.00194137	0.2	22.6464	303.857	0
0.04	0.00194137	0.2	24.2661	264.305	0
0.04	0.00194137	0.2	26.0016	246.908	0
0.04	0.00194137	0.2	27.8612	269.347	0
0.04	0.00194137	0.2	29.8538	305.67	0
0.04	0.00194137	0.2	31.989	308.787	0
0.04	0.00194137	0.2	34.2768	302.472	0
0.04	0.00194137	0.2	36.7282	304.227	0
0.04	0.00194137	0.2	39.355	283.032	0
0.04	0.00194137	0.2	42.1697	272.521	0
0.04	0.00194137	0.2	45.1856	274.95	0
0.04	0.00194137	0.2	48.4172	281.543	0
0.04	0.00194137	0.2	51.88	302.664	0
0.04	0.00194137	0.2	55.5904	311.474	0
0.04	0.00194137	0.2	59.5662	288.287	0
0.04	0.00194137	0.2	63.8263	250.456	0
0.04	0.00194137	0.2	68.3912	264.455	0
0.04	0.00194137	0.2	73.2825	304.48	0
0.04	0.00194137	0.2	78.5236	295.319	0
0.04	0.00194137	0.2	84.1395	259.861	0
0.04	0.00194137	0.2	90.1571	273.697	0
0.04	0.00194137	0.2	96.6051	282.785	0
0.04	0.00212109	0.2	0.103514	327.74	0
0.04	0.00212109	0.2	0.110917	327.487	0
0.04	0.00212109	0.2	0.11885	327.197	0
0.04	0.00212109	0.2	0.12735	326.865	0
0.04	0.00212109	0.2	0.136458	326.485	0
0.04	0.00212109	0.2	0.146218	326.05	0
0.04	0.00212109	0.2	0.156675	325.553	0
0.04	0.00212109	0.2	0.16788	324.985	0
0.04	0.00212109	0.2	0.179887	324.337	0
0.04	0.00212109	0.2	0.192752	323.598	0
0.04	0.00212109	0.2	0.206538	322.755	0
0.04	0.00212109	0.2	0.221309	321.795	0
0.04	0.00212109	0.2	0.237137	320.704	0
0.04	0.00212109	0.2	0.254097	319.464	0
0.04	0.00212109	0.2	0.27227	318.059	0
0.04	0.00212109	0.2	0.291743	316.469	0
0.04	0.00212109	0.2	0.312608	314.673	0
0.04	0.00212109	0.2	0.334965	312.649	0
0.04	0.00212109	0.2	0.358922	310.374	0
0.04	0.00212109	0.2	0.384592	307.824	0
0.04	0.00212109	0.2	0.412098	304.977	0
0.04	0.00212109	0.2	0.44157	301.809	0
0.04	0.00212109	0.2	0.473151	298.299	0
0.04	0.00212109	0.2	0.506991	294.427	0
0.04	0.00212109	0.2	0.54325	290.179	0
0.04	0.00212109	0.2	0.582103	285.544	0
0.04	0.00212109	0.2	0.623735	280.52	0
0.04	0.00212109	0.2	0.668344	275.11	0
0.04	0.00212109	0.2	0.716143	269.327	0
0.04	0.00212109	0.2	0.767361	263.196	0
0.04	0.00212109	0.2	0.822243	256.75	0
0.04	0.00212109	0.2	0.881049	250.035	0
0.04	0.00212109	0.2	0.944061	243.107	0
0.04	0.00212109	0.2	1.01158	236.034	0
0.04	0.00212109	0.2	1.08393	228.9	0
0.04	0.00212109	0.2	1.16145	221.802	0
0.04	0.00212109	0.2	1.24451	214.86	0
0.04	0.00212109	0.2	1.33352	208.225	0
0.04	0.00212109	0.2	1.42889	202.085	0
0.04	0.00212109	0.2	1.53109	196.679	0
0.04	0.00212109	0.2	1.64059	192.3	0
0.04	0.00212109	0.2	1.75792	189.305	0
0.04	0.00212109	0.2	1.88365	188.105	0
0.04	0.00212109	0.2	2.01837	189.165	0
0.04	0.00212109	0.2	2.16272	192.984	0
0.04	0.00212109	0.2	2.31739	200.072	0
0.04	0.00212109	0.2	2.48313	210.878	0
0.04	0.00212109	0.2	2.66073	225.628	0
0.04	0.00212109	0.2	2.85102	244.039	0
0.04	0.00212109	0.2	3.05492	264.932	0
0.04	0.00212109	0.2	3.27341	285.982	0
0.04	0.00212109	0.2	3.50752	303.906	0
0.04	0.00212109	0.2	3.75837	315.097	0
0.04	0.00212109	0.2	4.02717	316.343	0
0.04	0.00212109	0.2	4.31519	305.627	0
0.04	0.00212109	0.2	4.62381	283.248	0
0.04	0.00212109	0.2	4.9545	252.506	0
0.04	0.00212109	0.2	5.30884	219.274	0
0.04	0.00212109	0.2	5.68853	191.236	0
0.04	0.00212109	0.2	6.09537	176.067	0
0.04	0.00212109	0.2	6.53131	178.909	0
0.04	0.00212109	0.2	6.99842	201.23	0
0.04	0.00212109	0.2	7.49894	238.763	0
0.04	0.00212109	0.2	8.03526	280.503	0
0.04	0.00212109	0.2	8.60994	310.386	0
0.04	0.00212109	0.2	9.22571	316.007	0
0.04	0.00212109	0.2	9.88553	294.39	0
0.04	0.00212109	0.2	10.5925	251.304	0
0.04	0.00212109	0.2	11.3501	203.99	0
0.04	0.00212109	0.2	12.1619	176.894	0
0.04	0.00212109	0.2	13.0317	183.138	0
0.04	0.00212109	0.2	13.9637	216.248	0
0.04	0.00212109	0.2	14.9624	256.771	0
0.04	0.00212109	0.2	16.0325	284.917	0
0.04	0.00212109	0.2	17.1791	303.499	0
0.04	0.00212109	0.2	18.4077	322.987	0
0.04	0.00212109	0.2	19.7242	336.101	0
0.04	0.00212109	0.2	21.1349	324.861	0
0.04	0.00212109	0.2	22.6464	296.955	0
0.04	0.00212109	0.2	24.2661	258.307	0
0.04	0.00212109	0.2	26.0016	239.636	0
0.04	0.00212109	0.2	27.8612	261.221	0
0.04	0.00212109	0.2	29.8538	297.553	0
0.04	0.00212109	0.2	31.989	299.292	0
0.04	0.00212109	0.2	34.2768	294.014	0
0.04	0.00212109	0.2	36.7282	297.818	0
0.04	0.00212109	0.2	39.355	277.085	0
0.04	0.00212109	0.2	42.1697	268.089	0
0.04	0.00212109	0.2	45.1856	270.934	0
0.04	0.00212109	0.2	48.4172	275.979	0
0.04	0.00212109	0.2	51.88	295.693	0
0.04	0.00212109	0.2	55.5904	303.852	0
0.04	0.00212109	0.2	59.5662	282.555	0
0.04	0.00212109	0.2	63.8263	244.212	0
0.04	0.00212109	0.2	68.3912	257.918	0
0.04	0.00212109	0.2	73.2825	298.027	0
0.04	0.00212109	0.2	78.5236	288.906	0
0.04	0.00212109	0.2	84.1395	253.578	0
0.04	0.00212109	0.2	90.1571	267.231	0
0.04	0.00212109	0.2	96.6051	276.431	0
0.04	0.00231745	0.2	0.103514	327.622	0
0.04	0.00231745	0.2	0.110917	327.351	0
0.04	0.00231745	0.2	0.11885	327.041	0
0.04	0.00231745	0.2	0.12735	326.687	0
0.04	0.00231745	0.2	0.136458	326.281	0
0.04	0.00231745	0.2	0.146218	325.817	0
0.04	0.00231745	0.2	0.156675	325.286	0
0.04	0.00231745	0.2	0.16788	324.68	0
0.04	0.00231745	0.2	0.179887	323.988	0
0.04	0.00231745	0.2	0.192752	323.198	0
0.04	0.00231745	0.2	0.206538	322.299	0
0.04	0.00231745	0.2	0.221309	321.275	0
0.04	0.00231745	0.2	0.237137	320.111	0
0.04	0.00231745	0.2	0.254097	318.79	0
0.04	0.00231745	0.2	0.27227	317.292	0
0.04	0.00231745	0.2	0.291743	315.598	0
0.04	0.00231745	0.2	0.312608	313.686	0
0.04	0.00231745	0.2	0.334965	311.532	0
0.04	0.00231745	0.2	0.358922	309.113	0
0.04	0.00231745	0.2	0.384592	306.404	0
0.04	0.00231745	0.2	0.412098	303.38	0
0.04	0.00231745	0.2	0.44157	300.02	0
0.04	0.00231745	0.2	0.473151	296.3	0
0.04	0.00231745	0.2	0.506991	292.203	0
0.04	0.00231745	0.2	0.54325	287.714	0
0.04	0.00231745	0.2	0.582103	282.825	0
0.04	0.00231745	0.2	0.623735	277.534	0
0.04	0.00231745	0.2	0.668344	271.849	0
0.04	0.00231745	0.2	0.716143	265.788	0
0.04	0.00231745	0.2	0.767361	259.377	0
0.04	0.00231745	0.2	0.822243	252.657	0
0.04	0.00231745	0.2	0.881049	245.68	0
0.04	0.00231745	0.2	0.944061	238.507	0
0.04	0.00231745	0.2	1.01158	231.214	0
0.04	0.00231745	0.2	1.08393	223.889	0
0.04	0.00231745	0.2	1.16145	216.634	0
0.04	0.00231745	0.2	1.24451	209.574	0
0.04	0.00231745	0.2	1.33352	202.862	0
0.04	0.00231745	0.2	1.42889	196.688	0
0.04	0.00231745	0.2	1.53109	191.288	0
0.04	0.00231745	0.2	1.64059	186.952	0
0.04	0.00231745	0.2	1.75792	184.028	0
0.04	0.00231745	0.2	1.88365	182.913	0
0.04	0.00231745	0.2	2.01837	184.05	0
0.04	0.00231745	0.2	2.16272	187.91	0
0.04	0.00231745	0.2	2.31739	194.968	0
0.04	0.00231745	0.2	2.48313	205.633	0
0.04	0.00231745	0.2	2.66073	220.103	0
0.04	0.00231745	0.2	2.85102	238.071	0
0.04	0.00231745	0.2	3.05492	258.354	0
0.04	0.00231745	0.2	3.27341	278.649	0
0.04	0.00231745	0.2	3.50752	295.741	0
0.04	0.00231745	0.2	3.75837	306.134	0
0.04	0.00231745	0.2	4.02717	306.736	0
0.04	0.00231745	0.2	4.31519	295.611	0
0.04	0.00231745	0.2	4.62381	273.097	0
0.04	0.00231745	0.2	4.9545	242.492	0
0.04	0.00231745	0.2	5.30884	209.622	0
0.04	0.00231745	0.2	5.68853	182.079	0
0.04	0.00231745	0.2	6.09537	167.401	0
0.04	0.00231745	0.2	6.53131	170.513	0
0.04	0.00231745	0.2	6.99842	192.7	0
0.04	0.00231745	0.2	7.49894	229.642	0
0.04	0.00231745	0.2	8.03526	270.464	0
0.04	0.00231745	0.2	8.60994	299.356	0
0.04	0.00231745	0.2	9.22571	304.375	0
0.04	0.00231745	0.2	9.88553	283.078	0
0.04	0.00231745	0.2	10.5925	241.398	0
0.04	0.00231745	0.2	11.3501	196.053	0
0.04	0.00231745	0.2	12.1619	170.492	0
0.04	0.00231745	0.2	13.0317	177.299	0
0.04	0.00231745	0.2	13.9637	209.943	0
0.04	0.00231745	0.2	14.9624	249.085	0
0.04	0.00231745	0.2	16.0325	275.477	0
0.04	0.00231745	0.2	17.1791	292.768	0
0.04	0.00231745	0.2	18.4077	311.764	0
0.04	0.00231745	0.2	19.7242	325.263	0
0.04	0.00231745	0.2	21.1349	315.516	0
0.04	0.00231745	0.2	22.6464	289.713	0
0.04	0.00231745	0.2	24.2661	252.101	0
0.04	0.00231745	0.2	26.0016	232.021	0
0.04	0.00231745	0.2	27.8612	252.69	0
0.04	0.00231745	0.2	29.8538	289.111	0
0.04	0.00231745	0.2	31.989	289.256	0
0.04	0.00231745	0.2	34.2768	285.122	0
0.04	0.00231745	0.2	36.7282	291.166	0
0.04	0.00231745	0.2	39.355	270.848	0
0.04	0.00231745	0.2	42.1697	263.574	0
0.04	0.00231745	0.2	45.1856	266.818	0
0.04	0.00231745	0.2	48.4172	270.153	0
0.04	0.00231745	0.2	51.88	288.401	0
0.04	0.00231745	0.2	55.5904	295.766	0
0.04	0.00231745	0.2	59.5662	276.552	0
0.04	0.00231745	0.2	63.8263	237.605	0
0.04	0.00231745	0.2	68.3912	251.043	0
0.04	0.00231745	0.2	73.2825	291.171	0
0.04	0.00231745	0.2	78.5236	282.119	0
0.04	0.00231745	0.2	84.1395	246.904	0
0.04	0.00231745	0.2	90.1571	260.351	0
0.04	0.00231745	0.2	96.6051	269.682	0
0.04	0.00253198	0.2	0.103514	327.492	0
0.04	0.00253198	0.2	0.110917	327.203	0
0.04	0.00253198	0.2	0.11885	326.871	0
0.04	0.00253198	0.2	0.12735	326.492	0
0.04	0.00253198	0.2	0.136458	326.058	0
0.04	0.00253198	0.2	0.146218	325.561	0
0.04	0.00253198	0.2	0.156675	324.994	0
0.04	0.00253198	0.2	0.16788	324.346	0
0.04	0.00253198	0.2	0.179887	323.606	0
0.04	0.00253198	0.2	0.192752	322.762	0
0.04	0.00253198	0.2	0.206538	321.801	0
0.04	0.00253198	0.2	0.221309	320.708	0
0.04	0.00253198	0.2	0.237137	319.465	0
0.04	0.00253198	0.2	0.254097	318.054	0
0.04	0.00253198	0.2	0.27227	316.456	0
0.04	0.00253198	0.2	0.291743	314.649	0
0.04	0.00253198	0.2	0.312608	312.61	0
0.04	0.00253198	0.2	0.334965	310.314	0
0.04	0.00253198	0.2	0.358922	307.738	0
0.04	0.00253198	0.2	0.384592	304.856	0
0.04	0.00253198	0.2	0.412098	301.642	0
0.04	0.00253198	0.2	0.44157	298.073	0
0.04	0.00253198	0.2	0.473151	294.127	0
0.04	0.00253198	0.2	0.506991	289.786	0
0.04	0.00253198	0.2	0.54325	285.037	0
0.04	0.00253198	0.2	0.582103	279.873	0
0.04	0.00253198	0.2	0.623735	274.296	0
0.04	0.00253198	0.2	0.668344	268.316	0
0.04	0.00253198	0.2	0.716143	261.955	0
0.04	0.00253198	0.2	0.767361	255.246	0
0.04	0.00253198	0.2	0.822243	248.235	0
0.04	0.00253198	0.2	0.881049	240.98	0
0.04	0.00253198	0.2	0.944061	233.549	0
0.04	0.00253198	0.2	1.01158	226.025	0
0.04	0.00253198	0.2	1.08393	218.5	0
0.04	0.00253198	0.2	1.16145	211.084	0
0.04	0.00253198	0.2	1.24451	203.905	0
0.04	0.00253198	0.2	1.33352	197.118	0
0.04	0.00253198	0.2	1.42889	190.913	0
0.04	0.00253198	0.2	1.53109	185.526	0
0.04	0.00253198	0.2	1.64059	181.243	0
0.04	0.00253198	0.2	1.75792	178.4	0
0.04	0.00253198	0.2	1.88365	177.38	0
0.04	0.00253198	0.2	2.01837	178.602	0
0.04	0.00253198	0.2	2.16272	182.507	0
0.04	0.00253198	0.2	2.31739	189.533	0
0.04	0.00253198	0.2	2.48313	200.05	0
0.04	0.00253198	0.2	2.66073	214.22	0
0.04	0.00253198	0.2	2.85102	231.713	0
0.04	0.00253198	0.2	3.05492	251.343	0
0.04	0.00253198	0.2	3.27341	270.829	0
0.04	0.00253198	0.2	3.50752	287.028	0
0.04	0.00253198	0.2	3.75837	296.565	0
0.04	0.00253198	0.2	4.02717	296.479	0
0.04	0.00253198	0.2	4.31519	284.923	0
0.04	0.00253198	0.2	4.62381	262.273	0
0.04	0.00253198	0.2	4.9545	231.826	0
0.04	0.00253198	0.2	5.30884	199.348	0
0.04	0.00253198	0.2	5.68853	172.338	0
0.04	0.00253198	0.2	6.09537	158.184	0
0.04	0.00253198	0.2	6.53131	161.585	0
0.04	0.00253198	0.2	6.99842	183.637	0
0.04	0.00253198	0.2	7.49894	219.96	0
0.04	0.00253198	0.2	8.03526	259.817	0
0.04	0.00253198	0.2	8.60994	287.656	0
0.04	0.00253198	0.2	9.22571	292.028	0
0.04	0.00253198	0.2	9.88553	271.072	0
0.04	0.00253198	0.2	10.5925	230.907	0
0.04	0.00253198	0.2	11.3501	187.688	0
0.04	0.00253198	0.2	12.1619	163.791	0
0.04	0.00253198	0.2	13.0317	171.217	0
0.04	0.00253198	0.2	13.9637	203.362	0
0.04	0.00253198	0.2	14.9624	241.001	0
0.04	0.00253198	0.2	16.0325	265.482	0
0.04	0.00253198	0.2	17.1791	281.415	0
0.04	0.00253198	0.2	18.4077	299.952	0
0.04	0.00253198	0.2	19.7242	313.878	0
0.04	0.00253198	0.2	21.1349	305.68	0
0.04	0.00253198	0.2	22.6464	282.157	0
0.04	0.00253198	0.2	24.2661	245.736	0
0.04	0.00253198	0.2	26.0016	224.094	0
0.04	0.00253198	0.2	27.8612	243.786	0
0.04	0.00253198	0.2	29.8538	280.395	0
0.04	0.00253198	0.2	31.989	278.693	0
0.04	0.00253198	0.2	34.2768	275.821	0
0.04	0.00253198	0.2	36.7282	284.317	0
0.04	0.00253198	0.2	39.355	264.345	0
0.04	0.00253198	0.2	42.1697	259.03	0
0.04	0.00253198	0.2	45.1856	262.645	0
0.04	0.00253198	0.2	48.4172	264.09	0
0.04	0.00253198	0.2	51.88	280.822	0
0.04	0.00253198	0.2	55.5904	287.216	0
0.04	0.00253198	0.2	59.5662	270.302	0
0.04	0.00253198	0.2	63.8263	230.646	0
0.04	0.00253198	0.2	68.3912	243.85	0
0.04	0.00253198	0.2	73.2825	283.911	0
0.04	0.00253198	0.2	78.5236	274.964	0
0.04	0.00253198	0.2	84.1395	239.84	0
0.04	0.00253198	0.2	90.1571	253.053	0
0.04	0.00253198	0.2	96.6051	262.538	0
0.04	0.00276638	0.2	0.103514	327.351	0
0.04	0.00276638	0.2	0.110917	327.041	0
0.04	0.00276638	0.2	0.11885	326.686	0
0.04	0.00276638	0.2	0.12735	326.28	0
0.04	0.00276638	0.2	0.136458	325.815	0
0.04	0.00276638	0.2	0.146218	325.283	0
0.04	0.00276638	0.2	0.156675	324.675	0
0.04	0.00276638	0.2	0.16788	323.981	0
0.04	0.00276638	0.2	0.179887	323.19	0
0.04	0.00276638	0.2	0.192752	322.287	0
0.04	0.00276638	0.2	0.206538	321.258	0
0.04	0.00276638	0.2	0.221309	320.088	0
0.04	0.00276638	0.2	0.237137	318.759	0
0.04	0.00276638	0.2	0.254097	317.251	0
0.04	0.00276638	0.2	0.27227	315.543	0
0.04	0.00276638	0.2	0.291743	313.613	0
0.04	0.00276638	0.2	0.312608	311.436	0
0.04	0.00276638	0.2	0.334965	308.988	0
0.04	0.00276638	0.2	0.358922	306.241	0
0.04	0.00276638	0.2	0.384592	303.17	0
0.04	0.00276638	0.2	0.412098	299.75	0
0.04	0.00276638	0.2	0.44157	295.955	0
0.04	0.00276638	0.2	0.473151	291.764	0
0.04	0.00276638	0.2	0.506991	287.16	0
0.04	0.00276638	0.2	0.54325	282.13	0
0.04	0.00276638	0.2	0.582103	276.671	0
0.04	0.00276638	0.2	0.623735	270.786	0
0.04	0.00276638	0.2	0.668344	264.49	0
0.04	0.00276638	0.2	0.716143	257.809	0
0.04	0.00276638	0.2	0.767361	250.783	0
0.04	0.00276638	0.2	0.822243	243.463	0
0.04	0.00276638	0.2	0.881049	235.914	0
0.04	0.00276638	0.2	0.944061	228.212	0
0.04	0.00276638	0.2	1.01158	220.447	0
0.04	0.00276638	0.2	1.08393	212.717	0
0.04	0.00276638	0.2	1.16145	205.136	0
0.04	0.00276638	0.2	1.24451	197.838	0
0.04	0.00276638	0.2	1.33352	190.979	0
0.04	0.00276638	0.2	1.42889	184.751	0
0.04	0.00276638	0.2	1.53109	179.386	0
0.04	0.00276638	0.2	1.64059	175.165	0
0.04	0.00276638	0.2	1.75792	172.414	0
0.04	0.00276638	0.2	1.88365	171.499	0
0.04	0.00276638	0.2	2.01837	172.815	0
0.04	0.00276638	0.2	2.16272	176.771	0
0.04	0.00276638	0.2	2.31739	183.765	0
0.04	0.00276638	0.2	2.48313	194.125	0
0.04	0.00276638	0.2	2.66073	207.976	0
0.04	0.00276638	0.2	2.85102	224.963	0
0.04	0.00276638	0.2	3.05492	243.894	0
0.04	0.00276638	0.2	3.27341	262.514	0
0.04	0.00276638	0.2	3.50752	277.756	0
0.04	0.00276638	0.2	3.75837	286.376	0
0.04	0.00276638	0.2	4.02717	285.558	0
0.04	0.00276638	0.2	4.31519	273.548	0
0.04	0.00276638	0.2	4.62381	250.765	0
0.04	0.00276638	0.2	4.9545	220.498	0
0.04	0.00276638	0.2	5.30884	188.448	0
0.04	0.00276638	0.2	5.68853	162.007	0
0.04	0.00276638	0.2	6.09537	148.412	0
0.04	0.00276638	0.2	6.53131	152.124	0
0.04	0.00276638	0.2	6.99842	174.041	0
0.04	0.00276638	0.2	7.49894	209.721	0
0.04	0.00276638	0.2	8.03526	248.569	0
0.04	0.00276638	0.2	8.60994	275.295	0
0.04	0.00276638	0.2	9.22571	278.97	0
0.04	0.00276638	0.2	9.88553	258.377	0
0.04	0.00276638	0.2	10.5925	219.842	0
0.04	0.00276638	0.2	11.3501	178.915	0
0.04	0.00276638	0.2	12.1619	156.819	0
0.04	0.00276638	0.2	13.0317	164.927	0
0.04	0.00276638	0.2	13.9637	196.54	0
0.04	0.00276638	0.2	14.9624	232.543	0
0.04	0.00276638	0.2	16.0325	254.944	0
0.04	0.00276638	0.2	17.1791	269.452	0
0.04	0.00276638	0.2	18.4077	287.582	0
0.04	0.00276638	0.2	19.7242	301.981	0
0.04	0.00276638	0.2	21.1349	295.38	0
0.04	0.00276638	0.2	22.6464	274.327	0
0.04	0.00276638	0.2	24.2661	239.276	0
0.04	0.00276638	0.2	26.0016	215.903	0
0.04	0.00276638	0.2	27.8612	234.554	0
0.04	0.00276638	0.2	29.8538	271.479	0
0.04	0.00276638	0.2	31.989	267.634	0
0.04	0.00276638	0.2	34.2768	266.156	0
0.04	0.00276638	0.2	36.7282	277.334	0
0.04	0.00276638	0.2	39.355	257.61	0
0.04	0.00276638	0.2	42.1697	254.531	0
0.04	0.00276638	0.2	45.1856	258.473	0
0.04	0.00276638	0.2	48.4172	257.828	0
0.04	0.00276638	0.2	51.88	273.004	0
0.04	0.00276638	0.2	55.5904	278.217	0
0.04	0.00276638	0.2	59.5662	263.842	0
0.04	0.00276638	0.2	63.8263	223.35	0
0.04	0.00276638	0.2	68.3912	236.372	0
0.04	0.00276638	0.2	73.2825	276.256	0
0.04	0.00276638	0.2	78.5236	267.459	0
0.04	0.00276638	0.2	84.1395	232.394	0
0.04	0.00276638	0.2	90.1571	245.34	0
0.04	0.00276638	0.2	96.6051	255.007	0
0.04	0.00302248	0.2	0.103514	327.197	0
0.04	0.00302248	0.2	0.110917	326.864	0
0.04	0.00302248	0.2	0.11885	326.483	0
0.04	0.00302248	0.2	0.12735	326.048	0
0.04	0.00302248	0.2	0.136458	325.549	0
0.04	0.00302248	0.2	0.146218	324.979	0
0.04	0.00302248	0.2	0.156675	324.327	0
0.04	0.00302248	0.2	0.16788	323.583	0
0.04	0.00302248	0.2	0.179887	322.735	0
0.04	0.00302248	0.2	0.192752	321.767	0
0.04	0.00302248	0.2	0.206538	320.666	0
0.04	0.00302248	0.2	0.221309	319.413	0
0.04	0.00302248	0.2	0.237137	317.989	0
0.04	0.00302248	0.2	0.254097	316.375	0
0.04	0.00302248	0.2	0.27227	314.548	0
0.04	0.00302248	0.2	0.291743	312.484	0
0.04	0.00302248	0.2	0.312608	310.158	0
0.04	0.00302248	0.2	0.334965	307.542	0
0.04	0.00302248	0.2	0.358922	304.611	0
0.04	0.00302248	0.2	0.384592	301.336	0
0.04	0.00302248	0.2	0.412098	297.691	0
0.04	0.00302248	0.2	0.44157	293.651	0
0.04	0.00302248	0.2	0.473151	289.196	0
0.04	0.00302248	0.2	0.506991	284.308	0
0.04	0.00302248	0.2	0.54325	278.976	0
0.04	0.00302248	0.2	0.582103	273.199	0
0.04	0.00302248	0.2	0.623735	266.984	0
0.04	0.00302248	0.2	0.668344	260.35	0
0.04	0.00302248	0.2	0.716143	253.328	0
0.04	0.00302248	0.2	0.767361	245.965	0
0.04	0.00302248	0.2	0.822243	238.319	0
0.04	0.00302248	0.2	0.881049	230.461	0
0.04	0.00302248	0.2	0.944061	222.477	0
0.04	0.00302248	0.2	1.01158	214.462	0
0.04	0.00302248	0.2	1.08393	206.521	0
0.04	0.00302248	0.2	1.16145	198.776	0
0.04	0.00302248	0.2	1.24451	191.361	0
0.04	0.00302248	0.2	1.33352	184.436	0
0.04	0.00302248	0.2	1.42889	178.194	0
0.04	0.00302248	0.2	1.53109	172.862	0
0.04	0.00302248	0.2	1.64059	168.716	0
0.04	0.00302248	0.2	1.75792	166.07	0
0.04	0.00302248	0.2	1.88365	165.272	0
0.04	0.00302248	0.2	2.01837	166.692	0
0.04	0.00302248	0.2	2.16272	170.704	0
0.04	0.00302248	0.2	2.31739	177.665	0
0.04	0.00302248	0.2	2.48313	187.86	0
0.04	0.00302248	0.2	2.66073	201.373	0
0.04	0.00302248	0.2	2.85102	217.822	0
0.04	0.00302248	0.2	3.05492	236.007	0
0.04	0.00302248	0.2	3.27341	253.702	0
0.04	0.00302248	0.2	3.50752	267.922	0
0.04	0.00302248	0.2	3.75837	275.564	0
0.04	0.00302248	0.2	4.02717	273.966	0
0.04	0.00302248	0.2	4.31519	261.483	0
0.04	0.00302248	0.2	4.62381	238.573	0
0.04	0.00302248	0.2	4.9545	208.512	0
0.04	0.00302248	0.2	5.30884	176.925	0
0.04	0.00302248	0.2	5.68853	151.095	0
0.04	0.00302248	0.2	6.09537	138.093	0
0.04	0.00302248	0.2	6.53131	142.139	0
0.04	0.00302248	0.2	6.99842	163.922	0
0.04	0.00302248	0.2	7.49894	198.939	0
0.04	0.00302248	0.2	8.03526	236.737	0
0.04	0.00302248	0.2	8.60994	262.291	0
0.04	0.00302248	0.2	9.22571	265.218	0
0.04	0.00302248	0.2	9.88553	245.01	0
0.04	0.00302248	0.2	10.5925	208.225	0
0.04	0.00302248	0.2	11.3501	169.767	0
0.04	0.00302248	0.2	12.1619	149.619	0
0.04	0.00302248	0.2	13.0317	158.479	0
0.04	0.00302248	0.2	13.9637	189.526	0
0.04	0.00302248	0.2	14.9624	223.748	0
0.04	0.00302248	0.2	16.0325	243.887	0
0.04	0.00302248	0.2	17.1791	256.91	0
0.04	0.00302248	0.2	18.4077	274.706	0
0.04	0.00302248	0.2	19.7242	289.631	0
0.04	0.00302248	0.2	21.1349	284.659	0
0.04	0.00302248	0.2	22.6464	266.281	0
0.04	0.00302248	0.2	24.2661	232.809	0
0.04	0.00302248	0.2	26.0016	207.513	0
0.04	0.00302248	0.2	27.8612	225.058	0
0.04	0.00302248	0.2	29.8538	262.461	0
0.04	0.00302248	0.2	31.989	256.124	0
0.04	0.00302248	0.2	34.2768	256.187	0
0.04	0.00302248	0.2	36.7282	270.3	0
0.04	0.00302248	0.2	39.355	250.694	0
0.04	0.00302248	0.2	42.1697	250.168	0
0.04	0.00302248	0.2	45.1856	254.375	0
0.04	0.00302248	0.2	48.4172	251.417	0
0.04	0.00302248	0.2	51.88	265.015	0
0.04	0.00302248	0.2	55.5904	268.792	0
0.04	0.00302248	0.2	59.5662	257.224	0
0.04	0.00302248	0.2	63.8263	215.746	0
0.04	0.00302248	0.2	68.3912	228.656	0
0.04	0.00302248	0.2	73.2825	268.223	0
0.04	0.00302248	0.2	78.5236	259.63	0
0.04	0.00302248	0.2	84.1395	224.583	0
0.04	0.00302248	0.2	90.1571	237.227	0
0.04	0.00302248	0.2	96.6051	247.107	0
0.04	0.00330228	0.2	0.103514	327.028	0
0.04	0.00330228	0.2	0.110917	326.671	0
0.04	0.00330228	0.2	0.11885	326.262	0
0.04	0.00330228	0.2	0.12735	325.794	0
0.04	0.00330228	0.2	0.136458	325.259	0
0.04	0.00330228	0.2	0.146218	324.647	0
0.04	0.00330228	0.2	0.156675	323.947	0
0.04	0.00330228	0.2	0.16788	323.149	0
0.04	0.00330228	0.2	0.179887	322.238	0
0.04	0.00330228	0.2	0.192752	321.2	0
0.04	0.00330228	0.2	0.206538	320.019	0
0.04	0.00330228	0.2	0.221309	318.675	0
0.04	0.00330228	0.2	0.237137	317.15	0
0.04	0.00330228	0.2	0.254097	315.42	0
0.04	0.00330228	0.2	0.27227	313.464	0
0.04	0.00330228	0.2	0.291743	311.254	0
0.04	0.00330228	0.2	0.312608	308.765	0
0.04	0.00330228	0.2	0.334965	305.968	0
0.04	0.00330228	0.2	0.358922	302.836	0
0.04	0.00330228	0.2	0.384592	299.339	0
0.04	0.00330228	0.2	0.412098	295.452	0
0.04	0.00330228	0.2	0.44157	291.148	0
0.04	0.00330228	0.2	0.473151	286.407	0
0.04	0.00330228	0.2	0.506991	281.212	0
0.04	0.00330228	0.2	0.54325	275.556	0
0.04	0.00330228	0.2	0.582103	269.438	0
0.04	0.00330228	0.2	0.623735	262.87	0
0.04	0.00330228	0.2	0.668344	255.875	0
0.04	0.00330228	0.2	0.716143	248.492	0
0.04	0.00330228	0.2	0.767361	240.772	0
0.04	0.00330228	0.2	0.822243	232.782	0
0.04	0.00330228	0.2	0.881049	224.603	0
0.04	0.00330228	0.2	0.944061	216.325	0
0.04	0.00330228	0.2	1.01158	208.054	0
0.04	0.00330228	0.2	1.08393	199.9	0
0.04	0.00330228	0.2	1.16145	191.991	0
0.04	0.00330228	0.2	1.24451	184.465	0
0.04	0.00330228	0.2	1.33352	177.484	0
0.04	0.00330228	0.2	1.42889	171.238	0
0.04	0.00330228	0.2	1.53109	165.954	0
0.04	0.00330228	0.2	1.64059	161.898	0
0.04	0.00330228	0.2	1.75792	159.371	0
0.04	0.00330228	0.2	1.88365	158.704	0
0.04	0.00330228	0.2	2.01837	160.238	0
0.04	0.00330228	0.2	2.16272	164.314	0
0.04	0.00330228	0.2	2.31739	171.243	0
0.04	0.00330228	0.2	2.48313	181.264	0
0.04	0.00330228	0.2	2.66073	194.42	0
0.04	0.00330228	0.2	2.85102	210.299	0
0.04	0.00330228	0.2	3.05492	227.691	0
0.04	0.00330228	0.2	3.27341	244.401	0
0.04	0.00330228	0.2	3.50752	257.531	0
0.04	0.00330228	0.2	3.75837	264.131	0
0.04	0.00330228	0.2	4.02717	261.708	0
0.04	0.00330228	0.2	4.31519	248.733	0
0.04	0.00330228	0.2	4.62381	225.707	0
0.04	0.00330228	0.2	4.9545	195.882	0
0.04	0.00330228	0.2	5.30884	164.798	0
0.04	0.00330228	0.2	5.68853	139.618	0
0.04	0.00330228	0.2	6.09537	127.244	0
0.04	0.00330228	0.2	6.53131	131.648	0
0.04	0.00330228	0.2	6.99842	153.303	0
0.04	0.00330228	0.2	7.49894	187.641	0
0.04	0.00330228	0.2	8.03526	224.358	0
0.04	0.00330228	0.2	8.60994	248.683	0
0.04	0.00330228	0.2	9.22571	250.807	0
0.04	0.00330228	0.2	9.88553	231.007	0
0.04	0.00330228	0.2	10.5925	196.099	0
0.04	0.00330228	0.2	11.3501	160.294	0
0.04	0.00330228	0.2	12.1619	142.251	0
0.04	0.00330228	0.2	13.0317	151.94	0
0.04	0.00330228	0.2	13.9637	182.388	0
0.04	0.00330228	0.2	14.9624	214.671	0
0.04	0.00330228	0.2	16.0325	232.351	0
0.04	0.00330228	0.2	17.1791	243.835	0
0.04	0.00330228	0.2	18.4077	261.401	0
0.04	0.00330228	0.2	19.7242	276.911	0
0.04	0.00330228	0.2	21.1349	273.58	0
0.04	0.00330228	0.2	22.6464	258.096	0
0.04	0.00330228	0.2	24.2661	226.448	0
0.04	0.00330228	0.2	26.0016	199.015	0
0.04	0.00330228	0.2	27.8612	215.391	0
0.04	0.00330228	0.2	29.8538	253.471	0
0.04	0.00330228	0.2	31.989	244.233	0
0.04	0.00330228	0.2	34.2768	246.001	0
0.04	0.00330228	0.2	36.7282	263.326	0
0.04	0.00330228	0.2	39.355	243.666	0
0.04	0.00330228	0.2	42.1697	246.063	0
0.04	0.00330228	0.2	45.1856	250.449	0
0.04	0.00330228	0.2	48.4172	244.927	0
0.04	0.00330228	0.2	51.88	256.944	0
0.04	0.00330228	0.2	55.5904	258.981	0
0.04	0.00330228	0.2	59.5662	250.517	0
0.04	0.00330228	0.2	63.8263	207.878	0
0.04	0.00330228	0.2	68.3912	220.767	0
0.04	0.00330228	0.2	73.2825	259.839	0
0.04	0.00330228	0.2	78.5236	251.519	0
0.04	0.00330228	0.2	84.1395	216.437	0
0.04	0.00330228	0.2	90.1571	228.734	0
0.04	0.00330228	0.2	96.6051	238.866	0
0.04	0.00360798	0.2	0.103514	326.844	0
0.04	0.00360798	0.2	0.110917	326.46	0
0.04	0.00360798	0.2	0.11885	326.02	0
0.04	0.00360798	0.2	0.12735	325.517	0
0.04	0.00360798	0.2	0.136458	324.942	0
0.04	0.00360798	0.2	0.146218	324.284	0
0.04	0.00360798	0.2	0.156675	323.533	0
0.04	0.00360798	0.2	0.16788	322.675	0
0.04	0.00360798	0.2	0.179887	321.697	0
0.04	0.00360798	0.2	0.192752	320.582	0
0.04	0.00360798	0.2	0.206538	319.313	0
0.04	0.00360798	0.2	0.221309	317.871	0
0.04	0.00360798	0.2	0.237137	316.234	0
0.04	0.00360798	0.2	0.254097	314.379	0
0.04	0.00360798	0.2	0.27227	312.281	0
0.04	0.00360798	0.2	0.291743	309.913	0
0.04	0.00360798	0.2	0.312608	307.247	0
0.04	0.00360798	0.2	0.334965	304.254	0
0.04	0.00360798	0.2	0.358922	300.904	0
0.04	0.00360798	0.2	0.384592	297.167	0
0.04	0.00360798	0.2	0.412098	293.017	0
0.04	0.00360798	0.2	0.44157	288.428	0
0.04	0.00360798	0.2	0.473151	283.379	0
0.04	0.00360798	0.2	0.506991	277.855	0
0.04	0.00360798	0.2	0.54325	271.85	0
0.04	0.00360798	0.2	0.582103	265.367	0
0.04	0.00360798	0.2	0.623735	258.422	0
0.04	0.00360798	0.2	0.668344	251.045	0
0.04	0.00360798	0.2	0.716143	243.278	0
0.04	0.00360798	0.2	0.767361	235.183	0
0.04	0.00360798	0.2	0.822243	226.834	0
0.04	0.00360798	0.2	0.881049	218.319	0
0.04	0.00360798	0.2	0.944061	209.741	0
0.04	0.00360798	0.2	1.01158	201.208	0
0.04	0.00360798	0.2	1.08393	192.843	0
0.04	0.00360798	0.2	1.16145	184.775	0
0.04	0.00360798	0.2	1.24451	177.147	0
0.04	0.00360798	0.2	1.33352	170.122	0
0.04	0.00360798	0.2	1.42889	163.889	0
0.04	0.00360798	0.2	1.53109	158.669	0
0.04	0.00360798	0.2	1.64059	154.72	0
0.04	0.00360798	0.2	1.75792	152.331	0
0.04	0.00360798	0.2	1.88365	151.809	0
0.04	0.00360798	0.2	2.01837	153.471	0
0.04	0.00360798	0.2	2.16272	157.616	0
0.04	0.00360798	0.2	2.31739	164.515	0
0.04	0.00360798	0.2	2.48313	174.356	0
0.04	0.00360798	0.2	2.66073	187.136	0
0.04	0.00360798	0.2	2.85102	202.411	0
0.04	0.00360798	0.2	3.05492	218.964	0
0.04	0.00360798	0.2	3.27341	234.627	0
0.04	0.00360798	0.2	3.50752	246.599	0
0.04	0.00360798	0.2	3.75837	252.093	0
0.04	0.00360798	0.2	4.02717	248.802	0
0.04	0.00360798	0.2	4.31519	235.32	0
0.04	0.00360798	0.2	4.62381	212.191	0
0.04	0.00360798	0.2	4.9545	182.638	0
0.04	0.00360798	0.2	5.30884	152.1	0
0.04	0.00360798	0.2	5.68853	127.612	0
0.04	0.00360798	0.2	6.09537	115.9	0
0.04	0.00360798	0.2	6.53131	120.685	0
0.04	0.00360798	0.2	6.99842	142.22	0
0.04	0.00360798	0.2	7.49894	175.873	0
0.04	0.00360798	0.2	8.03526	211.484	0
0.04	0.00360798	0.2	8.60994	234.53	0
0.04	0.00360798	0.2	9.22571	235.797	0
0.04	0.00360798	0.2	9.88553	216.424	0
0.04	0.00360798	0.2	10.5925	183.524	0
0.04	0.00360798	0.2	11.3501	150.566	0
0.04	0.00360798	0.2	12.1619	134.796	0
0.04	0.00360798	0.2	13.0317	145.4	0
0.04	0.00360798	0.2	13.9637	175.214	0
0.04	0.00360798	0.2	14.9624	205.389	0
0.04	0.00360798	0.2	16.0325	220.397	0
0.04	0.00360798	0.2	17.1791	230.302	0
0.04	0.00360798	0.2	18.4077	247.774	0
0.04	0.00360798	0.2	19.7242	263.935	0
0.04	0.00360798	0.2	21.1349	262.235	0
0.04	0.00360798	0.2	22.6464	249.877	0
0.04	0.00360798	0.2	24.2661	220.338	0
0.04	0.00360798	0.2	26.0016	190.527	0
0.04	0.00360798	0.2	27.8612	205.67	0
0.04	0.00360798	0.2	29.8538	244.678	0
0.04	0.00360798	0.2	31.989	232.058	0
0.04	0.00360798	0.2	34.2768	235.715	0
0.04	0.00360798	0.2	36.7282	256.555	0
0.04	0.00360798	0.2	39.355	236.617	0
0.04	0.00360798	0.2	42.1697	242.366	0
0.04	0.00360798	0.2	45.1856	246.815	0
0.04	0.00360798	0.2	48.4172	238.451	0
0.04	0.00360798	0.2	51.88	248.913	0
0.04	0.00360798	0.2	55.5904	248.841	0
0.04	0.00360798	0.2	59.5662	243.816	0
0.04	0.00360798	0.2	63.8263	199.804	0
0.04	0.00360798	0.2	68.3912	212.794	0
0.04	0.00360798	0.2	73.2825	251.148	0
0.04	0.00360798	0.2	78.5236	243.186	0
0.04	0.00360798	0.2	84.1395	207.998	0
0.04	0.00360798	0.2	90.1571	219.9	0
0.04	0.00360798	0.2	96.6051	230.33	0
0.04	0.00394199	0.2	0.103514	326.643	0
0.04	0.00394199	0.2	0.110917	326.23	0
0.04	0.00394199	0.2	0.11885	325.757	0
0.04	0.00394199	0.2	0.12735	325.215	0
0.04	0.00394199	0.2	0.136458	324.596	0
0.04	0.00394199	0.2	0.146218	323.888	0
0.04	0.00394199	0.2	0.156675	323.08	0
0.04	0.00394199	0.2	0.16788	322.157	0
0.04	0.00394199	0.2	0.179887	321.105	0
0.04	0.00394199	0.2	0.192752	319.907	0
0.04	0.00394199	0.2	0.206538	318.543	0
0.04	0.00394199	0.2	0.221309	316.994	0
0.04	0.00394199	0.2	0.237137	315.235	0
0.04	0.00394199	0.2	0.254097	313.244	0
0.04	0.00394199	0.2	0.27227	310.992	0
0.04	0.00394199	0.2	0.291743	308.452	0
0.04	0.00394199	0.2	0.312608	305.594	0
0.04	0.00394199	0.2	0.334965	302.388	0
0.04	0.00394199	0.2	0.358922	298.802	0
0.04	0.00394199	0.2	0.384592	294.806	0
0.04	0.00394199	0.2	0.412098	290.372	0
0.04	0.00394199	0.2	0.44157	285.475	0
0.04	0.00394199	0.2	0.473151	280.094	0
0.04	0.00394199	0.2	0.506991	274.216	0
0.04	0.00394199	0.2	0.54325	267.838	0
0.04	0.00394199	0.2	0.582103	260.966	0
0.04	0.00394199	0.2	0.623735	253.62	0
0.04	0.00394199	0.2	0.668344	245.836	0
0.04	0.00394199	0.2	0.716143	237.666	0
0.04	0.00394199	0.2	0.767361	229.177	0
0.04	0.00394199	0.2	0.822243	220.454	0
0.04	0.00394199	0.2	0.881049	211.595	0
0.04	0.00394199	0.2	0.944061	202.709	0
0.04	0.00394199	0.2	1.01158	193.916	0
0.04	0.00394199	0.2	1.08393	185.343	0
0.04	0.00394199	0.2	1.16145	177.125	0
0.04	0.00394199	0.2	1.24451	169.409	0
0.04	0.00394199	0.2	1.33352	162.357	0
0.04	0.00394199	0.2	1.42889	156.157	0
0.04	0.00394199	0.2	1.53109	151.023	0
0.04	0.00394199	0.2	1.64059	147.203	0
0.04	0.00394199	0.2	1.75792	144.971	0
0.04	0.00394199	0.2	1.88365	144.613	0
0.04	0.00394199	0.2	2.01837	146.414	0
0.04	0.00394199	0.2	2.16272	150.639	0
0.04	0.00394199	0.2	2.31739	157.508	0
0.04	0.00394199	0.2	2.48313	167.163	0
0.04	0.00394199	0.2	2.66073	179.55	0
0.04	0.00394199	0.2	2.85102	194.191	0
0.04	0.00394199	0.2	3.05492	209.857	0
0.04	0.00394199	0.2	3.27341	224.413	0
0.04	0.00394199	0.2	3.50752	235.158	0
0.04	0.00394199	0.2	3.75837	239.483	0
0.04	0.00394199	0.2	4.02717	235.28	0
0.04	0.00394199	0.2	4.31519	221.281	0
0.04	0.00394199	0.2	4.62381	198.072	0
0.04	0.00394199	0.2	4.9545	168.83	0
0.04	0.00394199	0.2	5.30884	138.885	0
0.04	0.00394199	0.2	5.68853	115.13	0
0.04	0.00394199	0.2	6.09537	104.114	0
0.04	0.00394199	0.2	6.53131	109.303	0
0.04	0.00394199	0.2	6.99842	130.733	0
0.04	0.00394199	0.2	7.49894	163.704	0
0.04	0.00394199	0.2	8.03526	198.199	0
0.04	0.00394199	0.2	8.60994	219.922	0
0.04	0.00394199	0.2	9.22571	220.273	0
0.04	0.00394199	0.2	9.88553	201.347	0
0.04	0.00394199	0.2	10.5925	170.59	0
0.04	0.00394199	0.2	11.3501	140.681	0
0.04	0.00394199	0.2	12.1619	127.36	0
0.04	0.00394199	0.2	13.0317	138.974	0
0.04	0.00394199	0.2	13.9637	168.123	0
0.04	0.00394199	0.2	14.9624	196.007	0
0.04	0.00394199	0.2	16.0325	208.111	0
0.04	0.00394199	0.2	17.1791	216.411	0
0.04	0.00394199	0.2	18.4077	233.971	0
0.04	0.00394199	0.2	19.7242	250.859	0
0.04	0.00394199	0.2	21.1349	250.744	0
0.04	0.00394199	0.2	22.6464	241.759	0
0.04	0.00394199	0.2	24.2661	214.664	0
0.04	0.00394199	0.2	26.0016	182.205	0
0.04	0.00394199	0.2	27.8612	196.056	0
0.04	0.00394199	0.2	29.8538	236.298	0
0.04	0.00394199	0.2	31.989	219.731	0
0.04	0.00394199	0.2	34.2768	225.48	0
0.04	0.00394199	0.2	36.7282	250.168	0
0.04	0.00394199	0.2	39.355	229.666	0
0.04	0.00394199	0.2	42.1697	239.268	0
0.04	0.00394199	0.2	45.1856	243.629	0
0.04	0.00394199	0.2	48.4172	232.107	0
0.04	0.00394199	0.2	51.88	241.074	0
0.04	0.00394199	0.2	55.5904	238.455	0
0.04	0.00394199	0.2	59.5662	237.24	0
0.04	0.00394199	0.2	63.8263	191.607	0
0.04	0.00394199	0.2	68.3912	204.854	0
0.04	0.00394199	0.2	73.2825	242.214	0
0.04	0.00394199	0.2	78.5236	234.713	0
0.04	0.00394199	0.2	84.1395	199.329	0
0.04	0.00394199	0.2	90.1571	210.779	0
0.04	0.00394199	0.2	96.6051	221.56	0
0.04	0.00430692	0.2	0.103514	326.424	0
0.04	0.00430692	0.2	0.110917	325.978	0
0.04	0.00430692	0.2	0.11885	325.468	0
0.04	0.00430692	0.2	0.12735	324.885	0
0.04	0.00430692	0.2	0.136458	324.218	0
0.04	0.00430692	0.2	0.146218	323.456	0
0.04	0.00430692	0.2	0.156675	322.586	0
0.04	0.00430692	0.2	0.16788	321.592	0
0.04	0.00430692	0.2	0.179887	320.46	0
0.04	0.00430692	0.2	0.192752	319.17	0
0.04	0.00430692	0.2	0.206538	317.703	0
0.04	0.00430692	0.2	0.221309	316.037	0
0.04	0.00430692	0.2	0.237137	314.146	0
0.04	0.00430692	0.2	0.254097	312.006	0
0.04	0.00430692	0.2	0.27227	309.588	0
0.04	0.00430692	0.2	0.291743	306.861	0
0.04	0.00430692	0.2	0.312608	303.795	0
0.04	0.00430692	0.2	0.334965	300.357	0
0.04	0.00430692	0.2	0.358922	296.516	0
0.04	0.00430692	0.2	0.384592	292.239	0
0.04	0.00430692	0.2	0.412098	287.499	0
0.04	0.00430692	0.2	0.44157	282.27	0
0.04	0.00430692	0.2	0.473151	276.533	0
0.04	0.00430692	0.2	0.506991	270.276	0
0.04	0.00430692	0.2	0.54325	263.498	0
0.04	0.00430692	0.2	0.582103	256.211	0
0.04	0.00430692	0.2	0.623735	248.44	0
0.04	0.00430692	0.2	0.668344	240.228	0
0.04	0.00430692	0.2	0.716143	231.634	0
0.04	0.00430692	0.2	0.767361	222.735	0
0.04	0.00430692	0.2	0.822243	213.627	0
0.04	0.00430692	0.2	0.881049	204.415	0
0.04	0.00430692	0.2	0.944061	195.22	0
0.04	0.00430692	0.2	1.01158	186.171	0
0.04	0.00430692	0.2	1.08393	177.399	0
0.04	0.00430692	0.2	1.16145	169.047	0
0.04	0.00430692	0.2	1.24451	161.262	0
0.04	0.00430692	0.2	1.33352	154.208	0
0.04	0.00430692	0.2	1.42889	148.065	0
0.04	0.00430692	0.2	1.53109	143.044	0
0.04	0.00430692	0.2	1.64059	139.379	0
0.04	0.00430692	0.2	1.75792	137.326	0
0.04	0.00430692	0.2	1.88365	137.151	0
0.04	0.00430692	0.2	2.01837	139.108	0
0.04	0.00430692	0.2	2.16272	143.421	0
0.04	0.00430692	0.2	2.31739	150.265	0
0.04	0.00430692	0.2	2.48313	159.728	0
0.04	0.00430692	0.2	2.66073	171.707	0
0.04	0.00430692	0.2	2.85102	185.685	0
0.04	0.00430692	0.2	3.05492	200.419	0
0.04	0.00430692	0.2	3.27341	213.808	0
0.04	0.00430692	0.2	3.50752	223.258	0
0.04	0.00430692	0.2	3.75837	226.353	0
0.04	0.00430692	0.2	4.02717	221.199	0
0.04	0.00430692	0.2	4.31519	206.677	0
0.04	0.00430692	0.2	4.62381	183.418	0
0.04	0.00430692	0.2	4.9545	154.536	0
0.04	0.00430692	0.2	5.30884	125.232	0
0.04	0.00430692	0.2	5.68853	102.252	0
0.04	0.00430692	0.2	6.09537	91.9606	0
0.04	0.00430692	0.2	6.53131	97.5802	0
0.04	0.00430692	0.2	6.99842	118.924	0
0.04	0.00430692	0.2	7.49894	151.229	0
0.04	0.00430692	0.2	8.03526	184.613	0
0.04	0.00430692	0.2	8.60994	204.98	0
0.04	0.00430692	0.2	9.22571	204.357	0
0.04	0.00430692	0.2	9.88553	185.896	0
0.04	0.00430692	0.2	10.5925	157.42	0
0.04	0.00430692	0.2	11.3501	130.768	0
0.04	0.00430692	0.2	12.1619	120.083	0
0.04	0.00430692	0.2	13.0317	132.813	0
0.04	0.00430692	0.2	13.9637	161.266	0
0.04	0.00430692	0.2	14.9624	186.661	0
0.04	0.00430692	0.2	16.0325	195.613	0
0.04	0.00430692	0.2	17.1791	202.304	0
0.04	0.00430692	0.2	18.4077	220.185	0
0.04	0.00430692	0.2	19.7242	237.884	0
0.04	0.00430692	0.2	21.1349	239.27	0
0.04	0.00430692	0.2	22.6464	233.92	0
0.04	0.00430692	0.2	24.2661	209.661	0
0.04	0.00430692	0.2	26.0016	174.246	0
0.04	0.00430692	0.2	27.8612	186.75	0
0.04	0.00430692	0.2	29.8538	228.607	0
0.04	0.00430692	0.2	31.989	207.425	0
0.04	0.00430692	0.2	34.2768	215.495	0
0.04	0.00430692	0.2	36.7282	244.396	0
0.04	0.00430692	0.2	39.355	222.968	0
0.04	0.00430692	0.2	42.1697	237.003	0
0.04	0.00430692	0.2	45.1856	241.081	0
0.04	0.00430692	0.2	48.4172	226.049	0
0.04	0.00430692	0.2	51.88	233.628	0
0.04	0.00430692	0.2	55.5904	227.933	0
0.04	0.00430692	0.2	59.5662	230.945	0
0.04	0.00430692	0.2	63.8263	183.397	0
0.04	0.00430692	0.2	68.3912	197.098	0
0.04	0.00430692	0.2	73.2825	233.121	0
0.04	0.00430692	0.2	78.5236	226.208	0
0.04	0.00430692	0.2	84.1395	190.516	0
0.04	0.00430692	0.2	90.1571	201.446	0
0.04	0.00430692	0.2	96.6051	212.643	0
0.04	0.00470563	0.2	0.103514	326.184	0
0.04	0.00470563	0.2	0.110917	325.704	0
0.04	0.00470563	0.2	0.11885	325.154	0
0.04	0.00470563	0.2	0.12735	324.525	0
0.04	0.00470563	0.2	0.136458	323.806	0
0.04	0.00470563	0.2	0.146218	322.984	0
0.04	0.00470563	0.2	0.156675	322.046	0
0.04	0.00470563	0.2	0.16788	320.976	0
0.04	0.00470563	0.2	0.179887	319.756	0
0.04	0.00470563	0.2	0.192752	318.367	0
0.04	0.00470563	0.2	0.206538	316.787	0
0.04	0.00470563	0.2	0.221309	314.993	0
0.04	0.00470563	0.2	0.237137	312.959	0
0.04	0.00470563	0.2	0.254097	310.658	0
0.04	0.00470563	0.2	0.27227	308.058	0
0.04	0.00470563	0.2	0.291743	305.128	0
0.04	0.00470563	0.2	0.312608	301.836	0
0.04	0.00470563	0.2	0.334965	298.148	0
0.04	0.00470563	0.2	0.358922	294.031	0
0.04	0.00470563	0.2	0.384592	289.451	0
0.04	0.00470563	0.2	0.412098	284.381	0
0.04	0.00470563	0.2	0.44157	278.795	0
0.04	0.00470563	0.2	0.473151	272.676	0
0.04	0.00470563	0.2	0.506991	266.013	0
0.04	0.00470563	0.2	0.54325	258.81	0
0.04	0.00470563	0.2	0.582103	251.082	0
0.04	0.00470563	0.2	0.623735	242.861	0
0.04	0.00470563	0.2	0.668344	234.199	0
0.04	0.00470563	0.2	0.716143	225.163	0
0.04	0.00470563	0.2	0.767361	215.841	0
0.04	0.00470563	0.2	0.822243	206.337	0
0.04	0.00470563	0.2	0.881049	196.771	0
0.04	0.00470563	0.2	0.944061	187.271	0
0.04	0.00470563	0.2	1.01158	177.974	0
0.04	0.00470563	0.2	1.08393	169.021	0
0.04	0.00470563	0.2	1.16145	160.556	0
0.04	0.00470563	0.2	1.24451	152.729	0
0.04	0.00470563	0.2	1.33352	145.701	0
0.04	0.00470563	0.2	1.42889	139.649	0
0.04	0.00470563	0.2	1.53109	134.772	0
0.04	0.00470563	0.2	1.64059	131.292	0
0.04	0.00470563	0.2	1.75792	129.447	0
0.04	0.00470563	0.2	1.88365	129.477	0
0.04	0.00470563	0.2	2.01837	131.606	0
0.04	0.00470563	0.2	2.16272	136.019	0
0.04	0.00470563	0.2	2.31739	142.842	0
0.04	0.00470563	0.2	2.48313	152.11	0
0.04	0.00470563	0.2	2.66073	163.668	0
0.04	0.00470563	0.2	2.85102	176.956	0
0.04	0.00470563	0.2	3.05492	190.717	0
0.04	0.00470563	0.2	3.27341	202.882	0
0.04	0.00470563	0.2	3.50752	210.973	0
0.04	0.00470563	0.2	3.75837	212.78	0
0.04	0.00470563	0.2	4.02717	206.64	0
0.04	0.00470563	0.2	4.31519	191.6	0
0.04	0.00470563	0.2	4.62381	168.329	0
0.04	0.00470563	0.2	4.9545	139.863	0
0.04	0.00470563	0.2	5.30884	111.253	0
0.04	0.00470563	0.2	5.68853	89.0877	0
0.04	0.00470563	0.2	6.09537	79.5479	0
0.04	0.00470563	0.2	6.53131	85.6218	0
0.04	0.00470563	0.2	6.99842	106.907	0
0.04	0.00470563	0.2	7.49894	138.579	0
0.04	0.00470563	0.2	8.03526	170.879	0
0.04	0.00470563	0.2	8.60994	189.871	0
0.04	0.00470563	0.2	9.22571	188.216	0
0.04	0.00470563	0.2	9.88553	170.234	0
0.04	0.00470563	0.2	10.5925	144.177	0
0.04	0.00470563	0.2	11.3501	120.995	0
0.04	0.00470563	0.2	12.1619	113.142	0
0.04	0.00470563	0.2	13.0317	127.107	0
0.04	0.00470563	0.2	13.9637	154.838	0
0.04	0.00470563	0.2	14.9624	177.53	0
0.04	0.00470563	0.2	16.0325	183.063	0
0.04	0.00470563	0.2	17.1791	188.167	0
0.04	0.00470563	0.2	18.4077	206.668	0
0.04	0.00470563	0.2	19.7242	225.275	0
0.04	0.00470563	0.2	21.1349	228.021	0
0.04	0.00470563	0.2	22.6464	226.582	0
0.04	0.00470563	0.2	24.2661	205.62	0
0.04	0.00470563	0.2	26.0016	166.904	0
0.04	0.00470563	0.2	27.8612	178.013	0
0.04	0.00470563	0.2	29.8538	221.951	0
0.04	0.00470563	0.2	31.989	195.367	0
0.04	0.00470563	0.2	34.2768	206.015	0
0.04	0.00470563	0.2	36.7282	239.528	0
0.04	0.00470563	0.2	39.355	216.719	0
0.04	0.00470563	0.2	42.1697	235.866	0
0.04	0.00470563	0.2	45.1856	239.411	0
0.04	0.00470563	0.2	48.4172	220.473	0
0.04	0.00470563	0.2	51.88	226.826	0
0.04	0.00470563	0.2	55.5904	217.422	0
0.04	0.00470563	0.2	59.5662	225.13	0
0.04	0.00470563	0.2	63.8263	175.315	0
0.04	0.00470563	0.2	68.3912	189.721	0
0.04	0.00470563	0.2	73.2825	223.983	0
0.04	0.00470563	0.2	78.5236	217.814	0
0.04	0.00470563	0.2	84.1395	181.672	0
0.04	0.00470563	0.2	90.1571	192.005	0
0.04	0.00470563	0.2	96.6051	203.693	0
0.04	0.00514125	0.2	0.103514	325.922	0
0.04	0.00514125	0.2	0.110917	325.404	0
0.04	0.00514125	0.2	0.11885	324.81	0
0.04	0.00514125	0.2	0.12735	324.131	0
0.04	0.00514125	0.2	0.136458	323.356	0
0.04	0.00514125	0.2	0.146218	322.469	0
0.04	0.00514125	0.2	0.156675	321.457	0
0.04	0.00514125	0.2	0.16788	320.303	0
0.04	0.00514125	0.2	0.179887	318.988	0
0.04	0.00514125	0.2	0.192752	317.49	0
0.04	0.00514125	0.2	0.206538	315.788	0
0.04	0.00514125	0.2	0.221309	313.856	0
0.04	0.00514125	0.2	0.237137	311.666	0
0.04	0.00514125	0.2	0.254097	309.188	0
0.04	0.00514125	0.2	0.27227	306.392	0
0.04	0.00514125	0.2	0.291743	303.242	0
0.04	0.00514125	0.2	0.312608	299.706	0
0.04	0.00514125	0.2	0.334965	295.747	0
0.04	0.00514125	0.2	0.358922	291.331	0
0.04	0.00514125	0.2	0.384592	286.425	0
0.04	0.00514125	0.2	0.412098	280.999	0
0.04	0.00514125	0.2	0.44157	275.03	0
0.04	0.00514125	0.2	0.473151	268.501	0
0.04	0.00514125	0.2	0.506991	261.406	0
0.04	0.00514125	0.2	0.54325	253.75	0
0.04	0.00514125	0.2	0.582103	245.556	0
0.04	0.00514125	0.2	0.623735	236.863	0
0.04	0.00514125	0.2	0.668344	227.73	0
0.04	0.00514125	0.2	0.716143	218.236	0
0.04	0.00514125	0.2	0.767361	208.48	0
0.04	0.00514125	0.2	0.822243	198.577	0
0.04	0.00514125	0.2	0.881049	188.658	0
0.04	0.00514125	0.2	0.944061	178.862	0
0.04	0.00514125	0.2	1.01158	169.336	0
0.04	0.00514125	0.2	1.08393	160.225	0
0.04	0.00514125	0.2	1.16145	151.678	0
0.04	0.00514125	0.2	1.24451	143.845	0
0.04	0.00514125	0.2	1.33352	136.882	0
0.04	0.00514125	0.2	1.42889	130.961	0
0.04	0.00514125	0.2	1.53109	126.268	0
0.04	0.00514125	0.2	1.64059	123.01	0
0.04	0.00514125	0.2	1.75792	121.404	0
0.04	0.00514125	0.2	1.88365	121.665	0
0.04	0.00514125	0.2	2.01837	123.984	0
0.04	0.00514125	0.2	2.16272	128.509	0
0.04	0.00514125	0.2	2.31739	135.319	0
0.04	0.00514125	0.2	2.48313	144.392	0
0.04	0.00514125	0.2	2.66073	155.518	0
0.04	0.00514125	0.2	2.85102	168.095	0
0.04	0.00514125	0.2	3.05492	180.845	0
0.04	0.00514125	0.2	3.27341	191.734	0
0.04	0.00514125	0.2	3.50752	198.407	0
0.04	0.00514125	0.2	3.75837	198.871	0
0.04	0.00514125	0.2	4.02717	191.719	0
0.04	0.00514125	0.2	4.31519	176.175	0
0.04	0.00514125	0.2	4.62381	152.943	0
0.04	0.00514125	0.2	4.9545	124.959	0
0.04	0.00514125	0.2	5.30884	97.0996	0
0.04	0.00514125	0.2	5.68853	75.7862	0
0.04	0.00514125	0.2	6.09537	67.019	0
0.04	0.00514125	0.2	6.53131	73.5709	0
0.04	0.00514125	0.2	6.99842	94.8333	0
0.04	0.00514125	0.2	7.49894	125.927	0
0.04	0.00514125	0.2	8.03526	157.198	0
0.04	0.00514125	0.2	8.60994	174.814	0
0.04	0.00514125	0.2	9.22571	172.07	0
0.04	0.00514125	0.2	9.88553	154.578	0
0.04	0.00514125	0.2	10.5925	131.075	0
0.04	0.00514125	0.2	11.3501	111.58	0
0.04	0.00514125	0.2	12.1619	106.763	0
0.04	0.00514125	0.2	13.0317	122.096	0
0.04	0.00514125	0.2	13.9637	149.084	0
0.04	0.00514125	0.2	14.9624	168.842	0
0.04	0.00514125	0.2	16.0325	170.668	0
0.04	0.00514125	0.2	17.1791	174.243	0
0.04	0.00514125	0.2	18.4077	193.742	0
0.04	0.00514125	0.2	19.7242	213.367	0
0.04	0.00514125	0.2	21.1349	217.269	0
0.04	0.00514125	0.2	22.6464	220.031	0
0.04	0.00514125	0.2	24.2661	202.905	0
0.04	0.00514125	0.2	26.0016	160.495	0
0.04	0.00514125	0.2	27.8612	170.173	0
0.04	0.00514125	0.2	29.8538	216.76	0
0.04	0.00514125	0.2	31.989	183.848	0
0.04	0.00514125	0.2	34.2768	197.362	0
0.04	0.00514125	0.2	36.7282	235.924	0
0.04	0.00514125	0.2	39.355	211.167	0
0.04	0.00514125	0.2	42.1697	236.218	0
0.04	0.00514125	0.2	45.1856	238.914	0
0.04	0.00514125	0.2	48.4172	215.623	0
0.04	0.00514125	0.2	51.88	220.983	0
0.04	0.00514125	0.2	55.5904	207.114	0
0.04	0.00514125	0.2	59.5662	220.041	0
0.04	0.00514125	0.2	63.8263	167.545	0
0.04	0.00514125	0.2	68.3912	182.969	0
0.04	0.00514125	0.2	73.2825	214.951	0
0.04	0.00514125	0.2	78.5236	209.713	0
0.04	0.00514125	0.2	84.1395	172.946	0
0.04	0.00514125	0.2	90.1571	182.59	0
0.04	0.00514125	0.2	96.6051	194.86	0
0.04	0.0056172	0.2	0.103514	325.636	0
0.04	0.0056172	0.2	0.110917	325.076	0
0.04	0.0056172	0.2	0.11885	324.435	0
0.04	0.0056172	0.2	0.12735	323.702	0
0.04	0.0056172	0.2	0.136458	322.864	0
0.04	0.0056172	0.2	0.146218	321.907	0
0.04	0.0056172	0.2	0.156675	320.815	0
0.04	0.0056172	0.2	0.16788	319.569	0
0.04	0.0056172	0.2	0.179887	318.15	0
0.04	0.0056172	0.2	0.192752	316.534	0
0.04	0.0056172	0.2	0.206538	314.699	0
0.04	0.0056172	0.2	0.221309	312.616	0
0.04	0.0056172	0.2	0.237137	310.256	0
0.04	0.0056172	0.2	0.254097	307.588	0
0.04	0.0056172	0.2	0.27227	304.578	0
0.04	0.0056172	0.2	0.291743	301.19	0
0.04	0.0056172	0.2	0.312608	297.389	0
0.04	0.0056172	0.2	0.334965	293.137	0
0.04	0.0056172	0.2	0.358922	288.399	0
0.04	0.0056172	0.2	0.384592	283.141	0
0.04	0.0056172	0.2	0.412098	277.334	0
0.04	0.0056172	0.2	0.44157	270.954	0
0.04	0.0056172	0.2	0.473151	263.988	0
0.04	0.0056172	0.2	0.506991	256.431	0
0.04	0.0056172	0.2	0.54325	248.296	0
0.04	0.0056172	0.2	0.582103	239.611	0
0.04	0.0056172	0.2	0.623735	230.424	0
0.04	0.0056172	0.2	0.668344	220.803	0
0.04	0.0056172	0.2	0.716143	210.838	0
0.04	0.0056172	0.2	0.767361	200.642	0
0.04	0.0056172	0.2	0.822243	190.341	0
0.04	0.0056172	0.2	0.881049	180.079	0
0.04	0.0056172	0.2	0.944061	170.006	0
0.04	0.0056172	0.2	1.01158	160.276	0
0.04	0.0056172	0.2	1.08393	151.042	0
0.04	0.0056172	0.2	1.16145	142.454	0
0.04	0.0056172	0.2	1.24451	134.661	0
0.04	0.0056172	0.2	1.33352	127.814	0
0.04	0.0056172	0.2	1.42889	122.073	0
0.04	0.0056172	0.2	1.53109	117.613	0
0.04	0.0056172	0.2	1.64059	114.621	0
0.04	0.0056172	0.2	1.75792	113.291	0
0.04	0.0056172	0.2	1.88365	113.812	0
0.04	0.0056172	0.2	2.01837	116.343	0
0.04	0.0056172	0.2	2.16272	120.994	0
0.04	0.0056172	0.2	2.31739	127.798	0
0.04	0.0056172	0.2	2.48313	136.679	0
0.04	0.0056172	0.2	2.66073	147.37	0
0.04	0.0056172	0.2	2.85102	159.22	0
0.04	0.0056172	0.2	3.05492	170.928	0
0.04	0.0056172	0.2	3.27341	180.496	0
0.04	0.0056172	0.2	3.50752	185.698	0
0.04	0.0056172	0.2	3.75837	184.775	0
0.04	0.0056172	0.2	4.02717	176.594	0
0.04	0.0056172	0.2	4.31519	160.573	0
0.04	0.0056172	0.2	4.62381	137.447	0
0.04	0.0056172	0.2	4.9545	110.02	0
0.04	0.0056172	0.2	5.30884	82.9722	0
0.04	0.0056172	0.2	5.68853	62.5442	0
0.04	0.0056172	0.2	6.09537	54.5632	0
0.04	0.0056172	0.2	6.53131	61.6155	0
0.04	0.0056172	0.2	6.99842	82.9036	0
0.04	0.0056172	0.2	7.49894	113.499	0
0.04	0.0056172	0.2	8.03526	143.832	0
0.04	0.0056172	0.2	8.60994	160.097	0
0.04	0.0056172	0.2	9.22571	156.206	0
0.04	0.0056172	0.2	9.88553	139.208	0
0.04	0.0056172	0.2	10.5925	118.394	0
0.04	0.0056172	0.2	11.3501	102.799	0
0.04	0.0056172	0.2	12.1619	101.232	0
0.04	0.0056172	0.2	13.0317	118.081	0
0.04	0.0056172	0.2	13.9637	144.31	0
0.04	0.0056172	0.2	14.9624	160.887	0
0.04	0.0056172	0.2	16.0325	158.698	0
0.04	0.0056172	0.2	17.1791	160.846	0
0.04	0.0056172	0.2	18.4077	181.819	0
0.04	0.0056172	0.2	19.7242	202.584	0
0.04	0.0056172	0.2	21.1349	207.354	0
0.04	0.0056172	0.2	22.6464	214.62	0
0.04	0.0056172	0.2	24.2661	201.966	0
0.04	0.0056172	0.2	26.0016	155.417	0
0.04	0.0056172	0.2	27.8612	163.643	0
0.04	0.0056172	0.2	29.8538	213.571	0
0.04	0.0056172	0.2	31.989	173.236	0
0.04	0.0056172	0.2	34.2768	189.941	0
0.04	0.0056172	0.2	36.7282	234.032	0
0.04	0.0056172	0.2	39.355	206.621	0
0.04	0.0056172	0.2	42.1697	238.504	0
0.04	0.0056172	0.2	45.1856	239.955	0
0.04	0.0056172	0.2	48.4172	211.806	0
0.04	0.0056172	0.2	51.88	216.495	0
0.04	0.0056172	0.2	55.5904	197.252	0
0.04	0.0056172	0.2	59.5662	215.991	0
0.04	0.0056172	0.2	63.8263	160.321	0
0.04	0.0056172	0.2	68.3912	177.151	0
0.04	0.0056172	0.2	73.2825	206.219	0
0.04	0.0056172	0.2	78.5236	202.14	0
0.04	0.0056172	0.2	84.1395	164.528	0
0.04	0.0056172	0.2	90.1571	173.38	0
0.04	0.0056172	0.2	96.6051	186.338	0
0.04	0.0061372	0.2	0.103514	325.324	0
0.04	0.0061372	0.2	0.110917	324.718	0
0.04	0.0061372	0.2	0.11885	324.026	0
0.04	0.0061372	0.2	0.12735	323.233	0
0.04	0.0061372	0.2	0.136458	322.328	0
0.04	0.0061372	0.2	0.146218	321.294	0
0.04	0.0061372	0.2	0.156675	320.114	0
0.04	0.0061372	0.2	0.16788	318.768	0
0.04	0.0061372	0.2	0.179887	317.236	0
0.04	0.0061372	0.2	0.192752	315.492	0
0.04	0.0061372	0.2	0.206538	313.512	0
0.04	0.0061372	0.2	0.221309	311.265	0
0.04	0.0061372	0.2	0.237137	308.721	0
0.04	0.0061372	0.2	0.254097	305.845	0
0.04	0.0061372	0.2	0.27227	302.603	0
0.04	0.0061372	0.2	0.291743	298.958	0
0.04	0.0061372	0.2	0.312608	294.87	0
0.04	0.0061372	0.2	0.334965	290.302	0
0.04	0.0061372	0.2	0.358922	285.217	0
0.04	0.0061372	0.2	0.384592	279.581	0
0.04	0.0061372	0.2	0.412098	273.364	0
0.04	0.0061372	0.2	0.44157	266.546	0
0.04	0.0061372	0.2	0.473151	259.113	0
0.04	0.0061372	0.2	0.506991	251.068	0
0.04	0.0061372	0.2	0.54325	242.428	0
0.04	0.0061372	0.2	0.582103	233.228	0
0.04	0.0061372	0.2	0.623735	223.526	0
0.04	0.0061372	0.2	0.668344	213.402	0
0.04	0.0061372	0.2	0.716143	202.959	0
0.04	0.0061372	0.2	0.767361	192.322	0
0.04	0.0061372	0.2	0.822243	181.633	0
0.04	0.0061372	0.2	0.881049	171.046	0
0.04	0.0061372	0.2	0.944061	160.724	0
0.04	0.0061372	0.2	1.01158	150.83	0
0.04	0.0061372	0.2	1.08393	141.52	0
0.04	0.0061372	0.2	1.16145	132.945	0
0.04	0.0061372	0.2	1.24451	125.252	0
0.04	0.0061372	0.2	1.33352	118.583	0
0.04	0.0061372	0.2	1.42889	113.086	0
0.04	0.0061372	0.2	1.53109	108.917	0
0.04	0.0061372	0.2	1.64059	106.242	0
0.04	0.0061372	0.2	1.75792	105.232	0
0.04	0.0061372	0.2	1.88365	106.046	0
0.04	0.0061372	0.2	2.01837	108.813	0
0.04	0.0061372	0.2	2.16272	113.607	0
0.04	0.0061372	0.2	2.31739	120.416	0
0.04	0.0061372	0.2	2.48313	129.113	0
0.04	0.0061372	0.2	2.66073	139.37	0
0.04	0.0061372	0.2	2.85102	150.485	0
0.04	0.0061372	0.2	3.05492	161.131	0
0.04	0.0061372	0.2	3.27341	169.343	0
0.04	0.0061372	0.2	3.50752	173.031	0
0.04	0.0061372	0.2	3.75837	170.688	0
0.04	0.0061372	0.2	4.02717	161.473	0
0.04	0.0061372	0.2	4.31519	145.02	0
0.04	0.0061372	0.2	4.62381	122.084	0
0.04	0.0061372	0.2	4.9545	95.3044	0
0.04	0.0061372	0.2	5.30884	69.1319	0
0.04	0.0061372	0.2	5.68853	49.617	0
0.04	0.0061372	0.2	6.09537	42.4261	0
0.04	0.0061372	0.2	6.53131	49.9988	0
0.04	0.0061372	0.2	6.99842	71.3747	0
0.04	0.0061372	0.2	7.49894	101.587	0
0.04	0.0061372	0.2	8.03526	131.115	0
0.04	0.0061372	0.2	8.60994	146.084	0
0.04	0.0061372	0.2	9.22571	140.995	0
0.04	0.0061372	0.2	9.88553	124.489	0
0.04	0.0061372	0.2	10.5925	106.487	0
0.04	0.0061372	0.2	11.3501	95.0023	0
0.04	0.0061372	0.2	12.1619	96.9048	0
0.04	0.0061372	0.2	13.0317	115.435	0
0.04	0.0061372	0.2	13.9637	140.899	0
0.04	0.0061372	0.2	14.9624	154.031	0
0.04	0.0061372	0.2	16.0325	147.496	0
0.04	0.0061372	0.2	17.1791	148.375	0
0.04	0.0061372	0.2	18.4077	171.413	0
0.04	0.0061372	0.2	19.7242	193.462	0
0.04	0.0061372	0.2	21.1349	198.71	0
0.04	0.0061372	0.2	22.6464	210.792	0
0.04	0.0061372	0.2	24.2661	203.355	0
0.04	0.0061372	0.2	26.0016	152.164	0
0.04	0.0061372	0.2	27.8612	158.934	0
0.04	0.0061372	0.2	29.8538	213.048	0
0.04	0.0061372	0.2	31.989	163.996	0
0.04	0.0061372	0.2	34.2768	184.255	0
0.04	0.0061372	0.2	36.7282	234.402	0
0.04	0.0061372	0.2	39.355	203.469	0
0.04	0.0061372	0.2	42.1697	243.267	0
0.04	0.0061372	0.2	45.1856	242.98	0
0.04	0.0061372	0.2	48.4172	209.403	0
0.04	0.0061372	0.2	51.88	213.851	0
0.04	0.0061372	0.2	55.5904	188.15	0
0.04	0.0061372	0.2	59.5662	213.364	0
0.04	0.0061372	0.2	63.8263	153.935	0
0.04	0.0061372	0.2	68.3912	172.655	0
0.04	0.0061372	0.2	73.2825	198.032	0
0.04	0.0061372	0.2	78.5236	195.389	0
0.04	0.0061372	0.2	84.1395	156.664	0
0.04	0.0061372	0.2	90.1571	164.6	0
0.04	0.0061372	0.2	96.6051	178.372	0
0.04	0.00670535	0.2	0.103514	324.983	0
0.04	0.00670535	0.2	0.110917	324.328	0
0.04	0.00670535	0.2	0.11885	323.578	0
0.04	0.00670535	0.2	0.12735	322.722	0
0.04	0.00670535	0.2	0.136458	321.742	0
0.04	0.00670535	0.2	0.146218	320.624	0
0.04	0.00670535	0.2	0.156675	319.349	0
0.04	0.00670535	0.2	0.16788	317.895	0
0.04	0.00670535	0.2	0.179887	316.239	0
0.04	0.00670535	0.2	0.192752	314.356	0
0.04	0.00670535	0.2	0.206538	312.217	0
0.04	0.00670535	0.2	0.221309	309.793	0
0.04	0.00670535	0.2	0.237137	307.048	0
0.04	0.00670535	0.2	0.254097	303.949	0
0.04	0.00670535	0.2	0.27227	300.456	0
0.04	0.00670535	0.2	0.291743	296.531	0
0.04	0.00670535	0.2	0.312608	292.134	0
0.04	0.00670535	0.2	0.334965	287.225	0
0.04	0.00670535	0.2	0.358922	281.766	0
0.04	0.00670535	0.2	0.384592	275.724	0
0.04	0.00670535	0.2	0.412098	269.069	0
0.04	0.00670535	0.2	0.44157	261.783	0
0.04	0.00670535	0.2	0.473151	253.856	0
0.04	0.00670535	0.2	0.506991	245.294	0
0.04	0.00670535	0.2	0.54325	236.123	0
0.04	0.00670535	0.2	0.582103	226.386	0
0.04	0.00670535	0.2	0.623735	216.153	0
0.04	0.00670535	0.2	0.668344	205.516	0
0.04	0.00670535	0.2	0.716143	194.593	0
0.04	0.00670535	0.2	0.767361	183.524	0
0.04	0.00670535	0.2	0.822243	172.464	0
0.04	0.00670535	0.2	0.881049	161.583	0
0.04	0.00670535	0.2	0.944061	151.054	0
0.04	0.00670535	0.2	1.01158	141.048	0
0.04	0.00670535	0.2	1.08393	131.725	0
0.04	0.00670535	0.2	1.16145	123.235	0
0.04	0.00670535	0.2	1.24451	115.718	0
0.04	0.00670535	0.2	1.33352	109.305	0
0.04	0.00670535	0.2	1.42889	104.128	0
0.04	0.00670535	0.2	1.53109	100.322	0
0.04	0.00670535	0.2	1.64059	98.0284	0
0.04	0.00670535	0.2	1.75792	97.3885	0
0.04	0.00670535	0.2	1.88365	98.5334	0
0.04	0.00670535	0.2	2.01837	101.563	0
0.04	0.00670535	0.2	2.16272	106.518	0
0.04	0.00670535	0.2	2.31739	113.348	0
0.04	0.00670535	0.2	2.48313	121.872	0
0.04	0.00670535	0.2	2.66073	131.706	0
0.04	0.00670535	0.2	2.85102	142.089	0
0.04	0.00670535	0.2	3.05492	151.664	0
0.04	0.00670535	0.2	3.27341	158.499	0
0.04	0.00670535	0.2	3.50752	160.646	0
0.04	0.00670535	0.2	3.75837	156.863	0
0.04	0.00670535	0.2	4.02717	146.63	0
0.04	0.00670535	0.2	4.31519	129.808	0
0.04	0.00670535	0.2	4.62381	107.169	0
0.04	0.00670535	0.2	4.9545	81.1431	0
0.04	0.00670535	0.2	5.30884	55.9137	0
0.04	0.00670535	0.2	5.68853	37.3321	0
0.04	0.00670535	0.2	6.09537	30.9222	0
0.04	0.00670535	0.2	6.53131	39.0323	0
0.04	0.00670535	0.2	6.99842	60.5753	0
0.04	0.00670535	0.2	7.49894	90.5598	0
0.04	0.00670535	0.2	8.03526	119.471	0
0.04	0.00670535	0.2	8.60994	133.242	0
0.04	0.00670535	0.2	9.22571	126.908	0
0.04	0.00670535	0.2	9.88553	110.881	0
0.04	0.00670535	0.2	10.5925	95.8022	0
0.04	0.00670535	0.2	11.3501	88.628	0
0.04	0.00670535	0.2	12.1619	94.2226	0
0.04	0.00670535	0.2	13.0317	114.621	0
0.04	0.00670535	0.2	13.9637	139.327	0
0.04	0.00670535	0.2	14.9624	148.729	0
0.04	0.00670535	0.2	16.0325	137.496	0
0.04	0.00670535	0.2	17.1791	137.334	0
0.04	0.00670535	0.2	18.4077	163.172	0
0.04	0.00670535	0.2	19.7242	186.665	0
0.04	0.00670535	0.2	21.1349	191.876	0
0.04	0.00670535	0.2	22.6464	209.095	0
0.04	0.00670535	0.2	24.2661	207.754	0
0.04	0.00670535	0.2	26.0016	151.345	0
0.04	0.00670535	0.2	27.8612	156.682	0
0.04	0.00670535	0.2	29.8538	216.005	0
0.04	0.00670535	0.2	31.989	156.709	0
0.04	0.00670535	0.2	34.2768	180.934	0
0.04	0.00670535	0.2	36.7282	237.711	0
0.04	0.00670535	0.2	39.355	202.188	0
0.04	0.00670535	0.2	42.1697	251.171	0
0.04	0.00670535	0.2	45.1856	248.537	0
0.04	0.00670535	0.2	48.4172	208.885	0
0.04	0.00670535	0.2	51.88	213.657	0
0.04	0.00670535	0.2	55.5904	180.199	0
0.04	0.00670535	0.2	59.5662	212.639	0
0.04	0.00670535	0.2	63.8263	148.758	0
0.04	0.00670535	0.2	68.3912	169.961	0
0.04	0.00670535	0.2	73.2825	190.702	0
0.04	0.00670535	0.2	78.5236	189.831	0
0.04	0.00670535	0.2	84.1395	149.662	0
0.04	0.00670535	0.2	90.1571	156.537	0
0.04	0.00670535	0.2	96.6051	171.275	0
0.04	0.0073261	0.2	0.103514	324.611	0
0.04	0.0073261	0.2	0.110917	323.902	0
0.04	0.0073261	0.2	0.11885	323.09	0
0.04	0.0073261	0.2	0.12735	322.163	0
0.04	0.0073261	0.2	0.136458	321.103	0
0.04	0.0073261	0.2	0.146218	319.894	0
0.04	0.0073261	0.2	0.156675	318.514	0
0.04	0.0073261	0.2	0.16788	316.942	0
0.04	0.0073261	0.2	0.179887	315.152	0
0.04	0.0073261	0.2	0.192752	313.117	0
0.04	0.0073261	0.2	0.206538	310.807	0
0.04	0.0073261	0.2	0.221309	308.189	0
0.04	0.0073261	0.2	0.237137	305.228	0
0.04	0.0073261	0.2	0.254097	301.885	0
0.04	0.0073261	0.2	0.27227	298.12	0
0.04	0.0073261	0.2	0.291743	293.893	0
0.04	0.0073261	0.2	0.312608	289.162	0
0.04	0.0073261	0.2	0.334965	283.886	0
0.04	0.0073261	0.2	0.358922	278.027	0
0.04	0.0073261	0.2	0.384592	271.549	0
0.04	0.0073261	0.2	0.412098	264.427	0
0.04	0.0073261	0.2	0.44157	256.643	0
0.04	0.0073261	0.2	0.473151	248.192	0
0.04	0.0073261	0.2	0.506991	239.087	0
0.04	0.0073261	0.2	0.54325	229.361	0
0.04	0.0073261	0.2	0.582103	219.069	0
0.04	0.0073261	0.2	0.623735	208.293	0
0.04	0.0073261	0.2	0.668344	197.14	0
0.04	0.0073261	0.2	0.716143	185.743	0
0.04	0.0073261	0.2	0.767361	174.259	0
0.04	0.0073261	0.2	0.822243	162.86	0
0.04	0.0073261	0.2	0.881049	151.729	0
0.04	0.0073261	0.2	0.944061	141.052	0
0.04	0.0073261	0.2	1.01158	131.004	0
0.04	0.0073261	0.2	1.08393	121.75	0
0.04	0.0073261	0.2	1.16145	113.436	0
0.04	0.0073261	0.2	1.24451	106.191	0
0.04	0.0073261	0.2	1.33352	100.133	0
0.04	0.0073261	0.2	1.42889	95.3707	0
0.04	0.0073261	0.2	1.53109	92.0147	0
0.04	0.0073261	0.2	1.64059	90.1762	0
0.04	0.0073261	0.2	1.75792	89.9661	0
0.04	0.0073261	0.2	1.88365	91.486	0
0.04	0.0073261	0.2	2.01837	94.8084	0
0.04	0.0073261	0.2	2.16272	99.9464	0
0.04	0.0073261	0.2	2.31739	106.815	0
0.04	0.0073261	0.2	2.48313	115.187	0
0.04	0.0073261	0.2	2.66073	124.618	0
0.04	0.0073261	0.2	2.85102	134.286	0
0.04	0.0073261	0.2	3.05492	142.798	0
0.04	0.0073261	0.2	3.27341	148.252	0
0.04	0.0073261	0.2	3.50752	148.85	0
0.04	0.0073261	0.2	3.75837	143.629	0
0.04	0.0073261	0.2	4.02717	132.413	0
0.04	0.0073261	0.2	4.31519	115.316	0
0.04	0.0073261	0.2	4.62381	93.1071	0
0.04	0.0073261	0.2	4.9545	67.9581	0
0.04	0.0073261	0.2	5.30884	43.7436	0
0.04	0.0073261	0.2	5.68853	26.1048	0
0.04	0.0073261	0.2	6.09537	20.4503	0
0.04	0.0073261	0.2	6.53131	29.1103	0
0.04	0.0073261	0.2	6.99842	50.9207	0
0.04	0.0073261	0.2	7.49894	80.8845	0
0.04	0.0073261	0.2	8.03526	109.436	0
0.04	0.0073261	0.2	8.60994	122.154	0
0.04	0.0073261	0.2	9.22571	114.537	0
0.04	0.0073261	0.2	9.88553	98.9653	0
0.04	0.0073261	0.2	10.5925	86.9023	0
0.04	0.0073261	0.2	11.3501	84.2213	0
0.04	0.0073261	0.2	12.1619	93.7327	0
0.04	0.0073261	0.2	13.0317	116.209	0
0.04	0.0073261	0.2	13.9637	140.178	0
0.04	0.0073261	0.2	14.9624	145.548	0
0.04	0.0073261	0.2	16.0325	129.241	0
0.04	0.0073261	0.2	17.1791	128.355	0
0.04	0.0073261	0.2	18.4077	157.896	0
0.04	0.0073261	0.2	19.7242	183.019	0
0.04	0.0073261	0.2	21.1349	187.523	0
0.04	0.0073261	0.2	22.6464	210.205	0
0.04	0.0073261	0.2	24.2661	215.992	0
0.04	0.0073261	0.2	26.0016	153.712	0
0.04	0.0073261	0.2	27.8612	157.672	0
0.04	0.0073261	0.2	29.8538	223.441	0
0.04	0.0073261	0.2	31.989	152.096	0
0.04	0.0073261	0.2	34.2768	180.75	0
0.04	0.0073261	0.2	36.7282	244.788	0
0.04	0.0073261	0.2	39.355	203.368	0
0.04	0.0073261	0.2	42.1697	263.025	0
0.04	0.0073261	0.2	45.1856	257.29	0
0.04	0.0073261	0.2	48.4172	210.832	0
0.04	0.0073261	0.2	51.88	216.655	0
0.04	0.0073261	0.2	55.5904	173.891	0
0.04	0.0073261	0.2	59.5662	214.402	0
0.04	0.0073261	0.2	63.8263	145.246	0
0.04	0.0073261	0.2	68.3912	169.66	0
0.04	0.0073261	0.2	73.2825	184.621	0
0.04	0.0073261	0.2	78.5236	185.925	0
0.04	0.0073261	0.2	84.1395	143.906	0
0.04	0.0073261	0.2	90.1571	149.554	0
0.04	0.0073261	0.2	96.6051	165.436	0
0.04	0.0080043	0.2	0.103514	324.205	0
0.04	0.0080043	0.2	0.110917	323.436	0
0.04	0.0080043	0.2	0.11885	322.558	0
0.04	0.0080043	0.2	0.12735	321.554	0
0.04	0.0080043	0.2	0.136458	320.406	0
0.04	0.0080043	0.2	0.146218	319.097	0
0.04	0.0080043	0.2	0.156675	317.604	0
0.04	0.0080043	0.2	0.16788	315.903	0
0.04	0.0080043	0.2	0.179887	313.967	0
0.04	0.0080043	0.2	0.192752	311.767	0
0.04	0.0080043	0.2	0.206538	309.271	0
0.04	0.0080043	0.2	0.221309	306.443	0
0.04	0.0080043	0.2	0.237137	303.246	0
0.04	0.0080043	0.2	0.254097	299.64	0
0.04	0.0080043	0.2	0.27227	295.582	0
0.04	0.0080043	0.2	0.291743	291.029	0
0.04	0.0080043	0.2	0.312608	285.938	0
0.04	0.0080043	0.2	0.334965	280.267	0
0.04	0.0080043	0.2	0.358922	273.978	0
0.04	0.0080043	0.2	0.384592	267.035	0
0.04	0.0080043	0.2	0.412098	259.415	0
0.04	0.0080043	0.2	0.44157	251.103	0
0.04	0.0080043	0.2	0.473151	242.1	0
0.04	0.0080043	0.2	0.506991	232.427	0
0.04	0.0080043	0.2	0.54325	222.126	0
0.04	0.0080043	0.2	0.582103	211.264	0
0.04	0.0080043	0.2	0.623735	199.939	0
0.04	0.0080043	0.2	0.668344	188.273	0
0.04	0.0080043	0.2	0.716143	176.419	0
0.04	0.0080043	0.2	0.767361	164.551	0
0.04	0.0080043	0.2	0.822243	152.86	0
0.04	0.0080043	0.2	0.881049	141.542	0
0.04	0.0080043	0.2	0.944061	130.794	0
0.04	0.0080043	0.2	1.01158	120.799	0
0.04	0.0080043	0.2	1.08393	111.72	0
0.04	0.0080043	0.2	1.16145	103.697	0
0.04	0.0080043	0.2	1.24451	96.8457	0
0.04	0.0080043	0.2	1.33352	91.2624	0
0.04	0.0080043	0.2	1.42889	87.0313	0
0.04	0.0080043	0.2	1.53109	84.2303	0
0.04	0.0080043	0.2	1.64059	82.9364	0
0.04	0.0080043	0.2	1.75792	83.2263	0
0.04	0.0080043	0.2	1.88365	85.1715	0
0.04	0.0080043	0.2	2.01837	88.8206	0
0.04	0.0080043	0.2	2.16272	94.1661	0
0.04	0.0080043	0.2	2.31739	101.097	0
0.04	0.0080043	0.2	2.48313	109.345	0
0.04	0.0080043	0.2	2.66073	118.407	0
0.04	0.0080043	0.2	2.85102	127.396	0
0.04	0.0080043	0.2	3.05492	134.874	0
0.04	0.0080043	0.2	3.27341	138.968	0
0.04	0.0080043	0.2	3.50752	138.033	0
0.04	0.0080043	0.2	3.75837	131.403	0
0.04	0.0080043	0.2	4.02717	119.27	0
0.04	0.0080043	0.2	4.31519	102.02	0
0.04	0.0080043	0.2	4.62381	80.4082	0
0.04	0.0080043	0.2	4.9545	56.2823	0
0.04	0.0080043	0.2	5.30884	33.1581	0
0.04	0.0080043	0.2	5.68853	16.458	0
0.04	0.0080043	0.2	6.09537	11.512	0
0.04	0.0080043	0.2	6.53131	20.7284	0
0.04	0.0080043	0.2	6.99842	42.9321	0
0.04	0.0080043	0.2	7.49894	73.1451	0
0.04	0.0080043	0.2	8.03526	101.678	0
0.04	0.0080043	0.2	8.60994	113.554	0
0.04	0.0080043	0.2	9.22571	104.627	0
0.04	0.0080043	0.2	9.88553	89.4693	0
0.04	0.0080043	0.2	10.5925	80.4882	0
0.04	0.0080043	0.2	11.3501	82.4578	0
0.04	0.0080043	0.2	12.1619	96.1084	0
0.04	0.0080043	0.2	13.0317	120.898	0
0.04	0.0080043	0.2	13.9637	144.172	0
0.04	0.0080043	0.2	14.9624	145.187	0
0.04	0.0080043	0.2	16.0325	123.408	0
0.04	0.0080043	0.2	17.1791	122.22	0
0.04	0.0080043	0.2	18.4077	156.578	0
0.04	0.0080043	0.2	19.7242	183.544	0
0.04	0.0080043	0.2	21.1349	186.48	0
0.04	0.0080043	0.2	22.6464	214.952	0
0.04	0.0080043	0.2	24.2661	229.085	0
0.04	0.0080043	0.2	26.0016	160.186	0
0.04	0.0080043	0.2	27.8612	162.866	0
0.04	0.0080043	0.2	29.8538	236.579	0
0.04	0.0080043	0.2	31.989	151.051	0
0.04	0.0080043	0.2	34.2768	184.657	0
0.04	0.0080043	0.2	36.7282	256.647	0
0.04	0.0080043	0.2	39.355	207.733	0
0.04	0.0080043	0.2	42.1697	279.811	0
0.04	0.0080043	0.2	45.1856	270.051	0
0.04	0.0080043	0.2	48.4172	215.955	0
0.04	0.0080043	0.2	51.88	223.759	0
0.04	0.0080043	0.2	55.5904	169.834	0
0.04	0.0080043	0.2	59.5662	219.374	0
0.04	0.0080043	0.2	63.8263	143.966	0
0.04	0.0080043	0.2	68.3912	172.483	0
0.04	0.0080043	0.2	73.2825	180.274	0
0.04	0.0080043	0.2	78.5236	184.24	0
0.04	0.0080043	0.2	84.1395	139.879	0
0.04	0.0080043	0.2	90.1571	144.101	0
0.04	0.0080043	0.2	96.6051	161.34	0
0.04	0.0087453	0.2	0.103514	323.761	0
0.04	0.0087453	0.2	0.110917	322.928	0
0.04	0.0087453	0.2	0.11885	321.976	0
0.04	0.0087453	0.2	0.12735	320.888	0
0.04	0.0087453	0.2	0.136458	319.646	0
0.04	0.0087453	0.2	0.146218	318.228	0
0.04	0.0087453	0.2	0.156675	316.611	0
0.04	0.0087453	0.2	0.16788	314.77	0
0.04	0.0087453	0.2	0.179887	312.676	0
0.04	0.0087453	0.2	0.192752	310.297	0
0.04	0.0087453	0.2	0.206538	307.598	0
0.04	0.0087453	0.2	0.221309	304.543	0
0.04	0.0087453	0.2	0.237137	301.091	0
0.04	0.0087453	0.2	0.254097	297.199	0
0.04	0.0087453	0.2	0.27227	292.824	0
0.04	0.0087453	0.2	0.291743	287.92	0
0.04	0.0087453	0.2	0.312608	282.442	0
0.04	0.0087453	0.2	0.334965	276.347	0
0.04	0.0087453	0.2	0.358922	269.597	0
0.04	0.0087453	0.2	0.384592	262.159	0
0.04	0.0087453	0.2	0.412098	254.01	0
0.04	0.0087453	0.2	0.44157	245.141	0
0.04	0.0087453	0.2	0.473151	235.56	0
0.04	0.0087453	0.2	0.506991	225.296	0
0.04	0.0087453	0.2	0.54325	214.402	0
0.04	0.0087453	0.2	0.582103	202.963	0
0.04	0.0087453	0.2	0.623735	191.09	0
0.04	0.0087453	0.2	0.668344	178.927	0
0.04	0.0087453	0.2	0.716143	166.646	0
0.04	0.0087453	0.2	0.767361	154.441	0
0.04	0.0087453	0.2	0.822243	142.522	0
0.04	0.0087453	0.2	0.881049	131.102	0
0.04	0.0087453	0.2	0.944061	120.388	0
0.04	0.0087453	0.2	1.01158	110.566	0
0.04	0.0087453	0.2	1.08393	101.798	0
0.04	0.0087453	0.2	1.16145	94.2112	0
0.04	0.0087453	0.2	1.24451	87.9035	0
0.04	0.0087453	0.2	1.33352	82.945	0
0.04	0.0087453	0.2	1.42889	79.3865	0
0.04	0.0087453	0.2	1.53109	77.2678	0
0.04	0.0087453	0.2	1.64059	76.6253	0
0.04	0.0087453	0.2	1.75792	77.4976	0
0.04	0.0087453	0.2	1.88365	79.9259	0
0.04	0.0087453	0.2	2.01837	83.9402	0
0.04	0.0087453	0.2	2.16272	89.5216	0
0.04	0.0087453	0.2	2.31739	96.544	0
0.04	0.0087453	0.2	2.48313	104.707	0
0.04	0.0087453	0.2	2.66073	113.451	0
0.04	0.0087453	0.2	2.85102	121.818	0
0.04	0.0087453	0.2	3.05492	128.32	0
0.04	0.0087453	0.2	3.27341	131.106	0
0.04	0.0087453	0.2	3.50752	128.687	0
0.04	0.0087453	0.2	3.75837	120.71	0
0.04	0.0087453	0.2	4.02717	107.761	0
0.04	0.0087453	0.2	4.31519	90.5239	0
0.04	0.0087453	0.2	4.62381	69.7146	0
0.04	0.0087453	0.2	4.9545	46.7836	0
0.04	0.0087453	0.2	5.30884	24.8284	0
0.04	0.0087453	0.2	5.68853	9.04501	0
0.04	0.0087453	0.2	6.09537	4.73407	0
0.04	0.0087453	0.2	6.53131	14.5055	0
0.04	0.0087453	0.2	6.99842	37.2592	0
0.04	0.0087453	0.2	7.49894	68.0685	0
0.04	0.0087453	0.2	8.03526	97.0281	0
0.04	0.0087453	0.2	8.60994	108.351	0
0.04	0.0087453	0.2	9.22571	98.1021	0
0.04	0.0087453	0.2	9.88553	83.2982	0
0.04	0.0087453	0.2	10.5925	77.4291	0
0.04	0.0087453	0.2	11.3501	84.1704	0
0.04	0.0087453	0.2	12.1619	102.176	0
0.04	0.0087453	0.2	13.0317	129.545	0
0.04	0.0087453	0.2	13.9637	152.191	0
0.04	0.0087453	0.2	14.9624	148.51	0
0.04	0.0087453	0.2	16.0325	120.838	0
0.04	0.0087453	0.2	17.1791	119.904	0
0.04	0.0087453	0.2	18.4077	160.439	0
0.04	0.0087453	0.2	19.7242	189.492	0
0.04	0.0087453	0.2	21.1349	189.77	0
0.04	0.0087453	0.2	22.6464	224.351	0
0.04	0.0087453	0.2	24.2661	248.265	0
0.04	0.0087453	0.2	26.0016	171.894	0
0.04	0.0087453	0.2	27.8612	173.443	0
0.04	0.0087453	0.2	29.8538	256.905	0
0.04	0.0087453	0.2	31.989	154.671	0
0.04	0.0087453	0.2	34.2768	193.821	0
0.04	0.0087453	0.2	36.7282	274.519	0
0.04	0.0087453	0.2	39.355	216.169	0
0.04	0.0087453	0.2	42.1697	302.721	0
0.04	0.0087453	0.2	45.1856	287.804	0
0.04	0.0087453	0.2	48.4172	225.122	0
0.04	0.0087453	0.2	51.88	236.08	0
0.04	0.0087453	0.2	55.5904	168.782	0
0.04	0.0087453	0.2	59.5662	228.436	0
0.04	0.0087453	0.2	63.8263	145.617	0
0.04	0.0087453	0.2	68.3912	179.324	0
0.04	0.0087453	0.2	73.2825	178.265	0
0.04	0.0087453	0.2	78.5236	185.481	0
0.04	0.0087453	0.2	84.1395	138.175	0
0.04	0.0087453	0.2	90.1571	140.742	0
0.04	0.0087453	0.2	96.6051	159.588	0
0.04	0.00955489	0.2	0.103514	323.277	0
0.04	0.00955489	0.2	0.110917	322.374	0
0.04	0.00955489	0.2	0.11885	321.342	0
0.04	0.00955489	0.2	0.12735	320.163	0
0.04	0.00955489	0.2	0.136458	318.816	0
0.04	0.00955489	0.2	0.146218	317.28	0
0.04	0.00955489	0.2	0.156675	315.529	0
0.04	0.00955489	0.2	0.16788	313.536	0
0.04	0.00955489	0.2	0.179887	311.269	0
0.04	0.00955489	0.2	0.192752	308.695	0
0.04	0.00955489	0.2	0.206538	305.777	0
0.04	0.00955489	0.2	0.221309	302.475	0
0.04	0.00955489	0.2	0.237137	298.747	0
0.04	0.00955489	0.2	0.254097	294.547	0
0.04	0.00955489	0.2	0.27227	289.829	0
0.04	0.00955489	0.2	0.291743	284.547	0
0.04	0.00955489	0.2	0.312608	278.653	0
0.04	0.00955489	0.2	0.334965	272.105	0
0.04	0.00955489	0.2	0.358922	264.864	0
0.04	0.00955489	0.2	0.384592	256.899	0
0.04	0.00955489	0.2	0.412098	248.191	0
0.04	0.00955489	0.2	0.44157	238.737	0
0.04	0.00955489	0.2	0.473151	228.552	0
0.04	0.00955489	0.2	0.506991	217.677	0
0.04	0.00955489	0.2	0.54325	206.181	0
0.04	0.00955489	0.2	0.582103	194.162	0
0.04	0.00955489	0.2	0.623735	181.754	0
0.04	0.00955489	0.2	0.668344	169.122	0
0.04	0.00955489	0.2	0.716143	156.46	0
0.04	0.00955489	0.2	0.767361	143.987	0
0.04	0.00955489	0.2	0.822243	131.93	0
0.04	0.00955489	0.2	0.881049	120.521	0
0.04	0.00955489	0.2	0.944061	109.974	0
0.04	0.00955489	0.2	1.01158	100.481	0
0.04	0.00955489	0.2	1.08393	92.1934	0
0.04	0.00955489	0.2	1.16145	85.2252	0
0.04	0.00955489	0.2	1.24451	79.6478	0
0.04	0.00955489	0.2	1.33352	75.4977	0
0.04	0.00955489	0.2	1.42889	72.7847	0
0.04	0.00955489	0.2	1.53109	71.5021	0
0.04	0.00955489	0.2	1.64059	71.6385	0
0.04	0.00955489	0.2	1.75792	73.19	0
0.04	0.00955489	0.2	1.88365	76.1685	0
0.04	0.00955489	0.2	2.01837	80.5917	0
0.04	0.00955489	0.2	2.16272	86.4417	0
0.04	0.00955489	0.2	2.31739	93.5922	0
0.04	0.00955489	0.2	2.48313	101.722	0
0.04	0.00955489	0.2	2.66073	110.22	0
0.04	0.00955489	0.2	2.85102	118.052	0
0.04	0.00955489	0.2	3.05492	123.67	0
0.04	0.00955489	0.2	3.27341	125.237	0
0.04	0.00955489	0.2	3.50752	121.426	0
0.04	0.00955489	0.2	3.75837	112.208	0
0.04	0.00955489	0.2	4.02717	98.5896	0
0.04	0.00955489	0.2	4.31519	81.5796	0
0.04	0.00955489	0.2	4.62381	61.8271	0
0.04	0.00955489	0.2	4.9545	40.2936	0
0.04	0.00955489	0.2	5.30884	19.5892	0
0.04	0.00955489	0.2	5.68853	4.67769	0
0.04	0.00955489	0.2	6.09537	0.894906	0
0.04	0.00955489	0.2	6.53131	11.2097	0
0.04	0.00955489	0.2	6.99842	34.7079	0
0.04	0.00955489	0.2	7.49894	66.5548	0
0.04	0.00955489	0.2	8.03526	96.5121	0
0.04	0.00955489	0.2	8.60994	107.668	0
0.04	0.00955489	0.2	9.22571	96.1077	0
0.04	0.00955489	0.2	9.88553	81.5724	0
0.04	0.00955489	0.2	10.5925	78.7983	0
0.04	0.00955489	0.2	11.3501	90.3825	0
0.04	0.00955489	0.2	12.1619	112.945	0
0.04	0.00955489	0.2	13.0317	143.194	0
0.04	0.00955489	0.2	13.9637	165.312	0
0.04	0.00955489	0.2	14.9624	156.574	0
0.04	0.00955489	0.2	16.0325	122.566	0
0.04	0.00955489	0.2	17.1791	122.603	0
0.04	0.00955489	0.2	18.4077	170.978	0
0.04	0.00955489	0.2	19.7242	202.399	0
0.04	0.00955489	0.2	21.1349	198.647	0
0.04	0.00955489	0.2	22.6464	239.643	0
0.04	0.00955489	0.2	24.2661	275.028	0
0.04	0.00955489	0.2	26.0016	190.208	0
0.04	0.00955489	0.2	27.8612	190.842	0
0.04	0.00955489	0.2	29.8538	286.23	0
0.04	0.00955489	0.2	31.989	164.304	0
0.04	0.00955489	0.2	34.2768	209.668	0
0.04	0.00955489	0.2	36.7282	299.899	0
0.04	0.00955489	0.2	39.355	229.755	0
0.04	0.00955489	0.2	42.1697	333.192	0
0.04	0.00955489	0.2	45.1856	311.739	0
0.04	0.00955489	0.2	48.4172	239.394	0
0.04	0.00955489	0.2	51.88	254.976	0
0.04	0.00955489	0.2	55.5904	171.665	0
0.04	0.00955489	0.2	59.5662	242.66	0
0.04	0.00955489	0.2	63.8263	151.055	0
0.04	0.00955489	0.2	68.3912	191.274	0
0.04	0.00955489	0.2	73.2825	179.336	0
0.04	0.00955489	0.2	78.5236	190.508	0
0.04	0.00955489	0.2	84.1395	139.528	0
0.04	0.00955489	0.2	90.1571	140.169	0
0.04	0.00955489	0.2	96.6051	160.921	0
0.04	0.0104394	0.2	0.103514	322.748	0
0.04	0.0104394	0.2	0.110917	321.769	0
0.04	0.0104394	0.2	0.11885	320.65	0
0.04	0.0104394	0.2	0.12735	319.371	0
0.04	0.0104394	0.2	0.136458	317.911	0
0.04	0.0104394	0.2	0.146218	316.246	0
0.04	0.0104394	0.2	0.156675	314.349	0
0.04	0.0104394	0.2	0.16788	312.19	0
0.04	0.0104394	0.2	0.179887	309.736	0
0.04	0.0104394	0.2	0.192752	306.951	0
0.04	0.0104394	0.2	0.206538	303.795	0
0.04	0.0104394	0.2	0.221309	300.226	0
0.04	0.0104394	0.2	0.237137	296.199	0
0.04	0.0104394	0.2	0.254097	291.666	0
0.04	0.0104394	0.2	0.27227	286.58	0
0.04	0.0104394	0.2	0.291743	280.89	0
0.04	0.0104394	0.2	0.312608	274.551	0
0.04	0.0104394	0.2	0.334965	267.518	0
0.04	0.0104394	0.2	0.358922	259.754	0
0.04	0.0104394	0.2	0.384592	251.231	0
0.04	0.0104394	0.2	0.412098	241.935	0
0.04	0.0104394	0.2	0.44157	231.869	0
0.04	0.0104394	0.2	0.473151	221.06	0
0.04	0.0104394	0.2	0.506991	209.561	0
0.04	0.0104394	0.2	0.54325	197.457	0
0.04	0.0104394	0.2	0.582103	184.868	0
0.04	0.0104394	0.2	0.623735	171.95	0
0.04	0.0104394	0.2	0.668344	158.894	0
0.04	0.0104394	0.2	0.716143	145.92	0
0.04	0.0104394	0.2	0.767361	133.27	0
0.04	0.0104394	0.2	0.822243	121.196	0
0.04	0.0104394	0.2	0.881049	109.944	0
0.04	0.0104394	0.2	0.944061	99.7381	0
0.04	0.0104394	0.2	1.01158	90.7681	0
0.04	0.0104394	0.2	1.08393	83.1761	0
0.04	0.0104394	0.2	1.16145	77.0523	0
0.04	0.0104394	0.2	1.24451	72.4353	0
0.04	0.0104394	0.2	1.33352	69.3188	0
0.04	0.0104394	0.2	1.42889	67.6616	0
0.04	0.0104394	0.2	1.53109	67.4005	0
0.04	0.0104394	0.2	1.64059	68.4681	0
0.04	0.0104394	0.2	1.75792	70.8133	0
0.04	0.0104394	0.2	1.88365	74.4193	0
0.04	0.0104394	0.2	2.01837	79.3007	0
0.04	0.0104394	0.2	2.16272	85.457	0
0.04	0.0104394	0.2	2.31739	92.781	0
0.04	0.0104394	0.2	2.48313	100.947	0
0.04	0.0104394	0.2	2.66073	109.296	0
0.04	0.0104394	0.2	2.85102	116.715	0
0.04	0.0104394	0.2	3.05492	121.583	0
0.04	0.0104394	0.2	3.27341	122.072	0
0.04	0.0104394	0.2	3.50752	117.014	0
0.04	0.0104394	0.2	3.75837	106.714	0
0.04	0.0104394	0.2	4.02717	92.6309	0
0.04	0.0104394	0.2	4.31519	76.1237	0
0.04	0.0104394	0.2	4.62381	57.74	0
0.04	0.0104394	0.2	4.9545	37.8426	0
0.04	0.0104394	0.2	5.30884	18.4736	0
0.04	0.0104394	0.2	5.68853	4.36016	0
0.04	0.0104394	0.2	6.09537	0.957142	0
0.04	0.0104394	0.2	6.53131	11.7906	0
0.04	0.0104394	0.2	6.99842	36.2728	0
0.04	0.0104394	0.2	7.49894	69.7136	0
0.04	0.0104394	0.2	8.03526	101.395	0
0.04	0.0104394	0.2	8.60994	112.892	0
0.04	0.0104394	0.2	9.22571	100.056	0
0.04	0.0104394	0.2	9.88553	85.6728	0
0.04	0.0104394	0.2	10.5925	85.9147	0
0.04	0.0104394	0.2	11.3501	102.347	0
0.04	0.0104394	0.2	12.1619	129.648	0
0.04	0.0104394	0.2	13.0317	163.116	0
0.04	0.0104394	0.2	13.9637	184.845	0
0.04	0.0104394	0.2	14.9624	170.672	0
0.04	0.0104394	0.2	16.0325	129.865	0
0.04	0.0104394	0.2	17.1791	131.789	0
0.04	0.0104394	0.2	18.4077	190.026	0
0.04	0.0104394	0.2	19.7242	224.14	0
0.04	0.0104394	0.2	21.1349	214.644	0
0.04	0.0104394	0.2	22.6464	262.338	0
0.04	0.0104394	0.2	24.2661	311.186	0
0.04	0.0104394	0.2	26.0016	216.798	0
0.04	0.0104394	0.2	27.8612	216.816	0
0.04	0.0104394	0.2	29.8538	326.746	0
0.04	0.0104394	0.2	31.989	181.599	0
0.04	0.0104394	0.2	34.2768	233.934	0
0.04	0.0104394	0.2	36.7282	334.602	0
0.04	0.0104394	0.2	39.355	249.809	0
0.04	0.0104394	0.2	42.1697	372.966	0
0.04	0.0104394	0.2	45.1856	343.297	0
0.04	0.0104394	0.2	48.4172	260.058	0
0.04	0.0104394	0.2	51.88	282.093	0
0.04	0.0104394	0.2	55.5904	179.621	0
0.04	0.0104394	0.2	59.5662	263.351	0
0.04	0.0104394	0.2	63.8263	161.33	0
0.04	0.0104394	0.2	68.3912	209.663	0
0.04	0.0104394	0.2	73.2825	184.403	0
0.04	0.0104394	0.2	78.5236	200.377	0
0.04	0.0104394	0.2	84.1395	144.84	0
0.04	0.0104394	0.2	90.1571	143.237	0
0.04	0.0104394	0.2	96.6051	166.25	0
0.04	0.0114058	0.2	0.103514	322.171	0
0.04	0.0114058	0.2	0.110917	321.109	0
0.04	0.0114058	0.2	0.11885	319.894	0
0.04	0.0114058	0.2	0.12735	318.507	0
0.04	0.0114058	0.2	0.136458	316.924	0
0.04	0.0114058	0.2	0.146218	315.119	0
0.04	0.0114058	0.2	0.156675	313.063	0
0.04	0.0114058	0.2	0.16788	310.724	0
0.04	0.0114058	0.2	0.179887	308.067	0
0.04	0.0114058	0.2	0.192752	305.052	0
0.04	0.0114058	0.2	0.206538	301.639	0
0.04	0.0114058	0.2	0.221309	297.781	0
0.04	0.0114058	0.2	0.237137	293.431	0
0.04	0.0114058	0.2	0.254097	288.539	0
0.04	0.0114058	0.2	0.27227	283.056	0
0.04	0.0114058	0.2	0.291743	276.93	0
0.04	0.0114058	0.2	0.312608	270.114	0
0.04	0.0114058	0.2	0.334965	262.564	0
0.04	0.0114058	0.2	0.358922	254.246	0
0.04	0.0114058	0.2	0.384592	245.134	0
0.04	0.0114058	0.2	0.412098	235.221	0
0.04	0.0114058	0.2	0.44157	224.52	0
0.04	0.0114058	0.2	0.473151	213.07	0
0.04	0.0114058	0.2	0.506991	200.939	0
0.04	0.0114058	0.2	0.54325	188.234	0
0.04	0.0114058	0.2	0.582103	175.098	0
0.04	0.0114058	0.2	0.623735	161.713	0
0.04	0.0114058	0.2	0.668344	148.3	0
0.04	0.0114058	0.2	0.716143	135.107	0
0.04	0.0114058	0.2	0.767361	122.405	0
0.04	0.0114058	0.2	0.822243	110.47	0
0.04	0.0114058	0.2	0.881049	99.5628	0
0.04	0.0114058	0.2	0.944061	89.9168	0
0.04	0.0114058	0.2	1.01158	81.7162	0
0.04	0.0114058	0.2	1.08393	75.0861	0
0.04	0.0114058	0.2	1.16145	70.0862	0
0.04	0.0114058	0.2	1.24451	66.7126	0
0.04	0.0114058	0.2	1.33352	64.9048	0
0.04	0.0114058	0.2	1.42889	64.5586	0
0.04	0.0114058	0.2	1.53109	65.5428	0
0.04	0.0114058	0.2	1.64059	67.7237	0
0.04	0.0114058	0.2	1.75792	70.9973	0
0.04	0.0114058	0.2	1.88365	75.3204	0
0.04	0.0114058	0.2	2.01837	80.7162	0
0.04	0.0114058	0.2	2.16272	87.2224	0
0.04	0.0114058	0.2	2.31739	94.7754	0
0.04	0.0114058	0.2	2.48313	103.065	0
0.04	0.0114058	0.2	2.66073	111.395	0
0.04	0.0114058	0.2	2.85102	118.569	0
0.04	0.0114058	0.2	3.05492	122.877	0
0.04	0.0114058	0.2	3.27341	122.49	0
0.04	0.0114058	0.2	3.50752	116.395	0
0.04	0.0114058	0.2	3.75837	105.242	0
0.04	0.0114058	0.2	4.02717	90.9684	0
0.04	0.0114058	0.2	4.31519	75.3141	0
0.04	0.0114058	0.2	4.62381	58.6813	0
0.04	0.0114058	0.2	4.9545	40.7018	0
0.04	0.0114058	0.2	5.30884	22.7543	0
0.04	0.0114058	0.2	5.68853	9.32913	0
0.04	0.0114058	0.2	6.09537	6.10615	0
0.04	0.0114058	0.2	6.53131	17.4167	0
0.04	0.0114058	0.2	6.99842	43.1776	0
0.04	0.0114058	0.2	7.49894	78.9079	0
0.04	0.0114058	0.2	8.03526	113.229	0
0.04	0.0114058	0.2	8.60994	125.721	0
0.04	0.0114058	0.2	9.22571	111.68	0
0.04	0.0114058	0.2	9.88553	97.2954	0
0.04	0.0114058	0.2	10.5925	100.395	0
0.04	0.0114058	0.2	11.3501	121.593	0
0.04	0.0114058	0.2	12.1619	153.782	0
0.04	0.0114058	0.2	13.0317	190.856	0
0.04	0.0114058	0.2	13.9637	212.384	0
0.04	0.0114058	0.2	14.9624	192.383	0
0.04	0.0114058	0.2	16.0325	144.293	0
0.04	0.0114058	0.2	17.1791	149.262	0
0.04	0.0114058	0.2	18.4077	219.815	0
0.04	0.0114058	0.2	19.7242	256.998	0
0.04	0.0114058	0.2	21.1349	239.633	0
0.04	0.0114058	0.2	22.6464	294.269	0
0.04	0.0114058	0.2	24.2661	358.929	0
0.04	0.0114058	0.2	26.0016	253.69	0
0.04	0.0114058	0.2	27.8612	253.49	0
0.04	0.0114058	0.2	29.8538	381.107	0
0.04	0.0114058	0.2	31.989	208.564	0
0.04	0.0114058	0.2	34.2768	268.731	0
0.04	0.0114058	0.2	36.7282	380.82	0
0.04	0.0114058	0.2	39.355	277.927	0
0.04	0.0114058	0.2	42.1697	424.137	0
0.04	0.0114058	0.2	45.1856	384.217	0
0.04	0.0114058	0.2	48.4172	288.677	0
0.04	0.0114058	0.2	51.88	319.43	0
0.04	0.0114058	0.2	55.5904	194.041	0
0.04	0.0114058	0.2	59.5662	292.089	0
0.04	0.0114058	0.2	63.8263	177.721	0
0.04	0.0114058	0.2	68.3912	236.109	0
0.04	0.0114058	0.2	73.2825	194.583	0
0.04	0.0114058	0.2	78.5236	216.376	0
0.04	0.0114058	0.2	84.1395	155.213	0
0.04	0.0114058	0.2	90.1571	150.995	0
0.04	0.0114058	0.2	96.6051	176.689	0
0.04	0.0124617	0.2	0.103514	321.542	0
0.04	0.0124617	0.2	0.110917	320.388	0
0.04	0.0124617	0.2	0.11885	319.07	0
0.04	0.0124617	0.2	0.12735	317.565	0
0.04	0.0124617	0.2	0.136458	315.848	0
0.04	0.0124617	0.2	0.146218	313.891	0
0.04	0.0124617	0.2	0.156675	311.662	0
0.04	0.0124617	0.2	0.16788	309.128	0
0.04	0.0124617	0.2	0.179887	306.25	0
0.04	0.0124617	0.2	0.192752	302.986	0
0.04	0.0124617	0.2	0.206538	299.294	0
0.04	0.0124617	0.2	0.221309	295.123	0
0.04	0.0124617	0.2	0.237137	290.425	0
0.04	0.0124617	0.2	0.254097	285.148	0
0.04	0.0124617	0.2	0.27227	279.238	0
0.04	0.0124617	0.2	0.291743	272.645	0
0.04	0.0124617	0.2	0.312608	265.32	0
0.04	0.0124617	0.2	0.334965	257.221	0
0.04	0.0124617	0.2	0.358922	248.316	0
0.04	0.0124617	0.2	0.384592	238.586	0
0.04	0.0124617	0.2	0.412098	228.031	0
0.04	0.0124617	0.2	0.44157	216.676	0
0.04	0.0124617	0.2	0.473151	204.574	0
0.04	0.0124617	0.2	0.506991	191.814	0
0.04	0.0124617	0.2	0.54325	178.527	0
0.04	0.0124617	0.2	0.582103	164.882	0
0.04	0.0124617	0.2	0.623735	151.094	0
0.04	0.0124617	0.2	0.668344	137.416	0
0.04	0.0124617	0.2	0.716143	124.131	0
0.04	0.0124617	0.2	0.767361	111.541	0
0.04	0.0124617	0.2	0.822243	99.9448	0
0.04	0.0124617	0.2	0.881049	89.6231	0
0.04	0.0124617	0.2	0.944061	80.8124	0
0.04	0.0124617	0.2	1.01158	73.6881	0
0.04	0.0124617	0.2	1.08393	68.3504	0
0.04	0.0124617	0.2	1.16145	64.8191	0
0.04	0.0124617	0.2	1.24451	63.0355	0
0.04	0.0124617	0.2	1.33352	62.8718	0
0.04	0.0124617	0.2	1.42889	64.1461	0
0.04	0.0124617	0.2	1.53109	66.6449	0
0.04	0.0124617	0.2	1.64059	70.1564	0
0.04	0.0124617	0.2	1.75792	74.5175	0
0.04	0.0124617	0.2	1.88365	79.6617	0
0.04	0.0124617	0.2	2.01837	85.6359	0
0.04	0.0124617	0.2	2.16272	92.5422	0
0.04	0.0124617	0.2	2.31739	100.392	0
0.04	0.0124617	0.2	2.48313	108.918	0
0.04	0.0124617	0.2	2.66073	117.4	0
0.04	0.0124617	0.2	2.85102	124.548	0
0.04	0.0124617	0.2	3.05492	128.555	0
0.04	0.0124617	0.2	3.27341	127.57	0
0.04	0.0124617	0.2	3.50752	120.733	0
0.04	0.0124617	0.2	3.75837	109.041	0
0.04	0.0124617	0.2	4.02717	94.938	0
0.04	0.0124617	0.2	4.31519	80.5776	0
0.04	0.0124617	0.2	4.62381	66.1621	0
0.04	0.0124617	0.2	4.9545	50.4331	0
0.04	0.0124617	0.2	5.30884	33.9944	0
0.04	0.0124617	0.2	5.68853	21.1024	0
0.04	0.0124617	0.2	6.09537	17.7966	0
0.04	0.0124617	0.2	6.53131	29.5218	0
0.04	0.0124617	0.2	6.99842	56.9219	0
0.04	0.0124617	0.2	7.49894	95.8066	0
0.04	0.0124617	0.2	8.03526	133.913	0
0.04	0.0124617	0.2	8.60994	148.236	0
0.04	0.0124617	0.2	9.22571	133.104	0
0.04	0.0124617	0.2	9.88553	118.516	0
0.04	0.0124617	0.2	10.5925	124.214	0
0.04	0.0124617	0.2	11.3501	149.983	0
0.04	0.0124617	0.2	12.1619	187.168	0
0.04	0.0124617	0.2	13.0317	228.284	0
0.04	0.0124617	0.2	13.9637	249.863	0
0.04	0.0124617	0.2	14.9624	223.625	0
0.04	0.0124617	0.2	16.0325	167.756	0
0.04	0.0124617	0.2	17.1791	177.219	0
0.04	0.0124617	0.2	18.4077	263.062	0
0.04	0.0124617	0.2	19.7242	303.749	0
0.04	0.0124617	0.2	21.1349	275.891	0
0.04	0.0124617	0.2	22.6464	337.659	0
0.04	0.0124617	0.2	24.2661	420.901	0
0.04	0.0124617	0.2	26.0016	303.335	0
0.04	0.0124617	0.2	27.8612	303.444	0
0.04	0.0124617	0.2	29.8538	452.522	0
0.04	0.0124617	0.2	31.989	247.642	0
0.04	0.0124617	0.2	34.2768	316.616	0
0.04	0.0124617	0.2	36.7282	441.199	0
0.04	0.0124617	0.2	39.355	316.045	0
0.04	0.0124617	0.2	42.1697	489.231	0
0.04	0.0124617	0.2	45.1856	436.593	0
0.04	0.0124617	0.2	48.4172	327.144	0
0.04	0.0124617	0.2	51.88	369.402	0
0.04	0.0124617	0.2	55.5904	216.624	0
0.04	0.0124617	0.2	59.5662	330.788	0
0.04	0.0124617	0.2	63.8263	201.782	0
0.04	0.0124617	0.2	68.3912	272.57	0
0.04	0.0124617	0.2	73.2825	211.241	0
0.04	0.0124617	0.2	78.5236	240.073	0
0.04	0.0124617	0.2	84.1395	171.994	0
0.04	0.0124617	0.2	90.1571	164.724	0
0.04	0.0124617	0.2	96.6051	193.597	0
0.04	0.0136154	0.2	0.103514	320.855	0
0.04	0.0136154	0.2	0.110917	319.603	0
0.04	0.0136154	0.2	0.11885	318.172	0
0.04	0.0136154	0.2	0.12735	316.538	0
0.04	0.0136154	0.2	0.136458	314.675	0
0.04	0.0136154	0.2	0.146218	312.552	0
0.04	0.0136154	0.2	0.156675	310.136	0
0.04	0.0136154	0.2	0.16788	307.389	0
0.04	0.0136154	0.2	0.179887	304.272	0
0.04	0.0136154	0.2	0.192752	300.739	0
0.04	0.0136154	0.2	0.206538	296.745	0
0.04	0.0136154	0.2	0.221309	292.237	0
0.04	0.0136154	0.2	0.237137	287.164	0
0.04	0.0136154	0.2	0.254097	281.471	0
0.04	0.0136154	0.2	0.27227	275.104	0
0.04	0.0136154	0.2	0.291743	268.012	0
0.04	0.0136154	0.2	0.312608	260.145	0
0.04	0.0136154	0.2	0.334965	251.465	0
0.04	0.0136154	0.2	0.358922	241.943	0
0.04	0.0136154	0.2	0.384592	231.567	0
0.04	0.0136154	0.2	0.412098	220.349	0
0.04	0.0136154	0.2	0.44157	208.326	0
0.04	0.0136154	0.2	0.473151	195.571	0
0.04	0.0136154	0.2	0.506991	182.196	0
0.04	0.0136154	0.2	0.54325	168.36	0
0.04	0.0136154	0.2	0.582103	154.267	0
0.04	0.0136154	0.2	0.623735	140.166	0
0.04	0.0136154	0.2	0.668344	126.35	0
0.04	0.0136154	0.2	0.716143	113.14	0
0.04	0.0136154	0.2	0.767361	100.871	0
0.04	0.0136154	0.2	0.822243	89.8717	0
0.04	0.0136154	0.2	0.881049	80.4373	0
0.04	0.0136154	0.2	0.944061	72.8063	0
0.04	0.0136154	0.2	1.01158	67.1389	0
0.04	0.0136154	0.2	1.08393	63.5015	0
0.04	0.0136154	0.2	1.16145	61.8618	0
0.04	0.0136154	0.2	1.24451	62.092	0
0.04	0.0136154	0.2	1.33352	63.9801	0
0.04	0.0136154	0.2	1.42889	67.2495	0
0.04	0.0136154	0.2	1.53109	71.5871	0
0.04	0.0136154	0.2	1.64059	76.689	0
0.04	0.0136154	0.2	1.75792	82.3256	0
0.04	0.0136154	0.2	1.88365	88.4116	0
0.04	0.0136154	0.2	2.01837	95.0371	0
0.04	0.0136154	0.2	2.16272	102.402	0
0.04	0.0136154	0.2	2.31739	110.632	0
0.04	0.0136154	0.2	2.48313	119.537	0
0.04	0.0136154	0.2	2.66073	128.386	0
0.04	0.0136154	0.2	2.85102	135.798	0
0.04	0.0136154	0.2	3.05492	139.844	0
0.04	0.0136154	0.2	3.27341	138.638	0
0.04	0.0136154	0.2	3.50752	131.455	0
0.04	0.0136154	0.2	3.75837	119.644	0
0.04	0.0136154	0.2	4.02717	106.181	0
0.04	0.0136154	0.2	4.31519	93.666	0
0.04	0.0136154	0.2	4.62381	82.0354	0
0.04	0.0136154	0.2	4.9545	68.9499	0
0.04	0.0136154	0.2	5.30884	54.1066	0
0.04	0.0136154	0.2	5.68853	41.5372	0
0.04	0.0136154	0.2	6.09537	37.8081	0
0.04	0.0136154	0.2	6.53131	49.8595	0
0.04	0.0136154	0.2	6.99842	79.3387	0
0.04	0.0136154	0.2	7.49894	122.447	0
0.04	0.0136154	0.2	8.03526	165.762	0
0.04	0.0136154	0.2	8.60994	182.972	0
0.04	0.0136154	0.2	9.22571	166.92	0
0.04	0.0136154	0.2	9.88553	151.87	0
0.04	0.0136154	0.2	10.5925	159.779	0
0.04	0.0136154	0.2	11.3501	189.779	0
0.04	0.0136154	0.2	12.1619	232.009	0
0.04	0.0136154	0.2	13.0317	277.664	0
0.04	0.0136154	0.2	13.9637	299.62	0
0.04	0.0136154	0.2	14.9624	266.729	0
0.04	0.0136154	0.2	16.0325	202.572	0
0.04	0.0136154	0.2	17.1791	218.334	0
0.04	0.0136154	0.2	18.4077	323.06	0
0.04	0.0136154	0.2	19.7242	367.757	0
0.04	0.0136154	0.2	21.1349	326.181	0
0.04	0.0136154	0.2	22.6464	395.196	0
0.04	0.0136154	0.2	24.2661	500.285	0
0.04	0.0136154	0.2	26.0016	368.698	0
0.04	0.0136154	0.2	27.8612	369.795	0
0.04	0.0136154	0.2	29.8538	544.856	0
0.04	0.0136154	0.2	31.989	301.799	0
0.04	0.0136154	0.2	34.2768	380.685	0
0.04	0.0136154	0.2	36.7282	518.929	0
0.04	0.0136154	0.2	39.355	366.504	0
0.04	0.0136154	0.2	42.1697	571.28	0
0.04	0.0136154	0.2	45.1856	502.946	0
0.04	0.0136154	0.2	48.4172	377.745	0
0.04	0.0136154	0.2	51.88	434.929	0
0.04	0.0136154	0.2	55.5904	249.432	0
0.04	0.0136154	0.2	59.5662	381.759	0
0.04	0.0136154	0.2	63.8263	235.402	0
0.04	0.0136154	0.2	68.3912	321.418	0
0.04	0.0136154	0.2	73.2825	236.039	0
0.04	0.0136154	0.2	78.5236	273.37	0
0.04	0.0136154	0.2	84.1395	196.82	0
0.04	0.0136154	0.2	90.1571	185.986	0
0.04	0.0136154	0.2	96.6051	218.63	0
0.04	0.0148758	0.2	0.103514	320.106	0
0.04	0.0148758	0.2	0.110917	318.745	0
0.04	0.0148758	0.2	0.11885	317.191	0
0.04	0.0148758	0.2	0.12735	315.418	0
0.04	0.0148758	0.2	0.136458	313.397	0
0.04	0.0148758	0.2	0.146218	311.094	0
0.04	0.0148758	0.2	0.156675	308.474	0
0.04	0.0148758	0.2	0.16788	305.497	0
0.04	0.0148758	0.2	0.179887	302.12	0
0.04	0.0148758	0.2	0.192752	298.296	0
0.04	0.0148758	0.2	0.206538	293.976	0
0.04	0.0148758	0.2	0.221309	289.104	0
0.04	0.0148758	0.2	0.237137	283.627	0
0.04	0.0148758	0.2	0.254097	277.489	0
0.04	0.0148758	0.2	0.27227	270.633	0
0.04	0.0148758	0.2	0.291743	263.008	0
0.04	0.0148758	0.2	0.312608	254.567	0
0.04	0.0148758	0.2	0.334965	245.274	0
0.04	0.0148758	0.2	0.358922	235.106	0
0.04	0.0148758	0.2	0.384592	224.061	0
0.04	0.0148758	0.2	0.412098	212.162	0
0.04	0.0148758	0.2	0.44157	199.466	0
0.04	0.0148758	0.2	0.473151	186.067	0
0.04	0.0148758	0.2	0.506991	172.108	0
0.04	0.0148758	0.2	0.54325	157.778	0
0.04	0.0148758	0.2	0.582103	143.322	0
0.04	0.0148758	0.2	0.623735	129.032	0
0.04	0.0148758	0.2	0.668344	115.245	0
0.04	0.0148758	0.2	0.716143	102.325	0
0.04	0.0148758	0.2	0.767361	90.6476	0
0.04	0.0148758	0.2	0.822243	80.5684	0
0.04	0.0148758	0.2	0.881049	72.3991	0
0.04	0.0148758	0.2	0.944061	66.3759	0
0.04	0.0148758	0.2	1.01158	62.6358	0
0.04	0.0148758	0.2	1.08393	61.2003	0
0.04	0.0148758	0.2	1.16145	61.9701	0
0.04	0.0148758	0.2	1.24451	64.7304	0
0.04	0.0148758	0.2	1.33352	69.1656	0
0.04	0.0148758	0.2	1.42889	74.8827	0
0.04	0.0148758	0.2	1.53109	81.4489	0
0.04	0.0148758	0.2	1.64059	88.4514	0
0.04	0.0148758	0.2	1.75792	95.5859	0
0.04	0.0148758	0.2	1.88365	102.754	0
0.04	0.0148758	0.2	2.01837	110.114	0
0.04	0.0148758	0.2	2.16272	118.004	0
0.04	0.0148758	0.2	2.31739	126.716	0
0.04	0.0148758	0.2	2.48313	136.177	0
0.04	0.0148758	0.2	2.66073	145.672	0
0.04	0.0148758	0.2	2.85102	153.718	0
0.04	0.0148758	0.2	3.05492	158.248	0
0.04	0.0148758	0.2	3.27341	157.313	0
0.04	0.0148758	0.2	3.50752	150.31	0
0.04	0.0148758	0.2	3.75837	138.928	0
0.04	0.0148758	0.2	4.02717	126.705	0
0.04	0.0148758	0.2	4.31519	116.723	0
0.04	0.0148758	0.2	4.62381	108.567	0
0.04	0.0148758	0.2	4.9545	98.589	0
0.04	0.0148758	0.2	5.30884	85.4261	0
0.04	0.0148758	0.2	5.68853	72.8998	0
0.04	0.0148758	0.2	6.09537	68.3124	0
0.04	0.0148758	0.2	6.53131	80.5691	0
0.04	0.0148758	0.2	6.99842	112.663	0
0.04	0.0148758	0.2	7.49894	161.312	0
0.04	0.0148758	0.2	8.03526	211.597	0
0.04	0.0148758	0.2	8.60994	233.02	0
0.04	0.0148758	0.2	9.22571	216.285	0
0.04	0.0148758	0.2	9.88553	200.442	0
0.04	0.0148758	0.2	10.5925	210.014	0
0.04	0.0148758	0.2	11.3501	243.726	0
0.04	0.0148758	0.2	12.1619	290.97	0
0.04	0.0148758	0.2	13.0317	341.73	0
0.04	0.0148758	0.2	13.9637	364.485	0
0.04	0.0148758	0.2	14.9624	324.519	0
0.04	0.0148758	0.2	16.0325	251.562	0
0.04	0.0148758	0.2	17.1791	275.853	0
0.04	0.0148758	0.2	18.4077	403.798	0
0.04	0.0148758	0.2	19.7242	453.094	0
0.04	0.0148758	0.2	21.1349	393.851	0
0.04	0.0148758	0.2	22.6464	470.128	0
0.04	0.0148758	0.2	24.2661	600.911	0
0.04	0.0148758	0.2	26.0016	453.352	0
0.04	0.0148758	0.2	27.8612	456.308	0
0.04	0.0148758	0.2	29.8538	662.767	0
0.04	0.0148758	0.2	31.989	374.625	0
0.04	0.0148758	0.2	34.2768	464.678	0
0.04	0.0148758	0.2	36.7282	617.847	0
0.04	0.0148758	0.2	39.355	432.129	0
0.04	0.0148758	0.2	42.1697	673.929	0
0.04	0.0148758	0.2	45.1856	586.306	0
0.04	0.0148758	0.2	48.4172	443.239	0
0.04	0.0148758	0.2	51.88	519.527	0
0.04	0.0148758	0.2	55.5904	294.969	0
0.04	0.0148758	0.2	59.5662	447.789	0
0.04	0.0148758	0.2	63.8263	280.868	0
0.04	0.0148758	0.2	68.3912	385.517	0
0.04	0.0148758	0.2	73.2825	270.997	0
0.04	0.0148758	0.2	78.5236	318.571	0
0.04	0.0148758	0.2	84.1395	231.682	0
0.04	0.0148758	0.2	90.1571	216.681	0
0.04	0.0148758	0.2	96.6051	253.797	0
0.04	0.0162529	0.2	0.103514	319.288	0
0.04	0.0162529	0.2	0.110917	317.81	0
0.04	0.0162529	0.2	0.11885	316.123	0
0.04	0.0162529	0.2	0.12735	314.198	0
0.04	0.0162529	0.2	0.136458	312.003	0
0.04	0.0162529	0.2	0.146218	309.505	0
0.04	0.0162529	0.2	0.156675	306.664	0
0.04	0.0162529	0.2	0.16788	303.438	0
0.04	0.0162529	0.2	0.179887	299.78	0
0.04	0.0162529	0.2	0.192752	295.642	0
0.04	0.0162529	0.2	0.206538	290.969	0
0.04	0.0162529	0.2	0.221309	285.706	0
0.04	0.0162529	0.2	0.237137	279.796	0
0.04	0.0162529	0.2	0.254097	273.18	0
0.04	0.0162529	0.2	0.27227	265.802	0
0.04	0.0162529	0.2	0.291743	257.612	0
0.04	0.0162529	0.2	0.312608	248.564	0
0.04	0.0162529	0.2	0.334965	238.628	0
0.04	0.0162529	0.2	0.358922	227.788	0
0.04	0.0162529	0.2	0.384592	216.054	0
0.04	0.0162529	0.2	0.412098	203.465	0
0.04	0.0162529	0.2	0.44157	190.1	0
0.04	0.0162529	0.2	0.473151	176.082	0
0.04	0.0162529	0.2	0.506991	161.586	0
0.04	0.0162529	0.2	0.54325	146.843	0
0.04	0.0162529	0.2	0.582103	132.143	0
0.04	0.0162529	0.2	0.623735	117.829	0
0.04	0.0162529	0.2	0.668344	104.288	0
0.04	0.0162529	0.2	0.716143	91.9358	0
0.04	0.0162529	0.2	0.767361	81.1888	0
0.04	0.0162529	0.2	0.822243	72.4356	0
0.04	0.0162529	0.2	0.881049	66.0016	0
0.04	0.0162529	0.2	0.944061	62.1156	0
0.04	0.0162529	0.2	1.01158	60.8818	0
0.04	0.0162529	0.2	1.08393	62.2627	0
0.04	0.0162529	0.2	1.16145	66.0741	0
0.04	0.0162529	0.2	1.24451	71.9928	0
0.04	0.0162529	0.2	1.33352	79.5751	0
0.04	0.0162529	0.2	1.42889	88.2867	0
0.04	0.0162529	0.2	1.53109	97.55	0
0.04	0.0162529	0.2	1.64059	106.823	0
0.04	0.0162529	0.2	1.75792	115.719	0
0.04	0.0162529	0.2	1.88365	124.133	0
0.04	0.0162529	0.2	2.01837	132.322	0
0.04	0.0162529	0.2	2.16272	140.816	0
0.04	0.0162529	0.2	2.31739	150.131	0
0.04	0.0162529	0.2	2.48313	160.37	0
0.04	0.0162529	0.2	2.66073	170.858	0
0.04	0.0162529	0.2	2.85102	180.011	0
0.04	0.0162529	0.2	3.05492	185.594	0
0.04	0.0162529	0.2	3.27341	185.57	0
0.04	0.0162529	0.2	3.50752	179.429	0
0.04	0.0162529	0.2	3.75837	169.188	0
0.04	0.0162529	0.2	4.02717	158.966	0
0.04	0.0162529	0.2	4.31519	152.364	0
0.04	0.0162529	0.2	4.62381	148.519	0
0.04	0.0162529	0.2	4.9545	142.198	0
0.04	0.0162529	0.2	5.30884	130.796	0
0.04	0.0162529	0.2	5.68853	117.949	0
0.04	0.0162529	0.2	6.09537	111.954	0
0.04	0.0162529	0.2	6.53131	124.254	0
0.04	0.0162529	0.2	6.99842	159.612	0
0.04	0.0162529	0.2	7.49894	215.418	0
0.04	0.0162529	0.2	8.03526	274.839	0
0.04	0.0162529	0.2	8.60994	302.127	0
0.04	0.0162529	0.2	9.22571	285.036	0
0.04	0.0162529	0.2	9.88553	267.983	0
0.04	0.0162529	0.2	10.5925	278.471	0
0.04	0.0162529	0.2	11.3501	315.142	0
0.04	0.0162529	0.2	12.1619	367.27	0
0.04	0.0162529	0.2	13.0317	423.78	0
0.04	0.0162529	0.2	13.9637	447.871	0
0.04	0.0162529	0.2	14.9624	400.409	0
0.04	0.0162529	0.2	16.0325	318.144	0
0.04	0.0162529	0.2	17.1791	353.712	0
0.04	0.0162529	0.2	18.4077	510.098	0
0.04	0.0162529	0.2	19.7242	564.679	0
0.04	0.0162529	0.2	21.1349	482.952	0
0.04	0.0162529	0.2	22.6464	566.371	0
0.04	0.0162529	0.2	24.2661	727.382	0
0.04	0.0162529	0.2	26.0016	561.604	0
0.04	0.0162529	0.2	27.8612	567.521	0
0.04	0.0162529	0.2	29.8538	811.853	0
0.04	0.0162529	0.2	31.989	470.461	0
0.04	0.0162529	0.2	34.2768	573.105	0
0.04	0.0162529	0.2	36.7282	742.564	0
0.04	0.0162529	0.2	39.355	516.328	0
0.04	0.0162529	0.2	42.1697	801.545	0
0.04	0.0162529	0.2	45.1856	690.309	0
0.04	0.0162529	0.2	48.4172	526.95	0
0.04	0.0162529	0.2	51.88	627.432	0
0.04	0.0162529	0.2	55.5904	356.268	0
0.04	0.0162529	0.2	59.5662	532.234	0
0.04	0.0162529	0.2	63.8263	340.945	0
0.04	0.0162529	0.2	68.3912	468.321	0
0.04	0.0162529	0.2	73.2825	318.559	0
0.04	0.0162529	0.2	78.5236	378.463	0
0.04	0.0162529	0.2	84.1395	278.989	0
0.04	0.0162529	0.2	90.1571	259.117	0
0.04	0.0162529	0.2	96.6051	301.533	0
0.04	0.0177575	0.2	0.103514	318.396	0
0.04	0.0177575	0.2	0.110917	316.791	0
0.04	0.0177575	0.2	0.11885	314.958	0
0.04	0.0177575	0.2	0.12735	312.867	0
0.04	0.0177575	0.2	0.136458	310.486	0
0.04	0.0177575	0.2	0.146218	307.775	0
0.04	0.0177575	0.2	0.156675	304.694	0
0.04	0.0177575	0.2	0.16788	301.198	0
0.04	0.0177575	0.2	0.179887	297.237	0
0.04	0.0177575	0.2	0.192752	292.758	0
0.04	0.0177575	0.2	0.206538	287.706	0
0.04	0.0177575	0.2	0.221309	282.022	0
0.04	0.0177575	0.2	0.237137	275.647	0
0.04	0.0177575	0.2	0.254097	268.521	0
0.04	0.0177575	0.2	0.27227	260.589	0
0.04	0.0177575	0.2	0.291743	251.8	0
0.04	0.0177575	0.2	0.312608	242.114	0
0.04	0.0177575	0.2	0.334965	231.505	0
0.04	0.0177575	0.2	0.358922	219.971	0
0.04	0.0177575	0.2	0.384592	207.535	0
0.04	0.0177575	0.2	0.412098	194.258	0
0.04	0.0177575	0.2	0.44157	180.243	0
0.04	0.0177575	0.2	0.473151	165.648	0
0.04	0.0177575	0.2	0.506991	150.689	0
0.04	0.0177575	0.2	0.54325	135.645	0
0.04	0.0177575	0.2	0.582103	120.86	0
0.04	0.0177575	0.2	0.623735	106.736	0
0.04	0.0177575	0.2	0.668344	93.7209	0
0.04	0.0177575	0.2	0.716143	82.2861	0
0.04	0.0177575	0.2	0.767361	72.8969	0
0.04	0.0177575	0.2	0.822243	65.9751	0
0.04	0.0177575	0.2	0.881049	61.8585	0
0.04	0.0177575	0.2	0.944061	60.7616	0
0.04	0.0177575	0.2	1.01158	62.7443	0
0.04	0.0177575	0.2	1.08393	67.6927	0
0.04	0.0177575	0.2	1.16145	75.3155	0
0.04	0.0177575	0.2	1.24451	85.1552	0
0.04	0.0177575	0.2	1.33352	96.6109	0
0.04	0.0177575	0.2	1.42889	108.976	0
0.04	0.0177575	0.2	1.53109	121.499	0
0.04	0.0177575	0.2	1.64059	133.486	0
0.04	0.0177575	0.2	1.75792	144.454	0
0.04	0.0177575	0.2	1.88365	154.305	0
0.04	0.0177575	0.2	2.01837	163.432	0
0.04	0.0177575	0.2	2.16272	172.619	0
0.04	0.0177575	0.2	2.31739	182.687	0
0.04	0.0177575	0.2	2.48313	193.976	0
0.04	0.0177575	0.2	2.66073	205.893	0
0.04	0.0177575	0.2	2.85102	216.748	0
0.04	0.0177575	0.2	3.05492	224.108	0
0.04	0.0177575	0.2	3.27341	225.811	0
0.04	0.0177575	0.2	3.50752	221.407	0
0.04	0.0177575	0.2	3.75837	213.215	0
0.04	0.0177575	0.2	4.02717	205.951	0
0.04	0.0177575	0.2	4.31519	203.777	0
0.04	0.0177575	0.2	4.62381	205.253	0
0.04	0.0177575	0.2	4.9545	203.238	0
0.04	0.0177575	0.2	5.30884	193.672	0
0.04	0.0177575	0.2	5.68853	180.038	0
0.04	0.0177575	0.2	6.09537	171.944	0
0.04	0.0177575	0.2	6.53131	184.079	0
0.04	0.0177575	0.2	6.99842	223.488	0
0.04	0.0177575	0.2	7.49894	288.424	0
0.04	0.0177575	0.2	8.03526	359.641	0
0.04	0.0177575	0.2	8.60994	394.843	0
0.04	0.0177575	0.2	9.22571	377.828	0
0.04	0.0177575	0.2	9.88553	359.042	0
0.04	0.0177575	0.2	10.5925	369.447	0
0.04	0.0177575	0.2	11.3501	408.039	0
0.04	0.0177575	0.2	12.1619	464.787	0
0.04	0.0177575	0.2	13.0317	527.786	0
0.04	0.0177575	0.2	13.9637	553.889	0
0.04	0.0177575	0.2	14.9624	498.527	0
0.04	0.0177575	0.2	16.0325	406.46	0
0.04	0.0177575	0.2	17.1791	456.67	0
0.04	0.0177575	0.2	18.4077	647.777	0
0.04	0.0177575	0.2	19.7242	708.444	0
0.04	0.0177575	0.2	21.1349	598.375	0
0.04	0.0177575	0.2	22.6464	688.638	0
0.04	0.0177575	0.2	24.2661	885.217	0
0.04	0.0177575	0.2	26.0016	698.633	0
0.04	0.0177575	0.2	27.8612	708.897	0
0.04	0.0177575	0.2	29.8538	998.839	0
0.04	0.0177575	0.2	31.989	594.546	0
0.04	0.0177575	0.2	34.2768	711.393	0
0.04	0.0177575	0.2	36.7282	898.614	0
0.04	0.0177575	0.2	39.355	623.204	0
0.04	0.0177575	0.2	42.1697	959.361	0
0.04	0.0177575	0.2	45.1856	819.316	0
0.04	0.0177575	0.2	48.4172	632.877	0
0.04	0.0177575	0.2	51.88	763.733	0
0.04	0.0177575	0.2	55.5904	436.992	0
0.04	0.0177575	0.2	59.5662	639.124	0
0.04	0.0177575	0.2	63.8263	418.97	0
0.04	0.0177575	0.2	68.3912	573.987	0
0.04	0.0177575	0.2	73.2825	381.687	0
0.04	0.0177575	0.2	78.5236	456.412	0
0.04	0.0177575	0.2	84.1395	341.659	0
0.04	0.0177575	0.2	90.1571	316.085	0
0.04	0.0177575	0.2	96.6051	364.784	0
0.04	0.0194014	0.2	0.103514	317.424	0
0.04	0.0194014	0.2	0.110917	315.679	0
0.04	0.0194014	0.2	0.11885	313.688	0
0.04	0.0194014	0.2	0.12735	311.418	0
0.04	0.0194014	0.2	0.136458	308.833	0
0.04	0.0194014	0.2	0.146218	305.892	0
0.04	0.0194014	0.2	0.156675	302.551	0
0.04	0.0194014	0.2	0.16788	298.762	0
0.04	0.0194014	0.2	0.179887	294.473	0
0.04	0.0194014	0.2	0.192752	289.628	0
0.04	0.0194014	0.2	0.206538	284.168	0
0.04	0.0194014	0.2	0.221309	278.033	0
0.04	0.0194014	0.2	0.237137	271.16	0
0.04	0.0194014	0.2	0.254097	263.491	0
0.04	0.0194014	0.2	0.27227	254.97	0
0.04	0.0194014	0.2	0.291743	245.549	0
0.04	0.0194014	0.2	0.312608	235.195	0
0.04	0.0194014	0.2	0.334965	223.891	0
0.04	0.0194014	0.2	0.358922	211.646	0
0.04	0.0194014	0.2	0.384592	198.504	0
0.04	0.0194014	0.2	0.412098	184.55	0
0.04	0.0194014	0.2	0.44157	169.921	0
0.04	0.0194014	0.2	0.473151	154.814	0
0.04	0.0194014	0.2	0.506991	139.496	0
0.04	0.0194014	0.2	0.54325	124.302	0
0.04	0.0194014	0.2	0.582103	109.642	0
0.04	0.0194014	0.2	0.623735	95.9858	0
0.04	0.0194014	0.2	0.668344	83.851	0
0.04	0.0194014	0.2	0.716143	73.7743	0
0.04	0.0194014	0.2	0.767361	66.2751	0
0.04	0.0194014	0.2	0.822243	61.811	0
0.04	0.0194014	0.2	0.881049	60.7294	0
0.04	0.0194014	0.2	0.944061	63.222	0
0.04	0.0194014	0.2	1.01158	69.2896	0
0.04	0.0194014	0.2	1.08393	78.7209	0
0.04	0.0194014	0.2	1.16145	91.091	0
0.04	0.0194014	0.2	1.24451	105.776	0
0.04	0.0194014	0.2	1.33352	121.983	0
0.04	0.0194014	0.2	1.42889	138.796	0
0.04	0.0194014	0.2	1.53109	155.254	0
0.04	0.0194014	0.2	1.64059	170.483	0
0.04	0.0194014	0.2	1.75792	183.892	0
0.04	0.0194014	0.2	1.88365	195.403	0
0.04	0.0194014	0.2	2.01837	205.592	0
0.04	0.0194014	0.2	2.16272	215.577	0
0.04	0.0194014	0.2	2.31739	226.575	0
0.04	0.0194014	0.2	2.48313	239.253	0
0.04	0.0194014	0.2	2.66073	253.139	0
0.04	0.0194014	0.2	2.85102	266.438	0
0.04	0.0194014	0.2	3.05492	276.488	0
0.04	0.0194014	0.2	3.27341	280.954	0
0.04	0.0194014	0.2	3.50752	279.399	0
0.04	0.0194014	0.2	3.75837	274.403	0
0.04	0.0194014	0.2	4.02717	271.295	0
0.04	0.0194014	0.2	4.31519	274.831	0
0.04	0.0194014	0.2	4.62381	282.85	0
0.04	0.0194014	0.2	4.9545	285.91	0
0.04	0.0194014	0.2	5.30884	278.243	0
0.04	0.0194014	0.2	5.68853	263.231	0
0.04	0.0194014	0.2	6.09537	252.179	0
0.04	0.0194014	0.2	6.53131	263.878	0
0.04	0.0194014	0.2	6.99842	308.29	0
0.04	0.0194014	0.2	7.49894	384.761	0
0.04	0.0194014	0.2	8.03526	471.026	0
0.04	0.0194014	0.2	8.60994	516.669	0
0.04	0.0194014	0.2	9.22571	500.296	0
0.04	0.0194014	0.2	9.88553	479.124	0
0.04	0.0194014	0.2	10.5925	488.143	0
0.04	0.0194014	0.2	11.3501	527.257	0
0.04	0.0194014	0.2	12.1619	588.195	0
0.04	0.0194014	0.2	13.0317	658.526	0
0.04	0.0194014	0.2	13.9637	687.492	0
0.04	0.0194014	0.2	14.9624	623.849	0
0.04	0.0194014	0.2	16.0325	521.514	0
0.04	0.0194014	0.2	17.1791	590.476	0
0.04	0.0194014	0.2	18.4077	823.843	0
0.04	0.0194014	0.2	19.7242	891.535	0
0.04	0.0194014	0.2	21.1349	746.015	0
0.04	0.0194014	0.2	22.6464	842.599	0
0.04	0.0194014	0.2	24.2661	1081.03	0
0.04	0.0194014	0.2	26.0016	870.663	0
0.04	0.0194014	0.2	27.8612	887.003	0
0.04	0.0194014	0.2	29.8538	1231.79	0
0.04	0.0194014	0.2	31.989	753.192	0
0.04	0.0194014	0.2	34.2768	886.071	0
0.04	0.0194014	0.2	36.7282	1092.63	0
0.04	0.0194014	0.2	39.355	757.685	0
0.04	0.0194014	0.2	42.1697	1153.64	0
0.04	0.0194014	0.2	45.1856	978.546	0
0.04	0.0194014	0.2	48.4172	765.823	0
0.04	0.0194014	0.2	51.88	934.539	0
0.04	0.0194014	0.2	55.5904	541.562	0
0.04	0.0194014	0.2	59.5662	773.299	0
0.04	0.0194014	0.2	63.8263	518.963	0
0.04	0.0194014	0.2	68.3912	707.513	0
0.04	0.0194014	0.2	73.2825	463.953	0
0.04	0.0194014	0.2	78.5236	556.471	0
0.04	0.0194014	0.2	84.1395	423.21	0
0.04	0.0194014	0.2	90.1571	390.964	0
0.04	0.0194014	0.2	96.6051	447.108	0
0.04	0.0211975	0.2	0.103514	316.363	0
0.04	0.0211975	0.2	0.110917	314.467	0
0.04	0.0211975	0.2	0.11885	312.304	0
0.04	0.0211975	0.2	0.12735	309.839	0
0.04	0.0211975	0.2	0.136458	307.033	0
0.04	0.0211975	0.2	0.146218	303.842	0
0.04	0.0211975	0.2	0.156675	300.221	0
0.04	0.0211975	0.2	0.16788	296.116	0
0.04	0.0211975	0.2	0.179887	291.473	0
0.04	0.0211975	0.2	0.192752	286.233	0
0.04	0.0211975	0.2	0.206538	280.335	0
0.04	0.0211975	0.2	0.221309	273.715	0
0.04	0.0211975	0.2	0.237137	266.312	0
0.04	0.0211975	0.2	0.254097	258.066	0
0.04	0.0211975	0.2	0.27227	248.922	0
0.04	0.0211975	0.2	0.291743	238.84	0
0.04	0.0211975	0.2	0.312608	227.79	0
0.04	0.0211975	0.2	0.334965	215.77	0
0.04	0.0211975	0.2	0.358922	202.806	0
0.04	0.0211975	0.2	0.384592	188.965	0
0.04	0.0211975	0.2	0.412098	174.363	0
0.04	0.0211975	0.2	0.44157	159.177	0
0.04	0.0211975	0.2	0.473151	143.654	0
0.04	0.0211975	0.2	0.506991	128.119	0
0.04	0.0211975	0.2	0.54325	112.976	0
0.04	0.0211975	0.2	0.582103	98.7113	0
0.04	0.0211975	0.2	0.623735	85.8754	0
0.04	0.0211975	0.2	0.668344	75.0673	0
0.04	0.0211975	0.2	0.716143	66.8988	0
0.04	0.0211975	0.2	0.767361	61.9501	0
0.04	0.0211975	0.2	0.822243	60.7163	0
0.04	0.0211975	0.2	0.881049	63.551	0
0.04	0.0211975	0.2	0.944061	70.6126	0
0.04	0.0211975	0.2	1.01158	81.8243	0
0.04	0.0211975	0.2	1.08393	96.852	0
0.04	0.0211975	0.2	1.16145	115.105	0
0.04	0.0211975	0.2	1.24451	135.754	0
0.04	0.0211975	0.2	1.33352	157.771	0
0.04	0.0211975	0.2	1.42889	179.988	0
0.04	0.0211975	0.2	1.53109	201.192	0
0.04	0.0211975	0.2	1.64059	220.294	0
0.04	0.0211975	0.2	1.75792	236.581	0
0.04	0.0211975	0.2	1.88365	250.013	0
0.04	0.0211975	0.2	2.01837	261.407	0
0.04	0.0211975	0.2	2.16272	272.31	0
0.04	0.0211975	0.2	2.31739	284.454	0
0.04	0.0211975	0.2	2.48313	298.931	0
0.04	0.0211975	0.2	2.66073	315.455	0
0.04	0.0211975	0.2	2.85102	332.123	0
0.04	0.0211975	0.2	3.05492	346.003	0
0.04	0.0211975	0.2	3.27341	354.532	0
0.04	0.0211975	0.2	3.50752	357.228	0
0.04	0.0211975	0.2	3.75837	356.872	0
0.04	0.0211975	0.2	4.02717	359.404	0
0.04	0.0211975	0.2	4.31519	370.223	0
0.04	0.0211975	0.2	4.62381	386.258	0
0.04	0.0211975	0.2	4.9545	395.3	0
0.04	0.0211975	0.2	5.30884	389.585	0
0.04	0.0211975	0.2	5.68853	372.451	0
0.04	0.0211975	0.2	6.09537	357.377	0
0.04	0.0211975	0.2	6.53131	368.297	0
0.04	0.0211975	0.2	6.99842	418.86	0
0.04	0.0211975	0.2	7.49894	509.789	0
0.04	0.0211975	0.2	8.03526	615.064	0
0.04	0.0211975	0.2	8.60994	674.255	0
0.04	0.0211975	0.2	9.22571	659.254	0
0.04	0.0211975	0.2	9.88553	634.888	0
0.04	0.0211975	0.2	10.5925	640.833	0
0.04	0.0211975	0.2	11.3501	678.627	0
0.04	0.0211975	0.2	12.1619	743.111	0
0.04	0.0211975	0.2	13.0317	821.741	0
0.04	0.0211975	0.2	13.9637	854.632	0
0.04	0.0211975	0.2	14.9624	782.368	0
0.04	0.0211975	0.2	16.0325	669.348	0
0.04	0.0211975	0.2	17.1791	762.062	0
0.04	0.0211975	0.2	18.4077	1046.73	0
0.04	0.0211975	0.2	19.7242	1122.54	0
0.04	0.0211975	0.2	21.1349	932.976	0
0.04	0.0211975	0.2	22.6464	1035.06	0
0.04	0.0211975	0.2	24.2661	1322.75	0
0.04	0.0211975	0.2	26.0016	1085.16	0
0.04	0.0211975	0.2	27.8612	1109.72	0
0.04	0.0211975	0.2	29.8538	1520.35	0
0.04	0.0211975	0.2	31.989	953.996	0
0.04	0.0211975	0.2	34.2768	1104.98	0
0.04	0.0211975	0.2	36.7282	1332.54	0
0.04	0.0211975	0.2	39.355	925.695	0
0.04	0.0211975	0.2	42.1697	1391.85	0
0.04	0.0211975	0.2	45.1856	1174.25	0
0.04	0.0211975	0.2	48.4172	931.553	0
0.04	0.0211975	0.2	51.88	1147.17	0
0.04	0.0211975	0.2	55.5904	675.304	0
0.04	0.0211975	0.2	59.5662	940.562	0
0.04	0.0211975	0.2	63.8263	645.764	0
0.04	0.0211975	0.2	68.3912	874.898	0
0.04	0.0211975	0.2	73.2825	569.667	0
0.04	0.0211975	0.2	78.5236	683.52	0
0.04	0.0211975	0.2	84.1395	527.889	0
0.04	0.0211975	0.2	90.1571	487.829	0
0.04	0.0211975	0.2	96.6051	552.794	0
0.04	0.0231598	0.2	0.103514	315.207	0
0.04	0.0231598	0.2	0.110917	313.146	0
0.04	0.0231598	0.2	0.11885	310.796	0
0.04	0.0231598	0.2	0.12735	308.12	0
0.04	0.0231598	0.2	0.136458	305.074	0
0.04	0.0231598	0.2	0.146218	301.613	0
0.04	0.0231598	0.2	0.156675	297.687	0
0.04	0.0231598	0.2	0.16788	293.241	0
0.04	0.0231598	0.2	0.179887	288.217	0
0.04	0.0231598	0.2	0.192752	282.552	0
0.04	0.0231598	0.2	0.206538	276.184	0
0.04	0.0231598	0.2	0.221309	269.048	0
0.04	0.0231598	0.2	0.237137	261.08	0
0.04	0.0231598	0.2	0.254097	252.222	0
0.04	0.0231598	0.2	0.27227	242.425	0
0.04	0.0231598	0.2	0.291743	231.651	0
0.04	0.0231598	0.2	0.312608	219.884	0
0.04	0.0231598	0.2	0.334965	207.136	0
0.04	0.0231598	0.2	0.358922	193.454	0
0.04	0.0231598	0.2	0.384592	178.936	0
0.04	0.0231598	0.2	0.412098	163.735	0
0.04	0.0231598	0.2	0.44157	148.077	0
0.04	0.0231598	0.2	0.473151	132.269	0
0.04	0.0231598	0.2	0.506991	116.706	0
0.04	0.0231598	0.2	0.54325	101.875	0
0.04	0.0231598	0.2	0.582103	88.3503	0
0.04	0.0231598	0.2	0.623735	76.7802	0
0.04	0.0231598	0.2	0.668344	67.8576	0
0.04	0.0231598	0.2	0.716143	62.2805	0
0.04	0.0231598	0.2	0.767361	60.6975	0
0.04	0.0231598	0.2	0.822243	63.6439	0
0.04	0.0231598	0.2	0.881049	71.474	0
0.04	0.0231598	0.2	0.944061	84.2999	0
0.04	0.0231598	0.2	1.01158	101.945	0
0.04	0.0231598	0.2	1.08393	123.921	0
0.04	0.0231598	0.2	1.16145	149.431	0
0.04	0.0231598	0.2	1.24451	177.396	0
0.04	0.0231598	0.2	1.33352	206.502	0
0.04	0.0231598	0.2	1.42889	235.274	0
0.04	0.0231598	0.2	1.53109	262.195	0
0.04	0.0231598	0.2	1.64059	285.923	0
0.04	0.0231598	0.2	1.75792	305.607	0
0.04	0.0231598	0.2	1.88365	321.265	0
0.04	0.0231598	0.2	2.01837	334.027	0
0.04	0.0231598	0.2	2.16272	345.988	0
0.04	0.0231598	0.2	2.31739	359.535	0
0.04	0.0231598	0.2	2.48313	376.315	0
0.04	0.0231598	0.2	2.66073	396.297	0
0.04	0.0231598	0.2	2.85102	417.478	0
0.04	0.0231598	0.2	3.05492	436.605	0
0.04	0.0231598	0.2	3.27341	450.823	0
0.04	0.0231598	0.2	3.50752	459.523	0
0.04	0.0231598	0.2	3.75837	465.607	0
0.04	0.0231598	0.2	4.02717	475.62	0
0.04	0.0231598	0.2	4.31519	495.639	0
0.04	0.0231598	0.2	4.62381	521.462	0
0.04	0.0231598	0.2	4.9545	537.563	0
0.04	0.0231598	0.2	5.30884	533.83	0
0.04	0.0231598	0.2	5.68853	513.648	0
0.04	0.0231598	0.2	6.09537	493.242	0
0.04	0.0231598	0.2	6.53131	502.95	0
0.04	0.0231598	0.2	6.99842	561.046	0
0.04	0.0231598	0.2	7.49894	669.979	0
0.04	0.0231598	0.2	8.03526	799.081	0
0.04	0.0231598	0.2	8.60994	875.628	0
0.04	0.0231598	0.2	9.22571	862.929	0
0.04	0.0231598	0.2	9.88553	834.37	0
0.04	0.0231598	0.2	10.5925	835.087	0
0.04	0.0231598	0.2	11.3501	869.167	0
0.04	0.0231598	0.2	12.1619	936.285	0
0.04	0.0231598	0.2	13.0317	1024.32	0
0.04	0.0231598	0.2	13.9637	1062.46	0
0.04	0.0231598	0.2	14.9624	981.297	0
0.04	0.0231598	0.2	16.0325	857.244	0
0.04	0.0231598	0.2	17.1791	979.775	0
0.04	0.0231598	0.2	18.4077	1326.56	0
0.04	0.0231598	0.2	19.7242	1411.79	0
0.04	0.0231598	0.2	21.1349	1167.8	0
0.04	0.0231598	0.2	22.6464	1274.2	0
0.04	0.0231598	0.2	24.2661	1619.84	0
0.04	0.0231598	0.2	26.0016	1351.06	0
0.04	0.0231598	0.2	27.8612	1386.51	0
0.04	0.0231598	0.2	29.8538	1876.08	0
0.04	0.0231598	0.2	31.989	1206.09	0
0.04	0.0231598	0.2	34.2768	1377.5	0
0.04	0.0231598	0.2	36.7282	1627.84	0
0.04	0.0231598	0.2	39.355	1134.33	0
0.04	0.0231598	0.2	42.1697	1682.95	0
0.04	0.0231598	0.2	45.1856	1413.88	0
0.04	0.0231598	0.2	48.4172	1136.97	0
0.04	0.0231598	0.2	51.88	1410.41	0
0.04	0.0231598	0.2	55.5904	844.625	0
0.04	0.0231598	0.2	59.5662	1147.85	0
0.04	0.0231598	0.2	63.8263	805.185	0
0.04	0.0231598	0.2	68.3912	1083.34	0
0.04	0.0231598	0.2	73.2825	704.018	0
0.04	0.0231598	0.2	78.5236	843.422	0
0.04	0.0231598	0.2	84.1395	660.805	0
0.04	0.0231598	0.2	90.1571	611.595	0
0.04	0.0231598	0.2	96.6051	687.005	0
0.04	0.0253038	0.2	0.103514	313.947	0
0.04	0.0253038	0.2	0.110917	311.707	0
0.04	0.0253038	0.2	0.11885	309.155	0
0.04	0.0253038	0.2	0.12735	306.248	0
0.04	0.0253038	0.2	0.136458	302.943	0
0.04	0.0253038	0.2	0.146218	299.19	0
0.04	0.0253038	0.2	0.156675	294.935	0
0.04	0.0253038	0.2	0.16788	290.121	0
0.04	0.0253038	0.2	0.179887	284.686	0
0.04	0.0253038	0.2	0.192752	278.566	0
0.04	0.0253038	0.2	0.206538	271.695	0
0.04	0.0253038	0.2	0.221309	264.007	0
0.04	0.0253038	0.2	0.237137	255.441	0
0.04	0.0253038	0.2	0.254097	245.939	0
0.04	0.0253038	0.2	0.27227	235.457	0
0.04	0.0253038	0.2	0.291743	223.967	0
0.04	0.0253038	0.2	0.312608	211.466	0
0.04	0.0253038	0.2	0.334965	197.986	0
0.04	0.0253038	0.2	0.358922	183.602	0
0.04	0.0253038	0.2	0.384592	168.446	0
0.04	0.0253038	0.2	0.412098	152.721	0
0.04	0.0253038	0.2	0.44157	136.71	0
0.04	0.0253038	0.2	0.473151	120.793	0
0.04	0.0253038	0.2	0.506991	105.449	0
0.04	0.0253038	0.2	0.54325	91.2637	0
0.04	0.0253038	0.2	0.582103	78.9179	0
0.04	0.0253038	0.2	0.623735	69.1719	0
0.04	0.0253038	0.2	0.668344	62.8295	0
0.04	0.0253038	0.2	0.716143	60.6882	0
0.04	0.0253038	0.2	0.767361	63.474	0
0.04	0.0253038	0.2	0.822243	71.764	0
0.04	0.0253038	0.2	0.881049	85.9074	0
0.04	0.0253038	0.2	0.944061	105.953	0
0.04	0.0253038	0.2	1.01158	131.597	0
0.04	0.0253038	0.2	1.08393	162.16	0
0.04	0.0253038	0.2	1.16145	196.591	0
0.04	0.0253038	0.2	1.24451	233.504	0
0.04	0.0253038	0.2	1.33352	271.238	0
0.04	0.0253038	0.2	1.42889	307.947	0
0.04	0.0253038	0.2	1.53109	341.75	0
0.04	0.0253038	0.2	1.64059	371.004	0
0.04	0.0253038	0.2	1.75792	394.7	0
0.04	0.0253038	0.2	1.88365	412.942	0
0.04	0.0253038	0.2	2.01837	427.26	0
0.04	0.0253038	0.2	2.16272	440.441	0
0.04	0.0253038	0.2	2.31739	455.699	0
0.04	0.0253038	0.2	2.48313	475.393	0
0.04	0.0253038	0.2	2.66073	499.839	0
0.04	0.0253038	0.2	2.85102	526.94	0
0.04	0.0253038	0.2	3.05492	553.068	0
0.04	0.0253038	0.2	3.27341	574.992	0
0.04	0.0253038	0.2	3.50752	591.878	0
0.04	0.0253038	0.2	3.75837	606.64	0
0.04	0.0253038	0.2	4.02717	626.4	0
0.04	0.0253038	0.2	4.31519	657.951	0
0.04	0.0253038	0.2	4.62381	695.698	0
0.04	0.0253038	0.2	4.9545	720.13	0
0.04	0.0253038	0.2	5.30884	718.387	0
0.04	0.0253038	0.2	5.68853	694.007	0
0.04	0.0253038	0.2	6.09537	666.663	0
0.04	0.0253038	0.2	6.53131	674.619	0
0.04	0.0253038	0.2	6.99842	741.91	0
0.04	0.0253038	0.2	7.49894	873.136	0
0.04	0.0253038	0.2	8.03526	1031.91	0
0.04	0.0253038	0.2	8.60994	1130.46	0
0.04	0.0253038	0.2	9.22571	1121.24	0
0.04	0.0253038	0.2	9.88553	1087.26	0
0.04	0.0253038	0.2	10.5925	1080.02	0
0.04	0.0253038	0.2	11.3501	1107.31	0
0.04	0.0253038	0.2	12.1619	1175.82	0
0.04	0.0253038	0.2	13.0317	1274.54	0
0.04	0.0253038	0.2	13.9637	1319.54	0
0.04	0.0253038	0.2	14.9624	1229.31	0
0.04	0.0253038	0.2	16.0325	1093.97	0
0.04	0.0253038	0.2	17.1791	1253.65	0
0.04	0.0253038	0.2	18.4077	1675.5	0
0.04	0.0253038	0.2	19.7242	1771.67	0
0.04	0.0253038	0.2	21.1349	1460.74	0
0.04	0.0253038	0.2	22.6464	1569.8	0
0.04	0.0253038	0.2	24.2661	1983.6	0
0.04	0.0253038	0.2	26.0016	1679.07	0
0.04	0.0253038	0.2	27.8612	1728.68	0
0.04	0.0253038	0.2	29.8538	2312.79	0
0.04	0.0253038	0.2	31.989	1520.43	0
0.04	0.0253038	0.2	34.2768	1714.91	0
0.04	0.0253038	0.2	36.7282	1989.85	0
0.04	0.0253038	0.2	39.355	1392.11	0
0.04	0.0253038	0.2	42.1697	2037.56	0
0.04	0.0253038	0.2	45.1856	1706.36	0
0.04	0.0253038	0.2	48.4172	1390.36	0
0.04	0.0253038	0.2	51.88	1734.72	0
0.04	0.0253038	0.2	55.5904	1057.22	0
0.04	0.0253038	0.2	59.5662	1403.48	0
0.04	0.0253038	0.2	63.8263	1004.2	0
0.04	0.0253038	0.2	68.3912	1341.44	0
0.04	0.0253038	0.2	73.2825	873.244	0
0.04	0.0253038	0.2	78.5236	1043.22	0
0.04	0.0253038	0.2	84.1395	828.101	0
0.04	0.0253038	0.2	90.1571	768.176	0
0.04	0.0253038	0.2	96.6051	855.949	0
0.04	0.0276463	0.2	0.103514	312.574	0
0.04	0.0276463	0.2	0.110917	310.14	0
0.04	0.0276463	0.2	0.11885	307.367	0
0.04	0.0276463	0.2	0.12735	304.211	0
0.04	0.0276463	0.2	0.136458	300.625	0
0.04	0.0276463	0.2	0.146218	296.556	0
0.04	0.0276463	0.2	0.156675	291.946	0
0.04	0.0276463	0.2	0.16788	286.736	0
0.04	0.0276463	0.2	0.179887	280.86	0
0.04	0.0276463	0.2	0.192752	274.252	0
0.04	0.0276463	0.2	0.206538	266.844	0
0.04	0.0276463	0.2	0.221309	258.572	0
0.04	0.0276463	0.2	0.237137	249.372	0
0.04	0.0276463	0.2	0.254097	239.194	0
0.04	0.0276463	0.2	0.27227	228	0
0.04	0.0276463	0.2	0.291743	215.774	0
0.04	0.0276463	0.2	0.312608	202.531	0
0.04	0.0276463	0.2	0.334965	188.327	0
0.04	0.0276463	0.2	0.358922	173.273	0
0.04	0.0276463	0.2	0.384592	157.544	0
0.04	0.0276463	0.2	0.412098	141.402	0
0.04	0.0276463	0.2	0.44157	125.2	0
0.04	0.0276463	0.2	0.473151	109.405	0
0.04	0.0276463	0.2	0.506991	94.5994	0
0.04	0.0276463	0.2	0.54325	81.4833	0
0.04	0.0276463	0.2	0.582103	70.8656	0
0.04	0.0276463	0.2	0.623735	63.6388	0
0.04	0.0276463	0.2	0.668344	60.7362	0
0.04	0.0276463	0.2	0.716143	63.0705	0
0.04	0.0276463	0.2	0.767361	71.4547	0
0.04	0.0276463	0.2	0.822243	86.51	0
0.04	0.0276463	0.2	0.881049	108.572	0
0.04	0.0276463	0.2	0.944061	137.606	0
0.04	0.0276463	0.2	1.01158	173.148	0
0.04	0.0276463	0.2	1.08393	214.281	0
0.04	0.0276463	0.2	1.16145	259.641	0
0.04	0.0276463	0.2	1.24451	307.471	0
0.04	0.0276463	0.2	1.33352	355.686	0
0.04	0.0276463	0.2	1.42889	401.992	0
0.04	0.0276463	0.2	1.53109	444.075	0
0.04	0.0276463	0.2	1.64059	479.929	0
0.04	0.0276463	0.2	1.75792	508.367	0
0.04	0.0276463	0.2	1.88365	529.613	0
0.04	0.0276463	0.2	2.01837	545.702	0
0.04	0.0276463	0.2	2.16272	560.288	0
0.04	0.0276463	0.2	2.31739	577.627	0
0.04	0.0276463	0.2	2.48313	600.975	0
0.04	0.0276463	0.2	2.66073	631.113	0
0.04	0.0276463	0.2	2.85102	665.86	0
0.04	0.0276463	0.2	3.05492	701.148	0
0.04	0.0276463	0.2	3.27341	733.273	0
0.04	0.0276463	0.2	3.50752	761.048	0
0.04	0.0276463	0.2	3.75837	787.255	0
0.04	0.0276463	0.2	4.02717	819.545	0
0.04	0.0276463	0.2	4.31519	865.462	0
0.04	0.0276463	0.2	4.62381	917.696	0
0.04	0.0276463	0.2	4.9545	951.964	0
0.04	0.0276463	0.2	5.30884	952.188	0
0.04	0.0276463	0.2	5.68853	922.195	0
0.04	0.0276463	0.2	6.09537	885.95	0
0.04	0.0276463	0.2	6.53131	891.482	0
0.04	0.0276463	0.2	6.99842	969.965	0
0.04	0.0276463	0.2	7.49894	1128.66	0
0.04	0.0276463	0.2	8.03526	1324.18	0
0.04	0.0276463	0.2	8.60994	1450.4	0
0.04	0.0276463	0.2	9.22571	1446.14	0
0.04	0.0276463	0.2	9.88553	1405.23	0
0.04	0.0276463	0.2	10.5925	1386.59	0
0.04	0.0276463	0.2	11.3501	1403.19	0
0.04	0.0276463	0.2	12.1619	1471.41	0
0.04	0.0276463	0.2	13.0317	1582.28	0
0.04	0.0276463	0.2	13.9637	1636.18	0
0.04	0.0276463	0.2	14.9624	1536.8	0
0.04	0.0276463	0.2	16.0325	1390.07	0
0.04	0.0276463	0.2	17.1791	1595.76	0
0.04	0.0276463	0.2	18.4077	2108.11	0
0.04	0.0276463	0.2	19.7242	2217	0
0.04	0.0276463	0.2	21.1349	1824.11	0
0.04	0.0276463	0.2	22.6464	1933.59	0
0.04	0.0276463	0.2	24.2661	2427.53	0
0.04	0.0276463	0.2	26.0016	2082	0
0.04	0.0276463	0.2	27.8612	2149.78	0
0.04	0.0276463	0.2	29.8538	2846.96	0
0.04	0.0276463	0.2	31.989	1910.16	0
0.04	0.0276463	0.2	34.2768	2130.67	0
0.04	0.0276463	0.2	36.7282	2432.08	0
0.04	0.0276463	0.2	39.355	1709.19	0
0.04	0.0276463	0.2	42.1697	2468.39	0
0.04	0.0276463	0.2	45.1856	2062.31	0
0.04	0.0276463	0.2	48.4172	1701.6	0
0.04	0.0276463	0.2	51.88	2132.64	0
0.04	0.0276463	0.2	55.5904	1322.33	0
0.04	0.0276463	0.2	59.5662	1717.36	0
0.04	0.0276463	0.2	63.8263	1251.18	0
0.04	0.0276463	0.2	68.3912	1659.52	0
0.04	0.0276463	0.2	73.2825	1084.84	0
0.04	0.0276463	0.2	78.5236	1291.34	0
0.04	0.0276463	0.2	84.1395	1037.15	0
0.04	0.0276463	0.2	90.1571	964.684	0
0.04	0.0276463	0.2	96.6051	1067.08	0
0.04	0.0302057	0.2	0.103514	311.078	0
0.04	0.0302057	0.2	0.110917	308.433	0
0.04	0.0302057	0.2	0.11885	305.421	0
0.04	0.0302057	0.2	0.12735	301.996	0
0.04	0.0302057	0.2	0.136458	298.106	0
0.04	0.0302057	0.2	0.146218	293.695	0
0.04	0.0302057	0.2	0.156675	288.703	0
0.04	0.0302057	0.2	0.16788	283.066	0
0.04	0.0302057	0.2	0.179887	276.717	0
0.04	0.0302057	0.2	0.192752	269.588	0
0.04	0.0302057	0.2	0.206538	261.61	0
0.04	0.0302057	0.2	0.221309	252.717	0
0.04	0.0302057	0.2	0.237137	242.852	0
0.04	0.0302057	0.2	0.254097	231.968	0
0.04	0.0302057	0.2	0.27227	220.039	0
0.04	0.0302057	0.2	0.291743	207.064	0
0.04	0.0302057	0.2	0.312608	193.082	0
0.04	0.0302057	0.2	0.334965	178.179	0
0.04	0.0302057	0.2	0.358922	162.508	0
0.04	0.0302057	0.2	0.384592	146.301	0
0.04	0.0302057	0.2	0.412098	129.887	0
0.04	0.0302057	0.2	0.44157	113.709	0
0.04	0.0302057	0.2	0.473151	98.3363	0
0.04	0.0302057	0.2	0.506991	84.4739	0
0.04	0.0302057	0.2	0.54325	72.9609	0
0.04	0.0302057	0.2	0.582103	64.7571	0
0.04	0.0302057	0.2	0.623735	60.9109	0
0.04	0.0302057	0.2	0.668344	62.5075	0
0.04	0.0302057	0.2	0.716143	70.5929	0
0.04	0.0302057	0.2	0.767361	86.0786	0
0.04	0.0302057	0.2	0.822243	109.632	0
0.04	0.0302057	0.2	0.881049	141.564	0
0.04	0.0302057	0.2	0.944061	181.731	0
0.04	0.0302057	0.2	1.01158	229.471	0
0.04	0.0302057	0.2	1.08393	283.569	0
0.04	0.0302057	0.2	1.16145	342.283	0
0.04	0.0302057	0.2	1.24451	403.4	0
0.04	0.0302057	0.2	1.33352	464.325	0
0.04	0.0302057	0.2	1.42889	522.224	0
0.04	0.0302057	0.2	1.53109	574.258	0
0.04	0.0302057	0.2	1.64059	617.995	0
0.04	0.0302057	0.2	1.75792	652.042	0
0.04	0.0302057	0.2	1.88365	676.784	0
0.04	0.0302057	0.2	2.01837	694.892	0
0.04	0.0302057	0.2	2.16272	711.099	0
0.04	0.0302057	0.2	2.31739	730.957	0
0.04	0.0302057	0.2	2.48313	758.856	0
0.04	0.0302057	0.2	2.66073	796.178	0
0.04	0.0302057	0.2	2.85102	840.679	0
0.04	0.0302057	0.2	3.05492	887.778	0
0.04	0.0302057	0.2	3.27341	933.177	0
0.04	0.0302057	0.2	3.50752	975.176	0
0.04	0.0302057	0.2	3.75837	1016.24	0
0.04	0.0302057	0.2	4.02717	1064.47	0
0.04	0.0302057	0.2	4.31519	1128.18	0
0.04	0.0302057	0.2	4.62381	1197.98	0
0.04	0.0302057	0.2	4.9545	1243.87	0
0.04	0.0302057	0.2	5.30884	1245.99	0
0.04	0.0302057	0.2	5.68853	1208.65	0
0.04	0.0302057	0.2	6.09537	1161.12	0
0.04	0.0302057	0.2	6.53131	1163.4	0
0.04	0.0302057	0.2	6.99842	1255.46	0
0.04	0.0302057	0.2	7.49894	1447.87	0
0.04	0.0302057	0.2	8.03526	1688.67	0
0.04	0.0302057	0.2	8.60994	1849.46	0
0.04	0.0302057	0.2	9.22571	1852.02	0
0.04	0.0302057	0.2	9.88553	1802.32	0
0.04	0.0302057	0.2	10.5925	1767.98	0
0.04	0.0302057	0.2	11.3501	1768.95	0
0.04	0.0302057	0.2	12.1619	1834.71	0
0.04	0.0302057	0.2	13.0317	1959.41	0
0.04	0.0302057	0.2	13.9637	2024.66	0
0.04	0.0302057	0.2	14.9624	1916.27	0
0.04	0.0302057	0.2	16.0325	1758.22	0
0.04	0.0302057	0.2	17.1791	2020.55	0
0.04	0.0302057	0.2	18.4077	2641.83	0
0.04	0.0302057	0.2	19.7242	2765.57	0
0.04	0.0302057	0.2	21.1349	2272.68	0
0.04	0.0302057	0.2	22.6464	2379.57	0
0.04	0.0302057	0.2	24.2661	2967.7	0
0.04	0.0302057	0.2	26.0016	2575.11	0
0.04	0.0302057	0.2	27.8612	2666	0
0.04	0.0302057	0.2	29.8538	3498.22	0
0.04	0.0302057	0.2	31.989	2391.01	0
0.04	0.0302057	0.2	34.2768	2640.86	0
0.04	0.0302057	0.2	36.7282	2970.64	0
0.04	0.0302057	0.2	39.355	2097.77	0
0.04	0.0302057	0.2	42.1697	2990.54	0
0.04	0.0302057	0.2	45.1856	2494.39	0
0.04	0.0302057	0.2	48.4172	2082.51	0
0.04	0.0302057	0.2	51.88	2619.11	0
0.04	0.0302057	0.2	55.5904	1651.02	0
0.04	0.0302057	0.2	59.5662	2101.31	0
0.04	0.0302057	0.2	63.8263	1556.14	0
0.04	0.0302057	0.2	68.3912	2049.88	0
0.04	0.0302057	0.2	73.2825	1347.79	0
0.04	0.0302057	0.2	78.5236	1597.89	0
0.04	0.0302057	0.2	84.1395	1296.81	0
0.04	0.0302057	0.2	90.1571	1209.66	0
0.04	0.0302057	0.2	96.6051	1329.35	0
0.04	0.0330019	0.2	0.103514	309.448	0
0.04	0.0330019	0.2	0.110917	306.575	0
0.04	0.0330019	0.2	0.11885	303.304	0
0.04	0.0330019	0.2	0.12735	299.587	0
0.04	0.0330019	0.2	0.136458	295.368	0
0.04	0.0330019	0.2	0.146218	290.589	0
0.04	0.0330019	0.2	0.156675	285.186	0
0.04	0.0330019	0.2	0.16788	279.091	0
0.04	0.0330019	0.2	0.179887	272.237	0
0.04	0.0330019	0.2	0.192752	264.552	0
0.04	0.0330019	0.2	0.206538	255.967	0
0.04	0.0330019	0.2	0.221309	246.421	0
0.04	0.0330019	0.2	0.237137	235.859	0
0.04	0.0330019	0.2	0.254097	224.245	0
0.04	0.0330019	0.2	0.27227	211.564	0
0.04	0.0330019	0.2	0.291743	197.837	0
0.04	0.0330019	0.2	0.312608	183.132	0
0.04	0.0330019	0.2	0.334965	167.573	0
0.04	0.0330019	0.2	0.358922	151.367	0
0.04	0.0330019	0.2	0.384592	134.812	0
0.04	0.0330019	0.2	0.412098	118.323	0
0.04	0.0330019	0.2	0.44157	102.448	0
0.04	0.0330019	0.2	0.473151	87.8811	0
0.04	0.0330019	0.2	0.506991	75.4742	0
0.04	0.0330019	0.2	0.54325	66.2318	0
0.04	0.0330019	0.2	0.582103	61.2925	0
0.04	0.0330019	0.2	0.623735	61.8898	0
0.04	0.0330019	0.2	0.668344	69.2864	0
0.04	0.0330019	0.2	0.716143	84.6832	0
0.04	0.0330019	0.2	0.767361	109.103	0
0.04	0.0330019	0.2	0.822243	143.261	0
0.04	0.0330019	0.2	0.881049	187.431	0
0.04	0.0330019	0.2	0.944061	241.33	0
0.04	0.0330019	0.2	1.01158	304.045	0
0.04	0.0330019	0.2	1.08393	374.002	0
0.04	0.0330019	0.2	1.16145	448.993	0
0.04	0.0330019	0.2	1.24451	526.251	0
0.04	0.0330019	0.2	1.33352	602.566	0
0.04	0.0330019	0.2	1.42889	674.45	0
0.04	0.0330019	0.2	1.53109	738.438	0
0.04	0.0330019	0.2	1.64059	791.59	0
0.04	0.0330019	0.2	1.75792	832.276	0
0.04	0.0330019	0.2	1.88365	861.092	0
0.04	0.0330019	0.2	2.01837	881.503	0
0.04	0.0330019	0.2	2.16272	899.578	0
0.04	0.0330019	0.2	2.31739	922.478	0
0.04	0.0330019	0.2	2.48313	956.008	0
0.04	0.0330019	0.2	2.66073	1002.32	0
0.04	0.0330019	0.2	2.85102	1059.15	0
0.04	0.0330019	0.2	3.05492	1121.3	0
0.04	0.0330019	0.2	3.27341	1183.74	0
0.04	0.0330019	0.2	3.50752	1244.07	0
0.04	0.0330019	0.2	3.75837	1304.17	0
0.04	0.0330019	0.2	4.02717	1372.5	0
0.04	0.0330019	0.2	4.31519	1458.18	0
0.04	0.0330019	0.2	4.62381	1549.22	0
0.04	0.0330019	0.2	4.9545	1608.84	0
0.04	0.0330019	0.2	5.30884	1612.75	0
0.04	0.0330019	0.2	5.68853	1565.94	0
0.04	0.0330019	0.2	6.09537	1504.22	0
0.04	0.0330019	0.2	6.53131	1502.23	0
0.04	0.0330019	0.2	6.99842	1610.74	0
0.04	0.0330019	0.2	7.49894	1844.38	0
0.04	0.0330019	0.2	8.03526	2140.76	0
0.04	0.0330019	0.2	8.60994	2344.46	0
0.04	0.0330019	0.2	9.22571	2356.15	0
0.04	0.0330019	0.2	9.88553	2295.41	0
0.04	0.0330019	0.2	10.5925	2240.01	0
0.04	0.0330019	0.2	11.3501	2219.15	0
0.04	0.0330019	0.2	12.1619	2279.6	0
0.04	0.0330019	0.2	13.0317	2420.09	0
0.04	0.0330019	0.2	13.9637	2499.74	0
0.04	0.0330019	0.2	14.9624	2382.69	0
0.04	0.0330019	0.2	16.0325	2213.62	0
0.04	0.0330019	0.2	17.1791	2545.38	0
0.04	0.0330019	0.2	18.4077	3297.53	0
0.04	0.0330019	0.2	19.7242	3438.62	0
0.04	0.0330019	0.2	21.1349	2824.12	0
0.04	0.0330019	0.2	22.6464	2924.49	0
0.04	0.0330019	0.2	24.2661	3623.24	0
0.04	0.0330019	0.2	26.0016	3176.66	0
0.04	0.0330019	0.2	27.8612	3296.66	0
0.04	0.0330019	0.2	29.8538	4289.98	0
0.04	0.0330019	0.2	31.989	2981.83	0
0.04	0.0330019	0.2	34.2768	3264.71	0
0.04	0.0330019	0.2	36.7282	3624.67	0
0.04	0.0330019	0.2	39.355	2572.36	0
0.04	0.0330019	0.2	42.1697	3621.96	0
0.04	0.0330019	0.2	45.1856	3017.68	0
0.04	0.0330019	0.2	48.4172	2547.19	0
0.04	0.0330019	0.2	51.88	3211.92	0
0.04	0.0330019	0.2	55.5904	2056.54	0
0.04	0.0330019	0.2	59.5662	2569.42	0
0.04	0.0330019	0.2	63.8263	1931.05	0
0.04	0.0330019	0.2	68.3912	2527.2	0
0.04	0.0330019	0.2	73.2825	1672.86	0
0.04	0.0330019	0.2	78.5236	1974.96	0
0.04	0.0330019	0.2	84.1395	1617.68	0
0.04	0.0330019	0.2	90.1571	1513.34	0
0.04	0.0330019	0.2	96.6051	1653.46	0
0.04	0.0360571	0.2	0.103514	307.674	0
0.04	0.0360571	0.2	0.110917	304.553	0
0.04	0.0360571	0.2	0.11885	301.002	0
0.04	0.0360571	0.2	0.12735	296.969	0
0.04	0.0360571	0.2	0.136458	292.396	0
0.04	0.0360571	0.2	0.146218	287.22	0
0.04	0.0360571	0.2	0.156675	281.374	0
0.04	0.0360571	0.2	0.16788	274.79	0
0.04	0.0360571	0.2	0.179887	267.395	0
0.04	0.0360571	0.2	0.192752	259.119	0
0.04	0.0360571	0.2	0.206538	249.895	0
0.04	0.0360571	0.2	0.221309	239.663	0
0.04	0.0360571	0.2	0.237137	228.377	0
0.04	0.0360571	0.2	0.254097	216.011	0
0.04	0.0360571	0.2	0.27227	202.57	0
0.04	0.0360571	0.2	0.291743	188.101	0
0.04	0.0360571	0.2	0.312608	172.706	0
0.04	0.0360571	0.2	0.334965	156.562	0
0.04	0.0360571	0.2	0.358922	139.936	0
0.04	0.0360571	0.2	0.384592	123.21	0
0.04	0.0360571	0.2	0.412098	106.904	0
0.04	0.0360571	0.2	0.44157	91.6893	0
0.04	0.0360571	0.2	0.473151	78.4138	0
0.04	0.0360571	0.2	0.506991	68.1039	0
0.04	0.0360571	0.2	0.54325	61.9613	0
0.04	0.0360571	0.2	0.582103	61.3377	0
0.04	0.0360571	0.2	0.623735	67.6846	0
0.04	0.0360571	0.2	0.668344	82.4735	0
0.04	0.0360571	0.2	0.716143	107.085	0
0.04	0.0360571	0.2	0.767361	142.669	0
0.04	0.0360571	0.2	0.822243	189.99	0
0.04	0.0360571	0.2	0.881049	249.265	0
0.04	0.0360571	0.2	0.944061	320.039	0
0.04	0.0360571	0.2	1.01158	401.085	0
0.04	0.0360571	0.2	1.08393	490.388	0
0.04	0.0360571	0.2	1.16145	585.174	0
0.04	0.0360571	0.2	1.24451	682.007	0
0.04	0.0360571	0.2	1.33352	776.929	0
0.04	0.0360571	0.2	1.42889	865.67	0
0.04	0.0360571	0.2	1.53109	944.011	0
0.04	0.0360571	0.2	1.64059	1008.41	0
0.04	0.0360571	0.2	1.75792	1056.95	0
0.04	0.0360571	0.2	1.88365	1090.53	0
0.04	0.0360571	0.2	2.01837	1113.57	0
0.04	0.0360571	0.2	2.16272	1133.79	0
0.04	0.0360571	0.2	2.31739	1160.35	0
0.04	0.0360571	0.2	2.48313	1200.81	0
0.04	0.0360571	0.2	2.66073	1258.32	0
0.04	0.0360571	0.2	2.85102	1330.59	0
0.04	0.0360571	0.2	3.05492	1411.74	0
0.04	0.0360571	0.2	3.27341	1495.85	0
0.04	0.0360571	0.2	3.50752	1579.53	0
0.04	0.0360571	0.2	3.75837	1663.81	0
0.04	0.0360571	0.2	4.02717	1757.31	0
0.04	0.0360571	0.2	4.31519	1869.97	0
0.04	0.0360571	0.2	4.62381	1986.68	0
0.04	0.0360571	0.2	4.9545	2062.51	0
0.04	0.0360571	0.2	5.30884	2068.03	0
0.04	0.0360571	0.2	5.68853	2009.18	0
0.04	0.0360571	0.2	6.09537	1929.76	0
0.04	0.0360571	0.2	6.53131	1922.25	0
0.04	0.0360571	0.2	6.99842	2050.64	0
0.04	0.0360571	0.2	7.49894	2334.53	0
0.04	0.0360571	0.2	8.03526	2698.9	0
0.04	0.0360571	0.2	8.60994	2955.63	0
0.04	0.0360571	0.2	9.22571	2979.3	0
0.04	0.0360571	0.2	9.88553	2904.77	0
0.04	0.0360571	0.2	10.5925	2821.64	0
0.04	0.0360571	0.2	11.3501	2771.22	0
0.04	0.0360571	0.2	12.1619	2822.74	0
0.04	0.0360571	0.2	13.0317	2981.25	0
0.04	0.0360571	0.2	13.9637	3079.03	0
0.04	0.0360571	0.2	14.9624	2953.97	0
0.04	0.0360571	0.2	16.0325	2774.5	0
0.04	0.0360571	0.2	17.1791	3191	0
0.04	0.0360571	0.2	18.4077	4100.12	0
0.04	0.0360571	0.2	19.7242	4261.52	0
0.04	0.0360571	0.2	21.1349	3499.59	0
0.04	0.0360571	0.2	22.6464	3588.35	0
0.04	0.0360571	0.2	24.2661	4416.91	0
0.04	0.0360571	0.2	26.0016	3908.35	0
0.04	0.0360571	0.2	27.8612	4064.79	0
0.04	0.0360571	0.2	29.8538	5250.07	0
0.04	0.0360571	0.2	31.989	3705.12	0
0.04	0.0360571	0.2	34.2768	4025.1	0
0.04	0.0360571	0.2	36.7282	4416.92	0
0.04	0.0360571	0.2	39.355	3150.32	0
0.04	0.0360571	0.2	42.1697	4383.95	0
0.04	0.0360571	0.2	45.1856	3650.07	0
0.04	0.0360571	0.2	48.4172	3112.44	0
0.04	0.0360571	0.2	51.88	3932.28	0
0.04	0.0360571	0.2	55.5904	2554.74	0
0.04	0.0360571	0.2	59.5662	3138.45	0
0.04	0.0360571	0.2	63.8263	2390.22	0
0.04	0.0360571	0.2	68.3912	3109.01	0
0.04	0.0360571	0.2	73.2825	2072.94	0
0.04	0.0360571	0.2	78.5236	2436.97	0
0.04	0.0360571	0.2	84.1395	2012.43	0
0.04	0.0360571	0.2	90.1571	1888.01	0
0.04	0.0360571	0.2	96.6051	2052.24	0
0.04	0.039395	0.2	0.103514	305.743	0
0.04	0.039395	0.2	0.110917	302.353	0
0.04	0.039395	0.2	0.11885	298.499	0
0.04	0.039395	0.2	0.12735	294.125	0
0.04	0.039395	0.2	0.136458	289.17	0
0.04	0.039395	0.2	0.146218	283.567	0
0.04	0.039395	0.2	0.156675	277.248	0
0.04	0.039395	0.2	0.16788	270.139	0
0.04	0.039395	0.2	0.179887	262.17	0
0.04	0.039395	0.2	0.192752	253.269	0
0.04	0.039395	0.2	0.206538	243.371	0
0.04	0.039395	0.2	0.221309	232.423	0
0.04	0.039395	0.2	0.237137	220.389	0
0.04	0.039395	0.2	0.254097	207.259	0
0.04	0.039395	0.2	0.27227	193.061	0
0.04	0.039395	0.2	0.291743	177.874	0
0.04	0.039395	0.2	0.312608	161.848	0
0.04	0.039395	0.2	0.334965	145.217	0
0.04	0.039395	0.2	0.358922	128.33	0
0.04	0.039395	0.2	0.384592	111.669	0
0.04	0.039395	0.2	0.412098	95.8756	0
0.04	0.039395	0.2	0.44157	81.7781	0
0.04	0.039395	0.2	0.473151	70.4039	0
0.04	0.039395	0.2	0.506991	62.99	0
0.04	0.039395	0.2	0.54325	60.9734	0
0.04	0.039395	0.2	0.582103	65.9585	0
0.04	0.039395	0.2	0.623735	79.6551	0
0.04	0.039395	0.2	0.668344	103.78	0
0.04	0.039395	0.2	0.716143	139.924	0
0.04	0.039395	0.2	0.767361	189.38	0
0.04	0.039395	0.2	0.822243	252.961	0
0.04	0.039395	0.2	0.881049	330.813	0
0.04	0.039395	0.2	0.944061	422.254	0
0.04	0.039395	0.2	1.01158	525.68	0
0.04	0.039395	0.2	1.08393	638.531	0
0.04	0.039395	0.2	1.16145	757.347	0
0.04	0.039395	0.2	1.24451	877.881	0
0.04	0.039395	0.2	1.33352	995.274	0
0.04	0.039395	0.2	1.42889	1104.31	0
0.04	0.039395	0.2	1.53109	1199.88	0
0.04	0.039395	0.2	1.64059	1277.7	0
0.04	0.039395	0.2	1.75792	1335.57	0
0.04	0.039395	0.2	1.88365	1374.69	0
0.04	0.039395	0.2	2.01837	1400.74	0
0.04	0.039395	0.2	2.16272	1423.44	0
0.04	0.039395	0.2	2.31739	1454.4	0
0.04	0.039395	0.2	2.48313	1503.34	0
0.04	0.039395	0.2	2.66073	1574.68	0
0.04	0.039395	0.2	2.85102	1666.18	0
0.04	0.039395	0.2	3.05492	1771.15	0
0.04	0.039395	0.2	3.27341	1882.55	0
0.04	0.039395	0.2	3.50752	1995.74	0
0.04	0.039395	0.2	3.75837	2110.46	0
0.04	0.039395	0.2	4.02717	2235.31	0
0.04	0.039395	0.2	4.31519	2381.02	0
0.04	0.039395	0.2	4.62381	2528.67	0
0.04	0.039395	0.2	4.9545	2623.68	0
0.04	0.039395	0.2	5.30884	2630.54	0
0.04	0.039395	0.2	5.68853	2556.53	0
0.04	0.039395	0.2	6.09537	2455.17	0
0.04	0.039395	0.2	6.53131	2440.62	0
0.04	0.039395	0.2	6.99842	2592.98	0
0.04	0.039395	0.2	7.49894	2937.94	0
0.04	0.039395	0.2	8.03526	3385.22	0
0.04	0.039395	0.2	8.60994	3707.2	0
0.04	0.039395	0.2	9.22571	3746.39	0
0.04	0.039395	0.2	9.88553	3654.73	0
0.04	0.039395	0.2	10.5925	3535.64	0
0.04	0.039395	0.2	11.3501	3446.01	0
0.04	0.039395	0.2	12.1619	3483.98	0
0.04	0.039395	0.2	13.0317	3663.11	0
0.04	0.039395	0.2	13.9637	3783.56	0
0.04	0.039395	0.2	14.9624	3651.56	0
0.04	0.039395	0.2	16.0325	3462.72	0
0.04	0.039395	0.2	17.1791	3982.27	0
0.04	0.039395	0.2	18.4077	5079.34	0
0.04	0.039395	0.2	19.7242	5264.57	0
0.04	0.039395	0.2	21.1349	4324.38	0
0.04	0.039395	0.2	22.6464	4394.97	0
0.04	0.039395	0.2	24.2661	5375.72	0
0.04	0.039395	0.2	26.0016	4796.05	0
0.04	0.039395	0.2	27.8612	4997.84	0
0.04	0.039395	0.2	29.8538	6411.57	0
0.04	0.039395	0.2	31.989	4587.75	0
0.04	0.039395	0.2	34.2768	4949.33	0
0.04	0.039395	0.2	36.7282	5374.43	0
0.04	0.039395	0.2	39.355	3852.31	0
0.04	0.039395	0.2	42.1697	5301.79	0
0.04	0.039395	0.2	45.1856	4412.86	0
0.04	0.039395	0.2	48.4172	3798.3	0
0.04	0.039395	0.2	51.88	4805.38	0
0.04	0.039395	0.2	55.5904	3164.55	0
0.04	0.039395	0.2	59.5662	3828.33	0
0.04	0.039395	0.2	63.8263	2950.72	0
0.04	0.039395	0.2	68.3912	3816.13	0
0.04	0.039395	0.2	73.2825	2563.45	0
0.04	0.039395	0.2	78.5236	3001.17	0
0.04	0.039395	0.2	84.1395	2496.24	0
0.04	0.039395	0.2	90.1571	2348.35	0
0.04	0.039395	0.2	96.6051	2541.03	0
0.04	0.043042	0.2	0.103514	303.642	0
0.04	0.043042	0.2	0.110917	299.961	0
0.04	0.043042	0.2	0.11885	295.78	0
0.04	0.043042	0.2	0.12735	291.038	0
0.04	0.043042	0.2	0.136458	285.671	0
0.04	0.043042	0.2	0.146218	279.611	0
0.04	0.043042	0.2	0.156675	272.784	0
0.04	0.043042	0.2	0.16788	265.117	0
0.04	0.043042	0.2	0.179887	256.537	0
0.04	0.043042	0.2	0.192752	246.976	0
0.04	0.043042	0.2	0.206538	236.374	0
0.04	0.043042	0.2	0.221309	224.684	0
0.04	0.043042	0.2	0.237137	211.885	0
0.04	0.043042	0.2	0.254097	197.987	0
0.04	0.043042	0.2	0.27227	183.049	0
0.04	0.043042	0.2	0.291743	167.192	0
0.04	0.043042	0.2	0.312608	150.62	0
0.04	0.043042	0.2	0.334965	133.643	0
0.04	0.043042	0.2	0.358922	116.706	0
0.04	0.043042	0.2	0.384592	100.412	0
0.04	0.043042	0.2	0.412098	85.5561	0
0.04	0.043042	0.2	0.44157	73.1494	0
0.04	0.043042	0.2	0.473151	64.4378	0
0.04	0.043042	0.2	0.506991	60.91	0
0.04	0.043042	0.2	0.54325	64.2832	0
0.04	0.043042	0.2	0.582103	76.4627	0
0.04	0.043042	0.2	0.623735	99.4638	0
0.04	0.043042	0.2	0.668344	135.293	0
0.04	0.043042	0.2	0.716143	185.783	0
0.04	0.043042	0.2	0.767361	252.393	0
0.04	0.043042	0.2	0.822243	335.985	0
0.04	0.043042	0.2	0.881049	436.604	0
0.04	0.043042	0.2	0.944061	553.292	0
0.04	0.043042	0.2	1.01158	683.973	0
0.04	0.043042	0.2	1.08393	825.429	0
0.04	0.043042	0.2	1.16145	973.366	0
0.04	0.043042	0.2	1.24451	1122.56	0
0.04	0.043042	0.2	1.33352	1267.06	0
0.04	0.043042	0.2	1.42889	1400.52	0
0.04	0.043042	0.2	1.53109	1516.75	0
0.04	0.043042	0.2	1.64059	1610.61	0
0.04	0.043042	0.2	1.75792	1679.51	0
0.04	0.043042	0.2	1.88365	1725.13	0
0.04	0.043042	0.2	2.01837	1754.61	0
0.04	0.043042	0.2	2.16272	1780.17	0
0.04	0.043042	0.2	2.31739	1816.39	0
0.04	0.043042	0.2	2.48313	1875.69	0
0.04	0.043042	0.2	2.66073	1964.04	0
0.04	0.043042	0.2	2.85102	2079.34	0
0.04	0.043042	0.2	3.05492	2213.98	0
0.04	0.043042	0.2	3.27341	2359.53	0
0.04	0.043042	0.2	3.50752	2509.73	0
0.04	0.043042	0.2	3.75837	2662.56	0
0.04	0.043042	0.2	4.02717	2826.25	0
0.04	0.043042	0.2	4.31519	3012.3	0
0.04	0.043042	0.2	4.62381	3197.21	0
0.04	0.043042	0.2	4.9545	3314.88	0
0.04	0.043042	0.2	5.30884	3322.73	0
0.04	0.043042	0.2	5.68853	3229.78	0
0.04	0.043042	0.2	6.09537	3101.4	0
0.04	0.043042	0.2	6.53131	3077.96	0
0.04	0.043042	0.2	6.99842	3259.17	0
0.04	0.043042	0.2	7.49894	3678.16	0
0.04	0.043042	0.2	8.03526	4226.24	0
0.04	0.043042	0.2	8.60994	4628.25	0
0.04	0.043042	0.2	9.22571	4687.32	0
0.04	0.043042	0.2	9.88553	4574.45	0
0.04	0.043042	0.2	10.5925	4409.22	0
0.04	0.043042	0.2	11.3501	4268.45	0
0.04	0.043042	0.2	12.1619	4287.04	0
0.04	0.043042	0.2	13.0317	4489.77	0
0.04	0.043042	0.2	13.9637	4638.46	0
0.04	0.043042	0.2	14.9624	4501.1	0
0.04	0.043042	0.2	16.0325	4304.42	0
0.04	0.043042	0.2	17.1791	4948.85	0
0.04	0.043042	0.2	18.4077	6270.64	0
0.04	0.043042	0.2	19.7242	6483.88	0
0.04	0.043042	0.2	21.1349	5328.72	0
0.04	0.043042	0.2	22.6464	5372.75	0
0.04	0.043042	0.2	24.2661	6531.73	0
0.04	0.043042	0.2	26.0016	5870.5	0
0.04	0.043042	0.2	27.8612	6128.49	0
0.04	0.043042	0.2	29.8538	7813.71	0
0.04	0.043042	0.2	31.989	5661.8	0
0.04	0.043042	0.2	34.2768	6069.85	0
0.04	0.043042	0.2	36.7282	6529.2	0
0.04	0.043042	0.2	39.355	4702.94	0
0.04	0.043042	0.2	42.1697	6405.43	0
0.04	0.043042	0.2	45.1856	5331.27	0
0.04	0.043042	0.2	48.4172	4628.56	0
0.04	0.043042	0.2	51.88	5861.13	0
0.04	0.043042	0.2	55.5904	3908.55	0
0.04	0.043042	0.2	59.5662	4662.68	0
0.04	0.043042	0.2	63.8263	3632.93	0
0.04	0.043042	0.2	68.3912	4673.37	0
0.04	0.043042	0.2	73.2825	3162.79	0
0.04	0.043042	0.2	78.5236	3688.09	0
0.04	0.043042	0.2	84.1395	3087.23	0
0.04	0.043042	0.2	90.1571	2911.95	0
0.04	0.043042	0.2	96.6051	3138.14	0
0.04	0.0470266	0.2	0.103514	301.357	0
0.04	0.0470266	0.2	0.110917	297.362	0
0.04	0.0470266	0.2	0.11885	292.827	0
0.04	0.0470266	0.2	0.12735	287.689	0
0.04	0.0470266	0.2	0.136458	281.88	0
0.04	0.0470266	0.2	0.146218	275.328	0
0.04	0.0470266	0.2	0.156675	267.96	0
0.04	0.0470266	0.2	0.16788	259.699	0
0.04	0.0470266	0.2	0.179887	250.475	0
0.04	0.0470266	0.2	0.192752	240.222	0
0.04	0.0470266	0.2	0.206538	228.886	0
0.04	0.0470266	0.2	0.221309	216.434	0
0.04	0.0470266	0.2	0.237137	202.861	0
0.04	0.0470266	0.2	0.254097	188.205	0
0.04	0.0470266	0.2	0.27227	172.563	0
0.04	0.0470266	0.2	0.291743	156.107	0
0.04	0.0470266	0.2	0.312608	139.11	0
0.04	0.0470266	0.2	0.334965	121.976	0
0.04	0.0470266	0.2	0.358922	105.264	0
0.04	0.0470266	0.2	0.384592	89.728	0
0.04	0.0470266	0.2	0.412098	76.345	0
0.04	0.0470266	0.2	0.44157	66.3475	0
0.04	0.0470266	0.2	0.473151	61.2436	0
0.04	0.0470266	0.2	0.506991	62.8228	0
0.04	0.0470266	0.2	0.54325	73.1374	0
0.04	0.0470266	0.2	0.582103	94.4499	0
0.04	0.0470266	0.2	0.623735	129.138	0
0.04	0.0470266	0.2	0.668344	179.548	0
0.04	0.0470266	0.2	0.716143	247.797	0
0.04	0.0470266	0.2	0.767361	335.534	0
0.04	0.0470266	0.2	0.822243	443.669	0
0.04	0.0470266	0.2	0.881049	572.112	0
0.04	0.0470266	0.2	0.944061	719.563	0
0.04	0.0470266	0.2	1.01158	883.37	0
0.04	0.0470266	0.2	1.08393	1059.51	0
0.04	0.0470266	0.2	1.16145	1242.69	0
0.04	0.0470266	0.2	1.24451	1426.49	0
0.04	0.0470266	0.2	1.33352	1603.66	0
0.04	0.0470266	0.2	1.42889	1766.49	0
0.04	0.0470266	0.2	1.53109	1907.49	0
0.04	0.0470266	0.2	1.64059	2020.5	0
0.04	0.0470266	0.2	1.75792	2102.5	0
0.04	0.0470266	0.2	1.88365	2155.72	0
0.04	0.0470266	0.2	2.01837	2189.13	0
0.04	0.0470266	0.2	2.16272	2217.97	0
0.04	0.0470266	0.2	2.31739	2260.46	0
0.04	0.0470266	0.2	2.48313	2332.34	0
0.04	0.0470266	0.2	2.66073	2441.54	0
0.04	0.0470266	0.2	2.85102	2586.17	0
0.04	0.0470266	0.2	3.05492	2757.54	0
0.04	0.0470266	0.2	3.27341	2945.6	0
0.04	0.0470266	0.2	3.50752	3141.96	0
0.04	0.0470266	0.2	3.75837	3342.21	0
0.04	0.0470266	0.2	4.02717	3553.84	0
0.04	0.0470266	0.2	4.31519	3789.02	0
0.04	0.0470266	0.2	4.62381	4018.72	0
0.04	0.0470266	0.2	4.9545	4163.18	0
0.04	0.0470266	0.2	5.30884	4171.55	0
0.04	0.0470266	0.2	5.68853	4055.12	0
0.04	0.0470266	0.2	6.09537	3893.57	0
0.04	0.0470266	0.2	6.53131	3859	0
0.04	0.0470266	0.2	6.99842	4074.88	0
0.04	0.0470266	0.2	7.49894	4583.43	0
0.04	0.0470266	0.2	8.03526	5253.77	0
0.04	0.0470266	0.2	8.60994	5753.58	0
0.04	0.0470266	0.2	9.22571	5837.91	0
0.04	0.0470266	0.2	9.88553	5698.88	0
0.04	0.0470266	0.2	10.5925	5474.99	0
0.04	0.0470266	0.2	11.3501	5268.3	0
0.04	0.0470266	0.2	12.1619	5260.18	0
0.04	0.0470266	0.2	13.0317	5489.97	0
0.04	0.0470266	0.2	13.9637	5673.7	0
0.04	0.0470266	0.2	14.9624	5533.25	0
0.04	0.0470266	0.2	16.0325	5330.91	0
0.04	0.0470266	0.2	17.1791	6126.2	0
0.04	0.0470266	0.2	18.4077	7716.24	0
0.04	0.0470266	0.2	19.7242	7962.47	0
0.04	0.0470266	0.2	21.1349	6548.65	0
0.04	0.0470266	0.2	22.6464	6555.48	0
0.04	0.0470266	0.2	24.2661	7922.89	0
0.04	0.0470266	0.2	26.0016	7168.23	0
0.04	0.0470266	0.2	27.8612	7495.53	0
0.04	0.0470266	0.2	29.8538	9503.03	0
0.04	0.0470266	0.2	31.989	6965.47	0
0.04	0.0470266	0.2	34.2768	7425.24	0
0.04	0.0470266	0.2	36.7282	7919.17	0
0.04	0.0470266	0.2	39.355	5731.48	0
0.04	0.0470266	0.2	42.1697	7730.26	0
0.04	0.0470266	0.2	45.1856	6435.21	0
0.04	0.0470266	0.2	48.4172	5631.55	0
0.04	0.0470266	0.2	51.88	7135.02	0
0.04	0.0470266	0.2	55.5904	4813.67	0
0.04	0.0470266	0.2	59.5662	5669.52	0
0.04	0.0470266	0.2	63.8263	4461.08	0
0.04	0.0470266	0.2	68.3912	5710.17	0
0.04	0.0470266	0.2	73.2825	3892.93	0
0.04	0.0470266	0.2	78.5236	4522.2	0
0.04	0.0470266	0.2	84.1395	3807.01	0
0.04	0.0470266	0.2	90.1571	3599.81	0
0.04	0.0470266	0.2	96.6051	3865.42	0
0.04	0.05138	0.2	0.103514	298.873	0
0.04	0.05138	0.2	0.110917	294.538	0
0.04	0.05138	0.2	0.11885	289.621	0
0.04	0.05138	0.2	0.12735	284.058	0
0.04	0.05138	0.2	0.136458	277.775	0
0.04	0.05138	0.2	0.146218	270.698	0
0.04	0.05138	0.2	0.156675	262.753	0
0.04	0.05138	0.2	0.16788	253.864	0
0.04	0.05138	0.2	0.179887	243.961	0
0.04	0.05138	0.2	0.192752	232.985	0
0.04	0.05138	0.2	0.206538	220.892	0
0.04	0.05138	0.2	0.221309	207.663	0
0.04	0.05138	0.2	0.237137	193.32	0
0.04	0.05138	0.2	0.254097	177.932	0
0.04	0.05138	0.2	0.27227	161.645	0
0.04	0.05138	0.2	0.291743	144.694	0
0.04	0.05138	0.2	0.312608	127.44	0
0.04	0.05138	0.2	0.334965	110.396	0
0.04	0.05138	0.2	0.358922	94.2665	0
0.04	0.05138	0.2	0.384592	79.9828	0
0.04	0.05138	0.2	0.412098	68.744	0
0.04	0.05138	0.2	0.44157	62.0491	0
0.04	0.05138	0.2	0.473151	61.7204	0
0.04	0.05138	0.2	0.506991	69.9076	0
0.04	0.05138	0.2	0.54325	89.0621	0
0.04	0.05138	0.2	0.582103	121.872	0
0.04	0.05138	0.2	0.623735	171.144	0
0.04	0.05138	0.2	0.668344	239.625	0
0.04	0.05138	0.2	0.716143	329.766	0
0.04	0.05138	0.2	0.767361	443.431	0
0.04	0.05138	0.2	0.822243	581.575	0
0.04	0.05138	0.2	0.881049	743.94	0
0.04	0.05138	0.2	0.944061	928.797	0
0.04	0.05138	0.2	1.01158	1132.79	0
0.04	0.05138	0.2	1.08393	1350.93	0
0.04	0.05138	0.2	1.16145	1576.7	0
0.04	0.05138	0.2	1.24451	1802.24	0
0.04	0.05138	0.2	1.33352	2018.75	0
0.04	0.05138	0.2	1.42889	2216.87	0
0.04	0.05138	0.2	1.53109	2387.56	0
0.04	0.05138	0.2	1.64059	2523.43	0
0.04	0.05138	0.2	1.75792	2620.98	0
0.04	0.05138	0.2	1.88365	2683.11	0
0.04	0.05138	0.2	2.01837	2721.01	0
0.04	0.05138	0.2	2.16272	2753.6	0
0.04	0.05138	0.2	2.31739	2803.57	0
0.04	0.05138	0.2	2.48313	2890.68	0
0.04	0.05138	0.2	2.66073	3025.32	0
0.04	0.05138	0.2	2.85102	3205.94	0
0.04	0.05138	0.2	3.05492	3422.61	0
0.04	0.05138	0.2	3.27341	3663.3	0
0.04	0.05138	0.2	3.50752	3916.95	0
0.04	0.05138	0.2	3.75837	4175.94	0
0.04	0.05138	0.2	4.02717	4446.52	0
0.04	0.05138	0.2	4.31519	4741.42	0
0.04	0.05138	0.2	4.62381	5024.91	0
0.04	0.05138	0.2	4.9545	5201.01	0
0.04	0.05138	0.2	5.30884	5209.28	0
0.04	0.05138	0.2	5.68853	5063.91	0
0.04	0.05138	0.2	6.09537	4861.87	0
0.04	0.05138	0.2	6.53131	4813.46	0
0.04	0.05138	0.2	6.99842	5070.91	0
0.04	0.05138	0.2	7.49894	5687.54	0
0.04	0.05138	0.2	8.03526	6505.84	0
0.04	0.05138	0.2	8.60994	7124.9	0
0.04	0.05138	0.2	9.22571	7241.07	0
0.04	0.05138	0.2	9.88553	7069.88	0
0.04	0.05138	0.2	10.5925	6771.92	0
0.04	0.05138	0.2	11.3501	6481.08	0
0.04	0.05138	0.2	12.1619	6437.08	0
0.04	0.05138	0.2	13.0317	6697.94	0
0.04	0.05138	0.2	13.9637	6924.98	0
0.04	0.05138	0.2	14.9624	6784.59	0
0.04	0.05138	0.2	16.0325	6579.59	0
0.04	0.05138	0.2	17.1791	7556.61	0
0.04	0.05138	0.2	18.4077	9466.37	0
0.04	0.05138	0.2	19.7242	9751.53	0
0.04	0.05138	0.2	21.1349	8027.2	0
0.04	0.05138	0.2	22.6464	7983.36	0
0.04	0.05138	0.2	24.2661	9594.13	0
0.04	0.05138	0.2	26.0016	8732.54	0
0.04	0.05138	0.2	27.8612	9145.09	0
0.04	0.05138	0.2	29.8538	11534.6	0
0.04	0.05138	0.2	31.989	8544.27	0
0.04	0.05138	0.2	34.2768	9061.28	0
0.04	0.05138	0.2	36.7282	9589.16	0
0.04	0.05138	0.2	39.355	6972.74	0
0.04	0.05138	0.2	42.1697	9318.14	0
0.04	0.05138	0.2	45.1856	7760.08	0
0.04	0.05138	0.2	48.4172	6840.84	0
0.04	0.05138	0.2	51.88	8669.08	0
0.04	0.05138	0.2	55.5904	5911.97	0
0.04	0.05138	0.2	59.5662	6882.02	0
0.04	0.05138	0.2	63.8263	5464.03	0
0.04	0.05138	0.2	68.3912	6961.48	0
0.04	0.05138	0.2	73.2825	4780.07	0
0.04	0.05138	0.2	78.5236	5532.61	0
0.04	0.05138	0.2	84.1395	4681.36	0
0.04	0.05138	0.2	90.1571	4436.99	0
0.04	0.05138	0.2	96.6051	4748.95	0
0.04	0.0561365	0.2	0.103514	296.174	0
0.04	0.0561365	0.2	0.110917	291.472	0
0.04	0.0561365	0.2	0.11885	286.145	0
0.04	0.0561365	0.2	0.12735	280.124	0
0.04	0.0561365	0.2	0.136458	273.333	0
0.04	0.0561365	0.2	0.146218	265.697	0
0.04	0.0561365	0.2	0.156675	257.14	0
0.04	0.0561365	0.2	0.16788	247.588	0
0.04	0.0561365	0.2	0.179887	236.975	0
0.04	0.0561365	0.2	0.192752	225.249	0
0.04	0.0561365	0.2	0.206538	212.381	0
0.04	0.0561365	0.2	0.221309	198.373	0
0.04	0.0561365	0.2	0.237137	183.275	0
0.04	0.0561365	0.2	0.254097	167.203	0
0.04	0.0561365	0.2	0.27227	150.359	0
0.04	0.0561365	0.2	0.291743	133.059	0
0.04	0.0561365	0.2	0.312608	115.769	0
0.04	0.0561365	0.2	0.334965	99.1382	0
0.04	0.0561365	0.2	0.358922	84.044	0
0.04	0.0561365	0.2	0.384592	71.6356	0
0.04	0.0561365	0.2	0.412098	63.3783	0
0.04	0.0561365	0.2	0.44157	61.0918	0
0.04	0.0561365	0.2	0.473151	66.9752	0
0.04	0.0561365	0.2	0.506991	83.6087	0
0.04	0.0561365	0.2	0.54325	113.921	0
0.04	0.0561365	0.2	0.582103	161.104	0
0.04	0.0561365	0.2	0.623735	228.476	0
0.04	0.0561365	0.2	0.668344	319.255	0
0.04	0.0561365	0.2	0.716143	436.284	0
0.04	0.0561365	0.2	0.767361	581.672	0
0.04	0.0561365	0.2	0.822243	756.419	0
0.04	0.0561365	0.2	0.881049	960.047	0
0.04	0.0561365	0.2	0.944061	1190.3	0
0.04	0.0561365	0.2	1.01158	1442.97	0
0.04	0.0561365	0.2	1.08393	1711.89	0
0.04	0.0561365	0.2	1.16145	1989.06	0
0.04	0.0561365	0.2	1.24451	2264.92	0
0.04	0.0561365	0.2	1.33352	2528.75	0
0.04	0.0561365	0.2	1.42889	2769.26	0
0.04	0.0561365	0.2	1.53109	2975.51	0
0.04	0.0561365	0.2	1.64059	3138.68	0
0.04	0.0561365	0.2	1.75792	3254.68	0
0.04	0.0561365	0.2	1.88365	3327.25	0
0.04	0.0561365	0.2	2.01837	3370.29	0
0.04	0.0561365	0.2	2.16272	3407.19	0
0.04	0.0561365	0.2	2.31739	3466.03	0
0.04	0.0561365	0.2	2.48313	3571.54	0
0.04	0.0561365	0.2	2.66073	3737.11	0
0.04	0.0561365	0.2	2.85102	3961.73	0
0.04	0.0561365	0.2	3.05492	4234.04	0
0.04	0.0561365	0.2	3.27341	4539.62	0
0.04	0.0561365	0.2	3.50752	4864.07	0
0.04	0.0561365	0.2	3.75837	5195.59	0
0.04	0.0561365	0.2	4.02717	5538.44	0
0.04	0.0561365	0.2	4.31519	5905.74	0
0.04	0.0561365	0.2	4.62381	6253.74	0
0.04	0.0561365	0.2	4.9545	6467.25	0
0.04	0.0561365	0.2	5.30884	6474.64	0
0.04	0.0561365	0.2	5.68853	6293.78	0
0.04	0.0561365	0.2	6.09537	6042.46	0
0.04	0.0561365	0.2	6.53131	5976.93	0
0.04	0.0561365	0.2	6.99842	6284.18	0
0.04	0.0561365	0.2	7.49894	7031.01	0
0.04	0.0561365	0.2	8.03526	8027.99	0
0.04	0.0561365	0.2	8.60994	8792.05	0
0.04	0.0561365	0.2	9.22571	8948.15	0
0.04	0.0561365	0.2	9.88553	8737.55	0
0.04	0.0561365	0.2	10.5925	8346.59	0
0.04	0.0561365	0.2	11.3501	7949.15	0
0.04	0.0561365	0.2	12.1619	7857.83	0
0.04	0.0561365	0.2	13.0317	8154.38	0
0.04	0.0561365	0.2	13.9637	8434.84	0
0.04	0.0561365	0.2	14.9624	8298.79	0
0.04	0.0561365	0.2	16.0325	8095.15	0
0.04	0.0561365	0.2	17.1791	9290.46	0
0.04	0.0561365	0.2	18.4077	11580.7	0
0.04	0.0561365	0.2	19.7242	11911.9	0
0.04	0.0561365	0.2	21.1349	9815.61	0
0.04	0.0561365	0.2	22.6464	9704.11	0
0.04	0.0561365	0.2	24.2661	11598.5	0
0.04	0.0561365	0.2	26.0016	10614.8	0
0.04	0.0561365	0.2	27.8612	11131.8	0
0.04	0.0561365	0.2	29.8538	13973.5	0
0.04	0.0561365	0.2	31.989	10452.3	0
0.04	0.0561365	0.2	34.2768	11032.3	0
0.04	0.0561365	0.2	36.7282	11592.1	0
0.04	0.0561365	0.2	39.355	8467.99	0
0.04	0.0561365	0.2	42.1697	11218.4	0
0.04	0.0561365	0.2	45.1856	9347.69	0
0.04	0.0561365	0.2	48.4172	8296.28	0
0.04	0.0561365	0.2	51.88	10513	0
0.04	0.0561365	0.2	55.5904	7241.6	0
0.04	0.0561365	0.2	59.5662	8339.38	0
0.04	0.0561365	0.2	63.8263	6676.06	0
0.04	0.0561365	0.2	68.3912	8468.68	0
0.04	0.0561365	0.2	73.2825	5855.41	0
0.04	0.0561365	0.2	78.5236	6753.91	0
0.04	0.0561365	0.2	84.1395	5740.95	0
0.04	0.0561365	0.2	90.1571	5453.41	0
0.04	0.0561365	0.2	96.6051	5819.76	0
0.04	0.0613333	0.2	0.103514	293.242	0
0.04	0.0613333	0.2	0.110917	288.145	0
0.04	0.0613333	0.2	0.11885	282.378	0
0.04	0.0613333	0.2	0.12735	275.866	0
0.04	0.0613333	0.2	0.136458	268.533	0
0.04	0.0613333	0.2	0.146218	260.303	0
0.04	0.0613333	0.2	0.156675	251.098	0
0.04	0.0613333	0.2	0.16788	240.849	0
0.04	0.0613333	0.2	0.179887	229.497	0
0.04	0.0613333	0.2	0.192752	217.001	0
0.04	0.0613333	0.2	0.206538	203.348	0
0.04	0.0613333	0.2	0.221309	188.57	0
0.04	0.0613333	0.2	0.237137	172.755	0
0.04	0.0613333	0.2	0.254097	156.071	0
0.04	0.0613333	0.2	0.27227	138.795	0
0.04	0.0613333	0.2	0.291743	121.342	0
0.04	0.0613333	0.2	0.312608	104.306	0
0.04	0.0613333	0.2	0.334965	88.5008	0
0.04	0.0613333	0.2	0.358922	75.0152	0
0.04	0.0613333	0.2	0.384592	65.2604	0
0.04	0.0613333	0.2	0.412098	61.023	0
0.04	0.0613333	0.2	0.44157	64.5077	0
0.04	0.0613333	0.2	0.473151	78.3653	0
0.04	0.0613333	0.2	0.506991	105.691	0
0.04	0.0613333	0.2	0.54325	149.981	0
0.04	0.0613333	0.2	0.582103	215.033	0
0.04	0.0613333	0.2	0.623735	304.763	0
0.04	0.0613333	0.2	0.668344	422.955	0
0.04	0.0613333	0.2	0.716143	572.903	0
0.04	0.0613333	0.2	0.767361	757.003	0
0.04	0.0613333	0.2	0.822243	976.292	0
0.04	0.0613333	0.2	0.881049	1230.02	0
0.04	0.0613333	0.2	0.944061	1515.27	0
0.04	0.0613333	0.2	1.01158	1826.82	0
0.04	0.0613333	0.2	1.08393	2157.05	0
0.04	0.0613333	0.2	1.16145	2496.2	0
0.04	0.0613333	0.2	1.24451	2832.64	0
0.04	0.0613333	0.2	1.33352	3153.37	0
0.04	0.0613333	0.2	1.42889	3444.75	0
0.04	0.0613333	0.2	1.53109	3693.61	0
0.04	0.0613333	0.2	1.64059	3889.38	0
0.04	0.0613333	0.2	1.75792	4027.28	0
0.04	0.0613333	0.2	1.88365	4112.11	0
0.04	0.0613333	0.2	2.01837	4161.02	0
0.04	0.0613333	0.2	2.16272	4202.83	0
0.04	0.0613333	0.2	2.31739	4272.19	0
0.04	0.0613333	0.2	2.48313	4399.83	0
0.04	0.0613333	0.2	2.66073	4602.91	0
0.04	0.0613333	0.2	2.85102	4881.14	0
0.04	0.0613333	0.2	3.05492	5221.55	0
0.04	0.0613333	0.2	3.27341	5606.89	0
0.04	0.0613333	0.2	3.50752	6018.54	0
0.04	0.0613333	0.2	3.75837	6439.28	0
0.04	0.0613333	0.2	4.02717	6870.52	0
0.04	0.0613333	0.2	4.31519	7325.46	0
0.04	0.0613333	0.2	4.62381	7750.74	0
0.04	0.0613333	0.2	4.9545	8008.45	0
0.04	0.0613333	0.2	5.30884	8013.94	0
0.04	0.0613333	0.2	5.68853	7789.78	0
0.04	0.0613333	0.2	6.09537	7478.69	0
0.04	0.0613333	0.2	6.53131	7392.12	0
0.04	0.0613333	0.2	6.99842	7758.9	0
0.04	0.0613333	0.2	7.49894	8662.28	0
0.04	0.0613333	0.2	8.03526	9874.65	0
0.04	0.0613333	0.2	8.60994	10814.7	0
0.04	0.0613333	0.2	9.22571	11020.6	0
0.04	0.0613333	0.2	9.88553	10761.8	0
0.04	0.0613333	0.2	10.5925	10254.6	0
0.04	0.0613333	0.2	11.3501	9722.96	0
0.04	0.0613333	0.2	12.1619	9570.11	0
0.04	0.0613333	0.2	13.0317	9907.71	0
0.04	0.0613333	0.2	13.9637	10253.9	0
0.04	0.0613333	0.2	14.9624	10127.9	0
0.04	0.0613333	0.2	16.0325	9930.93	0
0.04	0.0613333	0.2	17.1791	11387.8	0
0.04	0.0613333	0.2	18.4077	14130.1	0
0.04	0.0613333	0.2	19.7242	14515.8	0
0.04	0.0613333	0.2	21.1349	11974.9	0
0.04	0.0613333	0.2	22.6464	11774.4	0
0.04	0.0613333	0.2	24.2661	13998.7	0
0.04	0.0613333	0.2	26.0016	12875.6	0
0.04	0.0613333	0.2	27.8612	13520.5	0
0.04	0.0613333	0.2	29.8538	16896.7	0
0.04	0.0613333	0.2	31.989	12753.9	0
0.04	0.0613333	0.2	34.2768	13402.5	0
0.04	0.0613333	0.2	36.7282	13990.3	0
0.04	0.0613333	0.2	39.355	10266.2	0
0.04	0.0613333	0.2	42.1697	13489.2	0
0.04	0.0613333	0.2	45.1856	11247.4	0
0.04	0.0613333	0.2	48.4172	10045.1	0
0.04	0.0613333	0.2	51.88	12725.5	0
0.04	0.0613333	0.2	55.5904	8847.89	0
0.04	0.0613333	0.2	59.5662	10087.8	0
0.04	0.0613333	0.2	63.8263	8137.88	0
0.04	0.0613333	0.2	68.3912	10280.8	0
0.04	0.0613333	0.2	73.2825	7156.07	0
0.04	0.0613333	0.2	78.5236	8227.16	0
0.04	0.0613333	0.2	84.1395	7022.3	0
0.04	0.0613333	0.2	90.1571	6684.72	0
0.04	0.0613333	0.2	96.6051	7114.77	0
0.04	0.0670111	0.2	0.103514	290.06	0
0.04	0.0670111	0.2	0.110917	284.539	0
0.04	0.0670111	0.2	0.11885	278.298	0
0.04	0.0670111	0.2	0.12735	271.262	0
0.04	0.0670111	0.2	0.136458	263.352	0
0.04	0.0670111	0.2	0.146218	254.492	0
0.04	0.0670111	0.2	0.156675	244.606	0
0.04	0.0670111	0.2	0.16788	233.629	0
0.04	0.0670111	0.2	0.179887	221.513	0
0.04	0.0670111	0.2	0.192752	208.232	0
0.04	0.0670111	0.2	0.206538	193.797	0
0.04	0.0670111	0.2	0.221309	178.275	0
0.04	0.0670111	0.2	0.237137	161.801	0
0.04	0.0670111	0.2	0.254097	144.613	0
0.04	0.0670111	0.2	0.27227	127.078	0
0.04	0.0670111	0.2	0.291743	109.729	0
0.04	0.0670111	0.2	0.312608	93.3187	0
0.04	0.0670111	0.2	0.334965	78.863	0
0.04	0.0670111	0.2	0.358922	67.7043	0
0.04	0.0670111	0.2	0.384592	61.5705	0
0.04	0.0670111	0.2	0.412098	62.6346	0
0.04	0.0670111	0.2	0.44157	73.5641	0
0.04	0.0670111	0.2	0.473151	97.5504	0
0.04	0.0670111	0.2	0.506991	138.305	0
0.04	0.0670111	0.2	0.54325	200.002	0
0.04	0.0670111	0.2	0.582103	287.155	0
0.04	0.0670111	0.2	0.623735	404.399	0
0.04	0.0670111	0.2	0.668344	556.177	0
0.04	0.0670111	0.2	0.716143	746.32	0
0.04	0.0670111	0.2	0.767361	977.55	0
0.04	0.0670111	0.2	0.822243	1250.94	0
0.04	0.0670111	0.2	0.881049	1565.38	0
0.04	0.0670111	0.2	0.944061	1917.18	0
0.04	0.0670111	0.2	1.01158	2299.84	0
0.04	0.0670111	0.2	1.08393	2704.03	0
0.04	0.0670111	0.2	1.16145	3117.84	0
0.04	0.0670111	0.2	1.24451	3527.16	0
0.04	0.0670111	0.2	1.33352	3916.26	0
0.04	0.0670111	0.2	1.42889	4268.67	0
0.04	0.0670111	0.2	1.53109	4568.55	0
0.04	0.0670111	0.2	1.64059	4803.25	0
0.04	0.0670111	0.2	1.75792	4967.17	0
0.04	0.0670111	0.2	1.88365	5066.38	0
0.04	0.0670111	0.2	2.01837	5122.01	0
0.04	0.0670111	0.2	2.16272	5169.39	0
0.04	0.0670111	0.2	2.31739	5251.17	0
0.04	0.0670111	0.2	2.48313	5405.38	0
0.04	0.0670111	0.2	2.66073	5653.8	0
0.04	0.0670111	0.2	2.85102	5997.18	0
0.04	0.0670111	0.2	3.05492	6420.71	0
0.04	0.0670111	0.2	3.27341	6903.77	0
0.04	0.0670111	0.2	3.50752	7422.49	0
0.04	0.0670111	0.2	3.75837	7952.69	0
0.04	0.0670111	0.2	4.02717	8491.77	0
0.04	0.0670111	0.2	4.31519	9052.64	0
0.04	0.0670111	0.2	4.62381	9570.39	0
0.04	0.0670111	0.2	4.9545	9880.3	0
0.04	0.0670111	0.2	5.30884	9882.66	0
0.04	0.0670111	0.2	5.68853	9605.88	0
0.04	0.0670111	0.2	6.09537	9222.53	0
0.04	0.0670111	0.2	6.53131	9110.19	0
0.04	0.0670111	0.2	6.99842	9548.05	0
0.04	0.0670111	0.2	7.49894	10639.3	0
0.04	0.0670111	0.2	8.03526	12110.9	0
0.04	0.0670111	0.2	8.60994	13264	0
0.04	0.0670111	0.2	9.22571	13531.9	0
0.04	0.0670111	0.2	9.88553	13214.2	0
0.04	0.0670111	0.2	10.5925	12562.4	0
0.04	0.0670111	0.2	11.3501	11862.6	0
0.04	0.0670111	0.2	12.1619	11630.6	0
0.04	0.0670111	0.2	13.0317	12015.4	0
0.04	0.0670111	0.2	13.9637	12442.4	0
0.04	0.0670111	0.2	14.9624	12333.9	0
0.04	0.0670111	0.2	16.0325	12150.6	0
0.04	0.0670111	0.2	17.1791	13919.9	0
0.04	0.0670111	0.2	18.4077	17198.6	0
0.04	0.0670111	0.2	19.7242	17649	0
0.04	0.0670111	0.2	21.1349	14577.7	0
0.04	0.0670111	0.2	22.6464	14261.4	0
0.04	0.0670111	0.2	24.2661	16868.5	0
0.04	0.0670111	0.2	26.0016	15586.8	0
0.04	0.0670111	0.2	27.8612	16387.7	0
0.04	0.0670111	0.2	29.8538	20394.6	0
0.04	0.0670111	0.2	31.989	15525.4	0
0.04	0.0670111	0.2	34.2768	16248	0
0.04	0.0670111	0.2	36.7282	16857.3	0
0.04	0.0670111	0.2	39.355	12425.4	0
0.04	0.0670111	0.2	42.1697	16198.7	0
0.04	0.0670111	0.2	45.1856	13517.5	0
0.04	0.0670111	0.2	48.4172	12143	0
0.04	0.0670111	0.2	51.88	15375.9	0
0.04	0.0670111	0.2	55.5904	10784.7	0
0.04	0.0670111	0.2	59.5662	12181.9	0
0.04	0.0670111	0.2	63.8263	9897.77	0
0.04	0.0670111	0.2	68.3912	12455.6	0
0.04	0.0670111	0.2	73.2825	8726.19	0
0.04	0.0670111	0.2	78.5236	10001.1	0
0.04	0.0670111	0.2	84.1395	8568.82	0
0.04	0.0670111	0.2	90.1571	8173.35	0
0.04	0.0670111	0.2	96.6051	8677.91	0
0.04	0.0732147	0.2	0.103514	286.609	0
0.04	0.0732147	0.2	0.110917	280.632	0
0.04	0.0732147	0.2	0.11885	273.884	0
0.04	0.0732147	0.2	0.12735	266.289	0
0.04	0.0732147	0.2	0.136458	257.767	0
0.04	0.0732147	0.2	0.146218	248.241	0
0.04	0.0732147	0.2	0.156675	237.641	0
0.04	0.0732147	0.2	0.16788	225.91	0
0.04	0.0732147	0.2	0.179887	213.012	0
0.04	0.0732147	0.2	0.192752	198.941	0
0.04	0.0732147	0.2	0.206538	183.742	0
0.04	0.0732147	0.2	0.221309	167.522	0
0.04	0.0732147	0.2	0.237137	150.48	0
0.04	0.0732147	0.2	0.254097	132.936	0
0.04	0.0732147	0.2	0.27227	115.368	0
0.04	0.0732147	0.2	0.291743	98.4585	0
0.04	0.0732147	0.2	0.312608	83.1491	0
0.04	0.0732147	0.2	0.334965	70.7008	0
0.04	0.0732147	0.2	0.358922	62.7637	0
0.04	0.0732147	0.2	0.384592	61.4473	0
0.04	0.0732147	0.2	0.412098	69.3891	0
0.04	0.0732147	0.2	0.44157	89.8117	0
0.04	0.0732147	0.2	0.473151	126.555	0
0.04	0.0732147	0.2	0.506991	184.065	0
0.04	0.0732147	0.2	0.54325	267.328	0
0.04	0.0732147	0.2	0.582103	381.708	0
0.04	0.0732147	0.2	0.623735	532.692	0
0.04	0.0732147	0.2	0.668344	725.505	0
0.04	0.0732147	0.2	0.716143	964.608	0
0.04	0.0732147	0.2	0.767361	1253.1	0
0.04	0.0732147	0.2	0.822243	1592.07	0
0.04	0.0732147	0.2	0.881049	1979.99	0
0.04	0.0732147	0.2	0.944061	2412.19	0
0.04	0.0732147	0.2	1.01158	2880.65	0
0.04	0.0732147	0.2	1.08393	3373.97	0
0.04	0.0732147	0.2	1.16145	3877.64	0
0.04	0.0732147	0.2	1.24451	4374.57	0
0.04	0.0732147	0.2	1.33352	4845.77	0
0.04	0.0732147	0.2	1.42889	5271.37	0
0.04	0.0732147	0.2	1.53109	5632.33	0
0.04	0.0732147	0.2	1.64059	5913.51	0
0.04	0.0732147	0.2	1.75792	6108.35	0
0.04	0.0732147	0.2	1.88365	6224.46	0
0.04	0.0732147	0.2	2.01837	6287.74	0
0.04	0.0732147	0.2	2.16272	6341.45	0
0.04	0.0732147	0.2	2.31739	6437.85	0
0.04	0.0732147	0.2	2.48313	6623.86	0
0.04	0.0732147	0.2	2.66073	6926.97	0
0.04	0.0732147	0.2	2.85102	7349.29	0
0.04	0.0732147	0.2	3.05492	7874	0
0.04	0.0732147	0.2	3.27341	8476.46	0
0.04	0.0732147	0.2	3.50752	9126.32	0
0.04	0.0732147	0.2	3.75837	9790.52	0
0.04	0.0732147	0.2	4.02717	10460.9	0
0.04	0.0732147	0.2	4.31519	11149.6	0
0.04	0.0732147	0.2	4.62381	11777.9	0
0.04	0.0732147	0.2	4.9545	12149.5	0
0.04	0.0732147	0.2	5.30884	12147.1	0
0.04	0.0732147	0.2	5.68853	11806.7	0
0.04	0.0732147	0.2	6.09537	11336.2	0
0.04	0.0732147	0.2	6.53131	11192.4	0
0.04	0.0732147	0.2	6.99842	11715	0
0.04	0.0732147	0.2	7.49894	13031.5	0
0.04	0.0732147	0.2	8.03526	14814.4	0
0.04	0.0732147	0.2	8.60994	16225.2	0
0.04	0.0732147	0.2	9.22571	16569.8	0
0.04	0.0732147	0.2	9.88553	16180.3	0
0.04	0.0732147	0.2	10.5925	15349.1	0
0.04	0.0732147	0.2	11.3501	14439.5	0
0.04	0.0732147	0.2	12.1619	14106.5	0
0.04	0.0732147	0.2	13.0317	14545.7	0
0.04	0.0732147	0.2	13.9637	15071.7	0
0.04	0.0732147	0.2	14.9624	14990.8	0
0.04	0.0732147	0.2	16.0325	14830	0
0.04	0.0732147	0.2	17.1791	16971.9	0
0.04	0.0732147	0.2	18.4077	20885.7	0
0.04	0.0732147	0.2	19.7242	21413.1	0
0.04	0.0732147	0.2	21.1349	17710.3	0
0.04	0.0732147	0.2	22.6464	17244.6	0
0.04	0.0732147	0.2	24.2661	20294.5	0
0.04	0.0732147	0.2	26.0016	18833.1	0
0.04	0.0732147	0.2	27.8612	19824	0
0.04	0.0732147	0.2	29.8538	24574	0
0.04	0.0732147	0.2	31.989	18857.4	0
0.04	0.0732147	0.2	34.2768	19658.7	0
0.04	0.0732147	0.2	36.7282	20279.3	0
0.04	0.0732147	0.2	39.355	15014.1	0
0.04	0.0732147	0.2	42.1697	19427.3	0
0.04	0.0732147	0.2	45.1856	16226.3	0
0.04	0.0732147	0.2	48.4172	14656	0
0.04	0.0732147	0.2	51.88	18545.6	0
0.04	0.0732147	0.2	55.5904	13115.7	0
0.04	0.0732147	0.2	59.5662	14685.7	0
0.04	0.0732147	0.2	63.8263	12012.9	0
0.04	0.0732147	0.2	68.3912	15061.6	0
0.04	0.0732147	0.2	73.2825	10618.2	0
0.04	0.0732147	0.2	78.5236	12133.3	0
0.04	0.0732147	0.2	84.1395	10432	0
0.04	0.0732147	0.2	90.1571	9969.81	0
0.04	0.0732147	0.2	96.6051	10561.3	0
0.04	0.0799925	0.2	0.103514	282.869	0
0.04	0.0799925	0.2	0.110917	276.402	0
0.04	0.0799925	0.2	0.11885	269.114	0
0.04	0.0799925	0.2	0.12735	260.924	0
0.04	0.0799925	0.2	0.136458	251.753	0
0.04	0.0799925	0.2	0.146218	241.529	0
0.04	0.0799925	0.2	0.156675	230.186	0
0.04	0.0799925	0.2	0.16788	217.678	0
0.04	0.0799925	0.2	0.179887	203.988	0
0.04	0.0799925	0.2	0.192752	189.137	0
0.04	0.0799925	0.2	0.206538	173.208	0
0.04	0.0799925	0.2	0.221309	156.364	0
0.04	0.0799925	0.2	0.237137	138.881	0
0.04	0.0799925	0.2	0.254097	121.181	0
0.04	0.0799925	0.2	0.27227	103.878	0
0.04	0.0799925	0.2	0.291743	87.8357	0
0.04	0.0799925	0.2	0.312608	74.2268	0
0.04	0.0799925	0.2	0.334965	64.6083	0
0.04	0.0799925	0.2	0.358922	61.0017	0
0.04	0.0799925	0.2	0.384592	65.976	0
0.04	0.0799925	0.2	0.412098	82.7274	0
0.04	0.0799925	0.2	0.44157	115.144	0
0.04	0.0799925	0.2	0.473151	167.841	0
0.04	0.0799925	0.2	0.506991	246.145	0
0.04	0.0799925	0.2	0.54325	356.008	0
0.04	0.0799925	0.2	0.582103	503.81	0
0.04	0.0799925	0.2	0.623735	696.048	0
0.04	0.0799925	0.2	0.668344	938.873	0
0.04	0.0799925	0.2	0.716143	1237.49	0
0.04	0.0799925	0.2	0.767361	1595.43	0
0.04	0.0799925	0.2	0.822243	2013.79	0
0.04	0.0799925	0.2	0.881049	2490.5	0
0.04	0.0799925	0.2	0.944061	3019.73	0
0.04	0.0799925	0.2	1.01158	3591.6	0
0.04	0.0799925	0.2	1.08393	4192.21	0
0.04	0.0799925	0.2	1.16145	4803.96	0
0.04	0.0799925	0.2	1.24451	5406.16	0
0.04	0.0799925	0.2	1.33352	5975.9	0
0.04	0.0799925	0.2	1.42889	6489.23	0
0.04	0.0799925	0.2	1.53109	6923.3	0
0.04	0.0799925	0.2	1.64059	7259.98	0
0.04	0.0799925	0.2	1.75792	7491.56	0
0.04	0.0799925	0.2	1.88365	7627.52	0
0.04	0.0799925	0.2	2.01837	7699.53	0
0.04	0.0799925	0.2	2.16272	7760.38	0
0.04	0.0799925	0.2	2.31739	7873.93	0
0.04	0.0799925	0.2	2.48313	8097.92	0
0.04	0.0799925	0.2	2.66073	8466.81	0
0.04	0.0799925	0.2	2.85102	8984.57	0
0.04	0.0799925	0.2	3.05492	9632.17	0
0.04	0.0799925	0.2	3.27341	10380.2	0
0.04	0.0799925	0.2	3.50752	11190.3	0
0.04	0.0799925	0.2	3.75837	12018.2	0
0.04	0.0799925	0.2	4.02717	12848.3	0
0.04	0.0799925	0.2	4.31519	13691	0
0.04	0.0799925	0.2	4.62381	14451.3	0
0.04	0.0799925	0.2	4.9545	14895.6	0
0.04	0.0799925	0.2	5.30884	14886.7	0
0.04	0.0799925	0.2	5.68853	14469.4	0
0.04	0.0799925	0.2	6.09537	13894.2	0
0.04	0.0799925	0.2	6.53131	13712.2	0
0.04	0.0799925	0.2	6.99842	14335.7	0
0.04	0.0799925	0.2	7.49894	15921.5	0
0.04	0.0799925	0.2	8.03526	18077.9	0
0.04	0.0799925	0.2	8.60994	19799.8	0
0.04	0.0799925	0.2	9.22571	20239.2	0
0.04	0.0799925	0.2	9.88553	19762.4	0
0.04	0.0799925	0.2	10.5925	18709.1	0
0.04	0.0799925	0.2	11.3501	17538.6	0
0.04	0.0799925	0.2	12.1619	17077.5	0
0.04	0.0799925	0.2	13.0317	17579.5	0
0.04	0.0799925	0.2	13.9637	18226.9	0
0.04	0.0799925	0.2	14.9624	18186.4	0
0.04	0.0799925	0.2	16.0325	18059.5	0
0.04	0.0799925	0.2	17.1791	20644.3	0
0.04	0.0799925	0.2	18.4077	25309	0
0.04	0.0799925	0.2	19.7242	25928.1	0
0.04	0.0799925	0.2	21.1349	21475.2	0
0.04	0.0799925	0.2	22.6464	20818.2	0
0.04	0.0799925	0.2	24.2661	24378.7	0
0.04	0.0799925	0.2	26.0016	22714.2	0
0.04	0.0799925	0.2	27.8612	23936.3	0
0.04	0.0799925	0.2	29.8538	29559.9	0
0.04	0.0799925	0.2	31.989	22857	0
0.04	0.0799925	0.2	34.2768	23740.4	0
0.04	0.0799925	0.2	36.7282	24357.2	0
0.04	0.0799925	0.2	39.355	18113.5	0
0.04	0.0799925	0.2	42.1697	23268.8	0
0.04	0.0799925	0.2	45.1856	19454.4	0
0.04	0.0799925	0.2	48.4172	17661.9	0
0.04	0.0799925	0.2	51.88	22330.6	0
0.04	0.0799925	0.2	55.5904	15916.6	0
0.04	0.0799925	0.2	59.5662	17674.4	0
0.04	0.0799925	0.2	63.8263	14550.9	0
0.04	0.0799925	0.2	68.3912	18179.2	0
0.04	0.0799925	0.2	73.2825	12894.3	0
0.04	0.0799925	0.2	78.5236	14692.1	0
0.04	0.0799925	0.2	84.1395	12673.1	0
0.04	0.0799925	0.2	90.1571	12134.1	0
0.04	0.0799925	0.2	96.6051	12826.8	0
0.04	0.0873977	0.2	0.103514	278.818	0
0.04	0.0873977	0.2	0.110917	271.828	0
0.04	0.0873977	0.2	0.11885	263.963	0
0.04	0.0873977	0.2	0.12735	255.143	0
0.04	0.0873977	0.2	0.136458	245.29	0
0.04	0.0873977	0.2	0.146218	234.336	0
0.04	0.0873977	0.2	0.156675	222.224	0
0.04	0.0873977	0.2	0.16788	208.925	0
0.04	0.0873977	0.2	0.179887	194.444	0
0.04	0.0873977	0.2	0.192752	178.838	0
0.04	0.0873977	0.2	0.206538	162.239	0
0.04	0.0873977	0.2	0.221309	144.879	0
0.04	0.0873977	0.2	0.237137	127.128	0
0.04	0.0873977	0.2	0.254097	109.534	0
0.04	0.0873977	0.2	0.27227	92.8805	0
0.04	0.0873977	0.2	0.291743	78.2477	0
0.04	0.0873977	0.2	0.312608	67.0902	0
0.04	0.0873977	0.2	0.334965	61.3228	0
0.04	0.0873977	0.2	0.358922	63.4148	0
0.04	0.0873977	0.2	0.384592	76.4882	0
0.04	0.0873977	0.2	0.412098	104.41	0
0.04	0.0873977	0.2	0.44157	151.866	0
0.04	0.0873977	0.2	0.473151	224.4	0
0.04	0.0873977	0.2	0.506991	328.391	0
0.04	0.0873977	0.2	0.54325	470.941	0
0.04	0.0873977	0.2	0.582103	659.642	0
0.04	0.0873977	0.2	0.623735	902.191	0
0.04	0.0873977	0.2	0.668344	1205.84	0
0.04	0.0873977	0.2	0.716143	1576.65	0
0.04	0.0873977	0.2	0.767361	2018.68	0
0.04	0.0873977	0.2	0.822243	2533.01	0
0.04	0.0873977	0.2	0.881049	3116.89	0
0.04	0.0873977	0.2	0.944061	3763.09	0
0.04	0.0873977	0.2	1.01158	4459.49	0
0.04	0.0873977	0.2	1.08393	5189.17	0
0.04	0.0873977	0.2	1.16145	5930.8	0
0.04	0.0873977	0.2	1.24451	6659.4	0
0.04	0.0873977	0.2	1.33352	7347.34	0
0.04	0.0873977	0.2	1.42889	7965.82	0
0.04	0.0873977	0.2	1.53109	8487.37	0
0.04	0.0873977	0.2	1.64059	8890.32	0
0.04	0.0873977	0.2	1.75792	9165.57	0
0.04	0.0873977	0.2	1.88365	9324.87	0
0.04	0.0873977	0.2	2.01837	9406.81	0
0.04	0.0873977	0.2	2.16272	9475.66	0
0.04	0.0873977	0.2	2.31739	9609.28	0
0.04	0.0873977	0.2	2.48313	9878.49	0
0.04	0.0873977	0.2	2.66073	10326.3	0
0.04	0.0873977	0.2	2.85102	10959.2	0
0.04	0.0873977	0.2	3.05492	11755.8	0
0.04	0.0873977	0.2	3.27341	12680.9	0
0.04	0.0873977	0.2	3.50752	13686.5	0
0.04	0.0873977	0.2	3.75837	14714	0
0.04	0.0873977	0.2	4.02717	15737.9	0
0.04	0.0873977	0.2	4.31519	16766.1	0
0.04	0.0873977	0.2	4.62381	17683.9	0
0.04	0.0873977	0.2	4.9545	18214	0
0.04	0.0873977	0.2	5.30884	18196.3	0
0.04	0.0873977	0.2	5.68853	17686.5	0
0.04	0.0873977	0.2	6.09537	16985.7	0
0.04	0.0873977	0.2	6.53131	16757.4	0
0.04	0.0873977	0.2	6.99842	17500.7	0
0.04	0.0873977	0.2	7.49894	19408.4	0
0.04	0.0873977	0.2	8.03526	22012	0
0.04	0.0873977	0.2	8.60994	24109	0
0.04	0.0873977	0.2	9.22571	24665.3	0
0.04	0.0873977	0.2	9.88553	24082.3	0
0.04	0.0873977	0.2	10.5925	22754.7	0
0.04	0.0873977	0.2	11.3501	21260.6	0
0.04	0.0873977	0.2	12.1619	20638.3	0
0.04	0.0873977	0.2	13.0317	21212.7	0
0.04	0.0873977	0.2	13.9637	22008.6	0
0.04	0.0873977	0.2	14.9624	22025.3	0
0.04	0.0873977	0.2	16.0325	21946.9	0
0.04	0.0873977	0.2	17.1791	25056.8	0
0.04	0.0873977	0.2	18.4077	30607.8	0
0.04	0.0873977	0.2	19.7242	31336.3	0
0.04	0.0873977	0.2	21.1349	25994.1	0
0.04	0.0873977	0.2	22.6464	25093.3	0
0.04	0.0873977	0.2	24.2661	29240.3	0
0.04	0.0873977	0.2	26.0016	27347.4	0
0.04	0.0873977	0.2	27.8612	28850.2	0
0.04	0.0873977	0.2	29.8538	35499.4	0
0.04	0.0873977	0.2	31.989	27651.3	0
0.04	0.0873977	0.2	34.2768	28617.9	0
0.04	0.0873977	0.2	36.7282	29209.5	0
0.04	0.0873977	0.2	39.355	21819.2	0
0.04	0.0873977	0.2	42.1697	27832.9	0
0.04	0.0873977	0.2	45.1856	23296.1	0
0.04	0.0873977	0.2	48.4172	21252.4	0
0.04	0.0873977	0.2	51.88	26843.3	0
0.04	0.0873977	0.2	55.5904	19276.7	0
0.04	0.0873977	0.2	59.5662	21236.3	0
0.04	0.0873977	0.2	63.8263	17591.8	0
0.04	0.0873977	0.2	68.3912	21903.1	0
0.04	0.0873977	0.2	73.2825	15628.2	0
0.04	0.0873977	0.2	78.5236	17758.1	0
0.04	0.0873977	0.2	84.1395	15364.4	0
0.04	0.0873977	0.2	90.1571	14737.6	0
0.04	0.0873977	0.2	96.6051	15547.8	0
0.04	0.0954885	0.2	0.103514	274.435	0
0.04	0.0954885	0.2	0.110917	266.887	0
0.04	0.0954885	0.2	0.11885	258.41	0
0.04	0.0954885	0.2	0.12735	248.925	0
0.04	0.0954885	0.2	0.136458	238.356	0
0.04	0.0954885	0.2	0.146218	226.644	0
0.04	0.0954885	0.2	0.156675	213.745	0
0.04	0.0954885	0.2	0.16788	199.65	0
0.04	0.0954885	0.2	0.179887	184.394	0
0.04	0.0954885	0.2	0.192752	168.079	0
0.04	0.0954885	0.2	0.206538	150.899	0
0.04	0.0954885	0.2	0.221309	133.172	0
0.04	0.0954885	0.2	0.237137	115.383	0
0.04	0.0954885	0.2	0.254097	98.2377	0
0.04	0.0954885	0.2	0.27227	82.7211	0
0.04	0.0954885	0.2	0.291743	70.1798	0
0.04	0.0954885	0.2	0.312608	62.4089	0
0.04	0.0954885	0.2	0.334965	61.755	0
0.04	0.0954885	0.2	0.358922	71.2272	0
0.04	0.0954885	0.2	0.384592	94.612	0
0.04	0.0954885	0.2	0.412098	136.581	0
0.04	0.0954885	0.2	0.44157	202.778	0
0.04	0.0954885	0.2	0.473151	299.856	0
0.04	0.0954885	0.2	0.506991	435.451	0
0.04	0.0954885	0.2	0.54325	618.04	0
0.04	0.0954885	0.2	0.582103	856.657	0
0.04	0.0954885	0.2	0.623735	1160.42	0
0.04	0.0954885	0.2	0.668344	1537.89	0
0.04	0.0954885	0.2	0.716143	1996.16	0
0.04	0.0954885	0.2	0.767361	2539.86	0
0.04	0.0954885	0.2	0.822243	3170.04	0
0.04	0.0954885	0.2	0.881049	3883.15	0
0.04	0.0954885	0.2	0.944061	4670.21	0
0.04	0.0954885	0.2	1.01158	5516.43	0
0.04	0.0954885	0.2	1.08393	6401.26	0
0.04	0.0954885	0.2	1.16145	7298.9	0
0.04	0.0954885	0.2	1.24451	8179.19	0
0.04	0.0954885	0.2	1.33352	9008.87	0
0.04	0.0954885	0.2	1.42889	9753.31	0
0.04	0.0954885	0.2	1.53109	10379.5	0
0.04	0.0954885	0.2	1.64059	10861.6	0
0.04	0.0954885	0.2	1.75792	11188.8	0
0.04	0.0954885	0.2	1.88365	11375.5	0
0.04	0.0954885	0.2	2.01837	11468.7	0
0.04	0.0954885	0.2	2.16272	11546.5	0
0.04	0.0954885	0.2	2.31739	11703.5	0
0.04	0.0954885	0.2	2.48313	12026.4	0
0.04	0.0954885	0.2	2.66073	12568.8	0
0.04	0.0954885	0.2	2.85102	13340.3	0
0.04	0.0954885	0.2	3.05492	14317	0
0.04	0.0954885	0.2	3.27341	15457.3	0
0.04	0.0954885	0.2	3.50752	16700.9	0
0.04	0.0954885	0.2	3.75837	17971.5	0
0.04	0.0954885	0.2	4.02717	19230.4	0
0.04	0.0954885	0.2	4.31519	20481.6	0
0.04	0.0954885	0.2	4.62381	21587.1	0
0.04	0.0954885	0.2	4.9545	22218.4	0
0.04	0.0954885	0.2	5.30884	22189	0
0.04	0.0954885	0.2	5.68853	21568.5	0
0.04	0.0954885	0.2	6.09537	20717.4	0
0.04	0.0954885	0.2	6.53131	20433.1	0
0.04	0.0954885	0.2	6.99842	21318.7	0
0.04	0.0954885	0.2	7.49894	23610.2	0
0.04	0.0954885	0.2	8.03526	26748.8	0
0.04	0.0954885	0.2	8.60994	29297.3	0
0.04	0.0954885	0.2	9.22571	29997.5	0
0.04	0.0954885	0.2	9.88553	29285.4	0
0.04	0.0954885	0.2	10.5925	27619.7	0
0.04	0.0954885	0.2	11.3501	25725.4	0
0.04	0.0954885	0.2	12.1619	24900.5	0
0.04	0.0954885	0.2	13.0317	25558.4	0
0.04	0.0954885	0.2	13.9637	26536.3	0
0.04	0.0954885	0.2	14.9624	26631.8	0
0.04	0.0954885	0.2	16.0325	26620	0
0.04	0.0954885	0.2	17.1791	30351.1	0
0.04	0.0954885	0.2	18.4077	36945.9	0
0.04	0.0954885	0.2	19.7242	37805.4	0
0.04	0.0954885	0.2	21.1349	31411.2	0
0.04	0.0954885	0.2	22.6464	30201.1	0
0.04	0.0954885	0.2	24.2661	35018.9	0
0.04	0.0954885	0.2	26.0016	32870.5	0
0.04	0.0954885	0.2	27.8612	34714	0
0.04	0.0954885	0.2	29.8538	42564.2	0
0.04	0.0954885	0.2	31.989	33390.2	0
0.04	0.0954885	0.2	34.2768	34437.9	0
0.04	0.0954885	0.2	36.7282	34974.3	0
0.04	0.0954885	0.2	39.355	26243.8	0
0.04	0.0954885	0.2	42.1697	33247.7	0
0.04	0.0954885	0.2	45.1856	27861.7	0
0.04	0.0954885	0.2	48.4172	25535.2	0
0.04	0.0954885	0.2	51.88	32215.3	0
0.04	0.0954885	0.2	55.5904	23301.8	0
0.04	0.0954885	0.2	59.5662	25474.4	0
0.04	0.0954885	0.2	63.8263	21229.8	0
0.04	0.0954885	0.2	68.3912	26344.5	0
0.04	0.0954885	0.2	73.2825	18907.2	0
0.04	0.0954885	0.2	78.5236	21426.3	0
0.04	0.0954885	0.2	84.1395	18591.7	0
0.04	0.0954885	0.2	90.1571	17864.9	0
0.04	0.0954885	0.2	96.6051	18810.9	0
0.04	0.104328	0.2	0.103514	269.697	0
0.04	0.104328	0.2	0.110917	261.556	0
0.04	0.104328	0.2	0.11885	252.431	0
0.04	0.104328	0.2	0.12735	242.246	0
0.04	0.104328	0.2	0.136458	230.933	0
0.04	0.104328	0.2	0.146218	218.44	0
0.04	0.104328	0.2	0.156675	204.743	0
0.04	0.104328	0.2	0.16788	189.859	0
0.04	0.104328	0.2	0.179887	173.863	0
0.04	0.104328	0.2	0.192752	156.912	0
0.04	0.104328	0.2	0.206538	139.277	0
0.04	0.104328	0.2	0.221309	121.385	0
0.04	0.104328	0.2	0.237137	103.861	0
0.04	0.104328	0.2	0.254097	87.5997	0
0.04	0.104328	0.2	0.27227	73.8361	0
0.04	0.104328	0.2	0.291743	64.2378	0
0.04	0.104328	0.2	0.312608	61.012	0
0.04	0.104328	0.2	0.334965	67.0258	0
0.04	0.104328	0.2	0.358922	85.9381	0
0.04	0.104328	0.2	0.384592	122.334	0
0.04	0.104328	0.2	0.412098	181.851	0
0.04	0.104328	0.2	0.44157	271.277	0
0.04	0.104328	0.2	0.473151	398.596	0
0.04	0.104328	0.2	0.506991	572.945	0
0.04	0.104328	0.2	0.54325	804.44	0
0.04	0.104328	0.2	0.582103	1103.83	0
0.04	0.104328	0.2	0.623735	1481.94	0
0.04	0.104328	0.2	0.668344	1948.86	0
0.04	0.104328	0.2	0.716143	2512.9	0
0.04	0.104328	0.2	0.767361	3179.37	0
0.04	0.104328	0.2	0.822243	3949.27	0
0.04	0.104328	0.2	0.881049	4818.02	0
0.04	0.104328	0.2	0.944061	5774.59	0
0.04	0.104328	0.2	1.01158	6800.93	0
0.04	0.104328	0.2	1.08393	7872.14	0
0.04	0.104328	0.2	1.16145	8957.03	0
0.04	0.104328	0.2	1.24451	10019.3	0
0.04	0.104328	0.2	1.33352	11018.9	0
0.04	0.104328	0.2	1.42889	11914.2	0
0.04	0.104328	0.2	1.53109	12665.6	0
0.04	0.104328	0.2	1.64059	13242.1	0
0.04	0.104328	0.2	1.75792	13631.1	0
0.04	0.104328	0.2	1.88365	13850.1	0
0.04	0.104328	0.2	2.01837	13956.1	0
0.04	0.104328	0.2	2.16272	14043.6	0
0.04	0.104328	0.2	2.31739	14227.8	0
0.04	0.104328	0.2	2.48313	14614.3	0
0.04	0.104328	0.2	2.66073	15269.7	0
0.04	0.104328	0.2	2.85102	16207.8	0
0.04	0.104328	0.2	3.05492	17402.1	0
0.04	0.104328	0.2	3.27341	18803.2	0
0.04	0.104328	0.2	3.50752	20336.3	0
0.04	0.104328	0.2	3.75837	21902.5	0
0.04	0.104328	0.2	4.02717	23446	0
0.04	0.104328	0.2	4.31519	24965.1	0
0.04	0.104328	0.2	4.62381	26294.1	0
0.04	0.104328	0.2	4.9545	27044.7	0
0.04	0.104328	0.2	5.30884	27000.4	0
0.04	0.104328	0.2	5.68853	26247.5	0
0.04	0.104328	0.2	6.09537	25217	0
0.04	0.104328	0.2	6.53131	24865.2	0
0.04	0.104328	0.2	6.99842	25919.2	0
0.04	0.104328	0.2	7.49894	28667.9	0
0.04	0.104328	0.2	8.03526	32445.6	0
0.04	0.104328	0.2	8.60994	35537	0
0.04	0.104328	0.2	9.22571	36414	0
0.04	0.104328	0.2	9.88553	35545.3	0
0.04	0.104328	0.2	10.5925	33463.3	0
0.04	0.104328	0.2	11.3501	31074.5	0
0.04	0.104328	0.2	12.1619	29996.5	0
0.04	0.104328	0.2	13.0317	30750.8	0
0.04	0.104328	0.2	13.9637	31951.3	0
0.04	0.104328	0.2	14.9624	32153.4	0
0.04	0.104328	0.2	16.0325	32231.4	0
0.04	0.104328	0.2	17.1791	36695.1	0
0.04	0.104328	0.2	18.4077	44516.8	0
0.04	0.104328	0.2	19.7242	45533.2	0
0.04	0.104328	0.2	21.1349	37897.5	0
0.04	0.104328	0.2	22.6464	36296.5	0
0.04	0.104328	0.2	24.2661	41877.3	0
0.04	0.104328	0.2	26.0016	39444.9	0
0.04	0.104328	0.2	27.8612	41701.5	0
0.04	0.104328	0.2	29.8538	50954.9	0
0.04	0.104328	0.2	31.989	40250.7	0
0.04	0.104328	0.2	34.2768	41372.8	0
0.04	0.104328	0.2	36.7282	41812.2	0
0.04	0.104328	0.2	39.355	31520.1	0
0.04	0.104328	0.2	42.1697	39661.9	0
0.04	0.104328	0.2	45.1856	33280.4	0
0.04	0.104328	0.2	48.4172	30637.1	0
0.04	0.104328	0.2	51.88	38600.7	0
0.04	0.104328	0.2	55.5904	28116.5	0
0.04	0.104328	0.2	59.5662	30509	0
0.04	0.104328	0.2	63.8263	25576.2	0
0.04	0.104328	0.2	68.3912	31633.7	0
0.04	0.104328	0.2	73.2825	22834.7	0
0.04	0.104328	0.2	78.5236	25809	0
0.04	0.104328	0.2	84.1395	22456.5	0
0.04	0.104328	0.2	90.1571	21616.3	0
0.04	0.104328	0.2	96.6051	22719	0
0.04	0.113986	0.2	0.103514	264.582	0
0.04	0.113986	0.2	0.110917	255.811	0
0.04	0.113986	0.2	0.11885	246.004	0
0.04	0.113986	0.2	0.12735	235.088	0
0.04	0.113986	0.2	0.136458	223.003	0
0.04	0.113986	0.2	0.146218	209.714	0
0.04	0.113986	0.2	0.156675	195.22	0
0.04	0.113986	0.2	0.16788	179.571	0
0.04	0.113986	0.2	0.179887	162.893	0
0.04	0.113986	0.2	0.192752	145.412	0
0.04	0.113986	0.2	0.206538	127.497	0
0.04	0.113986	0.2	0.221309	109.704	0
0.04	0.113986	0.2	0.237137	92.8329	0
0.04	0.113986	0.2	0.254097	78.0098	0
0.04	0.113986	0.2	0.27227	66.7707	0
0.04	0.113986	0.2	0.291743	61.1729	0
0.04	0.113986	0.2	0.312608	63.9208	0
0.04	0.113986	0.2	0.334965	78.5091	0
0.04	0.113986	0.2	0.358922	109.378	0
0.04	0.113986	0.2	0.384592	162.071	0
0.04	0.113986	0.2	0.412098	243.384	0
0.04	0.113986	0.2	0.44157	361.477	0
0.04	0.113986	0.2	0.473151	525.922	0
0.04	0.113986	0.2	0.506991	747.65	0
0.04	0.113986	0.2	0.54325	1038.73	0
0.04	0.113986	0.2	0.582103	1411.97	0
0.04	0.113986	0.2	0.623735	1880.2	0
0.04	0.113986	0.2	0.668344	2455.34	0
0.04	0.113986	0.2	0.716143	3147.13	0
0.04	0.113986	0.2	0.767361	3961.69	0
0.04	0.113986	0.2	0.822243	4899.9	0
0.04	0.113986	0.2	0.881049	5955.97	0
0.04	0.113986	0.2	0.944061	7116.34	0
0.04	0.113986	0.2	1.01158	8359.08	0
0.04	0.113986	0.2	1.08393	9654.03	0
0.04	0.113986	0.2	1.16145	10963.6	0
0.04	0.113986	0.2	1.24451	12244	0
0.04	0.113986	0.2	1.33352	13447.2	0
0.04	0.113986	0.2	1.42889	14523.1	0
0.04	0.113986	0.2	1.53109	15424.3	0
0.04	0.113986	0.2	1.64059	16113.7	0
0.04	0.113986	0.2	1.75792	16576.1	0
0.04	0.113986	0.2	1.88365	16833	0
0.04	0.113986	0.2	2.01837	16953.4	0
0.04	0.113986	0.2	2.16272	17051.6	0
0.04	0.113986	0.2	2.31739	17267.2	0
0.04	0.113986	0.2	2.48313	17728.9	0
0.04	0.113986	0.2	2.66073	18518.9	0
0.04	0.113986	0.2	2.85102	19657	0
0.04	0.113986	0.2	3.05492	21113.5	0
0.04	0.113986	0.2	3.27341	22830.6	0
0.04	0.113986	0.2	3.50752	24715.3	0
0.04	0.113986	0.2	3.75837	26640.6	0
0.04	0.113986	0.2	4.02717	28528.6	0
0.04	0.113986	0.2	4.31519	30369.2	0
0.04	0.113986	0.2	4.62381	31964.1	0
0.04	0.113986	0.2	4.9545	32855.1	0
0.04	0.113986	0.2	5.30884	32791.9	0
0.04	0.113986	0.2	5.68853	31881.3	0
0.04	0.113986	0.2	6.09537	30637.1	0
0.04	0.113986	0.2	6.53131	30204.1	0
0.04	0.113986	0.2	6.99842	31457.4	0
0.04	0.113986	0.2	7.49894	34749.8	0
0.04	0.113986	0.2	8.03526	39289.7	0
0.04	0.113986	0.2	8.60994	43033.2	0
0.04	0.113986	0.2	9.22571	44127.2	0
0.04	0.113986	0.2	9.88553	43068.5	0
0.04	0.113986	0.2	10.5925	40474.6	0
0.04	0.113986	0.2	11.3501	37476	0
0.04	0.113986	0.2	12.1619	36082.3	0
0.04	0.113986	0.2	13.0317	36948	0
0.04	0.113986	0.2	13.9637	38420.9	0
0.04	0.113986	0.2	14.9624	38765.3	0
0.04	0.113986	0.2	16.0325	38961.9	0
0.04	0.113986	0.2	17.1791	44287.1	0
0.04	0.113986	0.2	18.4077	53547.7	0
0.04	0.113986	0.2	19.7242	54752.7	0
0.04	0.113986	0.2	21.1349	45655.4	0
0.04	0.113986	0.2	22.6464	43561.4	0
0.04	0.113986	0.2	24.2661	50004.7	0
0.04	0.113986	0.2	26.0016	47259.6	0
0.04	0.113986	0.2	27.8612	50016.5	0
0.04	0.113986	0.2	29.8538	60905.2	0
0.04	0.113986	0.2	31.989	48441.6	0
0.04	0.113986	0.2	34.2768	49624.2	0
0.04	0.113986	0.2	36.7282	49910.2	0
0.04	0.113986	0.2	39.355	37803.8	0
0.04	0.113986	0.2	42.1697	47248.2	0
0.04	0.113986	0.2	45.1856	39702.4	0
0.04	0.113986	0.2	48.4172	36706.6	0
0.04	0.113986	0.2	51.88	46178.8	0
0.04	0.113986	0.2	55.5904	33867.7	0
0.04	0.113986	0.2	59.5662	36480.2	0
0.04	0.113986	0.2	63.8263	30761.8	0
0.04	0.113986	0.2	68.3912	37923.2	0
0.04	0.113986	0.2	73.2825	27532.5	0
0.04	0.113986	0.2	78.5236	31037.9	0
0.04	0.113986	0.2	84.1395	27078.4	0
0.04	0.113986	0.2	90.1571	26110.7	0
0.04	0.113986	0.2	96.6051	27393.2	0
0.04	0.124539	0.2	0.103514	259.066	0
0.04	0.124539	0.2	0.110917	249.631	0
0.04	0.124539	0.2	0.11885	239.108	0
0.04	0.124539	0.2	0.12735	227.432	0
0.04	0.124539	0.2	0.136458	214.556	0
0.04	0.124539	0.2	0.146218	200.465	0
0.04	0.124539	0.2	0.156675	185.187	0
0.04	0.124539	0.2	0.16788	168.819	0
0.04	0.124539	0.2	0.179887	151.546	0
0.04	0.124539	0.2	0.192752	133.685	0
0.04	0.124539	0.2	0.206538	115.721	0
0.04	0.124539	0.2	0.221309	98.3697	0
0.04	0.124539	0.2	0.237137	82.6469	0
0.04	0.124539	0.2	0.254097	69.9574	0
0.04	0.124539	0.2	0.27227	62.2033	0
0.04	0.124539	0.2	0.291743	61.9127	0
0.04	0.124539	0.2	0.312608	72.3899	0
0.04	0.124539	0.2	0.334965	97.8847	0
0.04	0.124539	0.2	0.358922	143.776	0
0.04	0.124539	0.2	0.384592	216.759	0
0.04	0.124539	0.2	0.412098	325.016	0
0.04	0.124539	0.2	0.44157	478.348	0
0.04	0.124539	0.2	0.473151	688.231	0
0.04	0.124539	0.2	0.506991	967.735	0
0.04	0.124539	0.2	0.54325	1331.27	0
0.04	0.124539	0.2	0.582103	1794.06	0
0.04	0.124539	0.2	0.623735	2371.36	0
0.04	0.124539	0.2	0.668344	3077.25	0
0.04	0.124539	0.2	0.716143	3923.18	0
0.04	0.124539	0.2	0.767361	4916.16	0
0.04	0.124539	0.2	0.822243	6056.95	0
0.04	0.124539	0.2	0.881049	7338.27	0
0.04	0.124539	0.2	0.944061	8743.52	0
0.04	0.124539	0.2	1.01158	10246.1	0
0.04	0.124539	0.2	1.08393	11809.5	0
0.04	0.124539	0.2	1.16145	13388.5	0
0.04	0.124539	0.2	1.24451	14930.4	0
0.04	0.124539	0.2	1.33352	16377.4	0
0.04	0.124539	0.2	1.42889	17669.5	0
0.04	0.124539	0.2	1.53109	18749.9	0
0.04	0.124539	0.2	1.64059	19573.9	0
0.04	0.124539	0.2	1.75792	20123.7	0
0.04	0.124539	0.2	1.88365	20425.3	0
0.04	0.124539	0.2	2.01837	20561.9	0
0.04	0.124539	0.2	2.16272	20671.6	0
0.04	0.124539	0.2	2.31739	20923.2	0
0.04	0.124539	0.2	2.48313	21473.5	0
0.04	0.124539	0.2	2.66073	22423.8	0
0.04	0.124539	0.2	2.85102	23801.2	0
0.04	0.124539	0.2	3.05492	25573.6	0
0.04	0.124539	0.2	3.27341	27672.7	0
0.04	0.124539	0.2	3.50752	29984.1	0
0.04	0.124539	0.2	3.75837	32345.4	0
0.04	0.124539	0.2	4.02717	34649.7	0
0.04	0.124539	0.2	4.31519	36876	0
0.04	0.124539	0.2	4.62381	38786.9	0
0.04	0.124539	0.2	4.9545	39843.2	0
0.04	0.124539	0.2	5.30884	39756.3	0
0.04	0.124539	0.2	5.68853	38658.3	0
0.04	0.124539	0.2	6.09537	37160.2	0
0.04	0.124539	0.2	6.53131	36629.8	0
0.04	0.124539	0.2	6.99842	38118.3	0
0.04	0.124539	0.2	7.49894	42056.4	0
0.04	0.124539	0.2	8.03526	47504.3	0
0.04	0.124539	0.2	8.60994	52030.4	0
0.04	0.124539	0.2	9.22571	53390.4	0
0.04	0.124539	0.2	9.88553	52101.2	0
0.04	0.124539	0.2	10.5925	48878.3	0
0.04	0.124539	0.2	11.3501	45128.5	0
0.04	0.124539	0.2	12.1619	43342	0
0.04	0.124539	0.2	13.0317	44336.5	0
0.04	0.124539	0.2	13.9637	46142.8	0
0.04	0.124539	0.2	14.9624	46675.5	0
0.04	0.124539	0.2	16.0325	47026.5	0
0.04	0.124539	0.2	17.1791	53361.8	0
0.04	0.124539	0.2	18.4077	64305.8	0
0.04	0.124539	0.2	19.7242	65737.8	0
0.04	0.124539	0.2	21.1349	54924	0
0.04	0.124539	0.2	22.6464	52210.1	0
0.04	0.124539	0.2	24.2661	59621	0
0.04	0.124539	0.2	26.0016	56534.7	0
0.04	0.124539	0.2	27.8612	59897.5	0
0.04	0.124539	0.2	29.8538	72686.8	0
0.04	0.124539	0.2	31.989	58208.8	0
0.04	0.124539	0.2	34.2768	59428.5	0
0.04	0.124539	0.2	36.7282	59484.7	0
0.04	0.124539	0.2	39.355	45277.6	0
0.04	0.124539	0.2	42.1697	56206.2	0
0.04	0.124539	0.2	45.1856	47302.6	0
0.04	0.124539	0.2	48.4172	43917.6	0
0.04	0.124539	0.2	51.88	55158.5	0
0.04	0.124539	0.2	55.5904	40728.4	0
0.04	0.124539	0.2	59.5662	43550.3	0
0.04	0.124539	0.2	63.8263	36940.4	0
0.04	0.124539	0.2	68.3912	45391	0
0.04	0.124539	0.2	73.2825	33145	0
0.04	0.124539	0.2	78.5236	37268	0
0.04	0.124539	0.2	84.1395	32598.8	0
0.04	0.124539	0.2	90.1571	31488.6	0
0.04	0.124539	0.2	96.6051	32976.6	0
0.04	0.136068	0.2	0.103514	253.126	0
0.04	0.136068	0.2	0.110917	242.992	0
0.04	0.136068	0.2	0.11885	231.723	0
0.04	0.136068	0.2	0.12735	219.264	0
0.04	0.136068	0.2	0.136458	205.585	0
0.04	0.136068	0.2	0.146218	190.698	0
0.04	0.136068	0.2	0.156675	174.671	0
0.04	0.136068	0.2	0.16788	157.654	0
0.04	0.136068	0.2	0.179887	139.913	0
0.04	0.136068	0.2	0.192752	121.871	0
0.04	0.136068	0.2	0.206538	104.16	0
0.04	0.136068	0.2	0.221309	87.6908	0
0.04	0.136068	0.2	0.237137	73.74	0
0.04	0.136068	0.2	0.254097	64.0527	0
0.04	0.136068	0.2	0.27227	60.9733	0
0.04	0.136068	0.2	0.291743	67.5982	0
0.04	0.136068	0.2	0.312608	87.9546	0
0.04	0.136068	0.2	0.334965	127.201	0
0.04	0.136068	0.2	0.358922	191.843	0
0.04	0.136068	0.2	0.384592	289.956	0
0.04	0.136068	0.2	0.412098	431.384	0
0.04	0.136068	0.2	0.44157	627.895	0
0.04	0.136068	0.2	0.473151	893.235	0
0.04	0.136068	0.2	0.506991	1243.03	0
0.04	0.136068	0.2	0.54325	1694.48	0
0.04	0.136068	0.2	0.582103	2265.72	0
0.04	0.136068	0.2	0.623735	2974.84	0
0.04	0.136068	0.2	0.668344	3838.52	0
0.04	0.136068	0.2	0.716143	4870.19	0
0.04	0.136068	0.2	0.767361	6077.96	0
0.04	0.136068	0.2	0.822243	7462.37	0
0.04	0.136068	0.2	0.881049	9014.36	0
0.04	0.136068	0.2	0.944061	10713.6	0
0.04	0.136068	0.2	1.01158	12527.9	0
0.04	0.136068	0.2	1.08393	14413.3	0
0.04	0.136068	0.2	1.16145	16315.3	0
0.04	0.136068	0.2	1.24451	18170.4	0
0.04	0.136068	0.2	1.33352	19909.5	0
0.04	0.136068	0.2	1.42889	21460.4	0
0.04	0.136068	0.2	1.53109	22755	0
0.04	0.136068	0.2	1.64059	23739.9	0
0.04	0.136068	0.2	1.75792	24393.6	0
0.04	0.136068	0.2	1.88365	24747.7	0
0.04	0.136068	0.2	2.01837	24902.4	0
0.04	0.136068	0.2	2.16272	25024.1	0
0.04	0.136068	0.2	2.31739	25317	0
0.04	0.136068	0.2	2.48313	25971.3	0
0.04	0.136068	0.2	2.66073	27112	0
0.04	0.136068	0.2	2.85102	28775.5	0
0.04	0.136068	0.2	3.05492	30927.6	0
0.04	0.136068	0.2	3.27341	33488.5	0
0.04	0.136068	0.2	3.50752	36317.1	0
0.04	0.136068	0.2	3.75837	39207.2	0
0.04	0.136068	0.2	4.02717	42014.6	0
0.04	0.136068	0.2	4.31519	44703	0
0.04	0.136068	0.2	4.62381	46989.2	0
0.04	0.136068	0.2	4.9545	48239.9	0
0.04	0.136068	0.2	5.30884	48123.9	0
0.04	0.136068	0.2	5.68853	46803.8	0
0.04	0.136068	0.2	6.09537	45004.7	0
0.04	0.136068	0.2	6.53131	44357.6	0
0.04	0.136068	0.2	6.99842	46123.2	0
0.04	0.136068	0.2	7.49894	50826.7	0
0.04	0.136068	0.2	8.03526	57354.9	0
0.04	0.136068	0.2	8.60994	62819.3	0
0.04	0.136068	0.2	9.22571	64505.2	0
0.04	0.136068	0.2	9.88553	62936.6	0
0.04	0.136068	0.2	10.5925	58941.1	0
0.04	0.136068	0.2	11.3501	54266.5	0
0.04	0.136068	0.2	12.1619	51992.5	0
0.04	0.136068	0.2	13.0317	53136	0
0.04	0.136068	0.2	13.9637	55350.7	0
0.04	0.136068	0.2	14.9624	56130.2	0
0.04	0.136068	0.2	16.0325	56680.4	0
0.04	0.136068	0.2	17.1791	64195.9	0
0.04	0.136068	0.2	18.4077	77104.3	0
0.04	0.136068	0.2	19.7242	78810	0
0.04	0.136068	0.2	21.1349	65986.4	0
0.04	0.136068	0.2	22.6464	62494	0
0.04	0.136068	0.2	24.2661	70980.6	0
0.04	0.136068	0.2	26.0016	67527	0
0.04	0.136068	0.2	27.8612	71623	0
0.04	0.136068	0.2	29.8538	86614.4	0
0.04	0.136068	0.2	31.989	69841.3	0
0.04	0.136068	0.2	34.2768	71061.3	0
0.04	0.136068	0.2	36.7282	70785.7	0
0.04	0.136068	0.2	39.355	54155.7	0
0.04	0.136068	0.2	42.1697	66765.8	0
0.04	0.136068	0.2	45.1856	56283.7	0
0.04	0.136068	0.2	48.4172	52473.2	0
0.04	0.136068	0.2	51.88	65782	0
0.04	0.136068	0.2	55.5904	48901.9	0
0.04	0.136068	0.2	59.5662	51907.5	0
0.04	0.136068	0.2	63.8263	44292.5	0
0.04	0.136068	0.2	68.3912	54244.5	0
0.04	0.136068	0.2	73.2825	39841.8	0
0.04	0.136068	0.2	78.5236	44681	0
0.04	0.136068	0.2	84.1395	39184.1	0
0.04	0.136068	0.2	90.1571	37916.5	0
0.04	0.136068	0.2	96.6051	39637.9	0
0.04	0.148664	0.2	0.103514	246.74	0
0.04	0.148664	0.2	0.110917	235.874	0
0.04	0.148664	0.2	0.11885	223.832	0
0.04	0.148664	0.2	0.12735	210.574	0
0.04	0.148664	0.2	0.136458	196.092	0
0.04	0.148664	0.2	0.146218	180.432	0
0.04	0.148664	0.2	0.156675	163.711	0
0.04	0.148664	0.2	0.16788	146.15	0
0.04	0.148664	0.2	0.179887	128.113	0
0.04	0.148664	0.2	0.192752	110.154	0
0.04	0.148664	0.2	0.206538	93.0846	0
0.04	0.148664	0.2	0.221309	78.056	0
0.04	0.148664	0.2	0.237137	66.6592	0
0.04	0.148664	0.2	0.254097	61.0524	0
0.04	0.148664	0.2	0.27227	64.1146	0
0.04	0.148664	0.2	0.291743	79.6277	0
0.04	0.148664	0.2	0.312608	112.489	0
0.04	0.148664	0.2	0.334965	168.948	0
0.04	0.148664	0.2	0.358922	256.864	0
0.04	0.148664	0.2	0.384592	385.967	0
0.04	0.148664	0.2	0.412098	568.092	0
0.04	0.148664	0.2	0.44157	817.356	0
0.04	0.148664	0.2	0.473151	1150.22	0
0.04	0.148664	0.2	0.506991	1585.37	0
0.04	0.148664	0.2	0.54325	2143.32	0
0.04	0.148664	0.2	0.582103	2845.67	0
0.04	0.148664	0.2	0.623735	3713.92	0
0.04	0.148664	0.2	0.668344	4767.79	0
0.04	0.148664	0.2	0.716143	6023.09	0
0.04	0.148664	0.2	0.767361	7489.2	0
0.04	0.148664	0.2	0.822243	9166.39	0
0.04	0.148664	0.2	0.881049	11043.4	0
0.04	0.148664	0.2	0.944061	13095.5	0
0.04	0.148664	0.2	1.01158	15283.7	0
0.04	0.148664	0.2	1.08393	17555.1	0
0.04	0.148664	0.2	1.16145	19843.9	0
0.04	0.148664	0.2	1.24451	22074.3	0
0.04	0.148664	0.2	1.33352	24163	0
0.04	0.148664	0.2	1.42889	26023.6	0
0.04	0.148664	0.2	1.53109	27574.4	0
0.04	0.148664	0.2	1.64059	28751.3	0
0.04	0.148664	0.2	1.75792	29528.8	0
0.04	0.148664	0.2	1.88365	29944.6	0
0.04	0.148664	0.2	2.01837	30119.3	0
0.04	0.148664	0.2	2.16272	30253.5	0
0.04	0.148664	0.2	2.31739	30593.1	0
0.04	0.148664	0.2	2.48313	31369.2	0
0.04	0.148664	0.2	2.66073	32735.5	0
0.04	0.148664	0.2	2.85102	34740.6	0
0.04	0.148664	0.2	3.05492	37348.8	0
0.04	0.148664	0.2	3.27341	40467	0
0.04	0.148664	0.2	3.50752	43922	0
0.04	0.148664	0.2	3.75837	47453.1	0
0.04	0.148664	0.2	4.02717	50868.3	0
0.04	0.148664	0.2	4.31519	54110.2	0
0.04	0.148664	0.2	4.62381	56841.7	0
0.04	0.148664	0.2	4.9545	58320.6	0
0.04	0.148664	0.2	5.30884	58169	0
0.04	0.148664	0.2	5.68853	56586.7	0
0.04	0.148664	0.2	6.09537	54431.4	0
0.04	0.148664	0.2	6.53131	53644.7	0
0.04	0.148664	0.2	6.99842	55736.1	0
0.04	0.148664	0.2	7.49894	61345.8	0
0.04	0.148664	0.2	8.03526	69157.6	0
0.04	0.148664	0.2	8.60994	75745.9	0
0.04	0.148664	0.2	9.22571	77830.7	0
0.04	0.148664	0.2	9.88553	75923.4	0
0.04	0.148664	0.2	10.5925	70979.5	0
0.04	0.148664	0.2	11.3501	65167.3	0
0.04	0.148664	0.2	12.1619	62288.7	0
0.04	0.148664	0.2	13.0317	63604.8	0
0.04	0.148664	0.2	13.9637	66320.2	0
0.04	0.148664	0.2	14.9624	67421.4	0
0.04	0.148664	0.2	16.0325	68226.3	0
0.04	0.148664	0.2	17.1791	77115.6	0
0.04	0.148664	0.2	18.4077	92309.7	0
0.04	0.148664	0.2	19.7242	94346.5	0
0.04	0.148664	0.2	21.1349	79176.3	0
0.04	0.148664	0.2	22.6464	74708.3	0
0.04	0.148664	0.2	24.2661	84377.3	0
0.04	0.148664	0.2	26.0016	80534.4	0
0.04	0.148664	0.2	27.8612	85517.8	0
0.04	0.148664	0.2	29.8538	103052	0
0.04	0.148664	0.2	31.989	83678.5	0
0.04	0.148664	0.2	34.2768	84843.9	0
0.04	0.148664	0.2	36.7282	84101.1	0
0.04	0.148664	0.2	39.355	64688	0
0.04	0.148664	0.2	42.1697	79191.2	0
0.04	0.148664	0.2	45.1856	66880.4	0
0.04	0.148664	0.2	48.4172	62610.4	0
0.04	0.148664	0.2	51.88	78329.5	0
0.04	0.148664	0.2	55.5904	58626.8	0
0.04	0.148664	0.2	59.5662	61768.7	0
0.04	0.148664	0.2	63.8263	53029.5	0
0.04	0.148664	0.2	68.3912	64724.5	0
0.04	0.148664	0.2	73.2825	47823.1	0
0.04	0.148664	0.2	78.5236	53489.8	0
0.04	0.148664	0.2	84.1395	47030.3	0
0.04	0.148664	0.2	90.1571	45590.7	0
0.04	0.148664	0.2	96.6051	47575.4	0
0.04	0.162426	0.2	0.103514	239.885	0
0.04	0.162426	0.2	0.110917	228.26	0
0.04	0.162426	0.2	0.11885	215.425	0
0.04	0.162426	0.2	0.12735	201.36	0
0.04	0.162426	0.2	0.136458	186.088	0
0.04	0.162426	0.2	0.146218	169.698	0
0.04	0.162426	0.2	0.156675	152.369	0
0.04	0.162426	0.2	0.16788	134.411	0
0.04	0.162426	0.2	0.179887	116.306	0
0.04	0.162426	0.2	0.192752	98.7724	0
0.04	0.162426	0.2	0.206538	82.8413	0
0.04	0.162426	0.2	0.221309	69.954	0
0.04	0.162426	0.2	0.237137	62.0845	0
0.04	0.162426	0.2	0.254097	61.8906	0
0.04	0.162426	0.2	0.27227	72.8965	0
0.04	0.162426	0.2	0.291743	99.7099	0
0.04	0.162426	0.2	0.312608	148.274	0
0.04	0.162426	0.2	0.334965	226.15	0
0.04	0.162426	0.2	0.358922	342.821	0
0.04	0.162426	0.2	0.384592	509.997	0
0.04	0.162426	0.2	0.412098	741.898	0
0.04	0.162426	0.2	0.44157	1055.45	0
0.04	0.162426	0.2	0.473151	1470.36	0
0.04	0.162426	0.2	0.506991	2008.97	0
0.04	0.162426	0.2	0.54325	2695.74	0
0.04	0.162426	0.2	0.582103	3556.4	0
0.04	0.162426	0.2	0.623735	4616.51	0
0.04	0.162426	0.2	0.668344	5899.42	0
0.04	0.162426	0.2	0.716143	7423.74	0
0.04	0.162426	0.2	0.767361	9200.33	0
0.04	0.162426	0.2	0.822243	11229.1	0
0.04	0.162426	0.2	0.881049	13496.1	0
0.04	0.162426	0.2	0.944061	15971.4	0
0.04	0.162426	0.2	1.01158	18607.9	0
0.04	0.162426	0.2	1.08393	21341.7	0
0.04	0.162426	0.2	1.16145	24094	0
0.04	0.162426	0.2	1.24451	26773.7	0
0.04	0.162426	0.2	1.33352	29280.9	0
0.04	0.162426	0.2	1.42889	31512	0
0.04	0.162426	0.2	1.53109	33369.1	0
0.04	0.162426	0.2	1.64059	34775.3	0
0.04	0.162426	0.2	1.75792	35700	0
0.04	0.162426	0.2	1.88365	36188.5	0
0.04	0.162426	0.2	2.01837	36385.3	0
0.04	0.162426	0.2	2.16272	36531.6	0
0.04	0.162426	0.2	2.31739	36924.1	0
0.04	0.162426	0.2	2.48313	37842.3	0
0.04	0.162426	0.2	2.66073	39475.2	0
0.04	0.162426	0.2	2.85102	41887.5	0
0.04	0.162426	0.2	3.05492	45042.6	0
0.04	0.162426	0.2	3.27341	48833.1	0
0.04	0.162426	0.2	3.50752	53046.5	0
0.04	0.162426	0.2	3.75837	57354.3	0
0.04	0.162426	0.2	4.02717	61502.9	0
0.04	0.162426	0.2	4.31519	65407.4	0
0.04	0.162426	0.2	4.62381	68666.9	0
0.04	0.162426	0.2	4.9545	70413.8	0
0.04	0.162426	0.2	5.30884	70219.1	0
0.04	0.162426	0.2	5.68853	68327.8	0
0.04	0.162426	0.2	6.09537	65752.1	0
0.04	0.162426	0.2	6.53131	64798.8	0
0.04	0.162426	0.2	6.99842	67272.5	0
0.04	0.162426	0.2	7.49894	73953.2	0
0.04	0.162426	0.2	8.03526	83288.2	0
0.04	0.162426	0.2	8.60994	91221.5	0
0.04	0.162426	0.2	9.22571	93794.4	0
0.04	0.162426	0.2	9.88553	91476.5	0
0.04	0.162426	0.2	10.5925	85368.6	0
0.04	0.162426	0.2	11.3501	78157.4	0
0.04	0.162426	0.2	12.1619	74530	0
0.04	0.162426	0.2	13.0317	76046.4	0
0.04	0.162426	0.2	13.9637	79376.3	0
0.04	0.162426	0.2	14.9624	80895	0
0.04	0.162426	0.2	16.0325	82022.9	0
0.04	0.162426	0.2	17.1791	92505.4	0
0.04	0.162426	0.2	18.4077	110350	0
0.04	0.162426	0.2	19.7242	112789	0
0.04	0.162426	0.2	21.1349	94888	0
0.04	0.162426	0.2	22.6464	89198.4	0
0.04	0.162426	0.2	24.2661	100149	0
0.04	0.162426	0.2	26.0016	95902.1	0
0.04	0.162426	0.2	27.8612	101959	0
0.04	0.162426	0.2	29.8538	122418	0
0.04	0.162426	0.2	31.989	100119	0
0.04	0.162426	0.2	34.2768	101150	0
0.04	0.162426	0.2	36.7282	99761.3	0
0.04	0.162426	0.2	39.355	77166.4	0
0.04	0.162426	0.2	42.1697	93784.5	0
0.04	0.162426	0.2	45.1856	79363.3	0
0.04	0.162426	0.2	48.4172	74605.1	0
0.04	0.162426	0.2	51.88	93124.5	0
0.04	0.162426	0.2	55.5904	70182.8	0
0.04	0.162426	0.2	59.5662	73383.5	0
0.04	0.162426	0.2	63.8263	63398.7	0
0.04	0.162426	0.2	68.3912	77110.4	0
0.04	0.162426	0.2	73.2825	57324.3	0
0.04	0.162426	0.2	78.5236	63943.3	0
0.04	0.162426	0.2	84.1395	56367.7	0
0.04	0.162426	0.2	90.1571	54743.3	0
0.04	0.162426	0.2	96.6051	57022.4	0
0.04	0.177463	0.2	0.103514	232.544	0
0.04	0.177463	0.2	0.110917	220.134	0
0.04	0.177463	0.2	0.11885	206.493	0
0.04	0.177463	0.2	0.12735	191.627	0
0.04	0.177463	0.2	0.136458	175.596	0
0.04	0.177463	0.2	0.146218	158.545	0
0.04	0.177463	0.2	0.156675	140.731	0
0.04	0.177463	0.2	0.16788	122.573	0
0.04	0.177463	0.2	0.179887	104.701	0
0.04	0.177463	0.2	0.192752	88.0318	0
0.04	0.177463	0.2	0.206538	73.8646	0
0.04	0.177463	0.2	0.221309	63.9937	0
0.04	0.177463	0.2	0.237137	60.8571	0
0.04	0.177463	0.2	0.254097	67.7159	0
0.04	0.177463	0.2	0.27227	88.8721	0
0.04	0.177463	0.2	0.291743	129.927	0
0.04	0.177463	0.2	0.312608	198.082	0
0.04	0.177463	0.2	0.334965	302.471	0
0.04	0.177463	0.2	0.358922	454.524	0
0.04	0.177463	0.2	0.384592	668.326	0
0.04	0.177463	0.2	0.412098	960.945	0
0.04	0.177463	0.2	0.44157	1352.67	0
0.04	0.177463	0.2	0.473151	1867.09	0
0.04	0.177463	0.2	0.506991	2530.89	0
0.04	0.177463	0.2	0.54325	3373.27	0
0.04	0.177463	0.2	0.582103	4424.87	0
0.04	0.177463	0.2	0.623735	5716.07	0
0.04	0.177463	0.2	0.668344	7274.54	0
0.04	0.177463	0.2	0.716143	9122.22	0
0.04	0.177463	0.2	0.767361	11271.7	0
0.04	0.177463	0.2	0.822243	13722.4	0
0.04	0.177463	0.2	0.881049	16457.3	0
0.04	0.177463	0.2	0.944061	19439.9	0
0.04	0.177463	0.2	1.01158	22613.4	0
0.04	0.177463	0.2	1.08393	25901.2	0
0.04	0.177463	0.2	1.16145	29208.5	0
0.04	0.177463	0.2	1.24451	32425.9	0
0.04	0.177463	0.2	1.33352	35433.8	0
0.04	0.177463	0.2	1.42889	38108.2	0
0.04	0.177463	0.2	1.53109	40331.6	0
0.04	0.177463	0.2	1.64059	42011.7	0
0.04	0.177463	0.2	1.75792	43111.6	0
0.04	0.177463	0.2	1.88365	43685.5	0
0.04	0.177463	0.2	2.01837	43906.5	0
0.04	0.177463	0.2	2.16272	44064.1	0
0.04	0.177463	0.2	2.31739	44515.5	0
0.04	0.177463	0.2	2.48313	45599	0
0.04	0.177463	0.2	2.66073	47546.5	0
0.04	0.177463	0.2	2.85102	50443.1	0
0.04	0.177463	0.2	3.05492	54253.6	0
0.04	0.177463	0.2	3.27341	58854.1	0
0.04	0.177463	0.2	3.50752	63985.3	0
0.04	0.177463	0.2	3.75837	69233.8	0
0.04	0.177463	0.2	4.02717	74267.6	0
0.04	0.177463	0.2	4.31519	78964.9	0
0.04	0.177463	0.2	4.62381	82849.7	0
0.04	0.177463	0.2	4.9545	84910.9	0
0.04	0.177463	0.2	5.30884	84664.5	0
0.04	0.177463	0.2	5.68853	82410.5	0
0.04	0.177463	0.2	6.09537	79339.6	0
0.04	0.177463	0.2	6.53131	78187.6	0
0.04	0.177463	0.2	6.99842	81108.7	0
0.04	0.177463	0.2	7.49894	89053.1	0
0.04	0.177463	0.2	8.03526	100193	0
0.04	0.177463	0.2	8.60994	109735	0
0.04	0.177463	0.2	9.22571	112905	0
0.04	0.177463	0.2	9.88553	110089	0
0.04	0.177463	0.2	10.5925	102553	0
0.04	0.177463	0.2	11.3501	93621.5	0
0.04	0.177463	0.2	12.1619	89067.8	0
0.04	0.177463	0.2	13.0317	90816.7	0
0.04	0.177463	0.2	13.9637	94901.7	0
0.04	0.177463	0.2	14.9624	96960.1	0
0.04	0.177463	0.2	16.0325	98495.7	0
0.04	0.177463	0.2	17.1791	110817	0
0.04	0.177463	0.2	18.4077	131726	0
0.04	0.177463	0.2	19.7242	134652	0
0.04	0.177463	0.2	21.1349	113586	0
0.04	0.177463	0.2	22.6464	106369	0
0.04	0.177463	0.2	24.2661	118682	0
0.04	0.177463	0.2	26.0016	114029	0
0.04	0.177463	0.2	27.8612	121385	0
0.04	0.177463	0.2	29.8538	145195	0
0.04	0.177463	0.2	31.989	119627	0
0.04	0.177463	0.2	34.2768	120413	0
0.04	0.177463	0.2	36.7282	118144	0
0.04	0.177463	0.2	39.355	91930.8	0
0.04	0.177463	0.2	42.1697	110890	0
0.04	0.177463	0.2	45.1856	94043.7	0
0.04	0.177463	0.2	48.4172	88777.8	0
0.04	0.177463	0.2	51.88	110539	0
0.04	0.177463	0.2	55.5904	83897	0
0.04	0.177463	0.2	59.5662	87038.2	0
0.04	0.177463	0.2	63.8263	75689.1	0
0.04	0.177463	0.2	68.3912	91725.1	0
0.04	0.177463	0.2	73.2825	68622.4	0
0.04	0.177463	0.2	78.5236	76332.1	0
0.04	0.177463	0.2	84.1395	67466.6	0
0.04	0.177463	0.2	90.1571	65647.6	0
0.04	0.177463	0.2	96.6051	68253.1	0
0.04	0.193892	0.2	0.103514	224.699	0
0.04	0.193892	0.2	0.110917	211.487	0
0.04	0.193892	0.2	0.11885	197.038	0
0.04	0.193892	0.2	0.12735	181.391	0
0.04	0.193892	0.2	0.136458	164.655	0
0.04	0.193892	0.2	0.146218	147.045	0
0.04	0.193892	0.2	0.156675	128.916	0
0.04	0.193892	0.2	0.16788	110.819	0
0.04	0.193892	0.2	0.179887	93.5652	0
0.04	0.193892	0.2	0.192752	78.3176	0
0.04	0.193892	0.2	0.206538	66.6983	0
0.04	0.193892	0.2	0.221309	60.9306	0
0.04	0.193892	0.2	0.237137	64.0134	0
0.04	0.193892	0.2	0.254097	79.9357	0
0.04	0.193892	0.2	0.27227	113.936	0
0.04	0.193892	0.2	0.291743	172.813	0
0.04	0.193892	0.2	0.312608	265.275	0
0.04	0.193892	0.2	0.334965	402.345	0
0.04	0.193892	0.2	0.358922	597.785	0
0.04	0.193892	0.2	0.384592	868.522	0
0.04	0.193892	0.2	0.412098	1235.04	0
0.04	0.193892	0.2	0.44157	1721.64	0
0.04	0.193892	0.2	0.473151	2356.54	0
0.04	0.193892	0.2	0.506991	3171.62	0
0.04	0.193892	0.2	0.54325	4201.74	0
0.04	0.193892	0.2	0.582103	5483.38	0
0.04	0.193892	0.2	0.623735	7052.67	0
0.04	0.193892	0.2	0.668344	8942.41	0
0.04	0.193892	0.2	0.716143	11178.5	0
0.04	0.193892	0.2	0.767361	13775.5	0
0.04	0.193892	0.2	0.822243	16732.4	0
0.04	0.193892	0.2	0.881049	20028	0
0.04	0.193892	0.2	0.944061	23618.5	0
0.04	0.193892	0.2	1.01158	27435.4	0
0.04	0.193892	0.2	1.08393	31386.4	0
0.04	0.193892	0.2	1.16145	35358	0
0.04	0.193892	0.2	1.24451	39219	0
0.04	0.193892	0.2	1.33352	42826.1	0
0.04	0.193892	0.2	1.42889	46030.7	0
0.04	0.193892	0.2	1.53109	48691.9	0
0.04	0.193892	0.2	1.64059	50699.1	0
0.04	0.193892	0.2	1.75792	52007.6	0
0.04	0.193892	0.2	1.88365	52681.9	0
0.04	0.193892	0.2	2.01837	52928.9	0
0.04	0.193892	0.2	2.16272	53096	0
0.04	0.193892	0.2	2.31739	53612.4	0
0.04	0.193892	0.2	2.48313	54887.3	0
0.04	0.193892	0.2	2.66073	57205.1	0
0.04	0.193892	0.2	2.85102	60677.2	0
0.04	0.193892	0.2	3.05492	65272.1	0
0.04	0.193892	0.2	3.27341	70848.1	0
0.04	0.193892	0.2	3.50752	77089.1	0
0.04	0.193892	0.2	3.75837	83476.7	0
0.04	0.193892	0.2	4.02717	89578.6	0
0.04	0.193892	0.2	4.31519	95224	0
0.04	0.193892	0.2	4.62381	99849.2	0
0.04	0.193892	0.2	4.9545	102279	0
0.04	0.193892	0.2	5.30884	101971	0
0.04	0.193892	0.2	5.68853	99292	0
0.04	0.193892	0.2	6.09537	95639.4	0
0.04	0.193892	0.2	6.53131	94250.7	0
0.04	0.193892	0.2	6.99842	97694	0
0.04	0.193892	0.2	7.49894	107127	0
0.04	0.193892	0.2	8.03526	120404	0
0.04	0.193892	0.2	8.60994	131868	0
0.04	0.193892	0.2	9.22571	135768	0
0.04	0.193892	0.2	9.88553	132348	0
0.04	0.193892	0.2	10.5925	123058	0
0.04	0.193892	0.2	11.3501	112012	0
0.04	0.193892	0.2	12.1619	106313	0
0.04	0.193892	0.2	13.0317	108333	0
0.04	0.193892	0.2	13.9637	113347	0
0.04	0.193892	0.2	14.9624	116101	0
0.04	0.193892	0.2	16.0325	118148	0
0.04	0.193892	0.2	17.1791	132581	0
0.04	0.193892	0.2	18.4077	157018	0
0.04	0.193892	0.2	19.7242	160539	0
0.04	0.193892	0.2	21.1349	135817	0
0.04	0.193892	0.2	22.6464	126692	0
0.04	0.193892	0.2	24.2661	140418	0
0.04	0.193892	0.2	26.0016	135373	0
0.04	0.193892	0.2	27.8612	144303	0
0.04	0.193892	0.2	29.8538	171933	0
0.04	0.193892	0.2	31.989	142751	0
0.04	0.193892	0.2	34.2768	143136	0
0.04	0.193892	0.2	36.7282	139681	0
0.04	0.193892	0.2	39.355	109376	0
0.04	0.193892	0.2	42.1697	130898	0
0.04	0.193892	0.2	45.1856	111279	0
0.04	0.193892	0.2	48.4172	105500	0
0.04	0.193892	0.2	51.88	131000	0
0.04	0.193892	0.2	55.5904	100152	0
0.04	0.193892	0.2	59.5662	103060	0
0.04	0.193892	0.2	63.8263	90237.6	0
0.04	0.193892	0.2	68.3912	108941	0
0.04	0.193892	0.2	73.2825	82042.4	0
0.04	0.193892	0.2	78.5236	90994.6	0
0.04	0.193892	0.2	84.1395	80644.3	0
0.04	0.193892	0.2	90.1571	78626	0
0.04	0.193892	0.2	96.6051	81588.6	0
0.04	0.211841	0.2	0.103514	216.337	0
0.04	0.211841	0.2	0.110917	202.315	0
0.04	0.211841	0.2	0.11885	187.069	0
0.04	0.211841	0.2	0.12735	170.682	0
0.04	0.211841	0.2	0.136458	153.325	0
0.04	0.211841	0.2	0.146218	135.299	0
0.04	0.211841	0.2	0.156675	117.08	0
0.04	0.211841	0.2	0.16788	99.3822	0
0.04	0.211841	0.2	0.179887	83.2405	0
0.04	0.211841	0.2	0.192752	70.1138	0
0.04	0.211841	0.2	0.206538	62.0187	0
0.04	0.211841	0.2	0.221309	61.697	0
0.04	0.211841	0.2	0.237137	72.8251	0
0.04	0.211841	0.2	0.254097	100.269	0
0.04	0.211841	0.2	0.27227	150.396	0
0.04	0.211841	0.2	0.291743	231.439	0
0.04	0.211841	0.2	0.312608	353.92	0
0.04	0.211841	0.2	0.334965	531.125	0
0.04	0.211841	0.2	0.358922	779.608	0
0.04	0.211841	0.2	0.384592	1119.7	0
0.04	0.211841	0.2	0.412098	1575.96	0
0.04	0.211841	0.2	0.44157	2177.5	0
0.04	0.211841	0.2	0.473151	2958.06	0
0.04	0.211841	0.2	0.506991	3955.74	0
0.04	0.211841	0.2	0.54325	5212.1	0
0.04	0.211841	0.2	0.582103	6770.64	0
0.04	0.211841	0.2	0.623735	8674.29	0
0.04	0.211841	0.2	0.668344	10962	0
0.04	0.211841	0.2	0.716143	13664.3	0
0.04	0.211841	0.2	0.767361	16798.1	0
0.04	0.211841	0.2	0.822243	20361.8	0
0.04	0.211841	0.2	0.881049	24329.4	0
0.04	0.211841	0.2	0.944061	28648	0
0.04	0.211841	0.2	1.01158	33235.1	0
0.04	0.211841	0.2	1.08393	37980	0
0.04	0.211841	0.2	1.16145	42746.5	0
0.04	0.211841	0.2	1.24451	47377.6	0
0.04	0.211841	0.2	1.33352	51701.4	0
0.04	0.211841	0.2	1.42889	55540.2	0
0.04	0.211841	0.2	1.53109	58724.9	0
0.04	0.211841	0.2	1.64059	61122.8	0
0.04	0.211841	0.2	1.75792	62679.7	0
0.04	0.211841	0.2	1.88365	63471.9	0
0.04	0.211841	0.2	2.01837	63746.7	0
0.04	0.211841	0.2	2.16272	63919.8	0
0.04	0.211841	0.2	2.31739	64507.1	0
0.04	0.211841	0.2	2.48313	66002.7	0
0.04	0.211841	0.2	2.66073	68755.2	0
0.04	0.211841	0.2	2.85102	72909.8	0
0.04	0.211841	0.2	3.05492	78442.5	0
0.04	0.211841	0.2	3.27341	85192.5	0
0.04	0.211841	0.2	3.50752	92775.4	0
0.04	0.211841	0.2	3.75837	100542	0
0.04	0.211841	0.2	4.02717	107932	0
0.04	0.211841	0.2	4.31519	114712	0
0.04	0.211841	0.2	4.62381	120212	0
0.04	0.211841	0.2	4.9545	123073	0
0.04	0.211841	0.2	5.30884	122693	0
0.04	0.211841	0.2	5.68853	119518	0
0.04	0.211841	0.2	6.09537	115184	0
0.04	0.211841	0.2	6.53131	113513	0
0.04	0.211841	0.2	6.99842	117565	0
0.04	0.211841	0.2	7.49894	128748	0
0.04	0.211841	0.2	8.03526	144551	0
0.04	0.211841	0.2	8.60994	158310	0
0.04	0.211841	0.2	9.22571	163102	0
0.04	0.211841	0.2	9.88553	158950	0
0.04	0.211841	0.2	10.5925	147506	0
0.04	0.211841	0.2	11.3501	133861	0
0.04	0.211841	0.2	12.1619	126746	0
0.04	0.211841	0.2	13.0317	129082	0
0.04	0.211841	0.2	13.9637	135243	0
0.04	0.211841	0.2	14.9624	138892	0
0.04	0.211841	0.2	16.0325	141577	0
0.04	0.211841	0.2	17.1791	158422	0
0.04	0.211841	0.2	18.4077	186902	0
0.04	0.211841	0.2	19.7242	191149	0
0.04	0.211841	0.2	21.1349	162228	0
0.04	0.211841	0.2	22.6464	150720	0
0.04	0.211841	0.2	24.2661	165862	0
0.04	0.211841	0.2	26.0016	160462	0
0.04	0.211841	0.2	27.8612	171298	0
0.04	0.211841	0.2	29.8538	203261	0
0.04	0.211841	0.2	31.989	170124	0
0.04	0.211841	0.2	34.2768	169900	0
0.04	0.211841	0.2	36.7282	164860	0
0.04	0.211841	0.2	39.355	129961	0
0.04	0.211841	0.2	42.1697	154249	0
0.04	0.211841	0.2	45.1856	131477	0
0.04	0.211841	0.2	48.4172	125203	0
0.04	0.211841	0.2	51.88	154995	0
0.04	0.211841	0.2	55.5904	119394	0
0.04	0.211841	0.2	59.5662	121820	0
0.04	0.211841	0.2	63.8263	107437	0
0.04	0.211841	0.2	68.3912	129186	0
0.04	0.211841	0.2	73.2825	97966	0
0.04	0.211841	0.2	78.5236	108325	0
0.04	0.211841	0.2	84.1395	96272.4	0
0.04	0.211841	0.2	90.1571	94058	0
0.04	0.211841	0.2	96.6051	97405.3	0
0.04	0.231452	0.2	0.103514	207.45	0
0.04	0.231452	0.2	0.110917	192.621	0
0.04	0.231452	0.2	0.11885	176.609	0
0.04	0.231452	0.2	0.12735	159.548	0
0.04	0.231452	0.2	0.136458	141.689	0
0.04	0.231452	0.2	0.146218	123.441	0
0.04	0.231452	0.2	0.156675	105.427	0
0.04	0.231452	0.2	0.16788	88.5638	0
0.04	0.231452	0.2	0.179887	74.1562	0
0.04	0.231452	0.2	0.192752	64.0243	0
0.04	0.231452	0.2	0.206538	60.6622	0
0.04	0.231452	0.2	0.221309	67.4391	0
0.04	0.231452	0.2	0.237137	88.848	0
0.04	0.231452	0.2	0.254097	130.812	0
0.04	0.231452	0.2	0.27227	201.053	0
0.04	0.231452	0.2	0.291743	309.528	0
0.04	0.231452	0.2	0.312608	468.935	0
0.04	0.231452	0.2	0.334965	695.27	0
0.04	0.231452	0.2	0.358922	1008.43	0
0.04	0.231452	0.2	0.384592	1432.83	0
0.04	0.231452	0.2	0.412098	1997.88	0
0.04	0.231452	0.2	0.44157	2738.45	0
0.04	0.231452	0.2	0.473151	3694.89	0
0.04	0.231452	0.2	0.506991	4912.68	0
0.04	0.231452	0.2	0.54325	6441.44	0
0.04	0.231452	0.2	0.582103	8332.96	0
0.04	0.231452	0.2	0.623735	10638.3	0
0.04	0.231452	0.2	0.668344	13403.8	0
0.04	0.231452	0.2	0.716143	16665.3	0
0.04	0.231452	0.2	0.767361	20442.8	0
0.04	0.231452	0.2	0.822243	24733.5	0
0.04	0.231452	0.2	0.881049	29506.1	0
0.04	0.231452	0.2	0.944061	34696.3	0
0.04	0.231452	0.2	1.01158	40205.3	0
0.04	0.231452	0.2	1.08393	45900.2	0
0.04	0.231452	0.2	1.16145	51617.8	0
0.04	0.231452	0.2	1.24451	57170	0
0.04	0.231452	0.2	1.33352	62351.2	0
0.04	0.231452	0.2	1.42889	66948.3	0
0.04	0.231452	0.2	1.53109	70758.9	0
0.04	0.231452	0.2	1.64059	73623.6	0
0.04	0.231452	0.2	1.75792	75476.2	0
0.04	0.231452	0.2	1.88365	76407	0
0.04	0.231452	0.2	2.01837	76710.7	0
0.04	0.231452	0.2	2.16272	76884.6	0
0.04	0.231452	0.2	2.31739	77547.8	0
0.04	0.231452	0.2	2.48313	79296.7	0
0.04	0.231452	0.2	2.66073	82558.2	0
0.04	0.231452	0.2	2.85102	87521.1	0
0.04	0.231452	0.2	3.05492	94173.7	0
0.04	0.231452	0.2	3.27341	102336	0
0.04	0.231452	0.2	3.50752	111540	0
0.04	0.231452	0.2	3.75837	120976	0
0.04	0.231452	0.2	4.02717	129921	0
0.04	0.231452	0.2	4.31519	138056	0
0.04	0.231452	0.2	4.62381	144592	0
0.04	0.231452	0.2	4.9545	147957	0
0.04	0.231452	0.2	5.30884	147492	0
0.04	0.231452	0.2	5.68853	143741	0
0.04	0.231452	0.2	6.09537	138609	0
0.04	0.231452	0.2	6.53131	136604	0
0.04	0.231452	0.2	6.99842	141360	0
0.04	0.231452	0.2	7.49894	154597	0
0.04	0.231452	0.2	8.03526	173382	0
0.04	0.231452	0.2	8.60994	189882	0
0.04	0.231452	0.2	9.22571	195763	0
0.04	0.231452	0.2	9.88553	190721	0
0.04	0.231452	0.2	10.5925	176634	0
0.04	0.231452	0.2	11.3501	159791	0
0.04	0.231452	0.2	12.1619	150927	0
0.04	0.231452	0.2	13.0317	153635	0
0.04	0.231452	0.2	13.9637	161213	0
0.04	0.231452	0.2	14.9624	166009	0
0.04	0.231452	0.2	16.0325	169487	0
0.04	0.231452	0.2	17.1791	189068	0
0.04	0.231452	0.2	18.4077	222161	0
0.04	0.231452	0.2	19.7242	227300	0
0.04	0.231452	0.2	21.1349	193576	0
0.04	0.231452	0.2	22.6464	179097	0
0.04	0.231452	0.2	24.2661	195583	0
0.04	0.231452	0.2	26.0016	189899	0
0.04	0.231452	0.2	27.8612	203045	0
0.04	0.231452	0.2	29.8538	239894	0
0.04	0.231452	0.2	31.989	202492	0
0.04	0.231452	0.2	34.2768	201374	0
0.04	0.231452	0.2	36.7282	194236	0
0.04	0.231452	0.2	39.355	154216	0
0.04	0.231452	0.2	42.1697	181438	0
0.04	0.231452	0.2	45.1856	155104	0
0.04	0.231452	0.2	48.4172	148384	0
0.04	0.231452	0.2	51.88	183081	0
0.04	0.231452	0.2	55.5904	142144	0
0.04	0.231452	0.2	59.5662	143742	0
0.04	0.231452	0.2	63.8263	127743	0
0.04	0.231452	0.2	68.3912	152952	0
0.04	0.231452	0.2	73.2825	116841	0
0.04	0.231452	0.2	78.5236	128781	0
0.04	0.231452	0.2	84.1395	114786	0
0.04	0.231452	0.2	90.1571	112390	0
0.04	0.231452	0.2	96.6051	116144	0
0.04	0.252878	0.2	0.103514	198.039	0
0.04	0.252878	0.2	0.110917	182.422	0
0.04	0.252878	0.2	0.11885	165.694	0
0.04	0.252878	0.2	0.12735	148.058	0
0.04	0.252878	0.2	0.136458	129.863	0
0.04	0.252878	0.2	0.146218	111.648	0
0.04	0.252878	0.2	0.156675	94.2211	0
0.04	0.252878	0.2	0.16788	78.7433	0
0.04	0.252878	0.2	0.179887	66.8495	0
0.04	0.252878	0.2	0.192752	60.7975	0
0.04	0.252878	0.2	0.206538	63.6594	0
0.04	0.252878	0.2	0.221309	79.5611	0
0.04	0.252878	0.2	0.237137	113.98	0
0.04	0.252878	0.2	0.254097	174.11	0
0.04	0.252878	0.2	0.27227	269.303	0
0.04	0.252878	0.2	0.291743	411.584	0
0.04	0.252878	0.2	0.312608	616.256	0
0.04	0.252878	0.2	0.334965	902.566	0
0.04	0.252878	0.2	0.358922	1294.42	0
0.04	0.252878	0.2	0.384592	1821.07	0
0.04	0.252878	0.2	0.412098	2517.81	0
0.04	0.252878	0.2	0.44157	3426.32	0
0.04	0.252878	0.2	0.473151	4594.86	0
0.04	0.252878	0.2	0.506991	6077.74	0
0.04	0.252878	0.2	0.54325	7934.14	0
0.04	0.252878	0.2	0.582103	10225.8	0
0.04	0.252878	0.2	0.623735	13013.5	0
0.04	0.252878	0.2	0.668344	16352	0
0.04	0.252878	0.2	0.716143	20284.1	0
0.04	0.252878	0.2	0.767361	24832.9	0
0.04	0.252878	0.2	0.822243	29994.4	0
0.04	0.252878	0.2	0.881049	35730.6	0
0.04	0.252878	0.2	0.944061	41964.2	0
0.04	0.252878	0.2	1.01158	48576.3	0
0.04	0.252878	0.2	1.08393	55407.7	0
0.04	0.252878	0.2	1.16145	62262.8	0
0.04	0.252878	0.2	1.24451	68916.7	0
0.04	0.252878	0.2	1.33352	75123.2	0
0.04	0.252878	0.2	1.42889	80627.2	0
0.04	0.252878	0.2	1.53109	85186.2	0
0.04	0.252878	0.2	1.64059	88608.4	0
0.04	0.252878	0.2	1.75792	90813.3	0
0.04	0.252878	0.2	1.88365	91906.9	0
0.04	0.252878	0.2	2.01837	92240.1	0
0.04	0.252878	0.2	2.16272	92406.9	0
0.04	0.252878	0.2	2.31739	93149.5	0
0.04	0.252878	0.2	2.48313	95187.5	0
0.04	0.252878	0.2	2.66073	99043.3	0
0.04	0.252878	0.2	2.85102	104962	0
0.04	0.252878	0.2	3.05492	112951	0
0.04	0.252878	0.2	3.27341	122810	0
0.04	0.252878	0.2	3.50752	133974	0
0.04	0.252878	0.2	3.75837	145431	0
0.04	0.252878	0.2	4.02717	156251	0
0.04	0.252878	0.2	4.31519	166006	0
0.04	0.252878	0.2	4.62381	173766	0
0.04	0.252878	0.2	4.9545	177721	0
0.04	0.252878	0.2	5.30884	177158	0
0.04	0.252878	0.2	5.68853	172738	0
0.04	0.252878	0.2	6.09537	166675	0
0.04	0.252878	0.2	6.53131	164272	0
0.04	0.252878	0.2	6.99842	169844	0
0.04	0.252878	0.2	7.49894	185488	0
0.04	0.252878	0.2	8.03526	207788	0
0.04	0.252878	0.2	8.60994	227556	0
0.04	0.252878	0.2	9.22571	234768	0
0.04	0.252878	0.2	9.88553	228645	0
0.04	0.252878	0.2	10.5925	211309	0
0.04	0.252878	0.2	11.3501	190534	0
0.04	0.252878	0.2	12.1619	179510	0
0.04	0.252878	0.2	13.0317	182657	0
0.04	0.252878	0.2	13.9637	191989	0
0.04	0.252878	0.2	14.9624	198256	0
0.04	0.252878	0.2	16.0325	202716	0
0.04	0.252878	0.2	17.1791	225376	0
0.04	0.252878	0.2	18.4077	263704	0
0.04	0.252878	0.2	19.7242	269939	0
0.04	0.252878	0.2	21.1349	230755	0
0.04	0.252878	0.2	22.6464	212575	0
0.04	0.252878	0.2	24.2661	230227	0
0.04	0.252878	0.2	26.0016	224371	0
0.04	0.252878	0.2	27.8612	240320	0
0.04	0.252878	0.2	29.8538	282644	0
0.04	0.252878	0.2	31.989	240719	0
0.04	0.252878	0.2	34.2768	238333	0
0.04	0.252878	0.2	36.7282	228435	0
0.04	0.252878	0.2	39.355	182754	0
0.04	0.252878	0.2	42.1697	213018	0
0.04	0.252878	0.2	45.1856	182691	0
0.04	0.252878	0.2	48.4172	175617	0
0.04	0.252878	0.2	51.88	215891	0
0.04	0.252878	0.2	55.5904	169008	0
0.04	0.252878	0.2	59.5662	169304	0
0.04	0.252878	0.2	63.8263	151687	0
0.04	0.252878	0.2	68.3912	180801	0
0.04	0.252878	0.2	73.2825	139192	0
0.04	0.252878	0.2	78.5236	152895	0
0.04	0.252878	0.2	84.1395	136693	0
0.04	0.252878	0.2	90.1571	134149	0
0.04	0.252878	0.2	96.6051	138319	0
0.04	0.276288	0.2	0.103514	188.111	0
0.04	0.276288	0.2	0.110917	171.745	0
0.04	0.276288	0.2	0.11885	154.381	0
0.04	0.276288	0.2	0.12735	136.31	0
0.04	0.276288	0.2	0.136458	117.998	0
0.04	0.276288	0.2	0.146218	100.151	0
0.04	0.276288	0.2	0.156675	83.7968	0
0.04	0.276288	0.2	0.16788	70.3978	0
0.04	0.276288	0.2	0.179887	61.9886	0
0.04	0.276288	0.2	0.192752	61.3575	0
0.04	0.276288	0.2	0.206538	72.2747	0
0.04	0.276288	0.2	0.221309	99.7785	0
0.04	0.276288	0.2	0.237137	150.531	0
0.04	0.276288	0.2	0.254097	233.255	0
0.04	0.276288	0.2	0.27227	359.256	0
0.04	0.276288	0.2	0.291743	543.042	0
0.04	0.276288	0.2	0.312608	803.039	0
0.04	0.276288	0.2	0.334965	1162.38	0
0.04	0.276288	0.2	0.358922	1649.76	0
0.04	0.276288	0.2	0.384592	2300.27	0
0.04	0.276288	0.2	0.412098	3156.14	0
0.04	0.276288	0.2	0.44157	4267.27	0
0.04	0.276288	0.2	0.473151	5691.31	0
0.04	0.276288	0.2	0.506991	7493.14	0
0.04	0.276288	0.2	0.54325	9743.34	0
0.04	0.276288	0.2	0.582103	12515.5	0
0.04	0.276288	0.2	0.623735	15881.9	0
0.04	0.276288	0.2	0.668344	19907.6	0
0.04	0.276288	0.2	0.716143	24643.3	0
0.04	0.276288	0.2	0.767361	30115.8	0
0.04	0.276288	0.2	0.822243	36320	0
0.04	0.276288	0.2	0.881049	43209.5	0
0.04	0.276288	0.2	0.944061	50691.4	0
0.04	0.276288	0.2	1.01158	58623	0
0.04	0.276288	0.2	1.08393	66813.5	0
0.04	0.276288	0.2	1.16145	75029	0
0.04	0.276288	0.2	1.24451	83000.3	0
0.04	0.276288	0.2	1.33352	90432.8	0
0.04	0.276288	0.2	1.42889	97021.3	0
0.04	0.276288	0.2	1.53109	102475	0
0.04	0.276288	0.2	1.64059	106563	0
0.04	0.276288	0.2	1.75792	109188	0
0.04	0.276288	0.2	1.88365	110473	0
0.04	0.276288	0.2	2.01837	110835	0
0.04	0.276288	0.2	2.16272	110983	0
0.04	0.276288	0.2	2.31739	111807	0
0.04	0.276288	0.2	2.48313	114173	0
0.04	0.276288	0.2	2.66073	118720	0
0.04	0.276288	0.2	2.85102	125766	0
0.04	0.276288	0.2	3.05492	135348	0
0.04	0.276288	0.2	3.27341	147246	0
0.04	0.276288	0.2	3.50752	160777	0
0.04	0.276288	0.2	3.75837	174680	0
0.04	0.276288	0.2	4.02717	187764	0
0.04	0.276288	0.2	4.31519	199457	0
0.04	0.276288	0.2	4.62381	208662	0
0.04	0.276288	0.2	4.9545	213306	0
0.04	0.276288	0.2	5.30884	212630	0
0.04	0.276288	0.2	5.68853	207439	0
0.04	0.276288	0.2	6.09537	200292	0
0.04	0.276288	0.2	6.53131	197416	0
0.04	0.276288	0.2	6.99842	203928	0
0.04	0.276288	0.2	7.49894	222384	0
0.04	0.276288	0.2	8.03526	248824	0
0.04	0.276288	0.2	8.60994	272488	0
0.04	0.276288	0.2	9.22571	281326	0
0.04	0.276288	0.2	9.88553	273887	0
0.04	0.276288	0.2	10.5925	252559	0
0.04	0.276288	0.2	11.3501	226945	0
0.04	0.276288	0.2	12.1619	213253	0
0.04	0.276288	0.2	13.0317	216921	0
0.04	0.276288	0.2	13.9637	228433	0
0.04	0.276288	0.2	14.9624	236583	0
0.04	0.276288	0.2	16.0325	242251	0
0.04	0.276288	0.2	17.1791	268347	0
0.04	0.276288	0.2	18.4077	312577	0
0.04	0.276288	0.2	19.7242	320165	0
0.04	0.276288	0.2	21.1349	274820	0
0.04	0.276288	0.2	22.6464	252033	0
0.04	0.276288	0.2	24.2661	270518	0
0.04	0.276288	0.2	26.0016	264658	0
0.04	0.276288	0.2	27.8612	284013	0
0.04	0.276288	0.2	29.8538	332428	0
0.04	0.276288	0.2	31.989	285814	0
0.04	0.276288	0.2	34.2768	281666	0
0.04	0.276288	0.2	36.7282	268162	0
0.04	0.276288	0.2	39.355	216286	0
0.04	0.276288	0.2	42.1697	249606	0
0.04	0.276288	0.2	45.1856	214840	0
0.04	0.276288	0.2	48.4172	207566	0
0.04	0.276288	0.2	51.88	254144	0
0.04	0.276288	0.2	55.5904	200692	0
0.04	0.276288	0.2	59.5662	199045	0
0.04	0.276288	0.2	63.8263	179886	0
0.04	0.276288	0.2	68.3912	213376	0
0.04	0.276288	0.2	73.2825	165636	0
0.04	0.276288	0.2	78.5236	181283	0
0.04	0.276288	0.2	84.1395	162590	0
0.04	0.276288	0.2	90.1571	159951	0
0.04	0.276288	0.2	96.6051	164534	0
0.04	0.301866	0.2	0.103514	177.688	0
0.04	0.301866	0.2	0.110917	160.636	0
0.04	0.301866	0.2	0.11885	142.753	0
0.04	0.301866	0.2	0.12735	124.435	0
0.04	0.301866	0.2	0.136458	106.296	0
0.04	0.301866	0.2	0.146218	89.2427	0
0.04	0.301866	0.2	0.156675	74.5761	0
0.04	0.301866	0.2	0.16788	64.122	0
0.04	0.301866	0.2	0.179887	60.4002	0
0.04	0.301866	0.2	0.192752	66.8403	0
0.04	0.301866	0.2	0.206538	88.0548	0
0.04	0.301866	0.2	0.221309	130.181	0
0.04	0.301866	0.2	0.237137	201.307	0
0.04	0.301866	0.2	0.254097	311.989	0
0.04	0.301866	0.2	0.27227	475.879	0
0.04	0.301866	0.2	0.291743	710.461	0
0.04	0.301866	0.2	0.312608	1037.9	0
0.04	0.301866	0.2	0.334965	1485.99	0
0.04	0.301866	0.2	0.358922	2089.14	0
0.04	0.301866	0.2	0.384592	2889.41	0
0.04	0.301866	0.2	0.412098	3937.36	0
0.04	0.301866	0.2	0.44157	5292.66	0
0.04	0.301866	0.2	0.473151	7024.2	0
0.04	0.301866	0.2	0.506991	9209.45	0
0.04	0.301866	0.2	0.54325	11932.6	0
0.04	0.301866	0.2	0.582103	15281.3	0
0.04	0.301866	0.2	0.623735	19341.6	0
0.04	0.301866	0.2	0.668344	24191	0
0.04	0.301866	0.2	0.716143	29889.1	0
0.04	0.301866	0.2	0.767361	36467.7	0
0.04	0.301866	0.2	0.822243	43919.6	0
0.04	0.301866	0.2	0.881049	52189	0
0.04	0.301866	0.2	0.944061	61164	0
0.04	0.301866	0.2	1.01158	70673.6	0
0.04	0.301866	0.2	1.08393	80489.2	0
0.04	0.301866	0.2	1.16145	90331.2	0
0.04	0.301866	0.2	1.24451	99877.4	0
0.04	0.301866	0.2	1.33352	108776	0
0.04	0.301866	0.2	1.42889	116661	0
0.04	0.301866	0.2	1.53109	123185	0
0.04	0.301866	0.2	1.64059	128069	0
0.04	0.301866	0.2	1.75792	131194	0
0.04	0.301866	0.2	1.88365	132704	0
0.04	0.301866	0.2	2.01837	133093	0
0.04	0.301866	0.2	2.16272	133207	0
0.04	0.301866	0.2	2.31739	134109	0
0.04	0.301866	0.2	2.48313	136844	0
0.04	0.301866	0.2	2.66073	142195	0
0.04	0.301866	0.2	2.85102	150568	0
0.04	0.301866	0.2	3.05492	162046	0
0.04	0.301866	0.2	3.27341	176393	0
0.04	0.301866	0.2	3.50752	192783	0
0.04	0.301866	0.2	3.75837	209648	0
0.04	0.301866	0.2	4.02717	225463	0
0.04	0.301866	0.2	4.31519	239473	0
0.04	0.301866	0.2	4.62381	250386	0
0.04	0.301866	0.2	4.9545	255837	0
0.04	0.301866	0.2	5.30884	255033	0
0.04	0.301866	0.2	5.68853	248954	0
0.04	0.301866	0.2	6.09537	240547	0
0.04	0.301866	0.2	6.53131	237109	0
0.04	0.301866	0.2	6.99842	244698	0
0.04	0.301866	0.2	7.49894	266435	0
0.04	0.301866	0.2	8.03526	297744	0
0.04	0.301866	0.2	8.60994	326050	0
0.04	0.301866	0.2	9.22571	336873	0
0.04	0.301866	0.2	9.88553	327832	0
0.04	0.301866	0.2	10.5925	301595	0
0.04	0.301866	0.2	11.3501	270024	0
0.04	0.301866	0.2	12.1619	253038	0
0.04	0.301866	0.2	13.0317	257331	0
0.04	0.301866	0.2	13.9637	271560	0
0.04	0.301866	0.2	14.9624	282115	0
0.04	0.301866	0.2	16.0325	289264	0
0.04	0.301866	0.2	17.1791	319153	0
0.04	0.301866	0.2	18.4077	369994	0
0.04	0.301866	0.2	19.7242	379257	0
0.04	0.301866	0.2	21.1349	327012	0
0.04	0.301866	0.2	22.6464	298497	0
0.04	0.301866	0.2	24.2661	317275	0
0.04	0.301866	0.2	26.0016	311648	0
0.04	0.301866	0.2	27.8612	335144	0
0.04	0.301866	0.2	29.8538	390284	0
0.04	0.301866	0.2	31.989	338953	0
0.04	0.301866	0.2	34.2768	332402	0
0.04	0.301866	0.2	36.7282	314211	0
0.04	0.301866	0.2	39.355	255629	0
0.04	0.301866	0.2	42.1697	291885	0
0.04	0.301866	0.2	45.1856	252236	0
0.04	0.301866	0.2	48.4172	244997	0
0.04	0.301866	0.2	51.88	298655	0
0.04	0.301866	0.2	55.5904	238018	0
0.04	0.301866	0.2	59.5662	233574	0
0.04	0.301866	0.2	63.8263	213055	0
0.04	0.301866	0.2	68.3912	251408	0
0.04	0.301866	0.2	73.2825	196897	0
0.04	0.301866	0.2	78.5236	214659	0
0.04	0.301866	0.2	84.1395	193171	0
0.04	0.301866	0.2	90.1571	190527	0
0.04	0.301866	0.2	96.6051	195491	0
0.04	0.329811	0.2	0.103514	166.805	0
0.04	0.329811	0.2	0.110917	149.163	0
0.04	0.329811	0.2	0.11885	130.919	0
0.04	0.329811	0.2	0.12735	112.604	0
0.04	0.329811	0.2	0.136458	95.0124	0
0.04	0.329811	0.2	0.146218	79.2962	0
0.04	0.329811	0.2	0.156675	67.0872	0
0.04	0.329811	0.2	0.16788	60.6537	0
0.04	0.329811	0.2	0.179887	63.1026	0
0.04	0.329811	0.2	0.192752	78.6377	0
0.04	0.329811	0.2	0.206538	112.887	0
0.04	0.329811	0.2	0.221309	173.309	0
0.04	0.329811	0.2	0.237137	269.706	0
0.04	0.329811	0.2	0.254097	414.837	0
0.04	0.329811	0.2	0.27227	625.165	0
0.04	0.329811	0.2	0.291743	921.74	0
0.04	0.329811	0.2	0.312608	1331.2	0
0.04	0.329811	0.2	0.334965	1886.92	0
0.04	0.329811	0.2	0.358922	2630.15	0
0.04	0.329811	0.2	0.384592	3611.27	0
0.04	0.329811	0.2	0.412098	4890.78	0
0.04	0.329811	0.2	0.44157	6540.02	0
0.04	0.329811	0.2	0.473151	8641.32	0
0.04	0.329811	0.2	0.506991	11287.1	0
0.04	0.329811	0.2	0.54325	14577.9	0
0.04	0.329811	0.2	0.582103	18618.1	0
0.04	0.329811	0.2	0.623735	23510.2	0
0.04	0.329811	0.2	0.668344	29346	0
0.04	0.329811	0.2	0.716143	36196.5	0
0.04	0.329811	0.2	0.767361	44098.8	0
0.04	0.329811	0.2	0.822243	53043.5	0
0.04	0.329811	0.2	0.881049	62963.3	0
0.04	0.329811	0.2	0.944061	73723.6	0
0.04	0.329811	0.2	1.01158	85119.7	0
0.04	0.329811	0.2	1.08393	96878.2	0
0.04	0.329811	0.2	1.16145	108664	0
0.04	0.329811	0.2	1.24451	120093	0
0.04	0.329811	0.2	1.33352	130745	0
0.04	0.329811	0.2	1.42889	140181	0
0.04	0.329811	0.2	1.53109	147984	0
0.04	0.329811	0.2	1.64059	153820	0
0.04	0.329811	0.2	1.75792	157541	0
0.04	0.329811	0.2	1.88365	159315	0
0.04	0.329811	0.2	2.01837	159727	0
0.04	0.329811	0.2	2.16272	159784	0
0.04	0.329811	0.2	2.31739	160757	0
0.04	0.329811	0.2	2.48313	163905	0
0.04	0.329811	0.2	2.66073	170185	0
0.04	0.329811	0.2	2.85102	180120	0
0.04	0.329811	0.2	3.05492	193853	0
0.04	0.329811	0.2	3.27341	211137	0
0.04	0.329811	0.2	3.50752	230980	0
0.04	0.329811	0.2	3.75837	251430	0
0.04	0.329811	0.2	4.02717	270544	0
0.04	0.329811	0.2	4.31519	287327	0
0.04	0.329811	0.2	4.62381	300259	0
0.04	0.329811	0.2	4.9545	306652	0
0.04	0.329811	0.2	5.30884	305705	0
0.04	0.329811	0.2	5.68853	298607	0
0.04	0.329811	0.2	6.09537	288741	0
0.04	0.329811	0.2	6.53131	284633	0
0.04	0.329811	0.2	6.99842	293451	0
0.04	0.329811	0.2	7.49894	319009	0
0.04	0.329811	0.2	8.03526	356037	0
0.04	0.329811	0.2	8.60994	389872	0
0.04	0.329811	0.2	9.22571	403116	0
0.04	0.329811	0.2	9.88553	392124	0
0.04	0.329811	0.2	10.5925	359847	0
0.04	0.329811	0.2	11.3501	320938	0
0.04	0.329811	0.2	12.1619	299885	0
0.04	0.329811	0.2	13.0317	304937	0
0.04	0.329811	0.2	13.9637	322562	0
0.04	0.329811	0.2	14.9624	336189	0
0.04	0.329811	0.2	16.0325	345143	0
0.04	0.329811	0.2	17.1791	379162	0
0.04	0.329811	0.2	18.4077	437351	0
0.04	0.329811	0.2	19.7242	448696	0
0.04	0.329811	0.2	21.1349	388798	0
0.04	0.329811	0.2	22.6464	353172	0
0.04	0.329811	0.2	24.2661	371414	0
0.04	0.329811	0.2	26.0016	366342	0
0.04	0.329811	0.2	27.8612	394885	0
0.04	0.329811	0.2	29.8538	457383	0
0.04	0.329811	0.2	31.989	401504	0
0.04	0.329811	0.2	34.2768	391724	0
0.04	0.329811	0.2	36.7282	367481	0
0.04	0.329811	0.2	39.355	301728	0
0.04	0.329811	0.2	42.1697	340612	0
0.04	0.329811	0.2	45.1856	295659	0
0.04	0.329811	0.2	48.4172	288796	0
0.04	0.329811	0.2	51.88	350349	0
0.04	0.329811	0.2	55.5904	281944	0
0.04	0.329811	0.2	59.5662	273578	0
0.04	0.329811	0.2	63.8263	252029	0
0.04	0.329811	0.2	68.3912	295734	0
0.04	0.329811	0.2	73.2825	233824	0
0.04	0.329811	0.2	78.5236	253856	0
0.04	0.329811	0.2	84.1395	229252	0
0.04	0.329811	0.2	90.1571	226732	0
0.04	0.329811	0.2	96.6051	232015	0
0.04	0.360343	0.2	0.103514	155.516	0
0.04	0.360343	0.2	0.110917	137.417	0
0.04	0.360343	0.2	0.11885	119.029	0
0.04	0.360343	0.2	0.12735	101.042	0
0.04	0.360343	0.2	0.136458	84.4752	0
0.04	0.360343	0.2	0.146218	70.7789	0
0.04	0.360343	0.2	0.156675	61.9871	0
0.04	0.360343	0.2	0.16788	60.9039	0
0.04	0.360343	0.2	0.179887	71.3454	0
0.04	0.360343	0.2	0.192752	98.4496	0
0.04	0.360343	0.2	0.206538	149.066	0
0.04	0.360343	0.2	0.221309	232.245	0
0.04	0.360343	0.2	0.237137	359.843	0
0.04	0.360343	0.2	0.254097	547.262	0
0.04	0.360343	0.2	0.27227	814.338	0
0.04	0.360343	0.2	0.291743	1186.39	0
0.04	0.360343	0.2	0.312608	1695.41	0
0.04	0.360343	0.2	0.334965	2381.43	0
0.04	0.360343	0.2	0.358922	3293.91	0
0.04	0.360343	0.2	0.384592	4493.14	0
0.04	0.360343	0.2	0.412098	6051.51	0
0.04	0.360343	0.2	0.44157	8054.31	0
0.04	0.360343	0.2	0.473151	10599.9	0
0.04	0.360343	0.2	0.506991	13798.5	0
0.04	0.360343	0.2	0.54325	17770.1	0
0.04	0.360343	0.2	0.582103	22639.2	0
0.04	0.360343	0.2	0.623735	28527.6	0
0.04	0.360343	0.2	0.668344	35544.6	0
0.04	0.360343	0.2	0.716143	43774.3	0
0.04	0.360343	0.2	0.767361	53260.1	0
0.04	0.360343	0.2	0.822243	63990.3	0
0.04	0.360343	0.2	0.881049	75883.3	0
0.04	0.360343	0.2	0.944061	88778	0
0.04	0.360343	0.2	1.01158	102429	0
0.04	0.360343	0.2	1.08393	116509	0
0.04	0.360343	0.2	1.16145	130619	0
0.04	0.360343	0.2	1.24451	144299	0
0.04	0.360343	0.2	1.33352	157045	0
0.04	0.360343	0.2	1.42889	168336	0
0.04	0.360343	0.2	1.53109	177669	0
0.04	0.360343	0.2	1.64059	184643	0
0.04	0.360343	0.2	1.75792	189075	0
0.04	0.360343	0.2	1.88365	191160	0
0.04	0.360343	0.2	2.01837	191589	0
0.04	0.360343	0.2	2.16272	191559	0
0.04	0.360343	0.2	2.31739	192589	0
0.04	0.360343	0.2	2.48313	196195	0
0.04	0.360343	0.2	2.66073	203545	0
0.04	0.360343	0.2	2.85102	215312	0
0.04	0.360343	0.2	3.05492	231723	0
0.04	0.360343	0.2	3.27341	252531	0
0.04	0.360343	0.2	3.50752	276541	0
0.04	0.360343	0.2	3.75837	301332	0
0.04	0.360343	0.2	4.02717	324433	0
0.04	0.360343	0.2	4.31519	344537	0
0.04	0.360343	0.2	4.62381	359857	0
0.04	0.360343	0.2	4.9545	367352	0
0.04	0.360343	0.2	5.30884	366249	0
0.04	0.360343	0.2	5.68853	357987	0
0.04	0.360343	0.2	6.09537	346430	0
0.04	0.360343	0.2	6.53131	341524	0
0.04	0.360343	0.2	6.99842	351737	0
0.04	0.360343	0.2	7.49894	381733	0
0.04	0.360343	0.2	8.03526	425472	0
0.04	0.360343	0.2	8.60994	465891	0
0.04	0.360343	0.2	9.22571	482087	0
0.04	0.360343	0.2	9.88553	468711	0
0.04	0.360343	0.2	10.5925	429001	0
0.04	0.360343	0.2	11.3501	381052	0
0.04	0.360343	0.2	12.1619	354978	0
0.04	0.360343	0.2	13.0317	360962	0
0.04	0.360343	0.2	13.9637	382848	0
0.04	0.360343	0.2	14.9624	400395	0
0.04	0.360343	0.2	16.0325	411536	0
0.04	0.360343	0.2	17.1791	449980	0
0.04	0.360343	0.2	18.4077	516262	0
0.04	0.360343	0.2	19.7242	530206	0
0.04	0.360343	0.2	21.1349	461914	0
0.04	0.360343	0.2	22.6464	417476	0
0.04	0.360343	0.2	24.2661	433970	0
0.04	0.360343	0.2	26.0016	429872	0
0.04	0.360343	0.2	27.8612	464576	0
0.04	0.360343	0.2	29.8538	535054	0
0.04	0.360343	0.2	31.989	475066	0
0.04	0.360343	0.2	34.2768	461008	0
0.04	0.360343	0.2	36.7282	428992	0
0.04	0.360343	0.2	39.355	355677	0
0.04	0.360343	0.2	42.1697	396627	0
0.04	0.360343	0.2	45.1856	345998	0
0.04	0.360343	0.2	48.4172	339992	0
0.04	0.360343	0.2	51.88	410280	0
0.04	0.360343	0.2	55.5904	333587	0
0.04	0.360343	0.2	59.5662	319833	0
0.04	0.360343	0.2	63.8263	297779	0
0.04	0.360343	0.2	68.3912	347309	0
0.04	0.360343	0.2	73.2825	277422	0
0.04	0.360343	0.2	78.5236	299837	0
0.04	0.360343	0.2	84.1395	271788	0
0.04	0.360343	0.2	90.1571	269580	0
0.04	0.360343	0.2	96.6051	275068	0
0.04	0.393701	0.2	0.103514	143.899	0
0.04	0.393701	0.2	0.110917	125.527	0
0.04	0.393701	0.2	0.11885	107.276	0
0.04	0.393701	0.2	0.12735	90.0368	0
0.04	0.393701	0.2	0.136458	75.0975	0
0.04	0.393701	0.2	0.146218	64.2745	0
0.04	0.393701	0.2	0.156675	60.0889	0
0.04	0.393701	0.2	0.16788	65.9924	0
0.04	0.393701	0.2	0.179887	86.6576	0
0.04	0.393701	0.2	0.192752	128.347	0
0.04	0.393701	0.2	0.206538	199.381	0
0.04	0.393701	0.2	0.221309	310.72	0
0.04	0.393701	0.2	0.237137	476.689	0
0.04	0.393701	0.2	0.254097	715.856	0
0.04	0.393701	0.2	0.27227	1052.1	0
0.04	0.393701	0.2	0.291743	1515.84	0
0.04	0.393701	0.2	0.312608	2145.49	0
0.04	0.393701	0.2	0.334965	2989.03	0
0.04	0.393701	0.2	0.358922	4105.72	0
0.04	0.393701	0.2	0.384592	5567.73	0
0.04	0.393701	0.2	0.412098	7461.61	0
0.04	0.393701	0.2	0.44157	9889.31	0
0.04	0.393701	0.2	0.473151	12968.2	0
0.04	0.393701	0.2	0.506991	16830.1	0
0.04	0.393701	0.2	0.54325	21617.9	0
0.04	0.393701	0.2	0.582103	27479.9	0
0.04	0.393701	0.2	0.623735	34561.2	0
0.04	0.393701	0.2	0.668344	42992	0
0.04	0.393701	0.2	0.716143	52871.6	0
0.04	0.393701	0.2	0.767361	64251.4	0
0.04	0.393701	0.2	0.822243	77116.3	0
0.04	0.393701	0.2	0.881049	91368.1	0
0.04	0.393701	0.2	0.944061	106814	0
0.04	0.393701	0.2	1.01158	123159	0
0.04	0.393701	0.2	1.08393	140014	0
0.04	0.393701	0.2	1.16145	156901	0
0.04	0.393701	0.2	1.24451	173270	0
0.04	0.393701	0.2	1.33352	188522	0
0.04	0.393701	0.2	1.42889	202030	0
0.04	0.393701	0.2	1.53109	213193	0
0.04	0.393701	0.2	1.64059	221527	0
0.04	0.393701	0.2	1.75792	226809	0
0.04	0.393701	0.2	1.88365	229259	0
0.04	0.393701	0.2	2.01837	229695	0
0.04	0.393701	0.2	2.16272	229538	0
0.04	0.393701	0.2	2.31739	230603	0
0.04	0.393701	0.2	2.48313	234709	0
0.04	0.393701	0.2	2.66073	243289	0
0.04	0.393701	0.2	2.85102	257201	0
0.04	0.393701	0.2	3.05492	276790	0
0.04	0.393701	0.2	3.27341	301821	0
0.04	0.393701	0.2	3.50752	330860	0
0.04	0.393701	0.2	3.75837	360909	0
0.04	0.393701	0.2	4.02717	388827	0
0.04	0.393701	0.2	4.31519	412913	0
0.04	0.393701	0.2	4.62381	431061	0
0.04	0.393701	0.2	4.9545	439851	0
0.04	0.393701	0.2	5.30884	438578	0
0.04	0.393701	0.2	5.68853	428991	0
0.04	0.393701	0.2	6.09537	415479	0
0.04	0.393701	0.2	6.53131	409619	0
0.04	0.393701	0.2	6.99842	421404	0
0.04	0.393701	0.2	7.49894	456547	0
0.04	0.393701	0.2	8.03526	508155	0
0.04	0.393701	0.2	8.60994	556411	0
0.04	0.393701	0.2	9.22571	576202	0
0.04	0.393701	0.2	9.88553	559912	0
0.04	0.393701	0.2	10.5925	511047	0
0.04	0.393701	0.2	11.3501	451956	0
0.04	0.393701	0.2	12.1619	419683	0
0.04	0.393701	0.2	13.0317	426830	0
0.04	0.393701	0.2	13.9637	454084	0
0.04	0.393701	0.2	14.9624	476627	0
0.04	0.393701	0.2	16.0325	490398	0
0.04	0.393701	0.2	17.1791	533485	0
0.04	0.393701	0.2	18.4077	608595	0
0.04	0.393701	0.2	19.7242	625795	0
0.04	0.393701	0.2	21.1349	548422	0
0.04	0.393701	0.2	22.6464	493086	0
0.04	0.393701	0.2	24.2661	506113	0
0.04	0.393701	0.2	26.0016	503519	0
0.04	0.393701	0.2	27.8612	545764	0
0.04	0.393701	0.2	29.8538	624812	0
0.04	0.393701	0.2	31.989	561510	0
0.04	0.393701	0.2	34.2768	541852	0
0.04	0.393701	0.2	36.7282	499915	0
0.04	0.393701	0.2	39.355	418742	0
0.04	0.393701	0.2	42.1697	460866	0
0.04	0.393701	0.2	45.1856	404279	0
0.04	0.393701	0.2	48.4172	399785	0
0.04	0.393701	0.2	51.88	479659	0
0.04	0.393701	0.2	55.5904	394257	0
0.04	0.393701	0.2	59.5662	373227	0
0.04	0.393701	0.2	63.8263	351443	0
0.04	0.393701	0.2	68.3912	407229	0
0.04	0.393701	0.2	73.2825	328877	0
0.04	0.393701	0.2	78.5236	353731	0
0.04	0.393701	0.2	84.1395	321901	0
0.04	0.393701	0.2	90.1571	320266	0
0.04	0.393701	0.2	96.6051	325781	0
0.04	0.430148	0.2	0.103514	132.061	0
0.04	0.430148	0.2	0.110917	113.659	0
0.04	0.430148	0.2	0.11885	95.9105	0
0.04	0.430148	0.2	0.12735	79.9506	0
0.04	0.430148	0.2	0.136458	67.3964	0
0.04	0.430148	0.2	0.146218	60.5072	0
0.04	0.430148	0.2	0.156675	62.3941	0
0.04	0.430148	0.2	0.16788	77.2916	0
0.04	0.430148	0.2	0.179887	110.904	0
0.04	0.430148	0.2	0.192752	170.849	0
0.04	0.430148	0.2	0.206538	267.212	0
0.04	0.430148	0.2	0.221309	413.248	0
0.04	0.430148	0.2	0.237137	626.24	0
0.04	0.430148	0.2	0.254097	928.554	0
0.04	0.430148	0.2	0.27227	1348.9	0
0.04	0.430148	0.2	0.291743	1923.82	0
0.04	0.430148	0.2	0.312608	2699.38	0
0.04	0.430148	0.2	0.334965	3733.11	0
0.04	0.430148	0.2	0.358922	5095.93	0
0.04	0.430148	0.2	0.384592	6874.19	0
0.04	0.430148	0.2	0.412098	9171.4	0
0.04	0.430148	0.2	0.44157	12109.3	0
0.04	0.430148	0.2	0.473151	15828.2	0
0.04	0.430148	0.2	0.506991	20485.3	0
0.04	0.430148	0.2	0.54325	26250.9	0
0.04	0.430148	0.2	0.582103	33301.9	0
0.04	0.430148	0.2	0.623735	41811.2	0
0.04	0.430148	0.2	0.668344	51933.3	0
0.04	0.430148	0.2	0.716143	63786.2	0
0.04	0.430148	0.2	0.767361	77430.3	0
0.04	0.430148	0.2	0.822243	92846.7	0
0.04	0.430148	0.2	0.881049	109917	0
0.04	0.430148	0.2	0.944061	128411	0
0.04	0.430148	0.2	1.01158	147976	0
0.04	0.430148	0.2	1.08393	168146	0
0.04	0.430148	0.2	1.16145	188350	0
0.04	0.430148	0.2	1.24451	207934	0
0.04	0.430148	0.2	1.33352	226180	0
0.04	0.430148	0.2	1.42889	242339	0
0.04	0.430148	0.2	1.53109	255692	0
0.04	0.430148	0.2	1.64059	265654	0
0.04	0.430148	0.2	1.75792	271950	0
0.04	0.430148	0.2	1.88365	274831	0
0.04	0.430148	0.2	2.01837	275261	0
0.04	0.430148	0.2	2.16272	274926	0
0.04	0.430148	0.2	2.31739	275988	0
0.04	0.430148	0.2	2.48313	280637	0
0.04	0.430148	0.2	2.66073	290622	0
0.04	0.430148	0.2	2.85102	307040	0
0.04	0.430148	0.2	3.05492	330395	0
0.04	0.430148	0.2	3.27341	360483	0
0.04	0.430148	0.2	3.50752	395591	0
0.04	0.430148	0.2	3.75837	432006	0
0.04	0.430148	0.2	4.02717	465753	0
0.04	0.430148	0.2	4.31519	494620	0
0.04	0.430148	0.2	4.62381	516125	0
0.04	0.430148	0.2	4.9545	526436	0
0.04	0.430148	0.2	5.30884	524986	0
0.04	0.430148	0.2	5.68853	513893	0
0.04	0.430148	0.2	6.09537	498122	0
0.04	0.430148	0.2	6.53131	491116	0
0.04	0.430148	0.2	6.99842	504662	0
0.04	0.430148	0.2	7.49894	545761	0
0.04	0.430148	0.2	8.03526	606590	0
0.04	0.430148	0.2	8.60994	664174	0
0.04	0.430148	0.2	9.22571	688339	0
0.04	0.430148	0.2	9.88553	668479	0
0.04	0.430148	0.2	10.5925	608337	0
0.04	0.430148	0.2	11.3501	535505	0
0.04	0.430148	0.2	12.1619	495584	0
0.04	0.430148	0.2	13.0317	504204	0
0.04	0.430148	0.2	13.9637	538247	0
0.04	0.430148	0.2	14.9624	567155	0
0.04	0.430148	0.2	16.0325	584062	0
0.04	0.430148	0.2	17.1791	631885	0
0.04	0.430148	0.2	18.4077	716517	0
0.04	0.430148	0.2	19.7242	737814	0
0.04	0.430148	0.2	21.1349	650785	0
0.04	0.430148	0.2	22.6464	582004	0
0.04	0.430148	0.2	24.2661	589184	0
0.04	0.430148	0.2	26.0016	588736	0
0.04	0.430148	0.2	27.8612	640233	0
0.04	0.430148	0.2	29.8538	728407	0
0.04	0.430148	0.2	31.989	663037	0
0.04	0.430148	0.2	34.2768	636139	0
0.04	0.430148	0.2	36.7282	581617	0
0.04	0.430148	0.2	39.355	492400	0
0.04	0.430148	0.2	42.1697	534387	0
0.04	0.430148	0.2	45.1856	471695	0
0.04	0.430148	0.2	48.4172	469587	0
0.04	0.430148	0.2	51.88	559886	0
0.04	0.430148	0.2	55.5904	465495	0
0.04	0.430148	0.2	59.5662	434786	0
0.04	0.430148	0.2	63.8263	414360	0
0.04	0.430148	0.2	68.3912	476759	0
0.04	0.430148	0.2	73.2825	389604	0
0.04	0.430148	0.2	78.5236	416859	0
0.04	0.430148	0.2	84.1395	380916	0
0.04	0.430148	0.2	90.1571	380212	0
0.04	0.430148	0.2	96.6051	385486	0
0.04	0.469968	0.2	0.103514	120.147	0
0.04	0.469968	0.2	0.110917	102.033	0
0.04	0.469968	0.2	0.11885	85.2526	0
0.04	0.469968	0.2	0.12735	71.2412	0
0.04	0.469968	0.2	0.136458	62.0156	0
0.04	0.469968	0.2	0.146218	60.3713	0
0.04	0.469968	0.2	0.156675	70.1326	0
0.04	0.469968	0.2	0.16788	96.4781	0
0.04	0.469968	0.2	0.179887	146.355	0
0.04	0.469968	0.2	0.192752	229.008	0
0.04	0.469968	0.2	0.206538	356.647	0
0.04	0.469968	0.2	0.221309	545.276	0
0.04	0.469968	0.2	0.237137	815.726	0
0.04	0.469968	0.2	0.254097	1194.91	0
0.04	0.469968	0.2	0.27227	1717.32	0
0.04	0.469968	0.2	0.291743	2426.82	0
0.04	0.469968	0.2	0.312608	3378.65	0
0.04	0.469968	0.2	0.334965	4641.69	0
0.04	0.469968	0.2	0.358922	6300.84	0
0.04	0.469968	0.2	0.384592	8459.4	0
0.04	0.469968	0.2	0.412098	11241.1	0
0.04	0.469968	0.2	0.44157	14791.3	0
0.04	0.469968	0.2	0.473151	19277.6	0
0.04	0.469968	0.2	0.506991	24887.4	0
0.04	0.469968	0.2	0.54325	31824.1	0
0.04	0.469968	0.2	0.582103	40298.3	0
0.04	0.469968	0.2	0.623735	50516	0
0.04	0.469968	0.2	0.668344	62660.9	0
0.04	0.469968	0.2	0.716143	76873	0
0.04	0.469968	0.2	0.767361	93223.6	0
0.04	0.469968	0.2	0.822243	111689	0
0.04	0.469968	0.2	0.881049	132128	0
0.04	0.469968	0.2	0.944061	154262	0
0.04	0.469968	0.2	1.01158	177673	0
0.04	0.469968	0.2	1.08393	201802	0
0.04	0.469968	0.2	1.16145	225971	0
0.04	0.469968	0.2	1.24451	249396	0
0.04	0.469968	0.2	1.33352	271220	0
0.04	0.469968	0.2	1.42889	290551	0
0.04	0.469968	0.2	1.53109	306524	0
0.04	0.469968	0.2	1.64059	318435	0
0.04	0.469968	0.2	1.75792	325942	0
0.04	0.469968	0.2	1.88365	329333	0
0.04	0.469968	0.2	2.01837	329739	0
0.04	0.469968	0.2	2.16272	329157	0
0.04	0.469968	0.2	2.31739	330166	0
0.04	0.469968	0.2	2.48313	335394	0
0.04	0.469968	0.2	2.66073	346979	0
0.04	0.469968	0.2	2.85102	366317	0
0.04	0.469968	0.2	3.05492	394129	0
0.04	0.469968	0.2	3.27341	430269	0
0.04	0.469968	0.2	3.50752	472695	0
0.04	0.469968	0.2	3.75837	516821	0
0.04	0.469968	0.2	4.02717	557625	0
0.04	0.469968	0.2	4.31519	592242	0
0.04	0.469968	0.2	4.62381	617742	0
0.04	0.469968	0.2	4.9545	629853	0
0.04	0.469968	0.2	5.30884	628224	0
0.04	0.469968	0.2	5.68853	615423	0
0.04	0.469968	0.2	6.09537	597040	0
0.04	0.469968	0.2	6.53131	588652	0
0.04	0.469968	0.2	6.99842	604153	0
0.04	0.469968	0.2	7.49894	652134	0
0.04	0.469968	0.2	8.03526	723765	0
0.04	0.469968	0.2	8.60994	792452	0
0.04	0.469968	0.2	9.22571	821929	0
0.04	0.469968	0.2	9.88553	797687	0
0.04	0.469968	0.2	10.5925	723648	0
0.04	0.469968	0.2	11.3501	633867	0
0.04	0.469968	0.2	12.1619	584512	0
0.04	0.469968	0.2	13.0317	595032	0
0.04	0.469968	0.2	13.9637	637701	0
0.04	0.469968	0.2	14.9624	674709	0
0.04	0.469968	0.2	16.0325	695315	0
0.04	0.469968	0.2	17.1791	747781	0
0.04	0.469968	0.2	18.4077	842556	0
0.04	0.469968	0.2	19.7242	869032	0
0.04	0.469968	0.2	21.1349	771957	0
0.04	0.469968	0.2	22.6464	686644	0
0.04	0.469968	0.2	24.2661	684745	0
0.04	0.469968	0.2	26.0016	687186	0
0.04	0.469968	0.2	27.8612	750069	0
0.04	0.469968	0.2	29.8538	847890	0
0.04	0.469968	0.2	31.989	782249	0
0.04	0.469968	0.2	34.2768	746108	0
0.04	0.469968	0.2	36.7282	675737	0
0.04	0.469968	0.2	39.355	578387	0
0.04	0.469968	0.2	42.1697	618411	0
0.04	0.469968	0.2	45.1856	549665	0
0.04	0.469968	0.2	48.4172	551082	0
0.04	0.469968	0.2	51.88	652616	0
0.04	0.469968	0.2	55.5904	549128	0
0.04	0.469968	0.2	59.5662	505719	0
0.04	0.469968	0.2	63.8263	488121	0
0.04	0.469968	0.2	68.3912	557378	0
0.04	0.469968	0.2	73.2825	461294	0
0.04	0.469968	0.2	78.5236	490786	0
0.04	0.469968	0.2	84.1395	450407	0
0.04	0.469968	0.2	90.1571	451110	0
0.04	0.469968	0.2	96.6051	455760	0
0.04	0.513475	0.2	0.103514	108.345	0
0.04	0.513475	0.2	0.110917	90.9255	0
0.04	0.513475	0.2	0.11885	75.7051	0
0.04	0.513475	0.2	0.12735	64.4794	0
0.04	0.513475	0.2	0.136458	59.7521	0
0.04	0.513475	0.2	0.146218	64.9668	0
0.04	0.513475	0.2	0.156675	84.8092	0
0.04	0.513475	0.2	0.16788	125.595	0
0.04	0.513475	0.2	0.179887	195.767	0
0.04	0.513475	0.2	0.192752	306.526	0
0.04	0.513475	0.2	0.206538	472.627	0
0.04	0.513475	0.2	0.221309	713.375	0
0.04	0.513475	0.2	0.237137	1053.85	0
0.04	0.513475	0.2	0.254097	1526.41	0
0.04	0.513475	0.2	0.27227	2172.47	0
0.04	0.513475	0.2	0.291743	3044.63	0
0.04	0.513475	0.2	0.312608	4209.09	0
0.04	0.513475	0.2	0.334965	5748.34	0
0.04	0.513475	0.2	0.358922	7763.95	0
0.04	0.513475	0.2	0.384592	10379.4	0
0.04	0.513475	0.2	0.412098	13742.6	0
0.04	0.513475	0.2	0.44157	18027.2	0
0.04	0.513475	0.2	0.473151	23433.1	0
0.04	0.513475	0.2	0.506991	30184.1	0
0.04	0.513475	0.2	0.54325	38522.6	0
0.04	0.513475	0.2	0.582103	48699.7	0
0.04	0.513475	0.2	0.623735	60960.6	0
0.04	0.513475	0.2	0.668344	75523.9	0
0.04	0.513475	0.2	0.716143	92555.9	0
0.04	0.513475	0.2	0.767361	112141	0
0.04	0.513475	0.2	0.822243	134249	0
0.04	0.513475	0.2	0.881049	158710	0
0.04	0.513475	0.2	0.944061	185193	0
0.04	0.513475	0.2	1.01158	213197	0
0.04	0.513475	0.2	1.08393	242056	0
0.04	0.513475	0.2	1.16145	270959	0
0.04	0.513475	0.2	1.24451	298973	0
0.04	0.513475	0.2	1.33352	325076	0
0.04	0.513475	0.2	1.42889	348199	0
0.04	0.513475	0.2	1.53109	367308	0
0.04	0.513475	0.2	1.64059	381552	0
0.04	0.513475	0.2	1.75792	390510	0
0.04	0.513475	0.2	1.88365	394505	0
0.04	0.513475	0.2	2.01837	394864	0
0.04	0.513475	0.2	2.16272	393951	0
0.04	0.513475	0.2	2.31739	394835	0
0.04	0.513475	0.2	2.48313	400670	0
0.04	0.513475	0.2	2.66073	414068	0
0.04	0.513475	0.2	2.85102	436803	0
0.04	0.513475	0.2	3.05492	469881	0
0.04	0.513475	0.2	3.27341	513255	0
0.04	0.513475	0.2	3.50752	564502	0
0.04	0.513475	0.2	3.75837	617967	0
0.04	0.513475	0.2	4.02717	667323	0
0.04	0.513475	0.2	4.31519	708874	0
0.04	0.513475	0.2	4.62381	739147	0
0.04	0.513475	0.2	4.9545	753398	0
0.04	0.513475	0.2	5.30884	751598	0
0.04	0.513475	0.2	5.68853	736862	0
0.04	0.513475	0.2	6.09537	715451	0
0.04	0.513475	0.2	6.53131	705384	0
0.04	0.513475	0.2	6.99842	723035	0
0.04	0.513475	0.2	7.49894	778960	0
0.04	0.513475	0.2	8.03526	863249	0
0.04	0.513475	0.2	8.60994	945153	0
0.04	0.513475	0.2	9.22571	981071	0
0.04	0.513475	0.2	9.88553	951438	0
0.04	0.513475	0.2	10.5925	860270	0
0.04	0.513475	0.2	11.3501	749577	0
0.04	0.513475	0.2	12.1619	688594	0
0.04	0.513475	0.2	13.0317	701605	0
0.04	0.513475	0.2	13.9637	755285	0
0.04	0.513475	0.2	14.9624	802591	0
0.04	0.513475	0.2	16.0325	827500	0
0.04	0.513475	0.2	17.1791	884254	0
0.04	0.513475	0.2	18.4077	989690	0
0.04	0.513475	0.2	19.7242	1.02274e+06	0
0.04	0.513475	0.2	21.1349	915515	0
0.04	0.513475	0.2	22.6464	809953	0
0.04	0.513475	0.2	24.2661	794665	0
0.04	0.513475	0.2	26.0016	800793	0
0.04	0.513475	0.2	27.8612	877734	0
0.04	0.513475	0.2	29.8538	985726	0
0.04	0.513475	0.2	31.989	922254	0
0.04	0.513475	0.2	34.2768	874471	0
0.04	0.513475	0.2	36.7282	784292	0
0.04	0.513475	0.2	39.355	678766	0
0.04	0.513475	0.2	42.1697	714396	0
0.04	0.513475	0.2	45.1856	639909	0
0.04	0.513475	0.2	48.4172	646306	0
0.04	0.513475	0.2	51.88	759843	0
0.04	0.513475	0.2	55.5904	647341	0
0.04	0.513475	0.2	59.5662	587491	0
0.04	0.513475	0.2	63.8263	574637	0
0.04	0.513475	0.2	68.3912	650843	0
0.04	0.513475	0.2	73.2825	545994	0
0.04	0.513475	0.2	78.5236	577383	0
0.04	0.513475	0.2	84.1395	532258	0
0.04	0.513475	0.2	90.1571	534992	0
0.04	0.513475	0.2	96.6051	538483	0
0.04	0.56101	0.2	0.103514	96.8985	0
0.04	0.56101	0.2	0.110917	80.6929	0
0.04	0.56101	0.2	0.11885	67.7732	0
0.04	0.56101	0.2	0.12735	60.3743	0
0.04	0.56101	0.2	0.136458	61.5883	0
0.04	0.56101	0.2	0.146218	75.6423	0
0.04	0.56101	0.2	0.156675	108.26	0
0.04	0.56101	0.2	0.16788	167.127	0
0.04	0.56101	0.2	0.179887	262.482	0
0.04	0.56101	0.2	0.192752	407.874	0
0.04	0.56101	0.2	0.206538	621.115	0
0.04	0.56101	0.2	0.221309	925.461	0
0.04	0.56101	0.2	0.237137	1351.08	0
0.04	0.56101	0.2	0.254097	1936.84	0
0.04	0.56101	0.2	0.27227	2732.45	0
0.04	0.56101	0.2	0.291743	3800.96	0
0.04	0.56101	0.2	0.312608	5221.66	0
0.04	0.56101	0.2	0.334965	7093.27	0
0.04	0.56101	0.2	0.358922	9537.28	0
0.04	0.56101	0.2	0.384592	12701.3	0
0.04	0.56101	0.2	0.412098	16762	0
0.04	0.56101	0.2	0.44157	21926.8	0
0.04	0.56101	0.2	0.473151	28434.4	0
0.04	0.56101	0.2	0.506991	36551.6	0
0.04	0.56101	0.2	0.54325	46567.4	0
0.04	0.56101	0.2	0.582103	58781.3	0
0.04	0.56101	0.2	0.623735	73485.2	0
0.04	0.56101	0.2	0.668344	90939.1	0
0.04	0.56101	0.2	0.716143	111341	0
0.04	0.56101	0.2	0.767361	134789	0
0.04	0.56101	0.2	0.822243	161248	0
0.04	0.56101	0.2	0.881049	190513	0
0.04	0.56101	0.2	0.944061	222189	0
0.04	0.56101	0.2	1.01158	255677	0
0.04	0.56101	0.2	1.08393	290185	0
0.04	0.56101	0.2	1.16145	324743	0
0.04	0.56101	0.2	1.24451	358240	0
0.04	0.56101	0.2	1.33352	389457	0
0.04	0.56101	0.2	1.42889	417117	0
0.04	0.56101	0.2	1.53109	439980	0
0.04	0.56101	0.2	1.64059	457020	0
0.04	0.56101	0.2	1.75792	467716	0
0.04	0.56101	0.2	1.88365	472430	0
0.04	0.56101	0.2	2.01837	472714	0
0.04	0.56101	0.2	2.16272	471362	0
0.04	0.56101	0.2	2.31739	472025	0
0.04	0.56101	0.2	2.48313	478486	0
0.04	0.56101	0.2	2.66073	493927	0
0.04	0.56101	0.2	2.85102	520602	0
0.04	0.56101	0.2	3.05492	559893	0
0.04	0.56101	0.2	3.27341	611906	0
0.04	0.56101	0.2	3.50752	673777	0
0.04	0.56101	0.2	3.75837	738553	0
0.04	0.56101	0.2	4.02717	798285	0
0.04	0.56101	0.2	4.31519	848219	0
0.04	0.56101	0.2	4.62381	884225	0
0.04	0.56101	0.2	4.9545	901041	0
0.04	0.56101	0.2	5.30884	899093	0
0.04	0.56101	0.2	5.68853	882161	0
0.04	0.56101	0.2	6.09537	857225	0
0.04	0.56101	0.2	6.53131	845105	0
0.04	0.56101	0.2	6.99842	865094	0
0.04	0.56101	0.2	7.49894	930182	0
0.04	0.56101	0.2	8.03526	1.02932e+06	0
0.04	0.56101	0.2	8.60994	1.12696e+06	0
0.04	0.56101	0.2	9.22571	1.17067e+06	0
0.04	0.56101	0.2	9.88553	1.13439e+06	0
0.04	0.56101	0.2	10.5925	1.0221e+06	0
0.04	0.56101	0.2	11.3501	885610	0
0.04	0.56101	0.2	12.1619	810304	0
0.04	0.56101	0.2	13.0317	826641	0
0.04	0.56101	0.2	13.9637	894444	0
0.04	0.56101	0.2	14.9624	954828	0
0.04	0.56101	0.2	16.0325	984650	0
0.04	0.56101	0.2	17.1791	1.04498e+06	0
0.04	0.56101	0.2	18.4077	1.16147e+06	0
0.04	0.56101	0.2	19.7242	1.20291e+06	0
0.04	0.56101	0.2	21.1349	1.08583e+06	0
0.04	0.56101	0.2	22.6464	955584	0
0.04	0.56101	0.2	24.2661	921248	0
0.04	0.56101	0.2	26.0016	931823	0
0.04	0.56101	0.2	27.8612	1.02619e+06	0
0.04	0.56101	0.2	29.8538	1.14497e+06	0
0.04	0.56101	0.2	31.989	1.0868e+06	0
0.04	0.56101	0.2	34.2768	1.02458e+06	0
0.04	0.56101	0.2	36.7282	909870	0
0.04	0.56101	0.2	39.355	796022	0
0.04	0.56101	0.2	42.1697	824153	0
0.04	0.56101	0.2	45.1856	744582	0
0.04	0.56101	0.2	48.4172	757772	0
0.04	0.56101	0.2	51.88	884047	0
0.04	0.56101	0.2	55.5904	762783	0
0.04	0.56101	0.2	59.5662	681936	0
0.04	0.56101	0.2	63.8263	676236	0
0.04	0.56101	0.2	68.3912	759287	0
0.04	0.56101	0.2	73.2825	646209	0
0.04	0.56101	0.2	78.5236	678920	0
0.04	0.56101	0.2	84.1395	628744	0
0.04	0.56101	0.2	90.1571	634314	0
0.04	0.56101	0.2	96.6051	635918	0
0.04	0.612945	0.2	0.103514	86.118	0
0.04	0.612945	0.2	0.110917	71.781	0
0.04	0.612945	0.2	0.11885	62.0863	0
0.04	0.612945	0.2	0.12735	59.8019	0
0.04	0.612945	0.2	0.136458	68.7311	0
0.04	0.612945	0.2	0.146218	94.0464	0
0.04	0.612945	0.2	0.156675	142.722	0
0.04	0.612945	0.2	0.16788	224.088	0
0.04	0.612945	0.2	0.179887	350.545	0
0.04	0.612945	0.2	0.192752	538.458	0
0.04	0.612945	0.2	0.206538	809.3	0
0.04	0.612945	0.2	0.221309	1191.06	0
0.04	0.612945	0.2	0.237137	1720.01	0
0.04	0.612945	0.2	0.254097	2442.8	0
0.04	0.612945	0.2	0.27227	3419.03	0
0.04	0.612945	0.2	0.291743	4724.26	0
0.04	0.612945	0.2	0.312608	6453.42	0
0.04	0.612945	0.2	0.334965	8724.6	0
0.04	0.612945	0.2	0.358922	11683.1	0
0.04	0.612945	0.2	0.384592	15505.3	0
0.04	0.612945	0.2	0.412098	20402.3	0
0.04	0.612945	0.2	0.44157	26621.6	0
0.04	0.612945	0.2	0.473151	34448.1	0
0.04	0.612945	0.2	0.506991	44200.2	0
0.04	0.612945	0.2	0.54325	56222.5	0
0.04	0.612945	0.2	0.582103	70871.7	0
0.04	0.612945	0.2	0.623735	88495.6	0
0.04	0.612945	0.2	0.668344	109404	0
0.04	0.612945	0.2	0.716143	133830	0
0.04	0.612945	0.2	0.767361	161893	0
0.04	0.612945	0.2	0.822243	193548	0
0.04	0.612945	0.2	0.881049	228550	0
0.04	0.612945	0.2	0.944061	266426	0
0.04	0.612945	0.2	1.01158	306462	0
0.04	0.612945	0.2	1.08393	347712	0
0.04	0.612945	0.2	1.16145	389024	0
0.04	0.612945	0.2	1.24451	429072	0
0.04	0.612945	0.2	1.33352	466402	0
0.04	0.612945	0.2	1.42889	499489	0
0.04	0.612945	0.2	1.53109	526848	0
0.04	0.612945	0.2	1.64059	547241	0
0.04	0.612945	0.2	1.75792	560025	0
0.04	0.612945	0.2	1.88365	565597	0
0.04	0.612945	0.2	2.01837	565775	0
0.04	0.612945	0.2	2.16272	563854	0
0.04	0.612945	0.2	2.31739	564172	0
0.04	0.612945	0.2	2.48313	571259	0
0.04	0.612945	0.2	2.66073	588996	0
0.04	0.612945	0.2	2.85102	620232	0
0.04	0.612945	0.2	3.05492	666839	0
0.04	0.612945	0.2	3.27341	729152	0
0.04	0.612945	0.2	3.50752	803806	0
0.04	0.612945	0.2	3.75837	882278	0
0.04	0.612945	0.2	4.02717	954615	0
0.04	0.612945	0.2	4.31519	1.01472e+06	0
0.04	0.612945	0.2	4.62381	1.05766e+06	0
0.04	0.612945	0.2	4.9545	1.07758e+06	0
0.04	0.612945	0.2	5.30884	1.07553e+06	0
0.04	0.612945	0.2	5.68853	1.05609e+06	0
0.04	0.612945	0.2	6.09537	1.02703e+06	0
0.04	0.612945	0.2	6.53131	1.01237e+06	0
0.04	0.612945	0.2	6.99842	1.03487e+06	0
0.04	0.612945	0.2	7.49894	1.11053e+06	0
0.04	0.612945	0.2	8.03526	1.22711e+06	0
0.04	0.612945	0.2	8.60994	1.34352e+06	0
0.04	0.612945	0.2	9.22571	1.39661e+06	0
0.04	0.612945	0.2	9.88553	1.35211e+06	0
0.04	0.612945	0.2	10.5925	1.2138e+06	0
0.04	0.612945	0.2	11.3501	1.04547e+06	0
0.04	0.612945	0.2	12.1619	952548	0
0.04	0.612945	0.2	13.0317	973394	0
0.04	0.612945	0.2	13.9637	1.0594e+06	0
0.04	0.612945	0.2	14.9624	1.13637e+06	0
0.04	0.612945	0.2	16.0325	1.17167e+06	0
0.04	0.612945	0.2	17.1791	1.23438e+06	0
0.04	0.612945	0.2	18.4077	1.36218e+06	0
0.04	0.612945	0.2	19.7242	1.41439e+06	0
0.04	0.612945	0.2	21.1349	1.28829e+06	0
0.04	0.612945	0.2	22.6464	1.12815e+06	0
0.04	0.612945	0.2	24.2661	1.06745e+06	0
0.04	0.612945	0.2	26.0016	1.08302e+06	0
0.04	0.612945	0.2	27.8612	1.19909e+06	0
0.04	0.612945	0.2	29.8538	1.32956e+06	0
0.04	0.612945	0.2	31.989	1.28049e+06	0
0.04	0.612945	0.2	34.2768	1.20066e+06	0
0.04	0.612945	0.2	36.7282	1.05591e+06	0
0.04	0.612945	0.2	39.355	933211	0
0.04	0.612945	0.2	42.1697	950047	0
0.04	0.612945	0.2	45.1856	866467	0
0.04	0.612945	0.2	48.4172	888650	0
0.04	0.612945	0.2	51.88	1.02841e+06	0
0.04	0.612945	0.2	55.5904	898713	0
0.04	0.612945	0.2	59.5662	791439	0
0.04	0.612945	0.2	63.8263	795806	0
0.04	0.612945	0.2	68.3912	885371	0
0.04	0.612945	0.2	73.2825	765039	0
0.04	0.612945	0.2	78.5236	798199	0
0.04	0.612945	0.2	84.1395	742653	0
0.04	0.612945	0.2	90.1571	752078	0
0.04	0.612945	0.2	96.6051	750821	0
0.04	0.669688	0.2	0.103514	76.3969	0
0.04	0.669688	0.2	0.110917	64.7476	0
0.04	0.669688	0.2	0.11885	59.4247	0
0.04	0.669688	0.2	0.12735	63.8409	0
0.04	0.669688	0.2	0.136458	82.6584	0
0.04	0.669688	0.2	0.146218	122.189	0
0.04	0.669688	0.2	0.156675	190.911	0
0.04	0.669688	0.2	0.16788	300.134	0
0.04	0.669688	0.2	0.179887	464.847	0
0.04	0.669688	0.2	0.192752	704.796	0
0.04	0.669688	0.2	0.206538	1045.84	0
0.04	0.669688	0.2	0.221309	1521.64	0
0.04	0.669688	0.2	0.237137	2175.75	0
0.04	0.669688	0.2	0.254097	3064.14	0
0.04	0.669688	0.2	0.27227	4258.26	0
0.04	0.669688	0.2	0.291743	5848.59	0
0.04	0.669688	0.2	0.312608	7948.73	0
0.04	0.669688	0.2	0.334965	10699.9	0
0.04	0.669688	0.2	0.358922	14275.9	0
0.04	0.669688	0.2	0.384592	18887.4	0
0.04	0.669688	0.2	0.412098	24786.3	0
0.04	0.669688	0.2	0.44157	32268.4	0
0.04	0.669688	0.2	0.473151	41673.5	0
0.04	0.669688	0.2	0.506991	53381.4	0
0.04	0.669688	0.2	0.54325	67802.9	0
0.04	0.669688	0.2	0.582103	85363.2	0
0.04	0.669688	0.2	0.623735	106476	0
0.04	0.669688	0.2	0.668344	131511	0
0.04	0.669688	0.2	0.716143	160746	0
0.04	0.669688	0.2	0.767361	194319	0
0.04	0.669688	0.2	0.822243	232177	0
0.04	0.669688	0.2	0.881049	274027	0
0.04	0.669688	0.2	0.944061	319304	0
0.04	0.669688	0.2	1.01158	367157	0
0.04	0.669688	0.2	1.08393	416458	0
0.04	0.669688	0.2	1.16145	465835	0
0.04	0.669688	0.2	1.24451	513708	0
0.04	0.669688	0.2	1.33352	558345	0
0.04	0.669688	0.2	1.42889	597926	0
0.04	0.669688	0.2	1.53109	630671	0
0.04	0.669688	0.2	1.64059	655089	0
0.04	0.669688	0.2	1.75792	670384	0
0.04	0.669688	0.2	1.88365	676991	0
0.04	0.669688	0.2	2.01837	677029	0
0.04	0.669688	0.2	2.16272	674382	0
0.04	0.669688	0.2	2.31739	674197	0
0.04	0.669688	0.2	2.48313	681896	0
0.04	0.669688	0.2	2.66073	702200	0
0.04	0.669688	0.2	2.85102	738701	0
0.04	0.669688	0.2	3.05492	793907	0
0.04	0.669688	0.2	3.27341	868483	0
0.04	0.669688	0.2	3.50752	958501	0
0.04	0.669688	0.2	3.75837	1.05355e+06	0
0.04	0.669688	0.2	4.02717	1.14122e+06	0
0.04	0.669688	0.2	4.31519	1.21373e+06	0
0.04	0.669688	0.2	4.62381	1.2651e+06	0
0.04	0.669688	0.2	4.9545	1.28884e+06	0
0.04	0.669688	0.2	5.30884	1.28676e+06	0
0.04	0.669688	0.2	5.68853	1.26444e+06	0
0.04	0.669688	0.2	6.09537	1.23048e+06	0
0.04	0.669688	0.2	6.53131	1.21266e+06	0
0.04	0.669688	0.2	6.99842	1.23781e+06	0
0.04	0.669688	0.2	7.49894	1.3257e+06	0
0.04	0.669688	0.2	8.03526	1.46284e+06	0
0.04	0.669688	0.2	8.60994	1.60163e+06	0
0.04	0.669688	0.2	9.22571	1.66598e+06	0
0.04	0.669688	0.2	9.88553	1.61128e+06	0
0.04	0.669688	0.2	10.5925	1.44091e+06	0
0.04	0.669688	0.2	11.3501	1.23333e+06	0
0.04	0.669688	0.2	12.1619	1.11876e+06	0
0.04	0.669688	0.2	13.0317	1.1458e+06	0
0.04	0.669688	0.2	13.9637	1.2554e+06	0
0.04	0.669688	0.2	14.9624	1.35338e+06	0
0.04	0.669688	0.2	16.0325	1.39454e+06	0
0.04	0.669688	0.2	17.1791	1.45784e+06	0
0.04	0.669688	0.2	18.4077	1.59713e+06	0
0.04	0.669688	0.2	19.7242	1.6632e+06	0
0.04	0.669688	0.2	21.1349	1.52967e+06	0
0.04	0.669688	0.2	22.6464	1.33358e+06	0
0.04	0.669688	0.2	24.2661	1.23723e+06	0
0.04	0.669688	0.2	26.0016	1.25781e+06	0
0.04	0.669688	0.2	27.8612	1.40101e+06	0
0.04	0.669688	0.2	29.8538	1.5447e+06	0
0.04	0.669688	0.2	31.989	1.50904e+06	0
0.04	0.669688	0.2	34.2768	1.40822e+06	0
0.04	0.669688	0.2	36.7282	1.22715e+06	0
0.04	0.669688	0.2	39.355	1.09417e+06	0
0.04	0.669688	0.2	42.1697	1.09532e+06	0
0.04	0.669688	0.2	45.1856	1.00929e+06	0
0.04	0.669688	0.2	48.4172	1.04304e+06	0
0.04	0.669688	0.2	51.88	1.19716e+06	0
0.04	0.669688	0.2	55.5904	1.05921e+06	0
0.04	0.669688	0.2	59.5662	919219	0
0.04	0.669688	0.2	63.8263	936998	0
0.04	0.669688	0.2	68.3912	1.03251e+06	0
0.04	0.669688	0.2	73.2825	906388	0
0.04	0.669688	0.2	78.5236	938749	0
0.04	0.669688	0.2	84.1395	877450	0
0.04	0.669688	0.2	90.1571	891988	0
0.04	0.669688	0.2	96.6051	886599	0
