0.000104526	0.01	0.2	0.103514	0.179279	0
0.000104526	0.01	0.2	0.110917	0.179139	0
0.000104526	0.01	0.2	0.11885	0.178996	0
0.000104526	0.01	0.2	0.12735	0.178855	0
0.000104526	0.01	0.2	0.136458	0.178725	0
0.000104526	0.01	0.2	0.146218	0.178615	0
0.000104526	0.01	0.2	0.156675	0.17854	0
0.000104526	0.01	0.2	0.16788	0.178523	0
0.000104526	0.01	0.2	0.179887	0.178591	0
0.000104526	0.01	0.2	0.192752	0.178784	0
0.000104526	0.01	0.2	0.206538	0.179152	0
0.000104526	0.01	0.2	0.221309	0.179764	0
0.000104526	0.01	0.2	0.237137	0.18071	0
0.000104526	0.01	0.2	0.254097	0.182105	0
0.000104526	0.01	0.2	0.27227	0.1841	0
0.000104526	0.01	0.2	0.291743	0.186886	0
0.000104526	0.01	0.2	0.312608	0.190703	0
0.000104526	0.01	0.2	0.334965	0.195854	0
0.000104526	0.01	0.2	0.358922	0.20271	0
0.000104526	0.01	0.2	0.384592	0.211718	0
0.000104526	0.01	0.2	0.412098	0.223412	0
0.000104526	0.01	0.2	0.44157	0.238409	0
0.000104526	0.01	0.2	0.473151	0.257399	0
0.000104526	0.01	0.2	0.506991	0.281121	0
0.000104526	0.01	0.2	0.54325	0.310316	0
0.000104526	0.01	0.2	0.582103	0.345647	0
0.000104526	0.01	0.2	0.623735	0.387581	0
0.000104526	0.01	0.2	0.668344	0.436229	0
0.000104526	0.01	0.2	0.716143	0.491138	0
0.000104526	0.01	0.2	0.767361	0.55106	0
0.000104526	0.01	0.2	0.822243	0.613731	0
0.000104526	0.01	0.2	0.881049	0.675748	0
0.000104526	0.01	0.2	0.944061	0.73268	0
0.000104526	0.01	0.2	1.01158	0.779612	0
0.000104526	0.01	0.2	1.08393	0.812396	0
0.000104526	0.01	0.2	1.16145	0.829905	0
0.000104526	0.01	0.2	1.24451	0.837524	0
0.000104526	0.01	0.2	1.33352	0.851885	0
0.000104526	0.01	0.2	1.42889	0.906394	0
0.000104526	0.01	0.2	1.53109	1.05628	0
0.000104526	0.01	0.2	1.64059	1.38087	0
0.000104526	0.01	0.2	1.75792	1.97938	0
0.000104526	0.01	0.2	1.88365	2.95576	0
0.000104526	0.01	0.2	2.01837	4.38709	0
0.000104526	0.01	0.2	2.16272	6.27265	0
0.000104526	0.01	0.2	2.31739	8.46698	0
0.000104526	0.01	0.2	2.48313	10.6177	0
0.000104526	0.01	0.2	2.66073	12.1582	0
0.000104526	0.01	0.2	2.85102	12.4346	0
0.000104526	0.01	0.2	3.05492	11.0251	0
0.000104526	0.01	0.2	3.27341	8.17802	0
0.000104526	0.01	0.2	3.50752	5.053	0
0.000104526	0.01	0.2	3.75837	3.33786	0
0.000104526	0.01	0.2	4.02717	4.18499	0
0.000104526	0.01	0.2	4.31519	7.1957	0
0.000104526	0.01	0.2	4.62381	10.4832	0
0.000104526	0.01	0.2	4.9545	11.9691	0
0.000104526	0.01	0.2	5.30884	10.8859	0
0.000104526	0.01	0.2	5.68853	8.18706	0
0.000104526	0.01	0.2	6.09537	5.41783	0
0.000104526	0.01	0.2	6.53131	3.71838	0
0.000104526	0.01	0.2	6.99842	4.32124	0
0.000104526	0.01	0.2	7.49894	7.33357	0
0.000104526	0.01	0.2	8.03526	10.1336	0
0.000104526	0.01	0.2	8.60994	10.9266	0
0.000104526	0.01	0.2	9.22571	10.3262	0
0.000104526	0.01	0.2	9.88553	9.44632	0
0.000104526	0.01	0.2	10.5925	8.81573	0
0.000104526	0.01	0.2	11.3501	8.56615	0
0.000104526	0.01	0.2	12.1619	9.81278	0
0.000104526	0.01	0.2	13.0317	12.7357	0
0.000104526	0.01	0.2	13.9637	14.1438	0
0.000104526	0.01	0.2	14.9624	11.1571	0
0.000104526	0.01	0.2	16.0325	6.69483	0
0.000104526	0.01	0.2	17.1791	5.15254	0
0.000104526	0.01	0.2	18.4077	6.40048	0
0.000104526	0.01	0.2	19.7242	6.25687	0
0.000104526	0.01	0.2	21.1349	4.83866	0
0.000104526	0.01	0.2	22.6464	4.36866	0
0.000104526	0.01	0.2	24.2661	3.3624	0
0.000104526	0.01	0.2	26.0016	2.88822	0
0.000104526	0.01	0.2	27.8612	2.60823	0
0.000104526	0.01	0.2	29.8538	1.99493	0
0.000104526	0.01	0.2	31.989	4.02635	0
0.000104526	0.01	0.2	34.2768	3.32103	0
0.000104526	0.01	0.2	36.7282	2.26792	0
0.000104526	0.01	0.2	39.355	4.7758	0
0.000104526	0.01	0.2	42.1697	2.33024	0
0.000104526	0.01	0.2	45.1856	3.24346	0
0.000104526	0.01	0.2	48.4172	4.15076	0
0.000104526	0.01	0.2	51.88	1.40264	0
0.000104526	0.01	0.2	55.5904	2.91204	0
0.000104526	0.01	0.2	59.5662	1.61599	0
0.000104526	0.01	0.2	63.8263	1.54608	0
0.000104526	0.01	0.2	68.3912	1.29095	0
0.000104526	0.01	0.2	73.2825	0.779112	0
0.000104526	0.01	0.2	78.5236	0.81864	0
0.000104526	0.01	0.2	84.1395	0.71425	0
0.000104526	0.01	0.2	90.1571	0.7349	0
0.000104526	0.01	0.2	96.6051	0.446114	0
0.000114203	0.01	0.2	0.103514	0.179186	0
0.000114203	0.01	0.2	0.110917	0.179032	0
0.000114203	0.01	0.2	0.11885	0.178874	0
0.000114203	0.01	0.2	0.12735	0.178715	0
0.000114203	0.01	0.2	0.136458	0.178564	0
0.000114203	0.01	0.2	0.146218	0.178431	0
0.000114203	0.01	0.2	0.156675	0.178331	0
0.000114203	0.01	0.2	0.16788	0.178283	0
0.000114203	0.01	0.2	0.179887	0.178317	0
0.000114203	0.01	0.2	0.192752	0.178471	0
0.000114203	0.01	0.2	0.206538	0.178795	0
0.000114203	0.01	0.2	0.221309	0.179357	0
0.000114203	0.01	0.2	0.237137	0.180246	0
0.000114203	0.01	0.2	0.254097	0.181577	0
0.000114203	0.01	0.2	0.27227	0.1835	0
0.000114203	0.01	0.2	0.291743	0.186205	0
0.000114203	0.01	0.2	0.312608	0.189932	0
0.000114203	0.01	0.2	0.334965	0.194982	0
0.000114203	0.01	0.2	0.358922	0.201725	0
0.000114203	0.01	0.2	0.384592	0.210609	0
0.000114203	0.01	0.2	0.412098	0.222167	0
0.000114203	0.01	0.2	0.44157	0.237013	0
0.000114203	0.01	0.2	0.473151	0.25584	0
0.000114203	0.01	0.2	0.506991	0.279385	0
0.000114203	0.01	0.2	0.54325	0.30839	0
0.000114203	0.01	0.2	0.582103	0.343517	0
0.000114203	0.01	0.2	0.623735	0.385235	0
0.000114203	0.01	0.2	0.668344	0.433655	0
0.000114203	0.01	0.2	0.716143	0.488324	0
0.000114203	0.01	0.2	0.767361	0.547995	0
0.000114203	0.01	0.2	0.822243	0.610404	0
0.000114203	0.01	0.2	0.881049	0.672149	0
0.000114203	0.01	0.2	0.944061	0.728796	0
0.000114203	0.01	0.2	1.01158	0.775428	0
0.000114203	0.01	0.2	1.08393	0.807895	0
0.000114203	0.01	0.2	1.16145	0.825067	0
0.000114203	0.01	0.2	1.24451	0.832325	0
0.000114203	0.01	0.2	1.33352	0.846301	0
0.000114203	0.01	0.2	1.42889	0.900405	0
0.000114203	0.01	0.2	1.53109	1.04988	0
0.000114203	0.01	0.2	1.64059	1.37404	0
0.000114203	0.01	0.2	1.75792	1.97216	0
0.000114203	0.01	0.2	1.88365	2.94819	0
0.000114203	0.01	0.2	2.01837	4.37927	0
0.000114203	0.01	0.2	2.16272	6.26473	0
0.000114203	0.01	0.2	2.31739	8.45912	0
0.000114203	0.01	0.2	2.48313	10.6101	0
0.000114203	0.01	0.2	2.66073	12.1512	0
0.000114203	0.01	0.2	2.85102	12.4283	0
0.000114203	0.01	0.2	3.05492	11.0196	0
0.000114203	0.01	0.2	3.27341	8.17323	0
0.000114203	0.01	0.2	3.50752	5.04861	0
0.000114203	0.01	0.2	3.75837	3.33331	0
0.000114203	0.01	0.2	4.02717	4.17962	0
0.000114203	0.01	0.2	4.31519	7.18896	0
0.000114203	0.01	0.2	4.62381	10.4749	0
0.000114203	0.01	0.2	4.9545	11.9595	0
0.000114203	0.01	0.2	5.30884	10.8757	0
0.000114203	0.01	0.2	5.68853	8.17701	0
0.000114203	0.01	0.2	6.09537	5.40841	0
0.000114203	0.01	0.2	6.53131	3.70974	0
0.000114203	0.01	0.2	6.99842	4.31345	0
0.000114203	0.01	0.2	7.49894	7.32686	0
0.000114203	0.01	0.2	8.03526	10.1282	0
0.000114203	0.01	0.2	8.60994	10.9222	0
0.000114203	0.01	0.2	9.22571	10.3218	0
0.000114203	0.01	0.2	9.88553	9.44108	0
0.000114203	0.01	0.2	10.5925	8.80997	0
0.000114203	0.01	0.2	11.3501	8.56098	0
0.000114203	0.01	0.2	12.1619	9.8087	0
0.000114203	0.01	0.2	13.0317	12.7321	0
0.000114203	0.01	0.2	13.9637	14.1397	0
0.000114203	0.01	0.2	14.9624	11.1519	0
0.000114203	0.01	0.2	16.0325	6.68859	0
0.000114203	0.01	0.2	17.1791	5.14586	0
0.000114203	0.01	0.2	18.4077	6.39376	0
0.000114203	0.01	0.2	19.7242	6.24992	0
0.000114203	0.01	0.2	21.1349	4.83121	0
0.000114203	0.01	0.2	22.6464	4.36122	0
0.000114203	0.01	0.2	24.2661	3.35592	0
0.000114203	0.01	0.2	26.0016	2.8831	0
0.000114203	0.01	0.2	27.8612	2.60361	0
0.000114203	0.01	0.2	29.8538	1.98925	0
0.000114203	0.01	0.2	31.989	4.01961	0
0.000114203	0.01	0.2	34.2768	3.3149	0
0.000114203	0.01	0.2	36.7282	2.26335	0
0.000114203	0.01	0.2	39.355	4.7714	0
0.000114203	0.01	0.2	42.1697	2.3245	0
0.000114203	0.01	0.2	45.1856	3.23627	0
0.000114203	0.01	0.2	48.4172	4.14383	0
0.000114203	0.01	0.2	51.88	1.39711	0
0.000114203	0.01	0.2	55.5904	2.90704	0
0.000114203	0.01	0.2	59.5662	1.61026	0
0.000114203	0.01	0.2	63.8263	1.53969	0
0.000114203	0.01	0.2	68.3912	1.28508	0
0.000114203	0.01	0.2	73.2825	0.773558	0
0.000114203	0.01	0.2	78.5236	0.812971	0
0.000114203	0.01	0.2	84.1395	0.708272	0
0.000114203	0.01	0.2	90.1571	0.729151	0
0.000114203	0.01	0.2	96.6051	0.440319	0
0.000124775	0.01	0.2	0.103514	0.179085	0
0.000124775	0.01	0.2	0.110917	0.178916	0
0.000124775	0.01	0.2	0.11885	0.17874	0
0.000124775	0.01	0.2	0.12735	0.178563	0
0.000124775	0.01	0.2	0.136458	0.178389	0
0.000124775	0.01	0.2	0.146218	0.178231	0
0.000124775	0.01	0.2	0.156675	0.178101	0
0.000124775	0.01	0.2	0.16788	0.178021	0
0.000124775	0.01	0.2	0.179887	0.178018	0
0.000124775	0.01	0.2	0.192752	0.178129	0
0.000124775	0.01	0.2	0.206538	0.178405	0
0.000124775	0.01	0.2	0.221309	0.178912	0
0.000124775	0.01	0.2	0.237137	0.179739	0
0.000124775	0.01	0.2	0.254097	0.181001	0
0.000124775	0.01	0.2	0.27227	0.182845	0
0.000124775	0.01	0.2	0.291743	0.185462	0
0.000124775	0.01	0.2	0.312608	0.189091	0
0.000124775	0.01	0.2	0.334965	0.194031	0
0.000124775	0.01	0.2	0.358922	0.200652	0
0.000124775	0.01	0.2	0.384592	0.209402	0
0.000124775	0.01	0.2	0.412098	0.220811	0
0.000124775	0.01	0.2	0.44157	0.235495	0
0.000124775	0.01	0.2	0.473151	0.254145	0
0.000124775	0.01	0.2	0.506991	0.277499	0
0.000124775	0.01	0.2	0.54325	0.306298	0
0.000124775	0.01	0.2	0.582103	0.341206	0
0.000124775	0.01	0.2	0.623735	0.382692	0
0.000124775	0.01	0.2	0.668344	0.430866	0
0.000124775	0.01	0.2	0.716143	0.485279	0
0.000124775	0.01	0.2	0.767361	0.544682	0
0.000124775	0.01	0.2	0.822243	0.606812	0
0.000124775	0.01	0.2	0.881049	0.668266	0
0.000124775	0.01	0.2	0.944061	0.724609	0
0.000124775	0.01	0.2	1.01158	0.770922	0
0.000124775	0.01	0.2	1.08393	0.803052	0
0.000124775	0.01	0.2	1.16145	0.819864	0
0.000124775	0.01	0.2	1.24451	0.826738	0
0.000124775	0.01	0.2	1.33352	0.840304	0
0.000124775	0.01	0.2	1.42889	0.893973	0
0.000124775	0.01	0.2	1.53109	1.04299	0
0.000124775	0.01	0.2	1.64059	1.36671	0
0.000124775	0.01	0.2	1.75792	1.9644	0
0.000124775	0.01	0.2	1.88365	2.94006	0
0.000124775	0.01	0.2	2.01837	4.37088	0
0.000124775	0.01	0.2	2.16272	6.25621	0
0.000124775	0.01	0.2	2.31739	8.45069	0
0.000124775	0.01	0.2	2.48313	10.602	0
0.000124775	0.01	0.2	2.66073	12.1437	0
0.000124775	0.01	0.2	2.85102	12.4216	0
0.000124775	0.01	0.2	3.05492	11.0137	0
0.000124775	0.01	0.2	3.27341	8.16816	0
0.000124775	0.01	0.2	3.50752	5.04398	0
0.000124775	0.01	0.2	3.75837	3.32853	0
0.000124775	0.01	0.2	4.02717	4.17395	0
0.000124775	0.01	0.2	4.31519	7.18177	0
0.000124775	0.01	0.2	4.62381	10.466	0
0.000124775	0.01	0.2	4.9545	11.9492	0
0.000124775	0.01	0.2	5.30884	10.8648	0
0.000124775	0.01	0.2	5.68853	8.16622	0
0.000124775	0.01	0.2	6.09537	5.39831	0
0.000124775	0.01	0.2	6.53131	3.7005	0
0.000124775	0.01	0.2	6.99842	4.30513	0
0.000124775	0.01	0.2	7.49894	7.31974	0
0.000124775	0.01	0.2	8.03526	10.1225	0
0.000124775	0.01	0.2	8.60994	10.9176	0
0.000124775	0.01	0.2	9.22571	10.3172	0
0.000124775	0.01	0.2	9.88553	9.43553	0
0.000124775	0.01	0.2	10.5925	8.80385	0
0.000124775	0.01	0.2	11.3501	8.5555	0
0.000124775	0.01	0.2	12.1619	9.80441	0
0.000124775	0.01	0.2	13.0317	12.7283	0
0.000124775	0.01	0.2	13.9637	14.1355	0
0.000124775	0.01	0.2	14.9624	11.1464	0
0.000124775	0.01	0.2	16.0325	6.68193	0
0.000124775	0.01	0.2	17.1791	5.13871	0
0.000124775	0.01	0.2	18.4077	6.38657	0
0.000124775	0.01	0.2	19.7242	6.24248	0
0.000124775	0.01	0.2	21.1349	4.82323	0
0.000124775	0.01	0.2	22.6464	4.35325	0
0.000124775	0.01	0.2	24.2661	3.34899	0
0.000124775	0.01	0.2	26.0016	2.87767	0
0.000124775	0.01	0.2	27.8612	2.59871	0
0.000124775	0.01	0.2	29.8538	1.98319	0
0.000124775	0.01	0.2	31.989	4.0124	0
0.000124775	0.01	0.2	34.2768	3.30836	0
0.000124775	0.01	0.2	36.7282	2.25852	0
0.000124775	0.01	0.2	39.355	4.76676	0
0.000124775	0.01	0.2	42.1697	2.31839	0
0.000124775	0.01	0.2	45.1856	3.22858	0
0.000124775	0.01	0.2	48.4172	4.1364	0
0.000124775	0.01	0.2	51.88	1.39124	0
0.000124775	0.01	0.2	55.5904	2.90173	0
0.000124775	0.01	0.2	59.5662	1.60414	0
0.000124775	0.01	0.2	63.8263	1.53286	0
0.000124775	0.01	0.2	68.3912	1.27881	0
0.000124775	0.01	0.2	73.2825	0.767644	0
0.000124775	0.01	0.2	78.5236	0.806931	0
0.000124775	0.01	0.2	84.1395	0.701894	0
0.000124775	0.01	0.2	90.1571	0.723024	0
0.000124775	0.01	0.2	96.6051	0.434142	0
0.000136326	0.01	0.2	0.103514	0.178974	0
0.000136326	0.01	0.2	0.110917	0.178789	0
0.000136326	0.01	0.2	0.11885	0.178595	0
0.000136326	0.01	0.2	0.12735	0.178396	0
0.000136326	0.01	0.2	0.136458	0.178198	0
0.000136326	0.01	0.2	0.146218	0.178012	0
0.000136326	0.01	0.2	0.156675	0.177851	0
0.000136326	0.01	0.2	0.16788	0.177735	0
0.000136326	0.01	0.2	0.179887	0.177691	0
0.000136326	0.01	0.2	0.192752	0.177756	0
0.000136326	0.01	0.2	0.206538	0.177979	0
0.000136326	0.01	0.2	0.221309	0.178427	0
0.000136326	0.01	0.2	0.237137	0.179187	0
0.000136326	0.01	0.2	0.254097	0.180373	0
0.000136326	0.01	0.2	0.27227	0.182132	0
0.000136326	0.01	0.2	0.291743	0.184653	0
0.000136326	0.01	0.2	0.312608	0.188174	0
0.000136326	0.01	0.2	0.334965	0.192996	0
0.000136326	0.01	0.2	0.358922	0.199484	0
0.000136326	0.01	0.2	0.384592	0.208088	0
0.000136326	0.01	0.2	0.412098	0.219336	0
0.000136326	0.01	0.2	0.44157	0.233845	0
0.000136326	0.01	0.2	0.473151	0.252303	0
0.000136326	0.01	0.2	0.506991	0.275451	0
0.000136326	0.01	0.2	0.54325	0.304029	0
0.000136326	0.01	0.2	0.582103	0.338702	0
0.000136326	0.01	0.2	0.623735	0.379937	0
0.000136326	0.01	0.2	0.668344	0.42785	0
0.000136326	0.01	0.2	0.716143	0.481988	0
0.000136326	0.01	0.2	0.767361	0.541105	0
0.000136326	0.01	0.2	0.822243	0.602938	0
0.000136326	0.01	0.2	0.881049	0.664082	0
0.000136326	0.01	0.2	0.944061	0.720103	0
0.000136326	0.01	0.2	1.01158	0.766078	0
0.000136326	0.01	0.2	1.08393	0.79785	0
0.000136326	0.01	0.2	1.16145	0.814281	0
0.000136326	0.01	0.2	1.24451	0.820745	0
0.000136326	0.01	0.2	1.33352	0.833873	0
0.000136326	0.01	0.2	1.42889	0.887079	0
0.000136326	0.01	0.2	1.53109	1.03562	0
0.000136326	0.01	0.2	1.64059	1.35885	0
0.000136326	0.01	0.2	1.75792	1.95608	0
0.000136326	0.01	0.2	1.88365	2.93135	0
0.000136326	0.01	0.2	2.01837	4.36187	0
0.000136326	0.01	0.2	2.16272	6.24708	0
0.000136326	0.01	0.2	2.31739	8.44165	0
0.000136326	0.01	0.2	2.48313	10.5933	0
0.000136326	0.01	0.2	2.66073	12.1356	0
0.000136326	0.01	0.2	2.85102	12.4144	0
0.000136326	0.01	0.2	3.05492	11.0075	0
0.000136326	0.01	0.2	3.27341	8.16282	0
0.000136326	0.01	0.2	3.50752	5.03914	0
0.000136326	0.01	0.2	3.75837	3.32352	0
0.000136326	0.01	0.2	4.02717	4.16796	0
0.000136326	0.01	0.2	4.31519	7.17415	0
0.000136326	0.01	0.2	4.62381	10.4565	0
0.000136326	0.01	0.2	4.9545	11.9382	0
0.000136326	0.01	0.2	5.30884	10.853	0
0.000136326	0.01	0.2	5.68853	8.15465	0
0.000136326	0.01	0.2	6.09537	5.38751	0
0.000136326	0.01	0.2	6.53131	3.69063	0
0.000136326	0.01	0.2	6.99842	4.29628	0
0.000136326	0.01	0.2	7.49894	7.31221	0
0.000136326	0.01	0.2	8.03526	10.1166	0
0.000136326	0.01	0.2	8.60994	10.9128	0
0.000136326	0.01	0.2	9.22571	10.3123	0
0.000136326	0.01	0.2	9.88553	9.42967	0
0.000136326	0.01	0.2	10.5925	8.79738	0
0.000136326	0.01	0.2	11.3501	8.54972	0
0.000136326	0.01	0.2	12.1619	9.79991	0
0.000136326	0.01	0.2	13.0317	12.7244	0
0.000136326	0.01	0.2	13.9637	14.131	0
0.000136326	0.01	0.2	14.9624	11.1406	0
0.000136326	0.01	0.2	16.0325	6.67482	0
0.000136326	0.01	0.2	17.1791	5.13109	0
0.000136326	0.01	0.2	18.4077	6.37891	0
0.000136326	0.01	0.2	19.7242	6.23454	0
0.000136326	0.01	0.2	21.1349	4.8147	0
0.000136326	0.01	0.2	22.6464	4.34472	0
0.000136326	0.01	0.2	24.2661	3.3416	0
0.000136326	0.01	0.2	26.0016	2.87192	0
0.000136326	0.01	0.2	27.8612	2.59353	0
0.000136326	0.01	0.2	29.8538	1.97676	0
0.000136326	0.01	0.2	31.989	4.0047	0
0.000136326	0.01	0.2	34.2768	3.30141	0
0.000136326	0.01	0.2	36.7282	2.25342	0
0.000136326	0.01	0.2	39.355	4.76189	0
0.000136326	0.01	0.2	42.1697	2.31191	0
0.000136326	0.01	0.2	45.1856	3.22037	0
0.000136326	0.01	0.2	48.4172	4.12849	0
0.000136326	0.01	0.2	51.88	1.385	0
0.000136326	0.01	0.2	55.5904	2.89612	0
0.000136326	0.01	0.2	59.5662	1.59765	0
0.000136326	0.01	0.2	63.8263	1.52558	0
0.000136326	0.01	0.2	68.3912	1.27216	0
0.000136326	0.01	0.2	73.2825	0.761367	0
0.000136326	0.01	0.2	78.5236	0.800515	0
0.000136326	0.01	0.2	84.1395	0.695109	0
0.000136326	0.01	0.2	90.1571	0.716514	0
0.000136326	0.01	0.2	96.6051	0.427577	0
0.000148946	0.01	0.2	0.103514	0.178852	0
0.000148946	0.01	0.2	0.110917	0.17865	0
0.000148946	0.01	0.2	0.11885	0.178436	0
0.000148946	0.01	0.2	0.12735	0.178213	0
0.000148946	0.01	0.2	0.136458	0.17799	0
0.000148946	0.01	0.2	0.146218	0.177773	0
0.000148946	0.01	0.2	0.156675	0.177578	0
0.000148946	0.01	0.2	0.16788	0.177423	0
0.000148946	0.01	0.2	0.179887	0.177334	0
0.000148946	0.01	0.2	0.192752	0.177349	0
0.000148946	0.01	0.2	0.206538	0.177515	0
0.000148946	0.01	0.2	0.221309	0.177898	0
0.000148946	0.01	0.2	0.237137	0.178584	0
0.000148946	0.01	0.2	0.254097	0.179688	0
0.000148946	0.01	0.2	0.27227	0.181354	0
0.000148946	0.01	0.2	0.291743	0.183771	0
0.000148946	0.01	0.2	0.312608	0.187176	0
0.000148946	0.01	0.2	0.334965	0.191868	0
0.000148946	0.01	0.2	0.358922	0.198213	0
0.000148946	0.01	0.2	0.384592	0.206658	0
0.000148946	0.01	0.2	0.412098	0.217732	0
0.000148946	0.01	0.2	0.44157	0.232051	0
0.000148946	0.01	0.2	0.473151	0.250303	0
0.000148946	0.01	0.2	0.506991	0.273229	0
0.000148946	0.01	0.2	0.54325	0.301569	0
0.000148946	0.01	0.2	0.582103	0.335988	0
0.000148946	0.01	0.2	0.623735	0.376957	0
0.000148946	0.01	0.2	0.668344	0.424588	0
0.000148946	0.01	0.2	0.716143	0.478434	0
0.000148946	0.01	0.2	0.767361	0.537247	0
0.000148946	0.01	0.2	0.822243	0.598764	0
0.000148946	0.01	0.2	0.881049	0.659582	0
0.000148946	0.01	0.2	0.944061	0.715262	0
0.000148946	0.01	0.2	1.01158	0.760879	0
0.000148946	0.01	0.2	1.08393	0.792272	0
0.000148946	0.01	0.2	1.16145	0.808299	0
0.000148946	0.01	0.2	1.24451	0.81433	0
0.000148946	0.01	0.2	1.33352	0.826993	0
0.000148946	0.01	0.2	1.42889	0.879704	0
0.000148946	0.01	0.2	1.53109	1.02773	0
0.000148946	0.01	0.2	1.64059	1.35044	0
0.000148946	0.01	0.2	1.75792	1.94718	0
0.000148946	0.01	0.2	1.88365	2.92202	0
0.000148946	0.01	0.2	2.01837	4.35224	0
0.000148946	0.01	0.2	2.16272	6.23731	0
0.000148946	0.01	0.2	2.31739	8.43199	0
0.000148946	0.01	0.2	2.48313	10.584	0
0.000148946	0.01	0.2	2.66073	12.127	0
0.000148946	0.01	0.2	2.85102	12.4067	0
0.000148946	0.01	0.2	3.05492	11.001	0
0.000148946	0.01	0.2	3.27341	8.15722	0
0.000148946	0.01	0.2	3.50752	5.03409	0
0.000148946	0.01	0.2	3.75837	3.31829	0
0.000148946	0.01	0.2	4.02717	4.16167	0
0.000148946	0.01	0.2	4.31519	7.16607	0
0.000148946	0.01	0.2	4.62381	10.4463	0
0.000148946	0.01	0.2	4.9545	11.9264	0
0.000148946	0.01	0.2	5.30884	10.8405	0
0.000148946	0.01	0.2	5.68853	8.14229	0
0.000148946	0.01	0.2	6.09537	5.37598	0
0.000148946	0.01	0.2	6.53131	3.68013	0
0.000148946	0.01	0.2	6.99842	4.28689	0
0.000148946	0.01	0.2	7.49894	7.30426	0
0.000148946	0.01	0.2	8.03526	10.1104	0
0.000148946	0.01	0.2	8.60994	10.9079	0
0.000148946	0.01	0.2	9.22571	10.3073	0
0.000148946	0.01	0.2	9.88553	9.42353	0
0.000148946	0.01	0.2	10.5925	8.79055	0
0.000148946	0.01	0.2	11.3501	8.54364	0
0.000148946	0.01	0.2	12.1619	9.79522	0
0.000148946	0.01	0.2	13.0317	12.7204	0
0.000148946	0.01	0.2	13.9637	14.1263	0
0.000148946	0.01	0.2	14.9624	11.1344	0
0.000148946	0.01	0.2	16.0325	6.66728	0
0.000148946	0.01	0.2	17.1791	5.12298	0
0.000148946	0.01	0.2	18.4077	6.37076	0
0.000148946	0.01	0.2	19.7242	6.2261	0
0.000148946	0.01	0.2	21.1349	4.8056	0
0.000148946	0.01	0.2	22.6464	4.33564	0
0.000148946	0.01	0.2	24.2661	3.33375	0
0.000148946	0.01	0.2	26.0016	2.86585	0
0.000148946	0.01	0.2	27.8612	2.5881	0
0.000148946	0.01	0.2	29.8538	1.96995	0
0.000148946	0.01	0.2	31.989	3.99651	0
0.000148946	0.01	0.2	34.2768	3.29403	0
0.000148946	0.01	0.2	36.7282	2.24809	0
0.000148946	0.01	0.2	39.355	4.75679	0
0.000148946	0.01	0.2	42.1697	2.30505	0
0.000148946	0.01	0.2	45.1856	3.21163	0
0.000148946	0.01	0.2	48.4172	4.12006	0
0.000148946	0.01	0.2	51.88	1.37842	0
0.000148946	0.01	0.2	55.5904	2.89022	0
0.000148946	0.01	0.2	59.5662	1.59078	0
0.000148946	0.01	0.2	63.8263	1.51784	0
0.000148946	0.01	0.2	68.3912	1.2651	0
0.000148946	0.01	0.2	73.2825	0.754729	0
0.000148946	0.01	0.2	78.5236	0.793723	0
0.000148946	0.01	0.2	84.1395	0.687915	0
0.000148946	0.01	0.2	90.1571	0.70962	0
0.000148946	0.01	0.2	96.6051	0.420624	0
0.000162735	0.01	0.2	0.103514	0.17872	0
0.000162735	0.01	0.2	0.110917	0.178498	0
0.000162735	0.01	0.2	0.11885	0.178262	0
0.000162735	0.01	0.2	0.12735	0.178014	0
0.000162735	0.01	0.2	0.136458	0.177762	0
0.000162735	0.01	0.2	0.146218	0.177513	0
0.000162735	0.01	0.2	0.156675	0.17728	0
0.000162735	0.01	0.2	0.16788	0.177082	0
0.000162735	0.01	0.2	0.179887	0.176945	0
0.000162735	0.01	0.2	0.192752	0.176904	0
0.000162735	0.01	0.2	0.206538	0.177008	0
0.000162735	0.01	0.2	0.221309	0.17732	0
0.000162735	0.01	0.2	0.237137	0.177927	0
0.000162735	0.01	0.2	0.254097	0.17894	0
0.000162735	0.01	0.2	0.27227	0.180506	0
0.000162735	0.01	0.2	0.291743	0.182809	0
0.000162735	0.01	0.2	0.312608	0.186089	0
0.000162735	0.01	0.2	0.334965	0.19064	0
0.000162735	0.01	0.2	0.358922	0.196829	0
0.000162735	0.01	0.2	0.384592	0.205103	0
0.000162735	0.01	0.2	0.412098	0.215989	0
0.000162735	0.01	0.2	0.44157	0.230103	0
0.000162735	0.01	0.2	0.473151	0.248133	0
0.000162735	0.01	0.2	0.506991	0.27082	0
0.000162735	0.01	0.2	0.54325	0.298904	0
0.000162735	0.01	0.2	0.582103	0.333052	0
0.000162735	0.01	0.2	0.623735	0.373735	0
0.000162735	0.01	0.2	0.668344	0.421067	0
0.000162735	0.01	0.2	0.716143	0.474602	0
0.000162735	0.01	0.2	0.767361	0.533092	0
0.000162735	0.01	0.2	0.822243	0.594276	0
0.000162735	0.01	0.2	0.881049	0.654748	0
0.000162735	0.01	0.2	0.944061	0.710069	0
0.000162735	0.01	0.2	1.01158	0.75531	0
0.000162735	0.01	0.2	1.08393	0.786305	0
0.000162735	0.01	0.2	1.16145	0.801907	0
0.000162735	0.01	0.2	1.24451	0.80748	0
0.000162735	0.01	0.2	1.33352	0.819651	0
0.000162735	0.01	0.2	1.42889	0.871837	0
0.000162735	0.01	0.2	1.53109	1.01931	0
0.000162735	0.01	0.2	1.64059	1.34147	0
0.000162735	0.01	0.2	1.75792	1.93769	0
0.000162735	0.01	0.2	1.88365	2.91206	0
0.000162735	0.01	0.2	2.01837	4.34195	0
0.000162735	0.01	0.2	2.16272	6.22688	0
0.000162735	0.01	0.2	2.31739	8.42168	0
0.000162735	0.01	0.2	2.48313	10.5742	0
0.000162735	0.01	0.2	2.66073	12.1179	0
0.000162735	0.01	0.2	2.85102	12.3987	0
0.000162735	0.01	0.2	3.05492	10.9941	0
0.000162735	0.01	0.2	3.27341	8.15139	0
0.000162735	0.01	0.2	3.50752	5.02887	0
0.000162735	0.01	0.2	3.75837	3.31288	0
0.000162735	0.01	0.2	4.02717	4.15512	0
0.000162735	0.01	0.2	4.31519	7.15756	0
0.000162735	0.01	0.2	4.62381	10.4356	0
0.000162735	0.01	0.2	4.9545	11.9138	0
0.000162735	0.01	0.2	5.30884	10.8271	0
0.000162735	0.01	0.2	5.68853	8.12912	0
0.000162735	0.01	0.2	6.09537	5.36371	0
0.000162735	0.01	0.2	6.53131	3.66899	0
0.000162735	0.01	0.2	6.99842	4.27698	0
0.000162735	0.01	0.2	7.49894	7.29592	0
0.000162735	0.01	0.2	8.03526	10.1039	0
0.000162735	0.01	0.2	8.60994	10.9028	0
0.000162735	0.01	0.2	9.22571	10.3021	0
0.000162735	0.01	0.2	9.88553	9.41713	0
0.000162735	0.01	0.2	10.5925	8.78338	0
0.000162735	0.01	0.2	11.3501	8.53728	0
0.000162735	0.01	0.2	12.1619	9.79038	0
0.000162735	0.01	0.2	13.0317	12.7162	0
0.000162735	0.01	0.2	13.9637	14.1215	0
0.000162735	0.01	0.2	14.9624	11.128	0
0.000162735	0.01	0.2	16.0325	6.65931	0
0.000162735	0.01	0.2	17.1791	5.11438	0
0.000162735	0.01	0.2	18.4077	6.36212	0
0.000162735	0.01	0.2	19.7242	6.21713	0
0.000162735	0.01	0.2	21.1349	4.79594	0
0.000162735	0.01	0.2	22.6464	4.32598	0
0.000162735	0.01	0.2	24.2661	3.32543	0
0.000162735	0.01	0.2	26.0016	2.85948	0
0.000162735	0.01	0.2	27.8612	2.58242	0
0.000162735	0.01	0.2	29.8538	1.96277	0
0.000162735	0.01	0.2	31.989	3.98783	0
0.000162735	0.01	0.2	34.2768	3.28624	0
0.000162735	0.01	0.2	36.7282	2.24253	0
0.000162735	0.01	0.2	39.355	4.75149	0
0.000162735	0.01	0.2	42.1697	2.29784	0
0.000162735	0.01	0.2	45.1856	3.20235	0
0.000162735	0.01	0.2	48.4172	4.11113	0
0.000162735	0.01	0.2	51.88	1.37149	0
0.000162735	0.01	0.2	55.5904	2.88403	0
0.000162735	0.01	0.2	59.5662	1.58353	0
0.000162735	0.01	0.2	63.8263	1.50965	0
0.000162735	0.01	0.2	68.3912	1.25765	0
0.000162735	0.01	0.2	73.2825	0.747738	0
0.000162735	0.01	0.2	78.5236	0.786563	0
0.000162735	0.01	0.2	84.1395	0.680316	0
0.000162735	0.01	0.2	90.1571	0.70235	0
0.000162735	0.01	0.2	96.6051	0.413291	0
0.0001778	0.01	0.2	0.103514	0.178575	0
0.0001778	0.01	0.2	0.110917	0.178332	0
0.0001778	0.01	0.2	0.11885	0.178072	0
0.0001778	0.01	0.2	0.12735	0.177797	0
0.0001778	0.01	0.2	0.136458	0.177513	0
0.0001778	0.01	0.2	0.146218	0.177228	0
0.0001778	0.01	0.2	0.156675	0.176954	0
0.0001778	0.01	0.2	0.16788	0.17671	0
0.0001778	0.01	0.2	0.179887	0.17652	0
0.0001778	0.01	0.2	0.192752	0.176419	0
0.0001778	0.01	0.2	0.206538	0.176455	0
0.0001778	0.01	0.2	0.221309	0.17669	0
0.0001778	0.01	0.2	0.237137	0.17721	0
0.0001778	0.01	0.2	0.254097	0.178126	0
0.0001778	0.01	0.2	0.27227	0.179582	0
0.0001778	0.01	0.2	0.291743	0.181762	0
0.0001778	0.01	0.2	0.312608	0.184904	0
0.0001778	0.01	0.2	0.334965	0.189303	0
0.0001778	0.01	0.2	0.358922	0.195324	0
0.0001778	0.01	0.2	0.384592	0.203412	0
0.0001778	0.01	0.2	0.412098	0.214095	0
0.0001778	0.01	0.2	0.44157	0.227988	0
0.0001778	0.01	0.2	0.473151	0.245779	0
0.0001778	0.01	0.2	0.506991	0.268209	0
0.0001778	0.01	0.2	0.54325	0.296019	0
0.0001778	0.01	0.2	0.582103	0.329877	0
0.0001778	0.01	0.2	0.623735	0.370255	0
0.0001778	0.01	0.2	0.668344	0.41727	0
0.0001778	0.01	0.2	0.716143	0.470475	0
0.0001778	0.01	0.2	0.767361	0.528625	0
0.0001778	0.01	0.2	0.822243	0.589458	0
0.0001778	0.01	0.2	0.881049	0.649568	0
0.0001778	0.01	0.2	0.944061	0.704512	0
0.0001778	0.01	0.2	1.01158	0.749359	0
0.0001778	0.01	0.2	1.08393	0.779938	0
0.0001778	0.01	0.2	1.16145	0.795093	0
0.0001778	0.01	0.2	1.24451	0.800186	0
0.0001778	0.01	0.2	1.33352	0.811838	0
0.0001778	0.01	0.2	1.42889	0.863468	0
0.0001778	0.01	0.2	1.53109	1.01036	0
0.0001778	0.01	0.2	1.64059	1.33193	0
0.0001778	0.01	0.2	1.75792	1.92758	0
0.0001778	0.01	0.2	1.88365	2.90147	0
0.0001778	0.01	0.2	2.01837	4.33099	0
0.0001778	0.01	0.2	2.16272	6.21578	0
0.0001778	0.01	0.2	2.31739	8.41071	0
0.0001778	0.01	0.2	2.48313	10.5637	0
0.0001778	0.01	0.2	2.66073	12.1083	0
0.0001778	0.01	0.2	2.85102	12.3902	0
0.0001778	0.01	0.2	3.05492	10.9869	0
0.0001778	0.01	0.2	3.27341	8.14536	0
0.0001778	0.01	0.2	3.50752	5.02351	0
0.0001778	0.01	0.2	3.75837	3.30734	0
0.0001778	0.01	0.2	4.02717	4.14832	0
0.0001778	0.01	0.2	4.31519	7.14863	0
0.0001778	0.01	0.2	4.62381	10.4242	0
0.0001778	0.01	0.2	4.9545	11.9005	0
0.0001778	0.01	0.2	5.30884	10.8128	0
0.0001778	0.01	0.2	5.68853	8.1151	0
0.0001778	0.01	0.2	6.09537	5.3507	0
0.0001778	0.01	0.2	6.53131	3.65722	0
0.0001778	0.01	0.2	6.99842	4.26656	0
0.0001778	0.01	0.2	7.49894	7.28723	0
0.0001778	0.01	0.2	8.03526	10.0973	0
0.0001778	0.01	0.2	8.60994	10.8976	0
0.0001778	0.01	0.2	9.22571	10.2968	0
0.0001778	0.01	0.2	9.88553	9.41049	0
0.0001778	0.01	0.2	10.5925	8.7759	0
0.0001778	0.01	0.2	11.3501	8.53067	0
0.0001778	0.01	0.2	12.1619	9.78541	0
0.0001778	0.01	0.2	13.0317	12.7119	0
0.0001778	0.01	0.2	13.9637	14.1165	0
0.0001778	0.01	0.2	14.9624	11.1213	0
0.0001778	0.01	0.2	16.0325	6.6509	0
0.0001778	0.01	0.2	17.1791	5.1053	0
0.0001778	0.01	0.2	18.4077	6.353	0
0.0001778	0.01	0.2	19.7242	6.20766	0
0.0001778	0.01	0.2	21.1349	4.7857	0
0.0001778	0.01	0.2	22.6464	4.31574	0
0.0001778	0.01	0.2	24.2661	3.31666	0
0.0001778	0.01	0.2	26.0016	2.85283	0
0.0001778	0.01	0.2	27.8612	2.57653	0
0.0001778	0.01	0.2	29.8538	1.95524	0
0.0001778	0.01	0.2	31.989	3.97866	0
0.0001778	0.01	0.2	34.2768	3.27805	0
0.0001778	0.01	0.2	36.7282	2.23678	0
0.0001778	0.01	0.2	39.355	4.74603	0
0.0001778	0.01	0.2	42.1697	2.29028	0
0.0001778	0.01	0.2	45.1856	3.19254	0
0.0001778	0.01	0.2	48.4172	4.10169	0
0.0001778	0.01	0.2	51.88	1.36425	0
0.0001778	0.01	0.2	55.5904	2.87759	0
0.0001778	0.01	0.2	59.5662	1.57593	0
0.0001778	0.01	0.2	63.8263	1.50102	0
0.0001778	0.01	0.2	68.3912	1.24983	0
0.0001778	0.01	0.2	73.2825	0.740414	0
0.0001778	0.01	0.2	78.5236	0.779053	0
0.0001778	0.01	0.2	84.1395	0.672325	0
0.0001778	0.01	0.2	90.1571	0.69472	0
0.0001778	0.01	0.2	96.6051	0.405592	0
0.00019426	0.01	0.2	0.103514	0.178417	0
0.00019426	0.01	0.2	0.110917	0.178151	0
0.00019426	0.01	0.2	0.11885	0.177865	0
0.00019426	0.01	0.2	0.12735	0.17756	0
0.00019426	0.01	0.2	0.136458	0.177241	0
0.00019426	0.01	0.2	0.146218	0.176917	0
0.00019426	0.01	0.2	0.156675	0.176599	0
0.00019426	0.01	0.2	0.16788	0.176304	0
0.00019426	0.01	0.2	0.179887	0.176057	0
0.00019426	0.01	0.2	0.192752	0.17589	0
0.00019426	0.01	0.2	0.206538	0.175852	0
0.00019426	0.01	0.2	0.221309	0.176004	0
0.00019426	0.01	0.2	0.237137	0.176429	0
0.00019426	0.01	0.2	0.254097	0.177239	0
0.00019426	0.01	0.2	0.27227	0.178575	0
0.00019426	0.01	0.2	0.291743	0.180622	0
0.00019426	0.01	0.2	0.312608	0.183616	0
0.00019426	0.01	0.2	0.334965	0.187849	0
0.00019426	0.01	0.2	0.358922	0.193688	0
0.00019426	0.01	0.2	0.384592	0.201575	0
0.00019426	0.01	0.2	0.412098	0.212039	0
0.00019426	0.01	0.2	0.44157	0.225693	0
0.00019426	0.01	0.2	0.473151	0.243228	0
0.00019426	0.01	0.2	0.506991	0.265382	0
0.00019426	0.01	0.2	0.54325	0.292899	0
0.00019426	0.01	0.2	0.582103	0.326448	0
0.00019426	0.01	0.2	0.623735	0.366503	0
0.00019426	0.01	0.2	0.668344	0.413181	0
0.00019426	0.01	0.2	0.716143	0.466038	0
0.00019426	0.01	0.2	0.767361	0.52383	0
0.00019426	0.01	0.2	0.822243	0.584295	0
0.00019426	0.01	0.2	0.881049	0.644027	0
0.00019426	0.01	0.2	0.944061	0.698579	0
0.00019426	0.01	0.2	1.01158	0.743016	0
0.00019426	0.01	0.2	1.08393	0.773161	0
0.00019426	0.01	0.2	1.16145	0.787852	0
0.00019426	0.01	0.2	1.24451	0.792442	0
0.00019426	0.01	0.2	1.33352	0.803549	0
0.00019426	0.01	0.2	1.42889	0.854593	0
0.00019426	0.01	0.2	1.53109	1.00087	0
0.00019426	0.01	0.2	1.64059	1.32181	0
0.00019426	0.01	0.2	1.75792	1.91686	0
0.00019426	0.01	0.2	1.88365	2.89022	0
0.00019426	0.01	0.2	2.01837	4.31936	0
0.00019426	0.01	0.2	2.16272	6.204	0
0.00019426	0.01	0.2	2.31739	8.39909	0
0.00019426	0.01	0.2	2.48313	10.5526	0
0.00019426	0.01	0.2	2.66073	12.0981	0
0.00019426	0.01	0.2	2.85102	12.3812	0
0.00019426	0.01	0.2	3.05492	10.9794	0
0.00019426	0.01	0.2	3.27341	8.13917	0
0.00019426	0.01	0.2	3.50752	5.01808	0
0.00019426	0.01	0.2	3.75837	3.30171	0
0.00019426	0.01	0.2	4.02717	4.14133	0
0.00019426	0.01	0.2	4.31519	7.13932	0
0.00019426	0.01	0.2	4.62381	10.4122	0
0.00019426	0.01	0.2	4.9545	11.8864	0
0.00019426	0.01	0.2	5.30884	10.7977	0
0.00019426	0.01	0.2	5.68853	8.10026	0
0.00019426	0.01	0.2	6.09537	5.33695	0
0.00019426	0.01	0.2	6.53131	3.64483	0
0.00019426	0.01	0.2	6.99842	4.25565	0
0.00019426	0.01	0.2	7.49894	7.27821	0
0.00019426	0.01	0.2	8.03526	10.0905	0
0.00019426	0.01	0.2	8.60994	10.8925	0
0.00019426	0.01	0.2	9.22571	10.2915	0
0.00019426	0.01	0.2	9.88553	9.40366	0
0.00019426	0.01	0.2	10.5925	8.76815	0
0.00019426	0.01	0.2	11.3501	8.52386	0
0.00019426	0.01	0.2	12.1619	9.78037	0
0.00019426	0.01	0.2	13.0317	12.7077	0
0.00019426	0.01	0.2	13.9637	14.1114	0
0.00019426	0.01	0.2	14.9624	11.1143	0
0.00019426	0.01	0.2	16.0325	6.64208	0
0.00019426	0.01	0.2	17.1791	5.09575	0
0.00019426	0.01	0.2	18.4077	6.34342	0
0.00019426	0.01	0.2	19.7242	6.19769	0
0.00019426	0.01	0.2	21.1349	4.77489	0
0.00019426	0.01	0.2	22.6464	4.30494	0
0.00019426	0.01	0.2	24.2661	3.30745	0
0.00019426	0.01	0.2	26.0016	2.84593	0
0.00019426	0.01	0.2	27.8612	2.57046	0
0.00019426	0.01	0.2	29.8538	1.94738	0
0.00019426	0.01	0.2	31.989	3.96901	0
0.00019426	0.01	0.2	34.2768	3.26947	0
0.00019426	0.01	0.2	36.7282	2.23088	0
0.00019426	0.01	0.2	39.355	4.74046	0
0.00019426	0.01	0.2	42.1697	2.28242	0
0.00019426	0.01	0.2	45.1856	3.18221	0
0.00019426	0.01	0.2	48.4172	4.09176	0
0.00019426	0.01	0.2	51.88	1.35672	0
0.00019426	0.01	0.2	55.5904	2.87094	0
0.00019426	0.01	0.2	59.5662	1.56799	0
0.00019426	0.01	0.2	63.8263	1.49195	0
0.00019426	0.01	0.2	68.3912	1.24165	0
0.00019426	0.01	0.2	73.2825	0.732786	0
0.00019426	0.01	0.2	78.5236	0.771219	0
0.00019426	0.01	0.2	84.1395	0.663967	0
0.00019426	0.01	0.2	90.1571	0.686757	0
0.00019426	0.01	0.2	96.6051	0.397553	0
0.000212243	0.01	0.2	0.103514	0.178245	0
0.000212243	0.01	0.2	0.110917	0.177954	0
0.000212243	0.01	0.2	0.11885	0.177638	0
0.000212243	0.01	0.2	0.12735	0.177301	0
0.000212243	0.01	0.2	0.136458	0.176945	0
0.000212243	0.01	0.2	0.146218	0.176578	0
0.000212243	0.01	0.2	0.156675	0.176211	0
0.000212243	0.01	0.2	0.16788	0.175861	0
0.000212243	0.01	0.2	0.179887	0.175551	0
0.000212243	0.01	0.2	0.192752	0.175313	0
0.000212243	0.01	0.2	0.206538	0.175194	0
0.000212243	0.01	0.2	0.221309	0.175255	0
0.000212243	0.01	0.2	0.237137	0.175578	0
0.000212243	0.01	0.2	0.254097	0.176272	0
0.000212243	0.01	0.2	0.27227	0.177478	0
0.000212243	0.01	0.2	0.291743	0.179381	0
0.000212243	0.01	0.2	0.312608	0.182213	0
0.000212243	0.01	0.2	0.334965	0.186268	0
0.000212243	0.01	0.2	0.358922	0.19191	0
0.000212243	0.01	0.2	0.384592	0.19958	0
0.000212243	0.01	0.2	0.412098	0.209808	0
0.000212243	0.01	0.2	0.44157	0.223206	0
0.000212243	0.01	0.2	0.473151	0.240465	0
0.000212243	0.01	0.2	0.506991	0.262324	0
0.000212243	0.01	0.2	0.54325	0.289529	0
0.000212243	0.01	0.2	0.582103	0.32275	0
0.000212243	0.01	0.2	0.623735	0.362461	0
0.000212243	0.01	0.2	0.668344	0.408785	0
0.000212243	0.01	0.2	0.716143	0.461276	0
0.000212243	0.01	0.2	0.767361	0.518694	0
0.000212243	0.01	0.2	0.822243	0.578777	0
0.000212243	0.01	0.2	0.881049	0.638115	0
0.000212243	0.01	0.2	0.944061	0.692263	0
0.000212243	0.01	0.2	1.01158	0.736277	0
0.000212243	0.01	0.2	1.08393	0.765973	0
0.000212243	0.01	0.2	1.16145	0.780183	0
0.000212243	0.01	0.2	1.24451	0.784251	0
0.000212243	0.01	0.2	1.33352	0.79479	0
0.000212243	0.01	0.2	1.42889	0.84522	0
0.000212243	0.01	0.2	1.53109	0.990843	0
0.000212243	0.01	0.2	1.64059	1.31112	0
0.000212243	0.01	0.2	1.75792	1.90553	0
0.000212243	0.01	0.2	1.88365	2.87833	0
0.000212243	0.01	0.2	2.01837	4.30707	0
0.000212243	0.01	0.2	2.16272	6.19154	0
0.000212243	0.01	0.2	2.31739	8.38681	0
0.000212243	0.01	0.2	2.48313	10.5409	0
0.000212243	0.01	0.2	2.66073	12.0874	0
0.000212243	0.01	0.2	2.85102	12.3719	0
0.000212243	0.01	0.2	3.05492	10.9717	0
0.000212243	0.01	0.2	3.27341	8.13289	0
0.000212243	0.01	0.2	3.50752	5.01265	0
0.000212243	0.01	0.2	3.75837	3.29607	0
0.000212243	0.01	0.2	4.02717	4.13422	0
0.000212243	0.01	0.2	4.31519	7.12967	0
0.000212243	0.01	0.2	4.62381	10.3997	0
0.000212243	0.01	0.2	4.9545	11.8715	0
0.000212243	0.01	0.2	5.30884	10.7817	0
0.000212243	0.01	0.2	5.68853	8.0846	0
0.000212243	0.01	0.2	6.09537	5.32248	0
0.000212243	0.01	0.2	6.53131	3.63186	0
0.000212243	0.01	0.2	6.99842	4.24432	0
0.000212243	0.01	0.2	7.49894	7.26895	0
0.000212243	0.01	0.2	8.03526	10.0837	0
0.000212243	0.01	0.2	8.60994	10.8874	0
0.000212243	0.01	0.2	9.22571	10.2863	0
0.000212243	0.01	0.2	9.88553	9.39672	0
0.000212243	0.01	0.2	10.5925	8.76017	0
0.000212243	0.01	0.2	11.3501	8.5169	0
0.000212243	0.01	0.2	12.1619	9.77532	0
0.000212243	0.01	0.2	13.0317	12.7035	0
0.000212243	0.01	0.2	13.9637	14.1063	0
0.000212243	0.01	0.2	14.9624	11.1071	0
0.000212243	0.01	0.2	16.0325	6.63289	0
0.000212243	0.01	0.2	17.1791	5.08577	0
0.000212243	0.01	0.2	18.4077	6.33341	0
0.000212243	0.01	0.2	19.7242	6.18726	0
0.000212243	0.01	0.2	21.1349	4.76354	0
0.000212243	0.01	0.2	22.6464	4.29358	0
0.000212243	0.01	0.2	24.2661	3.29784	0
0.000212243	0.01	0.2	26.0016	2.83884	0
0.000212243	0.01	0.2	27.8612	2.56427	0
0.000212243	0.01	0.2	29.8538	1.93924	0
0.000212243	0.01	0.2	31.989	3.95892	0
0.000212243	0.01	0.2	34.2768	3.26055	0
0.000212243	0.01	0.2	36.7282	2.2249	0
0.000212243	0.01	0.2	39.355	4.73484	0
0.000212243	0.01	0.2	42.1697	2.2743	0
0.000212243	0.01	0.2	45.1856	3.17138	0
0.000212243	0.01	0.2	48.4172	4.08138	0
0.000212243	0.01	0.2	51.88	1.34895	0
0.000212243	0.01	0.2	55.5904	2.86412	0
0.000212243	0.01	0.2	59.5662	1.55978	0
0.000212243	0.01	0.2	63.8263	1.4825	0
0.000212243	0.01	0.2	68.3912	1.23317	0
0.000212243	0.01	0.2	73.2825	0.724897	0
0.000212243	0.01	0.2	78.5236	0.763104	0
0.000212243	0.01	0.2	84.1395	0.655279	0
0.000212243	0.01	0.2	90.1571	0.678503	0
0.000212243	0.01	0.2	96.6051	0.389218	0
0.000231891	0.01	0.2	0.103514	0.178056	0
0.000231891	0.01	0.2	0.110917	0.177738	0
0.000231891	0.01	0.2	0.11885	0.177391	0
0.000231891	0.01	0.2	0.12735	0.177018	0
0.000231891	0.01	0.2	0.136458	0.176621	0
0.000231891	0.01	0.2	0.146218	0.176208	0
0.000231891	0.01	0.2	0.156675	0.175788	0
0.000231891	0.01	0.2	0.16788	0.175378	0
0.000231891	0.01	0.2	0.179887	0.174999	0
0.000231891	0.01	0.2	0.192752	0.174684	0
0.000231891	0.01	0.2	0.206538	0.174477	0
0.000231891	0.01	0.2	0.221309	0.174439	0
0.000231891	0.01	0.2	0.237137	0.17465	0
0.000231891	0.01	0.2	0.254097	0.175218	0
0.000231891	0.01	0.2	0.27227	0.176284	0
0.000231891	0.01	0.2	0.291743	0.17803	0
0.000231891	0.01	0.2	0.312608	0.180687	0
0.000231891	0.01	0.2	0.334965	0.184549	0
0.000231891	0.01	0.2	0.358922	0.189978	0
0.000231891	0.01	0.2	0.384592	0.197415	0
0.000231891	0.01	0.2	0.412098	0.207389	0
0.000231891	0.01	0.2	0.44157	0.220512	0
0.000231891	0.01	0.2	0.473151	0.237475	0
0.000231891	0.01	0.2	0.506991	0.25902	0
0.000231891	0.01	0.2	0.54325	0.285893	0
0.000231891	0.01	0.2	0.582103	0.318766	0
0.000231891	0.01	0.2	0.623735	0.358116	0
0.000231891	0.01	0.2	0.668344	0.404066	0
0.000231891	0.01	0.2	0.716143	0.456177	0
0.000231891	0.01	0.2	0.767361	0.513206	0
0.000231891	0.01	0.2	0.822243	0.572893	0
0.000231891	0.01	0.2	0.881049	0.631827	0
0.000231891	0.01	0.2	0.944061	0.685559	0
0.000231891	0.01	0.2	1.01158	0.72914	0
0.000231891	0.01	0.2	1.08393	0.758378	0
0.000231891	0.01	0.2	1.16145	0.772094	0
0.000231891	0.01	0.2	1.24451	0.775624	0
0.000231891	0.01	0.2	1.33352	0.785575	0
0.000231891	0.01	0.2	1.42889	0.835363	0
0.000231891	0.01	0.2	1.53109	0.980303	0
0.000231891	0.01	0.2	1.64059	1.29987	0
0.000231891	0.01	0.2	1.75792	1.8936	0
0.000231891	0.01	0.2	1.88365	2.86581	0
0.000231891	0.01	0.2	2.01837	4.29412	0
0.000231891	0.01	0.2	2.16272	6.17844	0
0.000231891	0.01	0.2	2.31739	8.3739	0
0.000231891	0.01	0.2	2.48313	10.5286	0
0.000231891	0.01	0.2	2.66073	12.0763	0
0.000231891	0.01	0.2	2.85102	12.3623	0
0.000231891	0.01	0.2	3.05492	10.9638	0
0.000231891	0.01	0.2	3.27341	8.12661	0
0.000231891	0.01	0.2	3.50752	5.00731	0
0.000231891	0.01	0.2	3.75837	3.29052	0
0.000231891	0.01	0.2	4.02717	4.12708	0
0.000231891	0.01	0.2	4.31519	7.11977	0
0.000231891	0.01	0.2	4.62381	10.3866	0
0.000231891	0.01	0.2	4.9545	11.8558	0
0.000231891	0.01	0.2	5.30884	10.7649	0
0.000231891	0.01	0.2	5.68853	8.06814	0
0.000231891	0.01	0.2	6.09537	5.30735	0
0.000231891	0.01	0.2	6.53131	3.61837	0
0.000231891	0.01	0.2	6.99842	4.23263	0
0.000231891	0.01	0.2	7.49894	7.25954	0
0.000231891	0.01	0.2	8.03526	10.0769	0
0.000231891	0.01	0.2	8.60994	10.8825	0
0.000231891	0.01	0.2	9.22571	10.2811	0
0.000231891	0.01	0.2	9.88553	9.38975	0
0.000231891	0.01	0.2	10.5925	8.75206	0
0.000231891	0.01	0.2	11.3501	8.50987	0
0.000231891	0.01	0.2	12.1619	9.77037	0
0.000231891	0.01	0.2	13.0317	12.6994	0
0.000231891	0.01	0.2	13.9637	14.1013	0
0.000231891	0.01	0.2	14.9624	11.0997	0
0.000231891	0.01	0.2	16.0325	6.62338	0
0.000231891	0.01	0.2	17.1791	5.0754	0
0.000231891	0.01	0.2	18.4077	6.32301	0
0.000231891	0.01	0.2	19.7242	6.1764	0
0.000231891	0.01	0.2	21.1349	4.75169	0
0.000231891	0.01	0.2	22.6464	4.28173	0
0.000231891	0.01	0.2	24.2661	3.28787	0
0.000231891	0.01	0.2	26.0016	2.83162	0
0.000231891	0.01	0.2	27.8612	2.55804	0
0.000231891	0.01	0.2	29.8538	1.93087	0
0.000231891	0.01	0.2	31.989	3.94843	0
0.000231891	0.01	0.2	34.2768	3.25135	0
0.000231891	0.01	0.2	36.7282	2.21891	0
0.000231891	0.01	0.2	39.355	4.72925	0
0.000231891	0.01	0.2	42.1697	2.26599	0
0.000231891	0.01	0.2	45.1856	3.1601	0
0.000231891	0.01	0.2	48.4172	4.07058	0
0.000231891	0.01	0.2	51.88	1.34101	0
0.000231891	0.01	0.2	55.5904	2.85722	0
0.000231891	0.01	0.2	59.5662	1.55133	0
0.000231891	0.01	0.2	63.8263	1.4727	0
0.000231891	0.01	0.2	68.3912	1.22443	0
0.000231891	0.01	0.2	73.2825	0.716812	0
0.000231891	0.01	0.2	78.5236	0.754767	0
0.000231891	0.01	0.2	84.1395	0.646317	0
0.000231891	0.01	0.2	90.1571	0.670016	0
0.000231891	0.01	0.2	96.6051	0.380643	0
0.000253358	0.01	0.2	0.103514	0.177851	0
0.000253358	0.01	0.2	0.110917	0.177502	0
0.000253358	0.01	0.2	0.11885	0.177121	0
0.000253358	0.01	0.2	0.12735	0.176709	0
0.000253358	0.01	0.2	0.136458	0.176268	0
0.000253358	0.01	0.2	0.146218	0.175804	0
0.000253358	0.01	0.2	0.156675	0.175326	0
0.000253358	0.01	0.2	0.16788	0.17485	0
0.000253358	0.01	0.2	0.179887	0.174397	0
0.000253358	0.01	0.2	0.192752	0.173998	0
0.000253358	0.01	0.2	0.206538	0.173695	0
0.000253358	0.01	0.2	0.221309	0.173549	0
0.000253358	0.01	0.2	0.237137	0.173639	0
0.000253358	0.01	0.2	0.254097	0.174071	0
0.000253358	0.01	0.2	0.27227	0.174985	0
0.000253358	0.01	0.2	0.291743	0.17656	0
0.000253358	0.01	0.2	0.312608	0.179029	0
0.000253358	0.01	0.2	0.334965	0.182682	0
0.000253358	0.01	0.2	0.358922	0.187881	0
0.000253358	0.01	0.2	0.384592	0.195067	0
0.000253358	0.01	0.2	0.412098	0.204768	0
0.000253358	0.01	0.2	0.44157	0.217597	0
0.000253358	0.01	0.2	0.473151	0.234245	0
0.000253358	0.01	0.2	0.506991	0.255455	0
0.000253358	0.01	0.2	0.54325	0.281976	0
0.000253358	0.01	0.2	0.582103	0.31448	0
0.000253358	0.01	0.2	0.623735	0.353451	0
0.000253358	0.01	0.2	0.668344	0.399013	0
0.000253358	0.01	0.2	0.716143	0.450727	0
0.000253358	0.01	0.2	0.767361	0.507356	0
0.000253358	0.01	0.2	0.822243	0.566637	0
0.000253358	0.01	0.2	0.881049	0.62516	0
0.000253358	0.01	0.2	0.944061	0.67847	0
0.000253358	0.01	0.2	1.01158	0.721613	0
0.000253358	0.01	0.2	1.08393	0.750387	0
0.000253358	0.01	0.2	1.16145	0.763602	0
0.000253358	0.01	0.2	1.24451	0.766584	0
0.000253358	0.01	0.2	1.33352	0.775928	0
0.000253358	0.01	0.2	1.42889	0.825054	0
0.000253358	0.01	0.2	1.53109	0.96928	0
0.000253358	0.01	0.2	1.64059	1.28811	0
0.000253358	0.01	0.2	1.75792	1.88113	0
0.000253358	0.01	0.2	1.88365	2.8527	0
0.000253358	0.01	0.2	2.01837	4.28056	0
0.000253358	0.01	0.2	2.16272	6.16471	0
0.000253358	0.01	0.2	2.31739	8.3604	0
0.000253358	0.01	0.2	2.48313	10.5159	0
0.000253358	0.01	0.2	2.66073	12.0647	0
0.000253358	0.01	0.2	2.85102	12.3525	0
0.000253358	0.01	0.2	3.05492	10.9558	0
0.000253358	0.01	0.2	3.27341	8.12043	0
0.000253358	0.01	0.2	3.50752	5.00218	0
0.000253358	0.01	0.2	3.75837	3.2852	0
0.000253358	0.01	0.2	4.02717	4.12002	0
0.000253358	0.01	0.2	4.31519	7.1097	0
0.000253358	0.01	0.2	4.62381	10.3731	0
0.000253358	0.01	0.2	4.9545	11.8395	0
0.000253358	0.01	0.2	5.30884	10.7474	0
0.000253358	0.01	0.2	5.68853	8.05095	0
0.000253358	0.01	0.2	6.09537	5.2916	0
0.000253358	0.01	0.2	6.53131	3.60444	0
0.000253358	0.01	0.2	6.99842	4.22068	0
0.000253358	0.01	0.2	7.49894	7.25008	0
0.000253358	0.01	0.2	8.03526	10.0704	0
0.000253358	0.01	0.2	8.60994	10.8779	0
0.000253358	0.01	0.2	9.22571	10.2763	0
0.000253358	0.01	0.2	9.88553	9.38287	0
0.000253358	0.01	0.2	10.5925	8.74392	0
0.000253358	0.01	0.2	11.3501	8.50289	0
0.000253358	0.01	0.2	12.1619	9.76562	0
0.000253358	0.01	0.2	13.0317	12.6956	0
0.000253358	0.01	0.2	13.9637	14.0964	0
0.000253358	0.01	0.2	14.9624	11.0923	0
0.000253358	0.01	0.2	16.0325	6.61361	0
0.000253358	0.01	0.2	17.1791	5.0647	0
0.000253358	0.01	0.2	18.4077	6.31229	0
0.000253358	0.01	0.2	19.7242	6.16519	0
0.000253358	0.01	0.2	21.1349	4.7394	0
0.000253358	0.01	0.2	22.6464	4.26942	0
0.000253358	0.01	0.2	24.2661	3.27762	0
0.000253358	0.01	0.2	26.0016	2.82436	0
0.000253358	0.01	0.2	27.8612	2.55185	0
0.000253358	0.01	0.2	29.8538	1.92236	0
0.000253358	0.01	0.2	31.989	3.9376	0
0.000253358	0.01	0.2	34.2768	3.24194	0
0.000253358	0.01	0.2	36.7282	2.21303	0
0.000253358	0.01	0.2	39.355	4.72381	0
0.000253358	0.01	0.2	42.1697	2.25757	0
0.000253358	0.01	0.2	45.1856	3.14845	0
0.000253358	0.01	0.2	48.4172	4.05944	0
0.000253358	0.01	0.2	51.88	1.33299	0
0.000253358	0.01	0.2	55.5904	2.85032	0
0.000253358	0.01	0.2	59.5662	1.54274	0
0.000253358	0.01	0.2	63.8263	1.46263	0
0.000253358	0.01	0.2	68.3912	1.21552	0
0.000253358	0.01	0.2	73.2825	0.708614	0
0.000253358	0.01	0.2	78.5236	0.746292	0
0.000253358	0.01	0.2	84.1395	0.637158	0
0.000253358	0.01	0.2	90.1571	0.661379	0
0.000253358	0.01	0.2	96.6051	0.371912	0
0.000276813	0.01	0.2	0.103514	0.177626	0
0.000276813	0.01	0.2	0.110917	0.177245	0
0.000276813	0.01	0.2	0.11885	0.176827	0
0.000276813	0.01	0.2	0.12735	0.176372	0
0.000276813	0.01	0.2	0.136458	0.175882	0
0.000276813	0.01	0.2	0.146218	0.175363	0
0.000276813	0.01	0.2	0.156675	0.174823	0
0.000276813	0.01	0.2	0.16788	0.174275	0
0.000276813	0.01	0.2	0.179887	0.173741	0
0.000276813	0.01	0.2	0.192752	0.173249	0
0.000276813	0.01	0.2	0.206538	0.172843	0
0.000276813	0.01	0.2	0.221309	0.17258	0
0.000276813	0.01	0.2	0.237137	0.172538	0
0.000276813	0.01	0.2	0.254097	0.172822	0
0.000276813	0.01	0.2	0.27227	0.17357	0
0.000276813	0.01	0.2	0.291743	0.174962	0
0.000276813	0.01	0.2	0.312608	0.177227	0
0.000276813	0.01	0.2	0.334965	0.180654	0
0.000276813	0.01	0.2	0.358922	0.185606	0
0.000276813	0.01	0.2	0.384592	0.192522	0
0.000276813	0.01	0.2	0.412098	0.20193	0
0.000276813	0.01	0.2	0.44157	0.214444	0
0.000276813	0.01	0.2	0.473151	0.230757	0
0.000276813	0.01	0.2	0.506991	0.251612	0
0.000276813	0.01	0.2	0.54325	0.277761	0
0.000276813	0.01	0.2	0.582103	0.30988	0
0.000276813	0.01	0.2	0.623735	0.348454	0
0.000276813	0.01	0.2	0.668344	0.393612	0
0.000276813	0.01	0.2	0.716143	0.444919	0
0.000276813	0.01	0.2	0.767361	0.501138	0
0.000276813	0.01	0.2	0.822243	0.560009	0
0.000276813	0.01	0.2	0.881049	0.618118	0
0.000276813	0.01	0.2	0.944061	0.671007	0
0.000276813	0.01	0.2	1.01158	0.713713	0
0.000276813	0.01	0.2	1.08393	0.742023	0
0.000276813	0.01	0.2	1.16145	0.754737	0
0.000276813	0.01	0.2	1.24451	0.757165	0
0.000276813	0.01	0.2	1.33352	0.765894	0
0.000276813	0.01	0.2	1.42889	0.814338	0
0.000276813	0.01	0.2	1.53109	0.957826	0
0.000276813	0.01	0.2	1.64059	1.27589	0
0.000276813	0.01	0.2	1.75792	1.86815	0
0.000276813	0.01	0.2	1.88365	2.83906	0
0.000276813	0.01	0.2	2.01837	4.26644	0
0.000276813	0.01	0.2	2.16272	6.15042	0
0.000276813	0.01	0.2	2.31739	8.34638	0
0.000276813	0.01	0.2	2.48313	10.5026	0
0.000276813	0.01	0.2	2.66073	12.0529	0
0.000276813	0.01	0.2	2.85102	12.3425	0
0.000276813	0.01	0.2	3.05492	10.948	0
0.000276813	0.01	0.2	3.27341	8.11451	0
0.000276813	0.01	0.2	3.50752	4.99743	0
0.000276813	0.01	0.2	3.75837	3.28025	0
0.000276813	0.01	0.2	4.02717	4.1132	0
0.000276813	0.01	0.2	4.31519	7.0996	0
0.000276813	0.01	0.2	4.62381	10.3592	0
0.000276813	0.01	0.2	4.9545	11.8226	0
0.000276813	0.01	0.2	5.30884	10.7291	0
0.000276813	0.01	0.2	5.68853	8.03311	0
0.000276813	0.01	0.2	6.09537	5.27535	0
0.000276813	0.01	0.2	6.53131	3.59018	0
0.000276813	0.01	0.2	6.99842	4.20861	0
0.000276813	0.01	0.2	7.49894	7.24075	0
0.000276813	0.01	0.2	8.03526	10.0642	0
0.000276813	0.01	0.2	8.60994	10.8739	0
0.000276813	0.01	0.2	9.22571	10.272	0
0.000276813	0.01	0.2	9.88553	9.37623	0
0.000276813	0.01	0.2	10.5925	8.73586	0
0.000276813	0.01	0.2	11.3501	8.49608	0
0.000276813	0.01	0.2	12.1619	9.76122	0
0.000276813	0.01	0.2	13.0317	12.6922	0
0.000276813	0.01	0.2	13.9637	14.0918	0
0.000276813	0.01	0.2	14.9624	11.085	0
0.000276813	0.01	0.2	16.0325	6.60369	0
0.000276813	0.01	0.2	17.1791	5.05377	0
0.000276813	0.01	0.2	18.4077	6.30136	0
0.000276813	0.01	0.2	19.7242	6.15372	0
0.000276813	0.01	0.2	21.1349	4.72674	0
0.000276813	0.01	0.2	22.6464	4.25674	0
0.000276813	0.01	0.2	24.2661	3.26717	0
0.000276813	0.01	0.2	26.0016	2.81719	0
0.000276813	0.01	0.2	27.8612	2.54585	0
0.000276813	0.01	0.2	29.8538	1.91381	0
0.000276813	0.01	0.2	31.989	3.92653	0
0.000276813	0.01	0.2	34.2768	3.23244	0
0.000276813	0.01	0.2	36.7282	2.20739	0
0.000276813	0.01	0.2	39.355	4.71866	0
0.000276813	0.01	0.2	42.1697	2.24916	0
0.000276813	0.01	0.2	45.1856	3.1365	0
0.000276813	0.01	0.2	48.4172	4.04806	0
0.000276813	0.01	0.2	51.88	1.325	0
0.000276813	0.01	0.2	55.5904	2.84356	0
0.000276813	0.01	0.2	59.5662	1.53412	0
0.000276813	0.01	0.2	63.8263	1.45238	0
0.000276813	0.01	0.2	68.3912	1.20654	0
0.000276813	0.01	0.2	73.2825	0.700416	0
0.000276813	0.01	0.2	78.5236	0.737787	0
0.000276813	0.01	0.2	84.1395	0.627908	0
0.000276813	0.01	0.2	90.1571	0.6527	0
0.000276813	0.01	0.2	96.6051	0.363131	0
0.000302439	0.01	0.2	0.103514	0.177381	0
0.000302439	0.01	0.2	0.110917	0.176964	0
0.000302439	0.01	0.2	0.11885	0.176505	0
0.000302439	0.01	0.2	0.12735	0.176004	0
0.000302439	0.01	0.2	0.136458	0.175461	0
0.000302439	0.01	0.2	0.146218	0.174882	0
0.000302439	0.01	0.2	0.156675	0.174273	0
0.000302439	0.01	0.2	0.16788	0.173648	0
0.000302439	0.01	0.2	0.179887	0.173025	0
0.000302439	0.01	0.2	0.192752	0.172434	0
0.000302439	0.01	0.2	0.206538	0.171915	0
0.000302439	0.01	0.2	0.221309	0.171524	0
0.000302439	0.01	0.2	0.237137	0.171339	0
0.000302439	0.01	0.2	0.254097	0.171463	0
0.000302439	0.01	0.2	0.27227	0.172032	0
0.000302439	0.01	0.2	0.291743	0.173225	0
0.000302439	0.01	0.2	0.312608	0.175269	0
0.000302439	0.01	0.2	0.334965	0.178454	0
0.000302439	0.01	0.2	0.358922	0.183139	0
0.000302439	0.01	0.2	0.384592	0.189766	0
0.000302439	0.01	0.2	0.412098	0.198861	0
0.000302439	0.01	0.2	0.44157	0.21104	0
0.000302439	0.01	0.2	0.473151	0.226996	0
0.000302439	0.01	0.2	0.506991	0.247476	0
0.000302439	0.01	0.2	0.54325	0.273234	0
0.000302439	0.01	0.2	0.582103	0.30495	0
0.000302439	0.01	0.2	0.623735	0.343113	0
0.000302439	0.01	0.2	0.668344	0.387856	0
0.000302439	0.01	0.2	0.716143	0.438748	0
0.000302439	0.01	0.2	0.767361	0.494554	0
0.000302439	0.01	0.2	0.822243	0.553015	0
0.000302439	0.01	0.2	0.881049	0.610714	0
0.000302439	0.01	0.2	0.944061	0.663189	0
0.000302439	0.01	0.2	1.01158	0.705467	0
0.000302439	0.01	0.2	1.08393	0.733324	0
0.000302439	0.01	0.2	1.16145	0.745544	0
0.000302439	0.01	0.2	1.24451	0.747422	0
0.000302439	0.01	0.2	1.33352	0.755533	0
0.000302439	0.01	0.2	1.42889	0.803285	0
0.000302439	0.01	0.2	1.53109	0.946013	0
0.000302439	0.01	0.2	1.64059	1.26328	0
0.000302439	0.01	0.2	1.75792	1.85474	0
0.000302439	0.01	0.2	1.88365	2.82496	0
0.000302439	0.01	0.2	2.01837	4.25184	0
0.000302439	0.01	0.2	2.16272	6.13565	0
0.000302439	0.01	0.2	2.31739	8.33192	0
0.000302439	0.01	0.2	2.48313	10.489	0
0.000302439	0.01	0.2	2.66073	12.0408	0
0.000302439	0.01	0.2	2.85102	12.3325	0
0.000302439	0.01	0.2	3.05492	10.9403	0
0.000302439	0.01	0.2	3.27341	8.10901	0
0.000302439	0.01	0.2	3.50752	4.99326	0
0.000302439	0.01	0.2	3.75837	3.27589	0
0.000302439	0.01	0.2	4.02717	4.10681	0
0.000302439	0.01	0.2	4.31519	7.08964	0
0.000302439	0.01	0.2	4.62381	10.3452	0
0.000302439	0.01	0.2	4.9545	11.8053	0
0.000302439	0.01	0.2	5.30884	10.7103	0
0.000302439	0.01	0.2	5.68853	8.01475	0
0.000302439	0.01	0.2	6.09537	5.25873	0
0.000302439	0.01	0.2	6.53131	3.57575	0
0.000302439	0.01	0.2	6.99842	4.1966	0
0.000302439	0.01	0.2	7.49894	7.23174	0
0.000302439	0.01	0.2	8.03526	10.0586	0
0.000302439	0.01	0.2	8.60994	10.8707	0
0.000302439	0.01	0.2	9.22571	10.2683	0
0.000302439	0.01	0.2	9.88553	9.37001	0
0.000302439	0.01	0.2	10.5925	8.72808	0
0.000302439	0.01	0.2	11.3501	8.48963	0
0.000302439	0.01	0.2	12.1619	9.75735	0
0.000302439	0.01	0.2	13.0317	12.6894	0
0.000302439	0.01	0.2	13.9637	14.0877	0
0.000302439	0.01	0.2	14.9624	11.0779	0
0.000302439	0.01	0.2	16.0325	6.59374	0
0.000302439	0.01	0.2	17.1791	5.04274	0
0.000302439	0.01	0.2	18.4077	6.29033	0
0.000302439	0.01	0.2	19.7242	6.14211	0
0.000302439	0.01	0.2	21.1349	4.71384	0
0.000302439	0.01	0.2	22.6464	4.24381	0
0.000302439	0.01	0.2	24.2661	3.25667	0
0.000302439	0.01	0.2	26.0016	2.81024	0
0.000302439	0.01	0.2	27.8612	2.54018	0
0.000302439	0.01	0.2	29.8538	1.90538	0
0.000302439	0.01	0.2	31.989	3.91534	0
0.000302439	0.01	0.2	34.2768	3.22296	0
0.000302439	0.01	0.2	36.7282	2.20216	0
0.000302439	0.01	0.2	39.355	4.71398	0
0.000302439	0.01	0.2	42.1697	2.24093	0
0.000302439	0.01	0.2	45.1856	3.12438	0
0.000302439	0.01	0.2	48.4172	4.03655	0
0.000302439	0.01	0.2	51.88	1.31721	0
0.000302439	0.01	0.2	55.5904	2.83709	0
0.000302439	0.01	0.2	59.5662	1.5256	0
0.000302439	0.01	0.2	63.8263	1.44209	0
0.000302439	0.01	0.2	68.3912	1.19763	0
0.000302439	0.01	0.2	73.2825	0.692366	0
0.000302439	0.01	0.2	78.5236	0.729397	0
0.000302439	0.01	0.2	84.1395	0.618703	0
0.000302439	0.01	0.2	90.1571	0.644123	0
0.000302439	0.01	0.2	96.6051	0.354444	0
0.000330437	0.01	0.2	0.103514	0.177113	0
0.000330437	0.01	0.2	0.110917	0.176658	0
0.000330437	0.01	0.2	0.11885	0.176154	0
0.000330437	0.01	0.2	0.12735	0.175602	0
0.000330437	0.01	0.2	0.136458	0.175002	0
0.000330437	0.01	0.2	0.146218	0.174357	0
0.000330437	0.01	0.2	0.156675	0.173674	0
0.000330437	0.01	0.2	0.16788	0.172963	0
0.000330437	0.01	0.2	0.179887	0.172245	0
0.000330437	0.01	0.2	0.192752	0.171545	0
0.000330437	0.01	0.2	0.206538	0.170903	0
0.000330437	0.01	0.2	0.221309	0.170374	0
0.000330437	0.01	0.2	0.237137	0.170034	0
0.000330437	0.01	0.2	0.254097	0.169985	0
0.000330437	0.01	0.2	0.27227	0.17036	0
0.000330437	0.01	0.2	0.291743	0.171338	0
0.000330437	0.01	0.2	0.312608	0.173144	0
0.000330437	0.01	0.2	0.334965	0.176068	0
0.000330437	0.01	0.2	0.358922	0.180468	0
0.000330437	0.01	0.2	0.384592	0.186784	0
0.000330437	0.01	0.2	0.412098	0.195546	0
0.000330437	0.01	0.2	0.44157	0.207368	0
0.000330437	0.01	0.2	0.473151	0.222947	0
0.000330437	0.01	0.2	0.506991	0.243032	0
0.000330437	0.01	0.2	0.54325	0.268381	0
0.000330437	0.01	0.2	0.582103	0.299679	0
0.000330437	0.01	0.2	0.623735	0.337419	0
0.000330437	0.01	0.2	0.668344	0.38174	0
0.000330437	0.01	0.2	0.716143	0.432214	0
0.000330437	0.01	0.2	0.767361	0.48761	0
0.000330437	0.01	0.2	0.822243	0.545668	0
0.000330437	0.01	0.2	0.881049	0.602971	0
0.000330437	0.01	0.2	0.944061	0.655048	0
0.000330437	0.01	0.2	1.01158	0.696918	0
0.000330437	0.01	0.2	1.08393	0.724343	0
0.000330437	0.01	0.2	1.16145	0.736088	0
0.000330437	0.01	0.2	1.24451	0.737432	0
0.000330437	0.01	0.2	1.33352	0.744933	0
0.000330437	0.01	0.2	1.42889	0.79199	0
0.000330437	0.01	0.2	1.53109	0.933945	0
0.000330437	0.01	0.2	1.64059	1.25038	0
0.000330437	0.01	0.2	1.75792	1.84103	0
0.000330437	0.01	0.2	1.88365	2.81052	0
0.000330437	0.01	0.2	2.01837	4.23689	0
0.000330437	0.01	0.2	2.16272	6.12054	0
0.000330437	0.01	0.2	2.31739	8.31715	0
0.000330437	0.01	0.2	2.48313	10.4753	0
0.000330437	0.01	0.2	2.66073	12.0287	0
0.000330437	0.01	0.2	2.85102	12.3226	0
0.000330437	0.01	0.2	3.05492	10.9331	0
0.000330437	0.01	0.2	3.27341	8.10418	0
0.000330437	0.01	0.2	3.50752	4.98991	0
0.000330437	0.01	0.2	3.75837	3.27237	0
0.000330437	0.01	0.2	4.02717	4.10109	0
0.000330437	0.01	0.2	4.31519	7.08004	0
0.000330437	0.01	0.2	4.62381	10.3311	0
0.000330437	0.01	0.2	4.9545	11.7876	0
0.000330437	0.01	0.2	5.30884	10.691	0
0.000330437	0.01	0.2	5.68853	7.99602	0
0.000330437	0.01	0.2	6.09537	5.24192	0
0.000330437	0.01	0.2	6.53131	3.56136	0
0.000330437	0.01	0.2	6.99842	4.18489	0
0.000330437	0.01	0.2	7.49894	7.22332	0
0.000330437	0.01	0.2	8.03526	10.0539	0
0.000330437	0.01	0.2	8.60994	10.8685	0
0.000330437	0.01	0.2	9.22571	10.2656	0
0.000330437	0.01	0.2	9.88553	9.36447	0
0.000330437	0.01	0.2	10.5925	8.7208	0
0.000330437	0.01	0.2	11.3501	8.48375	0
0.000330437	0.01	0.2	12.1619	9.75426	0
0.000330437	0.01	0.2	13.0317	12.6874	0
0.000330437	0.01	0.2	13.9637	14.0843	0
0.000330437	0.01	0.2	14.9624	11.0712	0
0.000330437	0.01	0.2	16.0325	6.58395	0
0.000330437	0.01	0.2	17.1791	5.03177	0
0.000330437	0.01	0.2	18.4077	6.27938	0
0.000330437	0.01	0.2	19.7242	6.13053	0
0.000330437	0.01	0.2	21.1349	4.70087	0
0.000330437	0.01	0.2	22.6464	4.23079	0
0.000330437	0.01	0.2	24.2661	3.24628	0
0.000330437	0.01	0.2	26.0016	2.80373	0
0.000330437	0.01	0.2	27.8612	2.53507	0
0.000330437	0.01	0.2	29.8538	1.89723	0
0.000330437	0.01	0.2	31.989	3.9042	0
0.000330437	0.01	0.2	34.2768	3.21371	0
0.000330437	0.01	0.2	36.7282	2.19756	0
0.000330437	0.01	0.2	39.355	4.70999	0
0.000330437	0.01	0.2	42.1697	2.23307	0
0.000330437	0.01	0.2	45.1856	3.11227	0
0.000330437	0.01	0.2	48.4172	4.02509	0
0.000330437	0.01	0.2	51.88	1.30981	0
0.000330437	0.01	0.2	55.5904	2.83112	0
0.000330437	0.01	0.2	59.5662	1.51738	0
0.000330437	0.01	0.2	63.8263	1.43193	0
0.000330437	0.01	0.2	68.3912	1.18898	0
0.000330437	0.01	0.2	73.2825	0.684652	0
0.000330437	0.01	0.2	78.5236	0.721306	0
0.000330437	0.01	0.2	84.1395	0.609723	0
0.000330437	0.01	0.2	90.1571	0.635833	0
0.000330437	0.01	0.2	96.6051	0.346034	0
0.000361027	0.01	0.2	0.103514	0.176821	0
0.000361027	0.01	0.2	0.110917	0.176323	0
0.000361027	0.01	0.2	0.11885	0.175771	0
0.000361027	0.01	0.2	0.12735	0.175164	0
0.000361027	0.01	0.2	0.136458	0.174501	0
0.000361027	0.01	0.2	0.146218	0.173784	0
0.000361027	0.01	0.2	0.156675	0.17302	0
0.000361027	0.01	0.2	0.16788	0.172217	0
0.000361027	0.01	0.2	0.179887	0.171394	0
0.000361027	0.01	0.2	0.192752	0.170576	0
0.000361027	0.01	0.2	0.206538	0.169801	0
0.000361027	0.01	0.2	0.221309	0.169123	0
0.000361027	0.01	0.2	0.237137	0.168615	0
0.000361027	0.01	0.2	0.254097	0.168377	0
0.000361027	0.01	0.2	0.27227	0.168543	0
0.000361027	0.01	0.2	0.291743	0.169289	0
0.000361027	0.01	0.2	0.312608	0.170839	0
0.000361027	0.01	0.2	0.334965	0.173482	0
0.000361027	0.01	0.2	0.358922	0.177576	0
0.000361027	0.01	0.2	0.384592	0.183562	0
0.000361027	0.01	0.2	0.412098	0.191968	0
0.000361027	0.01	0.2	0.44157	0.203413	0
0.000361027	0.01	0.2	0.473151	0.218594	0
0.000361027	0.01	0.2	0.506991	0.238266	0
0.000361027	0.01	0.2	0.54325	0.263191	0
0.000361027	0.01	0.2	0.582103	0.294058	0
0.000361027	0.01	0.2	0.623735	0.331368	0
0.000361027	0.01	0.2	0.668344	0.375264	0
0.000361027	0.01	0.2	0.716143	0.425324	0
0.000361027	0.01	0.2	0.767361	0.480319	0
0.000361027	0.01	0.2	0.822243	0.537992	0
0.000361027	0.01	0.2	0.881049	0.594923	0
0.000361027	0.01	0.2	0.944061	0.646632	0
0.000361027	0.01	0.2	1.01158	0.688128	0
0.000361027	0.01	0.2	1.08393	0.715155	0
0.000361027	0.01	0.2	1.16145	0.726459	0
0.000361027	0.01	0.2	1.24451	0.727298	0
0.000361027	0.01	0.2	1.33352	0.734209	0
0.000361027	0.01	0.2	1.42889	0.780581	0
0.000361027	0.01	0.2	1.53109	0.92176	0
0.000361027	0.01	0.2	1.64059	1.23736	0
0.000361027	0.01	0.2	1.75792	1.82716	0
0.000361027	0.01	0.2	1.88365	2.79589	0
0.000361027	0.01	0.2	2.01837	4.22172	0
0.000361027	0.01	0.2	2.16272	6.10522	0
0.000361027	0.01	0.2	2.31739	8.30224	0
0.000361027	0.01	0.2	2.48313	10.4614	0
0.000361027	0.01	0.2	2.66073	12.0167	0
0.000361027	0.01	0.2	2.85102	12.3131	0
0.000361027	0.01	0.2	3.05492	10.9265	0
0.000361027	0.01	0.2	3.27341	8.1003	0
0.000361027	0.01	0.2	3.50752	4.9877	0
0.000361027	0.01	0.2	3.75837	3.27002	0
0.000361027	0.01	0.2	4.02717	4.09637	0
0.000361027	0.01	0.2	4.31519	7.07109	0
0.000361027	0.01	0.2	4.62381	10.3173	0
0.000361027	0.01	0.2	4.9545	11.7699	0
0.000361027	0.01	0.2	5.30884	10.6716	0
0.000361027	0.01	0.2	5.68853	7.97717	0
0.000361027	0.01	0.2	6.09537	5.22517	0
0.000361027	0.01	0.2	6.53131	3.54728	0
0.000361027	0.01	0.2	6.99842	4.17376	0
0.000361027	0.01	0.2	7.49894	7.21582	0
0.000361027	0.01	0.2	8.03526	10.0505	0
0.000361027	0.01	0.2	8.60994	10.8677	0
0.000361027	0.01	0.2	9.22571	10.2642	0
0.000361027	0.01	0.2	9.88553	9.3599	0
0.000361027	0.01	0.2	10.5925	8.71428	0
0.000361027	0.01	0.2	11.3501	8.47873	0
0.000361027	0.01	0.2	12.1619	9.75222	0
0.000361027	0.01	0.2	13.0317	12.6866	0
0.000361027	0.01	0.2	13.9637	14.0818	0
0.000361027	0.01	0.2	14.9624	11.0651	0
0.000361027	0.01	0.2	16.0325	6.57453	0
0.000361027	0.01	0.2	17.1791	5.02108	0
0.000361027	0.01	0.2	18.4077	6.26874	0
0.000361027	0.01	0.2	19.7242	6.1192	0
0.000361027	0.01	0.2	21.1349	4.68801	0
0.000361027	0.01	0.2	22.6464	4.21787	0
0.000361027	0.01	0.2	24.2661	3.23623	0
0.000361027	0.01	0.2	26.0016	2.79789	0
0.000361027	0.01	0.2	27.8612	2.53075	0
0.000361027	0.01	0.2	29.8538	1.88961	0
0.000361027	0.01	0.2	31.989	3.89332	0
0.000361027	0.01	0.2	34.2768	3.20492	0
0.000361027	0.01	0.2	36.7282	2.19387	0
0.000361027	0.01	0.2	39.355	4.70699	0
0.000361027	0.01	0.2	42.1697	2.22583	0
0.000361027	0.01	0.2	45.1856	3.10038	0
0.000361027	0.01	0.2	48.4172	4.01391	0
0.000361027	0.01	0.2	51.88	1.30304	0
0.000361027	0.01	0.2	55.5904	2.82592	0
0.000361027	0.01	0.2	59.5662	1.5097	0
0.000361027	0.01	0.2	63.8263	1.42211	0
0.000361027	0.01	0.2	68.3912	1.18082	0
0.000361027	0.01	0.2	73.2825	0.677516	0
0.000361027	0.01	0.2	78.5236	0.71375	0
0.000361027	0.01	0.2	84.1395	0.601197	0
0.000361027	0.01	0.2	90.1571	0.628064	0
0.000361027	0.01	0.2	96.6051	0.338139	0
0.000394448	0.01	0.2	0.103514	0.176502	0
0.000394448	0.01	0.2	0.110917	0.175958	0
0.000394448	0.01	0.2	0.11885	0.175353	0
0.000394448	0.01	0.2	0.12735	0.174686	0
0.000394448	0.01	0.2	0.136458	0.173954	0
0.000394448	0.01	0.2	0.146218	0.17316	0
0.000394448	0.01	0.2	0.156675	0.172307	0
0.000394448	0.01	0.2	0.16788	0.171404	0
0.000394448	0.01	0.2	0.179887	0.170467	0
0.000394448	0.01	0.2	0.192752	0.169521	0
0.000394448	0.01	0.2	0.206538	0.168602	0
0.000394448	0.01	0.2	0.221309	0.167761	0
0.000394448	0.01	0.2	0.237137	0.16707	0
0.000394448	0.01	0.2	0.254097	0.16663	0
0.000394448	0.01	0.2	0.27227	0.16657	0
0.000394448	0.01	0.2	0.291743	0.167066	0
0.000394448	0.01	0.2	0.312608	0.168341	0
0.000394448	0.01	0.2	0.334965	0.170683	0
0.000394448	0.01	0.2	0.358922	0.174449	0
0.000394448	0.01	0.2	0.384592	0.180083	0
0.000394448	0.01	0.2	0.412098	0.188112	0
0.000394448	0.01	0.2	0.44157	0.199159	0
0.000394448	0.01	0.2	0.473151	0.213924	0
0.000394448	0.01	0.2	0.506991	0.233166	0
0.000394448	0.01	0.2	0.54325	0.257653	0
0.000394448	0.01	0.2	0.582103	0.288081	0
0.000394448	0.01	0.2	0.623735	0.324958	0
0.000394448	0.01	0.2	0.668344	0.368434	0
0.000394448	0.01	0.2	0.716143	0.418092	0
0.000394448	0.01	0.2	0.767361	0.472709	0
0.000394448	0.01	0.2	0.822243	0.530027	0
0.000394448	0.01	0.2	0.881049	0.586622	0
0.000394448	0.01	0.2	0.944061	0.638009	0
0.000394448	0.01	0.2	1.01158	0.679181	0
0.000394448	0.01	0.2	1.08393	0.705863	0
0.000394448	0.01	0.2	1.16145	0.716778	0
0.000394448	0.01	0.2	1.24451	0.717157	0
0.000394448	0.01	0.2	1.33352	0.723517	0
0.000394448	0.01	0.2	1.42889	0.76923	0
0.000394448	0.01	0.2	1.53109	0.909642	0
0.000394448	0.01	0.2	1.64059	1.22439	0
0.000394448	0.01	0.2	1.75792	1.81333	0
0.000394448	0.01	0.2	1.88365	2.78128	0
0.000394448	0.01	0.2	2.01837	4.20657	0
0.000394448	0.01	0.2	2.16272	6.08994	0
0.000394448	0.01	0.2	2.31739	8.28741	0
0.000394448	0.01	0.2	2.48313	10.4478	0
0.000394448	0.01	0.2	2.66073	12.0051	0
0.000394448	0.01	0.2	2.85102	12.3044	0
0.000394448	0.01	0.2	3.05492	10.9209	0
0.000394448	0.01	0.2	3.27341	8.09772	0
0.000394448	0.01	0.2	3.50752	4.98701	0
0.000394448	0.01	0.2	3.75837	3.26922	0
0.000394448	0.01	0.2	4.02717	4.09302	0
0.000394448	0.01	0.2	4.31519	7.06313	0
0.000394448	0.01	0.2	4.62381	10.304	0
0.000394448	0.01	0.2	4.9545	11.7524	0
0.000394448	0.01	0.2	5.30884	10.6522	0
0.000394448	0.01	0.2	5.68853	7.95848	0
0.000394448	0.01	0.2	6.09537	5.2088	0
0.000394448	0.01	0.2	6.53131	3.53386	0
0.000394448	0.01	0.2	6.99842	4.16361	0
0.000394448	0.01	0.2	7.49894	7.20964	0
0.000394448	0.01	0.2	8.03526	10.0487	0
0.000394448	0.01	0.2	8.60994	10.8688	0
0.000394448	0.01	0.2	9.22571	10.2645	0
0.000394448	0.01	0.2	9.88553	9.35669	0
0.000394448	0.01	0.2	10.5925	8.70889	0
0.000394448	0.01	0.2	11.3501	8.47492	0
0.000394448	0.01	0.2	12.1619	9.7516	0
0.000394448	0.01	0.2	13.0317	12.6872	0
0.000394448	0.01	0.2	13.9637	14.0806	0
0.000394448	0.01	0.2	14.9624	11.0601	0
0.000394448	0.01	0.2	16.0325	6.56575	0
0.000394448	0.01	0.2	17.1791	5.01094	0
0.000394448	0.01	0.2	18.4077	6.25868	0
0.000394448	0.01	0.2	19.7242	6.1084	0
0.000394448	0.01	0.2	21.1349	4.67555	0
0.000394448	0.01	0.2	22.6464	4.20532	0
0.000394448	0.01	0.2	24.2661	3.22678	0
0.000394448	0.01	0.2	26.0016	2.79304	0
0.000394448	0.01	0.2	27.8612	2.52756	0
0.000394448	0.01	0.2	29.8538	1.88282	0
0.000394448	0.01	0.2	31.989	3.88298	0
0.000394448	0.01	0.2	34.2768	3.19687	0
0.000394448	0.01	0.2	36.7282	2.19143	0
0.000394448	0.01	0.2	39.355	4.70532	0
0.000394448	0.01	0.2	42.1697	2.21954	0
0.000394448	0.01	0.2	45.1856	3.08898	0
0.000394448	0.01	0.2	48.4172	4.00328	0
0.000394448	0.01	0.2	51.88	1.29724	0
0.000394448	0.01	0.2	55.5904	2.82181	0
0.000394448	0.01	0.2	59.5662	1.50285	0
0.000394448	0.01	0.2	63.8263	1.41293	0
0.000394448	0.01	0.2	68.3912	1.17344	0
0.000394448	0.01	0.2	73.2825	0.671261	0
0.000394448	0.01	0.2	78.5236	0.707029	0
0.000394448	0.01	0.2	84.1395	0.593417	0
0.000394448	0.01	0.2	90.1571	0.621116	0
0.000394448	0.01	0.2	96.6051	0.331054	0
0.000430964	0.01	0.2	0.103514	0.176154	0
0.000430964	0.01	0.2	0.110917	0.175559	0
0.000430964	0.01	0.2	0.11885	0.174897	0
0.000430964	0.01	0.2	0.12735	0.174164	0
0.000430964	0.01	0.2	0.136458	0.173358	0
0.000430964	0.01	0.2	0.146218	0.172479	0
0.000430964	0.01	0.2	0.156675	0.171529	0
0.000430964	0.01	0.2	0.16788	0.170518	0
0.000430964	0.01	0.2	0.179887	0.169458	0
0.000430964	0.01	0.2	0.192752	0.168372	0
0.000430964	0.01	0.2	0.206538	0.167296	0
0.000430964	0.01	0.2	0.221309	0.166279	0
0.000430964	0.01	0.2	0.237137	0.165392	0
0.000430964	0.01	0.2	0.254097	0.164731	0
0.000430964	0.01	0.2	0.27227	0.164428	0
0.000430964	0.01	0.2	0.291743	0.164655	0
0.000430964	0.01	0.2	0.312608	0.165635	0
0.000430964	0.01	0.2	0.334965	0.167654	0
0.000430964	0.01	0.2	0.358922	0.171073	0
0.000430964	0.01	0.2	0.384592	0.176332	0
0.000430964	0.01	0.2	0.412098	0.183963	0
0.000430964	0.01	0.2	0.44157	0.194592	0
0.000430964	0.01	0.2	0.473151	0.208923	0
0.000430964	0.01	0.2	0.506991	0.227721	0
0.000430964	0.01	0.2	0.54325	0.251761	0
0.000430964	0.01	0.2	0.582103	0.281747	0
0.000430964	0.01	0.2	0.623735	0.318196	0
0.000430964	0.01	0.2	0.668344	0.361265	0
0.000430964	0.01	0.2	0.716143	0.410545	0
0.000430964	0.01	0.2	0.767361	0.464818	0
0.000430964	0.01	0.2	0.822243	0.521825	0
0.000430964	0.01	0.2	0.881049	0.578142	0
0.000430964	0.01	0.2	0.944061	0.62927	0
0.000430964	0.01	0.2	1.01158	0.670188	0
0.000430964	0.01	0.2	1.08393	0.6966	0
0.000430964	0.01	0.2	1.16145	0.707201	0
0.000430964	0.01	0.2	1.24451	0.707191	0
0.000430964	0.01	0.2	1.33352	0.713059	0
0.000430964	0.01	0.2	1.42889	0.758157	0
0.000430964	0.01	0.2	1.53109	0.897828	0
0.000430964	0.01	0.2	1.64059	1.21174	0
0.000430964	0.01	0.2	1.75792	1.7998	0
0.000430964	0.01	0.2	1.88365	2.76696	0
0.000430964	0.01	0.2	2.01837	4.1917	0
0.000430964	0.01	0.2	2.16272	6.07495	0
0.000430964	0.01	0.2	2.31739	8.27297	0
0.000430964	0.01	0.2	2.48313	10.4347	0
0.000430964	0.01	0.2	2.66073	11.9943	0
0.000430964	0.01	0.2	2.85102	12.2966	0
0.000430964	0.01	0.2	3.05492	10.9167	0
0.000430964	0.01	0.2	3.27341	8.0969	0
0.000430964	0.01	0.2	3.50752	4.98832	0
0.000430964	0.01	0.2	3.75837	3.27046	0
0.000430964	0.01	0.2	4.02717	4.09151	0
0.000430964	0.01	0.2	4.31519	7.05662	0
0.000430964	0.01	0.2	4.62381	10.2917	0
0.000430964	0.01	0.2	4.9545	11.7355	0
0.000430964	0.01	0.2	5.30884	10.6333	0
0.000430964	0.01	0.2	5.68853	7.94034	0
0.000430964	0.01	0.2	6.09537	5.19322	0
0.000430964	0.01	0.2	6.53131	3.52153	0
0.000430964	0.01	0.2	6.99842	4.15491	0
0.000430964	0.01	0.2	7.49894	7.20532	0
0.000430964	0.01	0.2	8.03526	10.0491	0
0.000430964	0.01	0.2	8.60994	10.8723	0
0.000430964	0.01	0.2	9.22571	10.267	0
0.000430964	0.01	0.2	9.88553	9.3553	0
0.000430964	0.01	0.2	10.5925	8.70507	0
0.000430964	0.01	0.2	11.3501	8.47276	0
0.000430964	0.01	0.2	12.1619	9.75284	0
0.000430964	0.01	0.2	13.0317	12.6896	0
0.000430964	0.01	0.2	13.9637	14.0811	0
0.000430964	0.01	0.2	14.9624	11.0563	0
0.000430964	0.01	0.2	16.0325	6.55799	0
0.000430964	0.01	0.2	17.1791	5.0017	0
0.000430964	0.01	0.2	18.4077	6.24955	0
0.000430964	0.01	0.2	19.7242	6.09847	0
0.000430964	0.01	0.2	21.1349	4.66382	0
0.000430964	0.01	0.2	22.6464	4.19349	0
0.000430964	0.01	0.2	24.2661	3.21831	0
0.000430964	0.01	0.2	26.0016	2.78957	0
0.000430964	0.01	0.2	27.8612	2.52589	0
0.000430964	0.01	0.2	29.8538	1.87722	0
0.000430964	0.01	0.2	31.989	3.87353	0
0.000430964	0.01	0.2	34.2768	3.18994	0
0.000430964	0.01	0.2	36.7282	2.19067	0
0.000430964	0.01	0.2	39.355	4.70541	0
0.000430964	0.01	0.2	42.1697	2.21459	0
0.000430964	0.01	0.2	45.1856	3.07845	0
0.000430964	0.01	0.2	48.4172	3.99357	0
0.000430964	0.01	0.2	51.88	1.29279	0
0.000430964	0.01	0.2	55.5904	2.81918	0
0.000430964	0.01	0.2	59.5662	1.49722	0
0.000430964	0.01	0.2	63.8263	1.40473	0
0.000430964	0.01	0.2	68.3912	1.16722	0
0.000430964	0.01	0.2	73.2825	0.666267	0
0.000430964	0.01	0.2	78.5236	0.701516	0
0.000430964	0.01	0.2	84.1395	0.586748	0
0.000430964	0.01	0.2	90.1571	0.615362	0
0.000430964	0.01	0.2	96.6051	0.325154	0
0.00047086	0.01	0.2	0.103514	0.175774	0
0.00047086	0.01	0.2	0.110917	0.175124	0
0.00047086	0.01	0.2	0.11885	0.1744	0
0.00047086	0.01	0.2	0.12735	0.173595	0
0.00047086	0.01	0.2	0.136458	0.172708	0
0.00047086	0.01	0.2	0.146218	0.171736	0
0.00047086	0.01	0.2	0.156675	0.170682	0
0.00047086	0.01	0.2	0.16788	0.169552	0
0.00047086	0.01	0.2	0.179887	0.168358	0
0.00047086	0.01	0.2	0.192752	0.167121	0
0.00047086	0.01	0.2	0.206538	0.165875	0
0.00047086	0.01	0.2	0.221309	0.164667	0
0.00047086	0.01	0.2	0.237137	0.163568	0
0.00047086	0.01	0.2	0.254097	0.16267	0
0.00047086	0.01	0.2	0.27227	0.162105	0
0.00047086	0.01	0.2	0.291743	0.162043	0
0.00047086	0.01	0.2	0.312608	0.162706	0
0.00047086	0.01	0.2	0.334965	0.164382	0
0.00047086	0.01	0.2	0.358922	0.16743	0
0.00047086	0.01	0.2	0.384592	0.172293	0
0.00047086	0.01	0.2	0.412098	0.179506	0
0.00047086	0.01	0.2	0.44157	0.189698	0
0.00047086	0.01	0.2	0.473151	0.20358	0
0.00047086	0.01	0.2	0.506991	0.221924	0
0.00047086	0.01	0.2	0.54325	0.245513	0
0.00047086	0.01	0.2	0.582103	0.275062	0
0.00047086	0.01	0.2	0.623735	0.311095	0
0.00047086	0.01	0.2	0.668344	0.353783	0
0.00047086	0.01	0.2	0.716143	0.402723	0
0.00047086	0.01	0.2	0.767361	0.456701	0
0.00047086	0.01	0.2	0.822243	0.513464	0
0.00047086	0.01	0.2	0.881049	0.569578	0
0.00047086	0.01	0.2	0.944061	0.620537	0
0.00047086	0.01	0.2	1.01158	0.661299	0
0.00047086	0.01	0.2	1.08393	0.687543	0
0.00047086	0.01	0.2	1.16145	0.697931	0
0.00047086	0.01	0.2	1.24451	0.69763	0
0.00047086	0.01	0.2	1.33352	0.703093	0
0.00047086	0.01	0.2	1.42889	0.747645	0
0.00047086	0.01	0.2	1.53109	0.886623	0
0.00047086	0.01	0.2	1.64059	1.19972	0
0.00047086	0.01	0.2	1.75792	1.78691	0
0.00047086	0.01	0.2	1.88365	2.75327	0
0.00047086	0.01	0.2	2.01837	4.17746	0
0.00047086	0.01	0.2	2.16272	6.06064	0
0.00047086	0.01	0.2	2.31739	8.25928	0
0.00047086	0.01	0.2	2.48313	10.4226	0
0.00047086	0.01	0.2	2.66073	11.9846	0
0.00047086	0.01	0.2	2.85102	12.2904	0
0.00047086	0.01	0.2	3.05492	10.9145	0
0.00047086	0.01	0.2	3.27341	8.09837	0
0.00047086	0.01	0.2	3.50752	4.9922	0
0.00047086	0.01	0.2	3.75837	3.27435	0
0.00047086	0.01	0.2	4.02717	4.09244	0
0.00047086	0.01	0.2	4.31519	7.05212	0
0.00047086	0.01	0.2	4.62381	10.2809	0
0.00047086	0.01	0.2	4.9545	11.7197	0
0.00047086	0.01	0.2	5.30884	10.6154	0
0.00047086	0.01	0.2	5.68853	7.92324	0
0.00047086	0.01	0.2	6.09537	5.17894	0
0.00047086	0.01	0.2	6.53131	3.51084	0
0.00047086	0.01	0.2	6.99842	4.14825	0
0.00047086	0.01	0.2	7.49894	7.20347	0
0.00047086	0.01	0.2	8.03526	10.0524	0
0.00047086	0.01	0.2	8.60994	10.8789	0
0.00047086	0.01	0.2	9.22571	10.2725	0
0.00047086	0.01	0.2	9.88553	9.35631	0
0.00047086	0.01	0.2	10.5925	8.70335	0
0.00047086	0.01	0.2	11.3501	8.47278	0
0.00047086	0.01	0.2	12.1619	9.75648	0
0.00047086	0.01	0.2	13.0317	12.6946	0
0.00047086	0.01	0.2	13.9637	14.0839	0
0.00047086	0.01	0.2	14.9624	11.0544	0
0.00047086	0.01	0.2	16.0325	6.55168	0
0.00047086	0.01	0.2	17.1791	4.99381	0
0.00047086	0.01	0.2	18.4077	6.24182	0
0.00047086	0.01	0.2	19.7242	6.08987	0
0.00047086	0.01	0.2	21.1349	4.65326	0
0.00047086	0.01	0.2	22.6464	4.18279	0
0.00047086	0.01	0.2	24.2661	3.21126	0
0.00047086	0.01	0.2	26.0016	2.78795	0
0.00047086	0.01	0.2	27.8612	2.52624	0
0.00047086	0.01	0.2	29.8538	1.87329	0
0.00047086	0.01	0.2	31.989	3.86539	0
0.00047086	0.01	0.2	34.2768	3.1846	0
0.00047086	0.01	0.2	36.7282	2.1921	0
0.00047086	0.01	0.2	39.355	4.70781	0
0.00047086	0.01	0.2	42.1697	2.21148	0
0.00047086	0.01	0.2	45.1856	3.06922	0
0.00047086	0.01	0.2	48.4172	3.98522	0
0.00047086	0.01	0.2	51.88	1.29018	0
0.00047086	0.01	0.2	55.5904	2.81855	0
0.00047086	0.01	0.2	59.5662	1.49326	0
0.00047086	0.01	0.2	63.8263	1.39796	0
0.00047086	0.01	0.2	68.3912	1.16261	0
0.00047086	0.01	0.2	73.2825	0.663007	0
0.00047086	0.01	0.2	78.5236	0.697679	0
0.00047086	0.01	0.2	84.1395	0.581648	0
0.00047086	0.01	0.2	90.1571	0.611269	0
0.00047086	0.01	0.2	96.6051	0.320905	0
0.00051445	0.01	0.2	0.103514	0.175359	0
0.00051445	0.01	0.2	0.110917	0.174649	0
0.00051445	0.01	0.2	0.11885	0.173857	0
0.00051445	0.01	0.2	0.12735	0.172975	0
0.00051445	0.01	0.2	0.136458	0.171999	0
0.00051445	0.01	0.2	0.146218	0.170927	0
0.00051445	0.01	0.2	0.156675	0.169759	0
0.00051445	0.01	0.2	0.16788	0.1685	0
0.00051445	0.01	0.2	0.179887	0.16716	0
0.00051445	0.01	0.2	0.192752	0.16576	0
0.00051445	0.01	0.2	0.206538	0.16433	0
0.00051445	0.01	0.2	0.221309	0.162916	0
0.00051445	0.01	0.2	0.237137	0.161586	0
0.00051445	0.01	0.2	0.254097	0.160434	0
0.00051445	0.01	0.2	0.27227	0.159587	0
0.00051445	0.01	0.2	0.291743	0.159215	0
0.00051445	0.01	0.2	0.312608	0.159541	0
0.00051445	0.01	0.2	0.334965	0.160851	0
0.00051445	0.01	0.2	0.358922	0.163505	0
0.00051445	0.01	0.2	0.384592	0.167951	0
0.00051445	0.01	0.2	0.412098	0.174727	0
0.00051445	0.01	0.2	0.44157	0.184467	0
0.00051445	0.01	0.2	0.473151	0.197888	0
0.00051445	0.01	0.2	0.506991	0.215772	0
0.00051445	0.01	0.2	0.54325	0.238913	0
0.00051445	0.01	0.2	0.582103	0.268037	0
0.00051445	0.01	0.2	0.623735	0.303681	0
0.00051445	0.01	0.2	0.668344	0.346026	0
0.00051445	0.01	0.2	0.716143	0.394681	0
0.00051445	0.01	0.2	0.767361	0.448437	0
0.00051445	0.01	0.2	0.822243	0.505042	0
0.00051445	0.01	0.2	0.881049	0.561059	0
0.00051445	0.01	0.2	0.944061	0.611967	0
0.00051445	0.01	0.2	1.01158	0.652703	0
0.00051445	0.01	0.2	1.08393	0.678916	0
0.00051445	0.01	0.2	1.16145	0.68923	0
0.00051445	0.01	0.2	1.24451	0.688771	0
0.00051445	0.01	0.2	1.33352	0.693947	0
0.00051445	0.01	0.2	1.42889	0.738054	0
0.00051445	0.01	0.2	1.53109	0.876412	0
0.00051445	0.01	0.2	1.64059	1.18873	0
0.00051445	0.01	0.2	1.75792	1.77508	0
0.00051445	0.01	0.2	1.88365	2.74065	0
0.00051445	0.01	0.2	2.01837	4.1643	0
0.00051445	0.01	0.2	2.16272	6.04745	0
0.00051445	0.01	0.2	2.31739	8.24681	0
0.00051445	0.01	0.2	2.48313	10.4118	0
0.00051445	0.01	0.2	2.66073	11.9767	0
0.00051445	0.01	0.2	2.85102	12.2862	0
0.00051445	0.01	0.2	3.05492	10.9148	0
0.00051445	0.01	0.2	3.27341	8.10282	0
0.00051445	0.01	0.2	3.50752	4.99938	0
0.00051445	0.01	0.2	3.75837	3.28162	0
0.00051445	0.01	0.2	4.02717	4.09654	0
0.00051445	0.01	0.2	4.31519	7.0503	0
0.00051445	0.01	0.2	4.62381	10.2723	0
0.00051445	0.01	0.2	4.9545	11.7056	0
0.00051445	0.01	0.2	5.30884	10.599	0
0.00051445	0.01	0.2	5.68853	7.90782	0
0.00051445	0.01	0.2	6.09537	5.16661	0
0.00051445	0.01	0.2	6.53131	3.5025	0
0.00051445	0.01	0.2	6.99842	4.14438	0
0.00051445	0.01	0.2	7.49894	7.2049	0
0.00051445	0.01	0.2	8.03526	10.0595	0
0.00051445	0.01	0.2	8.60994	10.8894	0
0.00051445	0.01	0.2	9.22571	10.2816	0
0.00051445	0.01	0.2	9.88553	9.36045	0
0.00051445	0.01	0.2	10.5925	8.70442	0
0.00051445	0.01	0.2	11.3501	8.47565	0
0.00051445	0.01	0.2	12.1619	9.76319	0
0.00051445	0.01	0.2	13.0317	12.7026	0
0.00051445	0.01	0.2	13.9637	14.0895	0
0.00051445	0.01	0.2	14.9624	11.0548	0
0.00051445	0.01	0.2	16.0325	6.54737	0
0.00051445	0.01	0.2	17.1791	4.98781	0
0.00051445	0.01	0.2	18.4077	6.23604	0
0.00051445	0.01	0.2	19.7242	6.08315	0
0.00051445	0.01	0.2	21.1349	4.64442	0
0.00051445	0.01	0.2	22.6464	4.17378	0
0.00051445	0.01	0.2	24.2661	3.20618	0
0.00051445	0.01	0.2	26.0016	2.78878	0
0.00051445	0.01	0.2	27.8612	2.52922	0
0.00051445	0.01	0.2	29.8538	1.87159	0
0.00051445	0.01	0.2	31.989	3.85914	0
0.00051445	0.01	0.2	34.2768	3.18143	0
0.00051445	0.01	0.2	36.7282	2.19637	0
0.00051445	0.01	0.2	39.355	4.71318	0
0.00051445	0.01	0.2	42.1697	2.21084	0
0.00051445	0.01	0.2	45.1856	3.06185	0
0.00051445	0.01	0.2	48.4172	3.9788	0
0.00051445	0.01	0.2	51.88	1.29002	0
0.00051445	0.01	0.2	55.5904	2.82052	0
0.00051445	0.01	0.2	59.5662	1.49157	0
0.00051445	0.01	0.2	63.8263	1.39318	0
0.00051445	0.01	0.2	68.3912	1.1602	0
0.00051445	0.01	0.2	73.2825	0.662069	0
0.00051445	0.01	0.2	78.5236	0.696094	0
0.00051445	0.01	0.2	84.1395	0.578686	0
0.00051445	0.01	0.2	90.1571	0.609415	0
0.00051445	0.01	0.2	96.6051	0.318887	0
0.000562075	0.01	0.2	0.103514	0.174906	0
0.000562075	0.01	0.2	0.110917	0.174131	0
0.000562075	0.01	0.2	0.11885	0.173264	0
0.000562075	0.01	0.2	0.12735	0.172298	0
0.000562075	0.01	0.2	0.136458	0.171226	0
0.000562075	0.01	0.2	0.146218	0.170045	0
0.000562075	0.01	0.2	0.156675	0.168753	0
0.000562075	0.01	0.2	0.16788	0.167354	0
0.000562075	0.01	0.2	0.179887	0.165857	0
0.000562075	0.01	0.2	0.192752	0.164279	0
0.000562075	0.01	0.2	0.206538	0.16265	0
0.000562075	0.01	0.2	0.221309	0.161014	0
0.000562075	0.01	0.2	0.237137	0.159436	0
0.000562075	0.01	0.2	0.254097	0.15801	0
0.000562075	0.01	0.2	0.27227	0.15686	0
0.000562075	0.01	0.2	0.291743	0.156157	0
0.000562075	0.01	0.2	0.312608	0.156122	0
0.000562075	0.01	0.2	0.334965	0.157044	0
0.000562075	0.01	0.2	0.358922	0.159284	0
0.000562075	0.01	0.2	0.384592	0.163293	0
0.000562075	0.01	0.2	0.412098	0.169614	0
0.000562075	0.01	0.2	0.44157	0.178888	0
0.000562075	0.01	0.2	0.473151	0.191842	0
0.000562075	0.01	0.2	0.506991	0.209268	0
0.000562075	0.01	0.2	0.54325	0.231972	0
0.000562075	0.01	0.2	0.582103	0.260696	0
0.000562075	0.01	0.2	0.623735	0.295991	0
0.000562075	0.01	0.2	0.668344	0.338051	0
0.000562075	0.01	0.2	0.716143	0.386497	0
0.000562075	0.01	0.2	0.767361	0.440129	0
0.000562075	0.01	0.2	0.822243	0.496695	0
0.000562075	0.01	0.2	0.881049	0.552752	0
0.000562075	0.01	0.2	0.944061	0.603765	0
0.000562075	0.01	0.2	1.01158	0.644645	0
0.000562075	0.01	0.2	1.08393	0.671005	0
0.000562075	0.01	0.2	1.16145	0.681426	0
0.000562075	0.01	0.2	1.24451	0.680983	0
0.000562075	0.01	0.2	1.33352	0.686036	0
0.000562075	0.01	0.2	1.42889	0.729835	0
0.000562075	0.01	0.2	1.53109	0.867682	0
0.000562075	0.01	0.2	1.64059	1.17931	0
0.000562075	0.01	0.2	1.75792	1.76485	0
0.000562075	0.01	0.2	1.88365	2.72965	0
0.000562075	0.01	0.2	2.01837	4.1528	0
0.000562075	0.01	0.2	2.16272	6.03597	0
0.000562075	0.01	0.2	2.31739	8.23617	0
0.000562075	0.01	0.2	2.48313	10.4031	0
0.000562075	0.01	0.2	2.66073	11.971	0
0.000562075	0.01	0.2	2.85102	12.2849	0
0.000562075	0.01	0.2	3.05492	10.9183	0
0.000562075	0.01	0.2	3.27341	8.11107	0
0.000562075	0.01	0.2	3.50752	5.01073	0
0.000562075	0.01	0.2	3.75837	3.29317	0
0.000562075	0.01	0.2	4.02717	4.10469	0
0.000562075	0.01	0.2	4.31519	7.05203	0
0.000562075	0.01	0.2	4.62381	10.2666	0
0.000562075	0.01	0.2	4.9545	11.694	0
0.000562075	0.01	0.2	5.30884	10.5849	0
0.000562075	0.01	0.2	5.68853	7.89485	0
0.000562075	0.01	0.2	6.09537	5.15707	0
0.000562075	0.01	0.2	6.53131	3.49736	0
0.000562075	0.01	0.2	6.99842	4.14422	0
0.000562075	0.01	0.2	7.49894	7.21057	0
0.000562075	0.01	0.2	8.03526	10.0712	0
0.000562075	0.01	0.2	8.60994	10.9047	0
0.000562075	0.01	0.2	9.22571	10.2953	0
0.000562075	0.01	0.2	9.88553	9.36857	0
0.000562075	0.01	0.2	10.5925	8.70909	0
0.000562075	0.01	0.2	11.3501	8.48218	0
0.000562075	0.01	0.2	12.1619	9.77378	0
0.000562075	0.01	0.2	13.0317	12.7145	0
0.000562075	0.01	0.2	13.9637	14.0987	0
0.000562075	0.01	0.2	14.9624	11.0585	0
0.000562075	0.01	0.2	16.0325	6.54576	0
0.000562075	0.01	0.2	17.1791	4.98439	0
0.000562075	0.01	0.2	18.4077	6.23291	0
0.000562075	0.01	0.2	19.7242	6.07901	0
0.000562075	0.01	0.2	21.1349	4.63797	0
0.000562075	0.01	0.2	22.6464	4.16711	0
0.000562075	0.01	0.2	24.2661	3.20377	0
0.000562075	0.01	0.2	26.0016	2.79278	0
0.000562075	0.01	0.2	27.8612	2.53557	0
0.000562075	0.01	0.2	29.8538	1.87284	0
0.000562075	0.01	0.2	31.989	3.85543	0
0.000562075	0.01	0.2	34.2768	3.18114	0
0.000562075	0.01	0.2	36.7282	2.20428	0
0.000562075	0.01	0.2	39.355	4.7223	0
0.000562075	0.01	0.2	42.1697	2.21341	0
0.000562075	0.01	0.2	45.1856	3.05706	0
0.000562075	0.01	0.2	48.4172	3.97502	0
0.000562075	0.01	0.2	51.88	1.29307	0
0.000562075	0.01	0.2	55.5904	2.82587	0
0.000562075	0.01	0.2	59.5662	1.49286	0
0.000562075	0.01	0.2	63.8263	1.39108	0
0.000562075	0.01	0.2	68.3912	1.16069	0
0.000562075	0.01	0.2	73.2825	0.664174	0
0.000562075	0.01	0.2	78.5236	0.697477	0
0.000562075	0.01	0.2	84.1395	0.578565	0
0.000562075	0.01	0.2	90.1571	0.610516	0
0.000562075	0.01	0.2	96.6051	0.319812	0
0.000614108	0.01	0.2	0.103514	0.174412	0
0.000614108	0.01	0.2	0.110917	0.173566	0
0.000614108	0.01	0.2	0.11885	0.172618	0
0.000614108	0.01	0.2	0.12735	0.17156	0
0.000614108	0.01	0.2	0.136458	0.170383	0
0.000614108	0.01	0.2	0.146218	0.169084	0
0.000614108	0.01	0.2	0.156675	0.167658	0
0.000614108	0.01	0.2	0.16788	0.166107	0
0.000614108	0.01	0.2	0.179887	0.164439	0
0.000614108	0.01	0.2	0.192752	0.162669	0
0.000614108	0.01	0.2	0.206538	0.160824	0
0.000614108	0.01	0.2	0.221309	0.158948	0
0.000614108	0.01	0.2	0.237137	0.157104	0
0.000614108	0.01	0.2	0.254097	0.155383	0
0.000614108	0.01	0.2	0.27227	0.153909	0
0.000614108	0.01	0.2	0.291743	0.152852	0
0.000614108	0.01	0.2	0.312608	0.152435	0
0.000614108	0.01	0.2	0.334965	0.152947	0
0.000614108	0.01	0.2	0.358922	0.154752	0
0.000614108	0.01	0.2	0.384592	0.158305	0
0.000614108	0.01	0.2	0.412098	0.164157	0
0.000614108	0.01	0.2	0.44157	0.172957	0
0.000614108	0.01	0.2	0.473151	0.185443	0
0.000614108	0.01	0.2	0.506991	0.20242	0
0.000614108	0.01	0.2	0.54325	0.224711	0
0.000614108	0.01	0.2	0.582103	0.253074	0
0.000614108	0.01	0.2	0.623735	0.288078	0
0.000614108	0.01	0.2	0.668344	0.329933	0
0.000614108	0.01	0.2	0.716143	0.378275	0
0.000614108	0.01	0.2	0.767361	0.431911	0
0.000614108	0.01	0.2	0.822243	0.488593	0
0.000614108	0.01	0.2	0.881049	0.54487	0
0.000614108	0.01	0.2	0.944061	0.596188	0
0.000614108	0.01	0.2	1.01158	0.637431	0
0.000614108	0.01	0.2	1.08393	0.664169	0
0.000614108	0.01	0.2	1.16145	0.674932	0
0.000614108	0.01	0.2	1.24451	0.674735	0
0.000614108	0.01	0.2	1.33352	0.679876	0
0.000614108	0.01	0.2	1.42889	0.723554	0
0.000614108	0.01	0.2	1.53109	0.861038	0
0.000614108	0.01	0.2	1.64059	1.17208	0
0.000614108	0.01	0.2	1.75792	1.75688	0
0.000614108	0.01	0.2	1.88365	2.72096	0
0.000614108	0.01	0.2	2.01837	4.14365	0
0.000614108	0.01	0.2	2.16272	6.02691	0
0.000614108	0.01	0.2	2.31739	8.22809	0
0.000614108	0.01	0.2	2.48313	10.3971	0
0.000614108	0.01	0.2	2.66073	11.9686	0
0.000614108	0.01	0.2	2.85102	12.2871	0
0.000614108	0.01	0.2	3.05492	10.9261	0
0.000614108	0.01	0.2	3.27341	8.12412	0
0.000614108	0.01	0.2	3.50752	5.02732	0
0.000614108	0.01	0.2	3.75837	3.31008	0
0.000614108	0.01	0.2	4.02717	4.11798	0
0.000614108	0.01	0.2	4.31519	7.05835	0
0.000614108	0.01	0.2	4.62381	10.2648	0
0.000614108	0.01	0.2	4.9545	11.6859	0
0.000614108	0.01	0.2	5.30884	10.5741	0
0.000614108	0.01	0.2	5.68853	7.88531	0
0.000614108	0.01	0.2	6.09537	5.15131	0
0.000614108	0.01	0.2	6.53131	3.4965	0
0.000614108	0.01	0.2	6.99842	4.14889	0
0.000614108	0.01	0.2	7.49894	7.22167	0
0.000614108	0.01	0.2	8.03526	10.0889	0
0.000614108	0.01	0.2	8.60994	10.9262	0
0.000614108	0.01	0.2	9.22571	10.3147	0
0.000614108	0.01	0.2	9.88553	9.38175	0
0.000614108	0.01	0.2	10.5925	8.71839	0
0.000614108	0.01	0.2	11.3501	8.49337	0
0.000614108	0.01	0.2	12.1619	9.78924	0
0.000614108	0.01	0.2	13.0317	12.7312	0
0.000614108	0.01	0.2	13.9637	14.1124	0
0.000614108	0.01	0.2	14.9624	11.0661	0
0.000614108	0.01	0.2	16.0325	6.5477	0
0.000614108	0.01	0.2	17.1791	4.98439	0
0.000614108	0.01	0.2	18.4077	6.23329	0
0.000614108	0.01	0.2	19.7242	6.0783	0
0.000614108	0.01	0.2	21.1349	4.63476	0
0.000614108	0.01	0.2	22.6464	4.16362	0
0.000614108	0.01	0.2	24.2661	3.20488	0
0.000614108	0.01	0.2	26.0016	2.80087	0
0.000614108	0.01	0.2	27.8612	2.5462	0
0.000614108	0.01	0.2	29.8538	1.87792	0
0.000614108	0.01	0.2	31.989	3.85513	0
0.000614108	0.01	0.2	34.2768	3.1846	0
0.000614108	0.01	0.2	36.7282	2.21677	0
0.000614108	0.01	0.2	39.355	4.73618	0
0.000614108	0.01	0.2	42.1697	2.22013	0
0.000614108	0.01	0.2	45.1856	3.0557	0
0.000614108	0.01	0.2	48.4172	3.97474	0
0.000614108	0.01	0.2	51.88	1.30024	0
0.000614108	0.01	0.2	55.5904	2.83551	0
0.000614108	0.01	0.2	59.5662	1.49801	0
0.000614108	0.01	0.2	63.8263	1.39252	0
0.000614108	0.01	0.2	68.3912	1.16496	0
0.000614108	0.01	0.2	73.2825	0.67021	0
0.000614108	0.01	0.2	78.5236	0.702705	0
0.000614108	0.01	0.2	84.1395	0.582153	0
0.000614108	0.01	0.2	90.1571	0.61545	0
0.000614108	0.01	0.2	96.6051	0.324561	0
0.000670959	0.01	0.2	0.103514	0.173873	0
0.000670959	0.01	0.2	0.110917	0.17295	0
0.000670959	0.01	0.2	0.11885	0.171914	0
0.000670959	0.01	0.2	0.12735	0.170755	0
0.000670959	0.01	0.2	0.136458	0.169465	0
0.000670959	0.01	0.2	0.146218	0.168037	0
0.000670959	0.01	0.2	0.156675	0.166465	0
0.000670959	0.01	0.2	0.16788	0.16475	0
0.000670959	0.01	0.2	0.179887	0.162897	0
0.000670959	0.01	0.2	0.192752	0.160919	0
0.000670959	0.01	0.2	0.206538	0.158842	0
0.000670959	0.01	0.2	0.221309	0.156707	0
0.000670959	0.01	0.2	0.237137	0.154577	0
0.000670959	0.01	0.2	0.254097	0.152539	0
0.000670959	0.01	0.2	0.27227	0.150719	0
0.000670959	0.01	0.2	0.291743	0.149287	0
0.000670959	0.01	0.2	0.312608	0.148464	0
0.000670959	0.01	0.2	0.334965	0.148544	0
0.000670959	0.01	0.2	0.358922	0.149895	0
0.000670959	0.01	0.2	0.384592	0.152977	0
0.000670959	0.01	0.2	0.412098	0.158349	0
0.000670959	0.01	0.2	0.44157	0.166672	0
0.000670959	0.01	0.2	0.473151	0.178697	0
0.000670959	0.01	0.2	0.506991	0.195247	0
0.000670959	0.01	0.2	0.54325	0.217163	0
0.000670959	0.01	0.2	0.582103	0.245223	0
0.000670959	0.01	0.2	0.623735	0.280017	0
0.000670959	0.01	0.2	0.668344	0.321775	0
0.000670959	0.01	0.2	0.716143	0.37015	0
0.000670959	0.01	0.2	0.767361	0.42396	0
0.000670959	0.01	0.2	0.822243	0.480957	0
0.000670959	0.01	0.2	0.881049	0.537684	0
0.000670959	0.01	0.2	0.944061	0.589565	0
0.000670959	0.01	0.2	1.01158	0.631448	0
0.000670959	0.01	0.2	1.08393	0.658858	0
0.000670959	0.01	0.2	1.16145	0.670262	0
0.000670959	0.01	0.2	1.24451	0.670605	0
0.000670959	0.01	0.2	1.33352	0.676111	0
0.000670959	0.01	0.2	1.42889	0.719912	0
0.000670959	0.01	0.2	1.53109	0.857236	0
0.000670959	0.01	0.2	1.64059	1.16784	0
0.000670959	0.01	0.2	1.75792	1.75201	0
0.000670959	0.01	0.2	1.88365	2.71544	0
0.000670959	0.01	0.2	2.01837	4.13773	0
0.000670959	0.01	0.2	2.16272	6.02119	0
0.000670959	0.01	0.2	2.31739	8.22351	0
0.000670959	0.01	0.2	2.48313	10.395	0
0.000670959	0.01	0.2	2.66073	11.9703	0
0.000670959	0.01	0.2	2.85102	12.2941	0
0.000670959	0.01	0.2	3.05492	10.9392	0
0.000670959	0.01	0.2	3.27341	8.1432	0
0.000670959	0.01	0.2	3.50752	5.05043	0
0.000670959	0.01	0.2	3.75837	3.3337	0
0.000670959	0.01	0.2	4.02717	4.13773	0
0.000670959	0.01	0.2	4.31519	7.07055	0
0.000670959	0.01	0.2	4.62381	10.2682	0
0.000670959	0.01	0.2	4.9545	11.6824	0
0.000670959	0.01	0.2	5.30884	10.5678	0
0.000670959	0.01	0.2	5.68853	7.88042	0
0.000670959	0.01	0.2	6.09537	5.1506	0
0.000670959	0.01	0.2	6.53131	3.50122	0
0.000670959	0.01	0.2	6.99842	4.15979	0
0.000670959	0.01	0.2	7.49894	7.23965	0
0.000670959	0.01	0.2	8.03526	10.1139	0
0.000670959	0.01	0.2	8.60994	10.9553	0
0.000670959	0.01	0.2	9.22571	10.3414	0
0.000670959	0.01	0.2	9.88553	9.40129	0
0.000670959	0.01	0.2	10.5925	8.73355	0
0.000670959	0.01	0.2	11.3501	8.51045	0
0.000670959	0.01	0.2	12.1619	9.81078	0
0.000670959	0.01	0.2	13.0317	12.754	0
0.000670959	0.01	0.2	13.9637	14.1318	0
0.000670959	0.01	0.2	14.9624	11.0788	0
0.000670959	0.01	0.2	16.0325	6.55423	0
0.000670959	0.01	0.2	17.1791	4.98886	0
0.000670959	0.01	0.2	18.4077	6.23824	0
0.000670959	0.01	0.2	19.7242	6.08209	0
0.000670959	0.01	0.2	21.1349	4.63583	0
0.000670959	0.01	0.2	22.6464	4.16435	0
0.000670959	0.01	0.2	24.2661	3.21056	0
0.000670959	0.01	0.2	26.0016	2.81412	0
0.000670959	0.01	0.2	27.8612	2.56223	0
0.000670959	0.01	0.2	29.8538	1.8879	0
0.000670959	0.01	0.2	31.989	3.85927	0
0.000670959	0.01	0.2	34.2768	3.19292	0
0.000670959	0.01	0.2	36.7282	2.23502	0
0.000670959	0.01	0.2	39.355	4.756	0
0.000670959	0.01	0.2	42.1697	2.23214	0
0.000670959	0.01	0.2	45.1856	3.05885	0
0.000670959	0.01	0.2	48.4172	3.97904	0
0.000670959	0.01	0.2	51.88	1.31265	0
0.000670959	0.01	0.2	55.5904	2.85058	0
0.000670959	0.01	0.2	59.5662	1.50812	0
0.000670959	0.01	0.2	63.8263	1.39854	0
0.000670959	0.01	0.2	68.3912	1.17408	0
0.000670959	0.01	0.2	73.2825	0.681267	0
0.000670959	0.01	0.2	78.5236	0.712854	0
0.000670959	0.01	0.2	84.1395	0.590513	0
0.000670959	0.01	0.2	90.1571	0.625294	0
0.000670959	0.01	0.2	96.6051	0.334211	0
0.000733073	0.01	0.2	0.103514	0.173286	0
0.000733073	0.01	0.2	0.110917	0.172278	0
0.000733073	0.01	0.2	0.11885	0.171146	0
0.000733073	0.01	0.2	0.12735	0.169878	0
0.000733073	0.01	0.2	0.136458	0.168465	0
0.000733073	0.01	0.2	0.146218	0.166896	0
0.000733073	0.01	0.2	0.156675	0.165167	0
0.000733073	0.01	0.2	0.16788	0.163273	0
0.000733073	0.01	0.2	0.179887	0.16122	0
0.000733073	0.01	0.2	0.192752	0.159018	0
0.000733073	0.01	0.2	0.206538	0.156691	0
0.000733073	0.01	0.2	0.221309	0.154278	0
0.000733073	0.01	0.2	0.237137	0.151839	0
0.000733073	0.01	0.2	0.254097	0.149464	0
0.000733073	0.01	0.2	0.27227	0.147276	0
0.000733073	0.01	0.2	0.291743	0.145444	0
0.000733073	0.01	0.2	0.312608	0.144194	0
0.000733073	0.01	0.2	0.334965	0.143822	0
0.000733073	0.01	0.2	0.358922	0.144701	0
0.000733073	0.01	0.2	0.384592	0.1473	0
0.000733073	0.01	0.2	0.412098	0.152188	0
0.000733073	0.01	0.2	0.44157	0.160038	0
0.000733073	0.01	0.2	0.473151	0.171622	0
0.000733073	0.01	0.2	0.506991	0.18778	0
0.000733073	0.01	0.2	0.54325	0.209376	0
0.000733073	0.01	0.2	0.582103	0.237213	0
0.000733073	0.01	0.2	0.623735	0.271907	0
0.000733073	0.01	0.2	0.668344	0.313712	0
0.000733073	0.01	0.2	0.716143	0.362298	0
0.000733073	0.01	0.2	0.767361	0.416498	0
0.000733073	0.01	0.2	0.822243	0.474066	0
0.000733073	0.01	0.2	0.881049	0.531533	0
0.000733073	0.01	0.2	0.944061	0.584302	0
0.000733073	0.01	0.2	1.01158	0.627179	0
0.000733073	0.01	0.2	1.08393	0.655631	0
0.000733073	0.01	0.2	1.16145	0.668055	0
0.000733073	0.01	0.2	1.24451	0.669312	0
0.000733073	0.01	0.2	1.33352	0.675537	0
0.000733073	0.01	0.2	1.42889	0.719778	0
0.000733073	0.01	0.2	1.53109	0.857208	0
0.000733073	0.01	0.2	1.64059	1.16758	0
0.000733073	0.01	0.2	1.75792	1.75127	0
0.000733073	0.01	0.2	1.88365	2.71416	0
0.000733073	0.01	0.2	2.01837	4.13614	0
0.000733073	0.01	0.2	2.16272	6.01992	0
0.000733073	0.01	0.2	2.31739	8.22358	0
0.000733073	0.01	0.2	2.48313	10.3977	0
0.000733073	0.01	0.2	2.66073	11.9774	0
0.000733073	0.01	0.2	2.85102	12.3071	0
0.000733073	0.01	0.2	3.05492	10.9592	0
0.000733073	0.01	0.2	3.27341	8.16981	0
0.000733073	0.01	0.2	3.50752	5.08165	0
0.000733073	0.01	0.2	3.75837	3.36564	0
0.000733073	0.01	0.2	4.02717	4.16556	0
0.000733073	0.01	0.2	4.31519	7.0902	0
0.000733073	0.01	0.2	4.62381	10.2782	0
0.000733073	0.01	0.2	4.9545	11.685	0
0.000733073	0.01	0.2	5.30884	10.5674	0
0.000733073	0.01	0.2	5.68853	7.88168	0
0.000733073	0.01	0.2	6.09537	5.15648	0
0.000733073	0.01	0.2	6.53131	3.51313	0
0.000733073	0.01	0.2	6.99842	4.1786	0
0.000733073	0.01	0.2	7.49894	7.2663	0
0.000733073	0.01	0.2	8.03526	10.1482	0
0.000733073	0.01	0.2	8.60994	10.9938	0
0.000733073	0.01	0.2	9.22571	10.3769	0
0.000733073	0.01	0.2	9.88553	9.42878	0
0.000733073	0.01	0.2	10.5925	8.75608	0
0.000733073	0.01	0.2	11.3501	8.53488	0
0.000733073	0.01	0.2	12.1619	9.83986	0
0.000733073	0.01	0.2	13.0317	12.7842	0
0.000733073	0.01	0.2	13.9637	14.1583	0
0.000733073	0.01	0.2	14.9624	11.098	0
0.000733073	0.01	0.2	16.0325	6.56662	0
0.000733073	0.01	0.2	17.1791	4.99908	0
0.000733073	0.01	0.2	18.4077	6.24907	0
0.000733073	0.01	0.2	19.7242	6.09166	0
0.000733073	0.01	0.2	21.1349	4.64247	0
0.000733073	0.01	0.2	22.6464	4.17057	0
0.000733073	0.01	0.2	24.2661	3.22211	0
0.000733073	0.01	0.2	26.0016	2.83387	0
0.000733073	0.01	0.2	27.8612	2.585	0
0.000733073	0.01	0.2	29.8538	1.90408	0
0.000733073	0.01	0.2	31.989	3.86912	0
0.000733073	0.01	0.2	34.2768	3.2074	0
0.000733073	0.01	0.2	36.7282	2.26046	0
0.000733073	0.01	0.2	39.355	4.78322	0
0.000733073	0.01	0.2	42.1697	2.25084	0
0.000733073	0.01	0.2	45.1856	3.06781	0
0.000733073	0.01	0.2	48.4172	3.98923	0
0.000733073	0.01	0.2	51.88	1.33168	0
0.000733073	0.01	0.2	55.5904	2.87247	0
0.000733073	0.01	0.2	59.5662	1.5245	0
0.000733073	0.01	0.2	63.8263	1.41043	0
0.000733073	0.01	0.2	68.3912	1.18935	0
0.000733073	0.01	0.2	73.2825	0.698671	0
0.000733073	0.01	0.2	78.5236	0.72924	0
0.000733073	0.01	0.2	84.1395	0.604947	0
0.000733073	0.01	0.2	90.1571	0.641367	0
0.000733073	0.01	0.2	96.6051	0.350081	0
0.000800936	0.01	0.2	0.103514	0.172644	0
0.000800936	0.01	0.2	0.110917	0.171545	0
0.000800936	0.01	0.2	0.11885	0.170309	0
0.000800936	0.01	0.2	0.12735	0.168923	0
0.000800936	0.01	0.2	0.136458	0.167375	0
0.000800936	0.01	0.2	0.146218	0.165655	0
0.000800936	0.01	0.2	0.156675	0.163754	0
0.000800936	0.01	0.2	0.16788	0.161668	0
0.000800936	0.01	0.2	0.179887	0.159398	0
0.000800936	0.01	0.2	0.192752	0.156954	0
0.000800936	0.01	0.2	0.206538	0.154357	0
0.000800936	0.01	0.2	0.221309	0.151645	0
0.000800936	0.01	0.2	0.237137	0.148877	0
0.000800936	0.01	0.2	0.254097	0.146142	0
0.000800936	0.01	0.2	0.27227	0.143562	0
0.000800936	0.01	0.2	0.291743	0.141309	0
0.000800936	0.01	0.2	0.312608	0.139611	0
0.000800936	0.01	0.2	0.334965	0.138768	0
0.000800936	0.01	0.2	0.358922	0.139161	0
0.000800936	0.01	0.2	0.384592	0.14127	0
0.000800936	0.01	0.2	0.412098	0.145676	0
0.000800936	0.01	0.2	0.44157	0.15307	0
0.000800936	0.01	0.2	0.473151	0.164243	0
0.000800936	0.01	0.2	0.506991	0.180061	0
0.000800936	0.01	0.2	0.54325	0.201416	0
0.000800936	0.01	0.2	0.582103	0.22914	0
0.000800936	0.01	0.2	0.623735	0.263879	0
0.000800936	0.01	0.2	0.668344	0.305916	0
0.000800936	0.01	0.2	0.716143	0.354943	0
0.000800936	0.01	0.2	0.767361	0.409808	0
0.000800936	0.01	0.2	0.822243	0.468269	0
0.000800936	0.01	0.2	0.881049	0.526845	0
0.000800936	0.01	0.2	0.944061	0.580909	0
0.000800936	0.01	0.2	1.01158	0.625222	0
0.000800936	0.01	0.2	1.08393	0.655181	0
0.000800936	0.01	0.2	1.16145	0.669102	0
0.000800936	0.01	0.2	1.24451	0.671743	0
0.000800936	0.01	0.2	1.33352	0.679135	0
0.000800936	0.01	0.2	1.42889	0.724221	0
0.000800936	0.01	0.2	1.53109	0.862102	0
0.000800936	0.01	0.2	1.64059	1.17251	0
0.000800936	0.01	0.2	1.75792	1.75592	0
0.000800936	0.01	0.2	1.88365	2.71842	0
0.000800936	0.01	0.2	2.01837	4.14023	0
0.000800936	0.01	0.2	2.16272	6.02447	0
0.000800936	0.01	0.2	2.31739	8.22969	0
0.000800936	0.01	0.2	2.48313	10.4069	0
0.000800936	0.01	0.2	2.66073	11.9914	0
0.000800936	0.01	0.2	2.85102	12.3277	0
0.000800936	0.01	0.2	3.05492	10.9875	0
0.000800936	0.01	0.2	3.27341	8.20575	0
0.000800936	0.01	0.2	3.50752	5.12287	0
0.000800936	0.01	0.2	3.75837	3.40785	0
0.000800936	0.01	0.2	4.02717	4.20342	0
0.000800936	0.01	0.2	4.31519	7.11919	0
0.000800936	0.01	0.2	4.62381	10.2969	0
0.000800936	0.01	0.2	4.9545	11.6956	0
0.000800936	0.01	0.2	5.30884	10.5749	0
0.000800936	0.01	0.2	5.68853	7.89094	0
0.000800936	0.01	0.2	6.09537	5.17085	0
0.000800936	0.01	0.2	6.53131	3.53423	0
0.000800936	0.01	0.2	6.99842	4.20741	0
0.000800936	0.01	0.2	7.49894	7.30375	0
0.000800936	0.01	0.2	8.03526	10.194	0
0.000800936	0.01	0.2	8.60994	11.0438	0
0.000800936	0.01	0.2	9.22571	10.4233	0
0.000800936	0.01	0.2	9.88553	9.46613	0
0.000800936	0.01	0.2	10.5925	8.78782	0
0.000800936	0.01	0.2	11.3501	8.56847	0
0.000800936	0.01	0.2	12.1619	9.87825	0
0.000800936	0.01	0.2	13.0317	12.8235	0
0.000800936	0.01	0.2	13.9637	14.1935	0
0.000800936	0.01	0.2	14.9624	11.1252	0
0.000800936	0.01	0.2	16.0325	6.58645	0
0.000800936	0.01	0.2	17.1791	5.0166	0
0.000800936	0.01	0.2	18.4077	6.26736	0
0.000800936	0.01	0.2	19.7242	6.10861	0
0.000800936	0.01	0.2	21.1349	4.65624	0
0.000800936	0.01	0.2	22.6464	4.18382	0
0.000800936	0.01	0.2	24.2661	3.24109	0
0.000800936	0.01	0.2	26.0016	2.86175	0
0.000800936	0.01	0.2	27.8612	2.61617	0
0.000800936	0.01	0.2	29.8538	1.92807	0
0.000800936	0.01	0.2	31.989	3.88625	0
0.000800936	0.01	0.2	34.2768	3.22967	0
0.000800936	0.01	0.2	36.7282	2.29482	0
0.000800936	0.01	0.2	39.355	4.8196	0
0.000800936	0.01	0.2	42.1697	2.27793	0
0.000800936	0.01	0.2	45.1856	3.08421	0
0.000800936	0.01	0.2	48.4172	4.00692	0
0.000800936	0.01	0.2	51.88	1.35899	0
0.000800936	0.01	0.2	55.5904	2.90285	0
0.000800936	0.01	0.2	59.5662	1.54877	0
0.000800936	0.01	0.2	63.8263	1.42977	0
0.000800936	0.01	0.2	68.3912	1.21239	0
0.000800936	0.01	0.2	73.2825	0.724043	0
0.000800936	0.01	0.2	78.5236	0.753465	0
0.000800936	0.01	0.2	84.1395	0.627044	0
0.000800936	0.01	0.2	90.1571	0.665275	0
0.000800936	0.01	0.2	96.6051	0.373778	0
0.000875083	0.01	0.2	0.103514	0.171945	0
0.000875083	0.01	0.2	0.110917	0.170747	0
0.000875083	0.01	0.2	0.11885	0.169397	0
0.000875083	0.01	0.2	0.12735	0.167882	0
0.000875083	0.01	0.2	0.136458	0.166189	0
0.000875083	0.01	0.2	0.146218	0.164304	0
0.000875083	0.01	0.2	0.156675	0.162217	0
0.000875083	0.01	0.2	0.16788	0.159923	0
0.000875083	0.01	0.2	0.179887	0.157419	0
0.000875083	0.01	0.2	0.192752	0.154714	0
0.000875083	0.01	0.2	0.206538	0.151827	0
0.000875083	0.01	0.2	0.221309	0.148795	0
0.000875083	0.01	0.2	0.237137	0.145676	0
0.000875083	0.01	0.2	0.254097	0.142557	0
0.000875083	0.01	0.2	0.27227	0.139562	0
0.000875083	0.01	0.2	0.291743	0.136866	0
0.000875083	0.01	0.2	0.312608	0.134701	0
0.000875083	0.01	0.2	0.334965	0.133372	0
0.000875083	0.01	0.2	0.358922	0.13327	0
0.000875083	0.01	0.2	0.384592	0.134888	0
0.000875083	0.01	0.2	0.412098	0.138823	0
0.000875083	0.01	0.2	0.44157	0.145788	0
0.000875083	0.01	0.2	0.473151	0.1566	0
0.000875083	0.01	0.2	0.506991	0.172153	0
0.000875083	0.01	0.2	0.54325	0.193373	0
0.000875083	0.01	0.2	0.582103	0.221129	0
0.000875083	0.01	0.2	0.623735	0.256102	0
0.000875083	0.01	0.2	0.668344	0.298608	0
0.000875083	0.01	0.2	0.716143	0.348367	0
0.000875083	0.01	0.2	0.767361	0.404245	0
0.000875083	0.01	0.2	0.822243	0.464003	0
0.000875083	0.01	0.2	0.881049	0.524147	0
0.000875083	0.01	0.2	0.944061	0.580016	0
0.000875083	0.01	0.2	1.01158	0.626313	0
0.000875083	0.01	0.2	1.08393	0.65836	0
0.000875083	0.01	0.2	1.16145	0.674371	0
0.000875083	0.01	0.2	1.24451	0.678988	0
0.000875083	0.01	0.2	1.33352	0.68811	0
0.000875083	0.01	0.2	1.42889	0.734555	0
0.000875083	0.01	0.2	1.53109	0.873329	0
0.000875083	0.01	0.2	1.64059	1.18414	0
0.000875083	0.01	0.2	1.75792	1.76753	0
0.000875083	0.01	0.2	1.88365	2.72983	0
0.000875083	0.01	0.2	2.01837	4.15164	0
0.000875083	0.01	0.2	2.16272	6.03654	0
0.000875083	0.01	0.2	2.31739	8.24358	0
0.000875083	0.01	0.2	2.48313	10.4243	0
0.000875083	0.01	0.2	2.66073	12.0142	0
0.000875083	0.01	0.2	2.85102	12.3579	0
0.000875083	0.01	0.2	3.05492	11.0265	0
0.000875083	0.01	0.2	3.27341	8.25323	0
0.000875083	0.01	0.2	3.50752	5.1764	0
0.000875083	0.01	0.2	3.75837	3.4627	0
0.000875083	0.01	0.2	4.02717	4.2537	0
0.000875083	0.01	0.2	4.31519	7.15988	0
0.000875083	0.01	0.2	4.62381	10.3263	0
0.000875083	0.01	0.2	4.9545	11.7163	0
0.000875083	0.01	0.2	5.30884	10.5922	0
0.000875083	0.01	0.2	5.68853	7.91046	0
0.000875083	0.01	0.2	6.09537	5.19605	0
0.000875083	0.01	0.2	6.53131	3.56691	0
0.000875083	0.01	0.2	6.99842	4.24874	0
0.000875083	0.01	0.2	7.49894	7.35463	0
0.000875083	0.01	0.2	8.03526	10.2537	0
0.000875083	0.01	0.2	8.60994	11.108	0
0.000875083	0.01	0.2	9.22571	10.4832	0
0.000875083	0.01	0.2	9.88553	9.5157	0
0.000875083	0.01	0.2	10.5925	8.83102	0
0.000875083	0.01	0.2	11.3501	8.61342	0
0.000875083	0.01	0.2	12.1619	9.92809	0
0.000875083	0.01	0.2	13.0317	12.8741	0
0.000875083	0.01	0.2	13.9637	14.2394	0
0.000875083	0.01	0.2	14.9624	11.1624	0
0.000875083	0.01	0.2	16.0325	6.61561	0
0.000875083	0.01	0.2	17.1791	5.04334	0
0.000875083	0.01	0.2	18.4077	6.29507	0
0.000875083	0.01	0.2	19.7242	6.13488	0
0.000875083	0.01	0.2	21.1349	4.67908	0
0.000875083	0.01	0.2	22.6464	4.20602	0
0.000875083	0.01	0.2	24.2661	3.26944	0
0.000875083	0.01	0.2	26.0016	2.89973	0
0.000875083	0.01	0.2	27.8612	2.65773	0
0.000875083	0.01	0.2	29.8538	1.9618	0
0.000875083	0.01	0.2	31.989	3.91256	0
0.000875083	0.01	0.2	34.2768	3.26169	0
0.000875083	0.01	0.2	36.7282	2.34019	0
0.000875083	0.01	0.2	39.355	4.86727	0
0.000875083	0.01	0.2	42.1697	2.31547	0
0.000875083	0.01	0.2	45.1856	3.11	0
0.000875083	0.01	0.2	48.4172	4.03407	0
0.000875083	0.01	0.2	51.88	1.39663	0
0.000875083	0.01	0.2	55.5904	2.94376	0
0.000875083	0.01	0.2	59.5662	1.58289	0
0.000875083	0.01	0.2	63.8263	1.45846	0
0.000875083	0.01	0.2	68.3912	1.24514	0
0.000875083	0.01	0.2	73.2825	0.759352	0
0.000875083	0.01	0.2	78.5236	0.78748	0
0.000875083	0.01	0.2	84.1395	0.658738	0
0.000875083	0.01	0.2	90.1571	0.698973	0
0.000875083	0.01	0.2	96.6051	0.407258	0
0.000956093	0.01	0.2	0.103514	0.171183	0
0.000956093	0.01	0.2	0.110917	0.169876	0
0.000956093	0.01	0.2	0.11885	0.168403	0
0.000956093	0.01	0.2	0.12735	0.166749	0
0.000956093	0.01	0.2	0.136458	0.164897	0
0.000956093	0.01	0.2	0.146218	0.162834	0
0.000956093	0.01	0.2	0.156675	0.160547	0
0.000956093	0.01	0.2	0.16788	0.158027	0
0.000956093	0.01	0.2	0.179887	0.155271	0
0.000956093	0.01	0.2	0.192752	0.152286	0
0.000956093	0.01	0.2	0.206538	0.149088	0
0.000956093	0.01	0.2	0.221309	0.145714	0
0.000956093	0.01	0.2	0.237137	0.14222	0
0.000956093	0.01	0.2	0.254097	0.138694	0
0.000956093	0.01	0.2	0.27227	0.135263	0
0.000956093	0.01	0.2	0.291743	0.132103	0
0.000956093	0.01	0.2	0.312608	0.129452	0
0.000956093	0.01	0.2	0.334965	0.127626	0
0.000956093	0.01	0.2	0.358922	0.127026	0
0.000956093	0.01	0.2	0.384592	0.128161	0
0.000956093	0.01	0.2	0.412098	0.13165	0
0.000956093	0.01	0.2	0.44157	0.13823	0
0.000956093	0.01	0.2	0.473151	0.14875	0
0.000956093	0.01	0.2	0.506991	0.164141	0
0.000956093	0.01	0.2	0.54325	0.185368	0
0.000956093	0.01	0.2	0.582103	0.213344	0
0.000956093	0.01	0.2	0.623735	0.248792	0
0.000956093	0.01	0.2	0.668344	0.292068	0
0.000956093	0.01	0.2	0.716143	0.342927	0
0.000956093	0.01	0.2	0.767361	0.400253	0
0.000956093	0.01	0.2	0.822243	0.461812	0
0.000956093	0.01	0.2	0.881049	0.524094	0
0.000956093	0.01	0.2	0.944061	0.582398	0
0.000956093	0.01	0.2	1.01158	0.631362	0
0.000956093	0.01	0.2	1.08393	0.666215	0
0.000956093	0.01	0.2	1.16145	0.685054	0
0.000956093	0.01	0.2	1.24451	0.692379	0
0.000956093	0.01	0.2	1.33352	0.703936	0
0.000956093	0.01	0.2	1.42889	0.752386	0
0.000956093	0.01	0.2	1.53109	0.892612	0
0.000956093	0.01	0.2	1.64059	1.20428	0
0.000956093	0.01	0.2	1.75792	1.78801	0
0.000956093	0.01	0.2	1.88365	2.75037	0
0.000956093	0.01	0.2	2.01837	4.17239	0
0.000956093	0.01	0.2	2.16272	6.05819	0
0.000956093	0.01	0.2	2.31739	8.26738	0
0.000956093	0.01	0.2	2.48313	10.452	0
0.000956093	0.01	0.2	2.66073	12.048	0
0.000956093	0.01	0.2	2.85102	12.4	0
0.000956093	0.01	0.2	3.05492	11.0785	0
0.000956093	0.01	0.2	3.27341	8.3149	0
0.000956093	0.01	0.2	3.50752	5.24503	0
0.000956093	0.01	0.2	3.75837	3.53306	0
0.000956093	0.01	0.2	4.02717	4.31925	0
0.000956093	0.01	0.2	4.31519	7.21507	0
0.000956093	0.01	0.2	4.62381	10.3693	0
0.000956093	0.01	0.2	4.9545	11.75	0
0.000956093	0.01	0.2	5.30884	10.6224	0
0.000956093	0.01	0.2	5.68853	7.94303	0
0.000956093	0.01	0.2	6.09537	5.2349	0
0.000956093	0.01	0.2	6.53131	3.61412	0
0.000956093	0.01	0.2	6.99842	4.30565	0
0.000956093	0.01	0.2	7.49894	7.42212	0
0.000956093	0.01	0.2	8.03526	10.3308	0
0.000956093	0.01	0.2	8.60994	11.1894	0
0.000956093	0.01	0.2	9.22571	10.5595	0
0.000956093	0.01	0.2	9.88553	9.58029	0
0.000956093	0.01	0.2	10.5925	8.88836	0
0.000956093	0.01	0.2	11.3501	8.67235	0
0.000956093	0.01	0.2	12.1619	9.99198	0
0.000956093	0.01	0.2	13.0317	12.9385	0
0.000956093	0.01	0.2	13.9637	14.2985	0
0.000956093	0.01	0.2	14.9624	11.2119	0
0.000956093	0.01	0.2	16.0325	6.65643	0
0.000956093	0.01	0.2	17.1791	5.08162	0
0.000956093	0.01	0.2	18.4077	6.33455	0
0.000956093	0.01	0.2	19.7242	6.17284	0
0.000956093	0.01	0.2	21.1349	4.71333	0
0.000956093	0.01	0.2	22.6464	4.23948	0
0.000956093	0.01	0.2	24.2661	3.3095	0
0.000956093	0.01	0.2	26.0016	2.9502	0
0.000956093	0.01	0.2	27.8612	2.71209	0
0.000956093	0.01	0.2	29.8538	2.00765	0
0.000956093	0.01	0.2	31.989	3.95037	0
0.000956093	0.01	0.2	34.2768	3.30587	0
0.000956093	0.01	0.2	36.7282	2.39911	0
0.000956093	0.01	0.2	39.355	4.92882	0
0.000956093	0.01	0.2	42.1697	2.36597	0
0.000956093	0.01	0.2	45.1856	3.14759	0
0.000956093	0.01	0.2	48.4172	4.07308	0
0.000956093	0.01	0.2	51.88	1.44706	0
0.000956093	0.01	0.2	55.5904	2.99767	0
0.000956093	0.01	0.2	59.5662	1.62926	0
0.000956093	0.01	0.2	63.8263	1.49885	0
0.000956093	0.01	0.2	68.3912	1.28997	0
0.000956093	0.01	0.2	73.2825	0.806986	0
0.000956093	0.01	0.2	78.5236	0.833655	0
0.000956093	0.01	0.2	84.1395	0.702382	0
0.000956093	0.01	0.2	90.1571	0.744834	0
0.000956093	0.01	0.2	96.6051	0.452897	0
0.0010446	0.01	0.2	0.103514	0.170353	0
0.0010446	0.01	0.2	0.110917	0.168927	0
0.0010446	0.01	0.2	0.11885	0.167321	0
0.0010446	0.01	0.2	0.12735	0.165515	0
0.0010446	0.01	0.2	0.136458	0.163492	0
0.0010446	0.01	0.2	0.146218	0.161236	0
0.0010446	0.01	0.2	0.156675	0.158731	0
0.0010446	0.01	0.2	0.16788	0.155968	0
0.0010446	0.01	0.2	0.179887	0.152942	0
0.0010446	0.01	0.2	0.192752	0.149655	0
0.0010446	0.01	0.2	0.206538	0.146125	0
0.0010446	0.01	0.2	0.221309	0.142385	0
0.0010446	0.01	0.2	0.237137	0.138493	0
0.0010446	0.01	0.2	0.254097	0.134537	0
0.0010446	0.01	0.2	0.27227	0.130648	0
0.0010446	0.01	0.2	0.291743	0.127006	0
0.0010446	0.01	0.2	0.312608	0.123857	0
0.0010446	0.01	0.2	0.334965	0.121527	0
0.0010446	0.01	0.2	0.358922	0.120434	0
0.0010446	0.01	0.2	0.384592	0.121105	0
0.0010446	0.01	0.2	0.412098	0.124186	0
0.0010446	0.01	0.2	0.44157	0.130446	0
0.0010446	0.01	0.2	0.473151	0.140771	0
0.0010446	0.01	0.2	0.506991	0.156136	0
0.0010446	0.01	0.2	0.54325	0.177555	0
0.0010446	0.01	0.2	0.582103	0.205991	0
0.0010446	0.01	0.2	0.623735	0.242221	0
0.0010446	0.01	0.2	0.668344	0.286648	0
0.0010446	0.01	0.2	0.716143	0.339064	0
0.0010446	0.01	0.2	0.767361	0.398379	0
0.0010446	0.01	0.2	0.822243	0.462364	0
0.0010446	0.01	0.2	0.881049	0.527491	0
0.0010446	0.01	0.2	0.944061	0.58901	0
0.0010446	0.01	0.2	1.01158	0.641482	0
0.0010446	0.01	0.2	1.08393	0.680028	0
0.0010446	0.01	0.2	1.16145	0.702605	0
0.0010446	0.01	0.2	1.24451	0.713549	0
0.0010446	0.01	0.2	1.33352	0.728413	0
0.0010446	0.01	0.2	1.42889	0.779675	0
0.0010446	0.01	0.2	1.53109	0.922058	0
0.0010446	0.01	0.2	1.64059	1.23515	0
0.0010446	0.01	0.2	1.75792	1.81967	0
0.0010446	0.01	0.2	1.88365	2.78245	0
0.0010446	0.01	0.2	2.01837	4.20497	0
0.0010446	0.01	0.2	2.16272	6.09195	0
0.0010446	0.01	0.2	2.31739	8.30366	0
0.0010446	0.01	0.2	2.48313	10.4927	0
0.0010446	0.01	0.2	2.66073	12.0956	0
0.0010446	0.01	0.2	2.85102	12.457	0
0.0010446	0.01	0.2	3.05492	11.1465	0
0.0010446	0.01	0.2	3.27341	8.39397	0
0.0010446	0.01	0.2	3.50752	5.33212	0
0.0010446	0.01	0.2	3.75837	3.62238	0
0.0010446	0.01	0.2	4.02717	4.40356	0
0.0010446	0.01	0.2	4.31519	7.28819	0
0.0010446	0.01	0.2	4.62381	10.4292	0
0.0010446	0.01	0.2	4.9545	11.7998	0
0.0010446	0.01	0.2	5.30884	10.6686	0
0.0010446	0.01	0.2	5.68853	7.99201	0
0.0010446	0.01	0.2	6.09537	5.29087	0
0.0010446	0.01	0.2	6.53131	3.67944	0
0.0010446	0.01	0.2	6.99842	4.38186	0
0.0010446	0.01	0.2	7.49894	7.51005	0
0.0010446	0.01	0.2	8.03526	10.4289	0
0.0010446	0.01	0.2	8.60994	11.292	0
0.0010446	0.01	0.2	9.22571	10.6559	0
0.0010446	0.01	0.2	9.88553	9.66332	0
0.0010446	0.01	0.2	10.5925	8.96314	0
0.0010446	0.01	0.2	11.3501	8.74848	0
0.0010446	0.01	0.2	12.1619	10.073	0
0.0010446	0.01	0.2	13.0317	13.0197	0
0.0010446	0.01	0.2	13.9637	14.3738	0
0.0010446	0.01	0.2	14.9624	11.2767	0
0.0010446	0.01	0.2	16.0325	6.71171	0
0.0010446	0.01	0.2	17.1791	5.13426	0
0.0010446	0.01	0.2	18.4077	6.38869	0
0.0010446	0.01	0.2	19.7242	6.22535	0
0.0010446	0.01	0.2	21.1349	4.76184	0
0.0010446	0.01	0.2	22.6464	4.28705	0
0.0010446	0.01	0.2	24.2661	3.36409	0
0.0010446	0.01	0.2	26.0016	3.01606	0
0.0010446	0.01	0.2	27.8612	2.78218	0
0.0010446	0.01	0.2	29.8538	2.06848	0
0.0010446	0.01	0.2	31.989	4.00252	0
0.0010446	0.01	0.2	34.2768	3.3651	0
0.0010446	0.01	0.2	36.7282	2.47465	0
0.0010446	0.01	0.2	39.355	5.00735	0
0.0010446	0.01	0.2	42.1697	2.43247	0
0.0010446	0.01	0.2	45.1856	3.19987	0
0.0010446	0.01	0.2	48.4172	4.12685	0
0.0010446	0.01	0.2	51.88	1.51326	0
0.0010446	0.01	0.2	55.5904	3.06757	0
0.0010446	0.01	0.2	59.5662	1.69075	0
0.0010446	0.01	0.2	63.8263	1.55376	0
0.0010446	0.01	0.2	68.3912	1.34974	0
0.0010446	0.01	0.2	73.2825	0.869843	0
0.0010446	0.01	0.2	78.5236	0.894859	0
0.0010446	0.01	0.2	84.1395	0.760828	0
0.0010446	0.01	0.2	90.1571	0.805736	0
0.0010446	0.01	0.2	96.6051	0.513576	0
0.00114131	0.01	0.2	0.103514	0.169447	0
0.00114131	0.01	0.2	0.110917	0.167894	0
0.00114131	0.01	0.2	0.11885	0.166142	0
0.00114131	0.01	0.2	0.12735	0.164172	0
0.00114131	0.01	0.2	0.136458	0.161964	0
0.00114131	0.01	0.2	0.146218	0.159499	0
0.00114131	0.01	0.2	0.156675	0.15676	0
0.00114131	0.01	0.2	0.16788	0.153735	0
0.00114131	0.01	0.2	0.179887	0.150417	0
0.00114131	0.01	0.2	0.192752	0.146807	0
0.00114131	0.01	0.2	0.206538	0.142921	0
0.00114131	0.01	0.2	0.221309	0.138793	0
0.00114131	0.01	0.2	0.237137	0.134479	0
0.00114131	0.01	0.2	0.254097	0.130072	0
0.00114131	0.01	0.2	0.27227	0.125705	0
0.00114131	0.01	0.2	0.291743	0.121566	0
0.00114131	0.01	0.2	0.312608	0.11791	0
0.00114131	0.01	0.2	0.334965	0.115078	0
0.00114131	0.01	0.2	0.358922	0.113506	0
0.00114131	0.01	0.2	0.384592	0.113747	0
0.00114131	0.01	0.2	0.412098	0.116478	0
0.00114131	0.01	0.2	0.44157	0.122507	0
0.00114131	0.01	0.2	0.473151	0.132766	0
0.00114131	0.01	0.2	0.506991	0.148284	0
0.00114131	0.01	0.2	0.54325	0.170132	0
0.00114131	0.01	0.2	0.582103	0.199336	0
0.00114131	0.01	0.2	0.623735	0.236733	0
0.00114131	0.01	0.2	0.668344	0.282784	0
0.00114131	0.01	0.2	0.716143	0.337328	0
0.00114131	0.01	0.2	0.767361	0.399303	0
0.00114131	0.01	0.2	0.822243	0.466486	0
0.00114131	0.01	0.2	0.881049	0.535326	0
0.00114131	0.01	0.2	0.944061	0.601019	0
0.00114131	0.01	0.2	1.01158	0.658034	0
0.00114131	0.01	0.2	1.08393	0.701364	0
0.00114131	0.01	0.2	1.16145	0.728801	0
0.00114131	0.01	0.2	1.24451	0.744482	0
0.00114131	0.01	0.2	1.33352	0.763736	0
0.00114131	0.01	0.2	1.42889	0.81881	0
0.00114131	0.01	0.2	1.53109	0.964229	0
0.00114131	0.01	0.2	1.64059	1.27949	0
0.00114131	0.01	0.2	1.75792	1.86537	0
0.00114131	0.01	0.2	1.88365	2.82899	0
0.00114131	0.01	0.2	2.01837	4.25237	0
0.00114131	0.01	0.2	2.16272	6.1409	0
0.00114131	0.01	0.2	2.31739	8.35558	0
0.00114131	0.01	0.2	2.48313	10.5497	0
0.00114131	0.01	0.2	2.66073	12.1603	0
0.00114131	0.01	0.2	2.85102	12.5322	0
0.00114131	0.01	0.2	3.05492	11.2343	0
0.00114131	0.01	0.2	3.27341	8.49431	0
0.00114131	0.01	0.2	3.50752	5.44171	0
0.00114131	0.01	0.2	3.75837	3.73483	0
0.00114131	0.01	0.2	4.02717	4.51082	0
0.00114131	0.01	0.2	4.31519	7.3834	0
0.00114131	0.01	0.2	4.62381	10.51	0
0.00114131	0.01	0.2	4.9545	11.8699	0
0.00114131	0.01	0.2	5.30884	10.7348	0
0.00114131	0.01	0.2	5.68853	8.06154	0
0.00114131	0.01	0.2	6.09537	5.36817	0
0.00114131	0.01	0.2	6.53131	3.76719	0
0.00114131	0.01	0.2	6.99842	4.48188	0
0.00114131	0.01	0.2	7.49894	7.62307	0
0.00114131	0.01	0.2	8.03526	10.5529	0
0.00114131	0.01	0.2	8.60994	11.4203	0
0.00114131	0.01	0.2	9.22571	10.7767	0
0.00114131	0.01	0.2	9.88553	9.76891	0
0.00114131	0.01	0.2	10.5925	9.05931	0
0.00114131	0.01	0.2	11.3501	8.84567	0
0.00114131	0.01	0.2	12.1619	10.1751	0
0.00114131	0.01	0.2	13.0317	13.1213	0
0.00114131	0.01	0.2	13.9637	14.4688	0
0.00114131	0.01	0.2	14.9624	11.3603	0
0.00114131	0.01	0.2	16.0325	6.78487	0
0.00114131	0.01	0.2	17.1791	5.2047	0
0.00114131	0.01	0.2	18.4077	6.46097	0
0.00114131	0.01	0.2	19.7242	6.29591	0
0.00114131	0.01	0.2	21.1349	4.8281	0
0.00114131	0.01	0.2	22.6464	4.35214	0
0.00114131	0.01	0.2	24.2661	3.43668	0
0.00114131	0.01	0.2	26.0016	3.10081	0
0.00114131	0.01	0.2	27.8612	2.87151	0
0.00114131	0.01	0.2	29.8538	2.14774	0
0.00114131	0.01	0.2	31.989	4.07242	0
0.00114131	0.01	0.2	34.2768	3.4429	0
0.00114131	0.01	0.2	36.7282	2.57051	0
0.00114131	0.01	0.2	39.355	5.10664	0
0.00114131	0.01	0.2	42.1697	2.51863	0
0.00114131	0.01	0.2	45.1856	3.2704	0
0.00114131	0.01	0.2	48.4172	4.19891	0
0.00114131	0.01	0.2	51.88	1.59885	0
0.00114131	0.01	0.2	55.5904	3.15708	0
0.00114131	0.01	0.2	59.5662	1.77088	0
0.00114131	0.01	0.2	63.8263	1.62664	0
0.00114131	0.01	0.2	68.3912	1.42794	0
0.00114131	0.01	0.2	73.2825	0.951424	0
0.00114131	0.01	0.2	78.5236	0.974567	0
0.00114131	0.01	0.2	84.1395	0.837531	0
0.00114131	0.01	0.2	90.1571	0.885164	0
0.00114131	0.01	0.2	96.6051	0.592781	0
0.00124696	0.01	0.2	0.103514	0.168461	0
0.00124696	0.01	0.2	0.110917	0.166768	0
0.00124696	0.01	0.2	0.11885	0.164859	0
0.00124696	0.01	0.2	0.12735	0.162711	0
0.00124696	0.01	0.2	0.136458	0.160302	0
0.00124696	0.01	0.2	0.146218	0.157611	0
0.00124696	0.01	0.2	0.156675	0.15462	0
0.00124696	0.01	0.2	0.16788	0.151313	0
0.00124696	0.01	0.2	0.179887	0.147682	0
0.00124696	0.01	0.2	0.192752	0.143727	0
0.00124696	0.01	0.2	0.206538	0.139462	0
0.00124696	0.01	0.2	0.221309	0.134922	0
0.00124696	0.01	0.2	0.237137	0.130165	0
0.00124696	0.01	0.2	0.254097	0.125286	0
0.00124696	0.01	0.2	0.27227	0.120424	0
0.00124696	0.01	0.2	0.291743	0.115776	0
0.00124696	0.01	0.2	0.312608	0.111611	0
0.00124696	0.01	0.2	0.334965	0.108286	0
0.00124696	0.01	0.2	0.358922	0.106264	0
0.00124696	0.01	0.2	0.384592	0.106126	0
0.00124696	0.01	0.2	0.412098	0.108589	0
0.00124696	0.01	0.2	0.44157	0.114509	0
0.00124696	0.01	0.2	0.473151	0.124872	0
0.00124696	0.01	0.2	0.506991	0.140772	0
0.00124696	0.01	0.2	0.54325	0.163351	0
0.00124696	0.01	0.2	0.582103	0.193708	0
0.00124696	0.01	0.2	0.623735	0.232756	0
0.00124696	0.01	0.2	0.668344	0.281021	0
0.00124696	0.01	0.2	0.716143	0.338397	0
0.00124696	0.01	0.2	0.767361	0.403858	0
0.00124696	0.01	0.2	0.822243	0.475189	0
0.00124696	0.01	0.2	0.881049	0.54881	0
0.00124696	0.01	0.2	0.944061	0.619853	0
0.00124696	0.01	0.2	1.01158	0.682678	0
0.00124696	0.01	0.2	1.08393	0.732128	0
0.00124696	0.01	0.2	1.16145	0.765801	0
0.00124696	0.01	0.2	1.24451	0.787594	0
0.00124696	0.01	0.2	1.33352	0.81257	0
0.00124696	0.01	0.2	1.42889	0.872692	0
0.00124696	0.01	0.2	1.53109	1.02224	0
0.00124696	0.01	0.2	1.64059	1.34058	0
0.00124696	0.01	0.2	1.75792	1.92854	0
0.00124696	0.01	0.2	1.88365	2.89357	0
0.00124696	0.01	0.2	2.01837	4.31827	0
0.00124696	0.01	0.2	2.16272	6.20878	0
0.00124696	0.01	0.2	2.31739	8.42695	0
0.00124696	0.01	0.2	2.48313	10.6269	0
0.00124696	0.01	0.2	2.66073	12.2462	0
0.00124696	0.01	0.2	2.85102	12.63	0
0.00124696	0.01	0.2	3.05492	11.3464	0
0.00124696	0.01	0.2	3.27341	8.62061	0
0.00124696	0.01	0.2	3.50752	5.5787	0
0.00124696	0.01	0.2	3.75837	3.87543	0
0.00124696	0.01	0.2	4.02717	4.64608	0
0.00124696	0.01	0.2	4.31519	7.50568	0
0.00124696	0.01	0.2	4.62381	10.6168	0
0.00124696	0.01	0.2	4.9545	11.9651	0
0.00124696	0.01	0.2	5.30884	10.8262	0
0.00124696	0.01	0.2	5.68853	8.1566	0
0.00124696	0.01	0.2	6.09537	5.47189	0
0.00124696	0.01	0.2	6.53131	3.88264	0
0.00124696	0.01	0.2	6.99842	4.61117	0
0.00124696	0.01	0.2	7.49894	7.76678	0
0.00124696	0.01	0.2	8.03526	10.7084	0
0.00124696	0.01	0.2	8.60994	11.5798	0
0.00124696	0.01	0.2	9.22571	10.9273	0
0.00124696	0.01	0.2	9.88553	9.90204	0
0.00124696	0.01	0.2	10.5925	9.18165	0
0.00124696	0.01	0.2	11.3501	8.96858	0
0.00124696	0.01	0.2	12.1619	10.3025	0
0.00124696	0.01	0.2	13.0317	13.2477	0
0.00124696	0.01	0.2	13.9637	14.5878	0
0.00124696	0.01	0.2	14.9624	11.4668	0
0.00124696	0.01	0.2	16.0325	6.88004	0
0.00124696	0.01	0.2	17.1791	5.29708	0
0.00124696	0.01	0.2	18.4077	6.5556	0
0.00124696	0.01	0.2	19.7242	6.38873	0
0.00124696	0.01	0.2	21.1349	4.91629	0
0.00124696	0.01	0.2	22.6464	4.43893	0
0.00124696	0.01	0.2	24.2661	3.53143	0
0.00124696	0.01	0.2	26.0016	3.20866	0
0.00124696	0.01	0.2	27.8612	2.98436	0
0.00124696	0.01	0.2	29.8538	2.24963	0
0.00124696	0.01	0.2	31.989	4.16421	0
0.00124696	0.01	0.2	34.2768	3.54353	0
0.00124696	0.01	0.2	36.7282	2.69115	0
0.00124696	0.01	0.2	39.355	5.23121	0
0.00124696	0.01	0.2	42.1697	2.6289	0
0.00124696	0.01	0.2	45.1856	3.36345	0
0.00124696	0.01	0.2	48.4172	4.29352	0
0.00124696	0.01	0.2	51.88	1.70818	0
0.00124696	0.01	0.2	55.5904	3.27054	0
0.00124696	0.01	0.2	59.5662	1.87388	0
0.00124696	0.01	0.2	63.8263	1.72163	0
0.00124696	0.01	0.2	68.3912	1.52876	0
0.00124696	0.01	0.2	73.2825	1.05596	0
0.00124696	0.01	0.2	78.5236	1.07698	0
0.00124696	0.01	0.2	84.1395	0.936669	0
0.00124696	0.01	0.2	90.1571	0.987329	0
0.00124696	0.01	0.2	96.6051	0.69473	0
0.0013624	0.01	0.2	0.103514	0.167386	0
0.0013624	0.01	0.2	0.110917	0.165543	0
0.0013624	0.01	0.2	0.11885	0.163463	0
0.0013624	0.01	0.2	0.12735	0.161122	0
0.0013624	0.01	0.2	0.136458	0.158496	0
0.0013624	0.01	0.2	0.146218	0.155562	0
0.0013624	0.01	0.2	0.156675	0.152299	0
0.0013624	0.01	0.2	0.16788	0.14869	0
0.0013624	0.01	0.2	0.179887	0.144723	0
0.0013624	0.01	0.2	0.192752	0.1404	0
0.0013624	0.01	0.2	0.206538	0.135733	0
0.0013624	0.01	0.2	0.221309	0.130757	0
0.0013624	0.01	0.2	0.237137	0.125535	0
0.0013624	0.01	0.2	0.254097	0.120165	0
0.0013624	0.01	0.2	0.27227	0.114795	0
0.0013624	0.01	0.2	0.291743	0.109633	0
0.0013624	0.01	0.2	0.312608	0.104965	0
0.0013624	0.01	0.2	0.334965	0.101171	0
0.0013624	0.01	0.2	0.358922	0.0987418	0
0.0013624	0.01	0.2	0.384592	0.0982992	0
0.0013624	0.01	0.2	0.412098	0.100606	0
0.0013624	0.01	0.2	0.44157	0.106576	0
0.0013624	0.01	0.2	0.473151	0.117264	0
0.0013624	0.01	0.2	0.506991	0.133839	0
0.0013624	0.01	0.2	0.54325	0.157529	0
0.0013624	0.01	0.2	0.582103	0.189523	0
0.0013624	0.01	0.2	0.623735	0.230819	0
0.0013624	0.01	0.2	0.668344	0.282027	0
0.0013624	0.01	0.2	0.716143	0.343105	0
0.0013624	0.01	0.2	0.767361	0.413069	0
0.0013624	0.01	0.2	0.822243	0.489711	0
0.0013624	0.01	0.2	0.881049	0.56942	0
0.0013624	0.01	0.2	0.944061	0.64725	0
0.0013624	0.01	0.2	1.01158	0.717434	0
0.0013624	0.01	0.2	1.08393	0.774638	0
0.0013624	0.01	0.2	1.16145	0.816227	0
0.0013624	0.01	0.2	1.24451	0.845819	0
0.0013624	0.01	0.2	1.33352	0.87815	0
0.0013624	0.01	0.2	1.42889	0.944843	0
0.0013624	0.01	0.2	1.53109	1.09987	0
0.0013624	0.01	0.2	1.64059	1.42242	0
0.0013624	0.01	0.2	1.75792	2.01337	0
0.0013624	0.01	0.2	1.88365	2.98051	0
0.0013624	0.01	0.2	2.01837	4.40709	0
0.0013624	0.01	0.2	2.16272	6.30014	0
0.0013624	0.01	0.2	2.31739	8.52241	0
0.0013624	0.01	0.2	2.48313	10.7289	0
0.0013624	0.01	0.2	2.66073	12.3581	0
0.0013624	0.01	0.2	2.85102	12.7553	0
0.0013624	0.01	0.2	3.05492	11.4879	0
0.0013624	0.01	0.2	3.27341	8.77848	0
0.0013624	0.01	0.2	3.50752	5.74896	0
0.0013624	0.01	0.2	3.75837	4.05022	0
0.0013624	0.01	0.2	4.02717	4.81545	0
0.0013624	0.01	0.2	4.31519	7.66111	0
0.0013624	0.01	0.2	4.62381	10.7555	0
0.0013624	0.01	0.2	4.9545	12.0914	0
0.0013624	0.01	0.2	5.30884	10.9485	0
0.0013624	0.01	0.2	5.68853	8.28328	0
0.0013624	0.01	0.2	6.09537	5.60822	0
0.0013624	0.01	0.2	6.53131	4.03213	0
0.0013624	0.01	0.2	6.99842	4.77629	0
0.0013624	0.01	0.2	7.49894	7.94795	0
0.0013624	0.01	0.2	8.03526	10.902	0
0.0013624	0.01	0.2	8.60994	11.7772	0
0.0013624	0.01	0.2	9.22571	11.1139	0
0.0013624	0.01	0.2	9.88553	10.0687	0
0.0013624	0.01	0.2	10.5925	9.33595	0
0.0013624	0.01	0.2	11.3501	9.12283	0
0.0013624	0.01	0.2	12.1619	10.461	0
0.0013624	0.01	0.2	13.0317	13.4043	0
0.0013624	0.01	0.2	13.9637	14.7359	0
0.0013624	0.01	0.2	14.9624	11.6012	0
0.0013624	0.01	0.2	16.0325	7.00219	0
0.0013624	0.01	0.2	17.1791	5.41642	0
0.0013624	0.01	0.2	18.4077	6.67771	0
0.0013624	0.01	0.2	19.7242	6.50894	0
0.0013624	0.01	0.2	21.1349	5.03153	0
0.0013624	0.01	0.2	22.6464	4.55246	0
0.0013624	0.01	0.2	24.2661	3.65338	0
0.0013624	0.01	0.2	26.0016	3.34473	0
0.0013624	0.01	0.2	27.8612	3.12584	0
0.0013624	0.01	0.2	29.8538	2.3792	0
0.0013624	0.01	0.2	31.989	4.28292	0
0.0013624	0.01	0.2	34.2768	3.67212	0
0.0013624	0.01	0.2	36.7282	2.84194	0
0.0013624	0.01	0.2	39.355	5.38653	0
0.0013624	0.01	0.2	42.1697	2.76863	0
0.0013624	0.01	0.2	45.1856	3.48421	0
0.0013624	0.01	0.2	48.4172	4.41587	0
0.0013624	0.01	0.2	51.88	1.84652	0
0.0013624	0.01	0.2	55.5904	3.41322	0
0.0013624	0.01	0.2	59.5662	2.00485	0
0.0013624	0.01	0.2	63.8263	1.84377	0
0.0013624	0.01	0.2	68.3912	1.65727	0
0.0013624	0.01	0.2	73.2825	1.18857	0
0.0013624	0.01	0.2	78.5236	1.20717	0
0.0013624	0.01	0.2	84.1395	1.06329	0
0.0013624	0.01	0.2	90.1571	1.11732	0
0.0013624	0.01	0.2	96.6051	0.824511	0
0.00148852	0.01	0.2	0.103514	0.166216	0
0.00148852	0.01	0.2	0.110917	0.164209	0
0.00148852	0.01	0.2	0.11885	0.161944	0
0.00148852	0.01	0.2	0.12735	0.159395	0
0.00148852	0.01	0.2	0.136458	0.156535	0
0.00148852	0.01	0.2	0.146218	0.153339	0
0.00148852	0.01	0.2	0.156675	0.149783	0
0.00148852	0.01	0.2	0.16788	0.145849	0
0.00148852	0.01	0.2	0.179887	0.141525	0
0.00148852	0.01	0.2	0.192752	0.13681	0
0.00148852	0.01	0.2	0.206538	0.131717	0
0.00148852	0.01	0.2	0.221309	0.126284	0
0.00148852	0.01	0.2	0.237137	0.120577	0
0.00148852	0.01	0.2	0.254097	0.114701	0
0.00148852	0.01	0.2	0.27227	0.108814	0
0.00148852	0.01	0.2	0.291743	0.10314	0
0.00148852	0.01	0.2	0.312608	0.0979861	0
0.00148852	0.01	0.2	0.334965	0.09376	0
0.00148852	0.01	0.2	0.358922	0.0909902	0
0.00148852	0.01	0.2	0.384592	0.0903444	0
0.00148852	0.01	0.2	0.412098	0.0926441	0
0.00148852	0.01	0.2	0.44157	0.0988719	0
0.00148852	0.01	0.2	0.473151	0.110165	0
0.00148852	0.01	0.2	0.506991	0.127785	0
0.00148852	0.01	0.2	0.54325	0.153063	0
0.00148852	0.01	0.2	0.582103	0.187293	0
0.00148852	0.01	0.2	0.623735	0.23158	0
0.00148852	0.01	0.2	0.668344	0.286629	0
0.00148852	0.01	0.2	0.716143	0.352476	0
0.00148852	0.01	0.2	0.767361	0.428186	0
0.00148852	0.01	0.2	0.822243	0.511561	0
0.00148852	0.01	0.2	0.881049	0.598953	0
0.00148852	0.01	0.2	0.944061	0.685323	0
0.00148852	0.01	0.2	1.01158	0.764756	0
0.00148852	0.01	0.2	1.08393	0.831705	0
0.00148852	0.01	0.2	1.16145	0.883262	0
0.00148852	0.01	0.2	1.24451	0.922709	0
0.00148852	0.01	0.2	1.33352	0.964394	0
0.00148852	0.01	0.2	1.42889	1.03952	0
0.00148852	0.01	0.2	1.53109	1.2017	0
0.00148852	0.01	0.2	1.64059	1.52987	0
0.00148852	0.01	0.2	1.75792	2.12493	0
0.00148852	0.01	0.2	1.88365	3.09506	0
0.00148852	0.01	0.2	2.01837	4.52424	0
0.00148852	0.01	0.2	2.16272	6.42047	0
0.00148852	0.01	0.2	2.31739	8.64759	0
0.00148852	0.01	0.2	2.48313	10.8617	0
0.00148852	0.01	0.2	2.66073	12.502	0
0.00148852	0.01	0.2	2.85102	12.9145	0
0.00148852	0.01	0.2	3.05492	11.6655	0
0.00148852	0.01	0.2	3.27341	8.97471	0
0.00148852	0.01	0.2	3.50752	5.95956	0
0.00148852	0.01	0.2	3.75837	4.26647	0
0.00148852	0.01	0.2	4.02717	5.02626	0
0.00148852	0.01	0.2	4.31519	7.85695	0
0.00148852	0.01	0.2	4.62381	10.9333	0
0.00148852	0.01	0.2	4.9545	12.256	0
0.00148852	0.01	0.2	5.30884	11.1092	0
0.00148852	0.01	0.2	5.68853	8.4489	0
0.00148852	0.01	0.2	6.09537	5.78462	0
0.00148852	0.01	0.2	6.53131	4.22334	0
0.00148852	0.01	0.2	6.99842	4.9852	0
0.00148852	0.01	0.2	7.49894	8.17471	0
0.00148852	0.01	0.2	8.03526	11.142	0
0.00148852	0.01	0.2	8.60994	12.0204	0
0.00148852	0.01	0.2	9.22571	11.3442	0
0.00148852	0.01	0.2	9.88553	10.2761	0
0.00148852	0.01	0.2	10.5925	9.52914	0
0.00148852	0.01	0.2	11.3501	9.31519	0
0.00148852	0.01	0.2	12.1619	10.657	0
0.00148852	0.01	0.2	13.0317	13.5974	0
0.00148852	0.01	0.2	13.9637	14.9195	0
0.00148852	0.01	0.2	14.9624	11.7697	0
0.00148852	0.01	0.2	16.0325	7.15736	0
0.00148852	0.01	0.2	17.1791	5.56879	0
0.00148852	0.01	0.2	18.4077	6.83345	0
0.00148852	0.01	0.2	19.7242	6.66269	0
0.00148852	0.01	0.2	21.1349	5.17997	0
0.00148852	0.01	0.2	22.6464	4.69883	0
0.00148852	0.01	0.2	24.2661	3.80862	0
0.00148852	0.01	0.2	26.0016	3.51515	0
0.00148852	0.01	0.2	27.8612	3.30212	0
0.00148852	0.01	0.2	29.8538	2.54255	0
0.00148852	0.01	0.2	31.989	4.43461	0
0.00148852	0.01	0.2	34.2768	3.83488	0
0.00148852	0.01	0.2	36.7282	3.02936	0
0.00148852	0.01	0.2	39.355	5.57915	0
0.00148852	0.01	0.2	42.1697	2.94429	0
0.00148852	0.01	0.2	45.1856	3.63893	0
0.00148852	0.01	0.2	48.4172	4.57219	0
0.00148852	0.01	0.2	51.88	2.02022	0
0.00148852	0.01	0.2	55.5904	3.59144	0
0.00148852	0.01	0.2	59.5662	2.16996	0
0.00148852	0.01	0.2	63.8263	1.99912	0
0.00148852	0.01	0.2	68.3912	1.81961	0
0.00148852	0.01	0.2	73.2825	1.35541	0
0.00148852	0.01	0.2	78.5236	1.37124	0
0.00148852	0.01	0.2	84.1395	1.22348	0
0.00148852	0.01	0.2	90.1571	1.28126	0
0.00148852	0.01	0.2	96.6051	0.988267	0
0.00162632	0.01	0.2	0.103514	0.164943	0
0.00162632	0.01	0.2	0.110917	0.162758	0
0.00162632	0.01	0.2	0.11885	0.160293	0
0.00162632	0.01	0.2	0.12735	0.157518	0
0.00162632	0.01	0.2	0.136458	0.154406	0
0.00162632	0.01	0.2	0.146218	0.150928	0
0.00162632	0.01	0.2	0.156675	0.147059	0
0.00162632	0.01	0.2	0.16788	0.142778	0
0.00162632	0.01	0.2	0.179887	0.138072	0
0.00162632	0.01	0.2	0.192752	0.132941	0
0.00162632	0.01	0.2	0.206538	0.1274	0
0.00162632	0.01	0.2	0.221309	0.121489	0
0.00162632	0.01	0.2	0.237137	0.115279	0
0.00162632	0.01	0.2	0.254097	0.108886	0
0.00162632	0.01	0.2	0.27227	0.102481	0
0.00162632	0.01	0.2	0.291743	0.0963071	0
0.00162632	0.01	0.2	0.312608	0.0906983	0
0.00162632	0.01	0.2	0.334965	0.0860973	0
0.00162632	0.01	0.2	0.358922	0.083078	0
0.00162632	0.01	0.2	0.384592	0.0823653	0
0.00162632	0.01	0.2	0.412098	0.0848513	0
0.00162632	0.01	0.2	0.44157	0.0916032	0
0.00162632	0.01	0.2	0.473151	0.103857	0
0.00162632	0.01	0.2	0.506991	0.122987	0
0.00162632	0.01	0.2	0.54325	0.150445	0
0.00162632	0.01	0.2	0.582103	0.187654	0
0.00162632	0.01	0.2	0.623735	0.235845	0
0.00162632	0.01	0.2	0.668344	0.295837	0
0.00162632	0.01	0.2	0.716143	0.36776	0
0.00162632	0.01	0.2	0.767361	0.450736	0
0.00162632	0.01	0.2	0.822243	0.542578	0
0.00162632	0.01	0.2	0.881049	0.639596	0
0.00162632	0.01	0.2	0.944061	0.73664	0
0.00162632	0.01	0.2	1.01158	0.827618	0
0.00162632	0.01	0.2	1.08393	0.906733	0
0.00162632	0.01	0.2	1.16145	0.970754	0
0.00162632	0.01	0.2	1.24451	1.02256	0
0.00162632	0.01	0.2	1.33352	1.07604	0
0.00162632	0.01	0.2	1.42889	1.1619	0
0.00162632	0.01	0.2	1.53109	1.33326	0
0.00162632	0.01	0.2	1.64059	1.66878	0
0.00162632	0.01	0.2	1.75792	2.26935	0
0.00162632	0.01	0.2	1.88365	3.24356	0
0.00162632	0.01	0.2	2.01837	4.67622	0
0.00162632	0.01	0.2	2.16272	6.57644	0
0.00162632	0.01	0.2	2.31739	8.80928	0
0.00162632	0.01	0.2	2.48313	11.032	0
0.00162632	0.01	0.2	2.66073	12.685	0
0.00162632	0.01	0.2	2.85102	13.1148	0
0.00162632	0.01	0.2	3.05492	11.8868	0
0.00162632	0.01	0.2	3.27341	9.21745	0
0.00162632	0.01	0.2	3.50752	6.219	0
0.00162632	0.01	0.2	3.75837	4.53291	0
0.00162632	0.01	0.2	4.02717	5.28733	0
0.00162632	0.01	0.2	4.31519	8.10202	0
0.00162632	0.01	0.2	4.62381	11.159	0
0.00162632	0.01	0.2	4.9545	12.4675	0
0.00162632	0.01	0.2	5.30884	11.3168	0
0.00162632	0.01	0.2	5.68853	8.66235	0
0.00162632	0.01	0.2	6.09537	6.01013	0
0.00162632	0.01	0.2	6.53131	4.46554	0
0.00162632	0.01	0.2	6.99842	5.24747	0
0.00162632	0.01	0.2	7.49894	8.45687	0
0.00162632	0.01	0.2	8.03526	11.4382	0
0.00162632	0.01	0.2	8.60994	12.319	0
0.00162632	0.01	0.2	9.22571	11.6273	0
0.00162632	0.01	0.2	9.88553	10.5328	0
0.00162632	0.01	0.2	10.5925	9.7696	0
0.00162632	0.01	0.2	11.3501	9.55381	0
0.00162632	0.01	0.2	12.1619	10.8984	0
0.00162632	0.01	0.2	13.0317	13.8346	0
0.00162632	0.01	0.2	13.9637	15.1459	0
0.00162632	0.01	0.2	14.9624	11.9797	0
0.00162632	0.01	0.2	16.0325	7.35279	0
0.00162632	0.01	0.2	17.1791	5.76148	0
0.00162632	0.01	0.2	18.4077	7.03025	0
0.00162632	0.01	0.2	19.7242	6.85745	0
0.00162632	0.01	0.2	21.1349	5.36905	0
0.00162632	0.01	0.2	22.6464	4.8854	0
0.00162632	0.01	0.2	24.2661	4.00451	0
0.00162632	0.01	0.2	26.0016	3.72731	0
0.00162632	0.01	0.2	27.8612	3.52064	0
0.00162632	0.01	0.2	29.8538	2.74704	0
0.00162632	0.01	0.2	31.989	4.62658	0
0.00162632	0.01	0.2	34.2768	4.03928	0
0.00162632	0.01	0.2	36.7282	3.26119	0
0.00162632	0.01	0.2	39.355	5.81697	0
0.00162632	0.01	0.2	42.1697	3.16364	0
0.00162632	0.01	0.2	45.1856	3.83519	0
0.00162632	0.01	0.2	48.4172	4.77	0
0.00162632	0.01	0.2	51.88	2.2369	0
0.00162632	0.01	0.2	55.5904	3.81283	0
0.00162632	0.01	0.2	59.5662	2.37662	0
0.00162632	0.01	0.2	63.8263	2.19499	0
0.00162632	0.01	0.2	68.3912	2.02314	0
0.00162632	0.01	0.2	73.2825	1.5639	0
0.00162632	0.01	0.2	78.5236	1.57658	0
0.00162632	0.01	0.2	84.1395	1.42459	0
0.00162632	0.01	0.2	90.1571	1.48654	0
0.00162632	0.01	0.2	96.6051	1.19339	0
0.00177687	0.01	0.2	0.103514	0.163557	0
0.00177687	0.01	0.2	0.110917	0.16118	0
0.00177687	0.01	0.2	0.11885	0.158499	0
0.00177687	0.01	0.2	0.12735	0.155481	0
0.00177687	0.01	0.2	0.136458	0.152097	0
0.00177687	0.01	0.2	0.146218	0.148315	0
0.00177687	0.01	0.2	0.156675	0.14411	0
0.00177687	0.01	0.2	0.16788	0.139459	0
0.00177687	0.01	0.2	0.179887	0.134349	0
0.00177687	0.01	0.2	0.192752	0.128779	0
0.00177687	0.01	0.2	0.206538	0.122767	0
0.00177687	0.01	0.2	0.221309	0.116359	0
0.00177687	0.01	0.2	0.237137	0.109633	0
0.00177687	0.01	0.2	0.254097	0.102718	0
0.00177687	0.01	0.2	0.27227	0.0958019	0
0.00177687	0.01	0.2	0.291743	0.0891533	0
0.00177687	0.01	0.2	0.312608	0.0831383	0
0.00177687	0.01	0.2	0.334965	0.0782433	0
0.00177687	0.01	0.2	0.358922	0.0750982	0
0.00177687	0.01	0.2	0.384592	0.0744976	0
0.00177687	0.01	0.2	0.412098	0.0774193	0
0.00177687	0.01	0.2	0.44157	0.085033	0
0.00177687	0.01	0.2	0.473151	0.0986939	0
0.00177687	0.01	0.2	0.506991	0.119912	0
0.00177687	0.01	0.2	0.54325	0.150285	0
0.00177687	0.01	0.2	0.582103	0.191388	0
0.00177687	0.01	0.2	0.623735	0.244604	0
0.00177687	0.01	0.2	0.668344	0.310888	0
0.00177687	0.01	0.2	0.716143	0.390481	0
0.00177687	0.01	0.2	0.767361	0.482574	0
0.00177687	0.01	0.2	0.822243	0.584994	0
0.00177687	0.01	0.2	0.881049	0.693998	0
0.00177687	0.01	0.2	0.944061	0.804307	0
0.00177687	0.01	0.2	1.01158	0.909619	0
0.00177687	0.01	0.2	1.08393	1.00384	0
0.00177687	0.01	0.2	1.16145	1.08336	0
0.00177687	0.01	0.2	1.24451	1.15058	0
0.00177687	0.01	0.2	1.33352	1.21882	0
0.00177687	0.01	0.2	1.42889	1.31818	0
0.00177687	0.01	0.2	1.53109	1.50124	0
0.00177687	0.01	0.2	1.64059	1.84623	0
0.00177687	0.01	0.2	1.75792	2.45403	0
0.00177687	0.01	0.2	1.88365	3.43367	0
0.00177687	0.01	0.2	2.01837	4.87089	0
0.00177687	0.01	0.2	2.16272	6.77608	0
0.00177687	0.01	0.2	2.31739	9.01568	0
0.00177687	0.01	0.2	2.48313	11.2484	0
0.00177687	0.01	0.2	2.66073	12.9158	0
0.00177687	0.01	0.2	2.85102	13.3652	0
0.00177687	0.01	0.2	3.05492	12.1612	0
0.00177687	0.01	0.2	3.27341	9.51648	0
0.00177687	0.01	0.2	3.50752	6.53747	0
0.00177687	0.01	0.2	3.75837	4.86003	0
0.00177687	0.01	0.2	4.02717	5.60929	0
0.00177687	0.01	0.2	4.31519	8.40687	0
0.00177687	0.01	0.2	4.62381	11.4429	0
0.00177687	0.01	0.2	4.9545	12.7365	0
0.00177687	0.01	0.2	5.30884	11.5821	0
0.00177687	0.01	0.2	5.68853	8.93436	0
0.00177687	0.01	0.2	6.09537	6.29564	0
0.00177687	0.01	0.2	6.53131	4.76989	0
0.00177687	0.01	0.2	6.99842	5.57462	0
0.00177687	0.01	0.2	7.49894	8.80622	0
0.00177687	0.01	0.2	8.03526	11.8024	0
0.00177687	0.01	0.2	8.60994	12.6845	0
0.00177687	0.01	0.2	9.22571	11.9743	0
0.00177687	0.01	0.2	9.88553	10.8495	0
0.00177687	0.01	0.2	10.5925	10.0674	0
0.00177687	0.01	0.2	11.3501	9.84849	0
0.00177687	0.01	0.2	12.1619	11.1947	0
0.00177687	0.01	0.2	13.0317	14.1252	0
0.00177687	0.01	0.2	13.9637	15.4241	0
0.00177687	0.01	0.2	14.9624	12.24	0
0.00177687	0.01	0.2	16.0325	7.59724	0
0.00177687	0.01	0.2	17.1791	6.00333	0
0.00177687	0.01	0.2	18.4077	7.2771	0
0.00177687	0.01	0.2	19.7242	7.10219	0
0.00177687	0.01	0.2	21.1349	5.60774	0
0.00177687	0.01	0.2	22.6464	5.12106	0
0.00177687	0.01	0.2	24.2661	4.24988	0
0.00177687	0.01	0.2	26.0016	3.99012	0
0.00177687	0.01	0.2	27.8612	3.79033	0
0.00177687	0.01	0.2	29.8538	3.0015	0
0.00177687	0.01	0.2	31.989	4.86764	0
0.00177687	0.01	0.2	34.2768	4.29432	0
0.00177687	0.01	0.2	36.7282	3.54677	0
0.00177687	0.01	0.2	39.355	6.10949	0
0.00177687	0.01	0.2	42.1697	3.43605	0
0.00177687	0.01	0.2	45.1856	4.08209	0
0.00177687	0.01	0.2	48.4172	5.01838	0
0.00177687	0.01	0.2	51.88	2.50577	0
0.00177687	0.01	0.2	55.5904	4.08653	0
0.00177687	0.01	0.2	59.5662	2.63379	0
0.00177687	0.01	0.2	63.8263	2.44021	0
0.00177687	0.01	0.2	68.3912	2.27676	0
0.00177687	0.01	0.2	73.2825	1.82298	0
0.00177687	0.01	0.2	78.5236	1.83204	0
0.00177687	0.01	0.2	84.1395	1.67546	0
0.00177687	0.01	0.2	90.1571	1.74207	0
0.00177687	0.01	0.2	96.6051	1.4488	0
0.00194137	0.01	0.2	0.103514	0.162049	0
0.00194137	0.01	0.2	0.110917	0.159465	0
0.00194137	0.01	0.2	0.11885	0.15655	0
0.00194137	0.01	0.2	0.12735	0.15327	0
0.00194137	0.01	0.2	0.136458	0.149593	0
0.00194137	0.01	0.2	0.146218	0.145487	0
0.00194137	0.01	0.2	0.156675	0.140923	0
0.00194137	0.01	0.2	0.16788	0.135878	0
0.00194137	0.01	0.2	0.179887	0.13034	0
0.00194137	0.01	0.2	0.192752	0.124308	0
0.00194137	0.01	0.2	0.206538	0.117806	0
0.00194137	0.01	0.2	0.221309	0.110885	0
0.00194137	0.01	0.2	0.237137	0.103635	0
0.00194137	0.01	0.2	0.254097	0.0962006	0
0.00194137	0.01	0.2	0.27227	0.0887924	0
0.00194137	0.01	0.2	0.291743	0.0817093	0
0.00194137	0.01	0.2	0.312608	0.0753588	0
0.00194137	0.01	0.2	0.334965	0.0702808	0
0.00194137	0.01	0.2	0.358922	0.0671733	0
0.00194137	0.01	0.2	0.384592	0.0669162	0
0.00194137	0.01	0.2	0.412098	0.0705912	0
0.00194137	0.01	0.2	0.44157	0.0794919	0
0.00194137	0.01	0.2	0.473151	0.0951173	0
0.00194137	0.01	0.2	0.506991	0.119139	0
0.00194137	0.01	0.2	0.54325	0.153332	0
0.00194137	0.01	0.2	0.582103	0.199453	0
0.00194137	0.01	0.2	0.623735	0.259066	0
0.00194137	0.01	0.2	0.668344	0.33329	0
0.00194137	0.01	0.2	0.716143	0.422495	0
0.00194137	0.01	0.2	0.767361	0.525956	0
0.00194137	0.01	0.2	0.822243	0.641517	0
0.00194137	0.01	0.2	0.881049	0.76537	0
0.00194137	0.01	0.2	0.944061	0.892086	0
0.00194137	0.01	0.2	1.01158	1.01511	0
0.00194137	0.01	0.2	1.08393	1.12801	0
0.00194137	0.01	0.2	1.16145	1.2267	0
0.00194137	0.01	0.2	1.24451	1.31302	0
0.00194137	0.01	0.2	1.33352	1.39964	0
0.00194137	0.01	0.2	1.42889	1.5159	0
0.00194137	0.01	0.2	1.53109	1.7137	0
0.00194137	0.01	0.2	1.64059	2.07077	0
0.00194137	0.01	0.2	1.75792	2.68791	0
0.00194137	0.01	0.2	1.88365	3.67465	0
0.00194137	0.01	0.2	2.01837	5.11777	0
0.00194137	0.01	0.2	2.16272	7.0291	0
0.00194137	0.01	0.2	2.31739	9.2767	0
0.00194137	0.01	0.2	2.48313	11.5208	0
0.00194137	0.01	0.2	2.66073	13.2047	0
0.00194137	0.01	0.2	2.85102	13.6766	0
0.00194137	0.01	0.2	3.05492	12.5	0
0.00194137	0.01	0.2	3.27341	9.88358	0
0.00194137	0.01	0.2	3.50752	6.92723	0
0.00194137	0.01	0.2	3.75837	5.26043	0
0.00194137	0.01	0.2	4.02717	6.00486	0
0.00194137	0.01	0.2	4.31519	8.78424	0
0.00194137	0.01	0.2	4.62381	11.7978	0
0.00194137	0.01	0.2	4.9545	13.0757	0
0.00194137	0.01	0.2	5.30884	11.9177	0
0.00194137	0.01	0.2	5.68853	9.27786	0
0.00194137	0.01	0.2	6.09537	6.65428	0
0.00194137	0.01	0.2	6.53131	5.14984	0
0.00194137	0.01	0.2	6.99842	5.98054	0
0.00194137	0.01	0.2	7.49894	9.23696	0
0.00194137	0.01	0.2	8.03526	12.2486	0
0.00194137	0.01	0.2	8.60994	13.1307	0
0.00194137	0.01	0.2	9.22571	12.3984	0
0.00194137	0.01	0.2	9.88553	11.2384	0
0.00194137	0.01	0.2	10.5925	10.4346	0
0.00194137	0.01	0.2	11.3501	10.211	0
0.00194137	0.01	0.2	12.1619	11.5574	0
0.00194137	0.01	0.2	13.0317	14.48	0
0.00194137	0.01	0.2	13.9637	15.765	0
0.00194137	0.01	0.2	14.9624	12.5612	0
0.00194137	0.01	0.2	16.0325	7.90124	0
0.00194137	0.01	0.2	17.1791	6.30494	0
0.00194137	0.01	0.2	18.4077	7.58477	0
0.00194137	0.01	0.2	19.7242	7.40772	0
0.00194137	0.01	0.2	21.1349	5.90685	0
0.00194137	0.01	0.2	22.6464	5.41652	0
0.00194137	0.01	0.2	24.2661	4.55539	0
0.00194137	0.01	0.2	26.0016	4.31426	0
0.00194137	0.01	0.2	27.8612	4.12191	0
0.00194137	0.01	0.2	29.8538	3.31657	0
0.00194137	0.01	0.2	31.989	5.16842	0
0.00194137	0.01	0.2	34.2768	4.61085	0
0.00194137	0.01	0.2	36.7282	3.89733	0
0.00194137	0.01	0.2	39.355	6.46808	0
0.00194137	0.01	0.2	42.1697	3.77276	0
0.00194137	0.01	0.2	45.1856	4.39061	0
0.00194137	0.01	0.2	48.4172	5.32828	0
0.00194137	0.01	0.2	51.88	2.83789	0
0.00194137	0.01	0.2	55.5904	4.42355	0
0.00194137	0.01	0.2	59.5662	2.9522	0
0.00194137	0.01	0.2	63.8263	2.74539	0
0.00194137	0.01	0.2	68.3912	2.59114	0
0.00194137	0.01	0.2	73.2825	2.14337	0
0.00194137	0.01	0.2	78.5236	2.1483	0
0.00194137	0.01	0.2	84.1395	1.98671	0
0.00194137	0.01	0.2	90.1571	2.05854	0
0.00194137	0.01	0.2	96.6051	1.7652	0
0.00212109	0.01	0.2	0.103514	0.16041	0
0.00212109	0.01	0.2	0.110917	0.157601	0
0.00212109	0.01	0.2	0.11885	0.154434	0
0.00212109	0.01	0.2	0.12735	0.150873	0
0.00212109	0.01	0.2	0.136458	0.146882	0
0.00212109	0.01	0.2	0.146218	0.142429	0
0.00212109	0.01	0.2	0.156675	0.137482	0
0.00212109	0.01	0.2	0.16788	0.13202	0
0.00212109	0.01	0.2	0.179887	0.126029	0
0.00212109	0.01	0.2	0.192752	0.119515	0
0.00212109	0.01	0.2	0.206538	0.112505	0
0.00212109	0.01	0.2	0.221309	0.105061	0
0.00212109	0.01	0.2	0.237137	0.0972857	0
0.00212109	0.01	0.2	0.254097	0.0893445	0
0.00212109	0.01	0.2	0.27227	0.0814771	0
0.00212109	0.01	0.2	0.291743	0.0740204	0
0.00212109	0.01	0.2	0.312608	0.0674326	0
0.00212109	0.01	0.2	0.334965	0.0623195	0
0.00212109	0.01	0.2	0.358922	0.0594622	0
0.00212109	0.01	0.2	0.384592	0.0598443	0
0.00212109	0.01	0.2	0.412098	0.0646733	0
0.00212109	0.01	0.2	0.44157	0.0753923	0
0.00212109	0.01	0.2	0.473151	0.0936736	0
0.00212109	0.01	0.2	0.506991	0.121383	0
0.00212109	0.01	0.2	0.54325	0.160508	0
0.00212109	0.01	0.2	0.582103	0.213023	0
0.00212109	0.01	0.2	0.623735	0.280708	0
0.00212109	0.01	0.2	0.668344	0.364876	0
0.00212109	0.01	0.2	0.716143	0.466056	0
0.00212109	0.01	0.2	0.767361	0.583617	0
0.00212109	0.01	0.2	0.822243	0.715425	0
0.00212109	0.01	0.2	0.881049	0.857596	0
0.00212109	0.01	0.2	0.944061	1.00452	0
0.00212109	0.01	0.2	1.01158	1.14936	0
0.00212109	0.01	0.2	1.08393	1.28524	0
0.00212109	0.01	0.2	1.16145	1.40755	0
0.00212109	0.01	0.2	1.24451	1.51746	0
0.00212109	0.01	0.2	1.33352	1.62682	0
0.00212109	0.01	0.2	1.42889	1.76411	0
0.00212109	0.01	0.2	1.53109	1.98036	0
0.00212109	0.01	0.2	1.64059	2.3527	0
0.00212109	0.01	0.2	1.75792	2.98177	0
0.00212109	0.01	0.2	1.88365	3.97764	0
0.00212109	0.01	0.2	2.01837	5.42829	0
0.00212109	0.01	0.2	2.16272	7.34721	0
0.00212109	0.01	0.2	2.31739	9.60425	0
0.00212109	0.01	0.2	2.48313	11.8616	0
0.00212109	0.01	0.2	2.66073	13.5643	0
0.00212109	0.01	0.2	2.85102	14.0617	0
0.00212109	0.01	0.2	3.05492	12.9166	0
0.00212109	0.01	0.2	3.27341	10.3329	0
0.00212109	0.01	0.2	3.50752	7.40297	0
0.00212109	0.01	0.2	3.75837	5.74923	0
0.00212109	0.01	0.2	4.02717	6.48937	0
0.00212109	0.01	0.2	4.31519	9.24941	0
0.00212109	0.01	0.2	4.62381	12.2389	0
0.00212109	0.01	0.2	4.9545	13.5002	0
0.00212109	0.01	0.2	5.30884	12.3391	0
0.00212109	0.01	0.2	5.68853	9.70843	0
0.00212109	0.01	0.2	6.09537	7.10188	0
0.00212109	0.01	0.2	6.53131	5.62158	0
0.00212109	0.01	0.2	6.99842	6.48191	0
0.00212109	0.01	0.2	7.49894	9.76609	0
0.00212109	0.01	0.2	8.03526	12.7939	0
0.00212109	0.01	0.2	8.60994	13.6742	0
0.00212109	0.01	0.2	9.22571	12.9153	0
0.00212109	0.01	0.2	9.88553	11.7148	0
0.00212109	0.01	0.2	10.5925	10.8858	0
0.00212109	0.01	0.2	11.3501	10.6554	0
0.00212109	0.01	0.2	12.1619	12	0
0.00212109	0.01	0.2	13.0317	14.9124	0
0.00212109	0.01	0.2	13.9637	16.1814	0
0.00212109	0.01	0.2	14.9624	12.956	0
0.00212109	0.01	0.2	16.0325	8.27744	0
0.00212109	0.01	0.2	17.1791	6.67909	0
0.00212109	0.01	0.2	18.4077	7.96626	0
0.00212109	0.01	0.2	19.7242	7.78706	0
0.00212109	0.01	0.2	21.1349	6.27939	0
0.00212109	0.01	0.2	22.6464	5.78467	0
0.00212109	0.01	0.2	24.2661	4.93386	0
0.00212109	0.01	0.2	26.0016	4.71259	0
0.00212109	0.01	0.2	27.8612	4.52827	0
0.00212109	0.01	0.2	29.8538	3.70505	0
0.00212109	0.01	0.2	31.989	5.54168	0
0.00212109	0.01	0.2	34.2768	5.00188	0
0.00212109	0.01	0.2	36.7282	4.32637	0
0.00212109	0.01	0.2	39.355	6.90642	0
0.00212109	0.01	0.2	42.1697	4.18732	0
0.00212109	0.01	0.2	45.1856	4.77396	0
0.00212109	0.01	0.2	48.4172	5.71282	0
0.00212109	0.01	0.2	51.88	3.24652	0
0.00212109	0.01	0.2	55.5904	4.83713	0
0.00212109	0.01	0.2	59.5662	3.34478	0
0.00212109	0.01	0.2	63.8263	3.1233	0
0.00212109	0.01	0.2	68.3912	2.97915	0
0.00212109	0.01	0.2	73.2825	2.53801	0
0.00212109	0.01	0.2	78.5236	2.53817	0
0.00212109	0.01	0.2	84.1395	2.37115	0
0.00212109	0.01	0.2	90.1571	2.44882	0
0.00212109	0.01	0.2	96.6051	2.15549	0
0.00231745	0.01	0.2	0.103514	0.158629	0
0.00231745	0.01	0.2	0.110917	0.155578	0
0.00231745	0.01	0.2	0.11885	0.152139	0
0.00231745	0.01	0.2	0.12735	0.148275	0
0.00231745	0.01	0.2	0.136458	0.143949	0
0.00231745	0.01	0.2	0.146218	0.139124	0
0.00231745	0.01	0.2	0.156675	0.133771	0
0.00231745	0.01	0.2	0.16788	0.127868	0
0.00231745	0.01	0.2	0.179887	0.121403	0
0.00231745	0.01	0.2	0.192752	0.114388	0
0.00231745	0.01	0.2	0.206538	0.106857	0
0.00231745	0.01	0.2	0.221309	0.0988833	0
0.00231745	0.01	0.2	0.237137	0.090591	0
0.00231745	0.01	0.2	0.254097	0.0821694	0
0.00231745	0.01	0.2	0.27227	0.073894	0
0.00231745	0.01	0.2	0.291743	0.0661498	0
0.00231745	0.01	0.2	0.312608	0.0594572	0
0.00231745	0.01	0.2	0.334965	0.0545025	0
0.00231745	0.01	0.2	0.358922	0.0521683	0
0.00231745	0.01	0.2	0.384592	0.0535637	0
0.00231745	0.01	0.2	0.412098	0.0600485	0
0.00231745	0.01	0.2	0.44157	0.0732463	0
0.00231745	0.01	0.2	0.473151	0.0950377	0
0.00231745	0.01	0.2	0.506991	0.127523	0
0.00231745	0.01	0.2	0.54325	0.17294	0
0.00231745	0.01	0.2	0.582103	0.23353	0
0.00231745	0.01	0.2	0.623735	0.311326	0
0.00231745	0.01	0.2	0.668344	0.407876	0
0.00231745	0.01	0.2	0.716143	0.523894	0
0.00231745	0.01	0.2	0.767361	0.658866	0
0.00231745	0.01	0.2	0.822243	0.810681	0
0.00231745	0.01	0.2	0.881049	0.975367	0
0.00231745	0.01	0.2	0.944061	1.1471	0
0.00231745	0.01	0.2	1.01158	1.31868	0
0.00231745	0.01	0.2	1.08393	1.48277	0
0.00231745	0.01	0.2	1.16145	1.63409	0
0.00231745	0.01	0.2	1.24451	1.77301	0
0.00231745	0.01	0.2	1.33352	1.91041	0
0.00231745	0.01	0.2	1.42889	2.07372	0
0.00231745	0.01	0.2	1.53109	2.31293	0
0.00231745	0.01	0.2	1.64059	2.7044	0
0.00231745	0.01	0.2	1.75792	3.34858	0
0.00231745	0.01	0.2	1.88365	4.35608	0
0.00231745	0.01	0.2	2.01837	5.81626	0
0.00231745	0.01	0.2	2.16272	7.74448	0
0.00231745	0.01	0.2	2.31739	10.0127	0
0.00231745	0.01	0.2	2.48313	12.2853	0
0.00231745	0.01	0.2	2.66073	14.0095	0
0.00231745	0.01	0.2	2.85102	14.5362	0
0.00231745	0.01	0.2	3.05492	13.4272	0
0.00231745	0.01	0.2	3.27341	10.8813	0
0.00231745	0.01	0.2	3.50752	7.98233	0
0.00231745	0.01	0.2	3.75837	6.34453	0
0.00231745	0.01	0.2	4.02717	7.08117	0
0.00231745	0.01	0.2	4.31519	9.82077	0
0.00231745	0.01	0.2	4.62381	12.7845	0
0.00231745	0.01	0.2	4.9545	14.0285	0
0.00231745	0.01	0.2	5.30884	12.8648	0
0.00231745	0.01	0.2	5.68853	10.2448	0
0.00231745	0.01	0.2	6.09537	7.65747	0
0.00231745	0.01	0.2	6.53131	6.20458	0
0.00231745	0.01	0.2	6.99842	7.09876	0
0.00231745	0.01	0.2	7.49894	10.4141	0
0.00231745	0.01	0.2	8.03526	13.4586	0
0.00231745	0.01	0.2	8.60994	14.3348	0
0.00231745	0.01	0.2	9.22571	13.5441	0
0.00231745	0.01	0.2	9.88553	12.2965	0
0.00231745	0.01	0.2	10.5925	11.4385	0
0.00231745	0.01	0.2	11.3501	11.1988	0
0.00231745	0.01	0.2	12.1619	12.539	0
0.00231745	0.01	0.2	13.0317	15.4381	0
0.00231745	0.01	0.2	13.9637	16.6889	0
0.00231745	0.01	0.2	14.9624	13.4399	0
0.00231745	0.01	0.2	16.0325	8.74106	0
0.00231745	0.01	0.2	17.1791	7.14113	0
0.00231745	0.01	0.2	18.4077	8.43719	0
0.00231745	0.01	0.2	19.7242	8.25587	0
0.00231745	0.01	0.2	21.1349	6.74103	0
0.00231745	0.01	0.2	22.6464	6.24102	0
0.00231745	0.01	0.2	24.2661	5.4007	0
0.00231745	0.01	0.2	26.0016	5.20052	0
0.00231745	0.01	0.2	27.8612	5.02488	0
0.00231745	0.01	0.2	29.8538	4.18231	0
0.00231745	0.01	0.2	31.989	6.00278	0
0.00231745	0.01	0.2	34.2768	5.48306	0
0.00231745	0.01	0.2	36.7282	4.85006	0
0.00231745	0.01	0.2	39.355	7.44092	0
0.00231745	0.01	0.2	42.1697	4.69595	0
0.00231745	0.01	0.2	45.1856	5.24803	0
0.00231745	0.01	0.2	48.4172	6.18784	0
0.00231745	0.01	0.2	51.88	3.74762	0
0.00231745	0.01	0.2	55.5904	5.34312	0
0.00231745	0.01	0.2	59.5662	3.82705	0
0.00231745	0.01	0.2	63.8263	3.58928	0
0.00231745	0.01	0.2	68.3912	3.4562	0
0.00231745	0.01	0.2	73.2825	3.02239	0
0.00231745	0.01	0.2	78.5236	3.01707	0
0.00231745	0.01	0.2	84.1395	2.84414	0
0.00231745	0.01	0.2	90.1571	2.92836	0
0.00231745	0.01	0.2	96.6051	2.63512	0
0.00253198	0.01	0.2	0.103514	0.156694	0
0.00253198	0.01	0.2	0.110917	0.153382	0
0.00253198	0.01	0.2	0.11885	0.149651	0
0.00253198	0.01	0.2	0.12735	0.145463	0
0.00253198	0.01	0.2	0.136458	0.140777	0
0.00253198	0.01	0.2	0.146218	0.135558	0
0.00253198	0.01	0.2	0.156675	0.129775	0
0.00253198	0.01	0.2	0.16788	0.123408	0
0.00253198	0.01	0.2	0.179887	0.116449	0
0.00253198	0.01	0.2	0.192752	0.108916	0
0.00253198	0.01	0.2	0.206538	0.100856	0
0.00253198	0.01	0.2	0.221309	0.0923568	0
0.00253198	0.01	0.2	0.237137	0.0835664	0
0.00253198	0.01	0.2	0.254097	0.0747068	0
0.00253198	0.01	0.2	0.27227	0.066098	0
0.00253198	0.01	0.2	0.291743	0.0581835	0
0.00253198	0.01	0.2	0.312608	0.0515607	0
0.00253198	0.01	0.2	0.334965	0.047014	0
0.00253198	0.01	0.2	0.358922	0.0455493	0
0.00253198	0.01	0.2	0.384592	0.0484279	0
0.00253198	0.01	0.2	0.412098	0.0571934	0
0.00253198	0.01	0.2	0.44157	0.0736868	0
0.00253198	0.01	0.2	0.473151	0.100039	0
0.00253198	0.01	0.2	0.506991	0.138632	0
0.00253198	0.01	0.2	0.54325	0.192006	0
0.00253198	0.01	0.2	0.582103	0.262715	0
0.00253198	0.01	0.2	0.623735	0.353101	0
0.00253198	0.01	0.2	0.668344	0.46499	0
0.00253198	0.01	0.2	0.716143	0.599316	0
0.00253198	0.01	0.2	0.767361	0.755705	0
0.00253198	0.01	0.2	0.822243	0.932072	0
0.00253198	0.01	0.2	0.881049	1.12434	0
0.00253198	0.01	0.2	0.944061	1.32643	0
0.00253198	0.01	0.2	1.01158	1.53074	0
0.00253198	0.01	0.2	1.08393	1.72932	0
0.00253198	0.01	0.2	1.16145	1.91614	0
0.00253198	0.01	0.2	1.24451	2.09062	0
0.00253198	0.01	0.2	1.33352	2.26248	0
0.00253198	0.01	0.2	1.42889	2.45786	0
0.00253198	0.01	0.2	1.53109	2.72551	0
0.00253198	0.01	0.2	1.64059	3.14082	0
0.00253198	0.01	0.2	1.75792	3.80394	0
0.00253198	0.01	0.2	1.88365	4.82613	0
0.00253198	0.01	0.2	2.01837	6.29826	0
0.00253198	0.01	0.2	2.16272	8.23789	0
0.00253198	0.01	0.2	2.31739	10.5194	0
0.00253198	0.01	0.2	2.48313	12.8096	0
0.00253198	0.01	0.2	2.66073	14.5584	0
0.00253198	0.01	0.2	2.85102	15.1187	0
0.00253198	0.01	0.2	3.05492	14.0513	0
0.00253198	0.01	0.2	3.27341	11.5491	0
0.00253198	0.01	0.2	3.50752	8.68642	0
0.00253198	0.01	0.2	3.75837	7.06809	0
0.00253198	0.01	0.2	4.02717	7.8023	0
0.00253198	0.01	0.2	4.31519	10.5204	0
0.00253198	0.01	0.2	4.62381	13.4566	0
0.00253198	0.01	0.2	4.9545	14.6826	0
0.00253198	0.01	0.2	5.30884	13.5172	0
0.00253198	0.01	0.2	5.68853	10.9097	0
0.00253198	0.01	0.2	6.09537	8.34393	0
0.00253198	0.01	0.2	6.53131	6.92223	0
0.00253198	0.01	0.2	6.99842	7.85517	0
0.00253198	0.01	0.2	7.49894	11.2055	0
0.00253198	0.01	0.2	8.03526	14.2672	0
0.00253198	0.01	0.2	8.60994	15.1363	0
0.00253198	0.01	0.2	9.22571	14.3076	0
0.00253198	0.01	0.2	9.88553	13.0054	0
0.00253198	0.01	0.2	10.5925	12.1135	0
0.00253198	0.01	0.2	11.3501	11.8614	0
0.00253198	0.01	0.2	12.1619	13.1941	0
0.00253198	0.01	0.2	13.0317	16.0761	0
0.00253198	0.01	0.2	13.9637	17.3061	0
0.00253198	0.01	0.2	14.9624	14.0311	0
0.00253198	0.01	0.2	16.0325	9.3104	0
0.00253198	0.01	0.2	17.1791	7.70951	0
0.00253198	0.01	0.2	18.4077	9.0163	0
0.00253198	0.01	0.2	19.7242	8.83294	0
0.00253198	0.01	0.2	21.1349	7.31059	0
0.00253198	0.01	0.2	22.6464	6.80421	0
0.00253198	0.01	0.2	24.2661	5.97442	0
0.00253198	0.01	0.2	26.0016	5.79657	0
0.00253198	0.01	0.2	27.8612	5.63027	0
0.00253198	0.01	0.2	29.8538	4.76678	0
0.00253198	0.01	0.2	31.989	6.57018	0
0.00253198	0.01	0.2	34.2768	6.0732	0
0.00253198	0.01	0.2	36.7282	5.4878	0
0.00253198	0.01	0.2	39.355	8.09123	0
0.00253198	0.01	0.2	42.1697	5.31816	0
0.00253198	0.01	0.2	45.1856	5.83192	0
0.00253198	0.01	0.2	48.4172	6.77234	0
0.00253198	0.01	0.2	51.88	4.36034	0
0.00253198	0.01	0.2	55.5904	5.96056	0
0.00253198	0.01	0.2	59.5662	4.41765	0
0.00253198	0.01	0.2	63.8263	4.16178	0
0.00253198	0.01	0.2	68.3912	4.04085	0
0.00253198	0.01	0.2	73.2825	3.61512	0
0.00253198	0.01	0.2	78.5236	3.60348	0
0.00253198	0.01	0.2	84.1395	3.42414	0
0.00253198	0.01	0.2	90.1571	3.51572	0
0.00253198	0.01	0.2	96.6051	3.22269	0
0.00276638	0.01	0.2	0.103514	0.154593	0
0.00276638	0.01	0.2	0.110917	0.151	0
0.00276638	0.01	0.2	0.11885	0.146957	0
0.00276638	0.01	0.2	0.12735	0.142421	0
0.00276638	0.01	0.2	0.136458	0.137352	0
0.00276638	0.01	0.2	0.146218	0.131715	0
0.00276638	0.01	0.2	0.156675	0.125479	0
0.00276638	0.01	0.2	0.16788	0.118626	0
0.00276638	0.01	0.2	0.179887	0.111156	0
0.00276638	0.01	0.2	0.192752	0.103095	0
0.00276638	0.01	0.2	0.206538	0.094503	0
0.00276638	0.01	0.2	0.221309	0.0854918	0
0.00276638	0.01	0.2	0.237137	0.0762374	0
0.00276638	0.01	0.2	0.254097	0.0670032	0
0.00276638	0.01	0.2	0.27227	0.0581638	0
0.00276638	0.01	0.2	0.291743	0.0502352	0
0.00276638	0.01	0.2	0.312608	0.0439088	0
0.00276638	0.01	0.2	0.334965	0.0400882	0
0.00276638	0.01	0.2	0.358922	0.0399293	0
0.00276638	0.01	0.2	0.384592	0.0448772	0
0.00276638	0.01	0.2	0.412098	0.0566975	0
0.00276638	0.01	0.2	0.44157	0.0774929	0
0.00276638	0.01	0.2	0.473151	0.109696	0
0.00276638	0.01	0.2	0.506991	0.156023	0
0.00276638	0.01	0.2	0.54325	0.219381	0
0.00276638	0.01	0.2	0.582103	0.302697	0
0.00276638	0.01	0.2	0.623735	0.408681	0
0.00276638	0.01	0.2	0.668344	0.539489	0
0.00276638	0.01	0.2	0.716143	0.696321	0
0.00276638	0.01	0.2	0.767361	0.878966	0
0.00276638	0.01	0.2	0.822243	1.08537	0
0.00276638	0.01	0.2	0.881049	1.31134	0
0.00276638	0.01	0.2	0.944061	1.55049	0
0.00276638	0.01	0.2	1.01158	1.79471	0
0.00276638	0.01	0.2	1.08393	2.03538	0
0.00276638	0.01	0.2	1.16145	2.26555	0
0.00276638	0.01	0.2	1.24451	2.48348	0
0.00276638	0.01	0.2	1.33352	2.69754	0
0.00276638	0.01	0.2	1.42889	2.93231	0
0.00276638	0.01	0.2	1.53109	3.23501	0
0.00276638	0.01	0.2	1.64059	3.67988	0
0.00276638	0.01	0.2	1.75792	4.36664	0
0.00276638	0.01	0.2	1.88365	5.40722	0
0.00276638	0.01	0.2	2.01837	6.89427	0
0.00276638	0.01	0.2	2.16272	8.84782	0
0.00276638	0.01	0.2	2.31739	11.145	0
0.00276638	0.01	0.2	2.48313	13.4557	0
0.00276638	0.01	0.2	2.66073	15.2328	0
0.00276638	0.01	0.2	2.85102	15.8317	0
0.00276638	0.01	0.2	3.05492	14.8122	0
0.00276638	0.01	0.2	3.27341	12.3608	0
0.00276638	0.01	0.2	3.50752	9.54058	0
0.00276638	0.01	0.2	3.75837	7.94592	0
0.00276638	0.01	0.2	4.02717	8.67917	0
0.00276638	0.01	0.2	4.31519	11.3747	0
0.00276638	0.01	0.2	4.62381	14.2816	0
0.00276638	0.01	0.2	4.9545	15.4891	0
0.00276638	0.01	0.2	5.30884	14.323	0
0.00276638	0.01	0.2	5.68853	11.7301	0
0.00276638	0.01	0.2	6.09537	9.18877	0
0.00276638	0.01	0.2	6.53131	7.80261	0
0.00276638	0.01	0.2	6.99842	8.78003	0
0.00276638	0.01	0.2	7.49894	12.1697	0
0.00276638	0.01	0.2	8.03526	15.2488	0
0.00276638	0.01	0.2	8.60994	16.1072	0
0.00276638	0.01	0.2	9.22571	15.2329	0
0.00276638	0.01	0.2	9.88553	13.8673	0
0.00276638	0.01	0.2	10.5925	12.9361	0
0.00276638	0.01	0.2	11.3501	12.6676	0
0.00276638	0.01	0.2	12.1619	13.9888	0
0.00276638	0.01	0.2	13.0317	16.8491	0
0.00276638	0.01	0.2	13.9637	18.0552	0
0.00276638	0.01	0.2	14.9624	14.7519	0
0.00276638	0.01	0.2	16.0325	10.0074	0
0.00276638	0.01	0.2	17.1791	8.4064	0
0.00276638	0.01	0.2	18.4077	9.72614	0
0.00276638	0.01	0.2	19.7242	9.54087	0
0.00276638	0.01	0.2	21.1349	8.01068	0
0.00276638	0.01	0.2	22.6464	7.49666	0
0.00276638	0.01	0.2	24.2661	6.67725	0
0.00276638	0.01	0.2	26.0016	6.52293	0
0.00276638	0.01	0.2	27.8612	6.3667	0
0.00276638	0.01	0.2	29.8538	5.48061	0
0.00276638	0.01	0.2	31.989	7.26603	0
0.00276638	0.01	0.2	34.2768	6.79487	0
0.00276638	0.01	0.2	36.7282	6.26284	0
0.00276638	0.01	0.2	39.355	8.88092	0
0.00276638	0.01	0.2	42.1697	6.07733	0
0.00276638	0.01	0.2	45.1856	6.54856	0
0.00276638	0.01	0.2	48.4172	7.48913	0
0.00276638	0.01	0.2	51.88	5.10764	0
0.00276638	0.01	0.2	55.5904	6.71229	0
0.00276638	0.01	0.2	59.5662	5.13895	0
0.00276638	0.01	0.2	63.8263	4.86293	0
0.00276638	0.01	0.2	68.3912	4.75534	0
0.00276638	0.01	0.2	73.2825	4.33855	0
0.00276638	0.01	0.2	78.5236	4.31961	0
0.00276638	0.01	0.2	84.1395	4.1333	0
0.00276638	0.01	0.2	90.1571	4.23316	0
0.00276638	0.01	0.2	96.6051	3.9405	0
0.00302248	0.01	0.2	0.103514	0.152314	0
0.00302248	0.01	0.2	0.110917	0.14842	0
0.00302248	0.01	0.2	0.11885	0.144041	0
0.00302248	0.01	0.2	0.12735	0.139134	0
0.00302248	0.01	0.2	0.136458	0.133659	0
0.00302248	0.01	0.2	0.146218	0.127579	0
0.00302248	0.01	0.2	0.156675	0.120867	0
0.00302248	0.01	0.2	0.16788	0.11351	0
0.00302248	0.01	0.2	0.179887	0.105515	0
0.00302248	0.01	0.2	0.192752	0.0969199	0
0.00302248	0.01	0.2	0.206538	0.0878053	0
0.00302248	0.01	0.2	0.221309	0.0783084	0
0.00302248	0.01	0.2	0.237137	0.0686431	0
0.00302248	0.01	0.2	0.254097	0.0591234	0
0.00302248	0.01	0.2	0.27227	0.0501918	0
0.00302248	0.01	0.2	0.291743	0.0424531	0
0.00302248	0.01	0.2	0.312608	0.0367131	0
0.00302248	0.01	0.2	0.334965	0.0340207	0
0.00302248	0.01	0.2	0.358922	0.0357131	0
0.00302248	0.01	0.2	0.384592	0.0434577	0
0.00302248	0.01	0.2	0.412098	0.0592876	0
0.00302248	0.01	0.2	0.44157	0.0856203	0
0.00302248	0.01	0.2	0.473151	0.12525	0
0.00302248	0.01	0.2	0.506991	0.181297	0
0.00302248	0.01	0.2	0.54325	0.257102	0
0.00302248	0.01	0.2	0.582103	0.356043	0
0.00302248	0.01	0.2	0.623735	0.481267	0
0.00302248	0.01	0.2	0.668344	0.635325	0
0.00302248	0.01	0.2	0.716143	0.819734	0
0.00302248	0.01	0.2	0.767361	1.03448	0
0.00302248	0.01	0.2	0.822243	1.27754	0
0.00302248	0.01	0.2	0.881049	1.54458	0
0.00302248	0.01	0.2	0.944061	1.82885	0
0.00302248	0.01	0.2	1.01158	2.12167	0
0.00302248	0.01	0.2	1.08393	2.41357	0
0.00302248	0.01	0.2	1.16145	2.69653	0
0.00302248	0.01	0.2	1.24451	2.96745	0
0.00302248	0.01	0.2	1.33352	3.23303	0
0.00302248	0.01	0.2	1.42889	3.51603	0
0.00302248	0.01	0.2	1.53109	3.86181	0
0.00302248	0.01	0.2	1.64059	4.34315	0
0.00302248	0.01	0.2	1.75792	5.05924	0
0.00302248	0.01	0.2	1.88365	6.12272	0
0.00302248	0.01	0.2	2.01837	7.62827	0
0.00302248	0.01	0.2	2.16272	9.59877	0
0.00302248	0.01	0.2	2.31739	11.9146	0
0.00302248	0.01	0.2	2.48313	14.249	0
0.00302248	0.01	0.2	2.66073	16.0587	0
0.00302248	0.01	0.2	2.85102	16.702	0
0.00302248	0.01	0.2	3.05492	15.7379	0
0.00302248	0.01	0.2	3.27341	13.3455	0
0.00302248	0.01	0.2	3.50752	10.5751	0
0.00302248	0.01	0.2	3.75837	9.00924	0
0.00302248	0.01	0.2	4.02717	9.74343	0
0.00302248	0.01	0.2	4.31519	12.4154	0
0.00302248	0.01	0.2	4.62381	15.2914	0
0.00302248	0.01	0.2	4.9545	16.4799	0
0.00302248	0.01	0.2	5.30884	15.3144	0
0.00302248	0.01	0.2	5.68853	12.7388	0
0.00302248	0.01	0.2	6.09537	10.225	0
0.00302248	0.01	0.2	6.53131	8.87945	0
0.00302248	0.01	0.2	6.99842	9.90801	0
0.00302248	0.01	0.2	7.49894	13.342	0
0.00302248	0.01	0.2	8.03526	16.4386	0
0.00302248	0.01	0.2	8.60994	17.2816	0
0.00302248	0.01	0.2	9.22571	16.3528	0
0.00302248	0.01	0.2	9.88553	14.9132	0
0.00302248	0.01	0.2	10.5925	13.9362	0
0.00302248	0.01	0.2	11.3501	13.6468	0
0.00302248	0.01	0.2	12.1619	14.9513	0
0.00302248	0.01	0.2	13.0317	17.7845	0
0.00302248	0.01	0.2	13.9637	18.963	0
0.00302248	0.01	0.2	14.9624	15.6286	0
0.00302248	0.01	0.2	16.0325	10.8584	0
0.00302248	0.01	0.2	17.1791	9.25837	0
0.00302248	0.01	0.2	18.4077	10.5937	0
0.00302248	0.01	0.2	19.7242	10.4068	0
0.00302248	0.01	0.2	21.1349	8.86847	0
0.00302248	0.01	0.2	22.6464	8.34527	0
0.00302248	0.01	0.2	24.2661	7.53586	0
0.00302248	0.01	0.2	26.0016	7.40624	0
0.00302248	0.01	0.2	27.8612	7.26082	0
0.00302248	0.01	0.2	29.8538	6.35036	0
0.00302248	0.01	0.2	31.989	8.11694	0
0.00302248	0.01	0.2	34.2768	7.67511	0
0.00302248	0.01	0.2	36.7282	7.20307	0
0.00302248	0.01	0.2	39.355	9.83823	0
0.00302248	0.01	0.2	42.1697	7.00152	0
0.00302248	0.01	0.2	45.1856	7.42549	0
0.00302248	0.01	0.2	48.4172	8.3656	0
0.00302248	0.01	0.2	51.88	6.01705	0
0.00302248	0.01	0.2	55.5904	7.62568	0
0.00302248	0.01	0.2	59.5662	6.01776	0
0.00302248	0.01	0.2	63.8263	5.71929	0
0.00302248	0.01	0.2	68.3912	5.62635	0
0.00302248	0.01	0.2	73.2825	5.21945	0
0.00302248	0.01	0.2	78.5236	5.19205	0
0.00302248	0.01	0.2	84.1395	4.9982	0
0.00302248	0.01	0.2	90.1571	5.1074	0
0.00302248	0.01	0.2	96.6051	4.81529	0
0.00330228	0.01	0.2	0.103514	0.149844	0
0.00330228	0.01	0.2	0.110917	0.145625	0
0.00330228	0.01	0.2	0.11885	0.140888	0
0.00330228	0.01	0.2	0.12735	0.135587	0
0.00330228	0.01	0.2	0.136458	0.129681	0
0.00330228	0.01	0.2	0.146218	0.123136	0
0.00330228	0.01	0.2	0.156675	0.115928	0
0.00330228	0.01	0.2	0.16788	0.10805	0
0.00330228	0.01	0.2	0.179887	0.0995213	0
0.00330228	0.01	0.2	0.192752	0.0903958	0
0.00330228	0.01	0.2	0.206538	0.0807777	0
0.00330228	0.01	0.2	0.221309	0.0708386	0
0.00330228	0.01	0.2	0.237137	0.0608388	0
0.00330228	0.01	0.2	0.254097	0.0511552	0
0.00330228	0.01	0.2	0.27227	0.0423136	0
0.00330228	0.01	0.2	0.291743	0.0350273	0
0.00330228	0.01	0.2	0.312608	0.0302414	0
0.00330228	0.01	0.2	0.334965	0.0291814	0
0.00330228	0.01	0.2	0.358922	0.0334034	0
0.00330228	0.01	0.2	0.384592	0.0448434	0
0.00330228	0.01	0.2	0.412098	0.0658563	0
0.00330228	0.01	0.2	0.44157	0.0992382	0
0.00330228	0.01	0.2	0.473151	0.148217	0
0.00330228	0.01	0.2	0.506991	0.216398	0
0.00330228	0.01	0.2	0.54325	0.307642	0
0.00330228	0.01	0.2	0.582103	0.425863	0
0.00330228	0.01	0.2	0.623735	0.574732	0
0.00330228	0.01	0.2	0.668344	0.757273	0
0.00330228	0.01	0.2	0.716143	0.975377	0
0.00330228	0.01	0.2	0.767361	1.22926	0
0.00330228	0.01	0.2	0.822243	1.51696	0
0.00330228	0.01	0.2	0.881049	1.83395	0
0.00330228	0.01	0.2	0.944061	2.17306	0
0.00330228	0.01	0.2	1.01158	2.5249	0
0.00330228	0.01	0.2	1.08393	2.87904	0
0.00330228	0.01	0.2	1.16145	3.22617	0
0.00330228	0.01	0.2	1.24451	3.56155	0
0.00330228	0.01	0.2	1.33352	3.88992	0
0.00330228	0.01	0.2	1.42889	4.23181	0
0.00330228	0.01	0.2	1.53109	4.63033	0
0.00330228	0.01	0.2	1.64059	5.15651	0
0.00330228	0.01	0.2	1.75792	5.90882	0
0.00330228	0.01	0.2	1.88365	7.00068	0
0.00330228	0.01	0.2	2.01837	8.52906	0
0.00330228	0.01	0.2	2.16272	10.5202	0
0.00330228	0.01	0.2	2.31739	12.8582	0
0.00330228	0.01	0.2	2.48313	15.2202	0
0.00330228	0.01	0.2	2.66073	17.0675	0
0.00330228	0.01	0.2	2.85102	17.7619	0
0.00330228	0.01	0.2	3.05492	16.862	0
0.00330228	0.01	0.2	3.27341	14.5381	0
0.00330228	0.01	0.2	3.50752	11.8264	0
0.00330228	0.01	0.2	3.75837	10.2954	0
0.00330228	0.01	0.2	4.02717	11.033	0
0.00330228	0.01	0.2	4.31519	13.6807	0
0.00330228	0.01	0.2	4.62381	16.5239	0
0.00330228	0.01	0.2	4.9545	17.6932	0
0.00330228	0.01	0.2	5.30884	16.5303	0
0.00330228	0.01	0.2	5.68853	13.9747	0
0.00330228	0.01	0.2	6.09537	11.4924	0
0.00330228	0.01	0.2	6.53131	10.1932	0
0.00330228	0.01	0.2	6.99842	11.2807	0
0.00330228	0.01	0.2	7.49894	14.7646	0
0.00330228	0.01	0.2	8.03526	17.8786	0
0.00330228	0.01	0.2	8.60994	18.7003	0
0.00330228	0.01	0.2	9.22571	17.7063	0
0.00330228	0.01	0.2	9.88553	16.1806	0
0.00330228	0.01	0.2	10.5925	15.1501	0
0.00330228	0.01	0.2	11.3501	14.8338	0
0.00330228	0.01	0.2	12.1619	16.1154	0
0.00330228	0.01	0.2	13.0317	18.9146	0
0.00330228	0.01	0.2	13.9637	20.0616	0
0.00330228	0.01	0.2	14.9624	16.693	0
0.00330228	0.01	0.2	16.0325	11.8949	0
0.00330228	0.01	0.2	17.1791	10.2973	0
0.00330228	0.01	0.2	18.4077	11.6515	0
0.00330228	0.01	0.2	19.7242	11.4631	0
0.00330228	0.01	0.2	21.1349	9.91653	0
0.00330228	0.01	0.2	22.6464	9.38231	0
0.00330228	0.01	0.2	24.2661	8.58223	0
0.00330228	0.01	0.2	26.0016	8.4784	0
0.00330228	0.01	0.2	27.8612	8.34457	0
0.00330228	0.01	0.2	29.8538	7.40784	0
0.00330228	0.01	0.2	31.989	9.15482	0
0.00330228	0.01	0.2	34.2768	8.7464	0
0.00330228	0.01	0.2	36.7282	8.34186	0
0.00330228	0.01	0.2	39.355	10.997	0
0.00330228	0.01	0.2	42.1697	8.12435	0
0.00330228	0.01	0.2	45.1856	8.49572	0
0.00330228	0.01	0.2	48.4172	9.43461	0
0.00330228	0.01	0.2	51.88	7.12158	0
0.00330228	0.01	0.2	55.5904	8.73352	0
0.00330228	0.01	0.2	59.5662	7.08625	0
0.00330228	0.01	0.2	63.8263	6.76273	0
0.00330228	0.01	0.2	68.3912	6.68589	0
0.00330228	0.01	0.2	73.2825	6.28994	0
0.00330228	0.01	0.2	78.5236	6.25274	0
0.00330228	0.01	0.2	84.1395	6.05071	0
0.00330228	0.01	0.2	90.1571	6.17045	0
0.00330228	0.01	0.2	96.6051	5.87913	0
0.00360798	0.01	0.2	0.103514	0.147168	0
0.00360798	0.01	0.2	0.110917	0.142603	0
0.00360798	0.01	0.2	0.11885	0.137483	0
0.00360798	0.01	0.2	0.12735	0.131763	0
0.00360798	0.01	0.2	0.136458	0.125404	0
0.00360798	0.01	0.2	0.146218	0.118372	0
0.00360798	0.01	0.2	0.156675	0.11065	0
0.00360798	0.01	0.2	0.16788	0.10224	0
0.00360798	0.01	0.2	0.179887	0.0931759	0
0.00360798	0.01	0.2	0.192752	0.083533	0
0.00360798	0.01	0.2	0.206538	0.0734462	0
0.00360798	0.01	0.2	0.221309	0.0631292	0
0.00360798	0.01	0.2	0.237137	0.0529006	0
0.00360798	0.01	0.2	0.254097	0.0432146	0
0.00360798	0.01	0.2	0.27227	0.0346989	0
0.00360798	0.01	0.2	0.291743	0.0281993	0
0.00360798	0.01	0.2	0.312608	0.0248303	0
0.00360798	0.01	0.2	0.334965	0.0260307	0
0.00360798	0.01	0.2	0.358922	0.0336218	0
0.00360798	0.01	0.2	0.384592	0.0498628	0
0.00360798	0.01	0.2	0.412098	0.0774962	0
0.00360798	0.01	0.2	0.44157	0.119773	0
0.00360798	0.01	0.2	0.473151	0.180442	0
0.00360798	0.01	0.2	0.506991	0.263687	0
0.00360798	0.01	0.2	0.54325	0.373993	0
0.00360798	0.01	0.2	0.582103	0.515916	0
0.00360798	0.01	0.2	0.623735	0.693753	0
0.00360798	0.01	0.2	0.668344	0.91109	0
0.00360798	0.01	0.2	0.716143	1.17027	0
0.00360798	0.01	0.2	0.767361	1.47178	0
0.00360798	0.01	0.2	0.822243	1.81371	0
0.00360798	0.01	0.2	0.881049	2.19134	0
0.00360798	0.01	0.2	0.944061	2.59696	0
0.00360798	0.01	0.2	1.01158	3.02039	0
0.00360798	0.01	0.2	1.08393	3.45002	0
0.00360798	0.01	0.2	1.16145	3.875	0
0.00360798	0.01	0.2	1.24451	4.28865	0
0.00360798	0.01	0.2	1.33352	4.69336	0
0.00360798	0.01	0.2	1.42889	5.10697	0
0.00360798	0.01	0.2	1.53109	5.56991	0
0.00360798	0.01	0.2	1.64059	6.15104	0
0.00360798	0.01	0.2	1.75792	6.9479	0
0.00360798	0.01	0.2	1.88365	8.07476	0
0.00360798	0.01	0.2	2.01837	9.63124	0
0.00360798	0.01	0.2	2.16272	11.6474	0
0.00360798	0.01	0.2	2.31739	14.0116	0
0.00360798	0.01	0.2	2.48313	16.4058	0
0.00360798	0.01	0.2	2.66073	18.2965	0
0.00360798	0.01	0.2	2.85102	19.0501	0
0.00360798	0.01	0.2	3.05492	18.2245	0
0.00360798	0.01	0.2	3.27341	15.9806	0
0.00360798	0.01	0.2	3.50752	13.3379	0
0.00360798	0.01	0.2	3.75837	11.8491	0
0.00360798	0.01	0.2	4.02717	12.5933	0
0.00360798	0.01	0.2	4.31519	15.2161	0
0.00360798	0.01	0.2	4.62381	18.0249	0
0.00360798	0.01	0.2	4.9545	19.1751	0
0.00360798	0.01	0.2	5.30884	18.0169	0
0.00360798	0.01	0.2	5.68853	15.4851	0
0.00360798	0.01	0.2	6.09537	13.0383	0
0.00360798	0.01	0.2	6.53131	11.7924	0
0.00360798	0.01	0.2	6.99842	12.9478	0
0.00360798	0.01	0.2	7.49894	16.4884	0
0.00360798	0.01	0.2	8.03526	19.6189	0
0.00360798	0.01	0.2	8.60994	20.4123	0
0.00360798	0.01	0.2	9.22571	19.3404	0
0.00360798	0.01	0.2	9.88553	17.7139	0
0.00360798	0.01	0.2	10.5925	16.621	0
0.00360798	0.01	0.2	11.3501	16.2708	0
0.00360798	0.01	0.2	12.1619	17.5215	0
0.00360798	0.01	0.2	13.0317	20.2786	0
0.00360798	0.01	0.2	13.9637	21.3891	0
0.00360798	0.01	0.2	14.9624	17.9831	0
0.00360798	0.01	0.2	16.0325	13.1549	0
0.00360798	0.01	0.2	17.1791	11.5616	0
0.00360798	0.01	0.2	18.4077	12.9383	0
0.00360798	0.01	0.2	19.7242	12.749	0
0.00360798	0.01	0.2	21.1349	11.1939	0
0.00360798	0.01	0.2	22.6464	10.6465	0
0.00360798	0.01	0.2	24.2661	9.85474	0
0.00360798	0.01	0.2	26.0016	9.77763	0
0.00360798	0.01	0.2	27.8612	9.6562	0
0.00360798	0.01	0.2	29.8538	8.69123	0
0.00360798	0.01	0.2	31.989	10.4179	0
0.00360798	0.01	0.2	34.2768	10.0476	0
0.00360798	0.01	0.2	36.7282	9.71919	0
0.00360798	0.01	0.2	39.355	12.3977	0
0.00360798	0.01	0.2	42.1697	9.4861	0
0.00360798	0.01	0.2	45.1856	9.79888	0
0.00360798	0.01	0.2	48.4172	10.7356	0
0.00360798	0.01	0.2	51.88	8.46079	0
0.00360798	0.01	0.2	55.5904	10.0751	0
0.00360798	0.01	0.2	59.5662	8.38295	0
0.00360798	0.01	0.2	63.8263	8.03145	0
0.00360798	0.01	0.2	68.3912	7.9723	0
0.00360798	0.01	0.2	73.2825	7.5885	0
0.00360798	0.01	0.2	78.5236	7.53991	0
0.00360798	0.01	0.2	84.1395	7.32902	0
0.00360798	0.01	0.2	90.1571	7.4607	0
0.00360798	0.01	0.2	96.6051	7.17045	0
0.00394199	0.01	0.2	0.103514	0.144271	0
0.00394199	0.01	0.2	0.110917	0.139337	0
0.00394199	0.01	0.2	0.11885	0.133811	0
0.00394199	0.01	0.2	0.12735	0.127649	0
0.00394199	0.01	0.2	0.136458	0.120812	0
0.00394199	0.01	0.2	0.146218	0.113274	0
0.00394199	0.01	0.2	0.156675	0.105024	0
0.00394199	0.01	0.2	0.16788	0.0960772	0
0.00394199	0.01	0.2	0.179887	0.0864852	0
0.00394199	0.01	0.2	0.192752	0.0763516	0
0.00394199	0.01	0.2	0.206538	0.0658495	0
0.00394199	0.01	0.2	0.221309	0.0552457	0
0.00394199	0.01	0.2	0.237137	0.0449302	0
0.00394199	0.01	0.2	0.254097	0.0354524	0
0.00394199	0.01	0.2	0.27227	0.0275645	0
0.00394199	0.01	0.2	0.291743	0.0222736	0
0.00394199	0.01	0.2	0.312608	0.0208994	0
0.00394199	0.01	0.2	0.334965	0.0251391	0
0.00394199	0.01	0.2	0.358922	0.0371336	0
0.00394199	0.01	0.2	0.384592	0.0595316	0
0.00394199	0.01	0.2	0.412098	0.0955418	0
0.00394199	0.01	0.2	0.44157	0.148961	0
0.00394199	0.01	0.2	0.473151	0.224162	0
0.00394199	0.01	0.2	0.506991	0.326024	0
0.00394199	0.01	0.2	0.54325	0.459776	0
0.00394199	0.01	0.2	0.582103	0.630745	0
0.00394199	0.01	0.2	0.623735	0.84397	0
0.00394199	0.01	0.2	0.668344	1.10371	0
0.00394199	0.01	0.2	0.716143	1.41285	0
0.00394199	0.01	0.2	0.767361	1.7722	0
0.00394199	0.01	0.2	0.822243	2.17992	0
0.00394199	0.01	0.2	0.881049	2.63102	0
0.00394199	0.01	0.2	0.944061	3.11722	0
0.00394199	0.01	0.2	1.01158	3.62733	0
0.00394199	0.01	0.2	1.08393	4.14836	0
0.00394199	0.01	0.2	1.16145	4.66763	0
0.00394199	0.01	0.2	1.24451	5.17616	0
0.00394199	0.01	0.2	1.33352	5.67351	0
0.00394199	0.01	0.2	1.42889	6.17431	0
0.00394199	0.01	0.2	1.53109	6.71573	0
0.00394199	0.01	0.2	1.64059	7.36401	0
0.00394199	0.01	0.2	1.75792	8.21549	0
0.00394199	0.01	0.2	1.88365	9.38537	0
0.00394199	0.01	0.2	2.01837	10.9763	0
0.00394199	0.01	0.2	2.16272	13.0227	0
0.00394199	0.01	0.2	2.31739	15.4181	0
0.00394199	0.01	0.2	2.48313	17.8499	0
0.00394199	0.01	0.2	2.66073	19.7908	0
0.00394199	0.01	0.2	2.85102	20.6128	0
0.00394199	0.01	0.2	3.05492	19.8736	0
0.00394199	0.01	0.2	3.27341	17.723	0
0.00394199	0.01	0.2	3.50752	15.1616	0
0.00394199	0.01	0.2	3.75837	13.7239	0
0.00394199	0.01	0.2	4.02717	14.4788	0
0.00394199	0.01	0.2	4.31519	17.0763	0
0.00394199	0.01	0.2	4.62381	19.8491	0
0.00394199	0.01	0.2	4.9545	20.9807	0
0.00394199	0.01	0.2	5.30884	19.8302	0
0.00394199	0.01	0.2	5.68853	17.3262	0
0.00394199	0.01	0.2	6.09537	14.9199	0
0.00394199	0.01	0.2	6.53131	13.7351	0
0.00394199	0.01	0.2	6.99842	14.9692	0
0.00394199	0.01	0.2	7.49894	18.5738	0
0.00394199	0.01	0.2	8.03526	21.7198	0
0.00394199	0.01	0.2	8.60994	22.476	0
0.00394199	0.01	0.2	9.22571	21.3109	0
0.00394199	0.01	0.2	9.88553	19.5666	0
0.00394199	0.01	0.2	10.5925	18.4007	0
0.00394199	0.01	0.2	11.3501	18.008	0
0.00394199	0.01	0.2	12.1619	19.2182	0
0.00394199	0.01	0.2	13.0317	21.9232	0
0.00394199	0.01	0.2	13.9637	22.9915	0
0.00394199	0.01	0.2	14.9624	19.5443	0
0.00394199	0.01	0.2	16.0325	14.6837	0
0.00394199	0.01	0.2	17.1791	13.0969	0
0.00394199	0.01	0.2	18.4077	14.5008	0
0.00394199	0.01	0.2	19.7242	14.3111	0
0.00394199	0.01	0.2	21.1349	12.7476	0
0.00394199	0.01	0.2	22.6464	12.1843	0
0.00394199	0.01	0.2	24.2661	11.3994	0
0.00394199	0.01	0.2	26.0016	11.3497	0
0.00394199	0.01	0.2	27.8612	11.2415	0
0.00394199	0.01	0.2	29.8538	10.2462	0
0.00394199	0.01	0.2	31.989	11.9521	0
0.00394199	0.01	0.2	34.2768	11.6254	0
0.00394199	0.01	0.2	36.7282	11.3829	0
0.00394199	0.01	0.2	39.355	14.0888	0
0.00394199	0.01	0.2	42.1697	11.135	0
0.00394199	0.01	0.2	45.1856	11.3824	0
0.00394199	0.01	0.2	48.4172	12.3157	0
0.00394199	0.01	0.2	51.88	10.082	0
0.00394199	0.01	0.2	55.5904	11.6975	0
0.00394199	0.01	0.2	59.5662	9.95404	0
0.00394199	0.01	0.2	63.8263	9.57122	0
0.00394199	0.01	0.2	68.3912	9.53154	0
0.00394199	0.01	0.2	73.2825	9.16121	0
0.00394199	0.01	0.2	78.5236	9.09937	0
0.00394199	0.01	0.2	84.1395	8.87891	0
0.00394199	0.01	0.2	90.1571	9.02412	0
0.00394199	0.01	0.2	96.6051	8.73531	0
0.00430692	0.01	0.2	0.103514	0.14114	0
0.00430692	0.01	0.2	0.110917	0.135811	0
0.00430692	0.01	0.2	0.11885	0.129855	0
0.00430692	0.01	0.2	0.12735	0.123228	0
0.00430692	0.01	0.2	0.136458	0.115894	0
0.00430692	0.01	0.2	0.146218	0.107834	0
0.00430692	0.01	0.2	0.156675	0.0990465	0
0.00430692	0.01	0.2	0.16788	0.0895646	0
0.00430692	0.01	0.2	0.179887	0.0794643	0
0.00430692	0.01	0.2	0.192752	0.0688834	0
0.00430692	0.01	0.2	0.206538	0.0580434	0
0.00430692	0.01	0.2	0.221309	0.0472765	0
0.00430692	0.01	0.2	0.237137	0.0370608	0
0.00430692	0.01	0.2	0.254097	0.0280621	0
0.00430692	0.01	0.2	0.27227	0.0211847	0
0.00430692	0.01	0.2	0.291743	0.017631	0
0.00430692	0.01	0.2	0.312608	0.0189698	0
0.00430692	0.01	0.2	0.334965	0.0272099	0
0.00430692	0.01	0.2	0.358922	0.0448779	0
0.00430692	0.01	0.2	0.384592	0.0750912	0
0.00430692	0.01	0.2	0.412098	0.121618	0
0.00430692	0.01	0.2	0.44157	0.188911	0
0.00430692	0.01	0.2	0.473151	0.282091	0
0.00430692	0.01	0.2	0.506991	0.406869	0
0.00430692	0.01	0.2	0.54325	0.569367	0
0.00430692	0.01	0.2	0.582103	0.775827	0
0.00430692	0.01	0.2	0.623735	1.03218	0
0.00430692	0.01	0.2	0.668344	1.3435	0
0.00430692	0.01	0.2	0.716143	1.71328	0
0.00430692	0.01	0.2	0.767361	2.14275	0
0.00430692	0.01	0.2	0.822243	2.63013	0
0.00430692	0.01	0.2	0.881049	3.17015	0
0.00430692	0.01	0.2	0.944061	3.7538	0
0.00430692	0.01	0.2	1.01158	4.36872	0
0.00430692	0.01	0.2	1.08393	5.00027	0
0.00430692	0.01	0.2	1.16145	5.63361	0
0.00430692	0.01	0.2	1.24451	6.25697	0
0.00430692	0.01	0.2	1.33352	6.86655	0
0.00430692	0.01	0.2	1.42889	7.47314	0
0.00430692	0.01	0.2	1.53109	8.11	0
0.00430692	0.01	0.2	1.64059	8.84012	0
0.00430692	0.01	0.2	1.75792	9.75837	0
0.00430692	0.01	0.2	1.88365	10.9809	0
0.00430692	0.01	0.2	2.01837	12.614	0
0.00430692	0.01	0.2	2.16272	14.697	0
0.00430692	0.01	0.2	2.31739	17.1295	0
0.00430692	0.01	0.2	2.48313	19.6051	0
0.00430692	0.01	0.2	2.66073	21.6042	0
0.00430692	0.01	0.2	2.85102	22.5056	0
0.00430692	0.01	0.2	3.05492	21.8668	0
0.00430692	0.01	0.2	3.27341	19.8255	0
0.00430692	0.01	0.2	3.50752	17.3599	0
0.00430692	0.01	0.2	3.75837	15.9839	0
0.00430692	0.01	0.2	4.02717	16.7544	0
0.00430692	0.01	0.2	4.31519	19.3267	0
0.00430692	0.01	0.2	4.62381	22.062	0
0.00430692	0.01	0.2	4.9545	23.176	0
0.00430692	0.01	0.2	5.30884	22.0368	0
0.00430692	0.01	0.2	5.68853	19.5657	0
0.00430692	0.01	0.2	6.09537	17.2056	0
0.00430692	0.01	0.2	6.53131	16.0912	0
0.00430692	0.01	0.2	6.99842	17.4162	0
0.00430692	0.01	0.2	7.49894	21.0936	0
0.00430692	0.01	0.2	8.03526	24.2533	0
0.00430692	0.01	0.2	8.60994	24.9615	0
0.00430692	0.01	0.2	9.22571	23.6849	0
0.00430692	0.01	0.2	9.88553	21.8027	0
0.00430692	0.01	0.2	10.5925	20.5512	0
0.00430692	0.01	0.2	11.3501	20.1055	0
0.00430692	0.01	0.2	12.1619	21.2633	0
0.00430692	0.01	0.2	13.0317	23.9041	0
0.00430692	0.01	0.2	13.9637	24.9236	0
0.00430692	0.01	0.2	14.9624	21.4312	0
0.00430692	0.01	0.2	16.0325	16.5356	0
0.00430692	0.01	0.2	17.1791	14.9582	0
0.00430692	0.01	0.2	18.4077	16.3948	0
0.00430692	0.01	0.2	19.7242	16.2055	0
0.00430692	0.01	0.2	21.1349	14.6336	0
0.00430692	0.01	0.2	22.6464	14.0514	0
0.00430692	0.01	0.2	24.2661	13.2711	0
0.00430692	0.01	0.2	26.0016	13.2495	0
0.00430692	0.01	0.2	27.8612	13.1554	0
0.00430692	0.01	0.2	29.8538	12.1276	0
0.00430692	0.01	0.2	31.989	13.8124	0
0.00430692	0.01	0.2	34.2768	13.5357	0
0.00430692	0.01	0.2	36.7282	13.3904	0
0.00430692	0.01	0.2	39.355	16.1283	0
0.00430692	0.01	0.2	42.1697	13.1289	0
0.00430692	0.01	0.2	45.1856	13.3033	0
0.00430692	0.01	0.2	48.4172	14.2315	0
0.00430692	0.01	0.2	51.88	12.042	0
0.00430692	0.01	0.2	55.5904	13.6569	0
0.00430692	0.01	0.2	59.5662	11.8548	0
0.00430692	0.01	0.2	63.8263	11.4369	0
0.00430692	0.01	0.2	68.3912	11.4186	0
0.00430692	0.01	0.2	73.2825	11.0633	0
0.00430692	0.01	0.2	78.5236	10.986	0
0.00430692	0.01	0.2	84.1395	10.7552	0
0.00430692	0.01	0.2	90.1571	10.9158	0
0.00430692	0.01	0.2	96.6051	10.6289	0
0.00470563	0.01	0.2	0.103514	0.137758	0
0.00470563	0.01	0.2	0.110917	0.132011	0
0.00470563	0.01	0.2	0.11885	0.125601	0
0.00470563	0.01	0.2	0.12735	0.118486	0
0.00470563	0.01	0.2	0.136458	0.110637	0
0.00470563	0.01	0.2	0.146218	0.102043	0
0.00470563	0.01	0.2	0.156675	0.0927166	0
0.00470563	0.01	0.2	0.16788	0.0827128	0
0.00470563	0.01	0.2	0.179887	0.0721385	0
0.00470563	0.01	0.2	0.192752	0.0611753	0
0.00470563	0.01	0.2	0.206538	0.0501041	0
0.00470563	0.01	0.2	0.221309	0.0393385	0
0.00470563	0.01	0.2	0.237137	0.0294643	0
0.00470563	0.01	0.2	0.254097	0.0212896	0
0.00470563	0.01	0.2	0.27227	0.0159033	0
0.00470563	0.01	0.2	0.291743	0.0147453	0
0.00470563	0.01	0.2	0.312608	0.0196849	0
0.00470563	0.01	0.2	0.334965	0.0331075	0
0.00470563	0.01	0.2	0.358922	0.0580038	0
0.00470563	0.01	0.2	0.384592	0.098055	0
0.00470563	0.01	0.2	0.412098	0.157702	0
0.00470563	0.01	0.2	0.44157	0.242182	0
0.00470563	0.01	0.2	0.473151	0.357515	0
0.00470563	0.01	0.2	0.506991	0.510405	0
0.00470563	0.01	0.2	0.54325	0.708043	0
0.00470563	0.01	0.2	0.582103	0.957766	0
0.00470563	0.01	0.2	0.623735	1.26657	0
0.00470563	0.01	0.2	0.668344	1.64049	0
0.00470563	0.01	0.2	0.716143	2.08377	0
0.00470563	0.01	0.2	0.767361	2.59812	0
0.00470563	0.01	0.2	0.822243	3.18186	0
0.00470563	0.01	0.2	0.881049	3.82933	0
0.00470563	0.01	0.2	0.944061	4.53069	0
0.00470563	0.01	0.2	1.01158	5.27218	0
0.00470563	0.01	0.2	1.08393	6.03722	0
0.00470563	0.01	0.2	1.16145	6.80834	0
0.00470563	0.01	0.2	1.24451	7.57049	0
0.00470563	0.01	0.2	1.33352	8.31587	0
0.00470563	0.01	0.2	1.42889	9.05061	0
0.00470563	0.01	0.2	1.53109	9.80326	0
0.00470563	0.01	0.2	1.64059	10.6329	0
0.00470563	0.01	0.2	1.75792	11.6326	0
0.00470563	0.01	0.2	1.88365	12.9195	0
0.00470563	0.01	0.2	2.01837	14.6039	0
0.00470563	0.01	0.2	2.16272	16.7312	0
0.00470563	0.01	0.2	2.31739	19.2076	0
0.00470563	0.01	0.2	2.48313	21.7346	0
0.00470563	0.01	0.2	2.66073	23.8014	0
0.00470563	0.01	0.2	2.85102	24.7949	0
0.00470563	0.01	0.2	3.05492	24.2733	0
0.00470563	0.01	0.2	3.27341	22.3597	0
0.00470563	0.01	0.2	3.50752	20.0073	0
0.00470563	0.01	0.2	3.75837	18.7057	0
0.00470563	0.01	0.2	4.02717	19.4982	0
0.00470563	0.01	0.2	4.31519	22.0457	0
0.00470563	0.01	0.2	4.62381	24.7424	0
0.00470563	0.01	0.2	4.9545	25.8403	0
0.00470563	0.01	0.2	5.30884	24.717	0
0.00470563	0.01	0.2	5.68853	22.2846	0
0.00470563	0.01	0.2	6.09537	19.9773	0
0.00470563	0.01	0.2	6.53131	18.9439	0
0.00470563	0.01	0.2	6.99842	20.3745	0
0.00470563	0.01	0.2	7.49894	24.1348	0
0.00470563	0.01	0.2	8.03526	27.3056	0
0.00470563	0.01	0.2	8.60994	27.9525	0
0.00470563	0.01	0.2	9.22571	26.5427	0
0.00470563	0.01	0.2	9.88553	24.4987	0
0.00470563	0.01	0.2	10.5925	23.1468	0
0.00470563	0.01	0.2	11.3501	22.6352	0
0.00470563	0.01	0.2	12.1619	23.7261	0
0.00470563	0.01	0.2	13.0317	26.2882	0
0.00470563	0.01	0.2	13.9637	27.2511	0
0.00470563	0.01	0.2	14.9624	23.7091	0
0.00470563	0.01	0.2	16.0325	18.7758	0
0.00470563	0.01	0.2	17.1791	17.2114	0
0.00470563	0.01	0.2	18.4077	18.6872	0
0.00470563	0.01	0.2	19.7242	18.4992	0
0.00470563	0.01	0.2	21.1349	16.9193	0
0.00470563	0.01	0.2	22.6464	16.3143	0
0.00470563	0.01	0.2	24.2661	15.5361	0
0.00470563	0.01	0.2	26.0016	15.5425	0
0.00470563	0.01	0.2	27.8612	15.4634	0
0.00470563	0.01	0.2	29.8538	14.4008	0
0.00470563	0.01	0.2	31.989	16.0646	0
0.00470563	0.01	0.2	34.2768	15.8451	0
0.00470563	0.01	0.2	36.7282	15.8101	0
0.00470563	0.01	0.2	39.355	18.5856	0
0.00470563	0.01	0.2	42.1697	15.5369	0
0.00470563	0.01	0.2	45.1856	15.6296	0
0.00470563	0.01	0.2	48.4172	16.5508	0
0.00470563	0.01	0.2	51.88	14.4086	0
0.00470563	0.01	0.2	55.5904	16.0209	0
0.00470563	0.01	0.2	59.5662	14.1515	0
0.00470563	0.01	0.2	63.8263	13.6942	0
0.00470563	0.01	0.2	68.3912	13.6995	0
0.00470563	0.01	0.2	73.2825	13.3608	0
0.00470563	0.01	0.2	78.5236	13.2655	0
0.00470563	0.01	0.2	84.1395	13.0235	0
0.00470563	0.01	0.2	90.1571	13.2016	0
0.00470563	0.01	0.2	96.6051	12.9171	0
0.00514125	0.01	0.2	0.103514	0.134109	0
0.00514125	0.01	0.2	0.110917	0.127921	0
0.00514125	0.01	0.2	0.11885	0.121034	0
0.00514125	0.01	0.2	0.12735	0.113412	0
0.00514125	0.01	0.2	0.136458	0.105034	0
0.00514125	0.01	0.2	0.146218	0.0958985	0
0.00514125	0.01	0.2	0.156675	0.0860408	0
0.00514125	0.01	0.2	0.16788	0.0755414	0
0.00514125	0.01	0.2	0.179887	0.0645466	0
0.00514125	0.01	0.2	0.192752	0.0532923	0
0.00514125	0.01	0.2	0.206538	0.0421336	0
0.00514125	0.01	0.2	0.221309	0.0315835	0
0.00514125	0.01	0.2	0.237137	0.02236	0
0.00514125	0.01	0.2	0.254097	0.0154442	0
0.00514125	0.01	0.2	0.27227	0.0121495	0
0.00514125	0.01	0.2	0.291743	0.0142029	0
0.00514125	0.01	0.2	0.312608	0.0238369	0
0.00514125	0.01	0.2	0.334965	0.0438906	0
0.00514125	0.01	0.2	0.358922	0.0779134	0
0.00514125	0.01	0.2	0.384592	0.130264	0
0.00514125	0.01	0.2	0.412098	0.20619	0
0.00514125	0.01	0.2	0.44157	0.311872	0
0.00514125	0.01	0.2	0.473151	0.454403	0
0.00514125	0.01	0.2	0.506991	0.641679	0
0.00514125	0.01	0.2	0.54325	0.882167	0
0.00514125	0.01	0.2	0.582103	1.18451	0
0.00514125	0.01	0.2	0.623735	1.55699	0
0.00514125	0.01	0.2	0.668344	2.00677	0
0.00514125	0.01	0.2	0.716143	2.53901	0
0.00514125	0.01	0.2	0.767361	3.15596	0
0.00514125	0.01	0.2	0.822243	3.85607	0
0.00514125	0.01	0.2	0.881049	4.63325	0
0.00514125	0.01	0.2	0.944061	5.47664	0
0.00514125	0.01	0.2	1.01158	6.37083	0
0.00514125	0.01	0.2	1.08393	7.29688	0
0.00514125	0.01	0.2	1.16145	8.23426	0
0.00514125	0.01	0.2	1.24451	9.16399	0
0.00514125	0.01	0.2	1.33352	10.0734	0
0.00514125	0.01	0.2	1.42889	10.9632	0
0.00514125	0.01	0.2	1.53109	11.8561	0
0.00514125	0.01	0.2	1.64059	12.8066	0
0.00514125	0.01	0.2	1.75792	13.9054	0
0.00514125	0.01	0.2	1.88365	15.2707	0
0.00514125	0.01	0.2	2.01837	17.0175	0
0.00514125	0.01	0.2	2.16272	19.1982	0
0.00514125	0.01	0.2	2.31739	21.727	0
0.00514125	0.01	0.2	2.48313	24.3141	0
0.00514125	0.01	0.2	2.66073	26.4596	0
0.00514125	0.01	0.2	2.85102	27.5603	0
0.00514125	0.01	0.2	3.05492	27.1753	0
0.00514125	0.01	0.2	3.27341	25.4116	0
0.00514125	0.01	0.2	3.50752	23.1928	0
0.00514125	0.01	0.2	3.75837	21.981	0
0.00514125	0.01	0.2	4.02717	22.8034	0
0.00514125	0.01	0.2	4.31519	25.3271	0
0.00514125	0.01	0.2	4.62381	27.9844	0
0.00514125	0.01	0.2	4.9545	29.0684	0
0.00514125	0.01	0.2	5.30884	27.9667	0
0.00514125	0.01	0.2	5.68853	25.5799	0
0.00514125	0.01	0.2	6.09537	23.3331	0
0.00514125	0.01	0.2	6.53131	22.3934	0
0.00514125	0.01	0.2	6.99842	23.9467	0
0.00514125	0.01	0.2	7.49894	27.8013	0
0.00514125	0.01	0.2	8.03526	30.9797	0
0.00514125	0.01	0.2	8.60994	31.5491	0
0.00514125	0.01	0.2	9.22571	29.98	0
0.00514125	0.01	0.2	9.88553	27.746	0
0.00514125	0.01	0.2	10.5925	26.2763	0
0.00514125	0.01	0.2	11.3501	25.6835	0
0.00514125	0.01	0.2	12.1619	26.6897	0
0.00514125	0.01	0.2	13.0317	29.1555	0
0.00514125	0.01	0.2	13.9637	30.0525	0
0.00514125	0.01	0.2	14.9624	26.456	0
0.00514125	0.01	0.2	16.0325	21.4822	0
0.00514125	0.01	0.2	17.1791	19.9351	0
0.00514125	0.01	0.2	18.4077	21.458	0
0.00514125	0.01	0.2	19.7242	21.2726	0
0.00514125	0.01	0.2	21.1349	19.6853	0
0.00514125	0.01	0.2	22.6464	19.0531	0
0.00514125	0.01	0.2	24.2661	18.2731	0
0.00514125	0.01	0.2	26.0016	18.3073	0
0.00514125	0.01	0.2	27.8612	18.2441	0
0.00514125	0.01	0.2	29.8538	17.1444	0
0.00514125	0.01	0.2	31.989	18.7875	0
0.00514125	0.01	0.2	34.2768	18.6339	0
0.00514125	0.01	0.2	36.7282	18.724	0
0.00514125	0.01	0.2	39.355	21.5438	0
0.00514125	0.01	0.2	42.1697	18.4419	0
0.00514125	0.01	0.2	45.1856	18.443	0
0.00514125	0.01	0.2	48.4172	19.3548	0
0.00514125	0.01	0.2	51.88	17.2631	0
0.00514125	0.01	0.2	55.5904	18.87	0
0.00514125	0.01	0.2	59.5662	16.9233	0
0.00514125	0.01	0.2	63.8263	16.4217	0
0.00514125	0.01	0.2	68.3912	16.453	0
0.00514125	0.01	0.2	73.2825	16.1328	0
0.00514125	0.01	0.2	78.5236	16.0165	0
0.00514125	0.01	0.2	84.1395	15.7625	0
0.00514125	0.01	0.2	90.1571	15.9605	0
0.00514125	0.01	0.2	96.6051	15.6791	0
0.0056172	0.01	0.2	0.103514	0.130178	0
0.0056172	0.01	0.2	0.110917	0.123525	0
0.0056172	0.01	0.2	0.11885	0.116141	0
0.0056172	0.01	0.2	0.12735	0.107996	0
0.0056172	0.01	0.2	0.136458	0.0990778	0
0.0056172	0.01	0.2	0.146218	0.0894045	0
0.0056172	0.01	0.2	0.156675	0.0790338	0
0.0056172	0.01	0.2	0.16788	0.0680818	0
0.0056172	0.01	0.2	0.179887	0.0567437	0
0.0056172	0.01	0.2	0.192752	0.0453227	0
0.0056172	0.01	0.2	0.206538	0.0342653	0
0.0056172	0.01	0.2	0.221309	0.0242064	0
0.0056172	0.01	0.2	0.237137	0.0160251	0
0.0056172	0.01	0.2	0.254097	0.0109131	0
0.0056172	0.01	0.2	0.27227	0.0104555	0
0.0056172	0.01	0.2	0.291743	0.0167264	0
0.0056172	0.01	0.2	0.312608	0.0323969	0
0.0056172	0.01	0.2	0.334965	0.0608523	0
0.0056172	0.01	0.2	0.358922	0.106314	0
0.0056172	0.01	0.2	0.384592	0.173954	0
0.0056172	0.01	0.2	0.412098	0.269989	0
0.0056172	0.01	0.2	0.44157	0.401727	0
0.0056172	0.01	0.2	0.473151	0.577549	0
0.0056172	0.01	0.2	0.506991	0.806777	0
0.0056172	0.01	0.2	0.54325	1.0994	0
0.0056172	0.01	0.2	0.582103	1.46564	0
0.0056172	0.01	0.2	0.623735	1.91528	0
0.0056172	0.01	0.2	0.668344	2.45685	0
0.0056172	0.01	0.2	0.716143	3.0966	0
0.0056172	0.01	0.2	0.767361	3.83745	0
0.0056172	0.01	0.2	0.822243	4.67795	0
0.0056172	0.01	0.2	0.881049	5.61154	0
0.0056172	0.01	0.2	0.944061	6.62613	0
0.0056172	0.01	0.2	1.01158	7.70434	0
0.0056172	0.01	0.2	1.08393	8.82445	0
0.0056172	0.01	0.2	1.16145	9.96224	0
0.0056172	0.01	0.2	1.24451	11.0941	0
0.0056172	0.01	0.2	1.33352	12.2015	0
0.0056172	0.01	0.2	1.42889	13.2785	0
0.0056172	0.01	0.2	1.53109	14.3412	0
0.0056172	0.01	0.2	1.64059	15.4381	0
0.0056172	0.01	0.2	1.75792	16.6571	0
0.0056172	0.01	0.2	1.88365	18.1178	0
0.0056172	0.01	0.2	2.01837	19.9404	0
0.0056172	0.01	0.2	2.16272	22.1855	0
0.0056172	0.01	0.2	2.31739	24.7764	0
0.0056172	0.01	0.2	2.48313	27.4342	0
0.0056172	0.01	0.2	2.66073	29.6713	0
0.0056172	0.01	0.2	2.85102	30.8969	0
0.0056172	0.01	0.2	3.05492	30.6717	0
0.0056172	0.01	0.2	3.27341	29.0839	0
0.0056172	0.01	0.2	3.50752	27.0232	0
0.0056172	0.01	0.2	3.75837	25.9194	0
0.0056172	0.01	0.2	4.02717	26.7814	0
0.0056172	0.01	0.2	4.31519	29.2831	0
0.0056172	0.01	0.2	4.62381	31.9006	0
0.0056172	0.01	0.2	4.9545	32.9741	0
0.0056172	0.01	0.2	5.30884	31.901	0
0.0056172	0.01	0.2	5.68853	29.568	0
0.0056172	0.01	0.2	6.09537	27.3905	0
0.0056172	0.01	0.2	6.53131	26.5592	0
0.0056172	0.01	0.2	6.99842	28.2553	0
0.0056172	0.01	0.2	7.49894	32.2176	0
0.0056172	0.01	0.2	8.03526	35.3989	0
0.0056172	0.01	0.2	8.60994	35.8711	0
0.0056172	0.01	0.2	9.22571	34.1117	0
0.0056172	0.01	0.2	9.88553	31.6543	0
0.0056172	0.01	0.2	10.5925	30.046	0
0.0056172	0.01	0.2	11.3501	29.3533	0
0.0056172	0.01	0.2	12.1619	30.253	0
0.0056172	0.01	0.2	13.0317	32.6013	0
0.0056172	0.01	0.2	13.9637	33.4218	0
0.0056172	0.01	0.2	14.9624	29.7652	0
0.0056172	0.01	0.2	16.0325	24.7481	0
0.0056172	0.01	0.2	17.1791	23.2238	0
0.0056172	0.01	0.2	18.4077	24.8031	0
0.0056172	0.01	0.2	19.7242	24.6218	0
0.0056172	0.01	0.2	21.1349	23.0279	0
0.0056172	0.01	0.2	22.6464	22.3633	0
0.0056172	0.01	0.2	24.2661	21.5769	0
0.0056172	0.01	0.2	26.0016	21.6379	0
0.0056172	0.01	0.2	27.8612	21.5914	0
0.0056172	0.01	0.2	29.8538	20.4523	0
0.0056172	0.01	0.2	31.989	22.0755	0
0.0056172	0.01	0.2	34.2768	21.9978	0
0.0056172	0.01	0.2	36.7282	22.2303	0
0.0056172	0.01	0.2	39.355	25.1021	0
0.0056172	0.01	0.2	42.1697	21.9428	0
0.0056172	0.01	0.2	45.1856	21.8411	0
0.0056172	0.01	0.2	48.4172	22.7406	0
0.0056172	0.01	0.2	51.88	20.7028	0
0.0056172	0.01	0.2	55.5904	22.3007	0
0.0056172	0.01	0.2	59.5662	20.265	0
0.0056172	0.01	0.2	63.8263	19.7135	0
0.0056172	0.01	0.2	68.3912	19.7735	0
0.0056172	0.01	0.2	73.2825	19.474	0
0.0056172	0.01	0.2	78.5236	19.333	0
0.0056172	0.01	0.2	84.1395	19.0661	0
0.0056172	0.01	0.2	90.1571	19.287	0
0.0056172	0.01	0.2	96.6051	19.0095	0
0.0061372	0.01	0.2	0.103514	0.125951	0
0.0061372	0.01	0.2	0.110917	0.118811	0
0.0061372	0.01	0.2	0.11885	0.11091	0
0.0061372	0.01	0.2	0.12735	0.102229	0
0.0061372	0.01	0.2	0.136458	0.0927695	0
0.0061372	0.01	0.2	0.146218	0.0825702	0
0.0061372	0.01	0.2	0.156675	0.0717205	0
0.0061372	0.01	0.2	0.16788	0.0603802	0
0.0061372	0.01	0.2	0.179887	0.0488057	0
0.0061372	0.01	0.2	0.192752	0.0373832	0
0.0061372	0.01	0.2	0.206538	0.0266715	0
0.0061372	0.01	0.2	0.221309	0.0174545	0
0.0061372	0.01	0.2	0.237137	0.0108075	0
0.0061372	0.01	0.2	0.254097	0.00817739	0
0.0061372	0.01	0.2	0.27227	0.0114784	0
0.0061372	0.01	0.2	0.291743	0.0232038	0
0.0061372	0.01	0.2	0.312608	0.0465529	0
0.0061372	0.01	0.2	0.334965	0.0855686	0
0.0061372	0.01	0.2	0.358922	0.14528	0
0.0061372	0.01	0.2	0.384592	0.231835	0
0.0061372	0.01	0.2	0.412098	0.352611	0
0.0061372	0.01	0.2	0.44157	0.516271	0
0.0061372	0.01	0.2	0.473151	0.732735	0
0.0061372	0.01	0.2	0.506991	1.01303	0
0.0061372	0.01	0.2	0.54325	1.36897	0
0.0061372	0.01	0.2	0.582103	1.81264	0
0.0061372	0.01	0.2	0.623735	2.35566	0
0.0061372	0.01	0.2	0.668344	3.00816	0
0.0061372	0.01	0.2	0.716143	3.77769	0
0.0061372	0.01	0.2	0.767361	4.66797	0
0.0061372	0.01	0.2	0.822243	5.6777	0
0.0061372	0.01	0.2	0.881049	6.79971	0
0.0061372	0.01	0.2	0.944061	8.02047	0
0.0061372	0.01	0.2	1.01158	9.32025	0
0.0061372	0.01	0.2	1.08393	10.674	0
0.0061372	0.01	0.2	1.16145	12.0532	0
0.0061372	0.01	0.2	1.24451	13.4285	0
0.0061372	0.01	0.2	1.33352	14.7746	0
0.0061372	0.01	0.2	1.42889	16.0776	0
0.0061372	0.01	0.2	1.53109	17.3453	0
0.0061372	0.01	0.2	1.64059	18.6194	0
0.0061372	0.01	0.2	1.75792	19.9842	0
0.0061372	0.01	0.2	1.88365	21.5606	0
0.0061372	0.01	0.2	2.01837	23.475	0
0.0061372	0.01	0.2	2.16272	25.7976	0
0.0061372	0.01	0.2	2.31739	28.4626	0
0.0061372	0.01	0.2	2.48313	31.2032	0
0.0061372	0.01	0.2	2.66073	33.5473	0
0.0061372	0.01	0.2	2.85102	34.9187	0
0.0061372	0.01	0.2	3.05492	34.8805	0
0.0061372	0.01	0.2	3.27341	33.4995	0
0.0061372	0.01	0.2	3.50752	31.6258	0
0.0061372	0.01	0.2	3.75837	30.6521	0
0.0061372	0.01	0.2	4.02717	31.5657	0
0.0061372	0.01	0.2	4.31519	34.0481	0
0.0061372	0.01	0.2	4.62381	36.626	0
0.0061372	0.01	0.2	4.9545	37.6933	0
0.0061372	0.01	0.2	5.30884	36.6574	0
0.0061372	0.01	0.2	5.68853	34.3881	0
0.0061372	0.01	0.2	6.09537	32.2903	0
0.0061372	0.01	0.2	6.53131	31.5846	0
0.0061372	0.01	0.2	6.99842	33.4472	0
0.0061372	0.01	0.2	7.49894	37.5327	0
0.0061372	0.01	0.2	8.03526	40.7107	0
0.0061372	0.01	0.2	8.60994	41.0616	0
0.0061372	0.01	0.2	9.22571	39.0748	0
0.0061372	0.01	0.2	9.88553	36.3546	0
0.0061372	0.01	0.2	10.5925	34.5831	0
0.0061372	0.01	0.2	11.3501	33.768	0
0.0061372	0.01	0.2	12.1619	34.5348	0
0.0061372	0.01	0.2	13.0317	36.74	0
0.0061372	0.01	0.2	13.9637	37.4713	0
0.0061372	0.01	0.2	14.9624	33.7487	0
0.0061372	0.01	0.2	16.0325	28.685	0
0.0061372	0.01	0.2	17.1791	27.1902	0
0.0061372	0.01	0.2	18.4077	28.8371	0
0.0061372	0.01	0.2	19.7242	28.662	0
0.0061372	0.01	0.2	21.1349	27.0628	0
0.0061372	0.01	0.2	22.6464	26.3593	0
0.0061372	0.01	0.2	24.2661	25.5604	0
0.0061372	0.01	0.2	26.0016	25.6467	0
0.0061372	0.01	0.2	27.8612	25.6177	0
0.0061372	0.01	0.2	29.8538	24.4368	0
0.0061372	0.01	0.2	31.989	26.0416	0
0.0061372	0.01	0.2	34.2768	26.0515	0
0.0061372	0.01	0.2	36.7282	26.4462	0
0.0061372	0.01	0.2	39.355	29.3793	0
0.0061372	0.01	0.2	42.1697	26.1581	0
0.0061372	0.01	0.2	45.1856	25.9409	0
0.0061372	0.01	0.2	48.4172	26.8244	0
0.0061372	0.01	0.2	51.88	24.8438	0
0.0061372	0.01	0.2	55.5904	26.4285	0
0.0061372	0.01	0.2	59.5662	24.2902	0
0.0061372	0.01	0.2	63.8263	23.6825	0
0.0061372	0.01	0.2	68.3912	23.7741	0
0.0061372	0.01	0.2	73.2825	23.4977	0
0.0061372	0.01	0.2	78.5236	23.3278	0
0.0061372	0.01	0.2	84.1395	23.047	0
0.0061372	0.01	0.2	90.1571	23.2939	0
0.0061372	0.01	0.2	96.6051	23.0214	0
0.00670535	0.01	0.2	0.103514	0.121412	0
0.00670535	0.01	0.2	0.110917	0.113764	0
0.00670535	0.01	0.2	0.11885	0.105333	0
0.00670535	0.01	0.2	0.12735	0.0961094	0
0.00670535	0.01	0.2	0.136458	0.0861147	0
0.00670535	0.01	0.2	0.146218	0.075415	0
0.00670535	0.01	0.2	0.156675	0.0641389	0
0.00670535	0.01	0.2	0.16788	0.0525011	0
0.00670535	0.01	0.2	0.179887	0.0408337	0
0.00670535	0.01	0.2	0.192752	0.0296254	0
0.00670535	0.01	0.2	0.206538	0.019572	0
0.00670535	0.01	0.2	0.221309	0.0116392	0
0.00670535	0.01	0.2	0.237137	0.00714069	0
0.00670535	0.01	0.2	0.254097	0.00783261	0
0.00670535	0.01	0.2	0.27227	0.0160267	0
0.00670535	0.01	0.2	0.291743	0.0347221	0
0.00670535	0.01	0.2	0.312608	0.067754	0
0.00670535	0.01	0.2	0.334965	0.119956	0
0.00670535	0.01	0.2	0.358922	0.197327	0
0.00670535	0.01	0.2	0.384592	0.307187	0
0.00670535	0.01	0.2	0.412098	0.458304	0
0.00670535	0.01	0.2	0.44157	0.660963	0
0.00670535	0.01	0.2	0.473151	0.926925	0
0.00670535	0.01	0.2	0.506991	1.26926	0
0.00670535	0.01	0.2	0.54325	1.70196	0
0.00670535	0.01	0.2	0.582103	2.23935	0
0.00670535	0.01	0.2	0.623735	2.8952	0
0.00670535	0.01	0.2	0.668344	3.68161	0
0.00670535	0.01	0.2	0.716143	4.60765	0
0.00670535	0.01	0.2	0.767361	5.67798	0
0.00670535	0.01	0.2	0.822243	6.8915	0
0.00670535	0.01	0.2	0.881049	8.24031	0
0.00670535	0.01	0.2	0.944061	9.70915	0
0.00670535	0.01	0.2	1.01158	11.2755	0
0.00670535	0.01	0.2	1.08393	12.9104	0
0.00670535	0.01	0.2	1.16145	14.58	0
0.00670535	0.01	0.2	1.24451	16.2483	0
0.00670535	0.01	0.2	1.33352	17.882	0
0.00670535	0.01	0.2	1.42889	19.4573	0
0.00670535	0.01	0.2	1.53109	20.9725	0
0.00670535	0.01	0.2	1.64059	22.4608	0
0.00670535	0.01	0.2	1.75792	24.002	0
0.00670535	0.01	0.2	1.88365	25.7186	0
0.00670535	0.01	0.2	2.01837	27.7441	0
0.00670535	0.01	0.2	2.16272	30.1599	0
0.00670535	0.01	0.2	2.31739	32.9129	0
0.00670535	0.01	0.2	2.48313	35.751	0
0.00670535	0.01	0.2	2.66073	38.2201	0
0.00670535	0.01	0.2	2.85102	39.762	0
0.00670535	0.01	0.2	3.05492	39.9429	0
0.00670535	0.01	0.2	3.27341	38.8053	0
0.00670535	0.01	0.2	3.50752	37.1531	0
0.00670535	0.01	0.2	3.75837	36.3358	0
0.00670535	0.01	0.2	4.02717	37.3157	0
0.00670535	0.01	0.2	4.31519	39.7828	0
0.00670535	0.01	0.2	4.62381	42.3221	0
0.00670535	0.01	0.2	4.9545	43.3891	0
0.00670535	0.01	0.2	5.30884	42.401	0
0.00670535	0.01	0.2	5.68853	40.207	0
0.00670535	0.01	0.2	6.09537	38.2008	0
0.00670535	0.01	0.2	6.53131	37.641	0
0.00670535	0.01	0.2	6.99842	39.6979	0
0.00670535	0.01	0.2	7.49894	43.9247	0
0.00670535	0.01	0.2	8.03526	47.0914	0
0.00670535	0.01	0.2	8.60994	47.2918	0
0.00670535	0.01	0.2	9.22571	45.0332	0
0.00670535	0.01	0.2	9.88553	42.0034	0
0.00670535	0.01	0.2	10.5925	40.0396	0
0.00670535	0.01	0.2	11.3501	39.0748	0
0.00670535	0.01	0.2	12.1619	39.6768	0
0.00670535	0.01	0.2	13.0317	41.7082	0
0.00670535	0.01	0.2	13.9637	42.3353	0
0.00670535	0.01	0.2	14.9624	38.5399	0
0.00670535	0.01	0.2	16.0325	33.4266	0
0.00670535	0.01	0.2	17.1791	31.9694	0
0.00670535	0.01	0.2	18.4077	33.6974	0
0.00670535	0.01	0.2	19.7242	33.5308	0
0.00670535	0.01	0.2	21.1349	31.9282	0
0.00670535	0.01	0.2	22.6464	31.1781	0
0.00670535	0.01	0.2	24.2661	30.3591	0
0.00670535	0.01	0.2	26.0016	30.4681	0
0.00670535	0.01	0.2	27.8612	30.4573	0
0.00670535	0.01	0.2	29.8538	29.2322	0
0.00670535	0.01	0.2	31.989	30.8209	0
0.00670535	0.01	0.2	34.2768	30.9319	0
0.00670535	0.01	0.2	36.7282	31.512	0
0.00670535	0.01	0.2	39.355	34.5174	0
0.00670535	0.01	0.2	42.1697	31.2296	0
0.00670535	0.01	0.2	45.1856	30.8822	0
0.00670535	0.01	0.2	48.4172	31.7452	0
0.00670535	0.01	0.2	51.88	29.8252	0
0.00670535	0.01	0.2	55.5904	31.3913	0
0.00670535	0.01	0.2	59.5662	29.1344	0
0.00670535	0.01	0.2	63.8263	28.4632	0
0.00670535	0.01	0.2	68.3912	28.5897	0
0.00670535	0.01	0.2	73.2825	28.3391	0
0.00670535	0.01	0.2	78.5236	28.1353	0
0.00670535	0.01	0.2	84.1395	27.8398	0
0.00670535	0.01	0.2	90.1571	28.1166	0
0.00670535	0.01	0.2	96.6051	27.8502	0
0.0073261	0.01	0.2	0.103514	0.116547	0
0.0073261	0.01	0.2	0.110917	0.108376	0
0.0073261	0.01	0.2	0.11885	0.0994039	0
0.0073261	0.01	0.2	0.12735	0.0896392	0
0.0073261	0.01	0.2	0.136458	0.0791274	0
0.0073261	0.01	0.2	0.146218	0.0679695	0
0.0073261	0.01	0.2	0.156675	0.0563433	0
0.0073261	0.01	0.2	0.16788	0.044532	0
0.0073261	0.01	0.2	0.179887	0.0329607	0
0.0073261	0.01	0.2	0.192752	0.0222438	0
0.0073261	0.01	0.2	0.206538	0.0132446	0
0.0073261	0.01	0.2	0.221309	0.00715001	0
0.0073261	0.01	0.2	0.237137	0.00556252	0
0.0073261	0.01	0.2	0.254097	0.0106126	0
0.0073261	0.01	0.2	0.27227	0.0250918	0
0.0073261	0.01	0.2	0.291743	0.0526086	0
0.0073261	0.01	0.2	0.312608	0.0977638	0
0.0073261	0.01	0.2	0.334965	0.166341	0
0.0073261	0.01	0.2	0.358922	0.265503	0
0.0073261	0.01	0.2	0.384592	0.403974	0
0.0073261	0.01	0.2	0.412098	0.592193	0
0.0073261	0.01	0.2	0.44157	0.842381	0
0.0073261	0.01	0.2	0.473151	1.16851	0
0.0073261	0.01	0.2	0.506991	1.58608	0
0.0073261	0.01	0.2	0.54325	2.1117	0
0.0073261	0.01	0.2	0.582103	2.76236	0
0.0073261	0.01	0.2	0.623735	3.55442	0
0.0073261	0.01	0.2	0.668344	4.50229	0
0.0073261	0.01	0.2	0.716143	5.61688	0
0.0073261	0.01	0.2	0.767361	6.90399	0
0.0073261	0.01	0.2	0.822243	8.36271	0
0.0073261	0.01	0.2	0.881049	9.9843	0
0.0073261	0.01	0.2	0.944061	11.7514	0
0.0073261	0.01	0.2	1.01158	13.6383	0
0.0073261	0.01	0.2	1.08393	15.6112	0
0.0073261	0.01	0.2	1.16145	17.63	0
0.0073261	0.01	0.2	1.24451	19.6509	0
0.0073261	0.01	0.2	1.33352	21.6304	0
0.0073261	0.01	0.2	1.42889	23.5339	0
0.0073261	0.01	0.2	1.53109	25.3472	0
0.0073261	0.01	0.2	1.64059	27.094	0
0.0073261	0.01	0.2	1.75792	28.8485	0
0.0073261	0.01	0.2	1.88365	30.7346	0
0.0073261	0.01	0.2	2.01837	32.8944	0
0.0073261	0.01	0.2	2.16272	35.4222	0
0.0073261	0.01	0.2	2.31739	38.28	0
0.0073261	0.01	0.2	2.48313	41.2328	0
0.0073261	0.01	0.2	2.66073	43.8483	0
0.0073261	0.01	0.2	2.85102	45.5896	0
0.0073261	0.01	0.2	3.05492	46.0279	0
0.0073261	0.01	0.2	3.27341	45.1768	0
0.0073261	0.01	0.2	3.50752	43.7871	0
0.0073261	0.01	0.2	3.75837	43.1579	0
0.0073261	0.01	0.2	4.02717	44.2221	0
0.0073261	0.01	0.2	4.31519	46.6793	0
0.0073261	0.01	0.2	4.62381	49.1819	0
0.0073261	0.01	0.2	4.9545	50.2563	0
0.0073261	0.01	0.2	5.30884	49.3289	0
0.0073261	0.01	0.2	5.68853	47.2239	0
0.0073261	0.01	0.2	6.09537	45.3236	0
0.0073261	0.01	0.2	6.53131	44.9334	0
0.0073261	0.01	0.2	6.99842	47.2174	0
0.0073261	0.01	0.2	7.49894	51.6066	0
0.0073261	0.01	0.2	8.03526	54.7515	0
0.0073261	0.01	0.2	8.60994	54.7662	0
0.0073261	0.01	0.2	9.22571	52.183	0
0.0073261	0.01	0.2	9.88553	48.788	0
0.0073261	0.01	0.2	10.5925	46.5975	0
0.0073261	0.01	0.2	11.3501	45.4502	0
0.0073261	0.01	0.2	12.1619	45.8485	0
0.0073261	0.01	0.2	13.0317	47.6689	0
0.0073261	0.01	0.2	13.9637	48.1743	0
0.0073261	0.01	0.2	14.9624	44.2987	0
0.0073261	0.01	0.2	16.0325	39.1325	0
0.0073261	0.01	0.2	17.1791	37.7228	0
0.0073261	0.01	0.2	18.4077	39.5479	0
0.0073261	0.01	0.2	19.7242	39.3931	0
0.0073261	0.01	0.2	21.1349	37.7892	0
0.0073261	0.01	0.2	22.6464	36.9836	0
0.0073261	0.01	0.2	24.2661	36.1349	0
0.0073261	0.01	0.2	26.0016	36.2627	0
0.0073261	0.01	0.2	27.8612	36.2709	0
0.0073261	0.01	0.2	29.8538	34.9994	0
0.0073261	0.01	0.2	31.989	36.5751	0
0.0073261	0.01	0.2	34.2768	36.8033	0
0.0073261	0.01	0.2	36.7282	37.5954	0
0.0073261	0.01	0.2	39.355	40.6859	0
0.0073261	0.01	0.2	42.1697	37.3266	0
0.0073261	0.01	0.2	45.1856	36.8324	0
0.0073261	0.01	0.2	48.4172	37.6695	0
0.0073261	0.01	0.2	51.88	35.8135	0
0.0073261	0.01	0.2	55.5904	37.3541	0
0.0073261	0.01	0.2	59.5662	34.9602	0
0.0073261	0.01	0.2	63.8263	34.217	0
0.0073261	0.01	0.2	68.3912	34.3821	0
0.0073261	0.01	0.2	73.2825	34.1604	0
0.0073261	0.01	0.2	78.5236	33.9168	0
0.0073261	0.01	0.2	84.1395	33.6054	0
0.0073261	0.01	0.2	90.1571	33.9167	0
0.0073261	0.01	0.2	96.6051	33.6578	0
0.0080043	0.01	0.2	0.103514	0.111346	0
0.0080043	0.01	0.2	0.110917	0.102638	0
0.0080043	0.01	0.2	0.11885	0.093122	0
0.0080043	0.01	0.2	0.12735	0.0828278	0
0.0080043	0.01	0.2	0.136458	0.0718318	0
0.0080043	0.01	0.2	0.146218	0.0602789	0
0.0080043	0.01	0.2	0.156675	0.0484085	0
0.0080043	0.01	0.2	0.16788	0.0365882	0
0.0080043	0.01	0.2	0.179887	0.0253578	0
0.0080043	0.01	0.2	0.192752	0.0154852	0
0.0080043	0.01	0.2	0.206538	0.00803789	0
0.0080043	0.01	0.2	0.221309	0.00447096	0
0.0080043	0.01	0.2	0.237137	0.00673695	0
0.0080043	0.01	0.2	0.254097	0.0174184	0
0.0080043	0.01	0.2	0.27227	0.0398856	0
0.0080043	0.01	0.2	0.291743	0.0784807	0
0.0080043	0.01	0.2	0.312608	0.138725	0
0.0080043	0.01	0.2	0.334965	0.227542	0
0.0080043	0.01	0.2	0.358922	0.353492	0
0.0080043	0.01	0.2	0.384592	0.526985	0
0.0080043	0.01	0.2	0.412098	0.760455	0
0.0080043	0.01	0.2	0.44157	1.06845	0
0.0080043	0.01	0.2	0.473151	1.46757	0
0.0080043	0.01	0.2	0.506991	1.97625	0
0.0080043	0.01	0.2	0.54325	2.6142	0
0.0080043	0.01	0.2	0.582103	3.4016	0
0.0080043	0.01	0.2	0.623735	4.35791	0
0.0080043	0.01	0.2	0.668344	5.50029	0
0.0080043	0.01	0.2	0.716143	6.84185	0
0.0080043	0.01	0.2	0.767361	8.38972	0
0.0080043	0.01	0.2	0.822243	10.1433	0
0.0080043	0.01	0.2	0.881049	12.0927	0
0.0080043	0.01	0.2	0.944061	14.2183	0
0.0080043	0.01	0.2	1.01158	16.4902	0
0.0080043	0.01	0.2	1.08393	18.8692	0
0.0080043	0.01	0.2	1.16145	21.3076	0
0.0080043	0.01	0.2	1.24451	23.7522	0
0.0080043	0.01	0.2	1.33352	26.1478	0
0.0080043	0.01	0.2	1.42889	28.446	0
0.0080043	0.01	0.2	1.53109	30.6186	0
0.0080043	0.01	0.2	1.64059	32.6769	0
0.0080043	0.01	0.2	1.75792	34.6887	0
0.0080043	0.01	0.2	1.88365	36.7796	0
0.0080043	0.01	0.2	2.01837	39.1015	0
0.0080043	0.01	0.2	2.16272	41.7639	0
0.0080043	0.01	0.2	2.31739	44.7463	0
0.0080043	0.01	0.2	2.48313	47.8343	0
0.0080043	0.01	0.2	2.66073	50.6214	0
0.0080043	0.01	0.2	2.85102	52.5965	0
0.0080043	0.01	0.2	3.05492	53.3371	0
0.0080043	0.01	0.2	3.27341	52.8241	0
0.0080043	0.01	0.2	3.50752	51.7456	0
0.0080043	0.01	0.2	3.75837	51.3424	0
0.0080043	0.01	0.2	4.02717	52.513	0
0.0080043	0.01	0.2	4.31519	54.9675	0
0.0080043	0.01	0.2	4.62381	57.4367	0
0.0080043	0.01	0.2	4.9545	58.5283	0
0.0080043	0.01	0.2	5.30884	57.6773	0
0.0080043	0.01	0.2	5.68853	55.6778	0
0.0080043	0.01	0.2	6.09537	53.8996	0
0.0080043	0.01	0.2	6.53131	53.7069	0
0.0080043	0.01	0.2	6.99842	56.257	0
0.0080043	0.01	0.2	7.49894	60.8329	0
0.0080043	0.01	0.2	8.03526	63.9432	0
0.0080043	0.01	0.2	8.60994	63.7294	0
0.0080043	0.01	0.2	9.22571	60.7583	0
0.0080043	0.01	0.2	9.88553	56.9323	0
0.0080043	0.01	0.2	10.5925	54.4742	0
0.0080043	0.01	0.2	11.3501	53.1047	0
0.0080043	0.01	0.2	12.1619	53.2523	0
0.0080043	0.01	0.2	13.0317	54.8174	0
0.0080043	0.01	0.2	13.9637	55.1802	0
0.0080043	0.01	0.2	14.9624	51.2162	0
0.0080043	0.01	0.2	16.0325	45.9938	0
0.0080043	0.01	0.2	17.1791	44.6438	0
0.0080043	0.01	0.2	18.4077	46.5851	0
0.0080043	0.01	0.2	19.7242	46.4457	0
0.0080043	0.01	0.2	21.1349	44.8438	0
0.0080043	0.01	0.2	22.6464	43.9718	0
0.0080043	0.01	0.2	24.2661	43.0815	0
0.0080043	0.01	0.2	26.0016	43.2229	0
0.0080043	0.01	0.2	27.8612	43.2506	0
0.0080043	0.01	0.2	29.8538	41.9305	0
0.0080043	0.01	0.2	31.989	43.4976	0
0.0080043	0.01	0.2	34.2768	43.8616	0
0.0080043	0.01	0.2	36.7282	44.8967	0
0.0080043	0.01	0.2	39.355	48.0877	0
0.0080043	0.01	0.2	42.1697	44.6519	0
0.0080043	0.01	0.2	45.1856	43.9917	0
0.0080043	0.01	0.2	48.4172	44.7962	0
0.0080043	0.01	0.2	51.88	43.0073	0
0.0080043	0.01	0.2	55.5904	44.5141	0
0.0080043	0.01	0.2	59.5662	41.9613	0
0.0080043	0.01	0.2	63.8263	41.1367	0
0.0080043	0.01	0.2	68.3912	41.3445	0
0.0080043	0.01	0.2	73.2825	41.1551	0
0.0080043	0.01	0.2	78.5236	40.8648	0
0.0080043	0.01	0.2	84.1395	40.5365	0
0.0080043	0.01	0.2	90.1571	40.8874	0
0.0080043	0.01	0.2	96.6051	40.6378	0
0.0087453	0.01	0.2	0.103514	0.105799	0
0.0087453	0.01	0.2	0.110917	0.0965464	0
0.0087453	0.01	0.2	0.11885	0.0864929	0
0.0087453	0.01	0.2	0.12735	0.0756937	0
0.0087453	0.01	0.2	0.136458	0.0642649	0
0.0087453	0.01	0.2	0.146218	0.0524067	0
0.0087453	0.01	0.2	0.156675	0.0404346	0
0.0087453	0.01	0.2	0.16788	0.0288202	0
0.0087453	0.01	0.2	0.179887	0.0182438	0
0.0087453	0.01	0.2	0.192752	0.00966071	0
0.0087453	0.01	0.2	0.206538	0.00438629	0
0.0087453	0.01	0.2	0.221309	0.00420107	0
0.0087453	0.01	0.2	0.237137	0.0114807	0
0.0087453	0.01	0.2	0.254097	0.0293532	0
0.0087453	0.01	0.2	0.27227	0.0618862	0
0.0087453	0.01	0.2	0.291743	0.114304	0
0.0087453	0.01	0.2	0.312608	0.193234	0
0.0087453	0.01	0.2	0.334965	0.306971	0
0.0087453	0.01	0.2	0.358922	0.465748	0
0.0087453	0.01	0.2	0.384592	0.681993	0
0.0087453	0.01	0.2	0.412098	0.970533	0
0.0087453	0.01	0.2	0.44157	1.34869	0
0.0087453	0.01	0.2	0.473151	1.83624	0
0.0087453	0.01	0.2	0.506991	2.45508	0
0.0087453	0.01	0.2	0.54325	3.22866	0
0.0087453	0.01	0.2	0.582103	4.18097	0
0.0087453	0.01	0.2	0.623735	5.33514	0
0.0087453	0.01	0.2	0.668344	6.71165	0
0.0087453	0.01	0.2	0.716143	8.32622	0
0.0087453	0.01	0.2	0.767361	10.1876	0
0.0087453	0.01	0.2	0.822243	12.2954	0
0.0087453	0.01	0.2	0.881049	14.6387	0
0.0087453	0.01	0.2	0.944061	17.1947	0
0.0087453	0.01	0.2	1.01158	19.929	0
0.0087453	0.01	0.2	1.08393	22.7955	0
0.0087453	0.01	0.2	1.16145	25.738	0
0.0087453	0.01	0.2	1.24451	28.6915	0
0.0087453	0.01	0.2	1.33352	31.587	0
0.0087453	0.01	0.2	1.42889	34.3598	0
0.0087453	0.01	0.2	1.53109	36.9646	0
0.0087453	0.01	0.2	1.64059	39.3981	0
0.0087453	0.01	0.2	1.75792	41.7203	0
0.0087453	0.01	0.2	1.88365	44.0583	0
0.0087453	0.01	0.2	2.01837	46.5756	0
0.0087453	0.01	0.2	2.16272	49.3995	0
0.0087453	0.01	0.2	2.31739	52.5302	0
0.0087453	0.01	0.2	2.48313	55.7777	0
0.0087453	0.01	0.2	2.66073	58.766	0
0.0087453	0.01	0.2	2.85102	61.0155	0
0.0087453	0.01	0.2	3.05492	62.1119	0
0.0087453	0.01	0.2	3.27341	61.998	0
0.0087453	0.01	0.2	3.50752	61.2889	0
0.0087453	0.01	0.2	3.75837	61.1569	0
0.0087453	0.01	0.2	4.02717	62.4607	0
0.0087453	0.01	0.2	4.31519	64.922	0
0.0087453	0.01	0.2	4.62381	67.3627	0
0.0087453	0.01	0.2	4.9545	68.4841	0
0.0087453	0.01	0.2	5.30884	67.7287	0
0.0087453	0.01	0.2	5.68853	65.854	0
0.0087453	0.01	0.2	6.09537	64.2172	0
0.0087453	0.01	0.2	6.53131	64.255	0
0.0087453	0.01	0.2	6.99842	67.1169	0
0.0087453	0.01	0.2	7.49894	71.9081	0
0.0087453	0.01	0.2	8.03526	74.9673	0
0.0087453	0.01	0.2	8.60994	74.4734	0
0.0087453	0.01	0.2	9.22571	71.039	0
0.0087453	0.01	0.2	9.88553	66.7039	0
0.0087453	0.01	0.2	10.5925	63.9296	0
0.0087453	0.01	0.2	11.3501	62.2904	0
0.0087453	0.01	0.2	12.1619	62.1305	0
0.0087453	0.01	0.2	13.0317	63.3867	0
0.0087453	0.01	0.2	13.9637	63.5824	0
0.0087453	0.01	0.2	14.9624	59.5207	0
0.0087453	0.01	0.2	16.0325	54.2387	0
0.0087453	0.01	0.2	17.1791	52.9632	0
0.0087453	0.01	0.2	18.4077	55.0436	0
0.0087453	0.01	0.2	19.7242	54.9243	0
0.0087453	0.01	0.2	21.1349	53.3284	0
0.0087453	0.01	0.2	22.6464	52.3771	0
0.0087453	0.01	0.2	24.2661	51.4304	0
0.0087453	0.01	0.2	26.0016	51.5784	0
0.0087453	0.01	0.2	27.8612	51.6259	0
0.0087453	0.01	0.2	29.8538	50.2553	0
0.0087453	0.01	0.2	31.989	51.8197	0
0.0087453	0.01	0.2	34.2768	52.3413	0
0.0087453	0.01	0.2	36.7282	53.6556	0
0.0087453	0.01	0.2	39.355	56.9652	0
0.0087453	0.01	0.2	42.1697	53.4474	0
0.0087453	0.01	0.2	45.1856	52.5994	0
0.0087453	0.01	0.2	48.4172	53.3632	0
0.0087453	0.01	0.2	51.88	51.6443	0
0.0087453	0.01	0.2	55.5904	53.1072	0
0.0087453	0.01	0.2	59.5662	50.37	0
0.0087453	0.01	0.2	63.8263	49.4529	0
0.0087453	0.01	0.2	68.3912	49.7079	0
0.0087453	0.01	0.2	73.2825	49.5549	0
0.0087453	0.01	0.2	78.5236	49.2094	0
0.0087453	0.01	0.2	84.1395	48.8633	0
0.0087453	0.01	0.2	90.1571	49.2599	0
0.0087453	0.01	0.2	96.6051	49.0218	0
0.00955489	0.01	0.2	0.103514	0.0998998	0
0.00955489	0.01	0.2	0.110917	0.0901043	0
0.00955489	0.01	0.2	0.11885	0.0795297	0
0.00955489	0.01	0.2	0.12735	0.0682665	0
0.00955489	0.01	0.2	0.136458	0.0564799	0
0.00955489	0.01	0.2	0.146218	0.0444387	0
0.00955489	0.01	0.2	0.156675	0.0325526	0
0.00955489	0.01	0.2	0.16788	0.0214208	0
0.00955489	0.01	0.2	0.179887	0.0118951	0
0.00955489	0.01	0.2	0.192752	0.00515899	0
0.00955489	0.01	0.2	0.206538	0.00282869	0
0.00955489	0.01	0.2	0.221309	0.00707847	0
0.00955489	0.01	0.2	0.237137	0.020795	0
0.00955489	0.01	0.2	0.254097	0.0477639	0
0.00955489	0.01	0.2	0.27227	0.0928923	0
0.00955489	0.01	0.2	0.291743	0.162466	0
0.00955489	0.01	0.2	0.312608	0.264439	0
0.00955489	0.01	0.2	0.334965	0.40875	0
0.00955489	0.01	0.2	0.358922	0.60764	0
0.00955489	0.01	0.2	0.384592	0.875955	0
0.00955489	0.01	0.2	0.412098	1.23139	0
0.00955489	0.01	0.2	0.44157	1.69458	0
0.00955489	0.01	0.2	0.473151	2.28909	0
0.00955489	0.01	0.2	0.506991	3.04098	0
0.00955489	0.01	0.2	0.54325	3.97814	0
0.00955489	0.01	0.2	0.582103	5.12913	0
0.00955489	0.01	0.2	0.623735	6.52147	0
0.00955489	0.01	0.2	0.668344	8.17959	0
0.00955489	0.01	0.2	0.716143	10.1223	0
0.00955489	0.01	0.2	0.767361	12.3603	0
0.00955489	0.01	0.2	0.822243	14.8935	0
0.00955489	0.01	0.2	0.881049	17.7096	0
0.00955489	0.01	0.2	0.944061	20.7823	0
0.00955489	0.01	0.2	1.01158	24.0715	0
0.00955489	0.01	0.2	1.08393	27.5232	0
0.00955489	0.01	0.2	1.16145	31.0705	0
0.00955489	0.01	0.2	1.24451	34.635	0
0.00955489	0.01	0.2	1.33352	38.1309	0
0.00955489	0.01	0.2	1.42889	41.4739	0
0.00955489	0.01	0.2	1.53109	44.5983	0
0.00955489	0.01	0.2	1.64059	47.4835	0
0.00955489	0.01	0.2	1.75792	50.1795	0
0.00955489	0.01	0.2	1.88365	52.8152	0
0.00955489	0.01	0.2	2.01837	55.5677	0
0.00955489	0.01	0.2	2.16272	58.5854	0
0.00955489	0.01	0.2	2.31739	61.8928	0
0.00955489	0.01	0.2	2.48313	65.3284	0
0.00955489	0.01	0.2	2.66073	68.5533	0
0.00955489	0.01	0.2	2.85102	71.1253	0
0.00955489	0.01	0.2	3.05492	72.6407	0
0.00955489	0.01	0.2	3.27341	72.9983	0
0.00955489	0.01	0.2	3.50752	72.7277	0
0.00955489	0.01	0.2	3.75837	72.9215	0
0.00955489	0.01	0.2	4.02717	74.391	0
0.00955489	0.01	0.2	4.31519	76.8714	0
0.00955489	0.01	0.2	4.62381	79.2903	0
0.00955489	0.01	0.2	4.9545	80.4574	0
0.00955489	0.01	0.2	5.30884	79.8209	0
0.00955489	0.01	0.2	5.68853	78.0941	0
0.00955489	0.01	0.2	6.09537	76.6213	0
0.00955489	0.01	0.2	6.53131	76.9282	0
0.00955489	0.01	0.2	6.99842	80.1561	0
0.00955489	0.01	0.2	7.49894	85.196	0
0.00955489	0.01	0.2	8.03526	88.1836	0
0.00955489	0.01	0.2	8.60994	87.3473	0
0.00955489	0.01	0.2	9.22571	83.3596	0
0.00955489	0.01	0.2	9.88553	78.4227	0
0.00955489	0.01	0.2	10.5925	75.2745	0
0.00955489	0.01	0.2	11.3501	73.3081	0
0.00955489	0.01	0.2	12.1619	72.7722	0
0.00955489	0.01	0.2	13.0317	73.6553	0
0.00955489	0.01	0.2	13.9637	73.6548	0
0.00955489	0.01	0.2	14.9624	69.4852	0
0.00955489	0.01	0.2	16.0325	64.1405	0
0.00955489	0.01	0.2	17.1791	62.9573	0
0.00955489	0.01	0.2	18.4077	65.204	0
0.00955489	0.01	0.2	19.7242	65.1105	0
0.00955489	0.01	0.2	21.1349	63.5258	0
0.00955489	0.01	0.2	22.6464	62.4799	0
0.00955489	0.01	0.2	24.2661	61.4585	0
0.00955489	0.01	0.2	26.0016	61.6038	0
0.00955489	0.01	0.2	27.8612	61.6713	0
0.00955489	0.01	0.2	29.8538	60.2486	0
0.00955489	0.01	0.2	31.989	61.8178	0
0.00955489	0.01	0.2	34.2768	62.5228	0
0.00955489	0.01	0.2	36.7282	64.1582	0
0.00955489	0.01	0.2	39.355	67.6079	0
0.00955489	0.01	0.2	42.1697	64.0027	0
0.00955489	0.01	0.2	45.1856	62.9416	0
0.00955489	0.01	0.2	48.4172	63.6548	0
0.00955489	0.01	0.2	51.88	62.0087	0
0.00955489	0.01	0.2	55.5904	63.415	0
0.00955489	0.01	0.2	59.5662	60.4636	0
0.00955489	0.01	0.2	63.8263	59.4412	0
0.00955489	0.01	0.2	68.3912	59.7485	0
0.00955489	0.01	0.2	73.2825	59.6364	0
0.00955489	0.01	0.2	78.5236	59.2261	0
0.00955489	0.01	0.2	84.1395	58.861	0
0.00955489	0.01	0.2	90.1571	59.3105	0
0.00955489	0.01	0.2	96.6051	59.0864	0
0.0104394	0.01	0.2	0.103514	0.0936479	0
0.0104394	0.01	0.2	0.110917	0.0833197	0
0.0104394	0.01	0.2	0.11885	0.0722558	0
0.0104394	0.01	0.2	0.12735	0.0605904	0
0.0104394	0.01	0.2	0.136458	0.0485502	0
0.0104394	0.01	0.2	0.146218	0.036489	0
0.0104394	0.01	0.2	0.156675	0.024932	0
0.0104394	0.01	0.2	0.16788	0.0146351	0
0.0104394	0.01	0.2	0.179887	0.00665867	0
0.0104394	0.01	0.2	0.192752	0.00246353	0
0.0104394	0.01	0.2	0.206538	0.00403041	0
0.0104394	0.01	0.2	0.221309	0.0140095	0
0.0104394	0.01	0.2	0.237137	0.0359038	0
0.0104394	0.01	0.2	0.254097	0.0742914	0
0.0104394	0.01	0.2	0.27227	0.135089	0
0.0104394	0.01	0.2	0.291743	0.225856	0
0.0104394	0.01	0.2	0.312608	0.356142	0
0.0104394	0.01	0.2	0.334965	0.537855	0
0.0104394	0.01	0.2	0.358922	0.785643	0
0.0104394	0.01	0.2	0.384592	1.11725	0
0.0104394	0.01	0.2	0.412098	1.55378	0
0.0104394	0.01	0.2	0.44157	2.11989	0
0.0104394	0.01	0.2	0.473151	2.84361	0
0.0104394	0.01	0.2	0.506991	3.75601	0
0.0104394	0.01	0.2	0.54325	4.89029	0
0.0104394	0.01	0.2	0.582103	6.28044	0
0.0104394	0.01	0.2	0.623735	7.95926	0
0.0104394	0.01	0.2	0.668344	9.95584	0
0.0104394	0.01	0.2	0.716143	12.2927	0
0.0104394	0.01	0.2	0.767361	14.9829	0
0.0104394	0.01	0.2	0.822243	18.0268	0
0.0104394	0.01	0.2	0.881049	21.4101	0
0.0104394	0.01	0.2	0.944061	25.1027	0
0.0104394	0.01	0.2	1.01158	29.0575	0
0.0104394	0.01	0.2	1.08393	33.2111	0
0.0104394	0.01	0.2	1.16145	37.484	0
0.0104394	0.01	0.2	1.24451	41.7817	0
0.0104394	0.01	0.2	1.33352	45.9982	0
0.0104394	0.01	0.2	1.42889	50.0259	0
0.0104394	0.01	0.2	1.53109	53.7747	0
0.0104394	0.01	0.2	1.64059	57.2029	0
0.0104394	0.01	0.2	1.75792	60.3486	0
0.0104394	0.01	0.2	1.88365	63.3429	0
0.0104394	0.01	0.2	2.01837	66.3783	0
0.0104394	0.01	0.2	2.16272	69.6283	0
0.0104394	0.01	0.2	2.31739	73.146	0
0.0104394	0.01	0.2	2.48313	76.804	0
0.0104394	0.01	0.2	2.66073	80.307	0
0.0104394	0.01	0.2	2.85102	83.2585	0
0.0104394	0.01	0.2	3.05492	85.2681	0
0.0104394	0.01	0.2	3.27341	86.1832	0
0.0104394	0.01	0.2	3.50752	86.4336	0
0.0104394	0.01	0.2	3.75837	87.0182	0
0.0104394	0.01	0.2	4.02717	88.6932	0
0.0104394	0.01	0.2	4.31519	91.2084	0
0.0104394	0.01	0.2	4.62381	93.6149	0
0.0104394	0.01	0.2	4.9545	94.8474	0
0.0104394	0.01	0.2	5.30884	94.3579	0
0.0104394	0.01	0.2	5.68853	92.8065	0
0.0104394	0.01	0.2	6.09537	91.5241	0
0.0104394	0.01	0.2	6.53131	92.1458	0
0.0104394	0.01	0.2	6.99842	95.8038	0
0.0104394	0.01	0.2	7.49894	101.131	0
0.0104394	0.01	0.2	8.03526	104.022	0
0.0104394	0.01	0.2	8.60994	102.768	0
0.0104394	0.01	0.2	9.22571	98.1196	0
0.0104394	0.01	0.2	9.88553	92.4707	0
0.0104394	0.01	0.2	10.5925	88.8801	0
0.0104394	0.01	0.2	11.3501	86.5178	0
0.0104394	0.01	0.2	12.1619	85.523	0
0.0104394	0.01	0.2	13.0317	85.956	0
0.0104394	0.01	0.2	13.9637	85.725	0
0.0104394	0.01	0.2	14.9624	81.4361	0
0.0104394	0.01	0.2	16.0325	76.0253	0
0.0104394	0.01	0.2	17.1791	74.9561	0
0.0104394	0.01	0.2	18.4077	77.4018	0
0.0104394	0.01	0.2	19.7242	77.341	0
0.0104394	0.01	0.2	21.1349	75.774	0
0.0104394	0.01	0.2	22.6464	74.6154	0
0.0104394	0.01	0.2	24.2661	73.4968	0
0.0104394	0.01	0.2	26.0016	73.6274	0
0.0104394	0.01	0.2	27.8612	73.7147	0
0.0104394	0.01	0.2	29.8538	72.2387	0
0.0104394	0.01	0.2	31.989	73.8225	0
0.0104394	0.01	0.2	34.2768	74.7412	0
0.0104394	0.01	0.2	36.7282	76.7466	0
0.0104394	0.01	0.2	39.355	80.3618	0
0.0104394	0.01	0.2	42.1697	76.6636	0
0.0104394	0.01	0.2	45.1856	75.3603	0
0.0104394	0.01	0.2	48.4172	76.0111	0
0.0104394	0.01	0.2	51.88	74.4398	0
0.0104394	0.01	0.2	55.5904	75.7742	0
0.0104394	0.01	0.2	59.5662	72.5735	0
0.0104394	0.01	0.2	63.8263	71.4312	0
0.0104394	0.01	0.2	68.3912	71.7966	0
0.0104394	0.01	0.2	73.2825	71.7304	0
0.0104394	0.01	0.2	78.5236	71.2436	0
0.0104394	0.01	0.2	84.1395	70.8588	0
0.0104394	0.01	0.2	90.1571	71.3694	0
0.0104394	0.01	0.2	96.6051	71.1624	0
0.0114058	0.01	0.2	0.103514	0.0870479	0
0.0114058	0.01	0.2	0.110917	0.0762104	0
0.0114058	0.01	0.2	0.11885	0.0647071	0
0.0114058	0.01	0.2	0.12735	0.0527274	0
0.0114058	0.01	0.2	0.136458	0.0405741	0
0.0114058	0.01	0.2	0.146218	0.0287056	0
0.0114058	0.01	0.2	0.156675	0.0177893	0
0.0114058	0.01	0.2	0.16788	0.00877148	0
0.0114058	0.01	0.2	0.179887	0.00296698	0
0.0114058	0.01	0.2	0.192752	0.0021725	0
0.0114058	0.01	0.2	0.206538	0.00880981	0
0.0114058	0.01	0.2	0.221309	0.0261036	0
0.0114058	0.01	0.2	0.237137	0.0582999	0
0.0114058	0.01	0.2	0.254097	0.11093	0
0.0114058	0.01	0.2	0.27227	0.191124	0
0.0114058	0.01	0.2	0.291743	0.307973	0
0.0114058	0.01	0.2	0.312608	0.472937	0
0.0114058	0.01	0.2	0.334965	0.700288	0
0.0114058	0.01	0.2	0.358922	1.00755	0
0.0114058	0.01	0.2	0.384592	1.41594	0
0.0114058	0.01	0.2	0.412098	1.95068	0
0.0114058	0.01	0.2	0.44157	2.64115	0
0.0114058	0.01	0.2	0.473151	3.5208	0
0.0114058	0.01	0.2	0.506991	4.62665	0
0.0114058	0.01	0.2	0.54325	5.99825	0
0.0114058	0.01	0.2	0.582103	7.67609	0
0.0114058	0.01	0.2	0.623735	9.69922	0
0.0114058	0.01	0.2	0.668344	12.1024	0
0.0114058	0.01	0.2	0.716143	14.9125	0
0.0114058	0.01	0.2	0.767361	18.1453	0
0.0114058	0.01	0.2	0.822243	21.8018	0
0.0114058	0.01	0.2	0.881049	25.8655	0
0.0114058	0.01	0.2	0.944061	30.3013	0
0.0114058	0.01	0.2	1.01158	35.0543	0
0.0114058	0.01	0.2	1.08393	40.0496	0
0.0114058	0.01	0.2	1.16145	45.1926	0
0.0114058	0.01	0.2	1.24451	50.3695	0
0.0114058	0.01	0.2	1.33352	55.4504	0
0.0114058	0.01	0.2	1.42889	60.2998	0
0.0114058	0.01	0.2	1.53109	64.7984	0
0.0114058	0.01	0.2	1.64059	68.879	0
0.0114058	0.01	0.2	1.75792	72.5655	0
0.0114058	0.01	0.2	1.88365	75.9909	0
0.0114058	0.01	0.2	2.01837	79.3665	0
0.0114058	0.01	0.2	2.16272	82.8947	0
0.0114058	0.01	0.2	2.31739	86.663	0
0.0114058	0.01	0.2	2.48313	90.5838	0
0.0114058	0.01	0.2	2.66073	94.4144	0
0.0114058	0.01	0.2	2.85102	97.8128	0
0.0114058	0.01	0.2	3.05492	100.406	0
0.0114058	0.01	0.2	3.27341	101.981	0
0.0114058	0.01	0.2	3.50752	102.85	0
0.0114058	0.01	0.2	3.75837	103.904	0
0.0114058	0.01	0.2	4.02717	105.832	0
0.0114058	0.01	0.2	4.31519	108.402	0
0.0114058	0.01	0.2	4.62381	110.809	0
0.0114058	0.01	0.2	4.9545	112.131	0
0.0114058	0.01	0.2	5.30884	111.823	0
0.0114058	0.01	0.2	5.68853	110.48	0
0.0114058	0.01	0.2	6.09537	109.418	0
0.0114058	0.01	0.2	6.53131	110.409	0
0.0114058	0.01	0.2	6.99842	114.573	0
0.0114058	0.01	0.2	7.49894	120.234	0
0.0114058	0.01	0.2	8.03526	122.996	0
0.0114058	0.01	0.2	8.60994	121.234	0
0.0114058	0.01	0.2	9.22571	115.796	0
0.0114058	0.01	0.2	9.88553	109.305	0
0.0114058	0.01	0.2	10.5925	105.19	0
0.0114058	0.01	0.2	11.3501	102.349	0
0.0114058	0.01	0.2	12.1619	100.796	0
0.0114058	0.01	0.2	13.0317	100.686	0
0.0114058	0.01	0.2	13.9637	100.184	0
0.0114058	0.01	0.2	14.9624	95.7631	0
0.0114058	0.01	0.2	16.0325	90.2834	0
0.0114058	0.01	0.2	17.1791	89.3541	0
0.0114058	0.01	0.2	18.4077	92.0377	0
0.0114058	0.01	0.2	19.7242	92.0182	0
0.0114058	0.01	0.2	21.1349	90.4772	0
0.0114058	0.01	0.2	22.6464	89.184	0
0.0114058	0.01	0.2	24.2661	87.9409	0
0.0114058	0.01	0.2	26.0016	88.0414	0
0.0114058	0.01	0.2	27.8612	88.148	0
0.0114058	0.01	0.2	29.8538	86.6181	0
0.0114058	0.01	0.2	31.989	88.2291	0
0.0114058	0.01	0.2	34.2768	89.3968	0
0.0114058	0.01	0.2	36.7282	91.8293	0
0.0114058	0.01	0.2	39.355	95.6403	0
0.0114058	0.01	0.2	42.1697	91.8434	0
0.0114058	0.01	0.2	45.1856	90.2643	0
0.0114058	0.01	0.2	48.4172	90.8384	0
0.0114058	0.01	0.2	51.88	89.3432	0
0.0114058	0.01	0.2	55.5904	90.5872	0
0.0114058	0.01	0.2	59.5662	87.0959	0
0.0114058	0.01	0.2	63.8263	85.8168	0
0.0114058	0.01	0.2	68.3912	86.2467	0
0.0114058	0.01	0.2	73.2825	86.2323	0
0.0114058	0.01	0.2	78.5236	85.6553	0
0.0114058	0.01	0.2	84.1395	85.2497	0
0.0114058	0.01	0.2	90.1571	85.8314	0
0.0114058	0.01	0.2	96.6051	85.6451	0
0.0124617	0.01	0.2	0.103514	0.0801123	0
0.0124617	0.01	0.2	0.110917	0.0688049	0
0.0124617	0.01	0.2	0.11885	0.0569356	0
0.0124617	0.01	0.2	0.12735	0.0447617	0
0.0124617	0.01	0.2	0.136458	0.0326806	0
0.0124617	0.01	0.2	0.146218	0.021279	0
0.0124617	0.01	0.2	0.156675	0.011398	0
0.0124617	0.01	0.2	0.16788	0.00421604	0
0.0124617	0.01	0.2	0.179887	0.00135655	0
0.0124617	0.01	0.2	0.192752	0.00502308	0
0.0124617	0.01	0.2	0.206538	0.0181702	0
0.0124617	0.01	0.2	0.221309	0.0447155	0
0.0124617	0.01	0.2	0.237137	0.0897995	0
0.0124617	0.01	0.2	0.254097	0.1601	0
0.0124617	0.01	0.2	0.27227	0.264205	0
0.0124617	0.01	0.2	0.291743	0.413043	0
0.0124617	0.01	0.2	0.312608	0.620366	0
0.0124617	0.01	0.2	0.334965	0.903277	0
0.0124617	0.01	0.2	0.358922	1.28276	0
0.0124617	0.01	0.2	0.384592	1.78416	0
0.0124617	0.01	0.2	0.412098	2.43762	0
0.0124617	0.01	0.2	0.44157	3.27821	0
0.0124617	0.01	0.2	0.473151	4.34584	0
0.0124617	0.01	0.2	0.506991	5.68464	0
0.0124617	0.01	0.2	0.54325	7.34174	0
0.0124617	0.01	0.2	0.582103	9.36539	0
0.0124617	0.01	0.2	0.623735	11.8021	0
0.0124617	0.01	0.2	0.668344	14.6934	0
0.0124617	0.01	0.2	0.716143	18.0715	0
0.0124617	0.01	0.2	0.767361	21.9552	0
0.0124617	0.01	0.2	0.822243	26.3462	0
0.0124617	0.01	0.2	0.881049	31.2256	0
0.0124617	0.01	0.2	0.944061	36.5524	0
0.0124617	0.01	0.2	1.01158	42.2619	0
0.0124617	0.01	0.2	1.08393	48.2659	0
0.0124617	0.01	0.2	1.16145	54.4518	0
0.0124617	0.01	0.2	1.24451	60.6827	0
0.0124617	0.01	0.2	1.33352	66.8002	0
0.0124617	0.01	0.2	1.42889	72.6352	0
0.0124617	0.01	0.2	1.53109	78.0334	0
0.0124617	0.01	0.2	1.64059	82.8974	0
0.0124617	0.01	0.2	1.75792	87.2336	0
0.0124617	0.01	0.2	1.88365	91.1773	0
0.0124617	0.01	0.2	2.01837	94.9614	0
0.0124617	0.01	0.2	2.16272	98.8229	0
0.0124617	0.01	0.2	2.31739	102.889	0
0.0124617	0.01	0.2	2.48313	107.121	0
0.0124617	0.01	0.2	2.66073	111.338	0
0.0124617	0.01	0.2	2.85102	115.263	0
0.0124617	0.01	0.2	3.05492	118.546	0
0.0124617	0.01	0.2	3.27341	120.902	0
0.0124617	0.01	0.2	3.50752	122.508	0
0.0124617	0.01	0.2	3.75837	124.124	0
0.0124617	0.01	0.2	4.02717	126.364	0
0.0124617	0.01	0.2	4.31519	129.014	0
0.0124617	0.01	0.2	4.62381	131.436	0
0.0124617	0.01	0.2	4.9545	132.88	0
0.0124617	0.01	0.2	5.30884	132.794	0
0.0124617	0.01	0.2	5.68853	131.697	0
0.0124617	0.01	0.2	6.09537	130.894	0
0.0124617	0.01	0.2	6.53131	132.316	0
0.0124617	0.01	0.2	6.99842	137.076	0
0.0124617	0.01	0.2	7.49894	143.124	0
0.0124617	0.01	0.2	8.03526	145.72	0
0.0124617	0.01	0.2	8.60994	143.341	0
0.0124617	0.01	0.2	9.22571	136.961	0
0.0124617	0.01	0.2	9.88553	129.47	0
0.0124617	0.01	0.2	10.5925	124.735	0
0.0124617	0.01	0.2	11.3501	121.316	0
0.0124617	0.01	0.2	12.1619	119.085	0
0.0124617	0.01	0.2	13.0317	118.321	0
0.0124617	0.01	0.2	13.9637	117.5	0
0.0124617	0.01	0.2	14.9624	112.932	0
0.0124617	0.01	0.2	16.0325	107.381	0
0.0124617	0.01	0.2	17.1791	106.623	0
0.0124617	0.01	0.2	18.4077	109.591	0
0.0124617	0.01	0.2	19.7242	109.623	0
0.0124617	0.01	0.2	21.1349	108.118	0
0.0124617	0.01	0.2	22.6464	106.665	0
0.0124617	0.01	0.2	24.2661	105.264	0
0.0124617	0.01	0.2	26.0016	105.315	0
0.0124617	0.01	0.2	27.8612	105.44	0
0.0124617	0.01	0.2	29.8538	103.856	0
0.0124617	0.01	0.2	31.989	105.51	0
0.0124617	0.01	0.2	34.2768	106.968	0
0.0124617	0.01	0.2	36.7282	109.895	0
0.0124617	0.01	0.2	39.355	113.937	0
0.0124617	0.01	0.2	42.1697	110.036	0
0.0124617	0.01	0.2	45.1856	108.142	0
0.0124617	0.01	0.2	48.4172	108.622	0
0.0124617	0.01	0.2	51.88	107.204	0
0.0124617	0.01	0.2	55.5904	108.335	0
0.0124617	0.01	0.2	59.5662	104.504	0
0.0124617	0.01	0.2	63.8263	103.069	0
0.0124617	0.01	0.2	68.3912	103.57	0
0.0124617	0.01	0.2	73.2825	103.614	0
0.0124617	0.01	0.2	78.5236	102.931	0
0.0124617	0.01	0.2	84.1395	102.504	0
0.0124617	0.01	0.2	90.1571	103.168	0
0.0124617	0.01	0.2	96.6051	103.007	0
0.0136154	0.01	0.2	0.103514	0.0728633	0
0.0136154	0.01	0.2	0.110917	0.0611462	0
0.0136154	0.01	0.2	0.11885	0.0490128	0
0.0136154	0.01	0.2	0.12735	0.0368051	0
0.0136154	0.01	0.2	0.136458	0.0250365	0
0.0136154	0.01	0.2	0.146218	0.0144511	0
0.0136154	0.01	0.2	0.156675	0.00610158	0
0.0136154	0.01	0.2	0.16788	0.00144877	0
0.0136154	0.01	0.2	0.179887	0.00248989	0
0.0136154	0.01	0.2	0.192752	0.0119205	0
0.0136154	0.01	0.2	0.206538	0.0333381	0
0.0136154	0.01	0.2	0.221309	0.0714952	0
0.0136154	0.01	0.2	0.237137	0.132609	0
0.0136154	0.01	0.2	0.254097	0.224735	0
0.0136154	0.01	0.2	0.27227	0.35821	0
0.0136154	0.01	0.2	0.291743	0.546168	0
0.0136154	0.01	0.2	0.312608	0.805109	0
0.0136154	0.01	0.2	0.334965	1.15553	0
0.0136154	0.01	0.2	0.358922	1.62253	0
0.0136154	0.01	0.2	0.384592	2.23645	0
0.0136154	0.01	0.2	0.412098	3.03328	0
0.0136154	0.01	0.2	0.44157	4.05491	0
0.0136154	0.01	0.2	0.473151	5.34894	0
0.0136154	0.01	0.2	0.506991	6.96802	0
0.0136154	0.01	0.2	0.54325	8.96835	0
0.0136154	0.01	0.2	0.582103	11.4074	0
0.0136154	0.01	0.2	0.623735	14.3407	0
0.0136154	0.01	0.2	0.668344	17.8177	0
0.0136154	0.01	0.2	0.716143	21.8769	0
0.0136154	0.01	0.2	0.767361	26.5411	0
0.0136154	0.01	0.2	0.822243	31.8125	0
0.0136154	0.01	0.2	0.881049	37.6695	0
0.0136154	0.01	0.2	0.944061	44.0638	0
0.0136154	0.01	0.2	1.01158	50.9194	0
0.0136154	0.01	0.2	1.08393	58.132	0
0.0136154	0.01	0.2	1.16145	65.5674	0
0.0136154	0.01	0.2	1.24451	73.0613	0
0.0136154	0.01	0.2	1.33352	80.4212	0
0.0136154	0.01	0.2	1.42889	87.4378	0
0.0136154	0.01	0.2	1.53109	93.9151	0
0.0136154	0.01	0.2	1.64059	99.7191	0
0.0136154	0.01	0.2	1.75792	104.835	0
0.0136154	0.01	0.2	1.88365	109.401	0
0.0136154	0.01	0.2	2.01837	113.676	0
0.0136154	0.01	0.2	2.16272	117.936	0
0.0136154	0.01	0.2	2.31739	122.358	0
0.0136154	0.01	0.2	2.48313	126.958	0
0.0136154	0.01	0.2	2.66073	131.631	0
0.0136154	0.01	0.2	2.85102	136.178	0
0.0136154	0.01	0.2	3.05492	140.275	0
0.0136154	0.01	0.2	3.27341	143.558	0
0.0136154	0.01	0.2	3.50752	146.04	0
0.0136154	0.01	0.2	3.75837	148.331	0
0.0136154	0.01	0.2	4.02717	150.953	0
0.0136154	0.01	0.2	4.31519	153.714	0
0.0136154	0.01	0.2	4.62381	156.173	0
0.0136154	0.01	0.2	4.9545	157.774	0
0.0136154	0.01	0.2	5.30884	157.96	0
0.0136154	0.01	0.2	5.68853	157.157	0
0.0136154	0.01	0.2	6.09537	156.654	0
0.0136154	0.01	0.2	6.53131	158.584	0
0.0136154	0.01	0.2	6.99842	164.046	0
0.0136154	0.01	0.2	7.49894	170.544	0
0.0136154	0.01	0.2	8.03526	172.926	0
0.0136154	0.01	0.2	8.60994	169.8	0
0.0136154	0.01	0.2	9.22571	162.293	0
0.0136154	0.01	0.2	9.88553	153.62	0
0.0136154	0.01	0.2	10.5925	148.149	0
0.0136154	0.01	0.2	11.3501	144.033	0
0.0136154	0.01	0.2	12.1619	140.978	0
0.0136154	0.01	0.2	13.0317	139.428	0
0.0136154	0.01	0.2	13.9637	138.23	0
0.0136154	0.01	0.2	14.9624	133.5	0
0.0136154	0.01	0.2	16.0325	127.874	0
0.0136154	0.01	0.2	17.1791	127.326	0
0.0136154	0.01	0.2	18.4077	130.634	0
0.0136154	0.01	0.2	19.7242	130.73	0
0.0136154	0.01	0.2	21.1349	129.274	0
0.0136154	0.01	0.2	22.6464	127.63	0
0.0136154	0.01	0.2	24.2661	126.03	0
0.0136154	0.01	0.2	26.0016	126.007	0
0.0136154	0.01	0.2	27.8612	126.149	0
0.0136154	0.01	0.2	29.8538	124.512	0
0.0136154	0.01	0.2	31.989	126.229	0
0.0136154	0.01	0.2	34.2768	128.027	0
0.0136154	0.01	0.2	36.7282	131.526	0
0.0136154	0.01	0.2	39.355	135.842	0
0.0136154	0.01	0.2	42.1697	131.831	0
0.0136154	0.01	0.2	45.1856	129.577	0
0.0136154	0.01	0.2	48.4172	129.943	0
0.0136154	0.01	0.2	51.88	128.6	0
0.0136154	0.01	0.2	55.5904	129.59	0
0.0136154	0.01	0.2	59.5662	125.364	0
0.0136154	0.01	0.2	63.8263	123.75	0
0.0136154	0.01	0.2	68.3912	124.331	0
0.0136154	0.01	0.2	73.2825	124.441	0
0.0136154	0.01	0.2	78.5236	123.632	0
0.0136154	0.01	0.2	84.1395	123.183	0
0.0136154	0.01	0.2	90.1571	123.943	0
0.0136154	0.01	0.2	96.6051	123.812	0
0.0148758	0.01	0.2	0.103514	0.0653357	0
0.0148758	0.01	0.2	0.110917	0.0532946	0
0.0148758	0.01	0.2	0.11885	0.0410349	0
0.0148758	0.01	0.2	0.12735	0.0290031	0
0.0148758	0.01	0.2	0.136458	0.0178549	0
0.0148758	0.01	0.2	0.146218	0.00852677	0
0.0148758	0.01	0.2	0.156675	0.00232857	0
0.0148758	0.01	0.2	0.16788	0.00106374	0
0.0148758	0.01	0.2	0.179887	0.00718197	0
0.0148758	0.01	0.2	0.192752	0.0239729	0
0.0148758	0.01	0.2	0.206538	0.0558094	0
0.0148758	0.01	0.2	0.221309	0.108449	0
0.0148758	0.01	0.2	0.237137	0.189402	0
0.0148758	0.01	0.2	0.254097	0.30838	0
0.0148758	0.01	0.2	0.27227	0.477821	0
0.0148758	0.01	0.2	0.291743	0.713499	0
0.0148758	0.01	0.2	0.312608	1.03521	0
0.0148758	0.01	0.2	0.334965	1.4675	0
0.0148758	0.01	0.2	0.358922	2.04044	0
0.0148758	0.01	0.2	0.384592	2.7903	0
0.0148758	0.01	0.2	0.412098	3.76007	0
0.0148758	0.01	0.2	0.44157	4.9998	0
0.0148758	0.01	0.2	0.473151	6.5663	0
0.0148758	0.01	0.2	0.506991	8.52237	0
0.0148758	0.01	0.2	0.54325	10.935	0
0.0148758	0.01	0.2	0.582103	13.8729	0
0.0148758	0.01	0.2	0.623735	17.402	0
0.0148758	0.01	0.2	0.668344	21.5815	0
0.0148758	0.01	0.2	0.716143	26.4573	0
0.0148758	0.01	0.2	0.767361	32.0569	0
0.0148758	0.01	0.2	0.822243	38.3834	0
0.0148758	0.01	0.2	0.881049	45.4115	0
0.0148758	0.01	0.2	0.944061	53.0845	0
0.0148758	0.01	0.2	1.01158	61.3129	0
0.0148758	0.01	0.2	1.08393	69.9729	0
0.0148758	0.01	0.2	1.16145	78.9049	0
0.0148758	0.01	0.2	1.24451	87.9118	0
0.0148758	0.01	0.2	1.33352	96.76	0
0.0148758	0.01	0.2	1.42889	105.193	0
0.0148758	0.01	0.2	1.53109	112.964	0
0.0148758	0.01	0.2	1.64059	119.895	0
0.0148758	0.01	0.2	1.75792	125.947	0
0.0148758	0.01	0.2	1.88365	131.26	0
0.0148758	0.01	0.2	2.01837	136.123	0
0.0148758	0.01	0.2	2.16272	140.861	0
0.0148758	0.01	0.2	2.31739	145.705	0
0.0148758	0.01	0.2	2.48313	150.742	0
0.0148758	0.01	0.2	2.66073	155.952	0
0.0148758	0.01	0.2	2.85102	161.235	0
0.0148758	0.01	0.2	3.05492	166.296	0
0.0148758	0.01	0.2	3.27341	170.679	0
0.0148758	0.01	0.2	3.50752	174.204	0
0.0148758	0.01	0.2	3.75837	177.302	0
0.0148758	0.01	0.2	4.02717	180.392	0
0.0148758	0.01	0.2	4.31519	183.302	0
0.0148758	0.01	0.2	4.62381	185.825	0
0.0148758	0.01	0.2	4.9545	187.631	0
0.0148758	0.01	0.2	5.30884	188.149	0
0.0148758	0.01	0.2	5.68853	187.693	0
0.0148758	0.01	0.2	6.09537	187.541	0
0.0148758	0.01	0.2	6.53131	190.068	0
0.0148758	0.01	0.2	6.99842	196.358	0
0.0148758	0.01	0.2	7.49894	203.381	0
0.0148758	0.01	0.2	8.03526	205.49	0
0.0148758	0.01	0.2	8.60994	201.459	0
0.0148758	0.01	0.2	9.22571	192.609	0
0.0148758	0.01	0.2	9.88553	182.531	0
0.0148758	0.01	0.2	10.5925	176.188	0
0.0148758	0.01	0.2	11.3501	171.231	0
0.0148758	0.01	0.2	12.1619	167.18	0
0.0148758	0.01	0.2	13.0317	164.685	0
0.0148758	0.01	0.2	13.9637	163.042	0
0.0148758	0.01	0.2	14.9624	158.131	0
0.0148758	0.01	0.2	16.0325	152.43	0
0.0148758	0.01	0.2	17.1791	152.136	0
0.0148758	0.01	0.2	18.4077	155.85	0
0.0148758	0.01	0.2	19.7242	156.025	0
0.0148758	0.01	0.2	21.1349	154.635	0
0.0148758	0.01	0.2	22.6464	152.763	0
0.0148758	0.01	0.2	24.2661	150.915	0
0.0148758	0.01	0.2	26.0016	150.788	0
0.0148758	0.01	0.2	27.8612	150.944	0
0.0148758	0.01	0.2	29.8538	149.258	0
0.0148758	0.01	0.2	31.989	151.061	0
0.0148758	0.01	0.2	34.2768	153.257	0
0.0148758	0.01	0.2	36.7282	157.419	0
0.0148758	0.01	0.2	39.355	162.059	0
0.0148758	0.01	0.2	42.1697	157.932	0
0.0148758	0.01	0.2	45.1856	155.268	0
0.0148758	0.01	0.2	48.4172	155.493	0
0.0148758	0.01	0.2	51.88	154.224	0
0.0148758	0.01	0.2	55.5904	155.04	0
0.0148758	0.01	0.2	59.5662	150.351	0
0.0148758	0.01	0.2	63.8263	148.532	0
0.0148758	0.01	0.2	68.3912	149.202	0
0.0148758	0.01	0.2	73.2825	149.387	0
0.0148758	0.01	0.2	78.5236	148.428	0
0.0148758	0.01	0.2	84.1395	147.957	0
0.0148758	0.01	0.2	90.1571	148.829	0
0.0148758	0.01	0.2	96.6051	148.736	0
0.0162529	0.01	0.2	0.103514	0.0575799	0
0.0162529	0.01	0.2	0.110917	0.0453323	0
0.0162529	0.01	0.2	0.11885	0.0331283	0
0.0162529	0.01	0.2	0.12735	0.0215429	0
0.0162529	0.01	0.2	0.136458	0.0114058	0
0.0162529	0.01	0.2	0.146218	0.00388741	0
0.0162529	0.01	0.2	0.156675	0.000610483	0
0.0162529	0.01	0.2	0.16788	0.00379319	0
0.0162529	0.01	0.2	0.179887	0.0164321	0
0.0162529	0.01	0.2	0.192752	0.0425336	0
0.0162529	0.01	0.2	0.206538	0.0874042	0
0.0162529	0.01	0.2	0.221309	0.15801	0
0.0162529	0.01	0.2	0.237137	0.263418	0
0.0162529	0.01	0.2	0.254097	0.415324	0
0.0162529	0.01	0.2	0.27227	0.628687	0
0.0162529	0.01	0.2	0.291743	0.922447	0
0.0162529	0.01	0.2	0.312608	1.32034	0
0.0162529	0.01	0.2	0.334965	1.85179	0
0.0162529	0.01	0.2	0.358922	2.55277	0
0.0162529	0.01	0.2	0.384592	3.46666	0
0.0162529	0.01	0.2	0.412098	4.64486	0
0.0162529	0.01	0.2	0.44157	6.14712	0
0.0162529	0.01	0.2	0.473151	8.04129	0
0.0162529	0.01	0.2	0.506991	10.4023	0
0.0162529	0.01	0.2	0.54325	13.3101	0
0.0162529	0.01	0.2	0.582103	16.8464	0
0.0162529	0.01	0.2	0.623735	21.0903	0
0.0162529	0.01	0.2	0.668344	26.112	0
0.0162529	0.01	0.2	0.716143	31.9665	0
0.0162529	0.01	0.2	0.767361	38.6869	0
0.0162529	0.01	0.2	0.822243	46.2771	0
0.0162529	0.01	0.2	0.881049	54.7077	0
0.0162529	0.01	0.2	0.944061	63.9119	0
0.0162529	0.01	0.2	1.01158	73.784	0
0.0162529	0.01	0.2	1.08393	84.1771	0
0.0162529	0.01	0.2	1.16145	94.9012	0
0.0162529	0.01	0.2	1.24451	105.72	0
0.0162529	0.01	0.2	1.33352	116.351	0
0.0162529	0.01	0.2	1.42889	126.48	0
0.0162529	0.01	0.2	1.53109	135.801	0
0.0162529	0.01	0.2	1.64059	144.083	0
0.0162529	0.01	0.2	1.75792	151.258	0
0.0162529	0.01	0.2	1.88365	157.467	0
0.0162529	0.01	0.2	2.01837	163.034	0
0.0162529	0.01	0.2	2.16272	168.343	0
0.0162529	0.01	0.2	2.31739	173.691	0
0.0162529	0.01	0.2	2.48313	179.245	0
0.0162529	0.01	0.2	2.66073	185.092	0
0.0162529	0.01	0.2	2.85102	191.243	0
0.0162529	0.01	0.2	3.05492	197.447	0
0.0162529	0.01	0.2	3.27341	203.135	0
0.0162529	0.01	0.2	3.50752	207.901	0
0.0162529	0.01	0.2	3.75837	211.969	0
0.0162529	0.01	0.2	4.02717	215.629	0
0.0162529	0.01	0.2	4.31519	218.737	0
0.0162529	0.01	0.2	4.62381	221.357	0
0.0162529	0.01	0.2	4.9545	223.423	0
0.0162529	0.01	0.2	5.30884	224.345	0
0.0162529	0.01	0.2	5.68853	224.302	0
0.0162529	0.01	0.2	6.09537	224.56	0
0.0162529	0.01	0.2	6.53131	227.789	0
0.0162529	0.01	0.2	6.99842	235.056	0
0.0162529	0.01	0.2	7.49894	242.691	0
0.0162529	0.01	0.2	8.03526	244.458	0
0.0162529	0.01	0.2	8.60994	239.333	0
0.0162529	0.01	0.2	9.22571	228.878	0
0.0162529	0.01	0.2	9.88553	217.136	0
0.0162529	0.01	0.2	10.5925	209.757	0
0.0162529	0.01	0.2	11.3501	203.788	0
0.0162529	0.01	0.2	12.1619	198.532	0
0.0162529	0.01	0.2	13.0317	194.9	0
0.0162529	0.01	0.2	13.9637	192.732	0
0.0162529	0.01	0.2	14.9624	187.62	0
0.0162529	0.01	0.2	16.0325	181.842	0
0.0162529	0.01	0.2	17.1791	181.858	0
0.0162529	0.01	0.2	18.4077	186.056	0
0.0162529	0.01	0.2	19.7242	186.33	0
0.0162529	0.01	0.2	21.1349	185.024	0
0.0162529	0.01	0.2	22.6464	182.881	0
0.0162529	0.01	0.2	24.2661	180.725	0
0.0162529	0.01	0.2	26.0016	180.457	0
0.0162529	0.01	0.2	27.8612	180.624	0
0.0162529	0.01	0.2	29.8538	178.891	0
0.0162529	0.01	0.2	31.989	180.813	0
0.0162529	0.01	0.2	34.2768	183.474	0
0.0162529	0.01	0.2	36.7282	188.406	0
0.0162529	0.01	0.2	39.355	193.43	0
0.0162529	0.01	0.2	42.1697	189.183	0
0.0162529	0.01	0.2	45.1856	186.046	0
0.0162529	0.01	0.2	48.4172	186.1	0
0.0162529	0.01	0.2	51.88	184.901	0
0.0162529	0.01	0.2	55.5904	185.504	0
0.0162529	0.01	0.2	59.5662	180.273	0
0.0162529	0.01	0.2	63.8263	178.218	0
0.0162529	0.01	0.2	68.3912	178.987	0
0.0162529	0.01	0.2	73.2825	179.257	0
0.0162529	0.01	0.2	78.5236	178.122	0
0.0162529	0.01	0.2	84.1395	177.629	0
0.0162529	0.01	0.2	90.1571	178.632	0
0.0162529	0.01	0.2	96.6051	178.583	0
0.0177575	0.01	0.2	0.103514	0.0496655	0
0.0177575	0.01	0.2	0.110917	0.0373686	0
0.0177575	0.01	0.2	0.11885	0.0254569	0
0.0177575	0.01	0.2	0.12735	0.0146626	0
0.0177575	0.01	0.2	0.136458	0.00602775	0
0.0177575	0.01	0.2	0.146218	0.0010076	0
0.0177575	0.01	0.2	0.156675	0.00160386	0
0.0177575	0.01	0.2	0.16788	0.0105364	0
0.0177575	0.01	0.2	0.179887	0.031462	0
0.0177575	0.01	0.2	0.192752	0.0692509	0
0.0177575	0.01	0.2	0.206538	0.130333	0
0.0177575	0.01	0.2	0.221309	0.223128	0
0.0177575	0.01	0.2	0.237137	0.35857	0
0.0177575	0.01	0.2	0.254097	0.55074	0
0.0177575	0.01	0.2	0.27227	0.817615	0
0.0177575	0.01	0.2	0.291743	1.18193	0
0.0177575	0.01	0.2	0.312608	1.67215	0
0.0177575	0.01	0.2	0.334965	2.32351	0
0.0177575	0.01	0.2	0.358922	3.17908	0
0.0177575	0.01	0.2	0.384592	4.29071	0
0.0177575	0.01	0.2	0.412098	5.71987	0
0.0177575	0.01	0.2	0.44157	7.53792	0
0.0177575	0.01	0.2	0.473151	9.82587	0
0.0177575	0.01	0.2	0.506991	12.6731	0
0.0177575	0.01	0.2	0.54325	16.1752	0
0.0177575	0.01	0.2	0.582103	20.4294	0
0.0177575	0.01	0.2	0.623735	25.5301	0
0.0177575	0.01	0.2	0.668344	31.5612	0
0.0177575	0.01	0.2	0.716143	38.5883	0
0.0177575	0.01	0.2	0.767361	46.651	0
0.0177575	0.01	0.2	0.822243	55.7546	0
0.0177575	0.01	0.2	0.881049	65.8644	0
0.0177575	0.01	0.2	0.944061	76.9018	0
0.0177575	0.01	0.2	1.01158	88.7414	0
0.0177575	0.01	0.2	1.08393	101.209	0
0.0177575	0.01	0.2	1.16145	114.078	0
0.0177575	0.01	0.2	1.24451	127.066	0
0.0177575	0.01	0.2	1.33352	139.831	0
0.0177575	0.01	0.2	1.42889	151.991	0
0.0177575	0.01	0.2	1.53109	163.169	0
0.0177575	0.01	0.2	1.64059	173.071	0
0.0177575	0.01	0.2	1.75792	181.59	0
0.0177575	0.01	0.2	1.88365	188.872	0
0.0177575	0.01	0.2	2.01837	195.284	0
0.0177575	0.01	0.2	2.16272	201.276	0
0.0177575	0.01	0.2	2.31739	207.224	0
0.0177575	0.01	0.2	2.48313	213.391	0
0.0177575	0.01	0.2	2.66073	219.99	0
0.0177575	0.01	0.2	2.85102	227.171	0
0.0177575	0.01	0.2	3.05492	234.729	0
0.0177575	0.01	0.2	3.27341	241.967	0
0.0177575	0.01	0.2	3.50752	248.212	0
0.0177575	0.01	0.2	3.75837	253.441	0
0.0177575	0.01	0.2	4.02717	257.796	0
0.0177575	0.01	0.2	4.31519	261.161	0
0.0177575	0.01	0.2	4.62381	263.919	0
0.0177575	0.01	0.2	4.9545	266.316	0
0.0177575	0.01	0.2	5.30884	267.728	0
0.0177575	0.01	0.2	5.68853	268.175	0
0.0177575	0.01	0.2	6.09537	268.913	0
0.0177575	0.01	0.2	6.53131	272.969	0
0.0177575	0.01	0.2	6.99842	281.392	0
0.0177575	0.01	0.2	7.49894	289.741	0
0.0177575	0.01	0.2	8.03526	291.08	0
0.0177575	0.01	0.2	8.60994	284.635	0
0.0177575	0.01	0.2	9.22571	272.264	0
0.0177575	0.01	0.2	9.88553	258.544	0
0.0177575	0.01	0.2	10.5925	249.935	0
0.0177575	0.01	0.2	11.3501	242.749	0
0.0177575	0.01	0.2	12.1619	236.037	0
0.0177575	0.01	0.2	13.0317	231.04	0
0.0177575	0.01	0.2	13.9637	228.251	0
0.0177575	0.01	0.2	14.9624	222.915	0
0.0177575	0.01	0.2	16.0325	217.06	0
0.0177575	0.01	0.2	17.1791	217.452	0
0.0177575	0.01	0.2	18.4077	222.229	0
0.0177575	0.01	0.2	19.7242	222.622	0
0.0177575	0.01	0.2	21.1349	221.426	0
0.0177575	0.01	0.2	22.6464	218.96	0
0.0177575	0.01	0.2	24.2661	216.425	0
0.0177575	0.01	0.2	26.0016	215.969	0
0.0177575	0.01	0.2	27.8612	216.143	0
0.0177575	0.01	0.2	29.8538	214.37	0
0.0177575	0.01	0.2	31.989	216.446	0
0.0177575	0.01	0.2	34.2768	219.653	0
0.0177575	0.01	0.2	36.7282	225.48	0
0.0177575	0.01	0.2	39.355	230.958	0
0.0177575	0.01	0.2	42.1697	226.586	0
0.0177575	0.01	0.2	45.1856	222.907	0
0.0177575	0.01	0.2	48.4172	222.755	0
0.0177575	0.01	0.2	51.88	221.617	0
0.0177575	0.01	0.2	55.5904	221.959	0
0.0177575	0.01	0.2	59.5662	216.094	0
0.0177575	0.01	0.2	63.8263	213.768	0
0.0177575	0.01	0.2	68.3912	214.648	0
0.0177575	0.01	0.2	73.2825	215.014	0
0.0177575	0.01	0.2	78.5236	213.671	0
0.0177575	0.01	0.2	84.1395	213.156	0
0.0177575	0.01	0.2	90.1571	214.312	0
0.0177575	0.01	0.2	96.6051	214.316	0
0.0194014	0.01	0.2	0.103514	0.0416864	0
0.0194014	0.01	0.2	0.110917	0.0295461	0
0.0194014	0.01	0.2	0.11885	0.0182299	0
0.0194014	0.01	0.2	0.12735	0.00866216	0
0.0194014	0.01	0.2	0.136458	0.00214363	0
0.0194014	0.01	0.2	0.146218	0.000474893	0
0.0194014	0.01	0.2	0.156675	0.00611656	0
0.0194014	0.01	0.2	0.16788	0.0223946	0
0.0194014	0.01	0.2	0.179887	0.0537619	0
0.0194014	0.01	0.2	0.192752	0.106129	0
0.0194014	0.01	0.2	0.206538	0.187277	0
0.0194014	0.01	0.2	0.221309	0.307371	0
0.0194014	0.01	0.2	0.237137	0.479588	0
0.0194014	0.01	0.2	0.254097	0.720866	0
0.0194014	0.01	0.2	0.27227	1.0528	0
0.0194014	0.01	0.2	0.291743	1.50268	0
0.0194014	0.01	0.2	0.312608	2.10462	0
0.0194014	0.01	0.2	0.334965	2.90081	0
0.0194014	0.01	0.2	0.358922	3.94281	0
0.0194014	0.01	0.2	0.384592	5.29263	0
0.0194014	0.01	0.2	0.412098	7.02372	0
0.0194014	0.01	0.2	0.44157	9.22136	0
0.0194014	0.01	0.2	0.473151	11.9823	0
0.0194014	0.01	0.2	0.506991	15.4132	0
0.0194014	0.01	0.2	0.54325	19.628	0
0.0194014	0.01	0.2	0.582103	24.7431	0
0.0194014	0.01	0.2	0.623735	30.8707	0
0.0194014	0.01	0.2	0.668344	38.111	0
0.0194014	0.01	0.2	0.716143	46.5426	0
0.0194014	0.01	0.2	0.767361	56.2126	0
0.0194014	0.01	0.2	0.822243	67.1279	0
0.0194014	0.01	0.2	0.881049	79.2478	0
0.0194014	0.01	0.2	0.944061	92.4791	0
0.0194014	0.01	0.2	1.01158	106.673	0
0.0194014	0.01	0.2	1.08393	121.624	0
0.0194014	0.01	0.2	1.16145	137.06	0
0.0194014	0.01	0.2	1.24451	152.643	0
0.0194014	0.01	0.2	1.33352	167.962	0
0.0194014	0.01	0.2	1.42889	182.555	0
0.0194014	0.01	0.2	1.53109	195.955	0
0.0194014	0.01	0.2	1.64059	207.796	0
0.0194014	0.01	0.2	1.75792	217.927	0
0.0194014	0.01	0.2	1.88365	226.495	0
0.0194014	0.01	0.2	2.01837	233.917	0
0.0194014	0.01	0.2	2.16272	240.725	0
0.0194014	0.01	0.2	2.31739	247.389	0
0.0194014	0.01	0.2	2.48313	254.282	0
0.0194014	0.01	0.2	2.66073	261.773	0
0.0194014	0.01	0.2	2.85102	270.172	0
0.0194014	0.01	0.2	3.05492	279.338	0
0.0194014	0.01	0.2	3.27341	288.417	0
0.0194014	0.01	0.2	3.50752	296.425	0
0.0194014	0.01	0.2	3.75837	303.046	0
0.0194014	0.01	0.2	4.02717	308.245	0
0.0194014	0.01	0.2	4.31519	311.94	0
0.0194014	0.01	0.2	4.62381	314.889	0
0.0194014	0.01	0.2	4.9545	317.701	0
0.0194014	0.01	0.2	5.30884	319.707	0
0.0194014	0.01	0.2	5.68853	320.736	0
0.0194014	0.01	0.2	6.09537	322.037	0
0.0194014	0.01	0.2	6.53131	327.066	0
0.0194014	0.01	0.2	6.99842	336.855	0
0.0194014	0.01	0.2	7.49894	346.041	0
0.0194014	0.01	0.2	8.03526	346.846	0
0.0194014	0.01	0.2	8.60994	338.809	0
0.0194014	0.01	0.2	9.22571	324.151	0
0.0194014	0.01	0.2	9.88553	308.084	0
0.0194014	0.01	0.2	10.5925	298.014	0
0.0194014	0.01	0.2	11.3501	289.364	0
0.0194014	0.01	0.2	12.1619	280.896	0
0.0194014	0.01	0.2	13.0317	274.26	0
0.0194014	0.01	0.2	13.9637	270.737	0
0.0194014	0.01	0.2	14.9624	265.149	0
0.0194014	0.01	0.2	16.0325	259.219	0
0.0194014	0.01	0.2	17.1791	260.066	0
0.0194014	0.01	0.2	18.4077	265.533	0
0.0194014	0.01	0.2	19.7242	266.072	0
0.0194014	0.01	0.2	21.1349	265.016	0
0.0194014	0.01	0.2	22.6464	262.166	0
0.0194014	0.01	0.2	24.2661	259.164	0
0.0194014	0.01	0.2	26.0016	258.464	0
0.0194014	0.01	0.2	27.8612	258.639	0
0.0194014	0.01	0.2	29.8538	256.834	0
0.0194014	0.01	0.2	31.989	259.111	0
0.0194014	0.01	0.2	34.2768	262.958	0
0.0194014	0.01	0.2	36.7282	269.828	0
0.0194014	0.01	0.2	39.355	275.843	0
0.0194014	0.01	0.2	42.1697	271.343	0
0.0194014	0.01	0.2	45.1856	267.039	0
0.0194014	0.01	0.2	48.4172	266.637	0
0.0194014	0.01	0.2	51.88	265.552	0
0.0194014	0.01	0.2	55.5904	265.574	0
0.0194014	0.01	0.2	59.5662	258.965	0
0.0194014	0.01	0.2	63.8263	256.328	0
0.0194014	0.01	0.2	68.3912	257.332	0
0.0194014	0.01	0.2	73.2825	257.807	0
0.0194014	0.01	0.2	78.5236	256.217	0
0.0194014	0.01	0.2	84.1395	255.681	0
0.0194014	0.01	0.2	90.1571	257.016	0
0.0194014	0.01	0.2	96.6051	257.085	0
0.0211975	0.01	0.2	0.103514	0.0337663	0
0.0211975	0.01	0.2	0.110917	0.0220483	0
0.0211975	0.01	0.2	0.11885	0.0117124	0
0.0211975	0.01	0.2	0.12735	0.00391747	0
0.0211975	0.01	0.2	0.136458	0.000278148	0
0.0211975	0.01	0.2	0.146218	0.00301363	0
0.0211975	0.01	0.2	0.156675	0.0151393	0
0.0211975	0.01	0.2	0.16788	0.0407125	0
0.0211975	0.01	0.2	0.179887	0.0851452	0
0.0211975	0.01	0.2	0.192752	0.155599	0
0.0211975	0.01	0.2	0.206538	0.261481	0
0.0211975	0.01	0.2	0.221309	0.415051	0
0.0211975	0.01	0.2	0.237137	0.632174	0
0.0211975	0.01	0.2	0.254097	0.933218	0
0.0211975	0.01	0.2	0.27227	1.34412	0
0.0211975	0.01	0.2	0.291743	1.89759	0
0.0211975	0.01	0.2	0.312608	2.63454	0
0.0211975	0.01	0.2	0.334965	3.60549	0
0.0211975	0.01	0.2	0.358922	4.8721	0
0.0211975	0.01	0.2	0.384592	6.50857	0
0.0211975	0.01	0.2	0.412098	8.60269	0
0.0211975	0.01	0.2	0.44157	11.2563	0
0.0211975	0.01	0.2	0.473151	14.585	0
0.0211975	0.01	0.2	0.506991	18.7161	0
0.0211975	0.01	0.2	0.54325	23.7856	0
0.0211975	0.01	0.2	0.582103	29.9324	0
0.0211975	0.01	0.2	0.623735	37.2903	0
0.0211975	0.01	0.2	0.668344	45.979	0
0.0211975	0.01	0.2	0.716143	56.0922	0
0.0211975	0.01	0.2	0.767361	67.6864	0
0.0211975	0.01	0.2	0.822243	80.7701	0
0.0211975	0.01	0.2	0.881049	95.2953	0
0.0211975	0.01	0.2	0.944061	111.152	0
0.0211975	0.01	0.2	1.01158	128.164	0
0.0211975	0.01	0.2	1.08393	146.084	0
0.0211975	0.01	0.2	1.16145	164.592	0
0.0211975	0.01	0.2	1.24451	183.28	0
0.0211975	0.01	0.2	1.33352	201.656	0
0.0211975	0.01	0.2	1.42889	219.158	0
0.0211975	0.01	0.2	1.53109	235.219	0
0.0211975	0.01	0.2	1.64059	249.382	0
0.0211975	0.01	0.2	1.75792	261.441	0
0.0211975	0.01	0.2	1.88365	271.549	0
0.0211975	0.01	0.2	2.01837	280.181	0
0.0211975	0.01	0.2	2.16272	287.963	0
0.0211975	0.01	0.2	2.31739	295.479	0
0.0211975	0.01	0.2	2.48313	303.235	0
0.0211975	0.01	0.2	2.66073	311.782	0
0.0211975	0.01	0.2	2.85102	321.626	0
0.0211975	0.01	0.2	3.05492	332.7	0
0.0211975	0.01	0.2	3.27341	343.969	0
0.0211975	0.01	0.2	3.50752	354.079	0
0.0211975	0.01	0.2	3.75837	362.368	0
0.0211975	0.01	0.2	4.02717	368.592	0
0.0211975	0.01	0.2	4.31519	372.707	0
0.0211975	0.01	0.2	4.62381	375.911	0
0.0211975	0.01	0.2	4.9545	379.239	0
0.0211975	0.01	0.2	5.30884	381.965	0
0.0211975	0.01	0.2	5.68853	383.685	0
0.0211975	0.01	0.2	6.09537	385.646	0
0.0211975	0.01	0.2	6.53131	391.824	0
0.0211975	0.01	0.2	6.99842	403.229	0
0.0211975	0.01	0.2	7.49894	413.394	0
0.0211975	0.01	0.2	8.03526	413.54	0
0.0211975	0.01	0.2	8.60994	403.586	0
0.0211975	0.01	0.2	9.22571	386.197	0
0.0211975	0.01	0.2	9.88553	367.341	0
0.0211975	0.01	0.2	10.5925	355.534	0
0.0211975	0.01	0.2	11.3501	345.125	0
0.0211975	0.01	0.2	12.1619	334.54	0
0.0211975	0.01	0.2	13.0317	325.938	0
0.0211975	0.01	0.2	13.9637	321.544	0
0.0211975	0.01	0.2	14.9624	315.676	0
0.0211975	0.01	0.2	16.0325	309.674	0
0.0211975	0.01	0.2	17.1791	311.069	0
0.0211975	0.01	0.2	18.4077	317.361	0
0.0211975	0.01	0.2	19.7242	318.078	0
0.0211975	0.01	0.2	21.1349	317.198	0
0.0211975	0.01	0.2	22.6464	313.892	0
0.0211975	0.01	0.2	24.2661	310.318	0
0.0211975	0.01	0.2	26.0016	309.305	0
0.0211975	0.01	0.2	27.8612	309.475	0
0.0211975	0.01	0.2	29.8538	307.65	0
0.0211975	0.01	0.2	31.989	310.181	0
0.0211975	0.01	0.2	34.2768	314.78	0
0.0211975	0.01	0.2	36.7282	322.866	0
0.0211975	0.01	0.2	39.355	329.517	0
0.0211975	0.01	0.2	42.1697	324.886	0
0.0211975	0.01	0.2	45.1856	319.862	0
0.0211975	0.01	0.2	48.4172	319.157	0
0.0211975	0.01	0.2	51.88	318.111	0
0.0211975	0.01	0.2	55.5904	317.744	0
0.0211975	0.01	0.2	59.5662	310.262	0
0.0211975	0.01	0.2	63.8263	307.267	0
0.0211975	0.01	0.2	68.3912	308.41	0
0.0211975	0.01	0.2	73.2825	309.009	0
0.0211975	0.01	0.2	78.5236	307.125	0
0.0211975	0.01	0.2	84.1395	306.571	0
0.0211975	0.01	0.2	90.1571	308.117	0
0.0211975	0.01	0.2	96.6051	308.263	0
0.0231598	0.01	0.2	0.103514	0.0260654	0
0.0231598	0.01	0.2	0.110917	0.0151087	0
0.0231598	0.01	0.2	0.11885	0.00623772	0
0.0231598	0.01	0.2	0.12735	0.000896176	0
0.0231598	0.01	0.2	0.136458	0.00107962	0
0.0231598	0.01	0.2	0.146218	0.00951369	0
0.0231598	0.01	0.2	0.156675	0.0298836	0
0.0231598	0.01	0.2	0.16788	0.0671284	0
0.0231598	0.01	0.2	0.179887	0.127815	0
0.0231598	0.01	0.2	0.192752	0.220609	0
0.0231598	0.01	0.2	0.206538	0.356869	0
0.0231598	0.01	0.2	0.221309	0.55137	0
0.0231598	0.01	0.2	0.237137	0.823202	0
0.0231598	0.01	0.2	0.254097	1.19684	0
0.0231598	0.01	0.2	0.27227	1.70341	0
0.0231598	0.01	0.2	0.291743	2.38216	0
0.0231598	0.01	0.2	0.312608	3.28208	0
0.0231598	0.01	0.2	0.334965	4.46366	0
0.0231598	0.01	0.2	0.358922	6.00069	0
0.0231598	0.01	0.2	0.384592	7.9819	0
0.0231598	0.01	0.2	0.412098	10.5122	0
0.0231598	0.01	0.2	0.44157	13.7133	0
0.0231598	0.01	0.2	0.473151	17.7232	0
0.0231598	0.01	0.2	0.506991	22.694	0
0.0231598	0.01	0.2	0.54325	28.788	0
0.0231598	0.01	0.2	0.582103	36.1708	0
0.0231598	0.01	0.2	0.623735	45.0023	0
0.0231598	0.01	0.2	0.668344	55.4252	0
0.0231598	0.01	0.2	0.716143	67.5514	0
0.0231598	0.01	0.2	0.767361	81.4485	0
0.0231598	0.01	0.2	0.822243	97.127	0
0.0231598	0.01	0.2	0.881049	114.53	0
0.0231598	0.01	0.2	0.944061	133.527	0
0.0231598	0.01	0.2	1.01158	153.909	0
0.0231598	0.01	0.2	1.08393	175.383	0
0.0231598	0.01	0.2	1.16145	197.565	0
0.0231598	0.01	0.2	1.24451	219.968	0
0.0231598	0.01	0.2	1.33352	242	0
0.0231598	0.01	0.2	1.42889	262.984	0
0.0231598	0.01	0.2	1.53109	282.228	0
0.0231598	0.01	0.2	1.64059	299.168	0
0.0231598	0.01	0.2	1.75792	313.536	0
0.0231598	0.01	0.2	1.88365	325.487	0
0.0231598	0.01	0.2	2.01837	335.565	0
0.0231598	0.01	0.2	2.16272	344.511	0
0.0231598	0.01	0.2	2.31739	353.041	0
0.0231598	0.01	0.2	2.48313	361.822	0
0.0231598	0.01	0.2	2.66073	371.622	0
0.0231598	0.01	0.2	2.85102	383.179	0
0.0231598	0.01	0.2	3.05492	396.519	0
0.0231598	0.01	0.2	3.27341	410.395	0
0.0231598	0.01	0.2	3.50752	423.012	0
0.0231598	0.01	0.2	3.75837	433.3	0
0.0231598	0.01	0.2	4.02717	440.766	0
0.0231598	0.01	0.2	4.31519	445.409	0
0.0231598	0.01	0.2	4.62381	448.95	0
0.0231598	0.01	0.2	4.9545	452.918	0
0.0231598	0.01	0.2	5.30884	456.513	0
0.0231598	0.01	0.2	5.68853	459.054	0
0.0231598	0.01	0.2	6.09537	461.789	0
0.0231598	0.01	0.2	6.53131	469.323	0
0.0231598	0.01	0.2	6.99842	482.642	0
0.0231598	0.01	0.2	7.49894	493.956	0
0.0231598	0.01	0.2	8.03526	493.289	0
0.0231598	0.01	0.2	8.60994	481.026	0
0.0231598	0.01	0.2	9.22571	460.378	0
0.0231598	0.01	0.2	9.88553	438.207	0
0.0231598	0.01	0.2	10.5925	424.337	0
0.0231598	0.01	0.2	11.3501	411.814	0
0.0231598	0.01	0.2	12.1619	398.679	0
0.0231598	0.01	0.2	13.0317	387.719	0
0.0231598	0.01	0.2	13.9637	382.294	0
0.0231598	0.01	0.2	14.9624	376.111	0
0.0231598	0.01	0.2	16.0325	370.041	0
0.0231598	0.01	0.2	17.1791	372.099	0
0.0231598	0.01	0.2	18.4077	379.373	0
0.0231598	0.01	0.2	19.7242	380.308	0
0.0231598	0.01	0.2	21.1349	379.649	0
0.0231598	0.01	0.2	22.6464	375.801	0
0.0231598	0.01	0.2	24.2661	371.53	0
0.0231598	0.01	0.2	26.0016	370.12	0
0.0231598	0.01	0.2	27.8612	370.275	0
0.0231598	0.01	0.2	29.8538	368.445	0
0.0231598	0.01	0.2	31.989	371.3	0
0.0231598	0.01	0.2	34.2768	376.781	0
0.0231598	0.01	0.2	36.7282	386.285	0
0.0231598	0.01	0.2	39.355	393.689	0
0.0231598	0.01	0.2	42.1697	388.925	0
0.0231598	0.01	0.2	45.1856	383.07	0
0.0231598	0.01	0.2	48.4172	382	0
0.0231598	0.01	0.2	51.88	380.973	0
0.0231598	0.01	0.2	55.5904	380.135	0
0.0231598	0.01	0.2	59.5662	371.629	0
0.0231598	0.01	0.2	63.8263	368.22	0
0.0231598	0.01	0.2	68.3912	369.519	0
0.0231598	0.01	0.2	73.2825	370.259	0
0.0231598	0.01	0.2	78.5236	368.028	0
0.0231598	0.01	0.2	84.1395	367.459	0
0.0231598	0.01	0.2	90.1571	369.251	0
0.0231598	0.01	0.2	96.6051	369.49	0
0.0253038	0.01	0.2	0.103514	0.0187887	0
0.0253038	0.01	0.2	0.110917	0.00902201	0
0.0253038	0.01	0.2	0.11885	0.00222178	0
0.0253038	0.01	0.2	0.12735	0.000177495	0
0.0253038	0.01	0.2	0.136458	0.005346	0
0.0253038	0.01	0.2	0.146218	0.0210649	0
0.0253038	0.01	0.2	0.156675	0.0518275	0
0.0253038	0.01	0.2	0.16788	0.103635	0
0.0253038	0.01	0.2	0.179887	0.184442	0
0.0253038	0.01	0.2	0.192752	0.304724	0
0.0253038	0.01	0.2	0.206538	0.47818	0
0.0253038	0.01	0.2	0.221309	0.722603	0
0.0253038	0.01	0.2	0.237137	1.06095	0
0.0253038	0.01	0.2	0.254097	1.52262	0
0.0253038	0.01	0.2	0.27227	2.14495	0
0.0253038	0.01	0.2	0.291743	2.97499	0
0.0253038	0.01	0.2	0.312608	4.07143	0
0.0253038	0.01	0.2	0.334965	5.50668	0
0.0253038	0.01	0.2	0.358922	7.36901	0
0.0253038	0.01	0.2	0.384592	9.76453	0
0.0253038	0.01	0.2	0.412098	12.8186	0
0.0253038	0.01	0.2	0.44157	16.6767	0
0.0253038	0.01	0.2	0.473151	21.5037	0
0.0253038	0.01	0.2	0.506991	27.4811	0
0.0253038	0.01	0.2	0.54325	34.8026	0
0.0253038	0.01	0.2	0.582103	43.6659	0
0.0253038	0.01	0.2	0.623735	54.2619	0
0.0253038	0.01	0.2	0.668344	66.7607	0
0.0253038	0.01	0.2	0.716143	81.2961	0
0.0253038	0.01	0.2	0.767361	97.9488	0
0.0253038	0.01	0.2	0.822243	116.732	0
0.0253038	0.01	0.2	0.881049	137.577	0
0.0253038	0.01	0.2	0.944061	160.331	0
0.0253038	0.01	0.2	1.01158	184.744	0
0.0253038	0.01	0.2	1.08393	210.467	0
0.0253038	0.01	0.2	1.16145	237.042	0
0.0253038	0.01	0.2	1.24451	263.888	0
0.0253038	0.01	0.2	1.33352	290.293	0
0.0253038	0.01	0.2	1.42889	315.44	0
0.0253038	0.01	0.2	1.53109	338.492	0
0.0253038	0.01	0.2	1.64059	358.754	0
0.0253038	0.01	0.2	1.75792	375.884	0
0.0253038	0.01	0.2	1.88365	390.039	0
0.0253038	0.01	0.2	2.01837	401.847	0
0.0253038	0.01	0.2	2.16272	412.183	0
0.0253038	0.01	0.2	2.31739	421.92	0
0.0253038	0.01	0.2	2.48313	431.919	0
0.0253038	0.01	0.2	2.66073	443.204	0
0.0253038	0.01	0.2	2.85102	456.796	0
0.0253038	0.01	0.2	3.05492	472.83	0
0.0253038	0.01	0.2	3.27341	489.809	0
0.0253038	0.01	0.2	3.50752	505.417	0
0.0253038	0.01	0.2	3.75837	518.1	0
0.0253038	0.01	0.2	4.02717	527.072	0
0.0253038	0.01	0.2	4.31519	532.377	0
0.0253038	0.01	0.2	4.62381	536.351	0
0.0253038	0.01	0.2	4.9545	541.11	0
0.0253038	0.01	0.2	5.30884	545.754	0
0.0253038	0.01	0.2	5.68853	549.27	0
0.0253038	0.01	0.2	6.09537	552.914	0
0.0253038	0.01	0.2	6.53131	562.049	0
0.0253038	0.01	0.2	6.99842	577.636	0
0.0253038	0.01	0.2	7.49894	590.298	0
0.0253038	0.01	0.2	8.03526	588.634	0
0.0253038	0.01	0.2	8.60994	573.596	0
0.0253038	0.01	0.2	9.22571	549.057	0
0.0253038	0.01	0.2	9.88553	522.944	0
0.0253038	0.01	0.2	10.5925	506.619	0
0.0253038	0.01	0.2	11.3501	491.561	0
0.0253038	0.01	0.2	12.1619	475.357	0
0.0253038	0.01	0.2	13.0317	461.568	0
0.0253038	0.01	0.2	13.9637	454.921	0
0.0253038	0.01	0.2	14.9624	448.384	0
0.0253038	0.01	0.2	16.0325	442.253	0
0.0253038	0.01	0.2	17.1791	445.108	0
0.0253038	0.01	0.2	18.4077	453.555	0
0.0253038	0.01	0.2	19.7242	454.754	0
0.0253038	0.01	0.2	21.1349	454.37	0
0.0253038	0.01	0.2	22.6464	449.878	0
0.0253038	0.01	0.2	24.2661	444.76	0
0.0253038	0.01	0.2	26.0016	442.852	0
0.0253038	0.01	0.2	27.8612	442.981	0
0.0253038	0.01	0.2	29.8538	441.165	0
0.0253038	0.01	0.2	31.989	444.425	0
0.0253038	0.01	0.2	34.2768	450.943	0
0.0253038	0.01	0.2	36.7282	462.105	0
0.0253038	0.01	0.2	39.355	470.399	0
0.0253038	0.01	0.2	42.1697	465.503	0
0.0253038	0.01	0.2	45.1856	458.686	0
0.0253038	0.01	0.2	48.4172	457.176	0
0.0253038	0.01	0.2	51.88	456.144	0
0.0253038	0.01	0.2	55.5904	454.735	0
0.0253038	0.01	0.2	59.5662	445.026	0
0.0253038	0.01	0.2	63.8263	441.141	0
0.0253038	0.01	0.2	68.3912	442.614	0
0.0253038	0.01	0.2	73.2825	443.514	0
0.0253038	0.01	0.2	78.5236	440.872	0
0.0253038	0.01	0.2	84.1395	440.292	0
0.0253038	0.01	0.2	90.1571	442.374	0
0.0253038	0.01	0.2	96.6051	442.724	0
0.0276463	0.01	0.2	0.103514	0.0121964	0
0.0276463	0.01	0.2	0.110917	0.00415753	0
0.0276463	0.01	0.2	0.11885	0.000181129	0
0.0276463	0.01	0.2	0.12735	0.00247581	0
0.0276463	0.01	0.2	0.136458	0.0140562	0
0.0276463	0.01	0.2	0.146218	0.0389985	0
0.0276463	0.01	0.2	0.156675	0.0827699	0
0.0276463	0.01	0.2	0.16788	0.152649	0
0.0276463	0.01	0.2	0.179887	0.258261	0
0.0276463	0.01	0.2	0.192752	0.412252	0
0.0276463	0.01	0.2	0.206538	0.631131	0
0.0276463	0.01	0.2	0.221309	0.936311	0
0.0276463	0.01	0.2	0.237137	1.35538	0
0.0276463	0.01	0.2	0.254097	1.92363	0
0.0276463	0.01	0.2	0.27227	2.68585	0
0.0276463	0.01	0.2	0.291743	3.69841	0
0.0276463	0.01	0.2	0.312608	5.0316	0
0.0276463	0.01	0.2	0.334965	6.7721	0
0.0276463	0.01	0.2	0.358922	9.0255	0
0.0276463	0.01	0.2	0.384592	11.9187	0
0.0276463	0.01	0.2	0.412098	15.6015	0
0.0276463	0.01	0.2	0.44157	20.2477	0
0.0276463	0.01	0.2	0.473151	26.0541	0
0.0276463	0.01	0.2	0.506991	33.2377	0
0.0276463	0.01	0.2	0.54325	42.0295	0
0.0276463	0.01	0.2	0.582103	52.6657	0
0.0276463	0.01	0.2	0.623735	65.3739	0
0.0276463	0.01	0.2	0.668344	80.3573	0
0.0276463	0.01	0.2	0.716143	97.7754	0
0.0276463	0.01	0.2	0.767361	117.725	0
0.0276463	0.01	0.2	0.822243	140.221	0
0.0276463	0.01	0.2	0.881049	165.184	0
0.0276463	0.01	0.2	0.944061	192.43	0
0.0276463	0.01	0.2	1.01158	221.663	0
0.0276463	0.01	0.2	1.08393	252.467	0
0.0276463	0.01	0.2	1.16145	284.296	0
0.0276463	0.01	0.2	1.24451	316.454	0
0.0276463	0.01	0.2	1.33352	348.088	0
0.0276463	0.01	0.2	1.42889	378.213	0
0.0276463	0.01	0.2	1.53109	405.818	0
0.0276463	0.01	0.2	1.64059	430.053	0
0.0276463	0.01	0.2	1.75792	450.485	0
0.0276463	0.01	0.2	1.88365	467.275	0
0.0276463	0.01	0.2	2.01837	481.149	0
0.0276463	0.01	0.2	2.16272	493.143	0
0.0276463	0.01	0.2	2.31739	504.318	0
0.0276463	0.01	0.2	2.48313	515.764	0
0.0276463	0.01	0.2	2.66073	528.813	0
0.0276463	0.01	0.2	2.85102	544.822	0
0.0276463	0.01	0.2	3.05492	564.061	0
0.0276463	0.01	0.2	3.27341	584.736	0
0.0276463	0.01	0.2	3.50752	603.914	0
0.0276463	0.01	0.2	3.75837	619.468	0
0.0276463	0.01	0.2	4.02717	630.261	0
0.0276463	0.01	0.2	4.31519	636.391	0
0.0276463	0.01	0.2	4.62381	640.92	0
0.0276463	0.01	0.2	4.9545	646.65	0
0.0276463	0.01	0.2	5.30884	652.558	0
0.0276463	0.01	0.2	5.68853	657.233	0
0.0276463	0.01	0.2	6.09537	661.945	0
0.0276463	0.01	0.2	6.53131	672.973	0
0.0276463	0.01	0.2	6.99842	691.246	0
0.0276463	0.01	0.2	7.49894	705.494	0
0.0276463	0.01	0.2	8.03526	702.609	0
0.0276463	0.01	0.2	8.60994	684.236	0
0.0276463	0.01	0.2	9.22571	655.053	0
0.0276463	0.01	0.2	9.88553	624.253	0
0.0276463	0.01	0.2	10.5925	605.008	0
0.0276463	0.01	0.2	11.3501	586.906	0
0.0276463	0.01	0.2	12.1619	567.011	0
0.0276463	0.01	0.2	13.0317	549.833	0
0.0276463	0.01	0.2	13.9637	541.734	0
0.0276463	0.01	0.2	14.9624	534.799	0
0.0276463	0.01	0.2	16.0325	528.617	0
0.0276463	0.01	0.2	17.1791	532.431	0
0.0276463	0.01	0.2	18.4077	542.277	0
0.0276463	0.01	0.2	19.7242	543.794	0
0.0276463	0.01	0.2	21.1349	543.753	0
0.0276463	0.01	0.2	22.6464	538.497	0
0.0276463	0.01	0.2	24.2661	532.351	0
0.0276463	0.01	0.2	26.0016	529.822	0
0.0276463	0.01	0.2	27.8612	529.912	0
0.0276463	0.01	0.2	29.8538	528.137	0
0.0276463	0.01	0.2	31.989	531.9	0
0.0276463	0.01	0.2	34.2768	539.636	0
0.0276463	0.01	0.2	36.7282	552.735	0
0.0276463	0.01	0.2	39.355	562.083	0
0.0276463	0.01	0.2	42.1697	557.057	0
0.0276463	0.01	0.2	45.1856	549.126	0
0.0276463	0.01	0.2	48.4172	547.086	0
0.0276463	0.01	0.2	51.88	546.016	0
0.0276463	0.01	0.2	55.5904	543.918	0
0.0276463	0.01	0.2	59.5662	532.796	0
0.0276463	0.01	0.2	63.8263	528.361	0
0.0276463	0.01	0.2	68.3912	530.03	0
0.0276463	0.01	0.2	73.2825	531.114	0
0.0276463	0.01	0.2	78.5236	527.984	0
0.0276463	0.01	0.2	84.1395	527.399	0
0.0276463	0.01	0.2	90.1571	529.822	0
0.0276463	0.01	0.2	96.6051	530.305	0
0.0302057	0.01	0.2	0.103514	0.0066152	0
0.0302057	0.01	0.2	0.110917	0.000974986	0
0.0302057	0.01	0.2	0.11885	0.000754273	0
0.0302057	0.01	0.2	0.12735	0.00866903	0
0.0302057	0.01	0.2	0.136458	0.0284076	0
0.0302057	0.01	0.2	0.146218	0.0649368	0
0.0302057	0.01	0.2	0.156675	0.124896	0
0.0302057	0.01	0.2	0.16788	0.217101	0
0.0302057	0.01	0.2	0.179887	0.353183	0
0.0302057	0.01	0.2	0.192752	0.548394	0
0.0302057	0.01	0.2	0.206538	0.822615	0
0.0302057	0.01	0.2	0.221309	1.20159	0
0.0302057	0.01	0.2	0.237137	1.71847	0
0.0302057	0.01	0.2	0.254097	2.41559	0
0.0302057	0.01	0.2	0.27227	3.34665	0
0.0302057	0.01	0.2	0.291743	4.57921	0
0.0302057	0.01	0.2	0.312608	6.1974	0
0.0302057	0.01	0.2	0.334965	8.30496	0
0.0302057	0.01	0.2	0.358922	11.0282	0
0.0302057	0.01	0.2	0.384592	14.5188	0
0.0302057	0.01	0.2	0.412098	18.9558	0
0.0302057	0.01	0.2	0.44157	24.5469	0
0.0302057	0.01	0.2	0.473151	31.5272	0
0.0302057	0.01	0.2	0.506991	40.1557	0
0.0302057	0.01	0.2	0.54325	50.7084	0
0.0302057	0.01	0.2	0.582103	63.467	0
0.0302057	0.01	0.2	0.623735	78.7032	0
0.0302057	0.01	0.2	0.668344	96.6595	0
0.0302057	0.01	0.2	0.716143	117.526	0
0.0302057	0.01	0.2	0.767361	141.419	0
0.0302057	0.01	0.2	0.822243	168.356	0
0.0302057	0.01	0.2	0.881049	198.243	0
0.0302057	0.01	0.2	0.944061	230.861	0
0.0302057	0.01	0.2	1.01158	265.857	0
0.0302057	0.01	0.2	1.08393	302.736	0
0.0302057	0.01	0.2	1.16145	340.845	0
0.0302057	0.01	0.2	1.24451	379.353	0
0.0302057	0.01	0.2	1.33352	417.237	0
0.0302057	0.01	0.2	1.42889	453.314	0
0.0302057	0.01	0.2	1.53109	486.361	0
0.0302057	0.01	0.2	1.64059	515.346	0
0.0302057	0.01	0.2	1.75792	539.725	0
0.0302057	0.01	0.2	1.88365	559.664	0
0.0302057	0.01	0.2	2.01837	576.006	0
0.0302057	0.01	0.2	2.16272	589.977	0
0.0302057	0.01	0.2	2.31739	602.865	0
0.0302057	0.01	0.2	2.48313	616.031	0
0.0302057	0.01	0.2	2.66073	631.175	0
0.0302057	0.01	0.2	2.85102	650.057	0
0.0302057	0.01	0.2	3.05492	673.111	0
0.0302057	0.01	0.2	3.27341	698.191	0
0.0302057	0.01	0.2	3.50752	721.631	0
0.0302057	0.01	0.2	3.75837	740.626	0
0.0302057	0.01	0.2	4.02717	753.621	0
0.0302057	0.01	0.2	4.31519	760.774	0
0.0302057	0.01	0.2	4.62381	766.005	0
0.0302057	0.01	0.2	4.9545	772.926	0
0.0302057	0.01	0.2	5.30884	780.354	0
0.0302057	0.01	0.2	5.68853	786.405	0
0.0302057	0.01	0.2	6.09537	792.374	0
0.0302057	0.01	0.2	6.53131	805.64	0
0.0302057	0.01	0.2	6.99842	827.099	0
0.0302057	0.01	0.2	7.49894	843.213	0
0.0302057	0.01	0.2	8.03526	838.838	0
0.0302057	0.01	0.2	8.60994	816.459	0
0.0302057	0.01	0.2	9.22571	781.733	0
0.0302057	0.01	0.2	9.88553	745.358	0
0.0302057	0.01	0.2	10.5925	722.638	0
0.0302057	0.01	0.2	11.3501	700.886	0
0.0302057	0.01	0.2	12.1619	676.554	0
0.0302057	0.01	0.2	13.0317	655.313	0
0.0302057	0.01	0.2	13.9637	645.492	0
0.0302057	0.01	0.2	14.9624	638.108	0
0.0302057	0.01	0.2	16.0325	631.888	0
0.0302057	0.01	0.2	17.1791	636.853	0
0.0302057	0.01	0.2	18.4077	648.365	0
0.0302057	0.01	0.2	19.7242	650.268	0
0.0302057	0.01	0.2	21.1349	650.652	0
0.0302057	0.01	0.2	22.6464	644.49	0
0.0302057	0.01	0.2	24.2661	637.1	0
0.0302057	0.01	0.2	26.0016	633.803	0
0.0302057	0.01	0.2	27.8612	633.837	0
0.0302057	0.01	0.2	29.8538	632.134	0
0.0302057	0.01	0.2	31.989	636.519	0
0.0302057	0.01	0.2	34.2768	645.689	0
0.0302057	0.01	0.2	36.7282	661.054	0
0.0302057	0.01	0.2	39.355	671.648	0
0.0302057	0.01	0.2	42.1697	666.496	0
0.0302057	0.01	0.2	45.1856	657.273	0
0.0302057	0.01	0.2	48.4172	654.597	0
0.0302057	0.01	0.2	51.88	653.448	0
0.0302057	0.01	0.2	55.5904	650.518	0
0.0302057	0.01	0.2	59.5662	637.737	0
0.0302057	0.01	0.2	63.8263	632.667	0
0.0302057	0.01	0.2	68.3912	634.557	0
0.0302057	0.01	0.2	73.2825	635.849	0
0.0302057	0.01	0.2	78.5236	632.139	0
0.0302057	0.01	0.2	84.1395	631.559	0
0.0302057	0.01	0.2	90.1571	634.384	0
0.0302057	0.01	0.2	96.6051	635.025	0
0.0330019	0.01	0.2	0.103514	0.00245374	0
0.0330019	0.01	0.2	0.110917	4.41246e-05	0
0.0330019	0.01	0.2	0.11885	0.00472738	0
0.0330019	0.01	0.2	0.12735	0.0198327	0
0.0330019	0.01	0.2	0.136458	0.0498612	0
0.0330019	0.01	0.2	0.146218	0.100853	0
0.0330019	0.01	0.2	0.156675	0.180857	0
0.0330019	0.01	0.2	0.16788	0.300538	0
0.0330019	0.01	0.2	0.179887	0.473933	0
0.0330019	0.01	0.2	0.192752	0.719424	0
0.0330019	0.01	0.2	0.206538	1.06093	0
0.0330019	0.01	0.2	0.221309	1.5294	0
0.0330019	0.01	0.2	0.237137	2.16461	0
0.0330019	0.01	0.2	0.254097	3.01736	0
0.0330019	0.01	0.2	0.27227	4.15202	0
0.0330019	0.01	0.2	0.291743	5.6495	0
0.0330019	0.01	0.2	0.312608	7.61052	0
0.0330019	0.01	0.2	0.334965	10.1592	0
0.0330019	0.01	0.2	0.358922	13.4466	0
0.0330019	0.01	0.2	0.384592	17.654	0
0.0330019	0.01	0.2	0.412098	22.9955	0
0.0330019	0.01	0.2	0.44157	29.7192	0
0.0330019	0.01	0.2	0.473151	38.1059	0
0.0330019	0.01	0.2	0.506991	48.4649	0
0.0330019	0.01	0.2	0.54325	61.1257	0
0.0330019	0.01	0.2	0.582103	76.4245	0
0.0330019	0.01	0.2	0.623735	94.6857	0
0.0330019	0.01	0.2	0.668344	116.199	0
0.0330019	0.01	0.2	0.716143	141.19	0
0.0330019	0.01	0.2	0.767361	169.799	0
0.0330019	0.01	0.2	0.822243	202.046	0
0.0330019	0.01	0.2	0.881049	237.821	0
0.0330019	0.01	0.2	0.944061	276.861	0
0.0330019	0.01	0.2	1.01158	318.746	0
0.0330019	0.01	0.2	1.08393	362.886	0
0.0330019	0.01	0.2	1.16145	408.503	0
0.0330019	0.01	0.2	1.24451	454.601	0
0.0330019	0.01	0.2	1.33352	499.955	0
0.0330019	0.01	0.2	1.42889	543.145	0
0.0330019	0.01	0.2	1.53109	582.696	0
0.0330019	0.01	0.2	1.64059	617.357	0
0.0330019	0.01	0.2	1.75792	646.452	0
0.0330019	0.01	0.2	1.88365	670.152	0
0.0330019	0.01	0.2	2.01837	689.44	0
0.0330019	0.01	0.2	2.16272	705.771	0
0.0330019	0.01	0.2	2.31739	720.697	0
0.0330019	0.01	0.2	2.48313	735.907	0
0.0330019	0.01	0.2	2.66073	753.541	0
0.0330019	0.01	0.2	2.85102	775.842	0
0.0330019	0.01	0.2	3.05492	803.438	0
0.0330019	0.01	0.2	3.27341	833.77	0
0.0330019	0.01	0.2	3.50752	862.302	0
0.0330019	0.01	0.2	3.75837	885.422	0
0.0330019	0.01	0.2	4.02717	901.076	0
0.0330019	0.01	0.2	4.31519	909.494	0
0.0330019	0.01	0.2	4.62381	915.607	0
0.0330019	0.01	0.2	4.9545	923.982	0
0.0330019	0.01	0.2	5.30884	933.238	0
0.0330019	0.01	0.2	5.68853	940.924	0
0.0330019	0.01	0.2	6.09537	948.372	0
0.0330019	0.01	0.2	6.53131	964.286	0
0.0330019	0.01	0.2	6.99842	989.524	0
0.0330019	0.01	0.2	7.49894	1007.84	0
0.0330019	0.01	0.2	8.03526	1001.65	0
0.0330019	0.01	0.2	8.60994	974.46	0
0.0330019	0.01	0.2	9.22571	933.119	0
0.0330019	0.01	0.2	9.88553	890.11	0
0.0330019	0.01	0.2	10.5925	863.253	0
0.0330019	0.01	0.2	11.3501	837.124	0
0.0330019	0.01	0.2	12.1619	807.463	0
0.0330019	0.01	0.2	13.0317	781.355	0
0.0330019	0.01	0.2	13.9637	769.487	0
0.0330019	0.01	0.2	14.9624	761.593	0
0.0330019	0.01	0.2	16.0325	755.353	0
0.0330019	0.01	0.2	17.1791	761.7	0
0.0330019	0.01	0.2	18.4077	775.198	0
0.0330019	0.01	0.2	19.7242	777.566	0
0.0330019	0.01	0.2	21.1349	778.475	0
0.0330019	0.01	0.2	22.6464	771.239	0
0.0330019	0.01	0.2	24.2661	762.348	0
0.0330019	0.01	0.2	26.0016	758.105	0
0.0330019	0.01	0.2	27.8612	758.063	0
0.0330019	0.01	0.2	29.8538	756.473	0
0.0330019	0.01	0.2	31.989	761.623	0
0.0330019	0.01	0.2	34.2768	772.477	0
0.0330019	0.01	0.2	36.7282	790.496	0
0.0330019	0.01	0.2	39.355	802.563	0
0.0330019	0.01	0.2	42.1697	797.294	0
0.0330019	0.01	0.2	45.1856	786.57	0
0.0330019	0.01	0.2	48.4172	783.13	0
0.0330019	0.01	0.2	51.88	781.85	0
0.0330019	0.01	0.2	55.5904	777.919	0
0.0330019	0.01	0.2	59.5662	763.188	0
0.0330019	0.01	0.2	63.8263	757.384	0
0.0330019	0.01	0.2	68.3912	759.523	0
0.0330019	0.01	0.2	73.2825	761.052	0
0.0330019	0.01	0.2	78.5236	756.655	0
0.0330019	0.01	0.2	84.1395	756.091	0
0.0330019	0.01	0.2	90.1571	759.391	0
0.0330019	0.01	0.2	96.6051	760.221	0
0.0360571	0.01	0.2	0.103514	0.000219465	0
0.0360571	0.01	0.2	0.110917	0.00206791	0
0.0360571	0.01	0.2	0.11885	0.0130652	0
0.0360571	0.01	0.2	0.12735	0.0372808	0
0.0360571	0.01	0.2	0.136458	0.0801957	0
0.0360571	0.01	0.2	0.146218	0.149141	0
0.0360571	0.01	0.2	0.156675	0.253864	0
0.0360571	0.01	0.2	0.16788	0.407244	0
0.0360571	0.01	0.2	0.179887	0.626212	0
0.0360571	0.01	0.2	0.192752	0.932897	0
0.0360571	0.01	0.2	0.206538	1.35606	0
0.0360571	0.01	0.2	0.221309	1.93288	0
0.0360571	0.01	0.2	0.237137	2.7111	0
0.0360571	0.01	0.2	0.254097	3.75161	0
0.0360571	0.01	0.2	0.27227	5.13155	0
0.0360571	0.01	0.2	0.291743	6.9478	0
0.0360571	0.01	0.2	0.312608	9.32092	0
0.0360571	0.01	0.2	0.334965	12.3994	0
0.0360571	0.01	0.2	0.358922	16.3639	0
0.0360571	0.01	0.2	0.384592	21.4311	0
0.0360571	0.01	0.2	0.412098	27.8569	0
0.0360571	0.01	0.2	0.44157	35.9377	0
0.0360571	0.01	0.2	0.473151	46.0088	0
0.0360571	0.01	0.2	0.506991	58.4397	0
0.0360571	0.01	0.2	0.54325	73.6237	0
0.0360571	0.01	0.2	0.582103	91.9622	0
0.0360571	0.01	0.2	0.623735	113.842	0
0.0360571	0.01	0.2	0.668344	139.61	0
0.0360571	0.01	0.2	0.716143	169.535	0
0.0360571	0.01	0.2	0.767361	203.782	0
0.0360571	0.01	0.2	0.822243	242.379	0
0.0360571	0.01	0.2	0.881049	285.192	0
0.0360571	0.01	0.2	0.944061	331.909	0
0.0360571	0.01	0.2	1.01158	382.029	0
0.0360571	0.01	0.2	1.08393	434.848	0
0.0360571	0.01	0.2	1.16145	489.437	0
0.0360571	0.01	0.2	1.24451	544.605	0
0.0360571	0.01	0.2	1.33352	598.886	0
0.0360571	0.01	0.2	1.42889	650.576	0
0.0360571	0.01	0.2	1.53109	697.898	0
0.0360571	0.01	0.2	1.64059	739.338	0
0.0360571	0.01	0.2	1.75792	774.067	0
0.0360571	0.01	0.2	1.88365	802.257	0
0.0360571	0.01	0.2	2.01837	825.061	0
0.0360571	0.01	0.2	2.16272	844.203	0
0.0360571	0.01	0.2	2.31739	861.556	0
0.0360571	0.01	0.2	2.48313	879.197	0
0.0360571	0.01	0.2	2.66073	899.793	0
0.0360571	0.01	0.2	2.85102	926.163	0
0.0360571	0.01	0.2	3.05492	959.171	0
0.0360571	0.01	0.2	3.27341	995.768	0
0.0360571	0.01	0.2	3.50752	1030.38	0
0.0360571	0.01	0.2	3.75837	1058.45	0
0.0360571	0.01	0.2	4.02717	1077.32	0
0.0360571	0.01	0.2	4.31519	1087.29	0
0.0360571	0.01	0.2	4.62381	1094.51	0
0.0360571	0.01	0.2	4.9545	1104.65	0
0.0360571	0.01	0.2	5.30884	1116.1	0
0.0360571	0.01	0.2	5.68853	1125.73	0
0.0360571	0.01	0.2	6.09537	1134.92	0
0.0360571	0.01	0.2	6.53131	1153.97	0
0.0360571	0.01	0.2	6.99842	1183.69	0
0.0360571	0.01	0.2	7.49894	1204.59	0
0.0360571	0.01	0.2	8.03526	1196.2	0
0.0360571	0.01	0.2	8.60994	1163.25	0
0.0360571	0.01	0.2	9.22571	1114.01	0
0.0360571	0.01	0.2	9.88553	1063.11	0
0.0360571	0.01	0.2	10.5925	1031.32	0
0.0360571	0.01	0.2	11.3501	999.948	0
0.0360571	0.01	0.2	12.1619	963.887	0
0.0360571	0.01	0.2	13.0317	931.951	0
0.0360571	0.01	0.2	13.9637	917.65	0
0.0360571	0.01	0.2	14.9624	909.177	0
0.0360571	0.01	0.2	16.0325	902.939	0
0.0360571	0.01	0.2	17.1791	910.941	0
0.0360571	0.01	0.2	18.4077	926.805	0
0.0360571	0.01	0.2	19.7242	929.734	0
0.0360571	0.01	0.2	21.1349	931.288	0
0.0360571	0.01	0.2	22.6464	922.781	0
0.0360571	0.01	0.2	24.2661	912.083	0
0.0360571	0.01	0.2	26.0016	906.681	0
0.0360571	0.01	0.2	27.8612	906.54	0
0.0360571	0.01	0.2	29.8538	905.112	0
0.0360571	0.01	0.2	31.989	911.199	0
0.0360571	0.01	0.2	34.2768	924.034	0
0.0360571	0.01	0.2	36.7282	945.161	0
0.0360571	0.01	0.2	39.355	958.968	0
0.0360571	0.01	0.2	42.1697	953.594	0
0.0360571	0.01	0.2	45.1856	941.124	0
0.0360571	0.01	0.2	48.4172	936.767	0
0.0360571	0.01	0.2	51.88	935.291	0
0.0360571	0.01	0.2	55.5904	930.158	0
0.0360571	0.01	0.2	59.5662	913.136	0
0.0360571	0.01	0.2	63.8263	906.484	0
0.0360571	0.01	0.2	68.3912	908.905	0
0.0360571	0.01	0.2	73.2825	910.704	0
0.0360571	0.01	0.2	78.5236	905.491	0
0.0360571	0.01	0.2	84.1395	904.958	0
0.0360571	0.01	0.2	90.1571	908.818	0
0.0360571	0.01	0.2	96.6051	909.873	0
0.039395	0.01	0.2	0.103514	0.000539992	0
0.039395	0.01	0.2	0.110917	0.00791056	0
0.039395	0.01	0.2	0.11885	0.0269482	0
0.039395	0.01	0.2	0.12735	0.0626154	0
0.039395	0.01	0.2	0.136458	0.121573	0
0.039395	0.01	0.2	0.146218	0.212706	0
0.039395	0.01	0.2	0.156675	0.347797	0
0.039395	0.01	0.2	0.16788	0.542393	0
0.039395	0.01	0.2	0.179887	0.816889	0
0.039395	0.01	0.2	0.192752	1.19791	0
0.039395	0.01	0.2	0.206538	1.72003	0
0.039395	0.01	0.2	0.221309	2.42786	0
0.039395	0.01	0.2	0.237137	3.37868	0
0.039395	0.01	0.2	0.254097	4.6455	0
0.039395	0.01	0.2	0.27227	6.32069	0
0.039395	0.01	0.2	0.291743	8.52025	0
0.039395	0.01	0.2	0.312608	11.3885	0
0.039395	0.01	0.2	0.334965	15.1029	0
0.039395	0.01	0.2	0.358922	19.8796	0
0.039395	0.01	0.2	0.384592	25.9777	0
0.039395	0.01	0.2	0.412098	33.7029	0
0.039395	0.01	0.2	0.44157	43.4092	0
0.039395	0.01	0.2	0.473151	55.4973	0
0.039395	0.01	0.2	0.506991	70.4084	0
0.039395	0.01	0.2	0.54325	88.612	0
0.039395	0.01	0.2	0.582103	110.587	0
0.039395	0.01	0.2	0.623735	136.797	0
0.039395	0.01	0.2	0.668344	167.652	0
0.039395	0.01	0.2	0.716143	203.476	0
0.039395	0.01	0.2	0.767361	244.466	0
0.039395	0.01	0.2	0.822243	290.653	0
0.039395	0.01	0.2	0.881049	341.879	0
0.039395	0.01	0.2	0.944061	397.772	0
0.039395	0.01	0.2	1.01158	457.734	0
0.039395	0.01	0.2	1.08393	520.926	0
0.039395	0.01	0.2	1.16145	586.235	0
0.039395	0.01	0.2	1.24451	652.242	0
0.039395	0.01	0.2	1.33352	717.188	0
0.039395	0.01	0.2	1.42889	779.03	0
0.039395	0.01	0.2	1.53109	835.635	0
0.039395	0.01	0.2	1.64059	885.173	0
0.039395	0.01	0.2	1.75792	926.627	0
0.039395	0.01	0.2	1.88365	960.177	0
0.039395	0.01	0.2	2.01837	987.173	0
0.039395	0.01	0.2	2.16272	1009.67	0
0.039395	0.01	0.2	2.31739	1029.91	0
0.039395	0.01	0.2	2.48313	1050.44	0
0.039395	0.01	0.2	2.66073	1074.56	0
0.039395	0.01	0.2	2.85102	1105.77	0
0.039395	0.01	0.2	3.05492	1145.24	0
0.039395	0.01	0.2	3.27341	1189.31	0
0.039395	0.01	0.2	3.50752	1231.2	0
0.039395	0.01	0.2	3.75837	1265.19	0
0.039395	0.01	0.2	4.02717	1287.94	0
0.039395	0.01	0.2	4.31519	1299.83	0
0.039395	0.01	0.2	4.62381	1308.41	0
0.039395	0.01	0.2	4.9545	1320.71	0
0.039395	0.01	0.2	5.30884	1334.8	0
0.039395	0.01	0.2	5.68853	1346.73	0
0.039395	0.01	0.2	6.09537	1357.97	0
0.039395	0.01	0.2	6.53131	1380.72	0
0.039395	0.01	0.2	6.99842	1415.77	0
0.039395	0.01	0.2	7.49894	1439.73	0
0.039395	0.01	0.2	8.03526	1428.66	0
0.039395	0.01	0.2	8.60994	1388.8	0
0.039395	0.01	0.2	9.22571	1330.14	0
0.039395	0.01	0.2	9.88553	1269.84	0
0.039395	0.01	0.2	10.5925	1232.19	0
0.039395	0.01	0.2	11.3501	1194.53	0
0.039395	0.01	0.2	12.1619	1150.78	0
0.039395	0.01	0.2	13.0317	1111.87	0
0.039395	0.01	0.2	13.9637	1094.67	0
0.039395	0.01	0.2	14.9624	1085.54	0
0.039395	0.01	0.2	16.0325	1079.33	0
0.039395	0.01	0.2	17.1791	1089.32	0
0.039395	0.01	0.2	18.4077	1108	0
0.039395	0.01	0.2	19.7242	1111.6	0
0.039395	0.01	0.2	21.1349	1113.95	0
0.039395	0.01	0.2	22.6464	1103.94	0
0.039395	0.01	0.2	24.2661	1091.07	0
0.039395	0.01	0.2	26.0016	1084.25	0
0.039395	0.01	0.2	27.8612	1083.98	0
0.039395	0.01	0.2	29.8538	1082.78	0
0.039395	0.01	0.2	31.989	1090.01	0
0.039395	0.01	0.2	34.2768	1105.17	0
0.039395	0.01	0.2	36.7282	1129.94	0
0.039395	0.01	0.2	39.355	1145.8	0
0.039395	0.01	0.2	42.1697	1140.34	0
0.039395	0.01	0.2	45.1856	1125.84	0
0.039395	0.01	0.2	48.4172	1120.38	0
0.039395	0.01	0.2	51.88	1118.63	0
0.039395	0.01	0.2	55.5904	1112.06	0
0.039395	0.01	0.2	59.5662	1092.34	0
0.039395	0.01	0.2	63.8263	1084.71	0
0.039395	0.01	0.2	68.3912	1087.45	0
0.039395	0.01	0.2	73.2825	1089.55	0
0.039395	0.01	0.2	78.5236	1083.37	0
0.039395	0.01	0.2	84.1395	1082.89	0
0.039395	0.01	0.2	90.1571	1087.41	0
0.039395	0.01	0.2	96.6051	1088.74	0
0.043042	0.01	0.2	0.103514	0.00418844	0
0.043042	0.01	0.2	0.110917	0.0186313	0
0.043042	0.01	0.2	0.11885	0.0478173	0
0.043042	0.01	0.2	0.12735	0.0977849	0
0.043042	0.01	0.2	0.136458	0.176615	0
0.043042	0.01	0.2	0.146218	0.295059	0
0.043042	0.01	0.2	0.156675	0.467349	0
0.043042	0.01	0.2	0.16788	0.712226	0
0.043042	0.01	0.2	0.179887	1.05424	0
0.043042	0.01	0.2	0.192752	1.52542	0
0.043042	0.01	0.2	0.206538	2.16726	0
0.043042	0.01	0.2	0.221309	3.03333	0
0.043042	0.01	0.2	0.237137	4.19229	0
0.043042	0.01	0.2	0.254097	5.73162	0
0.043042	0.01	0.2	0.27227	7.76196	0
0.043042	0.01	0.2	0.291743	10.4222	0
0.043042	0.01	0.2	0.312608	13.8848	0
0.043042	0.01	0.2	0.334965	18.3624	0
0.043042	0.01	0.2	0.358922	24.1131	0
0.043042	0.01	0.2	0.384592	31.4467	0
0.043042	0.01	0.2	0.412098	40.7285	0
0.043042	0.01	0.2	0.44157	52.3815	0
0.043042	0.01	0.2	0.473151	66.8842	0
0.043042	0.01	0.2	0.506991	84.7635	0
0.043042	0.01	0.2	0.54325	106.58	0
0.043042	0.01	0.2	0.582103	132.906	0
0.043042	0.01	0.2	0.623735	164.293	0
0.043042	0.01	0.2	0.668344	201.232	0
0.043042	0.01	0.2	0.716143	244.11	0
0.043042	0.01	0.2	0.767361	293.16	0
0.043042	0.01	0.2	0.822243	348.421	0
0.043042	0.01	0.2	0.881049	409.703	0
0.043042	0.01	0.2	0.944061	476.562	0
0.043042	0.01	0.2	1.01158	548.285	0
0.043042	0.01	0.2	1.08393	623.87	0
0.043042	0.01	0.2	1.16145	701.989	0
0.043042	0.01	0.2	1.24451	780.944	0
0.043042	0.01	0.2	1.33352	858.631	0
0.043042	0.01	0.2	1.42889	932.6	0
0.043042	0.01	0.2	1.53109	1000.29	0
0.043042	0.01	0.2	1.64059	1059.5	0
0.043042	0.01	0.2	1.75792	1108.98	0
0.043042	0.01	0.2	1.88365	1148.92	0
0.043042	0.01	0.2	2.01837	1180.91	0
0.043042	0.01	0.2	2.16272	1207.4	0
0.043042	0.01	0.2	2.31739	1231.08	0
0.043042	0.01	0.2	2.48313	1255.05	0
0.043042	0.01	0.2	2.66073	1283.36	0
0.043042	0.01	0.2	2.85102	1320.35	0
0.043042	0.01	0.2	3.05492	1367.51	0
0.043042	0.01	0.2	3.27341	1420.51	0
0.043042	0.01	0.2	3.50752	1471.1	0
0.043042	0.01	0.2	3.75837	1512.21	0
0.043042	0.01	0.2	4.02717	1539.63	0
0.043042	0.01	0.2	4.31519	1553.86	0
0.043042	0.01	0.2	4.62381	1564.14	0
0.043042	0.01	0.2	4.9545	1579.06	0
0.043042	0.01	0.2	5.30884	1596.3	0
0.043042	0.01	0.2	5.68853	1610.96	0
0.043042	0.01	0.2	6.09537	1624.62	0
0.043042	0.01	0.2	6.53131	1651.77	0
0.043042	0.01	0.2	6.99842	1693.13	0
0.043042	0.01	0.2	7.49894	1720.7	0
0.043042	0.01	0.2	8.03526	1706.39	0
0.043042	0.01	0.2	8.60994	1658.25	0
0.043042	0.01	0.2	9.22571	1588.36	0
0.043042	0.01	0.2	9.88553	1516.87	0
0.043042	0.01	0.2	10.5925	1472.23	0
0.043042	0.01	0.2	11.3501	1427.03	0
0.043042	0.01	0.2	12.1619	1374.07	0
0.043042	0.01	0.2	13.0317	1326.8	0
0.043042	0.01	0.2	13.9637	1306.16	0
0.043042	0.01	0.2	14.9624	1296.27	0
0.043042	0.01	0.2	16.0325	1290.13	0
0.043042	0.01	0.2	17.1791	1302.48	0
0.043042	0.01	0.2	18.4077	1324.51	0
0.043042	0.01	0.2	19.7242	1328.93	0
0.043042	0.01	0.2	21.1349	1332.25	0
0.043042	0.01	0.2	22.6464	1320.46	0
0.043042	0.01	0.2	24.2661	1304.99	0
0.043042	0.01	0.2	26.0016	1296.46	0
0.043042	0.01	0.2	27.8612	1296.03	0
0.043042	0.01	0.2	29.8538	1295.13	0
0.043042	0.01	0.2	31.989	1303.74	0
0.043042	0.01	0.2	34.2768	1321.64	0
0.043042	0.01	0.2	36.7282	1350.68	0
0.043042	0.01	0.2	39.355	1368.96	0
0.043042	0.01	0.2	42.1697	1363.43	0
0.043042	0.01	0.2	45.1856	1346.56	0
0.043042	0.01	0.2	48.4172	1339.79	0
0.043042	0.01	0.2	51.88	1337.66	0
0.043042	0.01	0.2	55.5904	1329.36	0
0.043042	0.01	0.2	59.5662	1306.48	0
0.043042	0.01	0.2	63.8263	1297.72	0
0.043042	0.01	0.2	68.3912	1300.82	0
0.043042	0.01	0.2	73.2825	1303.28	0
0.043042	0.01	0.2	78.5236	1295.95	0
0.043042	0.01	0.2	84.1395	1295.54	0
0.043042	0.01	0.2	90.1571	1300.85	0
0.043042	0.01	0.2	96.6051	1302.49	0
0.0470266	0.01	0.2	0.103514	0.012114	0
0.0470266	0.01	0.2	0.110917	0.0355245	0
0.0470266	0.01	0.2	0.11885	0.0774272	0
0.0470266	0.01	0.2	0.12735	0.145155	0
0.0470266	0.01	0.2	0.136458	0.248498	0
0.0470266	0.01	0.2	0.146218	0.40045	0
0.0470266	0.01	0.2	0.156675	0.61818	0
0.0470266	0.01	0.2	0.16788	0.924263	0
0.0470266	0.01	0.2	0.179887	1.34824	0
0.0470266	0.01	0.2	0.192752	1.92857	0
0.0470266	0.01	0.2	0.206538	2.71511	0
0.0470266	0.01	0.2	0.221309	3.77208	0
0.0470266	0.01	0.2	0.237137	5.18179	0
0.0470266	0.01	0.2	0.254097	7.04904	0
0.0470266	0.01	0.2	0.27227	9.50631	0
0.0470266	0.01	0.2	0.291743	12.7198	0
0.0470266	0.01	0.2	0.312608	16.8959	0
0.0470266	0.01	0.2	0.334965	22.2887	0
0.0470266	0.01	0.2	0.358922	29.207	0
0.0470266	0.01	0.2	0.384592	38.021	0
0.0470266	0.01	0.2	0.412098	49.1671	0
0.0470266	0.01	0.2	0.44157	63.1508	0
0.0470266	0.01	0.2	0.473151	80.5435	0
0.0470266	0.01	0.2	0.506991	101.974	0
0.0470266	0.01	0.2	0.54325	128.113	0
0.0470266	0.01	0.2	0.582103	159.643	0
0.0470266	0.01	0.2	0.623735	197.221	0
0.0470266	0.01	0.2	0.668344	241.435	0
0.0470266	0.01	0.2	0.716143	292.745	0
0.0470266	0.01	0.2	0.767361	351.431	0
0.0470266	0.01	0.2	0.822243	417.537	0
0.0470266	0.01	0.2	0.881049	490.836	0
0.0470266	0.01	0.2	0.944061	570.8	0
0.0470266	0.01	0.2	1.01158	656.577	0
0.0470266	0.01	0.2	1.08393	746.97	0
0.0470266	0.01	0.2	1.16145	840.392	0
0.0470266	0.01	0.2	1.24451	934.813	0
0.0470266	0.01	0.2	1.33352	1027.72	0
0.0470266	0.01	0.2	1.42889	1116.17	0
0.0470266	0.01	0.2	1.53109	1197.09	0
0.0470266	0.01	0.2	1.64059	1267.84	0
0.0470266	0.01	0.2	1.75792	1326.89	0
0.0470266	0.01	0.2	1.88365	1374.46	0
0.0470266	0.01	0.2	2.01837	1412.41	0
0.0470266	0.01	0.2	2.16272	1443.64	0
0.0470266	0.01	0.2	2.31739	1471.41	0
0.0470266	0.01	0.2	2.48313	1499.48	0
0.0470266	0.01	0.2	2.66073	1532.79	0
0.0470266	0.01	0.2	2.85102	1576.66	0
0.0470266	0.01	0.2	3.05492	1633.01	0
0.0470266	0.01	0.2	3.27341	1696.68	0
0.0470266	0.01	0.2	3.50752	1757.68	0
0.0470266	0.01	0.2	3.75837	1807.31	0
0.0470266	0.01	0.2	4.02717	1840.38	0
0.0470266	0.01	0.2	4.31519	1857.48	0
0.0470266	0.01	0.2	4.62381	1869.84	0
0.0470266	0.01	0.2	4.9545	1887.92	0
0.0470266	0.01	0.2	5.30884	1908.95	0
0.0470266	0.01	0.2	5.68853	1926.85	0
0.0470266	0.01	0.2	6.09537	1943.35	0
0.0470266	0.01	0.2	6.53131	1975.71	0
0.0470266	0.01	0.2	6.99842	2024.58	0
0.0470266	0.01	0.2	7.49894	2056.42	0
0.0470266	0.01	0.2	8.03526	2038.19	0
0.0470266	0.01	0.2	8.60994	1980.14	0
0.0470266	0.01	0.2	9.22571	1896.83	0
0.0470266	0.01	0.2	9.88553	1812.01	0
0.0470266	0.01	0.2	10.5925	1759.05	0
0.0470266	0.01	0.2	11.3501	1704.82	0
0.0470266	0.01	0.2	12.1619	1640.81	0
0.0470266	0.01	0.2	13.0317	1583.53	0
0.0470266	0.01	0.2	13.9637	1558.79	0
0.0470266	0.01	0.2	14.9624	1548.04	0
0.0470266	0.01	0.2	16.0325	1542	0
0.0470266	0.01	0.2	17.1791	1557.18	0
0.0470266	0.01	0.2	18.4077	1583.21	0
0.0470266	0.01	0.2	19.7242	1588.6	0
0.0470266	0.01	0.2	21.1349	1593.11	0
0.0470266	0.01	0.2	22.6464	1579.22	0
0.0470266	0.01	0.2	24.2661	1560.63	0
0.0470266	0.01	0.2	26.0016	1550.02	0
0.0470266	0.01	0.2	27.8612	1549.4	0
0.0470266	0.01	0.2	29.8538	1548.89	0
0.0470266	0.01	0.2	31.989	1559.18	0
0.0470266	0.01	0.2	34.2768	1580.3	0
0.0470266	0.01	0.2	36.7282	1614.34	0
0.0470266	0.01	0.2	39.355	1635.49	0
0.0470266	0.01	0.2	42.1697	1629.91	0
0.0470266	0.01	0.2	45.1856	1610.28	0
0.0470266	0.01	0.2	48.4172	1601.94	0
0.0470266	0.01	0.2	51.88	1599.3	0
0.0470266	0.01	0.2	55.5904	1588.95	0
0.0470266	0.01	0.2	59.5662	1562.35	0
0.0470266	0.01	0.2	63.8263	1552.29	0
0.0470266	0.01	0.2	68.3912	1555.79	0
0.0470266	0.01	0.2	73.2825	1558.65	0
0.0470266	0.01	0.2	78.5236	1549.95	0
0.0470266	0.01	0.2	84.1395	1549.66	0
0.0470266	0.01	0.2	90.1571	1555.89	0
0.0470266	0.01	0.2	96.6051	1557.91	0
0.05138	0.01	0.2	0.103514	0.0254784	0
0.05138	0.01	0.2	0.110917	0.060169	0
0.05138	0.01	0.2	0.11885	0.117911	0
0.05138	0.01	0.2	0.12735	0.207596	0
0.05138	0.01	0.2	0.136458	0.341065	0
0.05138	0.01	0.2	0.146218	0.534007	0
0.05138	0.01	0.2	0.156675	0.807115	0
0.05138	0.01	0.2	0.16788	1.18756	0
0.05138	0.01	0.2	0.179887	1.71085	0
0.05138	0.01	0.2	0.192752	2.42319	0
0.05138	0.01	0.2	0.206538	3.38439	0
0.05138	0.01	0.2	0.221309	4.67146	0
0.05138	0.01	0.2	0.237137	6.38303	0
0.05138	0.01	0.2	0.254097	8.64461	0
0.05138	0.01	0.2	0.27227	11.6148	0
0.05138	0.01	0.2	0.291743	15.4924	0
0.05138	0.01	0.2	0.312608	20.5244	0
0.05138	0.01	0.2	0.334965	27.0146	0
0.05138	0.01	0.2	0.358922	35.3321	0
0.05138	0.01	0.2	0.384592	45.9192	0
0.05138	0.01	0.2	0.412098	59.2977	0
0.05138	0.01	0.2	0.44157	76.0712	0
0.05138	0.01	0.2	0.473151	96.9223	0
0.05138	0.01	0.2	0.506991	122.602	0
0.05138	0.01	0.2	0.54325	153.911	0
0.05138	0.01	0.2	0.582103	191.663	0
0.05138	0.01	0.2	0.623735	236.645	0
0.05138	0.01	0.2	0.668344	289.557	0
0.05138	0.01	0.2	0.716143	350.947	0
0.05138	0.01	0.2	0.767361	421.149	0
0.05138	0.01	0.2	0.822243	500.217	0
0.05138	0.01	0.2	0.881049	587.878	0
0.05138	0.01	0.2	0.944061	683.501	0
0.05138	0.01	0.2	1.01158	786.069	0
0.05138	0.01	0.2	1.08393	894.151	0
0.05138	0.01	0.2	1.16145	1005.85	0
0.05138	0.01	0.2	1.24451	1118.75	0
0.05138	0.01	0.2	1.33352	1229.82	0
0.05138	0.01	0.2	1.42889	1335.56	0
0.05138	0.01	0.2	1.53109	1432.28	0
0.05138	0.01	0.2	1.64059	1516.79	0
0.05138	0.01	0.2	1.75792	1587.27	0
0.05138	0.01	0.2	1.88365	1643.93	0
0.05138	0.01	0.2	2.01837	1688.97	0
0.05138	0.01	0.2	2.16272	1725.86	0
0.05138	0.01	0.2	2.31739	1758.49	0
0.05138	0.01	0.2	2.48313	1791.43	0
0.05138	0.01	0.2	2.66073	1830.69	0
0.05138	0.01	0.2	2.85102	1882.78	0
0.05138	0.01	0.2	3.05492	1950.09	0
0.05138	0.01	0.2	3.27341	2026.52	0
0.05138	0.01	0.2	3.50752	2099.97	0
0.05138	0.01	0.2	3.75837	2159.84	0
0.05138	0.01	0.2	4.02717	2199.72	0
0.05138	0.01	0.2	4.31519	2220.32	0
0.05138	0.01	0.2	4.62381	2235.25	0
0.05138	0.01	0.2	4.9545	2257.15	0
0.05138	0.01	0.2	5.30884	2282.7	0
0.05138	0.01	0.2	5.68853	2304.46	0
0.05138	0.01	0.2	6.09537	2324.3	0
0.05138	0.01	0.2	6.53131	2362.82	0
0.05138	0.01	0.2	6.99842	2420.62	0
0.05138	0.01	0.2	7.49894	2457.5	0
0.05138	0.01	0.2	8.03526	2434.55	0
0.05138	0.01	0.2	8.60994	2364.62	0
0.05138	0.01	0.2	9.22571	2265.32	0
0.05138	0.01	0.2	9.88553	2164.63	0
0.05138	0.01	0.2	10.5925	2101.74	0
0.05138	0.01	0.2	11.3501	2036.71	0
0.05138	0.01	0.2	12.1619	1959.43	0
0.05138	0.01	0.2	13.0317	1890.18	0
0.05138	0.01	0.2	13.9637	1860.55	0
0.05138	0.01	0.2	14.9624	1848.81	0
0.05138	0.01	0.2	16.0325	1842.92	0
0.05138	0.01	0.2	17.1791	1861.49	0
0.05138	0.01	0.2	18.4077	1892.26	0
0.05138	0.01	0.2	19.7242	1898.81	0
0.05138	0.01	0.2	21.1349	1904.79	0
0.05138	0.01	0.2	22.6464	1888.42	0
0.05138	0.01	0.2	24.2661	1866.11	0
0.05138	0.01	0.2	26.0016	1852.99	0
0.05138	0.01	0.2	27.8612	1852.13	0
0.05138	0.01	0.2	29.8538	1852.12	0
0.05138	0.01	0.2	31.989	1864.43	0
0.05138	0.01	0.2	34.2768	1889.33	0
0.05138	0.01	0.2	36.7282	1929.25	0
0.05138	0.01	0.2	39.355	1953.76	0
0.05138	0.01	0.2	42.1697	1948.18	0
0.05138	0.01	0.2	45.1856	1925.32	0
0.05138	0.01	0.2	48.4172	1915.1	0
0.05138	0.01	0.2	51.88	1911.8	0
0.05138	0.01	0.2	55.5904	1898.99	0
0.05138	0.01	0.2	59.5662	1868.04	0
0.05138	0.01	0.2	63.8263	1856.47	0
0.05138	0.01	0.2	68.3912	1860.44	0
0.05138	0.01	0.2	73.2825	1863.74	0
0.05138	0.01	0.2	78.5236	1853.43	0
0.05138	0.01	0.2	84.1395	1853.29	0
0.05138	0.01	0.2	90.1571	1860.62	0
0.05138	0.01	0.2	96.6051	1863.08	0
0.0561365	0.01	0.2	0.103514	0.0457003	0
0.0561365	0.01	0.2	0.110917	0.0944855	0
0.0561365	0.01	0.2	0.11885	0.171857	0
0.0561365	0.01	0.2	0.12735	0.288579	0
0.0561365	0.01	0.2	0.136458	0.458959	0
0.0561365	0.01	0.2	0.146218	0.701918	0
0.0561365	0.01	0.2	0.156675	1.04238	0
0.0561365	0.01	0.2	0.16788	1.51301	0
0.0561365	0.01	0.2	0.179887	2.1565	0
0.0561365	0.01	0.2	0.192752	3.02828	0
0.0561365	0.01	0.2	0.206538	4.2001	0
0.0561365	0.01	0.2	0.221309	5.76428	0
0.0561365	0.01	0.2	0.237137	7.83897	0
0.0561365	0.01	0.2	0.254097	10.5744	0
0.0561365	0.01	0.2	0.27227	14.1605	0
0.0561365	0.01	0.2	0.291743	18.835	0
0.0561365	0.01	0.2	0.312608	24.8934	0
0.0561365	0.01	0.2	0.334965	32.6988	0
0.0561365	0.01	0.2	0.358922	42.6925	0
0.0561365	0.01	0.2	0.384592	55.4031	0
0.0561365	0.01	0.2	0.412098	71.454	0
0.0561365	0.01	0.2	0.44157	91.5663	0
0.0561365	0.01	0.2	0.473151	116.555	0
0.0561365	0.01	0.2	0.506991	147.318	0
0.0561365	0.01	0.2	0.54325	184.81	0
0.0561365	0.01	0.2	0.582103	230.004	0
0.0561365	0.01	0.2	0.623735	283.837	0
0.0561365	0.01	0.2	0.668344	347.146	0
0.0561365	0.01	0.2	0.716143	420.585	0
0.0561365	0.01	0.2	0.767361	504.551	0
0.0561365	0.01	0.2	0.822243	599.109	0
0.0561365	0.01	0.2	0.881049	703.931	0
0.0561365	0.01	0.2	0.944061	818.264	0
0.0561365	0.01	0.2	1.01158	940.891	0
0.0561365	0.01	0.2	1.08393	1070.11	0
0.0561365	0.01	0.2	1.16145	1203.64	0
0.0561365	0.01	0.2	1.24451	1338.59	0
0.0561365	0.01	0.2	1.33352	1471.36	0
0.0561365	0.01	0.2	1.42889	1597.74	0
0.0561365	0.01	0.2	1.53109	1713.31	0
0.0561365	0.01	0.2	1.64059	1814.25	0
0.0561365	0.01	0.2	1.75792	1898.35	0
0.0561365	0.01	0.2	1.88365	1965.82	0
0.0561365	0.01	0.2	2.01837	2019.31	0
0.0561365	0.01	0.2	2.16272	2062.92	0
0.0561365	0.01	0.2	2.31739	2101.35	0
0.0561365	0.01	0.2	2.48313	2140.08	0
0.0561365	0.01	0.2	2.66073	2186.44	0
0.0561365	0.01	0.2	2.85102	2248.32	0
0.0561365	0.01	0.2	3.05492	2328.74	0
0.0561365	0.01	0.2	3.27341	2420.42	0
0.0561365	0.01	0.2	3.50752	2508.79	0
0.0561365	0.01	0.2	3.75837	2580.95	0
0.0561365	0.01	0.2	4.02717	2629.04	0
0.0561365	0.01	0.2	4.31519	2653.91	0
0.0561365	0.01	0.2	4.62381	2671.98	0
0.0561365	0.01	0.2	4.9545	2698.51	0
0.0561365	0.01	0.2	5.30884	2729.46	0
0.0561365	0.01	0.2	5.68853	2755.78	0
0.0561365	0.01	0.2	6.09537	2779.57	0
0.0561365	0.01	0.2	6.53131	2825.4	0
0.0561365	0.01	0.2	6.99842	2893.79	0
0.0561365	0.01	0.2	7.49894	2936.64	0
0.0561365	0.01	0.2	8.03526	2907.98	0
0.0561365	0.01	0.2	8.60994	2823.86	0
0.0561365	0.01	0.2	9.22571	2705.47	0
0.0561365	0.01	0.2	9.88553	2585.87	0
0.0561365	0.01	0.2	10.5925	2511.16	0
0.0561365	0.01	0.2	11.3501	2433.18	0
0.0561365	0.01	0.2	12.1619	2340.01	0
0.0561365	0.01	0.2	13.0317	2256.42	0
0.0561365	0.01	0.2	13.9637	2220.97	0
0.0561365	0.01	0.2	14.9624	2208.09	0
0.0561365	0.01	0.2	16.0325	2202.41	0
0.0561365	0.01	0.2	17.1791	2225	0
0.0561365	0.01	0.2	18.4077	2261.42	0
0.0561365	0.01	0.2	19.7242	2269.37	0
0.0561365	0.01	0.2	21.1349	2277.12	0
0.0561365	0.01	0.2	22.6464	2257.84	0
0.0561365	0.01	0.2	24.2661	2231.08	0
0.0561365	0.01	0.2	26.0016	2214.96	0
0.0561365	0.01	0.2	27.8612	2213.81	0
0.0561365	0.01	0.2	29.8538	2214.45	0
0.0561365	0.01	0.2	31.989	2229.18	0
0.0561365	0.01	0.2	34.2768	2258.52	0
0.0561365	0.01	0.2	36.7282	2305.32	0
0.0561365	0.01	0.2	39.355	2333.78	0
0.0561365	0.01	0.2	42.1697	2328.24	0
0.0561365	0.01	0.2	45.1856	2301.61	0
0.0561365	0.01	0.2	48.4172	2289.15	0
0.0561365	0.01	0.2	51.88	2285.01	0
0.0561365	0.01	0.2	55.5904	2269.28	0
0.0561365	0.01	0.2	59.5662	2233.21	0
0.0561365	0.01	0.2	63.8263	2219.91	0
0.0561365	0.01	0.2	68.3912	2224.41	0
0.0561365	0.01	0.2	73.2825	2228.22	0
0.0561365	0.01	0.2	78.5236	2215.98	0
0.0561365	0.01	0.2	84.1395	2216.05	0
0.0561365	0.01	0.2	90.1571	2224.68	0
0.0561365	0.01	0.2	96.6051	2227.67	0
0.0613333	0.01	0.2	0.103514	0.074508	0
0.0613333	0.01	0.2	0.110917	0.140807	0
0.0613333	0.01	0.2	0.11885	0.242401	0
0.0613333	0.01	0.2	0.12735	0.392305	0
0.0613333	0.01	0.2	0.136458	0.607785	0
0.0613333	0.01	0.2	0.146218	0.911642	0
0.0613333	0.01	0.2	0.156675	1.33386	0
0.0613333	0.01	0.2	0.16788	1.91373	0
0.0613333	0.01	0.2	0.179887	2.70248	0
0.0613333	0.01	0.2	0.192752	3.76665	0
0.0613333	0.01	0.2	0.206538	5.19224	0
0.0613333	0.01	0.2	0.221309	7.0899	0
0.0613333	0.01	0.2	0.237137	9.60112	0
0.0613333	0.01	0.2	0.254097	12.9058	0
0.0613333	0.01	0.2	0.27227	17.231	0
0.0613333	0.01	0.2	0.291743	22.8614	0
0.0613333	0.01	0.2	0.312608	30.1501	0
0.0613333	0.01	0.2	0.334965	39.5315	0
0.0613333	0.01	0.2	0.358922	51.5328	0
0.0613333	0.01	0.2	0.384592	66.7858	0
0.0613333	0.01	0.2	0.412098	86.0353	0
0.0613333	0.01	0.2	0.44157	110.143	0
0.0613333	0.01	0.2	0.473151	140.082	0
0.0613333	0.01	0.2	0.506991	176.924	0
0.0613333	0.01	0.2	0.54325	221.81	0
0.0613333	0.01	0.2	0.582103	275.901	0
0.0613333	0.01	0.2	0.623735	340.317	0
0.0613333	0.01	0.2	0.668344	416.054	0
0.0613333	0.01	0.2	0.716143	503.894	0
0.0613333	0.01	0.2	0.767361	604.31	0
0.0613333	0.01	0.2	0.822243	717.377	0
0.0613333	0.01	0.2	0.881049	842.704	0
0.0613333	0.01	0.2	0.944061	979.39	0
0.0613333	0.01	0.2	1.01158	1125.98	0
0.0613333	0.01	0.2	1.08393	1280.43	0
0.0613333	0.01	0.2	1.16145	1440.04	0
0.0613333	0.01	0.2	1.24451	1601.34	0
0.0613333	0.01	0.2	1.33352	1760.01	0
0.0613333	0.01	0.2	1.42889	1911.01	0
0.0613333	0.01	0.2	1.53109	2049.08	0
0.0613333	0.01	0.2	1.64059	2169.6	0
0.0613333	0.01	0.2	1.75792	2269.92	0
0.0613333	0.01	0.2	1.88365	2350.29	0
0.0613333	0.01	0.2	2.01837	2413.82	0
0.0613333	0.01	0.2	2.16272	2465.43	0
0.0613333	0.01	0.2	2.31739	2510.73	0
0.0613333	0.01	0.2	2.48313	2556.37	0
0.0613333	0.01	0.2	2.66073	2611.18	0
0.0613333	0.01	0.2	2.85102	2684.78	0
0.0613333	0.01	0.2	3.05492	2780.87	0
0.0613333	0.01	0.2	3.27341	2890.79	0
0.0613333	0.01	0.2	3.50752	2997.04	0
0.0613333	0.01	0.2	3.75837	3083.94	0
0.0613333	0.01	0.2	4.02717	3141.94	0
0.0613333	0.01	0.2	4.31519	3172.02	0
0.0613333	0.01	0.2	4.62381	3193.93	0
0.0613333	0.01	0.2	4.9545	3226.02	0
0.0613333	0.01	0.2	5.30884	3263.44	0
0.0613333	0.01	0.2	5.68853	3295.16	0
0.0613333	0.01	0.2	6.09537	3323.6	0
0.0613333	0.01	0.2	6.53131	3378.08	0
0.0613333	0.01	0.2	6.99842	3459.07	0
0.0613333	0.01	0.2	7.49894	3508.98	0
0.0613333	0.01	0.2	8.03526	3473.46	0
0.0613333	0.01	0.2	8.60994	3372.35	0
0.0613333	0.01	0.2	9.22571	3231.2	0
0.0613333	0.01	0.2	9.88553	3089.08	0
0.0613333	0.01	0.2	10.5925	3000.26	0
0.0613333	0.01	0.2	11.3501	2906.78	0
0.0613333	0.01	0.2	12.1619	2794.56	0
0.0613333	0.01	0.2	13.0317	2693.8	0
0.0613333	0.01	0.2	13.9637	2651.41	0
0.0613333	0.01	0.2	14.9624	2637.21	0
0.0613333	0.01	0.2	16.0325	2631.81	0
0.0613333	0.01	0.2	17.1791	2659.2	0
0.0613333	0.01	0.2	18.4077	2702.33	0
0.0613333	0.01	0.2	19.7242	2711.95	0
0.0613333	0.01	0.2	21.1349	2721.88	0
0.0613333	0.01	0.2	22.6464	2699.17	0
0.0613333	0.01	0.2	24.2661	2667.12	0
0.0613333	0.01	0.2	26.0016	2647.39	0
0.0613333	0.01	0.2	27.8612	2645.9	0
0.0613333	0.01	0.2	29.8538	2647.34	0
0.0613333	0.01	0.2	31.989	2664.98	0
0.0613333	0.01	0.2	34.2768	2699.52	0
0.0613333	0.01	0.2	36.7282	2754.39	0
0.0613333	0.01	0.2	39.355	2787.51	0
0.0613333	0.01	0.2	42.1697	2782.06	0
0.0613333	0.01	0.2	45.1856	2751.01	0
0.0613333	0.01	0.2	48.4172	2735.88	0
0.0613333	0.01	0.2	51.88	2730.67	0
0.0613333	0.01	0.2	55.5904	2711.46	0
0.0613333	0.01	0.2	59.5662	2669.39	0
0.0613333	0.01	0.2	63.8263	2654.11	0
0.0613333	0.01	0.2	68.3912	2659.21	0
0.0613333	0.01	0.2	73.2825	2663.59	0
0.0613333	0.01	0.2	78.5236	2649.07	0
0.0613333	0.01	0.2	84.1395	2649.42	0
0.0613333	0.01	0.2	90.1571	2659.6	0
0.0613333	0.01	0.2	96.6051	2663.21	0
0.0670111	0.01	0.2	0.103514	0.114003	0
0.0670111	0.01	0.2	0.110917	0.201964	0
0.0670111	0.01	0.2	0.11885	0.333339	0
0.0670111	0.01	0.2	0.12735	0.523847	0
0.0670111	0.01	0.2	0.136458	0.794304	0
0.0670111	0.01	0.2	0.146218	1.17216	0
0.0670111	0.01	0.2	0.156675	1.69349	0
0.0670111	0.01	0.2	0.16788	2.40546	0
0.0670111	0.01	0.2	0.179887	3.36958	0
0.0670111	0.01	0.2	0.192752	4.66566	0
0.0670111	0.01	0.2	0.206538	6.39678	0
0.0670111	0.01	0.2	0.221309	8.69548	0
0.0670111	0.01	0.2	0.237137	11.7312	0
0.0670111	0.01	0.2	0.254097	15.7192	0
0.0670111	0.01	0.2	0.27227	20.9312	0
0.0670111	0.01	0.2	0.291743	27.7076	0
0.0670111	0.01	0.2	0.312608	36.4709	0
0.0670111	0.01	0.2	0.334965	47.7399	0
0.0670111	0.01	0.2	0.358922	62.1452	0
0.0670111	0.01	0.2	0.384592	80.4415	0
0.0670111	0.01	0.2	0.412098	103.519	0
0.0670111	0.01	0.2	0.44157	132.406	0
0.0670111	0.01	0.2	0.473151	168.266	0
0.0670111	0.01	0.2	0.506991	212.38	0
0.0670111	0.01	0.2	0.54325	266.107	0
0.0670111	0.01	0.2	0.582103	330.835	0
0.0670111	0.01	0.2	0.623735	407.9	0
0.0670111	0.01	0.2	0.668344	498.493	0
0.0670111	0.01	0.2	0.716143	603.545	0
0.0670111	0.01	0.2	0.767361	723.618	0
0.0670111	0.01	0.2	0.822243	858.802	0
0.0670111	0.01	0.2	0.881049	1008.63	0
0.0670111	0.01	0.2	0.944061	1172.02	0
0.0670111	0.01	0.2	1.01158	1347.23	0
0.0670111	0.01	0.2	1.08393	1531.83	0
0.0670111	0.01	0.2	1.16145	1722.58	0
0.0670111	0.01	0.2	1.24451	1915.32	0
0.0670111	0.01	0.2	1.33352	2104.9	0
0.0670111	0.01	0.2	1.42889	2285.3	0
0.0670111	0.01	0.2	1.53109	2450.18	0
0.0670111	0.01	0.2	1.64059	2594.05	0
0.0670111	0.01	0.2	1.75792	2713.71	0
0.0670111	0.01	0.2	1.88365	2809.42	0
0.0670111	0.01	0.2	2.01837	2884.9	0
0.0670111	0.01	0.2	2.16272	2946	0
0.0670111	0.01	0.2	2.31739	2999.48	0
0.0670111	0.01	0.2	2.48313	3053.33	0
0.0670111	0.01	0.2	2.66073	3118.24	0
0.0670111	0.01	0.2	2.85102	3205.83	0
0.0670111	0.01	0.2	3.05492	3320.66	0
0.0670111	0.01	0.2	3.27341	3452.42	0
0.0670111	0.01	0.2	3.50752	3580.1	0
0.0670111	0.01	0.2	3.75837	3684.72	0
0.0670111	0.01	0.2	4.02717	3754.67	0
0.0670111	0.01	0.2	4.31519	3791.09	0
0.0670111	0.01	0.2	4.62381	3817.68	0
0.0670111	0.01	0.2	4.9545	3856.48	0
0.0670111	0.01	0.2	5.30884	3901.61	0
0.0670111	0.01	0.2	5.68853	3939.73	0
0.0670111	0.01	0.2	6.09537	3973.63	0
0.0670111	0.01	0.2	6.53131	4038.37	0
0.0670111	0.01	0.2	6.99842	4134.34	0
0.0670111	0.01	0.2	7.49894	4192.61	0
0.0670111	0.01	0.2	8.03526	4148.83	0
0.0670111	0.01	0.2	8.60994	4027.41	0
0.0670111	0.01	0.2	9.22571	3859.11	0
0.0670111	0.01	0.2	9.88553	3690.17	0
0.0670111	0.01	0.2	10.5925	3584.53	0
0.0670111	0.01	0.2	11.3501	3472.48	0
0.0670111	0.01	0.2	12.1619	3337.42	0
0.0670111	0.01	0.2	13.0317	3216.13	0
0.0670111	0.01	0.2	13.9637	3165.46	0
0.0670111	0.01	0.2	14.9624	3149.71	0
0.0670111	0.01	0.2	16.0325	3144.67	0
0.0670111	0.01	0.2	17.1791	3177.76	0
0.0670111	0.01	0.2	18.4077	3228.87	0
0.0670111	0.01	0.2	19.7242	3240.48	0
0.0670111	0.01	0.2	21.1349	3253.07	0
0.0670111	0.01	0.2	22.6464	3226.33	0
0.0670111	0.01	0.2	24.2661	3188	0
0.0670111	0.01	0.2	26.0016	3163.95	0
0.0670111	0.01	0.2	27.8612	3162.07	0
0.0670111	0.01	0.2	29.8538	3164.51	0
0.0670111	0.01	0.2	31.989	3185.62	0
0.0670111	0.01	0.2	34.2768	3226.27	0
0.0670111	0.01	0.2	36.7282	3290.59	0
0.0670111	0.01	0.2	39.355	3329.17	0
0.0670111	0.01	0.2	42.1697	3323.86	0
0.0670111	0.01	0.2	45.1856	3287.66	0
0.0670111	0.01	0.2	48.4172	3269.35	0
0.0670111	0.01	0.2	51.88	3262.79	0
0.0670111	0.01	0.2	55.5904	3239.46	0
0.0670111	0.01	0.2	59.5662	3190.37	0
0.0670111	0.01	0.2	63.8263	3172.81	0
0.0670111	0.01	0.2	68.3912	3178.58	0
0.0670111	0.01	0.2	73.2825	3183.61	0
0.0670111	0.01	0.2	78.5236	3166.38	0
0.0670111	0.01	0.2	84.1395	3167.1	0
0.0670111	0.01	0.2	90.1571	3179.11	0
0.0670111	0.01	0.2	96.6051	3183.45	0
0.0732147	0.01	0.2	0.103514	0.166737	0
0.0732147	0.01	0.2	0.110917	0.281384	0
0.0732147	0.01	0.2	0.11885	0.449258	0
0.0732147	0.01	0.2	0.12735	0.689325	0
0.0732147	0.01	0.2	0.136458	1.02666	0
0.0732147	0.01	0.2	0.146218	1.49429	0
0.0732147	0.01	0.2	0.156675	2.13556	0
0.0732147	0.01	0.2	0.16788	3.00713	0
0.0732147	0.01	0.2	0.179887	4.18277	0
0.0732147	0.01	0.2	0.192752	5.75817	0
0.0732147	0.01	0.2	0.206538	7.85686	0
0.0732147	0.01	0.2	0.221309	10.6375	0
0.0732147	0.01	0.2	0.237137	14.3031	0
0.0732147	0.01	0.2	0.254097	19.1111	0
0.0732147	0.01	0.2	0.27227	25.3866	0
0.0732147	0.01	0.2	0.291743	33.5367	0
0.0732147	0.01	0.2	0.312608	44.0665	0
0.0732147	0.01	0.2	0.334965	57.5963	0
0.0732147	0.01	0.2	0.358922	74.8796	0
0.0732147	0.01	0.2	0.384592	96.8183	0
0.0732147	0.01	0.2	0.412098	124.476	0
0.0732147	0.01	0.2	0.44157	159.081	0
0.0732147	0.01	0.2	0.473151	202.023	0
0.0732147	0.01	0.2	0.506991	254.831	0
0.0732147	0.01	0.2	0.54325	319.129	0
0.0732147	0.01	0.2	0.582103	396.574	0
0.0732147	0.01	0.2	0.623735	488.76	0
0.0732147	0.01	0.2	0.668344	597.107	0
0.0732147	0.01	0.2	0.716143	722.728	0
0.0732147	0.01	0.2	0.767361	866.292	0
0.0732147	0.01	0.2	0.822243	1027.9	0
0.0732147	0.01	0.2	0.881049	1207	0
0.0732147	0.01	0.2	0.944061	1402.29	0
0.0732147	0.01	0.2	1.01158	1611.69	0
0.0732147	0.01	0.2	1.08393	1832.29	0
0.0732147	0.01	0.2	1.16145	2060.21	0
0.0732147	0.01	0.2	1.24451	2290.49	0
0.0732147	0.01	0.2	1.33352	2516.97	0
0.0732147	0.01	0.2	1.42889	2732.43	0
0.0732147	0.01	0.2	1.53109	2929.3	0
0.0732147	0.01	0.2	1.64059	3100.99	0
0.0732147	0.01	0.2	1.75792	3243.67	0
0.0732147	0.01	0.2	1.88365	3357.63	0
0.0732147	0.01	0.2	2.01837	3447.3	0
0.0732147	0.01	0.2	2.16272	3519.69	0
0.0732147	0.01	0.2	2.31739	3582.88	0
0.0732147	0.01	0.2	2.48313	3646.51	0
0.0732147	0.01	0.2	2.66073	3723.46	0
0.0732147	0.01	0.2	2.85102	3827.78	0
0.0732147	0.01	0.2	3.05492	3965.04	0
0.0732147	0.01	0.2	3.27341	4122.97	0
0.0732147	0.01	0.2	3.50752	4276.34	0
0.0732147	0.01	0.2	3.75837	4402.27	0
0.0732147	0.01	0.2	4.02717	4486.63	0
0.0732147	0.01	0.2	4.31519	4530.76	0
0.0732147	0.01	0.2	4.62381	4563.06	0
0.0732147	0.01	0.2	4.9545	4609.92	0
0.0732147	0.01	0.2	5.30884	4664.25	0
0.0732147	0.01	0.2	5.68853	4709.95	0
0.0732147	0.01	0.2	6.09537	4750.27	0
0.0732147	0.01	0.2	6.53131	4827.16	0
0.0732147	0.01	0.2	6.99842	4940.93	0
0.0732147	0.01	0.2	7.49894	5009.11	0
0.0732147	0.01	0.2	8.03526	4955.41	0
0.0732147	0.01	0.2	8.60994	4809.71	0
0.0732147	0.01	0.2	9.22571	4609.04	0
0.0732147	0.01	0.2	9.88553	4408.13	0
0.0732147	0.01	0.2	10.5925	4282.44	0
0.0732147	0.01	0.2	11.3501	4148.16	0
0.0732147	0.01	0.2	12.1619	3985.73	0
0.0732147	0.01	0.2	13.0317	3839.85	0
0.0732147	0.01	0.2	13.9637	3779.3	0
0.0732147	0.01	0.2	14.9624	3761.75	0
0.0732147	0.01	0.2	16.0325	3757.16	0
0.0732147	0.01	0.2	17.1791	3797.03	0
0.0732147	0.01	0.2	18.4077	3857.61	0
0.0732147	0.01	0.2	19.7242	3871.6	0
0.0732147	0.01	0.2	21.1349	3887.42	0
0.0732147	0.01	0.2	22.6464	3855.97	0
0.0732147	0.01	0.2	24.2661	3810.18	0
0.0732147	0.01	0.2	26.0016	3781	0
0.0732147	0.01	0.2	27.8612	3778.67	0
0.0732147	0.01	0.2	29.8538	3782.35	0
0.0732147	0.01	0.2	31.989	3807.6	0
0.0732147	0.01	0.2	34.2768	3855.38	0
0.0732147	0.01	0.2	36.7282	3930.77	0
0.0732147	0.01	0.2	39.355	3975.75	0
0.0732147	0.01	0.2	42.1697	3970.66	0
0.0732147	0.01	0.2	45.1856	3928.42	0
0.0732147	0.01	0.2	48.4172	3906.32	0
0.0732147	0.01	0.2	51.88	3898.07	0
0.0732147	0.01	0.2	55.5904	3869.86	0
0.0732147	0.01	0.2	59.5662	3812.55	0
0.0732147	0.01	0.2	63.8263	3792.39	0
0.0732147	0.01	0.2	68.3912	3798.94	0
0.0732147	0.01	0.2	73.2825	3804.69	0
0.0732147	0.01	0.2	78.5236	3784.24	0
0.0732147	0.01	0.2	84.1395	3785.45	0
0.0732147	0.01	0.2	90.1571	3799.63	0
0.0732147	0.01	0.2	96.6051	3804.83	0
0.0799925	0.01	0.2	0.103514	0.235802	0
0.0799925	0.01	0.2	0.110917	0.383211	0
0.0799925	0.01	0.2	0.11885	0.595697	0
0.0799925	0.01	0.2	0.12735	0.896121	0
0.0799925	0.01	0.2	0.136458	1.31467	0
0.0799925	0.01	0.2	0.146218	1.89104	0
0.0799925	0.01	0.2	0.156675	2.67731	0
0.0799925	0.01	0.2	0.16788	3.74146	0
0.0799925	0.01	0.2	0.179887	5.17199	0
0.0799925	0.01	0.2	0.192752	7.08357	0
0.0799925	0.01	0.2	0.206538	9.62418	0
0.0799925	0.01	0.2	0.221309	12.9839	0
0.0799925	0.01	0.2	0.237137	17.4054	0
0.0799925	0.01	0.2	0.254097	23.197	0
0.0799925	0.01	0.2	0.27227	30.7476	0
0.0799925	0.01	0.2	0.291743	40.5438	0
0.0799925	0.01	0.2	0.312608	53.1894	0
0.0799925	0.01	0.2	0.334965	69.4262	0
0.0799925	0.01	0.2	0.358922	90.1543	0
0.0799925	0.01	0.2	0.384592	116.452	0
0.0799925	0.01	0.2	0.412098	149.588	0
0.0799925	0.01	0.2	0.44157	191.033	0
0.0799925	0.01	0.2	0.473151	242.444	0
0.0799925	0.01	0.2	0.506991	305.648	0
0.0799925	0.01	0.2	0.54325	382.585	0
0.0799925	0.01	0.2	0.582103	475.231	0
0.0799925	0.01	0.2	0.623735	585.491	0
0.0799925	0.01	0.2	0.668344	715.059	0
0.0799925	0.01	0.2	0.716143	865.26	0
0.0799925	0.01	0.2	0.767361	1036.89	0
0.0799925	0.01	0.2	0.822243	1230.08	0
0.0799925	0.01	0.2	0.881049	1444.14	0
0.0799925	0.01	0.2	0.944061	1677.53	0
0.0799925	0.01	0.2	1.01158	1927.77	0
0.0799925	0.01	0.2	1.08393	2191.36	0
0.0799925	0.01	0.2	1.16145	2463.66	0
0.0799925	0.01	0.2	1.24451	2738.75	0
0.0799925	0.01	0.2	1.33352	3009.25	0
0.0799925	0.01	0.2	1.42889	3266.53	0
0.0799925	0.01	0.2	1.53109	3501.53	0
0.0799925	0.01	0.2	1.64059	3706.37	0
0.0799925	0.01	0.2	1.75792	3876.45	0
0.0799925	0.01	0.2	1.88365	4012.11	0
0.0799925	0.01	0.2	2.01837	4118.64	0
0.0799925	0.01	0.2	2.16272	4204.41	0
0.0799925	0.01	0.2	2.31739	4279.14	0
0.0799925	0.01	0.2	2.48313	4354.41	0
0.0799925	0.01	0.2	2.66073	4445.75	0
0.0799925	0.01	0.2	2.85102	4570.08	0
0.0799925	0.01	0.2	3.05492	4734.2	0
0.0799925	0.01	0.2	3.27341	4923.5	0
0.0799925	0.01	0.2	3.50752	5107.7	0
0.0799925	0.01	0.2	3.75837	5259.23	0
0.0799925	0.01	0.2	4.02717	5361	0
0.0799925	0.01	0.2	4.31519	5414.51	0
0.0799925	0.01	0.2	4.62381	5453.75	0
0.0799925	0.01	0.2	4.9545	5510.29	0
0.0799925	0.01	0.2	5.30884	5575.59	0
0.0799925	0.01	0.2	5.68853	5630.24	0
0.0799925	0.01	0.2	6.09537	5678.12	0
0.0799925	0.01	0.2	6.53131	5769.4	0
0.0799925	0.01	0.2	6.99842	5904.32	0
0.0799925	0.01	0.2	7.49894	5984.26	0
0.0799925	0.01	0.2	8.03526	5918.63	0
0.0799925	0.01	0.2	8.60994	5743.94	0
0.0799925	0.01	0.2	9.22571	5504.67	0
0.0799925	0.01	0.2	9.88553	5265.68	0
0.0799925	0.01	0.2	10.5925	5116.05	0
0.0799925	0.01	0.2	11.3501	4955.16	0
0.0799925	0.01	0.2	12.1619	4759.93	0
0.0799925	0.01	0.2	13.0317	4584.62	0
0.0799925	0.01	0.2	13.9637	4512.26	0
0.0799925	0.01	0.2	14.9624	4492.6	0
0.0799925	0.01	0.2	16.0325	4488.56	0
0.0799925	0.01	0.2	17.1791	4536.49	0
0.0799925	0.01	0.2	18.4077	4608.3	0
0.0799925	0.01	0.2	19.7242	4625.13	0
0.0799925	0.01	0.2	21.1349	4644.9	0
0.0799925	0.01	0.2	22.6464	4607.93	0
0.0799925	0.01	0.2	24.2661	4553.31	0
0.0799925	0.01	0.2	26.0016	4518.04	0
0.0799925	0.01	0.2	27.8612	4515.2	0
0.0799925	0.01	0.2	29.8538	4520.39	0
0.0799925	0.01	0.2	31.989	4550.56	0
0.0799925	0.01	0.2	34.2768	4606.69	0
0.0799925	0.01	0.2	36.7282	4695.03	0
0.0799925	0.01	0.2	39.355	4747.49	0
0.0799925	0.01	0.2	42.1697	4742.69	0
0.0799925	0.01	0.2	45.1856	4693.39	0
0.0799925	0.01	0.2	48.4172	4666.78	0
0.0799925	0.01	0.2	51.88	4656.45	0
0.0799925	0.01	0.2	55.5904	4622.47	0
0.0799925	0.01	0.2	59.5662	4555.56	0
0.0799925	0.01	0.2	63.8263	4532.43	0
0.0799925	0.01	0.2	68.3912	4539.87	0
0.0799925	0.01	0.2	73.2825	4546.42	0
0.0799925	0.01	0.2	78.5236	4522.14	0
0.0799925	0.01	0.2	84.1395	4523.99	0
0.0799925	0.01	0.2	90.1571	4540.76	0
0.0799925	0.01	0.2	96.6051	4546.97	0
0.0873977	0.01	0.2	0.103514	0.324941	0
0.0873977	0.01	0.2	0.110917	0.512455	0
0.0873977	0.01	0.2	0.11885	0.77934	0
0.0873977	0.01	0.2	0.12735	1.15313	0
0.0873977	0.01	0.2	0.136458	1.67012	0
0.0873977	0.01	0.2	0.146218	2.37805	0
0.0873977	0.01	0.2	0.156675	3.3394	0
0.0873977	0.01	0.2	0.16788	4.63575	0
0.0873977	0.01	0.2	0.179887	6.37318	0
0.0873977	0.01	0.2	0.192752	8.6891	0
0.0873977	0.01	0.2	0.206538	11.7607	0
0.0873977	0.01	0.2	0.221309	15.8156	0
0.0873977	0.01	0.2	0.237137	21.1442	0
0.0873977	0.01	0.2	0.254097	28.1153	0
0.0873977	0.01	0.2	0.27227	37.194	0
0.0873977	0.01	0.2	0.291743	48.9621	0
0.0873977	0.01	0.2	0.312608	64.1417	0
0.0873977	0.01	0.2	0.334965	83.619	0
0.0873977	0.01	0.2	0.358922	108.47	0
0.0873977	0.01	0.2	0.384592	139.982	0
0.0873977	0.01	0.2	0.412098	179.674	0
0.0873977	0.01	0.2	0.44157	229.298	0
0.0873977	0.01	0.2	0.473151	290.838	0
0.0873977	0.01	0.2	0.506991	366.472	0
0.0873977	0.01	0.2	0.54325	458.517	0
0.0873977	0.01	0.2	0.582103	569.335	0
0.0873977	0.01	0.2	0.623735	701.197	0
0.0873977	0.01	0.2	0.668344	856.124	0
0.0873977	0.01	0.2	0.716143	1035.7	0
0.0873977	0.01	0.2	0.767361	1240.87	0
0.0873977	0.01	0.2	0.822243	1471.78	0
0.0873977	0.01	0.2	0.881049	1727.61	0
0.0873977	0.01	0.2	0.944061	2006.52	0
0.0873977	0.01	0.2	1.01158	2305.52	0
0.0873977	0.01	0.2	1.08393	2620.44	0
0.0873977	0.01	0.2	1.16145	2945.73	0
0.0873977	0.01	0.2	1.24451	3274.3	0
0.0873977	0.01	0.2	1.33352	3597.31	0
0.0873977	0.01	0.2	1.42889	3904.47	0
0.0873977	0.01	0.2	1.53109	4184.92	0
0.0873977	0.01	0.2	1.64059	4429.23	0
0.0873977	0.01	0.2	1.75792	4631.9	0
0.0873977	0.01	0.2	1.88365	4793.35	0
0.0873977	0.01	0.2	2.01837	4919.88	0
0.0873977	0.01	0.2	2.16272	5021.53	0
0.0873977	0.01	0.2	2.31739	5109.95	0
0.0873977	0.01	0.2	2.48313	5199.08	0
0.0873977	0.01	0.2	2.66073	5307.6	0
0.0873977	0.01	0.2	2.85102	5455.89	0
0.0873977	0.01	0.2	3.05492	5652.2	0
0.0873977	0.01	0.2	3.27341	5879.11	0
0.0873977	0.01	0.2	3.50752	6100.34	0
0.0873977	0.01	0.2	3.75837	6282.68	0
0.0873977	0.01	0.2	4.02717	6405.46	0
0.0873977	0.01	0.2	4.31519	6470.36	0
0.0873977	0.01	0.2	4.62381	6518.04	0
0.0873977	0.01	0.2	4.9545	6586.21	0
0.0873977	0.01	0.2	5.30884	6664.56	0
0.0873977	0.01	0.2	5.68853	6729.79	0
0.0873977	0.01	0.2	6.09537	6786.54	0
0.0873977	0.01	0.2	6.53131	6894.87	0
0.0873977	0.01	0.2	6.99842	7054.92	0
0.0873977	0.01	0.2	7.49894	7148.81	0
0.0873977	0.01	0.2	8.03526	7068.88	0
0.0873977	0.01	0.2	8.60994	6859.55	0
0.0873977	0.01	0.2	9.22571	6574.28	0
0.0873977	0.01	0.2	9.88553	6289.91	0
0.0873977	0.01	0.2	10.5925	6111.73	0
0.0873977	0.01	0.2	11.3501	5918.96	0
0.0873977	0.01	0.2	12.1619	5684.42	0
0.0873977	0.01	0.2	13.0317	5473.88	0
0.0873977	0.01	0.2	13.9637	5387.42	0
0.0873977	0.01	0.2	14.9624	5365.28	0
0.0873977	0.01	0.2	16.0325	5361.89	0
0.0873977	0.01	0.2	17.1791	5419.38	0
0.0873977	0.01	0.2	18.4077	5504.51	0
0.0873977	0.01	0.2	19.7242	5524.73	0
0.0873977	0.01	0.2	21.1349	5549.31	0
0.0873977	0.01	0.2	22.6464	5505.9	0
0.0873977	0.01	0.2	24.2661	5440.85	0
0.0873977	0.01	0.2	26.0016	5398.37	0
0.0873977	0.01	0.2	27.8612	5394.97	0
0.0873977	0.01	0.2	29.8538	5402.01	0
0.0873977	0.01	0.2	31.989	5437.99	0
0.0873977	0.01	0.2	34.2768	5503.86	0
0.0873977	0.01	0.2	36.7282	5607.35	0
0.0873977	0.01	0.2	39.355	5668.54	0
0.0873977	0.01	0.2	42.1697	5664.11	0
0.0873977	0.01	0.2	45.1856	5606.54	0
0.0873977	0.01	0.2	48.4172	5574.59	0
0.0873977	0.01	0.2	51.88	5561.68	0
0.0873977	0.01	0.2	55.5904	5520.89	0
0.0873977	0.01	0.2	59.5662	5442.77	0
0.0873977	0.01	0.2	63.8263	5416.29	0
0.0873977	0.01	0.2	68.3912	5424.74	0
0.0873977	0.01	0.2	73.2825	5432.17	0
0.0873977	0.01	0.2	78.5236	5403.37	0
0.0873977	0.01	0.2	84.1395	5406.03	0
0.0873977	0.01	0.2	90.1571	5425.87	0
0.0873977	0.01	0.2	96.6051	5433.25	0
0.0954885	0.01	0.2	0.103514	0.438682	0
0.0954885	0.01	0.2	0.110917	0.675163	0
0.0954885	0.01	0.2	0.11885	1.00824	0
0.0954885	0.01	0.2	0.12735	1.47105	0
0.0954885	0.01	0.2	0.136458	2.10724	0
0.0954885	0.01	0.2	0.146218	2.9741	0
0.0954885	0.01	0.2	0.156675	4.14666	0
0.0954885	0.01	0.2	0.16788	5.72272	0
0.0954885	0.01	0.2	0.179887	7.82944	0
0.0954885	0.01	0.2	0.192752	10.6314	0
0.0954885	0.01	0.2	0.206538	14.3408	0
0.0954885	0.01	0.2	0.221309	19.23	0
0.0954885	0.01	0.2	0.237137	25.6465	0
0.0954885	0.01	0.2	0.254097	34.0315	0
0.0954885	0.01	0.2	0.27227	44.9412	0
0.0954885	0.01	0.2	0.291743	59.0713	0
0.0954885	0.01	0.2	0.312608	77.2846	0
0.0954885	0.01	0.2	0.334965	100.641	0
0.0954885	0.01	0.2	0.358922	130.425	0
0.0954885	0.01	0.2	0.384592	168.177	0
0.0954885	0.01	0.2	0.412098	215.709	0
0.0954885	0.01	0.2	0.44157	275.116	0
0.0954885	0.01	0.2	0.473151	348.765	0
0.0954885	0.01	0.2	0.506991	439.26	0
0.0954885	0.01	0.2	0.54325	549.368	0
0.0954885	0.01	0.2	0.582103	681.906	0
0.0954885	0.01	0.2	0.623735	839.586	0
0.0954885	0.01	0.2	0.668344	1024.82	0
0.0954885	0.01	0.2	0.716143	1239.5	0
0.0954885	0.01	0.2	0.767361	1484.74	0
0.0954885	0.01	0.2	0.822243	1760.71	0
0.0954885	0.01	0.2	0.881049	2066.45	0
0.0954885	0.01	0.2	0.944061	2399.72	0
0.0954885	0.01	0.2	1.01158	2756.96	0
0.0954885	0.01	0.2	1.08393	3133.17	0
0.0954885	0.01	0.2	1.16145	3521.71	0
0.0954885	0.01	0.2	1.24451	3914.08	0
0.0954885	0.01	0.2	1.33352	4299.75	0
0.0954885	0.01	0.2	1.42889	4666.36	0
0.0954885	0.01	0.2	1.53109	5000.95	0
0.0954885	0.01	0.2	1.64059	5292.25	0
0.0954885	0.01	0.2	1.75792	5533.69	0
0.0954885	0.01	0.2	1.88365	5725.76	0
0.0954885	0.01	0.2	2.01837	5876	0
0.0954885	0.01	0.2	2.16272	5996.47	0
0.0954885	0.01	0.2	2.31739	6101.14	0
0.0954885	0.01	0.2	2.48313	6206.78	0
0.0954885	0.01	0.2	2.66073	6335.84	0
0.0954885	0.01	0.2	2.85102	6512.82	0
0.0954885	0.01	0.2	3.05492	6747.73	0
0.0954885	0.01	0.2	3.27341	7019.78	0
0.0954885	0.01	0.2	3.50752	7285.49	0
0.0954885	0.01	0.2	3.75837	7504.91	0
0.0954885	0.01	0.2	4.02717	7653.08	0
0.0954885	0.01	0.2	4.31519	7731.84	0
0.0954885	0.01	0.2	4.62381	7789.75	0
0.0954885	0.01	0.2	4.9545	7871.87	0
0.0954885	0.01	0.2	5.30884	7965.75	0
0.0954885	0.01	0.2	5.68853	8043.45	0
0.0954885	0.01	0.2	6.09537	8110.6	0
0.0954885	0.01	0.2	6.53131	8239.11	0
0.0954885	0.01	0.2	6.99842	8429.05	0
0.0954885	0.01	0.2	7.49894	8539.47	0
0.0954885	0.01	0.2	8.03526	8442.4	0
0.0954885	0.01	0.2	8.60994	8191.74	0
0.0954885	0.01	0.2	9.22571	7851.64	0
0.0954885	0.01	0.2	9.88553	7513.19	0
0.0954885	0.01	0.2	10.5925	7300.94	0
0.0954885	0.01	0.2	11.3501	7069.99	0
0.0954885	0.01	0.2	12.1619	6788.35	0
0.0954885	0.01	0.2	13.0317	6535.63	0
0.0954885	0.01	0.2	13.9637	6432.31	0
0.0954885	0.01	0.2	14.9624	6407.23	0
0.0954885	0.01	0.2	16.0325	6404.62	0
0.0954885	0.01	0.2	17.1791	6473.42	0
0.0954885	0.01	0.2	18.4077	6574.35	0
0.0954885	0.01	0.2	19.7242	6598.59	0
0.0954885	0.01	0.2	21.1349	6629.03	0
0.0954885	0.01	0.2	22.6464	6578.12	0
0.0954885	0.01	0.2	24.2661	6500.78	0
0.0954885	0.01	0.2	26.0016	6449.79	0
0.0954885	0.01	0.2	27.8612	6445.8	0
0.0954885	0.01	0.2	29.8538	6455.09	0
0.0954885	0.01	0.2	31.989	6497.94	0
0.0954885	0.01	0.2	34.2768	6575.15	0
0.0954885	0.01	0.2	36.7282	6696.32	0
0.0954885	0.01	0.2	39.355	6767.67	0
0.0954885	0.01	0.2	42.1697	6763.7	0
0.0954885	0.01	0.2	45.1856	6696.45	0
0.0954885	0.01	0.2	48.4172	6658.16	0
0.0954885	0.01	0.2	51.88	6642.09	0
0.0954885	0.01	0.2	55.5904	6593.28	0
0.0954885	0.01	0.2	59.5662	6502.12	0
0.0954885	0.01	0.2	63.8263	6471.84	0
0.0954885	0.01	0.2	68.3912	6481.46	0
0.0954885	0.01	0.2	73.2825	6489.85	0
0.0954885	0.01	0.2	78.5236	6455.67	0
0.0954885	0.01	0.2	84.1395	6459.39	0
0.0954885	0.01	0.2	90.1571	6482.88	0
0.0954885	0.01	0.2	96.6051	6491.62	0
0.104328	0.01	0.2	0.103514	0.582493	0
0.104328	0.01	0.2	0.110917	0.878628	0
0.104328	0.01	0.2	0.11885	1.29211	0
0.104328	0.01	0.2	0.12735	1.86278	0
0.104328	0.01	0.2	0.136458	2.64308	0
0.104328	0.01	0.2	0.146218	3.70179	0
0.104328	0.01	0.2	0.156675	5.1289	0
0.104328	0.01	0.2	0.16788	7.04168	0
0.104328	0.01	0.2	0.179887	9.59245	0
0.104328	0.01	0.2	0.192752	12.9784	0
0.104328	0.01	0.2	0.206538	17.4534	0
0.104328	0.01	0.2	0.221309	23.3435	0
0.104328	0.01	0.2	0.237137	31.0645	0
0.104328	0.01	0.2	0.254097	41.1441	0
0.104328	0.01	0.2	0.27227	54.2471	0
0.104328	0.01	0.2	0.291743	71.2055	0
0.104328	0.01	0.2	0.312608	93.0508	0
0.104328	0.01	0.2	0.334965	121.049	0
0.104328	0.01	0.2	0.358922	156.736	0
0.104328	0.01	0.2	0.384592	201.952	0
0.104328	0.01	0.2	0.412098	258.861	0
0.104328	0.01	0.2	0.44157	329.966	0
0.104328	0.01	0.2	0.473151	418.096	0
0.104328	0.01	0.2	0.506991	526.358	0
0.104328	0.01	0.2	0.54325	658.057	0
0.104328	0.01	0.2	0.582103	816.557	0
0.104328	0.01	0.2	0.623735	1005.09	0
0.104328	0.01	0.2	0.668344	1226.55	0
0.104328	0.01	0.2	0.716143	1483.16	0
0.104328	0.01	0.2	0.767361	1776.29	0
0.104328	0.01	0.2	0.822243	2106.11	0
0.104328	0.01	0.2	0.881049	2471.45	0
0.104328	0.01	0.2	0.944061	2869.64	0
0.104328	0.01	0.2	1.01158	3296.43	0
0.104328	0.01	0.2	1.08393	3745.81	0
0.104328	0.01	0.2	1.16145	4209.84	0
0.104328	0.01	0.2	1.24451	4678.36	0
0.104328	0.01	0.2	1.33352	5138.73	0
0.104328	0.01	0.2	1.42889	5576.22	0
0.104328	0.01	0.2	1.53109	5975.31	0
0.104328	0.01	0.2	1.64059	6322.53	0
0.104328	0.01	0.2	1.75792	6610.03	0
0.104328	0.01	0.2	1.88365	6838.43	0
0.104328	0.01	0.2	2.01837	7016.78	0
0.104328	0.01	0.2	2.16272	7159.53	0
0.104328	0.01	0.2	2.31739	7283.47	0
0.104328	0.01	0.2	2.48313	7408.75	0
0.104328	0.01	0.2	2.66073	7562.37	0
0.104328	0.01	0.2	2.85102	7773.74	0
0.104328	0.01	0.2	3.05492	8054.97	0
0.104328	0.01	0.2	3.27341	8381.23	0
0.104328	0.01	0.2	3.50752	8700.42	0
0.104328	0.01	0.2	3.75837	8964.52	0
0.104328	0.01	0.2	4.02717	9143.36	0
0.104328	0.01	0.2	4.31519	9238.98	0
0.104328	0.01	0.2	4.62381	9309.3	0
0.104328	0.01	0.2	4.9545	9408.13	0
0.104328	0.01	0.2	5.30884	9520.46	0
0.104328	0.01	0.2	5.68853	9612.87	0
0.104328	0.01	0.2	6.09537	9692.2	0
0.104328	0.01	0.2	6.53131	9844.58	0
0.104328	0.01	0.2	6.99842	10070	0
0.104328	0.01	0.2	7.49894	10200.1	0
0.104328	0.01	0.2	8.03526	10082.5	0
0.104328	0.01	0.2	8.60994	9782.5	0
0.104328	0.01	0.2	9.22571	9377.07	0
0.104328	0.01	0.2	9.88553	8974.19	0
0.104328	0.01	0.2	10.5925	8721.28	0
0.104328	0.01	0.2	11.3501	8444.59	0
0.104328	0.01	0.2	12.1619	8106.48	0
0.104328	0.01	0.2	13.0317	7803.26	0
0.104328	0.01	0.2	13.9637	7679.77	0
0.104328	0.01	0.2	14.9624	7651.2	0
0.104328	0.01	0.2	16.0325	7649.49	0
0.104328	0.01	0.2	17.1791	7731.69	0
0.104328	0.01	0.2	18.4077	7851.32	0
0.104328	0.01	0.2	19.7242	7880.33	0
0.104328	0.01	0.2	21.1349	7917.94	0
0.104328	0.01	0.2	22.6464	7858.32	0
0.104328	0.01	0.2	24.2661	7766.52	0
0.104328	0.01	0.2	26.0016	7705.54	0
0.104328	0.01	0.2	27.8612	7700.94	0
0.104328	0.01	0.2	29.8538	7712.94	0
0.104328	0.01	0.2	31.989	7763.86	0
0.104328	0.01	0.2	34.2768	7854.25	0
0.104328	0.01	0.2	36.7282	7996.04	0
0.104328	0.01	0.2	39.355	8079.19	0
0.104328	0.01	0.2	42.1697	8075.77	0
0.104328	0.01	0.2	45.1856	7997.19	0
0.104328	0.01	0.2	48.4172	7951.39	0
0.104328	0.01	0.2	51.88	7931.46	0
0.104328	0.01	0.2	55.5904	7873.22	0
0.104328	0.01	0.2	59.5662	7766.91	0
0.104328	0.01	0.2	63.8263	7732.37	0
0.104328	0.01	0.2	68.3912	7743.32	0
0.104328	0.01	0.2	73.2825	7752.76	0
0.104328	0.01	0.2	78.5236	7712.2	0
0.104328	0.01	0.2	84.1395	7717.27	0
0.104328	0.01	0.2	90.1571	7745.09	0
0.104328	0.01	0.2	96.6051	7755.43	0
0.113986	0.01	0.2	0.103514	0.762972	0
0.113986	0.01	0.2	0.110917	1.13164	0
0.113986	0.01	0.2	0.11885	1.64262	0
0.113986	0.01	0.2	0.12735	2.3438	0
0.113986	0.01	0.2	0.136458	3.29816	0
0.113986	0.01	0.2	0.146218	4.58823	0
0.113986	0.01	0.2	0.156675	6.32191	0
0.113986	0.01	0.2	0.16788	8.63975	0
0.113986	0.01	0.2	0.179887	11.7242	0
0.113986	0.01	0.2	0.192752	15.8113	0
0.113986	0.01	0.2	0.206538	21.2052	0
0.113986	0.01	0.2	0.221309	28.2958	0
0.113986	0.01	0.2	0.237137	37.5804	0
0.113986	0.01	0.2	0.254097	49.6902	0
0.113986	0.01	0.2	0.27227	65.4203	0
0.113986	0.01	0.2	0.291743	85.7651	0
0.113986	0.01	0.2	0.312608	111.958	0
0.113986	0.01	0.2	0.334965	145.511	0
0.113986	0.01	0.2	0.358922	188.261	0
0.113986	0.01	0.2	0.384592	242.404	0
0.113986	0.01	0.2	0.412098	310.528	0
0.113986	0.01	0.2	0.44157	395.623	0
0.113986	0.01	0.2	0.473151	501.065	0
0.113986	0.01	0.2	0.506991	630.568	0
0.113986	0.01	0.2	0.54325	788.077	0
0.113986	0.01	0.2	0.582103	977.607	0
0.113986	0.01	0.2	0.623735	1203.02	0
0.113986	0.01	0.2	0.668344	1467.76	0
0.113986	0.01	0.2	0.716143	1774.5	0
0.113986	0.01	0.2	0.767361	2124.83	0
0.113986	0.01	0.2	0.822243	2518.97	0
0.113986	0.01	0.2	0.881049	2955.51	0
0.113986	0.01	0.2	0.944061	3431.25	0
0.113986	0.01	0.2	1.01158	3941.08	0
0.113986	0.01	0.2	1.08393	4477.81	0
0.113986	0.01	0.2	1.16145	5031.94	0
0.113986	0.01	0.2	1.24451	5591.29	0
0.113986	0.01	0.2	1.33352	6140.76	0
0.113986	0.01	0.2	1.42889	6662.7	0
0.113986	0.01	0.2	1.53109	7138.59	0
0.113986	0.01	0.2	1.64059	7552.32	0
0.113986	0.01	0.2	1.75792	7894.54	0
0.113986	0.01	0.2	1.88365	8166.03	0
0.113986	0.01	0.2	2.01837	8377.65	0
0.113986	0.01	0.2	2.16272	8546.75	0
0.113986	0.01	0.2	2.31739	8693.53	0
0.113986	0.01	0.2	2.48313	8842.21	0
0.113986	0.01	0.2	2.66073	9025.19	0
0.113986	0.01	0.2	2.85102	9277.82	0
0.113986	0.01	0.2	3.05492	9614.66	0
0.113986	0.01	0.2	3.27341	10006.1	0
0.113986	0.01	0.2	3.50752	10389.6	0
0.113986	0.01	0.2	3.75837	10707.6	0
0.113986	0.01	0.2	4.02717	10923.5	0
0.113986	0.01	0.2	4.31519	11039.6	0
0.113986	0.01	0.2	4.62381	11125	0
0.113986	0.01	0.2	4.9545	11243.8	0
0.113986	0.01	0.2	5.30884	11378.1	0
0.113986	0.01	0.2	5.68853	11487.8	0
0.113986	0.01	0.2	6.09537	11581.3	0
0.113986	0.01	0.2	6.53131	11762	0
0.113986	0.01	0.2	6.99842	12029.6	0
0.113986	0.01	0.2	7.49894	12183	0
0.113986	0.01	0.2	8.03526	12040.8	0
0.113986	0.01	0.2	8.60994	11682	0
0.113986	0.01	0.2	9.22571	11198.7	0
0.113986	0.01	0.2	9.88553	10719.1	0
0.113986	0.01	0.2	10.5925	10417.6	0
0.113986	0.01	0.2	11.3501	10086.2	0
0.113986	0.01	0.2	12.1619	9680.35	0
0.113986	0.01	0.2	13.0317	9316.63	0
0.113986	0.01	0.2	13.9637	9169	0
0.113986	0.01	0.2	14.9624	9136.28	0
0.113986	0.01	0.2	16.0325	9135.58	0
0.113986	0.01	0.2	17.1791	9233.61	0
0.113986	0.01	0.2	18.4077	9375.39	0
0.113986	0.01	0.2	19.7242	9410.07	0
0.113986	0.01	0.2	21.1349	9456.4	0
0.113986	0.01	0.2	22.6464	9386.71	0
0.113986	0.01	0.2	24.2661	9277.96	0
0.113986	0.01	0.2	26.0016	9205.26	0
0.113986	0.01	0.2	27.8612	9200.1	0
0.113986	0.01	0.2	29.8538	9215.34	0
0.113986	0.01	0.2	31.989	9275.74	0
0.113986	0.01	0.2	34.2768	9381.38	0
0.113986	0.01	0.2	36.7282	9547.17	0
0.113986	0.01	0.2	39.355	9643.98	0
0.113986	0.01	0.2	42.1697	9641.19	0
0.113986	0.01	0.2	45.1856	9549.36	0
0.113986	0.01	0.2	48.4172	9494.68	0
0.113986	0.01	0.2	51.88	9470.05	0
0.113986	0.01	0.2	55.5904	9400.76	0
0.113986	0.01	0.2	59.5662	9276.87	0
0.113986	0.01	0.2	63.8263	9237.6	0
0.113986	0.01	0.2	68.3912	9250.08	0
0.113986	0.01	0.2	73.2825	9260.64	0
0.113986	0.01	0.2	78.5236	9212.51	0
0.113986	0.01	0.2	84.1395	9219.31	0
0.113986	0.01	0.2	90.1571	9252.29	0
0.113986	0.01	0.2	96.6051	9264.45	0
0.124539	0.01	0.2	0.103514	0.988081	0
0.124539	0.01	0.2	0.110917	1.44479	0
0.124539	0.01	0.2	0.11885	2.07384	0
0.124539	0.01	0.2	0.12735	2.93276	0
0.124539	0.01	0.2	0.136458	4.09714	0
0.124539	0.01	0.2	0.146218	5.66598	0
0.124539	0.01	0.2	0.156675	7.76861	0
0.124539	0.01	0.2	0.16788	10.5734	0
0.124539	0.01	0.2	0.179887	14.299	0
0.124539	0.01	0.2	0.192752	19.2279	0
0.124539	0.01	0.2	0.206538	25.724	0
0.124539	0.01	0.2	0.221309	34.2538	0
0.124539	0.01	0.2	0.237137	45.4123	0
0.124539	0.01	0.2	0.254097	59.9543	0
0.124539	0.01	0.2	0.27227	78.8302	0
0.124539	0.01	0.2	0.291743	103.229	0
0.124539	0.01	0.2	0.312608	134.624	0
0.124539	0.01	0.2	0.334965	174.824	0
0.124539	0.01	0.2	0.358922	226.023	0
0.124539	0.01	0.2	0.384592	290.845	0
0.124539	0.01	0.2	0.412098	372.381	0
0.124539	0.01	0.2	0.44157	474.204	0
0.124539	0.01	0.2	0.473151	600.346	0
0.124539	0.01	0.2	0.506991	755.242	0
0.124539	0.01	0.2	0.54325	943.603	0
0.124539	0.01	0.2	0.582103	1170.22	0
0.124539	0.01	0.2	0.623735	1439.72	0
0.124539	0.01	0.2	0.668344	1756.18	0
0.124539	0.01	0.2	0.716143	2122.8	0
0.124539	0.01	0.2	0.767361	2541.48	0
0.124539	0.01	0.2	0.822243	3012.47	0
0.124539	0.01	0.2	0.881049	3534.06	0
0.124539	0.01	0.2	0.944061	4102.42	0
0.124539	0.01	0.2	1.01158	4711.41	0
0.124539	0.01	0.2	1.08393	5352.41	0
0.124539	0.01	0.2	1.16145	6014.06	0
0.124539	0.01	0.2	1.24451	6681.75	0
0.124539	0.01	0.2	1.33352	7337.43	0
0.124539	0.01	0.2	1.42889	7960	0
0.124539	0.01	0.2	1.53109	8527.3	0
0.124539	0.01	0.2	1.64059	9020.11	0
0.124539	0.01	0.2	1.75792	9427.29	0
0.124539	0.01	0.2	1.88365	9749.82	0
0.124539	0.01	0.2	2.01837	10000.8	0
0.124539	0.01	0.2	2.16272	10201.1	0
0.124539	0.01	0.2	2.31739	10374.9	0
0.124539	0.01	0.2	2.48313	10551.4	0
0.124539	0.01	0.2	2.66073	10769.5	0
0.124539	0.01	0.2	2.85102	11071.7	0
0.124539	0.01	0.2	3.05492	11475.4	0
0.124539	0.01	0.2	3.27341	11945.1	0
0.124539	0.01	0.2	3.50752	12406.2	0
0.124539	0.01	0.2	3.75837	12789.1	0
0.124539	0.01	0.2	4.02717	13049.9	0
0.124539	0.01	0.2	4.31519	13191	0
0.124539	0.01	0.2	4.62381	13294.6	0
0.124539	0.01	0.2	4.9545	13437.3	0
0.124539	0.01	0.2	5.30884	13597.6	0
0.124539	0.01	0.2	5.68853	13727.6	0
0.124539	0.01	0.2	6.09537	13837.8	0
0.124539	0.01	0.2	6.53131	14051.7	0
0.124539	0.01	0.2	6.99842	14369.5	0
0.124539	0.01	0.2	7.49894	14550.5	0
0.124539	0.01	0.2	8.03526	14379	0
0.124539	0.01	0.2	8.60994	13950.1	0
0.124539	0.01	0.2	9.22571	13374.2	0
0.124539	0.01	0.2	9.88553	12803	0
0.124539	0.01	0.2	10.5925	12443.6	0
0.124539	0.01	0.2	11.3501	12046.5	0
0.124539	0.01	0.2	12.1619	11559.5	0
0.124539	0.01	0.2	13.0317	11123.3	0
0.124539	0.01	0.2	13.9637	10946.8	0
0.124539	0.01	0.2	14.9624	10909.1	0
0.124539	0.01	0.2	16.0325	10909.5	0
0.124539	0.01	0.2	17.1791	11026.2	0
0.124539	0.01	0.2	18.4077	11194.2	0
0.124539	0.01	0.2	19.7242	11235.6	0
0.124539	0.01	0.2	21.1349	11292.6	0
0.124539	0.01	0.2	22.6464	11211.3	0
0.124539	0.01	0.2	24.2661	11082.7	0
0.124539	0.01	0.2	26.0016	10996.3	0
0.124539	0.01	0.2	27.8612	10990.7	0
0.124539	0.01	0.2	29.8538	11009.8	0
0.124539	0.01	0.2	31.989	11081.3	0
0.124539	0.01	0.2	34.2768	11204.5	0
0.124539	0.01	0.2	36.7282	11398.2	0
0.124539	0.01	0.2	39.355	11510.8	0
0.124539	0.01	0.2	42.1697	11508.7	0
0.124539	0.01	0.2	45.1856	11401.4	0
0.124539	0.01	0.2	48.4172	11336.2	0
0.124539	0.01	0.2	51.88	11305.8	0
0.124539	0.01	0.2	55.5904	11223.6	0
0.124539	0.01	0.2	59.5662	11079.4	0
0.124539	0.01	0.2	63.8263	11034.9	0
0.124539	0.01	0.2	68.3912	11049.2	0
0.124539	0.01	0.2	73.2825	11060.9	0
0.124539	0.01	0.2	78.5236	11003.8	0
0.124539	0.01	0.2	84.1395	11012.8	0
0.124539	0.01	0.2	90.1571	11051.9	0
0.124539	0.01	0.2	96.6051	11066.2	0
0.136068	0.01	0.2	0.103514	1.26741	0
0.136068	0.01	0.2	0.110917	1.83083	0
0.136068	0.01	0.2	0.11885	2.60269	0
0.136068	0.01	0.2	0.12735	3.65205	0
0.136068	0.01	0.2	0.136458	5.06961	0
0.136068	0.01	0.2	0.146218	6.9741	0
0.136068	0.01	0.2	0.156675	9.52051	0
0.136068	0.01	0.2	0.16788	12.9106	0
0.136068	0.01	0.2	0.179887	17.4059	0
0.136068	0.01	0.2	0.192752	23.3449	0
0.136068	0.01	0.2	0.206538	31.1628	0
0.136068	0.01	0.2	0.221309	41.4178	0
0.136068	0.01	0.2	0.237137	54.8216	0
0.136068	0.01	0.2	0.254097	72.2765	0
0.136068	0.01	0.2	0.27227	94.9191	0
0.136068	0.01	0.2	0.291743	124.171	0
0.136068	0.01	0.2	0.312608	161.792	0
0.136068	0.01	0.2	0.334965	209.945	0
0.136068	0.01	0.2	0.358922	271.25	0
0.136068	0.01	0.2	0.384592	348.845	0
0.136068	0.01	0.2	0.412098	446.42	0
0.136068	0.01	0.2	0.44157	568.245	0
0.136068	0.01	0.2	0.473151	719.135	0
0.136068	0.01	0.2	0.506991	904.388	0
0.136068	0.01	0.2	0.54325	1129.63	0
0.136068	0.01	0.2	0.582103	1400.58	0
0.136068	0.01	0.2	0.623735	1722.75	0
0.136068	0.01	0.2	0.668344	2101.03	0
0.136068	0.01	0.2	0.716143	2539.21	0
0.136068	0.01	0.2	0.767361	3039.56	0
0.136068	0.01	0.2	0.822243	3602.36	0
0.136068	0.01	0.2	0.881049	4225.54	0
0.136068	0.01	0.2	0.944061	4904.5	0
0.136068	0.01	0.2	1.01158	5631.88	0
0.136068	0.01	0.2	1.08393	6397.36	0
0.136068	0.01	0.2	1.16145	7187.29	0
0.136068	0.01	0.2	1.24451	7984.21	0
0.136068	0.01	0.2	1.33352	8766.5	0
0.136068	0.01	0.2	1.42889	9508.91	0
0.136068	0.01	0.2	1.53109	10185	0
0.136068	0.01	0.2	1.64059	10771.8	0
0.136068	0.01	0.2	1.75792	11256	0
0.136068	0.01	0.2	1.88365	11639	0
0.136068	0.01	0.2	2.01837	11936.4	0
0.136068	0.01	0.2	2.16272	12173.5	0
0.136068	0.01	0.2	2.31739	12379.3	0
0.136068	0.01	0.2	2.48313	12589	0
0.136068	0.01	0.2	2.66073	12849.2	0
0.136068	0.01	0.2	2.85102	13210.9	0
0.136068	0.01	0.2	3.05492	13694.9	0
0.136068	0.01	0.2	3.27341	14259	0
0.136068	0.01	0.2	3.50752	14813.4	0
0.136068	0.01	0.2	3.75837	15274.8	0
0.136068	0.01	0.2	4.02717	15590	0
0.136068	0.01	0.2	4.31519	15761.4	0
0.136068	0.01	0.2	4.62381	15887.1	0
0.136068	0.01	0.2	4.9545	16058.5	0
0.136068	0.01	0.2	5.30884	16249.5	0
0.136068	0.01	0.2	5.68853	16403.4	0
0.136068	0.01	0.2	6.09537	16532.8	0
0.136068	0.01	0.2	6.53131	16786.2	0
0.136068	0.01	0.2	6.99842	17163.5	0
0.136068	0.01	0.2	7.49894	17377.4	0
0.136068	0.01	0.2	8.03526	17170.7	0
0.136068	0.01	0.2	8.60994	16658.4	0
0.136068	0.01	0.2	9.22571	15972.1	0
0.136068	0.01	0.2	9.88553	15292	0
0.136068	0.01	0.2	10.5925	14863.3	0
0.136068	0.01	0.2	11.3501	14387.5	0
0.136068	0.01	0.2	12.1619	13803.2	0
0.136068	0.01	0.2	13.0317	13280.1	0
0.136068	0.01	0.2	13.9637	13069	0
0.136068	0.01	0.2	14.9624	13025.3	0
0.136068	0.01	0.2	16.0325	13026.9	0
0.136068	0.01	0.2	17.1791	13165.7	0
0.136068	0.01	0.2	18.4077	13364.6	0
0.136068	0.01	0.2	19.7242	13413.9	0
0.136068	0.01	0.2	21.1349	13483.8	0
0.136068	0.01	0.2	22.6464	13389.2	0
0.136068	0.01	0.2	24.2661	13237.5	0
0.136068	0.01	0.2	26.0016	13135.3	0
0.136068	0.01	0.2	27.8612	13129.4	0
0.136068	0.01	0.2	29.8538	13153.2	0
0.136068	0.01	0.2	31.989	13237.4	0
0.136068	0.01	0.2	34.2768	13381	0
0.136068	0.01	0.2	36.7282	13607	0
0.136068	0.01	0.2	39.355	13737.6	0
0.136068	0.01	0.2	42.1697	13736.2	0
0.136068	0.01	0.2	45.1856	13610.8	0
0.136068	0.01	0.2	48.4172	13533.3	0
0.136068	0.01	0.2	51.88	13496	0
0.136068	0.01	0.2	55.5904	13398.8	0
0.136068	0.01	0.2	59.5662	13231.1	0
0.136068	0.01	0.2	63.8263	13181	0
0.136068	0.01	0.2	68.3912	13197.3	0
0.136068	0.01	0.2	73.2825	13210.2	0
0.136068	0.01	0.2	78.5236	13142.5	0
0.136068	0.01	0.2	84.1395	13154.2	0
0.136068	0.01	0.2	90.1571	13200.6	0
0.136068	0.01	0.2	96.6051	13217.3	0
0.148664	0.01	0.2	0.103514	1.61252	0
0.148664	0.01	0.2	0.110917	2.3051	0
0.148664	0.01	0.2	0.11885	3.24948	0
0.148664	0.01	0.2	0.12735	4.52857	0
0.148664	0.01	0.2	0.136458	6.25114	0
0.148664	0.01	0.2	0.146218	8.55951	0
0.148664	0.01	0.2	0.156675	11.6394	0
0.148664	0.01	0.2	0.16788	15.7324	0
0.148664	0.01	0.2	0.179887	21.1517	0
0.148664	0.01	0.2	0.192752	28.3023	0
0.148664	0.01	0.2	0.206538	37.7051	0
0.148664	0.01	0.2	0.221309	50.0276	0
0.148664	0.01	0.2	0.237137	66.121	0
0.148664	0.01	0.2	0.254097	87.0643	0
0.148664	0.01	0.2	0.27227	114.216	0
0.148664	0.01	0.2	0.291743	149.276	0
0.148664	0.01	0.2	0.312608	194.348	0
0.148664	0.01	0.2	0.334965	252.015	0
0.148664	0.01	0.2	0.358922	325.411	0
0.148664	0.01	0.2	0.384592	418.281	0
0.148664	0.01	0.2	0.412098	535.038	0
0.148664	0.01	0.2	0.44157	680.779	0
0.148664	0.01	0.2	0.473151	861.259	0
0.148664	0.01	0.2	0.506991	1082.8	0
0.148664	0.01	0.2	0.54325	1352.13	0
0.148664	0.01	0.2	0.582103	1676.07	0
0.148664	0.01	0.2	0.623735	2061.2	0
0.148664	0.01	0.2	0.668344	2513.35	0
0.148664	0.01	0.2	0.716143	3037.05	0
0.148664	0.01	0.2	0.767361	3634.98	0
0.148664	0.01	0.2	0.822243	4307.45	0
0.148664	0.01	0.2	0.881049	5051.99	0
0.148664	0.01	0.2	0.944061	5863.04	0
0.148664	0.01	0.2	1.01158	6731.77	0
0.148664	0.01	0.2	1.08393	7645.81	0
0.148664	0.01	0.2	1.16145	8588.81	0
0.148664	0.01	0.2	1.24451	9539.83	0
0.148664	0.01	0.2	1.33352	10473	0
0.148664	0.01	0.2	1.42889	11358.1	0
0.148664	0.01	0.2	1.53109	12163.6	0
0.148664	0.01	0.2	1.64059	12862	0
0.148664	0.01	0.2	1.75792	13437.6	0
0.148664	0.01	0.2	1.88365	13892	0
0.148664	0.01	0.2	2.01837	14244.3	0
0.148664	0.01	0.2	2.16272	14524.7	0
0.148664	0.01	0.2	2.31739	14768.4	0
0.148664	0.01	0.2	2.48313	15017.6	0
0.148664	0.01	0.2	2.66073	15328.3	0
0.148664	0.01	0.2	2.85102	15761.4	0
0.148664	0.01	0.2	3.05492	16342.1	0
0.148664	0.01	0.2	3.27341	17019.8	0
0.148664	0.01	0.2	3.50752	17687	0
0.148664	0.01	0.2	3.75837	18243.2	0
0.148664	0.01	0.2	4.02717	18624.4	0
0.148664	0.01	0.2	4.31519	18832.7	0
0.148664	0.01	0.2	4.62381	18985.2	0
0.148664	0.01	0.2	4.9545	19190.7	0
0.148664	0.01	0.2	5.30884	19418.2	0
0.148664	0.01	0.2	5.68853	19599.9	0
0.148664	0.01	0.2	6.09537	19751.7	0
0.148664	0.01	0.2	6.53131	20051.5	0
0.148664	0.01	0.2	6.99842	20499.5	0
0.148664	0.01	0.2	7.49894	20752.5	0
0.148664	0.01	0.2	8.03526	20504	0
0.148664	0.01	0.2	8.60994	19892.2	0
0.148664	0.01	0.2	9.22571	19074.6	0
0.148664	0.01	0.2	9.88553	18264.7	0
0.148664	0.01	0.2	10.5925	17753.3	0
0.148664	0.01	0.2	11.3501	17183.1	0
0.148664	0.01	0.2	12.1619	16482	0
0.148664	0.01	0.2	13.0317	15854.8	0
0.148664	0.01	0.2	13.9637	15602.1	0
0.148664	0.01	0.2	14.9624	15551.2	0
0.148664	0.01	0.2	16.0325	15554.1	0
0.148664	0.01	0.2	17.1791	15718.8	0
0.148664	0.01	0.2	18.4077	15954.2	0
0.148664	0.01	0.2	19.7242	16012.9	0
0.148664	0.01	0.2	21.1349	16098.7	0
0.148664	0.01	0.2	22.6464	15988.8	0
0.148664	0.01	0.2	24.2661	15810.2	0
0.148664	0.01	0.2	26.0016	15689.8	0
0.148664	0.01	0.2	27.8612	15683.9	0
0.148664	0.01	0.2	29.8538	15713.2	0
0.148664	0.01	0.2	31.989	15812.3	0
0.148664	0.01	0.2	34.2768	15979	0
0.148664	0.01	0.2	36.7282	16242.4	0
0.148664	0.01	0.2	39.355	16393.6	0
0.148664	0.01	0.2	42.1697	16393	0
0.148664	0.01	0.2	45.1856	16246.4	0
0.148664	0.01	0.2	48.4172	16154.3	0
0.148664	0.01	0.2	51.88	16108.8	0
0.148664	0.01	0.2	55.5904	15994	0
0.148664	0.01	0.2	59.5662	15799.5	0
0.148664	0.01	0.2	63.8263	15743.2	0
0.148664	0.01	0.2	68.3912	15761.9	0
0.148664	0.01	0.2	73.2825	15776	0
0.148664	0.01	0.2	78.5236	15695.7	0
0.148664	0.01	0.2	84.1395	15711	0
0.148664	0.01	0.2	90.1571	15766	0
0.148664	0.01	0.2	96.6051	15785.4	0
0.162426	0.01	0.2	0.103514	2.03732	0
0.162426	0.01	0.2	0.110917	2.88606	0
0.162426	0.01	0.2	0.11885	4.03867	0
0.162426	0.01	0.2	0.12735	5.59464	0
0.162426	0.01	0.2	0.136458	7.68439	0
0.162426	0.01	0.2	0.146218	10.4785	0
0.162426	0.01	0.2	0.156675	14.1994	0
0.162426	0.01	0.2	0.16788	19.1364	0
0.162426	0.01	0.2	0.179887	25.6644	0
0.162426	0.01	0.2	0.192752	34.268	0
0.162426	0.01	0.2	0.206538	45.5705	0
0.162426	0.01	0.2	0.221309	60.3703	0
0.162426	0.01	0.2	0.237137	79.6853	0
0.162426	0.01	0.2	0.254097	104.806	0
0.162426	0.01	0.2	0.27227	137.356	0
0.162426	0.01	0.2	0.291743	179.367	0
0.162426	0.01	0.2	0.312608	233.354	0
0.162426	0.01	0.2	0.334965	302.404	0
0.162426	0.01	0.2	0.358922	390.261	0
0.162426	0.01	0.2	0.384592	501.401	0
0.162426	0.01	0.2	0.412098	641.097	0
0.162426	0.01	0.2	0.44157	815.436	0
0.162426	0.01	0.2	0.473151	1031.29	0
0.162426	0.01	0.2	0.506991	1296.23	0
0.162426	0.01	0.2	0.54325	1618.25	0
0.162426	0.01	0.2	0.582103	2005.54	0
0.162426	0.01	0.2	0.623735	2465.92	0
0.162426	0.01	0.2	0.668344	3006.35	0
0.162426	0.01	0.2	0.716143	3632.24	0
0.162426	0.01	0.2	0.767361	4346.76	0
0.162426	0.01	0.2	0.822243	5150.26	0
0.162426	0.01	0.2	0.881049	6039.75	0
0.162426	0.01	0.2	0.944061	7008.55	0
0.162426	0.01	0.2	1.01158	8046.05	0
0.162426	0.01	0.2	1.08393	9137.41	0
0.162426	0.01	0.2	1.16145	10263	0
0.162426	0.01	0.2	1.24451	11397.8	0
0.162426	0.01	0.2	1.33352	12510.7	0
0.162426	0.01	0.2	1.42889	13565.7	0
0.162426	0.01	0.2	1.53109	14525	0
0.162426	0.01	0.2	1.64059	15355.9	0
0.162426	0.01	0.2	1.75792	16039.7	0
0.162426	0.01	0.2	1.88365	16578.6	0
0.162426	0.01	0.2	2.01837	16995.5	0
0.162426	0.01	0.2	2.16272	17327	0
0.162426	0.01	0.2	2.31739	17615.5	0
0.162426	0.01	0.2	2.48313	17911.6	0
0.162426	0.01	0.2	2.66073	18282.8	0
0.162426	0.01	0.2	2.85102	18801.9	0
0.162426	0.01	0.2	3.05492	19499.2	0
0.162426	0.01	0.2	3.27341	20313.9	0
0.162426	0.01	0.2	3.50752	21117.1	0
0.162426	0.01	0.2	3.75837	21788	0
0.162426	0.01	0.2	4.02717	22249.3	0
0.162426	0.01	0.2	4.31519	22502.7	0
0.162426	0.01	0.2	4.62381	22687.6	0
0.162426	0.01	0.2	4.9545	22933.9	0
0.162426	0.01	0.2	5.30884	23204.4	0
0.162426	0.01	0.2	5.68853	23418.6	0
0.162426	0.01	0.2	6.09537	23596.3	0
0.162426	0.01	0.2	6.53131	23950.8	0
0.162426	0.01	0.2	6.99842	24482.7	0
0.162426	0.01	0.2	7.49894	24782	0
0.162426	0.01	0.2	8.03526	24483.6	0
0.162426	0.01	0.2	8.60994	23753.6	0
0.162426	0.01	0.2	9.22571	22779.8	0
0.162426	0.01	0.2	9.88553	21815.3	0
0.162426	0.01	0.2	10.5925	21205.1	0
0.162426	0.01	0.2	11.3501	20521.6	0
0.162426	0.01	0.2	12.1619	19680.3	0
0.162426	0.01	0.2	13.0317	18928.3	0
0.162426	0.01	0.2	13.9637	18625.6	0
0.162426	0.01	0.2	14.9624	18566	0
0.162426	0.01	0.2	16.0325	18570.1	0
0.162426	0.01	0.2	17.1791	18765.3	0
0.162426	0.01	0.2	18.4077	19043.8	0
0.162426	0.01	0.2	19.7242	19113.6	0
0.162426	0.01	0.2	21.1349	19218.6	0
0.162426	0.01	0.2	22.6464	19091.4	0
0.162426	0.01	0.2	24.2661	18881.8	0
0.162426	0.01	0.2	26.0016	18740.4	0
0.162426	0.01	0.2	27.8612	18735.1	0
0.162426	0.01	0.2	29.8538	18770.9	0
0.162426	0.01	0.2	31.989	18887	0
0.162426	0.01	0.2	34.2768	19080.2	0
0.162426	0.01	0.2	36.7282	19386.6	0
0.162426	0.01	0.2	39.355	19561.2	0
0.162426	0.01	0.2	42.1697	19561.2	0
0.162426	0.01	0.2	45.1856	19390	0
0.162426	0.01	0.2	48.4172	19280.8	0
0.162426	0.01	0.2	51.88	19225.2	0
0.162426	0.01	0.2	55.5904	19090.2	0
0.162426	0.01	0.2	59.5662	18864.9	0
0.162426	0.01	0.2	63.8263	18802.3	0
0.162426	0.01	0.2	68.3912	18823.8	0
0.162426	0.01	0.2	73.2825	18839	0
0.162426	0.01	0.2	78.5236	18743.7	0
0.162426	0.01	0.2	84.1395	18763.4	0
0.162426	0.01	0.2	90.1571	18828.8	0
0.162426	0.01	0.2	96.6051	18851.2	0
0.177463	0.01	0.2	0.103514	2.55855	0
0.177463	0.01	0.2	0.110917	3.59589	0
0.177463	0.01	0.2	0.11885	4.99963	0
0.177463	0.01	0.2	0.12735	6.88909	0
0.177463	0.01	0.2	0.136458	9.4206	0
0.177463	0.01	0.2	0.146218	12.7985	0
0.177463	0.01	0.2	0.156675	17.2893	0
0.177463	0.01	0.2	0.16788	23.2394	0
0.177463	0.01	0.2	0.179887	31.0974	0
0.177463	0.01	0.2	0.192752	41.4432	0
0.177463	0.01	0.2	0.206538	55.0224	0
0.177463	0.01	0.2	0.221309	72.79	0
0.177463	0.01	0.2	0.237137	95.9633	0
0.177463	0.01	0.2	0.254097	126.085	0
0.177463	0.01	0.2	0.27227	165.097	0
0.177463	0.01	0.2	0.291743	215.426	0
0.177463	0.01	0.2	0.312608	280.081	0
0.177463	0.01	0.2	0.334965	362.749	0
0.177463	0.01	0.2	0.358922	467.904	0
0.177463	0.01	0.2	0.384592	600.896	0
0.177463	0.01	0.2	0.412098	768.024	0
0.177463	0.01	0.2	0.44157	976.56	0
0.177463	0.01	0.2	0.473151	1234.72	0
0.177463	0.01	0.2	0.506991	1551.52	0
0.177463	0.01	0.2	0.54325	1936.55	0
0.177463	0.01	0.2	0.582103	2399.55	0
0.177463	0.01	0.2	0.623735	2949.88	0
0.177463	0.01	0.2	0.668344	3595.83	0
0.177463	0.01	0.2	0.716143	4343.84	0
0.177463	0.01	0.2	0.767361	5197.68	0
0.177463	0.01	0.2	0.822243	6157.72	0
0.177463	0.01	0.2	0.881049	7220.36	0
0.177463	0.01	0.2	0.944061	8377.54	0
0.177463	0.01	0.2	1.01158	9616.53	0
0.177463	0.01	0.2	1.08393	10919.5	0
0.177463	0.01	0.2	1.16145	12262.9	0
0.177463	0.01	0.2	1.24451	13616.7	0
0.177463	0.01	0.2	1.33352	14943.8	0
0.177463	0.01	0.2	1.42889	16201	0
0.177463	0.01	0.2	1.53109	17343.1	0
0.177463	0.01	0.2	1.64059	18331.1	0
0.177463	0.01	0.2	1.75792	19143	0
0.177463	0.01	0.2	1.88365	19781.5	0
0.177463	0.01	0.2	2.01837	20274.6	0
0.177463	0.01	0.2	2.16272	20666.2	0
0.177463	0.01	0.2	2.31739	21007.4	0
0.177463	0.01	0.2	2.48313	21359.5	0
0.177463	0.01	0.2	2.66073	21803.2	0
0.177463	0.01	0.2	2.85102	22425.9	0
0.177463	0.01	0.2	3.05492	23263.7	0
0.177463	0.01	0.2	3.27341	24243.8	0
0.177463	0.01	0.2	3.50752	25211.4	0
0.177463	0.01	0.2	3.75837	26021.4	0
0.177463	0.01	0.2	4.02717	26579.9	0
0.177463	0.01	0.2	4.31519	26888.4	0
0.177463	0.01	0.2	4.62381	27112.6	0
0.177463	0.01	0.2	4.9545	27407.5	0
0.177463	0.01	0.2	5.30884	27728.7	0
0.177463	0.01	0.2	5.68853	27980.7	0
0.177463	0.01	0.2	6.09537	28188.1	0
0.177463	0.01	0.2	6.53131	28607	0
0.177463	0.01	0.2	6.99842	29238.4	0
0.177463	0.01	0.2	7.49894	29592.8	0
0.177463	0.01	0.2	8.03526	29235	0
0.177463	0.01	0.2	8.60994	28364.4	0
0.177463	0.01	0.2	9.22571	27205	0
0.177463	0.01	0.2	9.88553	26056.3	0
0.177463	0.01	0.2	10.5925	25328	0
0.177463	0.01	0.2	11.3501	24508.6	0
0.177463	0.01	0.2	12.1619	23499	0
0.177463	0.01	0.2	13.0317	22597.1	0
0.177463	0.01	0.2	13.9637	22234.4	0
0.177463	0.01	0.2	14.9624	22164.2	0
0.177463	0.01	0.2	16.0325	22169.4	0
0.177463	0.01	0.2	17.1791	22400.3	0
0.177463	0.01	0.2	18.4077	22729.5	0
0.177463	0.01	0.2	19.7242	22812.4	0
0.177463	0.01	0.2	21.1349	22941	0
0.177463	0.01	0.2	22.6464	22794.3	0
0.177463	0.01	0.2	24.2661	22548.8	0
0.177463	0.01	0.2	26.0016	22383.6	0
0.177463	0.01	0.2	27.8612	22379.7	0
0.177463	0.01	0.2	29.8538	22423.2	0
0.177463	0.01	0.2	31.989	22558.7	0
0.177463	0.01	0.2	34.2768	22781.7	0
0.177463	0.01	0.2	36.7282	23137.4	0
0.177463	0.01	0.2	39.355	23338.4	0
0.177463	0.01	0.2	42.1697	23338.9	0
0.177463	0.01	0.2	45.1856	23139.1	0
0.177463	0.01	0.2	48.4172	23009.7	0
0.177463	0.01	0.2	51.88	22942.2	0
0.177463	0.01	0.2	55.5904	22783.7	0
0.177463	0.01	0.2	59.5662	22523.5	0
0.177463	0.01	0.2	63.8263	22454.5	0
0.177463	0.01	0.2	68.3912	22479.2	0
0.177463	0.01	0.2	73.2825	22495.2	0
0.177463	0.01	0.2	78.5236	22382.2	0
0.177463	0.01	0.2	84.1395	22407.6	0
0.177463	0.01	0.2	90.1571	22485.2	0
0.177463	0.01	0.2	96.6051	22511	0
0.193892	0.01	0.2	0.103514	3.19637	0
0.193892	0.01	0.2	0.110917	4.46129	0
0.193892	0.01	0.2	0.11885	6.16765	0
0.193892	0.01	0.2	0.12735	8.45852	0
0.193892	0.01	0.2	0.136458	11.5213	0
0.193892	0.01	0.2	0.146218	15.6007	0
0.193892	0.01	0.2	0.156675	21.0159	0
0.193892	0.01	0.2	0.16788	28.1815	0
0.193892	0.01	0.2	0.179887	37.6346	0
0.193892	0.01	0.2	0.192752	50.0688	0
0.193892	0.01	0.2	0.206538	66.3762	0
0.193892	0.01	0.2	0.221309	87.6989	0
0.193892	0.01	0.2	0.237137	115.493	0
0.193892	0.01	0.2	0.254097	151.602	0
0.193892	0.01	0.2	0.27227	198.348	0
0.193892	0.01	0.2	0.291743	258.633	0
0.193892	0.01	0.2	0.312608	336.051	0
0.193892	0.01	0.2	0.334965	435.011	0
0.193892	0.01	0.2	0.358922	560.858	0
0.193892	0.01	0.2	0.384592	719.986	0
0.193892	0.01	0.2	0.412098	919.92	0
0.193892	0.01	0.2	0.44157	1169.35	0
0.193892	0.01	0.2	0.473151	1478.09	0
0.193892	0.01	0.2	0.506991	1856.91	0
0.193892	0.01	0.2	0.54325	2317.26	0
0.193892	0.01	0.2	0.582103	2870.77	0
0.193892	0.01	0.2	0.623735	3528.62	0
0.193892	0.01	0.2	0.668344	4300.68	0
0.193892	0.01	0.2	0.716143	5194.63	0
0.193892	0.01	0.2	0.767361	6214.95	0
0.193892	0.01	0.2	0.822243	7362.03	0
0.193892	0.01	0.2	0.881049	8631.49	0
0.193892	0.01	0.2	0.944061	10013.7	0
0.193892	0.01	0.2	1.01158	11493.2	0
0.193892	0.01	0.2	1.08393	13048.7	0
0.193892	0.01	0.2	1.16145	14651.9	0
0.193892	0.01	0.2	1.24451	16266.8	0
0.193892	0.01	0.2	1.33352	17848.9	0
0.193892	0.01	0.2	1.42889	19346.6	0
0.193892	0.01	0.2	1.53109	20705.8	0
0.193892	0.01	0.2	1.64059	21880.2	0
0.193892	0.01	0.2	1.75792	22843.5	0
0.193892	0.01	0.2	1.88365	23599.5	0
0.193892	0.01	0.2	2.01837	24182	0
0.193892	0.01	0.2	2.16272	24644.1	0
0.193892	0.01	0.2	2.31739	25047.6	0
0.193892	0.01	0.2	2.48313	25466.3	0
0.193892	0.01	0.2	2.66073	25997	0
0.193892	0.01	0.2	2.85102	26744.6	0
0.193892	0.01	0.2	3.05492	27752.1	0
0.193892	0.01	0.2	3.27341	28932	0
0.193892	0.01	0.2	3.50752	30098.6	0
0.193892	0.01	0.2	3.75837	31077.2	0
0.193892	0.01	0.2	4.02717	31754.1	0
0.193892	0.01	0.2	4.31519	32129.8	0
0.193892	0.01	0.2	4.62381	32401.7	0
0.193892	0.01	0.2	4.9545	32754.5	0
0.193892	0.01	0.2	5.30884	33135.5	0
0.193892	0.01	0.2	5.68853	33431.2	0
0.193892	0.01	0.2	6.09537	33672.6	0
0.193892	0.01	0.2	6.53131	34166.9	0
0.193892	0.01	0.2	6.99842	34916.3	0
0.193892	0.01	0.2	7.49894	35336.2	0
0.193892	0.01	0.2	8.03526	34907.8	0
0.193892	0.01	0.2	8.60994	33870.3	0
0.193892	0.01	0.2	9.22571	32490.3	0
0.193892	0.01	0.2	9.88553	31122.4	0
0.193892	0.01	0.2	10.5925	30252.9	0
0.193892	0.01	0.2	11.3501	29270.2	0
0.193892	0.01	0.2	12.1619	28058.3	0
0.193892	0.01	0.2	13.0317	26976.4	0
0.193892	0.01	0.2	13.9637	26541.6	0
0.193892	0.01	0.2	14.9624	26458.4	0
0.193892	0.01	0.2	16.0325	26464.4	0
0.193892	0.01	0.2	17.1791	26737.3	0
0.193892	0.01	0.2	18.4077	27126.2	0
0.193892	0.01	0.2	19.7242	27224.3	0
0.193892	0.01	0.2	21.1349	27381.7	0
0.193892	0.01	0.2	22.6464	27213.1	0
0.193892	0.01	0.2	24.2661	26926.5	0
0.193892	0.01	0.2	26.0016	26734.5	0
0.193892	0.01	0.2	27.8612	26733.1	0
0.193892	0.01	0.2	29.8538	26785.7	0
0.193892	0.01	0.2	31.989	26943.3	0
0.193892	0.01	0.2	34.2768	27199.7	0
0.193892	0.01	0.2	36.7282	27611.7	0
0.193892	0.01	0.2	39.355	27842.1	0
0.193892	0.01	0.2	42.1697	27842.6	0
0.193892	0.01	0.2	45.1856	27609.5	0
0.193892	0.01	0.2	48.4172	27456.7	0
0.193892	0.01	0.2	51.88	27374.8	0
0.193892	0.01	0.2	55.5904	27189.4	0
0.193892	0.01	0.2	59.5662	26889.6	0
0.193892	0.01	0.2	63.8263	26814.4	0
0.193892	0.01	0.2	68.3912	26843	0
0.193892	0.01	0.2	73.2825	26859.7	0
0.193892	0.01	0.2	78.5236	26725.7	0
0.193892	0.01	0.2	84.1395	26758.1	0
0.193892	0.01	0.2	90.1571	26850.2	0
0.193892	0.01	0.2	96.6051	26879.6	0
0.211841	0.01	0.2	0.103514	3.97499	0
0.211841	0.01	0.2	0.110917	5.51432	0
0.211841	0.01	0.2	0.11885	7.58513	0
0.211841	0.01	0.2	0.12735	10.3589	0
0.211841	0.01	0.2	0.136458	14.0602	0
0.211841	0.01	0.2	0.146218	18.9822	0
0.211841	0.01	0.2	0.156675	25.507	0
0.211841	0.01	0.2	0.16788	34.1308	0
0.211841	0.01	0.2	0.179887	45.4965	0
0.211841	0.01	0.2	0.192752	60.4338	0
0.211841	0.01	0.2	0.206538	80.0099	0
0.211841	0.01	0.2	0.221309	105.591	0
0.211841	0.01	0.2	0.237137	138.917	0
0.211841	0.01	0.2	0.254097	182.194	0
0.211841	0.01	0.2	0.27227	238.198	0
0.211841	0.01	0.2	0.291743	310.396	0
0.211841	0.01	0.2	0.312608	403.086	0
0.211841	0.01	0.2	0.334965	521.537	0
0.211841	0.01	0.2	0.358922	672.138	0
0.211841	0.01	0.2	0.384592	862.527	0
0.211841	0.01	0.2	0.412098	1101.7	0
0.211841	0.01	0.2	0.44157	1400.03	0
0.211841	0.01	0.2	0.473151	1769.25	0
0.211841	0.01	0.2	0.506991	2222.23	0
0.211841	0.01	0.2	0.54325	2772.64	0
0.211841	0.01	0.2	0.582103	3434.35	0
0.211841	0.01	0.2	0.623735	4220.72	0
0.211841	0.01	0.2	0.668344	5143.53	0
0.211841	0.01	0.2	0.716143	6211.91	0
0.211841	0.01	0.2	0.767361	7431.17	0
0.211841	0.01	0.2	0.822243	8801.72	0
0.211841	0.01	0.2	0.881049	10318.2	0
0.211841	0.01	0.2	0.944061	11969.1	0
0.211841	0.01	0.2	1.01158	13735.8	0
0.211841	0.01	0.2	1.08393	15592.6	0
0.211841	0.01	0.2	1.16145	17505.7	0
0.211841	0.01	0.2	1.24451	19431.8	0
0.211841	0.01	0.2	1.33352	21317.5	0
0.211841	0.01	0.2	1.42889	23101.2	0
0.211841	0.01	0.2	1.53109	24718.2	0
0.211841	0.01	0.2	1.64059	26113.3	0
0.211841	0.01	0.2	1.75792	27255.5	0
0.211841	0.01	0.2	1.88365	28149.8	0
0.211841	0.01	0.2	2.01837	28837.1	0
0.211841	0.01	0.2	2.16272	29381.8	0
0.211841	0.01	0.2	2.31739	29858.8	0
0.211841	0.01	0.2	2.48313	30356.6	0
0.211841	0.01	0.2	2.66073	30992	0
0.211841	0.01	0.2	2.85102	31890.3	0
0.211841	0.01	0.2	3.05492	33102.7	0
0.211841	0.01	0.2	3.27341	34524.4	0
0.211841	0.01	0.2	3.50752	35932.2	0
0.211841	0.01	0.2	3.75837	37115.4	0
0.211841	0.01	0.2	4.02717	37936.6	0
0.211841	0.01	0.2	4.31519	38394.6	0
0.211841	0.01	0.2	4.62381	38724.4	0
0.211841	0.01	0.2	4.9545	39146.2	0
0.211841	0.01	0.2	5.30884	39597.4	0
0.211841	0.01	0.2	5.68853	39943.4	0
0.211841	0.01	0.2	6.09537	40223.4	0
0.211841	0.01	0.2	6.53131	40806.1	0
0.211841	0.01	0.2	6.99842	41695.2	0
0.211841	0.01	0.2	7.49894	42193.1	0
0.211841	0.01	0.2	8.03526	41680.9	0
0.211841	0.01	0.2	8.60994	40445.2	0
0.211841	0.01	0.2	9.22571	38803.3	0
0.211841	0.01	0.2	9.88553	37174.6	0
0.211841	0.01	0.2	10.5925	36136.1	0
0.211841	0.01	0.2	11.3501	34957.3	0
0.211841	0.01	0.2	12.1619	33502	0
0.211841	0.01	0.2	13.0317	32203.9	0
0.211841	0.01	0.2	13.9637	31682.2	0
0.211841	0.01	0.2	14.9624	31583.1	0
0.211841	0.01	0.2	16.0325	31589.4	0
0.211841	0.01	0.2	17.1791	31911.3	0
0.211841	0.01	0.2	18.4077	32370.3	0
0.211841	0.01	0.2	19.7242	32486.4	0
0.211841	0.01	0.2	21.1349	32679	0
0.211841	0.01	0.2	22.6464	32486	0
0.211841	0.01	0.2	24.2661	32152.5	0
0.211841	0.01	0.2	26.0016	31930.6	0
0.211841	0.01	0.2	27.8612	31933.7	0
0.211841	0.01	0.2	29.8538	31996.9	0
0.211841	0.01	0.2	31.989	32179	0
0.211841	0.01	0.2	34.2768	32472.5	0
0.211841	0.01	0.2	36.7282	32948.5	0
0.211841	0.01	0.2	39.355	33211.4	0
0.211841	0.01	0.2	42.1697	33211.2	0
0.211841	0.01	0.2	45.1856	32939.6	0
0.211841	0.01	0.2	48.4172	32759.4	0
0.211841	0.01	0.2	51.88	32660.3	0
0.211841	0.01	0.2	55.5904	32444.2	0
0.211841	0.01	0.2	59.5662	32100	0
0.211841	0.01	0.2	63.8263	32019.2	0
0.211841	0.01	0.2	68.3912	32052.4	0
0.211841	0.01	0.2	73.2825	32069.2	0
0.211841	0.01	0.2	78.5236	31910.4	0
0.211841	0.01	0.2	84.1395	31951.7	0
0.211841	0.01	0.2	90.1571	32061	0
0.211841	0.01	0.2	96.6051	32094.2	0
0.231452	0.01	0.2	0.103514	4.92358	0
0.231452	0.01	0.2	0.110917	6.79354	0
0.231452	0.01	0.2	0.11885	9.30299	0
0.231452	0.01	0.2	0.12735	12.6575	0
0.231452	0.01	0.2	0.136458	17.126	0
0.231452	0.01	0.2	0.146218	23.0597	0
0.231452	0.01	0.2	0.156675	30.9159	0
0.231452	0.01	0.2	0.16788	41.2887	0
0.231452	0.01	0.2	0.179887	54.9474	0
0.231452	0.01	0.2	0.192752	72.8846	0
0.231452	0.01	0.2	0.206538	96.3767	0
0.231452	0.01	0.2	0.221309	127.058	0
0.231452	0.01	0.2	0.237137	167.009	0
0.231452	0.01	0.2	0.254097	218.867	0
0.231452	0.01	0.2	0.27227	285.951	0
0.231452	0.01	0.2	0.291743	372.408	0
0.231452	0.01	0.2	0.312608	483.372	0
0.231452	0.01	0.2	0.334965	625.142	0
0.231452	0.01	0.2	0.358922	805.353	0
0.231452	0.01	0.2	0.384592	1033.14	0
0.231452	0.01	0.2	0.412098	1319.24	0
0.231452	0.01	0.2	0.44157	1676.06	0
0.231452	0.01	0.2	0.473151	2117.61	0
0.231452	0.01	0.2	0.506991	2659.26	0
0.231452	0.01	0.2	0.54325	3317.34	0
0.231452	0.01	0.2	0.582103	4108.44	0
0.231452	0.01	0.2	0.623735	5048.45	0
0.231452	0.01	0.2	0.668344	6151.46	0
0.231452	0.01	0.2	0.716143	7428.33	0
0.231452	0.01	0.2	0.767361	8885.33	0
0.231452	0.01	0.2	0.822243	10522.9	0
0.231452	0.01	0.2	0.881049	12334.6	0
0.231452	0.01	0.2	0.944061	14306.3	0
0.231452	0.01	0.2	1.01158	16415.8	0
0.231452	0.01	0.2	1.08393	18632.2	0
0.231452	0.01	0.2	1.16145	20914.8	0
0.231452	0.01	0.2	1.24451	23211.6	0
0.231452	0.01	0.2	1.33352	25458.8	0
0.231452	0.01	0.2	1.42889	27582.4	0
0.231452	0.01	0.2	1.53109	29505.3	0
0.231452	0.01	0.2	1.64059	31161.7	0
0.231452	0.01	0.2	1.75792	32514.9	0
0.231452	0.01	0.2	1.88365	33571.7	0
0.231452	0.01	0.2	2.01837	34381.8	0
0.231452	0.01	0.2	2.16272	35023.2	0
0.231452	0.01	0.2	2.31739	35586.4	0
0.231452	0.01	0.2	2.48313	36178.6	0
0.231452	0.01	0.2	2.66073	36939.8	0
0.231452	0.01	0.2	2.85102	38020	0
0.231452	0.01	0.2	3.05492	39480.4	0
0.231452	0.01	0.2	3.27341	41194.9	0
0.231452	0.01	0.2	3.50752	42895.3	0
0.231452	0.01	0.2	3.75837	44327.5	0
0.231452	0.01	0.2	4.02717	45324.7	0
0.231452	0.01	0.2	4.31519	45883.6	0
0.231452	0.01	0.2	4.62381	46283.7	0
0.231452	0.01	0.2	4.9545	46787.6	0
0.231452	0.01	0.2	5.30884	47321.1	0
0.231452	0.01	0.2	5.68853	47724.8	0
0.231452	0.01	0.2	6.09537	48048.1	0
0.231452	0.01	0.2	6.53131	48734	0
0.231452	0.01	0.2	6.99842	49788.5	0
0.231452	0.01	0.2	7.49894	50379	0
0.231452	0.01	0.2	8.03526	49767.6	0
0.231452	0.01	0.2	8.60994	48297.2	0
0.231452	0.01	0.2	9.22571	46344.8	0
0.231452	0.01	0.2	9.88553	44405.6	0
0.231452	0.01	0.2	10.5925	43165	0
0.231452	0.01	0.2	11.3501	41750	0
0.231452	0.01	0.2	12.1619	40001.9	0
0.231452	0.01	0.2	13.0317	38443.7	0
0.231452	0.01	0.2	13.9637	37817.1	0
0.231452	0.01	0.2	14.9624	37698.6	0
0.231452	0.01	0.2	16.0325	37704.5	0
0.231452	0.01	0.2	17.1791	38083.7	0
0.231452	0.01	0.2	18.4077	38624.9	0
0.231452	0.01	0.2	19.7242	38762	0
0.231452	0.01	0.2	21.1349	38997.4	0
0.231452	0.01	0.2	22.6464	38777.7	0
0.231452	0.01	0.2	24.2661	38391.2	0
0.231452	0.01	0.2	26.0016	38136.5	0
0.231452	0.01	0.2	27.8612	38146.6	0
0.231452	0.01	0.2	29.8538	38222.1	0
0.231452	0.01	0.2	31.989	38431.4	0
0.231452	0.01	0.2	34.2768	38765.5	0
0.231452	0.01	0.2	36.7282	39313.5	0
0.231452	0.01	0.2	39.355	39611.6	0
0.231452	0.01	0.2	42.1697	39610	0
0.231452	0.01	0.2	45.1856	39293.8	0
0.231452	0.01	0.2	48.4172	39081.7	0
0.231452	0.01	0.2	51.88	38962.2	0
0.231452	0.01	0.2	55.5904	38711.1	0
0.231452	0.01	0.2	59.5662	38317.3	0
0.231452	0.01	0.2	63.8263	38232.3	0
0.231452	0.01	0.2	68.3912	38271.1	0
0.231452	0.01	0.2	73.2825	38287.4	0
0.231452	0.01	0.2	78.5236	38099.1	0
0.231452	0.01	0.2	84.1395	38151.5	0
0.231452	0.01	0.2	90.1571	38281.1	0
0.231452	0.01	0.2	96.6051	38318.4	0
0.252878	0.01	0.2	0.103514	6.07716	0
0.252878	0.01	0.2	0.110917	8.34527	0
0.252878	0.01	0.2	0.11885	11.3824	0
0.252878	0.01	0.2	0.12735	15.4349	0
0.252878	0.01	0.2	0.136458	20.825	0
0.252878	0.01	0.2	0.146218	27.9731	0
0.252878	0.01	0.2	0.156675	37.4268	0
0.252878	0.01	0.2	0.16788	49.8971	0
0.252878	0.01	0.2	0.179887	66.3044	0
0.252878	0.01	0.2	0.192752	87.8363	0
0.252878	0.01	0.2	0.206538	116.02	0
0.252878	0.01	0.2	0.221309	152.809	0
0.252878	0.01	0.2	0.237137	200.693	0
0.252878	0.01	0.2	0.254097	262.824	0
0.252878	0.01	0.2	0.27227	343.171	0
0.252878	0.01	0.2	0.291743	446.691	0
0.252878	0.01	0.2	0.312608	579.522	0
0.252878	0.01	0.2	0.334965	749.194	0
0.252878	0.01	0.2	0.358922	964.831	0
0.252878	0.01	0.2	0.384592	1237.35	0
0.252878	0.01	0.2	0.412098	1579.58	0
0.252878	0.01	0.2	0.44157	2006.36	0
0.252878	0.01	0.2	0.473151	2534.41	0
0.252878	0.01	0.2	0.506991	3182.11	0
0.252878	0.01	0.2	0.54325	3968.96	0
0.252878	0.01	0.2	0.582103	4914.74	0
0.252878	0.01	0.2	0.623735	6038.47	0
0.252878	0.01	0.2	0.668344	7356.9	0
0.252878	0.01	0.2	0.716143	8882.98	0
0.252878	0.01	0.2	0.767361	10624.1	0
0.252878	0.01	0.2	0.822243	12580.8	0
0.252878	0.01	0.2	0.881049	14745	0
0.252878	0.01	0.2	0.944061	17099.9	0
0.252878	0.01	0.2	1.01158	19618.8	0
0.252878	0.01	0.2	1.08393	22264.2	0
0.252878	0.01	0.2	1.16145	24987.3	0
0.252878	0.01	0.2	1.24451	27725.8	0
0.252878	0.01	0.2	1.33352	30403.1	0
0.252878	0.01	0.2	1.42889	32930.5	0
0.252878	0.01	0.2	1.53109	35216.2	0
0.252878	0.01	0.2	1.64059	37181.6	0
0.252878	0.01	0.2	1.75792	38783.6	0
0.252878	0.01	0.2	1.88365	40030.9	0
0.252878	0.01	0.2	2.01837	40984.4	0
0.252878	0.01	0.2	2.16272	41738.6	0
0.252878	0.01	0.2	2.31739	42403.3	0
0.252878	0.01	0.2	2.48313	43107.7	0
0.252878	0.01	0.2	2.66073	44020.3	0
0.252878	0.01	0.2	2.85102	45320.5	0
0.252878	0.01	0.2	3.05492	47081.4	0
0.252878	0.01	0.2	3.27341	49151	0
0.252878	0.01	0.2	3.50752	51206.9	0
0.252878	0.01	0.2	3.75837	52942.2	0
0.252878	0.01	0.2	4.02717	54154.7	0
0.252878	0.01	0.2	4.31519	54837.6	0
0.252878	0.01	0.2	4.62381	55323.1	0
0.252878	0.01	0.2	4.9545	55924.7	0
0.252878	0.01	0.2	5.30884	56554.3	0
0.252878	0.01	0.2	5.68853	57023.7	0
0.252878	0.01	0.2	6.09537	57395	0
0.252878	0.01	0.2	6.53131	58201.1	0
0.252878	0.01	0.2	6.99842	59451.2	0
0.252878	0.01	0.2	7.49894	60151.8	0
0.252878	0.01	0.2	8.03526	59423	0
0.252878	0.01	0.2	8.60994	57675	0
0.252878	0.01	0.2	9.22571	55354.5	0
0.252878	0.01	0.2	9.88553	53046.2	0
0.252878	0.01	0.2	10.5925	51563.5	0
0.252878	0.01	0.2	11.3501	49864.2	0
0.252878	0.01	0.2	12.1619	47763.2	0
0.252878	0.01	0.2	13.0317	45891.9	0
0.252878	0.01	0.2	13.9637	45138.8	0
0.252878	0.01	0.2	14.9624	44996.1	0
0.252878	0.01	0.2	16.0325	45000.5	0
0.252878	0.01	0.2	17.1791	45446.4	0
0.252878	0.01	0.2	18.4077	46084.1	0
0.252878	0.01	0.2	19.7242	46245.5	0
0.252878	0.01	0.2	21.1349	46533.4	0
0.252878	0.01	0.2	22.6464	46284.7	0
0.252878	0.01	0.2	24.2661	45838.7	0
0.252878	0.01	0.2	26.0016	45548.4	0
0.252878	0.01	0.2	27.8612	45569.3	0
0.252878	0.01	0.2	29.8538	45659.1	0
0.252878	0.01	0.2	31.989	45898.1	0
0.252878	0.01	0.2	34.2768	46275.6	0
0.252878	0.01	0.2	36.7282	46904.1	0
0.252878	0.01	0.2	39.355	47239.9	0
0.252878	0.01	0.2	42.1697	47235.3	0
0.252878	0.01	0.2	45.1856	46867.8	0
0.252878	0.01	0.2	48.4172	46618.9	0
0.252878	0.01	0.2	51.88	46475	0
0.252878	0.01	0.2	55.5904	46184.3	0
0.252878	0.01	0.2	59.5662	45736	0
0.252878	0.01	0.2	63.8263	45649	0
0.252878	0.01	0.2	68.3912	45694.7	0
0.252878	0.01	0.2	73.2825	45709.4	0
0.252878	0.01	0.2	78.5236	45486.1	0
0.252878	0.01	0.2	84.1395	45552.5	0
0.252878	0.01	0.2	90.1571	45706	0
0.252878	0.01	0.2	96.6051	45747.3	0
0.276288	0.01	0.2	0.103514	7.47788	0
0.276288	0.01	0.2	0.110917	10.2252	0
0.276288	0.01	0.2	0.11885	13.8969	0
0.276288	0.01	0.2	0.12735	18.7882	0
0.276288	0.01	0.2	0.136458	25.2849	0
0.276288	0.01	0.2	0.146218	33.8905	0
0.276288	0.01	0.2	0.156675	45.2604	0
0.276288	0.01	0.2	0.16788	60.2457	0
0.276288	0.01	0.2	0.179887	79.9476	0
0.276288	0.01	0.2	0.192752	105.787	0
0.276288	0.01	0.2	0.206538	139.59	0
0.276288	0.01	0.2	0.221309	183.695	0
0.276288	0.01	0.2	0.237137	241.077	0
0.276288	0.01	0.2	0.254097	315.508	0
0.276288	0.01	0.2	0.27227	411.731	0
0.276288	0.01	0.2	0.291743	535.673	0
0.276288	0.01	0.2	0.312608	694.673	0
0.276288	0.01	0.2	0.334965	897.731	0
0.276288	0.01	0.2	0.358922	1155.75	0
0.276288	0.01	0.2	0.384592	1481.79	0
0.276288	0.01	0.2	0.412098	1891.17	0
0.276288	0.01	0.2	0.44157	2401.63	0
0.276288	0.01	0.2	0.473151	3033.15	0
0.276288	0.01	0.2	0.506991	3807.69	0
0.276288	0.01	0.2	0.54325	4748.52	0
0.276288	0.01	0.2	0.582103	5879.3	0
0.276288	0.01	0.2	0.623735	7222.69	0
0.276288	0.01	0.2	0.668344	8798.69	0
0.276288	0.01	0.2	0.716143	10622.7	0
0.276288	0.01	0.2	0.767361	12703.5	0
0.276288	0.01	0.2	0.822243	15041.4	0
0.276288	0.01	0.2	0.881049	17626.9	0
0.276288	0.01	0.2	0.944061	20439.5	0
0.276288	0.01	0.2	1.01158	23446.9	0
0.276288	0.01	0.2	1.08393	26604.2	0
0.276288	0.01	0.2	1.16145	29852.5	0
0.276288	0.01	0.2	1.24451	33117.1	0
0.276288	0.01	0.2	1.33352	36306	0
0.276288	0.01	0.2	1.42889	39313.1	0
0.276288	0.01	0.2	1.53109	42028.7	0
0.276288	0.01	0.2	1.64059	44359.2	0
0.276288	0.01	0.2	1.75792	46253.8	0
0.276288	0.01	0.2	1.88365	47724.3	0
0.276288	0.01	0.2	2.01837	48844.9	0
0.276288	0.01	0.2	2.16272	49730.5	0
0.276288	0.01	0.2	2.31739	50514	0
0.276288	0.01	0.2	2.48313	51352	0
0.276288	0.01	0.2	2.66073	52446.9	0
0.276288	0.01	0.2	2.85102	54013.7	0
0.276288	0.01	0.2	3.05492	56139	0
0.276288	0.01	0.2	3.27341	58639.9	0
0.276288	0.01	0.2	3.50752	61128.3	0
0.276288	0.01	0.2	3.75837	63233.6	0
0.276288	0.01	0.2	4.02717	64709.7	0
0.276288	0.01	0.2	4.31519	65545	0
0.276288	0.01	0.2	4.62381	66134.5	0
0.276288	0.01	0.2	4.9545	66852.3	0
0.276288	0.01	0.2	5.30884	67593.8	0
0.276288	0.01	0.2	5.68853	68137.2	0
0.276288	0.01	0.2	6.09537	68561.2	0
0.276288	0.01	0.2	6.53131	69506.6	0
0.276288	0.01	0.2	6.99842	70987.6	0
0.276288	0.01	0.2	7.49894	71819.3	0
0.276288	0.01	0.2	8.03526	70952.1	0
0.276288	0.01	0.2	8.60994	68876.1	0
0.276288	0.01	0.2	9.22571	66120	0
0.276288	0.01	0.2	9.88553	63372.9	0
0.276288	0.01	0.2	10.5925	61600.3	0
0.276288	0.01	0.2	11.3501	59558.2	0
0.276288	0.01	0.2	12.1619	57031.5	0
0.276288	0.01	0.2	13.0317	54782.7	0
0.276288	0.01	0.2	13.9637	53876.4	0
0.276288	0.01	0.2	14.9624	53704	0
0.276288	0.01	0.2	16.0325	53705.2	0
0.276288	0.01	0.2	17.1791	54228.8	0
0.276288	0.01	0.2	18.4077	54979.2	0
0.276288	0.01	0.2	19.7242	55169	0
0.276288	0.01	0.2	21.1349	55520.8	0
0.276288	0.01	0.2	22.6464	55241.2	0
0.276288	0.01	0.2	24.2661	54729.1	0
0.276288	0.01	0.2	26.0016	54401.4	0
0.276288	0.01	0.2	27.8612	54438.3	0
0.276288	0.01	0.2	29.8538	54544.8	0
0.276288	0.01	0.2	31.989	54815.2	0
0.276288	0.01	0.2	34.2768	55238.4	0
0.276288	0.01	0.2	36.7282	55955.7	0
0.276288	0.01	0.2	39.355	56330.7	0
0.276288	0.01	0.2	42.1697	56320.9	0
0.276288	0.01	0.2	45.1856	55894.6	0
0.276288	0.01	0.2	48.4172	55603.1	0
0.276288	0.01	0.2	51.88	55430.5	0
0.276288	0.01	0.2	55.5904	55095.3	0
0.276288	0.01	0.2	59.5662	54587.5	0
0.276288	0.01	0.2	63.8263	54502.1	0
0.276288	0.01	0.2	68.3912	54556.4	0
0.276288	0.01	0.2	73.2825	54568.2	0
0.276288	0.01	0.2	78.5236	54303.4	0
0.276288	0.01	0.2	84.1395	54387	0
0.276288	0.01	0.2	90.1571	54568.8	0
0.276288	0.01	0.2	96.6051	54613.7	0
0.301866	0.01	0.2	0.103514	9.17641	0
0.301866	0.01	0.2	0.110917	12.5003	0
0.301866	0.01	0.2	0.11885	16.9349	0
0.301866	0.01	0.2	0.12735	22.8337	0
0.301866	0.01	0.2	0.136458	30.6589	0
0.301866	0.01	0.2	0.146218	41.0135	0
0.301866	0.01	0.2	0.156675	54.6819	0
0.301866	0.01	0.2	0.16788	72.6825	0
0.301866	0.01	0.2	0.179887	96.3333	0
0.301866	0.01	0.2	0.192752	127.334	0
0.301866	0.01	0.2	0.206538	167.87	0
0.301866	0.01	0.2	0.221309	220.736	0
0.301866	0.01	0.2	0.237137	289.493	0
0.301866	0.01	0.2	0.254097	378.649	0
0.301866	0.01	0.2	0.27227	493.877	0
0.301866	0.01	0.2	0.291743	642.263	0
0.301866	0.01	0.2	0.312608	832.582	0
0.301866	0.01	0.2	0.334965	1075.59	0
0.301866	0.01	0.2	0.358922	1384.34	0
0.301866	0.01	0.2	0.384592	1774.4	0
0.301866	0.01	0.2	0.412098	2264.13	0
0.301866	0.01	0.2	0.44157	2874.7	0
0.301866	0.01	0.2	0.473151	3629.99	0
0.301866	0.01	0.2	0.506991	4556.24	0
0.301866	0.01	0.2	0.54325	5681.26	0
0.301866	0.01	0.2	0.582103	7033.28	0
0.301866	0.01	0.2	0.623735	8639.37	0
0.301866	0.01	0.2	0.668344	10523.4	0
0.301866	0.01	0.2	0.716143	12703.5	0
0.301866	0.01	0.2	0.767361	15190.3	0
0.301866	0.01	0.2	0.822243	17984	0
0.301866	0.01	0.2	0.881049	21072.8	0
0.301866	0.01	0.2	0.944061	24432	0
0.301866	0.01	0.2	1.01158	28022.6	0
0.301866	0.01	0.2	1.08393	31790.5	0
0.301866	0.01	0.2	1.16145	35665	0
0.301866	0.01	0.2	1.24451	39556	0
0.301866	0.01	0.2	1.33352	43353.3	0
0.301866	0.01	0.2	1.42889	46929.8	0
0.301866	0.01	0.2	1.53109	50154.4	0
0.301866	0.01	0.2	1.64059	52915.8	0
0.301866	0.01	0.2	1.75792	55154.3	0
0.301866	0.01	0.2	1.88365	56885.6	0
0.301866	0.01	0.2	2.01837	58200.4	0
0.301866	0.01	0.2	2.16272	59238.4	0
0.301866	0.01	0.2	2.31739	60161.2	0
0.301866	0.01	0.2	2.48313	61158.2	0
0.301866	0.01	0.2	2.66073	62472.9	0
0.301866	0.01	0.2	2.85102	64362.8	0
0.301866	0.01	0.2	3.05492	66930.8	0
0.301866	0.01	0.2	3.27341	69956.3	0
0.301866	0.01	0.2	3.50752	72971.8	0
0.301866	0.01	0.2	3.75837	75529.3	0
0.301866	0.01	0.2	4.02717	77328.9	0
0.301866	0.01	0.2	4.31519	78352.3	0
0.301866	0.01	0.2	4.62381	79068.7	0
0.301866	0.01	0.2	4.9545	79924.4	0
0.301866	0.01	0.2	5.30884	80795.8	0
0.301866	0.01	0.2	5.68853	81421.7	0
0.301866	0.01	0.2	6.09537	81901.8	0
0.301866	0.01	0.2	6.53131	83008	0
0.301866	0.01	0.2	6.99842	84761.3	0
0.301866	0.01	0.2	7.49894	85748.9	0
0.301866	0.01	0.2	8.03526	84719	0
0.301866	0.01	0.2	8.60994	82256.6	0
0.301866	0.01	0.2	9.22571	78985.7	0
0.301866	0.01	0.2	9.88553	75717.1	0
0.301866	0.01	0.2	10.5925	73597.2	0
0.301866	0.01	0.2	11.3501	71141.1	0
0.301866	0.01	0.2	12.1619	68100.1	0
0.301866	0.01	0.2	13.0317	65395.7	0
0.301866	0.01	0.2	13.9637	64303.7	0
0.301866	0.01	0.2	14.9624	64094.5	0
0.301866	0.01	0.2	16.0325	64090.3	0
0.301866	0.01	0.2	17.1791	64704.1	0
0.301866	0.01	0.2	18.4077	65586.2	0
0.301866	0.01	0.2	19.7242	65808.7	0
0.301866	0.01	0.2	21.1349	66238.6	0
0.301866	0.01	0.2	22.6464	65926.7	0
0.301866	0.01	0.2	24.2661	65342	0
0.301866	0.01	0.2	26.0016	64976.2	0
0.301866	0.01	0.2	27.8612	65036.6	0
0.301866	0.01	0.2	29.8538	65162.4	0
0.301866	0.01	0.2	31.989	65465.2	0
0.301866	0.01	0.2	34.2768	65934.5	0
0.301866	0.01	0.2	36.7282	66748.5	0
0.301866	0.01	0.2	39.355	67162.7	0
0.301866	0.01	0.2	42.1697	67144.9	0
0.301866	0.01	0.2	45.1856	66651.5	0
0.301866	0.01	0.2	48.4172	66311.2	0
0.301866	0.01	0.2	51.88	66104.5	0
0.301866	0.01	0.2	55.5904	65719.7	0
0.301866	0.01	0.2	59.5662	65148.1	0
0.301866	0.01	0.2	63.8263	65069.7	0
0.301866	0.01	0.2	68.3912	65134.8	0
0.301866	0.01	0.2	73.2825	65141.9	0
0.301866	0.01	0.2	78.5236	64827.9	0
0.301866	0.01	0.2	84.1395	64932.9	0
0.301866	0.01	0.2	90.1571	65147.8	0
0.301866	0.01	0.2	96.6051	65195.6	0
0.329811	0.01	0.2	0.103514	11.2337	0
0.329811	0.01	0.2	0.110917	15.2509	0
0.329811	0.01	0.2	0.11885	20.6023	0
0.329811	0.01	0.2	0.12735	27.7112	0
0.329811	0.01	0.2	0.136458	37.1312	0
0.329811	0.01	0.2	0.146218	49.5842	0
0.329811	0.01	0.2	0.156675	66.0093	0
0.329811	0.01	0.2	0.16788	87.6252	0
0.329811	0.01	0.2	0.179887	116.009	0
0.329811	0.01	0.2	0.192752	153.195	0
0.329811	0.01	0.2	0.206538	201.796	0
0.329811	0.01	0.2	0.221309	265.156	0
0.329811	0.01	0.2	0.237137	347.534	0
0.329811	0.01	0.2	0.254097	454.321	0
0.329811	0.01	0.2	0.27227	592.303	0
0.329811	0.01	0.2	0.291743	769.951	0
0.329811	0.01	0.2	0.312608	997.758	0
0.329811	0.01	0.2	0.334965	1288.59	0
0.329811	0.01	0.2	0.358922	1658.03	0
0.329811	0.01	0.2	0.384592	2124.72	0
0.329811	0.01	0.2	0.412098	2710.58	0
0.329811	0.01	0.2	0.44157	3440.93	0
0.329811	0.01	0.2	0.473151	4344.31	0
0.329811	0.01	0.2	0.506991	5452.07	0
0.329811	0.01	0.2	0.54325	6797.42	0
0.329811	0.01	0.2	0.582103	8414.09	0
0.329811	0.01	0.2	0.623735	10334.4	0
0.329811	0.01	0.2	0.668344	12586.7	0
0.329811	0.01	0.2	0.716143	15192.8	0
0.329811	0.01	0.2	0.767361	18164.9	0
0.329811	0.01	0.2	0.822243	21503.2	0
0.329811	0.01	0.2	0.881049	25193.4	0
0.329811	0.01	0.2	0.944061	29205.5	0
0.329811	0.01	0.2	1.01158	33492.3	0
0.329811	0.01	0.2	1.08393	37988.8	0
0.329811	0.01	0.2	1.16145	42609.5	0
0.329811	0.01	0.2	1.24451	47246.3	0
0.329811	0.01	0.2	1.33352	51766.8	0
0.329811	0.01	0.2	1.42889	56018.9	0
0.329811	0.01	0.2	1.53109	59845.8	0
0.329811	0.01	0.2	1.64059	63115.2	0
0.329811	0.01	0.2	1.75792	65757.1	0
0.329811	0.01	0.2	1.88365	67792.3	0
0.329811	0.01	0.2	2.01837	69332	0
0.329811	0.01	0.2	2.16272	70546.3	0
0.329811	0.01	0.2	2.31739	71631.9	0
0.329811	0.01	0.2	2.48313	72818.3	0
0.329811	0.01	0.2	2.66073	74398.4	0
0.329811	0.01	0.2	2.85102	76680.6	0
0.329811	0.01	0.2	3.05492	79787	0
0.329811	0.01	0.2	3.27341	83451.7	0
0.329811	0.01	0.2	3.50752	87110.8	0
0.329811	0.01	0.2	3.75837	90221.9	0
0.329811	0.01	0.2	4.02717	92419.5	0
0.329811	0.01	0.2	4.31519	93675.5	0
0.329811	0.01	0.2	4.62381	94546.9	0
0.329811	0.01	0.2	4.9545	95566.2	0
0.329811	0.01	0.2	5.30884	96587.7	0
0.329811	0.01	0.2	5.68853	97304.1	0
0.329811	0.01	0.2	6.09537	97842.4	0
0.329811	0.01	0.2	6.53131	99132.9	0
0.329811	0.01	0.2	6.99842	101207	0
0.329811	0.01	0.2	7.49894	102380	0
0.329811	0.01	0.2	8.03526	101160	0
0.329811	0.01	0.2	8.60994	98242.7	0
0.329811	0.01	0.2	9.22571	94364.5	0
0.329811	0.01	0.2	9.88553	90476.9	0
0.329811	0.01	0.2	10.5925	87940.4	0
0.329811	0.01	0.2	11.3501	84983.7	0
0.329811	0.01	0.2	12.1619	81320.3	0
0.329811	0.01	0.2	13.0317	78065.2	0
0.329811	0.01	0.2	13.9637	76747.5	0
0.329811	0.01	0.2	14.9624	76492.5	0
0.329811	0.01	0.2	16.0325	76479.9	0
0.329811	0.01	0.2	17.1791	77198.4	0
0.329811	0.01	0.2	18.4077	78234	0
0.329811	0.01	0.2	19.7242	78494.1	0
0.329811	0.01	0.2	21.1349	79019	0
0.329811	0.01	0.2	22.6464	78674.7	0
0.329811	0.01	0.2	24.2661	78011.3	0
0.329811	0.01	0.2	26.0016	77608.9	0
0.329811	0.01	0.2	27.8612	77703	0
0.329811	0.01	0.2	29.8538	77851.2	0
0.329811	0.01	0.2	31.989	78186	0
0.329811	0.01	0.2	34.2768	78699.2	0
0.329811	0.01	0.2	36.7282	79616.4	0
0.329811	0.01	0.2	39.355	80067.9	0
0.329811	0.01	0.2	42.1697	80037.9	0
0.329811	0.01	0.2	45.1856	79468.3	0
0.329811	0.01	0.2	48.4172	79072.4	0
0.329811	0.01	0.2	51.88	78825.5	0
0.329811	0.01	0.2	55.5904	78385.9	0
0.329811	0.01	0.2	59.5662	77747.2	0
0.329811	0.01	0.2	63.8263	77683.6	0
0.329811	0.01	0.2	68.3912	77762.6	0
0.329811	0.01	0.2	73.2825	77762.6	0
0.329811	0.01	0.2	78.5236	77390	0
0.329811	0.01	0.2	84.1395	77521.4	0
0.329811	0.01	0.2	90.1571	77775	0
0.329811	0.01	0.2	96.6051	77824.3	0
0.360343	0.01	0.2	0.103514	13.723	0
0.360343	0.01	0.2	0.110917	18.5739	0
0.360343	0.01	0.2	0.11885	25.0267	0
0.360343	0.01	0.2	0.12735	33.5888	0
0.360343	0.01	0.2	0.136458	44.923	0
0.360343	0.01	0.2	0.146218	59.8935	0
0.360343	0.01	0.2	0.156675	79.6246	0
0.360343	0.01	0.2	0.16788	105.575	0
0.360343	0.01	0.2	0.179887	139.632	0
0.360343	0.01	0.2	0.192752	184.229	0
0.360343	0.01	0.2	0.206538	242.492	0
0.360343	0.01	0.2	0.221309	318.423	0
0.360343	0.01	0.2	0.237137	417.115	0
0.360343	0.01	0.2	0.254097	545.016	0
0.360343	0.01	0.2	0.27227	710.241	0
0.360343	0.01	0.2	0.291743	922.922	0
0.360343	0.01	0.2	0.312608	1195.61	0
0.360343	0.01	0.2	0.334965	1543.68	0
0.360343	0.01	0.2	0.358922	1985.77	0
0.360343	0.01	0.2	0.384592	2544.17	0
0.360343	0.01	0.2	0.412098	3245.09	0
0.360343	0.01	0.2	0.44157	4118.77	0
0.360343	0.01	0.2	0.473151	5199.36	0
0.360343	0.01	0.2	0.506991	6524.29	0
0.360343	0.01	0.2	0.54325	8133.26	0
0.360343	0.01	0.2	0.582103	10066.5	0
0.360343	0.01	0.2	0.623735	12362.7	0
0.360343	0.01	0.2	0.668344	15055.5	0
0.360343	0.01	0.2	0.716143	18171	0
0.360343	0.01	0.2	0.767361	21723.5	0
0.360343	0.01	0.2	0.822243	25712.9	0
0.360343	0.01	0.2	0.881049	30121.7	0
0.360343	0.01	0.2	0.944061	34913.6	0
0.360343	0.01	0.2	1.01158	40031.6	0
0.360343	0.01	0.2	1.08393	45397.2	0
0.360343	0.01	0.2	1.16145	50907.2	0
0.360343	0.01	0.2	1.24451	56431.6	0
0.360343	0.01	0.2	1.33352	61811.6	0
0.360343	0.01	0.2	1.42889	66864.7	0
0.360343	0.01	0.2	1.53109	71403.6	0
0.360343	0.01	0.2	1.64059	75271.1	0
0.360343	0.01	0.2	1.75792	78385.4	0
0.360343	0.01	0.2	1.88365	80773.8	0
0.360343	0.01	0.2	2.01837	82573.1	0
0.360343	0.01	0.2	2.16272	83990.6	0
0.360343	0.01	0.2	2.31739	85266.1	0
0.360343	0.01	0.2	2.48313	86677.8	0
0.360343	0.01	0.2	2.66073	88578.6	0
0.360343	0.01	0.2	2.85102	91338	0
0.360343	0.01	0.2	3.05492	95100.7	0
0.360343	0.01	0.2	3.27341	99545.3	0
0.360343	0.01	0.2	3.50752	103992	0
0.360343	0.01	0.2	3.75837	107782	0
0.360343	0.01	0.2	4.02717	110470	0
0.360343	0.01	0.2	4.31519	112015	0
0.360343	0.01	0.2	4.62381	113076	0
0.360343	0.01	0.2	4.9545	114289	0
0.360343	0.01	0.2	5.30884	115483	0
0.360343	0.01	0.2	5.68853	116297	0
0.360343	0.01	0.2	6.09537	116893	0
0.360343	0.01	0.2	6.53131	118393	0
0.360343	0.01	0.2	6.99842	120843	0
0.360343	0.01	0.2	7.49894	122237	0
0.360343	0.01	0.2	8.03526	120795	0
0.360343	0.01	0.2	8.60994	117345	0
0.360343	0.01	0.2	9.22571	112752	0
0.360343	0.01	0.2	9.88553	108130	0
0.360343	0.01	0.2	10.5925	105094	0
0.360343	0.01	0.2	11.3501	101530	0
0.360343	0.01	0.2	12.1619	97112.4	0
0.360343	0.01	0.2	13.0317	93190.3	0
0.360343	0.01	0.2	13.9637	91597.9	0
0.360343	0.01	0.2	14.9624	91285.9	0
0.360343	0.01	0.2	16.0325	91260.7	0
0.360343	0.01	0.2	17.1791	92100.4	0
0.360343	0.01	0.2	18.4077	93314.7	0
0.360343	0.01	0.2	19.7242	93617.9	0
0.360343	0.01	0.2	21.1349	94258.6	0
0.360343	0.01	0.2	22.6464	93882.6	0
0.360343	0.01	0.2	24.2661	93136	0
0.360343	0.01	0.2	26.0016	92701.4	0
0.360343	0.01	0.2	27.8612	92843.6	0
0.360343	0.01	0.2	29.8538	93017.6	0
0.360343	0.01	0.2	31.989	93381.6	0
0.360343	0.01	0.2	34.2768	93932.8	0
0.360343	0.01	0.2	36.7282	94957.5	0
0.360343	0.01	0.2	39.355	95440.7	0
0.360343	0.01	0.2	42.1697	95393	0
0.360343	0.01	0.2	45.1856	94737.6	0
0.360343	0.01	0.2	48.4172	94278.7	0
0.360343	0.01	0.2	51.88	93984.4	0
0.360343	0.01	0.2	55.5904	93485	0
0.360343	0.01	0.2	59.5662	92777.6	0
0.360343	0.01	0.2	63.8263	92740	0
0.360343	0.01	0.2	68.3912	92837.3	0
0.360343	0.01	0.2	73.2825	92827.1	0
0.360343	0.01	0.2	78.5236	92384.7	0
0.360343	0.01	0.2	84.1395	92548.4	0
0.360343	0.01	0.2	90.1571	92847	0
0.360343	0.01	0.2	96.6051	92895.3	0
0.393701	0.01	0.2	0.103514	16.7325	0
0.393701	0.01	0.2	0.110917	22.5855	0
0.393701	0.01	0.2	0.11885	30.3616	0
0.393701	0.01	0.2	0.12735	40.6685	0
0.393701	0.01	0.2	0.136458	54.3	0
0.393701	0.01	0.2	0.146218	72.2908	0
0.393701	0.01	0.2	0.156675	95.9869	0
0.393701	0.01	0.2	0.16788	127.134	0
0.393701	0.01	0.2	0.179887	167.991	0
0.393701	0.01	0.2	0.192752	221.469	0
0.393701	0.01	0.2	0.206538	291.311	0
0.393701	0.01	0.2	0.221309	382.301	0
0.393701	0.01	0.2	0.237137	500.533	0
0.393701	0.01	0.2	0.254097	653.722	0
0.393701	0.01	0.2	0.27227	851.572	0
0.393701	0.01	0.2	0.291743	1106.2	0
0.393701	0.01	0.2	0.312608	1432.62	0
0.393701	0.01	0.2	0.334965	1849.22	0
0.393701	0.01	0.2	0.358922	2378.28	0
0.393701	0.01	0.2	0.384592	3046.47	0
0.393701	0.01	0.2	0.412098	3885.1	0
0.393701	0.01	0.2	0.44157	4930.35	0
0.393701	0.01	0.2	0.473151	6223.02	0
0.393701	0.01	0.2	0.506991	7807.86	0
0.393701	0.01	0.2	0.54325	9732.29	0
0.393701	0.01	0.2	0.582103	12044.4	0
0.393701	0.01	0.2	0.623735	14790.2	0
0.393701	0.01	0.2	0.668344	18010.1	0
0.393701	0.01	0.2	0.716143	21734.8	0
0.393701	0.01	0.2	0.767361	25981.4	0
0.393701	0.01	0.2	0.822243	30749.2	0
0.393701	0.01	0.2	0.881049	36016.9	0
0.393701	0.01	0.2	0.944061	41740.3	0
0.393701	0.01	0.2	1.01158	47850.6	0
0.393701	0.01	0.2	1.08393	54252.7	0
0.393701	0.01	0.2	1.16145	60822.5	0
0.393701	0.01	0.2	1.24451	67403.2	0
0.393701	0.01	0.2	1.33352	73804	0
0.393701	0.01	0.2	1.42889	79806.2	0
0.393701	0.01	0.2	1.53109	85186.1	0
0.393701	0.01	0.2	1.64059	89756.9	0
0.393701	0.01	0.2	1.75792	93423	0
0.393701	0.01	0.2	1.88365	96220.8	0
0.393701	0.01	0.2	2.01837	98318.3	0
0.393701	0.01	0.2	2.16272	99969.2	0
0.393701	0.01	0.2	2.31739	101466	0
0.393701	0.01	0.2	2.48313	103146	0
0.393701	0.01	0.2	2.66073	105435	0
0.393701	0.01	0.2	2.85102	108775	0
0.393701	0.01	0.2	3.05492	113339	0
0.393701	0.01	0.2	3.27341	118737	0
0.393701	0.01	0.2	3.50752	124148	0
0.393701	0.01	0.2	3.75837	128774	0
0.393701	0.01	0.2	4.02717	132069	0
0.393701	0.01	0.2	4.31519	133971	0
0.393701	0.01	0.2	4.62381	135266	0
0.393701	0.01	0.2	4.9545	136709	0
0.393701	0.01	0.2	5.30884	138099	0
0.393701	0.01	0.2	5.68853	139015	0
0.393701	0.01	0.2	6.09537	139663	0
0.393701	0.01	0.2	6.53131	141400	0
0.393701	0.01	0.2	6.99842	144291	0
0.393701	0.01	0.2	7.49894	145949	0
0.393701	0.01	0.2	8.03526	144249	0
0.393701	0.01	0.2	8.60994	140177	0
0.393701	0.01	0.2	9.22571	134744	0
0.393701	0.01	0.2	9.88553	129252	0
0.393701	0.01	0.2	10.5925	125615	0
0.393701	0.01	0.2	11.3501	121315	0
0.393701	0.01	0.2	12.1619	115980	0
0.393701	0.01	0.2	13.0317	111249	0
0.393701	0.01	0.2	13.9637	109321	0
0.393701	0.01	0.2	14.9624	108937	0
0.393701	0.01	0.2	16.0325	108895	0
0.393701	0.01	0.2	17.1791	109875	0
0.393701	0.01	0.2	18.4077	111296	0
0.393701	0.01	0.2	19.7242	111648	0
0.393701	0.01	0.2	21.1349	112430	0
0.393701	0.01	0.2	22.6464	112025	0
0.393701	0.01	0.2	24.2661	111193	0
0.393701	0.01	0.2	26.0016	110735	0
0.393701	0.01	0.2	27.8612	110945	0
0.393701	0.01	0.2	29.8538	111149	0
0.393701	0.01	0.2	31.989	111536	0
0.393701	0.01	0.2	34.2768	112113	0
0.393701	0.01	0.2	36.7282	113246	0
0.393701	0.01	0.2	39.355	113751	0
0.393701	0.01	0.2	42.1697	113677	0
0.393701	0.01	0.2	45.1856	112926	0
0.393701	0.01	0.2	48.4172	112397	0
0.393701	0.01	0.2	51.88	112047	0
0.393701	0.01	0.2	55.5904	111483	0
0.393701	0.01	0.2	59.5662	110708	0
0.393701	0.01	0.2	63.8263	110712	0
0.393701	0.01	0.2	68.3912	110833	0
0.393701	0.01	0.2	73.2825	110809	0
0.393701	0.01	0.2	78.5236	110283	0
0.393701	0.01	0.2	84.1395	110487	0
0.393701	0.01	0.2	90.1571	110837	0
0.393701	0.01	0.2	96.6051	110881	0
0.430148	0.01	0.2	0.103514	20.3683	0
0.430148	0.01	0.2	0.110917	27.4256	0
0.430148	0.01	0.2	0.11885	36.7912	0
0.430148	0.01	0.2	0.12735	49.193	0
0.430148	0.01	0.2	0.136458	65.5816	0
0.430148	0.01	0.2	0.146218	87.1961	0
0.430148	0.01	0.2	0.156675	115.648	0
0.430148	0.01	0.2	0.16788	153.026	0
0.430148	0.01	0.2	0.179887	202.034	0
0.430148	0.01	0.2	0.192752	266.158	0
0.430148	0.01	0.2	0.206538	349.874	0
0.430148	0.01	0.2	0.221309	458.907	0
0.430148	0.01	0.2	0.237137	600.549	0
0.430148	0.01	0.2	0.254097	784.029	0
0.430148	0.01	0.2	0.27227	1020.96	0
0.430148	0.01	0.2	0.291743	1325.83	0
0.430148	0.01	0.2	0.312608	1716.59	0
0.430148	0.01	0.2	0.334965	2215.25	0
0.430148	0.01	0.2	0.358922	2848.45	0
0.430148	0.01	0.2	0.384592	3648.08	0
0.430148	0.01	0.2	0.412098	4651.59	0
0.430148	0.01	0.2	0.44157	5902.24	0
0.430148	0.01	0.2	0.473151	7448.79	0
0.430148	0.01	0.2	0.506991	9344.74	0
0.430148	0.01	0.2	0.54325	11646.8	0
0.430148	0.01	0.2	0.582103	14412.3	0
0.430148	0.01	0.2	0.623735	17696.3	0
0.430148	0.01	0.2	0.668344	21546.8	0
0.430148	0.01	0.2	0.716143	26000.3	0
0.430148	0.01	0.2	0.767361	31077	0
0.430148	0.01	0.2	0.822243	36775.5	0
0.430148	0.01	0.2	0.881049	43069.8	0
0.430148	0.01	0.2	0.944061	49906	0
0.430148	0.01	0.2	1.01158	57201	0
0.430148	0.01	0.2	1.08393	64839.6	0
0.430148	0.01	0.2	1.16145	72672	0
0.430148	0.01	0.2	1.24451	80509.4	0
0.430148	0.01	0.2	1.33352	88122.1	0
0.430148	0.01	0.2	1.42889	95248.2	0
0.430148	0.01	0.2	1.53109	101620	0
0.430148	0.01	0.2	1.64059	107017	0
0.430148	0.01	0.2	1.75792	111326	0
0.430148	0.01	0.2	1.88365	114597	0
0.430148	0.01	0.2	2.01837	117035	0
0.430148	0.01	0.2	2.16272	118952	0
0.430148	0.01	0.2	2.31739	120705	0
0.430148	0.01	0.2	2.48313	122705	0
0.430148	0.01	0.2	2.66073	125465	0
0.430148	0.01	0.2	2.85102	129515	0
0.430148	0.01	0.2	3.05492	135058	0
0.430148	0.01	0.2	3.27341	141624	0
0.430148	0.01	0.2	3.50752	148220	0
0.430148	0.01	0.2	3.75837	153876	0
0.430148	0.01	0.2	4.02717	157922	0
0.430148	0.01	0.2	4.31519	160271	0
0.430148	0.01	0.2	4.62381	161852	0
0.430148	0.01	0.2	4.9545	163568	0
0.430148	0.01	0.2	5.30884	165181	0
0.430148	0.01	0.2	5.68853	166198	0
0.430148	0.01	0.2	6.09537	166886	0
0.430148	0.01	0.2	6.53131	168886	0
0.430148	0.01	0.2	6.99842	172293	0
0.430148	0.01	0.2	7.49894	174265	0
0.430148	0.01	0.2	8.03526	172268	0
0.430148	0.01	0.2	8.60994	167473	0
0.430148	0.01	0.2	9.22571	161056	0
0.430148	0.01	0.2	9.88553	154535	0
0.430148	0.01	0.2	10.5925	150175	0
0.430148	0.01	0.2	11.3501	144978	0
0.430148	0.01	0.2	12.1619	138527	0
0.430148	0.01	0.2	13.0317	132811	0
0.430148	0.01	0.2	13.9637	130472	0
0.430148	0.01	0.2	14.9624	130000	0
0.430148	0.01	0.2	16.0325	129933	0
0.430148	0.01	0.2	17.1791	131075	0
0.430148	0.01	0.2	18.4077	132738	0
0.430148	0.01	0.2	19.7242	133145	0
0.430148	0.01	0.2	21.1349	134097	0
0.430148	0.01	0.2	22.6464	133669	0
0.430148	0.01	0.2	24.2661	132751	0
0.430148	0.01	0.2	26.0016	132286	0
0.430148	0.01	0.2	27.8612	132592	0
0.430148	0.01	0.2	29.8538	132830	0
0.430148	0.01	0.2	31.989	133229	0
0.430148	0.01	0.2	34.2768	133812	0
0.430148	0.01	0.2	36.7282	135046	0
0.430148	0.01	0.2	39.355	135556	0
0.430148	0.01	0.2	42.1697	135447	0
0.430148	0.01	0.2	45.1856	134590	0
0.430148	0.01	0.2	48.4172	133983	0
0.430148	0.01	0.2	51.88	133568	0
0.430148	0.01	0.2	55.5904	132934	0
0.430148	0.01	0.2	59.5662	132096	0
0.430148	0.01	0.2	63.8263	132164	0
0.430148	0.01	0.2	68.3912	132318	0
0.430148	0.01	0.2	73.2825	132275	0
0.430148	0.01	0.2	78.5236	131650	0
0.430148	0.01	0.2	84.1395	131900	0
0.430148	0.01	0.2	90.1571	132310	0
0.430148	0.01	0.2	96.6051	132343	0
0.469968	0.01	0.2	0.103514	24.758	0
0.469968	0.01	0.2	0.110917	33.2628	0
0.469968	0.01	0.2	0.11885	44.5376	0
0.469968	0.01	0.2	0.12735	59.4545	0
0.469968	0.01	0.2	0.136458	79.1522	0
0.469968	0.01	0.2	0.146218	105.114	0
0.469968	0.01	0.2	0.156675	139.27	0
0.469968	0.01	0.2	0.16788	184.121	0
0.469968	0.01	0.2	0.179887	242.903	0
0.469968	0.01	0.2	0.192752	319.787	0
0.469968	0.01	0.2	0.206538	420.131	0
0.469968	0.01	0.2	0.221309	550.787	0
0.469968	0.01	0.2	0.237137	720.479	0
0.469968	0.01	0.2	0.254097	940.25	0
0.469968	0.01	0.2	0.27227	1223.99	0
0.469968	0.01	0.2	0.291743	1589.04	0
0.469968	0.01	0.2	0.312608	2056.88	0
0.469968	0.01	0.2	0.334965	2653.82	0
0.469968	0.01	0.2	0.358922	3411.75	0
0.469968	0.01	0.2	0.384592	4368.79	0
0.469968	0.01	0.2	0.412098	5569.75	0
0.469968	0.01	0.2	0.44157	7066.34	0
0.469968	0.01	0.2	0.473151	8916.89	0
0.469968	0.01	0.2	0.506991	11185.3	0
0.469968	0.01	0.2	0.54325	13939.4	0
0.469968	0.01	0.2	0.582103	17247.7	0
0.469968	0.01	0.2	0.623735	21175.8	0
0.469968	0.01	0.2	0.668344	25781	0
0.469968	0.01	0.2	0.716143	31106.7	0
0.469968	0.01	0.2	0.767361	37176.4	0
0.469968	0.01	0.2	0.822243	43988.1	0
0.469968	0.01	0.2	0.881049	51509.5	0
0.469968	0.01	0.2	0.944061	59675.4	0
0.469968	0.01	0.2	1.01158	68384.7	0
0.469968	0.01	0.2	1.08393	77498.2	0
0.469968	0.01	0.2	1.16145	86834.7	0
0.469968	0.01	0.2	1.24451	96166.5	0
0.469968	0.01	0.2	1.33352	105218	0
0.469968	0.01	0.2	1.42889	113674	0
0.469968	0.01	0.2	1.53109	121215	0
0.469968	0.01	0.2	1.64059	127579	0
0.469968	0.01	0.2	1.75792	132636	0
0.469968	0.01	0.2	1.88365	136450	0
0.469968	0.01	0.2	2.01837	139277	0
0.469968	0.01	0.2	2.16272	141497	0
0.469968	0.01	0.2	2.31739	143547	0
0.469968	0.01	0.2	2.48313	145927	0
0.469968	0.01	0.2	2.66073	149258	0
0.469968	0.01	0.2	2.85102	154175	0
0.469968	0.01	0.2	3.05492	160919	0
0.469968	0.01	0.2	3.27341	168919	0
0.469968	0.01	0.2	3.50752	176973	0
0.469968	0.01	0.2	3.75837	183902	0
0.469968	0.01	0.2	4.02717	188881	0
0.469968	0.01	0.2	4.31519	191790	0
0.469968	0.01	0.2	4.62381	193725	0
0.469968	0.01	0.2	4.9545	195763	0
0.469968	0.01	0.2	5.30884	197625	0
0.469968	0.01	0.2	5.68853	198737	0
0.469968	0.01	0.2	6.09537	199443	0
0.469968	0.01	0.2	6.53131	201729	0
0.469968	0.01	0.2	6.99842	205736	0
0.469968	0.01	0.2	7.49894	208083	0
0.469968	0.01	0.2	8.03526	205748	0
0.469968	0.01	0.2	8.60994	200116	0
0.469968	0.01	0.2	9.22571	192553	0
0.469968	0.01	0.2	9.88553	184814	0
0.469968	0.01	0.2	10.5925	179584	0
0.469968	0.01	0.2	11.3501	173293	0
0.469968	0.01	0.2	12.1619	165479	0
0.469968	0.01	0.2	13.0317	158561	0
0.469968	0.01	0.2	13.9637	155717	0
0.469968	0.01	0.2	14.9624	155134	0
0.469968	0.01	0.2	16.0325	155034	0
0.469968	0.01	0.2	17.1791	156364	0
0.469968	0.01	0.2	18.4077	158306	0
0.469968	0.01	0.2	19.7242	158773	0
0.469968	0.01	0.2	21.1349	159933	0
0.469968	0.01	0.2	22.6464	159490	0
0.469968	0.01	0.2	24.2661	158493	0
0.469968	0.01	0.2	26.0016	158045	0
0.469968	0.01	0.2	27.8612	158484	0
0.469968	0.01	0.2	29.8538	158763	0
0.469968	0.01	0.2	31.989	159155	0
0.469968	0.01	0.2	34.2768	159713	0
0.469968	0.01	0.2	36.7282	161032	0
0.469968	0.01	0.2	39.355	161521	0
0.469968	0.01	0.2	42.1697	161362	0
0.469968	0.01	0.2	45.1856	160391	0
0.469968	0.01	0.2	48.4172	159698	0
0.469968	0.01	0.2	51.88	159207	0
0.469968	0.01	0.2	55.5904	158501	0
0.469968	0.01	0.2	59.5662	157610	0
0.469968	0.01	0.2	63.8263	157771	0
0.469968	0.01	0.2	68.3912	157970	0
0.469968	0.01	0.2	73.2825	157902	0
0.469968	0.01	0.2	78.5236	157157	0
0.469968	0.01	0.2	84.1395	157464	0
0.469968	0.01	0.2	90.1571	157941	0
0.469968	0.01	0.2	96.6051	157956	0
0.513475	0.01	0.2	0.103514	30.0556	0
0.513475	0.01	0.2	0.110917	40.2996	0
0.513475	0.01	0.2	0.11885	53.8677	0
0.513475	0.01	0.2	0.12735	71.8046	0
0.513475	0.01	0.2	0.136458	95.474	0
0.513475	0.01	0.2	0.146218	126.653	0
0.513475	0.01	0.2	0.156675	167.651	0
0.513475	0.01	0.2	0.16788	221.464	0
0.513475	0.01	0.2	0.179887	291.966	0
0.513475	0.01	0.2	0.192752	384.149	0
0.513475	0.01	0.2	0.206538	504.426	0
0.513475	0.01	0.2	0.221309	661	0
0.513475	0.01	0.2	0.237137	864.31	0
0.513475	0.01	0.2	0.254097	1127.57	0
0.513475	0.01	0.2	0.27227	1467.41	0
0.513475	0.01	0.2	0.291743	1904.57	0
0.513475	0.01	0.2	0.312608	2464.75	0
0.513475	0.01	0.2	0.334965	3179.44	0
0.513475	0.01	0.2	0.358922	4086.78	0
0.513475	0.01	0.2	0.384592	5232.38	0
0.513475	0.01	0.2	0.412098	6669.84	0
0.513475	0.01	0.2	0.44157	8461.02	0
0.513475	0.01	0.2	0.473151	10675.7	0
0.513475	0.01	0.2	0.506991	13390.2	0
0.513475	0.01	0.2	0.54325	16685.6	0
0.513475	0.01	0.2	0.582103	20643.9	0
0.513475	0.01	0.2	0.623735	25343.2	0
0.513475	0.01	0.2	0.668344	30851.8	0
0.513475	0.01	0.2	0.716143	37221.4	0
0.513475	0.01	0.2	0.767361	44479.3	0
0.513475	0.01	0.2	0.822243	52622.4	0
0.513475	0.01	0.2	0.881049	61611.1	0
0.513475	0.01	0.2	0.944061	71365.8	0
0.513475	0.01	0.2	1.01158	81763.8	0
0.513475	0.01	0.2	1.08393	92636.4	0
0.513475	0.01	0.2	1.16145	103765	0
0.513475	0.01	0.2	1.24451	114873	0
0.513475	0.01	0.2	1.33352	125630	0
0.513475	0.01	0.2	1.42889	135659	0
0.513475	0.01	0.2	1.53109	144577	0
0.513475	0.01	0.2	1.64059	152072	0
0.513475	0.01	0.2	1.75792	157996	0
0.513475	0.01	0.2	1.88365	162432	0
0.513475	0.01	0.2	2.01837	165697	0
0.513475	0.01	0.2	2.16272	168258	0
0.513475	0.01	0.2	2.31739	170651	0
0.513475	0.01	0.2	2.48313	173486	0
0.513475	0.01	0.2	2.66073	177512	0
0.513475	0.01	0.2	2.85102	183491	0
0.513475	0.01	0.2	3.05492	191709	0
0.513475	0.01	0.2	3.27341	201472	0
0.513475	0.01	0.2	3.50752	211326	0
0.513475	0.01	0.2	3.75837	219831	0
0.513475	0.01	0.2	4.02717	225975	0
0.513475	0.01	0.2	4.31519	229586	0
0.513475	0.01	0.2	4.62381	231961	0
0.513475	0.01	0.2	4.9545	234380	0
0.513475	0.01	0.2	5.30884	236516	0
0.513475	0.01	0.2	5.68853	237705	0
0.513475	0.01	0.2	6.09537	238389	0
0.513475	0.01	0.2	6.53131	240983	0
0.513475	0.01	0.2	6.99842	245684	0
0.513475	0.01	0.2	7.49894	248478	0
0.513475	0.01	0.2	8.03526	245762	0
0.513475	0.01	0.2	8.60994	239170	0
0.513475	0.01	0.2	9.22571	230275	0
0.513475	0.01	0.2	9.88553	221100	0
0.513475	0.01	0.2	10.5925	214821	0
0.513475	0.01	0.2	11.3501	207190	0
0.513475	0.01	0.2	12.1619	197705	0
0.513475	0.01	0.2	13.0317	189317	0
0.513475	0.01	0.2	13.9637	185851	0
0.513475	0.01	0.2	14.9624	185128	0
0.513475	0.01	0.2	16.0325	184986	0
0.513475	0.01	0.2	17.1791	186534	0
0.513475	0.01	0.2	18.4077	188798	0
0.513475	0.01	0.2	19.7242	189332	0
0.513475	0.01	0.2	21.1349	190741	0
0.513475	0.01	0.2	22.6464	190297	0
0.513475	0.01	0.2	24.2661	189232	0
0.513475	0.01	0.2	26.0016	188841	0
0.513475	0.01	0.2	27.8612	189466	0
0.513475	0.01	0.2	29.8538	189791	0
0.513475	0.01	0.2	31.989	190149	0
0.513475	0.01	0.2	34.2768	190631	0
0.513475	0.01	0.2	36.7282	192007	0
0.513475	0.01	0.2	39.355	192434	0
0.513475	0.01	0.2	42.1697	192209	0
0.513475	0.01	0.2	45.1856	191116	0
0.513475	0.01	0.2	48.4172	190331	0
0.513475	0.01	0.2	51.88	189751	0
0.513475	0.01	0.2	55.5904	188972	0
0.513475	0.01	0.2	59.5662	188044	0
0.513475	0.01	0.2	63.8263	188338	0
0.513475	0.01	0.2	68.3912	188599	0
0.513475	0.01	0.2	73.2825	188500	0
0.513475	0.01	0.2	78.5236	187611	0
0.513475	0.01	0.2	84.1395	187984	0
0.513475	0.01	0.2	90.1571	188535	0
0.513475	0.01	0.2	96.6051	188519	0
0.56101	0.01	0.2	0.103514	36.4464	0
0.56101	0.01	0.2	0.110917	48.7804	0
0.56101	0.01	0.2	0.11885	65.1032	0
0.56101	0.01	0.2	0.12735	86.6665	0
0.56101	0.01	0.2	0.136458	115.104	0
0.56101	0.01	0.2	0.146218	152.543	0
0.56101	0.01	0.2	0.156675	201.752	0
0.56101	0.01	0.2	0.16788	266.316	0
0.56101	0.01	0.2	0.179887	350.874	0
0.56101	0.01	0.2	0.192752	461.404	0
0.56101	0.01	0.2	0.206538	605.583	0
0.56101	0.01	0.2	0.221309	793.23	0
0.56101	0.01	0.2	0.237137	1036.84	0
0.56101	0.01	0.2	0.254097	1352.23	0
0.56101	0.01	0.2	0.27227	1759.3	0
0.56101	0.01	0.2	0.291743	2282.89	0
0.56101	0.01	0.2	0.312608	2953.73	0
0.56101	0.01	0.2	0.334965	3809.53	0
0.56101	0.01	0.2	0.358922	4895.92	0
0.56101	0.01	0.2	0.384592	6267.46	0
0.56101	0.01	0.2	0.412098	7988.3	0
0.56101	0.01	0.2	0.44157	10132.4	0
0.56101	0.01	0.2	0.473151	12783.3	0
0.56101	0.01	0.2	0.506991	16032.2	0
0.56101	0.01	0.2	0.54325	19976.1	0
0.56101	0.01	0.2	0.582103	24712.9	0
0.56101	0.01	0.2	0.623735	30335.8	0
0.56101	0.01	0.2	0.668344	36926.3	0
0.56101	0.01	0.2	0.716143	44545.5	0
0.56101	0.01	0.2	0.767361	53225.6	0
0.56101	0.01	0.2	0.822243	62961.7	0
0.56101	0.01	0.2	0.881049	73705	0
0.56101	0.01	0.2	0.944061	85358.5	0
0.56101	0.01	0.2	1.01158	97772.9	0
0.56101	0.01	0.2	1.08393	110744	0
0.56101	0.01	0.2	1.16145	124006	0
0.56101	0.01	0.2	1.24451	137227	0
0.56101	0.01	0.2	1.33352	150006	0
0.56101	0.01	0.2	1.42889	161892	0
0.56101	0.01	0.2	1.53109	172428	0
0.56101	0.01	0.2	1.64059	181244	0
0.56101	0.01	0.2	1.75792	188169	0
0.56101	0.01	0.2	1.88365	193314	0
0.56101	0.01	0.2	2.01837	197070	0
0.56101	0.01	0.2	2.16272	200013	0
0.56101	0.01	0.2	2.31739	202801	0
0.56101	0.01	0.2	2.48313	206178	0
0.56101	0.01	0.2	2.66073	211050	0
0.56101	0.01	0.2	2.85102	218334	0
0.56101	0.01	0.2	3.05492	228365	0
0.56101	0.01	0.2	3.27341	240303	0
0.56101	0.01	0.2	3.50752	252382	0
0.56101	0.01	0.2	3.75837	262847	0
0.56101	0.01	0.2	4.02717	270447	0
0.56101	0.01	0.2	4.31519	274943	0
0.56101	0.01	0.2	4.62381	277863	0
0.56101	0.01	0.2	4.9545	280732	0
0.56101	0.01	0.2	5.30884	283167	0
0.56101	0.01	0.2	5.68853	284397	0
0.56101	0.01	0.2	6.09537	284999	0
0.56101	0.01	0.2	6.53131	287908	0
0.56101	0.01	0.2	6.99842	293411	0
0.56101	0.01	0.2	7.49894	296740	0
0.56101	0.01	0.2	8.03526	293601	0
0.56101	0.01	0.2	8.60994	285915	0
0.56101	0.01	0.2	9.22571	275482	0
0.56101	0.01	0.2	9.88553	264618	0
0.56101	0.01	0.2	10.5925	257071	0
0.56101	0.01	0.2	11.3501	247794	0
0.56101	0.01	0.2	12.1619	236253	0
0.56101	0.01	0.2	13.0317	226061	0
0.56101	0.01	0.2	13.9637	221824	0
0.56101	0.01	0.2	14.9624	220927	0
0.56101	0.01	0.2	16.0325	220730	0
0.56101	0.01	0.2	17.1791	222532	0
0.56101	0.01	0.2	18.4077	225168	0
0.56101	0.01	0.2	19.7242	225774	0
0.56101	0.01	0.2	21.1349	227482	0
0.56101	0.01	0.2	22.6464	227055	0
0.56101	0.01	0.2	24.2661	225946	0
0.56101	0.01	0.2	26.0016	225668	0
0.56101	0.01	0.2	27.8612	226550	0
0.56101	0.01	0.2	29.8538	226932	0
0.56101	0.01	0.2	31.989	227212	0
0.56101	0.01	0.2	34.2768	227545	0
0.56101	0.01	0.2	36.7282	228928	0
0.56101	0.01	0.2	39.355	229238	0
0.56101	0.01	0.2	42.1697	228922	0
0.56101	0.01	0.2	45.1856	227702	0
0.56101	0.01	0.2	48.4172	226823	0
0.56101	0.01	0.2	51.88	226140	0
0.56101	0.01	0.2	55.5904	225286	0
0.56101	0.01	0.2	59.5662	224347	0
0.56101	0.01	0.2	63.8263	224829	0
0.56101	0.01	0.2	68.3912	225176	0
0.56101	0.01	0.2	73.2825	225038	0
0.56101	0.01	0.2	78.5236	223974	0
0.56101	0.01	0.2	84.1395	224424	0
0.56101	0.01	0.2	90.1571	225056	0
0.56101	0.01	0.2	96.6051	224992	0
0.612945	0.01	0.2	0.103514	44.1536	0
0.612945	0.01	0.2	0.110917	58.9996	0
0.612945	0.01	0.2	0.11885	78.6319	0
0.612945	0.01	0.2	0.12735	104.55	0
0.612945	0.01	0.2	0.136458	138.712	0
0.612945	0.01	0.2	0.146218	183.667	0
0.612945	0.01	0.2	0.156675	242.728	0
0.612945	0.01	0.2	0.16788	320.192	0
0.612945	0.01	0.2	0.179887	421.614	0
0.612945	0.01	0.2	0.192752	554.151	0
0.612945	0.01	0.2	0.206538	726.998	0
0.612945	0.01	0.2	0.221309	951.909	0
0.612945	0.01	0.2	0.237137	1243.85	0
0.612945	0.01	0.2	0.254097	1621.75	0
0.612945	0.01	0.2	0.27227	2109.43	0
0.612945	0.01	0.2	0.291743	2736.63	0
0.612945	0.01	0.2	0.312608	3540.15	0
0.612945	0.01	0.2	0.334965	4565.09	0
0.612945	0.01	0.2	0.358922	5866.1	0
0.612945	0.01	0.2	0.384592	7508.47	0
0.612945	0.01	0.2	0.412098	9568.96	0
0.612945	0.01	0.2	0.44157	12136.1	0
0.612945	0.01	0.2	0.473151	15309.7	0
0.612945	0.01	0.2	0.506991	19199.1	0
0.612945	0.01	0.2	0.54325	23920	0
0.612945	0.01	0.2	0.582103	29589.5	0
0.612945	0.01	0.2	0.623735	36318.9	0
0.612945	0.01	0.2	0.668344	44205.2	0
0.612945	0.01	0.2	0.716143	53321	0
0.612945	0.01	0.2	0.767361	63703.8	0
0.612945	0.01	0.2	0.822243	75346.3	0
0.612945	0.01	0.2	0.881049	88188.4	0
0.612945	0.01	0.2	0.944061	102111	0
0.612945	0.01	0.2	1.01158	116934	0
0.612945	0.01	0.2	1.08393	132408	0
0.612945	0.01	0.2	1.16145	148210	0
0.612945	0.01	0.2	1.24451	163941	0
0.612945	0.01	0.2	1.33352	179117	0
0.612945	0.01	0.2	1.42889	193196	0
0.612945	0.01	0.2	1.53109	205631	0
0.612945	0.01	0.2	1.64059	215985	0
0.612945	0.01	0.2	1.75792	224062	0
0.612945	0.01	0.2	1.88365	230008	0
0.612945	0.01	0.2	2.01837	234310	0
0.612945	0.01	0.2	2.16272	237676	0
0.612945	0.01	0.2	2.31739	240915	0
0.612945	0.01	0.2	2.48313	244940	0
0.612945	0.01	0.2	2.66073	250847	0
0.612945	0.01	0.2	2.85102	259736	0
0.612945	0.01	0.2	3.05492	272004	0
0.612945	0.01	0.2	3.27341	286630	0
0.612945	0.01	0.2	3.50752	301468	0
0.612945	0.01	0.2	3.75837	314375	0
0.612945	0.01	0.2	4.02717	323801	0
0.612945	0.01	0.2	4.31519	329417	0
0.612945	0.01	0.2	4.62381	333021	0
0.612945	0.01	0.2	4.9545	336421	0
0.612945	0.01	0.2	5.30884	339170	0
0.612945	0.01	0.2	5.68853	340382	0
0.612945	0.01	0.2	6.09537	340806	0
0.612945	0.01	0.2	6.53131	344024	0
0.612945	0.01	0.2	6.99842	350443	0
0.612945	0.01	0.2	7.49894	354413	0
0.612945	0.01	0.2	8.03526	350814	0
0.612945	0.01	0.2	8.60994	341898	0
0.612945	0.01	0.2	9.22571	329702	0
0.612945	0.01	0.2	9.88553	316853	0
0.612945	0.01	0.2	10.5925	307772	0
0.612945	0.01	0.2	11.3501	296465	0
0.612945	0.01	0.2	12.1619	282386	0
0.612945	0.01	0.2	13.0317	269970	0
0.612945	0.01	0.2	13.9637	264775	0
0.612945	0.01	0.2	14.9624	263658	0
0.612945	0.01	0.2	16.0325	263395	0
0.612945	0.01	0.2	17.1791	265494	0
0.612945	0.01	0.2	18.4077	268559	0
0.612945	0.01	0.2	19.7242	269240	0
0.612945	0.01	0.2	21.1349	271305	0
0.612945	0.01	0.2	22.6464	270921	0
0.612945	0.01	0.2	24.2661	269803	0
0.612945	0.01	0.2	26.0016	269721	0
0.612945	0.01	0.2	27.8612	270959	0
0.612945	0.01	0.2	29.8538	271410	0
0.612945	0.01	0.2	31.989	271549	0
0.612945	0.01	0.2	34.2768	271627	0
0.612945	0.01	0.2	36.7282	272939	0
0.612945	0.01	0.2	39.355	273049	0
0.612945	0.01	0.2	42.1697	272613	0
0.612945	0.01	0.2	45.1856	271268	0
0.612945	0.01	0.2	48.4172	270294	0
0.612945	0.01	0.2	51.88	269491	0
0.612945	0.01	0.2	55.5904	268564	0
0.612945	0.01	0.2	59.5662	267652	0
0.612945	0.01	0.2	63.8263	268394	0
0.612945	0.01	0.2	68.3912	268863	0
0.612945	0.01	0.2	73.2825	268680	0
0.612945	0.01	0.2	78.5236	267401	0
0.612945	0.01	0.2	84.1395	267937	0
0.612945	0.01	0.2	90.1571	268654	0
0.612945	0.01	0.2	96.6051	268516	0
0.669688	0.01	0.2	0.103514	53.447	0
0.669688	0.01	0.2	0.110917	71.3122	0
0.669688	0.01	0.2	0.11885	94.9211	0
0.669688	0.01	0.2	0.12735	126.071	0
0.669688	0.01	0.2	0.136458	167.108	0
0.669688	0.01	0.2	0.146218	221.085	0
0.669688	0.01	0.2	0.156675	291.975	0
0.669688	0.01	0.2	0.16788	384.922	0
0.669688	0.01	0.2	0.179887	506.58	0
0.669688	0.01	0.2	0.192752	665.525	0
0.669688	0.01	0.2	0.206538	872.765	0
0.669688	0.01	0.2	0.221309	1142.38	0
0.669688	0.01	0.2	0.237137	1492.29	0
0.669688	0.01	0.2	0.254097	1945.17	0
0.669688	0.01	0.2	0.27227	2529.54	0
0.669688	0.01	0.2	0.291743	3281	0
0.669688	0.01	0.2	0.312608	4243.62	0
0.669688	0.01	0.2	0.334965	5471.41	0
0.669688	0.01	0.2	0.358922	7029.78	0
0.669688	0.01	0.2	0.384592	8996.9	0
0.669688	0.01	0.2	0.412098	11464.6	0
0.669688	0.01	0.2	0.44157	14539	0
0.669688	0.01	0.2	0.473151	18339.3	0
0.669688	0.01	0.2	0.506991	22996.5	0
0.669688	0.01	0.2	0.54325	28648.9	0
0.669688	0.01	0.2	0.582103	35436.3	0
0.669688	0.01	0.2	0.623735	43491.8	0
0.669688	0.01	0.2	0.668344	52930.9	0
0.669688	0.01	0.2	0.716143	63839.5	0
0.669688	0.01	0.2	0.767361	76261.3	0
0.669688	0.01	0.2	0.822243	90186	0
0.669688	0.01	0.2	0.881049	105539	0
0.669688	0.01	0.2	0.944061	122176	0
0.669688	0.01	0.2	1.01158	139875	0
0.669688	0.01	0.2	1.08393	158333	0
0.669688	0.01	0.2	1.16145	177162	0
0.669688	0.01	0.2	1.24451	195874	0
0.669688	0.01	0.2	1.33352	213888	0
0.669688	0.01	0.2	1.42889	230551	0
0.669688	0.01	0.2	1.53109	245212	0
0.669688	0.01	0.2	1.64059	257352	0
0.669688	0.01	0.2	1.75792	266749	0
0.669688	0.01	0.2	1.88365	273595	0
0.669688	0.01	0.2	2.01837	278495	0
0.669688	0.01	0.2	2.16272	282325	0
0.669688	0.01	0.2	2.31739	286081	0
0.669688	0.01	0.2	2.48313	290880	0
0.669688	0.01	0.2	2.66073	298053	0
0.669688	0.01	0.2	2.85102	308922	0
0.669688	0.01	0.2	3.05492	323957	0
0.669688	0.01	0.2	3.27341	341913	0
0.669688	0.01	0.2	3.50752	360183	0
0.669688	0.01	0.2	3.75837	376142	0
0.669688	0.01	0.2	4.02717	387869	0
0.669688	0.01	0.2	4.31519	394908	0
0.669688	0.01	0.2	4.62381	399368	0
0.669688	0.01	0.2	4.9545	403397	0
0.669688	0.01	0.2	5.30884	406465	0
0.669688	0.01	0.2	5.68853	407562	0
0.669688	0.01	0.2	6.09537	407664	0
0.669688	0.01	0.2	6.53131	411155	0
0.669688	0.01	0.2	6.99842	418613	0
0.669688	0.01	0.2	7.49894	423352	0
0.669688	0.01	0.2	8.03526	419268	0
0.669688	0.01	0.2	8.60994	408991	0
0.669688	0.01	0.2	9.22571	394792	0
0.669688	0.01	0.2	9.88553	379620	0
0.669688	0.01	0.2	10.5925	368679	0
0.669688	0.01	0.2	11.3501	354854	0
0.669688	0.01	0.2	12.1619	337629	0
0.669688	0.01	0.2	13.0317	322460	0
0.669688	0.01	0.2	13.9637	316066	0
0.669688	0.01	0.2	14.9624	314674	0
0.669688	0.01	0.2	16.0325	314333	0
0.669688	0.01	0.2	17.1791	316782	0
0.669688	0.01	0.2	18.4077	320342	0
0.669688	0.01	0.2	19.7242	321099	0
0.669688	0.01	0.2	21.1349	323587	0
0.669688	0.01	0.2	22.6464	323277	0
0.669688	0.01	0.2	24.2661	322205	0
0.669688	0.01	0.2	26.0016	322439	0
0.669688	0.01	0.2	27.8612	324168	0
0.669688	0.01	0.2	29.8538	324704	0
0.669688	0.01	0.2	31.989	324612	0
0.669688	0.01	0.2	34.2768	324282	0
0.669688	0.01	0.2	36.7282	325404	0
0.669688	0.01	0.2	39.355	325201	0
0.669688	0.01	0.2	42.1697	324607	0
0.669688	0.01	0.2	45.1856	323146	0
0.669688	0.01	0.2	48.4172	322084	0
0.669688	0.01	0.2	51.88	321143	0
0.669688	0.01	0.2	55.5904	320146	0
0.669688	0.01	0.2	59.5662	319312	0
0.669688	0.01	0.2	63.8263	320410	0
0.669688	0.01	0.2	68.3912	321053	0
0.669688	0.01	0.2	73.2825	320817	0
0.669688	0.01	0.2	78.5236	319275	0
0.669688	0.01	0.2	84.1395	319903	0
0.669688	0.01	0.2	90.1571	320704	0
0.669688	0.01	0.2	96.6051	320457	0
