0.04	0.01	0.000104526	0.103514	0.000907053	0
0.04	0.01	0.000104526	0.110917	0.00937614	0
0.04	0.01	0.000104526	0.11885	0.0299993	0
0.04	0.01	0.000104526	0.12735	0.0679103	0
0.04	0.01	0.000104526	0.136458	0.129996	0
0.04	0.01	0.000104526	0.146218	0.225439	0
0.04	0.01	0.000104526	0.156675	0.366414	0
0.04	0.01	0.000104526	0.16788	0.568974	0
0.04	0.01	0.000104526	0.179887	0.85418	0
0.04	0.01	0.000104526	0.192752	1.24952	0
0.04	0.01	0.000104526	0.206538	1.79066	0
0.04	0.01	0.000104526	0.221309	2.52367	0
0.04	0.01	0.000104526	0.237137	3.50761	0
0.04	0.01	0.000104526	0.254097	4.81782	0
0.04	0.01	0.000104526	0.27227	6.5496	0
0.04	0.01	0.000104526	0.291743	8.82259	0
0.04	0.01	0.000104526	0.312608	11.7856	0
0.04	0.01	0.000104526	0.334965	15.6218	0
0.04	0.01	0.000104526	0.358922	20.5539	0
0.04	0.01	0.000104526	0.384592	26.8491	0
0.04	0.01	0.000104526	0.412098	34.8227	0
0.04	0.01	0.000104526	0.44157	44.8398	0
0.04	0.01	0.000104526	0.473151	57.3134	0
0.04	0.01	0.000104526	0.506991	72.6984	0
0.04	0.01	0.000104526	0.54325	91.4791	0
0.04	0.01	0.000104526	0.582103	114.149	0
0.04	0.01	0.000104526	0.623735	141.186	0
0.04	0.01	0.000104526	0.668344	173.013	0
0.04	0.01	0.000104526	0.716143	209.964	0
0.04	0.01	0.000104526	0.767361	252.242	0
0.04	0.01	0.000104526	0.822243	299.88	0
0.04	0.01	0.000104526	0.881049	352.714	0
0.04	0.01	0.000104526	0.944061	410.36	0
0.04	0.01	0.000104526	1.01158	472.204	0
0.04	0.01	0.000104526	1.08393	537.379	0
0.04	0.01	0.000104526	1.16145	604.739	0
0.04	0.01	0.000104526	1.24451	672.82	0
0.04	0.01	0.000104526	1.33352	739.809	0
0.04	0.01	0.000104526	1.42889	803.597	0
0.04	0.01	0.000104526	1.53109	861.983	0
0.04	0.01	0.000104526	1.64059	913.078	0
0.04	0.01	0.000104526	1.75792	955.829	0
0.04	0.01	0.000104526	1.88365	990.416	0
0.04	0.01	0.000104526	2.01837	1018.23	0
0.04	0.01	0.000104526	2.16272	1041.38	0
0.04	0.01	0.000104526	2.31739	1062.19	0
0.04	0.01	0.000104526	2.48313	1083.29	0
0.04	0.01	0.000104526	2.66073	1108.1	0
0.04	0.01	0.000104526	2.85102	1140.25	0
0.04	0.01	0.000104526	3.05492	1180.95	0
0.04	0.01	0.000104526	3.27341	1226.45	0
0.04	0.01	0.000104526	3.50752	1269.72	0
0.04	0.01	0.000104526	3.75837	1304.82	0
0.04	0.01	0.000104526	4.02717	1328.27	0
0.04	0.01	0.000104526	4.31519	1340.49	0
0.04	0.01	0.000104526	4.62381	1349.31	0
0.04	0.01	0.000104526	4.9545	1362.02	0
0.04	0.01	0.000104526	5.30884	1376.64	0
0.04	0.01	0.000104526	5.68853	1389.07	0
0.04	0.01	0.000104526	6.09537	1400.79	0
0.04	0.01	0.000104526	6.53131	1424.33	0
0.04	0.01	0.000104526	6.99842	1460.45	0
0.04	0.01	0.000104526	7.49894	1485.01	0
0.04	0.01	0.000104526	8.03526	1473.42	0
0.04	0.01	0.000104526	8.60994	1432.21	0
0.04	0.01	0.000104526	9.22571	1371.72	0
0.04	0.01	0.000104526	9.88553	1309.58	0
0.04	0.01	0.000104526	10.5925	1270.76	0
0.04	0.01	0.000104526	11.3501	1231.83	0
0.04	0.01	0.000104526	12.1619	1186.56	0
0.04	0.01	0.000104526	13.0317	1146.27	0
0.04	0.01	0.000104526	13.9637	1128.52	0
0.04	0.01	0.000104526	14.9624	1119.27	0
0.04	0.01	0.000104526	16.0325	1113.1	0
0.04	0.01	0.000104526	17.1791	1123.48	0
0.04	0.01	0.000104526	18.4077	1142.68	0
0.04	0.01	0.000104526	19.7242	1146.4	0
0.04	0.01	0.000104526	21.1349	1148.9	0
0.04	0.01	0.000104526	22.6464	1138.61	0
0.04	0.01	0.000104526	24.2661	1125.34	0
0.04	0.01	0.000104526	26.0016	1118.27	0
0.04	0.01	0.000104526	27.8612	1118.01	0
0.04	0.01	0.000104526	29.8538	1116.87	0
0.04	0.01	0.000104526	31.989	1124.34	0
0.04	0.01	0.000104526	34.2768	1139.95	0
0.04	0.01	0.000104526	36.7282	1165.4	0
0.04	0.01	0.000104526	39.355	1181.64	0
0.04	0.01	0.000104526	42.1697	1176.12	0
0.04	0.01	0.000104526	45.1856	1161.21	0
0.04	0.01	0.000104526	48.4172	1155.53	0
0.04	0.01	0.000104526	51.88	1153.75	0
0.04	0.01	0.000104526	55.5904	1146.93	0
0.04	0.01	0.000104526	59.5662	1126.71	0
0.04	0.01	0.000104526	63.8263	1118.89	0
0.04	0.01	0.000104526	68.3912	1121.69	0
0.04	0.01	0.000104526	73.2825	1123.86	0
0.04	0.01	0.000104526	78.5236	1117.5	0
0.04	0.01	0.000104526	84.1395	1117.02	0
0.04	0.01	0.000104526	90.1571	1121.66	0
0.04	0.01	0.000104526	96.6051	1123.02	0
0.04	0.01	0.000114203	0.103514	0.000907053	0
0.04	0.01	0.000114203	0.110917	0.00937614	0
0.04	0.01	0.000114203	0.11885	0.0299993	0
0.04	0.01	0.000114203	0.12735	0.0679103	0
0.04	0.01	0.000114203	0.136458	0.129996	0
0.04	0.01	0.000114203	0.146218	0.225439	0
0.04	0.01	0.000114203	0.156675	0.366414	0
0.04	0.01	0.000114203	0.16788	0.568974	0
0.04	0.01	0.000114203	0.179887	0.85418	0
0.04	0.01	0.000114203	0.192752	1.24952	0
0.04	0.01	0.000114203	0.206538	1.79066	0
0.04	0.01	0.000114203	0.221309	2.52367	0
0.04	0.01	0.000114203	0.237137	3.50761	0
0.04	0.01	0.000114203	0.254097	4.81782	0
0.04	0.01	0.000114203	0.27227	6.5496	0
0.04	0.01	0.000114203	0.291743	8.82259	0
0.04	0.01	0.000114203	0.312608	11.7856	0
0.04	0.01	0.000114203	0.334965	15.6218	0
0.04	0.01	0.000114203	0.358922	20.5539	0
0.04	0.01	0.000114203	0.384592	26.8491	0
0.04	0.01	0.000114203	0.412098	34.8227	0
0.04	0.01	0.000114203	0.44157	44.8398	0
0.04	0.01	0.000114203	0.473151	57.3134	0
0.04	0.01	0.000114203	0.506991	72.6984	0
0.04	0.01	0.000114203	0.54325	91.4791	0
0.04	0.01	0.000114203	0.582103	114.149	0
0.04	0.01	0.000114203	0.623735	141.186	0
0.04	0.01	0.000114203	0.668344	173.013	0
0.04	0.01	0.000114203	0.716143	209.964	0
0.04	0.01	0.000114203	0.767361	252.242	0
0.04	0.01	0.000114203	0.822243	299.88	0
0.04	0.01	0.000114203	0.881049	352.714	0
0.04	0.01	0.000114203	0.944061	410.36	0
0.04	0.01	0.000114203	1.01158	472.204	0
0.04	0.01	0.000114203	1.08393	537.379	0
0.04	0.01	0.000114203	1.16145	604.739	0
0.04	0.01	0.000114203	1.24451	672.82	0
0.04	0.01	0.000114203	1.33352	739.809	0
0.04	0.01	0.000114203	1.42889	803.597	0
0.04	0.01	0.000114203	1.53109	861.983	0
0.04	0.01	0.000114203	1.64059	913.078	0
0.04	0.01	0.000114203	1.75792	955.829	0
0.04	0.01	0.000114203	1.88365	990.416	0
0.04	0.01	0.000114203	2.01837	1018.23	0
0.04	0.01	0.000114203	2.16272	1041.38	0
0.04	0.01	0.000114203	2.31739	1062.19	0
0.04	0.01	0.000114203	2.48313	1083.29	0
0.04	0.01	0.000114203	2.66073	1108.1	0
0.04	0.01	0.000114203	2.85102	1140.25	0
0.04	0.01	0.000114203	3.05492	1180.95	0
0.04	0.01	0.000114203	3.27341	1226.45	0
0.04	0.01	0.000114203	3.50752	1269.72	0
0.04	0.01	0.000114203	3.75837	1304.82	0
0.04	0.01	0.000114203	4.02717	1328.27	0
0.04	0.01	0.000114203	4.31519	1340.49	0
0.04	0.01	0.000114203	4.62381	1349.31	0
0.04	0.01	0.000114203	4.9545	1362.02	0
0.04	0.01	0.000114203	5.30884	1376.64	0
0.04	0.01	0.000114203	5.68853	1389.07	0
0.04	0.01	0.000114203	6.09537	1400.79	0
0.04	0.01	0.000114203	6.53131	1424.33	0
0.04	0.01	0.000114203	6.99842	1460.45	0
0.04	0.01	0.000114203	7.49894	1485.01	0
0.04	0.01	0.000114203	8.03526	1473.42	0
0.04	0.01	0.000114203	8.60994	1432.21	0
0.04	0.01	0.000114203	9.22571	1371.72	0
0.04	0.01	0.000114203	9.88553	1309.58	0
0.04	0.01	0.000114203	10.5925	1270.76	0
0.04	0.01	0.000114203	11.3501	1231.83	0
0.04	0.01	0.000114203	12.1619	1186.56	0
0.04	0.01	0.000114203	13.0317	1146.27	0
0.04	0.01	0.000114203	13.9637	1128.52	0
0.04	0.01	0.000114203	14.9624	1119.27	0
0.04	0.01	0.000114203	16.0325	1113.1	0
0.04	0.01	0.000114203	17.1791	1123.48	0
0.04	0.01	0.000114203	18.4077	1142.68	0
0.04	0.01	0.000114203	19.7242	1146.4	0
0.04	0.01	0.000114203	21.1349	1148.9	0
0.04	0.01	0.000114203	22.6464	1138.61	0
0.04	0.01	0.000114203	24.2661	1125.34	0
0.04	0.01	0.000114203	26.0016	1118.27	0
0.04	0.01	0.000114203	27.8612	1118.01	0
0.04	0.01	0.000114203	29.8538	1116.87	0
0.04	0.01	0.000114203	31.989	1124.34	0
0.04	0.01	0.000114203	34.2768	1139.95	0
0.04	0.01	0.000114203	36.7282	1165.4	0
0.04	0.01	0.000114203	39.355	1181.64	0
0.04	0.01	0.000114203	42.1697	1176.12	0
0.04	0.01	0.000114203	45.1856	1161.21	0
0.04	0.01	0.000114203	48.4172	1155.53	0
0.04	0.01	0.000114203	51.88	1153.75	0
0.04	0.01	0.000114203	55.5904	1146.93	0
0.04	0.01	0.000114203	59.5662	1126.71	0
0.04	0.01	0.000114203	63.8263	1118.89	0
0.04	0.01	0.000114203	68.3912	1121.69	0
0.04	0.01	0.000114203	73.2825	1123.86	0
0.04	0.01	0.000114203	78.5236	1117.5	0
0.04	0.01	0.000114203	84.1395	1117.02	0
0.04	0.01	0.000114203	90.1571	1121.66	0
0.04	0.01	0.000114203	96.6051	1123.02	0
0.04	0.01	0.000124775	0.103514	0.000907053	0
0.04	0.01	0.000124775	0.110917	0.00937614	0
0.04	0.01	0.000124775	0.11885	0.0299993	0
0.04	0.01	0.000124775	0.12735	0.0679103	0
0.04	0.01	0.000124775	0.136458	0.129996	0
0.04	0.01	0.000124775	0.146218	0.225439	0
0.04	0.01	0.000124775	0.156675	0.366414	0
0.04	0.01	0.000124775	0.16788	0.568974	0
0.04	0.01	0.000124775	0.179887	0.85418	0
0.04	0.01	0.000124775	0.192752	1.24952	0
0.04	0.01	0.000124775	0.206538	1.79066	0
0.04	0.01	0.000124775	0.221309	2.52367	0
0.04	0.01	0.000124775	0.237137	3.50761	0
0.04	0.01	0.000124775	0.254097	4.81782	0
0.04	0.01	0.000124775	0.27227	6.5496	0
0.04	0.01	0.000124775	0.291743	8.82259	0
0.04	0.01	0.000124775	0.312608	11.7856	0
0.04	0.01	0.000124775	0.334965	15.6218	0
0.04	0.01	0.000124775	0.358922	20.5539	0
0.04	0.01	0.000124775	0.384592	26.8491	0
0.04	0.01	0.000124775	0.412098	34.8227	0
0.04	0.01	0.000124775	0.44157	44.8398	0
0.04	0.01	0.000124775	0.473151	57.3134	0
0.04	0.01	0.000124775	0.506991	72.6984	0
0.04	0.01	0.000124775	0.54325	91.4791	0
0.04	0.01	0.000124775	0.582103	114.149	0
0.04	0.01	0.000124775	0.623735	141.186	0
0.04	0.01	0.000124775	0.668344	173.013	0
0.04	0.01	0.000124775	0.716143	209.964	0
0.04	0.01	0.000124775	0.767361	252.242	0
0.04	0.01	0.000124775	0.822243	299.88	0
0.04	0.01	0.000124775	0.881049	352.714	0
0.04	0.01	0.000124775	0.944061	410.36	0
0.04	0.01	0.000124775	1.01158	472.204	0
0.04	0.01	0.000124775	1.08393	537.379	0
0.04	0.01	0.000124775	1.16145	604.739	0
0.04	0.01	0.000124775	1.24451	672.82	0
0.04	0.01	0.000124775	1.33352	739.809	0
0.04	0.01	0.000124775	1.42889	803.597	0
0.04	0.01	0.000124775	1.53109	861.983	0
0.04	0.01	0.000124775	1.64059	913.078	0
0.04	0.01	0.000124775	1.75792	955.829	0
0.04	0.01	0.000124775	1.88365	990.416	0
0.04	0.01	0.000124775	2.01837	1018.23	0
0.04	0.01	0.000124775	2.16272	1041.38	0
0.04	0.01	0.000124775	2.31739	1062.19	0
0.04	0.01	0.000124775	2.48313	1083.29	0
0.04	0.01	0.000124775	2.66073	1108.1	0
0.04	0.01	0.000124775	2.85102	1140.25	0
0.04	0.01	0.000124775	3.05492	1180.95	0
0.04	0.01	0.000124775	3.27341	1226.45	0
0.04	0.01	0.000124775	3.50752	1269.72	0
0.04	0.01	0.000124775	3.75837	1304.82	0
0.04	0.01	0.000124775	4.02717	1328.27	0
0.04	0.01	0.000124775	4.31519	1340.49	0
0.04	0.01	0.000124775	4.62381	1349.31	0
0.04	0.01	0.000124775	4.9545	1362.02	0
0.04	0.01	0.000124775	5.30884	1376.64	0
0.04	0.01	0.000124775	5.68853	1389.07	0
0.04	0.01	0.000124775	6.09537	1400.79	0
0.04	0.01	0.000124775	6.53131	1424.33	0
0.04	0.01	0.000124775	6.99842	1460.45	0
0.04	0.01	0.000124775	7.49894	1485.01	0
0.04	0.01	0.000124775	8.03526	1473.42	0
0.04	0.01	0.000124775	8.60994	1432.21	0
0.04	0.01	0.000124775	9.22571	1371.72	0
0.04	0.01	0.000124775	9.88553	1309.58	0
0.04	0.01	0.000124775	10.5925	1270.76	0
0.04	0.01	0.000124775	11.3501	1231.83	0
0.04	0.01	0.000124775	12.1619	1186.56	0
0.04	0.01	0.000124775	13.0317	1146.27	0
0.04	0.01	0.000124775	13.9637	1128.52	0
0.04	0.01	0.000124775	14.9624	1119.27	0
0.04	0.01	0.000124775	16.0325	1113.1	0
0.04	0.01	0.000124775	17.1791	1123.48	0
0.04	0.01	0.000124775	18.4077	1142.68	0
0.04	0.01	0.000124775	19.7242	1146.4	0
0.04	0.01	0.000124775	21.1349	1148.9	0
0.04	0.01	0.000124775	22.6464	1138.61	0
0.04	0.01	0.000124775	24.2661	1125.34	0
0.04	0.01	0.000124775	26.0016	1118.27	0
0.04	0.01	0.000124775	27.8612	1118.01	0
0.04	0.01	0.000124775	29.8538	1116.87	0
0.04	0.01	0.000124775	31.989	1124.34	0
0.04	0.01	0.000124775	34.2768	1139.95	0
0.04	0.01	0.000124775	36.7282	1165.4	0
0.04	0.01	0.000124775	39.355	1181.64	0
0.04	0.01	0.000124775	42.1697	1176.12	0
0.04	0.01	0.000124775	45.1856	1161.21	0
0.04	0.01	0.000124775	48.4172	1155.53	0
0.04	0.01	0.000124775	51.88	1153.75	0
0.04	0.01	0.000124775	55.5904	1146.93	0
0.04	0.01	0.000124775	59.5662	1126.71	0
0.04	0.01	0.000124775	63.8263	1118.89	0
0.04	0.01	0.000124775	68.3912	1121.69	0
0.04	0.01	0.000124775	73.2825	1123.86	0
0.04	0.01	0.000124775	78.5236	1117.5	0
0.04	0.01	0.000124775	84.1395	1117.02	0
0.04	0.01	0.000124775	90.1571	1121.66	0
0.04	0.01	0.000124775	96.6051	1123.02	0
0.04	0.01	0.000136326	0.103514	0.000907053	0
0.04	0.01	0.000136326	0.110917	0.00937614	0
0.04	0.01	0.000136326	0.11885	0.0299993	0
0.04	0.01	0.000136326	0.12735	0.0679103	0
0.04	0.01	0.000136326	0.136458	0.129996	0
0.04	0.01	0.000136326	0.146218	0.225439	0
0.04	0.01	0.000136326	0.156675	0.366414	0
0.04	0.01	0.000136326	0.16788	0.568974	0
0.04	0.01	0.000136326	0.179887	0.85418	0
0.04	0.01	0.000136326	0.192752	1.24952	0
0.04	0.01	0.000136326	0.206538	1.79066	0
0.04	0.01	0.000136326	0.221309	2.52367	0
0.04	0.01	0.000136326	0.237137	3.50761	0
0.04	0.01	0.000136326	0.254097	4.81782	0
0.04	0.01	0.000136326	0.27227	6.5496	0
0.04	0.01	0.000136326	0.291743	8.82259	0
0.04	0.01	0.000136326	0.312608	11.7856	0
0.04	0.01	0.000136326	0.334965	15.6218	0
0.04	0.01	0.000136326	0.358922	20.5539	0
0.04	0.01	0.000136326	0.384592	26.8491	0
0.04	0.01	0.000136326	0.412098	34.8227	0
0.04	0.01	0.000136326	0.44157	44.8398	0
0.04	0.01	0.000136326	0.473151	57.3134	0
0.04	0.01	0.000136326	0.506991	72.6984	0
0.04	0.01	0.000136326	0.54325	91.4791	0
0.04	0.01	0.000136326	0.582103	114.149	0
0.04	0.01	0.000136326	0.623735	141.186	0
0.04	0.01	0.000136326	0.668344	173.013	0
0.04	0.01	0.000136326	0.716143	209.964	0
0.04	0.01	0.000136326	0.767361	252.242	0
0.04	0.01	0.000136326	0.822243	299.88	0
0.04	0.01	0.000136326	0.881049	352.714	0
0.04	0.01	0.000136326	0.944061	410.36	0
0.04	0.01	0.000136326	1.01158	472.204	0
0.04	0.01	0.000136326	1.08393	537.379	0
0.04	0.01	0.000136326	1.16145	604.739	0
0.04	0.01	0.000136326	1.24451	672.82	0
0.04	0.01	0.000136326	1.33352	739.809	0
0.04	0.01	0.000136326	1.42889	803.597	0
0.04	0.01	0.000136326	1.53109	861.983	0
0.04	0.01	0.000136326	1.64059	913.078	0
0.04	0.01	0.000136326	1.75792	955.829	0
0.04	0.01	0.000136326	1.88365	990.416	0
0.04	0.01	0.000136326	2.01837	1018.23	0
0.04	0.01	0.000136326	2.16272	1041.38	0
0.04	0.01	0.000136326	2.31739	1062.19	0
0.04	0.01	0.000136326	2.48313	1083.29	0
0.04	0.01	0.000136326	2.66073	1108.1	0
0.04	0.01	0.000136326	2.85102	1140.25	0
0.04	0.01	0.000136326	3.05492	1180.95	0
0.04	0.01	0.000136326	3.27341	1226.45	0
0.04	0.01	0.000136326	3.50752	1269.72	0
0.04	0.01	0.000136326	3.75837	1304.82	0
0.04	0.01	0.000136326	4.02717	1328.27	0
0.04	0.01	0.000136326	4.31519	1340.49	0
0.04	0.01	0.000136326	4.62381	1349.31	0
0.04	0.01	0.000136326	4.9545	1362.02	0
0.04	0.01	0.000136326	5.30884	1376.64	0
0.04	0.01	0.000136326	5.68853	1389.07	0
0.04	0.01	0.000136326	6.09537	1400.79	0
0.04	0.01	0.000136326	6.53131	1424.33	0
0.04	0.01	0.000136326	6.99842	1460.45	0
0.04	0.01	0.000136326	7.49894	1485.01	0
0.04	0.01	0.000136326	8.03526	1473.42	0
0.04	0.01	0.000136326	8.60994	1432.21	0
0.04	0.01	0.000136326	9.22571	1371.72	0
0.04	0.01	0.000136326	9.88553	1309.58	0
0.04	0.01	0.000136326	10.5925	1270.76	0
0.04	0.01	0.000136326	11.3501	1231.83	0
0.04	0.01	0.000136326	12.1619	1186.56	0
0.04	0.01	0.000136326	13.0317	1146.27	0
0.04	0.01	0.000136326	13.9637	1128.52	0
0.04	0.01	0.000136326	14.9624	1119.27	0
0.04	0.01	0.000136326	16.0325	1113.1	0
0.04	0.01	0.000136326	17.1791	1123.48	0
0.04	0.01	0.000136326	18.4077	1142.68	0
0.04	0.01	0.000136326	19.7242	1146.4	0
0.04	0.01	0.000136326	21.1349	1148.9	0
0.04	0.01	0.000136326	22.6464	1138.61	0
0.04	0.01	0.000136326	24.2661	1125.34	0
0.04	0.01	0.000136326	26.0016	1118.27	0
0.04	0.01	0.000136326	27.8612	1118.01	0
0.04	0.01	0.000136326	29.8538	1116.87	0
0.04	0.01	0.000136326	31.989	1124.34	0
0.04	0.01	0.000136326	34.2768	1139.95	0
0.04	0.01	0.000136326	36.7282	1165.4	0
0.04	0.01	0.000136326	39.355	1181.64	0
0.04	0.01	0.000136326	42.1697	1176.12	0
0.04	0.01	0.000136326	45.1856	1161.21	0
0.04	0.01	0.000136326	48.4172	1155.53	0
0.04	0.01	0.000136326	51.88	1153.75	0
0.04	0.01	0.000136326	55.5904	1146.93	0
0.04	0.01	0.000136326	59.5662	1126.71	0
0.04	0.01	0.000136326	63.8263	1118.89	0
0.04	0.01	0.000136326	68.3912	1121.69	0
0.04	0.01	0.000136326	73.2825	1123.86	0
0.04	0.01	0.000136326	78.5236	1117.5	0
0.04	0.01	0.000136326	84.1395	1117.02	0
0.04	0.01	0.000136326	90.1571	1121.66	0
0.04	0.01	0.000136326	96.6051	1123.02	0
0.04	0.01	0.000148946	0.103514	0.000907053	0
0.04	0.01	0.000148946	0.110917	0.00937614	0
0.04	0.01	0.000148946	0.11885	0.0299993	0
0.04	0.01	0.000148946	0.12735	0.0679103	0
0.04	0.01	0.000148946	0.136458	0.129996	0
0.04	0.01	0.000148946	0.146218	0.225439	0
0.04	0.01	0.000148946	0.156675	0.366414	0
0.04	0.01	0.000148946	0.16788	0.568974	0
0.04	0.01	0.000148946	0.179887	0.85418	0
0.04	0.01	0.000148946	0.192752	1.24952	0
0.04	0.01	0.000148946	0.206538	1.79066	0
0.04	0.01	0.000148946	0.221309	2.52367	0
0.04	0.01	0.000148946	0.237137	3.50761	0
0.04	0.01	0.000148946	0.254097	4.81782	0
0.04	0.01	0.000148946	0.27227	6.5496	0
0.04	0.01	0.000148946	0.291743	8.82259	0
0.04	0.01	0.000148946	0.312608	11.7856	0
0.04	0.01	0.000148946	0.334965	15.6218	0
0.04	0.01	0.000148946	0.358922	20.5539	0
0.04	0.01	0.000148946	0.384592	26.8491	0
0.04	0.01	0.000148946	0.412098	34.8227	0
0.04	0.01	0.000148946	0.44157	44.8398	0
0.04	0.01	0.000148946	0.473151	57.3134	0
0.04	0.01	0.000148946	0.506991	72.6984	0
0.04	0.01	0.000148946	0.54325	91.4791	0
0.04	0.01	0.000148946	0.582103	114.149	0
0.04	0.01	0.000148946	0.623735	141.186	0
0.04	0.01	0.000148946	0.668344	173.013	0
0.04	0.01	0.000148946	0.716143	209.964	0
0.04	0.01	0.000148946	0.767361	252.242	0
0.04	0.01	0.000148946	0.822243	299.88	0
0.04	0.01	0.000148946	0.881049	352.714	0
0.04	0.01	0.000148946	0.944061	410.36	0
0.04	0.01	0.000148946	1.01158	472.204	0
0.04	0.01	0.000148946	1.08393	537.379	0
0.04	0.01	0.000148946	1.16145	604.739	0
0.04	0.01	0.000148946	1.24451	672.82	0
0.04	0.01	0.000148946	1.33352	739.809	0
0.04	0.01	0.000148946	1.42889	803.597	0
0.04	0.01	0.000148946	1.53109	861.983	0
0.04	0.01	0.000148946	1.64059	913.078	0
0.04	0.01	0.000148946	1.75792	955.829	0
0.04	0.01	0.000148946	1.88365	990.416	0
0.04	0.01	0.000148946	2.01837	1018.23	0
0.04	0.01	0.000148946	2.16272	1041.38	0
0.04	0.01	0.000148946	2.31739	1062.19	0
0.04	0.01	0.000148946	2.48313	1083.29	0
0.04	0.01	0.000148946	2.66073	1108.1	0
0.04	0.01	0.000148946	2.85102	1140.25	0
0.04	0.01	0.000148946	3.05492	1180.95	0
0.04	0.01	0.000148946	3.27341	1226.45	0
0.04	0.01	0.000148946	3.50752	1269.72	0
0.04	0.01	0.000148946	3.75837	1304.82	0
0.04	0.01	0.000148946	4.02717	1328.27	0
0.04	0.01	0.000148946	4.31519	1340.49	0
0.04	0.01	0.000148946	4.62381	1349.31	0
0.04	0.01	0.000148946	4.9545	1362.02	0
0.04	0.01	0.000148946	5.30884	1376.64	0
0.04	0.01	0.000148946	5.68853	1389.07	0
0.04	0.01	0.000148946	6.09537	1400.79	0
0.04	0.01	0.000148946	6.53131	1424.33	0
0.04	0.01	0.000148946	6.99842	1460.45	0
0.04	0.01	0.000148946	7.49894	1485.01	0
0.04	0.01	0.000148946	8.03526	1473.42	0
0.04	0.01	0.000148946	8.60994	1432.21	0
0.04	0.01	0.000148946	9.22571	1371.72	0
0.04	0.01	0.000148946	9.88553	1309.58	0
0.04	0.01	0.000148946	10.5925	1270.76	0
0.04	0.01	0.000148946	11.3501	1231.83	0
0.04	0.01	0.000148946	12.1619	1186.56	0
0.04	0.01	0.000148946	13.0317	1146.27	0
0.04	0.01	0.000148946	13.9637	1128.52	0
0.04	0.01	0.000148946	14.9624	1119.27	0
0.04	0.01	0.000148946	16.0325	1113.1	0
0.04	0.01	0.000148946	17.1791	1123.48	0
0.04	0.01	0.000148946	18.4077	1142.68	0
0.04	0.01	0.000148946	19.7242	1146.4	0
0.04	0.01	0.000148946	21.1349	1148.9	0
0.04	0.01	0.000148946	22.6464	1138.61	0
0.04	0.01	0.000148946	24.2661	1125.34	0
0.04	0.01	0.000148946	26.0016	1118.27	0
0.04	0.01	0.000148946	27.8612	1118.01	0
0.04	0.01	0.000148946	29.8538	1116.87	0
0.04	0.01	0.000148946	31.989	1124.34	0
0.04	0.01	0.000148946	34.2768	1139.95	0
0.04	0.01	0.000148946	36.7282	1165.4	0
0.04	0.01	0.000148946	39.355	1181.64	0
0.04	0.01	0.000148946	42.1697	1176.12	0
0.04	0.01	0.000148946	45.1856	1161.21	0
0.04	0.01	0.000148946	48.4172	1155.53	0
0.04	0.01	0.000148946	51.88	1153.75	0
0.04	0.01	0.000148946	55.5904	1146.93	0
0.04	0.01	0.000148946	59.5662	1126.71	0
0.04	0.01	0.000148946	63.8263	1118.89	0
0.04	0.01	0.000148946	68.3912	1121.69	0
0.04	0.01	0.000148946	73.2825	1123.86	0
0.04	0.01	0.000148946	78.5236	1117.5	0
0.04	0.01	0.000148946	84.1395	1117.02	0
0.04	0.01	0.000148946	90.1571	1121.66	0
0.04	0.01	0.000148946	96.6051	1123.02	0
0.04	0.01	0.000162735	0.103514	0.000907053	0
0.04	0.01	0.000162735	0.110917	0.00937614	0
0.04	0.01	0.000162735	0.11885	0.0299993	0
0.04	0.01	0.000162735	0.12735	0.0679103	0
0.04	0.01	0.000162735	0.136458	0.129996	0
0.04	0.01	0.000162735	0.146218	0.225439	0
0.04	0.01	0.000162735	0.156675	0.366414	0
0.04	0.01	0.000162735	0.16788	0.568974	0
0.04	0.01	0.000162735	0.179887	0.85418	0
0.04	0.01	0.000162735	0.192752	1.24952	0
0.04	0.01	0.000162735	0.206538	1.79066	0
0.04	0.01	0.000162735	0.221309	2.52367	0
0.04	0.01	0.000162735	0.237137	3.50761	0
0.04	0.01	0.000162735	0.254097	4.81782	0
0.04	0.01	0.000162735	0.27227	6.5496	0
0.04	0.01	0.000162735	0.291743	8.82259	0
0.04	0.01	0.000162735	0.312608	11.7856	0
0.04	0.01	0.000162735	0.334965	15.6218	0
0.04	0.01	0.000162735	0.358922	20.5539	0
0.04	0.01	0.000162735	0.384592	26.8491	0
0.04	0.01	0.000162735	0.412098	34.8227	0
0.04	0.01	0.000162735	0.44157	44.8398	0
0.04	0.01	0.000162735	0.473151	57.3134	0
0.04	0.01	0.000162735	0.506991	72.6984	0
0.04	0.01	0.000162735	0.54325	91.4791	0
0.04	0.01	0.000162735	0.582103	114.149	0
0.04	0.01	0.000162735	0.623735	141.186	0
0.04	0.01	0.000162735	0.668344	173.013	0
0.04	0.01	0.000162735	0.716143	209.964	0
0.04	0.01	0.000162735	0.767361	252.242	0
0.04	0.01	0.000162735	0.822243	299.88	0
0.04	0.01	0.000162735	0.881049	352.714	0
0.04	0.01	0.000162735	0.944061	410.36	0
0.04	0.01	0.000162735	1.01158	472.204	0
0.04	0.01	0.000162735	1.08393	537.379	0
0.04	0.01	0.000162735	1.16145	604.739	0
0.04	0.01	0.000162735	1.24451	672.82	0
0.04	0.01	0.000162735	1.33352	739.809	0
0.04	0.01	0.000162735	1.42889	803.597	0
0.04	0.01	0.000162735	1.53109	861.983	0
0.04	0.01	0.000162735	1.64059	913.078	0
0.04	0.01	0.000162735	1.75792	955.829	0
0.04	0.01	0.000162735	1.88365	990.416	0
0.04	0.01	0.000162735	2.01837	1018.23	0
0.04	0.01	0.000162735	2.16272	1041.38	0
0.04	0.01	0.000162735	2.31739	1062.19	0
0.04	0.01	0.000162735	2.48313	1083.29	0
0.04	0.01	0.000162735	2.66073	1108.1	0
0.04	0.01	0.000162735	2.85102	1140.25	0
0.04	0.01	0.000162735	3.05492	1180.95	0
0.04	0.01	0.000162735	3.27341	1226.45	0
0.04	0.01	0.000162735	3.50752	1269.72	0
0.04	0.01	0.000162735	3.75837	1304.82	0
0.04	0.01	0.000162735	4.02717	1328.27	0
0.04	0.01	0.000162735	4.31519	1340.49	0
0.04	0.01	0.000162735	4.62381	1349.31	0
0.04	0.01	0.000162735	4.9545	1362.02	0
0.04	0.01	0.000162735	5.30884	1376.64	0
0.04	0.01	0.000162735	5.68853	1389.07	0
0.04	0.01	0.000162735	6.09537	1400.79	0
0.04	0.01	0.000162735	6.53131	1424.33	0
0.04	0.01	0.000162735	6.99842	1460.45	0
0.04	0.01	0.000162735	7.49894	1485.01	0
0.04	0.01	0.000162735	8.03526	1473.42	0
0.04	0.01	0.000162735	8.60994	1432.21	0
0.04	0.01	0.000162735	9.22571	1371.72	0
0.04	0.01	0.000162735	9.88553	1309.58	0
0.04	0.01	0.000162735	10.5925	1270.76	0
0.04	0.01	0.000162735	11.3501	1231.83	0
0.04	0.01	0.000162735	12.1619	1186.56	0
0.04	0.01	0.000162735	13.0317	1146.27	0
0.04	0.01	0.000162735	13.9637	1128.52	0
0.04	0.01	0.000162735	14.9624	1119.27	0
0.04	0.01	0.000162735	16.0325	1113.1	0
0.04	0.01	0.000162735	17.1791	1123.48	0
0.04	0.01	0.000162735	18.4077	1142.68	0
0.04	0.01	0.000162735	19.7242	1146.4	0
0.04	0.01	0.000162735	21.1349	1148.9	0
0.04	0.01	0.000162735	22.6464	1138.61	0
0.04	0.01	0.000162735	24.2661	1125.34	0
0.04	0.01	0.000162735	26.0016	1118.27	0
0.04	0.01	0.000162735	27.8612	1118.01	0
0.04	0.01	0.000162735	29.8538	1116.87	0
0.04	0.01	0.000162735	31.989	1124.34	0
0.04	0.01	0.000162735	34.2768	1139.95	0
0.04	0.01	0.000162735	36.7282	1165.4	0
0.04	0.01	0.000162735	39.355	1181.64	0
0.04	0.01	0.000162735	42.1697	1176.12	0
0.04	0.01	0.000162735	45.1856	1161.21	0
0.04	0.01	0.000162735	48.4172	1155.53	0
0.04	0.01	0.000162735	51.88	1153.75	0
0.04	0.01	0.000162735	55.5904	1146.93	0
0.04	0.01	0.000162735	59.5662	1126.71	0
0.04	0.01	0.000162735	63.8263	1118.89	0
0.04	0.01	0.000162735	68.3912	1121.69	0
0.04	0.01	0.000162735	73.2825	1123.86	0
0.04	0.01	0.000162735	78.5236	1117.5	0
0.04	0.01	0.000162735	84.1395	1117.02	0
0.04	0.01	0.000162735	90.1571	1121.66	0
0.04	0.01	0.000162735	96.6051	1123.02	0
0.04	0.01	0.0001778	0.103514	0.000907053	0
0.04	0.01	0.0001778	0.110917	0.00937614	0
0.04	0.01	0.0001778	0.11885	0.0299993	0
0.04	0.01	0.0001778	0.12735	0.0679103	0
0.04	0.01	0.0001778	0.136458	0.129996	0
0.04	0.01	0.0001778	0.146218	0.225439	0
0.04	0.01	0.0001778	0.156675	0.366414	0
0.04	0.01	0.0001778	0.16788	0.568974	0
0.04	0.01	0.0001778	0.179887	0.85418	0
0.04	0.01	0.0001778	0.192752	1.24952	0
0.04	0.01	0.0001778	0.206538	1.79066	0
0.04	0.01	0.0001778	0.221309	2.52367	0
0.04	0.01	0.0001778	0.237137	3.50761	0
0.04	0.01	0.0001778	0.254097	4.81782	0
0.04	0.01	0.0001778	0.27227	6.5496	0
0.04	0.01	0.0001778	0.291743	8.82259	0
0.04	0.01	0.0001778	0.312608	11.7856	0
0.04	0.01	0.0001778	0.334965	15.6218	0
0.04	0.01	0.0001778	0.358922	20.5539	0
0.04	0.01	0.0001778	0.384592	26.8491	0
0.04	0.01	0.0001778	0.412098	34.8227	0
0.04	0.01	0.0001778	0.44157	44.8398	0
0.04	0.01	0.0001778	0.473151	57.3134	0
0.04	0.01	0.0001778	0.506991	72.6984	0
0.04	0.01	0.0001778	0.54325	91.4791	0
0.04	0.01	0.0001778	0.582103	114.149	0
0.04	0.01	0.0001778	0.623735	141.186	0
0.04	0.01	0.0001778	0.668344	173.013	0
0.04	0.01	0.0001778	0.716143	209.964	0
0.04	0.01	0.0001778	0.767361	252.242	0
0.04	0.01	0.0001778	0.822243	299.88	0
0.04	0.01	0.0001778	0.881049	352.714	0
0.04	0.01	0.0001778	0.944061	410.36	0
0.04	0.01	0.0001778	1.01158	472.204	0
0.04	0.01	0.0001778	1.08393	537.379	0
0.04	0.01	0.0001778	1.16145	604.739	0
0.04	0.01	0.0001778	1.24451	672.82	0
0.04	0.01	0.0001778	1.33352	739.809	0
0.04	0.01	0.0001778	1.42889	803.597	0
0.04	0.01	0.0001778	1.53109	861.983	0
0.04	0.01	0.0001778	1.64059	913.078	0
0.04	0.01	0.0001778	1.75792	955.829	0
0.04	0.01	0.0001778	1.88365	990.416	0
0.04	0.01	0.0001778	2.01837	1018.23	0
0.04	0.01	0.0001778	2.16272	1041.38	0
0.04	0.01	0.0001778	2.31739	1062.19	0
0.04	0.01	0.0001778	2.48313	1083.29	0
0.04	0.01	0.0001778	2.66073	1108.1	0
0.04	0.01	0.0001778	2.85102	1140.25	0
0.04	0.01	0.0001778	3.05492	1180.95	0
0.04	0.01	0.0001778	3.27341	1226.45	0
0.04	0.01	0.0001778	3.50752	1269.72	0
0.04	0.01	0.0001778	3.75837	1304.82	0
0.04	0.01	0.0001778	4.02717	1328.27	0
0.04	0.01	0.0001778	4.31519	1340.49	0
0.04	0.01	0.0001778	4.62381	1349.31	0
0.04	0.01	0.0001778	4.9545	1362.02	0
0.04	0.01	0.0001778	5.30884	1376.64	0
0.04	0.01	0.0001778	5.68853	1389.07	0
0.04	0.01	0.0001778	6.09537	1400.79	0
0.04	0.01	0.0001778	6.53131	1424.33	0
0.04	0.01	0.0001778	6.99842	1460.45	0
0.04	0.01	0.0001778	7.49894	1485.01	0
0.04	0.01	0.0001778	8.03526	1473.42	0
0.04	0.01	0.0001778	8.60994	1432.21	0
0.04	0.01	0.0001778	9.22571	1371.72	0
0.04	0.01	0.0001778	9.88553	1309.58	0
0.04	0.01	0.0001778	10.5925	1270.76	0
0.04	0.01	0.0001778	11.3501	1231.83	0
0.04	0.01	0.0001778	12.1619	1186.56	0
0.04	0.01	0.0001778	13.0317	1146.27	0
0.04	0.01	0.0001778	13.9637	1128.52	0
0.04	0.01	0.0001778	14.9624	1119.27	0
0.04	0.01	0.0001778	16.0325	1113.1	0
0.04	0.01	0.0001778	17.1791	1123.48	0
0.04	0.01	0.0001778	18.4077	1142.68	0
0.04	0.01	0.0001778	19.7242	1146.4	0
0.04	0.01	0.0001778	21.1349	1148.9	0
0.04	0.01	0.0001778	22.6464	1138.61	0
0.04	0.01	0.0001778	24.2661	1125.34	0
0.04	0.01	0.0001778	26.0016	1118.27	0
0.04	0.01	0.0001778	27.8612	1118.01	0
0.04	0.01	0.0001778	29.8538	1116.87	0
0.04	0.01	0.0001778	31.989	1124.34	0
0.04	0.01	0.0001778	34.2768	1139.95	0
0.04	0.01	0.0001778	36.7282	1165.4	0
0.04	0.01	0.0001778	39.355	1181.64	0
0.04	0.01	0.0001778	42.1697	1176.12	0
0.04	0.01	0.0001778	45.1856	1161.21	0
0.04	0.01	0.0001778	48.4172	1155.53	0
0.04	0.01	0.0001778	51.88	1153.75	0
0.04	0.01	0.0001778	55.5904	1146.93	0
0.04	0.01	0.0001778	59.5662	1126.71	0
0.04	0.01	0.0001778	63.8263	1118.89	0
0.04	0.01	0.0001778	68.3912	1121.69	0
0.04	0.01	0.0001778	73.2825	1123.86	0
0.04	0.01	0.0001778	78.5236	1117.5	0
0.04	0.01	0.0001778	84.1395	1117.02	0
0.04	0.01	0.0001778	90.1571	1121.66	0
0.04	0.01	0.0001778	96.6051	1123.02	0
0.04	0.01	0.00019426	0.103514	0.000907053	0
0.04	0.01	0.00019426	0.110917	0.00937614	0
0.04	0.01	0.00019426	0.11885	0.0299993	0
0.04	0.01	0.00019426	0.12735	0.0679103	0
0.04	0.01	0.00019426	0.136458	0.129996	0
0.04	0.01	0.00019426	0.146218	0.225439	0
0.04	0.01	0.00019426	0.156675	0.366414	0
0.04	0.01	0.00019426	0.16788	0.568974	0
0.04	0.01	0.00019426	0.179887	0.85418	0
0.04	0.01	0.00019426	0.192752	1.24952	0
0.04	0.01	0.00019426	0.206538	1.79066	0
0.04	0.01	0.00019426	0.221309	2.52367	0
0.04	0.01	0.00019426	0.237137	3.50761	0
0.04	0.01	0.00019426	0.254097	4.81782	0
0.04	0.01	0.00019426	0.27227	6.5496	0
0.04	0.01	0.00019426	0.291743	8.82259	0
0.04	0.01	0.00019426	0.312608	11.7856	0
0.04	0.01	0.00019426	0.334965	15.6218	0
0.04	0.01	0.00019426	0.358922	20.5539	0
0.04	0.01	0.00019426	0.384592	26.8491	0
0.04	0.01	0.00019426	0.412098	34.8227	0
0.04	0.01	0.00019426	0.44157	44.8398	0
0.04	0.01	0.00019426	0.473151	57.3134	0
0.04	0.01	0.00019426	0.506991	72.6984	0
0.04	0.01	0.00019426	0.54325	91.4791	0
0.04	0.01	0.00019426	0.582103	114.149	0
0.04	0.01	0.00019426	0.623735	141.186	0
0.04	0.01	0.00019426	0.668344	173.013	0
0.04	0.01	0.00019426	0.716143	209.964	0
0.04	0.01	0.00019426	0.767361	252.242	0
0.04	0.01	0.00019426	0.822243	299.88	0
0.04	0.01	0.00019426	0.881049	352.714	0
0.04	0.01	0.00019426	0.944061	410.36	0
0.04	0.01	0.00019426	1.01158	472.204	0
0.04	0.01	0.00019426	1.08393	537.379	0
0.04	0.01	0.00019426	1.16145	604.739	0
0.04	0.01	0.00019426	1.24451	672.82	0
0.04	0.01	0.00019426	1.33352	739.809	0
0.04	0.01	0.00019426	1.42889	803.597	0
0.04	0.01	0.00019426	1.53109	861.983	0
0.04	0.01	0.00019426	1.64059	913.078	0
0.04	0.01	0.00019426	1.75792	955.829	0
0.04	0.01	0.00019426	1.88365	990.416	0
0.04	0.01	0.00019426	2.01837	1018.23	0
0.04	0.01	0.00019426	2.16272	1041.38	0
0.04	0.01	0.00019426	2.31739	1062.19	0
0.04	0.01	0.00019426	2.48313	1083.29	0
0.04	0.01	0.00019426	2.66073	1108.1	0
0.04	0.01	0.00019426	2.85102	1140.25	0
0.04	0.01	0.00019426	3.05492	1180.95	0
0.04	0.01	0.00019426	3.27341	1226.45	0
0.04	0.01	0.00019426	3.50752	1269.72	0
0.04	0.01	0.00019426	3.75837	1304.82	0
0.04	0.01	0.00019426	4.02717	1328.27	0
0.04	0.01	0.00019426	4.31519	1340.49	0
0.04	0.01	0.00019426	4.62381	1349.31	0
0.04	0.01	0.00019426	4.9545	1362.02	0
0.04	0.01	0.00019426	5.30884	1376.64	0
0.04	0.01	0.00019426	5.68853	1389.07	0
0.04	0.01	0.00019426	6.09537	1400.79	0
0.04	0.01	0.00019426	6.53131	1424.33	0
0.04	0.01	0.00019426	6.99842	1460.45	0
0.04	0.01	0.00019426	7.49894	1485.01	0
0.04	0.01	0.00019426	8.03526	1473.42	0
0.04	0.01	0.00019426	8.60994	1432.21	0
0.04	0.01	0.00019426	9.22571	1371.72	0
0.04	0.01	0.00019426	9.88553	1309.58	0
0.04	0.01	0.00019426	10.5925	1270.76	0
0.04	0.01	0.00019426	11.3501	1231.83	0
0.04	0.01	0.00019426	12.1619	1186.56	0
0.04	0.01	0.00019426	13.0317	1146.27	0
0.04	0.01	0.00019426	13.9637	1128.52	0
0.04	0.01	0.00019426	14.9624	1119.27	0
0.04	0.01	0.00019426	16.0325	1113.1	0
0.04	0.01	0.00019426	17.1791	1123.48	0
0.04	0.01	0.00019426	18.4077	1142.68	0
0.04	0.01	0.00019426	19.7242	1146.4	0
0.04	0.01	0.00019426	21.1349	1148.9	0
0.04	0.01	0.00019426	22.6464	1138.61	0
0.04	0.01	0.00019426	24.2661	1125.34	0
0.04	0.01	0.00019426	26.0016	1118.27	0
0.04	0.01	0.00019426	27.8612	1118.01	0
0.04	0.01	0.00019426	29.8538	1116.87	0
0.04	0.01	0.00019426	31.989	1124.34	0
0.04	0.01	0.00019426	34.2768	1139.95	0
0.04	0.01	0.00019426	36.7282	1165.4	0
0.04	0.01	0.00019426	39.355	1181.64	0
0.04	0.01	0.00019426	42.1697	1176.12	0
0.04	0.01	0.00019426	45.1856	1161.21	0
0.04	0.01	0.00019426	48.4172	1155.53	0
0.04	0.01	0.00019426	51.88	1153.75	0
0.04	0.01	0.00019426	55.5904	1146.93	0
0.04	0.01	0.00019426	59.5662	1126.71	0
0.04	0.01	0.00019426	63.8263	1118.89	0
0.04	0.01	0.00019426	68.3912	1121.69	0
0.04	0.01	0.00019426	73.2825	1123.86	0
0.04	0.01	0.00019426	78.5236	1117.5	0
0.04	0.01	0.00019426	84.1395	1117.02	0
0.04	0.01	0.00019426	90.1571	1121.66	0
0.04	0.01	0.00019426	96.6051	1123.02	0
0.04	0.01	0.000212243	0.103514	0.000907053	0
0.04	0.01	0.000212243	0.110917	0.00937614	0
0.04	0.01	0.000212243	0.11885	0.0299993	0
0.04	0.01	0.000212243	0.12735	0.0679103	0
0.04	0.01	0.000212243	0.136458	0.129996	0
0.04	0.01	0.000212243	0.146218	0.225439	0
0.04	0.01	0.000212243	0.156675	0.366414	0
0.04	0.01	0.000212243	0.16788	0.568974	0
0.04	0.01	0.000212243	0.179887	0.85418	0
0.04	0.01	0.000212243	0.192752	1.24952	0
0.04	0.01	0.000212243	0.206538	1.79066	0
0.04	0.01	0.000212243	0.221309	2.52367	0
0.04	0.01	0.000212243	0.237137	3.50761	0
0.04	0.01	0.000212243	0.254097	4.81782	0
0.04	0.01	0.000212243	0.27227	6.5496	0
0.04	0.01	0.000212243	0.291743	8.82259	0
0.04	0.01	0.000212243	0.312608	11.7856	0
0.04	0.01	0.000212243	0.334965	15.6218	0
0.04	0.01	0.000212243	0.358922	20.5539	0
0.04	0.01	0.000212243	0.384592	26.8491	0
0.04	0.01	0.000212243	0.412098	34.8227	0
0.04	0.01	0.000212243	0.44157	44.8398	0
0.04	0.01	0.000212243	0.473151	57.3134	0
0.04	0.01	0.000212243	0.506991	72.6984	0
0.04	0.01	0.000212243	0.54325	91.4791	0
0.04	0.01	0.000212243	0.582103	114.149	0
0.04	0.01	0.000212243	0.623735	141.186	0
0.04	0.01	0.000212243	0.668344	173.013	0
0.04	0.01	0.000212243	0.716143	209.964	0
0.04	0.01	0.000212243	0.767361	252.242	0
0.04	0.01	0.000212243	0.822243	299.88	0
0.04	0.01	0.000212243	0.881049	352.714	0
0.04	0.01	0.000212243	0.944061	410.36	0
0.04	0.01	0.000212243	1.01158	472.204	0
0.04	0.01	0.000212243	1.08393	537.379	0
0.04	0.01	0.000212243	1.16145	604.739	0
0.04	0.01	0.000212243	1.24451	672.82	0
0.04	0.01	0.000212243	1.33352	739.809	0
0.04	0.01	0.000212243	1.42889	803.597	0
0.04	0.01	0.000212243	1.53109	861.983	0
0.04	0.01	0.000212243	1.64059	913.078	0
0.04	0.01	0.000212243	1.75792	955.829	0
0.04	0.01	0.000212243	1.88365	990.416	0
0.04	0.01	0.000212243	2.01837	1018.23	0
0.04	0.01	0.000212243	2.16272	1041.38	0
0.04	0.01	0.000212243	2.31739	1062.19	0
0.04	0.01	0.000212243	2.48313	1083.29	0
0.04	0.01	0.000212243	2.66073	1108.1	0
0.04	0.01	0.000212243	2.85102	1140.25	0
0.04	0.01	0.000212243	3.05492	1180.95	0
0.04	0.01	0.000212243	3.27341	1226.45	0
0.04	0.01	0.000212243	3.50752	1269.72	0
0.04	0.01	0.000212243	3.75837	1304.82	0
0.04	0.01	0.000212243	4.02717	1328.27	0
0.04	0.01	0.000212243	4.31519	1340.49	0
0.04	0.01	0.000212243	4.62381	1349.31	0
0.04	0.01	0.000212243	4.9545	1362.02	0
0.04	0.01	0.000212243	5.30884	1376.64	0
0.04	0.01	0.000212243	5.68853	1389.07	0
0.04	0.01	0.000212243	6.09537	1400.79	0
0.04	0.01	0.000212243	6.53131	1424.33	0
0.04	0.01	0.000212243	6.99842	1460.45	0
0.04	0.01	0.000212243	7.49894	1485.01	0
0.04	0.01	0.000212243	8.03526	1473.42	0
0.04	0.01	0.000212243	8.60994	1432.21	0
0.04	0.01	0.000212243	9.22571	1371.72	0
0.04	0.01	0.000212243	9.88553	1309.58	0
0.04	0.01	0.000212243	10.5925	1270.76	0
0.04	0.01	0.000212243	11.3501	1231.83	0
0.04	0.01	0.000212243	12.1619	1186.56	0
0.04	0.01	0.000212243	13.0317	1146.27	0
0.04	0.01	0.000212243	13.9637	1128.52	0
0.04	0.01	0.000212243	14.9624	1119.27	0
0.04	0.01	0.000212243	16.0325	1113.1	0
0.04	0.01	0.000212243	17.1791	1123.48	0
0.04	0.01	0.000212243	18.4077	1142.68	0
0.04	0.01	0.000212243	19.7242	1146.4	0
0.04	0.01	0.000212243	21.1349	1148.9	0
0.04	0.01	0.000212243	22.6464	1138.61	0
0.04	0.01	0.000212243	24.2661	1125.34	0
0.04	0.01	0.000212243	26.0016	1118.27	0
0.04	0.01	0.000212243	27.8612	1118.01	0
0.04	0.01	0.000212243	29.8538	1116.87	0
0.04	0.01	0.000212243	31.989	1124.34	0
0.04	0.01	0.000212243	34.2768	1139.95	0
0.04	0.01	0.000212243	36.7282	1165.4	0
0.04	0.01	0.000212243	39.355	1181.64	0
0.04	0.01	0.000212243	42.1697	1176.12	0
0.04	0.01	0.000212243	45.1856	1161.21	0
0.04	0.01	0.000212243	48.4172	1155.53	0
0.04	0.01	0.000212243	51.88	1153.75	0
0.04	0.01	0.000212243	55.5904	1146.93	0
0.04	0.01	0.000212243	59.5662	1126.71	0
0.04	0.01	0.000212243	63.8263	1118.89	0
0.04	0.01	0.000212243	68.3912	1121.69	0
0.04	0.01	0.000212243	73.2825	1123.86	0
0.04	0.01	0.000212243	78.5236	1117.5	0
0.04	0.01	0.000212243	84.1395	1117.02	0
0.04	0.01	0.000212243	90.1571	1121.66	0
0.04	0.01	0.000212243	96.6051	1123.02	0
0.04	0.01	0.000231891	0.103514	0.000907053	0
0.04	0.01	0.000231891	0.110917	0.00937614	0
0.04	0.01	0.000231891	0.11885	0.0299993	0
0.04	0.01	0.000231891	0.12735	0.0679103	0
0.04	0.01	0.000231891	0.136458	0.129996	0
0.04	0.01	0.000231891	0.146218	0.225439	0
0.04	0.01	0.000231891	0.156675	0.366414	0
0.04	0.01	0.000231891	0.16788	0.568974	0
0.04	0.01	0.000231891	0.179887	0.85418	0
0.04	0.01	0.000231891	0.192752	1.24952	0
0.04	0.01	0.000231891	0.206538	1.79066	0
0.04	0.01	0.000231891	0.221309	2.52367	0
0.04	0.01	0.000231891	0.237137	3.50761	0
0.04	0.01	0.000231891	0.254097	4.81782	0
0.04	0.01	0.000231891	0.27227	6.5496	0
0.04	0.01	0.000231891	0.291743	8.82259	0
0.04	0.01	0.000231891	0.312608	11.7856	0
0.04	0.01	0.000231891	0.334965	15.6218	0
0.04	0.01	0.000231891	0.358922	20.5539	0
0.04	0.01	0.000231891	0.384592	26.8491	0
0.04	0.01	0.000231891	0.412098	34.8227	0
0.04	0.01	0.000231891	0.44157	44.8398	0
0.04	0.01	0.000231891	0.473151	57.3134	0
0.04	0.01	0.000231891	0.506991	72.6984	0
0.04	0.01	0.000231891	0.54325	91.4791	0
0.04	0.01	0.000231891	0.582103	114.149	0
0.04	0.01	0.000231891	0.623735	141.186	0
0.04	0.01	0.000231891	0.668344	173.013	0
0.04	0.01	0.000231891	0.716143	209.964	0
0.04	0.01	0.000231891	0.767361	252.242	0
0.04	0.01	0.000231891	0.822243	299.88	0
0.04	0.01	0.000231891	0.881049	352.714	0
0.04	0.01	0.000231891	0.944061	410.36	0
0.04	0.01	0.000231891	1.01158	472.204	0
0.04	0.01	0.000231891	1.08393	537.379	0
0.04	0.01	0.000231891	1.16145	604.739	0
0.04	0.01	0.000231891	1.24451	672.82	0
0.04	0.01	0.000231891	1.33352	739.809	0
0.04	0.01	0.000231891	1.42889	803.597	0
0.04	0.01	0.000231891	1.53109	861.983	0
0.04	0.01	0.000231891	1.64059	913.078	0
0.04	0.01	0.000231891	1.75792	955.829	0
0.04	0.01	0.000231891	1.88365	990.416	0
0.04	0.01	0.000231891	2.01837	1018.23	0
0.04	0.01	0.000231891	2.16272	1041.38	0
0.04	0.01	0.000231891	2.31739	1062.19	0
0.04	0.01	0.000231891	2.48313	1083.29	0
0.04	0.01	0.000231891	2.66073	1108.1	0
0.04	0.01	0.000231891	2.85102	1140.25	0
0.04	0.01	0.000231891	3.05492	1180.95	0
0.04	0.01	0.000231891	3.27341	1226.45	0
0.04	0.01	0.000231891	3.50752	1269.72	0
0.04	0.01	0.000231891	3.75837	1304.82	0
0.04	0.01	0.000231891	4.02717	1328.27	0
0.04	0.01	0.000231891	4.31519	1340.49	0
0.04	0.01	0.000231891	4.62381	1349.31	0
0.04	0.01	0.000231891	4.9545	1362.02	0
0.04	0.01	0.000231891	5.30884	1376.64	0
0.04	0.01	0.000231891	5.68853	1389.07	0
0.04	0.01	0.000231891	6.09537	1400.79	0
0.04	0.01	0.000231891	6.53131	1424.33	0
0.04	0.01	0.000231891	6.99842	1460.45	0
0.04	0.01	0.000231891	7.49894	1485.01	0
0.04	0.01	0.000231891	8.03526	1473.42	0
0.04	0.01	0.000231891	8.60994	1432.21	0
0.04	0.01	0.000231891	9.22571	1371.72	0
0.04	0.01	0.000231891	9.88553	1309.58	0
0.04	0.01	0.000231891	10.5925	1270.76	0
0.04	0.01	0.000231891	11.3501	1231.83	0
0.04	0.01	0.000231891	12.1619	1186.56	0
0.04	0.01	0.000231891	13.0317	1146.27	0
0.04	0.01	0.000231891	13.9637	1128.52	0
0.04	0.01	0.000231891	14.9624	1119.27	0
0.04	0.01	0.000231891	16.0325	1113.1	0
0.04	0.01	0.000231891	17.1791	1123.48	0
0.04	0.01	0.000231891	18.4077	1142.68	0
0.04	0.01	0.000231891	19.7242	1146.4	0
0.04	0.01	0.000231891	21.1349	1148.9	0
0.04	0.01	0.000231891	22.6464	1138.61	0
0.04	0.01	0.000231891	24.2661	1125.34	0
0.04	0.01	0.000231891	26.0016	1118.27	0
0.04	0.01	0.000231891	27.8612	1118.01	0
0.04	0.01	0.000231891	29.8538	1116.87	0
0.04	0.01	0.000231891	31.989	1124.34	0
0.04	0.01	0.000231891	34.2768	1139.95	0
0.04	0.01	0.000231891	36.7282	1165.4	0
0.04	0.01	0.000231891	39.355	1181.64	0
0.04	0.01	0.000231891	42.1697	1176.12	0
0.04	0.01	0.000231891	45.1856	1161.21	0
0.04	0.01	0.000231891	48.4172	1155.53	0
0.04	0.01	0.000231891	51.88	1153.75	0
0.04	0.01	0.000231891	55.5904	1146.93	0
0.04	0.01	0.000231891	59.5662	1126.71	0
0.04	0.01	0.000231891	63.8263	1118.89	0
0.04	0.01	0.000231891	68.3912	1121.69	0
0.04	0.01	0.000231891	73.2825	1123.86	0
0.04	0.01	0.000231891	78.5236	1117.5	0
0.04	0.01	0.000231891	84.1395	1117.02	0
0.04	0.01	0.000231891	90.1571	1121.66	0
0.04	0.01	0.000231891	96.6051	1123.02	0
0.04	0.01	0.000253358	0.103514	0.000907053	0
0.04	0.01	0.000253358	0.110917	0.00937614	0
0.04	0.01	0.000253358	0.11885	0.0299993	0
0.04	0.01	0.000253358	0.12735	0.0679103	0
0.04	0.01	0.000253358	0.136458	0.129996	0
0.04	0.01	0.000253358	0.146218	0.225439	0
0.04	0.01	0.000253358	0.156675	0.366414	0
0.04	0.01	0.000253358	0.16788	0.568974	0
0.04	0.01	0.000253358	0.179887	0.85418	0
0.04	0.01	0.000253358	0.192752	1.24952	0
0.04	0.01	0.000253358	0.206538	1.79066	0
0.04	0.01	0.000253358	0.221309	2.52367	0
0.04	0.01	0.000253358	0.237137	3.50761	0
0.04	0.01	0.000253358	0.254097	4.81782	0
0.04	0.01	0.000253358	0.27227	6.5496	0
0.04	0.01	0.000253358	0.291743	8.82259	0
0.04	0.01	0.000253358	0.312608	11.7856	0
0.04	0.01	0.000253358	0.334965	15.6218	0
0.04	0.01	0.000253358	0.358922	20.5539	0
0.04	0.01	0.000253358	0.384592	26.8491	0
0.04	0.01	0.000253358	0.412098	34.8227	0
0.04	0.01	0.000253358	0.44157	44.8398	0
0.04	0.01	0.000253358	0.473151	57.3134	0
0.04	0.01	0.000253358	0.506991	72.6984	0
0.04	0.01	0.000253358	0.54325	91.4791	0
0.04	0.01	0.000253358	0.582103	114.149	0
0.04	0.01	0.000253358	0.623735	141.186	0
0.04	0.01	0.000253358	0.668344	173.013	0
0.04	0.01	0.000253358	0.716143	209.964	0
0.04	0.01	0.000253358	0.767361	252.242	0
0.04	0.01	0.000253358	0.822243	299.88	0
0.04	0.01	0.000253358	0.881049	352.714	0
0.04	0.01	0.000253358	0.944061	410.36	0
0.04	0.01	0.000253358	1.01158	472.204	0
0.04	0.01	0.000253358	1.08393	537.379	0
0.04	0.01	0.000253358	1.16145	604.739	0
0.04	0.01	0.000253358	1.24451	672.82	0
0.04	0.01	0.000253358	1.33352	739.809	0
0.04	0.01	0.000253358	1.42889	803.597	0
0.04	0.01	0.000253358	1.53109	861.983	0
0.04	0.01	0.000253358	1.64059	913.078	0
0.04	0.01	0.000253358	1.75792	955.829	0
0.04	0.01	0.000253358	1.88365	990.416	0
0.04	0.01	0.000253358	2.01837	1018.23	0
0.04	0.01	0.000253358	2.16272	1041.38	0
0.04	0.01	0.000253358	2.31739	1062.19	0
0.04	0.01	0.000253358	2.48313	1083.29	0
0.04	0.01	0.000253358	2.66073	1108.1	0
0.04	0.01	0.000253358	2.85102	1140.25	0
0.04	0.01	0.000253358	3.05492	1180.95	0
0.04	0.01	0.000253358	3.27341	1226.45	0
0.04	0.01	0.000253358	3.50752	1269.72	0
0.04	0.01	0.000253358	3.75837	1304.82	0
0.04	0.01	0.000253358	4.02717	1328.27	0
0.04	0.01	0.000253358	4.31519	1340.49	0
0.04	0.01	0.000253358	4.62381	1349.31	0
0.04	0.01	0.000253358	4.9545	1362.02	0
0.04	0.01	0.000253358	5.30884	1376.64	0
0.04	0.01	0.000253358	5.68853	1389.07	0
0.04	0.01	0.000253358	6.09537	1400.79	0
0.04	0.01	0.000253358	6.53131	1424.33	0
0.04	0.01	0.000253358	6.99842	1460.45	0
0.04	0.01	0.000253358	7.49894	1485.01	0
0.04	0.01	0.000253358	8.03526	1473.42	0
0.04	0.01	0.000253358	8.60994	1432.21	0
0.04	0.01	0.000253358	9.22571	1371.72	0
0.04	0.01	0.000253358	9.88553	1309.58	0
0.04	0.01	0.000253358	10.5925	1270.76	0
0.04	0.01	0.000253358	11.3501	1231.83	0
0.04	0.01	0.000253358	12.1619	1186.56	0
0.04	0.01	0.000253358	13.0317	1146.27	0
0.04	0.01	0.000253358	13.9637	1128.52	0
0.04	0.01	0.000253358	14.9624	1119.27	0
0.04	0.01	0.000253358	16.0325	1113.1	0
0.04	0.01	0.000253358	17.1791	1123.48	0
0.04	0.01	0.000253358	18.4077	1142.68	0
0.04	0.01	0.000253358	19.7242	1146.4	0
0.04	0.01	0.000253358	21.1349	1148.9	0
0.04	0.01	0.000253358	22.6464	1138.61	0
0.04	0.01	0.000253358	24.2661	1125.34	0
0.04	0.01	0.000253358	26.0016	1118.27	0
0.04	0.01	0.000253358	27.8612	1118.01	0
0.04	0.01	0.000253358	29.8538	1116.87	0
0.04	0.01	0.000253358	31.989	1124.34	0
0.04	0.01	0.000253358	34.2768	1139.95	0
0.04	0.01	0.000253358	36.7282	1165.4	0
0.04	0.01	0.000253358	39.355	1181.64	0
0.04	0.01	0.000253358	42.1697	1176.12	0
0.04	0.01	0.000253358	45.1856	1161.21	0
0.04	0.01	0.000253358	48.4172	1155.53	0
0.04	0.01	0.000253358	51.88	1153.75	0
0.04	0.01	0.000253358	55.5904	1146.93	0
0.04	0.01	0.000253358	59.5662	1126.71	0
0.04	0.01	0.000253358	63.8263	1118.89	0
0.04	0.01	0.000253358	68.3912	1121.69	0
0.04	0.01	0.000253358	73.2825	1123.86	0
0.04	0.01	0.000253358	78.5236	1117.5	0
0.04	0.01	0.000253358	84.1395	1117.02	0
0.04	0.01	0.000253358	90.1571	1121.66	0
0.04	0.01	0.000253358	96.6051	1123.02	0
0.04	0.01	0.000276813	0.103514	0.000907053	0
0.04	0.01	0.000276813	0.110917	0.00937614	0
0.04	0.01	0.000276813	0.11885	0.0299993	0
0.04	0.01	0.000276813	0.12735	0.0679103	0
0.04	0.01	0.000276813	0.136458	0.129996	0
0.04	0.01	0.000276813	0.146218	0.225439	0
0.04	0.01	0.000276813	0.156675	0.366414	0
0.04	0.01	0.000276813	0.16788	0.568974	0
0.04	0.01	0.000276813	0.179887	0.85418	0
0.04	0.01	0.000276813	0.192752	1.24952	0
0.04	0.01	0.000276813	0.206538	1.79066	0
0.04	0.01	0.000276813	0.221309	2.52367	0
0.04	0.01	0.000276813	0.237137	3.50761	0
0.04	0.01	0.000276813	0.254097	4.81782	0
0.04	0.01	0.000276813	0.27227	6.5496	0
0.04	0.01	0.000276813	0.291743	8.82259	0
0.04	0.01	0.000276813	0.312608	11.7856	0
0.04	0.01	0.000276813	0.334965	15.6218	0
0.04	0.01	0.000276813	0.358922	20.5539	0
0.04	0.01	0.000276813	0.384592	26.8491	0
0.04	0.01	0.000276813	0.412098	34.8227	0
0.04	0.01	0.000276813	0.44157	44.8398	0
0.04	0.01	0.000276813	0.473151	57.3134	0
0.04	0.01	0.000276813	0.506991	72.6984	0
0.04	0.01	0.000276813	0.54325	91.4791	0
0.04	0.01	0.000276813	0.582103	114.149	0
0.04	0.01	0.000276813	0.623735	141.186	0
0.04	0.01	0.000276813	0.668344	173.013	0
0.04	0.01	0.000276813	0.716143	209.964	0
0.04	0.01	0.000276813	0.767361	252.242	0
0.04	0.01	0.000276813	0.822243	299.88	0
0.04	0.01	0.000276813	0.881049	352.714	0
0.04	0.01	0.000276813	0.944061	410.36	0
0.04	0.01	0.000276813	1.01158	472.204	0
0.04	0.01	0.000276813	1.08393	537.379	0
0.04	0.01	0.000276813	1.16145	604.739	0
0.04	0.01	0.000276813	1.24451	672.82	0
0.04	0.01	0.000276813	1.33352	739.809	0
0.04	0.01	0.000276813	1.42889	803.597	0
0.04	0.01	0.000276813	1.53109	861.983	0
0.04	0.01	0.000276813	1.64059	913.078	0
0.04	0.01	0.000276813	1.75792	955.829	0
0.04	0.01	0.000276813	1.88365	990.416	0
0.04	0.01	0.000276813	2.01837	1018.23	0
0.04	0.01	0.000276813	2.16272	1041.38	0
0.04	0.01	0.000276813	2.31739	1062.19	0
0.04	0.01	0.000276813	2.48313	1083.29	0
0.04	0.01	0.000276813	2.66073	1108.1	0
0.04	0.01	0.000276813	2.85102	1140.25	0
0.04	0.01	0.000276813	3.05492	1180.95	0
0.04	0.01	0.000276813	3.27341	1226.45	0
0.04	0.01	0.000276813	3.50752	1269.72	0
0.04	0.01	0.000276813	3.75837	1304.82	0
0.04	0.01	0.000276813	4.02717	1328.27	0
0.04	0.01	0.000276813	4.31519	1340.49	0
0.04	0.01	0.000276813	4.62381	1349.31	0
0.04	0.01	0.000276813	4.9545	1362.02	0
0.04	0.01	0.000276813	5.30884	1376.64	0
0.04	0.01	0.000276813	5.68853	1389.07	0
0.04	0.01	0.000276813	6.09537	1400.79	0
0.04	0.01	0.000276813	6.53131	1424.33	0
0.04	0.01	0.000276813	6.99842	1460.45	0
0.04	0.01	0.000276813	7.49894	1485.01	0
0.04	0.01	0.000276813	8.03526	1473.42	0
0.04	0.01	0.000276813	8.60994	1432.21	0
0.04	0.01	0.000276813	9.22571	1371.72	0
0.04	0.01	0.000276813	9.88553	1309.58	0
0.04	0.01	0.000276813	10.5925	1270.76	0
0.04	0.01	0.000276813	11.3501	1231.83	0
0.04	0.01	0.000276813	12.1619	1186.56	0
0.04	0.01	0.000276813	13.0317	1146.27	0
0.04	0.01	0.000276813	13.9637	1128.52	0
0.04	0.01	0.000276813	14.9624	1119.27	0
0.04	0.01	0.000276813	16.0325	1113.1	0
0.04	0.01	0.000276813	17.1791	1123.48	0
0.04	0.01	0.000276813	18.4077	1142.68	0
0.04	0.01	0.000276813	19.7242	1146.4	0
0.04	0.01	0.000276813	21.1349	1148.9	0
0.04	0.01	0.000276813	22.6464	1138.61	0
0.04	0.01	0.000276813	24.2661	1125.34	0
0.04	0.01	0.000276813	26.0016	1118.27	0
0.04	0.01	0.000276813	27.8612	1118.01	0
0.04	0.01	0.000276813	29.8538	1116.87	0
0.04	0.01	0.000276813	31.989	1124.34	0
0.04	0.01	0.000276813	34.2768	1139.95	0
0.04	0.01	0.000276813	36.7282	1165.4	0
0.04	0.01	0.000276813	39.355	1181.64	0
0.04	0.01	0.000276813	42.1697	1176.12	0
0.04	0.01	0.000276813	45.1856	1161.21	0
0.04	0.01	0.000276813	48.4172	1155.53	0
0.04	0.01	0.000276813	51.88	1153.75	0
0.04	0.01	0.000276813	55.5904	1146.93	0
0.04	0.01	0.000276813	59.5662	1126.71	0
0.04	0.01	0.000276813	63.8263	1118.89	0
0.04	0.01	0.000276813	68.3912	1121.69	0
0.04	0.01	0.000276813	73.2825	1123.86	0
0.04	0.01	0.000276813	78.5236	1117.5	0
0.04	0.01	0.000276813	84.1395	1117.02	0
0.04	0.01	0.000276813	90.1571	1121.66	0
0.04	0.01	0.000276813	96.6051	1123.02	0
0.04	0.01	0.000302439	0.103514	0.000907053	0
0.04	0.01	0.000302439	0.110917	0.00937614	0
0.04	0.01	0.000302439	0.11885	0.0299993	0
0.04	0.01	0.000302439	0.12735	0.0679103	0
0.04	0.01	0.000302439	0.136458	0.129996	0
0.04	0.01	0.000302439	0.146218	0.225439	0
0.04	0.01	0.000302439	0.156675	0.366414	0
0.04	0.01	0.000302439	0.16788	0.568974	0
0.04	0.01	0.000302439	0.179887	0.85418	0
0.04	0.01	0.000302439	0.192752	1.24952	0
0.04	0.01	0.000302439	0.206538	1.79066	0
0.04	0.01	0.000302439	0.221309	2.52367	0
0.04	0.01	0.000302439	0.237137	3.50761	0
0.04	0.01	0.000302439	0.254097	4.81782	0
0.04	0.01	0.000302439	0.27227	6.5496	0
0.04	0.01	0.000302439	0.291743	8.82259	0
0.04	0.01	0.000302439	0.312608	11.7856	0
0.04	0.01	0.000302439	0.334965	15.6218	0
0.04	0.01	0.000302439	0.358922	20.5539	0
0.04	0.01	0.000302439	0.384592	26.8491	0
0.04	0.01	0.000302439	0.412098	34.8227	0
0.04	0.01	0.000302439	0.44157	44.8398	0
0.04	0.01	0.000302439	0.473151	57.3134	0
0.04	0.01	0.000302439	0.506991	72.6984	0
0.04	0.01	0.000302439	0.54325	91.4791	0
0.04	0.01	0.000302439	0.582103	114.149	0
0.04	0.01	0.000302439	0.623735	141.186	0
0.04	0.01	0.000302439	0.668344	173.013	0
0.04	0.01	0.000302439	0.716143	209.964	0
0.04	0.01	0.000302439	0.767361	252.242	0
0.04	0.01	0.000302439	0.822243	299.88	0
0.04	0.01	0.000302439	0.881049	352.714	0
0.04	0.01	0.000302439	0.944061	410.36	0
0.04	0.01	0.000302439	1.01158	472.204	0
0.04	0.01	0.000302439	1.08393	537.379	0
0.04	0.01	0.000302439	1.16145	604.739	0
0.04	0.01	0.000302439	1.24451	672.82	0
0.04	0.01	0.000302439	1.33352	739.809	0
0.04	0.01	0.000302439	1.42889	803.597	0
0.04	0.01	0.000302439	1.53109	861.983	0
0.04	0.01	0.000302439	1.64059	913.078	0
0.04	0.01	0.000302439	1.75792	955.829	0
0.04	0.01	0.000302439	1.88365	990.416	0
0.04	0.01	0.000302439	2.01837	1018.23	0
0.04	0.01	0.000302439	2.16272	1041.38	0
0.04	0.01	0.000302439	2.31739	1062.19	0
0.04	0.01	0.000302439	2.48313	1083.29	0
0.04	0.01	0.000302439	2.66073	1108.1	0
0.04	0.01	0.000302439	2.85102	1140.25	0
0.04	0.01	0.000302439	3.05492	1180.95	0
0.04	0.01	0.000302439	3.27341	1226.45	0
0.04	0.01	0.000302439	3.50752	1269.72	0
0.04	0.01	0.000302439	3.75837	1304.82	0
0.04	0.01	0.000302439	4.02717	1328.27	0
0.04	0.01	0.000302439	4.31519	1340.49	0
0.04	0.01	0.000302439	4.62381	1349.31	0
0.04	0.01	0.000302439	4.9545	1362.02	0
0.04	0.01	0.000302439	5.30884	1376.64	0
0.04	0.01	0.000302439	5.68853	1389.07	0
0.04	0.01	0.000302439	6.09537	1400.79	0
0.04	0.01	0.000302439	6.53131	1424.33	0
0.04	0.01	0.000302439	6.99842	1460.45	0
0.04	0.01	0.000302439	7.49894	1485.01	0
0.04	0.01	0.000302439	8.03526	1473.42	0
0.04	0.01	0.000302439	8.60994	1432.21	0
0.04	0.01	0.000302439	9.22571	1371.72	0
0.04	0.01	0.000302439	9.88553	1309.58	0
0.04	0.01	0.000302439	10.5925	1270.76	0
0.04	0.01	0.000302439	11.3501	1231.83	0
0.04	0.01	0.000302439	12.1619	1186.56	0
0.04	0.01	0.000302439	13.0317	1146.27	0
0.04	0.01	0.000302439	13.9637	1128.52	0
0.04	0.01	0.000302439	14.9624	1119.27	0
0.04	0.01	0.000302439	16.0325	1113.1	0
0.04	0.01	0.000302439	17.1791	1123.48	0
0.04	0.01	0.000302439	18.4077	1142.68	0
0.04	0.01	0.000302439	19.7242	1146.4	0
0.04	0.01	0.000302439	21.1349	1148.9	0
0.04	0.01	0.000302439	22.6464	1138.61	0
0.04	0.01	0.000302439	24.2661	1125.34	0
0.04	0.01	0.000302439	26.0016	1118.27	0
0.04	0.01	0.000302439	27.8612	1118.01	0
0.04	0.01	0.000302439	29.8538	1116.87	0
0.04	0.01	0.000302439	31.989	1124.34	0
0.04	0.01	0.000302439	34.2768	1139.95	0
0.04	0.01	0.000302439	36.7282	1165.4	0
0.04	0.01	0.000302439	39.355	1181.64	0
0.04	0.01	0.000302439	42.1697	1176.12	0
0.04	0.01	0.000302439	45.1856	1161.21	0
0.04	0.01	0.000302439	48.4172	1155.53	0
0.04	0.01	0.000302439	51.88	1153.75	0
0.04	0.01	0.000302439	55.5904	1146.93	0
0.04	0.01	0.000302439	59.5662	1126.71	0
0.04	0.01	0.000302439	63.8263	1118.89	0
0.04	0.01	0.000302439	68.3912	1121.69	0
0.04	0.01	0.000302439	73.2825	1123.86	0
0.04	0.01	0.000302439	78.5236	1117.5	0
0.04	0.01	0.000302439	84.1395	1117.02	0
0.04	0.01	0.000302439	90.1571	1121.66	0
0.04	0.01	0.000302439	96.6051	1123.02	0
0.04	0.01	0.000330437	0.103514	0.000907053	0
0.04	0.01	0.000330437	0.110917	0.00937614	0
0.04	0.01	0.000330437	0.11885	0.0299993	0
0.04	0.01	0.000330437	0.12735	0.0679103	0
0.04	0.01	0.000330437	0.136458	0.129996	0
0.04	0.01	0.000330437	0.146218	0.225439	0
0.04	0.01	0.000330437	0.156675	0.366414	0
0.04	0.01	0.000330437	0.16788	0.568974	0
0.04	0.01	0.000330437	0.179887	0.85418	0
0.04	0.01	0.000330437	0.192752	1.24952	0
0.04	0.01	0.000330437	0.206538	1.79066	0
0.04	0.01	0.000330437	0.221309	2.52367	0
0.04	0.01	0.000330437	0.237137	3.50761	0
0.04	0.01	0.000330437	0.254097	4.81782	0
0.04	0.01	0.000330437	0.27227	6.5496	0
0.04	0.01	0.000330437	0.291743	8.82259	0
0.04	0.01	0.000330437	0.312608	11.7856	0
0.04	0.01	0.000330437	0.334965	15.6218	0
0.04	0.01	0.000330437	0.358922	20.5539	0
0.04	0.01	0.000330437	0.384592	26.8491	0
0.04	0.01	0.000330437	0.412098	34.8227	0
0.04	0.01	0.000330437	0.44157	44.8398	0
0.04	0.01	0.000330437	0.473151	57.3134	0
0.04	0.01	0.000330437	0.506991	72.6984	0
0.04	0.01	0.000330437	0.54325	91.4791	0
0.04	0.01	0.000330437	0.582103	114.149	0
0.04	0.01	0.000330437	0.623735	141.186	0
0.04	0.01	0.000330437	0.668344	173.013	0
0.04	0.01	0.000330437	0.716143	209.964	0
0.04	0.01	0.000330437	0.767361	252.242	0
0.04	0.01	0.000330437	0.822243	299.88	0
0.04	0.01	0.000330437	0.881049	352.714	0
0.04	0.01	0.000330437	0.944061	410.36	0
0.04	0.01	0.000330437	1.01158	472.204	0
0.04	0.01	0.000330437	1.08393	537.379	0
0.04	0.01	0.000330437	1.16145	604.739	0
0.04	0.01	0.000330437	1.24451	672.82	0
0.04	0.01	0.000330437	1.33352	739.809	0
0.04	0.01	0.000330437	1.42889	803.597	0
0.04	0.01	0.000330437	1.53109	861.983	0
0.04	0.01	0.000330437	1.64059	913.078	0
0.04	0.01	0.000330437	1.75792	955.829	0
0.04	0.01	0.000330437	1.88365	990.416	0
0.04	0.01	0.000330437	2.01837	1018.23	0
0.04	0.01	0.000330437	2.16272	1041.38	0
0.04	0.01	0.000330437	2.31739	1062.19	0
0.04	0.01	0.000330437	2.48313	1083.29	0
0.04	0.01	0.000330437	2.66073	1108.1	0
0.04	0.01	0.000330437	2.85102	1140.25	0
0.04	0.01	0.000330437	3.05492	1180.95	0
0.04	0.01	0.000330437	3.27341	1226.45	0
0.04	0.01	0.000330437	3.50752	1269.72	0
0.04	0.01	0.000330437	3.75837	1304.82	0
0.04	0.01	0.000330437	4.02717	1328.27	0
0.04	0.01	0.000330437	4.31519	1340.49	0
0.04	0.01	0.000330437	4.62381	1349.31	0
0.04	0.01	0.000330437	4.9545	1362.02	0
0.04	0.01	0.000330437	5.30884	1376.64	0
0.04	0.01	0.000330437	5.68853	1389.07	0
0.04	0.01	0.000330437	6.09537	1400.79	0
0.04	0.01	0.000330437	6.53131	1424.33	0
0.04	0.01	0.000330437	6.99842	1460.45	0
0.04	0.01	0.000330437	7.49894	1485.01	0
0.04	0.01	0.000330437	8.03526	1473.42	0
0.04	0.01	0.000330437	8.60994	1432.21	0
0.04	0.01	0.000330437	9.22571	1371.72	0
0.04	0.01	0.000330437	9.88553	1309.58	0
0.04	0.01	0.000330437	10.5925	1270.76	0
0.04	0.01	0.000330437	11.3501	1231.83	0
0.04	0.01	0.000330437	12.1619	1186.56	0
0.04	0.01	0.000330437	13.0317	1146.27	0
0.04	0.01	0.000330437	13.9637	1128.52	0
0.04	0.01	0.000330437	14.9624	1119.27	0
0.04	0.01	0.000330437	16.0325	1113.1	0
0.04	0.01	0.000330437	17.1791	1123.48	0
0.04	0.01	0.000330437	18.4077	1142.68	0
0.04	0.01	0.000330437	19.7242	1146.4	0
0.04	0.01	0.000330437	21.1349	1148.9	0
0.04	0.01	0.000330437	22.6464	1138.61	0
0.04	0.01	0.000330437	24.2661	1125.34	0
0.04	0.01	0.000330437	26.0016	1118.27	0
0.04	0.01	0.000330437	27.8612	1118.01	0
0.04	0.01	0.000330437	29.8538	1116.87	0
0.04	0.01	0.000330437	31.989	1124.34	0
0.04	0.01	0.000330437	34.2768	1139.95	0
0.04	0.01	0.000330437	36.7282	1165.4	0
0.04	0.01	0.000330437	39.355	1181.64	0
0.04	0.01	0.000330437	42.1697	1176.12	0
0.04	0.01	0.000330437	45.1856	1161.21	0
0.04	0.01	0.000330437	48.4172	1155.53	0
0.04	0.01	0.000330437	51.88	1153.75	0
0.04	0.01	0.000330437	55.5904	1146.93	0
0.04	0.01	0.000330437	59.5662	1126.71	0
0.04	0.01	0.000330437	63.8263	1118.89	0
0.04	0.01	0.000330437	68.3912	1121.69	0
0.04	0.01	0.000330437	73.2825	1123.86	0
0.04	0.01	0.000330437	78.5236	1117.5	0
0.04	0.01	0.000330437	84.1395	1117.02	0
0.04	0.01	0.000330437	90.1571	1121.66	0
0.04	0.01	0.000330437	96.6051	1123.02	0
0.04	0.01	0.000361027	0.103514	0.000907053	0
0.04	0.01	0.000361027	0.110917	0.00937614	0
0.04	0.01	0.000361027	0.11885	0.0299993	0
0.04	0.01	0.000361027	0.12735	0.0679103	0
0.04	0.01	0.000361027	0.136458	0.129996	0
0.04	0.01	0.000361027	0.146218	0.225439	0
0.04	0.01	0.000361027	0.156675	0.366414	0
0.04	0.01	0.000361027	0.16788	0.568974	0
0.04	0.01	0.000361027	0.179887	0.85418	0
0.04	0.01	0.000361027	0.192752	1.24952	0
0.04	0.01	0.000361027	0.206538	1.79066	0
0.04	0.01	0.000361027	0.221309	2.52367	0
0.04	0.01	0.000361027	0.237137	3.50761	0
0.04	0.01	0.000361027	0.254097	4.81782	0
0.04	0.01	0.000361027	0.27227	6.5496	0
0.04	0.01	0.000361027	0.291743	8.82259	0
0.04	0.01	0.000361027	0.312608	11.7856	0
0.04	0.01	0.000361027	0.334965	15.6218	0
0.04	0.01	0.000361027	0.358922	20.5539	0
0.04	0.01	0.000361027	0.384592	26.8491	0
0.04	0.01	0.000361027	0.412098	34.8227	0
0.04	0.01	0.000361027	0.44157	44.8398	0
0.04	0.01	0.000361027	0.473151	57.3134	0
0.04	0.01	0.000361027	0.506991	72.6984	0
0.04	0.01	0.000361027	0.54325	91.4791	0
0.04	0.01	0.000361027	0.582103	114.149	0
0.04	0.01	0.000361027	0.623735	141.186	0
0.04	0.01	0.000361027	0.668344	173.013	0
0.04	0.01	0.000361027	0.716143	209.964	0
0.04	0.01	0.000361027	0.767361	252.242	0
0.04	0.01	0.000361027	0.822243	299.88	0
0.04	0.01	0.000361027	0.881049	352.714	0
0.04	0.01	0.000361027	0.944061	410.36	0
0.04	0.01	0.000361027	1.01158	472.204	0
0.04	0.01	0.000361027	1.08393	537.379	0
0.04	0.01	0.000361027	1.16145	604.739	0
0.04	0.01	0.000361027	1.24451	672.82	0
0.04	0.01	0.000361027	1.33352	739.809	0
0.04	0.01	0.000361027	1.42889	803.597	0
0.04	0.01	0.000361027	1.53109	861.983	0
0.04	0.01	0.000361027	1.64059	913.078	0
0.04	0.01	0.000361027	1.75792	955.829	0
0.04	0.01	0.000361027	1.88365	990.416	0
0.04	0.01	0.000361027	2.01837	1018.23	0
0.04	0.01	0.000361027	2.16272	1041.38	0
0.04	0.01	0.000361027	2.31739	1062.19	0
0.04	0.01	0.000361027	2.48313	1083.29	0
0.04	0.01	0.000361027	2.66073	1108.1	0
0.04	0.01	0.000361027	2.85102	1140.25	0
0.04	0.01	0.000361027	3.05492	1180.95	0
0.04	0.01	0.000361027	3.27341	1226.45	0
0.04	0.01	0.000361027	3.50752	1269.72	0
0.04	0.01	0.000361027	3.75837	1304.82	0
0.04	0.01	0.000361027	4.02717	1328.27	0
0.04	0.01	0.000361027	4.31519	1340.49	0
0.04	0.01	0.000361027	4.62381	1349.31	0
0.04	0.01	0.000361027	4.9545	1362.02	0
0.04	0.01	0.000361027	5.30884	1376.64	0
0.04	0.01	0.000361027	5.68853	1389.07	0
0.04	0.01	0.000361027	6.09537	1400.79	0
0.04	0.01	0.000361027	6.53131	1424.33	0
0.04	0.01	0.000361027	6.99842	1460.45	0
0.04	0.01	0.000361027	7.49894	1485.01	0
0.04	0.01	0.000361027	8.03526	1473.42	0
0.04	0.01	0.000361027	8.60994	1432.21	0
0.04	0.01	0.000361027	9.22571	1371.72	0
0.04	0.01	0.000361027	9.88553	1309.58	0
0.04	0.01	0.000361027	10.5925	1270.76	0
0.04	0.01	0.000361027	11.3501	1231.83	0
0.04	0.01	0.000361027	12.1619	1186.56	0
0.04	0.01	0.000361027	13.0317	1146.27	0
0.04	0.01	0.000361027	13.9637	1128.52	0
0.04	0.01	0.000361027	14.9624	1119.27	0
0.04	0.01	0.000361027	16.0325	1113.1	0
0.04	0.01	0.000361027	17.1791	1123.48	0
0.04	0.01	0.000361027	18.4077	1142.68	0
0.04	0.01	0.000361027	19.7242	1146.4	0
0.04	0.01	0.000361027	21.1349	1148.9	0
0.04	0.01	0.000361027	22.6464	1138.61	0
0.04	0.01	0.000361027	24.2661	1125.34	0
0.04	0.01	0.000361027	26.0016	1118.27	0
0.04	0.01	0.000361027	27.8612	1118.01	0
0.04	0.01	0.000361027	29.8538	1116.87	0
0.04	0.01	0.000361027	31.989	1124.34	0
0.04	0.01	0.000361027	34.2768	1139.95	0
0.04	0.01	0.000361027	36.7282	1165.4	0
0.04	0.01	0.000361027	39.355	1181.64	0
0.04	0.01	0.000361027	42.1697	1176.12	0
0.04	0.01	0.000361027	45.1856	1161.21	0
0.04	0.01	0.000361027	48.4172	1155.53	0
0.04	0.01	0.000361027	51.88	1153.75	0
0.04	0.01	0.000361027	55.5904	1146.93	0
0.04	0.01	0.000361027	59.5662	1126.71	0
0.04	0.01	0.000361027	63.8263	1118.89	0
0.04	0.01	0.000361027	68.3912	1121.69	0
0.04	0.01	0.000361027	73.2825	1123.86	0
0.04	0.01	0.000361027	78.5236	1117.5	0
0.04	0.01	0.000361027	84.1395	1117.02	0
0.04	0.01	0.000361027	90.1571	1121.66	0
0.04	0.01	0.000361027	96.6051	1123.02	0
0.04	0.01	0.000394448	0.103514	0.000907053	0
0.04	0.01	0.000394448	0.110917	0.00937614	0
0.04	0.01	0.000394448	0.11885	0.0299993	0
0.04	0.01	0.000394448	0.12735	0.0679103	0
0.04	0.01	0.000394448	0.136458	0.129996	0
0.04	0.01	0.000394448	0.146218	0.225439	0
0.04	0.01	0.000394448	0.156675	0.366414	0
0.04	0.01	0.000394448	0.16788	0.568974	0
0.04	0.01	0.000394448	0.179887	0.85418	0
0.04	0.01	0.000394448	0.192752	1.24952	0
0.04	0.01	0.000394448	0.206538	1.79066	0
0.04	0.01	0.000394448	0.221309	2.52367	0
0.04	0.01	0.000394448	0.237137	3.50761	0
0.04	0.01	0.000394448	0.254097	4.81782	0
0.04	0.01	0.000394448	0.27227	6.5496	0
0.04	0.01	0.000394448	0.291743	8.82259	0
0.04	0.01	0.000394448	0.312608	11.7856	0
0.04	0.01	0.000394448	0.334965	15.6217	0
0.04	0.01	0.000394448	0.358922	20.5539	0
0.04	0.01	0.000394448	0.384592	26.8491	0
0.04	0.01	0.000394448	0.412098	34.8227	0
0.04	0.01	0.000394448	0.44157	44.8398	0
0.04	0.01	0.000394448	0.473151	57.3134	0
0.04	0.01	0.000394448	0.506991	72.6984	0
0.04	0.01	0.000394448	0.54325	91.4791	0
0.04	0.01	0.000394448	0.582103	114.149	0
0.04	0.01	0.000394448	0.623735	141.186	0
0.04	0.01	0.000394448	0.668344	173.013	0
0.04	0.01	0.000394448	0.716143	209.964	0
0.04	0.01	0.000394448	0.767361	252.242	0
0.04	0.01	0.000394448	0.822243	299.88	0
0.04	0.01	0.000394448	0.881049	352.714	0
0.04	0.01	0.000394448	0.944061	410.36	0
0.04	0.01	0.000394448	1.01158	472.204	0
0.04	0.01	0.000394448	1.08393	537.379	0
0.04	0.01	0.000394448	1.16145	604.739	0
0.04	0.01	0.000394448	1.24451	672.82	0
0.04	0.01	0.000394448	1.33352	739.809	0
0.04	0.01	0.000394448	1.42889	803.597	0
0.04	0.01	0.000394448	1.53109	861.983	0
0.04	0.01	0.000394448	1.64059	913.078	0
0.04	0.01	0.000394448	1.75792	955.829	0
0.04	0.01	0.000394448	1.88365	990.416	0
0.04	0.01	0.000394448	2.01837	1018.23	0
0.04	0.01	0.000394448	2.16272	1041.38	0
0.04	0.01	0.000394448	2.31739	1062.19	0
0.04	0.01	0.000394448	2.48313	1083.29	0
0.04	0.01	0.000394448	2.66073	1108.1	0
0.04	0.01	0.000394448	2.85102	1140.25	0
0.04	0.01	0.000394448	3.05492	1180.95	0
0.04	0.01	0.000394448	3.27341	1226.45	0
0.04	0.01	0.000394448	3.50752	1269.72	0
0.04	0.01	0.000394448	3.75837	1304.82	0
0.04	0.01	0.000394448	4.02717	1328.27	0
0.04	0.01	0.000394448	4.31519	1340.49	0
0.04	0.01	0.000394448	4.62381	1349.31	0
0.04	0.01	0.000394448	4.9545	1362.02	0
0.04	0.01	0.000394448	5.30884	1376.64	0
0.04	0.01	0.000394448	5.68853	1389.07	0
0.04	0.01	0.000394448	6.09537	1400.79	0
0.04	0.01	0.000394448	6.53131	1424.33	0
0.04	0.01	0.000394448	6.99842	1460.45	0
0.04	0.01	0.000394448	7.49894	1485.01	0
0.04	0.01	0.000394448	8.03526	1473.42	0
0.04	0.01	0.000394448	8.60994	1432.21	0
0.04	0.01	0.000394448	9.22571	1371.72	0
0.04	0.01	0.000394448	9.88553	1309.58	0
0.04	0.01	0.000394448	10.5925	1270.76	0
0.04	0.01	0.000394448	11.3501	1231.83	0
0.04	0.01	0.000394448	12.1619	1186.56	0
0.04	0.01	0.000394448	13.0317	1146.27	0
0.04	0.01	0.000394448	13.9637	1128.52	0
0.04	0.01	0.000394448	14.9624	1119.27	0
0.04	0.01	0.000394448	16.0325	1113.1	0
0.04	0.01	0.000394448	17.1791	1123.48	0
0.04	0.01	0.000394448	18.4077	1142.68	0
0.04	0.01	0.000394448	19.7242	1146.4	0
0.04	0.01	0.000394448	21.1349	1148.9	0
0.04	0.01	0.000394448	22.6464	1138.61	0
0.04	0.01	0.000394448	24.2661	1125.34	0
0.04	0.01	0.000394448	26.0016	1118.27	0
0.04	0.01	0.000394448	27.8612	1118.01	0
0.04	0.01	0.000394448	29.8538	1116.87	0
0.04	0.01	0.000394448	31.989	1124.34	0
0.04	0.01	0.000394448	34.2768	1139.95	0
0.04	0.01	0.000394448	36.7282	1165.4	0
0.04	0.01	0.000394448	39.355	1181.64	0
0.04	0.01	0.000394448	42.1697	1176.12	0
0.04	0.01	0.000394448	45.1856	1161.21	0
0.04	0.01	0.000394448	48.4172	1155.53	0
0.04	0.01	0.000394448	51.88	1153.75	0
0.04	0.01	0.000394448	55.5904	1146.93	0
0.04	0.01	0.000394448	59.5662	1126.71	0
0.04	0.01	0.000394448	63.8263	1118.89	0
0.04	0.01	0.000394448	68.3912	1121.69	0
0.04	0.01	0.000394448	73.2825	1123.86	0
0.04	0.01	0.000394448	78.5236	1117.5	0
0.04	0.01	0.000394448	84.1395	1117.02	0
0.04	0.01	0.000394448	90.1571	1121.66	0
0.04	0.01	0.000394448	96.6051	1123.02	0
0.04	0.01	0.000430964	0.103514	0.000907053	0
0.04	0.01	0.000430964	0.110917	0.00937614	0
0.04	0.01	0.000430964	0.11885	0.0299993	0
0.04	0.01	0.000430964	0.12735	0.0679103	0
0.04	0.01	0.000430964	0.136458	0.129996	0
0.04	0.01	0.000430964	0.146218	0.225439	0
0.04	0.01	0.000430964	0.156675	0.366414	0
0.04	0.01	0.000430964	0.16788	0.568974	0
0.04	0.01	0.000430964	0.179887	0.85418	0
0.04	0.01	0.000430964	0.192752	1.24952	0
0.04	0.01	0.000430964	0.206538	1.79066	0
0.04	0.01	0.000430964	0.221309	2.52367	0
0.04	0.01	0.000430964	0.237137	3.50761	0
0.04	0.01	0.000430964	0.254097	4.81782	0
0.04	0.01	0.000430964	0.27227	6.5496	0
0.04	0.01	0.000430964	0.291743	8.82259	0
0.04	0.01	0.000430964	0.312608	11.7856	0
0.04	0.01	0.000430964	0.334965	15.6217	0
0.04	0.01	0.000430964	0.358922	20.5539	0
0.04	0.01	0.000430964	0.384592	26.8491	0
0.04	0.01	0.000430964	0.412098	34.8227	0
0.04	0.01	0.000430964	0.44157	44.8398	0
0.04	0.01	0.000430964	0.473151	57.3134	0
0.04	0.01	0.000430964	0.506991	72.6984	0
0.04	0.01	0.000430964	0.54325	91.4791	0
0.04	0.01	0.000430964	0.582103	114.149	0
0.04	0.01	0.000430964	0.623735	141.186	0
0.04	0.01	0.000430964	0.668344	173.013	0
0.04	0.01	0.000430964	0.716143	209.964	0
0.04	0.01	0.000430964	0.767361	252.242	0
0.04	0.01	0.000430964	0.822243	299.88	0
0.04	0.01	0.000430964	0.881049	352.714	0
0.04	0.01	0.000430964	0.944061	410.36	0
0.04	0.01	0.000430964	1.01158	472.204	0
0.04	0.01	0.000430964	1.08393	537.379	0
0.04	0.01	0.000430964	1.16145	604.739	0
0.04	0.01	0.000430964	1.24451	672.82	0
0.04	0.01	0.000430964	1.33352	739.809	0
0.04	0.01	0.000430964	1.42889	803.597	0
0.04	0.01	0.000430964	1.53109	861.983	0
0.04	0.01	0.000430964	1.64059	913.078	0
0.04	0.01	0.000430964	1.75792	955.829	0
0.04	0.01	0.000430964	1.88365	990.416	0
0.04	0.01	0.000430964	2.01837	1018.23	0
0.04	0.01	0.000430964	2.16272	1041.38	0
0.04	0.01	0.000430964	2.31739	1062.19	0
0.04	0.01	0.000430964	2.48313	1083.29	0
0.04	0.01	0.000430964	2.66073	1108.1	0
0.04	0.01	0.000430964	2.85102	1140.25	0
0.04	0.01	0.000430964	3.05492	1180.95	0
0.04	0.01	0.000430964	3.27341	1226.45	0
0.04	0.01	0.000430964	3.50752	1269.72	0
0.04	0.01	0.000430964	3.75837	1304.82	0
0.04	0.01	0.000430964	4.02717	1328.27	0
0.04	0.01	0.000430964	4.31519	1340.49	0
0.04	0.01	0.000430964	4.62381	1349.31	0
0.04	0.01	0.000430964	4.9545	1362.02	0
0.04	0.01	0.000430964	5.30884	1376.64	0
0.04	0.01	0.000430964	5.68853	1389.07	0
0.04	0.01	0.000430964	6.09537	1400.79	0
0.04	0.01	0.000430964	6.53131	1424.33	0
0.04	0.01	0.000430964	6.99842	1460.45	0
0.04	0.01	0.000430964	7.49894	1485.01	0
0.04	0.01	0.000430964	8.03526	1473.42	0
0.04	0.01	0.000430964	8.60994	1432.21	0
0.04	0.01	0.000430964	9.22571	1371.72	0
0.04	0.01	0.000430964	9.88553	1309.58	0
0.04	0.01	0.000430964	10.5925	1270.76	0
0.04	0.01	0.000430964	11.3501	1231.83	0
0.04	0.01	0.000430964	12.1619	1186.56	0
0.04	0.01	0.000430964	13.0317	1146.27	0
0.04	0.01	0.000430964	13.9637	1128.52	0
0.04	0.01	0.000430964	14.9624	1119.27	0
0.04	0.01	0.000430964	16.0325	1113.1	0
0.04	0.01	0.000430964	17.1791	1123.48	0
0.04	0.01	0.000430964	18.4077	1142.68	0
0.04	0.01	0.000430964	19.7242	1146.4	0
0.04	0.01	0.000430964	21.1349	1148.9	0
0.04	0.01	0.000430964	22.6464	1138.61	0
0.04	0.01	0.000430964	24.2661	1125.34	0
0.04	0.01	0.000430964	26.0016	1118.27	0
0.04	0.01	0.000430964	27.8612	1118.01	0
0.04	0.01	0.000430964	29.8538	1116.87	0
0.04	0.01	0.000430964	31.989	1124.34	0
0.04	0.01	0.000430964	34.2768	1139.95	0
0.04	0.01	0.000430964	36.7282	1165.4	0
0.04	0.01	0.000430964	39.355	1181.64	0
0.04	0.01	0.000430964	42.1697	1176.12	0
0.04	0.01	0.000430964	45.1856	1161.21	0
0.04	0.01	0.000430964	48.4172	1155.53	0
0.04	0.01	0.000430964	51.88	1153.75	0
0.04	0.01	0.000430964	55.5904	1146.93	0
0.04	0.01	0.000430964	59.5662	1126.71	0
0.04	0.01	0.000430964	63.8263	1118.89	0
0.04	0.01	0.000430964	68.3912	1121.69	0
0.04	0.01	0.000430964	73.2825	1123.86	0
0.04	0.01	0.000430964	78.5236	1117.5	0
0.04	0.01	0.000430964	84.1395	1117.02	0
0.04	0.01	0.000430964	90.1571	1121.66	0
0.04	0.01	0.000430964	96.6051	1123.02	0
0.04	0.01	0.00047086	0.103514	0.000907053	0
0.04	0.01	0.00047086	0.110917	0.00937614	0
0.04	0.01	0.00047086	0.11885	0.0299993	0
0.04	0.01	0.00047086	0.12735	0.0679103	0
0.04	0.01	0.00047086	0.136458	0.129996	0
0.04	0.01	0.00047086	0.146218	0.225439	0
0.04	0.01	0.00047086	0.156675	0.366414	0
0.04	0.01	0.00047086	0.16788	0.568974	0
0.04	0.01	0.00047086	0.179887	0.85418	0
0.04	0.01	0.00047086	0.192752	1.24952	0
0.04	0.01	0.00047086	0.206538	1.79066	0
0.04	0.01	0.00047086	0.221309	2.52367	0
0.04	0.01	0.00047086	0.237137	3.50761	0
0.04	0.01	0.00047086	0.254097	4.81782	0
0.04	0.01	0.00047086	0.27227	6.5496	0
0.04	0.01	0.00047086	0.291743	8.82259	0
0.04	0.01	0.00047086	0.312608	11.7856	0
0.04	0.01	0.00047086	0.334965	15.6217	0
0.04	0.01	0.00047086	0.358922	20.5539	0
0.04	0.01	0.00047086	0.384592	26.8491	0
0.04	0.01	0.00047086	0.412098	34.8227	0
0.04	0.01	0.00047086	0.44157	44.8398	0
0.04	0.01	0.00047086	0.473151	57.3134	0
0.04	0.01	0.00047086	0.506991	72.6984	0
0.04	0.01	0.00047086	0.54325	91.4791	0
0.04	0.01	0.00047086	0.582103	114.149	0
0.04	0.01	0.00047086	0.623735	141.186	0
0.04	0.01	0.00047086	0.668344	173.013	0
0.04	0.01	0.00047086	0.716143	209.964	0
0.04	0.01	0.00047086	0.767361	252.242	0
0.04	0.01	0.00047086	0.822243	299.88	0
0.04	0.01	0.00047086	0.881049	352.714	0
0.04	0.01	0.00047086	0.944061	410.36	0
0.04	0.01	0.00047086	1.01158	472.204	0
0.04	0.01	0.00047086	1.08393	537.379	0
0.04	0.01	0.00047086	1.16145	604.739	0
0.04	0.01	0.00047086	1.24451	672.82	0
0.04	0.01	0.00047086	1.33352	739.809	0
0.04	0.01	0.00047086	1.42889	803.597	0
0.04	0.01	0.00047086	1.53109	861.983	0
0.04	0.01	0.00047086	1.64059	913.078	0
0.04	0.01	0.00047086	1.75792	955.828	0
0.04	0.01	0.00047086	1.88365	990.416	0
0.04	0.01	0.00047086	2.01837	1018.23	0
0.04	0.01	0.00047086	2.16272	1041.38	0
0.04	0.01	0.00047086	2.31739	1062.19	0
0.04	0.01	0.00047086	2.48313	1083.29	0
0.04	0.01	0.00047086	2.66073	1108.1	0
0.04	0.01	0.00047086	2.85102	1140.25	0
0.04	0.01	0.00047086	3.05492	1180.95	0
0.04	0.01	0.00047086	3.27341	1226.45	0
0.04	0.01	0.00047086	3.50752	1269.72	0
0.04	0.01	0.00047086	3.75837	1304.82	0
0.04	0.01	0.00047086	4.02717	1328.27	0
0.04	0.01	0.00047086	4.31519	1340.49	0
0.04	0.01	0.00047086	4.62381	1349.31	0
0.04	0.01	0.00047086	4.9545	1362.02	0
0.04	0.01	0.00047086	5.30884	1376.64	0
0.04	0.01	0.00047086	5.68853	1389.07	0
0.04	0.01	0.00047086	6.09537	1400.79	0
0.04	0.01	0.00047086	6.53131	1424.33	0
0.04	0.01	0.00047086	6.99842	1460.45	0
0.04	0.01	0.00047086	7.49894	1485.01	0
0.04	0.01	0.00047086	8.03526	1473.42	0
0.04	0.01	0.00047086	8.60994	1432.21	0
0.04	0.01	0.00047086	9.22571	1371.72	0
0.04	0.01	0.00047086	9.88553	1309.58	0
0.04	0.01	0.00047086	10.5925	1270.76	0
0.04	0.01	0.00047086	11.3501	1231.83	0
0.04	0.01	0.00047086	12.1619	1186.56	0
0.04	0.01	0.00047086	13.0317	1146.27	0
0.04	0.01	0.00047086	13.9637	1128.52	0
0.04	0.01	0.00047086	14.9624	1119.27	0
0.04	0.01	0.00047086	16.0325	1113.1	0
0.04	0.01	0.00047086	17.1791	1123.48	0
0.04	0.01	0.00047086	18.4077	1142.68	0
0.04	0.01	0.00047086	19.7242	1146.4	0
0.04	0.01	0.00047086	21.1349	1148.9	0
0.04	0.01	0.00047086	22.6464	1138.61	0
0.04	0.01	0.00047086	24.2661	1125.34	0
0.04	0.01	0.00047086	26.0016	1118.27	0
0.04	0.01	0.00047086	27.8612	1118.01	0
0.04	0.01	0.00047086	29.8538	1116.87	0
0.04	0.01	0.00047086	31.989	1124.34	0
0.04	0.01	0.00047086	34.2768	1139.95	0
0.04	0.01	0.00047086	36.7282	1165.4	0
0.04	0.01	0.00047086	39.355	1181.64	0
0.04	0.01	0.00047086	42.1697	1176.12	0
0.04	0.01	0.00047086	45.1856	1161.21	0
0.04	0.01	0.00047086	48.4172	1155.53	0
0.04	0.01	0.00047086	51.88	1153.75	0
0.04	0.01	0.00047086	55.5904	1146.93	0
0.04	0.01	0.00047086	59.5662	1126.71	0
0.04	0.01	0.00047086	63.8263	1118.89	0
0.04	0.01	0.00047086	68.3912	1121.69	0
0.04	0.01	0.00047086	73.2825	1123.86	0
0.04	0.01	0.00047086	78.5236	1117.5	0
0.04	0.01	0.00047086	84.1395	1117.02	0
0.04	0.01	0.00047086	90.1571	1121.66	0
0.04	0.01	0.00047086	96.6051	1123.02	0
0.04	0.01	0.00051445	0.103514	0.000907053	0
0.04	0.01	0.00051445	0.110917	0.00937614	0
0.04	0.01	0.00051445	0.11885	0.0299993	0
0.04	0.01	0.00051445	0.12735	0.0679103	0
0.04	0.01	0.00051445	0.136458	0.129996	0
0.04	0.01	0.00051445	0.146218	0.225439	0
0.04	0.01	0.00051445	0.156675	0.366414	0
0.04	0.01	0.00051445	0.16788	0.568974	0
0.04	0.01	0.00051445	0.179887	0.85418	0
0.04	0.01	0.00051445	0.192752	1.24952	0
0.04	0.01	0.00051445	0.206538	1.79066	0
0.04	0.01	0.00051445	0.221309	2.52367	0
0.04	0.01	0.00051445	0.237137	3.50761	0
0.04	0.01	0.00051445	0.254097	4.81782	0
0.04	0.01	0.00051445	0.27227	6.5496	0
0.04	0.01	0.00051445	0.291743	8.82259	0
0.04	0.01	0.00051445	0.312608	11.7856	0
0.04	0.01	0.00051445	0.334965	15.6217	0
0.04	0.01	0.00051445	0.358922	20.5539	0
0.04	0.01	0.00051445	0.384592	26.8491	0
0.04	0.01	0.00051445	0.412098	34.8227	0
0.04	0.01	0.00051445	0.44157	44.8398	0
0.04	0.01	0.00051445	0.473151	57.3134	0
0.04	0.01	0.00051445	0.506991	72.6984	0
0.04	0.01	0.00051445	0.54325	91.4791	0
0.04	0.01	0.00051445	0.582103	114.149	0
0.04	0.01	0.00051445	0.623735	141.186	0
0.04	0.01	0.00051445	0.668344	173.013	0
0.04	0.01	0.00051445	0.716143	209.964	0
0.04	0.01	0.00051445	0.767361	252.242	0
0.04	0.01	0.00051445	0.822243	299.88	0
0.04	0.01	0.00051445	0.881049	352.714	0
0.04	0.01	0.00051445	0.944061	410.36	0
0.04	0.01	0.00051445	1.01158	472.204	0
0.04	0.01	0.00051445	1.08393	537.379	0
0.04	0.01	0.00051445	1.16145	604.739	0
0.04	0.01	0.00051445	1.24451	672.82	0
0.04	0.01	0.00051445	1.33352	739.808	0
0.04	0.01	0.00051445	1.42889	803.597	0
0.04	0.01	0.00051445	1.53109	861.983	0
0.04	0.01	0.00051445	1.64059	913.078	0
0.04	0.01	0.00051445	1.75792	955.828	0
0.04	0.01	0.00051445	1.88365	990.416	0
0.04	0.01	0.00051445	2.01837	1018.23	0
0.04	0.01	0.00051445	2.16272	1041.38	0
0.04	0.01	0.00051445	2.31739	1062.19	0
0.04	0.01	0.00051445	2.48313	1083.29	0
0.04	0.01	0.00051445	2.66073	1108.1	0
0.04	0.01	0.00051445	2.85102	1140.25	0
0.04	0.01	0.00051445	3.05492	1180.95	0
0.04	0.01	0.00051445	3.27341	1226.45	0
0.04	0.01	0.00051445	3.50752	1269.72	0
0.04	0.01	0.00051445	3.75837	1304.82	0
0.04	0.01	0.00051445	4.02717	1328.27	0
0.04	0.01	0.00051445	4.31519	1340.49	0
0.04	0.01	0.00051445	4.62381	1349.31	0
0.04	0.01	0.00051445	4.9545	1362.02	0
0.04	0.01	0.00051445	5.30884	1376.64	0
0.04	0.01	0.00051445	5.68853	1389.07	0
0.04	0.01	0.00051445	6.09537	1400.79	0
0.04	0.01	0.00051445	6.53131	1424.33	0
0.04	0.01	0.00051445	6.99842	1460.45	0
0.04	0.01	0.00051445	7.49894	1485.01	0
0.04	0.01	0.00051445	8.03526	1473.42	0
0.04	0.01	0.00051445	8.60994	1432.21	0
0.04	0.01	0.00051445	9.22571	1371.72	0
0.04	0.01	0.00051445	9.88553	1309.58	0
0.04	0.01	0.00051445	10.5925	1270.76	0
0.04	0.01	0.00051445	11.3501	1231.83	0
0.04	0.01	0.00051445	12.1619	1186.56	0
0.04	0.01	0.00051445	13.0317	1146.27	0
0.04	0.01	0.00051445	13.9637	1128.52	0
0.04	0.01	0.00051445	14.9624	1119.27	0
0.04	0.01	0.00051445	16.0325	1113.1	0
0.04	0.01	0.00051445	17.1791	1123.48	0
0.04	0.01	0.00051445	18.4077	1142.68	0
0.04	0.01	0.00051445	19.7242	1146.4	0
0.04	0.01	0.00051445	21.1349	1148.9	0
0.04	0.01	0.00051445	22.6464	1138.61	0
0.04	0.01	0.00051445	24.2661	1125.34	0
0.04	0.01	0.00051445	26.0016	1118.27	0
0.04	0.01	0.00051445	27.8612	1118.01	0
0.04	0.01	0.00051445	29.8538	1116.87	0
0.04	0.01	0.00051445	31.989	1124.34	0
0.04	0.01	0.00051445	34.2768	1139.95	0
0.04	0.01	0.00051445	36.7282	1165.4	0
0.04	0.01	0.00051445	39.355	1181.64	0
0.04	0.01	0.00051445	42.1697	1176.12	0
0.04	0.01	0.00051445	45.1856	1161.21	0
0.04	0.01	0.00051445	48.4172	1155.53	0
0.04	0.01	0.00051445	51.88	1153.75	0
0.04	0.01	0.00051445	55.5904	1146.93	0
0.04	0.01	0.00051445	59.5662	1126.71	0
0.04	0.01	0.00051445	63.8263	1118.89	0
0.04	0.01	0.00051445	68.3912	1121.69	0
0.04	0.01	0.00051445	73.2825	1123.86	0
0.04	0.01	0.00051445	78.5236	1117.5	0
0.04	0.01	0.00051445	84.1395	1117.02	0
0.04	0.01	0.00051445	90.1571	1121.66	0
0.04	0.01	0.00051445	96.6051	1123.02	0
0.04	0.01	0.000562075	0.103514	0.000907053	0
0.04	0.01	0.000562075	0.110917	0.00937614	0
0.04	0.01	0.000562075	0.11885	0.0299993	0
0.04	0.01	0.000562075	0.12735	0.0679103	0
0.04	0.01	0.000562075	0.136458	0.129996	0
0.04	0.01	0.000562075	0.146218	0.225439	0
0.04	0.01	0.000562075	0.156675	0.366414	0
0.04	0.01	0.000562075	0.16788	0.568974	0
0.04	0.01	0.000562075	0.179887	0.85418	0
0.04	0.01	0.000562075	0.192752	1.24952	0
0.04	0.01	0.000562075	0.206538	1.79066	0
0.04	0.01	0.000562075	0.221309	2.52367	0
0.04	0.01	0.000562075	0.237137	3.50761	0
0.04	0.01	0.000562075	0.254097	4.81782	0
0.04	0.01	0.000562075	0.27227	6.5496	0
0.04	0.01	0.000562075	0.291743	8.82259	0
0.04	0.01	0.000562075	0.312608	11.7856	0
0.04	0.01	0.000562075	0.334965	15.6217	0
0.04	0.01	0.000562075	0.358922	20.5539	0
0.04	0.01	0.000562075	0.384592	26.8491	0
0.04	0.01	0.000562075	0.412098	34.8227	0
0.04	0.01	0.000562075	0.44157	44.8398	0
0.04	0.01	0.000562075	0.473151	57.3134	0
0.04	0.01	0.000562075	0.506991	72.6984	0
0.04	0.01	0.000562075	0.54325	91.4791	0
0.04	0.01	0.000562075	0.582103	114.149	0
0.04	0.01	0.000562075	0.623735	141.186	0
0.04	0.01	0.000562075	0.668344	173.013	0
0.04	0.01	0.000562075	0.716143	209.964	0
0.04	0.01	0.000562075	0.767361	252.242	0
0.04	0.01	0.000562075	0.822243	299.88	0
0.04	0.01	0.000562075	0.881049	352.714	0
0.04	0.01	0.000562075	0.944061	410.36	0
0.04	0.01	0.000562075	1.01158	472.204	0
0.04	0.01	0.000562075	1.08393	537.379	0
0.04	0.01	0.000562075	1.16145	604.739	0
0.04	0.01	0.000562075	1.24451	672.82	0
0.04	0.01	0.000562075	1.33352	739.808	0
0.04	0.01	0.000562075	1.42889	803.597	0
0.04	0.01	0.000562075	1.53109	861.983	0
0.04	0.01	0.000562075	1.64059	913.078	0
0.04	0.01	0.000562075	1.75792	955.828	0
0.04	0.01	0.000562075	1.88365	990.416	0
0.04	0.01	0.000562075	2.01837	1018.23	0
0.04	0.01	0.000562075	2.16272	1041.38	0
0.04	0.01	0.000562075	2.31739	1062.19	0
0.04	0.01	0.000562075	2.48313	1083.29	0
0.04	0.01	0.000562075	2.66073	1108.1	0
0.04	0.01	0.000562075	2.85102	1140.25	0
0.04	0.01	0.000562075	3.05492	1180.95	0
0.04	0.01	0.000562075	3.27341	1226.45	0
0.04	0.01	0.000562075	3.50752	1269.72	0
0.04	0.01	0.000562075	3.75837	1304.82	0
0.04	0.01	0.000562075	4.02717	1328.27	0
0.04	0.01	0.000562075	4.31519	1340.49	0
0.04	0.01	0.000562075	4.62381	1349.31	0
0.04	0.01	0.000562075	4.9545	1362.02	0
0.04	0.01	0.000562075	5.30884	1376.64	0
0.04	0.01	0.000562075	5.68853	1389.07	0
0.04	0.01	0.000562075	6.09537	1400.79	0
0.04	0.01	0.000562075	6.53131	1424.33	0
0.04	0.01	0.000562075	6.99842	1460.45	0
0.04	0.01	0.000562075	7.49894	1485.01	0
0.04	0.01	0.000562075	8.03526	1473.42	0
0.04	0.01	0.000562075	8.60994	1432.21	0
0.04	0.01	0.000562075	9.22571	1371.72	0
0.04	0.01	0.000562075	9.88553	1309.58	0
0.04	0.01	0.000562075	10.5925	1270.76	0
0.04	0.01	0.000562075	11.3501	1231.83	0
0.04	0.01	0.000562075	12.1619	1186.56	0
0.04	0.01	0.000562075	13.0317	1146.27	0
0.04	0.01	0.000562075	13.9637	1128.52	0
0.04	0.01	0.000562075	14.9624	1119.27	0
0.04	0.01	0.000562075	16.0325	1113.1	0
0.04	0.01	0.000562075	17.1791	1123.48	0
0.04	0.01	0.000562075	18.4077	1142.68	0
0.04	0.01	0.000562075	19.7242	1146.4	0
0.04	0.01	0.000562075	21.1349	1148.9	0
0.04	0.01	0.000562075	22.6464	1138.61	0
0.04	0.01	0.000562075	24.2661	1125.34	0
0.04	0.01	0.000562075	26.0016	1118.27	0
0.04	0.01	0.000562075	27.8612	1118.01	0
0.04	0.01	0.000562075	29.8538	1116.87	0
0.04	0.01	0.000562075	31.989	1124.34	0
0.04	0.01	0.000562075	34.2768	1139.95	0
0.04	0.01	0.000562075	36.7282	1165.4	0
0.04	0.01	0.000562075	39.355	1181.64	0
0.04	0.01	0.000562075	42.1697	1176.12	0
0.04	0.01	0.000562075	45.1856	1161.21	0
0.04	0.01	0.000562075	48.4172	1155.53	0
0.04	0.01	0.000562075	51.88	1153.75	0
0.04	0.01	0.000562075	55.5904	1146.93	0
0.04	0.01	0.000562075	59.5662	1126.71	0
0.04	0.01	0.000562075	63.8263	1118.89	0
0.04	0.01	0.000562075	68.3912	1121.69	0
0.04	0.01	0.000562075	73.2825	1123.86	0
0.04	0.01	0.000562075	78.5236	1117.5	0
0.04	0.01	0.000562075	84.1395	1117.02	0
0.04	0.01	0.000562075	90.1571	1121.66	0
0.04	0.01	0.000562075	96.6051	1123.02	0
0.04	0.01	0.000614108	0.103514	0.000907053	0
0.04	0.01	0.000614108	0.110917	0.00937614	0
0.04	0.01	0.000614108	0.11885	0.0299993	0
0.04	0.01	0.000614108	0.12735	0.0679103	0
0.04	0.01	0.000614108	0.136458	0.129996	0
0.04	0.01	0.000614108	0.146218	0.225439	0
0.04	0.01	0.000614108	0.156675	0.366414	0
0.04	0.01	0.000614108	0.16788	0.568974	0
0.04	0.01	0.000614108	0.179887	0.85418	0
0.04	0.01	0.000614108	0.192752	1.24952	0
0.04	0.01	0.000614108	0.206538	1.79066	0
0.04	0.01	0.000614108	0.221309	2.52367	0
0.04	0.01	0.000614108	0.237137	3.50761	0
0.04	0.01	0.000614108	0.254097	4.81782	0
0.04	0.01	0.000614108	0.27227	6.5496	0
0.04	0.01	0.000614108	0.291743	8.82259	0
0.04	0.01	0.000614108	0.312608	11.7856	0
0.04	0.01	0.000614108	0.334965	15.6217	0
0.04	0.01	0.000614108	0.358922	20.5539	0
0.04	0.01	0.000614108	0.384592	26.8491	0
0.04	0.01	0.000614108	0.412098	34.8227	0
0.04	0.01	0.000614108	0.44157	44.8398	0
0.04	0.01	0.000614108	0.473151	57.3134	0
0.04	0.01	0.000614108	0.506991	72.6984	0
0.04	0.01	0.000614108	0.54325	91.4791	0
0.04	0.01	0.000614108	0.582103	114.149	0
0.04	0.01	0.000614108	0.623735	141.186	0
0.04	0.01	0.000614108	0.668344	173.013	0
0.04	0.01	0.000614108	0.716143	209.964	0
0.04	0.01	0.000614108	0.767361	252.242	0
0.04	0.01	0.000614108	0.822243	299.88	0
0.04	0.01	0.000614108	0.881049	352.714	0
0.04	0.01	0.000614108	0.944061	410.36	0
0.04	0.01	0.000614108	1.01158	472.204	0
0.04	0.01	0.000614108	1.08393	537.379	0
0.04	0.01	0.000614108	1.16145	604.739	0
0.04	0.01	0.000614108	1.24451	672.82	0
0.04	0.01	0.000614108	1.33352	739.808	0
0.04	0.01	0.000614108	1.42889	803.597	0
0.04	0.01	0.000614108	1.53109	861.983	0
0.04	0.01	0.000614108	1.64059	913.078	0
0.04	0.01	0.000614108	1.75792	955.828	0
0.04	0.01	0.000614108	1.88365	990.416	0
0.04	0.01	0.000614108	2.01837	1018.23	0
0.04	0.01	0.000614108	2.16272	1041.38	0
0.04	0.01	0.000614108	2.31739	1062.19	0
0.04	0.01	0.000614108	2.48313	1083.29	0
0.04	0.01	0.000614108	2.66073	1108.1	0
0.04	0.01	0.000614108	2.85102	1140.25	0
0.04	0.01	0.000614108	3.05492	1180.95	0
0.04	0.01	0.000614108	3.27341	1226.45	0
0.04	0.01	0.000614108	3.50752	1269.72	0
0.04	0.01	0.000614108	3.75837	1304.82	0
0.04	0.01	0.000614108	4.02717	1328.27	0
0.04	0.01	0.000614108	4.31519	1340.49	0
0.04	0.01	0.000614108	4.62381	1349.31	0
0.04	0.01	0.000614108	4.9545	1362.02	0
0.04	0.01	0.000614108	5.30884	1376.64	0
0.04	0.01	0.000614108	5.68853	1389.07	0
0.04	0.01	0.000614108	6.09537	1400.79	0
0.04	0.01	0.000614108	6.53131	1424.33	0
0.04	0.01	0.000614108	6.99842	1460.45	0
0.04	0.01	0.000614108	7.49894	1485.01	0
0.04	0.01	0.000614108	8.03526	1473.42	0
0.04	0.01	0.000614108	8.60994	1432.21	0
0.04	0.01	0.000614108	9.22571	1371.72	0
0.04	0.01	0.000614108	9.88553	1309.58	0
0.04	0.01	0.000614108	10.5925	1270.76	0
0.04	0.01	0.000614108	11.3501	1231.83	0
0.04	0.01	0.000614108	12.1619	1186.56	0
0.04	0.01	0.000614108	13.0317	1146.27	0
0.04	0.01	0.000614108	13.9637	1128.52	0
0.04	0.01	0.000614108	14.9624	1119.27	0
0.04	0.01	0.000614108	16.0325	1113.1	0
0.04	0.01	0.000614108	17.1791	1123.48	0
0.04	0.01	0.000614108	18.4077	1142.68	0
0.04	0.01	0.000614108	19.7242	1146.4	0
0.04	0.01	0.000614108	21.1349	1148.9	0
0.04	0.01	0.000614108	22.6464	1138.61	0
0.04	0.01	0.000614108	24.2661	1125.34	0
0.04	0.01	0.000614108	26.0016	1118.27	0
0.04	0.01	0.000614108	27.8612	1118.01	0
0.04	0.01	0.000614108	29.8538	1116.87	0
0.04	0.01	0.000614108	31.989	1124.34	0
0.04	0.01	0.000614108	34.2768	1139.95	0
0.04	0.01	0.000614108	36.7282	1165.4	0
0.04	0.01	0.000614108	39.355	1181.64	0
0.04	0.01	0.000614108	42.1697	1176.12	0
0.04	0.01	0.000614108	45.1856	1161.21	0
0.04	0.01	0.000614108	48.4172	1155.53	0
0.04	0.01	0.000614108	51.88	1153.75	0
0.04	0.01	0.000614108	55.5904	1146.93	0
0.04	0.01	0.000614108	59.5662	1126.71	0
0.04	0.01	0.000614108	63.8263	1118.89	0
0.04	0.01	0.000614108	68.3912	1121.69	0
0.04	0.01	0.000614108	73.2825	1123.86	0
0.04	0.01	0.000614108	78.5236	1117.5	0
0.04	0.01	0.000614108	84.1395	1117.02	0
0.04	0.01	0.000614108	90.1571	1121.66	0
0.04	0.01	0.000614108	96.6051	1123.02	0
0.04	0.01	0.000670959	0.103514	0.000907053	0
0.04	0.01	0.000670959	0.110917	0.00937614	0
0.04	0.01	0.000670959	0.11885	0.0299993	0
0.04	0.01	0.000670959	0.12735	0.0679103	0
0.04	0.01	0.000670959	0.136458	0.129996	0
0.04	0.01	0.000670959	0.146218	0.225439	0
0.04	0.01	0.000670959	0.156675	0.366414	0
0.04	0.01	0.000670959	0.16788	0.568974	0
0.04	0.01	0.000670959	0.179887	0.85418	0
0.04	0.01	0.000670959	0.192752	1.24952	0
0.04	0.01	0.000670959	0.206538	1.79066	0
0.04	0.01	0.000670959	0.221309	2.52367	0
0.04	0.01	0.000670959	0.237137	3.50761	0
0.04	0.01	0.000670959	0.254097	4.81782	0
0.04	0.01	0.000670959	0.27227	6.5496	0
0.04	0.01	0.000670959	0.291743	8.82259	0
0.04	0.01	0.000670959	0.312608	11.7856	0
0.04	0.01	0.000670959	0.334965	15.6217	0
0.04	0.01	0.000670959	0.358922	20.5539	0
0.04	0.01	0.000670959	0.384592	26.8491	0
0.04	0.01	0.000670959	0.412098	34.8227	0
0.04	0.01	0.000670959	0.44157	44.8398	0
0.04	0.01	0.000670959	0.473151	57.3134	0
0.04	0.01	0.000670959	0.506991	72.6984	0
0.04	0.01	0.000670959	0.54325	91.4791	0
0.04	0.01	0.000670959	0.582103	114.149	0
0.04	0.01	0.000670959	0.623735	141.186	0
0.04	0.01	0.000670959	0.668344	173.013	0
0.04	0.01	0.000670959	0.716143	209.964	0
0.04	0.01	0.000670959	0.767361	252.242	0
0.04	0.01	0.000670959	0.822243	299.88	0
0.04	0.01	0.000670959	0.881049	352.714	0
0.04	0.01	0.000670959	0.944061	410.36	0
0.04	0.01	0.000670959	1.01158	472.204	0
0.04	0.01	0.000670959	1.08393	537.379	0
0.04	0.01	0.000670959	1.16145	604.739	0
0.04	0.01	0.000670959	1.24451	672.82	0
0.04	0.01	0.000670959	1.33352	739.808	0
0.04	0.01	0.000670959	1.42889	803.597	0
0.04	0.01	0.000670959	1.53109	861.983	0
0.04	0.01	0.000670959	1.64059	913.078	0
0.04	0.01	0.000670959	1.75792	955.828	0
0.04	0.01	0.000670959	1.88365	990.416	0
0.04	0.01	0.000670959	2.01837	1018.23	0
0.04	0.01	0.000670959	2.16272	1041.38	0
0.04	0.01	0.000670959	2.31739	1062.19	0
0.04	0.01	0.000670959	2.48313	1083.29	0
0.04	0.01	0.000670959	2.66073	1108.1	0
0.04	0.01	0.000670959	2.85102	1140.25	0
0.04	0.01	0.000670959	3.05492	1180.95	0
0.04	0.01	0.000670959	3.27341	1226.45	0
0.04	0.01	0.000670959	3.50752	1269.72	0
0.04	0.01	0.000670959	3.75837	1304.82	0
0.04	0.01	0.000670959	4.02717	1328.27	0
0.04	0.01	0.000670959	4.31519	1340.49	0
0.04	0.01	0.000670959	4.62381	1349.31	0
0.04	0.01	0.000670959	4.9545	1362.02	0
0.04	0.01	0.000670959	5.30884	1376.64	0
0.04	0.01	0.000670959	5.68853	1389.07	0
0.04	0.01	0.000670959	6.09537	1400.79	0
0.04	0.01	0.000670959	6.53131	1424.33	0
0.04	0.01	0.000670959	6.99842	1460.45	0
0.04	0.01	0.000670959	7.49894	1485.01	0
0.04	0.01	0.000670959	8.03526	1473.42	0
0.04	0.01	0.000670959	8.60994	1432.21	0
0.04	0.01	0.000670959	9.22571	1371.72	0
0.04	0.01	0.000670959	9.88553	1309.58	0
0.04	0.01	0.000670959	10.5925	1270.76	0
0.04	0.01	0.000670959	11.3501	1231.83	0
0.04	0.01	0.000670959	12.1619	1186.56	0
0.04	0.01	0.000670959	13.0317	1146.27	0
0.04	0.01	0.000670959	13.9637	1128.51	0
0.04	0.01	0.000670959	14.9624	1119.27	0
0.04	0.01	0.000670959	16.0325	1113.1	0
0.04	0.01	0.000670959	17.1791	1123.48	0
0.04	0.01	0.000670959	18.4077	1142.68	0
0.04	0.01	0.000670959	19.7242	1146.4	0
0.04	0.01	0.000670959	21.1349	1148.9	0
0.04	0.01	0.000670959	22.6464	1138.61	0
0.04	0.01	0.000670959	24.2661	1125.34	0
0.04	0.01	0.000670959	26.0016	1118.27	0
0.04	0.01	0.000670959	27.8612	1118.01	0
0.04	0.01	0.000670959	29.8538	1116.87	0
0.04	0.01	0.000670959	31.989	1124.34	0
0.04	0.01	0.000670959	34.2768	1139.95	0
0.04	0.01	0.000670959	36.7282	1165.4	0
0.04	0.01	0.000670959	39.355	1181.64	0
0.04	0.01	0.000670959	42.1697	1176.12	0
0.04	0.01	0.000670959	45.1856	1161.21	0
0.04	0.01	0.000670959	48.4172	1155.53	0
0.04	0.01	0.000670959	51.88	1153.75	0
0.04	0.01	0.000670959	55.5904	1146.93	0
0.04	0.01	0.000670959	59.5662	1126.71	0
0.04	0.01	0.000670959	63.8263	1118.89	0
0.04	0.01	0.000670959	68.3912	1121.69	0
0.04	0.01	0.000670959	73.2825	1123.86	0
0.04	0.01	0.000670959	78.5236	1117.5	0
0.04	0.01	0.000670959	84.1395	1117.02	0
0.04	0.01	0.000670959	90.1571	1121.66	0
0.04	0.01	0.000670959	96.6051	1123.02	0
0.04	0.01	0.000733073	0.103514	0.000907053	0
0.04	0.01	0.000733073	0.110917	0.00937614	0
0.04	0.01	0.000733073	0.11885	0.0299993	0
0.04	0.01	0.000733073	0.12735	0.0679103	0
0.04	0.01	0.000733073	0.136458	0.129996	0
0.04	0.01	0.000733073	0.146218	0.225439	0
0.04	0.01	0.000733073	0.156675	0.366414	0
0.04	0.01	0.000733073	0.16788	0.568974	0
0.04	0.01	0.000733073	0.179887	0.85418	0
0.04	0.01	0.000733073	0.192752	1.24952	0
0.04	0.01	0.000733073	0.206538	1.79066	0
0.04	0.01	0.000733073	0.221309	2.52367	0
0.04	0.01	0.000733073	0.237137	3.50761	0
0.04	0.01	0.000733073	0.254097	4.81782	0
0.04	0.01	0.000733073	0.27227	6.5496	0
0.04	0.01	0.000733073	0.291743	8.82258	0
0.04	0.01	0.000733073	0.312608	11.7856	0
0.04	0.01	0.000733073	0.334965	15.6217	0
0.04	0.01	0.000733073	0.358922	20.5539	0
0.04	0.01	0.000733073	0.384592	26.8491	0
0.04	0.01	0.000733073	0.412098	34.8227	0
0.04	0.01	0.000733073	0.44157	44.8398	0
0.04	0.01	0.000733073	0.473151	57.3134	0
0.04	0.01	0.000733073	0.506991	72.6984	0
0.04	0.01	0.000733073	0.54325	91.4791	0
0.04	0.01	0.000733073	0.582103	114.149	0
0.04	0.01	0.000733073	0.623735	141.186	0
0.04	0.01	0.000733073	0.668344	173.013	0
0.04	0.01	0.000733073	0.716143	209.964	0
0.04	0.01	0.000733073	0.767361	252.242	0
0.04	0.01	0.000733073	0.822243	299.88	0
0.04	0.01	0.000733073	0.881049	352.714	0
0.04	0.01	0.000733073	0.944061	410.36	0
0.04	0.01	0.000733073	1.01158	472.204	0
0.04	0.01	0.000733073	1.08393	537.379	0
0.04	0.01	0.000733073	1.16145	604.739	0
0.04	0.01	0.000733073	1.24451	672.82	0
0.04	0.01	0.000733073	1.33352	739.808	0
0.04	0.01	0.000733073	1.42889	803.597	0
0.04	0.01	0.000733073	1.53109	861.983	0
0.04	0.01	0.000733073	1.64059	913.078	0
0.04	0.01	0.000733073	1.75792	955.828	0
0.04	0.01	0.000733073	1.88365	990.416	0
0.04	0.01	0.000733073	2.01837	1018.23	0
0.04	0.01	0.000733073	2.16272	1041.38	0
0.04	0.01	0.000733073	2.31739	1062.19	0
0.04	0.01	0.000733073	2.48313	1083.29	0
0.04	0.01	0.000733073	2.66073	1108.1	0
0.04	0.01	0.000733073	2.85102	1140.25	0
0.04	0.01	0.000733073	3.05492	1180.95	0
0.04	0.01	0.000733073	3.27341	1226.45	0
0.04	0.01	0.000733073	3.50752	1269.72	0
0.04	0.01	0.000733073	3.75837	1304.82	0
0.04	0.01	0.000733073	4.02717	1328.27	0
0.04	0.01	0.000733073	4.31519	1340.49	0
0.04	0.01	0.000733073	4.62381	1349.31	0
0.04	0.01	0.000733073	4.9545	1362.02	0
0.04	0.01	0.000733073	5.30884	1376.64	0
0.04	0.01	0.000733073	5.68853	1389.07	0
0.04	0.01	0.000733073	6.09537	1400.79	0
0.04	0.01	0.000733073	6.53131	1424.33	0
0.04	0.01	0.000733073	6.99842	1460.45	0
0.04	0.01	0.000733073	7.49894	1485.01	0
0.04	0.01	0.000733073	8.03526	1473.42	0
0.04	0.01	0.000733073	8.60994	1432.21	0
0.04	0.01	0.000733073	9.22571	1371.72	0
0.04	0.01	0.000733073	9.88553	1309.58	0
0.04	0.01	0.000733073	10.5925	1270.76	0
0.04	0.01	0.000733073	11.3501	1231.83	0
0.04	0.01	0.000733073	12.1619	1186.56	0
0.04	0.01	0.000733073	13.0317	1146.27	0
0.04	0.01	0.000733073	13.9637	1128.51	0
0.04	0.01	0.000733073	14.9624	1119.27	0
0.04	0.01	0.000733073	16.0325	1113.1	0
0.04	0.01	0.000733073	17.1791	1123.48	0
0.04	0.01	0.000733073	18.4077	1142.68	0
0.04	0.01	0.000733073	19.7242	1146.4	0
0.04	0.01	0.000733073	21.1349	1148.9	0
0.04	0.01	0.000733073	22.6464	1138.61	0
0.04	0.01	0.000733073	24.2661	1125.34	0
0.04	0.01	0.000733073	26.0016	1118.27	0
0.04	0.01	0.000733073	27.8612	1118.01	0
0.04	0.01	0.000733073	29.8538	1116.87	0
0.04	0.01	0.000733073	31.989	1124.34	0
0.04	0.01	0.000733073	34.2768	1139.95	0
0.04	0.01	0.000733073	36.7282	1165.4	0
0.04	0.01	0.000733073	39.355	1181.64	0
0.04	0.01	0.000733073	42.1697	1176.12	0
0.04	0.01	0.000733073	45.1856	1161.21	0
0.04	0.01	0.000733073	48.4172	1155.53	0
0.04	0.01	0.000733073	51.88	1153.75	0
0.04	0.01	0.000733073	55.5904	1146.93	0
0.04	0.01	0.000733073	59.5662	1126.71	0
0.04	0.01	0.000733073	63.8263	1118.89	0
0.04	0.01	0.000733073	68.3912	1121.69	0
0.04	0.01	0.000733073	73.2825	1123.86	0
0.04	0.01	0.000733073	78.5236	1117.5	0
0.04	0.01	0.000733073	84.1395	1117.02	0
0.04	0.01	0.000733073	90.1571	1121.66	0
0.04	0.01	0.000733073	96.6051	1123.02	0
0.04	0.01	0.000800936	0.103514	0.000907053	0
0.04	0.01	0.000800936	0.110917	0.00937614	0
0.04	0.01	0.000800936	0.11885	0.0299993	0
0.04	0.01	0.000800936	0.12735	0.0679103	0
0.04	0.01	0.000800936	0.136458	0.129996	0
0.04	0.01	0.000800936	0.146218	0.225439	0
0.04	0.01	0.000800936	0.156675	0.366414	0
0.04	0.01	0.000800936	0.16788	0.568974	0
0.04	0.01	0.000800936	0.179887	0.85418	0
0.04	0.01	0.000800936	0.192752	1.24952	0
0.04	0.01	0.000800936	0.206538	1.79066	0
0.04	0.01	0.000800936	0.221309	2.52367	0
0.04	0.01	0.000800936	0.237137	3.50761	0
0.04	0.01	0.000800936	0.254097	4.81782	0
0.04	0.01	0.000800936	0.27227	6.5496	0
0.04	0.01	0.000800936	0.291743	8.82258	0
0.04	0.01	0.000800936	0.312608	11.7856	0
0.04	0.01	0.000800936	0.334965	15.6217	0
0.04	0.01	0.000800936	0.358922	20.5539	0
0.04	0.01	0.000800936	0.384592	26.8491	0
0.04	0.01	0.000800936	0.412098	34.8227	0
0.04	0.01	0.000800936	0.44157	44.8398	0
0.04	0.01	0.000800936	0.473151	57.3134	0
0.04	0.01	0.000800936	0.506991	72.6984	0
0.04	0.01	0.000800936	0.54325	91.4791	0
0.04	0.01	0.000800936	0.582103	114.149	0
0.04	0.01	0.000800936	0.623735	141.186	0
0.04	0.01	0.000800936	0.668344	173.013	0
0.04	0.01	0.000800936	0.716143	209.964	0
0.04	0.01	0.000800936	0.767361	252.242	0
0.04	0.01	0.000800936	0.822243	299.88	0
0.04	0.01	0.000800936	0.881049	352.714	0
0.04	0.01	0.000800936	0.944061	410.36	0
0.04	0.01	0.000800936	1.01158	472.204	0
0.04	0.01	0.000800936	1.08393	537.379	0
0.04	0.01	0.000800936	1.16145	604.739	0
0.04	0.01	0.000800936	1.24451	672.82	0
0.04	0.01	0.000800936	1.33352	739.808	0
0.04	0.01	0.000800936	1.42889	803.597	0
0.04	0.01	0.000800936	1.53109	861.983	0
0.04	0.01	0.000800936	1.64059	913.078	0
0.04	0.01	0.000800936	1.75792	955.828	0
0.04	0.01	0.000800936	1.88365	990.416	0
0.04	0.01	0.000800936	2.01837	1018.23	0
0.04	0.01	0.000800936	2.16272	1041.38	0
0.04	0.01	0.000800936	2.31739	1062.19	0
0.04	0.01	0.000800936	2.48313	1083.29	0
0.04	0.01	0.000800936	2.66073	1108.1	0
0.04	0.01	0.000800936	2.85102	1140.25	0
0.04	0.01	0.000800936	3.05492	1180.95	0
0.04	0.01	0.000800936	3.27341	1226.45	0
0.04	0.01	0.000800936	3.50752	1269.72	0
0.04	0.01	0.000800936	3.75837	1304.82	0
0.04	0.01	0.000800936	4.02717	1328.27	0
0.04	0.01	0.000800936	4.31519	1340.49	0
0.04	0.01	0.000800936	4.62381	1349.31	0
0.04	0.01	0.000800936	4.9545	1362.02	0
0.04	0.01	0.000800936	5.30884	1376.64	0
0.04	0.01	0.000800936	5.68853	1389.07	0
0.04	0.01	0.000800936	6.09537	1400.79	0
0.04	0.01	0.000800936	6.53131	1424.33	0
0.04	0.01	0.000800936	6.99842	1460.45	0
0.04	0.01	0.000800936	7.49894	1485.01	0
0.04	0.01	0.000800936	8.03526	1473.42	0
0.04	0.01	0.000800936	8.60994	1432.21	0
0.04	0.01	0.000800936	9.22571	1371.72	0
0.04	0.01	0.000800936	9.88553	1309.58	0
0.04	0.01	0.000800936	10.5925	1270.76	0
0.04	0.01	0.000800936	11.3501	1231.83	0
0.04	0.01	0.000800936	12.1619	1186.56	0
0.04	0.01	0.000800936	13.0317	1146.27	0
0.04	0.01	0.000800936	13.9637	1128.51	0
0.04	0.01	0.000800936	14.9624	1119.27	0
0.04	0.01	0.000800936	16.0325	1113.1	0
0.04	0.01	0.000800936	17.1791	1123.48	0
0.04	0.01	0.000800936	18.4077	1142.68	0
0.04	0.01	0.000800936	19.7242	1146.4	0
0.04	0.01	0.000800936	21.1349	1148.9	0
0.04	0.01	0.000800936	22.6464	1138.61	0
0.04	0.01	0.000800936	24.2661	1125.34	0
0.04	0.01	0.000800936	26.0016	1118.27	0
0.04	0.01	0.000800936	27.8612	1118.01	0
0.04	0.01	0.000800936	29.8538	1116.87	0
0.04	0.01	0.000800936	31.989	1124.34	0
0.04	0.01	0.000800936	34.2768	1139.95	0
0.04	0.01	0.000800936	36.7282	1165.4	0
0.04	0.01	0.000800936	39.355	1181.64	0
0.04	0.01	0.000800936	42.1697	1176.12	0
0.04	0.01	0.000800936	45.1856	1161.21	0
0.04	0.01	0.000800936	48.4172	1155.53	0
0.04	0.01	0.000800936	51.88	1153.75	0
0.04	0.01	0.000800936	55.5904	1146.93	0
0.04	0.01	0.000800936	59.5662	1126.71	0
0.04	0.01	0.000800936	63.8263	1118.89	0
0.04	0.01	0.000800936	68.3912	1121.69	0
0.04	0.01	0.000800936	73.2825	1123.86	0
0.04	0.01	0.000800936	78.5236	1117.5	0
0.04	0.01	0.000800936	84.1395	1117.02	0
0.04	0.01	0.000800936	90.1571	1121.66	0
0.04	0.01	0.000800936	96.6051	1123.02	0
0.04	0.01	0.000875083	0.103514	0.000907052	0
0.04	0.01	0.000875083	0.110917	0.00937614	0
0.04	0.01	0.000875083	0.11885	0.0299993	0
0.04	0.01	0.000875083	0.12735	0.0679103	0
0.04	0.01	0.000875083	0.136458	0.129996	0
0.04	0.01	0.000875083	0.146218	0.225439	0
0.04	0.01	0.000875083	0.156675	0.366414	0
0.04	0.01	0.000875083	0.16788	0.568974	0
0.04	0.01	0.000875083	0.179887	0.85418	0
0.04	0.01	0.000875083	0.192752	1.24952	0
0.04	0.01	0.000875083	0.206538	1.79066	0
0.04	0.01	0.000875083	0.221309	2.52367	0
0.04	0.01	0.000875083	0.237137	3.50761	0
0.04	0.01	0.000875083	0.254097	4.81782	0
0.04	0.01	0.000875083	0.27227	6.5496	0
0.04	0.01	0.000875083	0.291743	8.82258	0
0.04	0.01	0.000875083	0.312608	11.7856	0
0.04	0.01	0.000875083	0.334965	15.6217	0
0.04	0.01	0.000875083	0.358922	20.5539	0
0.04	0.01	0.000875083	0.384592	26.8491	0
0.04	0.01	0.000875083	0.412098	34.8227	0
0.04	0.01	0.000875083	0.44157	44.8398	0
0.04	0.01	0.000875083	0.473151	57.3134	0
0.04	0.01	0.000875083	0.506991	72.6984	0
0.04	0.01	0.000875083	0.54325	91.4791	0
0.04	0.01	0.000875083	0.582103	114.149	0
0.04	0.01	0.000875083	0.623735	141.186	0
0.04	0.01	0.000875083	0.668344	173.013	0
0.04	0.01	0.000875083	0.716143	209.964	0
0.04	0.01	0.000875083	0.767361	252.242	0
0.04	0.01	0.000875083	0.822243	299.88	0
0.04	0.01	0.000875083	0.881049	352.714	0
0.04	0.01	0.000875083	0.944061	410.36	0
0.04	0.01	0.000875083	1.01158	472.204	0
0.04	0.01	0.000875083	1.08393	537.379	0
0.04	0.01	0.000875083	1.16145	604.739	0
0.04	0.01	0.000875083	1.24451	672.82	0
0.04	0.01	0.000875083	1.33352	739.808	0
0.04	0.01	0.000875083	1.42889	803.597	0
0.04	0.01	0.000875083	1.53109	861.983	0
0.04	0.01	0.000875083	1.64059	913.078	0
0.04	0.01	0.000875083	1.75792	955.828	0
0.04	0.01	0.000875083	1.88365	990.416	0
0.04	0.01	0.000875083	2.01837	1018.23	0
0.04	0.01	0.000875083	2.16272	1041.38	0
0.04	0.01	0.000875083	2.31739	1062.19	0
0.04	0.01	0.000875083	2.48313	1083.29	0
0.04	0.01	0.000875083	2.66073	1108.1	0
0.04	0.01	0.000875083	2.85102	1140.25	0
0.04	0.01	0.000875083	3.05492	1180.95	0
0.04	0.01	0.000875083	3.27341	1226.45	0
0.04	0.01	0.000875083	3.50752	1269.72	0
0.04	0.01	0.000875083	3.75837	1304.82	0
0.04	0.01	0.000875083	4.02717	1328.27	0
0.04	0.01	0.000875083	4.31519	1340.49	0
0.04	0.01	0.000875083	4.62381	1349.31	0
0.04	0.01	0.000875083	4.9545	1362.02	0
0.04	0.01	0.000875083	5.30884	1376.64	0
0.04	0.01	0.000875083	5.68853	1389.07	0
0.04	0.01	0.000875083	6.09537	1400.79	0
0.04	0.01	0.000875083	6.53131	1424.33	0
0.04	0.01	0.000875083	6.99842	1460.45	0
0.04	0.01	0.000875083	7.49894	1485.01	0
0.04	0.01	0.000875083	8.03526	1473.42	0
0.04	0.01	0.000875083	8.60994	1432.21	0
0.04	0.01	0.000875083	9.22571	1371.72	0
0.04	0.01	0.000875083	9.88553	1309.58	0
0.04	0.01	0.000875083	10.5925	1270.76	0
0.04	0.01	0.000875083	11.3501	1231.83	0
0.04	0.01	0.000875083	12.1619	1186.56	0
0.04	0.01	0.000875083	13.0317	1146.27	0
0.04	0.01	0.000875083	13.9637	1128.51	0
0.04	0.01	0.000875083	14.9624	1119.27	0
0.04	0.01	0.000875083	16.0325	1113.1	0
0.04	0.01	0.000875083	17.1791	1123.47	0
0.04	0.01	0.000875083	18.4077	1142.68	0
0.04	0.01	0.000875083	19.7242	1146.4	0
0.04	0.01	0.000875083	21.1349	1148.9	0
0.04	0.01	0.000875083	22.6464	1138.61	0
0.04	0.01	0.000875083	24.2661	1125.34	0
0.04	0.01	0.000875083	26.0016	1118.27	0
0.04	0.01	0.000875083	27.8612	1118.01	0
0.04	0.01	0.000875083	29.8538	1116.87	0
0.04	0.01	0.000875083	31.989	1124.34	0
0.04	0.01	0.000875083	34.2768	1139.95	0
0.04	0.01	0.000875083	36.7282	1165.4	0
0.04	0.01	0.000875083	39.355	1181.63	0
0.04	0.01	0.000875083	42.1697	1176.12	0
0.04	0.01	0.000875083	45.1856	1161.21	0
0.04	0.01	0.000875083	48.4172	1155.53	0
0.04	0.01	0.000875083	51.88	1153.75	0
0.04	0.01	0.000875083	55.5904	1146.93	0
0.04	0.01	0.000875083	59.5662	1126.71	0
0.04	0.01	0.000875083	63.8263	1118.89	0
0.04	0.01	0.000875083	68.3912	1121.69	0
0.04	0.01	0.000875083	73.2825	1123.86	0
0.04	0.01	0.000875083	78.5236	1117.5	0
0.04	0.01	0.000875083	84.1395	1117.02	0
0.04	0.01	0.000875083	90.1571	1121.66	0
0.04	0.01	0.000875083	96.6051	1123.02	0
0.04	0.01	0.000956093	0.103514	0.000907052	0
0.04	0.01	0.000956093	0.110917	0.00937614	0
0.04	0.01	0.000956093	0.11885	0.0299993	0
0.04	0.01	0.000956093	0.12735	0.0679103	0
0.04	0.01	0.000956093	0.136458	0.129996	0
0.04	0.01	0.000956093	0.146218	0.225439	0
0.04	0.01	0.000956093	0.156675	0.366414	0
0.04	0.01	0.000956093	0.16788	0.568974	0
0.04	0.01	0.000956093	0.179887	0.85418	0
0.04	0.01	0.000956093	0.192752	1.24952	0
0.04	0.01	0.000956093	0.206538	1.79066	0
0.04	0.01	0.000956093	0.221309	2.52367	0
0.04	0.01	0.000956093	0.237137	3.50761	0
0.04	0.01	0.000956093	0.254097	4.81782	0
0.04	0.01	0.000956093	0.27227	6.5496	0
0.04	0.01	0.000956093	0.291743	8.82258	0
0.04	0.01	0.000956093	0.312608	11.7856	0
0.04	0.01	0.000956093	0.334965	15.6217	0
0.04	0.01	0.000956093	0.358922	20.5539	0
0.04	0.01	0.000956093	0.384592	26.8491	0
0.04	0.01	0.000956093	0.412098	34.8227	0
0.04	0.01	0.000956093	0.44157	44.8398	0
0.04	0.01	0.000956093	0.473151	57.3134	0
0.04	0.01	0.000956093	0.506991	72.6984	0
0.04	0.01	0.000956093	0.54325	91.4791	0
0.04	0.01	0.000956093	0.582103	114.149	0
0.04	0.01	0.000956093	0.623735	141.186	0
0.04	0.01	0.000956093	0.668344	173.013	0
0.04	0.01	0.000956093	0.716143	209.964	0
0.04	0.01	0.000956093	0.767361	252.242	0
0.04	0.01	0.000956093	0.822243	299.88	0
0.04	0.01	0.000956093	0.881049	352.714	0
0.04	0.01	0.000956093	0.944061	410.36	0
0.04	0.01	0.000956093	1.01158	472.204	0
0.04	0.01	0.000956093	1.08393	537.379	0
0.04	0.01	0.000956093	1.16145	604.739	0
0.04	0.01	0.000956093	1.24451	672.82	0
0.04	0.01	0.000956093	1.33352	739.808	0
0.04	0.01	0.000956093	1.42889	803.597	0
0.04	0.01	0.000956093	1.53109	861.983	0
0.04	0.01	0.000956093	1.64059	913.078	0
0.04	0.01	0.000956093	1.75792	955.828	0
0.04	0.01	0.000956093	1.88365	990.416	0
0.04	0.01	0.000956093	2.01837	1018.23	0
0.04	0.01	0.000956093	2.16272	1041.38	0
0.04	0.01	0.000956093	2.31739	1062.19	0
0.04	0.01	0.000956093	2.48313	1083.29	0
0.04	0.01	0.000956093	2.66073	1108.1	0
0.04	0.01	0.000956093	2.85102	1140.25	0
0.04	0.01	0.000956093	3.05492	1180.95	0
0.04	0.01	0.000956093	3.27341	1226.45	0
0.04	0.01	0.000956093	3.50752	1269.72	0
0.04	0.01	0.000956093	3.75837	1304.82	0
0.04	0.01	0.000956093	4.02717	1328.27	0
0.04	0.01	0.000956093	4.31519	1340.49	0
0.04	0.01	0.000956093	4.62381	1349.31	0
0.04	0.01	0.000956093	4.9545	1362.02	0
0.04	0.01	0.000956093	5.30884	1376.64	0
0.04	0.01	0.000956093	5.68853	1389.07	0
0.04	0.01	0.000956093	6.09537	1400.79	0
0.04	0.01	0.000956093	6.53131	1424.33	0
0.04	0.01	0.000956093	6.99842	1460.45	0
0.04	0.01	0.000956093	7.49894	1485.01	0
0.04	0.01	0.000956093	8.03526	1473.42	0
0.04	0.01	0.000956093	8.60994	1432.21	0
0.04	0.01	0.000956093	9.22571	1371.72	0
0.04	0.01	0.000956093	9.88553	1309.58	0
0.04	0.01	0.000956093	10.5925	1270.76	0
0.04	0.01	0.000956093	11.3501	1231.83	0
0.04	0.01	0.000956093	12.1619	1186.56	0
0.04	0.01	0.000956093	13.0317	1146.27	0
0.04	0.01	0.000956093	13.9637	1128.51	0
0.04	0.01	0.000956093	14.9624	1119.27	0
0.04	0.01	0.000956093	16.0325	1113.1	0
0.04	0.01	0.000956093	17.1791	1123.47	0
0.04	0.01	0.000956093	18.4077	1142.68	0
0.04	0.01	0.000956093	19.7242	1146.4	0
0.04	0.01	0.000956093	21.1349	1148.9	0
0.04	0.01	0.000956093	22.6464	1138.61	0
0.04	0.01	0.000956093	24.2661	1125.34	0
0.04	0.01	0.000956093	26.0016	1118.27	0
0.04	0.01	0.000956093	27.8612	1118.01	0
0.04	0.01	0.000956093	29.8538	1116.87	0
0.04	0.01	0.000956093	31.989	1124.34	0
0.04	0.01	0.000956093	34.2768	1139.95	0
0.04	0.01	0.000956093	36.7282	1165.4	0
0.04	0.01	0.000956093	39.355	1181.63	0
0.04	0.01	0.000956093	42.1697	1176.12	0
0.04	0.01	0.000956093	45.1856	1161.21	0
0.04	0.01	0.000956093	48.4172	1155.53	0
0.04	0.01	0.000956093	51.88	1153.75	0
0.04	0.01	0.000956093	55.5904	1146.93	0
0.04	0.01	0.000956093	59.5662	1126.71	0
0.04	0.01	0.000956093	63.8263	1118.89	0
0.04	0.01	0.000956093	68.3912	1121.69	0
0.04	0.01	0.000956093	73.2825	1123.86	0
0.04	0.01	0.000956093	78.5236	1117.5	0
0.04	0.01	0.000956093	84.1395	1117.02	0
0.04	0.01	0.000956093	90.1571	1121.66	0
0.04	0.01	0.000956093	96.6051	1123.02	0
0.04	0.01	0.0010446	0.103514	0.000907052	0
0.04	0.01	0.0010446	0.110917	0.00937614	0
0.04	0.01	0.0010446	0.11885	0.0299993	0
0.04	0.01	0.0010446	0.12735	0.0679103	0
0.04	0.01	0.0010446	0.136458	0.129996	0
0.04	0.01	0.0010446	0.146218	0.225439	0
0.04	0.01	0.0010446	0.156675	0.366414	0
0.04	0.01	0.0010446	0.16788	0.568974	0
0.04	0.01	0.0010446	0.179887	0.85418	0
0.04	0.01	0.0010446	0.192752	1.24952	0
0.04	0.01	0.0010446	0.206538	1.79066	0
0.04	0.01	0.0010446	0.221309	2.52367	0
0.04	0.01	0.0010446	0.237137	3.50761	0
0.04	0.01	0.0010446	0.254097	4.81782	0
0.04	0.01	0.0010446	0.27227	6.5496	0
0.04	0.01	0.0010446	0.291743	8.82258	0
0.04	0.01	0.0010446	0.312608	11.7856	0
0.04	0.01	0.0010446	0.334965	15.6217	0
0.04	0.01	0.0010446	0.358922	20.5539	0
0.04	0.01	0.0010446	0.384592	26.8491	0
0.04	0.01	0.0010446	0.412098	34.8227	0
0.04	0.01	0.0010446	0.44157	44.8398	0
0.04	0.01	0.0010446	0.473151	57.3134	0
0.04	0.01	0.0010446	0.506991	72.6984	0
0.04	0.01	0.0010446	0.54325	91.4791	0
0.04	0.01	0.0010446	0.582103	114.149	0
0.04	0.01	0.0010446	0.623735	141.186	0
0.04	0.01	0.0010446	0.668344	173.013	0
0.04	0.01	0.0010446	0.716143	209.964	0
0.04	0.01	0.0010446	0.767361	252.242	0
0.04	0.01	0.0010446	0.822243	299.88	0
0.04	0.01	0.0010446	0.881049	352.714	0
0.04	0.01	0.0010446	0.944061	410.36	0
0.04	0.01	0.0010446	1.01158	472.204	0
0.04	0.01	0.0010446	1.08393	537.379	0
0.04	0.01	0.0010446	1.16145	604.739	0
0.04	0.01	0.0010446	1.24451	672.82	0
0.04	0.01	0.0010446	1.33352	739.808	0
0.04	0.01	0.0010446	1.42889	803.597	0
0.04	0.01	0.0010446	1.53109	861.983	0
0.04	0.01	0.0010446	1.64059	913.078	0
0.04	0.01	0.0010446	1.75792	955.828	0
0.04	0.01	0.0010446	1.88365	990.416	0
0.04	0.01	0.0010446	2.01837	1018.23	0
0.04	0.01	0.0010446	2.16272	1041.38	0
0.04	0.01	0.0010446	2.31739	1062.19	0
0.04	0.01	0.0010446	2.48313	1083.29	0
0.04	0.01	0.0010446	2.66073	1108.1	0
0.04	0.01	0.0010446	2.85102	1140.25	0
0.04	0.01	0.0010446	3.05492	1180.95	0
0.04	0.01	0.0010446	3.27341	1226.45	0
0.04	0.01	0.0010446	3.50752	1269.72	0
0.04	0.01	0.0010446	3.75837	1304.82	0
0.04	0.01	0.0010446	4.02717	1328.27	0
0.04	0.01	0.0010446	4.31519	1340.49	0
0.04	0.01	0.0010446	4.62381	1349.31	0
0.04	0.01	0.0010446	4.9545	1362.02	0
0.04	0.01	0.0010446	5.30884	1376.64	0
0.04	0.01	0.0010446	5.68853	1389.07	0
0.04	0.01	0.0010446	6.09537	1400.79	0
0.04	0.01	0.0010446	6.53131	1424.33	0
0.04	0.01	0.0010446	6.99842	1460.45	0
0.04	0.01	0.0010446	7.49894	1485.01	0
0.04	0.01	0.0010446	8.03526	1473.42	0
0.04	0.01	0.0010446	8.60994	1432.21	0
0.04	0.01	0.0010446	9.22571	1371.72	0
0.04	0.01	0.0010446	9.88553	1309.58	0
0.04	0.01	0.0010446	10.5925	1270.76	0
0.04	0.01	0.0010446	11.3501	1231.83	0
0.04	0.01	0.0010446	12.1619	1186.56	0
0.04	0.01	0.0010446	13.0317	1146.27	0
0.04	0.01	0.0010446	13.9637	1128.51	0
0.04	0.01	0.0010446	14.9624	1119.27	0
0.04	0.01	0.0010446	16.0325	1113.1	0
0.04	0.01	0.0010446	17.1791	1123.47	0
0.04	0.01	0.0010446	18.4077	1142.68	0
0.04	0.01	0.0010446	19.7242	1146.4	0
0.04	0.01	0.0010446	21.1349	1148.9	0
0.04	0.01	0.0010446	22.6464	1138.61	0
0.04	0.01	0.0010446	24.2661	1125.34	0
0.04	0.01	0.0010446	26.0016	1118.27	0
0.04	0.01	0.0010446	27.8612	1118.01	0
0.04	0.01	0.0010446	29.8538	1116.87	0
0.04	0.01	0.0010446	31.989	1124.33	0
0.04	0.01	0.0010446	34.2768	1139.95	0
0.04	0.01	0.0010446	36.7282	1165.4	0
0.04	0.01	0.0010446	39.355	1181.63	0
0.04	0.01	0.0010446	42.1697	1176.12	0
0.04	0.01	0.0010446	45.1856	1161.21	0
0.04	0.01	0.0010446	48.4172	1155.53	0
0.04	0.01	0.0010446	51.88	1153.75	0
0.04	0.01	0.0010446	55.5904	1146.93	0
0.04	0.01	0.0010446	59.5662	1126.71	0
0.04	0.01	0.0010446	63.8263	1118.89	0
0.04	0.01	0.0010446	68.3912	1121.69	0
0.04	0.01	0.0010446	73.2825	1123.86	0
0.04	0.01	0.0010446	78.5236	1117.5	0
0.04	0.01	0.0010446	84.1395	1117.02	0
0.04	0.01	0.0010446	90.1571	1121.66	0
0.04	0.01	0.0010446	96.6051	1123.02	0
0.04	0.01	0.00114131	0.103514	0.000907052	0
0.04	0.01	0.00114131	0.110917	0.00937614	0
0.04	0.01	0.00114131	0.11885	0.0299993	0
0.04	0.01	0.00114131	0.12735	0.0679103	0
0.04	0.01	0.00114131	0.136458	0.129996	0
0.04	0.01	0.00114131	0.146218	0.225439	0
0.04	0.01	0.00114131	0.156675	0.366414	0
0.04	0.01	0.00114131	0.16788	0.568974	0
0.04	0.01	0.00114131	0.179887	0.85418	0
0.04	0.01	0.00114131	0.192752	1.24952	0
0.04	0.01	0.00114131	0.206538	1.79066	0
0.04	0.01	0.00114131	0.221309	2.52367	0
0.04	0.01	0.00114131	0.237137	3.50761	0
0.04	0.01	0.00114131	0.254097	4.81782	0
0.04	0.01	0.00114131	0.27227	6.5496	0
0.04	0.01	0.00114131	0.291743	8.82258	0
0.04	0.01	0.00114131	0.312608	11.7856	0
0.04	0.01	0.00114131	0.334965	15.6217	0
0.04	0.01	0.00114131	0.358922	20.5539	0
0.04	0.01	0.00114131	0.384592	26.8491	0
0.04	0.01	0.00114131	0.412098	34.8227	0
0.04	0.01	0.00114131	0.44157	44.8398	0
0.04	0.01	0.00114131	0.473151	57.3134	0
0.04	0.01	0.00114131	0.506991	72.6984	0
0.04	0.01	0.00114131	0.54325	91.4791	0
0.04	0.01	0.00114131	0.582103	114.149	0
0.04	0.01	0.00114131	0.623735	141.186	0
0.04	0.01	0.00114131	0.668344	173.013	0
0.04	0.01	0.00114131	0.716143	209.964	0
0.04	0.01	0.00114131	0.767361	252.242	0
0.04	0.01	0.00114131	0.822243	299.88	0
0.04	0.01	0.00114131	0.881049	352.714	0
0.04	0.01	0.00114131	0.944061	410.36	0
0.04	0.01	0.00114131	1.01158	472.204	0
0.04	0.01	0.00114131	1.08393	537.379	0
0.04	0.01	0.00114131	1.16145	604.739	0
0.04	0.01	0.00114131	1.24451	672.819	0
0.04	0.01	0.00114131	1.33352	739.808	0
0.04	0.01	0.00114131	1.42889	803.597	0
0.04	0.01	0.00114131	1.53109	861.983	0
0.04	0.01	0.00114131	1.64059	913.078	0
0.04	0.01	0.00114131	1.75792	955.828	0
0.04	0.01	0.00114131	1.88365	990.416	0
0.04	0.01	0.00114131	2.01837	1018.23	0
0.04	0.01	0.00114131	2.16272	1041.38	0
0.04	0.01	0.00114131	2.31739	1062.19	0
0.04	0.01	0.00114131	2.48313	1083.29	0
0.04	0.01	0.00114131	2.66073	1108.1	0
0.04	0.01	0.00114131	2.85102	1140.25	0
0.04	0.01	0.00114131	3.05492	1180.95	0
0.04	0.01	0.00114131	3.27341	1226.45	0
0.04	0.01	0.00114131	3.50752	1269.72	0
0.04	0.01	0.00114131	3.75837	1304.82	0
0.04	0.01	0.00114131	4.02717	1328.27	0
0.04	0.01	0.00114131	4.31519	1340.49	0
0.04	0.01	0.00114131	4.62381	1349.31	0
0.04	0.01	0.00114131	4.9545	1362.02	0
0.04	0.01	0.00114131	5.30884	1376.64	0
0.04	0.01	0.00114131	5.68853	1389.07	0
0.04	0.01	0.00114131	6.09537	1400.79	0
0.04	0.01	0.00114131	6.53131	1424.33	0
0.04	0.01	0.00114131	6.99842	1460.45	0
0.04	0.01	0.00114131	7.49894	1485.01	0
0.04	0.01	0.00114131	8.03526	1473.42	0
0.04	0.01	0.00114131	8.60994	1432.21	0
0.04	0.01	0.00114131	9.22571	1371.72	0
0.04	0.01	0.00114131	9.88553	1309.58	0
0.04	0.01	0.00114131	10.5925	1270.76	0
0.04	0.01	0.00114131	11.3501	1231.83	0
0.04	0.01	0.00114131	12.1619	1186.56	0
0.04	0.01	0.00114131	13.0317	1146.27	0
0.04	0.01	0.00114131	13.9637	1128.51	0
0.04	0.01	0.00114131	14.9624	1119.27	0
0.04	0.01	0.00114131	16.0325	1113.1	0
0.04	0.01	0.00114131	17.1791	1123.47	0
0.04	0.01	0.00114131	18.4077	1142.68	0
0.04	0.01	0.00114131	19.7242	1146.4	0
0.04	0.01	0.00114131	21.1349	1148.9	0
0.04	0.01	0.00114131	22.6464	1138.61	0
0.04	0.01	0.00114131	24.2661	1125.34	0
0.04	0.01	0.00114131	26.0016	1118.27	0
0.04	0.01	0.00114131	27.8612	1118.01	0
0.04	0.01	0.00114131	29.8538	1116.87	0
0.04	0.01	0.00114131	31.989	1124.33	0
0.04	0.01	0.00114131	34.2768	1139.95	0
0.04	0.01	0.00114131	36.7282	1165.4	0
0.04	0.01	0.00114131	39.355	1181.63	0
0.04	0.01	0.00114131	42.1697	1176.12	0
0.04	0.01	0.00114131	45.1856	1161.21	0
0.04	0.01	0.00114131	48.4172	1155.53	0
0.04	0.01	0.00114131	51.88	1153.75	0
0.04	0.01	0.00114131	55.5904	1146.93	0
0.04	0.01	0.00114131	59.5662	1126.71	0
0.04	0.01	0.00114131	63.8263	1118.89	0
0.04	0.01	0.00114131	68.3912	1121.69	0
0.04	0.01	0.00114131	73.2825	1123.86	0
0.04	0.01	0.00114131	78.5236	1117.5	0
0.04	0.01	0.00114131	84.1395	1117.02	0
0.04	0.01	0.00114131	90.1571	1121.66	0
0.04	0.01	0.00114131	96.6051	1123.02	0
0.04	0.01	0.00124696	0.103514	0.000907052	0
0.04	0.01	0.00124696	0.110917	0.00937614	0
0.04	0.01	0.00124696	0.11885	0.0299993	0
0.04	0.01	0.00124696	0.12735	0.0679103	0
0.04	0.01	0.00124696	0.136458	0.129996	0
0.04	0.01	0.00124696	0.146218	0.225439	0
0.04	0.01	0.00124696	0.156675	0.366414	0
0.04	0.01	0.00124696	0.16788	0.568974	0
0.04	0.01	0.00124696	0.179887	0.85418	0
0.04	0.01	0.00124696	0.192752	1.24952	0
0.04	0.01	0.00124696	0.206538	1.79066	0
0.04	0.01	0.00124696	0.221309	2.52367	0
0.04	0.01	0.00124696	0.237137	3.50761	0
0.04	0.01	0.00124696	0.254097	4.81782	0
0.04	0.01	0.00124696	0.27227	6.5496	0
0.04	0.01	0.00124696	0.291743	8.82258	0
0.04	0.01	0.00124696	0.312608	11.7856	0
0.04	0.01	0.00124696	0.334965	15.6217	0
0.04	0.01	0.00124696	0.358922	20.5539	0
0.04	0.01	0.00124696	0.384592	26.8491	0
0.04	0.01	0.00124696	0.412098	34.8227	0
0.04	0.01	0.00124696	0.44157	44.8398	0
0.04	0.01	0.00124696	0.473151	57.3134	0
0.04	0.01	0.00124696	0.506991	72.6984	0
0.04	0.01	0.00124696	0.54325	91.4791	0
0.04	0.01	0.00124696	0.582103	114.149	0
0.04	0.01	0.00124696	0.623735	141.186	0
0.04	0.01	0.00124696	0.668344	173.013	0
0.04	0.01	0.00124696	0.716143	209.964	0
0.04	0.01	0.00124696	0.767361	252.242	0
0.04	0.01	0.00124696	0.822243	299.88	0
0.04	0.01	0.00124696	0.881049	352.714	0
0.04	0.01	0.00124696	0.944061	410.36	0
0.04	0.01	0.00124696	1.01158	472.204	0
0.04	0.01	0.00124696	1.08393	537.379	0
0.04	0.01	0.00124696	1.16145	604.739	0
0.04	0.01	0.00124696	1.24451	672.819	0
0.04	0.01	0.00124696	1.33352	739.808	0
0.04	0.01	0.00124696	1.42889	803.597	0
0.04	0.01	0.00124696	1.53109	861.983	0
0.04	0.01	0.00124696	1.64059	913.078	0
0.04	0.01	0.00124696	1.75792	955.828	0
0.04	0.01	0.00124696	1.88365	990.416	0
0.04	0.01	0.00124696	2.01837	1018.23	0
0.04	0.01	0.00124696	2.16272	1041.38	0
0.04	0.01	0.00124696	2.31739	1062.19	0
0.04	0.01	0.00124696	2.48313	1083.29	0
0.04	0.01	0.00124696	2.66073	1108.1	0
0.04	0.01	0.00124696	2.85102	1140.25	0
0.04	0.01	0.00124696	3.05492	1180.95	0
0.04	0.01	0.00124696	3.27341	1226.45	0
0.04	0.01	0.00124696	3.50752	1269.72	0
0.04	0.01	0.00124696	3.75837	1304.82	0
0.04	0.01	0.00124696	4.02717	1328.27	0
0.04	0.01	0.00124696	4.31519	1340.49	0
0.04	0.01	0.00124696	4.62381	1349.31	0
0.04	0.01	0.00124696	4.9545	1362.02	0
0.04	0.01	0.00124696	5.30884	1376.64	0
0.04	0.01	0.00124696	5.68853	1389.07	0
0.04	0.01	0.00124696	6.09537	1400.79	0
0.04	0.01	0.00124696	6.53131	1424.33	0
0.04	0.01	0.00124696	6.99842	1460.45	0
0.04	0.01	0.00124696	7.49894	1485.01	0
0.04	0.01	0.00124696	8.03526	1473.42	0
0.04	0.01	0.00124696	8.60994	1432.21	0
0.04	0.01	0.00124696	9.22571	1371.72	0
0.04	0.01	0.00124696	9.88553	1309.58	0
0.04	0.01	0.00124696	10.5925	1270.76	0
0.04	0.01	0.00124696	11.3501	1231.83	0
0.04	0.01	0.00124696	12.1619	1186.56	0
0.04	0.01	0.00124696	13.0317	1146.27	0
0.04	0.01	0.00124696	13.9637	1128.51	0
0.04	0.01	0.00124696	14.9624	1119.27	0
0.04	0.01	0.00124696	16.0325	1113.1	0
0.04	0.01	0.00124696	17.1791	1123.47	0
0.04	0.01	0.00124696	18.4077	1142.68	0
0.04	0.01	0.00124696	19.7242	1146.4	0
0.04	0.01	0.00124696	21.1349	1148.9	0
0.04	0.01	0.00124696	22.6464	1138.61	0
0.04	0.01	0.00124696	24.2661	1125.34	0
0.04	0.01	0.00124696	26.0016	1118.27	0
0.04	0.01	0.00124696	27.8612	1118.01	0
0.04	0.01	0.00124696	29.8538	1116.87	0
0.04	0.01	0.00124696	31.989	1124.33	0
0.04	0.01	0.00124696	34.2768	1139.95	0
0.04	0.01	0.00124696	36.7282	1165.4	0
0.04	0.01	0.00124696	39.355	1181.63	0
0.04	0.01	0.00124696	42.1697	1176.12	0
0.04	0.01	0.00124696	45.1856	1161.21	0
0.04	0.01	0.00124696	48.4172	1155.53	0
0.04	0.01	0.00124696	51.88	1153.75	0
0.04	0.01	0.00124696	55.5904	1146.93	0
0.04	0.01	0.00124696	59.5662	1126.71	0
0.04	0.01	0.00124696	63.8263	1118.89	0
0.04	0.01	0.00124696	68.3912	1121.69	0
0.04	0.01	0.00124696	73.2825	1123.86	0
0.04	0.01	0.00124696	78.5236	1117.5	0
0.04	0.01	0.00124696	84.1395	1117.02	0
0.04	0.01	0.00124696	90.1571	1121.66	0
0.04	0.01	0.00124696	96.6051	1123.02	0
0.04	0.01	0.0013624	0.103514	0.000907052	0
0.04	0.01	0.0013624	0.110917	0.00937614	0
0.04	0.01	0.0013624	0.11885	0.0299993	0
0.04	0.01	0.0013624	0.12735	0.0679102	0
0.04	0.01	0.0013624	0.136458	0.129996	0
0.04	0.01	0.0013624	0.146218	0.225439	0
0.04	0.01	0.0013624	0.156675	0.366414	0
0.04	0.01	0.0013624	0.16788	0.568974	0
0.04	0.01	0.0013624	0.179887	0.85418	0
0.04	0.01	0.0013624	0.192752	1.24952	0
0.04	0.01	0.0013624	0.206538	1.79066	0
0.04	0.01	0.0013624	0.221309	2.52367	0
0.04	0.01	0.0013624	0.237137	3.50761	0
0.04	0.01	0.0013624	0.254097	4.81782	0
0.04	0.01	0.0013624	0.27227	6.5496	0
0.04	0.01	0.0013624	0.291743	8.82258	0
0.04	0.01	0.0013624	0.312608	11.7856	0
0.04	0.01	0.0013624	0.334965	15.6217	0
0.04	0.01	0.0013624	0.358922	20.5539	0
0.04	0.01	0.0013624	0.384592	26.8491	0
0.04	0.01	0.0013624	0.412098	34.8227	0
0.04	0.01	0.0013624	0.44157	44.8398	0
0.04	0.01	0.0013624	0.473151	57.3134	0
0.04	0.01	0.0013624	0.506991	72.6984	0
0.04	0.01	0.0013624	0.54325	91.4791	0
0.04	0.01	0.0013624	0.582103	114.149	0
0.04	0.01	0.0013624	0.623735	141.186	0
0.04	0.01	0.0013624	0.668344	173.013	0
0.04	0.01	0.0013624	0.716143	209.964	0
0.04	0.01	0.0013624	0.767361	252.242	0
0.04	0.01	0.0013624	0.822243	299.88	0
0.04	0.01	0.0013624	0.881049	352.714	0
0.04	0.01	0.0013624	0.944061	410.36	0
0.04	0.01	0.0013624	1.01158	472.204	0
0.04	0.01	0.0013624	1.08393	537.379	0
0.04	0.01	0.0013624	1.16145	604.739	0
0.04	0.01	0.0013624	1.24451	672.819	0
0.04	0.01	0.0013624	1.33352	739.808	0
0.04	0.01	0.0013624	1.42889	803.597	0
0.04	0.01	0.0013624	1.53109	861.983	0
0.04	0.01	0.0013624	1.64059	913.078	0
0.04	0.01	0.0013624	1.75792	955.828	0
0.04	0.01	0.0013624	1.88365	990.415	0
0.04	0.01	0.0013624	2.01837	1018.23	0
0.04	0.01	0.0013624	2.16272	1041.38	0
0.04	0.01	0.0013624	2.31739	1062.19	0
0.04	0.01	0.0013624	2.48313	1083.29	0
0.04	0.01	0.0013624	2.66073	1108.1	0
0.04	0.01	0.0013624	2.85102	1140.25	0
0.04	0.01	0.0013624	3.05492	1180.95	0
0.04	0.01	0.0013624	3.27341	1226.45	0
0.04	0.01	0.0013624	3.50752	1269.72	0
0.04	0.01	0.0013624	3.75837	1304.82	0
0.04	0.01	0.0013624	4.02717	1328.27	0
0.04	0.01	0.0013624	4.31519	1340.49	0
0.04	0.01	0.0013624	4.62381	1349.31	0
0.04	0.01	0.0013624	4.9545	1362.02	0
0.04	0.01	0.0013624	5.30884	1376.64	0
0.04	0.01	0.0013624	5.68853	1389.07	0
0.04	0.01	0.0013624	6.09537	1400.79	0
0.04	0.01	0.0013624	6.53131	1424.33	0
0.04	0.01	0.0013624	6.99842	1460.45	0
0.04	0.01	0.0013624	7.49894	1485.01	0
0.04	0.01	0.0013624	8.03526	1473.42	0
0.04	0.01	0.0013624	8.60994	1432.21	0
0.04	0.01	0.0013624	9.22571	1371.72	0
0.04	0.01	0.0013624	9.88553	1309.58	0
0.04	0.01	0.0013624	10.5925	1270.76	0
0.04	0.01	0.0013624	11.3501	1231.83	0
0.04	0.01	0.0013624	12.1619	1186.56	0
0.04	0.01	0.0013624	13.0317	1146.27	0
0.04	0.01	0.0013624	13.9637	1128.51	0
0.04	0.01	0.0013624	14.9624	1119.27	0
0.04	0.01	0.0013624	16.0325	1113.1	0
0.04	0.01	0.0013624	17.1791	1123.47	0
0.04	0.01	0.0013624	18.4077	1142.68	0
0.04	0.01	0.0013624	19.7242	1146.4	0
0.04	0.01	0.0013624	21.1349	1148.9	0
0.04	0.01	0.0013624	22.6464	1138.61	0
0.04	0.01	0.0013624	24.2661	1125.34	0
0.04	0.01	0.0013624	26.0016	1118.27	0
0.04	0.01	0.0013624	27.8612	1118.01	0
0.04	0.01	0.0013624	29.8538	1116.87	0
0.04	0.01	0.0013624	31.989	1124.33	0
0.04	0.01	0.0013624	34.2768	1139.95	0
0.04	0.01	0.0013624	36.7282	1165.4	0
0.04	0.01	0.0013624	39.355	1181.63	0
0.04	0.01	0.0013624	42.1697	1176.12	0
0.04	0.01	0.0013624	45.1856	1161.21	0
0.04	0.01	0.0013624	48.4172	1155.53	0
0.04	0.01	0.0013624	51.88	1153.75	0
0.04	0.01	0.0013624	55.5904	1146.93	0
0.04	0.01	0.0013624	59.5662	1126.71	0
0.04	0.01	0.0013624	63.8263	1118.89	0
0.04	0.01	0.0013624	68.3912	1121.69	0
0.04	0.01	0.0013624	73.2825	1123.86	0
0.04	0.01	0.0013624	78.5236	1117.5	0
0.04	0.01	0.0013624	84.1395	1117.02	0
0.04	0.01	0.0013624	90.1571	1121.66	0
0.04	0.01	0.0013624	96.6051	1123.02	0
0.04	0.01	0.00148852	0.103514	0.000907052	0
0.04	0.01	0.00148852	0.110917	0.00937614	0
0.04	0.01	0.00148852	0.11885	0.0299993	0
0.04	0.01	0.00148852	0.12735	0.0679102	0
0.04	0.01	0.00148852	0.136458	0.129996	0
0.04	0.01	0.00148852	0.146218	0.225439	0
0.04	0.01	0.00148852	0.156675	0.366414	0
0.04	0.01	0.00148852	0.16788	0.568974	0
0.04	0.01	0.00148852	0.179887	0.85418	0
0.04	0.01	0.00148852	0.192752	1.24952	0
0.04	0.01	0.00148852	0.206538	1.79066	0
0.04	0.01	0.00148852	0.221309	2.52367	0
0.04	0.01	0.00148852	0.237137	3.50761	0
0.04	0.01	0.00148852	0.254097	4.81782	0
0.04	0.01	0.00148852	0.27227	6.5496	0
0.04	0.01	0.00148852	0.291743	8.82258	0
0.04	0.01	0.00148852	0.312608	11.7856	0
0.04	0.01	0.00148852	0.334965	15.6217	0
0.04	0.01	0.00148852	0.358922	20.5539	0
0.04	0.01	0.00148852	0.384592	26.8491	0
0.04	0.01	0.00148852	0.412098	34.8227	0
0.04	0.01	0.00148852	0.44157	44.8398	0
0.04	0.01	0.00148852	0.473151	57.3134	0
0.04	0.01	0.00148852	0.506991	72.6984	0
0.04	0.01	0.00148852	0.54325	91.4791	0
0.04	0.01	0.00148852	0.582103	114.149	0
0.04	0.01	0.00148852	0.623735	141.186	0
0.04	0.01	0.00148852	0.668344	173.013	0
0.04	0.01	0.00148852	0.716143	209.964	0
0.04	0.01	0.00148852	0.767361	252.242	0
0.04	0.01	0.00148852	0.822243	299.88	0
0.04	0.01	0.00148852	0.881049	352.714	0
0.04	0.01	0.00148852	0.944061	410.36	0
0.04	0.01	0.00148852	1.01158	472.204	0
0.04	0.01	0.00148852	1.08393	537.379	0
0.04	0.01	0.00148852	1.16145	604.739	0
0.04	0.01	0.00148852	1.24451	672.819	0
0.04	0.01	0.00148852	1.33352	739.808	0
0.04	0.01	0.00148852	1.42889	803.597	0
0.04	0.01	0.00148852	1.53109	861.983	0
0.04	0.01	0.00148852	1.64059	913.078	0
0.04	0.01	0.00148852	1.75792	955.828	0
0.04	0.01	0.00148852	1.88365	990.415	0
0.04	0.01	0.00148852	2.01837	1018.23	0
0.04	0.01	0.00148852	2.16272	1041.38	0
0.04	0.01	0.00148852	2.31739	1062.19	0
0.04	0.01	0.00148852	2.48313	1083.29	0
0.04	0.01	0.00148852	2.66073	1108.1	0
0.04	0.01	0.00148852	2.85102	1140.25	0
0.04	0.01	0.00148852	3.05492	1180.95	0
0.04	0.01	0.00148852	3.27341	1226.45	0
0.04	0.01	0.00148852	3.50752	1269.72	0
0.04	0.01	0.00148852	3.75837	1304.82	0
0.04	0.01	0.00148852	4.02717	1328.27	0
0.04	0.01	0.00148852	4.31519	1340.49	0
0.04	0.01	0.00148852	4.62381	1349.31	0
0.04	0.01	0.00148852	4.9545	1362.02	0
0.04	0.01	0.00148852	5.30884	1376.64	0
0.04	0.01	0.00148852	5.68853	1389.07	0
0.04	0.01	0.00148852	6.09537	1400.79	0
0.04	0.01	0.00148852	6.53131	1424.33	0
0.04	0.01	0.00148852	6.99842	1460.45	0
0.04	0.01	0.00148852	7.49894	1485.01	0
0.04	0.01	0.00148852	8.03526	1473.42	0
0.04	0.01	0.00148852	8.60994	1432.21	0
0.04	0.01	0.00148852	9.22571	1371.72	0
0.04	0.01	0.00148852	9.88553	1309.58	0
0.04	0.01	0.00148852	10.5925	1270.75	0
0.04	0.01	0.00148852	11.3501	1231.83	0
0.04	0.01	0.00148852	12.1619	1186.56	0
0.04	0.01	0.00148852	13.0317	1146.27	0
0.04	0.01	0.00148852	13.9637	1128.51	0
0.04	0.01	0.00148852	14.9624	1119.27	0
0.04	0.01	0.00148852	16.0325	1113.1	0
0.04	0.01	0.00148852	17.1791	1123.47	0
0.04	0.01	0.00148852	18.4077	1142.68	0
0.04	0.01	0.00148852	19.7242	1146.4	0
0.04	0.01	0.00148852	21.1349	1148.9	0
0.04	0.01	0.00148852	22.6464	1138.61	0
0.04	0.01	0.00148852	24.2661	1125.34	0
0.04	0.01	0.00148852	26.0016	1118.27	0
0.04	0.01	0.00148852	27.8612	1118.01	0
0.04	0.01	0.00148852	29.8538	1116.87	0
0.04	0.01	0.00148852	31.989	1124.33	0
0.04	0.01	0.00148852	34.2768	1139.95	0
0.04	0.01	0.00148852	36.7282	1165.4	0
0.04	0.01	0.00148852	39.355	1181.63	0
0.04	0.01	0.00148852	42.1697	1176.12	0
0.04	0.01	0.00148852	45.1856	1161.21	0
0.04	0.01	0.00148852	48.4172	1155.53	0
0.04	0.01	0.00148852	51.88	1153.75	0
0.04	0.01	0.00148852	55.5904	1146.93	0
0.04	0.01	0.00148852	59.5662	1126.71	0
0.04	0.01	0.00148852	63.8263	1118.89	0
0.04	0.01	0.00148852	68.3912	1121.69	0
0.04	0.01	0.00148852	73.2825	1123.86	0
0.04	0.01	0.00148852	78.5236	1117.5	0
0.04	0.01	0.00148852	84.1395	1117.02	0
0.04	0.01	0.00148852	90.1571	1121.66	0
0.04	0.01	0.00148852	96.6051	1123.02	0
0.04	0.01	0.00162632	0.103514	0.000907052	0
0.04	0.01	0.00162632	0.110917	0.00937614	0
0.04	0.01	0.00162632	0.11885	0.0299993	0
0.04	0.01	0.00162632	0.12735	0.0679102	0
0.04	0.01	0.00162632	0.136458	0.129996	0
0.04	0.01	0.00162632	0.146218	0.225439	0
0.04	0.01	0.00162632	0.156675	0.366414	0
0.04	0.01	0.00162632	0.16788	0.568974	0
0.04	0.01	0.00162632	0.179887	0.85418	0
0.04	0.01	0.00162632	0.192752	1.24952	0
0.04	0.01	0.00162632	0.206538	1.79066	0
0.04	0.01	0.00162632	0.221309	2.52367	0
0.04	0.01	0.00162632	0.237137	3.50761	0
0.04	0.01	0.00162632	0.254097	4.81782	0
0.04	0.01	0.00162632	0.27227	6.5496	0
0.04	0.01	0.00162632	0.291743	8.82258	0
0.04	0.01	0.00162632	0.312608	11.7856	0
0.04	0.01	0.00162632	0.334965	15.6217	0
0.04	0.01	0.00162632	0.358922	20.5539	0
0.04	0.01	0.00162632	0.384592	26.8491	0
0.04	0.01	0.00162632	0.412098	34.8227	0
0.04	0.01	0.00162632	0.44157	44.8398	0
0.04	0.01	0.00162632	0.473151	57.3134	0
0.04	0.01	0.00162632	0.506991	72.6984	0
0.04	0.01	0.00162632	0.54325	91.4791	0
0.04	0.01	0.00162632	0.582103	114.149	0
0.04	0.01	0.00162632	0.623735	141.186	0
0.04	0.01	0.00162632	0.668344	173.013	0
0.04	0.01	0.00162632	0.716143	209.964	0
0.04	0.01	0.00162632	0.767361	252.242	0
0.04	0.01	0.00162632	0.822243	299.88	0
0.04	0.01	0.00162632	0.881049	352.714	0
0.04	0.01	0.00162632	0.944061	410.36	0
0.04	0.01	0.00162632	1.01158	472.204	0
0.04	0.01	0.00162632	1.08393	537.379	0
0.04	0.01	0.00162632	1.16145	604.739	0
0.04	0.01	0.00162632	1.24451	672.819	0
0.04	0.01	0.00162632	1.33352	739.808	0
0.04	0.01	0.00162632	1.42889	803.597	0
0.04	0.01	0.00162632	1.53109	861.983	0
0.04	0.01	0.00162632	1.64059	913.077	0
0.04	0.01	0.00162632	1.75792	955.828	0
0.04	0.01	0.00162632	1.88365	990.415	0
0.04	0.01	0.00162632	2.01837	1018.23	0
0.04	0.01	0.00162632	2.16272	1041.38	0
0.04	0.01	0.00162632	2.31739	1062.19	0
0.04	0.01	0.00162632	2.48313	1083.29	0
0.04	0.01	0.00162632	2.66073	1108.1	0
0.04	0.01	0.00162632	2.85102	1140.25	0
0.04	0.01	0.00162632	3.05492	1180.95	0
0.04	0.01	0.00162632	3.27341	1226.45	0
0.04	0.01	0.00162632	3.50752	1269.72	0
0.04	0.01	0.00162632	3.75837	1304.82	0
0.04	0.01	0.00162632	4.02717	1328.27	0
0.04	0.01	0.00162632	4.31519	1340.49	0
0.04	0.01	0.00162632	4.62381	1349.31	0
0.04	0.01	0.00162632	4.9545	1362.02	0
0.04	0.01	0.00162632	5.30884	1376.64	0
0.04	0.01	0.00162632	5.68853	1389.07	0
0.04	0.01	0.00162632	6.09537	1400.79	0
0.04	0.01	0.00162632	6.53131	1424.33	0
0.04	0.01	0.00162632	6.99842	1460.45	0
0.04	0.01	0.00162632	7.49894	1485.01	0
0.04	0.01	0.00162632	8.03526	1473.42	0
0.04	0.01	0.00162632	8.60994	1432.21	0
0.04	0.01	0.00162632	9.22571	1371.72	0
0.04	0.01	0.00162632	9.88553	1309.57	0
0.04	0.01	0.00162632	10.5925	1270.75	0
0.04	0.01	0.00162632	11.3501	1231.83	0
0.04	0.01	0.00162632	12.1619	1186.56	0
0.04	0.01	0.00162632	13.0317	1146.27	0
0.04	0.01	0.00162632	13.9637	1128.51	0
0.04	0.01	0.00162632	14.9624	1119.27	0
0.04	0.01	0.00162632	16.0325	1113.1	0
0.04	0.01	0.00162632	17.1791	1123.47	0
0.04	0.01	0.00162632	18.4077	1142.68	0
0.04	0.01	0.00162632	19.7242	1146.4	0
0.04	0.01	0.00162632	21.1349	1148.9	0
0.04	0.01	0.00162632	22.6464	1138.61	0
0.04	0.01	0.00162632	24.2661	1125.34	0
0.04	0.01	0.00162632	26.0016	1118.27	0
0.04	0.01	0.00162632	27.8612	1118.01	0
0.04	0.01	0.00162632	29.8538	1116.87	0
0.04	0.01	0.00162632	31.989	1124.33	0
0.04	0.01	0.00162632	34.2768	1139.95	0
0.04	0.01	0.00162632	36.7282	1165.4	0
0.04	0.01	0.00162632	39.355	1181.63	0
0.04	0.01	0.00162632	42.1697	1176.12	0
0.04	0.01	0.00162632	45.1856	1161.21	0
0.04	0.01	0.00162632	48.4172	1155.53	0
0.04	0.01	0.00162632	51.88	1153.75	0
0.04	0.01	0.00162632	55.5904	1146.93	0
0.04	0.01	0.00162632	59.5662	1126.71	0
0.04	0.01	0.00162632	63.8263	1118.89	0
0.04	0.01	0.00162632	68.3912	1121.69	0
0.04	0.01	0.00162632	73.2825	1123.86	0
0.04	0.01	0.00162632	78.5236	1117.5	0
0.04	0.01	0.00162632	84.1395	1117.02	0
0.04	0.01	0.00162632	90.1571	1121.66	0
0.04	0.01	0.00162632	96.6051	1123.02	0
0.04	0.01	0.00177687	0.103514	0.000907052	0
0.04	0.01	0.00177687	0.110917	0.00937614	0
0.04	0.01	0.00177687	0.11885	0.0299993	0
0.04	0.01	0.00177687	0.12735	0.0679102	0
0.04	0.01	0.00177687	0.136458	0.129996	0
0.04	0.01	0.00177687	0.146218	0.225439	0
0.04	0.01	0.00177687	0.156675	0.366414	0
0.04	0.01	0.00177687	0.16788	0.568974	0
0.04	0.01	0.00177687	0.179887	0.85418	0
0.04	0.01	0.00177687	0.192752	1.24952	0
0.04	0.01	0.00177687	0.206538	1.79066	0
0.04	0.01	0.00177687	0.221309	2.52367	0
0.04	0.01	0.00177687	0.237137	3.50761	0
0.04	0.01	0.00177687	0.254097	4.81782	0
0.04	0.01	0.00177687	0.27227	6.5496	0
0.04	0.01	0.00177687	0.291743	8.82258	0
0.04	0.01	0.00177687	0.312608	11.7856	0
0.04	0.01	0.00177687	0.334965	15.6217	0
0.04	0.01	0.00177687	0.358922	20.5539	0
0.04	0.01	0.00177687	0.384592	26.8491	0
0.04	0.01	0.00177687	0.412098	34.8227	0
0.04	0.01	0.00177687	0.44157	44.8398	0
0.04	0.01	0.00177687	0.473151	57.3134	0
0.04	0.01	0.00177687	0.506991	72.6984	0
0.04	0.01	0.00177687	0.54325	91.4791	0
0.04	0.01	0.00177687	0.582103	114.149	0
0.04	0.01	0.00177687	0.623735	141.186	0
0.04	0.01	0.00177687	0.668344	173.013	0
0.04	0.01	0.00177687	0.716143	209.964	0
0.04	0.01	0.00177687	0.767361	252.242	0
0.04	0.01	0.00177687	0.822243	299.88	0
0.04	0.01	0.00177687	0.881049	352.714	0
0.04	0.01	0.00177687	0.944061	410.36	0
0.04	0.01	0.00177687	1.01158	472.204	0
0.04	0.01	0.00177687	1.08393	537.379	0
0.04	0.01	0.00177687	1.16145	604.739	0
0.04	0.01	0.00177687	1.24451	672.819	0
0.04	0.01	0.00177687	1.33352	739.808	0
0.04	0.01	0.00177687	1.42889	803.597	0
0.04	0.01	0.00177687	1.53109	861.983	0
0.04	0.01	0.00177687	1.64059	913.077	0
0.04	0.01	0.00177687	1.75792	955.828	0
0.04	0.01	0.00177687	1.88365	990.415	0
0.04	0.01	0.00177687	2.01837	1018.23	0
0.04	0.01	0.00177687	2.16272	1041.38	0
0.04	0.01	0.00177687	2.31739	1062.19	0
0.04	0.01	0.00177687	2.48313	1083.29	0
0.04	0.01	0.00177687	2.66073	1108.1	0
0.04	0.01	0.00177687	2.85102	1140.25	0
0.04	0.01	0.00177687	3.05492	1180.95	0
0.04	0.01	0.00177687	3.27341	1226.45	0
0.04	0.01	0.00177687	3.50752	1269.72	0
0.04	0.01	0.00177687	3.75837	1304.82	0
0.04	0.01	0.00177687	4.02717	1328.27	0
0.04	0.01	0.00177687	4.31519	1340.49	0
0.04	0.01	0.00177687	4.62381	1349.31	0
0.04	0.01	0.00177687	4.9545	1362.02	0
0.04	0.01	0.00177687	5.30884	1376.64	0
0.04	0.01	0.00177687	5.68853	1389.07	0
0.04	0.01	0.00177687	6.09537	1400.78	0
0.04	0.01	0.00177687	6.53131	1424.33	0
0.04	0.01	0.00177687	6.99842	1460.45	0
0.04	0.01	0.00177687	7.49894	1485.01	0
0.04	0.01	0.00177687	8.03526	1473.42	0
0.04	0.01	0.00177687	8.60994	1432.21	0
0.04	0.01	0.00177687	9.22571	1371.72	0
0.04	0.01	0.00177687	9.88553	1309.57	0
0.04	0.01	0.00177687	10.5925	1270.75	0
0.04	0.01	0.00177687	11.3501	1231.83	0
0.04	0.01	0.00177687	12.1619	1186.56	0
0.04	0.01	0.00177687	13.0317	1146.27	0
0.04	0.01	0.00177687	13.9637	1128.51	0
0.04	0.01	0.00177687	14.9624	1119.27	0
0.04	0.01	0.00177687	16.0325	1113.1	0
0.04	0.01	0.00177687	17.1791	1123.47	0
0.04	0.01	0.00177687	18.4077	1142.68	0
0.04	0.01	0.00177687	19.7242	1146.4	0
0.04	0.01	0.00177687	21.1349	1148.9	0
0.04	0.01	0.00177687	22.6464	1138.61	0
0.04	0.01	0.00177687	24.2661	1125.34	0
0.04	0.01	0.00177687	26.0016	1118.27	0
0.04	0.01	0.00177687	27.8612	1118.01	0
0.04	0.01	0.00177687	29.8538	1116.87	0
0.04	0.01	0.00177687	31.989	1124.33	0
0.04	0.01	0.00177687	34.2768	1139.95	0
0.04	0.01	0.00177687	36.7282	1165.4	0
0.04	0.01	0.00177687	39.355	1181.63	0
0.04	0.01	0.00177687	42.1697	1176.12	0
0.04	0.01	0.00177687	45.1856	1161.21	0
0.04	0.01	0.00177687	48.4172	1155.53	0
0.04	0.01	0.00177687	51.88	1153.75	0
0.04	0.01	0.00177687	55.5904	1146.93	0
0.04	0.01	0.00177687	59.5662	1126.71	0
0.04	0.01	0.00177687	63.8263	1118.89	0
0.04	0.01	0.00177687	68.3912	1121.69	0
0.04	0.01	0.00177687	73.2825	1123.86	0
0.04	0.01	0.00177687	78.5236	1117.5	0
0.04	0.01	0.00177687	84.1395	1117.02	0
0.04	0.01	0.00177687	90.1571	1121.66	0
0.04	0.01	0.00177687	96.6051	1123.02	0
0.04	0.01	0.00194137	0.103514	0.000907052	0
0.04	0.01	0.00194137	0.110917	0.00937614	0
0.04	0.01	0.00194137	0.11885	0.0299993	0
0.04	0.01	0.00194137	0.12735	0.0679102	0
0.04	0.01	0.00194137	0.136458	0.129996	0
0.04	0.01	0.00194137	0.146218	0.225439	0
0.04	0.01	0.00194137	0.156675	0.366414	0
0.04	0.01	0.00194137	0.16788	0.568974	0
0.04	0.01	0.00194137	0.179887	0.85418	0
0.04	0.01	0.00194137	0.192752	1.24952	0
0.04	0.01	0.00194137	0.206538	1.79066	0
0.04	0.01	0.00194137	0.221309	2.52367	0
0.04	0.01	0.00194137	0.237137	3.50761	0
0.04	0.01	0.00194137	0.254097	4.81782	0
0.04	0.01	0.00194137	0.27227	6.5496	0
0.04	0.01	0.00194137	0.291743	8.82258	0
0.04	0.01	0.00194137	0.312608	11.7856	0
0.04	0.01	0.00194137	0.334965	15.6217	0
0.04	0.01	0.00194137	0.358922	20.5539	0
0.04	0.01	0.00194137	0.384592	26.8491	0
0.04	0.01	0.00194137	0.412098	34.8227	0
0.04	0.01	0.00194137	0.44157	44.8398	0
0.04	0.01	0.00194137	0.473151	57.3134	0
0.04	0.01	0.00194137	0.506991	72.6984	0
0.04	0.01	0.00194137	0.54325	91.4791	0
0.04	0.01	0.00194137	0.582103	114.149	0
0.04	0.01	0.00194137	0.623735	141.186	0
0.04	0.01	0.00194137	0.668344	173.013	0
0.04	0.01	0.00194137	0.716143	209.964	0
0.04	0.01	0.00194137	0.767361	252.242	0
0.04	0.01	0.00194137	0.822243	299.88	0
0.04	0.01	0.00194137	0.881049	352.714	0
0.04	0.01	0.00194137	0.944061	410.36	0
0.04	0.01	0.00194137	1.01158	472.204	0
0.04	0.01	0.00194137	1.08393	537.379	0
0.04	0.01	0.00194137	1.16145	604.739	0
0.04	0.01	0.00194137	1.24451	672.819	0
0.04	0.01	0.00194137	1.33352	739.808	0
0.04	0.01	0.00194137	1.42889	803.597	0
0.04	0.01	0.00194137	1.53109	861.983	0
0.04	0.01	0.00194137	1.64059	913.077	0
0.04	0.01	0.00194137	1.75792	955.828	0
0.04	0.01	0.00194137	1.88365	990.415	0
0.04	0.01	0.00194137	2.01837	1018.23	0
0.04	0.01	0.00194137	2.16272	1041.38	0
0.04	0.01	0.00194137	2.31739	1062.19	0
0.04	0.01	0.00194137	2.48313	1083.29	0
0.04	0.01	0.00194137	2.66073	1108.1	0
0.04	0.01	0.00194137	2.85102	1140.25	0
0.04	0.01	0.00194137	3.05492	1180.95	0
0.04	0.01	0.00194137	3.27341	1226.45	0
0.04	0.01	0.00194137	3.50752	1269.72	0
0.04	0.01	0.00194137	3.75837	1304.82	0
0.04	0.01	0.00194137	4.02717	1328.27	0
0.04	0.01	0.00194137	4.31519	1340.49	0
0.04	0.01	0.00194137	4.62381	1349.31	0
0.04	0.01	0.00194137	4.9545	1362.02	0
0.04	0.01	0.00194137	5.30884	1376.64	0
0.04	0.01	0.00194137	5.68853	1389.07	0
0.04	0.01	0.00194137	6.09537	1400.78	0
0.04	0.01	0.00194137	6.53131	1424.33	0
0.04	0.01	0.00194137	6.99842	1460.45	0
0.04	0.01	0.00194137	7.49894	1485.01	0
0.04	0.01	0.00194137	8.03526	1473.41	0
0.04	0.01	0.00194137	8.60994	1432.21	0
0.04	0.01	0.00194137	9.22571	1371.72	0
0.04	0.01	0.00194137	9.88553	1309.57	0
0.04	0.01	0.00194137	10.5925	1270.75	0
0.04	0.01	0.00194137	11.3501	1231.83	0
0.04	0.01	0.00194137	12.1619	1186.56	0
0.04	0.01	0.00194137	13.0317	1146.27	0
0.04	0.01	0.00194137	13.9637	1128.51	0
0.04	0.01	0.00194137	14.9624	1119.27	0
0.04	0.01	0.00194137	16.0325	1113.1	0
0.04	0.01	0.00194137	17.1791	1123.47	0
0.04	0.01	0.00194137	18.4077	1142.68	0
0.04	0.01	0.00194137	19.7242	1146.4	0
0.04	0.01	0.00194137	21.1349	1148.9	0
0.04	0.01	0.00194137	22.6464	1138.61	0
0.04	0.01	0.00194137	24.2661	1125.34	0
0.04	0.01	0.00194137	26.0016	1118.27	0
0.04	0.01	0.00194137	27.8612	1118.01	0
0.04	0.01	0.00194137	29.8538	1116.87	0
0.04	0.01	0.00194137	31.989	1124.33	0
0.04	0.01	0.00194137	34.2768	1139.95	0
0.04	0.01	0.00194137	36.7282	1165.4	0
0.04	0.01	0.00194137	39.355	1181.63	0
0.04	0.01	0.00194137	42.1697	1176.12	0
0.04	0.01	0.00194137	45.1856	1161.21	0
0.04	0.01	0.00194137	48.4172	1155.53	0
0.04	0.01	0.00194137	51.88	1153.75	0
0.04	0.01	0.00194137	55.5904	1146.93	0
0.04	0.01	0.00194137	59.5662	1126.71	0
0.04	0.01	0.00194137	63.8263	1118.89	0
0.04	0.01	0.00194137	68.3912	1121.69	0
0.04	0.01	0.00194137	73.2825	1123.86	0
0.04	0.01	0.00194137	78.5236	1117.5	0
0.04	0.01	0.00194137	84.1395	1117.02	0
0.04	0.01	0.00194137	90.1571	1121.66	0
0.04	0.01	0.00194137	96.6051	1123.02	0
0.04	0.01	0.00212109	0.103514	0.000907051	0
0.04	0.01	0.00212109	0.110917	0.00937614	0
0.04	0.01	0.00212109	0.11885	0.0299993	0
0.04	0.01	0.00212109	0.12735	0.0679102	0
0.04	0.01	0.00212109	0.136458	0.129996	0
0.04	0.01	0.00212109	0.146218	0.225439	0
0.04	0.01	0.00212109	0.156675	0.366413	0
0.04	0.01	0.00212109	0.16788	0.568974	0
0.04	0.01	0.00212109	0.179887	0.85418	0
0.04	0.01	0.00212109	0.192752	1.24952	0
0.04	0.01	0.00212109	0.206538	1.79066	0
0.04	0.01	0.00212109	0.221309	2.52367	0
0.04	0.01	0.00212109	0.237137	3.50761	0
0.04	0.01	0.00212109	0.254097	4.81782	0
0.04	0.01	0.00212109	0.27227	6.5496	0
0.04	0.01	0.00212109	0.291743	8.82258	0
0.04	0.01	0.00212109	0.312608	11.7856	0
0.04	0.01	0.00212109	0.334965	15.6217	0
0.04	0.01	0.00212109	0.358922	20.5539	0
0.04	0.01	0.00212109	0.384592	26.8491	0
0.04	0.01	0.00212109	0.412098	34.8227	0
0.04	0.01	0.00212109	0.44157	44.8398	0
0.04	0.01	0.00212109	0.473151	57.3134	0
0.04	0.01	0.00212109	0.506991	72.6984	0
0.04	0.01	0.00212109	0.54325	91.4791	0
0.04	0.01	0.00212109	0.582103	114.149	0
0.04	0.01	0.00212109	0.623735	141.186	0
0.04	0.01	0.00212109	0.668344	173.013	0
0.04	0.01	0.00212109	0.716143	209.964	0
0.04	0.01	0.00212109	0.767361	252.242	0
0.04	0.01	0.00212109	0.822243	299.88	0
0.04	0.01	0.00212109	0.881049	352.714	0
0.04	0.01	0.00212109	0.944061	410.36	0
0.04	0.01	0.00212109	1.01158	472.204	0
0.04	0.01	0.00212109	1.08393	537.379	0
0.04	0.01	0.00212109	1.16145	604.739	0
0.04	0.01	0.00212109	1.24451	672.819	0
0.04	0.01	0.00212109	1.33352	739.808	0
0.04	0.01	0.00212109	1.42889	803.597	0
0.04	0.01	0.00212109	1.53109	861.983	0
0.04	0.01	0.00212109	1.64059	913.077	0
0.04	0.01	0.00212109	1.75792	955.828	0
0.04	0.01	0.00212109	1.88365	990.415	0
0.04	0.01	0.00212109	2.01837	1018.23	0
0.04	0.01	0.00212109	2.16272	1041.38	0
0.04	0.01	0.00212109	2.31739	1062.19	0
0.04	0.01	0.00212109	2.48313	1083.29	0
0.04	0.01	0.00212109	2.66073	1108.1	0
0.04	0.01	0.00212109	2.85102	1140.25	0
0.04	0.01	0.00212109	3.05492	1180.95	0
0.04	0.01	0.00212109	3.27341	1226.45	0
0.04	0.01	0.00212109	3.50752	1269.72	0
0.04	0.01	0.00212109	3.75837	1304.82	0
0.04	0.01	0.00212109	4.02717	1328.27	0
0.04	0.01	0.00212109	4.31519	1340.49	0
0.04	0.01	0.00212109	4.62381	1349.31	0
0.04	0.01	0.00212109	4.9545	1362.02	0
0.04	0.01	0.00212109	5.30884	1376.64	0
0.04	0.01	0.00212109	5.68853	1389.07	0
0.04	0.01	0.00212109	6.09537	1400.78	0
0.04	0.01	0.00212109	6.53131	1424.33	0
0.04	0.01	0.00212109	6.99842	1460.45	0
0.04	0.01	0.00212109	7.49894	1485.01	0
0.04	0.01	0.00212109	8.03526	1473.41	0
0.04	0.01	0.00212109	8.60994	1432.21	0
0.04	0.01	0.00212109	9.22571	1371.72	0
0.04	0.01	0.00212109	9.88553	1309.57	0
0.04	0.01	0.00212109	10.5925	1270.75	0
0.04	0.01	0.00212109	11.3501	1231.83	0
0.04	0.01	0.00212109	12.1619	1186.56	0
0.04	0.01	0.00212109	13.0317	1146.27	0
0.04	0.01	0.00212109	13.9637	1128.51	0
0.04	0.01	0.00212109	14.9624	1119.27	0
0.04	0.01	0.00212109	16.0325	1113.1	0
0.04	0.01	0.00212109	17.1791	1123.47	0
0.04	0.01	0.00212109	18.4077	1142.68	0
0.04	0.01	0.00212109	19.7242	1146.4	0
0.04	0.01	0.00212109	21.1349	1148.9	0
0.04	0.01	0.00212109	22.6464	1138.61	0
0.04	0.01	0.00212109	24.2661	1125.34	0
0.04	0.01	0.00212109	26.0016	1118.27	0
0.04	0.01	0.00212109	27.8612	1118.01	0
0.04	0.01	0.00212109	29.8538	1116.87	0
0.04	0.01	0.00212109	31.989	1124.33	0
0.04	0.01	0.00212109	34.2768	1139.95	0
0.04	0.01	0.00212109	36.7282	1165.4	0
0.04	0.01	0.00212109	39.355	1181.63	0
0.04	0.01	0.00212109	42.1697	1176.12	0
0.04	0.01	0.00212109	45.1856	1161.21	0
0.04	0.01	0.00212109	48.4172	1155.53	0
0.04	0.01	0.00212109	51.88	1153.75	0
0.04	0.01	0.00212109	55.5904	1146.93	0
0.04	0.01	0.00212109	59.5662	1126.71	0
0.04	0.01	0.00212109	63.8263	1118.89	0
0.04	0.01	0.00212109	68.3912	1121.69	0
0.04	0.01	0.00212109	73.2825	1123.86	0
0.04	0.01	0.00212109	78.5236	1117.5	0
0.04	0.01	0.00212109	84.1395	1117.02	0
0.04	0.01	0.00212109	90.1571	1121.66	0
0.04	0.01	0.00212109	96.6051	1123.02	0
0.04	0.01	0.00231745	0.103514	0.000907051	0
0.04	0.01	0.00231745	0.110917	0.00937614	0
0.04	0.01	0.00231745	0.11885	0.0299993	0
0.04	0.01	0.00231745	0.12735	0.0679102	0
0.04	0.01	0.00231745	0.136458	0.129996	0
0.04	0.01	0.00231745	0.146218	0.225439	0
0.04	0.01	0.00231745	0.156675	0.366413	0
0.04	0.01	0.00231745	0.16788	0.568974	0
0.04	0.01	0.00231745	0.179887	0.85418	0
0.04	0.01	0.00231745	0.192752	1.24952	0
0.04	0.01	0.00231745	0.206538	1.79066	0
0.04	0.01	0.00231745	0.221309	2.52367	0
0.04	0.01	0.00231745	0.237137	3.50761	0
0.04	0.01	0.00231745	0.254097	4.81782	0
0.04	0.01	0.00231745	0.27227	6.5496	0
0.04	0.01	0.00231745	0.291743	8.82258	0
0.04	0.01	0.00231745	0.312608	11.7856	0
0.04	0.01	0.00231745	0.334965	15.6217	0
0.04	0.01	0.00231745	0.358922	20.5539	0
0.04	0.01	0.00231745	0.384592	26.8491	0
0.04	0.01	0.00231745	0.412098	34.8227	0
0.04	0.01	0.00231745	0.44157	44.8398	0
0.04	0.01	0.00231745	0.473151	57.3134	0
0.04	0.01	0.00231745	0.506991	72.6984	0
0.04	0.01	0.00231745	0.54325	91.4791	0
0.04	0.01	0.00231745	0.582103	114.149	0
0.04	0.01	0.00231745	0.623735	141.186	0
0.04	0.01	0.00231745	0.668344	173.013	0
0.04	0.01	0.00231745	0.716143	209.964	0
0.04	0.01	0.00231745	0.767361	252.242	0
0.04	0.01	0.00231745	0.822243	299.88	0
0.04	0.01	0.00231745	0.881049	352.714	0
0.04	0.01	0.00231745	0.944061	410.36	0
0.04	0.01	0.00231745	1.01158	472.204	0
0.04	0.01	0.00231745	1.08393	537.379	0
0.04	0.01	0.00231745	1.16145	604.739	0
0.04	0.01	0.00231745	1.24451	672.819	0
0.04	0.01	0.00231745	1.33352	739.808	0
0.04	0.01	0.00231745	1.42889	803.596	0
0.04	0.01	0.00231745	1.53109	861.983	0
0.04	0.01	0.00231745	1.64059	913.077	0
0.04	0.01	0.00231745	1.75792	955.828	0
0.04	0.01	0.00231745	1.88365	990.415	0
0.04	0.01	0.00231745	2.01837	1018.23	0
0.04	0.01	0.00231745	2.16272	1041.38	0
0.04	0.01	0.00231745	2.31739	1062.19	0
0.04	0.01	0.00231745	2.48313	1083.29	0
0.04	0.01	0.00231745	2.66073	1108.1	0
0.04	0.01	0.00231745	2.85102	1140.25	0
0.04	0.01	0.00231745	3.05492	1180.95	0
0.04	0.01	0.00231745	3.27341	1226.45	0
0.04	0.01	0.00231745	3.50752	1269.72	0
0.04	0.01	0.00231745	3.75837	1304.82	0
0.04	0.01	0.00231745	4.02717	1328.27	0
0.04	0.01	0.00231745	4.31519	1340.49	0
0.04	0.01	0.00231745	4.62381	1349.31	0
0.04	0.01	0.00231745	4.9545	1362.02	0
0.04	0.01	0.00231745	5.30884	1376.64	0
0.04	0.01	0.00231745	5.68853	1389.07	0
0.04	0.01	0.00231745	6.09537	1400.78	0
0.04	0.01	0.00231745	6.53131	1424.33	0
0.04	0.01	0.00231745	6.99842	1460.45	0
0.04	0.01	0.00231745	7.49894	1485.01	0
0.04	0.01	0.00231745	8.03526	1473.41	0
0.04	0.01	0.00231745	8.60994	1432.21	0
0.04	0.01	0.00231745	9.22571	1371.72	0
0.04	0.01	0.00231745	9.88553	1309.57	0
0.04	0.01	0.00231745	10.5925	1270.75	0
0.04	0.01	0.00231745	11.3501	1231.83	0
0.04	0.01	0.00231745	12.1619	1186.56	0
0.04	0.01	0.00231745	13.0317	1146.27	0
0.04	0.01	0.00231745	13.9637	1128.51	0
0.04	0.01	0.00231745	14.9624	1119.27	0
0.04	0.01	0.00231745	16.0325	1113.1	0
0.04	0.01	0.00231745	17.1791	1123.47	0
0.04	0.01	0.00231745	18.4077	1142.68	0
0.04	0.01	0.00231745	19.7242	1146.4	0
0.04	0.01	0.00231745	21.1349	1148.9	0
0.04	0.01	0.00231745	22.6464	1138.61	0
0.04	0.01	0.00231745	24.2661	1125.34	0
0.04	0.01	0.00231745	26.0016	1118.27	0
0.04	0.01	0.00231745	27.8612	1118.01	0
0.04	0.01	0.00231745	29.8538	1116.87	0
0.04	0.01	0.00231745	31.989	1124.33	0
0.04	0.01	0.00231745	34.2768	1139.95	0
0.04	0.01	0.00231745	36.7282	1165.4	0
0.04	0.01	0.00231745	39.355	1181.63	0
0.04	0.01	0.00231745	42.1697	1176.12	0
0.04	0.01	0.00231745	45.1856	1161.21	0
0.04	0.01	0.00231745	48.4172	1155.53	0
0.04	0.01	0.00231745	51.88	1153.75	0
0.04	0.01	0.00231745	55.5904	1146.93	0
0.04	0.01	0.00231745	59.5662	1126.71	0
0.04	0.01	0.00231745	63.8263	1118.89	0
0.04	0.01	0.00231745	68.3912	1121.69	0
0.04	0.01	0.00231745	73.2825	1123.86	0
0.04	0.01	0.00231745	78.5236	1117.5	0
0.04	0.01	0.00231745	84.1395	1117.02	0
0.04	0.01	0.00231745	90.1571	1121.66	0
0.04	0.01	0.00231745	96.6051	1123.02	0
0.04	0.01	0.00253198	0.103514	0.000907051	0
0.04	0.01	0.00253198	0.110917	0.00937613	0
0.04	0.01	0.00253198	0.11885	0.0299993	0
0.04	0.01	0.00253198	0.12735	0.0679102	0
0.04	0.01	0.00253198	0.136458	0.129996	0
0.04	0.01	0.00253198	0.146218	0.225439	0
0.04	0.01	0.00253198	0.156675	0.366413	0
0.04	0.01	0.00253198	0.16788	0.568974	0
0.04	0.01	0.00253198	0.179887	0.85418	0
0.04	0.01	0.00253198	0.192752	1.24952	0
0.04	0.01	0.00253198	0.206538	1.79066	0
0.04	0.01	0.00253198	0.221309	2.52367	0
0.04	0.01	0.00253198	0.237137	3.50761	0
0.04	0.01	0.00253198	0.254097	4.81782	0
0.04	0.01	0.00253198	0.27227	6.5496	0
0.04	0.01	0.00253198	0.291743	8.82258	0
0.04	0.01	0.00253198	0.312608	11.7856	0
0.04	0.01	0.00253198	0.334965	15.6217	0
0.04	0.01	0.00253198	0.358922	20.5539	0
0.04	0.01	0.00253198	0.384592	26.8491	0
0.04	0.01	0.00253198	0.412098	34.8227	0
0.04	0.01	0.00253198	0.44157	44.8398	0
0.04	0.01	0.00253198	0.473151	57.3134	0
0.04	0.01	0.00253198	0.506991	72.6984	0
0.04	0.01	0.00253198	0.54325	91.4791	0
0.04	0.01	0.00253198	0.582103	114.149	0
0.04	0.01	0.00253198	0.623735	141.186	0
0.04	0.01	0.00253198	0.668344	173.013	0
0.04	0.01	0.00253198	0.716143	209.964	0
0.04	0.01	0.00253198	0.767361	252.242	0
0.04	0.01	0.00253198	0.822243	299.88	0
0.04	0.01	0.00253198	0.881049	352.714	0
0.04	0.01	0.00253198	0.944061	410.36	0
0.04	0.01	0.00253198	1.01158	472.204	0
0.04	0.01	0.00253198	1.08393	537.379	0
0.04	0.01	0.00253198	1.16145	604.739	0
0.04	0.01	0.00253198	1.24451	672.819	0
0.04	0.01	0.00253198	1.33352	739.808	0
0.04	0.01	0.00253198	1.42889	803.596	0
0.04	0.01	0.00253198	1.53109	861.983	0
0.04	0.01	0.00253198	1.64059	913.077	0
0.04	0.01	0.00253198	1.75792	955.828	0
0.04	0.01	0.00253198	1.88365	990.415	0
0.04	0.01	0.00253198	2.01837	1018.23	0
0.04	0.01	0.00253198	2.16272	1041.38	0
0.04	0.01	0.00253198	2.31739	1062.19	0
0.04	0.01	0.00253198	2.48313	1083.29	0
0.04	0.01	0.00253198	2.66073	1108.1	0
0.04	0.01	0.00253198	2.85102	1140.25	0
0.04	0.01	0.00253198	3.05492	1180.95	0
0.04	0.01	0.00253198	3.27341	1226.45	0
0.04	0.01	0.00253198	3.50752	1269.72	0
0.04	0.01	0.00253198	3.75837	1304.82	0
0.04	0.01	0.00253198	4.02717	1328.27	0
0.04	0.01	0.00253198	4.31519	1340.49	0
0.04	0.01	0.00253198	4.62381	1349.31	0
0.04	0.01	0.00253198	4.9545	1362.02	0
0.04	0.01	0.00253198	5.30884	1376.64	0
0.04	0.01	0.00253198	5.68853	1389.07	0
0.04	0.01	0.00253198	6.09537	1400.78	0
0.04	0.01	0.00253198	6.53131	1424.33	0
0.04	0.01	0.00253198	6.99842	1460.44	0
0.04	0.01	0.00253198	7.49894	1485.01	0
0.04	0.01	0.00253198	8.03526	1473.41	0
0.04	0.01	0.00253198	8.60994	1432.21	0
0.04	0.01	0.00253198	9.22571	1371.72	0
0.04	0.01	0.00253198	9.88553	1309.57	0
0.04	0.01	0.00253198	10.5925	1270.75	0
0.04	0.01	0.00253198	11.3501	1231.83	0
0.04	0.01	0.00253198	12.1619	1186.56	0
0.04	0.01	0.00253198	13.0317	1146.27	0
0.04	0.01	0.00253198	13.9637	1128.51	0
0.04	0.01	0.00253198	14.9624	1119.27	0
0.04	0.01	0.00253198	16.0325	1113.1	0
0.04	0.01	0.00253198	17.1791	1123.47	0
0.04	0.01	0.00253198	18.4077	1142.68	0
0.04	0.01	0.00253198	19.7242	1146.4	0
0.04	0.01	0.00253198	21.1349	1148.9	0
0.04	0.01	0.00253198	22.6464	1138.61	0
0.04	0.01	0.00253198	24.2661	1125.34	0
0.04	0.01	0.00253198	26.0016	1118.27	0
0.04	0.01	0.00253198	27.8612	1118.01	0
0.04	0.01	0.00253198	29.8538	1116.87	0
0.04	0.01	0.00253198	31.989	1124.33	0
0.04	0.01	0.00253198	34.2768	1139.95	0
0.04	0.01	0.00253198	36.7282	1165.4	0
0.04	0.01	0.00253198	39.355	1181.63	0
0.04	0.01	0.00253198	42.1697	1176.12	0
0.04	0.01	0.00253198	45.1856	1161.21	0
0.04	0.01	0.00253198	48.4172	1155.53	0
0.04	0.01	0.00253198	51.88	1153.74	0
0.04	0.01	0.00253198	55.5904	1146.93	0
0.04	0.01	0.00253198	59.5662	1126.71	0
0.04	0.01	0.00253198	63.8263	1118.89	0
0.04	0.01	0.00253198	68.3912	1121.69	0
0.04	0.01	0.00253198	73.2825	1123.86	0
0.04	0.01	0.00253198	78.5236	1117.5	0
0.04	0.01	0.00253198	84.1395	1117.02	0
0.04	0.01	0.00253198	90.1571	1121.66	0
0.04	0.01	0.00253198	96.6051	1123.02	0
0.04	0.01	0.00276638	0.103514	0.000907051	0
0.04	0.01	0.00276638	0.110917	0.00937613	0
0.04	0.01	0.00276638	0.11885	0.0299993	0
0.04	0.01	0.00276638	0.12735	0.0679102	0
0.04	0.01	0.00276638	0.136458	0.129996	0
0.04	0.01	0.00276638	0.146218	0.225439	0
0.04	0.01	0.00276638	0.156675	0.366413	0
0.04	0.01	0.00276638	0.16788	0.568974	0
0.04	0.01	0.00276638	0.179887	0.85418	0
0.04	0.01	0.00276638	0.192752	1.24952	0
0.04	0.01	0.00276638	0.206538	1.79066	0
0.04	0.01	0.00276638	0.221309	2.52367	0
0.04	0.01	0.00276638	0.237137	3.50761	0
0.04	0.01	0.00276638	0.254097	4.81782	0
0.04	0.01	0.00276638	0.27227	6.5496	0
0.04	0.01	0.00276638	0.291743	8.82258	0
0.04	0.01	0.00276638	0.312608	11.7856	0
0.04	0.01	0.00276638	0.334965	15.6217	0
0.04	0.01	0.00276638	0.358922	20.5539	0
0.04	0.01	0.00276638	0.384592	26.8491	0
0.04	0.01	0.00276638	0.412098	34.8227	0
0.04	0.01	0.00276638	0.44157	44.8398	0
0.04	0.01	0.00276638	0.473151	57.3134	0
0.04	0.01	0.00276638	0.506991	72.6984	0
0.04	0.01	0.00276638	0.54325	91.4791	0
0.04	0.01	0.00276638	0.582103	114.149	0
0.04	0.01	0.00276638	0.623735	141.186	0
0.04	0.01	0.00276638	0.668344	173.013	0
0.04	0.01	0.00276638	0.716143	209.964	0
0.04	0.01	0.00276638	0.767361	252.242	0
0.04	0.01	0.00276638	0.822243	299.88	0
0.04	0.01	0.00276638	0.881049	352.714	0
0.04	0.01	0.00276638	0.944061	410.36	0
0.04	0.01	0.00276638	1.01158	472.204	0
0.04	0.01	0.00276638	1.08393	537.379	0
0.04	0.01	0.00276638	1.16145	604.739	0
0.04	0.01	0.00276638	1.24451	672.819	0
0.04	0.01	0.00276638	1.33352	739.808	0
0.04	0.01	0.00276638	1.42889	803.596	0
0.04	0.01	0.00276638	1.53109	861.982	0
0.04	0.01	0.00276638	1.64059	913.077	0
0.04	0.01	0.00276638	1.75792	955.828	0
0.04	0.01	0.00276638	1.88365	990.415	0
0.04	0.01	0.00276638	2.01837	1018.23	0
0.04	0.01	0.00276638	2.16272	1041.38	0
0.04	0.01	0.00276638	2.31739	1062.19	0
0.04	0.01	0.00276638	2.48313	1083.29	0
0.04	0.01	0.00276638	2.66073	1108.1	0
0.04	0.01	0.00276638	2.85102	1140.25	0
0.04	0.01	0.00276638	3.05492	1180.95	0
0.04	0.01	0.00276638	3.27341	1226.45	0
0.04	0.01	0.00276638	3.50752	1269.72	0
0.04	0.01	0.00276638	3.75837	1304.82	0
0.04	0.01	0.00276638	4.02717	1328.27	0
0.04	0.01	0.00276638	4.31519	1340.49	0
0.04	0.01	0.00276638	4.62381	1349.31	0
0.04	0.01	0.00276638	4.9545	1362.02	0
0.04	0.01	0.00276638	5.30884	1376.64	0
0.04	0.01	0.00276638	5.68853	1389.07	0
0.04	0.01	0.00276638	6.09537	1400.78	0
0.04	0.01	0.00276638	6.53131	1424.33	0
0.04	0.01	0.00276638	6.99842	1460.44	0
0.04	0.01	0.00276638	7.49894	1485.01	0
0.04	0.01	0.00276638	8.03526	1473.41	0
0.04	0.01	0.00276638	8.60994	1432.2	0
0.04	0.01	0.00276638	9.22571	1371.71	0
0.04	0.01	0.00276638	9.88553	1309.57	0
0.04	0.01	0.00276638	10.5925	1270.75	0
0.04	0.01	0.00276638	11.3501	1231.83	0
0.04	0.01	0.00276638	12.1619	1186.56	0
0.04	0.01	0.00276638	13.0317	1146.27	0
0.04	0.01	0.00276638	13.9637	1128.51	0
0.04	0.01	0.00276638	14.9624	1119.27	0
0.04	0.01	0.00276638	16.0325	1113.1	0
0.04	0.01	0.00276638	17.1791	1123.47	0
0.04	0.01	0.00276638	18.4077	1142.68	0
0.04	0.01	0.00276638	19.7242	1146.4	0
0.04	0.01	0.00276638	21.1349	1148.9	0
0.04	0.01	0.00276638	22.6464	1138.61	0
0.04	0.01	0.00276638	24.2661	1125.34	0
0.04	0.01	0.00276638	26.0016	1118.27	0
0.04	0.01	0.00276638	27.8612	1118.01	0
0.04	0.01	0.00276638	29.8538	1116.87	0
0.04	0.01	0.00276638	31.989	1124.33	0
0.04	0.01	0.00276638	34.2768	1139.94	0
0.04	0.01	0.00276638	36.7282	1165.4	0
0.04	0.01	0.00276638	39.355	1181.63	0
0.04	0.01	0.00276638	42.1697	1176.12	0
0.04	0.01	0.00276638	45.1856	1161.2	0
0.04	0.01	0.00276638	48.4172	1155.53	0
0.04	0.01	0.00276638	51.88	1153.74	0
0.04	0.01	0.00276638	55.5904	1146.93	0
0.04	0.01	0.00276638	59.5662	1126.71	0
0.04	0.01	0.00276638	63.8263	1118.89	0
0.04	0.01	0.00276638	68.3912	1121.69	0
0.04	0.01	0.00276638	73.2825	1123.86	0
0.04	0.01	0.00276638	78.5236	1117.49	0
0.04	0.01	0.00276638	84.1395	1117.02	0
0.04	0.01	0.00276638	90.1571	1121.66	0
0.04	0.01	0.00276638	96.6051	1123.02	0
0.04	0.01	0.00302248	0.103514	0.000907051	0
0.04	0.01	0.00302248	0.110917	0.00937613	0
0.04	0.01	0.00302248	0.11885	0.0299993	0
0.04	0.01	0.00302248	0.12735	0.0679102	0
0.04	0.01	0.00302248	0.136458	0.129996	0
0.04	0.01	0.00302248	0.146218	0.225439	0
0.04	0.01	0.00302248	0.156675	0.366413	0
0.04	0.01	0.00302248	0.16788	0.568974	0
0.04	0.01	0.00302248	0.179887	0.85418	0
0.04	0.01	0.00302248	0.192752	1.24952	0
0.04	0.01	0.00302248	0.206538	1.79066	0
0.04	0.01	0.00302248	0.221309	2.52366	0
0.04	0.01	0.00302248	0.237137	3.50761	0
0.04	0.01	0.00302248	0.254097	4.81782	0
0.04	0.01	0.00302248	0.27227	6.5496	0
0.04	0.01	0.00302248	0.291743	8.82258	0
0.04	0.01	0.00302248	0.312608	11.7856	0
0.04	0.01	0.00302248	0.334965	15.6217	0
0.04	0.01	0.00302248	0.358922	20.5539	0
0.04	0.01	0.00302248	0.384592	26.8491	0
0.04	0.01	0.00302248	0.412098	34.8227	0
0.04	0.01	0.00302248	0.44157	44.8398	0
0.04	0.01	0.00302248	0.473151	57.3134	0
0.04	0.01	0.00302248	0.506991	72.6984	0
0.04	0.01	0.00302248	0.54325	91.4791	0
0.04	0.01	0.00302248	0.582103	114.149	0
0.04	0.01	0.00302248	0.623735	141.186	0
0.04	0.01	0.00302248	0.668344	173.013	0
0.04	0.01	0.00302248	0.716143	209.964	0
0.04	0.01	0.00302248	0.767361	252.242	0
0.04	0.01	0.00302248	0.822243	299.88	0
0.04	0.01	0.00302248	0.881049	352.714	0
0.04	0.01	0.00302248	0.944061	410.36	0
0.04	0.01	0.00302248	1.01158	472.204	0
0.04	0.01	0.00302248	1.08393	537.378	0
0.04	0.01	0.00302248	1.16145	604.739	0
0.04	0.01	0.00302248	1.24451	672.819	0
0.04	0.01	0.00302248	1.33352	739.808	0
0.04	0.01	0.00302248	1.42889	803.596	0
0.04	0.01	0.00302248	1.53109	861.982	0
0.04	0.01	0.00302248	1.64059	913.077	0
0.04	0.01	0.00302248	1.75792	955.827	0
0.04	0.01	0.00302248	1.88365	990.415	0
0.04	0.01	0.00302248	2.01837	1018.23	0
0.04	0.01	0.00302248	2.16272	1041.38	0
0.04	0.01	0.00302248	2.31739	1062.19	0
0.04	0.01	0.00302248	2.48313	1083.29	0
0.04	0.01	0.00302248	2.66073	1108.1	0
0.04	0.01	0.00302248	2.85102	1140.25	0
0.04	0.01	0.00302248	3.05492	1180.95	0
0.04	0.01	0.00302248	3.27341	1226.45	0
0.04	0.01	0.00302248	3.50752	1269.72	0
0.04	0.01	0.00302248	3.75837	1304.82	0
0.04	0.01	0.00302248	4.02717	1328.27	0
0.04	0.01	0.00302248	4.31519	1340.49	0
0.04	0.01	0.00302248	4.62381	1349.31	0
0.04	0.01	0.00302248	4.9545	1362.02	0
0.04	0.01	0.00302248	5.30884	1376.64	0
0.04	0.01	0.00302248	5.68853	1389.07	0
0.04	0.01	0.00302248	6.09537	1400.78	0
0.04	0.01	0.00302248	6.53131	1424.33	0
0.04	0.01	0.00302248	6.99842	1460.44	0
0.04	0.01	0.00302248	7.49894	1485	0
0.04	0.01	0.00302248	8.03526	1473.41	0
0.04	0.01	0.00302248	8.60994	1432.2	0
0.04	0.01	0.00302248	9.22571	1371.71	0
0.04	0.01	0.00302248	9.88553	1309.57	0
0.04	0.01	0.00302248	10.5925	1270.75	0
0.04	0.01	0.00302248	11.3501	1231.83	0
0.04	0.01	0.00302248	12.1619	1186.56	0
0.04	0.01	0.00302248	13.0317	1146.27	0
0.04	0.01	0.00302248	13.9637	1128.51	0
0.04	0.01	0.00302248	14.9624	1119.27	0
0.04	0.01	0.00302248	16.0325	1113.1	0
0.04	0.01	0.00302248	17.1791	1123.47	0
0.04	0.01	0.00302248	18.4077	1142.68	0
0.04	0.01	0.00302248	19.7242	1146.4	0
0.04	0.01	0.00302248	21.1349	1148.9	0
0.04	0.01	0.00302248	22.6464	1138.61	0
0.04	0.01	0.00302248	24.2661	1125.34	0
0.04	0.01	0.00302248	26.0016	1118.27	0
0.04	0.01	0.00302248	27.8612	1118.01	0
0.04	0.01	0.00302248	29.8538	1116.87	0
0.04	0.01	0.00302248	31.989	1124.33	0
0.04	0.01	0.00302248	34.2768	1139.94	0
0.04	0.01	0.00302248	36.7282	1165.4	0
0.04	0.01	0.00302248	39.355	1181.63	0
0.04	0.01	0.00302248	42.1697	1176.12	0
0.04	0.01	0.00302248	45.1856	1161.2	0
0.04	0.01	0.00302248	48.4172	1155.53	0
0.04	0.01	0.00302248	51.88	1153.74	0
0.04	0.01	0.00302248	55.5904	1146.93	0
0.04	0.01	0.00302248	59.5662	1126.71	0
0.04	0.01	0.00302248	63.8263	1118.89	0
0.04	0.01	0.00302248	68.3912	1121.69	0
0.04	0.01	0.00302248	73.2825	1123.86	0
0.04	0.01	0.00302248	78.5236	1117.49	0
0.04	0.01	0.00302248	84.1395	1117.02	0
0.04	0.01	0.00302248	90.1571	1121.66	0
0.04	0.01	0.00302248	96.6051	1123.02	0
0.04	0.01	0.00330228	0.103514	0.00090705	0
0.04	0.01	0.00330228	0.110917	0.00937613	0
0.04	0.01	0.00330228	0.11885	0.0299993	0
0.04	0.01	0.00330228	0.12735	0.0679102	0
0.04	0.01	0.00330228	0.136458	0.129996	0
0.04	0.01	0.00330228	0.146218	0.225439	0
0.04	0.01	0.00330228	0.156675	0.366413	0
0.04	0.01	0.00330228	0.16788	0.568974	0
0.04	0.01	0.00330228	0.179887	0.85418	0
0.04	0.01	0.00330228	0.192752	1.24952	0
0.04	0.01	0.00330228	0.206538	1.79066	0
0.04	0.01	0.00330228	0.221309	2.52366	0
0.04	0.01	0.00330228	0.237137	3.50761	0
0.04	0.01	0.00330228	0.254097	4.81782	0
0.04	0.01	0.00330228	0.27227	6.5496	0
0.04	0.01	0.00330228	0.291743	8.82258	0
0.04	0.01	0.00330228	0.312608	11.7856	0
0.04	0.01	0.00330228	0.334965	15.6217	0
0.04	0.01	0.00330228	0.358922	20.5539	0
0.04	0.01	0.00330228	0.384592	26.8491	0
0.04	0.01	0.00330228	0.412098	34.8227	0
0.04	0.01	0.00330228	0.44157	44.8398	0
0.04	0.01	0.00330228	0.473151	57.3134	0
0.04	0.01	0.00330228	0.506991	72.6984	0
0.04	0.01	0.00330228	0.54325	91.4791	0
0.04	0.01	0.00330228	0.582103	114.149	0
0.04	0.01	0.00330228	0.623735	141.186	0
0.04	0.01	0.00330228	0.668344	173.013	0
0.04	0.01	0.00330228	0.716143	209.964	0
0.04	0.01	0.00330228	0.767361	252.242	0
0.04	0.01	0.00330228	0.822243	299.88	0
0.04	0.01	0.00330228	0.881049	352.714	0
0.04	0.01	0.00330228	0.944061	410.36	0
0.04	0.01	0.00330228	1.01158	472.204	0
0.04	0.01	0.00330228	1.08393	537.378	0
0.04	0.01	0.00330228	1.16145	604.739	0
0.04	0.01	0.00330228	1.24451	672.819	0
0.04	0.01	0.00330228	1.33352	739.808	0
0.04	0.01	0.00330228	1.42889	803.596	0
0.04	0.01	0.00330228	1.53109	861.982	0
0.04	0.01	0.00330228	1.64059	913.077	0
0.04	0.01	0.00330228	1.75792	955.827	0
0.04	0.01	0.00330228	1.88365	990.415	0
0.04	0.01	0.00330228	2.01837	1018.23	0
0.04	0.01	0.00330228	2.16272	1041.38	0
0.04	0.01	0.00330228	2.31739	1062.19	0
0.04	0.01	0.00330228	2.48313	1083.29	0
0.04	0.01	0.00330228	2.66073	1108.1	0
0.04	0.01	0.00330228	2.85102	1140.25	0
0.04	0.01	0.00330228	3.05492	1180.95	0
0.04	0.01	0.00330228	3.27341	1226.45	0
0.04	0.01	0.00330228	3.50752	1269.72	0
0.04	0.01	0.00330228	3.75837	1304.82	0
0.04	0.01	0.00330228	4.02717	1328.27	0
0.04	0.01	0.00330228	4.31519	1340.49	0
0.04	0.01	0.00330228	4.62381	1349.31	0
0.04	0.01	0.00330228	4.9545	1362.02	0
0.04	0.01	0.00330228	5.30884	1376.64	0
0.04	0.01	0.00330228	5.68853	1389.07	0
0.04	0.01	0.00330228	6.09537	1400.78	0
0.04	0.01	0.00330228	6.53131	1424.33	0
0.04	0.01	0.00330228	6.99842	1460.44	0
0.04	0.01	0.00330228	7.49894	1485	0
0.04	0.01	0.00330228	8.03526	1473.41	0
0.04	0.01	0.00330228	8.60994	1432.2	0
0.04	0.01	0.00330228	9.22571	1371.71	0
0.04	0.01	0.00330228	9.88553	1309.57	0
0.04	0.01	0.00330228	10.5925	1270.75	0
0.04	0.01	0.00330228	11.3501	1231.83	0
0.04	0.01	0.00330228	12.1619	1186.56	0
0.04	0.01	0.00330228	13.0317	1146.27	0
0.04	0.01	0.00330228	13.9637	1128.51	0
0.04	0.01	0.00330228	14.9624	1119.27	0
0.04	0.01	0.00330228	16.0325	1113.1	0
0.04	0.01	0.00330228	17.1791	1123.47	0
0.04	0.01	0.00330228	18.4077	1142.68	0
0.04	0.01	0.00330228	19.7242	1146.4	0
0.04	0.01	0.00330228	21.1349	1148.9	0
0.04	0.01	0.00330228	22.6464	1138.61	0
0.04	0.01	0.00330228	24.2661	1125.34	0
0.04	0.01	0.00330228	26.0016	1118.27	0
0.04	0.01	0.00330228	27.8612	1118.01	0
0.04	0.01	0.00330228	29.8538	1116.87	0
0.04	0.01	0.00330228	31.989	1124.33	0
0.04	0.01	0.00330228	34.2768	1139.94	0
0.04	0.01	0.00330228	36.7282	1165.4	0
0.04	0.01	0.00330228	39.355	1181.63	0
0.04	0.01	0.00330228	42.1697	1176.12	0
0.04	0.01	0.00330228	45.1856	1161.2	0
0.04	0.01	0.00330228	48.4172	1155.53	0
0.04	0.01	0.00330228	51.88	1153.74	0
0.04	0.01	0.00330228	55.5904	1146.93	0
0.04	0.01	0.00330228	59.5662	1126.71	0
0.04	0.01	0.00330228	63.8263	1118.89	0
0.04	0.01	0.00330228	68.3912	1121.69	0
0.04	0.01	0.00330228	73.2825	1123.86	0
0.04	0.01	0.00330228	78.5236	1117.49	0
0.04	0.01	0.00330228	84.1395	1117.02	0
0.04	0.01	0.00330228	90.1571	1121.66	0
0.04	0.01	0.00330228	96.6051	1123.02	0
0.04	0.01	0.00360798	0.103514	0.00090705	0
0.04	0.01	0.00360798	0.110917	0.00937613	0
0.04	0.01	0.00360798	0.11885	0.0299993	0
0.04	0.01	0.00360798	0.12735	0.0679102	0
0.04	0.01	0.00360798	0.136458	0.129996	0
0.04	0.01	0.00360798	0.146218	0.225439	0
0.04	0.01	0.00360798	0.156675	0.366413	0
0.04	0.01	0.00360798	0.16788	0.568973	0
0.04	0.01	0.00360798	0.179887	0.85418	0
0.04	0.01	0.00360798	0.192752	1.24952	0
0.04	0.01	0.00360798	0.206538	1.79066	0
0.04	0.01	0.00360798	0.221309	2.52366	0
0.04	0.01	0.00360798	0.237137	3.50761	0
0.04	0.01	0.00360798	0.254097	4.81782	0
0.04	0.01	0.00360798	0.27227	6.5496	0
0.04	0.01	0.00360798	0.291743	8.82258	0
0.04	0.01	0.00360798	0.312608	11.7856	0
0.04	0.01	0.00360798	0.334965	15.6217	0
0.04	0.01	0.00360798	0.358922	20.5539	0
0.04	0.01	0.00360798	0.384592	26.8491	0
0.04	0.01	0.00360798	0.412098	34.8227	0
0.04	0.01	0.00360798	0.44157	44.8398	0
0.04	0.01	0.00360798	0.473151	57.3134	0
0.04	0.01	0.00360798	0.506991	72.6984	0
0.04	0.01	0.00360798	0.54325	91.4791	0
0.04	0.01	0.00360798	0.582103	114.149	0
0.04	0.01	0.00360798	0.623735	141.186	0
0.04	0.01	0.00360798	0.668344	173.013	0
0.04	0.01	0.00360798	0.716143	209.964	0
0.04	0.01	0.00360798	0.767361	252.242	0
0.04	0.01	0.00360798	0.822243	299.88	0
0.04	0.01	0.00360798	0.881049	352.714	0
0.04	0.01	0.00360798	0.944061	410.36	0
0.04	0.01	0.00360798	1.01158	472.204	0
0.04	0.01	0.00360798	1.08393	537.378	0
0.04	0.01	0.00360798	1.16145	604.739	0
0.04	0.01	0.00360798	1.24451	672.819	0
0.04	0.01	0.00360798	1.33352	739.808	0
0.04	0.01	0.00360798	1.42889	803.596	0
0.04	0.01	0.00360798	1.53109	861.982	0
0.04	0.01	0.00360798	1.64059	913.077	0
0.04	0.01	0.00360798	1.75792	955.827	0
0.04	0.01	0.00360798	1.88365	990.414	0
0.04	0.01	0.00360798	2.01837	1018.23	0
0.04	0.01	0.00360798	2.16272	1041.38	0
0.04	0.01	0.00360798	2.31739	1062.19	0
0.04	0.01	0.00360798	2.48313	1083.29	0
0.04	0.01	0.00360798	2.66073	1108.1	0
0.04	0.01	0.00360798	2.85102	1140.25	0
0.04	0.01	0.00360798	3.05492	1180.95	0
0.04	0.01	0.00360798	3.27341	1226.45	0
0.04	0.01	0.00360798	3.50752	1269.72	0
0.04	0.01	0.00360798	3.75837	1304.82	0
0.04	0.01	0.00360798	4.02717	1328.27	0
0.04	0.01	0.00360798	4.31519	1340.49	0
0.04	0.01	0.00360798	4.62381	1349.31	0
0.04	0.01	0.00360798	4.9545	1362.02	0
0.04	0.01	0.00360798	5.30884	1376.64	0
0.04	0.01	0.00360798	5.68853	1389.07	0
0.04	0.01	0.00360798	6.09537	1400.78	0
0.04	0.01	0.00360798	6.53131	1424.33	0
0.04	0.01	0.00360798	6.99842	1460.44	0
0.04	0.01	0.00360798	7.49894	1485	0
0.04	0.01	0.00360798	8.03526	1473.41	0
0.04	0.01	0.00360798	8.60994	1432.2	0
0.04	0.01	0.00360798	9.22571	1371.71	0
0.04	0.01	0.00360798	9.88553	1309.57	0
0.04	0.01	0.00360798	10.5925	1270.75	0
0.04	0.01	0.00360798	11.3501	1231.83	0
0.04	0.01	0.00360798	12.1619	1186.56	0
0.04	0.01	0.00360798	13.0317	1146.27	0
0.04	0.01	0.00360798	13.9637	1128.51	0
0.04	0.01	0.00360798	14.9624	1119.27	0
0.04	0.01	0.00360798	16.0325	1113.1	0
0.04	0.01	0.00360798	17.1791	1123.47	0
0.04	0.01	0.00360798	18.4077	1142.68	0
0.04	0.01	0.00360798	19.7242	1146.4	0
0.04	0.01	0.00360798	21.1349	1148.9	0
0.04	0.01	0.00360798	22.6464	1138.61	0
0.04	0.01	0.00360798	24.2661	1125.34	0
0.04	0.01	0.00360798	26.0016	1118.27	0
0.04	0.01	0.00360798	27.8612	1118.01	0
0.04	0.01	0.00360798	29.8538	1116.87	0
0.04	0.01	0.00360798	31.989	1124.33	0
0.04	0.01	0.00360798	34.2768	1139.94	0
0.04	0.01	0.00360798	36.7282	1165.4	0
0.04	0.01	0.00360798	39.355	1181.63	0
0.04	0.01	0.00360798	42.1697	1176.12	0
0.04	0.01	0.00360798	45.1856	1161.2	0
0.04	0.01	0.00360798	48.4172	1155.53	0
0.04	0.01	0.00360798	51.88	1153.74	0
0.04	0.01	0.00360798	55.5904	1146.93	0
0.04	0.01	0.00360798	59.5662	1126.71	0
0.04	0.01	0.00360798	63.8263	1118.89	0
0.04	0.01	0.00360798	68.3912	1121.69	0
0.04	0.01	0.00360798	73.2825	1123.86	0
0.04	0.01	0.00360798	78.5236	1117.49	0
0.04	0.01	0.00360798	84.1395	1117.02	0
0.04	0.01	0.00360798	90.1571	1121.66	0
0.04	0.01	0.00360798	96.6051	1123.02	0
0.04	0.01	0.00394199	0.103514	0.00090705	0
0.04	0.01	0.00394199	0.110917	0.00937613	0
0.04	0.01	0.00394199	0.11885	0.0299993	0
0.04	0.01	0.00394199	0.12735	0.0679102	0
0.04	0.01	0.00394199	0.136458	0.129996	0
0.04	0.01	0.00394199	0.146218	0.225439	0
0.04	0.01	0.00394199	0.156675	0.366413	0
0.04	0.01	0.00394199	0.16788	0.568973	0
0.04	0.01	0.00394199	0.179887	0.85418	0
0.04	0.01	0.00394199	0.192752	1.24952	0
0.04	0.01	0.00394199	0.206538	1.79066	0
0.04	0.01	0.00394199	0.221309	2.52366	0
0.04	0.01	0.00394199	0.237137	3.50761	0
0.04	0.01	0.00394199	0.254097	4.81782	0
0.04	0.01	0.00394199	0.27227	6.5496	0
0.04	0.01	0.00394199	0.291743	8.82258	0
0.04	0.01	0.00394199	0.312608	11.7856	0
0.04	0.01	0.00394199	0.334965	15.6217	0
0.04	0.01	0.00394199	0.358922	20.5539	0
0.04	0.01	0.00394199	0.384592	26.8491	0
0.04	0.01	0.00394199	0.412098	34.8227	0
0.04	0.01	0.00394199	0.44157	44.8398	0
0.04	0.01	0.00394199	0.473151	57.3134	0
0.04	0.01	0.00394199	0.506991	72.6984	0
0.04	0.01	0.00394199	0.54325	91.4791	0
0.04	0.01	0.00394199	0.582103	114.149	0
0.04	0.01	0.00394199	0.623735	141.186	0
0.04	0.01	0.00394199	0.668344	173.013	0
0.04	0.01	0.00394199	0.716143	209.964	0
0.04	0.01	0.00394199	0.767361	252.242	0
0.04	0.01	0.00394199	0.822243	299.88	0
0.04	0.01	0.00394199	0.881049	352.714	0
0.04	0.01	0.00394199	0.944061	410.36	0
0.04	0.01	0.00394199	1.01158	472.204	0
0.04	0.01	0.00394199	1.08393	537.378	0
0.04	0.01	0.00394199	1.16145	604.739	0
0.04	0.01	0.00394199	1.24451	672.819	0
0.04	0.01	0.00394199	1.33352	739.808	0
0.04	0.01	0.00394199	1.42889	803.596	0
0.04	0.01	0.00394199	1.53109	861.982	0
0.04	0.01	0.00394199	1.64059	913.077	0
0.04	0.01	0.00394199	1.75792	955.827	0
0.04	0.01	0.00394199	1.88365	990.414	0
0.04	0.01	0.00394199	2.01837	1018.23	0
0.04	0.01	0.00394199	2.16272	1041.38	0
0.04	0.01	0.00394199	2.31739	1062.19	0
0.04	0.01	0.00394199	2.48313	1083.29	0
0.04	0.01	0.00394199	2.66073	1108.1	0
0.04	0.01	0.00394199	2.85102	1140.25	0
0.04	0.01	0.00394199	3.05492	1180.95	0
0.04	0.01	0.00394199	3.27341	1226.45	0
0.04	0.01	0.00394199	3.50752	1269.72	0
0.04	0.01	0.00394199	3.75837	1304.82	0
0.04	0.01	0.00394199	4.02717	1328.27	0
0.04	0.01	0.00394199	4.31519	1340.49	0
0.04	0.01	0.00394199	4.62381	1349.31	0
0.04	0.01	0.00394199	4.9545	1362.02	0
0.04	0.01	0.00394199	5.30884	1376.64	0
0.04	0.01	0.00394199	5.68853	1389.07	0
0.04	0.01	0.00394199	6.09537	1400.78	0
0.04	0.01	0.00394199	6.53131	1424.32	0
0.04	0.01	0.00394199	6.99842	1460.44	0
0.04	0.01	0.00394199	7.49894	1485	0
0.04	0.01	0.00394199	8.03526	1473.41	0
0.04	0.01	0.00394199	8.60994	1432.2	0
0.04	0.01	0.00394199	9.22571	1371.71	0
0.04	0.01	0.00394199	9.88553	1309.57	0
0.04	0.01	0.00394199	10.5925	1270.75	0
0.04	0.01	0.00394199	11.3501	1231.83	0
0.04	0.01	0.00394199	12.1619	1186.56	0
0.04	0.01	0.00394199	13.0317	1146.27	0
0.04	0.01	0.00394199	13.9637	1128.51	0
0.04	0.01	0.00394199	14.9624	1119.27	0
0.04	0.01	0.00394199	16.0325	1113.1	0
0.04	0.01	0.00394199	17.1791	1123.47	0
0.04	0.01	0.00394199	18.4077	1142.68	0
0.04	0.01	0.00394199	19.7242	1146.4	0
0.04	0.01	0.00394199	21.1349	1148.9	0
0.04	0.01	0.00394199	22.6464	1138.61	0
0.04	0.01	0.00394199	24.2661	1125.34	0
0.04	0.01	0.00394199	26.0016	1118.27	0
0.04	0.01	0.00394199	27.8612	1118.01	0
0.04	0.01	0.00394199	29.8538	1116.87	0
0.04	0.01	0.00394199	31.989	1124.33	0
0.04	0.01	0.00394199	34.2768	1139.94	0
0.04	0.01	0.00394199	36.7282	1165.4	0
0.04	0.01	0.00394199	39.355	1181.63	0
0.04	0.01	0.00394199	42.1697	1176.12	0
0.04	0.01	0.00394199	45.1856	1161.2	0
0.04	0.01	0.00394199	48.4172	1155.53	0
0.04	0.01	0.00394199	51.88	1153.74	0
0.04	0.01	0.00394199	55.5904	1146.93	0
0.04	0.01	0.00394199	59.5662	1126.71	0
0.04	0.01	0.00394199	63.8263	1118.89	0
0.04	0.01	0.00394199	68.3912	1121.69	0
0.04	0.01	0.00394199	73.2825	1123.86	0
0.04	0.01	0.00394199	78.5236	1117.49	0
0.04	0.01	0.00394199	84.1395	1117.02	0
0.04	0.01	0.00394199	90.1571	1121.66	0
0.04	0.01	0.00394199	96.6051	1123.02	0
0.04	0.01	0.00430692	0.103514	0.00090705	0
0.04	0.01	0.00430692	0.110917	0.00937613	0
0.04	0.01	0.00430692	0.11885	0.0299993	0
0.04	0.01	0.00430692	0.12735	0.0679102	0
0.04	0.01	0.00430692	0.136458	0.129996	0
0.04	0.01	0.00430692	0.146218	0.225439	0
0.04	0.01	0.00430692	0.156675	0.366413	0
0.04	0.01	0.00430692	0.16788	0.568973	0
0.04	0.01	0.00430692	0.179887	0.85418	0
0.04	0.01	0.00430692	0.192752	1.24952	0
0.04	0.01	0.00430692	0.206538	1.79066	0
0.04	0.01	0.00430692	0.221309	2.52366	0
0.04	0.01	0.00430692	0.237137	3.50761	0
0.04	0.01	0.00430692	0.254097	4.81782	0
0.04	0.01	0.00430692	0.27227	6.5496	0
0.04	0.01	0.00430692	0.291743	8.82258	0
0.04	0.01	0.00430692	0.312608	11.7856	0
0.04	0.01	0.00430692	0.334965	15.6217	0
0.04	0.01	0.00430692	0.358922	20.5538	0
0.04	0.01	0.00430692	0.384592	26.8491	0
0.04	0.01	0.00430692	0.412098	34.8227	0
0.04	0.01	0.00430692	0.44157	44.8398	0
0.04	0.01	0.00430692	0.473151	57.3134	0
0.04	0.01	0.00430692	0.506991	72.6984	0
0.04	0.01	0.00430692	0.54325	91.4791	0
0.04	0.01	0.00430692	0.582103	114.149	0
0.04	0.01	0.00430692	0.623735	141.186	0
0.04	0.01	0.00430692	0.668344	173.013	0
0.04	0.01	0.00430692	0.716143	209.964	0
0.04	0.01	0.00430692	0.767361	252.242	0
0.04	0.01	0.00430692	0.822243	299.88	0
0.04	0.01	0.00430692	0.881049	352.714	0
0.04	0.01	0.00430692	0.944061	410.36	0
0.04	0.01	0.00430692	1.01158	472.204	0
0.04	0.01	0.00430692	1.08393	537.378	0
0.04	0.01	0.00430692	1.16145	604.739	0
0.04	0.01	0.00430692	1.24451	672.819	0
0.04	0.01	0.00430692	1.33352	739.808	0
0.04	0.01	0.00430692	1.42889	803.596	0
0.04	0.01	0.00430692	1.53109	861.982	0
0.04	0.01	0.00430692	1.64059	913.077	0
0.04	0.01	0.00430692	1.75792	955.827	0
0.04	0.01	0.00430692	1.88365	990.414	0
0.04	0.01	0.00430692	2.01837	1018.23	0
0.04	0.01	0.00430692	2.16272	1041.38	0
0.04	0.01	0.00430692	2.31739	1062.19	0
0.04	0.01	0.00430692	2.48313	1083.29	0
0.04	0.01	0.00430692	2.66073	1108.1	0
0.04	0.01	0.00430692	2.85102	1140.25	0
0.04	0.01	0.00430692	3.05492	1180.95	0
0.04	0.01	0.00430692	3.27341	1226.45	0
0.04	0.01	0.00430692	3.50752	1269.72	0
0.04	0.01	0.00430692	3.75837	1304.82	0
0.04	0.01	0.00430692	4.02717	1328.27	0
0.04	0.01	0.00430692	4.31519	1340.49	0
0.04	0.01	0.00430692	4.62381	1349.31	0
0.04	0.01	0.00430692	4.9545	1362.02	0
0.04	0.01	0.00430692	5.30884	1376.64	0
0.04	0.01	0.00430692	5.68853	1389.07	0
0.04	0.01	0.00430692	6.09537	1400.78	0
0.04	0.01	0.00430692	6.53131	1424.32	0
0.04	0.01	0.00430692	6.99842	1460.44	0
0.04	0.01	0.00430692	7.49894	1485	0
0.04	0.01	0.00430692	8.03526	1473.41	0
0.04	0.01	0.00430692	8.60994	1432.2	0
0.04	0.01	0.00430692	9.22571	1371.71	0
0.04	0.01	0.00430692	9.88553	1309.57	0
0.04	0.01	0.00430692	10.5925	1270.75	0
0.04	0.01	0.00430692	11.3501	1231.83	0
0.04	0.01	0.00430692	12.1619	1186.56	0
0.04	0.01	0.00430692	13.0317	1146.27	0
0.04	0.01	0.00430692	13.9637	1128.51	0
0.04	0.01	0.00430692	14.9624	1119.27	0
0.04	0.01	0.00430692	16.0325	1113.1	0
0.04	0.01	0.00430692	17.1791	1123.47	0
0.04	0.01	0.00430692	18.4077	1142.68	0
0.04	0.01	0.00430692	19.7242	1146.4	0
0.04	0.01	0.00430692	21.1349	1148.9	0
0.04	0.01	0.00430692	22.6464	1138.61	0
0.04	0.01	0.00430692	24.2661	1125.34	0
0.04	0.01	0.00430692	26.0016	1118.27	0
0.04	0.01	0.00430692	27.8612	1118.01	0
0.04	0.01	0.00430692	29.8538	1116.87	0
0.04	0.01	0.00430692	31.989	1124.33	0
0.04	0.01	0.00430692	34.2768	1139.94	0
0.04	0.01	0.00430692	36.7282	1165.4	0
0.04	0.01	0.00430692	39.355	1181.63	0
0.04	0.01	0.00430692	42.1697	1176.12	0
0.04	0.01	0.00430692	45.1856	1161.2	0
0.04	0.01	0.00430692	48.4172	1155.53	0
0.04	0.01	0.00430692	51.88	1153.74	0
0.04	0.01	0.00430692	55.5904	1146.93	0
0.04	0.01	0.00430692	59.5662	1126.71	0
0.04	0.01	0.00430692	63.8263	1118.89	0
0.04	0.01	0.00430692	68.3912	1121.69	0
0.04	0.01	0.00430692	73.2825	1123.86	0
0.04	0.01	0.00430692	78.5236	1117.49	0
0.04	0.01	0.00430692	84.1395	1117.02	0
0.04	0.01	0.00430692	90.1571	1121.66	0
0.04	0.01	0.00430692	96.6051	1123.02	0
0.04	0.01	0.00470563	0.103514	0.000907049	0
0.04	0.01	0.00470563	0.110917	0.00937613	0
0.04	0.01	0.00470563	0.11885	0.0299993	0
0.04	0.01	0.00470563	0.12735	0.0679102	0
0.04	0.01	0.00470563	0.136458	0.129996	0
0.04	0.01	0.00470563	0.146218	0.225439	0
0.04	0.01	0.00470563	0.156675	0.366413	0
0.04	0.01	0.00470563	0.16788	0.568973	0
0.04	0.01	0.00470563	0.179887	0.85418	0
0.04	0.01	0.00470563	0.192752	1.24952	0
0.04	0.01	0.00470563	0.206538	1.79066	0
0.04	0.01	0.00470563	0.221309	2.52366	0
0.04	0.01	0.00470563	0.237137	3.50761	0
0.04	0.01	0.00470563	0.254097	4.81782	0
0.04	0.01	0.00470563	0.27227	6.5496	0
0.04	0.01	0.00470563	0.291743	8.82258	0
0.04	0.01	0.00470563	0.312608	11.7856	0
0.04	0.01	0.00470563	0.334965	15.6217	0
0.04	0.01	0.00470563	0.358922	20.5538	0
0.04	0.01	0.00470563	0.384592	26.8491	0
0.04	0.01	0.00470563	0.412098	34.8227	0
0.04	0.01	0.00470563	0.44157	44.8398	0
0.04	0.01	0.00470563	0.473151	57.3134	0
0.04	0.01	0.00470563	0.506991	72.6984	0
0.04	0.01	0.00470563	0.54325	91.4791	0
0.04	0.01	0.00470563	0.582103	114.149	0
0.04	0.01	0.00470563	0.623735	141.186	0
0.04	0.01	0.00470563	0.668344	173.013	0
0.04	0.01	0.00470563	0.716143	209.964	0
0.04	0.01	0.00470563	0.767361	252.242	0
0.04	0.01	0.00470563	0.822243	299.88	0
0.04	0.01	0.00470563	0.881049	352.714	0
0.04	0.01	0.00470563	0.944061	410.36	0
0.04	0.01	0.00470563	1.01158	472.204	0
0.04	0.01	0.00470563	1.08393	537.378	0
0.04	0.01	0.00470563	1.16145	604.739	0
0.04	0.01	0.00470563	1.24451	672.819	0
0.04	0.01	0.00470563	1.33352	739.808	0
0.04	0.01	0.00470563	1.42889	803.596	0
0.04	0.01	0.00470563	1.53109	861.982	0
0.04	0.01	0.00470563	1.64059	913.076	0
0.04	0.01	0.00470563	1.75792	955.827	0
0.04	0.01	0.00470563	1.88365	990.414	0
0.04	0.01	0.00470563	2.01837	1018.23	0
0.04	0.01	0.00470563	2.16272	1041.38	0
0.04	0.01	0.00470563	2.31739	1062.19	0
0.04	0.01	0.00470563	2.48313	1083.29	0
0.04	0.01	0.00470563	2.66073	1108.1	0
0.04	0.01	0.00470563	2.85102	1140.25	0
0.04	0.01	0.00470563	3.05492	1180.95	0
0.04	0.01	0.00470563	3.27341	1226.45	0
0.04	0.01	0.00470563	3.50752	1269.72	0
0.04	0.01	0.00470563	3.75837	1304.82	0
0.04	0.01	0.00470563	4.02717	1328.27	0
0.04	0.01	0.00470563	4.31519	1340.49	0
0.04	0.01	0.00470563	4.62381	1349.31	0
0.04	0.01	0.00470563	4.9545	1362.02	0
0.04	0.01	0.00470563	5.30884	1376.64	0
0.04	0.01	0.00470563	5.68853	1389.07	0
0.04	0.01	0.00470563	6.09537	1400.78	0
0.04	0.01	0.00470563	6.53131	1424.32	0
0.04	0.01	0.00470563	6.99842	1460.44	0
0.04	0.01	0.00470563	7.49894	1485	0
0.04	0.01	0.00470563	8.03526	1473.41	0
0.04	0.01	0.00470563	8.60994	1432.2	0
0.04	0.01	0.00470563	9.22571	1371.71	0
0.04	0.01	0.00470563	9.88553	1309.57	0
0.04	0.01	0.00470563	10.5925	1270.75	0
0.04	0.01	0.00470563	11.3501	1231.83	0
0.04	0.01	0.00470563	12.1619	1186.56	0
0.04	0.01	0.00470563	13.0317	1146.27	0
0.04	0.01	0.00470563	13.9637	1128.51	0
0.04	0.01	0.00470563	14.9624	1119.27	0
0.04	0.01	0.00470563	16.0325	1113.09	0
0.04	0.01	0.00470563	17.1791	1123.47	0
0.04	0.01	0.00470563	18.4077	1142.68	0
0.04	0.01	0.00470563	19.7242	1146.4	0
0.04	0.01	0.00470563	21.1349	1148.9	0
0.04	0.01	0.00470563	22.6464	1138.61	0
0.04	0.01	0.00470563	24.2661	1125.34	0
0.04	0.01	0.00470563	26.0016	1118.27	0
0.04	0.01	0.00470563	27.8612	1118	0
0.04	0.01	0.00470563	29.8538	1116.87	0
0.04	0.01	0.00470563	31.989	1124.33	0
0.04	0.01	0.00470563	34.2768	1139.94	0
0.04	0.01	0.00470563	36.7282	1165.4	0
0.04	0.01	0.00470563	39.355	1181.63	0
0.04	0.01	0.00470563	42.1697	1176.12	0
0.04	0.01	0.00470563	45.1856	1161.2	0
0.04	0.01	0.00470563	48.4172	1155.53	0
0.04	0.01	0.00470563	51.88	1153.74	0
0.04	0.01	0.00470563	55.5904	1146.93	0
0.04	0.01	0.00470563	59.5662	1126.71	0
0.04	0.01	0.00470563	63.8263	1118.89	0
0.04	0.01	0.00470563	68.3912	1121.69	0
0.04	0.01	0.00470563	73.2825	1123.86	0
0.04	0.01	0.00470563	78.5236	1117.49	0
0.04	0.01	0.00470563	84.1395	1117.02	0
0.04	0.01	0.00470563	90.1571	1121.66	0
0.04	0.01	0.00470563	96.6051	1123.02	0
0.04	0.01	0.00514125	0.103514	0.000907049	0
0.04	0.01	0.00514125	0.110917	0.00937613	0
0.04	0.01	0.00514125	0.11885	0.0299993	0
0.04	0.01	0.00514125	0.12735	0.0679102	0
0.04	0.01	0.00514125	0.136458	0.129996	0
0.04	0.01	0.00514125	0.146218	0.225439	0
0.04	0.01	0.00514125	0.156675	0.366413	0
0.04	0.01	0.00514125	0.16788	0.568973	0
0.04	0.01	0.00514125	0.179887	0.85418	0
0.04	0.01	0.00514125	0.192752	1.24952	0
0.04	0.01	0.00514125	0.206538	1.79066	0
0.04	0.01	0.00514125	0.221309	2.52366	0
0.04	0.01	0.00514125	0.237137	3.50761	0
0.04	0.01	0.00514125	0.254097	4.81782	0
0.04	0.01	0.00514125	0.27227	6.5496	0
0.04	0.01	0.00514125	0.291743	8.82258	0
0.04	0.01	0.00514125	0.312608	11.7856	0
0.04	0.01	0.00514125	0.334965	15.6217	0
0.04	0.01	0.00514125	0.358922	20.5538	0
0.04	0.01	0.00514125	0.384592	26.8491	0
0.04	0.01	0.00514125	0.412098	34.8227	0
0.04	0.01	0.00514125	0.44157	44.8398	0
0.04	0.01	0.00514125	0.473151	57.3134	0
0.04	0.01	0.00514125	0.506991	72.6984	0
0.04	0.01	0.00514125	0.54325	91.4791	0
0.04	0.01	0.00514125	0.582103	114.149	0
0.04	0.01	0.00514125	0.623735	141.186	0
0.04	0.01	0.00514125	0.668344	173.013	0
0.04	0.01	0.00514125	0.716143	209.964	0
0.04	0.01	0.00514125	0.767361	252.242	0
0.04	0.01	0.00514125	0.822243	299.88	0
0.04	0.01	0.00514125	0.881049	352.714	0
0.04	0.01	0.00514125	0.944061	410.36	0
0.04	0.01	0.00514125	1.01158	472.204	0
0.04	0.01	0.00514125	1.08393	537.378	0
0.04	0.01	0.00514125	1.16145	604.739	0
0.04	0.01	0.00514125	1.24451	672.819	0
0.04	0.01	0.00514125	1.33352	739.808	0
0.04	0.01	0.00514125	1.42889	803.596	0
0.04	0.01	0.00514125	1.53109	861.982	0
0.04	0.01	0.00514125	1.64059	913.076	0
0.04	0.01	0.00514125	1.75792	955.827	0
0.04	0.01	0.00514125	1.88365	990.414	0
0.04	0.01	0.00514125	2.01837	1018.23	0
0.04	0.01	0.00514125	2.16272	1041.38	0
0.04	0.01	0.00514125	2.31739	1062.19	0
0.04	0.01	0.00514125	2.48313	1083.29	0
0.04	0.01	0.00514125	2.66073	1108.1	0
0.04	0.01	0.00514125	2.85102	1140.25	0
0.04	0.01	0.00514125	3.05492	1180.95	0
0.04	0.01	0.00514125	3.27341	1226.45	0
0.04	0.01	0.00514125	3.50752	1269.72	0
0.04	0.01	0.00514125	3.75837	1304.82	0
0.04	0.01	0.00514125	4.02717	1328.27	0
0.04	0.01	0.00514125	4.31519	1340.49	0
0.04	0.01	0.00514125	4.62381	1349.31	0
0.04	0.01	0.00514125	4.9545	1362.02	0
0.04	0.01	0.00514125	5.30884	1376.64	0
0.04	0.01	0.00514125	5.68853	1389.07	0
0.04	0.01	0.00514125	6.09537	1400.78	0
0.04	0.01	0.00514125	6.53131	1424.32	0
0.04	0.01	0.00514125	6.99842	1460.44	0
0.04	0.01	0.00514125	7.49894	1485	0
0.04	0.01	0.00514125	8.03526	1473.41	0
0.04	0.01	0.00514125	8.60994	1432.2	0
0.04	0.01	0.00514125	9.22571	1371.71	0
0.04	0.01	0.00514125	9.88553	1309.57	0
0.04	0.01	0.00514125	10.5925	1270.75	0
0.04	0.01	0.00514125	11.3501	1231.83	0
0.04	0.01	0.00514125	12.1619	1186.56	0
0.04	0.01	0.00514125	13.0317	1146.27	0
0.04	0.01	0.00514125	13.9637	1128.51	0
0.04	0.01	0.00514125	14.9624	1119.27	0
0.04	0.01	0.00514125	16.0325	1113.09	0
0.04	0.01	0.00514125	17.1791	1123.47	0
0.04	0.01	0.00514125	18.4077	1142.68	0
0.04	0.01	0.00514125	19.7242	1146.4	0
0.04	0.01	0.00514125	21.1349	1148.9	0
0.04	0.01	0.00514125	22.6464	1138.61	0
0.04	0.01	0.00514125	24.2661	1125.34	0
0.04	0.01	0.00514125	26.0016	1118.27	0
0.04	0.01	0.00514125	27.8612	1118	0
0.04	0.01	0.00514125	29.8538	1116.87	0
0.04	0.01	0.00514125	31.989	1124.33	0
0.04	0.01	0.00514125	34.2768	1139.94	0
0.04	0.01	0.00514125	36.7282	1165.4	0
0.04	0.01	0.00514125	39.355	1181.63	0
0.04	0.01	0.00514125	42.1697	1176.12	0
0.04	0.01	0.00514125	45.1856	1161.2	0
0.04	0.01	0.00514125	48.4172	1155.53	0
0.04	0.01	0.00514125	51.88	1153.74	0
0.04	0.01	0.00514125	55.5904	1146.93	0
0.04	0.01	0.00514125	59.5662	1126.71	0
0.04	0.01	0.00514125	63.8263	1118.89	0
0.04	0.01	0.00514125	68.3912	1121.68	0
0.04	0.01	0.00514125	73.2825	1123.86	0
0.04	0.01	0.00514125	78.5236	1117.49	0
0.04	0.01	0.00514125	84.1395	1117.02	0
0.04	0.01	0.00514125	90.1571	1121.66	0
0.04	0.01	0.00514125	96.6051	1123.02	0
0.04	0.01	0.0056172	0.103514	0.000907049	0
0.04	0.01	0.0056172	0.110917	0.00937613	0
0.04	0.01	0.0056172	0.11885	0.0299993	0
0.04	0.01	0.0056172	0.12735	0.0679102	0
0.04	0.01	0.0056172	0.136458	0.129996	0
0.04	0.01	0.0056172	0.146218	0.225439	0
0.04	0.01	0.0056172	0.156675	0.366413	0
0.04	0.01	0.0056172	0.16788	0.568973	0
0.04	0.01	0.0056172	0.179887	0.85418	0
0.04	0.01	0.0056172	0.192752	1.24952	0
0.04	0.01	0.0056172	0.206538	1.79066	0
0.04	0.01	0.0056172	0.221309	2.52366	0
0.04	0.01	0.0056172	0.237137	3.50761	0
0.04	0.01	0.0056172	0.254097	4.81782	0
0.04	0.01	0.0056172	0.27227	6.5496	0
0.04	0.01	0.0056172	0.291743	8.82258	0
0.04	0.01	0.0056172	0.312608	11.7856	0
0.04	0.01	0.0056172	0.334965	15.6217	0
0.04	0.01	0.0056172	0.358922	20.5538	0
0.04	0.01	0.0056172	0.384592	26.8491	0
0.04	0.01	0.0056172	0.412098	34.8227	0
0.04	0.01	0.0056172	0.44157	44.8398	0
0.04	0.01	0.0056172	0.473151	57.3134	0
0.04	0.01	0.0056172	0.506991	72.6984	0
0.04	0.01	0.0056172	0.54325	91.4791	0
0.04	0.01	0.0056172	0.582103	114.149	0
0.04	0.01	0.0056172	0.623735	141.186	0
0.04	0.01	0.0056172	0.668344	173.013	0
0.04	0.01	0.0056172	0.716143	209.964	0
0.04	0.01	0.0056172	0.767361	252.242	0
0.04	0.01	0.0056172	0.822243	299.88	0
0.04	0.01	0.0056172	0.881049	352.714	0
0.04	0.01	0.0056172	0.944061	410.36	0
0.04	0.01	0.0056172	1.01158	472.204	0
0.04	0.01	0.0056172	1.08393	537.378	0
0.04	0.01	0.0056172	1.16145	604.739	0
0.04	0.01	0.0056172	1.24451	672.819	0
0.04	0.01	0.0056172	1.33352	739.808	0
0.04	0.01	0.0056172	1.42889	803.596	0
0.04	0.01	0.0056172	1.53109	861.982	0
0.04	0.01	0.0056172	1.64059	913.076	0
0.04	0.01	0.0056172	1.75792	955.826	0
0.04	0.01	0.0056172	1.88365	990.413	0
0.04	0.01	0.0056172	2.01837	1018.23	0
0.04	0.01	0.0056172	2.16272	1041.37	0
0.04	0.01	0.0056172	2.31739	1062.19	0
0.04	0.01	0.0056172	2.48313	1083.29	0
0.04	0.01	0.0056172	2.66073	1108.1	0
0.04	0.01	0.0056172	2.85102	1140.25	0
0.04	0.01	0.0056172	3.05492	1180.95	0
0.04	0.01	0.0056172	3.27341	1226.45	0
0.04	0.01	0.0056172	3.50752	1269.71	0
0.04	0.01	0.0056172	3.75837	1304.82	0
0.04	0.01	0.0056172	4.02717	1328.27	0
0.04	0.01	0.0056172	4.31519	1340.49	0
0.04	0.01	0.0056172	4.62381	1349.31	0
0.04	0.01	0.0056172	4.9545	1362.02	0
0.04	0.01	0.0056172	5.30884	1376.64	0
0.04	0.01	0.0056172	5.68853	1389.07	0
0.04	0.01	0.0056172	6.09537	1400.78	0
0.04	0.01	0.0056172	6.53131	1424.32	0
0.04	0.01	0.0056172	6.99842	1460.44	0
0.04	0.01	0.0056172	7.49894	1485	0
0.04	0.01	0.0056172	8.03526	1473.41	0
0.04	0.01	0.0056172	8.60994	1432.2	0
0.04	0.01	0.0056172	9.22571	1371.71	0
0.04	0.01	0.0056172	9.88553	1309.57	0
0.04	0.01	0.0056172	10.5925	1270.75	0
0.04	0.01	0.0056172	11.3501	1231.83	0
0.04	0.01	0.0056172	12.1619	1186.56	0
0.04	0.01	0.0056172	13.0317	1146.27	0
0.04	0.01	0.0056172	13.9637	1128.51	0
0.04	0.01	0.0056172	14.9624	1119.27	0
0.04	0.01	0.0056172	16.0325	1113.09	0
0.04	0.01	0.0056172	17.1791	1123.47	0
0.04	0.01	0.0056172	18.4077	1142.68	0
0.04	0.01	0.0056172	19.7242	1146.4	0
0.04	0.01	0.0056172	21.1349	1148.89	0
0.04	0.01	0.0056172	22.6464	1138.61	0
0.04	0.01	0.0056172	24.2661	1125.34	0
0.04	0.01	0.0056172	26.0016	1118.27	0
0.04	0.01	0.0056172	27.8612	1118	0
0.04	0.01	0.0056172	29.8538	1116.87	0
0.04	0.01	0.0056172	31.989	1124.33	0
0.04	0.01	0.0056172	34.2768	1139.94	0
0.04	0.01	0.0056172	36.7282	1165.4	0
0.04	0.01	0.0056172	39.355	1181.63	0
0.04	0.01	0.0056172	42.1697	1176.12	0
0.04	0.01	0.0056172	45.1856	1161.2	0
0.04	0.01	0.0056172	48.4172	1155.53	0
0.04	0.01	0.0056172	51.88	1153.74	0
0.04	0.01	0.0056172	55.5904	1146.93	0
0.04	0.01	0.0056172	59.5662	1126.71	0
0.04	0.01	0.0056172	63.8263	1118.89	0
0.04	0.01	0.0056172	68.3912	1121.68	0
0.04	0.01	0.0056172	73.2825	1123.86	0
0.04	0.01	0.0056172	78.5236	1117.49	0
0.04	0.01	0.0056172	84.1395	1117.02	0
0.04	0.01	0.0056172	90.1571	1121.66	0
0.04	0.01	0.0056172	96.6051	1123.02	0
0.04	0.01	0.0061372	0.103514	0.000907048	0
0.04	0.01	0.0061372	0.110917	0.00937612	0
0.04	0.01	0.0061372	0.11885	0.0299993	0
0.04	0.01	0.0061372	0.12735	0.0679102	0
0.04	0.01	0.0061372	0.136458	0.129996	0
0.04	0.01	0.0061372	0.146218	0.225439	0
0.04	0.01	0.0061372	0.156675	0.366413	0
0.04	0.01	0.0061372	0.16788	0.568973	0
0.04	0.01	0.0061372	0.179887	0.85418	0
0.04	0.01	0.0061372	0.192752	1.24952	0
0.04	0.01	0.0061372	0.206538	1.79066	0
0.04	0.01	0.0061372	0.221309	2.52366	0
0.04	0.01	0.0061372	0.237137	3.50761	0
0.04	0.01	0.0061372	0.254097	4.81782	0
0.04	0.01	0.0061372	0.27227	6.5496	0
0.04	0.01	0.0061372	0.291743	8.82258	0
0.04	0.01	0.0061372	0.312608	11.7856	0
0.04	0.01	0.0061372	0.334965	15.6217	0
0.04	0.01	0.0061372	0.358922	20.5538	0
0.04	0.01	0.0061372	0.384592	26.8491	0
0.04	0.01	0.0061372	0.412098	34.8227	0
0.04	0.01	0.0061372	0.44157	44.8398	0
0.04	0.01	0.0061372	0.473151	57.3134	0
0.04	0.01	0.0061372	0.506991	72.6984	0
0.04	0.01	0.0061372	0.54325	91.4791	0
0.04	0.01	0.0061372	0.582103	114.149	0
0.04	0.01	0.0061372	0.623735	141.186	0
0.04	0.01	0.0061372	0.668344	173.013	0
0.04	0.01	0.0061372	0.716143	209.964	0
0.04	0.01	0.0061372	0.767361	252.242	0
0.04	0.01	0.0061372	0.822243	299.88	0
0.04	0.01	0.0061372	0.881049	352.714	0
0.04	0.01	0.0061372	0.944061	410.36	0
0.04	0.01	0.0061372	1.01158	472.204	0
0.04	0.01	0.0061372	1.08393	537.378	0
0.04	0.01	0.0061372	1.16145	604.738	0
0.04	0.01	0.0061372	1.24451	672.819	0
0.04	0.01	0.0061372	1.33352	739.807	0
0.04	0.01	0.0061372	1.42889	803.596	0
0.04	0.01	0.0061372	1.53109	861.982	0
0.04	0.01	0.0061372	1.64059	913.076	0
0.04	0.01	0.0061372	1.75792	955.826	0
0.04	0.01	0.0061372	1.88365	990.413	0
0.04	0.01	0.0061372	2.01837	1018.23	0
0.04	0.01	0.0061372	2.16272	1041.37	0
0.04	0.01	0.0061372	2.31739	1062.19	0
0.04	0.01	0.0061372	2.48313	1083.29	0
0.04	0.01	0.0061372	2.66073	1108.1	0
0.04	0.01	0.0061372	2.85102	1140.25	0
0.04	0.01	0.0061372	3.05492	1180.95	0
0.04	0.01	0.0061372	3.27341	1226.45	0
0.04	0.01	0.0061372	3.50752	1269.71	0
0.04	0.01	0.0061372	3.75837	1304.81	0
0.04	0.01	0.0061372	4.02717	1328.27	0
0.04	0.01	0.0061372	4.31519	1340.49	0
0.04	0.01	0.0061372	4.62381	1349.31	0
0.04	0.01	0.0061372	4.9545	1362.02	0
0.04	0.01	0.0061372	5.30884	1376.64	0
0.04	0.01	0.0061372	5.68853	1389.07	0
0.04	0.01	0.0061372	6.09537	1400.78	0
0.04	0.01	0.0061372	6.53131	1424.32	0
0.04	0.01	0.0061372	6.99842	1460.44	0
0.04	0.01	0.0061372	7.49894	1485	0
0.04	0.01	0.0061372	8.03526	1473.41	0
0.04	0.01	0.0061372	8.60994	1432.2	0
0.04	0.01	0.0061372	9.22571	1371.71	0
0.04	0.01	0.0061372	9.88553	1309.57	0
0.04	0.01	0.0061372	10.5925	1270.75	0
0.04	0.01	0.0061372	11.3501	1231.83	0
0.04	0.01	0.0061372	12.1619	1186.56	0
0.04	0.01	0.0061372	13.0317	1146.27	0
0.04	0.01	0.0061372	13.9637	1128.51	0
0.04	0.01	0.0061372	14.9624	1119.27	0
0.04	0.01	0.0061372	16.0325	1113.09	0
0.04	0.01	0.0061372	17.1791	1123.47	0
0.04	0.01	0.0061372	18.4077	1142.68	0
0.04	0.01	0.0061372	19.7242	1146.4	0
0.04	0.01	0.0061372	21.1349	1148.89	0
0.04	0.01	0.0061372	22.6464	1138.61	0
0.04	0.01	0.0061372	24.2661	1125.34	0
0.04	0.01	0.0061372	26.0016	1118.27	0
0.04	0.01	0.0061372	27.8612	1118	0
0.04	0.01	0.0061372	29.8538	1116.87	0
0.04	0.01	0.0061372	31.989	1124.33	0
0.04	0.01	0.0061372	34.2768	1139.94	0
0.04	0.01	0.0061372	36.7282	1165.4	0
0.04	0.01	0.0061372	39.355	1181.63	0
0.04	0.01	0.0061372	42.1697	1176.12	0
0.04	0.01	0.0061372	45.1856	1161.2	0
0.04	0.01	0.0061372	48.4172	1155.53	0
0.04	0.01	0.0061372	51.88	1153.74	0
0.04	0.01	0.0061372	55.5904	1146.93	0
0.04	0.01	0.0061372	59.5662	1126.71	0
0.04	0.01	0.0061372	63.8263	1118.89	0
0.04	0.01	0.0061372	68.3912	1121.68	0
0.04	0.01	0.0061372	73.2825	1123.86	0
0.04	0.01	0.0061372	78.5236	1117.49	0
0.04	0.01	0.0061372	84.1395	1117.02	0
0.04	0.01	0.0061372	90.1571	1121.66	0
0.04	0.01	0.0061372	96.6051	1123.02	0
0.04	0.01	0.00670535	0.103514	0.000907048	0
0.04	0.01	0.00670535	0.110917	0.00937612	0
0.04	0.01	0.00670535	0.11885	0.0299993	0
0.04	0.01	0.00670535	0.12735	0.0679102	0
0.04	0.01	0.00670535	0.136458	0.129996	0
0.04	0.01	0.00670535	0.146218	0.225439	0
0.04	0.01	0.00670535	0.156675	0.366413	0
0.04	0.01	0.00670535	0.16788	0.568973	0
0.04	0.01	0.00670535	0.179887	0.854179	0
0.04	0.01	0.00670535	0.192752	1.24952	0
0.04	0.01	0.00670535	0.206538	1.79066	0
0.04	0.01	0.00670535	0.221309	2.52366	0
0.04	0.01	0.00670535	0.237137	3.50761	0
0.04	0.01	0.00670535	0.254097	4.81782	0
0.04	0.01	0.00670535	0.27227	6.5496	0
0.04	0.01	0.00670535	0.291743	8.82258	0
0.04	0.01	0.00670535	0.312608	11.7856	0
0.04	0.01	0.00670535	0.334965	15.6217	0
0.04	0.01	0.00670535	0.358922	20.5538	0
0.04	0.01	0.00670535	0.384592	26.8491	0
0.04	0.01	0.00670535	0.412098	34.8227	0
0.04	0.01	0.00670535	0.44157	44.8398	0
0.04	0.01	0.00670535	0.473151	57.3134	0
0.04	0.01	0.00670535	0.506991	72.6984	0
0.04	0.01	0.00670535	0.54325	91.479	0
0.04	0.01	0.00670535	0.582103	114.149	0
0.04	0.01	0.00670535	0.623735	141.186	0
0.04	0.01	0.00670535	0.668344	173.013	0
0.04	0.01	0.00670535	0.716143	209.964	0
0.04	0.01	0.00670535	0.767361	252.242	0
0.04	0.01	0.00670535	0.822243	299.88	0
0.04	0.01	0.00670535	0.881049	352.714	0
0.04	0.01	0.00670535	0.944061	410.36	0
0.04	0.01	0.00670535	1.01158	472.204	0
0.04	0.01	0.00670535	1.08393	537.378	0
0.04	0.01	0.00670535	1.16145	604.738	0
0.04	0.01	0.00670535	1.24451	672.819	0
0.04	0.01	0.00670535	1.33352	739.807	0
0.04	0.01	0.00670535	1.42889	803.595	0
0.04	0.01	0.00670535	1.53109	861.981	0
0.04	0.01	0.00670535	1.64059	913.076	0
0.04	0.01	0.00670535	1.75792	955.826	0
0.04	0.01	0.00670535	1.88365	990.413	0
0.04	0.01	0.00670535	2.01837	1018.23	0
0.04	0.01	0.00670535	2.16272	1041.37	0
0.04	0.01	0.00670535	2.31739	1062.19	0
0.04	0.01	0.00670535	2.48313	1083.29	0
0.04	0.01	0.00670535	2.66073	1108.1	0
0.04	0.01	0.00670535	2.85102	1140.25	0
0.04	0.01	0.00670535	3.05492	1180.95	0
0.04	0.01	0.00670535	3.27341	1226.45	0
0.04	0.01	0.00670535	3.50752	1269.71	0
0.04	0.01	0.00670535	3.75837	1304.81	0
0.04	0.01	0.00670535	4.02717	1328.27	0
0.04	0.01	0.00670535	4.31519	1340.49	0
0.04	0.01	0.00670535	4.62381	1349.31	0
0.04	0.01	0.00670535	4.9545	1362.02	0
0.04	0.01	0.00670535	5.30884	1376.64	0
0.04	0.01	0.00670535	5.68853	1389.07	0
0.04	0.01	0.00670535	6.09537	1400.78	0
0.04	0.01	0.00670535	6.53131	1424.32	0
0.04	0.01	0.00670535	6.99842	1460.44	0
0.04	0.01	0.00670535	7.49894	1485	0
0.04	0.01	0.00670535	8.03526	1473.41	0
0.04	0.01	0.00670535	8.60994	1432.2	0
0.04	0.01	0.00670535	9.22571	1371.71	0
0.04	0.01	0.00670535	9.88553	1309.57	0
0.04	0.01	0.00670535	10.5925	1270.75	0
0.04	0.01	0.00670535	11.3501	1231.83	0
0.04	0.01	0.00670535	12.1619	1186.56	0
0.04	0.01	0.00670535	13.0317	1146.27	0
0.04	0.01	0.00670535	13.9637	1128.51	0
0.04	0.01	0.00670535	14.9624	1119.27	0
0.04	0.01	0.00670535	16.0325	1113.09	0
0.04	0.01	0.00670535	17.1791	1123.47	0
0.04	0.01	0.00670535	18.4077	1142.68	0
0.04	0.01	0.00670535	19.7242	1146.4	0
0.04	0.01	0.00670535	21.1349	1148.89	0
0.04	0.01	0.00670535	22.6464	1138.61	0
0.04	0.01	0.00670535	24.2661	1125.34	0
0.04	0.01	0.00670535	26.0016	1118.27	0
0.04	0.01	0.00670535	27.8612	1118	0
0.04	0.01	0.00670535	29.8538	1116.87	0
0.04	0.01	0.00670535	31.989	1124.33	0
0.04	0.01	0.00670535	34.2768	1139.94	0
0.04	0.01	0.00670535	36.7282	1165.4	0
0.04	0.01	0.00670535	39.355	1181.63	0
0.04	0.01	0.00670535	42.1697	1176.12	0
0.04	0.01	0.00670535	45.1856	1161.2	0
0.04	0.01	0.00670535	48.4172	1155.53	0
0.04	0.01	0.00670535	51.88	1153.74	0
0.04	0.01	0.00670535	55.5904	1146.93	0
0.04	0.01	0.00670535	59.5662	1126.71	0
0.04	0.01	0.00670535	63.8263	1118.89	0
0.04	0.01	0.00670535	68.3912	1121.68	0
0.04	0.01	0.00670535	73.2825	1123.85	0
0.04	0.01	0.00670535	78.5236	1117.49	0
0.04	0.01	0.00670535	84.1395	1117.02	0
0.04	0.01	0.00670535	90.1571	1121.66	0
0.04	0.01	0.00670535	96.6051	1123.02	0
0.04	0.01	0.0073261	0.103514	0.000907047	0
0.04	0.01	0.0073261	0.110917	0.00937612	0
0.04	0.01	0.0073261	0.11885	0.0299993	0
0.04	0.01	0.0073261	0.12735	0.0679102	0
0.04	0.01	0.0073261	0.136458	0.129996	0
0.04	0.01	0.0073261	0.146218	0.225439	0
0.04	0.01	0.0073261	0.156675	0.366413	0
0.04	0.01	0.0073261	0.16788	0.568973	0
0.04	0.01	0.0073261	0.179887	0.854179	0
0.04	0.01	0.0073261	0.192752	1.24952	0
0.04	0.01	0.0073261	0.206538	1.79066	0
0.04	0.01	0.0073261	0.221309	2.52366	0
0.04	0.01	0.0073261	0.237137	3.50761	0
0.04	0.01	0.0073261	0.254097	4.81782	0
0.04	0.01	0.0073261	0.27227	6.5496	0
0.04	0.01	0.0073261	0.291743	8.82258	0
0.04	0.01	0.0073261	0.312608	11.7856	0
0.04	0.01	0.0073261	0.334965	15.6217	0
0.04	0.01	0.0073261	0.358922	20.5538	0
0.04	0.01	0.0073261	0.384592	26.8491	0
0.04	0.01	0.0073261	0.412098	34.8227	0
0.04	0.01	0.0073261	0.44157	44.8398	0
0.04	0.01	0.0073261	0.473151	57.3134	0
0.04	0.01	0.0073261	0.506991	72.6984	0
0.04	0.01	0.0073261	0.54325	91.479	0
0.04	0.01	0.0073261	0.582103	114.149	0
0.04	0.01	0.0073261	0.623735	141.186	0
0.04	0.01	0.0073261	0.668344	173.013	0
0.04	0.01	0.0073261	0.716143	209.964	0
0.04	0.01	0.0073261	0.767361	252.242	0
0.04	0.01	0.0073261	0.822243	299.88	0
0.04	0.01	0.0073261	0.881049	352.714	0
0.04	0.01	0.0073261	0.944061	410.36	0
0.04	0.01	0.0073261	1.01158	472.203	0
0.04	0.01	0.0073261	1.08393	537.378	0
0.04	0.01	0.0073261	1.16145	604.738	0
0.04	0.01	0.0073261	1.24451	672.819	0
0.04	0.01	0.0073261	1.33352	739.807	0
0.04	0.01	0.0073261	1.42889	803.595	0
0.04	0.01	0.0073261	1.53109	861.981	0
0.04	0.01	0.0073261	1.64059	913.076	0
0.04	0.01	0.0073261	1.75792	955.826	0
0.04	0.01	0.0073261	1.88365	990.412	0
0.04	0.01	0.0073261	2.01837	1018.23	0
0.04	0.01	0.0073261	2.16272	1041.37	0
0.04	0.01	0.0073261	2.31739	1062.19	0
0.04	0.01	0.0073261	2.48313	1083.29	0
0.04	0.01	0.0073261	2.66073	1108.1	0
0.04	0.01	0.0073261	2.85102	1140.25	0
0.04	0.01	0.0073261	3.05492	1180.95	0
0.04	0.01	0.0073261	3.27341	1226.45	0
0.04	0.01	0.0073261	3.50752	1269.71	0
0.04	0.01	0.0073261	3.75837	1304.81	0
0.04	0.01	0.0073261	4.02717	1328.27	0
0.04	0.01	0.0073261	4.31519	1340.49	0
0.04	0.01	0.0073261	4.62381	1349.31	0
0.04	0.01	0.0073261	4.9545	1362.02	0
0.04	0.01	0.0073261	5.30884	1376.64	0
0.04	0.01	0.0073261	5.68853	1389.07	0
0.04	0.01	0.0073261	6.09537	1400.78	0
0.04	0.01	0.0073261	6.53131	1424.32	0
0.04	0.01	0.0073261	6.99842	1460.44	0
0.04	0.01	0.0073261	7.49894	1485	0
0.04	0.01	0.0073261	8.03526	1473.4	0
0.04	0.01	0.0073261	8.60994	1432.2	0
0.04	0.01	0.0073261	9.22571	1371.71	0
0.04	0.01	0.0073261	9.88553	1309.57	0
0.04	0.01	0.0073261	10.5925	1270.75	0
0.04	0.01	0.0073261	11.3501	1231.83	0
0.04	0.01	0.0073261	12.1619	1186.56	0
0.04	0.01	0.0073261	13.0317	1146.27	0
0.04	0.01	0.0073261	13.9637	1128.51	0
0.04	0.01	0.0073261	14.9624	1119.27	0
0.04	0.01	0.0073261	16.0325	1113.09	0
0.04	0.01	0.0073261	17.1791	1123.47	0
0.04	0.01	0.0073261	18.4077	1142.68	0
0.04	0.01	0.0073261	19.7242	1146.4	0
0.04	0.01	0.0073261	21.1349	1148.89	0
0.04	0.01	0.0073261	22.6464	1138.61	0
0.04	0.01	0.0073261	24.2661	1125.33	0
0.04	0.01	0.0073261	26.0016	1118.27	0
0.04	0.01	0.0073261	27.8612	1118	0
0.04	0.01	0.0073261	29.8538	1116.87	0
0.04	0.01	0.0073261	31.989	1124.33	0
0.04	0.01	0.0073261	34.2768	1139.94	0
0.04	0.01	0.0073261	36.7282	1165.4	0
0.04	0.01	0.0073261	39.355	1181.63	0
0.04	0.01	0.0073261	42.1697	1176.12	0
0.04	0.01	0.0073261	45.1856	1161.2	0
0.04	0.01	0.0073261	48.4172	1155.53	0
0.04	0.01	0.0073261	51.88	1153.74	0
0.04	0.01	0.0073261	55.5904	1146.93	0
0.04	0.01	0.0073261	59.5662	1126.71	0
0.04	0.01	0.0073261	63.8263	1118.89	0
0.04	0.01	0.0073261	68.3912	1121.68	0
0.04	0.01	0.0073261	73.2825	1123.85	0
0.04	0.01	0.0073261	78.5236	1117.49	0
0.04	0.01	0.0073261	84.1395	1117.02	0
0.04	0.01	0.0073261	90.1571	1121.66	0
0.04	0.01	0.0073261	96.6051	1123.02	0
0.04	0.01	0.0080043	0.103514	0.000907047	0
0.04	0.01	0.0080043	0.110917	0.00937612	0
0.04	0.01	0.0080043	0.11885	0.0299993	0
0.04	0.01	0.0080043	0.12735	0.0679102	0
0.04	0.01	0.0080043	0.136458	0.129996	0
0.04	0.01	0.0080043	0.146218	0.225439	0
0.04	0.01	0.0080043	0.156675	0.366413	0
0.04	0.01	0.0080043	0.16788	0.568973	0
0.04	0.01	0.0080043	0.179887	0.854179	0
0.04	0.01	0.0080043	0.192752	1.24952	0
0.04	0.01	0.0080043	0.206538	1.79066	0
0.04	0.01	0.0080043	0.221309	2.52366	0
0.04	0.01	0.0080043	0.237137	3.50761	0
0.04	0.01	0.0080043	0.254097	4.81782	0
0.04	0.01	0.0080043	0.27227	6.5496	0
0.04	0.01	0.0080043	0.291743	8.82258	0
0.04	0.01	0.0080043	0.312608	11.7856	0
0.04	0.01	0.0080043	0.334965	15.6217	0
0.04	0.01	0.0080043	0.358922	20.5538	0
0.04	0.01	0.0080043	0.384592	26.8491	0
0.04	0.01	0.0080043	0.412098	34.8227	0
0.04	0.01	0.0080043	0.44157	44.8398	0
0.04	0.01	0.0080043	0.473151	57.3134	0
0.04	0.01	0.0080043	0.506991	72.6984	0
0.04	0.01	0.0080043	0.54325	91.479	0
0.04	0.01	0.0080043	0.582103	114.149	0
0.04	0.01	0.0080043	0.623735	141.186	0
0.04	0.01	0.0080043	0.668344	173.013	0
0.04	0.01	0.0080043	0.716143	209.964	0
0.04	0.01	0.0080043	0.767361	252.242	0
0.04	0.01	0.0080043	0.822243	299.88	0
0.04	0.01	0.0080043	0.881049	352.714	0
0.04	0.01	0.0080043	0.944061	410.36	0
0.04	0.01	0.0080043	1.01158	472.203	0
0.04	0.01	0.0080043	1.08393	537.378	0
0.04	0.01	0.0080043	1.16145	604.738	0
0.04	0.01	0.0080043	1.24451	672.818	0
0.04	0.01	0.0080043	1.33352	739.807	0
0.04	0.01	0.0080043	1.42889	803.595	0
0.04	0.01	0.0080043	1.53109	861.981	0
0.04	0.01	0.0080043	1.64059	913.075	0
0.04	0.01	0.0080043	1.75792	955.825	0
0.04	0.01	0.0080043	1.88365	990.412	0
0.04	0.01	0.0080043	2.01837	1018.22	0
0.04	0.01	0.0080043	2.16272	1041.37	0
0.04	0.01	0.0080043	2.31739	1062.18	0
0.04	0.01	0.0080043	2.48313	1083.29	0
0.04	0.01	0.0080043	2.66073	1108.09	0
0.04	0.01	0.0080043	2.85102	1140.25	0
0.04	0.01	0.0080043	3.05492	1180.95	0
0.04	0.01	0.0080043	3.27341	1226.45	0
0.04	0.01	0.0080043	3.50752	1269.71	0
0.04	0.01	0.0080043	3.75837	1304.81	0
0.04	0.01	0.0080043	4.02717	1328.27	0
0.04	0.01	0.0080043	4.31519	1340.49	0
0.04	0.01	0.0080043	4.62381	1349.31	0
0.04	0.01	0.0080043	4.9545	1362.02	0
0.04	0.01	0.0080043	5.30884	1376.64	0
0.04	0.01	0.0080043	5.68853	1389.07	0
0.04	0.01	0.0080043	6.09537	1400.78	0
0.04	0.01	0.0080043	6.53131	1424.32	0
0.04	0.01	0.0080043	6.99842	1460.43	0
0.04	0.01	0.0080043	7.49894	1484.99	0
0.04	0.01	0.0080043	8.03526	1473.4	0
0.04	0.01	0.0080043	8.60994	1432.19	0
0.04	0.01	0.0080043	9.22571	1371.71	0
0.04	0.01	0.0080043	9.88553	1309.57	0
0.04	0.01	0.0080043	10.5925	1270.75	0
0.04	0.01	0.0080043	11.3501	1231.83	0
0.04	0.01	0.0080043	12.1619	1186.56	0
0.04	0.01	0.0080043	13.0317	1146.27	0
0.04	0.01	0.0080043	13.9637	1128.51	0
0.04	0.01	0.0080043	14.9624	1119.27	0
0.04	0.01	0.0080043	16.0325	1113.09	0
0.04	0.01	0.0080043	17.1791	1123.47	0
0.04	0.01	0.0080043	18.4077	1142.68	0
0.04	0.01	0.0080043	19.7242	1146.4	0
0.04	0.01	0.0080043	21.1349	1148.89	0
0.04	0.01	0.0080043	22.6464	1138.61	0
0.04	0.01	0.0080043	24.2661	1125.33	0
0.04	0.01	0.0080043	26.0016	1118.27	0
0.04	0.01	0.0080043	27.8612	1118	0
0.04	0.01	0.0080043	29.8538	1116.87	0
0.04	0.01	0.0080043	31.989	1124.33	0
0.04	0.01	0.0080043	34.2768	1139.94	0
0.04	0.01	0.0080043	36.7282	1165.4	0
0.04	0.01	0.0080043	39.355	1181.63	0
0.04	0.01	0.0080043	42.1697	1176.12	0
0.04	0.01	0.0080043	45.1856	1161.2	0
0.04	0.01	0.0080043	48.4172	1155.53	0
0.04	0.01	0.0080043	51.88	1153.74	0
0.04	0.01	0.0080043	55.5904	1146.93	0
0.04	0.01	0.0080043	59.5662	1126.71	0
0.04	0.01	0.0080043	63.8263	1118.89	0
0.04	0.01	0.0080043	68.3912	1121.68	0
0.04	0.01	0.0080043	73.2825	1123.85	0
0.04	0.01	0.0080043	78.5236	1117.49	0
0.04	0.01	0.0080043	84.1395	1117.02	0
0.04	0.01	0.0080043	90.1571	1121.66	0
0.04	0.01	0.0080043	96.6051	1123.02	0
0.04	0.01	0.0087453	0.103514	0.000907046	0
0.04	0.01	0.0087453	0.110917	0.00937612	0
0.04	0.01	0.0087453	0.11885	0.0299993	0
0.04	0.01	0.0087453	0.12735	0.0679102	0
0.04	0.01	0.0087453	0.136458	0.129996	0
0.04	0.01	0.0087453	0.146218	0.225439	0
0.04	0.01	0.0087453	0.156675	0.366413	0
0.04	0.01	0.0087453	0.16788	0.568973	0
0.04	0.01	0.0087453	0.179887	0.854179	0
0.04	0.01	0.0087453	0.192752	1.24952	0
0.04	0.01	0.0087453	0.206538	1.79066	0
0.04	0.01	0.0087453	0.221309	2.52366	0
0.04	0.01	0.0087453	0.237137	3.50761	0
0.04	0.01	0.0087453	0.254097	4.81782	0
0.04	0.01	0.0087453	0.27227	6.5496	0
0.04	0.01	0.0087453	0.291743	8.82258	0
0.04	0.01	0.0087453	0.312608	11.7856	0
0.04	0.01	0.0087453	0.334965	15.6217	0
0.04	0.01	0.0087453	0.358922	20.5538	0
0.04	0.01	0.0087453	0.384592	26.8491	0
0.04	0.01	0.0087453	0.412098	34.8227	0
0.04	0.01	0.0087453	0.44157	44.8398	0
0.04	0.01	0.0087453	0.473151	57.3134	0
0.04	0.01	0.0087453	0.506991	72.6984	0
0.04	0.01	0.0087453	0.54325	91.479	0
0.04	0.01	0.0087453	0.582103	114.149	0
0.04	0.01	0.0087453	0.623735	141.186	0
0.04	0.01	0.0087453	0.668344	173.013	0
0.04	0.01	0.0087453	0.716143	209.964	0
0.04	0.01	0.0087453	0.767361	252.242	0
0.04	0.01	0.0087453	0.822243	299.88	0
0.04	0.01	0.0087453	0.881049	352.714	0
0.04	0.01	0.0087453	0.944061	410.36	0
0.04	0.01	0.0087453	1.01158	472.203	0
0.04	0.01	0.0087453	1.08393	537.378	0
0.04	0.01	0.0087453	1.16145	604.738	0
0.04	0.01	0.0087453	1.24451	672.818	0
0.04	0.01	0.0087453	1.33352	739.807	0
0.04	0.01	0.0087453	1.42889	803.595	0
0.04	0.01	0.0087453	1.53109	861.981	0
0.04	0.01	0.0087453	1.64059	913.075	0
0.04	0.01	0.0087453	1.75792	955.825	0
0.04	0.01	0.0087453	1.88365	990.412	0
0.04	0.01	0.0087453	2.01837	1018.22	0
0.04	0.01	0.0087453	2.16272	1041.37	0
0.04	0.01	0.0087453	2.31739	1062.18	0
0.04	0.01	0.0087453	2.48313	1083.29	0
0.04	0.01	0.0087453	2.66073	1108.09	0
0.04	0.01	0.0087453	2.85102	1140.25	0
0.04	0.01	0.0087453	3.05492	1180.94	0
0.04	0.01	0.0087453	3.27341	1226.45	0
0.04	0.01	0.0087453	3.50752	1269.71	0
0.04	0.01	0.0087453	3.75837	1304.81	0
0.04	0.01	0.0087453	4.02717	1328.27	0
0.04	0.01	0.0087453	4.31519	1340.49	0
0.04	0.01	0.0087453	4.62381	1349.31	0
0.04	0.01	0.0087453	4.9545	1362.02	0
0.04	0.01	0.0087453	5.30884	1376.64	0
0.04	0.01	0.0087453	5.68853	1389.07	0
0.04	0.01	0.0087453	6.09537	1400.78	0
0.04	0.01	0.0087453	6.53131	1424.32	0
0.04	0.01	0.0087453	6.99842	1460.43	0
0.04	0.01	0.0087453	7.49894	1484.99	0
0.04	0.01	0.0087453	8.03526	1473.4	0
0.04	0.01	0.0087453	8.60994	1432.19	0
0.04	0.01	0.0087453	9.22571	1371.7	0
0.04	0.01	0.0087453	9.88553	1309.56	0
0.04	0.01	0.0087453	10.5925	1270.75	0
0.04	0.01	0.0087453	11.3501	1231.82	0
0.04	0.01	0.0087453	12.1619	1186.56	0
0.04	0.01	0.0087453	13.0317	1146.27	0
0.04	0.01	0.0087453	13.9637	1128.51	0
0.04	0.01	0.0087453	14.9624	1119.27	0
0.04	0.01	0.0087453	16.0325	1113.09	0
0.04	0.01	0.0087453	17.1791	1123.47	0
0.04	0.01	0.0087453	18.4077	1142.68	0
0.04	0.01	0.0087453	19.7242	1146.4	0
0.04	0.01	0.0087453	21.1349	1148.89	0
0.04	0.01	0.0087453	22.6464	1138.61	0
0.04	0.01	0.0087453	24.2661	1125.33	0
0.04	0.01	0.0087453	26.0016	1118.27	0
0.04	0.01	0.0087453	27.8612	1118	0
0.04	0.01	0.0087453	29.8538	1116.87	0
0.04	0.01	0.0087453	31.989	1124.33	0
0.04	0.01	0.0087453	34.2768	1139.94	0
0.04	0.01	0.0087453	36.7282	1165.39	0
0.04	0.01	0.0087453	39.355	1181.63	0
0.04	0.01	0.0087453	42.1697	1176.12	0
0.04	0.01	0.0087453	45.1856	1161.2	0
0.04	0.01	0.0087453	48.4172	1155.53	0
0.04	0.01	0.0087453	51.88	1153.74	0
0.04	0.01	0.0087453	55.5904	1146.92	0
0.04	0.01	0.0087453	59.5662	1126.71	0
0.04	0.01	0.0087453	63.8263	1118.88	0
0.04	0.01	0.0087453	68.3912	1121.68	0
0.04	0.01	0.0087453	73.2825	1123.85	0
0.04	0.01	0.0087453	78.5236	1117.49	0
0.04	0.01	0.0087453	84.1395	1117.02	0
0.04	0.01	0.0087453	90.1571	1121.66	0
0.04	0.01	0.0087453	96.6051	1123.02	0
0.04	0.01	0.00955489	0.103514	0.000907045	0
0.04	0.01	0.00955489	0.110917	0.00937612	0
0.04	0.01	0.00955489	0.11885	0.0299993	0
0.04	0.01	0.00955489	0.12735	0.0679102	0
0.04	0.01	0.00955489	0.136458	0.129996	0
0.04	0.01	0.00955489	0.146218	0.225439	0
0.04	0.01	0.00955489	0.156675	0.366413	0
0.04	0.01	0.00955489	0.16788	0.568973	0
0.04	0.01	0.00955489	0.179887	0.854179	0
0.04	0.01	0.00955489	0.192752	1.24952	0
0.04	0.01	0.00955489	0.206538	1.79066	0
0.04	0.01	0.00955489	0.221309	2.52366	0
0.04	0.01	0.00955489	0.237137	3.50761	0
0.04	0.01	0.00955489	0.254097	4.81782	0
0.04	0.01	0.00955489	0.27227	6.5496	0
0.04	0.01	0.00955489	0.291743	8.82258	0
0.04	0.01	0.00955489	0.312608	11.7856	0
0.04	0.01	0.00955489	0.334965	15.6217	0
0.04	0.01	0.00955489	0.358922	20.5538	0
0.04	0.01	0.00955489	0.384592	26.8491	0
0.04	0.01	0.00955489	0.412098	34.8227	0
0.04	0.01	0.00955489	0.44157	44.8398	0
0.04	0.01	0.00955489	0.473151	57.3134	0
0.04	0.01	0.00955489	0.506991	72.6984	0
0.04	0.01	0.00955489	0.54325	91.479	0
0.04	0.01	0.00955489	0.582103	114.149	0
0.04	0.01	0.00955489	0.623735	141.186	0
0.04	0.01	0.00955489	0.668344	173.013	0
0.04	0.01	0.00955489	0.716143	209.964	0
0.04	0.01	0.00955489	0.767361	252.242	0
0.04	0.01	0.00955489	0.822243	299.88	0
0.04	0.01	0.00955489	0.881049	352.713	0
0.04	0.01	0.00955489	0.944061	410.36	0
0.04	0.01	0.00955489	1.01158	472.203	0
0.04	0.01	0.00955489	1.08393	537.378	0
0.04	0.01	0.00955489	1.16145	604.738	0
0.04	0.01	0.00955489	1.24451	672.818	0
0.04	0.01	0.00955489	1.33352	739.807	0
0.04	0.01	0.00955489	1.42889	803.595	0
0.04	0.01	0.00955489	1.53109	861.981	0
0.04	0.01	0.00955489	1.64059	913.075	0
0.04	0.01	0.00955489	1.75792	955.825	0
0.04	0.01	0.00955489	1.88365	990.411	0
0.04	0.01	0.00955489	2.01837	1018.22	0
0.04	0.01	0.00955489	2.16272	1041.37	0
0.04	0.01	0.00955489	2.31739	1062.18	0
0.04	0.01	0.00955489	2.48313	1083.29	0
0.04	0.01	0.00955489	2.66073	1108.09	0
0.04	0.01	0.00955489	2.85102	1140.24	0
0.04	0.01	0.00955489	3.05492	1180.94	0
0.04	0.01	0.00955489	3.27341	1226.44	0
0.04	0.01	0.00955489	3.50752	1269.71	0
0.04	0.01	0.00955489	3.75837	1304.81	0
0.04	0.01	0.00955489	4.02717	1328.27	0
0.04	0.01	0.00955489	4.31519	1340.48	0
0.04	0.01	0.00955489	4.62381	1349.31	0
0.04	0.01	0.00955489	4.9545	1362.02	0
0.04	0.01	0.00955489	5.30884	1376.64	0
0.04	0.01	0.00955489	5.68853	1389.07	0
0.04	0.01	0.00955489	6.09537	1400.78	0
0.04	0.01	0.00955489	6.53131	1424.32	0
0.04	0.01	0.00955489	6.99842	1460.43	0
0.04	0.01	0.00955489	7.49894	1484.99	0
0.04	0.01	0.00955489	8.03526	1473.4	0
0.04	0.01	0.00955489	8.60994	1432.19	0
0.04	0.01	0.00955489	9.22571	1371.7	0
0.04	0.01	0.00955489	9.88553	1309.56	0
0.04	0.01	0.00955489	10.5925	1270.75	0
0.04	0.01	0.00955489	11.3501	1231.82	0
0.04	0.01	0.00955489	12.1619	1186.56	0
0.04	0.01	0.00955489	13.0317	1146.27	0
0.04	0.01	0.00955489	13.9637	1128.51	0
0.04	0.01	0.00955489	14.9624	1119.27	0
0.04	0.01	0.00955489	16.0325	1113.09	0
0.04	0.01	0.00955489	17.1791	1123.47	0
0.04	0.01	0.00955489	18.4077	1142.68	0
0.04	0.01	0.00955489	19.7242	1146.4	0
0.04	0.01	0.00955489	21.1349	1148.89	0
0.04	0.01	0.00955489	22.6464	1138.61	0
0.04	0.01	0.00955489	24.2661	1125.33	0
0.04	0.01	0.00955489	26.0016	1118.27	0
0.04	0.01	0.00955489	27.8612	1118	0
0.04	0.01	0.00955489	29.8538	1116.87	0
0.04	0.01	0.00955489	31.989	1124.33	0
0.04	0.01	0.00955489	34.2768	1139.94	0
0.04	0.01	0.00955489	36.7282	1165.39	0
0.04	0.01	0.00955489	39.355	1181.63	0
0.04	0.01	0.00955489	42.1697	1176.12	0
0.04	0.01	0.00955489	45.1856	1161.2	0
0.04	0.01	0.00955489	48.4172	1155.53	0
0.04	0.01	0.00955489	51.88	1153.74	0
0.04	0.01	0.00955489	55.5904	1146.92	0
0.04	0.01	0.00955489	59.5662	1126.7	0
0.04	0.01	0.00955489	63.8263	1118.88	0
0.04	0.01	0.00955489	68.3912	1121.68	0
0.04	0.01	0.00955489	73.2825	1123.85	0
0.04	0.01	0.00955489	78.5236	1117.49	0
0.04	0.01	0.00955489	84.1395	1117.02	0
0.04	0.01	0.00955489	90.1571	1121.65	0
0.04	0.01	0.00955489	96.6051	1123.02	0
0.04	0.01	0.0104394	0.103514	0.000907045	0
0.04	0.01	0.0104394	0.110917	0.00937611	0
0.04	0.01	0.0104394	0.11885	0.0299993	0
0.04	0.01	0.0104394	0.12735	0.0679102	0
0.04	0.01	0.0104394	0.136458	0.129996	0
0.04	0.01	0.0104394	0.146218	0.225439	0
0.04	0.01	0.0104394	0.156675	0.366413	0
0.04	0.01	0.0104394	0.16788	0.568973	0
0.04	0.01	0.0104394	0.179887	0.854179	0
0.04	0.01	0.0104394	0.192752	1.24952	0
0.04	0.01	0.0104394	0.206538	1.79066	0
0.04	0.01	0.0104394	0.221309	2.52366	0
0.04	0.01	0.0104394	0.237137	3.50761	0
0.04	0.01	0.0104394	0.254097	4.81782	0
0.04	0.01	0.0104394	0.27227	6.5496	0
0.04	0.01	0.0104394	0.291743	8.82258	0
0.04	0.01	0.0104394	0.312608	11.7856	0
0.04	0.01	0.0104394	0.334965	15.6217	0
0.04	0.01	0.0104394	0.358922	20.5538	0
0.04	0.01	0.0104394	0.384592	26.8491	0
0.04	0.01	0.0104394	0.412098	34.8227	0
0.04	0.01	0.0104394	0.44157	44.8398	0
0.04	0.01	0.0104394	0.473151	57.3134	0
0.04	0.01	0.0104394	0.506991	72.6984	0
0.04	0.01	0.0104394	0.54325	91.479	0
0.04	0.01	0.0104394	0.582103	114.149	0
0.04	0.01	0.0104394	0.623735	141.186	0
0.04	0.01	0.0104394	0.668344	173.013	0
0.04	0.01	0.0104394	0.716143	209.964	0
0.04	0.01	0.0104394	0.767361	252.242	0
0.04	0.01	0.0104394	0.822243	299.88	0
0.04	0.01	0.0104394	0.881049	352.713	0
0.04	0.01	0.0104394	0.944061	410.36	0
0.04	0.01	0.0104394	1.01158	472.203	0
0.04	0.01	0.0104394	1.08393	537.378	0
0.04	0.01	0.0104394	1.16145	604.738	0
0.04	0.01	0.0104394	1.24451	672.818	0
0.04	0.01	0.0104394	1.33352	739.807	0
0.04	0.01	0.0104394	1.42889	803.595	0
0.04	0.01	0.0104394	1.53109	861.98	0
0.04	0.01	0.0104394	1.64059	913.074	0
0.04	0.01	0.0104394	1.75792	955.824	0
0.04	0.01	0.0104394	1.88365	990.411	0
0.04	0.01	0.0104394	2.01837	1018.22	0
0.04	0.01	0.0104394	2.16272	1041.37	0
0.04	0.01	0.0104394	2.31739	1062.18	0
0.04	0.01	0.0104394	2.48313	1083.28	0
0.04	0.01	0.0104394	2.66073	1108.09	0
0.04	0.01	0.0104394	2.85102	1140.24	0
0.04	0.01	0.0104394	3.05492	1180.94	0
0.04	0.01	0.0104394	3.27341	1226.44	0
0.04	0.01	0.0104394	3.50752	1269.71	0
0.04	0.01	0.0104394	3.75837	1304.81	0
0.04	0.01	0.0104394	4.02717	1328.26	0
0.04	0.01	0.0104394	4.31519	1340.48	0
0.04	0.01	0.0104394	4.62381	1349.31	0
0.04	0.01	0.0104394	4.9545	1362.02	0
0.04	0.01	0.0104394	5.30884	1376.64	0
0.04	0.01	0.0104394	5.68853	1389.07	0
0.04	0.01	0.0104394	6.09537	1400.77	0
0.04	0.01	0.0104394	6.53131	1424.31	0
0.04	0.01	0.0104394	6.99842	1460.43	0
0.04	0.01	0.0104394	7.49894	1484.99	0
0.04	0.01	0.0104394	8.03526	1473.4	0
0.04	0.01	0.0104394	8.60994	1432.19	0
0.04	0.01	0.0104394	9.22571	1371.7	0
0.04	0.01	0.0104394	9.88553	1309.56	0
0.04	0.01	0.0104394	10.5925	1270.74	0
0.04	0.01	0.0104394	11.3501	1231.82	0
0.04	0.01	0.0104394	12.1619	1186.56	0
0.04	0.01	0.0104394	13.0317	1146.27	0
0.04	0.01	0.0104394	13.9637	1128.51	0
0.04	0.01	0.0104394	14.9624	1119.27	0
0.04	0.01	0.0104394	16.0325	1113.09	0
0.04	0.01	0.0104394	17.1791	1123.47	0
0.04	0.01	0.0104394	18.4077	1142.68	0
0.04	0.01	0.0104394	19.7242	1146.4	0
0.04	0.01	0.0104394	21.1349	1148.89	0
0.04	0.01	0.0104394	22.6464	1138.61	0
0.04	0.01	0.0104394	24.2661	1125.33	0
0.04	0.01	0.0104394	26.0016	1118.26	0
0.04	0.01	0.0104394	27.8612	1118	0
0.04	0.01	0.0104394	29.8538	1116.86	0
0.04	0.01	0.0104394	31.989	1124.33	0
0.04	0.01	0.0104394	34.2768	1139.94	0
0.04	0.01	0.0104394	36.7282	1165.39	0
0.04	0.01	0.0104394	39.355	1181.63	0
0.04	0.01	0.0104394	42.1697	1176.12	0
0.04	0.01	0.0104394	45.1856	1161.2	0
0.04	0.01	0.0104394	48.4172	1155.53	0
0.04	0.01	0.0104394	51.88	1153.74	0
0.04	0.01	0.0104394	55.5904	1146.92	0
0.04	0.01	0.0104394	59.5662	1126.7	0
0.04	0.01	0.0104394	63.8263	1118.88	0
0.04	0.01	0.0104394	68.3912	1121.68	0
0.04	0.01	0.0104394	73.2825	1123.85	0
0.04	0.01	0.0104394	78.5236	1117.49	0
0.04	0.01	0.0104394	84.1395	1117.02	0
0.04	0.01	0.0104394	90.1571	1121.65	0
0.04	0.01	0.0104394	96.6051	1123.02	0
0.04	0.01	0.0114058	0.103514	0.000907044	0
0.04	0.01	0.0114058	0.110917	0.00937611	0
0.04	0.01	0.0114058	0.11885	0.0299993	0
0.04	0.01	0.0114058	0.12735	0.0679102	0
0.04	0.01	0.0114058	0.136458	0.129996	0
0.04	0.01	0.0114058	0.146218	0.225439	0
0.04	0.01	0.0114058	0.156675	0.366413	0
0.04	0.01	0.0114058	0.16788	0.568973	0
0.04	0.01	0.0114058	0.179887	0.854179	0
0.04	0.01	0.0114058	0.192752	1.24952	0
0.04	0.01	0.0114058	0.206538	1.79066	0
0.04	0.01	0.0114058	0.221309	2.52366	0
0.04	0.01	0.0114058	0.237137	3.50761	0
0.04	0.01	0.0114058	0.254097	4.81782	0
0.04	0.01	0.0114058	0.27227	6.5496	0
0.04	0.01	0.0114058	0.291743	8.82258	0
0.04	0.01	0.0114058	0.312608	11.7856	0
0.04	0.01	0.0114058	0.334965	15.6217	0
0.04	0.01	0.0114058	0.358922	20.5538	0
0.04	0.01	0.0114058	0.384592	26.8491	0
0.04	0.01	0.0114058	0.412098	34.8227	0
0.04	0.01	0.0114058	0.44157	44.8398	0
0.04	0.01	0.0114058	0.473151	57.3134	0
0.04	0.01	0.0114058	0.506991	72.6984	0
0.04	0.01	0.0114058	0.54325	91.479	0
0.04	0.01	0.0114058	0.582103	114.149	0
0.04	0.01	0.0114058	0.623735	141.186	0
0.04	0.01	0.0114058	0.668344	173.013	0
0.04	0.01	0.0114058	0.716143	209.964	0
0.04	0.01	0.0114058	0.767361	252.242	0
0.04	0.01	0.0114058	0.822243	299.88	0
0.04	0.01	0.0114058	0.881049	352.713	0
0.04	0.01	0.0114058	0.944061	410.36	0
0.04	0.01	0.0114058	1.01158	472.203	0
0.04	0.01	0.0114058	1.08393	537.378	0
0.04	0.01	0.0114058	1.16145	604.738	0
0.04	0.01	0.0114058	1.24451	672.818	0
0.04	0.01	0.0114058	1.33352	739.806	0
0.04	0.01	0.0114058	1.42889	803.594	0
0.04	0.01	0.0114058	1.53109	861.98	0
0.04	0.01	0.0114058	1.64059	913.074	0
0.04	0.01	0.0114058	1.75792	955.824	0
0.04	0.01	0.0114058	1.88365	990.41	0
0.04	0.01	0.0114058	2.01837	1018.22	0
0.04	0.01	0.0114058	2.16272	1041.37	0
0.04	0.01	0.0114058	2.31739	1062.18	0
0.04	0.01	0.0114058	2.48313	1083.28	0
0.04	0.01	0.0114058	2.66073	1108.09	0
0.04	0.01	0.0114058	2.85102	1140.24	0
0.04	0.01	0.0114058	3.05492	1180.94	0
0.04	0.01	0.0114058	3.27341	1226.44	0
0.04	0.01	0.0114058	3.50752	1269.71	0
0.04	0.01	0.0114058	3.75837	1304.81	0
0.04	0.01	0.0114058	4.02717	1328.26	0
0.04	0.01	0.0114058	4.31519	1340.48	0
0.04	0.01	0.0114058	4.62381	1349.31	0
0.04	0.01	0.0114058	4.9545	1362.02	0
0.04	0.01	0.0114058	5.30884	1376.64	0
0.04	0.01	0.0114058	5.68853	1389.07	0
0.04	0.01	0.0114058	6.09537	1400.77	0
0.04	0.01	0.0114058	6.53131	1424.31	0
0.04	0.01	0.0114058	6.99842	1460.43	0
0.04	0.01	0.0114058	7.49894	1484.99	0
0.04	0.01	0.0114058	8.03526	1473.4	0
0.04	0.01	0.0114058	8.60994	1432.19	0
0.04	0.01	0.0114058	9.22571	1371.7	0
0.04	0.01	0.0114058	9.88553	1309.56	0
0.04	0.01	0.0114058	10.5925	1270.74	0
0.04	0.01	0.0114058	11.3501	1231.82	0
0.04	0.01	0.0114058	12.1619	1186.56	0
0.04	0.01	0.0114058	13.0317	1146.27	0
0.04	0.01	0.0114058	13.9637	1128.51	0
0.04	0.01	0.0114058	14.9624	1119.27	0
0.04	0.01	0.0114058	16.0325	1113.09	0
0.04	0.01	0.0114058	17.1791	1123.47	0
0.04	0.01	0.0114058	18.4077	1142.68	0
0.04	0.01	0.0114058	19.7242	1146.4	0
0.04	0.01	0.0114058	21.1349	1148.89	0
0.04	0.01	0.0114058	22.6464	1138.61	0
0.04	0.01	0.0114058	24.2661	1125.33	0
0.04	0.01	0.0114058	26.0016	1118.26	0
0.04	0.01	0.0114058	27.8612	1118	0
0.04	0.01	0.0114058	29.8538	1116.86	0
0.04	0.01	0.0114058	31.989	1124.32	0
0.04	0.01	0.0114058	34.2768	1139.94	0
0.04	0.01	0.0114058	36.7282	1165.39	0
0.04	0.01	0.0114058	39.355	1181.62	0
0.04	0.01	0.0114058	42.1697	1176.12	0
0.04	0.01	0.0114058	45.1856	1161.2	0
0.04	0.01	0.0114058	48.4172	1155.53	0
0.04	0.01	0.0114058	51.88	1153.74	0
0.04	0.01	0.0114058	55.5904	1146.92	0
0.04	0.01	0.0114058	59.5662	1126.7	0
0.04	0.01	0.0114058	63.8263	1118.88	0
0.04	0.01	0.0114058	68.3912	1121.68	0
0.04	0.01	0.0114058	73.2825	1123.85	0
0.04	0.01	0.0114058	78.5236	1117.49	0
0.04	0.01	0.0114058	84.1395	1117.01	0
0.04	0.01	0.0114058	90.1571	1121.65	0
0.04	0.01	0.0114058	96.6051	1123.01	0
0.04	0.01	0.0124617	0.103514	0.000907043	0
0.04	0.01	0.0124617	0.110917	0.00937611	0
0.04	0.01	0.0124617	0.11885	0.0299993	0
0.04	0.01	0.0124617	0.12735	0.0679101	0
0.04	0.01	0.0124617	0.136458	0.129996	0
0.04	0.01	0.0124617	0.146218	0.225439	0
0.04	0.01	0.0124617	0.156675	0.366413	0
0.04	0.01	0.0124617	0.16788	0.568973	0
0.04	0.01	0.0124617	0.179887	0.854179	0
0.04	0.01	0.0124617	0.192752	1.24952	0
0.04	0.01	0.0124617	0.206538	1.79066	0
0.04	0.01	0.0124617	0.221309	2.52366	0
0.04	0.01	0.0124617	0.237137	3.50761	0
0.04	0.01	0.0124617	0.254097	4.81782	0
0.04	0.01	0.0124617	0.27227	6.5496	0
0.04	0.01	0.0124617	0.291743	8.82258	0
0.04	0.01	0.0124617	0.312608	11.7856	0
0.04	0.01	0.0124617	0.334965	15.6217	0
0.04	0.01	0.0124617	0.358922	20.5538	0
0.04	0.01	0.0124617	0.384592	26.8491	0
0.04	0.01	0.0124617	0.412098	34.8227	0
0.04	0.01	0.0124617	0.44157	44.8397	0
0.04	0.01	0.0124617	0.473151	57.3134	0
0.04	0.01	0.0124617	0.506991	72.6984	0
0.04	0.01	0.0124617	0.54325	91.479	0
0.04	0.01	0.0124617	0.582103	114.149	0
0.04	0.01	0.0124617	0.623735	141.186	0
0.04	0.01	0.0124617	0.668344	173.013	0
0.04	0.01	0.0124617	0.716143	209.964	0
0.04	0.01	0.0124617	0.767361	252.242	0
0.04	0.01	0.0124617	0.822243	299.88	0
0.04	0.01	0.0124617	0.881049	352.713	0
0.04	0.01	0.0124617	0.944061	410.36	0
0.04	0.01	0.0124617	1.01158	472.203	0
0.04	0.01	0.0124617	1.08393	537.378	0
0.04	0.01	0.0124617	1.16145	604.738	0
0.04	0.01	0.0124617	1.24451	672.818	0
0.04	0.01	0.0124617	1.33352	739.806	0
0.04	0.01	0.0124617	1.42889	803.594	0
0.04	0.01	0.0124617	1.53109	861.98	0
0.04	0.01	0.0124617	1.64059	913.074	0
0.04	0.01	0.0124617	1.75792	955.823	0
0.04	0.01	0.0124617	1.88365	990.41	0
0.04	0.01	0.0124617	2.01837	1018.22	0
0.04	0.01	0.0124617	2.16272	1041.37	0
0.04	0.01	0.0124617	2.31739	1062.18	0
0.04	0.01	0.0124617	2.48313	1083.28	0
0.04	0.01	0.0124617	2.66073	1108.09	0
0.04	0.01	0.0124617	2.85102	1140.24	0
0.04	0.01	0.0124617	3.05492	1180.94	0
0.04	0.01	0.0124617	3.27341	1226.44	0
0.04	0.01	0.0124617	3.50752	1269.71	0
0.04	0.01	0.0124617	3.75837	1304.81	0
0.04	0.01	0.0124617	4.02717	1328.26	0
0.04	0.01	0.0124617	4.31519	1340.48	0
0.04	0.01	0.0124617	4.62381	1349.31	0
0.04	0.01	0.0124617	4.9545	1362.02	0
0.04	0.01	0.0124617	5.30884	1376.63	0
0.04	0.01	0.0124617	5.68853	1389.06	0
0.04	0.01	0.0124617	6.09537	1400.77	0
0.04	0.01	0.0124617	6.53131	1424.31	0
0.04	0.01	0.0124617	6.99842	1460.43	0
0.04	0.01	0.0124617	7.49894	1484.99	0
0.04	0.01	0.0124617	8.03526	1473.39	0
0.04	0.01	0.0124617	8.60994	1432.19	0
0.04	0.01	0.0124617	9.22571	1371.7	0
0.04	0.01	0.0124617	9.88553	1309.56	0
0.04	0.01	0.0124617	10.5925	1270.74	0
0.04	0.01	0.0124617	11.3501	1231.82	0
0.04	0.01	0.0124617	12.1619	1186.56	0
0.04	0.01	0.0124617	13.0317	1146.27	0
0.04	0.01	0.0124617	13.9637	1128.51	0
0.04	0.01	0.0124617	14.9624	1119.27	0
0.04	0.01	0.0124617	16.0325	1113.09	0
0.04	0.01	0.0124617	17.1791	1123.47	0
0.04	0.01	0.0124617	18.4077	1142.67	0
0.04	0.01	0.0124617	19.7242	1146.39	0
0.04	0.01	0.0124617	21.1349	1148.89	0
0.04	0.01	0.0124617	22.6464	1138.6	0
0.04	0.01	0.0124617	24.2661	1125.33	0
0.04	0.01	0.0124617	26.0016	1118.26	0
0.04	0.01	0.0124617	27.8612	1118	0
0.04	0.01	0.0124617	29.8538	1116.86	0
0.04	0.01	0.0124617	31.989	1124.32	0
0.04	0.01	0.0124617	34.2768	1139.93	0
0.04	0.01	0.0124617	36.7282	1165.39	0
0.04	0.01	0.0124617	39.355	1181.62	0
0.04	0.01	0.0124617	42.1697	1176.11	0
0.04	0.01	0.0124617	45.1856	1161.2	0
0.04	0.01	0.0124617	48.4172	1155.53	0
0.04	0.01	0.0124617	51.88	1153.74	0
0.04	0.01	0.0124617	55.5904	1146.92	0
0.04	0.01	0.0124617	59.5662	1126.7	0
0.04	0.01	0.0124617	63.8263	1118.88	0
0.04	0.01	0.0124617	68.3912	1121.68	0
0.04	0.01	0.0124617	73.2825	1123.85	0
0.04	0.01	0.0124617	78.5236	1117.49	0
0.04	0.01	0.0124617	84.1395	1117.01	0
0.04	0.01	0.0124617	90.1571	1121.65	0
0.04	0.01	0.0124617	96.6051	1123.01	0
0.04	0.01	0.0136154	0.103514	0.000907042	0
0.04	0.01	0.0136154	0.110917	0.0093761	0
0.04	0.01	0.0136154	0.11885	0.0299993	0
0.04	0.01	0.0136154	0.12735	0.0679101	0
0.04	0.01	0.0136154	0.136458	0.129996	0
0.04	0.01	0.0136154	0.146218	0.225439	0
0.04	0.01	0.0136154	0.156675	0.366413	0
0.04	0.01	0.0136154	0.16788	0.568973	0
0.04	0.01	0.0136154	0.179887	0.854179	0
0.04	0.01	0.0136154	0.192752	1.24952	0
0.04	0.01	0.0136154	0.206538	1.79066	0
0.04	0.01	0.0136154	0.221309	2.52366	0
0.04	0.01	0.0136154	0.237137	3.50761	0
0.04	0.01	0.0136154	0.254097	4.81782	0
0.04	0.01	0.0136154	0.27227	6.5496	0
0.04	0.01	0.0136154	0.291743	8.82258	0
0.04	0.01	0.0136154	0.312608	11.7856	0
0.04	0.01	0.0136154	0.334965	15.6217	0
0.04	0.01	0.0136154	0.358922	20.5538	0
0.04	0.01	0.0136154	0.384592	26.8491	0
0.04	0.01	0.0136154	0.412098	34.8227	0
0.04	0.01	0.0136154	0.44157	44.8397	0
0.04	0.01	0.0136154	0.473151	57.3134	0
0.04	0.01	0.0136154	0.506991	72.6984	0
0.04	0.01	0.0136154	0.54325	91.479	0
0.04	0.01	0.0136154	0.582103	114.149	0
0.04	0.01	0.0136154	0.623735	141.186	0
0.04	0.01	0.0136154	0.668344	173.013	0
0.04	0.01	0.0136154	0.716143	209.964	0
0.04	0.01	0.0136154	0.767361	252.242	0
0.04	0.01	0.0136154	0.822243	299.88	0
0.04	0.01	0.0136154	0.881049	352.713	0
0.04	0.01	0.0136154	0.944061	410.36	0
0.04	0.01	0.0136154	1.01158	472.203	0
0.04	0.01	0.0136154	1.08393	537.378	0
0.04	0.01	0.0136154	1.16145	604.738	0
0.04	0.01	0.0136154	1.24451	672.818	0
0.04	0.01	0.0136154	1.33352	739.806	0
0.04	0.01	0.0136154	1.42889	803.594	0
0.04	0.01	0.0136154	1.53109	861.979	0
0.04	0.01	0.0136154	1.64059	913.073	0
0.04	0.01	0.0136154	1.75792	955.823	0
0.04	0.01	0.0136154	1.88365	990.409	0
0.04	0.01	0.0136154	2.01837	1018.22	0
0.04	0.01	0.0136154	2.16272	1041.37	0
0.04	0.01	0.0136154	2.31739	1062.18	0
0.04	0.01	0.0136154	2.48313	1083.28	0
0.04	0.01	0.0136154	2.66073	1108.09	0
0.04	0.01	0.0136154	2.85102	1140.24	0
0.04	0.01	0.0136154	3.05492	1180.94	0
0.04	0.01	0.0136154	3.27341	1226.44	0
0.04	0.01	0.0136154	3.50752	1269.71	0
0.04	0.01	0.0136154	3.75837	1304.81	0
0.04	0.01	0.0136154	4.02717	1328.26	0
0.04	0.01	0.0136154	4.31519	1340.48	0
0.04	0.01	0.0136154	4.62381	1349.31	0
0.04	0.01	0.0136154	4.9545	1362.02	0
0.04	0.01	0.0136154	5.30884	1376.63	0
0.04	0.01	0.0136154	5.68853	1389.06	0
0.04	0.01	0.0136154	6.09537	1400.77	0
0.04	0.01	0.0136154	6.53131	1424.31	0
0.04	0.01	0.0136154	6.99842	1460.42	0
0.04	0.01	0.0136154	7.49894	1484.98	0
0.04	0.01	0.0136154	8.03526	1473.39	0
0.04	0.01	0.0136154	8.60994	1432.18	0
0.04	0.01	0.0136154	9.22571	1371.7	0
0.04	0.01	0.0136154	9.88553	1309.56	0
0.04	0.01	0.0136154	10.5925	1270.74	0
0.04	0.01	0.0136154	11.3501	1231.82	0
0.04	0.01	0.0136154	12.1619	1186.56	0
0.04	0.01	0.0136154	13.0317	1146.27	0
0.04	0.01	0.0136154	13.9637	1128.51	0
0.04	0.01	0.0136154	14.9624	1119.27	0
0.04	0.01	0.0136154	16.0325	1113.09	0
0.04	0.01	0.0136154	17.1791	1123.47	0
0.04	0.01	0.0136154	18.4077	1142.67	0
0.04	0.01	0.0136154	19.7242	1146.39	0
0.04	0.01	0.0136154	21.1349	1148.89	0
0.04	0.01	0.0136154	22.6464	1138.6	0
0.04	0.01	0.0136154	24.2661	1125.33	0
0.04	0.01	0.0136154	26.0016	1118.26	0
0.04	0.01	0.0136154	27.8612	1118	0
0.04	0.01	0.0136154	29.8538	1116.86	0
0.04	0.01	0.0136154	31.989	1124.32	0
0.04	0.01	0.0136154	34.2768	1139.93	0
0.04	0.01	0.0136154	36.7282	1165.39	0
0.04	0.01	0.0136154	39.355	1181.62	0
0.04	0.01	0.0136154	42.1697	1176.11	0
0.04	0.01	0.0136154	45.1856	1161.2	0
0.04	0.01	0.0136154	48.4172	1155.53	0
0.04	0.01	0.0136154	51.88	1153.74	0
0.04	0.01	0.0136154	55.5904	1146.92	0
0.04	0.01	0.0136154	59.5662	1126.7	0
0.04	0.01	0.0136154	63.8263	1118.88	0
0.04	0.01	0.0136154	68.3912	1121.68	0
0.04	0.01	0.0136154	73.2825	1123.85	0
0.04	0.01	0.0136154	78.5236	1117.49	0
0.04	0.01	0.0136154	84.1395	1117.01	0
0.04	0.01	0.0136154	90.1571	1121.65	0
0.04	0.01	0.0136154	96.6051	1123.01	0
0.04	0.01	0.0148758	0.103514	0.000907041	0
0.04	0.01	0.0148758	0.110917	0.0093761	0
0.04	0.01	0.0148758	0.11885	0.0299992	0
0.04	0.01	0.0148758	0.12735	0.0679101	0
0.04	0.01	0.0148758	0.136458	0.129996	0
0.04	0.01	0.0148758	0.146218	0.225439	0
0.04	0.01	0.0148758	0.156675	0.366413	0
0.04	0.01	0.0148758	0.16788	0.568973	0
0.04	0.01	0.0148758	0.179887	0.854179	0
0.04	0.01	0.0148758	0.192752	1.24952	0
0.04	0.01	0.0148758	0.206538	1.79066	0
0.04	0.01	0.0148758	0.221309	2.52366	0
0.04	0.01	0.0148758	0.237137	3.50761	0
0.04	0.01	0.0148758	0.254097	4.81782	0
0.04	0.01	0.0148758	0.27227	6.54959	0
0.04	0.01	0.0148758	0.291743	8.82258	0
0.04	0.01	0.0148758	0.312608	11.7856	0
0.04	0.01	0.0148758	0.334965	15.6217	0
0.04	0.01	0.0148758	0.358922	20.5538	0
0.04	0.01	0.0148758	0.384592	26.8491	0
0.04	0.01	0.0148758	0.412098	34.8227	0
0.04	0.01	0.0148758	0.44157	44.8397	0
0.04	0.01	0.0148758	0.473151	57.3134	0
0.04	0.01	0.0148758	0.506991	72.6984	0
0.04	0.01	0.0148758	0.54325	91.479	0
0.04	0.01	0.0148758	0.582103	114.149	0
0.04	0.01	0.0148758	0.623735	141.186	0
0.04	0.01	0.0148758	0.668344	173.013	0
0.04	0.01	0.0148758	0.716143	209.964	0
0.04	0.01	0.0148758	0.767361	252.242	0
0.04	0.01	0.0148758	0.822243	299.88	0
0.04	0.01	0.0148758	0.881049	352.713	0
0.04	0.01	0.0148758	0.944061	410.36	0
0.04	0.01	0.0148758	1.01158	472.203	0
0.04	0.01	0.0148758	1.08393	537.377	0
0.04	0.01	0.0148758	1.16145	604.737	0
0.04	0.01	0.0148758	1.24451	672.817	0
0.04	0.01	0.0148758	1.33352	739.806	0
0.04	0.01	0.0148758	1.42889	803.594	0
0.04	0.01	0.0148758	1.53109	861.979	0
0.04	0.01	0.0148758	1.64059	913.073	0
0.04	0.01	0.0148758	1.75792	955.822	0
0.04	0.01	0.0148758	1.88365	990.409	0
0.04	0.01	0.0148758	2.01837	1018.22	0
0.04	0.01	0.0148758	2.16272	1041.37	0
0.04	0.01	0.0148758	2.31739	1062.18	0
0.04	0.01	0.0148758	2.48313	1083.28	0
0.04	0.01	0.0148758	2.66073	1108.09	0
0.04	0.01	0.0148758	2.85102	1140.24	0
0.04	0.01	0.0148758	3.05492	1180.94	0
0.04	0.01	0.0148758	3.27341	1226.44	0
0.04	0.01	0.0148758	3.50752	1269.71	0
0.04	0.01	0.0148758	3.75837	1304.81	0
0.04	0.01	0.0148758	4.02717	1328.26	0
0.04	0.01	0.0148758	4.31519	1340.48	0
0.04	0.01	0.0148758	4.62381	1349.31	0
0.04	0.01	0.0148758	4.9545	1362.02	0
0.04	0.01	0.0148758	5.30884	1376.63	0
0.04	0.01	0.0148758	5.68853	1389.06	0
0.04	0.01	0.0148758	6.09537	1400.77	0
0.04	0.01	0.0148758	6.53131	1424.31	0
0.04	0.01	0.0148758	6.99842	1460.42	0
0.04	0.01	0.0148758	7.49894	1484.98	0
0.04	0.01	0.0148758	8.03526	1473.39	0
0.04	0.01	0.0148758	8.60994	1432.18	0
0.04	0.01	0.0148758	9.22571	1371.69	0
0.04	0.01	0.0148758	9.88553	1309.56	0
0.04	0.01	0.0148758	10.5925	1270.74	0
0.04	0.01	0.0148758	11.3501	1231.82	0
0.04	0.01	0.0148758	12.1619	1186.56	0
0.04	0.01	0.0148758	13.0317	1146.27	0
0.04	0.01	0.0148758	13.9637	1128.51	0
0.04	0.01	0.0148758	14.9624	1119.27	0
0.04	0.01	0.0148758	16.0325	1113.09	0
0.04	0.01	0.0148758	17.1791	1123.47	0
0.04	0.01	0.0148758	18.4077	1142.67	0
0.04	0.01	0.0148758	19.7242	1146.39	0
0.04	0.01	0.0148758	21.1349	1148.89	0
0.04	0.01	0.0148758	22.6464	1138.6	0
0.04	0.01	0.0148758	24.2661	1125.33	0
0.04	0.01	0.0148758	26.0016	1118.26	0
0.04	0.01	0.0148758	27.8612	1118	0
0.04	0.01	0.0148758	29.8538	1116.86	0
0.04	0.01	0.0148758	31.989	1124.32	0
0.04	0.01	0.0148758	34.2768	1139.93	0
0.04	0.01	0.0148758	36.7282	1165.39	0
0.04	0.01	0.0148758	39.355	1181.62	0
0.04	0.01	0.0148758	42.1697	1176.11	0
0.04	0.01	0.0148758	45.1856	1161.2	0
0.04	0.01	0.0148758	48.4172	1155.53	0
0.04	0.01	0.0148758	51.88	1153.74	0
0.04	0.01	0.0148758	55.5904	1146.92	0
0.04	0.01	0.0148758	59.5662	1126.7	0
0.04	0.01	0.0148758	63.8263	1118.88	0
0.04	0.01	0.0148758	68.3912	1121.68	0
0.04	0.01	0.0148758	73.2825	1123.85	0
0.04	0.01	0.0148758	78.5236	1117.48	0
0.04	0.01	0.0148758	84.1395	1117.01	0
0.04	0.01	0.0148758	90.1571	1121.65	0
0.04	0.01	0.0148758	96.6051	1123.01	0
0.04	0.01	0.0162529	0.103514	0.00090704	0
0.04	0.01	0.0162529	0.110917	0.0093761	0
0.04	0.01	0.0162529	0.11885	0.0299992	0
0.04	0.01	0.0162529	0.12735	0.0679101	0
0.04	0.01	0.0162529	0.136458	0.129996	0
0.04	0.01	0.0162529	0.146218	0.225439	0
0.04	0.01	0.0162529	0.156675	0.366413	0
0.04	0.01	0.0162529	0.16788	0.568973	0
0.04	0.01	0.0162529	0.179887	0.854179	0
0.04	0.01	0.0162529	0.192752	1.24952	0
0.04	0.01	0.0162529	0.206538	1.79066	0
0.04	0.01	0.0162529	0.221309	2.52366	0
0.04	0.01	0.0162529	0.237137	3.50761	0
0.04	0.01	0.0162529	0.254097	4.81782	0
0.04	0.01	0.0162529	0.27227	6.54959	0
0.04	0.01	0.0162529	0.291743	8.82258	0
0.04	0.01	0.0162529	0.312608	11.7856	0
0.04	0.01	0.0162529	0.334965	15.6217	0
0.04	0.01	0.0162529	0.358922	20.5538	0
0.04	0.01	0.0162529	0.384592	26.849	0
0.04	0.01	0.0162529	0.412098	34.8227	0
0.04	0.01	0.0162529	0.44157	44.8397	0
0.04	0.01	0.0162529	0.473151	57.3133	0
0.04	0.01	0.0162529	0.506991	72.6984	0
0.04	0.01	0.0162529	0.54325	91.479	0
0.04	0.01	0.0162529	0.582103	114.149	0
0.04	0.01	0.0162529	0.623735	141.186	0
0.04	0.01	0.0162529	0.668344	173.013	0
0.04	0.01	0.0162529	0.716143	209.964	0
0.04	0.01	0.0162529	0.767361	252.242	0
0.04	0.01	0.0162529	0.822243	299.88	0
0.04	0.01	0.0162529	0.881049	352.713	0
0.04	0.01	0.0162529	0.944061	410.359	0
0.04	0.01	0.0162529	1.01158	472.203	0
0.04	0.01	0.0162529	1.08393	537.377	0
0.04	0.01	0.0162529	1.16145	604.737	0
0.04	0.01	0.0162529	1.24451	672.817	0
0.04	0.01	0.0162529	1.33352	739.806	0
0.04	0.01	0.0162529	1.42889	803.593	0
0.04	0.01	0.0162529	1.53109	861.979	0
0.04	0.01	0.0162529	1.64059	913.072	0
0.04	0.01	0.0162529	1.75792	955.822	0
0.04	0.01	0.0162529	1.88365	990.408	0
0.04	0.01	0.0162529	2.01837	1018.22	0
0.04	0.01	0.0162529	2.16272	1041.37	0
0.04	0.01	0.0162529	2.31739	1062.18	0
0.04	0.01	0.0162529	2.48313	1083.28	0
0.04	0.01	0.0162529	2.66073	1108.09	0
0.04	0.01	0.0162529	2.85102	1140.24	0
0.04	0.01	0.0162529	3.05492	1180.94	0
0.04	0.01	0.0162529	3.27341	1226.44	0
0.04	0.01	0.0162529	3.50752	1269.7	0
0.04	0.01	0.0162529	3.75837	1304.81	0
0.04	0.01	0.0162529	4.02717	1328.26	0
0.04	0.01	0.0162529	4.31519	1340.48	0
0.04	0.01	0.0162529	4.62381	1349.3	0
0.04	0.01	0.0162529	4.9545	1362.02	0
0.04	0.01	0.0162529	5.30884	1376.63	0
0.04	0.01	0.0162529	5.68853	1389.06	0
0.04	0.01	0.0162529	6.09537	1400.77	0
0.04	0.01	0.0162529	6.53131	1424.3	0
0.04	0.01	0.0162529	6.99842	1460.42	0
0.04	0.01	0.0162529	7.49894	1484.98	0
0.04	0.01	0.0162529	8.03526	1473.39	0
0.04	0.01	0.0162529	8.60994	1432.18	0
0.04	0.01	0.0162529	9.22571	1371.69	0
0.04	0.01	0.0162529	9.88553	1309.55	0
0.04	0.01	0.0162529	10.5925	1270.74	0
0.04	0.01	0.0162529	11.3501	1231.82	0
0.04	0.01	0.0162529	12.1619	1186.56	0
0.04	0.01	0.0162529	13.0317	1146.27	0
0.04	0.01	0.0162529	13.9637	1128.51	0
0.04	0.01	0.0162529	14.9624	1119.27	0
0.04	0.01	0.0162529	16.0325	1113.09	0
0.04	0.01	0.0162529	17.1791	1123.47	0
0.04	0.01	0.0162529	18.4077	1142.67	0
0.04	0.01	0.0162529	19.7242	1146.39	0
0.04	0.01	0.0162529	21.1349	1148.89	0
0.04	0.01	0.0162529	22.6464	1138.6	0
0.04	0.01	0.0162529	24.2661	1125.33	0
0.04	0.01	0.0162529	26.0016	1118.26	0
0.04	0.01	0.0162529	27.8612	1118	0
0.04	0.01	0.0162529	29.8538	1116.86	0
0.04	0.01	0.0162529	31.989	1124.32	0
0.04	0.01	0.0162529	34.2768	1139.93	0
0.04	0.01	0.0162529	36.7282	1165.39	0
0.04	0.01	0.0162529	39.355	1181.62	0
0.04	0.01	0.0162529	42.1697	1176.11	0
0.04	0.01	0.0162529	45.1856	1161.2	0
0.04	0.01	0.0162529	48.4172	1155.53	0
0.04	0.01	0.0162529	51.88	1153.74	0
0.04	0.01	0.0162529	55.5904	1146.92	0
0.04	0.01	0.0162529	59.5662	1126.7	0
0.04	0.01	0.0162529	63.8263	1118.88	0
0.04	0.01	0.0162529	68.3912	1121.68	0
0.04	0.01	0.0162529	73.2825	1123.85	0
0.04	0.01	0.0162529	78.5236	1117.48	0
0.04	0.01	0.0162529	84.1395	1117.01	0
0.04	0.01	0.0162529	90.1571	1121.65	0
0.04	0.01	0.0162529	96.6051	1123.01	0
0.04	0.01	0.0177575	0.103514	0.000907039	0
0.04	0.01	0.0177575	0.110917	0.00937609	0
0.04	0.01	0.0177575	0.11885	0.0299992	0
0.04	0.01	0.0177575	0.12735	0.0679101	0
0.04	0.01	0.0177575	0.136458	0.129996	0
0.04	0.01	0.0177575	0.146218	0.225439	0
0.04	0.01	0.0177575	0.156675	0.366413	0
0.04	0.01	0.0177575	0.16788	0.568973	0
0.04	0.01	0.0177575	0.179887	0.854179	0
0.04	0.01	0.0177575	0.192752	1.24952	0
0.04	0.01	0.0177575	0.206538	1.79066	0
0.04	0.01	0.0177575	0.221309	2.52366	0
0.04	0.01	0.0177575	0.237137	3.50761	0
0.04	0.01	0.0177575	0.254097	4.81782	0
0.04	0.01	0.0177575	0.27227	6.54959	0
0.04	0.01	0.0177575	0.291743	8.82258	0
0.04	0.01	0.0177575	0.312608	11.7856	0
0.04	0.01	0.0177575	0.334965	15.6217	0
0.04	0.01	0.0177575	0.358922	20.5538	0
0.04	0.01	0.0177575	0.384592	26.849	0
0.04	0.01	0.0177575	0.412098	34.8227	0
0.04	0.01	0.0177575	0.44157	44.8397	0
0.04	0.01	0.0177575	0.473151	57.3133	0
0.04	0.01	0.0177575	0.506991	72.6983	0
0.04	0.01	0.0177575	0.54325	91.479	0
0.04	0.01	0.0177575	0.582103	114.149	0
0.04	0.01	0.0177575	0.623735	141.186	0
0.04	0.01	0.0177575	0.668344	173.013	0
0.04	0.01	0.0177575	0.716143	209.964	0
0.04	0.01	0.0177575	0.767361	252.242	0
0.04	0.01	0.0177575	0.822243	299.88	0
0.04	0.01	0.0177575	0.881049	352.713	0
0.04	0.01	0.0177575	0.944061	410.359	0
0.04	0.01	0.0177575	1.01158	472.203	0
0.04	0.01	0.0177575	1.08393	537.377	0
0.04	0.01	0.0177575	1.16145	604.737	0
0.04	0.01	0.0177575	1.24451	672.817	0
0.04	0.01	0.0177575	1.33352	739.805	0
0.04	0.01	0.0177575	1.42889	803.593	0
0.04	0.01	0.0177575	1.53109	861.978	0
0.04	0.01	0.0177575	1.64059	913.072	0
0.04	0.01	0.0177575	1.75792	955.821	0
0.04	0.01	0.0177575	1.88365	990.407	0
0.04	0.01	0.0177575	2.01837	1018.22	0
0.04	0.01	0.0177575	2.16272	1041.37	0
0.04	0.01	0.0177575	2.31739	1062.18	0
0.04	0.01	0.0177575	2.48313	1083.28	0
0.04	0.01	0.0177575	2.66073	1108.08	0
0.04	0.01	0.0177575	2.85102	1140.24	0
0.04	0.01	0.0177575	3.05492	1180.93	0
0.04	0.01	0.0177575	3.27341	1226.44	0
0.04	0.01	0.0177575	3.50752	1269.7	0
0.04	0.01	0.0177575	3.75837	1304.8	0
0.04	0.01	0.0177575	4.02717	1328.26	0
0.04	0.01	0.0177575	4.31519	1340.48	0
0.04	0.01	0.0177575	4.62381	1349.3	0
0.04	0.01	0.0177575	4.9545	1362.02	0
0.04	0.01	0.0177575	5.30884	1376.63	0
0.04	0.01	0.0177575	5.68853	1389.06	0
0.04	0.01	0.0177575	6.09537	1400.77	0
0.04	0.01	0.0177575	6.53131	1424.3	0
0.04	0.01	0.0177575	6.99842	1460.42	0
0.04	0.01	0.0177575	7.49894	1484.97	0
0.04	0.01	0.0177575	8.03526	1473.38	0
0.04	0.01	0.0177575	8.60994	1432.18	0
0.04	0.01	0.0177575	9.22571	1371.69	0
0.04	0.01	0.0177575	9.88553	1309.55	0
0.04	0.01	0.0177575	10.5925	1270.74	0
0.04	0.01	0.0177575	11.3501	1231.82	0
0.04	0.01	0.0177575	12.1619	1186.55	0
0.04	0.01	0.0177575	13.0317	1146.27	0
0.04	0.01	0.0177575	13.9637	1128.51	0
0.04	0.01	0.0177575	14.9624	1119.27	0
0.04	0.01	0.0177575	16.0325	1113.09	0
0.04	0.01	0.0177575	17.1791	1123.46	0
0.04	0.01	0.0177575	18.4077	1142.67	0
0.04	0.01	0.0177575	19.7242	1146.39	0
0.04	0.01	0.0177575	21.1349	1148.89	0
0.04	0.01	0.0177575	22.6464	1138.6	0
0.04	0.01	0.0177575	24.2661	1125.33	0
0.04	0.01	0.0177575	26.0016	1118.26	0
0.04	0.01	0.0177575	27.8612	1117.99	0
0.04	0.01	0.0177575	29.8538	1116.86	0
0.04	0.01	0.0177575	31.989	1124.32	0
0.04	0.01	0.0177575	34.2768	1139.93	0
0.04	0.01	0.0177575	36.7282	1165.39	0
0.04	0.01	0.0177575	39.355	1181.62	0
0.04	0.01	0.0177575	42.1697	1176.11	0
0.04	0.01	0.0177575	45.1856	1161.2	0
0.04	0.01	0.0177575	48.4172	1155.52	0
0.04	0.01	0.0177575	51.88	1153.73	0
0.04	0.01	0.0177575	55.5904	1146.92	0
0.04	0.01	0.0177575	59.5662	1126.7	0
0.04	0.01	0.0177575	63.8263	1118.88	0
0.04	0.01	0.0177575	68.3912	1121.67	0
0.04	0.01	0.0177575	73.2825	1123.84	0
0.04	0.01	0.0177575	78.5236	1117.48	0
0.04	0.01	0.0177575	84.1395	1117.01	0
0.04	0.01	0.0177575	90.1571	1121.65	0
0.04	0.01	0.0177575	96.6051	1123.01	0
0.04	0.01	0.0194014	0.103514	0.000907037	0
0.04	0.01	0.0194014	0.110917	0.00937609	0
0.04	0.01	0.0194014	0.11885	0.0299992	0
0.04	0.01	0.0194014	0.12735	0.0679101	0
0.04	0.01	0.0194014	0.136458	0.129996	0
0.04	0.01	0.0194014	0.146218	0.225439	0
0.04	0.01	0.0194014	0.156675	0.366413	0
0.04	0.01	0.0194014	0.16788	0.568973	0
0.04	0.01	0.0194014	0.179887	0.854179	0
0.04	0.01	0.0194014	0.192752	1.24952	0
0.04	0.01	0.0194014	0.206538	1.79066	0
0.04	0.01	0.0194014	0.221309	2.52366	0
0.04	0.01	0.0194014	0.237137	3.50761	0
0.04	0.01	0.0194014	0.254097	4.81782	0
0.04	0.01	0.0194014	0.27227	6.54959	0
0.04	0.01	0.0194014	0.291743	8.82257	0
0.04	0.01	0.0194014	0.312608	11.7856	0
0.04	0.01	0.0194014	0.334965	15.6217	0
0.04	0.01	0.0194014	0.358922	20.5538	0
0.04	0.01	0.0194014	0.384592	26.849	0
0.04	0.01	0.0194014	0.412098	34.8227	0
0.04	0.01	0.0194014	0.44157	44.8397	0
0.04	0.01	0.0194014	0.473151	57.3133	0
0.04	0.01	0.0194014	0.506991	72.6983	0
0.04	0.01	0.0194014	0.54325	91.479	0
0.04	0.01	0.0194014	0.582103	114.149	0
0.04	0.01	0.0194014	0.623735	141.185	0
0.04	0.01	0.0194014	0.668344	173.013	0
0.04	0.01	0.0194014	0.716143	209.964	0
0.04	0.01	0.0194014	0.767361	252.242	0
0.04	0.01	0.0194014	0.822243	299.88	0
0.04	0.01	0.0194014	0.881049	352.713	0
0.04	0.01	0.0194014	0.944061	410.359	0
0.04	0.01	0.0194014	1.01158	472.203	0
0.04	0.01	0.0194014	1.08393	537.377	0
0.04	0.01	0.0194014	1.16145	604.737	0
0.04	0.01	0.0194014	1.24451	672.817	0
0.04	0.01	0.0194014	1.33352	739.805	0
0.04	0.01	0.0194014	1.42889	803.592	0
0.04	0.01	0.0194014	1.53109	861.978	0
0.04	0.01	0.0194014	1.64059	913.071	0
0.04	0.01	0.0194014	1.75792	955.821	0
0.04	0.01	0.0194014	1.88365	990.406	0
0.04	0.01	0.0194014	2.01837	1018.22	0
0.04	0.01	0.0194014	2.16272	1041.37	0
0.04	0.01	0.0194014	2.31739	1062.18	0
0.04	0.01	0.0194014	2.48313	1083.28	0
0.04	0.01	0.0194014	2.66073	1108.08	0
0.04	0.01	0.0194014	2.85102	1140.23	0
0.04	0.01	0.0194014	3.05492	1180.93	0
0.04	0.01	0.0194014	3.27341	1226.43	0
0.04	0.01	0.0194014	3.50752	1269.7	0
0.04	0.01	0.0194014	3.75837	1304.8	0
0.04	0.01	0.0194014	4.02717	1328.26	0
0.04	0.01	0.0194014	4.31519	1340.48	0
0.04	0.01	0.0194014	4.62381	1349.3	0
0.04	0.01	0.0194014	4.9545	1362.02	0
0.04	0.01	0.0194014	5.30884	1376.63	0
0.04	0.01	0.0194014	5.68853	1389.06	0
0.04	0.01	0.0194014	6.09537	1400.76	0
0.04	0.01	0.0194014	6.53131	1424.3	0
0.04	0.01	0.0194014	6.99842	1460.41	0
0.04	0.01	0.0194014	7.49894	1484.97	0
0.04	0.01	0.0194014	8.03526	1473.38	0
0.04	0.01	0.0194014	8.60994	1432.17	0
0.04	0.01	0.0194014	9.22571	1371.69	0
0.04	0.01	0.0194014	9.88553	1309.55	0
0.04	0.01	0.0194014	10.5925	1270.73	0
0.04	0.01	0.0194014	11.3501	1231.82	0
0.04	0.01	0.0194014	12.1619	1186.55	0
0.04	0.01	0.0194014	13.0317	1146.27	0
0.04	0.01	0.0194014	13.9637	1128.51	0
0.04	0.01	0.0194014	14.9624	1119.27	0
0.04	0.01	0.0194014	16.0325	1113.09	0
0.04	0.01	0.0194014	17.1791	1123.46	0
0.04	0.01	0.0194014	18.4077	1142.67	0
0.04	0.01	0.0194014	19.7242	1146.39	0
0.04	0.01	0.0194014	21.1349	1148.89	0
0.04	0.01	0.0194014	22.6464	1138.6	0
0.04	0.01	0.0194014	24.2661	1125.33	0
0.04	0.01	0.0194014	26.0016	1118.26	0
0.04	0.01	0.0194014	27.8612	1117.99	0
0.04	0.01	0.0194014	29.8538	1116.86	0
0.04	0.01	0.0194014	31.989	1124.32	0
0.04	0.01	0.0194014	34.2768	1139.93	0
0.04	0.01	0.0194014	36.7282	1165.38	0
0.04	0.01	0.0194014	39.355	1181.62	0
0.04	0.01	0.0194014	42.1697	1176.11	0
0.04	0.01	0.0194014	45.1856	1161.19	0
0.04	0.01	0.0194014	48.4172	1155.52	0
0.04	0.01	0.0194014	51.88	1153.73	0
0.04	0.01	0.0194014	55.5904	1146.92	0
0.04	0.01	0.0194014	59.5662	1126.7	0
0.04	0.01	0.0194014	63.8263	1118.88	0
0.04	0.01	0.0194014	68.3912	1121.67	0
0.04	0.01	0.0194014	73.2825	1123.84	0
0.04	0.01	0.0194014	78.5236	1117.48	0
0.04	0.01	0.0194014	84.1395	1117.01	0
0.04	0.01	0.0194014	90.1571	1121.65	0
0.04	0.01	0.0194014	96.6051	1123.01	0
0.04	0.01	0.0211975	0.103514	0.000907036	0
0.04	0.01	0.0211975	0.110917	0.00937608	0
0.04	0.01	0.0211975	0.11885	0.0299992	0
0.04	0.01	0.0211975	0.12735	0.0679101	0
0.04	0.01	0.0211975	0.136458	0.129996	0
0.04	0.01	0.0211975	0.146218	0.225439	0
0.04	0.01	0.0211975	0.156675	0.366413	0
0.04	0.01	0.0211975	0.16788	0.568973	0
0.04	0.01	0.0211975	0.179887	0.854179	0
0.04	0.01	0.0211975	0.192752	1.24952	0
0.04	0.01	0.0211975	0.206538	1.79066	0
0.04	0.01	0.0211975	0.221309	2.52366	0
0.04	0.01	0.0211975	0.237137	3.50761	0
0.04	0.01	0.0211975	0.254097	4.81782	0
0.04	0.01	0.0211975	0.27227	6.54959	0
0.04	0.01	0.0211975	0.291743	8.82257	0
0.04	0.01	0.0211975	0.312608	11.7856	0
0.04	0.01	0.0211975	0.334965	15.6217	0
0.04	0.01	0.0211975	0.358922	20.5538	0
0.04	0.01	0.0211975	0.384592	26.849	0
0.04	0.01	0.0211975	0.412098	34.8227	0
0.04	0.01	0.0211975	0.44157	44.8397	0
0.04	0.01	0.0211975	0.473151	57.3133	0
0.04	0.01	0.0211975	0.506991	72.6983	0
0.04	0.01	0.0211975	0.54325	91.4789	0
0.04	0.01	0.0211975	0.582103	114.149	0
0.04	0.01	0.0211975	0.623735	141.185	0
0.04	0.01	0.0211975	0.668344	173.013	0
0.04	0.01	0.0211975	0.716143	209.964	0
0.04	0.01	0.0211975	0.767361	252.242	0
0.04	0.01	0.0211975	0.822243	299.88	0
0.04	0.01	0.0211975	0.881049	352.713	0
0.04	0.01	0.0211975	0.944061	410.359	0
0.04	0.01	0.0211975	1.01158	472.202	0
0.04	0.01	0.0211975	1.08393	537.377	0
0.04	0.01	0.0211975	1.16145	604.737	0
0.04	0.01	0.0211975	1.24451	672.816	0
0.04	0.01	0.0211975	1.33352	739.805	0
0.04	0.01	0.0211975	1.42889	803.592	0
0.04	0.01	0.0211975	1.53109	861.977	0
0.04	0.01	0.0211975	1.64059	913.071	0
0.04	0.01	0.0211975	1.75792	955.82	0
0.04	0.01	0.0211975	1.88365	990.406	0
0.04	0.01	0.0211975	2.01837	1018.22	0
0.04	0.01	0.0211975	2.16272	1041.36	0
0.04	0.01	0.0211975	2.31739	1062.17	0
0.04	0.01	0.0211975	2.48313	1083.27	0
0.04	0.01	0.0211975	2.66073	1108.08	0
0.04	0.01	0.0211975	2.85102	1140.23	0
0.04	0.01	0.0211975	3.05492	1180.93	0
0.04	0.01	0.0211975	3.27341	1226.43	0
0.04	0.01	0.0211975	3.50752	1269.7	0
0.04	0.01	0.0211975	3.75837	1304.8	0
0.04	0.01	0.0211975	4.02717	1328.26	0
0.04	0.01	0.0211975	4.31519	1340.48	0
0.04	0.01	0.0211975	4.62381	1349.3	0
0.04	0.01	0.0211975	4.9545	1362.02	0
0.04	0.01	0.0211975	5.30884	1376.63	0
0.04	0.01	0.0211975	5.68853	1389.06	0
0.04	0.01	0.0211975	6.09537	1400.76	0
0.04	0.01	0.0211975	6.53131	1424.3	0
0.04	0.01	0.0211975	6.99842	1460.41	0
0.04	0.01	0.0211975	7.49894	1484.97	0
0.04	0.01	0.0211975	8.03526	1473.38	0
0.04	0.01	0.0211975	8.60994	1432.17	0
0.04	0.01	0.0211975	9.22571	1371.68	0
0.04	0.01	0.0211975	9.88553	1309.55	0
0.04	0.01	0.0211975	10.5925	1270.73	0
0.04	0.01	0.0211975	11.3501	1231.81	0
0.04	0.01	0.0211975	12.1619	1186.55	0
0.04	0.01	0.0211975	13.0317	1146.27	0
0.04	0.01	0.0211975	13.9637	1128.51	0
0.04	0.01	0.0211975	14.9624	1119.27	0
0.04	0.01	0.0211975	16.0325	1113.09	0
0.04	0.01	0.0211975	17.1791	1123.46	0
0.04	0.01	0.0211975	18.4077	1142.67	0
0.04	0.01	0.0211975	19.7242	1146.39	0
0.04	0.01	0.0211975	21.1349	1148.89	0
0.04	0.01	0.0211975	22.6464	1138.6	0
0.04	0.01	0.0211975	24.2661	1125.33	0
0.04	0.01	0.0211975	26.0016	1118.26	0
0.04	0.01	0.0211975	27.8612	1117.99	0
0.04	0.01	0.0211975	29.8538	1116.85	0
0.04	0.01	0.0211975	31.989	1124.31	0
0.04	0.01	0.0211975	34.2768	1139.93	0
0.04	0.01	0.0211975	36.7282	1165.38	0
0.04	0.01	0.0211975	39.355	1181.62	0
0.04	0.01	0.0211975	42.1697	1176.11	0
0.04	0.01	0.0211975	45.1856	1161.19	0
0.04	0.01	0.0211975	48.4172	1155.52	0
0.04	0.01	0.0211975	51.88	1153.73	0
0.04	0.01	0.0211975	55.5904	1146.91	0
0.04	0.01	0.0211975	59.5662	1126.69	0
0.04	0.01	0.0211975	63.8263	1118.87	0
0.04	0.01	0.0211975	68.3912	1121.67	0
0.04	0.01	0.0211975	73.2825	1123.84	0
0.04	0.01	0.0211975	78.5236	1117.48	0
0.04	0.01	0.0211975	84.1395	1117.01	0
0.04	0.01	0.0211975	90.1571	1121.64	0
0.04	0.01	0.0211975	96.6051	1123.01	0
0.04	0.01	0.0231598	0.103514	0.000907034	0
0.04	0.01	0.0231598	0.110917	0.00937608	0
0.04	0.01	0.0231598	0.11885	0.0299992	0
0.04	0.01	0.0231598	0.12735	0.06791	0
0.04	0.01	0.0231598	0.136458	0.129996	0
0.04	0.01	0.0231598	0.146218	0.225439	0
0.04	0.01	0.0231598	0.156675	0.366413	0
0.04	0.01	0.0231598	0.16788	0.568973	0
0.04	0.01	0.0231598	0.179887	0.854178	0
0.04	0.01	0.0231598	0.192752	1.24951	0
0.04	0.01	0.0231598	0.206538	1.79066	0
0.04	0.01	0.0231598	0.221309	2.52366	0
0.04	0.01	0.0231598	0.237137	3.50761	0
0.04	0.01	0.0231598	0.254097	4.81782	0
0.04	0.01	0.0231598	0.27227	6.54959	0
0.04	0.01	0.0231598	0.291743	8.82257	0
0.04	0.01	0.0231598	0.312608	11.7856	0
0.04	0.01	0.0231598	0.334965	15.6217	0
0.04	0.01	0.0231598	0.358922	20.5538	0
0.04	0.01	0.0231598	0.384592	26.849	0
0.04	0.01	0.0231598	0.412098	34.8227	0
0.04	0.01	0.0231598	0.44157	44.8397	0
0.04	0.01	0.0231598	0.473151	57.3133	0
0.04	0.01	0.0231598	0.506991	72.6983	0
0.04	0.01	0.0231598	0.54325	91.4789	0
0.04	0.01	0.0231598	0.582103	114.149	0
0.04	0.01	0.0231598	0.623735	141.185	0
0.04	0.01	0.0231598	0.668344	173.013	0
0.04	0.01	0.0231598	0.716143	209.964	0
0.04	0.01	0.0231598	0.767361	252.242	0
0.04	0.01	0.0231598	0.822243	299.88	0
0.04	0.01	0.0231598	0.881049	352.713	0
0.04	0.01	0.0231598	0.944061	410.359	0
0.04	0.01	0.0231598	1.01158	472.202	0
0.04	0.01	0.0231598	1.08393	537.377	0
0.04	0.01	0.0231598	1.16145	604.736	0
0.04	0.01	0.0231598	1.24451	672.816	0
0.04	0.01	0.0231598	1.33352	739.804	0
0.04	0.01	0.0231598	1.42889	803.592	0
0.04	0.01	0.0231598	1.53109	861.977	0
0.04	0.01	0.0231598	1.64059	913.07	0
0.04	0.01	0.0231598	1.75792	955.819	0
0.04	0.01	0.0231598	1.88365	990.405	0
0.04	0.01	0.0231598	2.01837	1018.22	0
0.04	0.01	0.0231598	2.16272	1041.36	0
0.04	0.01	0.0231598	2.31739	1062.17	0
0.04	0.01	0.0231598	2.48313	1083.27	0
0.04	0.01	0.0231598	2.66073	1108.08	0
0.04	0.01	0.0231598	2.85102	1140.23	0
0.04	0.01	0.0231598	3.05492	1180.93	0
0.04	0.01	0.0231598	3.27341	1226.43	0
0.04	0.01	0.0231598	3.50752	1269.7	0
0.04	0.01	0.0231598	3.75837	1304.8	0
0.04	0.01	0.0231598	4.02717	1328.26	0
0.04	0.01	0.0231598	4.31519	1340.48	0
0.04	0.01	0.0231598	4.62381	1349.3	0
0.04	0.01	0.0231598	4.9545	1362.01	0
0.04	0.01	0.0231598	5.30884	1376.63	0
0.04	0.01	0.0231598	5.68853	1389.06	0
0.04	0.01	0.0231598	6.09537	1400.76	0
0.04	0.01	0.0231598	6.53131	1424.29	0
0.04	0.01	0.0231598	6.99842	1460.4	0
0.04	0.01	0.0231598	7.49894	1484.96	0
0.04	0.01	0.0231598	8.03526	1473.37	0
0.04	0.01	0.0231598	8.60994	1432.17	0
0.04	0.01	0.0231598	9.22571	1371.68	0
0.04	0.01	0.0231598	9.88553	1309.54	0
0.04	0.01	0.0231598	10.5925	1270.73	0
0.04	0.01	0.0231598	11.3501	1231.81	0
0.04	0.01	0.0231598	12.1619	1186.55	0
0.04	0.01	0.0231598	13.0317	1146.27	0
0.04	0.01	0.0231598	13.9637	1128.51	0
0.04	0.01	0.0231598	14.9624	1119.26	0
0.04	0.01	0.0231598	16.0325	1113.09	0
0.04	0.01	0.0231598	17.1791	1123.46	0
0.04	0.01	0.0231598	18.4077	1142.67	0
0.04	0.01	0.0231598	19.7242	1146.39	0
0.04	0.01	0.0231598	21.1349	1148.89	0
0.04	0.01	0.0231598	22.6464	1138.6	0
0.04	0.01	0.0231598	24.2661	1125.33	0
0.04	0.01	0.0231598	26.0016	1118.26	0
0.04	0.01	0.0231598	27.8612	1117.99	0
0.04	0.01	0.0231598	29.8538	1116.85	0
0.04	0.01	0.0231598	31.989	1124.31	0
0.04	0.01	0.0231598	34.2768	1139.92	0
0.04	0.01	0.0231598	36.7282	1165.38	0
0.04	0.01	0.0231598	39.355	1181.61	0
0.04	0.01	0.0231598	42.1697	1176.11	0
0.04	0.01	0.0231598	45.1856	1161.19	0
0.04	0.01	0.0231598	48.4172	1155.52	0
0.04	0.01	0.0231598	51.88	1153.73	0
0.04	0.01	0.0231598	55.5904	1146.91	0
0.04	0.01	0.0231598	59.5662	1126.69	0
0.04	0.01	0.0231598	63.8263	1118.87	0
0.04	0.01	0.0231598	68.3912	1121.67	0
0.04	0.01	0.0231598	73.2825	1123.84	0
0.04	0.01	0.0231598	78.5236	1117.48	0
0.04	0.01	0.0231598	84.1395	1117	0
0.04	0.01	0.0231598	90.1571	1121.64	0
0.04	0.01	0.0231598	96.6051	1123.01	0
0.04	0.01	0.0253038	0.103514	0.000907033	0
0.04	0.01	0.0253038	0.110917	0.00937607	0
0.04	0.01	0.0253038	0.11885	0.0299992	0
0.04	0.01	0.0253038	0.12735	0.06791	0
0.04	0.01	0.0253038	0.136458	0.129996	0
0.04	0.01	0.0253038	0.146218	0.225438	0
0.04	0.01	0.0253038	0.156675	0.366413	0
0.04	0.01	0.0253038	0.16788	0.568972	0
0.04	0.01	0.0253038	0.179887	0.854178	0
0.04	0.01	0.0253038	0.192752	1.24951	0
0.04	0.01	0.0253038	0.206538	1.79066	0
0.04	0.01	0.0253038	0.221309	2.52366	0
0.04	0.01	0.0253038	0.237137	3.50761	0
0.04	0.01	0.0253038	0.254097	4.81782	0
0.04	0.01	0.0253038	0.27227	6.54959	0
0.04	0.01	0.0253038	0.291743	8.82257	0
0.04	0.01	0.0253038	0.312608	11.7856	0
0.04	0.01	0.0253038	0.334965	15.6217	0
0.04	0.01	0.0253038	0.358922	20.5538	0
0.04	0.01	0.0253038	0.384592	26.849	0
0.04	0.01	0.0253038	0.412098	34.8227	0
0.04	0.01	0.0253038	0.44157	44.8397	0
0.04	0.01	0.0253038	0.473151	57.3133	0
0.04	0.01	0.0253038	0.506991	72.6983	0
0.04	0.01	0.0253038	0.54325	91.4789	0
0.04	0.01	0.0253038	0.582103	114.149	0
0.04	0.01	0.0253038	0.623735	141.185	0
0.04	0.01	0.0253038	0.668344	173.012	0
0.04	0.01	0.0253038	0.716143	209.964	0
0.04	0.01	0.0253038	0.767361	252.242	0
0.04	0.01	0.0253038	0.822243	299.879	0
0.04	0.01	0.0253038	0.881049	352.713	0
0.04	0.01	0.0253038	0.944061	410.359	0
0.04	0.01	0.0253038	1.01158	472.202	0
0.04	0.01	0.0253038	1.08393	537.376	0
0.04	0.01	0.0253038	1.16145	604.736	0
0.04	0.01	0.0253038	1.24451	672.816	0
0.04	0.01	0.0253038	1.33352	739.804	0
0.04	0.01	0.0253038	1.42889	803.591	0
0.04	0.01	0.0253038	1.53109	861.976	0
0.04	0.01	0.0253038	1.64059	913.069	0
0.04	0.01	0.0253038	1.75792	955.818	0
0.04	0.01	0.0253038	1.88365	990.404	0
0.04	0.01	0.0253038	2.01837	1018.21	0
0.04	0.01	0.0253038	2.16272	1041.36	0
0.04	0.01	0.0253038	2.31739	1062.17	0
0.04	0.01	0.0253038	2.48313	1083.27	0
0.04	0.01	0.0253038	2.66073	1108.08	0
0.04	0.01	0.0253038	2.85102	1140.23	0
0.04	0.01	0.0253038	3.05492	1180.93	0
0.04	0.01	0.0253038	3.27341	1226.43	0
0.04	0.01	0.0253038	3.50752	1269.69	0
0.04	0.01	0.0253038	3.75837	1304.8	0
0.04	0.01	0.0253038	4.02717	1328.25	0
0.04	0.01	0.0253038	4.31519	1340.48	0
0.04	0.01	0.0253038	4.62381	1349.3	0
0.04	0.01	0.0253038	4.9545	1362.01	0
0.04	0.01	0.0253038	5.30884	1376.63	0
0.04	0.01	0.0253038	5.68853	1389.05	0
0.04	0.01	0.0253038	6.09537	1400.76	0
0.04	0.01	0.0253038	6.53131	1424.29	0
0.04	0.01	0.0253038	6.99842	1460.4	0
0.04	0.01	0.0253038	7.49894	1484.96	0
0.04	0.01	0.0253038	8.03526	1473.37	0
0.04	0.01	0.0253038	8.60994	1432.16	0
0.04	0.01	0.0253038	9.22571	1371.68	0
0.04	0.01	0.0253038	9.88553	1309.54	0
0.04	0.01	0.0253038	10.5925	1270.73	0
0.04	0.01	0.0253038	11.3501	1231.81	0
0.04	0.01	0.0253038	12.1619	1186.55	0
0.04	0.01	0.0253038	13.0317	1146.26	0
0.04	0.01	0.0253038	13.9637	1128.51	0
0.04	0.01	0.0253038	14.9624	1119.26	0
0.04	0.01	0.0253038	16.0325	1113.08	0
0.04	0.01	0.0253038	17.1791	1123.46	0
0.04	0.01	0.0253038	18.4077	1142.67	0
0.04	0.01	0.0253038	19.7242	1146.39	0
0.04	0.01	0.0253038	21.1349	1148.89	0
0.04	0.01	0.0253038	22.6464	1138.6	0
0.04	0.01	0.0253038	24.2661	1125.32	0
0.04	0.01	0.0253038	26.0016	1118.25	0
0.04	0.01	0.0253038	27.8612	1117.99	0
0.04	0.01	0.0253038	29.8538	1116.85	0
0.04	0.01	0.0253038	31.989	1124.31	0
0.04	0.01	0.0253038	34.2768	1139.92	0
0.04	0.01	0.0253038	36.7282	1165.38	0
0.04	0.01	0.0253038	39.355	1181.61	0
0.04	0.01	0.0253038	42.1697	1176.1	0
0.04	0.01	0.0253038	45.1856	1161.19	0
0.04	0.01	0.0253038	48.4172	1155.52	0
0.04	0.01	0.0253038	51.88	1153.73	0
0.04	0.01	0.0253038	55.5904	1146.91	0
0.04	0.01	0.0253038	59.5662	1126.69	0
0.04	0.01	0.0253038	63.8263	1118.87	0
0.04	0.01	0.0253038	68.3912	1121.67	0
0.04	0.01	0.0253038	73.2825	1123.84	0
0.04	0.01	0.0253038	78.5236	1117.47	0
0.04	0.01	0.0253038	84.1395	1117	0
0.04	0.01	0.0253038	90.1571	1121.64	0
0.04	0.01	0.0253038	96.6051	1123	0
0.04	0.01	0.0276463	0.103514	0.000907031	0
0.04	0.01	0.0276463	0.110917	0.00937607	0
0.04	0.01	0.0276463	0.11885	0.0299992	0
0.04	0.01	0.0276463	0.12735	0.06791	0
0.04	0.01	0.0276463	0.136458	0.129996	0
0.04	0.01	0.0276463	0.146218	0.225438	0
0.04	0.01	0.0276463	0.156675	0.366413	0
0.04	0.01	0.0276463	0.16788	0.568972	0
0.04	0.01	0.0276463	0.179887	0.854178	0
0.04	0.01	0.0276463	0.192752	1.24951	0
0.04	0.01	0.0276463	0.206538	1.79066	0
0.04	0.01	0.0276463	0.221309	2.52366	0
0.04	0.01	0.0276463	0.237137	3.50761	0
0.04	0.01	0.0276463	0.254097	4.81781	0
0.04	0.01	0.0276463	0.27227	6.54959	0
0.04	0.01	0.0276463	0.291743	8.82257	0
0.04	0.01	0.0276463	0.312608	11.7856	0
0.04	0.01	0.0276463	0.334965	15.6217	0
0.04	0.01	0.0276463	0.358922	20.5538	0
0.04	0.01	0.0276463	0.384592	26.849	0
0.04	0.01	0.0276463	0.412098	34.8226	0
0.04	0.01	0.0276463	0.44157	44.8397	0
0.04	0.01	0.0276463	0.473151	57.3133	0
0.04	0.01	0.0276463	0.506991	72.6983	0
0.04	0.01	0.0276463	0.54325	91.4789	0
0.04	0.01	0.0276463	0.582103	114.149	0
0.04	0.01	0.0276463	0.623735	141.185	0
0.04	0.01	0.0276463	0.668344	173.012	0
0.04	0.01	0.0276463	0.716143	209.964	0
0.04	0.01	0.0276463	0.767361	252.242	0
0.04	0.01	0.0276463	0.822243	299.879	0
0.04	0.01	0.0276463	0.881049	352.713	0
0.04	0.01	0.0276463	0.944061	410.359	0
0.04	0.01	0.0276463	1.01158	472.202	0
0.04	0.01	0.0276463	1.08393	537.376	0
0.04	0.01	0.0276463	1.16145	604.736	0
0.04	0.01	0.0276463	1.24451	672.816	0
0.04	0.01	0.0276463	1.33352	739.803	0
0.04	0.01	0.0276463	1.42889	803.591	0
0.04	0.01	0.0276463	1.53109	861.975	0
0.04	0.01	0.0276463	1.64059	913.068	0
0.04	0.01	0.0276463	1.75792	955.817	0
0.04	0.01	0.0276463	1.88365	990.402	0
0.04	0.01	0.0276463	2.01837	1018.21	0
0.04	0.01	0.0276463	2.16272	1041.36	0
0.04	0.01	0.0276463	2.31739	1062.17	0
0.04	0.01	0.0276463	2.48313	1083.27	0
0.04	0.01	0.0276463	2.66073	1108.08	0
0.04	0.01	0.0276463	2.85102	1140.23	0
0.04	0.01	0.0276463	3.05492	1180.92	0
0.04	0.01	0.0276463	3.27341	1226.42	0
0.04	0.01	0.0276463	3.50752	1269.69	0
0.04	0.01	0.0276463	3.75837	1304.8	0
0.04	0.01	0.0276463	4.02717	1328.25	0
0.04	0.01	0.0276463	4.31519	1340.48	0
0.04	0.01	0.0276463	4.62381	1349.3	0
0.04	0.01	0.0276463	4.9545	1362.01	0
0.04	0.01	0.0276463	5.30884	1376.63	0
0.04	0.01	0.0276463	5.68853	1389.05	0
0.04	0.01	0.0276463	6.09537	1400.75	0
0.04	0.01	0.0276463	6.53131	1424.29	0
0.04	0.01	0.0276463	6.99842	1460.4	0
0.04	0.01	0.0276463	7.49894	1484.95	0
0.04	0.01	0.0276463	8.03526	1473.36	0
0.04	0.01	0.0276463	8.60994	1432.16	0
0.04	0.01	0.0276463	9.22571	1371.67	0
0.04	0.01	0.0276463	9.88553	1309.54	0
0.04	0.01	0.0276463	10.5925	1270.72	0
0.04	0.01	0.0276463	11.3501	1231.81	0
0.04	0.01	0.0276463	12.1619	1186.55	0
0.04	0.01	0.0276463	13.0317	1146.26	0
0.04	0.01	0.0276463	13.9637	1128.51	0
0.04	0.01	0.0276463	14.9624	1119.26	0
0.04	0.01	0.0276463	16.0325	1113.08	0
0.04	0.01	0.0276463	17.1791	1123.46	0
0.04	0.01	0.0276463	18.4077	1142.67	0
0.04	0.01	0.0276463	19.7242	1146.39	0
0.04	0.01	0.0276463	21.1349	1148.88	0
0.04	0.01	0.0276463	22.6464	1138.6	0
0.04	0.01	0.0276463	24.2661	1125.32	0
0.04	0.01	0.0276463	26.0016	1118.25	0
0.04	0.01	0.0276463	27.8612	1117.99	0
0.04	0.01	0.0276463	29.8538	1116.85	0
0.04	0.01	0.0276463	31.989	1124.31	0
0.04	0.01	0.0276463	34.2768	1139.92	0
0.04	0.01	0.0276463	36.7282	1165.38	0
0.04	0.01	0.0276463	39.355	1181.61	0
0.04	0.01	0.0276463	42.1697	1176.1	0
0.04	0.01	0.0276463	45.1856	1161.19	0
0.04	0.01	0.0276463	48.4172	1155.52	0
0.04	0.01	0.0276463	51.88	1153.73	0
0.04	0.01	0.0276463	55.5904	1146.91	0
0.04	0.01	0.0276463	59.5662	1126.69	0
0.04	0.01	0.0276463	63.8263	1118.87	0
0.04	0.01	0.0276463	68.3912	1121.67	0
0.04	0.01	0.0276463	73.2825	1123.84	0
0.04	0.01	0.0276463	78.5236	1117.47	0
0.04	0.01	0.0276463	84.1395	1117	0
0.04	0.01	0.0276463	90.1571	1121.64	0
0.04	0.01	0.0276463	96.6051	1123	0
0.04	0.01	0.0302057	0.103514	0.000907029	0
0.04	0.01	0.0302057	0.110917	0.00937606	0
0.04	0.01	0.0302057	0.11885	0.0299992	0
0.04	0.01	0.0302057	0.12735	0.06791	0
0.04	0.01	0.0302057	0.136458	0.129996	0
0.04	0.01	0.0302057	0.146218	0.225438	0
0.04	0.01	0.0302057	0.156675	0.366413	0
0.04	0.01	0.0302057	0.16788	0.568972	0
0.04	0.01	0.0302057	0.179887	0.854178	0
0.04	0.01	0.0302057	0.192752	1.24951	0
0.04	0.01	0.0302057	0.206538	1.79066	0
0.04	0.01	0.0302057	0.221309	2.52366	0
0.04	0.01	0.0302057	0.237137	3.50761	0
0.04	0.01	0.0302057	0.254097	4.81781	0
0.04	0.01	0.0302057	0.27227	6.54959	0
0.04	0.01	0.0302057	0.291743	8.82257	0
0.04	0.01	0.0302057	0.312608	11.7856	0
0.04	0.01	0.0302057	0.334965	15.6217	0
0.04	0.01	0.0302057	0.358922	20.5538	0
0.04	0.01	0.0302057	0.384592	26.849	0
0.04	0.01	0.0302057	0.412098	34.8226	0
0.04	0.01	0.0302057	0.44157	44.8397	0
0.04	0.01	0.0302057	0.473151	57.3133	0
0.04	0.01	0.0302057	0.506991	72.6983	0
0.04	0.01	0.0302057	0.54325	91.4789	0
0.04	0.01	0.0302057	0.582103	114.149	0
0.04	0.01	0.0302057	0.623735	141.185	0
0.04	0.01	0.0302057	0.668344	173.012	0
0.04	0.01	0.0302057	0.716143	209.964	0
0.04	0.01	0.0302057	0.767361	252.242	0
0.04	0.01	0.0302057	0.822243	299.879	0
0.04	0.01	0.0302057	0.881049	352.713	0
0.04	0.01	0.0302057	0.944061	410.359	0
0.04	0.01	0.0302057	1.01158	472.202	0
0.04	0.01	0.0302057	1.08393	537.376	0
0.04	0.01	0.0302057	1.16145	604.736	0
0.04	0.01	0.0302057	1.24451	672.815	0
0.04	0.01	0.0302057	1.33352	739.803	0
0.04	0.01	0.0302057	1.42889	803.59	0
0.04	0.01	0.0302057	1.53109	861.975	0
0.04	0.01	0.0302057	1.64059	913.068	0
0.04	0.01	0.0302057	1.75792	955.816	0
0.04	0.01	0.0302057	1.88365	990.401	0
0.04	0.01	0.0302057	2.01837	1018.21	0
0.04	0.01	0.0302057	2.16272	1041.36	0
0.04	0.01	0.0302057	2.31739	1062.17	0
0.04	0.01	0.0302057	2.48313	1083.27	0
0.04	0.01	0.0302057	2.66073	1108.07	0
0.04	0.01	0.0302057	2.85102	1140.22	0
0.04	0.01	0.0302057	3.05492	1180.92	0
0.04	0.01	0.0302057	3.27341	1226.42	0
0.04	0.01	0.0302057	3.50752	1269.69	0
0.04	0.01	0.0302057	3.75837	1304.79	0
0.04	0.01	0.0302057	4.02717	1328.25	0
0.04	0.01	0.0302057	4.31519	1340.47	0
0.04	0.01	0.0302057	4.62381	1349.3	0
0.04	0.01	0.0302057	4.9545	1362.01	0
0.04	0.01	0.0302057	5.30884	1376.63	0
0.04	0.01	0.0302057	5.68853	1389.05	0
0.04	0.01	0.0302057	6.09537	1400.75	0
0.04	0.01	0.0302057	6.53131	1424.28	0
0.04	0.01	0.0302057	6.99842	1460.39	0
0.04	0.01	0.0302057	7.49894	1484.95	0
0.04	0.01	0.0302057	8.03526	1473.36	0
0.04	0.01	0.0302057	8.60994	1432.15	0
0.04	0.01	0.0302057	9.22571	1371.67	0
0.04	0.01	0.0302057	9.88553	1309.53	0
0.04	0.01	0.0302057	10.5925	1270.72	0
0.04	0.01	0.0302057	11.3501	1231.81	0
0.04	0.01	0.0302057	12.1619	1186.55	0
0.04	0.01	0.0302057	13.0317	1146.26	0
0.04	0.01	0.0302057	13.9637	1128.51	0
0.04	0.01	0.0302057	14.9624	1119.26	0
0.04	0.01	0.0302057	16.0325	1113.08	0
0.04	0.01	0.0302057	17.1791	1123.46	0
0.04	0.01	0.0302057	18.4077	1142.66	0
0.04	0.01	0.0302057	19.7242	1146.39	0
0.04	0.01	0.0302057	21.1349	1148.88	0
0.04	0.01	0.0302057	22.6464	1138.6	0
0.04	0.01	0.0302057	24.2661	1125.32	0
0.04	0.01	0.0302057	26.0016	1118.25	0
0.04	0.01	0.0302057	27.8612	1117.98	0
0.04	0.01	0.0302057	29.8538	1116.85	0
0.04	0.01	0.0302057	31.989	1124.31	0
0.04	0.01	0.0302057	34.2768	1139.92	0
0.04	0.01	0.0302057	36.7282	1165.37	0
0.04	0.01	0.0302057	39.355	1181.61	0
0.04	0.01	0.0302057	42.1697	1176.1	0
0.04	0.01	0.0302057	45.1856	1161.19	0
0.04	0.01	0.0302057	48.4172	1155.52	0
0.04	0.01	0.0302057	51.88	1153.73	0
0.04	0.01	0.0302057	55.5904	1146.91	0
0.04	0.01	0.0302057	59.5662	1126.69	0
0.04	0.01	0.0302057	63.8263	1118.87	0
0.04	0.01	0.0302057	68.3912	1121.66	0
0.04	0.01	0.0302057	73.2825	1123.83	0
0.04	0.01	0.0302057	78.5236	1117.47	0
0.04	0.01	0.0302057	84.1395	1117	0
0.04	0.01	0.0302057	90.1571	1121.64	0
0.04	0.01	0.0302057	96.6051	1123	0
0.04	0.01	0.0330019	0.103514	0.000907026	0
0.04	0.01	0.0330019	0.110917	0.00937605	0
0.04	0.01	0.0330019	0.11885	0.0299991	0
0.04	0.01	0.0330019	0.12735	0.06791	0
0.04	0.01	0.0330019	0.136458	0.129996	0
0.04	0.01	0.0330019	0.146218	0.225438	0
0.04	0.01	0.0330019	0.156675	0.366412	0
0.04	0.01	0.0330019	0.16788	0.568972	0
0.04	0.01	0.0330019	0.179887	0.854178	0
0.04	0.01	0.0330019	0.192752	1.24951	0
0.04	0.01	0.0330019	0.206538	1.79066	0
0.04	0.01	0.0330019	0.221309	2.52366	0
0.04	0.01	0.0330019	0.237137	3.50761	0
0.04	0.01	0.0330019	0.254097	4.81781	0
0.04	0.01	0.0330019	0.27227	6.54959	0
0.04	0.01	0.0330019	0.291743	8.82257	0
0.04	0.01	0.0330019	0.312608	11.7856	0
0.04	0.01	0.0330019	0.334965	15.6217	0
0.04	0.01	0.0330019	0.358922	20.5538	0
0.04	0.01	0.0330019	0.384592	26.849	0
0.04	0.01	0.0330019	0.412098	34.8226	0
0.04	0.01	0.0330019	0.44157	44.8397	0
0.04	0.01	0.0330019	0.473151	57.3133	0
0.04	0.01	0.0330019	0.506991	72.6983	0
0.04	0.01	0.0330019	0.54325	91.4789	0
0.04	0.01	0.0330019	0.582103	114.149	0
0.04	0.01	0.0330019	0.623735	141.185	0
0.04	0.01	0.0330019	0.668344	173.012	0
0.04	0.01	0.0330019	0.716143	209.964	0
0.04	0.01	0.0330019	0.767361	252.241	0
0.04	0.01	0.0330019	0.822243	299.879	0
0.04	0.01	0.0330019	0.881049	352.712	0
0.04	0.01	0.0330019	0.944061	410.358	0
0.04	0.01	0.0330019	1.01158	472.202	0
0.04	0.01	0.0330019	1.08393	537.376	0
0.04	0.01	0.0330019	1.16145	604.735	0
0.04	0.01	0.0330019	1.24451	672.815	0
0.04	0.01	0.0330019	1.33352	739.802	0
0.04	0.01	0.0330019	1.42889	803.589	0
0.04	0.01	0.0330019	1.53109	861.974	0
0.04	0.01	0.0330019	1.64059	913.067	0
0.04	0.01	0.0330019	1.75792	955.815	0
0.04	0.01	0.0330019	1.88365	990.4	0
0.04	0.01	0.0330019	2.01837	1018.21	0
0.04	0.01	0.0330019	2.16272	1041.36	0
0.04	0.01	0.0330019	2.31739	1062.17	0
0.04	0.01	0.0330019	2.48313	1083.26	0
0.04	0.01	0.0330019	2.66073	1108.07	0
0.04	0.01	0.0330019	2.85102	1140.22	0
0.04	0.01	0.0330019	3.05492	1180.92	0
0.04	0.01	0.0330019	3.27341	1226.42	0
0.04	0.01	0.0330019	3.50752	1269.69	0
0.04	0.01	0.0330019	3.75837	1304.79	0
0.04	0.01	0.0330019	4.02717	1328.25	0
0.04	0.01	0.0330019	4.31519	1340.47	0
0.04	0.01	0.0330019	4.62381	1349.3	0
0.04	0.01	0.0330019	4.9545	1362.01	0
0.04	0.01	0.0330019	5.30884	1376.62	0
0.04	0.01	0.0330019	5.68853	1389.05	0
0.04	0.01	0.0330019	6.09537	1400.75	0
0.04	0.01	0.0330019	6.53131	1424.28	0
0.04	0.01	0.0330019	6.99842	1460.39	0
0.04	0.01	0.0330019	7.49894	1484.94	0
0.04	0.01	0.0330019	8.03526	1473.35	0
0.04	0.01	0.0330019	8.60994	1432.15	0
0.04	0.01	0.0330019	9.22571	1371.66	0
0.04	0.01	0.0330019	9.88553	1309.53	0
0.04	0.01	0.0330019	10.5925	1270.72	0
0.04	0.01	0.0330019	11.3501	1231.8	0
0.04	0.01	0.0330019	12.1619	1186.54	0
0.04	0.01	0.0330019	13.0317	1146.26	0
0.04	0.01	0.0330019	13.9637	1128.5	0
0.04	0.01	0.0330019	14.9624	1119.26	0
0.04	0.01	0.0330019	16.0325	1113.08	0
0.04	0.01	0.0330019	17.1791	1123.46	0
0.04	0.01	0.0330019	18.4077	1142.66	0
0.04	0.01	0.0330019	19.7242	1146.38	0
0.04	0.01	0.0330019	21.1349	1148.88	0
0.04	0.01	0.0330019	22.6464	1138.59	0
0.04	0.01	0.0330019	24.2661	1125.32	0
0.04	0.01	0.0330019	26.0016	1118.25	0
0.04	0.01	0.0330019	27.8612	1117.98	0
0.04	0.01	0.0330019	29.8538	1116.84	0
0.04	0.01	0.0330019	31.989	1124.3	0
0.04	0.01	0.0330019	34.2768	1139.91	0
0.04	0.01	0.0330019	36.7282	1165.37	0
0.04	0.01	0.0330019	39.355	1181.6	0
0.04	0.01	0.0330019	42.1697	1176.1	0
0.04	0.01	0.0330019	45.1856	1161.19	0
0.04	0.01	0.0330019	48.4172	1155.52	0
0.04	0.01	0.0330019	51.88	1153.72	0
0.04	0.01	0.0330019	55.5904	1146.9	0
0.04	0.01	0.0330019	59.5662	1126.68	0
0.04	0.01	0.0330019	63.8263	1118.86	0
0.04	0.01	0.0330019	68.3912	1121.66	0
0.04	0.01	0.0330019	73.2825	1123.83	0
0.04	0.01	0.0330019	78.5236	1117.47	0
0.04	0.01	0.0330019	84.1395	1117	0
0.04	0.01	0.0330019	90.1571	1121.63	0
0.04	0.01	0.0330019	96.6051	1123	0
0.04	0.01	0.0360571	0.103514	0.000907024	0
0.04	0.01	0.0360571	0.110917	0.00937604	0
0.04	0.01	0.0360571	0.11885	0.0299991	0
0.04	0.01	0.0360571	0.12735	0.0679099	0
0.04	0.01	0.0360571	0.136458	0.129995	0
0.04	0.01	0.0360571	0.146218	0.225438	0
0.04	0.01	0.0360571	0.156675	0.366412	0
0.04	0.01	0.0360571	0.16788	0.568972	0
0.04	0.01	0.0360571	0.179887	0.854178	0
0.04	0.01	0.0360571	0.192752	1.24951	0
0.04	0.01	0.0360571	0.206538	1.79066	0
0.04	0.01	0.0360571	0.221309	2.52366	0
0.04	0.01	0.0360571	0.237137	3.50761	0
0.04	0.01	0.0360571	0.254097	4.81781	0
0.04	0.01	0.0360571	0.27227	6.54959	0
0.04	0.01	0.0360571	0.291743	8.82256	0
0.04	0.01	0.0360571	0.312608	11.7856	0
0.04	0.01	0.0360571	0.334965	15.6217	0
0.04	0.01	0.0360571	0.358922	20.5538	0
0.04	0.01	0.0360571	0.384592	26.849	0
0.04	0.01	0.0360571	0.412098	34.8226	0
0.04	0.01	0.0360571	0.44157	44.8397	0
0.04	0.01	0.0360571	0.473151	57.3133	0
0.04	0.01	0.0360571	0.506991	72.6982	0
0.04	0.01	0.0360571	0.54325	91.4788	0
0.04	0.01	0.0360571	0.582103	114.149	0
0.04	0.01	0.0360571	0.623735	141.185	0
0.04	0.01	0.0360571	0.668344	173.012	0
0.04	0.01	0.0360571	0.716143	209.964	0
0.04	0.01	0.0360571	0.767361	252.241	0
0.04	0.01	0.0360571	0.822243	299.879	0
0.04	0.01	0.0360571	0.881049	352.712	0
0.04	0.01	0.0360571	0.944061	410.358	0
0.04	0.01	0.0360571	1.01158	472.201	0
0.04	0.01	0.0360571	1.08393	537.375	0
0.04	0.01	0.0360571	1.16145	604.735	0
0.04	0.01	0.0360571	1.24451	672.814	0
0.04	0.01	0.0360571	1.33352	739.802	0
0.04	0.01	0.0360571	1.42889	803.589	0
0.04	0.01	0.0360571	1.53109	861.973	0
0.04	0.01	0.0360571	1.64059	913.066	0
0.04	0.01	0.0360571	1.75792	955.814	0
0.04	0.01	0.0360571	1.88365	990.398	0
0.04	0.01	0.0360571	2.01837	1018.21	0
0.04	0.01	0.0360571	2.16272	1041.35	0
0.04	0.01	0.0360571	2.31739	1062.16	0
0.04	0.01	0.0360571	2.48313	1083.26	0
0.04	0.01	0.0360571	2.66073	1108.07	0
0.04	0.01	0.0360571	2.85102	1140.22	0
0.04	0.01	0.0360571	3.05492	1180.91	0
0.04	0.01	0.0360571	3.27341	1226.42	0
0.04	0.01	0.0360571	3.50752	1269.68	0
0.04	0.01	0.0360571	3.75837	1304.79	0
0.04	0.01	0.0360571	4.02717	1328.25	0
0.04	0.01	0.0360571	4.31519	1340.47	0
0.04	0.01	0.0360571	4.62381	1349.3	0
0.04	0.01	0.0360571	4.9545	1362.01	0
0.04	0.01	0.0360571	5.30884	1376.62	0
0.04	0.01	0.0360571	5.68853	1389.05	0
0.04	0.01	0.0360571	6.09537	1400.74	0
0.04	0.01	0.0360571	6.53131	1424.27	0
0.04	0.01	0.0360571	6.99842	1460.38	0
0.04	0.01	0.0360571	7.49894	1484.94	0
0.04	0.01	0.0360571	8.03526	1473.35	0
0.04	0.01	0.0360571	8.60994	1432.14	0
0.04	0.01	0.0360571	9.22571	1371.66	0
0.04	0.01	0.0360571	9.88553	1309.53	0
0.04	0.01	0.0360571	10.5925	1270.71	0
0.04	0.01	0.0360571	11.3501	1231.8	0
0.04	0.01	0.0360571	12.1619	1186.54	0
0.04	0.01	0.0360571	13.0317	1146.26	0
0.04	0.01	0.0360571	13.9637	1128.5	0
0.04	0.01	0.0360571	14.9624	1119.26	0
0.04	0.01	0.0360571	16.0325	1113.08	0
0.04	0.01	0.0360571	17.1791	1123.45	0
0.04	0.01	0.0360571	18.4077	1142.66	0
0.04	0.01	0.0360571	19.7242	1146.38	0
0.04	0.01	0.0360571	21.1349	1148.88	0
0.04	0.01	0.0360571	22.6464	1138.59	0
0.04	0.01	0.0360571	24.2661	1125.32	0
0.04	0.01	0.0360571	26.0016	1118.25	0
0.04	0.01	0.0360571	27.8612	1117.98	0
0.04	0.01	0.0360571	29.8538	1116.84	0
0.04	0.01	0.0360571	31.989	1124.3	0
0.04	0.01	0.0360571	34.2768	1139.91	0
0.04	0.01	0.0360571	36.7282	1165.37	0
0.04	0.01	0.0360571	39.355	1181.6	0
0.04	0.01	0.0360571	42.1697	1176.1	0
0.04	0.01	0.0360571	45.1856	1161.18	0
0.04	0.01	0.0360571	48.4172	1155.51	0
0.04	0.01	0.0360571	51.88	1153.72	0
0.04	0.01	0.0360571	55.5904	1146.9	0
0.04	0.01	0.0360571	59.5662	1126.68	0
0.04	0.01	0.0360571	63.8263	1118.86	0
0.04	0.01	0.0360571	68.3912	1121.66	0
0.04	0.01	0.0360571	73.2825	1123.83	0
0.04	0.01	0.0360571	78.5236	1117.47	0
0.04	0.01	0.0360571	84.1395	1116.99	0
0.04	0.01	0.0360571	90.1571	1121.63	0
0.04	0.01	0.0360571	96.6051	1123	0
0.04	0.01	0.039395	0.103514	0.000907021	0
0.04	0.01	0.039395	0.110917	0.00937603	0
0.04	0.01	0.039395	0.11885	0.0299991	0
0.04	0.01	0.039395	0.12735	0.0679099	0
0.04	0.01	0.039395	0.136458	0.129995	0
0.04	0.01	0.039395	0.146218	0.225438	0
0.04	0.01	0.039395	0.156675	0.366412	0
0.04	0.01	0.039395	0.16788	0.568972	0
0.04	0.01	0.039395	0.179887	0.854177	0
0.04	0.01	0.039395	0.192752	1.24951	0
0.04	0.01	0.039395	0.206538	1.79066	0
0.04	0.01	0.039395	0.221309	2.52366	0
0.04	0.01	0.039395	0.237137	3.50761	0
0.04	0.01	0.039395	0.254097	4.81781	0
0.04	0.01	0.039395	0.27227	6.54958	0
0.04	0.01	0.039395	0.291743	8.82256	0
0.04	0.01	0.039395	0.312608	11.7856	0
0.04	0.01	0.039395	0.334965	15.6217	0
0.04	0.01	0.039395	0.358922	20.5538	0
0.04	0.01	0.039395	0.384592	26.849	0
0.04	0.01	0.039395	0.412098	34.8226	0
0.04	0.01	0.039395	0.44157	44.8397	0
0.04	0.01	0.039395	0.473151	57.3132	0
0.04	0.01	0.039395	0.506991	72.6982	0
0.04	0.01	0.039395	0.54325	91.4788	0
0.04	0.01	0.039395	0.582103	114.149	0
0.04	0.01	0.039395	0.623735	141.185	0
0.04	0.01	0.039395	0.668344	173.012	0
0.04	0.01	0.039395	0.716143	209.964	0
0.04	0.01	0.039395	0.767361	252.241	0
0.04	0.01	0.039395	0.822243	299.879	0
0.04	0.01	0.039395	0.881049	352.712	0
0.04	0.01	0.039395	0.944061	410.358	0
0.04	0.01	0.039395	1.01158	472.201	0
0.04	0.01	0.039395	1.08393	537.375	0
0.04	0.01	0.039395	1.16145	604.734	0
0.04	0.01	0.039395	1.24451	672.814	0
0.04	0.01	0.039395	1.33352	739.801	0
0.04	0.01	0.039395	1.42889	803.588	0
0.04	0.01	0.039395	1.53109	861.972	0
0.04	0.01	0.039395	1.64059	913.064	0
0.04	0.01	0.039395	1.75792	955.812	0
0.04	0.01	0.039395	1.88365	990.396	0
0.04	0.01	0.039395	2.01837	1018.21	0
0.04	0.01	0.039395	2.16272	1041.35	0
0.04	0.01	0.039395	2.31739	1062.16	0
0.04	0.01	0.039395	2.48313	1083.26	0
0.04	0.01	0.039395	2.66073	1108.06	0
0.04	0.01	0.039395	2.85102	1140.21	0
0.04	0.01	0.039395	3.05492	1180.91	0
0.04	0.01	0.039395	3.27341	1226.41	0
0.04	0.01	0.039395	3.50752	1269.68	0
0.04	0.01	0.039395	3.75837	1304.79	0
0.04	0.01	0.039395	4.02717	1328.24	0
0.04	0.01	0.039395	4.31519	1340.47	0
0.04	0.01	0.039395	4.62381	1349.3	0
0.04	0.01	0.039395	4.9545	1362.01	0
0.04	0.01	0.039395	5.30884	1376.62	0
0.04	0.01	0.039395	5.68853	1389.04	0
0.04	0.01	0.039395	6.09537	1400.74	0
0.04	0.01	0.039395	6.53131	1424.27	0
0.04	0.01	0.039395	6.99842	1460.37	0
0.04	0.01	0.039395	7.49894	1484.93	0
0.04	0.01	0.039395	8.03526	1473.34	0
0.04	0.01	0.039395	8.60994	1432.14	0
0.04	0.01	0.039395	9.22571	1371.65	0
0.04	0.01	0.039395	9.88553	1309.52	0
0.04	0.01	0.039395	10.5925	1270.71	0
0.04	0.01	0.039395	11.3501	1231.8	0
0.04	0.01	0.039395	12.1619	1186.54	0
0.04	0.01	0.039395	13.0317	1146.26	0
0.04	0.01	0.039395	13.9637	1128.5	0
0.04	0.01	0.039395	14.9624	1119.26	0
0.04	0.01	0.039395	16.0325	1113.08	0
0.04	0.01	0.039395	17.1791	1123.45	0
0.04	0.01	0.039395	18.4077	1142.66	0
0.04	0.01	0.039395	19.7242	1146.38	0
0.04	0.01	0.039395	21.1349	1148.88	0
0.04	0.01	0.039395	22.6464	1138.59	0
0.04	0.01	0.039395	24.2661	1125.32	0
0.04	0.01	0.039395	26.0016	1118.25	0
0.04	0.01	0.039395	27.8612	1117.98	0
0.04	0.01	0.039395	29.8538	1116.84	0
0.04	0.01	0.039395	31.989	1124.3	0
0.04	0.01	0.039395	34.2768	1139.91	0
0.04	0.01	0.039395	36.7282	1165.36	0
0.04	0.01	0.039395	39.355	1181.6	0
0.04	0.01	0.039395	42.1697	1176.09	0
0.04	0.01	0.039395	45.1856	1161.18	0
0.04	0.01	0.039395	48.4172	1155.51	0
0.04	0.01	0.039395	51.88	1153.72	0
0.04	0.01	0.039395	55.5904	1146.9	0
0.04	0.01	0.039395	59.5662	1126.68	0
0.04	0.01	0.039395	63.8263	1118.86	0
0.04	0.01	0.039395	68.3912	1121.66	0
0.04	0.01	0.039395	73.2825	1123.83	0
0.04	0.01	0.039395	78.5236	1117.46	0
0.04	0.01	0.039395	84.1395	1116.99	0
0.04	0.01	0.039395	90.1571	1121.63	0
0.04	0.01	0.039395	96.6051	1122.99	0
0.04	0.01	0.043042	0.103514	0.000907018	0
0.04	0.01	0.043042	0.110917	0.00937602	0
0.04	0.01	0.043042	0.11885	0.0299991	0
0.04	0.01	0.043042	0.12735	0.0679099	0
0.04	0.01	0.043042	0.136458	0.129995	0
0.04	0.01	0.043042	0.146218	0.225438	0
0.04	0.01	0.043042	0.156675	0.366412	0
0.04	0.01	0.043042	0.16788	0.568972	0
0.04	0.01	0.043042	0.179887	0.854177	0
0.04	0.01	0.043042	0.192752	1.24951	0
0.04	0.01	0.043042	0.206538	1.79066	0
0.04	0.01	0.043042	0.221309	2.52366	0
0.04	0.01	0.043042	0.237137	3.5076	0
0.04	0.01	0.043042	0.254097	4.81781	0
0.04	0.01	0.043042	0.27227	6.54958	0
0.04	0.01	0.043042	0.291743	8.82256	0
0.04	0.01	0.043042	0.312608	11.7855	0
0.04	0.01	0.043042	0.334965	15.6217	0
0.04	0.01	0.043042	0.358922	20.5538	0
0.04	0.01	0.043042	0.384592	26.849	0
0.04	0.01	0.043042	0.412098	34.8226	0
0.04	0.01	0.043042	0.44157	44.8397	0
0.04	0.01	0.043042	0.473151	57.3132	0
0.04	0.01	0.043042	0.506991	72.6982	0
0.04	0.01	0.043042	0.54325	91.4788	0
0.04	0.01	0.043042	0.582103	114.149	0
0.04	0.01	0.043042	0.623735	141.185	0
0.04	0.01	0.043042	0.668344	173.012	0
0.04	0.01	0.043042	0.716143	209.963	0
0.04	0.01	0.043042	0.767361	252.241	0
0.04	0.01	0.043042	0.822243	299.879	0
0.04	0.01	0.043042	0.881049	352.712	0
0.04	0.01	0.043042	0.944061	410.358	0
0.04	0.01	0.043042	1.01158	472.201	0
0.04	0.01	0.043042	1.08393	537.375	0
0.04	0.01	0.043042	1.16145	604.734	0
0.04	0.01	0.043042	1.24451	672.813	0
0.04	0.01	0.043042	1.33352	739.801	0
0.04	0.01	0.043042	1.42889	803.587	0
0.04	0.01	0.043042	1.53109	861.971	0
0.04	0.01	0.043042	1.64059	913.063	0
0.04	0.01	0.043042	1.75792	955.811	0
0.04	0.01	0.043042	1.88365	990.395	0
0.04	0.01	0.043042	2.01837	1018.2	0
0.04	0.01	0.043042	2.16272	1041.35	0
0.04	0.01	0.043042	2.31739	1062.16	0
0.04	0.01	0.043042	2.48313	1083.26	0
0.04	0.01	0.043042	2.66073	1108.06	0
0.04	0.01	0.043042	2.85102	1140.21	0
0.04	0.01	0.043042	3.05492	1180.91	0
0.04	0.01	0.043042	3.27341	1226.41	0
0.04	0.01	0.043042	3.50752	1269.68	0
0.04	0.01	0.043042	3.75837	1304.78	0
0.04	0.01	0.043042	4.02717	1328.24	0
0.04	0.01	0.043042	4.31519	1340.47	0
0.04	0.01	0.043042	4.62381	1349.3	0
0.04	0.01	0.043042	4.9545	1362.01	0
0.04	0.01	0.043042	5.30884	1376.62	0
0.04	0.01	0.043042	5.68853	1389.04	0
0.04	0.01	0.043042	6.09537	1400.73	0
0.04	0.01	0.043042	6.53131	1424.26	0
0.04	0.01	0.043042	6.99842	1460.37	0
0.04	0.01	0.043042	7.49894	1484.92	0
0.04	0.01	0.043042	8.03526	1473.33	0
0.04	0.01	0.043042	8.60994	1432.13	0
0.04	0.01	0.043042	9.22571	1371.65	0
0.04	0.01	0.043042	9.88553	1309.51	0
0.04	0.01	0.043042	10.5925	1270.71	0
0.04	0.01	0.043042	11.3501	1231.79	0
0.04	0.01	0.043042	12.1619	1186.54	0
0.04	0.01	0.043042	13.0317	1146.26	0
0.04	0.01	0.043042	13.9637	1128.5	0
0.04	0.01	0.043042	14.9624	1119.26	0
0.04	0.01	0.043042	16.0325	1113.07	0
0.04	0.01	0.043042	17.1791	1123.45	0
0.04	0.01	0.043042	18.4077	1142.66	0
0.04	0.01	0.043042	19.7242	1146.38	0
0.04	0.01	0.043042	21.1349	1148.88	0
0.04	0.01	0.043042	22.6464	1138.59	0
0.04	0.01	0.043042	24.2661	1125.31	0
0.04	0.01	0.043042	26.0016	1118.24	0
0.04	0.01	0.043042	27.8612	1117.97	0
0.04	0.01	0.043042	29.8538	1116.83	0
0.04	0.01	0.043042	31.989	1124.29	0
0.04	0.01	0.043042	34.2768	1139.9	0
0.04	0.01	0.043042	36.7282	1165.36	0
0.04	0.01	0.043042	39.355	1181.6	0
0.04	0.01	0.043042	42.1697	1176.09	0
0.04	0.01	0.043042	45.1856	1161.18	0
0.04	0.01	0.043042	48.4172	1155.51	0
0.04	0.01	0.043042	51.88	1153.72	0
0.04	0.01	0.043042	55.5904	1146.9	0
0.04	0.01	0.043042	59.5662	1126.68	0
0.04	0.01	0.043042	63.8263	1118.86	0
0.04	0.01	0.043042	68.3912	1121.65	0
0.04	0.01	0.043042	73.2825	1123.82	0
0.04	0.01	0.043042	78.5236	1117.46	0
0.04	0.01	0.043042	84.1395	1116.99	0
0.04	0.01	0.043042	90.1571	1121.63	0
0.04	0.01	0.043042	96.6051	1122.99	0
0.04	0.01	0.0470266	0.103514	0.000907015	0
0.04	0.01	0.0470266	0.110917	0.00937601	0
0.04	0.01	0.0470266	0.11885	0.0299991	0
0.04	0.01	0.0470266	0.12735	0.0679098	0
0.04	0.01	0.0470266	0.136458	0.129995	0
0.04	0.01	0.0470266	0.146218	0.225438	0
0.04	0.01	0.0470266	0.156675	0.366412	0
0.04	0.01	0.0470266	0.16788	0.568971	0
0.04	0.01	0.0470266	0.179887	0.854177	0
0.04	0.01	0.0470266	0.192752	1.24951	0
0.04	0.01	0.0470266	0.206538	1.79066	0
0.04	0.01	0.0470266	0.221309	2.52366	0
0.04	0.01	0.0470266	0.237137	3.5076	0
0.04	0.01	0.0470266	0.254097	4.81781	0
0.04	0.01	0.0470266	0.27227	6.54958	0
0.04	0.01	0.0470266	0.291743	8.82256	0
0.04	0.01	0.0470266	0.312608	11.7855	0
0.04	0.01	0.0470266	0.334965	15.6217	0
0.04	0.01	0.0470266	0.358922	20.5538	0
0.04	0.01	0.0470266	0.384592	26.849	0
0.04	0.01	0.0470266	0.412098	34.8226	0
0.04	0.01	0.0470266	0.44157	44.8396	0
0.04	0.01	0.0470266	0.473151	57.3132	0
0.04	0.01	0.0470266	0.506991	72.6982	0
0.04	0.01	0.0470266	0.54325	91.4788	0
0.04	0.01	0.0470266	0.582103	114.149	0
0.04	0.01	0.0470266	0.623735	141.185	0
0.04	0.01	0.0470266	0.668344	173.012	0
0.04	0.01	0.0470266	0.716143	209.963	0
0.04	0.01	0.0470266	0.767361	252.241	0
0.04	0.01	0.0470266	0.822243	299.879	0
0.04	0.01	0.0470266	0.881049	352.712	0
0.04	0.01	0.0470266	0.944061	410.358	0
0.04	0.01	0.0470266	1.01158	472.201	0
0.04	0.01	0.0470266	1.08393	537.374	0
0.04	0.01	0.0470266	1.16145	604.734	0
0.04	0.01	0.0470266	1.24451	672.813	0
0.04	0.01	0.0470266	1.33352	739.8	0
0.04	0.01	0.0470266	1.42889	803.586	0
0.04	0.01	0.0470266	1.53109	861.97	0
0.04	0.01	0.0470266	1.64059	913.062	0
0.04	0.01	0.0470266	1.75792	955.809	0
0.04	0.01	0.0470266	1.88365	990.393	0
0.04	0.01	0.0470266	2.01837	1018.2	0
0.04	0.01	0.0470266	2.16272	1041.35	0
0.04	0.01	0.0470266	2.31739	1062.15	0
0.04	0.01	0.0470266	2.48313	1083.25	0
0.04	0.01	0.0470266	2.66073	1108.06	0
0.04	0.01	0.0470266	2.85102	1140.21	0
0.04	0.01	0.0470266	3.05492	1180.9	0
0.04	0.01	0.0470266	3.27341	1226.4	0
0.04	0.01	0.0470266	3.50752	1269.67	0
0.04	0.01	0.0470266	3.75837	1304.78	0
0.04	0.01	0.0470266	4.02717	1328.24	0
0.04	0.01	0.0470266	4.31519	1340.47	0
0.04	0.01	0.0470266	4.62381	1349.29	0
0.04	0.01	0.0470266	4.9545	1362.01	0
0.04	0.01	0.0470266	5.30884	1376.62	0
0.04	0.01	0.0470266	5.68853	1389.04	0
0.04	0.01	0.0470266	6.09537	1400.73	0
0.04	0.01	0.0470266	6.53131	1424.25	0
0.04	0.01	0.0470266	6.99842	1460.36	0
0.04	0.01	0.0470266	7.49894	1484.91	0
0.04	0.01	0.0470266	8.03526	1473.32	0
0.04	0.01	0.0470266	8.60994	1432.12	0
0.04	0.01	0.0470266	9.22571	1371.64	0
0.04	0.01	0.0470266	9.88553	1309.51	0
0.04	0.01	0.0470266	10.5925	1270.7	0
0.04	0.01	0.0470266	11.3501	1231.79	0
0.04	0.01	0.0470266	12.1619	1186.54	0
0.04	0.01	0.0470266	13.0317	1146.26	0
0.04	0.01	0.0470266	13.9637	1128.5	0
0.04	0.01	0.0470266	14.9624	1119.26	0
0.04	0.01	0.0470266	16.0325	1113.07	0
0.04	0.01	0.0470266	17.1791	1123.45	0
0.04	0.01	0.0470266	18.4077	1142.66	0
0.04	0.01	0.0470266	19.7242	1146.38	0
0.04	0.01	0.0470266	21.1349	1148.88	0
0.04	0.01	0.0470266	22.6464	1138.59	0
0.04	0.01	0.0470266	24.2661	1125.31	0
0.04	0.01	0.0470266	26.0016	1118.24	0
0.04	0.01	0.0470266	27.8612	1117.97	0
0.04	0.01	0.0470266	29.8538	1116.83	0
0.04	0.01	0.0470266	31.989	1124.29	0
0.04	0.01	0.0470266	34.2768	1139.9	0
0.04	0.01	0.0470266	36.7282	1165.36	0
0.04	0.01	0.0470266	39.355	1181.59	0
0.04	0.01	0.0470266	42.1697	1176.09	0
0.04	0.01	0.0470266	45.1856	1161.18	0
0.04	0.01	0.0470266	48.4172	1155.51	0
0.04	0.01	0.0470266	51.88	1153.71	0
0.04	0.01	0.0470266	55.5904	1146.89	0
0.04	0.01	0.0470266	59.5662	1126.67	0
0.04	0.01	0.0470266	63.8263	1118.85	0
0.04	0.01	0.0470266	68.3912	1121.65	0
0.04	0.01	0.0470266	73.2825	1123.82	0
0.04	0.01	0.0470266	78.5236	1117.46	0
0.04	0.01	0.0470266	84.1395	1116.98	0
0.04	0.01	0.0470266	90.1571	1121.62	0
0.04	0.01	0.0470266	96.6051	1122.99	0
0.04	0.01	0.05138	0.103514	0.000907012	0
0.04	0.01	0.05138	0.110917	0.009376	0
0.04	0.01	0.05138	0.11885	0.029999	0
0.04	0.01	0.05138	0.12735	0.0679098	0
0.04	0.01	0.05138	0.136458	0.129995	0
0.04	0.01	0.05138	0.146218	0.225438	0
0.04	0.01	0.05138	0.156675	0.366412	0
0.04	0.01	0.05138	0.16788	0.568971	0
0.04	0.01	0.05138	0.179887	0.854177	0
0.04	0.01	0.05138	0.192752	1.24951	0
0.04	0.01	0.05138	0.206538	1.79066	0
0.04	0.01	0.05138	0.221309	2.52366	0
0.04	0.01	0.05138	0.237137	3.5076	0
0.04	0.01	0.05138	0.254097	4.81781	0
0.04	0.01	0.05138	0.27227	6.54958	0
0.04	0.01	0.05138	0.291743	8.82256	0
0.04	0.01	0.05138	0.312608	11.7855	0
0.04	0.01	0.05138	0.334965	15.6217	0
0.04	0.01	0.05138	0.358922	20.5538	0
0.04	0.01	0.05138	0.384592	26.849	0
0.04	0.01	0.05138	0.412098	34.8226	0
0.04	0.01	0.05138	0.44157	44.8396	0
0.04	0.01	0.05138	0.473151	57.3132	0
0.04	0.01	0.05138	0.506991	72.6982	0
0.04	0.01	0.05138	0.54325	91.4787	0
0.04	0.01	0.05138	0.582103	114.149	0
0.04	0.01	0.05138	0.623735	141.185	0
0.04	0.01	0.05138	0.668344	173.012	0
0.04	0.01	0.05138	0.716143	209.963	0
0.04	0.01	0.05138	0.767361	252.241	0
0.04	0.01	0.05138	0.822243	299.879	0
0.04	0.01	0.05138	0.881049	352.712	0
0.04	0.01	0.05138	0.944061	410.357	0
0.04	0.01	0.05138	1.01158	472.2	0
0.04	0.01	0.05138	1.08393	537.374	0
0.04	0.01	0.05138	1.16145	604.733	0
0.04	0.01	0.05138	1.24451	672.812	0
0.04	0.01	0.05138	1.33352	739.799	0
0.04	0.01	0.05138	1.42889	803.585	0
0.04	0.01	0.05138	1.53109	861.969	0
0.04	0.01	0.05138	1.64059	913.06	0
0.04	0.01	0.05138	1.75792	955.807	0
0.04	0.01	0.05138	1.88365	990.391	0
0.04	0.01	0.05138	2.01837	1018.2	0
0.04	0.01	0.05138	2.16272	1041.34	0
0.04	0.01	0.05138	2.31739	1062.15	0
0.04	0.01	0.05138	2.48313	1083.25	0
0.04	0.01	0.05138	2.66073	1108.05	0
0.04	0.01	0.05138	2.85102	1140.2	0
0.04	0.01	0.05138	3.05492	1180.9	0
0.04	0.01	0.05138	3.27341	1226.4	0
0.04	0.01	0.05138	3.50752	1269.67	0
0.04	0.01	0.05138	3.75837	1304.77	0
0.04	0.01	0.05138	4.02717	1328.24	0
0.04	0.01	0.05138	4.31519	1340.46	0
0.04	0.01	0.05138	4.62381	1349.29	0
0.04	0.01	0.05138	4.9545	1362.01	0
0.04	0.01	0.05138	5.30884	1376.62	0
0.04	0.01	0.05138	5.68853	1389.03	0
0.04	0.01	0.05138	6.09537	1400.72	0
0.04	0.01	0.05138	6.53131	1424.25	0
0.04	0.01	0.05138	6.99842	1460.35	0
0.04	0.01	0.05138	7.49894	1484.9	0
0.04	0.01	0.05138	8.03526	1473.31	0
0.04	0.01	0.05138	8.60994	1432.11	0
0.04	0.01	0.05138	9.22571	1371.63	0
0.04	0.01	0.05138	9.88553	1309.5	0
0.04	0.01	0.05138	10.5925	1270.7	0
0.04	0.01	0.05138	11.3501	1231.79	0
0.04	0.01	0.05138	12.1619	1186.53	0
0.04	0.01	0.05138	13.0317	1146.25	0
0.04	0.01	0.05138	13.9637	1128.5	0
0.04	0.01	0.05138	14.9624	1119.25	0
0.04	0.01	0.05138	16.0325	1113.07	0
0.04	0.01	0.05138	17.1791	1123.44	0
0.04	0.01	0.05138	18.4077	1142.65	0
0.04	0.01	0.05138	19.7242	1146.38	0
0.04	0.01	0.05138	21.1349	1148.87	0
0.04	0.01	0.05138	22.6464	1138.59	0
0.04	0.01	0.05138	24.2661	1125.31	0
0.04	0.01	0.05138	26.0016	1118.24	0
0.04	0.01	0.05138	27.8612	1117.97	0
0.04	0.01	0.05138	29.8538	1116.83	0
0.04	0.01	0.05138	31.989	1124.28	0
0.04	0.01	0.05138	34.2768	1139.89	0
0.04	0.01	0.05138	36.7282	1165.35	0
0.04	0.01	0.05138	39.355	1181.59	0
0.04	0.01	0.05138	42.1697	1176.08	0
0.04	0.01	0.05138	45.1856	1161.18	0
0.04	0.01	0.05138	48.4172	1155.51	0
0.04	0.01	0.05138	51.88	1153.71	0
0.04	0.01	0.05138	55.5904	1146.89	0
0.04	0.01	0.05138	59.5662	1126.67	0
0.04	0.01	0.05138	63.8263	1118.85	0
0.04	0.01	0.05138	68.3912	1121.65	0
0.04	0.01	0.05138	73.2825	1123.82	0
0.04	0.01	0.05138	78.5236	1117.45	0
0.04	0.01	0.05138	84.1395	1116.98	0
0.04	0.01	0.05138	90.1571	1121.62	0
0.04	0.01	0.05138	96.6051	1122.98	0
0.04	0.01	0.0561365	0.103514	0.000907008	0
0.04	0.01	0.0561365	0.110917	0.00937599	0
0.04	0.01	0.0561365	0.11885	0.029999	0
0.04	0.01	0.0561365	0.12735	0.0679097	0
0.04	0.01	0.0561365	0.136458	0.129995	0
0.04	0.01	0.0561365	0.146218	0.225438	0
0.04	0.01	0.0561365	0.156675	0.366412	0
0.04	0.01	0.0561365	0.16788	0.568971	0
0.04	0.01	0.0561365	0.179887	0.854176	0
0.04	0.01	0.0561365	0.192752	1.24951	0
0.04	0.01	0.0561365	0.206538	1.79065	0
0.04	0.01	0.0561365	0.221309	2.52366	0
0.04	0.01	0.0561365	0.237137	3.5076	0
0.04	0.01	0.0561365	0.254097	4.81781	0
0.04	0.01	0.0561365	0.27227	6.54958	0
0.04	0.01	0.0561365	0.291743	8.82255	0
0.04	0.01	0.0561365	0.312608	11.7855	0
0.04	0.01	0.0561365	0.334965	15.6217	0
0.04	0.01	0.0561365	0.358922	20.5538	0
0.04	0.01	0.0561365	0.384592	26.849	0
0.04	0.01	0.0561365	0.412098	34.8226	0
0.04	0.01	0.0561365	0.44157	44.8396	0
0.04	0.01	0.0561365	0.473151	57.3132	0
0.04	0.01	0.0561365	0.506991	72.6981	0
0.04	0.01	0.0561365	0.54325	91.4787	0
0.04	0.01	0.0561365	0.582103	114.149	0
0.04	0.01	0.0561365	0.623735	141.185	0
0.04	0.01	0.0561365	0.668344	173.012	0
0.04	0.01	0.0561365	0.716143	209.963	0
0.04	0.01	0.0561365	0.767361	252.241	0
0.04	0.01	0.0561365	0.822243	299.878	0
0.04	0.01	0.0561365	0.881049	352.711	0
0.04	0.01	0.0561365	0.944061	410.357	0
0.04	0.01	0.0561365	1.01158	472.2	0
0.04	0.01	0.0561365	1.08393	537.374	0
0.04	0.01	0.0561365	1.16145	604.733	0
0.04	0.01	0.0561365	1.24451	672.811	0
0.04	0.01	0.0561365	1.33352	739.798	0
0.04	0.01	0.0561365	1.42889	803.584	0
0.04	0.01	0.0561365	1.53109	861.967	0
0.04	0.01	0.0561365	1.64059	913.059	0
0.04	0.01	0.0561365	1.75792	955.805	0
0.04	0.01	0.0561365	1.88365	990.388	0
0.04	0.01	0.0561365	2.01837	1018.2	0
0.04	0.01	0.0561365	2.16272	1041.34	0
0.04	0.01	0.0561365	2.31739	1062.15	0
0.04	0.01	0.0561365	2.48313	1083.24	0
0.04	0.01	0.0561365	2.66073	1108.05	0
0.04	0.01	0.0561365	2.85102	1140.2	0
0.04	0.01	0.0561365	3.05492	1180.89	0
0.04	0.01	0.0561365	3.27341	1226.39	0
0.04	0.01	0.0561365	3.50752	1269.66	0
0.04	0.01	0.0561365	3.75837	1304.77	0
0.04	0.01	0.0561365	4.02717	1328.23	0
0.04	0.01	0.0561365	4.31519	1340.46	0
0.04	0.01	0.0561365	4.62381	1349.29	0
0.04	0.01	0.0561365	4.9545	1362	0
0.04	0.01	0.0561365	5.30884	1376.61	0
0.04	0.01	0.0561365	5.68853	1389.03	0
0.04	0.01	0.0561365	6.09537	1400.72	0
0.04	0.01	0.0561365	6.53131	1424.24	0
0.04	0.01	0.0561365	6.99842	1460.34	0
0.04	0.01	0.0561365	7.49894	1484.89	0
0.04	0.01	0.0561365	8.03526	1473.3	0
0.04	0.01	0.0561365	8.60994	1432.1	0
0.04	0.01	0.0561365	9.22571	1371.62	0
0.04	0.01	0.0561365	9.88553	1309.5	0
0.04	0.01	0.0561365	10.5925	1270.69	0
0.04	0.01	0.0561365	11.3501	1231.78	0
0.04	0.01	0.0561365	12.1619	1186.53	0
0.04	0.01	0.0561365	13.0317	1146.25	0
0.04	0.01	0.0561365	13.9637	1128.5	0
0.04	0.01	0.0561365	14.9624	1119.25	0
0.04	0.01	0.0561365	16.0325	1113.07	0
0.04	0.01	0.0561365	17.1791	1123.44	0
0.04	0.01	0.0561365	18.4077	1142.65	0
0.04	0.01	0.0561365	19.7242	1146.37	0
0.04	0.01	0.0561365	21.1349	1148.87	0
0.04	0.01	0.0561365	22.6464	1138.58	0
0.04	0.01	0.0561365	24.2661	1125.31	0
0.04	0.01	0.0561365	26.0016	1118.23	0
0.04	0.01	0.0561365	27.8612	1117.96	0
0.04	0.01	0.0561365	29.8538	1116.82	0
0.04	0.01	0.0561365	31.989	1124.28	0
0.04	0.01	0.0561365	34.2768	1139.89	0
0.04	0.01	0.0561365	36.7282	1165.35	0
0.04	0.01	0.0561365	39.355	1181.58	0
0.04	0.01	0.0561365	42.1697	1176.08	0
0.04	0.01	0.0561365	45.1856	1161.17	0
0.04	0.01	0.0561365	48.4172	1155.5	0
0.04	0.01	0.0561365	51.88	1153.71	0
0.04	0.01	0.0561365	55.5904	1146.88	0
0.04	0.01	0.0561365	59.5662	1126.66	0
0.04	0.01	0.0561365	63.8263	1118.84	0
0.04	0.01	0.0561365	68.3912	1121.64	0
0.04	0.01	0.0561365	73.2825	1123.81	0
0.04	0.01	0.0561365	78.5236	1117.45	0
0.04	0.01	0.0561365	84.1395	1116.98	0
0.04	0.01	0.0561365	90.1571	1121.62	0
0.04	0.01	0.0561365	96.6051	1122.98	0
0.04	0.01	0.0613333	0.103514	0.000907004	0
0.04	0.01	0.0613333	0.110917	0.00937598	0
0.04	0.01	0.0613333	0.11885	0.029999	0
0.04	0.01	0.0613333	0.12735	0.0679097	0
0.04	0.01	0.0613333	0.136458	0.129995	0
0.04	0.01	0.0613333	0.146218	0.225438	0
0.04	0.01	0.0613333	0.156675	0.366412	0
0.04	0.01	0.0613333	0.16788	0.568971	0
0.04	0.01	0.0613333	0.179887	0.854176	0
0.04	0.01	0.0613333	0.192752	1.24951	0
0.04	0.01	0.0613333	0.206538	1.79065	0
0.04	0.01	0.0613333	0.221309	2.52365	0
0.04	0.01	0.0613333	0.237137	3.5076	0
0.04	0.01	0.0613333	0.254097	4.8178	0
0.04	0.01	0.0613333	0.27227	6.54958	0
0.04	0.01	0.0613333	0.291743	8.82255	0
0.04	0.01	0.0613333	0.312608	11.7855	0
0.04	0.01	0.0613333	0.334965	15.6217	0
0.04	0.01	0.0613333	0.358922	20.5538	0
0.04	0.01	0.0613333	0.384592	26.849	0
0.04	0.01	0.0613333	0.412098	34.8226	0
0.04	0.01	0.0613333	0.44157	44.8396	0
0.04	0.01	0.0613333	0.473151	57.3132	0
0.04	0.01	0.0613333	0.506991	72.6981	0
0.04	0.01	0.0613333	0.54325	91.4787	0
0.04	0.01	0.0613333	0.582103	114.149	0
0.04	0.01	0.0613333	0.623735	141.185	0
0.04	0.01	0.0613333	0.668344	173.012	0
0.04	0.01	0.0613333	0.716143	209.963	0
0.04	0.01	0.0613333	0.767361	252.241	0
0.04	0.01	0.0613333	0.822243	299.878	0
0.04	0.01	0.0613333	0.881049	352.711	0
0.04	0.01	0.0613333	0.944061	410.357	0
0.04	0.01	0.0613333	1.01158	472.199	0
0.04	0.01	0.0613333	1.08393	537.373	0
0.04	0.01	0.0613333	1.16145	604.732	0
0.04	0.01	0.0613333	1.24451	672.81	0
0.04	0.01	0.0613333	1.33352	739.797	0
0.04	0.01	0.0613333	1.42889	803.583	0
0.04	0.01	0.0613333	1.53109	861.966	0
0.04	0.01	0.0613333	1.64059	913.057	0
0.04	0.01	0.0613333	1.75792	955.803	0
0.04	0.01	0.0613333	1.88365	990.386	0
0.04	0.01	0.0613333	2.01837	1018.19	0
0.04	0.01	0.0613333	2.16272	1041.34	0
0.04	0.01	0.0613333	2.31739	1062.14	0
0.04	0.01	0.0613333	2.48313	1083.24	0
0.04	0.01	0.0613333	2.66073	1108.04	0
0.04	0.01	0.0613333	2.85102	1140.19	0
0.04	0.01	0.0613333	3.05492	1180.89	0
0.04	0.01	0.0613333	3.27341	1226.39	0
0.04	0.01	0.0613333	3.50752	1269.66	0
0.04	0.01	0.0613333	3.75837	1304.77	0
0.04	0.01	0.0613333	4.02717	1328.23	0
0.04	0.01	0.0613333	4.31519	1340.46	0
0.04	0.01	0.0613333	4.62381	1349.29	0
0.04	0.01	0.0613333	4.9545	1362	0
0.04	0.01	0.0613333	5.30884	1376.61	0
0.04	0.01	0.0613333	5.68853	1389.03	0
0.04	0.01	0.0613333	6.09537	1400.71	0
0.04	0.01	0.0613333	6.53131	1424.23	0
0.04	0.01	0.0613333	6.99842	1460.33	0
0.04	0.01	0.0613333	7.49894	1484.88	0
0.04	0.01	0.0613333	8.03526	1473.29	0
0.04	0.01	0.0613333	8.60994	1432.09	0
0.04	0.01	0.0613333	9.22571	1371.62	0
0.04	0.01	0.0613333	9.88553	1309.49	0
0.04	0.01	0.0613333	10.5925	1270.68	0
0.04	0.01	0.0613333	11.3501	1231.78	0
0.04	0.01	0.0613333	12.1619	1186.53	0
0.04	0.01	0.0613333	13.0317	1146.25	0
0.04	0.01	0.0613333	13.9637	1128.49	0
0.04	0.01	0.0613333	14.9624	1119.25	0
0.04	0.01	0.0613333	16.0325	1113.07	0
0.04	0.01	0.0613333	17.1791	1123.44	0
0.04	0.01	0.0613333	18.4077	1142.65	0
0.04	0.01	0.0613333	19.7242	1146.37	0
0.04	0.01	0.0613333	21.1349	1148.87	0
0.04	0.01	0.0613333	22.6464	1138.58	0
0.04	0.01	0.0613333	24.2661	1125.3	0
0.04	0.01	0.0613333	26.0016	1118.23	0
0.04	0.01	0.0613333	27.8612	1117.96	0
0.04	0.01	0.0613333	29.8538	1116.82	0
0.04	0.01	0.0613333	31.989	1124.27	0
0.04	0.01	0.0613333	34.2768	1139.88	0
0.04	0.01	0.0613333	36.7282	1165.34	0
0.04	0.01	0.0613333	39.355	1181.58	0
0.04	0.01	0.0613333	42.1697	1176.08	0
0.04	0.01	0.0613333	45.1856	1161.17	0
0.04	0.01	0.0613333	48.4172	1155.5	0
0.04	0.01	0.0613333	51.88	1153.7	0
0.04	0.01	0.0613333	55.5904	1146.88	0
0.04	0.01	0.0613333	59.5662	1126.66	0
0.04	0.01	0.0613333	63.8263	1118.84	0
0.04	0.01	0.0613333	68.3912	1121.64	0
0.04	0.01	0.0613333	73.2825	1123.81	0
0.04	0.01	0.0613333	78.5236	1117.44	0
0.04	0.01	0.0613333	84.1395	1116.97	0
0.04	0.01	0.0613333	90.1571	1121.61	0
0.04	0.01	0.0613333	96.6051	1122.98	0
0.04	0.01	0.0670111	0.103514	0.000907	0
0.04	0.01	0.0670111	0.110917	0.00937596	0
0.04	0.01	0.0670111	0.11885	0.029999	0
0.04	0.01	0.0670111	0.12735	0.0679096	0
0.04	0.01	0.0670111	0.136458	0.129995	0
0.04	0.01	0.0670111	0.146218	0.225438	0
0.04	0.01	0.0670111	0.156675	0.366411	0
0.04	0.01	0.0670111	0.16788	0.568971	0
0.04	0.01	0.0670111	0.179887	0.854175	0
0.04	0.01	0.0670111	0.192752	1.24951	0
0.04	0.01	0.0670111	0.206538	1.79065	0
0.04	0.01	0.0670111	0.221309	2.52365	0
0.04	0.01	0.0670111	0.237137	3.5076	0
0.04	0.01	0.0670111	0.254097	4.8178	0
0.04	0.01	0.0670111	0.27227	6.54957	0
0.04	0.01	0.0670111	0.291743	8.82255	0
0.04	0.01	0.0670111	0.312608	11.7855	0
0.04	0.01	0.0670111	0.334965	15.6217	0
0.04	0.01	0.0670111	0.358922	20.5538	0
0.04	0.01	0.0670111	0.384592	26.849	0
0.04	0.01	0.0670111	0.412098	34.8226	0
0.04	0.01	0.0670111	0.44157	44.8396	0
0.04	0.01	0.0670111	0.473151	57.3131	0
0.04	0.01	0.0670111	0.506991	72.6981	0
0.04	0.01	0.0670111	0.54325	91.4786	0
0.04	0.01	0.0670111	0.582103	114.149	0
0.04	0.01	0.0670111	0.623735	141.185	0
0.04	0.01	0.0670111	0.668344	173.012	0
0.04	0.01	0.0670111	0.716143	209.963	0
0.04	0.01	0.0670111	0.767361	252.241	0
0.04	0.01	0.0670111	0.822243	299.878	0
0.04	0.01	0.0670111	0.881049	352.711	0
0.04	0.01	0.0670111	0.944061	410.357	0
0.04	0.01	0.0670111	1.01158	472.199	0
0.04	0.01	0.0670111	1.08393	537.372	0
0.04	0.01	0.0670111	1.16145	604.731	0
0.04	0.01	0.0670111	1.24451	672.81	0
0.04	0.01	0.0670111	1.33352	739.796	0
0.04	0.01	0.0670111	1.42889	803.581	0
0.04	0.01	0.0670111	1.53109	861.964	0
0.04	0.01	0.0670111	1.64059	913.055	0
0.04	0.01	0.0670111	1.75792	955.801	0
0.04	0.01	0.0670111	1.88365	990.383	0
0.04	0.01	0.0670111	2.01837	1018.19	0
0.04	0.01	0.0670111	2.16272	1041.33	0
0.04	0.01	0.0670111	2.31739	1062.14	0
0.04	0.01	0.0670111	2.48313	1083.23	0
0.04	0.01	0.0670111	2.66073	1108.04	0
0.04	0.01	0.0670111	2.85102	1140.18	0
0.04	0.01	0.0670111	3.05492	1180.88	0
0.04	0.01	0.0670111	3.27341	1226.38	0
0.04	0.01	0.0670111	3.50752	1269.65	0
0.04	0.01	0.0670111	3.75837	1304.76	0
0.04	0.01	0.0670111	4.02717	1328.22	0
0.04	0.01	0.0670111	4.31519	1340.46	0
0.04	0.01	0.0670111	4.62381	1349.29	0
0.04	0.01	0.0670111	4.9545	1362	0
0.04	0.01	0.0670111	5.30884	1376.61	0
0.04	0.01	0.0670111	5.68853	1389.02	0
0.04	0.01	0.0670111	6.09537	1400.7	0
0.04	0.01	0.0670111	6.53131	1424.22	0
0.04	0.01	0.0670111	6.99842	1460.32	0
0.04	0.01	0.0670111	7.49894	1484.87	0
0.04	0.01	0.0670111	8.03526	1473.28	0
0.04	0.01	0.0670111	8.60994	1432.08	0
0.04	0.01	0.0670111	9.22571	1371.61	0
0.04	0.01	0.0670111	9.88553	1309.48	0
0.04	0.01	0.0670111	10.5925	1270.68	0
0.04	0.01	0.0670111	11.3501	1231.77	0
0.04	0.01	0.0670111	12.1619	1186.52	0
0.04	0.01	0.0670111	13.0317	1146.25	0
0.04	0.01	0.0670111	13.9637	1128.49	0
0.04	0.01	0.0670111	14.9624	1119.25	0
0.04	0.01	0.0670111	16.0325	1113.06	0
0.04	0.01	0.0670111	17.1791	1123.44	0
0.04	0.01	0.0670111	18.4077	1142.65	0
0.04	0.01	0.0670111	19.7242	1146.37	0
0.04	0.01	0.0670111	21.1349	1148.87	0
0.04	0.01	0.0670111	22.6464	1138.58	0
0.04	0.01	0.0670111	24.2661	1125.3	0
0.04	0.01	0.0670111	26.0016	1118.23	0
0.04	0.01	0.0670111	27.8612	1117.95	0
0.04	0.01	0.0670111	29.8538	1116.81	0
0.04	0.01	0.0670111	31.989	1124.27	0
0.04	0.01	0.0670111	34.2768	1139.88	0
0.04	0.01	0.0670111	36.7282	1165.33	0
0.04	0.01	0.0670111	39.355	1181.57	0
0.04	0.01	0.0670111	42.1697	1176.07	0
0.04	0.01	0.0670111	45.1856	1161.17	0
0.04	0.01	0.0670111	48.4172	1155.5	0
0.04	0.01	0.0670111	51.88	1153.7	0
0.04	0.01	0.0670111	55.5904	1146.88	0
0.04	0.01	0.0670111	59.5662	1126.65	0
0.04	0.01	0.0670111	63.8263	1118.84	0
0.04	0.01	0.0670111	68.3912	1121.63	0
0.04	0.01	0.0670111	73.2825	1123.8	0
0.04	0.01	0.0670111	78.5236	1117.44	0
0.04	0.01	0.0670111	84.1395	1116.97	0
0.04	0.01	0.0670111	90.1571	1121.61	0
0.04	0.01	0.0670111	96.6051	1122.97	0
0.04	0.01	0.0732147	0.103514	0.000906995	0
0.04	0.01	0.0732147	0.110917	0.00937594	0
0.04	0.01	0.0732147	0.11885	0.0299989	0
0.04	0.01	0.0732147	0.12735	0.0679096	0
0.04	0.01	0.0732147	0.136458	0.129995	0
0.04	0.01	0.0732147	0.146218	0.225437	0
0.04	0.01	0.0732147	0.156675	0.366411	0
0.04	0.01	0.0732147	0.16788	0.56897	0
0.04	0.01	0.0732147	0.179887	0.854175	0
0.04	0.01	0.0732147	0.192752	1.24951	0
0.04	0.01	0.0732147	0.206538	1.79065	0
0.04	0.01	0.0732147	0.221309	2.52365	0
0.04	0.01	0.0732147	0.237137	3.5076	0
0.04	0.01	0.0732147	0.254097	4.8178	0
0.04	0.01	0.0732147	0.27227	6.54957	0
0.04	0.01	0.0732147	0.291743	8.82254	0
0.04	0.01	0.0732147	0.312608	11.7855	0
0.04	0.01	0.0732147	0.334965	15.6217	0
0.04	0.01	0.0732147	0.358922	20.5538	0
0.04	0.01	0.0732147	0.384592	26.8489	0
0.04	0.01	0.0732147	0.412098	34.8225	0
0.04	0.01	0.0732147	0.44157	44.8396	0
0.04	0.01	0.0732147	0.473151	57.3131	0
0.04	0.01	0.0732147	0.506991	72.698	0
0.04	0.01	0.0732147	0.54325	91.4786	0
0.04	0.01	0.0732147	0.582103	114.149	0
0.04	0.01	0.0732147	0.623735	141.185	0
0.04	0.01	0.0732147	0.668344	173.012	0
0.04	0.01	0.0732147	0.716143	209.963	0
0.04	0.01	0.0732147	0.767361	252.24	0
0.04	0.01	0.0732147	0.822243	299.878	0
0.04	0.01	0.0732147	0.881049	352.711	0
0.04	0.01	0.0732147	0.944061	410.356	0
0.04	0.01	0.0732147	1.01158	472.199	0
0.04	0.01	0.0732147	1.08393	537.372	0
0.04	0.01	0.0732147	1.16145	604.73	0
0.04	0.01	0.0732147	1.24451	672.809	0
0.04	0.01	0.0732147	1.33352	739.795	0
0.04	0.01	0.0732147	1.42889	803.58	0
0.04	0.01	0.0732147	1.53109	861.962	0
0.04	0.01	0.0732147	1.64059	913.053	0
0.04	0.01	0.0732147	1.75792	955.798	0
0.04	0.01	0.0732147	1.88365	990.38	0
0.04	0.01	0.0732147	2.01837	1018.19	0
0.04	0.01	0.0732147	2.16272	1041.33	0
0.04	0.01	0.0732147	2.31739	1062.13	0
0.04	0.01	0.0732147	2.48313	1083.23	0
0.04	0.01	0.0732147	2.66073	1108.03	0
0.04	0.01	0.0732147	2.85102	1140.18	0
0.04	0.01	0.0732147	3.05492	1180.87	0
0.04	0.01	0.0732147	3.27341	1226.37	0
0.04	0.01	0.0732147	3.50752	1269.65	0
0.04	0.01	0.0732147	3.75837	1304.76	0
0.04	0.01	0.0732147	4.02717	1328.22	0
0.04	0.01	0.0732147	4.31519	1340.45	0
0.04	0.01	0.0732147	4.62381	1349.28	0
0.04	0.01	0.0732147	4.9545	1362	0
0.04	0.01	0.0732147	5.30884	1376.61	0
0.04	0.01	0.0732147	5.68853	1389.02	0
0.04	0.01	0.0732147	6.09537	1400.7	0
0.04	0.01	0.0732147	6.53131	1424.21	0
0.04	0.01	0.0732147	6.99842	1460.31	0
0.04	0.01	0.0732147	7.49894	1484.86	0
0.04	0.01	0.0732147	8.03526	1473.27	0
0.04	0.01	0.0732147	8.60994	1432.07	0
0.04	0.01	0.0732147	9.22571	1371.6	0
0.04	0.01	0.0732147	9.88553	1309.47	0
0.04	0.01	0.0732147	10.5925	1270.67	0
0.04	0.01	0.0732147	11.3501	1231.77	0
0.04	0.01	0.0732147	12.1619	1186.52	0
0.04	0.01	0.0732147	13.0317	1146.25	0
0.04	0.01	0.0732147	13.9637	1128.49	0
0.04	0.01	0.0732147	14.9624	1119.24	0
0.04	0.01	0.0732147	16.0325	1113.06	0
0.04	0.01	0.0732147	17.1791	1123.43	0
0.04	0.01	0.0732147	18.4077	1142.64	0
0.04	0.01	0.0732147	19.7242	1146.37	0
0.04	0.01	0.0732147	21.1349	1148.86	0
0.04	0.01	0.0732147	22.6464	1138.57	0
0.04	0.01	0.0732147	24.2661	1125.3	0
0.04	0.01	0.0732147	26.0016	1118.22	0
0.04	0.01	0.0732147	27.8612	1117.95	0
0.04	0.01	0.0732147	29.8538	1116.81	0
0.04	0.01	0.0732147	31.989	1124.26	0
0.04	0.01	0.0732147	34.2768	1139.87	0
0.04	0.01	0.0732147	36.7282	1165.33	0
0.04	0.01	0.0732147	39.355	1181.57	0
0.04	0.01	0.0732147	42.1697	1176.07	0
0.04	0.01	0.0732147	45.1856	1161.16	0
0.04	0.01	0.0732147	48.4172	1155.49	0
0.04	0.01	0.0732147	51.88	1153.7	0
0.04	0.01	0.0732147	55.5904	1146.87	0
0.04	0.01	0.0732147	59.5662	1126.65	0
0.04	0.01	0.0732147	63.8263	1118.83	0
0.04	0.01	0.0732147	68.3912	1121.63	0
0.04	0.01	0.0732147	73.2825	1123.8	0
0.04	0.01	0.0732147	78.5236	1117.43	0
0.04	0.01	0.0732147	84.1395	1116.96	0
0.04	0.01	0.0732147	90.1571	1121.6	0
0.04	0.01	0.0732147	96.6051	1122.97	0
0.04	0.01	0.0799925	0.103514	0.00090699	0
0.04	0.01	0.0799925	0.110917	0.00937593	0
0.04	0.01	0.0799925	0.11885	0.0299989	0
0.04	0.01	0.0799925	0.12735	0.0679095	0
0.04	0.01	0.0799925	0.136458	0.129995	0
0.04	0.01	0.0799925	0.146218	0.225437	0
0.04	0.01	0.0799925	0.156675	0.366411	0
0.04	0.01	0.0799925	0.16788	0.56897	0
0.04	0.01	0.0799925	0.179887	0.854175	0
0.04	0.01	0.0799925	0.192752	1.24951	0
0.04	0.01	0.0799925	0.206538	1.79065	0
0.04	0.01	0.0799925	0.221309	2.52365	0
0.04	0.01	0.0799925	0.237137	3.5076	0
0.04	0.01	0.0799925	0.254097	4.8178	0
0.04	0.01	0.0799925	0.27227	6.54957	0
0.04	0.01	0.0799925	0.291743	8.82254	0
0.04	0.01	0.0799925	0.312608	11.7855	0
0.04	0.01	0.0799925	0.334965	15.6217	0
0.04	0.01	0.0799925	0.358922	20.5537	0
0.04	0.01	0.0799925	0.384592	26.8489	0
0.04	0.01	0.0799925	0.412098	34.8225	0
0.04	0.01	0.0799925	0.44157	44.8395	0
0.04	0.01	0.0799925	0.473151	57.3131	0
0.04	0.01	0.0799925	0.506991	72.698	0
0.04	0.01	0.0799925	0.54325	91.4785	0
0.04	0.01	0.0799925	0.582103	114.149	0
0.04	0.01	0.0799925	0.623735	141.185	0
0.04	0.01	0.0799925	0.668344	173.012	0
0.04	0.01	0.0799925	0.716143	209.963	0
0.04	0.01	0.0799925	0.767361	252.24	0
0.04	0.01	0.0799925	0.822243	299.878	0
0.04	0.01	0.0799925	0.881049	352.71	0
0.04	0.01	0.0799925	0.944061	410.356	0
0.04	0.01	0.0799925	1.01158	472.198	0
0.04	0.01	0.0799925	1.08393	537.371	0
0.04	0.01	0.0799925	1.16145	604.73	0
0.04	0.01	0.0799925	1.24451	672.808	0
0.04	0.01	0.0799925	1.33352	739.794	0
0.04	0.01	0.0799925	1.42889	803.578	0
0.04	0.01	0.0799925	1.53109	861.96	0
0.04	0.01	0.0799925	1.64059	913.05	0
0.04	0.01	0.0799925	1.75792	955.795	0
0.04	0.01	0.0799925	1.88365	990.376	0
0.04	0.01	0.0799925	2.01837	1018.18	0
0.04	0.01	0.0799925	2.16272	1041.32	0
0.04	0.01	0.0799925	2.31739	1062.13	0
0.04	0.01	0.0799925	2.48313	1083.22	0
0.04	0.01	0.0799925	2.66073	1108.02	0
0.04	0.01	0.0799925	2.85102	1140.17	0
0.04	0.01	0.0799925	3.05492	1180.87	0
0.04	0.01	0.0799925	3.27341	1226.37	0
0.04	0.01	0.0799925	3.50752	1269.64	0
0.04	0.01	0.0799925	3.75837	1304.75	0
0.04	0.01	0.0799925	4.02717	1328.22	0
0.04	0.01	0.0799925	4.31519	1340.45	0
0.04	0.01	0.0799925	4.62381	1349.28	0
0.04	0.01	0.0799925	4.9545	1362	0
0.04	0.01	0.0799925	5.30884	1376.6	0
0.04	0.01	0.0799925	5.68853	1389.01	0
0.04	0.01	0.0799925	6.09537	1400.69	0
0.04	0.01	0.0799925	6.53131	1424.2	0
0.04	0.01	0.0799925	6.99842	1460.29	0
0.04	0.01	0.0799925	7.49894	1484.85	0
0.04	0.01	0.0799925	8.03526	1473.26	0
0.04	0.01	0.0799925	8.60994	1432.06	0
0.04	0.01	0.0799925	9.22571	1371.58	0
0.04	0.01	0.0799925	9.88553	1309.46	0
0.04	0.01	0.0799925	10.5925	1270.66	0
0.04	0.01	0.0799925	11.3501	1231.76	0
0.04	0.01	0.0799925	12.1619	1186.52	0
0.04	0.01	0.0799925	13.0317	1146.24	0
0.04	0.01	0.0799925	13.9637	1128.49	0
0.04	0.01	0.0799925	14.9624	1119.24	0
0.04	0.01	0.0799925	16.0325	1113.06	0
0.04	0.01	0.0799925	17.1791	1123.43	0
0.04	0.01	0.0799925	18.4077	1142.64	0
0.04	0.01	0.0799925	19.7242	1146.36	0
0.04	0.01	0.0799925	21.1349	1148.86	0
0.04	0.01	0.0799925	22.6464	1138.57	0
0.04	0.01	0.0799925	24.2661	1125.29	0
0.04	0.01	0.0799925	26.0016	1118.22	0
0.04	0.01	0.0799925	27.8612	1117.94	0
0.04	0.01	0.0799925	29.8538	1116.8	0
0.04	0.01	0.0799925	31.989	1124.26	0
0.04	0.01	0.0799925	34.2768	1139.86	0
0.04	0.01	0.0799925	36.7282	1165.32	0
0.04	0.01	0.0799925	39.355	1181.56	0
0.04	0.01	0.0799925	42.1697	1176.06	0
0.04	0.01	0.0799925	45.1856	1161.16	0
0.04	0.01	0.0799925	48.4172	1155.49	0
0.04	0.01	0.0799925	51.88	1153.69	0
0.04	0.01	0.0799925	55.5904	1146.86	0
0.04	0.01	0.0799925	59.5662	1126.64	0
0.04	0.01	0.0799925	63.8263	1118.82	0
0.04	0.01	0.0799925	68.3912	1121.62	0
0.04	0.01	0.0799925	73.2825	1123.79	0
0.04	0.01	0.0799925	78.5236	1117.43	0
0.04	0.01	0.0799925	84.1395	1116.95	0
0.04	0.01	0.0799925	90.1571	1121.6	0
0.04	0.01	0.0799925	96.6051	1122.96	0
0.04	0.01	0.0873977	0.103514	0.000906984	0
0.04	0.01	0.0873977	0.110917	0.00937591	0
0.04	0.01	0.0873977	0.11885	0.0299989	0
0.04	0.01	0.0873977	0.12735	0.0679094	0
0.04	0.01	0.0873977	0.136458	0.129995	0
0.04	0.01	0.0873977	0.146218	0.225437	0
0.04	0.01	0.0873977	0.156675	0.366411	0
0.04	0.01	0.0873977	0.16788	0.56897	0
0.04	0.01	0.0873977	0.179887	0.854174	0
0.04	0.01	0.0873977	0.192752	1.24951	0
0.04	0.01	0.0873977	0.206538	1.79065	0
0.04	0.01	0.0873977	0.221309	2.52365	0
0.04	0.01	0.0873977	0.237137	3.50759	0
0.04	0.01	0.0873977	0.254097	4.8178	0
0.04	0.01	0.0873977	0.27227	6.54956	0
0.04	0.01	0.0873977	0.291743	8.82254	0
0.04	0.01	0.0873977	0.312608	11.7855	0
0.04	0.01	0.0873977	0.334965	15.6217	0
0.04	0.01	0.0873977	0.358922	20.5537	0
0.04	0.01	0.0873977	0.384592	26.8489	0
0.04	0.01	0.0873977	0.412098	34.8225	0
0.04	0.01	0.0873977	0.44157	44.8395	0
0.04	0.01	0.0873977	0.473151	57.3131	0
0.04	0.01	0.0873977	0.506991	72.698	0
0.04	0.01	0.0873977	0.54325	91.4785	0
0.04	0.01	0.0873977	0.582103	114.149	0
0.04	0.01	0.0873977	0.623735	141.185	0
0.04	0.01	0.0873977	0.668344	173.011	0
0.04	0.01	0.0873977	0.716143	209.963	0
0.04	0.01	0.0873977	0.767361	252.24	0
0.04	0.01	0.0873977	0.822243	299.877	0
0.04	0.01	0.0873977	0.881049	352.71	0
0.04	0.01	0.0873977	0.944061	410.355	0
0.04	0.01	0.0873977	1.01158	472.198	0
0.04	0.01	0.0873977	1.08393	537.371	0
0.04	0.01	0.0873977	1.16145	604.729	0
0.04	0.01	0.0873977	1.24451	672.807	0
0.04	0.01	0.0873977	1.33352	739.792	0
0.04	0.01	0.0873977	1.42889	803.577	0
0.04	0.01	0.0873977	1.53109	861.958	0
0.04	0.01	0.0873977	1.64059	913.048	0
0.04	0.01	0.0873977	1.75792	955.792	0
0.04	0.01	0.0873977	1.88365	990.373	0
0.04	0.01	0.0873977	2.01837	1018.18	0
0.04	0.01	0.0873977	2.16272	1041.32	0
0.04	0.01	0.0873977	2.31739	1062.12	0
0.04	0.01	0.0873977	2.48313	1083.22	0
0.04	0.01	0.0873977	2.66073	1108.02	0
0.04	0.01	0.0873977	2.85102	1140.16	0
0.04	0.01	0.0873977	3.05492	1180.86	0
0.04	0.01	0.0873977	3.27341	1226.36	0
0.04	0.01	0.0873977	3.50752	1269.63	0
0.04	0.01	0.0873977	3.75837	1304.74	0
0.04	0.01	0.0873977	4.02717	1328.21	0
0.04	0.01	0.0873977	4.31519	1340.45	0
0.04	0.01	0.0873977	4.62381	1349.28	0
0.04	0.01	0.0873977	4.9545	1361.99	0
0.04	0.01	0.0873977	5.30884	1376.6	0
0.04	0.01	0.0873977	5.68853	1389	0
0.04	0.01	0.0873977	6.09537	1400.68	0
0.04	0.01	0.0873977	6.53131	1424.19	0
0.04	0.01	0.0873977	6.99842	1460.28	0
0.04	0.01	0.0873977	7.49894	1484.83	0
0.04	0.01	0.0873977	8.03526	1473.24	0
0.04	0.01	0.0873977	8.60994	1432.05	0
0.04	0.01	0.0873977	9.22571	1371.57	0
0.04	0.01	0.0873977	9.88553	1309.45	0
0.04	0.01	0.0873977	10.5925	1270.65	0
0.04	0.01	0.0873977	11.3501	1231.76	0
0.04	0.01	0.0873977	12.1619	1186.51	0
0.04	0.01	0.0873977	13.0317	1146.24	0
0.04	0.01	0.0873977	13.9637	1128.49	0
0.04	0.01	0.0873977	14.9624	1119.24	0
0.04	0.01	0.0873977	16.0325	1113.05	0
0.04	0.01	0.0873977	17.1791	1123.42	0
0.04	0.01	0.0873977	18.4077	1142.63	0
0.04	0.01	0.0873977	19.7242	1146.36	0
0.04	0.01	0.0873977	21.1349	1148.86	0
0.04	0.01	0.0873977	22.6464	1138.57	0
0.04	0.01	0.0873977	24.2661	1125.29	0
0.04	0.01	0.0873977	26.0016	1118.21	0
0.04	0.01	0.0873977	27.8612	1117.94	0
0.04	0.01	0.0873977	29.8538	1116.79	0
0.04	0.01	0.0873977	31.989	1124.25	0
0.04	0.01	0.0873977	34.2768	1139.86	0
0.04	0.01	0.0873977	36.7282	1165.31	0
0.04	0.01	0.0873977	39.355	1181.55	0
0.04	0.01	0.0873977	42.1697	1176.06	0
0.04	0.01	0.0873977	45.1856	1161.15	0
0.04	0.01	0.0873977	48.4172	1155.49	0
0.04	0.01	0.0873977	51.88	1153.69	0
0.04	0.01	0.0873977	55.5904	1146.86	0
0.04	0.01	0.0873977	59.5662	1126.64	0
0.04	0.01	0.0873977	63.8263	1118.82	0
0.04	0.01	0.0873977	68.3912	1121.62	0
0.04	0.01	0.0873977	73.2825	1123.78	0
0.04	0.01	0.0873977	78.5236	1117.42	0
0.04	0.01	0.0873977	84.1395	1116.95	0
0.04	0.01	0.0873977	90.1571	1121.59	0
0.04	0.01	0.0873977	96.6051	1122.96	0
0.04	0.01	0.0954885	0.103514	0.000906978	0
0.04	0.01	0.0954885	0.110917	0.00937589	0
0.04	0.01	0.0954885	0.11885	0.0299988	0
0.04	0.01	0.0954885	0.12735	0.0679094	0
0.04	0.01	0.0954885	0.136458	0.129995	0
0.04	0.01	0.0954885	0.146218	0.225437	0
0.04	0.01	0.0954885	0.156675	0.36641	0
0.04	0.01	0.0954885	0.16788	0.568969	0
0.04	0.01	0.0954885	0.179887	0.854174	0
0.04	0.01	0.0954885	0.192752	1.24951	0
0.04	0.01	0.0954885	0.206538	1.79065	0
0.04	0.01	0.0954885	0.221309	2.52365	0
0.04	0.01	0.0954885	0.237137	3.50759	0
0.04	0.01	0.0954885	0.254097	4.81779	0
0.04	0.01	0.0954885	0.27227	6.54956	0
0.04	0.01	0.0954885	0.291743	8.82253	0
0.04	0.01	0.0954885	0.312608	11.7855	0
0.04	0.01	0.0954885	0.334965	15.6217	0
0.04	0.01	0.0954885	0.358922	20.5537	0
0.04	0.01	0.0954885	0.384592	26.8489	0
0.04	0.01	0.0954885	0.412098	34.8225	0
0.04	0.01	0.0954885	0.44157	44.8395	0
0.04	0.01	0.0954885	0.473151	57.313	0
0.04	0.01	0.0954885	0.506991	72.6979	0
0.04	0.01	0.0954885	0.54325	91.4784	0
0.04	0.01	0.0954885	0.582103	114.148	0
0.04	0.01	0.0954885	0.623735	141.185	0
0.04	0.01	0.0954885	0.668344	173.011	0
0.04	0.01	0.0954885	0.716143	209.962	0
0.04	0.01	0.0954885	0.767361	252.24	0
0.04	0.01	0.0954885	0.822243	299.877	0
0.04	0.01	0.0954885	0.881049	352.71	0
0.04	0.01	0.0954885	0.944061	410.355	0
0.04	0.01	0.0954885	1.01158	472.197	0
0.04	0.01	0.0954885	1.08393	537.37	0
0.04	0.01	0.0954885	1.16145	604.728	0
0.04	0.01	0.0954885	1.24451	672.805	0
0.04	0.01	0.0954885	1.33352	739.791	0
0.04	0.01	0.0954885	1.42889	803.575	0
0.04	0.01	0.0954885	1.53109	861.956	0
0.04	0.01	0.0954885	1.64059	913.045	0
0.04	0.01	0.0954885	1.75792	955.789	0
0.04	0.01	0.0954885	1.88365	990.369	0
0.04	0.01	0.0954885	2.01837	1018.17	0
0.04	0.01	0.0954885	2.16272	1041.31	0
0.04	0.01	0.0954885	2.31739	1062.12	0
0.04	0.01	0.0954885	2.48313	1083.21	0
0.04	0.01	0.0954885	2.66073	1108.01	0
0.04	0.01	0.0954885	2.85102	1140.16	0
0.04	0.01	0.0954885	3.05492	1180.85	0
0.04	0.01	0.0954885	3.27341	1226.35	0
0.04	0.01	0.0954885	3.50752	1269.62	0
0.04	0.01	0.0954885	3.75837	1304.74	0
0.04	0.01	0.0954885	4.02717	1328.21	0
0.04	0.01	0.0954885	4.31519	1340.44	0
0.04	0.01	0.0954885	4.62381	1349.28	0
0.04	0.01	0.0954885	4.9545	1361.99	0
0.04	0.01	0.0954885	5.30884	1376.6	0
0.04	0.01	0.0954885	5.68853	1389	0
0.04	0.01	0.0954885	6.09537	1400.67	0
0.04	0.01	0.0954885	6.53131	1424.17	0
0.04	0.01	0.0954885	6.99842	1460.26	0
0.04	0.01	0.0954885	7.49894	1484.81	0
0.04	0.01	0.0954885	8.03526	1473.23	0
0.04	0.01	0.0954885	8.60994	1432.03	0
0.04	0.01	0.0954885	9.22571	1371.56	0
0.04	0.01	0.0954885	9.88553	1309.44	0
0.04	0.01	0.0954885	10.5925	1270.65	0
0.04	0.01	0.0954885	11.3501	1231.75	0
0.04	0.01	0.0954885	12.1619	1186.51	0
0.04	0.01	0.0954885	13.0317	1146.24	0
0.04	0.01	0.0954885	13.9637	1128.48	0
0.04	0.01	0.0954885	14.9624	1119.24	0
0.04	0.01	0.0954885	16.0325	1113.05	0
0.04	0.01	0.0954885	17.1791	1123.42	0
0.04	0.01	0.0954885	18.4077	1142.63	0
0.04	0.01	0.0954885	19.7242	1146.36	0
0.04	0.01	0.0954885	21.1349	1148.85	0
0.04	0.01	0.0954885	22.6464	1138.56	0
0.04	0.01	0.0954885	24.2661	1125.29	0
0.04	0.01	0.0954885	26.0016	1118.21	0
0.04	0.01	0.0954885	27.8612	1117.93	0
0.04	0.01	0.0954885	29.8538	1116.79	0
0.04	0.01	0.0954885	31.989	1124.24	0
0.04	0.01	0.0954885	34.2768	1139.85	0
0.04	0.01	0.0954885	36.7282	1165.31	0
0.04	0.01	0.0954885	39.355	1181.55	0
0.04	0.01	0.0954885	42.1697	1176.05	0
0.04	0.01	0.0954885	45.1856	1161.15	0
0.04	0.01	0.0954885	48.4172	1155.48	0
0.04	0.01	0.0954885	51.88	1153.68	0
0.04	0.01	0.0954885	55.5904	1146.85	0
0.04	0.01	0.0954885	59.5662	1126.63	0
0.04	0.01	0.0954885	63.8263	1118.81	0
0.04	0.01	0.0954885	68.3912	1121.61	0
0.04	0.01	0.0954885	73.2825	1123.78	0
0.04	0.01	0.0954885	78.5236	1117.41	0
0.04	0.01	0.0954885	84.1395	1116.94	0
0.04	0.01	0.0954885	90.1571	1121.58	0
0.04	0.01	0.0954885	96.6051	1122.95	0
0.04	0.01	0.104328	0.103514	0.000906971	0
0.04	0.01	0.104328	0.110917	0.00937586	0
0.04	0.01	0.104328	0.11885	0.0299988	0
0.04	0.01	0.104328	0.12735	0.0679093	0
0.04	0.01	0.104328	0.136458	0.129994	0
0.04	0.01	0.104328	0.146218	0.225437	0
0.04	0.01	0.104328	0.156675	0.36641	0
0.04	0.01	0.104328	0.16788	0.568969	0
0.04	0.01	0.104328	0.179887	0.854173	0
0.04	0.01	0.104328	0.192752	1.24951	0
0.04	0.01	0.104328	0.206538	1.79065	0
0.04	0.01	0.104328	0.221309	2.52365	0
0.04	0.01	0.104328	0.237137	3.50759	0
0.04	0.01	0.104328	0.254097	4.81779	0
0.04	0.01	0.104328	0.27227	6.54956	0
0.04	0.01	0.104328	0.291743	8.82253	0
0.04	0.01	0.104328	0.312608	11.7855	0
0.04	0.01	0.104328	0.334965	15.6216	0
0.04	0.01	0.104328	0.358922	20.5537	0
0.04	0.01	0.104328	0.384592	26.8489	0
0.04	0.01	0.104328	0.412098	34.8225	0
0.04	0.01	0.104328	0.44157	44.8395	0
0.04	0.01	0.104328	0.473151	57.313	0
0.04	0.01	0.104328	0.506991	72.6979	0
0.04	0.01	0.104328	0.54325	91.4783	0
0.04	0.01	0.104328	0.582103	114.148	0
0.04	0.01	0.104328	0.623735	141.184	0
0.04	0.01	0.104328	0.668344	173.011	0
0.04	0.01	0.104328	0.716143	209.962	0
0.04	0.01	0.104328	0.767361	252.24	0
0.04	0.01	0.104328	0.822243	299.877	0
0.04	0.01	0.104328	0.881049	352.709	0
0.04	0.01	0.104328	0.944061	410.354	0
0.04	0.01	0.104328	1.01158	472.196	0
0.04	0.01	0.104328	1.08393	537.369	0
0.04	0.01	0.104328	1.16145	604.727	0
0.04	0.01	0.104328	1.24451	672.804	0
0.04	0.01	0.104328	1.33352	739.789	0
0.04	0.01	0.104328	1.42889	803.573	0
0.04	0.01	0.104328	1.53109	861.954	0
0.04	0.01	0.104328	1.64059	913.042	0
0.04	0.01	0.104328	1.75792	955.785	0
0.04	0.01	0.104328	1.88365	990.364	0
0.04	0.01	0.104328	2.01837	1018.17	0
0.04	0.01	0.104328	2.16272	1041.31	0
0.04	0.01	0.104328	2.31739	1062.11	0
0.04	0.01	0.104328	2.48313	1083.2	0
0.04	0.01	0.104328	2.66073	1108	0
0.04	0.01	0.104328	2.85102	1140.15	0
0.04	0.01	0.104328	3.05492	1180.84	0
0.04	0.01	0.104328	3.27341	1226.34	0
0.04	0.01	0.104328	3.50752	1269.61	0
0.04	0.01	0.104328	3.75837	1304.73	0
0.04	0.01	0.104328	4.02717	1328.2	0
0.04	0.01	0.104328	4.31519	1340.44	0
0.04	0.01	0.104328	4.62381	1349.27	0
0.04	0.01	0.104328	4.9545	1361.99	0
0.04	0.01	0.104328	5.30884	1376.59	0
0.04	0.01	0.104328	5.68853	1388.99	0
0.04	0.01	0.104328	6.09537	1400.66	0
0.04	0.01	0.104328	6.53131	1424.16	0
0.04	0.01	0.104328	6.99842	1460.25	0
0.04	0.01	0.104328	7.49894	1484.8	0
0.04	0.01	0.104328	8.03526	1473.21	0
0.04	0.01	0.104328	8.60994	1432.01	0
0.04	0.01	0.104328	9.22571	1371.54	0
0.04	0.01	0.104328	9.88553	1309.43	0
0.04	0.01	0.104328	10.5925	1270.63	0
0.04	0.01	0.104328	11.3501	1231.74	0
0.04	0.01	0.104328	12.1619	1186.5	0
0.04	0.01	0.104328	13.0317	1146.23	0
0.04	0.01	0.104328	13.9637	1128.48	0
0.04	0.01	0.104328	14.9624	1119.23	0
0.04	0.01	0.104328	16.0325	1113.04	0
0.04	0.01	0.104328	17.1791	1123.41	0
0.04	0.01	0.104328	18.4077	1142.63	0
0.04	0.01	0.104328	19.7242	1146.35	0
0.04	0.01	0.104328	21.1349	1148.85	0
0.04	0.01	0.104328	22.6464	1138.56	0
0.04	0.01	0.104328	24.2661	1125.28	0
0.04	0.01	0.104328	26.0016	1118.2	0
0.04	0.01	0.104328	27.8612	1117.92	0
0.04	0.01	0.104328	29.8538	1116.78	0
0.04	0.01	0.104328	31.989	1124.23	0
0.04	0.01	0.104328	34.2768	1139.84	0
0.04	0.01	0.104328	36.7282	1165.3	0
0.04	0.01	0.104328	39.355	1181.54	0
0.04	0.01	0.104328	42.1697	1176.04	0
0.04	0.01	0.104328	45.1856	1161.14	0
0.04	0.01	0.104328	48.4172	1155.48	0
0.04	0.01	0.104328	51.88	1153.68	0
0.04	0.01	0.104328	55.5904	1146.84	0
0.04	0.01	0.104328	59.5662	1126.62	0
0.04	0.01	0.104328	63.8263	1118.8	0
0.04	0.01	0.104328	68.3912	1121.6	0
0.04	0.01	0.104328	73.2825	1123.77	0
0.04	0.01	0.104328	78.5236	1117.4	0
0.04	0.01	0.104328	84.1395	1116.93	0
0.04	0.01	0.104328	90.1571	1121.58	0
0.04	0.01	0.104328	96.6051	1122.94	0
0.04	0.01	0.113986	0.103514	0.000906964	0
0.04	0.01	0.113986	0.110917	0.00937584	0
0.04	0.01	0.113986	0.11885	0.0299987	0
0.04	0.01	0.113986	0.12735	0.0679092	0
0.04	0.01	0.113986	0.136458	0.129994	0
0.04	0.01	0.113986	0.146218	0.225437	0
0.04	0.01	0.113986	0.156675	0.36641	0
0.04	0.01	0.113986	0.16788	0.568968	0
0.04	0.01	0.113986	0.179887	0.854172	0
0.04	0.01	0.113986	0.192752	1.24951	0
0.04	0.01	0.113986	0.206538	1.79065	0
0.04	0.01	0.113986	0.221309	2.52365	0
0.04	0.01	0.113986	0.237137	3.50759	0
0.04	0.01	0.113986	0.254097	4.81779	0
0.04	0.01	0.113986	0.27227	6.54955	0
0.04	0.01	0.113986	0.291743	8.82252	0
0.04	0.01	0.113986	0.312608	11.7855	0
0.04	0.01	0.113986	0.334965	15.6216	0
0.04	0.01	0.113986	0.358922	20.5537	0
0.04	0.01	0.113986	0.384592	26.8489	0
0.04	0.01	0.113986	0.412098	34.8224	0
0.04	0.01	0.113986	0.44157	44.8394	0
0.04	0.01	0.113986	0.473151	57.3129	0
0.04	0.01	0.113986	0.506991	72.6978	0
0.04	0.01	0.113986	0.54325	91.4783	0
0.04	0.01	0.113986	0.582103	114.148	0
0.04	0.01	0.113986	0.623735	141.184	0
0.04	0.01	0.113986	0.668344	173.011	0
0.04	0.01	0.113986	0.716143	209.962	0
0.04	0.01	0.113986	0.767361	252.239	0
0.04	0.01	0.113986	0.822243	299.876	0
0.04	0.01	0.113986	0.881049	352.709	0
0.04	0.01	0.113986	0.944061	410.354	0
0.04	0.01	0.113986	1.01158	472.196	0
0.04	0.01	0.113986	1.08393	537.368	0
0.04	0.01	0.113986	1.16145	604.726	0
0.04	0.01	0.113986	1.24451	672.803	0
0.04	0.01	0.113986	1.33352	739.787	0
0.04	0.01	0.113986	1.42889	803.571	0
0.04	0.01	0.113986	1.53109	861.951	0
0.04	0.01	0.113986	1.64059	913.039	0
0.04	0.01	0.113986	1.75792	955.781	0
0.04	0.01	0.113986	1.88365	990.359	0
0.04	0.01	0.113986	2.01837	1018.16	0
0.04	0.01	0.113986	2.16272	1041.3	0
0.04	0.01	0.113986	2.31739	1062.1	0
0.04	0.01	0.113986	2.48313	1083.19	0
0.04	0.01	0.113986	2.66073	1107.99	0
0.04	0.01	0.113986	2.85102	1140.14	0
0.04	0.01	0.113986	3.05492	1180.83	0
0.04	0.01	0.113986	3.27341	1226.33	0
0.04	0.01	0.113986	3.50752	1269.6	0
0.04	0.01	0.113986	3.75837	1304.72	0
0.04	0.01	0.113986	4.02717	1328.19	0
0.04	0.01	0.113986	4.31519	1340.43	0
0.04	0.01	0.113986	4.62381	1349.27	0
0.04	0.01	0.113986	4.9545	1361.99	0
0.04	0.01	0.113986	5.30884	1376.59	0
0.04	0.01	0.113986	5.68853	1388.98	0
0.04	0.01	0.113986	6.09537	1400.65	0
0.04	0.01	0.113986	6.53131	1424.14	0
0.04	0.01	0.113986	6.99842	1460.23	0
0.04	0.01	0.113986	7.49894	1484.78	0
0.04	0.01	0.113986	8.03526	1473.19	0
0.04	0.01	0.113986	8.60994	1432	0
0.04	0.01	0.113986	9.22571	1371.53	0
0.04	0.01	0.113986	9.88553	1309.41	0
0.04	0.01	0.113986	10.5925	1270.62	0
0.04	0.01	0.113986	11.3501	1231.73	0
0.04	0.01	0.113986	12.1619	1186.5	0
0.04	0.01	0.113986	13.0317	1146.23	0
0.04	0.01	0.113986	13.9637	1128.48	0
0.04	0.01	0.113986	14.9624	1119.23	0
0.04	0.01	0.113986	16.0325	1113.04	0
0.04	0.01	0.113986	17.1791	1123.41	0
0.04	0.01	0.113986	18.4077	1142.62	0
0.04	0.01	0.113986	19.7242	1146.35	0
0.04	0.01	0.113986	21.1349	1148.85	0
0.04	0.01	0.113986	22.6464	1138.55	0
0.04	0.01	0.113986	24.2661	1125.28	0
0.04	0.01	0.113986	26.0016	1118.2	0
0.04	0.01	0.113986	27.8612	1117.92	0
0.04	0.01	0.113986	29.8538	1116.77	0
0.04	0.01	0.113986	31.989	1124.22	0
0.04	0.01	0.113986	34.2768	1139.83	0
0.04	0.01	0.113986	36.7282	1165.29	0
0.04	0.01	0.113986	39.355	1181.53	0
0.04	0.01	0.113986	42.1697	1176.04	0
0.04	0.01	0.113986	45.1856	1161.14	0
0.04	0.01	0.113986	48.4172	1155.47	0
0.04	0.01	0.113986	51.88	1153.67	0
0.04	0.01	0.113986	55.5904	1146.84	0
0.04	0.01	0.113986	59.5662	1126.61	0
0.04	0.01	0.113986	63.8263	1118.8	0
0.04	0.01	0.113986	68.3912	1121.59	0
0.04	0.01	0.113986	73.2825	1123.76	0
0.04	0.01	0.113986	78.5236	1117.4	0
0.04	0.01	0.113986	84.1395	1116.93	0
0.04	0.01	0.113986	90.1571	1121.57	0
0.04	0.01	0.113986	96.6051	1122.94	0
0.04	0.01	0.124539	0.103514	0.000906956	0
0.04	0.01	0.124539	0.110917	0.00937581	0
0.04	0.01	0.124539	0.11885	0.0299987	0
0.04	0.01	0.124539	0.12735	0.0679091	0
0.04	0.01	0.124539	0.136458	0.129994	0
0.04	0.01	0.124539	0.146218	0.225436	0
0.04	0.01	0.124539	0.156675	0.36641	0
0.04	0.01	0.124539	0.16788	0.568968	0
0.04	0.01	0.124539	0.179887	0.854172	0
0.04	0.01	0.124539	0.192752	1.24951	0
0.04	0.01	0.124539	0.206538	1.79065	0
0.04	0.01	0.124539	0.221309	2.52364	0
0.04	0.01	0.124539	0.237137	3.50759	0
0.04	0.01	0.124539	0.254097	4.81778	0
0.04	0.01	0.124539	0.27227	6.54955	0
0.04	0.01	0.124539	0.291743	8.82251	0
0.04	0.01	0.124539	0.312608	11.7855	0
0.04	0.01	0.124539	0.334965	15.6216	0
0.04	0.01	0.124539	0.358922	20.5537	0
0.04	0.01	0.124539	0.384592	26.8489	0
0.04	0.01	0.124539	0.412098	34.8224	0
0.04	0.01	0.124539	0.44157	44.8394	0
0.04	0.01	0.124539	0.473151	57.3129	0
0.04	0.01	0.124539	0.506991	72.6978	0
0.04	0.01	0.124539	0.54325	91.4782	0
0.04	0.01	0.124539	0.582103	114.148	0
0.04	0.01	0.124539	0.623735	141.184	0
0.04	0.01	0.124539	0.668344	173.011	0
0.04	0.01	0.124539	0.716143	209.962	0
0.04	0.01	0.124539	0.767361	252.239	0
0.04	0.01	0.124539	0.822243	299.876	0
0.04	0.01	0.124539	0.881049	352.708	0
0.04	0.01	0.124539	0.944061	410.353	0
0.04	0.01	0.124539	1.01158	472.195	0
0.04	0.01	0.124539	1.08393	537.367	0
0.04	0.01	0.124539	1.16145	604.724	0
0.04	0.01	0.124539	1.24451	672.801	0
0.04	0.01	0.124539	1.33352	739.785	0
0.04	0.01	0.124539	1.42889	803.568	0
0.04	0.01	0.124539	1.53109	861.948	0
0.04	0.01	0.124539	1.64059	913.035	0
0.04	0.01	0.124539	1.75792	955.777	0
0.04	0.01	0.124539	1.88365	990.354	0
0.04	0.01	0.124539	2.01837	1018.16	0
0.04	0.01	0.124539	2.16272	1041.29	0
0.04	0.01	0.124539	2.31739	1062.09	0
0.04	0.01	0.124539	2.48313	1083.18	0
0.04	0.01	0.124539	2.66073	1107.98	0
0.04	0.01	0.124539	2.85102	1140.12	0
0.04	0.01	0.124539	3.05492	1180.82	0
0.04	0.01	0.124539	3.27341	1226.32	0
0.04	0.01	0.124539	3.50752	1269.59	0
0.04	0.01	0.124539	3.75837	1304.71	0
0.04	0.01	0.124539	4.02717	1328.19	0
0.04	0.01	0.124539	4.31519	1340.43	0
0.04	0.01	0.124539	4.62381	1349.27	0
0.04	0.01	0.124539	4.9545	1361.98	0
0.04	0.01	0.124539	5.30884	1376.58	0
0.04	0.01	0.124539	5.68853	1388.97	0
0.04	0.01	0.124539	6.09537	1400.63	0
0.04	0.01	0.124539	6.53131	1424.13	0
0.04	0.01	0.124539	6.99842	1460.21	0
0.04	0.01	0.124539	7.49894	1484.75	0
0.04	0.01	0.124539	8.03526	1473.17	0
0.04	0.01	0.124539	8.60994	1431.98	0
0.04	0.01	0.124539	9.22571	1371.51	0
0.04	0.01	0.124539	9.88553	1309.4	0
0.04	0.01	0.124539	10.5925	1270.61	0
0.04	0.01	0.124539	11.3501	1231.72	0
0.04	0.01	0.124539	12.1619	1186.49	0
0.04	0.01	0.124539	13.0317	1146.23	0
0.04	0.01	0.124539	13.9637	1128.47	0
0.04	0.01	0.124539	14.9624	1119.22	0
0.04	0.01	0.124539	16.0325	1113.03	0
0.04	0.01	0.124539	17.1791	1123.4	0
0.04	0.01	0.124539	18.4077	1142.61	0
0.04	0.01	0.124539	19.7242	1146.34	0
0.04	0.01	0.124539	21.1349	1148.84	0
0.04	0.01	0.124539	22.6464	1138.55	0
0.04	0.01	0.124539	24.2661	1125.27	0
0.04	0.01	0.124539	26.0016	1118.19	0
0.04	0.01	0.124539	27.8612	1117.91	0
0.04	0.01	0.124539	29.8538	1116.76	0
0.04	0.01	0.124539	31.989	1124.21	0
0.04	0.01	0.124539	34.2768	1139.82	0
0.04	0.01	0.124539	36.7282	1165.28	0
0.04	0.01	0.124539	39.355	1181.52	0
0.04	0.01	0.124539	42.1697	1176.03	0
0.04	0.01	0.124539	45.1856	1161.13	0
0.04	0.01	0.124539	48.4172	1155.46	0
0.04	0.01	0.124539	51.88	1153.66	0
0.04	0.01	0.124539	55.5904	1146.83	0
0.04	0.01	0.124539	59.5662	1126.6	0
0.04	0.01	0.124539	63.8263	1118.79	0
0.04	0.01	0.124539	68.3912	1121.59	0
0.04	0.01	0.124539	73.2825	1123.75	0
0.04	0.01	0.124539	78.5236	1117.39	0
0.04	0.01	0.124539	84.1395	1116.92	0
0.04	0.01	0.124539	90.1571	1121.56	0
0.04	0.01	0.124539	96.6051	1122.93	0
0.04	0.01	0.136068	0.103514	0.000906948	0
0.04	0.01	0.136068	0.110917	0.00937578	0
0.04	0.01	0.136068	0.11885	0.0299986	0
0.04	0.01	0.136068	0.12735	0.067909	0
0.04	0.01	0.136068	0.136458	0.129994	0
0.04	0.01	0.136068	0.146218	0.225436	0
0.04	0.01	0.136068	0.156675	0.366409	0
0.04	0.01	0.136068	0.16788	0.568967	0
0.04	0.01	0.136068	0.179887	0.854171	0
0.04	0.01	0.136068	0.192752	1.2495	0
0.04	0.01	0.136068	0.206538	1.79064	0
0.04	0.01	0.136068	0.221309	2.52364	0
0.04	0.01	0.136068	0.237137	3.50758	0
0.04	0.01	0.136068	0.254097	4.81778	0
0.04	0.01	0.136068	0.27227	6.54954	0
0.04	0.01	0.136068	0.291743	8.82251	0
0.04	0.01	0.136068	0.312608	11.7855	0
0.04	0.01	0.136068	0.334965	15.6216	0
0.04	0.01	0.136068	0.358922	20.5537	0
0.04	0.01	0.136068	0.384592	26.8488	0
0.04	0.01	0.136068	0.412098	34.8224	0
0.04	0.01	0.136068	0.44157	44.8394	0
0.04	0.01	0.136068	0.473151	57.3128	0
0.04	0.01	0.136068	0.506991	72.6977	0
0.04	0.01	0.136068	0.54325	91.4781	0
0.04	0.01	0.136068	0.582103	114.148	0
0.04	0.01	0.136068	0.623735	141.184	0
0.04	0.01	0.136068	0.668344	173.011	0
0.04	0.01	0.136068	0.716143	209.962	0
0.04	0.01	0.136068	0.767361	252.239	0
0.04	0.01	0.136068	0.822243	299.876	0
0.04	0.01	0.136068	0.881049	352.708	0
0.04	0.01	0.136068	0.944061	410.353	0
0.04	0.01	0.136068	1.01158	472.194	0
0.04	0.01	0.136068	1.08393	537.366	0
0.04	0.01	0.136068	1.16145	604.723	0
0.04	0.01	0.136068	1.24451	672.799	0
0.04	0.01	0.136068	1.33352	739.783	0
0.04	0.01	0.136068	1.42889	803.566	0
0.04	0.01	0.136068	1.53109	861.945	0
0.04	0.01	0.136068	1.64059	913.031	0
0.04	0.01	0.136068	1.75792	955.772	0
0.04	0.01	0.136068	1.88365	990.348	0
0.04	0.01	0.136068	2.01837	1018.15	0
0.04	0.01	0.136068	2.16272	1041.29	0
0.04	0.01	0.136068	2.31739	1062.08	0
0.04	0.01	0.136068	2.48313	1083.17	0
0.04	0.01	0.136068	2.66073	1107.97	0
0.04	0.01	0.136068	2.85102	1140.11	0
0.04	0.01	0.136068	3.05492	1180.81	0
0.04	0.01	0.136068	3.27341	1226.31	0
0.04	0.01	0.136068	3.50752	1269.58	0
0.04	0.01	0.136068	3.75837	1304.7	0
0.04	0.01	0.136068	4.02717	1328.18	0
0.04	0.01	0.136068	4.31519	1340.42	0
0.04	0.01	0.136068	4.62381	1349.26	0
0.04	0.01	0.136068	4.9545	1361.98	0
0.04	0.01	0.136068	5.30884	1376.58	0
0.04	0.01	0.136068	5.68853	1388.97	0
0.04	0.01	0.136068	6.09537	1400.62	0
0.04	0.01	0.136068	6.53131	1424.11	0
0.04	0.01	0.136068	6.99842	1460.19	0
0.04	0.01	0.136068	7.49894	1484.73	0
0.04	0.01	0.136068	8.03526	1473.14	0
0.04	0.01	0.136068	8.60994	1431.95	0
0.04	0.01	0.136068	9.22571	1371.49	0
0.04	0.01	0.136068	9.88553	1309.38	0
0.04	0.01	0.136068	10.5925	1270.6	0
0.04	0.01	0.136068	11.3501	1231.71	0
0.04	0.01	0.136068	12.1619	1186.48	0
0.04	0.01	0.136068	13.0317	1146.22	0
0.04	0.01	0.136068	13.9637	1128.47	0
0.04	0.01	0.136068	14.9624	1119.22	0
0.04	0.01	0.136068	16.0325	1113.03	0
0.04	0.01	0.136068	17.1791	1123.39	0
0.04	0.01	0.136068	18.4077	1142.61	0
0.04	0.01	0.136068	19.7242	1146.34	0
0.04	0.01	0.136068	21.1349	1148.84	0
0.04	0.01	0.136068	22.6464	1138.54	0
0.04	0.01	0.136068	24.2661	1125.26	0
0.04	0.01	0.136068	26.0016	1118.18	0
0.04	0.01	0.136068	27.8612	1117.9	0
0.04	0.01	0.136068	29.8538	1116.75	0
0.04	0.01	0.136068	31.989	1124.2	0
0.04	0.01	0.136068	34.2768	1139.81	0
0.04	0.01	0.136068	36.7282	1165.26	0
0.04	0.01	0.136068	39.355	1181.51	0
0.04	0.01	0.136068	42.1697	1176.02	0
0.04	0.01	0.136068	45.1856	1161.13	0
0.04	0.01	0.136068	48.4172	1155.46	0
0.04	0.01	0.136068	51.88	1153.65	0
0.04	0.01	0.136068	55.5904	1146.82	0
0.04	0.01	0.136068	59.5662	1126.59	0
0.04	0.01	0.136068	63.8263	1118.78	0
0.04	0.01	0.136068	68.3912	1121.58	0
0.04	0.01	0.136068	73.2825	1123.74	0
0.04	0.01	0.136068	78.5236	1117.38	0
0.04	0.01	0.136068	84.1395	1116.91	0
0.04	0.01	0.136068	90.1571	1121.55	0
0.04	0.01	0.136068	96.6051	1122.92	0
0.04	0.01	0.148664	0.103514	0.000906938	0
0.04	0.01	0.148664	0.110917	0.00937575	0
0.04	0.01	0.148664	0.11885	0.0299985	0
0.04	0.01	0.148664	0.12735	0.0679089	0
0.04	0.01	0.148664	0.136458	0.129994	0
0.04	0.01	0.148664	0.146218	0.225436	0
0.04	0.01	0.148664	0.156675	0.366409	0
0.04	0.01	0.148664	0.16788	0.568967	0
0.04	0.01	0.148664	0.179887	0.85417	0
0.04	0.01	0.148664	0.192752	1.2495	0
0.04	0.01	0.148664	0.206538	1.79064	0
0.04	0.01	0.148664	0.221309	2.52364	0
0.04	0.01	0.148664	0.237137	3.50758	0
0.04	0.01	0.148664	0.254097	4.81778	0
0.04	0.01	0.148664	0.27227	6.54954	0
0.04	0.01	0.148664	0.291743	8.8225	0
0.04	0.01	0.148664	0.312608	11.7855	0
0.04	0.01	0.148664	0.334965	15.6216	0
0.04	0.01	0.148664	0.358922	20.5537	0
0.04	0.01	0.148664	0.384592	26.8488	0
0.04	0.01	0.148664	0.412098	34.8224	0
0.04	0.01	0.148664	0.44157	44.8393	0
0.04	0.01	0.148664	0.473151	57.3128	0
0.04	0.01	0.148664	0.506991	72.6976	0
0.04	0.01	0.148664	0.54325	91.478	0
0.04	0.01	0.148664	0.582103	114.148	0
0.04	0.01	0.148664	0.623735	141.184	0
0.04	0.01	0.148664	0.668344	173.01	0
0.04	0.01	0.148664	0.716143	209.961	0
0.04	0.01	0.148664	0.767361	252.238	0
0.04	0.01	0.148664	0.822243	299.875	0
0.04	0.01	0.148664	0.881049	352.707	0
0.04	0.01	0.148664	0.944061	410.352	0
0.04	0.01	0.148664	1.01158	472.193	0
0.04	0.01	0.148664	1.08393	537.365	0
0.04	0.01	0.148664	1.16145	604.722	0
0.04	0.01	0.148664	1.24451	672.797	0
0.04	0.01	0.148664	1.33352	739.781	0
0.04	0.01	0.148664	1.42889	803.563	0
0.04	0.01	0.148664	1.53109	861.941	0
0.04	0.01	0.148664	1.64059	913.027	0
0.04	0.01	0.148664	1.75792	955.767	0
0.04	0.01	0.148664	1.88365	990.342	0
0.04	0.01	0.148664	2.01837	1018.14	0
0.04	0.01	0.148664	2.16272	1041.28	0
0.04	0.01	0.148664	2.31739	1062.07	0
0.04	0.01	0.148664	2.48313	1083.16	0
0.04	0.01	0.148664	2.66073	1107.96	0
0.04	0.01	0.148664	2.85102	1140.1	0
0.04	0.01	0.148664	3.05492	1180.79	0
0.04	0.01	0.148664	3.27341	1226.29	0
0.04	0.01	0.148664	3.50752	1269.57	0
0.04	0.01	0.148664	3.75837	1304.69	0
0.04	0.01	0.148664	4.02717	1328.17	0
0.04	0.01	0.148664	4.31519	1340.42	0
0.04	0.01	0.148664	4.62381	1349.26	0
0.04	0.01	0.148664	4.9545	1361.97	0
0.04	0.01	0.148664	5.30884	1376.57	0
0.04	0.01	0.148664	5.68853	1388.96	0
0.04	0.01	0.148664	6.09537	1400.6	0
0.04	0.01	0.148664	6.53131	1424.09	0
0.04	0.01	0.148664	6.99842	1460.16	0
0.04	0.01	0.148664	7.49894	1484.7	0
0.04	0.01	0.148664	8.03526	1473.12	0
0.04	0.01	0.148664	8.60994	1431.93	0
0.04	0.01	0.148664	9.22571	1371.47	0
0.04	0.01	0.148664	9.88553	1309.36	0
0.04	0.01	0.148664	10.5925	1270.58	0
0.04	0.01	0.148664	11.3501	1231.7	0
0.04	0.01	0.148664	12.1619	1186.48	0
0.04	0.01	0.148664	13.0317	1146.22	0
0.04	0.01	0.148664	13.9637	1128.47	0
0.04	0.01	0.148664	14.9624	1119.22	0
0.04	0.01	0.148664	16.0325	1113.02	0
0.04	0.01	0.148664	17.1791	1123.39	0
0.04	0.01	0.148664	18.4077	1142.6	0
0.04	0.01	0.148664	19.7242	1146.33	0
0.04	0.01	0.148664	21.1349	1148.83	0
0.04	0.01	0.148664	22.6464	1138.54	0
0.04	0.01	0.148664	24.2661	1125.26	0
0.04	0.01	0.148664	26.0016	1118.17	0
0.04	0.01	0.148664	27.8612	1117.89	0
0.04	0.01	0.148664	29.8538	1116.74	0
0.04	0.01	0.148664	31.989	1124.19	0
0.04	0.01	0.148664	34.2768	1139.79	0
0.04	0.01	0.148664	36.7282	1165.25	0
0.04	0.01	0.148664	39.355	1181.5	0
0.04	0.01	0.148664	42.1697	1176.01	0
0.04	0.01	0.148664	45.1856	1161.12	0
0.04	0.01	0.148664	48.4172	1155.45	0
0.04	0.01	0.148664	51.88	1153.65	0
0.04	0.01	0.148664	55.5904	1146.81	0
0.04	0.01	0.148664	59.5662	1126.58	0
0.04	0.01	0.148664	63.8263	1118.77	0
0.04	0.01	0.148664	68.3912	1121.57	0
0.04	0.01	0.148664	73.2825	1123.73	0
0.04	0.01	0.148664	78.5236	1117.37	0
0.04	0.01	0.148664	84.1395	1116.9	0
0.04	0.01	0.148664	90.1571	1121.54	0
0.04	0.01	0.148664	96.6051	1122.91	0
0.04	0.01	0.162426	0.103514	0.000906929	0
0.04	0.01	0.162426	0.110917	0.00937571	0
0.04	0.01	0.162426	0.11885	0.0299985	0
0.04	0.01	0.162426	0.12735	0.0679088	0
0.04	0.01	0.162426	0.136458	0.129994	0
0.04	0.01	0.162426	0.146218	0.225435	0
0.04	0.01	0.162426	0.156675	0.366408	0
0.04	0.01	0.162426	0.16788	0.568966	0
0.04	0.01	0.162426	0.179887	0.854169	0
0.04	0.01	0.162426	0.192752	1.2495	0
0.04	0.01	0.162426	0.206538	1.79064	0
0.04	0.01	0.162426	0.221309	2.52364	0
0.04	0.01	0.162426	0.237137	3.50758	0
0.04	0.01	0.162426	0.254097	4.81777	0
0.04	0.01	0.162426	0.27227	6.54953	0
0.04	0.01	0.162426	0.291743	8.82249	0
0.04	0.01	0.162426	0.312608	11.7855	0
0.04	0.01	0.162426	0.334965	15.6216	0
0.04	0.01	0.162426	0.358922	20.5536	0
0.04	0.01	0.162426	0.384592	26.8488	0
0.04	0.01	0.162426	0.412098	34.8223	0
0.04	0.01	0.162426	0.44157	44.8393	0
0.04	0.01	0.162426	0.473151	57.3127	0
0.04	0.01	0.162426	0.506991	72.6976	0
0.04	0.01	0.162426	0.54325	91.4779	0
0.04	0.01	0.162426	0.582103	114.148	0
0.04	0.01	0.162426	0.623735	141.184	0
0.04	0.01	0.162426	0.668344	173.01	0
0.04	0.01	0.162426	0.716143	209.961	0
0.04	0.01	0.162426	0.767361	252.238	0
0.04	0.01	0.162426	0.822243	299.875	0
0.04	0.01	0.162426	0.881049	352.707	0
0.04	0.01	0.162426	0.944061	410.351	0
0.04	0.01	0.162426	1.01158	472.192	0
0.04	0.01	0.162426	1.08393	537.364	0
0.04	0.01	0.162426	1.16145	604.72	0
0.04	0.01	0.162426	1.24451	672.795	0
0.04	0.01	0.162426	1.33352	739.778	0
0.04	0.01	0.162426	1.42889	803.559	0
0.04	0.01	0.162426	1.53109	861.937	0
0.04	0.01	0.162426	1.64059	913.022	0
0.04	0.01	0.162426	1.75792	955.761	0
0.04	0.01	0.162426	1.88365	990.335	0
0.04	0.01	0.162426	2.01837	1018.13	0
0.04	0.01	0.162426	2.16272	1041.27	0
0.04	0.01	0.162426	2.31739	1062.06	0
0.04	0.01	0.162426	2.48313	1083.15	0
0.04	0.01	0.162426	2.66073	1107.94	0
0.04	0.01	0.162426	2.85102	1140.09	0
0.04	0.01	0.162426	3.05492	1180.78	0
0.04	0.01	0.162426	3.27341	1226.28	0
0.04	0.01	0.162426	3.50752	1269.56	0
0.04	0.01	0.162426	3.75837	1304.68	0
0.04	0.01	0.162426	4.02717	1328.16	0
0.04	0.01	0.162426	4.31519	1340.41	0
0.04	0.01	0.162426	4.62381	1349.25	0
0.04	0.01	0.162426	4.9545	1361.97	0
0.04	0.01	0.162426	5.30884	1376.56	0
0.04	0.01	0.162426	5.68853	1388.95	0
0.04	0.01	0.162426	6.09537	1400.59	0
0.04	0.01	0.162426	6.53131	1424.06	0
0.04	0.01	0.162426	6.99842	1460.13	0
0.04	0.01	0.162426	7.49894	1484.68	0
0.04	0.01	0.162426	8.03526	1473.09	0
0.04	0.01	0.162426	8.60994	1431.9	0
0.04	0.01	0.162426	9.22571	1371.45	0
0.04	0.01	0.162426	9.88553	1309.34	0
0.04	0.01	0.162426	10.5925	1270.57	0
0.04	0.01	0.162426	11.3501	1231.69	0
0.04	0.01	0.162426	12.1619	1186.47	0
0.04	0.01	0.162426	13.0317	1146.21	0
0.04	0.01	0.162426	13.9637	1128.46	0
0.04	0.01	0.162426	14.9624	1119.21	0
0.04	0.01	0.162426	16.0325	1113.01	0
0.04	0.01	0.162426	17.1791	1123.38	0
0.04	0.01	0.162426	18.4077	1142.59	0
0.04	0.01	0.162426	19.7242	1146.32	0
0.04	0.01	0.162426	21.1349	1148.83	0
0.04	0.01	0.162426	22.6464	1138.53	0
0.04	0.01	0.162426	24.2661	1125.25	0
0.04	0.01	0.162426	26.0016	1118.16	0
0.04	0.01	0.162426	27.8612	1117.88	0
0.04	0.01	0.162426	29.8538	1116.72	0
0.04	0.01	0.162426	31.989	1124.17	0
0.04	0.01	0.162426	34.2768	1139.78	0
0.04	0.01	0.162426	36.7282	1165.24	0
0.04	0.01	0.162426	39.355	1181.48	0
0.04	0.01	0.162426	42.1697	1176	0
0.04	0.01	0.162426	45.1856	1161.11	0
0.04	0.01	0.162426	48.4172	1155.44	0
0.04	0.01	0.162426	51.88	1153.64	0
0.04	0.01	0.162426	55.5904	1146.79	0
0.04	0.01	0.162426	59.5662	1126.57	0
0.04	0.01	0.162426	63.8263	1118.76	0
0.04	0.01	0.162426	68.3912	1121.55	0
0.04	0.01	0.162426	73.2825	1123.72	0
0.04	0.01	0.162426	78.5236	1117.35	0
0.04	0.01	0.162426	84.1395	1116.88	0
0.04	0.01	0.162426	90.1571	1121.53	0
0.04	0.01	0.162426	96.6051	1122.9	0
0.04	0.01	0.177463	0.103514	0.000906918	0
0.04	0.01	0.177463	0.110917	0.00937567	0
0.04	0.01	0.177463	0.11885	0.0299984	0
0.04	0.01	0.177463	0.12735	0.0679086	0
0.04	0.01	0.177463	0.136458	0.129993	0
0.04	0.01	0.177463	0.146218	0.225435	0
0.04	0.01	0.177463	0.156675	0.366408	0
0.04	0.01	0.177463	0.16788	0.568965	0
0.04	0.01	0.177463	0.179887	0.854168	0
0.04	0.01	0.177463	0.192752	1.2495	0
0.04	0.01	0.177463	0.206538	1.79064	0
0.04	0.01	0.177463	0.221309	2.52363	0
0.04	0.01	0.177463	0.237137	3.50757	0
0.04	0.01	0.177463	0.254097	4.81777	0
0.04	0.01	0.177463	0.27227	6.54953	0
0.04	0.01	0.177463	0.291743	8.82248	0
0.04	0.01	0.177463	0.312608	11.7854	0
0.04	0.01	0.177463	0.334965	15.6216	0
0.04	0.01	0.177463	0.358922	20.5536	0
0.04	0.01	0.177463	0.384592	26.8488	0
0.04	0.01	0.177463	0.412098	34.8223	0
0.04	0.01	0.177463	0.44157	44.8392	0
0.04	0.01	0.177463	0.473151	57.3127	0
0.04	0.01	0.177463	0.506991	72.6975	0
0.04	0.01	0.177463	0.54325	91.4778	0
0.04	0.01	0.177463	0.582103	114.148	0
0.04	0.01	0.177463	0.623735	141.184	0
0.04	0.01	0.177463	0.668344	173.01	0
0.04	0.01	0.177463	0.716143	209.961	0
0.04	0.01	0.177463	0.767361	252.238	0
0.04	0.01	0.177463	0.822243	299.874	0
0.04	0.01	0.177463	0.881049	352.706	0
0.04	0.01	0.177463	0.944061	410.35	0
0.04	0.01	0.177463	1.01158	472.191	0
0.04	0.01	0.177463	1.08393	537.362	0
0.04	0.01	0.177463	1.16145	604.718	0
0.04	0.01	0.177463	1.24451	672.793	0
0.04	0.01	0.177463	1.33352	739.776	0
0.04	0.01	0.177463	1.42889	803.556	0
0.04	0.01	0.177463	1.53109	861.933	0
0.04	0.01	0.177463	1.64059	913.017	0
0.04	0.01	0.177463	1.75792	955.755	0
0.04	0.01	0.177463	1.88365	990.328	0
0.04	0.01	0.177463	2.01837	1018.13	0
0.04	0.01	0.177463	2.16272	1041.26	0
0.04	0.01	0.177463	2.31739	1062.05	0
0.04	0.01	0.177463	2.48313	1083.14	0
0.04	0.01	0.177463	2.66073	1107.93	0
0.04	0.01	0.177463	2.85102	1140.07	0
0.04	0.01	0.177463	3.05492	1180.76	0
0.04	0.01	0.177463	3.27341	1226.26	0
0.04	0.01	0.177463	3.50752	1269.54	0
0.04	0.01	0.177463	3.75837	1304.66	0
0.04	0.01	0.177463	4.02717	1328.15	0
0.04	0.01	0.177463	4.31519	1340.4	0
0.04	0.01	0.177463	4.62381	1349.25	0
0.04	0.01	0.177463	4.9545	1361.97	0
0.04	0.01	0.177463	5.30884	1376.56	0
0.04	0.01	0.177463	5.68853	1388.93	0
0.04	0.01	0.177463	6.09537	1400.57	0
0.04	0.01	0.177463	6.53131	1424.04	0
0.04	0.01	0.177463	6.99842	1460.11	0
0.04	0.01	0.177463	7.49894	1484.65	0
0.04	0.01	0.177463	8.03526	1473.06	0
0.04	0.01	0.177463	8.60994	1431.88	0
0.04	0.01	0.177463	9.22571	1371.42	0
0.04	0.01	0.177463	9.88553	1309.32	0
0.04	0.01	0.177463	10.5925	1270.55	0
0.04	0.01	0.177463	11.3501	1231.68	0
0.04	0.01	0.177463	12.1619	1186.46	0
0.04	0.01	0.177463	13.0317	1146.2	0
0.04	0.01	0.177463	13.9637	1128.46	0
0.04	0.01	0.177463	14.9624	1119.2	0
0.04	0.01	0.177463	16.0325	1113.01	0
0.04	0.01	0.177463	17.1791	1123.37	0
0.04	0.01	0.177463	18.4077	1142.59	0
0.04	0.01	0.177463	19.7242	1146.32	0
0.04	0.01	0.177463	21.1349	1148.82	0
0.04	0.01	0.177463	22.6464	1138.52	0
0.04	0.01	0.177463	24.2661	1125.24	0
0.04	0.01	0.177463	26.0016	1118.15	0
0.04	0.01	0.177463	27.8612	1117.87	0
0.04	0.01	0.177463	29.8538	1116.71	0
0.04	0.01	0.177463	31.989	1124.16	0
0.04	0.01	0.177463	34.2768	1139.76	0
0.04	0.01	0.177463	36.7282	1165.22	0
0.04	0.01	0.177463	39.355	1181.47	0
0.04	0.01	0.177463	42.1697	1175.99	0
0.04	0.01	0.177463	45.1856	1161.1	0
0.04	0.01	0.177463	48.4172	1155.44	0
0.04	0.01	0.177463	51.88	1153.63	0
0.04	0.01	0.177463	55.5904	1146.78	0
0.04	0.01	0.177463	59.5662	1126.56	0
0.04	0.01	0.177463	63.8263	1118.74	0
0.04	0.01	0.177463	68.3912	1121.54	0
0.04	0.01	0.177463	73.2825	1123.71	0
0.04	0.01	0.177463	78.5236	1117.34	0
0.04	0.01	0.177463	84.1395	1116.87	0
0.04	0.01	0.177463	90.1571	1121.52	0
0.04	0.01	0.177463	96.6051	1122.89	0
0.04	0.01	0.193892	0.103514	0.000906906	0
0.04	0.01	0.193892	0.110917	0.00937563	0
0.04	0.01	0.193892	0.11885	0.0299983	0
0.04	0.01	0.193892	0.12735	0.0679085	0
0.04	0.01	0.193892	0.136458	0.129993	0
0.04	0.01	0.193892	0.146218	0.225435	0
0.04	0.01	0.193892	0.156675	0.366407	0
0.04	0.01	0.193892	0.16788	0.568965	0
0.04	0.01	0.193892	0.179887	0.854167	0
0.04	0.01	0.193892	0.192752	1.2495	0
0.04	0.01	0.193892	0.206538	1.79064	0
0.04	0.01	0.193892	0.221309	2.52363	0
0.04	0.01	0.193892	0.237137	3.50757	0
0.04	0.01	0.193892	0.254097	4.81776	0
0.04	0.01	0.193892	0.27227	6.54952	0
0.04	0.01	0.193892	0.291743	8.82247	0
0.04	0.01	0.193892	0.312608	11.7854	0
0.04	0.01	0.193892	0.334965	15.6216	0
0.04	0.01	0.193892	0.358922	20.5536	0
0.04	0.01	0.193892	0.384592	26.8487	0
0.04	0.01	0.193892	0.412098	34.8222	0
0.04	0.01	0.193892	0.44157	44.8392	0
0.04	0.01	0.193892	0.473151	57.3126	0
0.04	0.01	0.193892	0.506991	72.6974	0
0.04	0.01	0.193892	0.54325	91.4777	0
0.04	0.01	0.193892	0.582103	114.148	0
0.04	0.01	0.193892	0.623735	141.183	0
0.04	0.01	0.193892	0.668344	173.01	0
0.04	0.01	0.193892	0.716143	209.96	0
0.04	0.01	0.193892	0.767361	252.237	0
0.04	0.01	0.193892	0.822243	299.874	0
0.04	0.01	0.193892	0.881049	352.705	0
0.04	0.01	0.193892	0.944061	410.349	0
0.04	0.01	0.193892	1.01158	472.19	0
0.04	0.01	0.193892	1.08393	537.361	0
0.04	0.01	0.193892	1.16145	604.716	0
0.04	0.01	0.193892	1.24451	672.791	0
0.04	0.01	0.193892	1.33352	739.773	0
0.04	0.01	0.193892	1.42889	803.552	0
0.04	0.01	0.193892	1.53109	861.928	0
0.04	0.01	0.193892	1.64059	913.011	0
0.04	0.01	0.193892	1.75792	955.748	0
0.04	0.01	0.193892	1.88365	990.32	0
0.04	0.01	0.193892	2.01837	1018.12	0
0.04	0.01	0.193892	2.16272	1041.25	0
0.04	0.01	0.193892	2.31739	1062.04	0
0.04	0.01	0.193892	2.48313	1083.12	0
0.04	0.01	0.193892	2.66073	1107.91	0
0.04	0.01	0.193892	2.85102	1140.05	0
0.04	0.01	0.193892	3.05492	1180.74	0
0.04	0.01	0.193892	3.27341	1226.25	0
0.04	0.01	0.193892	3.50752	1269.52	0
0.04	0.01	0.193892	3.75837	1304.65	0
0.04	0.01	0.193892	4.02717	1328.14	0
0.04	0.01	0.193892	4.31519	1340.4	0
0.04	0.01	0.193892	4.62381	1349.24	0
0.04	0.01	0.193892	4.9545	1361.96	0
0.04	0.01	0.193892	5.30884	1376.55	0
0.04	0.01	0.193892	5.68853	1388.92	0
0.04	0.01	0.193892	6.09537	1400.55	0
0.04	0.01	0.193892	6.53131	1424.01	0
0.04	0.01	0.193892	6.99842	1460.07	0
0.04	0.01	0.193892	7.49894	1484.61	0
0.04	0.01	0.193892	8.03526	1473.03	0
0.04	0.01	0.193892	8.60994	1431.85	0
0.04	0.01	0.193892	9.22571	1371.39	0
0.04	0.01	0.193892	9.88553	1309.3	0
0.04	0.01	0.193892	10.5925	1270.53	0
0.04	0.01	0.193892	11.3501	1231.66	0
0.04	0.01	0.193892	12.1619	1186.45	0
0.04	0.01	0.193892	13.0317	1146.2	0
0.04	0.01	0.193892	13.9637	1128.45	0
0.04	0.01	0.193892	14.9624	1119.2	0
0.04	0.01	0.193892	16.0325	1113	0
0.04	0.01	0.193892	17.1791	1123.36	0
0.04	0.01	0.193892	18.4077	1142.58	0
0.04	0.01	0.193892	19.7242	1146.31	0
0.04	0.01	0.193892	21.1349	1148.81	0
0.04	0.01	0.193892	22.6464	1138.52	0
0.04	0.01	0.193892	24.2661	1125.23	0
0.04	0.01	0.193892	26.0016	1118.14	0
0.04	0.01	0.193892	27.8612	1117.85	0
0.04	0.01	0.193892	29.8538	1116.7	0
0.04	0.01	0.193892	31.989	1124.14	0
0.04	0.01	0.193892	34.2768	1139.75	0
0.04	0.01	0.193892	36.7282	1165.21	0
0.04	0.01	0.193892	39.355	1181.45	0
0.04	0.01	0.193892	42.1697	1175.98	0
0.04	0.01	0.193892	45.1856	1161.09	0
0.04	0.01	0.193892	48.4172	1155.43	0
0.04	0.01	0.193892	51.88	1153.62	0
0.04	0.01	0.193892	55.5904	1146.77	0
0.04	0.01	0.193892	59.5662	1126.54	0
0.04	0.01	0.193892	63.8263	1118.73	0
0.04	0.01	0.193892	68.3912	1121.53	0
0.04	0.01	0.193892	73.2825	1123.69	0
0.04	0.01	0.193892	78.5236	1117.33	0
0.04	0.01	0.193892	84.1395	1116.86	0
0.04	0.01	0.193892	90.1571	1121.5	0
0.04	0.01	0.193892	96.6051	1122.88	0
0.04	0.01	0.211841	0.103514	0.000906894	0
0.04	0.01	0.211841	0.110917	0.00937558	0
0.04	0.01	0.211841	0.11885	0.0299982	0
0.04	0.01	0.211841	0.12735	0.0679083	0
0.04	0.01	0.211841	0.136458	0.129993	0
0.04	0.01	0.211841	0.146218	0.225434	0
0.04	0.01	0.211841	0.156675	0.366407	0
0.04	0.01	0.211841	0.16788	0.568964	0
0.04	0.01	0.211841	0.179887	0.854166	0
0.04	0.01	0.211841	0.192752	1.2495	0
0.04	0.01	0.211841	0.206538	1.79064	0
0.04	0.01	0.211841	0.221309	2.52363	0
0.04	0.01	0.211841	0.237137	3.50756	0
0.04	0.01	0.211841	0.254097	4.81776	0
0.04	0.01	0.211841	0.27227	6.54951	0
0.04	0.01	0.211841	0.291743	8.82246	0
0.04	0.01	0.211841	0.312608	11.7854	0
0.04	0.01	0.211841	0.334965	15.6215	0
0.04	0.01	0.211841	0.358922	20.5536	0
0.04	0.01	0.211841	0.384592	26.8487	0
0.04	0.01	0.211841	0.412098	34.8222	0
0.04	0.01	0.211841	0.44157	44.8391	0
0.04	0.01	0.211841	0.473151	57.3125	0
0.04	0.01	0.211841	0.506991	72.6973	0
0.04	0.01	0.211841	0.54325	91.4776	0
0.04	0.01	0.211841	0.582103	114.147	0
0.04	0.01	0.211841	0.623735	141.183	0
0.04	0.01	0.211841	0.668344	173.009	0
0.04	0.01	0.211841	0.716143	209.96	0
0.04	0.01	0.211841	0.767361	252.237	0
0.04	0.01	0.211841	0.822243	299.873	0
0.04	0.01	0.211841	0.881049	352.704	0
0.04	0.01	0.211841	0.944061	410.348	0
0.04	0.01	0.211841	1.01158	472.188	0
0.04	0.01	0.211841	1.08393	537.359	0
0.04	0.01	0.211841	1.16145	604.714	0
0.04	0.01	0.211841	1.24451	672.788	0
0.04	0.01	0.211841	1.33352	739.769	0
0.04	0.01	0.211841	1.42889	803.548	0
0.04	0.01	0.211841	1.53109	861.923	0
0.04	0.01	0.211841	1.64059	913.005	0
0.04	0.01	0.211841	1.75792	955.74	0
0.04	0.01	0.211841	1.88365	990.311	0
0.04	0.01	0.211841	2.01837	1018.11	0
0.04	0.01	0.211841	2.16272	1041.23	0
0.04	0.01	0.211841	2.31739	1062.03	0
0.04	0.01	0.211841	2.48313	1083.11	0
0.04	0.01	0.211841	2.66073	1107.9	0
0.04	0.01	0.211841	2.85102	1140.03	0
0.04	0.01	0.211841	3.05492	1180.72	0
0.04	0.01	0.211841	3.27341	1226.23	0
0.04	0.01	0.211841	3.50752	1269.51	0
0.04	0.01	0.211841	3.75837	1304.63	0
0.04	0.01	0.211841	4.02717	1328.13	0
0.04	0.01	0.211841	4.31519	1340.39	0
0.04	0.01	0.211841	4.62381	1349.24	0
0.04	0.01	0.211841	4.9545	1361.96	0
0.04	0.01	0.211841	5.30884	1376.54	0
0.04	0.01	0.211841	5.68853	1388.91	0
0.04	0.01	0.211841	6.09537	1400.53	0
0.04	0.01	0.211841	6.53131	1423.98	0
0.04	0.01	0.211841	6.99842	1460.04	0
0.04	0.01	0.211841	7.49894	1484.58	0
0.04	0.01	0.211841	8.03526	1472.99	0
0.04	0.01	0.211841	8.60994	1431.81	0
0.04	0.01	0.211841	9.22571	1371.36	0
0.04	0.01	0.211841	9.88553	1309.27	0
0.04	0.01	0.211841	10.5925	1270.51	0
0.04	0.01	0.211841	11.3501	1231.65	0
0.04	0.01	0.211841	12.1619	1186.44	0
0.04	0.01	0.211841	13.0317	1146.19	0
0.04	0.01	0.211841	13.9637	1128.45	0
0.04	0.01	0.211841	14.9624	1119.19	0
0.04	0.01	0.211841	16.0325	1112.99	0
0.04	0.01	0.211841	17.1791	1123.35	0
0.04	0.01	0.211841	18.4077	1142.57	0
0.04	0.01	0.211841	19.7242	1146.3	0
0.04	0.01	0.211841	21.1349	1148.8	0
0.04	0.01	0.211841	22.6464	1138.51	0
0.04	0.01	0.211841	24.2661	1125.22	0
0.04	0.01	0.211841	26.0016	1118.13	0
0.04	0.01	0.211841	27.8612	1117.84	0
0.04	0.01	0.211841	29.8538	1116.68	0
0.04	0.01	0.211841	31.989	1124.13	0
0.04	0.01	0.211841	34.2768	1139.73	0
0.04	0.01	0.211841	36.7282	1165.19	0
0.04	0.01	0.211841	39.355	1181.44	0
0.04	0.01	0.211841	42.1697	1175.96	0
0.04	0.01	0.211841	45.1856	1161.08	0
0.04	0.01	0.211841	48.4172	1155.42	0
0.04	0.01	0.211841	51.88	1153.6	0
0.04	0.01	0.211841	55.5904	1146.75	0
0.04	0.01	0.211841	59.5662	1126.53	0
0.04	0.01	0.211841	63.8263	1118.72	0
0.04	0.01	0.211841	68.3912	1121.51	0
0.04	0.01	0.211841	73.2825	1123.68	0
0.04	0.01	0.211841	78.5236	1117.31	0
0.04	0.01	0.211841	84.1395	1116.84	0
0.04	0.01	0.211841	90.1571	1121.49	0
0.04	0.01	0.211841	96.6051	1122.86	0
0.04	0.01	0.231452	0.103514	0.000906881	0
0.04	0.01	0.231452	0.110917	0.00937553	0
0.04	0.01	0.231452	0.11885	0.0299981	0
0.04	0.01	0.231452	0.12735	0.0679081	0
0.04	0.01	0.231452	0.136458	0.129993	0
0.04	0.01	0.231452	0.146218	0.225434	0
0.04	0.01	0.231452	0.156675	0.366406	0
0.04	0.01	0.231452	0.16788	0.568963	0
0.04	0.01	0.231452	0.179887	0.854165	0
0.04	0.01	0.231452	0.192752	1.2495	0
0.04	0.01	0.231452	0.206538	1.79063	0
0.04	0.01	0.231452	0.221309	2.52363	0
0.04	0.01	0.231452	0.237137	3.50756	0
0.04	0.01	0.231452	0.254097	4.81775	0
0.04	0.01	0.231452	0.27227	6.5495	0
0.04	0.01	0.231452	0.291743	8.82245	0
0.04	0.01	0.231452	0.312608	11.7854	0
0.04	0.01	0.231452	0.334965	15.6215	0
0.04	0.01	0.231452	0.358922	20.5535	0
0.04	0.01	0.231452	0.384592	26.8487	0
0.04	0.01	0.231452	0.412098	34.8222	0
0.04	0.01	0.231452	0.44157	44.8391	0
0.04	0.01	0.231452	0.473151	57.3125	0
0.04	0.01	0.231452	0.506991	72.6972	0
0.04	0.01	0.231452	0.54325	91.4774	0
0.04	0.01	0.231452	0.582103	114.147	0
0.04	0.01	0.231452	0.623735	141.183	0
0.04	0.01	0.231452	0.668344	173.009	0
0.04	0.01	0.231452	0.716143	209.96	0
0.04	0.01	0.231452	0.767361	252.236	0
0.04	0.01	0.231452	0.822243	299.872	0
0.04	0.01	0.231452	0.881049	352.704	0
0.04	0.01	0.231452	0.944061	410.347	0
0.04	0.01	0.231452	1.01158	472.187	0
0.04	0.01	0.231452	1.08393	537.357	0
0.04	0.01	0.231452	1.16145	604.712	0
0.04	0.01	0.231452	1.24451	672.785	0
0.04	0.01	0.231452	1.33352	739.766	0
0.04	0.01	0.231452	1.42889	803.544	0
0.04	0.01	0.231452	1.53109	861.918	0
0.04	0.01	0.231452	1.64059	912.998	0
0.04	0.01	0.231452	1.75792	955.732	0
0.04	0.01	0.231452	1.88365	990.301	0
0.04	0.01	0.231452	2.01837	1018.09	0
0.04	0.01	0.231452	2.16272	1041.22	0
0.04	0.01	0.231452	2.31739	1062.01	0
0.04	0.01	0.231452	2.48313	1083.09	0
0.04	0.01	0.231452	2.66073	1107.88	0
0.04	0.01	0.231452	2.85102	1140.01	0
0.04	0.01	0.231452	3.05492	1180.7	0
0.04	0.01	0.231452	3.27341	1226.21	0
0.04	0.01	0.231452	3.50752	1269.49	0
0.04	0.01	0.231452	3.75837	1304.62	0
0.04	0.01	0.231452	4.02717	1328.11	0
0.04	0.01	0.231452	4.31519	1340.38	0
0.04	0.01	0.231452	4.62381	1349.23	0
0.04	0.01	0.231452	4.9545	1361.95	0
0.04	0.01	0.231452	5.30884	1376.53	0
0.04	0.01	0.231452	5.68853	1388.89	0
0.04	0.01	0.231452	6.09537	1400.5	0
0.04	0.01	0.231452	6.53131	1423.95	0
0.04	0.01	0.231452	6.99842	1460	0
0.04	0.01	0.231452	7.49894	1484.54	0
0.04	0.01	0.231452	8.03526	1472.95	0
0.04	0.01	0.231452	8.60994	1431.78	0
0.04	0.01	0.231452	9.22571	1371.33	0
0.04	0.01	0.231452	9.88553	1309.25	0
0.04	0.01	0.231452	10.5925	1270.49	0
0.04	0.01	0.231452	11.3501	1231.63	0
0.04	0.01	0.231452	12.1619	1186.43	0
0.04	0.01	0.231452	13.0317	1146.18	0
0.04	0.01	0.231452	13.9637	1128.44	0
0.04	0.01	0.231452	14.9624	1119.18	0
0.04	0.01	0.231452	16.0325	1112.98	0
0.04	0.01	0.231452	17.1791	1123.34	0
0.04	0.01	0.231452	18.4077	1142.56	0
0.04	0.01	0.231452	19.7242	1146.29	0
0.04	0.01	0.231452	21.1349	1148.8	0
0.04	0.01	0.231452	22.6464	1138.5	0
0.04	0.01	0.231452	24.2661	1125.21	0
0.04	0.01	0.231452	26.0016	1118.12	0
0.04	0.01	0.231452	27.8612	1117.82	0
0.04	0.01	0.231452	29.8538	1116.66	0
0.04	0.01	0.231452	31.989	1124.11	0
0.04	0.01	0.231452	34.2768	1139.71	0
0.04	0.01	0.231452	36.7282	1165.17	0
0.04	0.01	0.231452	39.355	1181.42	0
0.04	0.01	0.231452	42.1697	1175.95	0
0.04	0.01	0.231452	45.1856	1161.07	0
0.04	0.01	0.231452	48.4172	1155.41	0
0.04	0.01	0.231452	51.88	1153.59	0
0.04	0.01	0.231452	55.5904	1146.74	0
0.04	0.01	0.231452	59.5662	1126.51	0
0.04	0.01	0.231452	63.8263	1118.7	0
0.04	0.01	0.231452	68.3912	1121.5	0
0.04	0.01	0.231452	73.2825	1123.66	0
0.04	0.01	0.231452	78.5236	1117.29	0
0.04	0.01	0.231452	84.1395	1116.82	0
0.04	0.01	0.231452	90.1571	1121.47	0
0.04	0.01	0.231452	96.6051	1122.85	0
0.04	0.01	0.252878	0.103514	0.000906866	0
0.04	0.01	0.252878	0.110917	0.00937548	0
0.04	0.01	0.252878	0.11885	0.029998	0
0.04	0.01	0.252878	0.12735	0.0679079	0
0.04	0.01	0.252878	0.136458	0.129992	0
0.04	0.01	0.252878	0.146218	0.225433	0
0.04	0.01	0.252878	0.156675	0.366405	0
0.04	0.01	0.252878	0.16788	0.568962	0
0.04	0.01	0.252878	0.179887	0.854163	0
0.04	0.01	0.252878	0.192752	1.24949	0
0.04	0.01	0.252878	0.206538	1.79063	0
0.04	0.01	0.252878	0.221309	2.52362	0
0.04	0.01	0.252878	0.237137	3.50756	0
0.04	0.01	0.252878	0.254097	4.81774	0
0.04	0.01	0.252878	0.27227	6.54949	0
0.04	0.01	0.252878	0.291743	8.82244	0
0.04	0.01	0.252878	0.312608	11.7854	0
0.04	0.01	0.252878	0.334965	15.6215	0
0.04	0.01	0.252878	0.358922	20.5535	0
0.04	0.01	0.252878	0.384592	26.8486	0
0.04	0.01	0.252878	0.412098	34.8221	0
0.04	0.01	0.252878	0.44157	44.839	0
0.04	0.01	0.252878	0.473151	57.3124	0
0.04	0.01	0.252878	0.506991	72.6971	0
0.04	0.01	0.252878	0.54325	91.4773	0
0.04	0.01	0.252878	0.582103	114.147	0
0.04	0.01	0.252878	0.623735	141.183	0
0.04	0.01	0.252878	0.668344	173.009	0
0.04	0.01	0.252878	0.716143	209.959	0
0.04	0.01	0.252878	0.767361	252.236	0
0.04	0.01	0.252878	0.822243	299.872	0
0.04	0.01	0.252878	0.881049	352.703	0
0.04	0.01	0.252878	0.944061	410.346	0
0.04	0.01	0.252878	1.01158	472.185	0
0.04	0.01	0.252878	1.08393	537.355	0
0.04	0.01	0.252878	1.16145	604.709	0
0.04	0.01	0.252878	1.24451	672.782	0
0.04	0.01	0.252878	1.33352	739.762	0
0.04	0.01	0.252878	1.42889	803.539	0
0.04	0.01	0.252878	1.53109	861.912	0
0.04	0.01	0.252878	1.64059	912.991	0
0.04	0.01	0.252878	1.75792	955.723	0
0.04	0.01	0.252878	1.88365	990.291	0
0.04	0.01	0.252878	2.01837	1018.08	0
0.04	0.01	0.252878	2.16272	1041.21	0
0.04	0.01	0.252878	2.31739	1061.99	0
0.04	0.01	0.252878	2.48313	1083.07	0
0.04	0.01	0.252878	2.66073	1107.86	0
0.04	0.01	0.252878	2.85102	1139.99	0
0.04	0.01	0.252878	3.05492	1180.68	0
0.04	0.01	0.252878	3.27341	1226.18	0
0.04	0.01	0.252878	3.50752	1269.47	0
0.04	0.01	0.252878	3.75837	1304.6	0
0.04	0.01	0.252878	4.02717	1328.1	0
0.04	0.01	0.252878	4.31519	1340.37	0
0.04	0.01	0.252878	4.62381	1349.23	0
0.04	0.01	0.252878	4.9545	1361.94	0
0.04	0.01	0.252878	5.30884	1376.52	0
0.04	0.01	0.252878	5.68853	1388.88	0
0.04	0.01	0.252878	6.09537	1400.48	0
0.04	0.01	0.252878	6.53131	1423.92	0
0.04	0.01	0.252878	6.99842	1459.96	0
0.04	0.01	0.252878	7.49894	1484.49	0
0.04	0.01	0.252878	8.03526	1472.91	0
0.04	0.01	0.252878	8.60994	1431.74	0
0.04	0.01	0.252878	9.22571	1371.3	0
0.04	0.01	0.252878	9.88553	1309.22	0
0.04	0.01	0.252878	10.5925	1270.46	0
0.04	0.01	0.252878	11.3501	1231.61	0
0.04	0.01	0.252878	12.1619	1186.42	0
0.04	0.01	0.252878	13.0317	1146.18	0
0.04	0.01	0.252878	13.9637	1128.43	0
0.04	0.01	0.252878	14.9624	1119.18	0
0.04	0.01	0.252878	16.0325	1112.97	0
0.04	0.01	0.252878	17.1791	1123.33	0
0.04	0.01	0.252878	18.4077	1142.55	0
0.04	0.01	0.252878	19.7242	1146.28	0
0.04	0.01	0.252878	21.1349	1148.79	0
0.04	0.01	0.252878	22.6464	1138.49	0
0.04	0.01	0.252878	24.2661	1125.2	0
0.04	0.01	0.252878	26.0016	1118.11	0
0.04	0.01	0.252878	27.8612	1117.81	0
0.04	0.01	0.252878	29.8538	1116.64	0
0.04	0.01	0.252878	31.989	1124.09	0
0.04	0.01	0.252878	34.2768	1139.69	0
0.04	0.01	0.252878	36.7282	1165.15	0
0.04	0.01	0.252878	39.355	1181.4	0
0.04	0.01	0.252878	42.1697	1175.93	0
0.04	0.01	0.252878	45.1856	1161.06	0
0.04	0.01	0.252878	48.4172	1155.39	0
0.04	0.01	0.252878	51.88	1153.58	0
0.04	0.01	0.252878	55.5904	1146.72	0
0.04	0.01	0.252878	59.5662	1126.49	0
0.04	0.01	0.252878	63.8263	1118.68	0
0.04	0.01	0.252878	68.3912	1121.48	0
0.04	0.01	0.252878	73.2825	1123.64	0
0.04	0.01	0.252878	78.5236	1117.28	0
0.04	0.01	0.252878	84.1395	1116.81	0
0.04	0.01	0.252878	90.1571	1121.46	0
0.04	0.01	0.252878	96.6051	1122.83	0
0.04	0.01	0.276288	0.103514	0.000906851	0
0.04	0.01	0.276288	0.110917	0.00937542	0
0.04	0.01	0.276288	0.11885	0.0299979	0
0.04	0.01	0.276288	0.12735	0.0679077	0
0.04	0.01	0.276288	0.136458	0.129992	0
0.04	0.01	0.276288	0.146218	0.225433	0
0.04	0.01	0.276288	0.156675	0.366405	0
0.04	0.01	0.276288	0.16788	0.568961	0
0.04	0.01	0.276288	0.179887	0.854162	0
0.04	0.01	0.276288	0.192752	1.24949	0
0.04	0.01	0.276288	0.206538	1.79063	0
0.04	0.01	0.276288	0.221309	2.52362	0
0.04	0.01	0.276288	0.237137	3.50755	0
0.04	0.01	0.276288	0.254097	4.81774	0
0.04	0.01	0.276288	0.27227	6.54948	0
0.04	0.01	0.276288	0.291743	8.82243	0
0.04	0.01	0.276288	0.312608	11.7854	0
0.04	0.01	0.276288	0.334965	15.6215	0
0.04	0.01	0.276288	0.358922	20.5535	0
0.04	0.01	0.276288	0.384592	26.8486	0
0.04	0.01	0.276288	0.412098	34.8221	0
0.04	0.01	0.276288	0.44157	44.8389	0
0.04	0.01	0.276288	0.473151	57.3123	0
0.04	0.01	0.276288	0.506991	72.6969	0
0.04	0.01	0.276288	0.54325	91.4771	0
0.04	0.01	0.276288	0.582103	114.147	0
0.04	0.01	0.276288	0.623735	141.182	0
0.04	0.01	0.276288	0.668344	173.008	0
0.04	0.01	0.276288	0.716143	209.959	0
0.04	0.01	0.276288	0.767361	252.235	0
0.04	0.01	0.276288	0.822243	299.871	0
0.04	0.01	0.276288	0.881049	352.702	0
0.04	0.01	0.276288	0.944061	410.345	0
0.04	0.01	0.276288	1.01158	472.184	0
0.04	0.01	0.276288	1.08393	537.353	0
0.04	0.01	0.276288	1.16145	604.707	0
0.04	0.01	0.276288	1.24451	672.779	0
0.04	0.01	0.276288	1.33352	739.757	0
0.04	0.01	0.276288	1.42889	803.533	0
0.04	0.01	0.276288	1.53109	861.905	0
0.04	0.01	0.276288	1.64059	912.983	0
0.04	0.01	0.276288	1.75792	955.714	0
0.04	0.01	0.276288	1.88365	990.279	0
0.04	0.01	0.276288	2.01837	1018.07	0
0.04	0.01	0.276288	2.16272	1041.19	0
0.04	0.01	0.276288	2.31739	1061.98	0
0.04	0.01	0.276288	2.48313	1083.05	0
0.04	0.01	0.276288	2.66073	1107.84	0
0.04	0.01	0.276288	2.85102	1139.97	0
0.04	0.01	0.276288	3.05492	1180.66	0
0.04	0.01	0.276288	3.27341	1226.16	0
0.04	0.01	0.276288	3.50752	1269.44	0
0.04	0.01	0.276288	3.75837	1304.58	0
0.04	0.01	0.276288	4.02717	1328.08	0
0.04	0.01	0.276288	4.31519	1340.36	0
0.04	0.01	0.276288	4.62381	1349.22	0
0.04	0.01	0.276288	4.9545	1361.94	0
0.04	0.01	0.276288	5.30884	1376.51	0
0.04	0.01	0.276288	5.68853	1388.86	0
0.04	0.01	0.276288	6.09537	1400.45	0
0.04	0.01	0.276288	6.53131	1423.88	0
0.04	0.01	0.276288	6.99842	1459.92	0
0.04	0.01	0.276288	7.49894	1484.45	0
0.04	0.01	0.276288	8.03526	1472.86	0
0.04	0.01	0.276288	8.60994	1431.69	0
0.04	0.01	0.276288	9.22571	1371.26	0
0.04	0.01	0.276288	9.88553	1309.18	0
0.04	0.01	0.276288	10.5925	1270.44	0
0.04	0.01	0.276288	11.3501	1231.59	0
0.04	0.01	0.276288	12.1619	1186.4	0
0.04	0.01	0.276288	13.0317	1146.17	0
0.04	0.01	0.276288	13.9637	1128.43	0
0.04	0.01	0.276288	14.9624	1119.17	0
0.04	0.01	0.276288	16.0325	1112.96	0
0.04	0.01	0.276288	17.1791	1123.31	0
0.04	0.01	0.276288	18.4077	1142.54	0
0.04	0.01	0.276288	19.7242	1146.27	0
0.04	0.01	0.276288	21.1349	1148.78	0
0.04	0.01	0.276288	22.6464	1138.48	0
0.04	0.01	0.276288	24.2661	1125.19	0
0.04	0.01	0.276288	26.0016	1118.09	0
0.04	0.01	0.276288	27.8612	1117.79	0
0.04	0.01	0.276288	29.8538	1116.62	0
0.04	0.01	0.276288	31.989	1124.06	0
0.04	0.01	0.276288	34.2768	1139.66	0
0.04	0.01	0.276288	36.7282	1165.12	0
0.04	0.01	0.276288	39.355	1181.38	0
0.04	0.01	0.276288	42.1697	1175.92	0
0.04	0.01	0.276288	45.1856	1161.04	0
0.04	0.01	0.276288	48.4172	1155.38	0
0.04	0.01	0.276288	51.88	1153.56	0
0.04	0.01	0.276288	55.5904	1146.7	0
0.04	0.01	0.276288	59.5662	1126.47	0
0.04	0.01	0.276288	63.8263	1118.66	0
0.04	0.01	0.276288	68.3912	1121.46	0
0.04	0.01	0.276288	73.2825	1123.62	0
0.04	0.01	0.276288	78.5236	1117.26	0
0.04	0.01	0.276288	84.1395	1116.79	0
0.04	0.01	0.276288	90.1571	1121.44	0
0.04	0.01	0.276288	96.6051	1122.82	0
0.04	0.01	0.301866	0.103514	0.000906835	0
0.04	0.01	0.301866	0.110917	0.00937536	0
0.04	0.01	0.301866	0.11885	0.0299977	0
0.04	0.01	0.301866	0.12735	0.0679075	0
0.04	0.01	0.301866	0.136458	0.129992	0
0.04	0.01	0.301866	0.146218	0.225432	0
0.04	0.01	0.301866	0.156675	0.366404	0
0.04	0.01	0.301866	0.16788	0.56896	0
0.04	0.01	0.301866	0.179887	0.85416	0
0.04	0.01	0.301866	0.192752	1.24949	0
0.04	0.01	0.301866	0.206538	1.79062	0
0.04	0.01	0.301866	0.221309	2.52361	0
0.04	0.01	0.301866	0.237137	3.50754	0
0.04	0.01	0.301866	0.254097	4.81773	0
0.04	0.01	0.301866	0.27227	6.54947	0
0.04	0.01	0.301866	0.291743	8.82241	0
0.04	0.01	0.301866	0.312608	11.7854	0
0.04	0.01	0.301866	0.334965	15.6214	0
0.04	0.01	0.301866	0.358922	20.5534	0
0.04	0.01	0.301866	0.384592	26.8485	0
0.04	0.01	0.301866	0.412098	34.822	0
0.04	0.01	0.301866	0.44157	44.8388	0
0.04	0.01	0.301866	0.473151	57.3122	0
0.04	0.01	0.301866	0.506991	72.6968	0
0.04	0.01	0.301866	0.54325	91.4769	0
0.04	0.01	0.301866	0.582103	114.147	0
0.04	0.01	0.301866	0.623735	141.182	0
0.04	0.01	0.301866	0.668344	173.008	0
0.04	0.01	0.301866	0.716143	209.958	0
0.04	0.01	0.301866	0.767361	252.234	0
0.04	0.01	0.301866	0.822243	299.87	0
0.04	0.01	0.301866	0.881049	352.7	0
0.04	0.01	0.301866	0.944061	410.343	0
0.04	0.01	0.301866	1.01158	472.182	0
0.04	0.01	0.301866	1.08393	537.351	0
0.04	0.01	0.301866	1.16145	604.704	0
0.04	0.01	0.301866	1.24451	672.775	0
0.04	0.01	0.301866	1.33352	739.753	0
0.04	0.01	0.301866	1.42889	803.528	0
0.04	0.01	0.301866	1.53109	861.898	0
0.04	0.01	0.301866	1.64059	912.974	0
0.04	0.01	0.301866	1.75792	955.703	0
0.04	0.01	0.301866	1.88365	990.267	0
0.04	0.01	0.301866	2.01837	1018.05	0
0.04	0.01	0.301866	2.16272	1041.17	0
0.04	0.01	0.301866	2.31739	1061.96	0
0.04	0.01	0.301866	2.48313	1083.03	0
0.04	0.01	0.301866	2.66073	1107.81	0
0.04	0.01	0.301866	2.85102	1139.94	0
0.04	0.01	0.301866	3.05492	1180.63	0
0.04	0.01	0.301866	3.27341	1226.13	0
0.04	0.01	0.301866	3.50752	1269.42	0
0.04	0.01	0.301866	3.75837	1304.56	0
0.04	0.01	0.301866	4.02717	1328.07	0
0.04	0.01	0.301866	4.31519	1340.35	0
0.04	0.01	0.301866	4.62381	1349.21	0
0.04	0.01	0.301866	4.9545	1361.93	0
0.04	0.01	0.301866	5.30884	1376.5	0
0.04	0.01	0.301866	5.68853	1388.84	0
0.04	0.01	0.301866	6.09537	1400.42	0
0.04	0.01	0.301866	6.53131	1423.84	0
0.04	0.01	0.301866	6.99842	1459.87	0
0.04	0.01	0.301866	7.49894	1484.39	0
0.04	0.01	0.301866	8.03526	1472.81	0
0.04	0.01	0.301866	8.60994	1431.65	0
0.04	0.01	0.301866	9.22571	1371.22	0
0.04	0.01	0.301866	9.88553	1309.15	0
0.04	0.01	0.301866	10.5925	1270.41	0
0.04	0.01	0.301866	11.3501	1231.57	0
0.04	0.01	0.301866	12.1619	1186.39	0
0.04	0.01	0.301866	13.0317	1146.16	0
0.04	0.01	0.301866	13.9637	1128.42	0
0.04	0.01	0.301866	14.9624	1119.16	0
0.04	0.01	0.301866	16.0325	1112.94	0
0.04	0.01	0.301866	17.1791	1123.3	0
0.04	0.01	0.301866	18.4077	1142.52	0
0.04	0.01	0.301866	19.7242	1146.26	0
0.04	0.01	0.301866	21.1349	1148.77	0
0.04	0.01	0.301866	22.6464	1138.46	0
0.04	0.01	0.301866	24.2661	1125.17	0
0.04	0.01	0.301866	26.0016	1118.08	0
0.04	0.01	0.301866	27.8612	1117.77	0
0.04	0.01	0.301866	29.8538	1116.6	0
0.04	0.01	0.301866	31.989	1124.04	0
0.04	0.01	0.301866	34.2768	1139.64	0
0.04	0.01	0.301866	36.7282	1165.1	0
0.04	0.01	0.301866	39.355	1181.36	0
0.04	0.01	0.301866	42.1697	1175.9	0
0.04	0.01	0.301866	45.1856	1161.03	0
0.04	0.01	0.301866	48.4172	1155.37	0
0.04	0.01	0.301866	51.88	1153.54	0
0.04	0.01	0.301866	55.5904	1146.68	0
0.04	0.01	0.301866	59.5662	1126.45	0
0.04	0.01	0.301866	63.8263	1118.64	0
0.04	0.01	0.301866	68.3912	1121.44	0
0.04	0.01	0.301866	73.2825	1123.6	0
0.04	0.01	0.301866	78.5236	1117.23	0
0.04	0.01	0.301866	84.1395	1116.76	0
0.04	0.01	0.301866	90.1571	1121.42	0
0.04	0.01	0.301866	96.6051	1122.8	0
0.04	0.01	0.329811	0.103514	0.000906818	0
0.04	0.01	0.329811	0.110917	0.00937529	0
0.04	0.01	0.329811	0.11885	0.0299976	0
0.04	0.01	0.329811	0.12735	0.0679072	0
0.04	0.01	0.329811	0.136458	0.129991	0
0.04	0.01	0.329811	0.146218	0.225432	0
0.04	0.01	0.329811	0.156675	0.366403	0
0.04	0.01	0.329811	0.16788	0.568958	0
0.04	0.01	0.329811	0.179887	0.854158	0
0.04	0.01	0.329811	0.192752	1.24949	0
0.04	0.01	0.329811	0.206538	1.79062	0
0.04	0.01	0.329811	0.221309	2.52361	0
0.04	0.01	0.329811	0.237137	3.50754	0
0.04	0.01	0.329811	0.254097	4.81772	0
0.04	0.01	0.329811	0.27227	6.54946	0
0.04	0.01	0.329811	0.291743	8.8224	0
0.04	0.01	0.329811	0.312608	11.7853	0
0.04	0.01	0.329811	0.334965	15.6214	0
0.04	0.01	0.329811	0.358922	20.5534	0
0.04	0.01	0.329811	0.384592	26.8485	0
0.04	0.01	0.329811	0.412098	34.8219	0
0.04	0.01	0.329811	0.44157	44.8388	0
0.04	0.01	0.329811	0.473151	57.3121	0
0.04	0.01	0.329811	0.506991	72.6967	0
0.04	0.01	0.329811	0.54325	91.4767	0
0.04	0.01	0.329811	0.582103	114.146	0
0.04	0.01	0.329811	0.623735	141.182	0
0.04	0.01	0.329811	0.668344	173.008	0
0.04	0.01	0.329811	0.716143	209.958	0
0.04	0.01	0.329811	0.767361	252.234	0
0.04	0.01	0.329811	0.822243	299.869	0
0.04	0.01	0.329811	0.881049	352.699	0
0.04	0.01	0.329811	0.944061	410.342	0
0.04	0.01	0.329811	1.01158	472.18	0
0.04	0.01	0.329811	1.08393	537.348	0
0.04	0.01	0.329811	1.16145	604.7	0
0.04	0.01	0.329811	1.24451	672.771	0
0.04	0.01	0.329811	1.33352	739.747	0
0.04	0.01	0.329811	1.42889	803.521	0
0.04	0.01	0.329811	1.53109	861.89	0
0.04	0.01	0.329811	1.64059	912.964	0
0.04	0.01	0.329811	1.75792	955.692	0
0.04	0.01	0.329811	1.88365	990.253	0
0.04	0.01	0.329811	2.01837	1018.04	0
0.04	0.01	0.329811	2.16272	1041.16	0
0.04	0.01	0.329811	2.31739	1061.94	0
0.04	0.01	0.329811	2.48313	1083.01	0
0.04	0.01	0.329811	2.66073	1107.79	0
0.04	0.01	0.329811	2.85102	1139.91	0
0.04	0.01	0.329811	3.05492	1180.6	0
0.04	0.01	0.329811	3.27341	1226.1	0
0.04	0.01	0.329811	3.50752	1269.39	0
0.04	0.01	0.329811	3.75837	1304.53	0
0.04	0.01	0.329811	4.02717	1328.05	0
0.04	0.01	0.329811	4.31519	1340.33	0
0.04	0.01	0.329811	4.62381	1349.2	0
0.04	0.01	0.329811	4.9545	1361.92	0
0.04	0.01	0.329811	5.30884	1376.49	0
0.04	0.01	0.329811	5.68853	1388.82	0
0.04	0.01	0.329811	6.09537	1400.39	0
0.04	0.01	0.329811	6.53131	1423.8	0
0.04	0.01	0.329811	6.99842	1459.82	0
0.04	0.01	0.329811	7.49894	1484.34	0
0.04	0.01	0.329811	8.03526	1472.76	0
0.04	0.01	0.329811	8.60994	1431.6	0
0.04	0.01	0.329811	9.22571	1371.17	0
0.04	0.01	0.329811	9.88553	1309.11	0
0.04	0.01	0.329811	10.5925	1270.38	0
0.04	0.01	0.329811	11.3501	1231.55	0
0.04	0.01	0.329811	12.1619	1186.37	0
0.04	0.01	0.329811	13.0317	1146.15	0
0.04	0.01	0.329811	13.9637	1128.41	0
0.04	0.01	0.329811	14.9624	1119.15	0
0.04	0.01	0.329811	16.0325	1112.93	0
0.04	0.01	0.329811	17.1791	1123.28	0
0.04	0.01	0.329811	18.4077	1142.51	0
0.04	0.01	0.329811	19.7242	1146.25	0
0.04	0.01	0.329811	21.1349	1148.76	0
0.04	0.01	0.329811	22.6464	1138.45	0
0.04	0.01	0.329811	24.2661	1125.16	0
0.04	0.01	0.329811	26.0016	1118.06	0
0.04	0.01	0.329811	27.8612	1117.75	0
0.04	0.01	0.329811	29.8538	1116.57	0
0.04	0.01	0.329811	31.989	1124.01	0
0.04	0.01	0.329811	34.2768	1139.61	0
0.04	0.01	0.329811	36.7282	1165.07	0
0.04	0.01	0.329811	39.355	1181.33	0
0.04	0.01	0.329811	42.1697	1175.88	0
0.04	0.01	0.329811	45.1856	1161.01	0
0.04	0.01	0.329811	48.4172	1155.35	0
0.04	0.01	0.329811	51.88	1153.53	0
0.04	0.01	0.329811	55.5904	1146.66	0
0.04	0.01	0.329811	59.5662	1126.43	0
0.04	0.01	0.329811	63.8263	1118.62	0
0.04	0.01	0.329811	68.3912	1121.42	0
0.04	0.01	0.329811	73.2825	1123.58	0
0.04	0.01	0.329811	78.5236	1117.21	0
0.04	0.01	0.329811	84.1395	1116.74	0
0.04	0.01	0.329811	90.1571	1121.39	0
0.04	0.01	0.329811	96.6051	1122.78	0
0.04	0.01	0.360343	0.103514	0.0009068	0
0.04	0.01	0.360343	0.110917	0.00937521	0
0.04	0.01	0.360343	0.11885	0.0299974	0
0.04	0.01	0.360343	0.12735	0.067907	0
0.04	0.01	0.360343	0.136458	0.129991	0
0.04	0.01	0.360343	0.146218	0.225431	0
0.04	0.01	0.360343	0.156675	0.366402	0
0.04	0.01	0.360343	0.16788	0.568957	0
0.04	0.01	0.360343	0.179887	0.854156	0
0.04	0.01	0.360343	0.192752	1.24948	0
0.04	0.01	0.360343	0.206538	1.79062	0
0.04	0.01	0.360343	0.221309	2.5236	0
0.04	0.01	0.360343	0.237137	3.50753	0
0.04	0.01	0.360343	0.254097	4.81771	0
0.04	0.01	0.360343	0.27227	6.54945	0
0.04	0.01	0.360343	0.291743	8.82238	0
0.04	0.01	0.360343	0.312608	11.7853	0
0.04	0.01	0.360343	0.334965	15.6214	0
0.04	0.01	0.360343	0.358922	20.5534	0
0.04	0.01	0.360343	0.384592	26.8484	0
0.04	0.01	0.360343	0.412098	34.8219	0
0.04	0.01	0.360343	0.44157	44.8387	0
0.04	0.01	0.360343	0.473151	57.3119	0
0.04	0.01	0.360343	0.506991	72.6965	0
0.04	0.01	0.360343	0.54325	91.4765	0
0.04	0.01	0.360343	0.582103	114.146	0
0.04	0.01	0.360343	0.623735	141.181	0
0.04	0.01	0.360343	0.668344	173.007	0
0.04	0.01	0.360343	0.716143	209.957	0
0.04	0.01	0.360343	0.767361	252.233	0
0.04	0.01	0.360343	0.822243	299.868	0
0.04	0.01	0.360343	0.881049	352.698	0
0.04	0.01	0.360343	0.944061	410.34	0
0.04	0.01	0.360343	1.01158	472.178	0
0.04	0.01	0.360343	1.08393	537.345	0
0.04	0.01	0.360343	1.16145	604.697	0
0.04	0.01	0.360343	1.24451	672.766	0
0.04	0.01	0.360343	1.33352	739.742	0
0.04	0.01	0.360343	1.42889	803.514	0
0.04	0.01	0.360343	1.53109	861.882	0
0.04	0.01	0.360343	1.64059	912.954	0
0.04	0.01	0.360343	1.75792	955.679	0
0.04	0.01	0.360343	1.88365	990.238	0
0.04	0.01	0.360343	2.01837	1018.02	0
0.04	0.01	0.360343	2.16272	1041.14	0
0.04	0.01	0.360343	2.31739	1061.91	0
0.04	0.01	0.360343	2.48313	1082.98	0
0.04	0.01	0.360343	2.66073	1107.76	0
0.04	0.01	0.360343	2.85102	1139.88	0
0.04	0.01	0.360343	3.05492	1180.57	0
0.04	0.01	0.360343	3.27341	1226.07	0
0.04	0.01	0.360343	3.50752	1269.36	0
0.04	0.01	0.360343	3.75837	1304.51	0
0.04	0.01	0.360343	4.02717	1328.03	0
0.04	0.01	0.360343	4.31519	1340.32	0
0.04	0.01	0.360343	4.62381	1349.19	0
0.04	0.01	0.360343	4.9545	1361.92	0
0.04	0.01	0.360343	5.30884	1376.48	0
0.04	0.01	0.360343	5.68853	1388.8	0
0.04	0.01	0.360343	6.09537	1400.35	0
0.04	0.01	0.360343	6.53131	1423.75	0
0.04	0.01	0.360343	6.99842	1459.76	0
0.04	0.01	0.360343	7.49894	1484.28	0
0.04	0.01	0.360343	8.03526	1472.7	0
0.04	0.01	0.360343	8.60994	1431.54	0
0.04	0.01	0.360343	9.22571	1371.12	0
0.04	0.01	0.360343	9.88553	1309.07	0
0.04	0.01	0.360343	10.5925	1270.34	0
0.04	0.01	0.360343	11.3501	1231.52	0
0.04	0.01	0.360343	12.1619	1186.35	0
0.04	0.01	0.360343	13.0317	1146.14	0
0.04	0.01	0.360343	13.9637	1128.4	0
0.04	0.01	0.360343	14.9624	1119.14	0
0.04	0.01	0.360343	16.0325	1112.92	0
0.04	0.01	0.360343	17.1791	1123.27	0
0.04	0.01	0.360343	18.4077	1142.49	0
0.04	0.01	0.360343	19.7242	1146.24	0
0.04	0.01	0.360343	21.1349	1148.74	0
0.04	0.01	0.360343	22.6464	1138.44	0
0.04	0.01	0.360343	24.2661	1125.14	0
0.04	0.01	0.360343	26.0016	1118.04	0
0.04	0.01	0.360343	27.8612	1117.72	0
0.04	0.01	0.360343	29.8538	1116.55	0
0.04	0.01	0.360343	31.989	1123.98	0
0.04	0.01	0.360343	34.2768	1139.58	0
0.04	0.01	0.360343	36.7282	1165.04	0
0.04	0.01	0.360343	39.355	1181.3	0
0.04	0.01	0.360343	42.1697	1175.86	0
0.04	0.01	0.360343	45.1856	1161	0
0.04	0.01	0.360343	48.4172	1155.34	0
0.04	0.01	0.360343	51.88	1153.51	0
0.04	0.01	0.360343	55.5904	1146.63	0
0.04	0.01	0.360343	59.5662	1126.4	0
0.04	0.01	0.360343	63.8263	1118.6	0
0.04	0.01	0.360343	68.3912	1121.39	0
0.04	0.01	0.360343	73.2825	1123.55	0
0.04	0.01	0.360343	78.5236	1117.18	0
0.04	0.01	0.360343	84.1395	1116.72	0
0.04	0.01	0.360343	90.1571	1121.37	0
0.04	0.01	0.360343	96.6051	1122.75	0
0.04	0.01	0.393701	0.103514	0.00090678	0
0.04	0.01	0.393701	0.110917	0.00937513	0
0.04	0.01	0.393701	0.11885	0.0299973	0
0.04	0.01	0.393701	0.12735	0.0679067	0
0.04	0.01	0.393701	0.136458	0.12999	0
0.04	0.01	0.393701	0.146218	0.22543	0
0.04	0.01	0.393701	0.156675	0.366401	0
0.04	0.01	0.393701	0.16788	0.568956	0
0.04	0.01	0.393701	0.179887	0.854154	0
0.04	0.01	0.393701	0.192752	1.24948	0
0.04	0.01	0.393701	0.206538	1.79061	0
0.04	0.01	0.393701	0.221309	2.5236	0
0.04	0.01	0.393701	0.237137	3.50752	0
0.04	0.01	0.393701	0.254097	4.8177	0
0.04	0.01	0.393701	0.27227	6.54943	0
0.04	0.01	0.393701	0.291743	8.82236	0
0.04	0.01	0.393701	0.312608	11.7853	0
0.04	0.01	0.393701	0.334965	15.6214	0
0.04	0.01	0.393701	0.358922	20.5533	0
0.04	0.01	0.393701	0.384592	26.8484	0
0.04	0.01	0.393701	0.412098	34.8218	0
0.04	0.01	0.393701	0.44157	44.8386	0
0.04	0.01	0.393701	0.473151	57.3118	0
0.04	0.01	0.393701	0.506991	72.6963	0
0.04	0.01	0.393701	0.54325	91.4763	0
0.04	0.01	0.393701	0.582103	114.146	0
0.04	0.01	0.393701	0.623735	141.181	0
0.04	0.01	0.393701	0.668344	173.007	0
0.04	0.01	0.393701	0.716143	209.956	0
0.04	0.01	0.393701	0.767361	252.232	0
0.04	0.01	0.393701	0.822243	299.867	0
0.04	0.01	0.393701	0.881049	352.696	0
0.04	0.01	0.393701	0.944061	410.338	0
0.04	0.01	0.393701	1.01158	472.175	0
0.04	0.01	0.393701	1.08393	537.342	0
0.04	0.01	0.393701	1.16145	604.693	0
0.04	0.01	0.393701	1.24451	672.761	0
0.04	0.01	0.393701	1.33352	739.736	0
0.04	0.01	0.393701	1.42889	803.507	0
0.04	0.01	0.393701	1.53109	861.872	0
0.04	0.01	0.393701	1.64059	912.943	0
0.04	0.01	0.393701	1.75792	955.666	0
0.04	0.01	0.393701	1.88365	990.222	0
0.04	0.01	0.393701	2.01837	1018	0
0.04	0.01	0.393701	2.16272	1041.11	0
0.04	0.01	0.393701	2.31739	1061.89	0
0.04	0.01	0.393701	2.48313	1082.95	0
0.04	0.01	0.393701	2.66073	1107.72	0
0.04	0.01	0.393701	2.85102	1139.85	0
0.04	0.01	0.393701	3.05492	1180.53	0
0.04	0.01	0.393701	3.27341	1226.03	0
0.04	0.01	0.393701	3.50752	1269.33	0
0.04	0.01	0.393701	3.75837	1304.48	0
0.04	0.01	0.393701	4.02717	1328.01	0
0.04	0.01	0.393701	4.31519	1340.31	0
0.04	0.01	0.393701	4.62381	1349.19	0
0.04	0.01	0.393701	4.9545	1361.91	0
0.04	0.01	0.393701	5.30884	1376.47	0
0.04	0.01	0.393701	5.68853	1388.77	0
0.04	0.01	0.393701	6.09537	1400.32	0
0.04	0.01	0.393701	6.53131	1423.7	0
0.04	0.01	0.393701	6.99842	1459.7	0
0.04	0.01	0.393701	7.49894	1484.21	0
0.04	0.01	0.393701	8.03526	1472.63	0
0.04	0.01	0.393701	8.60994	1431.48	0
0.04	0.01	0.393701	9.22571	1371.07	0
0.04	0.01	0.393701	9.88553	1309.02	0
0.04	0.01	0.393701	10.5925	1270.31	0
0.04	0.01	0.393701	11.3501	1231.5	0
0.04	0.01	0.393701	12.1619	1186.34	0
0.04	0.01	0.393701	13.0317	1146.13	0
0.04	0.01	0.393701	13.9637	1128.39	0
0.04	0.01	0.393701	14.9624	1119.13	0
0.04	0.01	0.393701	16.0325	1112.9	0
0.04	0.01	0.393701	17.1791	1123.25	0
0.04	0.01	0.393701	18.4077	1142.48	0
0.04	0.01	0.393701	19.7242	1146.22	0
0.04	0.01	0.393701	21.1349	1148.73	0
0.04	0.01	0.393701	22.6464	1138.42	0
0.04	0.01	0.393701	24.2661	1125.13	0
0.04	0.01	0.393701	26.0016	1118.02	0
0.04	0.01	0.393701	27.8612	1117.7	0
0.04	0.01	0.393701	29.8538	1116.52	0
0.04	0.01	0.393701	31.989	1123.95	0
0.04	0.01	0.393701	34.2768	1139.55	0
0.04	0.01	0.393701	36.7282	1165.01	0
0.04	0.01	0.393701	39.355	1181.27	0
0.04	0.01	0.393701	42.1697	1175.83	0
0.04	0.01	0.393701	45.1856	1160.98	0
0.04	0.01	0.393701	48.4172	1155.32	0
0.04	0.01	0.393701	51.88	1153.48	0
0.04	0.01	0.393701	55.5904	1146.6	0
0.04	0.01	0.393701	59.5662	1126.38	0
0.04	0.01	0.393701	63.8263	1118.57	0
0.04	0.01	0.393701	68.3912	1121.37	0
0.04	0.01	0.393701	73.2825	1123.52	0
0.04	0.01	0.393701	78.5236	1117.16	0
0.04	0.01	0.393701	84.1395	1116.69	0
0.04	0.01	0.393701	90.1571	1121.34	0
0.04	0.01	0.393701	96.6051	1122.73	0
0.04	0.01	0.430148	0.103514	0.00090676	0
0.04	0.01	0.430148	0.110917	0.00937505	0
0.04	0.01	0.430148	0.11885	0.0299971	0
0.04	0.01	0.430148	0.12735	0.0679064	0
0.04	0.01	0.430148	0.136458	0.12999	0
0.04	0.01	0.430148	0.146218	0.22543	0
0.04	0.01	0.430148	0.156675	0.3664	0
0.04	0.01	0.430148	0.16788	0.568954	0
0.04	0.01	0.430148	0.179887	0.854152	0
0.04	0.01	0.430148	0.192752	1.24948	0
0.04	0.01	0.430148	0.206538	1.79061	0
0.04	0.01	0.430148	0.221309	2.52359	0
0.04	0.01	0.430148	0.237137	3.50751	0
0.04	0.01	0.430148	0.254097	4.81769	0
0.04	0.01	0.430148	0.27227	6.54942	0
0.04	0.01	0.430148	0.291743	8.82234	0
0.04	0.01	0.430148	0.312608	11.7853	0
0.04	0.01	0.430148	0.334965	15.6213	0
0.04	0.01	0.430148	0.358922	20.5533	0
0.04	0.01	0.430148	0.384592	26.8483	0
0.04	0.01	0.430148	0.412098	34.8217	0
0.04	0.01	0.430148	0.44157	44.8384	0
0.04	0.01	0.430148	0.473151	57.3116	0
0.04	0.01	0.430148	0.506991	72.6961	0
0.04	0.01	0.430148	0.54325	91.476	0
0.04	0.01	0.430148	0.582103	114.145	0
0.04	0.01	0.430148	0.623735	141.181	0
0.04	0.01	0.430148	0.668344	173.006	0
0.04	0.01	0.430148	0.716143	209.956	0
0.04	0.01	0.430148	0.767361	252.231	0
0.04	0.01	0.430148	0.822243	299.865	0
0.04	0.01	0.430148	0.881049	352.695	0
0.04	0.01	0.430148	0.944061	410.336	0
0.04	0.01	0.430148	1.01158	472.173	0
0.04	0.01	0.430148	1.08393	537.339	0
0.04	0.01	0.430148	1.16145	604.689	0
0.04	0.01	0.430148	1.24451	672.756	0
0.04	0.01	0.430148	1.33352	739.729	0
0.04	0.01	0.430148	1.42889	803.498	0
0.04	0.01	0.430148	1.53109	861.862	0
0.04	0.01	0.430148	1.64059	912.93	0
0.04	0.01	0.430148	1.75792	955.651	0
0.04	0.01	0.430148	1.88365	990.204	0
0.04	0.01	0.430148	2.01837	1017.98	0
0.04	0.01	0.430148	2.16272	1041.09	0
0.04	0.01	0.430148	2.31739	1061.86	0
0.04	0.01	0.430148	2.48313	1082.92	0
0.04	0.01	0.430148	2.66073	1107.69	0
0.04	0.01	0.430148	2.85102	1139.81	0
0.04	0.01	0.430148	3.05492	1180.49	0
0.04	0.01	0.430148	3.27341	1226	0
0.04	0.01	0.430148	3.50752	1269.29	0
0.04	0.01	0.430148	3.75837	1304.45	0
0.04	0.01	0.430148	4.02717	1327.99	0
0.04	0.01	0.430148	4.31519	1340.29	0
0.04	0.01	0.430148	4.62381	1349.18	0
0.04	0.01	0.430148	4.9545	1361.9	0
0.04	0.01	0.430148	5.30884	1376.45	0
0.04	0.01	0.430148	5.68853	1388.75	0
0.04	0.01	0.430148	6.09537	1400.27	0
0.04	0.01	0.430148	6.53131	1423.64	0
0.04	0.01	0.430148	6.99842	1459.63	0
0.04	0.01	0.430148	7.49894	1484.14	0
0.04	0.01	0.430148	8.03526	1472.56	0
0.04	0.01	0.430148	8.60994	1431.41	0
0.04	0.01	0.430148	9.22571	1371.01	0
0.04	0.01	0.430148	9.88553	1308.97	0
0.04	0.01	0.430148	10.5925	1270.27	0
0.04	0.01	0.430148	11.3501	1231.47	0
0.04	0.01	0.430148	12.1619	1186.32	0
0.04	0.01	0.430148	13.0317	1146.11	0
0.04	0.01	0.430148	13.9637	1128.38	0
0.04	0.01	0.430148	14.9624	1119.11	0
0.04	0.01	0.430148	16.0325	1112.88	0
0.04	0.01	0.430148	17.1791	1123.23	0
0.04	0.01	0.430148	18.4077	1142.46	0
0.04	0.01	0.430148	19.7242	1146.21	0
0.04	0.01	0.430148	21.1349	1148.72	0
0.04	0.01	0.430148	22.6464	1138.41	0
0.04	0.01	0.430148	24.2661	1125.11	0
0.04	0.01	0.430148	26.0016	1118	0
0.04	0.01	0.430148	27.8612	1117.67	0
0.04	0.01	0.430148	29.8538	1116.48	0
0.04	0.01	0.430148	31.989	1123.91	0
0.04	0.01	0.430148	34.2768	1139.51	0
0.04	0.01	0.430148	36.7282	1164.97	0
0.04	0.01	0.430148	39.355	1181.24	0
0.04	0.01	0.430148	42.1697	1175.8	0
0.04	0.01	0.430148	45.1856	1160.96	0
0.04	0.01	0.430148	48.4172	1155.3	0
0.04	0.01	0.430148	51.88	1153.46	0
0.04	0.01	0.430148	55.5904	1146.58	0
0.04	0.01	0.430148	59.5662	1126.35	0
0.04	0.01	0.430148	63.8263	1118.54	0
0.04	0.01	0.430148	68.3912	1121.34	0
0.04	0.01	0.430148	73.2825	1123.49	0
0.04	0.01	0.430148	78.5236	1117.12	0
0.04	0.01	0.430148	84.1395	1116.66	0
0.04	0.01	0.430148	90.1571	1121.32	0
0.04	0.01	0.430148	96.6051	1122.7	0
0.04	0.01	0.469968	0.103514	0.000906739	0
0.04	0.01	0.469968	0.110917	0.00937495	0
0.04	0.01	0.469968	0.11885	0.0299969	0
0.04	0.01	0.469968	0.12735	0.067906	0
0.04	0.01	0.469968	0.136458	0.129989	0
0.04	0.01	0.469968	0.146218	0.225429	0
0.04	0.01	0.469968	0.156675	0.366399	0
0.04	0.01	0.469968	0.16788	0.568952	0
0.04	0.01	0.469968	0.179887	0.854149	0
0.04	0.01	0.469968	0.192752	1.24947	0
0.04	0.01	0.469968	0.206538	1.7906	0
0.04	0.01	0.469968	0.221309	2.52359	0
0.04	0.01	0.469968	0.237137	3.50751	0
0.04	0.01	0.469968	0.254097	4.81768	0
0.04	0.01	0.469968	0.27227	6.5494	0
0.04	0.01	0.469968	0.291743	8.82232	0
0.04	0.01	0.469968	0.312608	11.7852	0
0.04	0.01	0.469968	0.334965	15.6213	0
0.04	0.01	0.469968	0.358922	20.5532	0
0.04	0.01	0.469968	0.384592	26.8482	0
0.04	0.01	0.469968	0.412098	34.8216	0
0.04	0.01	0.469968	0.44157	44.8383	0
0.04	0.01	0.469968	0.473151	57.3115	0
0.04	0.01	0.469968	0.506991	72.6959	0
0.04	0.01	0.469968	0.54325	91.4758	0
0.04	0.01	0.469968	0.582103	114.145	0
0.04	0.01	0.469968	0.623735	141.18	0
0.04	0.01	0.469968	0.668344	173.005	0
0.04	0.01	0.469968	0.716143	209.955	0
0.04	0.01	0.469968	0.767361	252.23	0
0.04	0.01	0.469968	0.822243	299.864	0
0.04	0.01	0.469968	0.881049	352.693	0
0.04	0.01	0.469968	0.944061	410.334	0
0.04	0.01	0.469968	1.01158	472.17	0
0.04	0.01	0.469968	1.08393	537.335	0
0.04	0.01	0.469968	1.16145	604.684	0
0.04	0.01	0.469968	1.24451	672.75	0
0.04	0.01	0.469968	1.33352	739.722	0
0.04	0.01	0.469968	1.42889	803.489	0
0.04	0.01	0.469968	1.53109	861.851	0
0.04	0.01	0.469968	1.64059	912.917	0
0.04	0.01	0.469968	1.75792	955.635	0
0.04	0.01	0.469968	1.88365	990.185	0
0.04	0.01	0.469968	2.01837	1017.96	0
0.04	0.01	0.469968	2.16272	1041.06	0
0.04	0.01	0.469968	2.31739	1061.83	0
0.04	0.01	0.469968	2.48313	1082.89	0
0.04	0.01	0.469968	2.66073	1107.65	0
0.04	0.01	0.469968	2.85102	1139.77	0
0.04	0.01	0.469968	3.05492	1180.45	0
0.04	0.01	0.469968	3.27341	1225.96	0
0.04	0.01	0.469968	3.50752	1269.25	0
0.04	0.01	0.469968	3.75837	1304.42	0
0.04	0.01	0.469968	4.02717	1327.96	0
0.04	0.01	0.469968	4.31519	1340.27	0
0.04	0.01	0.469968	4.62381	1349.16	0
0.04	0.01	0.469968	4.9545	1361.89	0
0.04	0.01	0.469968	5.30884	1376.44	0
0.04	0.01	0.469968	5.68853	1388.72	0
0.04	0.01	0.469968	6.09537	1400.23	0
0.04	0.01	0.469968	6.53131	1423.58	0
0.04	0.01	0.469968	6.99842	1459.56	0
0.04	0.01	0.469968	7.49894	1484.06	0
0.04	0.01	0.469968	8.03526	1472.49	0
0.04	0.01	0.469968	8.60994	1431.34	0
0.04	0.01	0.469968	9.22571	1370.94	0
0.04	0.01	0.469968	9.88553	1308.92	0
0.04	0.01	0.469968	10.5925	1270.22	0
0.04	0.01	0.469968	11.3501	1231.43	0
0.04	0.01	0.469968	12.1619	1186.29	0
0.04	0.01	0.469968	13.0317	1146.1	0
0.04	0.01	0.469968	13.9637	1128.37	0
0.04	0.01	0.469968	14.9624	1119.1	0
0.04	0.01	0.469968	16.0325	1112.86	0
0.04	0.01	0.469968	17.1791	1123.21	0
0.04	0.01	0.469968	18.4077	1142.44	0
0.04	0.01	0.469968	19.7242	1146.19	0
0.04	0.01	0.469968	21.1349	1148.7	0
0.04	0.01	0.469968	22.6464	1138.39	0
0.04	0.01	0.469968	24.2661	1125.09	0
0.04	0.01	0.469968	26.0016	1117.97	0
0.04	0.01	0.469968	27.8612	1117.64	0
0.04	0.01	0.469968	29.8538	1116.45	0
0.04	0.01	0.469968	31.989	1123.88	0
0.04	0.01	0.469968	34.2768	1139.47	0
0.04	0.01	0.469968	36.7282	1164.93	0
0.04	0.01	0.469968	39.355	1181.21	0
0.04	0.01	0.469968	42.1697	1175.78	0
0.04	0.01	0.469968	45.1856	1160.94	0
0.04	0.01	0.469968	48.4172	1155.28	0
0.04	0.01	0.469968	51.88	1153.44	0
0.04	0.01	0.469968	55.5904	1146.54	0
0.04	0.01	0.469968	59.5662	1126.31	0
0.04	0.01	0.469968	63.8263	1118.51	0
0.04	0.01	0.469968	68.3912	1121.31	0
0.04	0.01	0.469968	73.2825	1123.46	0
0.04	0.01	0.469968	78.5236	1117.09	0
0.04	0.01	0.469968	84.1395	1116.62	0
0.04	0.01	0.469968	90.1571	1121.28	0
0.04	0.01	0.469968	96.6051	1122.68	0
0.04	0.01	0.513475	0.103514	0.000906717	0
0.04	0.01	0.513475	0.110917	0.00937485	0
0.04	0.01	0.513475	0.11885	0.0299967	0
0.04	0.01	0.513475	0.12735	0.0679056	0
0.04	0.01	0.513475	0.136458	0.129989	0
0.04	0.01	0.513475	0.146218	0.225428	0
0.04	0.01	0.513475	0.156675	0.366397	0
0.04	0.01	0.513475	0.16788	0.56895	0
0.04	0.01	0.513475	0.179887	0.854147	0
0.04	0.01	0.513475	0.192752	1.24947	0
0.04	0.01	0.513475	0.206538	1.7906	0
0.04	0.01	0.513475	0.221309	2.52358	0
0.04	0.01	0.513475	0.237137	3.5075	0
0.04	0.01	0.513475	0.254097	4.81766	0
0.04	0.01	0.513475	0.27227	6.54939	0
0.04	0.01	0.513475	0.291743	8.8223	0
0.04	0.01	0.513475	0.312608	11.7852	0
0.04	0.01	0.513475	0.334965	15.6212	0
0.04	0.01	0.513475	0.358922	20.5532	0
0.04	0.01	0.513475	0.384592	26.8482	0
0.04	0.01	0.513475	0.412098	34.8215	0
0.04	0.01	0.513475	0.44157	44.8382	0
0.04	0.01	0.513475	0.473151	57.3113	0
0.04	0.01	0.513475	0.506991	72.6957	0
0.04	0.01	0.513475	0.54325	91.4755	0
0.04	0.01	0.513475	0.582103	114.145	0
0.04	0.01	0.513475	0.623735	141.18	0
0.04	0.01	0.513475	0.668344	173.005	0
0.04	0.01	0.513475	0.716143	209.954	0
0.04	0.01	0.513475	0.767361	252.229	0
0.04	0.01	0.513475	0.822243	299.863	0
0.04	0.01	0.513475	0.881049	352.691	0
0.04	0.01	0.513475	0.944061	410.331	0
0.04	0.01	0.513475	1.01158	472.167	0
0.04	0.01	0.513475	1.08393	537.331	0
0.04	0.01	0.513475	1.16145	604.679	0
0.04	0.01	0.513475	1.24451	672.744	0
0.04	0.01	0.513475	1.33352	739.714	0
0.04	0.01	0.513475	1.42889	803.48	0
0.04	0.01	0.513475	1.53109	861.839	0
0.04	0.01	0.513475	1.64059	912.902	0
0.04	0.01	0.513475	1.75792	955.617	0
0.04	0.01	0.513475	1.88365	990.164	0
0.04	0.01	0.513475	2.01837	1017.93	0
0.04	0.01	0.513475	2.16272	1041.03	0
0.04	0.01	0.513475	2.31739	1061.8	0
0.04	0.01	0.513475	2.48313	1082.85	0
0.04	0.01	0.513475	2.66073	1107.61	0
0.04	0.01	0.513475	2.85102	1139.73	0
0.04	0.01	0.513475	3.05492	1180.41	0
0.04	0.01	0.513475	3.27341	1225.91	0
0.04	0.01	0.513475	3.50752	1269.21	0
0.04	0.01	0.513475	3.75837	1304.38	0
0.04	0.01	0.513475	4.02717	1327.93	0
0.04	0.01	0.513475	4.31519	1340.26	0
0.04	0.01	0.513475	4.62381	1349.15	0
0.04	0.01	0.513475	4.9545	1361.88	0
0.04	0.01	0.513475	5.30884	1376.42	0
0.04	0.01	0.513475	5.68853	1388.69	0
0.04	0.01	0.513475	6.09537	1400.18	0
0.04	0.01	0.513475	6.53131	1423.51	0
0.04	0.01	0.513475	6.99842	1459.48	0
0.04	0.01	0.513475	7.49894	1483.98	0
0.04	0.01	0.513475	8.03526	1472.4	0
0.04	0.01	0.513475	8.60994	1431.26	0
0.04	0.01	0.513475	9.22571	1370.87	0
0.04	0.01	0.513475	9.88553	1308.86	0
0.04	0.01	0.513475	10.5925	1270.17	0
0.04	0.01	0.513475	11.3501	1231.4	0
0.04	0.01	0.513475	12.1619	1186.27	0
0.04	0.01	0.513475	13.0317	1146.08	0
0.04	0.01	0.513475	13.9637	1128.36	0
0.04	0.01	0.513475	14.9624	1119.08	0
0.04	0.01	0.513475	16.0325	1112.84	0
0.04	0.01	0.513475	17.1791	1123.18	0
0.04	0.01	0.513475	18.4077	1142.42	0
0.04	0.01	0.513475	19.7242	1146.17	0
0.04	0.01	0.513475	21.1349	1148.68	0
0.04	0.01	0.513475	22.6464	1138.37	0
0.04	0.01	0.513475	24.2661	1125.07	0
0.04	0.01	0.513475	26.0016	1117.95	0
0.04	0.01	0.513475	27.8612	1117.61	0
0.04	0.01	0.513475	29.8538	1116.41	0
0.04	0.01	0.513475	31.989	1123.84	0
0.04	0.01	0.513475	34.2768	1139.43	0
0.04	0.01	0.513475	36.7282	1164.89	0
0.04	0.01	0.513475	39.355	1181.17	0
0.04	0.01	0.513475	42.1697	1175.75	0
0.04	0.01	0.513475	45.1856	1160.91	0
0.04	0.01	0.513475	48.4172	1155.26	0
0.04	0.01	0.513475	51.88	1153.41	0
0.04	0.01	0.513475	55.5904	1146.51	0
0.04	0.01	0.513475	59.5662	1126.28	0
0.04	0.01	0.513475	63.8263	1118.47	0
0.04	0.01	0.513475	68.3912	1121.27	0
0.04	0.01	0.513475	73.2825	1123.42	0
0.04	0.01	0.513475	78.5236	1117.05	0
0.04	0.01	0.513475	84.1395	1116.59	0
0.04	0.01	0.513475	90.1571	1121.25	0
0.04	0.01	0.513475	96.6051	1122.64	0
0.04	0.01	0.56101	0.103514	0.000906694	0
0.04	0.01	0.56101	0.110917	0.00937475	0
0.04	0.01	0.56101	0.11885	0.0299964	0
0.04	0.01	0.56101	0.12735	0.0679052	0
0.04	0.01	0.56101	0.136458	0.129988	0
0.04	0.01	0.56101	0.146218	0.225427	0
0.04	0.01	0.56101	0.156675	0.366396	0
0.04	0.01	0.56101	0.16788	0.568948	0
0.04	0.01	0.56101	0.179887	0.854144	0
0.04	0.01	0.56101	0.192752	1.24947	0
0.04	0.01	0.56101	0.206538	1.79059	0
0.04	0.01	0.56101	0.221309	2.52357	0
0.04	0.01	0.56101	0.237137	3.50748	0
0.04	0.01	0.56101	0.254097	4.81765	0
0.04	0.01	0.56101	0.27227	6.54937	0
0.04	0.01	0.56101	0.291743	8.82227	0
0.04	0.01	0.56101	0.312608	11.7852	0
0.04	0.01	0.56101	0.334965	15.6212	0
0.04	0.01	0.56101	0.358922	20.5531	0
0.04	0.01	0.56101	0.384592	26.8481	0
0.04	0.01	0.56101	0.412098	34.8214	0
0.04	0.01	0.56101	0.44157	44.838	0
0.04	0.01	0.56101	0.473151	57.3111	0
0.04	0.01	0.56101	0.506991	72.6954	0
0.04	0.01	0.56101	0.54325	91.4751	0
0.04	0.01	0.56101	0.582103	114.144	0
0.04	0.01	0.56101	0.623735	141.179	0
0.04	0.01	0.56101	0.668344	173.004	0
0.04	0.01	0.56101	0.716143	209.953	0
0.04	0.01	0.56101	0.767361	252.227	0
0.04	0.01	0.56101	0.822243	299.861	0
0.04	0.01	0.56101	0.881049	352.689	0
0.04	0.01	0.56101	0.944061	410.328	0
0.04	0.01	0.56101	1.01158	472.163	0
0.04	0.01	0.56101	1.08393	537.327	0
0.04	0.01	0.56101	1.16145	604.674	0
0.04	0.01	0.56101	1.24451	672.737	0
0.04	0.01	0.56101	1.33352	739.705	0
0.04	0.01	0.56101	1.42889	803.469	0
0.04	0.01	0.56101	1.53109	861.826	0
0.04	0.01	0.56101	1.64059	912.886	0
0.04	0.01	0.56101	1.75792	955.598	0
0.04	0.01	0.56101	1.88365	990.141	0
0.04	0.01	0.56101	2.01837	1017.91	0
0.04	0.01	0.56101	2.16272	1041	0
0.04	0.01	0.56101	2.31739	1061.76	0
0.04	0.01	0.56101	2.48313	1082.81	0
0.04	0.01	0.56101	2.66073	1107.57	0
0.04	0.01	0.56101	2.85102	1139.68	0
0.04	0.01	0.56101	3.05492	1180.36	0
0.04	0.01	0.56101	3.27341	1225.86	0
0.04	0.01	0.56101	3.50752	1269.17	0
0.04	0.01	0.56101	3.75837	1304.35	0
0.04	0.01	0.56101	4.02717	1327.9	0
0.04	0.01	0.56101	4.31519	1340.24	0
0.04	0.01	0.56101	4.62381	1349.14	0
0.04	0.01	0.56101	4.9545	1361.87	0
0.04	0.01	0.56101	5.30884	1376.4	0
0.04	0.01	0.56101	5.68853	1388.65	0
0.04	0.01	0.56101	6.09537	1400.13	0
0.04	0.01	0.56101	6.53131	1423.44	0
0.04	0.01	0.56101	6.99842	1459.39	0
0.04	0.01	0.56101	7.49894	1483.88	0
0.04	0.01	0.56101	8.03526	1472.31	0
0.04	0.01	0.56101	8.60994	1431.18	0
0.04	0.01	0.56101	9.22571	1370.8	0
0.04	0.01	0.56101	9.88553	1308.79	0
0.04	0.01	0.56101	10.5925	1270.12	0
0.04	0.01	0.56101	11.3501	1231.36	0
0.04	0.01	0.56101	12.1619	1186.25	0
0.04	0.01	0.56101	13.0317	1146.07	0
0.04	0.01	0.56101	13.9637	1128.34	0
0.04	0.01	0.56101	14.9624	1119.07	0
0.04	0.01	0.56101	16.0325	1112.82	0
0.04	0.01	0.56101	17.1791	1123.16	0
0.04	0.01	0.56101	18.4077	1142.4	0
0.04	0.01	0.56101	19.7242	1146.15	0
0.04	0.01	0.56101	21.1349	1148.67	0
0.04	0.01	0.56101	22.6464	1138.35	0
0.04	0.01	0.56101	24.2661	1125.04	0
0.04	0.01	0.56101	26.0016	1117.92	0
0.04	0.01	0.56101	27.8612	1117.57	0
0.04	0.01	0.56101	29.8538	1116.37	0
0.04	0.01	0.56101	31.989	1123.79	0
0.04	0.01	0.56101	34.2768	1139.38	0
0.04	0.01	0.56101	36.7282	1164.84	0
0.04	0.01	0.56101	39.355	1181.13	0
0.04	0.01	0.56101	42.1697	1175.71	0
0.04	0.01	0.56101	45.1856	1160.89	0
0.04	0.01	0.56101	48.4172	1155.24	0
0.04	0.01	0.56101	51.88	1153.38	0
0.04	0.01	0.56101	55.5904	1146.47	0
0.04	0.01	0.56101	59.5662	1126.24	0
0.04	0.01	0.56101	63.8263	1118.44	0
0.04	0.01	0.56101	68.3912	1121.24	0
0.04	0.01	0.56101	73.2825	1123.38	0
0.04	0.01	0.56101	78.5236	1117.02	0
0.04	0.01	0.56101	84.1395	1116.55	0
0.04	0.01	0.56101	90.1571	1121.21	0
0.04	0.01	0.56101	96.6051	1122.61	0
0.04	0.01	0.612945	0.103514	0.000906671	0
0.04	0.01	0.612945	0.110917	0.00937463	0
0.04	0.01	0.612945	0.11885	0.0299962	0
0.04	0.01	0.612945	0.12735	0.0679048	0
0.04	0.01	0.612945	0.136458	0.129987	0
0.04	0.01	0.612945	0.146218	0.225426	0
0.04	0.01	0.612945	0.156675	0.366394	0
0.04	0.01	0.612945	0.16788	0.568946	0
0.04	0.01	0.612945	0.179887	0.85414	0
0.04	0.01	0.612945	0.192752	1.24946	0
0.04	0.01	0.612945	0.206538	1.79059	0
0.04	0.01	0.612945	0.221309	2.52356	0
0.04	0.01	0.612945	0.237137	3.50747	0
0.04	0.01	0.612945	0.254097	4.81763	0
0.04	0.01	0.612945	0.27227	6.54934	0
0.04	0.01	0.612945	0.291743	8.82224	0
0.04	0.01	0.612945	0.312608	11.7851	0
0.04	0.01	0.612945	0.334965	15.6211	0
0.04	0.01	0.612945	0.358922	20.553	0
0.04	0.01	0.612945	0.384592	26.848	0
0.04	0.01	0.612945	0.412098	34.8213	0
0.04	0.01	0.612945	0.44157	44.8379	0
0.04	0.01	0.612945	0.473151	57.3109	0
0.04	0.01	0.612945	0.506991	72.6952	0
0.04	0.01	0.612945	0.54325	91.4748	0
0.04	0.01	0.612945	0.582103	114.144	0
0.04	0.01	0.612945	0.623735	141.178	0
0.04	0.01	0.612945	0.668344	173.003	0
0.04	0.01	0.612945	0.716143	209.952	0
0.04	0.01	0.612945	0.767361	252.226	0
0.04	0.01	0.612945	0.822243	299.859	0
0.04	0.01	0.612945	0.881049	352.687	0
0.04	0.01	0.612945	0.944061	410.326	0
0.04	0.01	0.612945	1.01158	472.16	0
0.04	0.01	0.612945	1.08393	537.322	0
0.04	0.01	0.612945	1.16145	604.668	0
0.04	0.01	0.612945	1.24451	672.73	0
0.04	0.01	0.612945	1.33352	739.696	0
0.04	0.01	0.612945	1.42889	803.457	0
0.04	0.01	0.612945	1.53109	861.812	0
0.04	0.01	0.612945	1.64059	912.869	0
0.04	0.01	0.612945	1.75792	955.577	0
0.04	0.01	0.612945	1.88365	990.116	0
0.04	0.01	0.612945	2.01837	1017.88	0
0.04	0.01	0.612945	2.16272	1040.97	0
0.04	0.01	0.612945	2.31739	1061.72	0
0.04	0.01	0.612945	2.48313	1082.77	0
0.04	0.01	0.612945	2.66073	1107.52	0
0.04	0.01	0.612945	2.85102	1139.63	0
0.04	0.01	0.612945	3.05492	1180.3	0
0.04	0.01	0.612945	3.27341	1225.81	0
0.04	0.01	0.612945	3.50752	1269.12	0
0.04	0.01	0.612945	3.75837	1304.3	0
0.04	0.01	0.612945	4.02717	1327.87	0
0.04	0.01	0.612945	4.31519	1340.22	0
0.04	0.01	0.612945	4.62381	1349.13	0
0.04	0.01	0.612945	4.9545	1361.86	0
0.04	0.01	0.612945	5.30884	1376.38	0
0.04	0.01	0.612945	5.68853	1388.62	0
0.04	0.01	0.612945	6.09537	1400.07	0
0.04	0.01	0.612945	6.53131	1423.36	0
0.04	0.01	0.612945	6.99842	1459.29	0
0.04	0.01	0.612945	7.49894	1483.78	0
0.04	0.01	0.612945	8.03526	1472.21	0
0.04	0.01	0.612945	8.60994	1431.09	0
0.04	0.01	0.612945	9.22571	1370.72	0
0.04	0.01	0.612945	9.88553	1308.72	0
0.04	0.01	0.612945	10.5925	1270.07	0
0.04	0.01	0.612945	11.3501	1231.32	0
0.04	0.01	0.612945	12.1619	1186.22	0
0.04	0.01	0.612945	13.0317	1146.05	0
0.04	0.01	0.612945	13.9637	1128.33	0
0.04	0.01	0.612945	14.9624	1119.05	0
0.04	0.01	0.612945	16.0325	1112.8	0
0.04	0.01	0.612945	17.1791	1123.13	0
0.04	0.01	0.612945	18.4077	1142.37	0
0.04	0.01	0.612945	19.7242	1146.13	0
0.04	0.01	0.612945	21.1349	1148.65	0
0.04	0.01	0.612945	22.6464	1138.33	0
0.04	0.01	0.612945	24.2661	1125.02	0
0.04	0.01	0.612945	26.0016	1117.89	0
0.04	0.01	0.612945	27.8612	1117.53	0
0.04	0.01	0.612945	29.8538	1116.33	0
0.04	0.01	0.612945	31.989	1123.74	0
0.04	0.01	0.612945	34.2768	1139.33	0
0.04	0.01	0.612945	36.7282	1164.79	0
0.04	0.01	0.612945	39.355	1181.08	0
0.04	0.01	0.612945	42.1697	1175.68	0
0.04	0.01	0.612945	45.1856	1160.86	0
0.04	0.01	0.612945	48.4172	1155.21	0
0.04	0.01	0.612945	51.88	1153.35	0
0.04	0.01	0.612945	55.5904	1146.43	0
0.04	0.01	0.612945	59.5662	1126.2	0
0.04	0.01	0.612945	63.8263	1118.4	0
0.04	0.01	0.612945	68.3912	1121.2	0
0.04	0.01	0.612945	73.2825	1123.34	0
0.04	0.01	0.612945	78.5236	1116.97	0
0.04	0.01	0.612945	84.1395	1116.51	0
0.04	0.01	0.612945	90.1571	1121.18	0
0.04	0.01	0.612945	96.6051	1122.57	0
0.04	0.01	0.669688	0.103514	0.000906648	0
0.04	0.01	0.669688	0.110917	0.00937451	0
0.04	0.01	0.669688	0.11885	0.0299959	0
0.04	0.01	0.669688	0.12735	0.0679043	0
0.04	0.01	0.669688	0.136458	0.129987	0
0.04	0.01	0.669688	0.146218	0.225425	0
0.04	0.01	0.669688	0.156675	0.366392	0
0.04	0.01	0.669688	0.16788	0.568943	0
0.04	0.01	0.669688	0.179887	0.854137	0
0.04	0.01	0.669688	0.192752	1.24946	0
0.04	0.01	0.669688	0.206538	1.79058	0
0.04	0.01	0.669688	0.221309	2.52355	0
0.04	0.01	0.669688	0.237137	3.50746	0
0.04	0.01	0.669688	0.254097	4.81762	0
0.04	0.01	0.669688	0.27227	6.54932	0
0.04	0.01	0.669688	0.291743	8.82221	0
0.04	0.01	0.669688	0.312608	11.7851	0
0.04	0.01	0.669688	0.334965	15.6211	0
0.04	0.01	0.669688	0.358922	20.553	0
0.04	0.01	0.669688	0.384592	26.8479	0
0.04	0.01	0.669688	0.412098	34.8211	0
0.04	0.01	0.669688	0.44157	44.8377	0
0.04	0.01	0.669688	0.473151	57.3107	0
0.04	0.01	0.669688	0.506991	72.6949	0
0.04	0.01	0.669688	0.54325	91.4744	0
0.04	0.01	0.669688	0.582103	114.143	0
0.04	0.01	0.669688	0.623735	141.178	0
0.04	0.01	0.669688	0.668344	173.002	0
0.04	0.01	0.669688	0.716143	209.951	0
0.04	0.01	0.669688	0.767361	252.225	0
0.04	0.01	0.669688	0.822243	299.857	0
0.04	0.01	0.669688	0.881049	352.684	0
0.04	0.01	0.669688	0.944061	410.322	0
0.04	0.01	0.669688	1.01158	472.156	0
0.04	0.01	0.669688	1.08393	537.317	0
0.04	0.01	0.669688	1.16145	604.661	0
0.04	0.01	0.669688	1.24451	672.721	0
0.04	0.01	0.669688	1.33352	739.686	0
0.04	0.01	0.669688	1.42889	803.445	0
0.04	0.01	0.669688	1.53109	861.796	0
0.04	0.01	0.669688	1.64059	912.85	0
0.04	0.01	0.669688	1.75792	955.554	0
0.04	0.01	0.669688	1.88365	990.089	0
0.04	0.01	0.669688	2.01837	1017.84	0
0.04	0.01	0.669688	2.16272	1040.93	0
0.04	0.01	0.669688	2.31739	1061.68	0
0.04	0.01	0.669688	2.48313	1082.72	0
0.04	0.01	0.669688	2.66073	1107.47	0
0.04	0.01	0.669688	2.85102	1139.57	0
0.04	0.01	0.669688	3.05492	1180.25	0
0.04	0.01	0.669688	3.27341	1225.75	0
0.04	0.01	0.669688	3.50752	1269.07	0
0.04	0.01	0.669688	3.75837	1304.26	0
0.04	0.01	0.669688	4.02717	1327.84	0
0.04	0.01	0.669688	4.31519	1340.2	0
0.04	0.01	0.669688	4.62381	1349.12	0
0.04	0.01	0.669688	4.9545	1361.85	0
0.04	0.01	0.669688	5.30884	1376.37	0
0.04	0.01	0.669688	5.68853	1388.58	0
0.04	0.01	0.669688	6.09537	1400.01	0
0.04	0.01	0.669688	6.53131	1423.27	0
0.04	0.01	0.669688	6.99842	1459.19	0
0.04	0.01	0.669688	7.49894	1483.67	0
0.04	0.01	0.669688	8.03526	1472.1	0
0.04	0.01	0.669688	8.60994	1430.99	0
0.04	0.01	0.669688	9.22571	1370.63	0
0.04	0.01	0.669688	9.88553	1308.65	0
0.04	0.01	0.669688	10.5925	1270.01	0
0.04	0.01	0.669688	11.3501	1231.27	0
0.04	0.01	0.669688	12.1619	1186.19	0
0.04	0.01	0.669688	13.0317	1146.03	0
0.04	0.01	0.669688	13.9637	1128.32	0
0.04	0.01	0.669688	14.9624	1119.03	0
0.04	0.01	0.669688	16.0325	1112.77	0
0.04	0.01	0.669688	17.1791	1123.1	0
0.04	0.01	0.669688	18.4077	1142.34	0
0.04	0.01	0.669688	19.7242	1146.11	0
0.04	0.01	0.669688	21.1349	1148.63	0
0.04	0.01	0.669688	22.6464	1138.3	0
0.04	0.01	0.669688	24.2661	1124.99	0
0.04	0.01	0.669688	26.0016	1117.85	0
0.04	0.01	0.669688	27.8612	1117.49	0
0.04	0.01	0.669688	29.8538	1116.28	0
0.04	0.01	0.669688	31.989	1123.69	0
0.04	0.01	0.669688	34.2768	1139.28	0
0.04	0.01	0.669688	36.7282	1164.74	0
0.04	0.01	0.669688	39.355	1181.03	0
0.04	0.01	0.669688	42.1697	1175.64	0
0.04	0.01	0.669688	45.1856	1160.83	0
0.04	0.01	0.669688	48.4172	1155.18	0
0.04	0.01	0.669688	51.88	1153.31	0
0.04	0.01	0.669688	55.5904	1146.39	0
0.04	0.01	0.669688	59.5662	1126.15	0
0.04	0.01	0.669688	63.8263	1118.35	0
0.04	0.01	0.669688	68.3912	1121.15	0
0.04	0.01	0.669688	73.2825	1123.3	0
0.04	0.01	0.669688	78.5236	1116.93	0
0.04	0.01	0.669688	84.1395	1116.46	0
0.04	0.01	0.669688	90.1571	1121.13	0
0.04	0.01	0.669688	96.6051	1122.54	0
