0.000104526	0.000104526	0.2	80	260.33	0
0.000104526	0.000114203	0.2	80	260.328	0
0.000104526	0.000124775	0.2	80	260.327	0
0.000104526	0.000136326	0.2	80	260.325	0
0.000104526	0.000148946	0.2	80	260.323	0
0.000104526	0.000162735	0.2	80	260.321	0
0.000104526	0.0001778	0.2	80	260.318	0
0.000104526	0.00019426	0.2	80	260.316	0
0.000104526	0.000212243	0.2	80	260.313	0
0.000104526	0.000231891	0.2	80	260.31	0
0.000104526	0.000253358	0.2	80	260.306	0
0.000104526	0.000276813	0.2	80	260.303	0
0.000104526	0.000302439	0.2	80	260.299	0
0.000104526	0.000330437	0.2	80	260.294	0
0.000104526	0.000361027	0.2	80	260.29	0
0.000104526	0.000394448	0.2	80	260.284	0
0.000104526	0.000430964	0.2	80	260.279	0
0.000104526	0.00047086	0.2	80	260.272	0
0.000104526	0.00051445	0.2	80	260.266	0
0.000104526	0.000562075	0.2	80	260.259	0
0.000104526	0.000614108	0.2	80	260.251	0
0.000104526	0.000670959	0.2	80	260.242	0
0.000104526	0.000733073	0.2	80	260.233	0
0.000104526	0.000800936	0.2	80	260.223	0
0.000104526	0.000875083	0.2	80	260.212	0
0.000104526	0.000956093	0.2	80	260.2	0
0.000104526	0.0010446	0.2	80	260.187	0
0.000104526	0.00114131	0.2	80	260.173	0
0.000104526	0.00124696	0.2	80	260.158	0
0.000104526	0.0013624	0.2	80	260.141	0
0.000104526	0.00148852	0.2	80	260.124	0
0.000104526	0.00162632	0.2	80	260.105	0
0.000104526	0.00177687	0.2	80	260.085	0
0.000104526	0.00194137	0.2	80	260.063	0
0.000104526	0.00212109	0.2	80	260.04	0
0.000104526	0.00231745	0.2	80	260.015	0
0.000104526	0.00253198	0.2	80	259.989	0
0.000104526	0.00276638	0.2	80	259.961	0
0.000104526	0.00302248	0.2	80	259.931	0
0.000104526	0.00330228	0.2	80	259.9	0
0.000104526	0.00360798	0.2	80	259.868	0
0.000104526	0.00394199	0.2	80	259.834	0
0.000104526	0.00430692	0.2	80	259.799	0
0.000104526	0.00470563	0.2	80	259.763	0
0.000104526	0.00514125	0.2	80	259.726	0
0.000104526	0.0056172	0.2	80	259.69	0
0.000104526	0.0061372	0.2	80	259.654	0
0.000104526	0.00670535	0.2	80	259.62	0
0.000104526	0.0073261	0.2	80	259.588	0
0.000104526	0.0080043	0.2	80	259.56	0
0.000104526	0.0087453	0.2	80	259.538	0
0.000104526	0.00955489	0.2	80	259.523	0
0.000104526	0.0104394	0.2	80	259.518	0
0.000104526	0.0114058	0.2	80	259.526	0
0.000104526	0.0124617	0.2	80	259.551	0
0.000104526	0.0136154	0.2	80	259.597	0
0.000104526	0.0148758	0.2	80	259.67	0
0.000104526	0.0162529	0.2	80	259.777	0
0.000104526	0.0177575	0.2	80	259.924	0
0.000104526	0.0194014	0.2	80	260.123	0
0.000104526	0.0211975	0.2	80	260.384	0
0.000104526	0.0231598	0.2	80	260.722	0
0.000104526	0.0253038	0.2	80	261.151	0
0.000104526	0.0276463	0.2	80	261.693	0
0.000104526	0.0302057	0.2	80	262.37	0
0.000104526	0.0330019	0.2	80	263.208	0
0.000104526	0.0360571	0.2	80	264.241	0
0.000104526	0.039395	0.2	80	265.505	0
0.000104526	0.043042	0.2	80	267.045	0
0.000104526	0.0470266	0.2	80	268.911	0
0.000104526	0.05138	0.2	80	271.165	0
0.000104526	0.0561365	0.2	80	273.873	0
0.000104526	0.0613333	0.2	80	277.117	0
0.000104526	0.0670111	0.2	80	280.987	0
0.000104526	0.0732147	0.2	80	285.587	0
0.000104526	0.0799925	0.2	80	291.034	0
0.000104526	0.0873977	0.2	80	297.458	0
0.000104526	0.0954885	0.2	80	305.004	0
0.000104526	0.104328	0.2	80	313.832	0
0.000104526	0.113986	0.2	80	324.113	0
0.000104526	0.124539	0.2	80	336.026	0
0.000104526	0.136068	0.2	80	349.757	0
0.000104526	0.148664	0.2	80	365.487	0
0.000104526	0.162426	0.2	80	383.388	0
0.000104526	0.177463	0.2	80	403.601	0
0.000104526	0.193892	0.2	80	426.221	0
0.000104526	0.211841	0.2	80	451.272	0
0.000104526	0.231452	0.2	80	478.667	0
0.000104526	0.252878	0.2	80	508.171	0
0.000104526	0.276288	0.2	80	539.343	0
0.000104526	0.301866	0.2	80	571.475	0
0.000104526	0.329811	0.2	80	603.517	0
0.000104526	0.360343	0.2	80	633.999	0
0.000104526	0.393701	0.2	80	660.949	0
0.000104526	0.430148	0.2	80	681.839	0
0.000104526	0.469968	0.2	80	693.554	0
0.000104526	0.513475	0.2	80	692.462	0
0.000104526	0.56101	0.2	80	674.624	0
0.000104526	0.612945	0.2	80	636.272	0
0.000104526	0.669688	0.2	80	574.711	0
0.000114203	0.000104526	0.2	80	260.314	0
0.000114203	0.000114203	0.2	80	260.312	0
0.000114203	0.000124775	0.2	80	260.311	0
0.000114203	0.000136326	0.2	80	260.309	0
0.000114203	0.000148946	0.2	80	260.306	0
0.000114203	0.000162735	0.2	80	260.304	0
0.000114203	0.0001778	0.2	80	260.302	0
0.000114203	0.00019426	0.2	80	260.299	0
0.000114203	0.000212243	0.2	80	260.296	0
0.000114203	0.000231891	0.2	80	260.292	0
0.000114203	0.000253358	0.2	80	260.289	0
0.000114203	0.000276813	0.2	80	260.285	0
0.000114203	0.000302439	0.2	80	260.28	0
0.000114203	0.000330437	0.2	80	260.276	0
0.000114203	0.000361027	0.2	80	260.271	0
0.000114203	0.000394448	0.2	80	260.265	0
0.000114203	0.000430964	0.2	80	260.259	0
0.000114203	0.00047086	0.2	80	260.252	0
0.000114203	0.00051445	0.2	80	260.245	0
0.000114203	0.000562075	0.2	80	260.237	0
0.000114203	0.000614108	0.2	80	260.229	0
0.000114203	0.000670959	0.2	80	260.22	0
0.000114203	0.000733073	0.2	80	260.21	0
0.000114203	0.000800936	0.2	80	260.199	0
0.000114203	0.000875083	0.2	80	260.187	0
0.000114203	0.000956093	0.2	80	260.174	0
0.000114203	0.0010446	0.2	80	260.16	0
0.000114203	0.00114131	0.2	80	260.145	0
0.000114203	0.00124696	0.2	80	260.129	0
0.000114203	0.0013624	0.2	80	260.111	0
0.000114203	0.00148852	0.2	80	260.093	0
0.000114203	0.00162632	0.2	80	260.072	0
0.000114203	0.00177687	0.2	80	260.05	0
0.000114203	0.00194137	0.2	80	260.027	0
0.000114203	0.00212109	0.2	80	260.001	0
0.000114203	0.00231745	0.2	80	259.974	0
0.000114203	0.00253198	0.2	80	259.946	0
0.000114203	0.00276638	0.2	80	259.915	0
0.000114203	0.00302248	0.2	80	259.883	0
0.000114203	0.00330228	0.2	80	259.848	0
0.000114203	0.00360798	0.2	80	259.812	0
0.000114203	0.00394199	0.2	80	259.775	0
0.000114203	0.00430692	0.2	80	259.736	0
0.000114203	0.00470563	0.2	80	259.695	0
0.000114203	0.00514125	0.2	80	259.654	0
0.000114203	0.0056172	0.2	80	259.612	0
0.000114203	0.0061372	0.2	80	259.571	0
0.000114203	0.00670535	0.2	80	259.53	0
0.000114203	0.0073261	0.2	80	259.491	0
0.000114203	0.0080043	0.2	80	259.456	0
0.000114203	0.0087453	0.2	80	259.425	0
0.000114203	0.00955489	0.2	80	259.401	0
0.000114203	0.0104394	0.2	80	259.387	0
0.000114203	0.0114058	0.2	80	259.384	0
0.000114203	0.0124617	0.2	80	259.397	0
0.000114203	0.0136154	0.2	80	259.431	0
0.000114203	0.0148758	0.2	80	259.49	0
0.000114203	0.0162529	0.2	80	259.581	0
0.000114203	0.0177575	0.2	80	259.712	0
0.000114203	0.0194014	0.2	80	259.892	0
0.000114203	0.0211975	0.2	80	260.134	0
0.000114203	0.0231598	0.2	80	260.449	0
0.000114203	0.0253038	0.2	80	260.856	0
0.000114203	0.0276463	0.2	80	261.372	0
0.000114203	0.0302057	0.2	80	262.02	0
0.000114203	0.0330019	0.2	80	262.828	0
0.000114203	0.0360571	0.2	80	263.827	0
0.000114203	0.039395	0.2	80	265.055	0
0.000114203	0.043042	0.2	80	266.555	0
0.000114203	0.0470266	0.2	80	268.378	0
0.000114203	0.05138	0.2	80	270.584	0
0.000114203	0.0561365	0.2	80	273.242	0
0.000114203	0.0613333	0.2	80	276.43	0
0.000114203	0.0670111	0.2	80	280.239	0
0.000114203	0.0732147	0.2	80	284.773	0
0.000114203	0.0799925	0.2	80	290.147	0
0.000114203	0.0873977	0.2	80	296.493	0
0.000114203	0.0954885	0.2	80	303.955	0
0.000114203	0.104328	0.2	80	312.691	0
0.000114203	0.113986	0.2	80	322.871	0
0.000114203	0.124539	0.2	80	334.676	0
0.000114203	0.136068	0.2	80	348.288	0
0.000114203	0.148664	0.2	80	363.891	0
0.000114203	0.162426	0.2	80	381.654	0
0.000114203	0.177463	0.2	80	401.717	0
0.000114203	0.193892	0.2	80	424.176	0
0.000114203	0.211841	0.2	80	449.052	0
0.000114203	0.231452	0.2	80	476.259	0
0.000114203	0.252878	0.2	80	505.559	0
0.000114203	0.276288	0.2	80	536.513	0
0.000114203	0.301866	0.2	80	568.41	0
0.000114203	0.329811	0.2	80	600.199	0
0.000114203	0.360343	0.2	80	630.409	0
0.000114203	0.393701	0.2	80	657.069	0
0.000114203	0.430148	0.2	80	677.647	0
0.000114203	0.469968	0.2	80	689.028	0
0.000114203	0.513475	0.2	80	687.58	0
0.000114203	0.56101	0.2	80	669.361	0
0.000114203	0.612945	0.2	80	630.602	0
0.000114203	0.669688	0.2	80	568.607	0
0.000124775	0.000104526	0.2	80	260.297	0
0.000124775	0.000114203	0.2	80	260.295	0
0.000124775	0.000124775	0.2	80	260.293	0
0.000124775	0.000136326	0.2	80	260.291	0
0.000124775	0.000148946	0.2	80	260.288	0
0.000124775	0.000162735	0.2	80	260.286	0
0.000124775	0.0001778	0.2	80	260.283	0
0.000124775	0.00019426	0.2	80	260.28	0
0.000124775	0.000212243	0.2	80	260.277	0
0.000124775	0.000231891	0.2	80	260.273	0
0.000124775	0.000253358	0.2	80	260.269	0
0.000124775	0.000276813	0.2	80	260.265	0
0.000124775	0.000302439	0.2	80	260.261	0
0.000124775	0.000330437	0.2	80	260.256	0
0.000124775	0.000361027	0.2	80	260.25	0
0.000124775	0.000394448	0.2	80	260.244	0
0.000124775	0.000430964	0.2	80	260.238	0
0.000124775	0.00047086	0.2	80	260.23	0
0.000124775	0.00051445	0.2	80	260.223	0
0.000124775	0.000562075	0.2	80	260.214	0
0.000124775	0.000614108	0.2	80	260.205	0
0.000124775	0.000670959	0.2	80	260.195	0
0.000124775	0.000733073	0.2	80	260.184	0
0.000124775	0.000800936	0.2	80	260.173	0
0.000124775	0.000875083	0.2	80	260.16	0
0.000124775	0.000956093	0.2	80	260.146	0
0.000124775	0.0010446	0.2	80	260.131	0
0.000124775	0.00114131	0.2	80	260.115	0
0.000124775	0.00124696	0.2	80	260.098	0
0.000124775	0.0013624	0.2	80	260.079	0
0.000124775	0.00148852	0.2	80	260.058	0
0.000124775	0.00162632	0.2	80	260.036	0
0.000124775	0.00177687	0.2	80	260.012	0
0.000124775	0.00194137	0.2	80	259.987	0
0.000124775	0.00212109	0.2	80	259.959	0
0.000124775	0.00231745	0.2	80	259.93	0
0.000124775	0.00253198	0.2	80	259.899	0
0.000124775	0.00276638	0.2	80	259.865	0
0.000124775	0.00302248	0.2	80	259.83	0
0.000124775	0.00330228	0.2	80	259.792	0
0.000124775	0.00360798	0.2	80	259.752	0
0.000124775	0.00394199	0.2	80	259.71	0
0.000124775	0.00430692	0.2	80	259.667	0
0.000124775	0.00470563	0.2	80	259.622	0
0.000124775	0.00514125	0.2	80	259.575	0
0.000124775	0.0056172	0.2	80	259.527	0
0.000124775	0.0061372	0.2	80	259.48	0
0.000124775	0.00670535	0.2	80	259.432	0
0.000124775	0.0073261	0.2	80	259.386	0
0.000124775	0.0080043	0.2	80	259.342	0
0.000124775	0.0087453	0.2	80	259.302	0
0.000124775	0.00955489	0.2	80	259.269	0
0.000124775	0.0104394	0.2	80	259.243	0
0.000124775	0.0114058	0.2	80	259.229	0
0.000124775	0.0124617	0.2	80	259.229	0
0.000124775	0.0136154	0.2	80	259.248	0
0.000124775	0.0148758	0.2	80	259.292	0
0.000124775	0.0162529	0.2	80	259.367	0
0.000124775	0.0177575	0.2	80	259.48	0
0.000124775	0.0194014	0.2	80	259.64	0
0.000124775	0.0211975	0.2	80	259.86	0
0.000124775	0.0231598	0.2	80	260.152	0
0.000124775	0.0253038	0.2	80	260.533	0
0.000124775	0.0276463	0.2	80	261.02	0
0.000124775	0.0302057	0.2	80	261.638	0
0.000124775	0.0330019	0.2	80	262.413	0
0.000124775	0.0360571	0.2	80	263.375	0
0.000124775	0.039395	0.2	80	264.563	0
0.000124775	0.043042	0.2	80	266.02	0
0.000124775	0.0470266	0.2	80	267.796	0
0.000124775	0.05138	0.2	80	269.951	0
0.000124775	0.0561365	0.2	80	272.553	0
0.000124775	0.0613333	0.2	80	275.68	0
0.000124775	0.0670111	0.2	80	279.423	0
0.000124775	0.0732147	0.2	80	283.885	0
0.000124775	0.0799925	0.2	80	289.181	0
0.000124775	0.0873977	0.2	80	295.442	0
0.000124775	0.0954885	0.2	80	302.811	0
0.000124775	0.104328	0.2	80	311.447	0
0.000124775	0.113986	0.2	80	321.518	0
0.000124775	0.124539	0.2	80	333.205	0
0.000124775	0.136068	0.2	80	346.69	0
0.000124775	0.148664	0.2	80	362.154	0
0.000124775	0.162426	0.2	80	379.767	0
0.000124775	0.177463	0.2	80	399.668	0
0.000124775	0.193892	0.2	80	421.952	0
0.000124775	0.211841	0.2	80	446.64	0
0.000124775	0.231452	0.2	80	473.643	0
0.000124775	0.252878	0.2	80	502.725	0
0.000124775	0.276288	0.2	80	533.443	0
0.000124775	0.301866	0.2	80	565.087	0
0.000124775	0.329811	0.2	80	596.605	0
0.000124775	0.360343	0.2	80	626.525	0
0.000124775	0.393701	0.2	80	652.875	0
0.000124775	0.430148	0.2	80	673.121	0
0.000124775	0.469968	0.2	80	684.149	0
0.000124775	0.513475	0.2	80	682.323	0
0.000124775	0.56101	0.2	80	663.704	0
0.000124775	0.612945	0.2	80	624.519	0
0.000124775	0.669688	0.2	80	562.07	0
0.000136326	0.000104526	0.2	80	260.278	0
0.000136326	0.000114203	0.2	80	260.276	0
0.000136326	0.000124775	0.2	80	260.274	0
0.000136326	0.000136326	0.2	80	260.271	0
0.000136326	0.000148946	0.2	80	260.269	0
0.000136326	0.000162735	0.2	80	260.266	0
0.000136326	0.0001778	0.2	80	260.263	0
0.000136326	0.00019426	0.2	80	260.26	0
0.000136326	0.000212243	0.2	80	260.256	0
0.000136326	0.000231891	0.2	80	260.253	0
0.000136326	0.000253358	0.2	80	260.248	0
0.000136326	0.000276813	0.2	80	260.244	0
0.000136326	0.000302439	0.2	80	260.239	0
0.000136326	0.000330437	0.2	80	260.233	0
0.000136326	0.000361027	0.2	80	260.228	0
0.000136326	0.000394448	0.2	80	260.221	0
0.000136326	0.000430964	0.2	80	260.214	0
0.000136326	0.00047086	0.2	80	260.207	0
0.000136326	0.00051445	0.2	80	260.198	0
0.000136326	0.000562075	0.2	80	260.189	0
0.000136326	0.000614108	0.2	80	260.179	0
0.000136326	0.000670959	0.2	80	260.169	0
0.000136326	0.000733073	0.2	80	260.157	0
0.000136326	0.000800936	0.2	80	260.144	0
0.000136326	0.000875083	0.2	80	260.131	0
0.000136326	0.000956093	0.2	80	260.116	0
0.000136326	0.0010446	0.2	80	260.1	0
0.000136326	0.00114131	0.2	80	260.082	0
0.000136326	0.00124696	0.2	80	260.063	0
0.000136326	0.0013624	0.2	80	260.043	0
0.000136326	0.00148852	0.2	80	260.021	0
0.000136326	0.00162632	0.2	80	259.997	0
0.000136326	0.00177687	0.2	80	259.971	0
0.000136326	0.00194137	0.2	80	259.943	0
0.000136326	0.00212109	0.2	80	259.913	0
0.000136326	0.00231745	0.2	80	259.881	0
0.000136326	0.00253198	0.2	80	259.847	0
0.000136326	0.00276638	0.2	80	259.81	0
0.000136326	0.00302248	0.2	80	259.771	0
0.000136326	0.00330228	0.2	80	259.73	0
0.000136326	0.00360798	0.2	80	259.686	0
0.000136326	0.00394199	0.2	80	259.64	0
0.000136326	0.00430692	0.2	80	259.592	0
0.000136326	0.00470563	0.2	80	259.541	0
0.000136326	0.00514125	0.2	80	259.489	0
0.000136326	0.0056172	0.2	80	259.435	0
0.000136326	0.0061372	0.2	80	259.38	0
0.000136326	0.00670535	0.2	80	259.325	0
0.000136326	0.0073261	0.2	80	259.27	0
0.000136326	0.0080043	0.2	80	259.218	0
0.000136326	0.0087453	0.2	80	259.168	0
0.000136326	0.00955489	0.2	80	259.124	0
0.000136326	0.0104394	0.2	80	259.086	0
0.000136326	0.0114058	0.2	80	259.059	0
0.000136326	0.0124617	0.2	80	259.046	0
0.000136326	0.0136154	0.2	80	259.05	0
0.000136326	0.0148758	0.2	80	259.077	0
0.000136326	0.0162529	0.2	80	259.133	0
0.000136326	0.0177575	0.2	80	259.226	0
0.000136326	0.0194014	0.2	80	259.365	0
0.000136326	0.0211975	0.2	80	259.561	0
0.000136326	0.0231598	0.2	80	259.828	0
0.000136326	0.0253038	0.2	80	260.18	0
0.000136326	0.0276463	0.2	80	260.637	0
0.000136326	0.0302057	0.2	80	261.221	0
0.000136326	0.0330019	0.2	80	261.959	0
0.000136326	0.0360571	0.2	80	262.882	0
0.000136326	0.039395	0.2	80	264.027	0
0.000136326	0.043042	0.2	80	265.437	0
0.000136326	0.0470266	0.2	80	267.162	0
0.000136326	0.05138	0.2	80	269.261	0
0.000136326	0.0561365	0.2	80	271.801	0
0.000136326	0.0613333	0.2	80	274.862	0
0.000136326	0.0670111	0.2	80	278.533	0
0.000136326	0.0732147	0.2	80	282.917	0
0.000136326	0.0799925	0.2	80	288.128	0
0.000136326	0.0873977	0.2	80	294.296	0
0.000136326	0.0954885	0.2	80	301.565	0
0.000136326	0.104328	0.2	80	310.092	0
0.000136326	0.113986	0.2	80	320.045	0
0.000136326	0.124539	0.2	80	331.603	0
0.000136326	0.136068	0.2	80	344.95	0
0.000136326	0.148664	0.2	80	360.264	0
0.000136326	0.162426	0.2	80	377.715	0
0.000136326	0.177463	0.2	80	397.441	0
0.000136326	0.193892	0.2	80	419.536	0
0.000136326	0.211841	0.2	80	444.02	0
0.000136326	0.231452	0.2	80	470.804	0
0.000136326	0.252878	0.2	80	499.651	0
0.000136326	0.276288	0.2	80	530.116	0
0.000136326	0.301866	0.2	80	561.489	0
0.000136326	0.329811	0.2	80	592.717	0
0.000136326	0.360343	0.2	80	622.327	0
0.000136326	0.393701	0.2	80	648.346	0
0.000136326	0.430148	0.2	80	668.241	0
0.000136326	0.469968	0.2	80	678.895	0
0.000136326	0.513475	0.2	80	676.673	0
0.000136326	0.56101	0.2	80	657.633	0
0.000136326	0.612945	0.2	80	618.003	0
0.000136326	0.669688	0.2	80	555.085	0
0.000148946	0.000104526	0.2	80	260.257	0
0.000148946	0.000114203	0.2	80	260.255	0
0.000148946	0.000124775	0.2	80	260.252	0
0.000148946	0.000136326	0.2	80	260.25	0
0.000148946	0.000148946	0.2	80	260.247	0
0.000148946	0.000162735	0.2	80	260.244	0
0.000148946	0.0001778	0.2	80	260.241	0
0.000148946	0.00019426	0.2	80	260.238	0
0.000148946	0.000212243	0.2	80	260.234	0
0.000148946	0.000231891	0.2	80	260.23	0
0.000148946	0.000253358	0.2	80	260.225	0
0.000148946	0.000276813	0.2	80	260.221	0
0.000148946	0.000302439	0.2	80	260.215	0
0.000148946	0.000330437	0.2	80	260.209	0
0.000148946	0.000361027	0.2	80	260.203	0
0.000148946	0.000394448	0.2	80	260.196	0
0.000148946	0.000430964	0.2	80	260.189	0
0.000148946	0.00047086	0.2	80	260.18	0
0.000148946	0.00051445	0.2	80	260.171	0
0.000148946	0.000562075	0.2	80	260.162	0
0.000148946	0.000614108	0.2	80	260.151	0
0.000148946	0.000670959	0.2	80	260.14	0
0.000148946	0.000733073	0.2	80	260.127	0
0.000148946	0.000800936	0.2	80	260.113	0
0.000148946	0.000875083	0.2	80	260.099	0
0.000148946	0.000956093	0.2	80	260.083	0
0.000148946	0.0010446	0.2	80	260.065	0
0.000148946	0.00114131	0.2	80	260.046	0
0.000148946	0.00124696	0.2	80	260.026	0
0.000148946	0.0013624	0.2	80	260.004	0
0.000148946	0.00148852	0.2	80	259.98	0
0.000148946	0.00162632	0.2	80	259.954	0
0.000148946	0.00177687	0.2	80	259.926	0
0.000148946	0.00194137	0.2	80	259.896	0
0.000148946	0.00212109	0.2	80	259.863	0
0.000148946	0.00231745	0.2	80	259.828	0
0.000148946	0.00253198	0.2	80	259.791	0
0.000148946	0.00276638	0.2	80	259.751	0
0.000148946	0.00302248	0.2	80	259.708	0
0.000148946	0.00330228	0.2	80	259.663	0
0.000148946	0.00360798	0.2	80	259.614	0
0.000148946	0.00394199	0.2	80	259.563	0
0.000148946	0.00430692	0.2	80	259.509	0
0.000148946	0.00470563	0.2	80	259.453	0
0.000148946	0.00514125	0.2	80	259.394	0
0.000148946	0.0056172	0.2	80	259.334	0
0.000148946	0.0061372	0.2	80	259.271	0
0.000148946	0.00670535	0.2	80	259.208	0
0.000148946	0.0073261	0.2	80	259.144	0
0.000148946	0.0080043	0.2	80	259.082	0
0.000148946	0.0087453	0.2	80	259.022	0
0.000148946	0.00955489	0.2	80	258.965	0
0.000148946	0.0104394	0.2	80	258.915	0
0.000148946	0.0114058	0.2	80	258.874	0
0.000148946	0.0124617	0.2	80	258.845	0
0.000148946	0.0136154	0.2	80	258.833	0
0.000148946	0.0148758	0.2	80	258.841	0
0.000148946	0.0162529	0.2	80	258.878	0
0.000148946	0.0177575	0.2	80	258.949	0
0.000148946	0.0194014	0.2	80	259.065	0
0.000148946	0.0211975	0.2	80	259.235	0
0.000148946	0.0231598	0.2	80	259.473	0
0.000148946	0.0253038	0.2	80	259.795	0
0.000148946	0.0276463	0.2	80	260.219	0
0.000148946	0.0302057	0.2	80	260.766	0
0.000148946	0.0330019	0.2	80	261.465	0
0.000148946	0.0360571	0.2	80	262.344	0
0.000148946	0.039395	0.2	80	263.442	0
0.000148946	0.043042	0.2	80	264.8	0
0.000148946	0.0470266	0.2	80	266.469	0
0.000148946	0.05138	0.2	80	268.507	0
0.000148946	0.0561365	0.2	80	270.981	0
0.000148946	0.0613333	0.2	80	273.97	0
0.000148946	0.0670111	0.2	80	277.563	0
0.000148946	0.0732147	0.2	80	281.861	0
0.000148946	0.0799925	0.2	80	286.98	0
0.000148946	0.0873977	0.2	80	293.047	0
0.000148946	0.0954885	0.2	80	300.207	0
0.000148946	0.104328	0.2	80	308.615	0
0.000148946	0.113986	0.2	80	318.441	0
0.000148946	0.124539	0.2	80	329.86	0
0.000148946	0.136068	0.2	80	343.056	0
0.000148946	0.148664	0.2	80	358.208	0
0.000148946	0.162426	0.2	80	375.483	0
0.000148946	0.177463	0.2	80	395.021	0
0.000148946	0.193892	0.2	80	416.912	0
0.000148946	0.211841	0.2	80	441.177	0
0.000148946	0.231452	0.2	80	467.725	0
0.000148946	0.252878	0.2	80	496.319	0
0.000148946	0.276288	0.2	80	526.513	0
0.000148946	0.301866	0.2	80	557.596	0
0.000148946	0.329811	0.2	80	588.515	0
0.000148946	0.360343	0.2	80	617.795	0
0.000148946	0.393701	0.2	80	643.464	0
0.000148946	0.430148	0.2	80	662.987	0
0.000148946	0.469968	0.2	80	673.247	0
0.000148946	0.513475	0.2	80	670.61	0
0.000148946	0.56101	0.2	80	651.132	0
0.000148946	0.612945	0.2	80	611.042	0
0.000148946	0.669688	0.2	80	547.641	0
0.000162735	0.000104526	0.2	80	260.234	0
0.000162735	0.000114203	0.2	80	260.232	0
0.000162735	0.000124775	0.2	80	260.229	0
0.000162735	0.000136326	0.2	80	260.227	0
0.000162735	0.000148946	0.2	80	260.224	0
0.000162735	0.000162735	0.2	80	260.221	0
0.000162735	0.0001778	0.2	80	260.217	0
0.000162735	0.00019426	0.2	80	260.214	0
0.000162735	0.000212243	0.2	80	260.21	0
0.000162735	0.000231891	0.2	80	260.205	0
0.000162735	0.000253358	0.2	80	260.2	0
0.000162735	0.000276813	0.2	80	260.195	0
0.000162735	0.000302439	0.2	80	260.189	0
0.000162735	0.000330437	0.2	80	260.183	0
0.000162735	0.000361027	0.2	80	260.176	0
0.000162735	0.000394448	0.2	80	260.169	0
0.000162735	0.000430964	0.2	80	260.161	0
0.000162735	0.00047086	0.2	80	260.152	0
0.000162735	0.00051445	0.2	80	260.142	0
0.000162735	0.000562075	0.2	80	260.132	0
0.000162735	0.000614108	0.2	80	260.12	0
0.000162735	0.000670959	0.2	80	260.108	0
0.000162735	0.000733073	0.2	80	260.094	0
0.000162735	0.000800936	0.2	80	260.08	0
0.000162735	0.000875083	0.2	80	260.064	0
0.000162735	0.000956093	0.2	80	260.046	0
0.000162735	0.0010446	0.2	80	260.027	0
0.000162735	0.00114131	0.2	80	260.007	0
0.000162735	0.00124696	0.2	80	259.985	0
0.000162735	0.0013624	0.2	80	259.961	0
0.000162735	0.00148852	0.2	80	259.935	0
0.000162735	0.00162632	0.2	80	259.907	0
0.000162735	0.00177687	0.2	80	259.876	0
0.000162735	0.00194137	0.2	80	259.843	0
0.000162735	0.00212109	0.2	80	259.808	0
0.000162735	0.00231745	0.2	80	259.77	0
0.000162735	0.00253198	0.2	80	259.729	0
0.000162735	0.00276638	0.2	80	259.686	0
0.000162735	0.00302248	0.2	80	259.639	0
0.000162735	0.00330228	0.2	80	259.589	0
0.000162735	0.00360798	0.2	80	259.536	0
0.000162735	0.00394199	0.2	80	259.479	0
0.000162735	0.00430692	0.2	80	259.42	0
0.000162735	0.00470563	0.2	80	259.357	0
0.000162735	0.00514125	0.2	80	259.291	0
0.000162735	0.0056172	0.2	80	259.223	0
0.000162735	0.0061372	0.2	80	259.152	0
0.000162735	0.00670535	0.2	80	259.08	0
0.000162735	0.0073261	0.2	80	259.007	0
0.000162735	0.0080043	0.2	80	258.933	0
0.000162735	0.0087453	0.2	80	258.861	0
0.000162735	0.00955489	0.2	80	258.792	0
0.000162735	0.0104394	0.2	80	258.728	0
0.000162735	0.0114058	0.2	80	258.672	0
0.000162735	0.0124617	0.2	80	258.626	0
0.000162735	0.0136154	0.2	80	258.595	0
0.000162735	0.0148758	0.2	80	258.584	0
0.000162735	0.0162529	0.2	80	258.599	0
0.000162735	0.0177575	0.2	80	258.647	0
0.000162735	0.0194014	0.2	80	258.737	0
0.000162735	0.0211975	0.2	80	258.879	0
0.000162735	0.0231598	0.2	80	259.086	0
0.000162735	0.0253038	0.2	80	259.374	0
0.000162735	0.0276463	0.2	80	259.762	0
0.000162735	0.0302057	0.2	80	260.27	0
0.000162735	0.0330019	0.2	80	260.925	0
0.000162735	0.0360571	0.2	80	261.757	0
0.000162735	0.039395	0.2	80	262.803	0
0.000162735	0.043042	0.2	80	264.105	0
0.000162735	0.0470266	0.2	80	265.713	0
0.000162735	0.05138	0.2	80	267.685	0
0.000162735	0.0561365	0.2	80	270.087	0
0.000162735	0.0613333	0.2	80	272.998	0
0.000162735	0.0670111	0.2	80	276.505	0
0.000162735	0.0732147	0.2	80	280.71	0
0.000162735	0.0799925	0.2	80	285.728	0
0.000162735	0.0873977	0.2	80	291.687	0
0.000162735	0.0954885	0.2	80	298.728	0
0.000162735	0.104328	0.2	80	307.008	0
0.000162735	0.113986	0.2	80	316.694	0
0.000162735	0.124539	0.2	80	327.963	0
0.000162735	0.136068	0.2	80	340.997	0
0.000162735	0.148664	0.2	80	355.973	0
0.000162735	0.162426	0.2	80	373.059	0
0.000162735	0.177463	0.2	80	392.392	0
0.000162735	0.193892	0.2	80	414.064	0
0.000162735	0.211841	0.2	80	438.092	0
0.000162735	0.231452	0.2	80	464.388	0
0.000162735	0.252878	0.2	80	492.71	0
0.000162735	0.276288	0.2	80	522.614	0
0.000162735	0.301866	0.2	80	553.388	0
0.000162735	0.329811	0.2	80	583.978	0
0.000162735	0.360343	0.2	80	612.909	0
0.000162735	0.393701	0.2	80	638.207	0
0.000162735	0.430148	0.2	80	657.339	0
0.000162735	0.469968	0.2	80	667.187	0
0.000162735	0.513475	0.2	80	664.117	0
0.000162735	0.56101	0.2	80	644.187	0
0.000162735	0.612945	0.2	80	603.624	0
0.000162735	0.669688	0.2	80	539.731	0
0.0001778	0.000104526	0.2	80	260.209	0
0.0001778	0.000114203	0.2	80	260.207	0
0.0001778	0.000124775	0.2	80	260.204	0
0.0001778	0.000136326	0.2	80	260.201	0
0.0001778	0.000148946	0.2	80	260.198	0
0.0001778	0.000162735	0.2	80	260.195	0
0.0001778	0.0001778	0.2	80	260.191	0
0.0001778	0.00019426	0.2	80	260.187	0
0.0001778	0.000212243	0.2	80	260.183	0
0.0001778	0.000231891	0.2	80	260.178	0
0.0001778	0.000253358	0.2	80	260.173	0
0.0001778	0.000276813	0.2	80	260.167	0
0.0001778	0.000302439	0.2	80	260.161	0
0.0001778	0.000330437	0.2	80	260.154	0
0.0001778	0.000361027	0.2	80	260.147	0
0.0001778	0.000394448	0.2	80	260.139	0
0.0001778	0.000430964	0.2	80	260.13	0
0.0001778	0.00047086	0.2	80	260.121	0
0.0001778	0.00051445	0.2	80	260.11	0
0.0001778	0.000562075	0.2	80	260.099	0
0.0001778	0.000614108	0.2	80	260.086	0
0.0001778	0.000670959	0.2	80	260.073	0
0.0001778	0.000733073	0.2	80	260.058	0
0.0001778	0.000800936	0.2	80	260.043	0
0.0001778	0.000875083	0.2	80	260.025	0
0.0001778	0.000956093	0.2	80	260.007	0
0.0001778	0.0010446	0.2	80	259.986	0
0.0001778	0.00114131	0.2	80	259.964	0
0.0001778	0.00124696	0.2	80	259.94	0
0.0001778	0.0013624	0.2	80	259.914	0
0.0001778	0.00148852	0.2	80	259.886	0
0.0001778	0.00162632	0.2	80	259.855	0
0.0001778	0.00177687	0.2	80	259.822	0
0.0001778	0.00194137	0.2	80	259.787	0
0.0001778	0.00212109	0.2	80	259.748	0
0.0001778	0.00231745	0.2	80	259.707	0
0.0001778	0.00253198	0.2	80	259.662	0
0.0001778	0.00276638	0.2	80	259.614	0
0.0001778	0.00302248	0.2	80	259.563	0
0.0001778	0.00330228	0.2	80	259.508	0
0.0001778	0.00360798	0.2	80	259.45	0
0.0001778	0.00394199	0.2	80	259.388	0
0.0001778	0.00430692	0.2	80	259.322	0
0.0001778	0.00470563	0.2	80	259.252	0
0.0001778	0.00514125	0.2	80	259.179	0
0.0001778	0.0056172	0.2	80	259.102	0
0.0001778	0.0061372	0.2	80	259.023	0
0.0001778	0.00670535	0.2	80	258.94	0
0.0001778	0.0073261	0.2	80	258.856	0
0.0001778	0.0080043	0.2	80	258.771	0
0.0001778	0.0087453	0.2	80	258.686	0
0.0001778	0.00955489	0.2	80	258.603	0
0.0001778	0.0104394	0.2	80	258.524	0
0.0001778	0.0114058	0.2	80	258.451	0
0.0001778	0.0124617	0.2	80	258.387	0
0.0001778	0.0136154	0.2	80	258.337	0
0.0001778	0.0148758	0.2	80	258.304	0
0.0001778	0.0162529	0.2	80	258.295	0
0.0001778	0.0177575	0.2	80	258.317	0
0.0001778	0.0194014	0.2	80	258.378	0
0.0001778	0.0211975	0.2	80	258.49	0
0.0001778	0.0231598	0.2	80	258.664	0
0.0001778	0.0253038	0.2	80	258.916	0
0.0001778	0.0276463	0.2	80	259.263	0
0.0001778	0.0302057	0.2	80	259.728	0
0.0001778	0.0330019	0.2	80	260.335	0
0.0001778	0.0360571	0.2	80	261.116	0
0.0001778	0.039395	0.2	80	262.106	0
0.0001778	0.043042	0.2	80	263.348	0
0.0001778	0.0470266	0.2	80	264.889	0
0.0001778	0.05138	0.2	80	266.789	0
0.0001778	0.0561365	0.2	80	269.112	0
0.0001778	0.0613333	0.2	80	271.937	0
0.0001778	0.0670111	0.2	80	275.352	0
0.0001778	0.0732147	0.2	80	279.456	0
0.0001778	0.0799925	0.2	80	284.365	0
0.0001778	0.0873977	0.2	80	290.205	0
0.0001778	0.0954885	0.2	80	297.118	0
0.0001778	0.104328	0.2	80	305.258	0
0.0001778	0.113986	0.2	80	314.794	0
0.0001778	0.124539	0.2	80	325.9	0
0.0001778	0.136068	0.2	80	338.758	0
0.0001778	0.148664	0.2	80	353.545	0
0.0001778	0.162426	0.2	80	370.426	0
0.0001778	0.177463	0.2	80	389.539	0
0.0001778	0.193892	0.2	80	410.975	0
0.0001778	0.211841	0.2	80	434.75	0
0.0001778	0.231452	0.2	80	460.774	0
0.0001778	0.252878	0.2	80	488.806	0
0.0001778	0.276288	0.2	80	518.401	0
0.0001778	0.301866	0.2	80	548.846	0
0.0001778	0.329811	0.2	80	579.086	0
0.0001778	0.360343	0.2	80	607.647	0
0.0001778	0.393701	0.2	80	632.556	0
0.0001778	0.430148	0.2	80	651.278	0
0.0001778	0.469968	0.2	80	660.698	0
0.0001778	0.513475	0.2	80	657.18	0
0.0001778	0.56101	0.2	80	636.786	0
0.0001778	0.612945	0.2	80	595.744	0
0.0001778	0.669688	0.2	80	531.357	0
0.00019426	0.000104526	0.2	80	260.182	0
0.00019426	0.000114203	0.2	80	260.179	0
0.00019426	0.000124775	0.2	80	260.177	0
0.00019426	0.000136326	0.2	80	260.174	0
0.00019426	0.000148946	0.2	80	260.17	0
0.00019426	0.000162735	0.2	80	260.167	0
0.00019426	0.0001778	0.2	80	260.163	0
0.00019426	0.00019426	0.2	80	260.158	0
0.00019426	0.000212243	0.2	80	260.154	0
0.00019426	0.000231891	0.2	80	260.149	0
0.00019426	0.000253358	0.2	80	260.143	0
0.00019426	0.000276813	0.2	80	260.137	0
0.00019426	0.000302439	0.2	80	260.13	0
0.00019426	0.000330437	0.2	80	260.123	0
0.00019426	0.000361027	0.2	80	260.115	0
0.00019426	0.000394448	0.2	80	260.106	0
0.00019426	0.000430964	0.2	80	260.097	0
0.00019426	0.00047086	0.2	80	260.086	0
0.00019426	0.00051445	0.2	80	260.075	0
0.00019426	0.000562075	0.2	80	260.063	0
0.00019426	0.000614108	0.2	80	260.05	0
0.00019426	0.000670959	0.2	80	260.035	0
0.00019426	0.000733073	0.2	80	260.019	0
0.00019426	0.000800936	0.2	80	260.002	0
0.00019426	0.000875083	0.2	80	259.983	0
0.00019426	0.000956093	0.2	80	259.963	0
0.00019426	0.0010446	0.2	80	259.941	0
0.00019426	0.00114131	0.2	80	259.917	0
0.00019426	0.00124696	0.2	80	259.891	0
0.00019426	0.0013624	0.2	80	259.863	0
0.00019426	0.00148852	0.2	80	259.832	0
0.00019426	0.00162632	0.2	80	259.799	0
0.00019426	0.00177687	0.2	80	259.763	0
0.00019426	0.00194137	0.2	80	259.725	0
0.00019426	0.00212109	0.2	80	259.683	0
0.00019426	0.00231745	0.2	80	259.638	0
0.00019426	0.00253198	0.2	80	259.589	0
0.00019426	0.00276638	0.2	80	259.537	0
0.00019426	0.00302248	0.2	80	259.48	0
0.00019426	0.00330228	0.2	80	259.42	0
0.00019426	0.00360798	0.2	80	259.356	0
0.00019426	0.00394199	0.2	80	259.288	0
0.00019426	0.00430692	0.2	80	259.215	0
0.00019426	0.00470563	0.2	80	259.138	0
0.00019426	0.00514125	0.2	80	259.056	0
0.00019426	0.0056172	0.2	80	258.97	0
0.00019426	0.0061372	0.2	80	258.881	0
0.00019426	0.00670535	0.2	80	258.788	0
0.00019426	0.0073261	0.2	80	258.692	0
0.00019426	0.0080043	0.2	80	258.594	0
0.00019426	0.0087453	0.2	80	258.495	0
0.00019426	0.00955489	0.2	80	258.397	0
0.00019426	0.0104394	0.2	80	258.301	0
0.00019426	0.0114058	0.2	80	258.21	0
0.00019426	0.0124617	0.2	80	258.126	0
0.00019426	0.0136154	0.2	80	258.054	0
0.00019426	0.0148758	0.2	80	257.997	0
0.00019426	0.0162529	0.2	80	257.963	0
0.00019426	0.0177575	0.2	80	257.957	0
0.00019426	0.0194014	0.2	80	257.987	0
0.00019426	0.0211975	0.2	80	258.065	0
0.00019426	0.0231598	0.2	80	258.203	0
0.00019426	0.0253038	0.2	80	258.415	0
0.00019426	0.0276463	0.2	80	258.719	0
0.00019426	0.0302057	0.2	80	259.136	0
0.00019426	0.0330019	0.2	80	259.692	0
0.00019426	0.0360571	0.2	80	260.417	0
0.00019426	0.039395	0.2	80	261.346	0
0.00019426	0.043042	0.2	80	262.521	0
0.00019426	0.0470266	0.2	80	263.99	0
0.00019426	0.05138	0.2	80	265.811	0
0.00019426	0.0561365	0.2	80	268.049	0
0.00019426	0.0613333	0.2	80	270.781	0
0.00019426	0.0670111	0.2	80	274.095	0
0.00019426	0.0732147	0.2	80	278.09	0
0.00019426	0.0799925	0.2	80	282.88	0
0.00019426	0.0873977	0.2	80	288.591	0
0.00019426	0.0954885	0.2	80	295.365	0
0.00019426	0.104328	0.2	80	303.355	0
0.00019426	0.113986	0.2	80	312.727	0
0.00019426	0.124539	0.2	80	323.657	0
0.00019426	0.136068	0.2	80	336.325	0
0.00019426	0.148664	0.2	80	350.907	0
0.00019426	0.162426	0.2	80	367.568	0
0.00019426	0.177463	0.2	80	386.445	0
0.00019426	0.193892	0.2	80	407.626	0
0.00019426	0.211841	0.2	80	431.129	0
0.00019426	0.231452	0.2	80	456.863	0
0.00019426	0.252878	0.2	80	484.586	0
0.00019426	0.276288	0.2	80	513.851	0
0.00019426	0.301866	0.2	80	543.947	0
0.00019426	0.329811	0.2	80	573.819	0
0.00019426	0.360343	0.2	80	601.991	0
0.00019426	0.393701	0.2	80	626.492	0
0.00019426	0.430148	0.2	80	644.788	0
0.00019426	0.469968	0.2	80	653.765	0
0.00019426	0.513475	0.2	80	649.789	0
0.00019426	0.56101	0.2	80	628.924	0
0.00019426	0.612945	0.2	80	587.401	0
0.00019426	0.669688	0.2	80	522.527	0
0.000212243	0.000104526	0.2	80	260.152	0
0.000212243	0.000114203	0.2	80	260.15	0
0.000212243	0.000124775	0.2	80	260.147	0
0.000212243	0.000136326	0.2	80	260.143	0
0.000212243	0.000148946	0.2	80	260.14	0
0.000212243	0.000162735	0.2	80	260.136	0
0.000212243	0.0001778	0.2	80	260.132	0
0.000212243	0.00019426	0.2	80	260.127	0
0.000212243	0.000212243	0.2	80	260.122	0
0.000212243	0.000231891	0.2	80	260.116	0
0.000212243	0.000253358	0.2	80	260.11	0
0.000212243	0.000276813	0.2	80	260.104	0
0.000212243	0.000302439	0.2	80	260.096	0
0.000212243	0.000330437	0.2	80	260.088	0
0.000212243	0.000361027	0.2	80	260.08	0
0.000212243	0.000394448	0.2	80	260.071	0
0.000212243	0.000430964	0.2	80	260.06	0
0.000212243	0.00047086	0.2	80	260.049	0
0.000212243	0.00051445	0.2	80	260.037	0
0.000212243	0.000562075	0.2	80	260.024	0
0.000212243	0.000614108	0.2	80	260.009	0
0.000212243	0.000670959	0.2	80	259.994	0
0.000212243	0.000733073	0.2	80	259.977	0
0.000212243	0.000800936	0.2	80	259.958	0
0.000212243	0.000875083	0.2	80	259.938	0
0.000212243	0.000956093	0.2	80	259.916	0
0.000212243	0.0010446	0.2	80	259.892	0
0.000212243	0.00114131	0.2	80	259.866	0
0.000212243	0.00124696	0.2	80	259.838	0
0.000212243	0.0013624	0.2	80	259.807	0
0.000212243	0.00148852	0.2	80	259.774	0
0.000212243	0.00162632	0.2	80	259.738	0
0.000212243	0.00177687	0.2	80	259.699	0
0.000212243	0.00194137	0.2	80	259.657	0
0.000212243	0.00212109	0.2	80	259.611	0
0.000212243	0.00231745	0.2	80	259.562	0
0.000212243	0.00253198	0.2	80	259.509	0
0.000212243	0.00276638	0.2	80	259.452	0
0.000212243	0.00302248	0.2	80	259.39	0
0.000212243	0.00330228	0.2	80	259.324	0
0.000212243	0.00360798	0.2	80	259.254	0
0.000212243	0.00394199	0.2	80	259.178	0
0.000212243	0.00430692	0.2	80	259.098	0
0.000212243	0.00470563	0.2	80	259.012	0
0.000212243	0.00514125	0.2	80	258.922	0
0.000212243	0.0056172	0.2	80	258.826	0
0.000212243	0.0061372	0.2	80	258.726	0
0.000212243	0.00670535	0.2	80	258.621	0
0.000212243	0.0073261	0.2	80	258.513	0
0.000212243	0.0080043	0.2	80	258.401	0
0.000212243	0.0087453	0.2	80	258.287	0
0.000212243	0.00955489	0.2	80	258.172	0
0.000212243	0.0104394	0.2	80	258.057	0
0.000212243	0.0114058	0.2	80	257.946	0
0.000212243	0.0124617	0.2	80	257.841	0
0.000212243	0.0136154	0.2	80	257.745	0
0.000212243	0.0148758	0.2	80	257.663	0
0.000212243	0.0162529	0.2	80	257.6	0
0.000212243	0.0177575	0.2	80	257.563	0
0.000212243	0.0194014	0.2	80	257.56	0
0.000212243	0.0211975	0.2	80	257.602	0
0.000212243	0.0231598	0.2	80	257.7	0
0.000212243	0.0253038	0.2	80	257.868	0
0.000212243	0.0276463	0.2	80	258.125	0
0.000212243	0.0302057	0.2	80	258.491	0
0.000212243	0.0330019	0.2	80	258.991	0
0.000212243	0.0360571	0.2	80	259.655	0
0.000212243	0.039395	0.2	80	260.517	0
0.000212243	0.043042	0.2	80	261.62	0
0.000212243	0.0470266	0.2	80	263.01	0
0.000212243	0.05138	0.2	80	264.745	0
0.000212243	0.0561365	0.2	80	266.891	0
0.000212243	0.0613333	0.2	80	269.522	0
0.000212243	0.0670111	0.2	80	272.726	0
0.000212243	0.0732147	0.2	80	276.602	0
0.000212243	0.0799925	0.2	80	281.263	0
0.000212243	0.0873977	0.2	80	286.835	0
0.000212243	0.0954885	0.2	80	293.457	0
0.000212243	0.104328	0.2	80	301.284	0
0.000212243	0.113986	0.2	80	310.48	0
0.000212243	0.124539	0.2	80	321.22	0
0.000212243	0.136068	0.2	80	333.683	0
0.000212243	0.148664	0.2	80	348.044	0
0.000212243	0.162426	0.2	80	364.468	0
0.000212243	0.177463	0.2	80	383.09	0
0.000212243	0.193892	0.2	80	404	0
0.000212243	0.211841	0.2	80	427.212	0
0.000212243	0.231452	0.2	80	452.636	0
0.000212243	0.252878	0.2	80	480.029	0
0.000212243	0.276288	0.2	80	508.946	0
0.000212243	0.301866	0.2	80	538.673	0
0.000212243	0.329811	0.2	80	568.156	0
0.000212243	0.360343	0.2	80	595.922	0
0.000212243	0.393701	0.2	80	619.999	0
0.000212243	0.430148	0.2	80	637.855	0
0.000212243	0.469968	0.2	80	646.378	0
0.000212243	0.513475	0.2	80	641.938	0
0.000212243	0.56101	0.2	80	620.602	0
0.000212243	0.612945	0.2	80	578.605	0
0.000212243	0.669688	0.2	80	513.26	0
0.000231891	0.000104526	0.2	80	260.12	0
0.000231891	0.000114203	0.2	80	260.117	0
0.000231891	0.000124775	0.2	80	260.114	0
0.000231891	0.000136326	0.2	80	260.11	0
0.000231891	0.000148946	0.2	80	260.106	0
0.000231891	0.000162735	0.2	80	260.102	0
0.000231891	0.0001778	0.2	80	260.098	0
0.000231891	0.00019426	0.2	80	260.093	0
0.000231891	0.000212243	0.2	80	260.087	0
0.000231891	0.000231891	0.2	80	260.081	0
0.000231891	0.000253358	0.2	80	260.074	0
0.000231891	0.000276813	0.2	80	260.067	0
0.000231891	0.000302439	0.2	80	260.06	0
0.000231891	0.000330437	0.2	80	260.051	0
0.000231891	0.000361027	0.2	80	260.042	0
0.000231891	0.000394448	0.2	80	260.032	0
0.000231891	0.000430964	0.2	80	260.021	0
0.000231891	0.00047086	0.2	80	260.008	0
0.000231891	0.00051445	0.2	80	259.995	0
0.000231891	0.000562075	0.2	80	259.981	0
0.000231891	0.000614108	0.2	80	259.965	0
0.000231891	0.000670959	0.2	80	259.948	0
0.000231891	0.000733073	0.2	80	259.93	0
0.000231891	0.000800936	0.2	80	259.91	0
0.000231891	0.000875083	0.2	80	259.888	0
0.000231891	0.000956093	0.2	80	259.864	0
0.000231891	0.0010446	0.2	80	259.838	0
0.000231891	0.00114131	0.2	80	259.81	0
0.000231891	0.00124696	0.2	80	259.779	0
0.000231891	0.0013624	0.2	80	259.746	0
0.000231891	0.00148852	0.2	80	259.71	0
0.000231891	0.00162632	0.2	80	259.671	0
0.000231891	0.00177687	0.2	80	259.628	0
0.000231891	0.00194137	0.2	80	259.583	0
0.000231891	0.00212109	0.2	80	259.533	0
0.000231891	0.00231745	0.2	80	259.479	0
0.000231891	0.00253198	0.2	80	259.421	0
0.000231891	0.00276638	0.2	80	259.359	0
0.000231891	0.00302248	0.2	80	259.292	0
0.000231891	0.00330228	0.2	80	259.219	0
0.000231891	0.00360798	0.2	80	259.142	0
0.000231891	0.00394199	0.2	80	259.059	0
0.000231891	0.00430692	0.2	80	258.97	0
0.000231891	0.00470563	0.2	80	258.876	0
0.000231891	0.00514125	0.2	80	258.775	0
0.000231891	0.0056172	0.2	80	258.669	0
0.000231891	0.0061372	0.2	80	258.557	0
0.000231891	0.00670535	0.2	80	258.44	0
0.000231891	0.0073261	0.2	80	258.317	0
0.000231891	0.0080043	0.2	80	258.19	0
0.000231891	0.0087453	0.2	80	258.059	0
0.000231891	0.00955489	0.2	80	257.926	0
0.000231891	0.0104394	0.2	80	257.792	0
0.000231891	0.0114058	0.2	80	257.659	0
0.000231891	0.0124617	0.2	80	257.53	0
0.000231891	0.0136154	0.2	80	257.408	0
0.000231891	0.0148758	0.2	80	257.298	0
0.000231891	0.0162529	0.2	80	257.204	0
0.000231891	0.0177575	0.2	80	257.134	0
0.000231891	0.0194014	0.2	80	257.094	0
0.000231891	0.0211975	0.2	80	257.096	0
0.000231891	0.0231598	0.2	80	257.15	0
0.000231891	0.0253038	0.2	80	257.271	0
0.000231891	0.0276463	0.2	80	257.477	0
0.000231891	0.0302057	0.2	80	257.786	0
0.000231891	0.0330019	0.2	80	258.225	0
0.000231891	0.0360571	0.2	80	258.823	0
0.000231891	0.039395	0.2	80	259.613	0
0.000231891	0.043042	0.2	80	260.636	0
0.000231891	0.0470266	0.2	80	261.941	0
0.000231891	0.05138	0.2	80	263.584	0
0.000231891	0.0561365	0.2	80	265.628	0
0.000231891	0.0613333	0.2	80	268.149	0
0.000231891	0.0670111	0.2	80	271.235	0
0.000231891	0.0732147	0.2	80	274.982	0
0.000231891	0.0799925	0.2	80	279.503	0
0.000231891	0.0873977	0.2	80	284.924	0
0.000231891	0.0954885	0.2	80	291.383	0
0.000231891	0.104328	0.2	80	299.033	0
0.000231891	0.113986	0.2	80	308.039	0
0.000231891	0.124539	0.2	80	318.573	0
0.000231891	0.136068	0.2	80	330.815	0
0.000231891	0.148664	0.2	80	344.939	0
0.000231891	0.162426	0.2	80	361.108	0
0.000231891	0.177463	0.2	80	379.458	0
0.000231891	0.193892	0.2	80	400.076	0
0.000231891	0.211841	0.2	80	422.978	0
0.000231891	0.231452	0.2	80	448.072	0
0.000231891	0.252878	0.2	80	475.116	0
0.000231891	0.276288	0.2	80	503.664	0
0.000231891	0.301866	0.2	80	533.003	0
0.000231891	0.329811	0.2	80	562.08	0
0.000231891	0.360343	0.2	80	589.423	0
0.000231891	0.393701	0.2	80	613.062	0
0.000231891	0.430148	0.2	80	630.468	0
0.000231891	0.469968	0.2	80	638.532	0
0.000231891	0.513475	0.2	80	633.628	0
0.000231891	0.56101	0.2	80	611.828	0
0.000231891	0.612945	0.2	80	569.376	0
0.000231891	0.669688	0.2	80	503.591	0
0.000253358	0.000104526	0.2	80	260.085	0
0.000253358	0.000114203	0.2	80	260.081	0
0.000253358	0.000124775	0.2	80	260.078	0
0.000253358	0.000136326	0.2	80	260.074	0
0.000253358	0.000148946	0.2	80	260.07	0
0.000253358	0.000162735	0.2	80	260.065	0
0.000253358	0.0001778	0.2	80	260.06	0
0.000253358	0.00019426	0.2	80	260.055	0
0.000253358	0.000212243	0.2	80	260.049	0
0.000253358	0.000231891	0.2	80	260.042	0
0.000253358	0.000253358	0.2	80	260.035	0
0.000253358	0.000276813	0.2	80	260.028	0
0.000253358	0.000302439	0.2	80	260.019	0
0.000253358	0.000330437	0.2	80	260.01	0
0.000253358	0.000361027	0.2	80	260	0
0.000253358	0.000394448	0.2	80	259.989	0
0.000253358	0.000430964	0.2	80	259.977	0
0.000253358	0.00047086	0.2	80	259.964	0
0.000253358	0.00051445	0.2	80	259.95	0
0.000253358	0.000562075	0.2	80	259.934	0
0.000253358	0.000614108	0.2	80	259.917	0
0.000253358	0.000670959	0.2	80	259.899	0
0.000253358	0.000733073	0.2	80	259.879	0
0.000253358	0.000800936	0.2	80	259.857	0
0.000253358	0.000875083	0.2	80	259.833	0
0.000253358	0.000956093	0.2	80	259.808	0
0.000253358	0.0010446	0.2	80	259.779	0
0.000253358	0.00114131	0.2	80	259.749	0
0.000253358	0.00124696	0.2	80	259.716	0
0.000253358	0.0013624	0.2	80	259.68	0
0.000253358	0.00148852	0.2	80	259.64	0
0.000253358	0.00162632	0.2	80	259.598	0
0.000253358	0.00177687	0.2	80	259.552	0
0.000253358	0.00194137	0.2	80	259.502	0
0.000253358	0.00212109	0.2	80	259.447	0
0.000253358	0.00231745	0.2	80	259.389	0
0.000253358	0.00253198	0.2	80	259.326	0
0.000253358	0.00276638	0.2	80	259.257	0
0.000253358	0.00302248	0.2	80	259.184	0
0.000253358	0.00330228	0.2	80	259.105	0
0.000253358	0.00360798	0.2	80	259.02	0
0.000253358	0.00394199	0.2	80	258.928	0
0.000253358	0.00430692	0.2	80	258.831	0
0.000253358	0.00470563	0.2	80	258.726	0
0.000253358	0.00514125	0.2	80	258.615	0
0.000253358	0.0056172	0.2	80	258.497	0
0.000253358	0.0061372	0.2	80	258.372	0
0.000253358	0.00670535	0.2	80	258.241	0
0.000253358	0.0073261	0.2	80	258.103	0
0.000253358	0.0080043	0.2	80	257.959	0
0.000253358	0.0087453	0.2	80	257.81	0
0.000253358	0.00955489	0.2	80	257.657	0
0.000253358	0.0104394	0.2	80	257.501	0
0.000253358	0.0114058	0.2	80	257.345	0
0.000253358	0.0124617	0.2	80	257.19	0
0.000253358	0.0136154	0.2	80	257.04	0
0.000253358	0.0148758	0.2	80	256.899	0
0.000253358	0.0162529	0.2	80	256.772	0
0.000253358	0.0177575	0.2	80	256.665	0
0.000253358	0.0194014	0.2	80	256.586	0
0.000253358	0.0211975	0.2	80	256.544	0
0.000253358	0.0231598	0.2	80	256.551	0
0.000253358	0.0253038	0.2	80	256.62	0
0.000253358	0.0276463	0.2	80	256.769	0
0.000253358	0.0302057	0.2	80	257.018	0
0.000253358	0.0330019	0.2	80	257.391	0
0.000253358	0.0360571	0.2	80	257.915	0
0.000253358	0.039395	0.2	80	258.627	0
0.000253358	0.043042	0.2	80	259.565	0
0.000253358	0.0470266	0.2	80	260.777	0
0.000253358	0.05138	0.2	80	262.318	0
0.000253358	0.0561365	0.2	80	264.252	0
0.000253358	0.0613333	0.2	80	266.655	0
0.000253358	0.0670111	0.2	80	269.611	0
0.000253358	0.0732147	0.2	80	273.218	0
0.000253358	0.0799925	0.2	80	277.588	0
0.000253358	0.0873977	0.2	80	282.845	0
0.000253358	0.0954885	0.2	80	289.127	0
0.000253358	0.104328	0.2	80	296.587	0
0.000253358	0.113986	0.2	80	305.387	0
0.000253358	0.124539	0.2	80	315.7	0
0.000253358	0.136068	0.2	80	327.704	0
0.000253358	0.148664	0.2	80	341.573	0
0.000253358	0.162426	0.2	80	357.469	0
0.000253358	0.177463	0.2	80	375.527	0
0.000253358	0.193892	0.2	80	395.835	0
0.000253358	0.211841	0.2	80	418.407	0
0.000253358	0.231452	0.2	80	443.151	0
0.000253358	0.252878	0.2	80	469.826	0
0.000253358	0.276288	0.2	80	497.986	0
0.000253358	0.301866	0.2	80	526.919	0
0.000253358	0.329811	0.2	80	555.574	0
0.000253358	0.360343	0.2	80	582.48	0
0.000253358	0.393701	0.2	80	605.671	0
0.000253358	0.430148	0.2	80	622.621	0
0.000253358	0.469968	0.2	80	630.226	0
0.000253358	0.513475	0.2	80	624.868	0
0.000253358	0.56101	0.2	80	602.624	0
0.000253358	0.612945	0.2	80	559.747	0
0.000253358	0.669688	0.2	80	493.569	0
0.000276813	0.000104526	0.2	80	260.046	0
0.000276813	0.000114203	0.2	80	260.043	0
0.000276813	0.000124775	0.2	80	260.039	0
0.000276813	0.000136326	0.2	80	260.035	0
0.000276813	0.000148946	0.2	80	260.03	0
0.000276813	0.000162735	0.2	80	260.025	0
0.000276813	0.0001778	0.2	80	260.02	0
0.000276813	0.00019426	0.2	80	260.014	0
0.000276813	0.000212243	0.2	80	260.007	0
0.000276813	0.000231891	0.2	80	260	0
0.000276813	0.000253358	0.2	80	259.993	0
0.000276813	0.000276813	0.2	80	259.984	0
0.000276813	0.000302439	0.2	80	259.975	0
0.000276813	0.000330437	0.2	80	259.965	0
0.000276813	0.000361027	0.2	80	259.954	0
0.000276813	0.000394448	0.2	80	259.943	0
0.000276813	0.000430964	0.2	80	259.93	0
0.000276813	0.00047086	0.2	80	259.915	0
0.000276813	0.00051445	0.2	80	259.9	0
0.000276813	0.000562075	0.2	80	259.883	0
0.000276813	0.000614108	0.2	80	259.865	0
0.000276813	0.000670959	0.2	80	259.845	0
0.000276813	0.000733073	0.2	80	259.823	0
0.000276813	0.000800936	0.2	80	259.8	0
0.000276813	0.000875083	0.2	80	259.774	0
0.000276813	0.000956093	0.2	80	259.746	0
0.000276813	0.0010446	0.2	80	259.715	0
0.000276813	0.00114131	0.2	80	259.682	0
0.000276813	0.00124696	0.2	80	259.646	0
0.000276813	0.0013624	0.2	80	259.607	0
0.000276813	0.00148852	0.2	80	259.564	0
0.000276813	0.00162632	0.2	80	259.518	0
0.000276813	0.00177687	0.2	80	259.468	0
0.000276813	0.00194137	0.2	80	259.413	0
0.000276813	0.00212109	0.2	80	259.354	0
0.000276813	0.00231745	0.2	80	259.29	0
0.000276813	0.00253198	0.2	80	259.221	0
0.000276813	0.00276638	0.2	80	259.147	0
0.000276813	0.00302248	0.2	80	259.066	0
0.000276813	0.00330228	0.2	80	258.979	0
0.000276813	0.00360798	0.2	80	258.886	0
0.000276813	0.00394199	0.2	80	258.786	0
0.000276813	0.00430692	0.2	80	258.678	0
0.000276813	0.00470563	0.2	80	258.563	0
0.000276813	0.00514125	0.2	80	258.44	0
0.000276813	0.0056172	0.2	80	258.309	0
0.000276813	0.0061372	0.2	80	258.171	0
0.000276813	0.00670535	0.2	80	258.024	0
0.000276813	0.0073261	0.2	80	257.869	0
0.000276813	0.0080043	0.2	80	257.707	0
0.000276813	0.0087453	0.2	80	257.538	0
0.000276813	0.00955489	0.2	80	257.363	0
0.000276813	0.0104394	0.2	80	257.184	0
0.000276813	0.0114058	0.2	80	257.002	0
0.000276813	0.0124617	0.2	80	256.819	0
0.000276813	0.0136154	0.2	80	256.638	0
0.000276813	0.0148758	0.2	80	256.463	0
0.000276813	0.0162529	0.2	80	256.3	0
0.000276813	0.0177575	0.2	80	256.153	0
0.000276813	0.0194014	0.2	80	256.03	0
0.000276813	0.0211975	0.2	80	255.941	0
0.000276813	0.0231598	0.2	80	255.897	0
0.000276813	0.0253038	0.2	80	255.91	0
0.000276813	0.0276463	0.2	80	255.998	0
0.000276813	0.0302057	0.2	80	256.18	0
0.000276813	0.0330019	0.2	80	256.48	0
0.000276813	0.0360571	0.2	80	256.926	0
0.000276813	0.039395	0.2	80	257.552	0
0.000276813	0.043042	0.2	80	258.397	0
0.000276813	0.0470266	0.2	80	259.507	0
0.000276813	0.05138	0.2	80	260.939	0
0.000276813	0.0561365	0.2	80	262.754	0
0.000276813	0.0613333	0.2	80	265.027	0
0.000276813	0.0670111	0.2	80	267.843	0
0.000276813	0.0732147	0.2	80	271.299	0
0.000276813	0.0799925	0.2	80	275.505	0
0.000276813	0.0873977	0.2	80	280.585	0
0.000276813	0.0954885	0.2	80	286.676	0
0.000276813	0.104328	0.2	80	293.93	0
0.000276813	0.113986	0.2	80	302.508	0
0.000276813	0.124539	0.2	80	312.583	0
0.000276813	0.136068	0.2	80	324.332	0
0.000276813	0.148664	0.2	80	337.928	0
0.000276813	0.162426	0.2	80	353.532	0
0.000276813	0.177463	0.2	80	371.279	0
0.000276813	0.193892	0.2	80	391.255	0
0.000276813	0.211841	0.2	80	413.477	0
0.000276813	0.231452	0.2	80	437.852	0
0.000276813	0.252878	0.2	80	464.138	0
0.000276813	0.276288	0.2	80	491.892	0
0.000276813	0.301866	0.2	80	520.403	0
0.000276813	0.329811	0.2	80	548.622	0
0.000276813	0.360343	0.2	80	575.082	0
0.000276813	0.393701	0.2	80	597.82	0
0.000276813	0.430148	0.2	80	614.315	0
0.000276813	0.469968	0.2	80	621.471	0
0.000276813	0.513475	0.2	80	615.678	0
0.000276813	0.56101	0.2	80	593.022	0
0.000276813	0.612945	0.2	80	549.77	0
0.000276813	0.669688	0.2	80	483.267	0
0.000302439	0.000104526	0.2	80	260.004	0
0.000302439	0.000114203	0.2	80	260	0
0.000302439	0.000124775	0.2	80	259.996	0
0.000302439	0.000136326	0.2	80	259.992	0
0.000302439	0.000148946	0.2	80	259.987	0
0.000302439	0.000162735	0.2	80	259.981	0
0.000302439	0.0001778	0.2	80	259.975	0
0.000302439	0.00019426	0.2	80	259.969	0
0.000302439	0.000212243	0.2	80	259.962	0
0.000302439	0.000231891	0.2	80	259.954	0
0.000302439	0.000253358	0.2	80	259.946	0
0.000302439	0.000276813	0.2	80	259.937	0
0.000302439	0.000302439	0.2	80	259.927	0
0.000302439	0.000330437	0.2	80	259.916	0
0.000302439	0.000361027	0.2	80	259.905	0
0.000302439	0.000394448	0.2	80	259.892	0
0.000302439	0.000430964	0.2	80	259.878	0
0.000302439	0.00047086	0.2	80	259.862	0
0.000302439	0.00051445	0.2	80	259.846	0
0.000302439	0.000562075	0.2	80	259.828	0
0.000302439	0.000614108	0.2	80	259.808	0
0.000302439	0.000670959	0.2	80	259.786	0
0.000302439	0.000733073	0.2	80	259.763	0
0.000302439	0.000800936	0.2	80	259.737	0
0.000302439	0.000875083	0.2	80	259.709	0
0.000302439	0.000956093	0.2	80	259.678	0
0.000302439	0.0010446	0.2	80	259.645	0
0.000302439	0.00114131	0.2	80	259.609	0
0.000302439	0.00124696	0.2	80	259.57	0
0.000302439	0.0013624	0.2	80	259.527	0
0.000302439	0.00148852	0.2	80	259.481	0
0.000302439	0.00162632	0.2	80	259.431	0
0.000302439	0.00177687	0.2	80	259.376	0
0.000302439	0.00194137	0.2	80	259.317	0
0.000302439	0.00212109	0.2	80	259.252	0
0.000302439	0.00231745	0.2	80	259.183	0
0.000302439	0.00253198	0.2	80	259.107	0
0.000302439	0.00276638	0.2	80	259.026	0
0.000302439	0.00302248	0.2	80	258.938	0
0.000302439	0.00330228	0.2	80	258.843	0
0.000302439	0.00360798	0.2	80	258.74	0
0.000302439	0.00394199	0.2	80	258.63	0
0.000302439	0.00430692	0.2	80	258.512	0
0.000302439	0.00470563	0.2	80	258.385	0
0.000302439	0.00514125	0.2	80	258.249	0
0.000302439	0.0056172	0.2	80	258.105	0
0.000302439	0.0061372	0.2	80	257.95	0
0.000302439	0.00670535	0.2	80	257.787	0
0.000302439	0.0073261	0.2	80	257.614	0
0.000302439	0.0080043	0.2	80	257.432	0
0.000302439	0.0087453	0.2	80	257.242	0
0.000302439	0.00955489	0.2	80	257.043	0
0.000302439	0.0104394	0.2	80	256.838	0
0.000302439	0.0114058	0.2	80	256.627	0
0.000302439	0.0124617	0.2	80	256.413	0
0.000302439	0.0136154	0.2	80	256.199	0
0.000302439	0.0148758	0.2	80	255.988	0
0.000302439	0.0162529	0.2	80	255.785	0
0.000302439	0.0177575	0.2	80	255.594	0
0.000302439	0.0194014	0.2	80	255.424	0
0.000302439	0.0211975	0.2	80	255.284	0
0.000302439	0.0231598	0.2	80	255.183	0
0.000302439	0.0253038	0.2	80	255.135	0
0.000302439	0.0276463	0.2	80	255.156	0
0.000302439	0.0302057	0.2	80	255.266	0
0.000302439	0.0330019	0.2	80	255.487	0
0.000302439	0.0360571	0.2	80	255.847	0
0.000302439	0.039395	0.2	80	256.38	0
0.000302439	0.043042	0.2	80	257.124	0
0.000302439	0.0470266	0.2	80	258.124	0
0.000302439	0.05138	0.2	80	259.436	0
0.000302439	0.0561365	0.2	80	261.122	0
0.000302439	0.0613333	0.2	80	263.256	0
0.000302439	0.0670111	0.2	80	265.92	0
0.000302439	0.0732147	0.2	80	269.212	0
0.000302439	0.0799925	0.2	80	273.241	0
0.000302439	0.0873977	0.2	80	278.129	0
0.000302439	0.0954885	0.2	80	284.014	0
0.000302439	0.104328	0.2	80	291.046	0
0.000302439	0.113986	0.2	80	299.386	0
0.000302439	0.124539	0.2	80	309.205	0
0.000302439	0.136068	0.2	80	320.68	0
0.000302439	0.148664	0.2	80	333.983	0
0.000302439	0.162426	0.2	80	349.276	0
0.000302439	0.177463	0.2	80	366.691	0
0.000302439	0.193892	0.2	80	386.317	0
0.000302439	0.211841	0.2	80	408.169	0
0.000302439	0.231452	0.2	80	432.155	0
0.000302439	0.252878	0.2	80	458.035	0
0.000302439	0.276288	0.2	80	485.367	0
0.000302439	0.301866	0.2	80	513.442	0
0.000302439	0.329811	0.2	80	541.215	0
0.000302439	0.360343	0.2	80	567.223	0
0.000302439	0.393701	0.2	80	589.509	0
0.000302439	0.430148	0.2	80	605.56	0
0.000302439	0.469968	0.2	80	612.288	0
0.000302439	0.513475	0.2	80	606.092	0
0.000302439	0.56101	0.2	80	583.075	0
0.000302439	0.612945	0.2	80	539.518	0
0.000302439	0.669688	0.2	80	472.785	0
0.000330437	0.000104526	0.2	80	259.958	0
0.000330437	0.000114203	0.2	80	259.954	0
0.000330437	0.000124775	0.2	80	259.949	0
0.000330437	0.000136326	0.2	80	259.944	0
0.000330437	0.000148946	0.2	80	259.939	0
0.000330437	0.000162735	0.2	80	259.933	0
0.000330437	0.0001778	0.2	80	259.927	0
0.000330437	0.00019426	0.2	80	259.92	0
0.000330437	0.000212243	0.2	80	259.913	0
0.000330437	0.000231891	0.2	80	259.904	0
0.000330437	0.000253358	0.2	80	259.895	0
0.000330437	0.000276813	0.2	80	259.886	0
0.000330437	0.000302439	0.2	80	259.875	0
0.000330437	0.000330437	0.2	80	259.863	0
0.000330437	0.000361027	0.2	80	259.85	0
0.000330437	0.000394448	0.2	80	259.836	0
0.000330437	0.000430964	0.2	80	259.821	0
0.000330437	0.00047086	0.2	80	259.805	0
0.000330437	0.00051445	0.2	80	259.786	0
0.000330437	0.000562075	0.2	80	259.767	0
0.000330437	0.000614108	0.2	80	259.745	0
0.000330437	0.000670959	0.2	80	259.722	0
0.000330437	0.000733073	0.2	80	259.696	0
0.000330437	0.000800936	0.2	80	259.668	0
0.000330437	0.000875083	0.2	80	259.638	0
0.000330437	0.000956093	0.2	80	259.605	0
0.000330437	0.0010446	0.2	80	259.569	0
0.000330437	0.00114131	0.2	80	259.53	0
0.000330437	0.00124696	0.2	80	259.487	0
0.000330437	0.0013624	0.2	80	259.441	0
0.000330437	0.00148852	0.2	80	259.39	0
0.000330437	0.00162632	0.2	80	259.335	0
0.000330437	0.00177687	0.2	80	259.276	0
0.000330437	0.00194137	0.2	80	259.211	0
0.000330437	0.00212109	0.2	80	259.141	0
0.000330437	0.00231745	0.2	80	259.065	0
0.000330437	0.00253198	0.2	80	258.983	0
0.000330437	0.00276638	0.2	80	258.894	0
0.000330437	0.00302248	0.2	80	258.797	0
0.000330437	0.00330228	0.2	80	258.693	0
0.000330437	0.00360798	0.2	80	258.581	0
0.000330437	0.00394199	0.2	80	258.46	0
0.000330437	0.00430692	0.2	80	258.33	0
0.000330437	0.00470563	0.2	80	258.19	0
0.000330437	0.00514125	0.2	80	258.041	0
0.000330437	0.0056172	0.2	80	257.881	0
0.000330437	0.0061372	0.2	80	257.71	0
0.000330437	0.00670535	0.2	80	257.528	0
0.000330437	0.0073261	0.2	80	257.335	0
0.000330437	0.0080043	0.2	80	257.132	0
0.000330437	0.0087453	0.2	80	256.918	0
0.000330437	0.00955489	0.2	80	256.693	0
0.000330437	0.0104394	0.2	80	256.46	0
0.000330437	0.0114058	0.2	80	256.218	0
0.000330437	0.0124617	0.2	80	255.971	0
0.000330437	0.0136154	0.2	80	255.72	0
0.000330437	0.0148758	0.2	80	255.469	0
0.000330437	0.0162529	0.2	80	255.222	0
0.000330437	0.0177575	0.2	80	254.985	0
0.000330437	0.0194014	0.2	80	254.763	0
0.000330437	0.0211975	0.2	80	254.566	0
0.000330437	0.0231598	0.2	80	254.404	0
0.000330437	0.0253038	0.2	80	254.29	0
0.000330437	0.0276463	0.2	80	254.239	0
0.000330437	0.0302057	0.2	80	254.269	0
0.000330437	0.0330019	0.2	80	254.405	0
0.000330437	0.0360571	0.2	80	254.672	0
0.000330437	0.039395	0.2	80	255.103	0
0.000330437	0.043042	0.2	80	255.737	0
0.000330437	0.0470266	0.2	80	256.618	0
0.000330437	0.05138	0.2	80	257.801	0
0.000330437	0.0561365	0.2	80	259.346	0
0.000330437	0.0613333	0.2	80	261.328	0
0.000330437	0.0670111	0.2	80	263.828	0
0.000330437	0.0732147	0.2	80	266.943	0
0.000330437	0.0799925	0.2	80	270.78	0
0.000330437	0.0873977	0.2	80	275.462	0
0.000330437	0.0954885	0.2	80	281.125	0
0.000330437	0.104328	0.2	80	287.918	0
0.000330437	0.113986	0.2	80	296.002	0
0.000330437	0.124539	0.2	80	305.547	0
0.000330437	0.136068	0.2	80	316.728	0
0.000330437	0.148664	0.2	80	329.719	0
0.000330437	0.162426	0.2	80	344.68	0
0.000330437	0.177463	0.2	80	361.744	0
0.000330437	0.193892	0.2	80	381	0
0.000330437	0.211841	0.2	80	402.462	0
0.000330437	0.231452	0.2	80	426.041	0
0.000330437	0.252878	0.2	80	451.499	0
0.000330437	0.276288	0.2	80	478.395	0
0.000330437	0.301866	0.2	80	506.025	0
0.000330437	0.329811	0.2	80	533.347	0
0.000330437	0.360343	0.2	80	558.905	0
0.000330437	0.393701	0.2	80	580.749	0
0.000330437	0.430148	0.2	80	596.376	0
0.000330437	0.469968	0.2	80	602.709	0
0.000330437	0.513475	0.2	80	596.162	0
0.000330437	0.56101	0.2	80	572.855	0
0.000330437	0.612945	0.2	80	529.09	0
0.000330437	0.669688	0.2	80	462.257	0
0.000361027	0.000104526	0.2	80	259.908	0
0.000361027	0.000114203	0.2	80	259.903	0
0.000361027	0.000124775	0.2	80	259.898	0
0.000361027	0.000136326	0.2	80	259.893	0
0.000361027	0.000148946	0.2	80	259.887	0
0.000361027	0.000162735	0.2	80	259.881	0
0.000361027	0.0001778	0.2	80	259.874	0
0.000361027	0.00019426	0.2	80	259.867	0
0.000361027	0.000212243	0.2	80	259.858	0
0.000361027	0.000231891	0.2	80	259.85	0
0.000361027	0.000253358	0.2	80	259.84	0
0.000361027	0.000276813	0.2	80	259.829	0
0.000361027	0.000302439	0.2	80	259.817	0
0.000361027	0.000330437	0.2	80	259.805	0
0.000361027	0.000361027	0.2	80	259.791	0
0.000361027	0.000394448	0.2	80	259.776	0
0.000361027	0.000430964	0.2	80	259.759	0
0.000361027	0.00047086	0.2	80	259.741	0
0.000361027	0.00051445	0.2	80	259.722	0
0.000361027	0.000562075	0.2	80	259.7	0
0.000361027	0.000614108	0.2	80	259.677	0
0.000361027	0.000670959	0.2	80	259.651	0
0.000361027	0.000733073	0.2	80	259.624	0
0.000361027	0.000800936	0.2	80	259.593	0
0.000361027	0.000875083	0.2	80	259.56	0
0.000361027	0.000956093	0.2	80	259.524	0
0.000361027	0.0010446	0.2	80	259.485	0
0.000361027	0.00114131	0.2	80	259.443	0
0.000361027	0.00124696	0.2	80	259.396	0
0.000361027	0.0013624	0.2	80	259.346	0
0.000361027	0.00148852	0.2	80	259.291	0
0.000361027	0.00162632	0.2	80	259.231	0
0.000361027	0.00177687	0.2	80	259.166	0
0.000361027	0.00194137	0.2	80	259.096	0
0.000361027	0.00212109	0.2	80	259.02	0
0.000361027	0.00231745	0.2	80	258.937	0
0.000361027	0.00253198	0.2	80	258.847	0
0.000361027	0.00276638	0.2	80	258.749	0
0.000361027	0.00302248	0.2	80	258.644	0
0.000361027	0.00330228	0.2	80	258.53	0
0.000361027	0.00360798	0.2	80	258.407	0
0.000361027	0.00394199	0.2	80	258.274	0
0.000361027	0.00430692	0.2	80	258.132	0
0.000361027	0.00470563	0.2	80	257.978	0
0.000361027	0.00514125	0.2	80	257.813	0
0.000361027	0.0056172	0.2	80	257.636	0
0.000361027	0.0061372	0.2	80	257.447	0
0.000361027	0.00670535	0.2	80	257.246	0
0.000361027	0.0073261	0.2	80	257.031	0
0.000361027	0.0080043	0.2	80	256.804	0
0.000361027	0.0087453	0.2	80	256.564	0
0.000361027	0.00955489	0.2	80	256.311	0
0.000361027	0.0104394	0.2	80	256.047	0
0.000361027	0.0114058	0.2	80	255.772	0
0.000361027	0.0124617	0.2	80	255.488	0
0.000361027	0.0136154	0.2	80	255.198	0
0.000361027	0.0148758	0.2	80	254.903	0
0.000361027	0.0162529	0.2	80	254.609	0
0.000361027	0.0177575	0.2	80	254.32	0
0.000361027	0.0194014	0.2	80	254.042	0
0.000361027	0.0211975	0.2	80	253.784	0
0.000361027	0.0231598	0.2	80	253.555	0
0.000361027	0.0253038	0.2	80	253.368	0
0.000361027	0.0276463	0.2	80	253.238	0
0.000361027	0.0302057	0.2	80	253.183	0
0.000361027	0.0330019	0.2	80	253.225	0
0.000361027	0.0360571	0.2	80	253.391	0
0.000361027	0.039395	0.2	80	253.712	0
0.000361027	0.043042	0.2	80	254.226	0
0.000361027	0.0470266	0.2	80	254.978	0
0.000361027	0.05138	0.2	80	256.02	0
0.000361027	0.0561365	0.2	80	257.414	0
0.000361027	0.0613333	0.2	80	259.231	0
0.000361027	0.0670111	0.2	80	261.554	0
0.000361027	0.0732147	0.2	80	264.477	0
0.000361027	0.0799925	0.2	80	268.107	0
0.000361027	0.0873977	0.2	80	272.567	0
0.000361027	0.0954885	0.2	80	277.991	0
0.000361027	0.104328	0.2	80	284.527	0
0.000361027	0.113986	0.2	80	292.336	0
0.000361027	0.124539	0.2	80	301.588	0
0.000361027	0.136068	0.2	80	312.457	0
0.000361027	0.148664	0.2	80	325.115	0
0.000361027	0.162426	0.2	80	339.724	0
0.000361027	0.177463	0.2	80	356.417	0
0.000361027	0.193892	0.2	80	375.283	0
0.000361027	0.211841	0.2	80	396.338	0
0.000361027	0.231452	0.2	80	419.494	0
0.000361027	0.252878	0.2	80	444.515	0
0.000361027	0.276288	0.2	80	470.965	0
0.000361027	0.301866	0.2	80	498.145	0
0.000361027	0.329811	0.2	80	525.018	0
0.000361027	0.360343	0.2	80	550.136	0
0.000361027	0.393701	0.2	80	571.559	0
0.000361027	0.430148	0.2	80	586.796	0
0.000361027	0.469968	0.2	80	592.786	0
0.000361027	0.513475	0.2	80	585.961	0
0.000361027	0.56101	0.2	80	562.463	0
0.000361027	0.612945	0.2	80	518.621	0
0.000361027	0.669688	0.2	80	451.856	0
0.000394448	0.000104526	0.2	80	259.853	0
0.000394448	0.000114203	0.2	80	259.848	0
0.000394448	0.000124775	0.2	80	259.843	0
0.000394448	0.000136326	0.2	80	259.837	0
0.000394448	0.000148946	0.2	80	259.831	0
0.000394448	0.000162735	0.2	80	259.824	0
0.000394448	0.0001778	0.2	80	259.816	0
0.000394448	0.00019426	0.2	80	259.808	0
0.000394448	0.000212243	0.2	80	259.799	0
0.000394448	0.000231891	0.2	80	259.79	0
0.000394448	0.000253358	0.2	80	259.779	0
0.000394448	0.000276813	0.2	80	259.768	0
0.000394448	0.000302439	0.2	80	259.755	0
0.000394448	0.000330437	0.2	80	259.741	0
0.000394448	0.000361027	0.2	80	259.726	0
0.000394448	0.000394448	0.2	80	259.71	0
0.000394448	0.000430964	0.2	80	259.692	0
0.000394448	0.00047086	0.2	80	259.672	0
0.000394448	0.00051445	0.2	80	259.651	0
0.000394448	0.000562075	0.2	80	259.628	0
0.000394448	0.000614108	0.2	80	259.602	0
0.000394448	0.000670959	0.2	80	259.575	0
0.000394448	0.000733073	0.2	80	259.544	0
0.000394448	0.000800936	0.2	80	259.512	0
0.000394448	0.000875083	0.2	80	259.476	0
0.000394448	0.000956093	0.2	80	259.437	0
0.000394448	0.0010446	0.2	80	259.394	0
0.000394448	0.00114131	0.2	80	259.348	0
0.000394448	0.00124696	0.2	80	259.297	0
0.000394448	0.0013624	0.2	80	259.242	0
0.000394448	0.00148852	0.2	80	259.183	0
0.000394448	0.00162632	0.2	80	259.118	0
0.000394448	0.00177687	0.2	80	259.047	0
0.000394448	0.00194137	0.2	80	258.97	0
0.000394448	0.00212109	0.2	80	258.887	0
0.000394448	0.00231745	0.2	80	258.796	0
0.000394448	0.00253198	0.2	80	258.698	0
0.000394448	0.00276638	0.2	80	258.592	0
0.000394448	0.00302248	0.2	80	258.477	0
0.000394448	0.00330228	0.2	80	258.352	0
0.000394448	0.00360798	0.2	80	258.217	0
0.000394448	0.00394199	0.2	80	258.072	0
0.000394448	0.00430692	0.2	80	257.915	0
0.000394448	0.00470563	0.2	80	257.746	0
0.000394448	0.00514125	0.2	80	257.564	0
0.000394448	0.0056172	0.2	80	257.369	0
0.000394448	0.0061372	0.2	80	257.16	0
0.000394448	0.00670535	0.2	80	256.937	0
0.000394448	0.0073261	0.2	80	256.699	0
0.000394448	0.0080043	0.2	80	256.446	0
0.000394448	0.0087453	0.2	80	256.178	0
0.000394448	0.00955489	0.2	80	255.894	0
0.000394448	0.0104394	0.2	80	255.596	0
0.000394448	0.0114058	0.2	80	255.285	0
0.000394448	0.0124617	0.2	80	254.961	0
0.000394448	0.0136154	0.2	80	254.627	0
0.000394448	0.0148758	0.2	80	254.285	0
0.000394448	0.0162529	0.2	80	253.939	0
0.000394448	0.0177575	0.2	80	253.594	0
0.000394448	0.0194014	0.2	80	253.255	0
0.000394448	0.0211975	0.2	80	252.93	0
0.000394448	0.0231598	0.2	80	252.629	0
0.000394448	0.0253038	0.2	80	252.363	0
0.000394448	0.0276463	0.2	80	252.147	0
0.000394448	0.0302057	0.2	80	251.998	0
0.000394448	0.0330019	0.2	80	251.939	0
0.000394448	0.0360571	0.2	80	251.995	0
0.000394448	0.039395	0.2	80	252.196	0
0.000394448	0.043042	0.2	80	252.581	0
0.000394448	0.0470266	0.2	80	253.192	0
0.000394448	0.05138	0.2	80	254.083	0
0.000394448	0.0561365	0.2	80	255.312	0
0.000394448	0.0613333	0.2	80	256.951	0
0.000394448	0.0670111	0.2	80	259.082	0
0.000394448	0.0732147	0.2	80	261.798	0
0.000394448	0.0799925	0.2	80	265.206	0
0.000394448	0.0873977	0.2	80	269.427	0
0.000394448	0.0954885	0.2	80	274.593	0
0.000394448	0.104328	0.2	80	280.855	0
0.000394448	0.113986	0.2	80	288.37	0
0.000394448	0.124539	0.2	80	297.308	0
0.000394448	0.136068	0.2	80	307.844	0
0.000394448	0.148664	0.2	80	320.15	0
0.000394448	0.162426	0.2	80	334.387	0
0.000394448	0.177463	0.2	80	350.69	0
0.000394448	0.193892	0.2	80	369.147	0
0.000394448	0.211841	0.2	80	389.778	0
0.000394448	0.231452	0.2	80	412.498	0
0.000394448	0.252878	0.2	80	437.073	0
0.000394448	0.276288	0.2	80	463.073	0
0.000394448	0.301866	0.2	80	489.804	0
0.000394448	0.329811	0.2	80	516.238	0
0.000394448	0.360343	0.2	80	540.937	0
0.000394448	0.393701	0.2	80	561.974	0
0.000394448	0.430148	0.2	80	576.874	0
0.000394448	0.469968	0.2	80	582.594	0
0.000394448	0.513475	0.2	80	575.59	0
0.000394448	0.56101	0.2	80	552.033	0
0.000394448	0.612945	0.2	80	508.285	0
0.000394448	0.669688	0.2	80	441.808	0
0.000430964	0.000104526	0.2	80	259.793	0
0.000430964	0.000114203	0.2	80	259.788	0
0.000430964	0.000124775	0.2	80	259.782	0
0.000430964	0.000136326	0.2	80	259.776	0
0.000430964	0.000148946	0.2	80	259.769	0
0.000430964	0.000162735	0.2	80	259.761	0
0.000430964	0.0001778	0.2	80	259.753	0
0.000430964	0.00019426	0.2	80	259.745	0
0.000430964	0.000212243	0.2	80	259.735	0
0.000430964	0.000231891	0.2	80	259.724	0
0.000430964	0.000253358	0.2	80	259.713	0
0.000430964	0.000276813	0.2	80	259.7	0
0.000430964	0.000302439	0.2	80	259.687	0
0.000430964	0.000330437	0.2	80	259.672	0
0.000430964	0.000361027	0.2	80	259.655	0
0.000430964	0.000394448	0.2	80	259.638	0
0.000430964	0.000430964	0.2	80	259.618	0
0.000430964	0.00047086	0.2	80	259.597	0
0.000430964	0.00051445	0.2	80	259.574	0
0.000430964	0.000562075	0.2	80	259.548	0
0.000430964	0.000614108	0.2	80	259.521	0
0.000430964	0.000670959	0.2	80	259.491	0
0.000430964	0.000733073	0.2	80	259.458	0
0.000430964	0.000800936	0.2	80	259.422	0
0.000430964	0.000875083	0.2	80	259.383	0
0.000430964	0.000956093	0.2	80	259.341	0
0.000430964	0.0010446	0.2	80	259.294	0
0.000430964	0.00114131	0.2	80	259.244	0
0.000430964	0.00124696	0.2	80	259.189	0
0.000430964	0.0013624	0.2	80	259.129	0
0.000430964	0.00148852	0.2	80	259.064	0
0.000430964	0.00162632	0.2	80	258.993	0
0.000430964	0.00177687	0.2	80	258.916	0
0.000430964	0.00194137	0.2	80	258.833	0
0.000430964	0.00212109	0.2	80	258.742	0
0.000430964	0.00231745	0.2	80	258.643	0
0.000430964	0.00253198	0.2	80	258.536	0
0.000430964	0.00276638	0.2	80	258.42	0
0.000430964	0.00302248	0.2	80	258.294	0
0.000430964	0.00330228	0.2	80	258.157	0
0.000430964	0.00360798	0.2	80	258.01	0
0.000430964	0.00394199	0.2	80	257.85	0
0.000430964	0.00430692	0.2	80	257.678	0
0.000430964	0.00470563	0.2	80	257.492	0
0.000430964	0.00514125	0.2	80	257.293	0
0.000430964	0.0056172	0.2	80	257.078	0
0.000430964	0.0061372	0.2	80	256.847	0
0.000430964	0.00670535	0.2	80	256.6	0
0.000430964	0.0073261	0.2	80	256.336	0
0.000430964	0.0080043	0.2	80	256.055	0
0.000430964	0.0087453	0.2	80	255.756	0
0.000430964	0.00955489	0.2	80	255.439	0
0.000430964	0.0104394	0.2	80	255.105	0
0.000430964	0.0114058	0.2	80	254.753	0
0.000430964	0.0124617	0.2	80	254.386	0
0.000430964	0.0136154	0.2	80	254.005	0
0.000430964	0.0148758	0.2	80	253.611	0
0.000430964	0.0162529	0.2	80	253.209	0
0.000430964	0.0177575	0.2	80	252.802	0
0.000430964	0.0194014	0.2	80	252.397	0
0.000430964	0.0211975	0.2	80	251.999	0
0.000430964	0.0231598	0.2	80	251.619	0
0.000430964	0.0253038	0.2	80	251.267	0
0.000430964	0.0276463	0.2	80	250.958	0
0.000430964	0.0302057	0.2	80	250.708	0
0.000430964	0.0330019	0.2	80	250.538	0
0.000430964	0.0360571	0.2	80	250.474	0
0.000430964	0.039395	0.2	80	250.546	0
0.000430964	0.043042	0.2	80	250.79	0
0.000430964	0.0470266	0.2	80	251.25	0
0.000430964	0.05138	0.2	80	251.975	0
0.000430964	0.0561365	0.2	80	253.027	0
0.000430964	0.0613333	0.2	80	254.474	0
0.000430964	0.0670111	0.2	80	256.398	0
0.000430964	0.0732147	0.2	80	258.891	0
0.000430964	0.0799925	0.2	80	262.059	0
0.000430964	0.0873977	0.2	80	266.022	0
0.000430964	0.0954885	0.2	80	270.914	0
0.000430964	0.104328	0.2	80	276.881	0
0.000430964	0.113986	0.2	80	284.082	0
0.000430964	0.124539	0.2	80	292.687	0
0.000430964	0.136068	0.2	80	302.87	0
0.000430964	0.148664	0.2	80	314.804	0
0.000430964	0.162426	0.2	80	328.649	0
0.000430964	0.177463	0.2	80	344.543	0
0.000430964	0.193892	0.2	80	362.576	0
0.000430964	0.211841	0.2	80	382.77	0
0.000430964	0.231452	0.2	80	405.043	0
0.000430964	0.252878	0.2	80	429.167	0
0.000430964	0.276288	0.2	80	454.718	0
0.000430964	0.301866	0.2	80	481.01	0
0.000430964	0.329811	0.2	80	507.027	0
0.000430964	0.360343	0.2	80	531.342	0
0.000430964	0.393701	0.2	80	552.045	0
0.000430964	0.430148	0.2	80	566.681	0
0.000430964	0.469968	0.2	80	572.232	0
0.000430964	0.513475	0.2	80	565.182	0
0.000430964	0.56101	0.2	80	541.739	0
0.000430964	0.612945	0.2	80	498.308	0
0.000430964	0.669688	0.2	80	432.401	0
0.00047086	0.000104526	0.2	80	259.727	0
0.00047086	0.000114203	0.2	80	259.722	0
0.00047086	0.000124775	0.2	80	259.715	0
0.00047086	0.000136326	0.2	80	259.709	0
0.00047086	0.000148946	0.2	80	259.701	0
0.00047086	0.000162735	0.2	80	259.693	0
0.00047086	0.0001778	0.2	80	259.685	0
0.00047086	0.00019426	0.2	80	259.675	0
0.00047086	0.000212243	0.2	80	259.665	0
0.00047086	0.000231891	0.2	80	259.653	0
0.00047086	0.000253358	0.2	80	259.641	0
0.00047086	0.000276813	0.2	80	259.627	0
0.00047086	0.000302439	0.2	80	259.612	0
0.00047086	0.000330437	0.2	80	259.596	0
0.00047086	0.000361027	0.2	80	259.578	0
0.00047086	0.000394448	0.2	80	259.559	0
0.00047086	0.000430964	0.2	80	259.538	0
0.00047086	0.00047086	0.2	80	259.514	0
0.00047086	0.00051445	0.2	80	259.489	0
0.00047086	0.000562075	0.2	80	259.462	0
0.00047086	0.000614108	0.2	80	259.432	0
0.00047086	0.000670959	0.2	80	259.399	0
0.00047086	0.000733073	0.2	80	259.364	0
0.00047086	0.000800936	0.2	80	259.325	0
0.00047086	0.000875083	0.2	80	259.282	0
0.00047086	0.000956093	0.2	80	259.236	0
0.00047086	0.0010446	0.2	80	259.186	0
0.00047086	0.00114131	0.2	80	259.131	0
0.00047086	0.00124696	0.2	80	259.071	0
0.00047086	0.0013624	0.2	80	259.006	0
0.00047086	0.00148852	0.2	80	258.935	0
0.00047086	0.00162632	0.2	80	258.858	0
0.00047086	0.00177687	0.2	80	258.774	0
0.00047086	0.00194137	0.2	80	258.683	0
0.00047086	0.00212109	0.2	80	258.583	0
0.00047086	0.00231745	0.2	80	258.476	0
0.00047086	0.00253198	0.2	80	258.359	0
0.00047086	0.00276638	0.2	80	258.232	0
0.00047086	0.00302248	0.2	80	258.094	0
0.00047086	0.00330228	0.2	80	257.945	0
0.00047086	0.00360798	0.2	80	257.783	0
0.00047086	0.00394199	0.2	80	257.608	0
0.00047086	0.00430692	0.2	80	257.42	0
0.00047086	0.00470563	0.2	80	257.216	0
0.00047086	0.00514125	0.2	80	256.996	0
0.00047086	0.0056172	0.2	80	256.759	0
0.00047086	0.0061372	0.2	80	256.505	0
0.00047086	0.00670535	0.2	80	256.232	0
0.00047086	0.0073261	0.2	80	255.94	0
0.00047086	0.0080043	0.2	80	255.628	0
0.00047086	0.0087453	0.2	80	255.296	0
0.00047086	0.00955489	0.2	80	254.942	0
0.00047086	0.0104394	0.2	80	254.568	0
0.00047086	0.0114058	0.2	80	254.173	0
0.00047086	0.0124617	0.2	80	253.759	0
0.00047086	0.0136154	0.2	80	253.325	0
0.00047086	0.0148758	0.2	80	252.876	0
0.00047086	0.0162529	0.2	80	252.412	0
0.00047086	0.0177575	0.2	80	251.939	0
0.00047086	0.0194014	0.2	80	251.46	0
0.00047086	0.0211975	0.2	80	250.984	0
0.00047086	0.0231598	0.2	80	250.518	0
0.00047086	0.0253038	0.2	80	250.073	0
0.00047086	0.0276463	0.2	80	249.662	0
0.00047086	0.0302057	0.2	80	249.302	0
0.00047086	0.0330019	0.2	80	249.013	0
0.00047086	0.0360571	0.2	80	248.819	0
0.00047086	0.039395	0.2	80	248.75	0
0.00047086	0.043042	0.2	80	248.842	0
0.00047086	0.0470266	0.2	80	249.137	0
0.00047086	0.05138	0.2	80	249.684	0
0.00047086	0.0561365	0.2	80	250.544	0
0.00047086	0.0613333	0.2	80	251.784	0
0.00047086	0.0670111	0.2	80	253.484	0
0.00047086	0.0732147	0.2	80	255.737	0
0.00047086	0.0799925	0.2	80	258.648	0
0.00047086	0.0873977	0.2	80	262.336	0
0.00047086	0.0954885	0.2	80	266.932	0
0.00047086	0.104328	0.2	80	272.585	0
0.00047086	0.113986	0.2	80	279.452	0
0.00047086	0.124539	0.2	80	287.704	0
0.00047086	0.136068	0.2	80	297.514	0
0.00047086	0.148664	0.2	80	309.055	0
0.00047086	0.162426	0.2	80	322.491	0
0.00047086	0.177463	0.2	80	337.959	0
0.00047086	0.193892	0.2	80	355.554	0
0.00047086	0.211841	0.2	80	375.301	0
0.00047086	0.231452	0.2	80	397.122	0
0.00047086	0.252878	0.2	80	420.797	0
0.00047086	0.276288	0.2	80	445.909	0
0.00047086	0.301866	0.2	80	471.784	0
0.00047086	0.329811	0.2	80	497.418	0
0.00047086	0.360343	0.2	80	521.403	0
0.00047086	0.393701	0.2	80	541.846	0
0.00047086	0.430148	0.2	80	556.319	0
0.00047086	0.469968	0.2	80	561.835	0
0.00047086	0.513475	0.2	80	554.915	0
0.00047086	0.56101	0.2	80	531.81	0
0.00047086	0.612945	0.2	80	488.979	0
0.00047086	0.669688	0.2	80	423.999	0
0.00051445	0.000104526	0.2	80	259.656	0
0.00051445	0.000114203	0.2	80	259.65	0
0.00051445	0.000124775	0.2	80	259.643	0
0.00051445	0.000136326	0.2	80	259.636	0
0.00051445	0.000148946	0.2	80	259.628	0
0.00051445	0.000162735	0.2	80	259.619	0
0.00051445	0.0001778	0.2	80	259.609	0
0.00051445	0.00019426	0.2	80	259.599	0
0.00051445	0.000212243	0.2	80	259.588	0
0.00051445	0.000231891	0.2	80	259.575	0
0.00051445	0.000253358	0.2	80	259.562	0
0.00051445	0.000276813	0.2	80	259.547	0
0.00051445	0.000302439	0.2	80	259.531	0
0.00051445	0.000330437	0.2	80	259.513	0
0.00051445	0.000361027	0.2	80	259.494	0
0.00051445	0.000394448	0.2	80	259.473	0
0.00051445	0.000430964	0.2	80	259.45	0
0.00051445	0.00047086	0.2	80	259.425	0
0.00051445	0.00051445	0.2	80	259.397	0
0.00051445	0.000562075	0.2	80	259.367	0
0.00051445	0.000614108	0.2	80	259.335	0
0.00051445	0.000670959	0.2	80	259.299	0
0.00051445	0.000733073	0.2	80	259.26	0
0.00051445	0.000800936	0.2	80	259.218	0
0.00051445	0.000875083	0.2	80	259.172	0
0.00051445	0.000956093	0.2	80	259.122	0
0.00051445	0.0010446	0.2	80	259.067	0
0.00051445	0.00114131	0.2	80	259.007	0
0.00051445	0.00124696	0.2	80	258.942	0
0.00051445	0.0013624	0.2	80	258.871	0
0.00051445	0.00148852	0.2	80	258.794	0
0.00051445	0.00162632	0.2	80	258.71	0
0.00051445	0.00177687	0.2	80	258.618	0
0.00051445	0.00194137	0.2	80	258.519	0
0.00051445	0.00212109	0.2	80	258.411	0
0.00051445	0.00231745	0.2	80	258.293	0
0.00051445	0.00253198	0.2	80	258.165	0
0.00051445	0.00276638	0.2	80	258.026	0
0.00051445	0.00302248	0.2	80	257.876	0
0.00051445	0.00330228	0.2	80	257.713	0
0.00051445	0.00360798	0.2	80	257.536	0
0.00051445	0.00394199	0.2	80	257.344	0
0.00051445	0.00430692	0.2	80	257.137	0
0.00051445	0.00470563	0.2	80	256.914	0
0.00051445	0.00514125	0.2	80	256.672	0
0.00051445	0.0056172	0.2	80	256.412	0
0.00051445	0.0061372	0.2	80	256.132	0
0.00051445	0.00670535	0.2	80	255.831	0
0.00051445	0.0073261	0.2	80	255.508	0
0.00051445	0.0080043	0.2	80	255.162	0
0.00051445	0.0087453	0.2	80	254.793	0
0.00051445	0.00955489	0.2	80	254.4	0
0.00051445	0.0104394	0.2	80	253.982	0
0.00051445	0.0114058	0.2	80	253.54	0
0.00051445	0.0124617	0.2	80	253.074	0
0.00051445	0.0136154	0.2	80	252.584	0
0.00051445	0.0148758	0.2	80	252.073	0
0.00051445	0.0162529	0.2	80	251.543	0
0.00051445	0.0177575	0.2	80	250.997	0
0.00051445	0.0194014	0.2	80	250.44	0
0.00051445	0.0211975	0.2	80	249.877	0
0.00051445	0.0231598	0.2	80	249.318	0
0.00051445	0.0253038	0.2	80	248.771	0
0.00051445	0.0276463	0.2	80	248.25	0
0.00051445	0.0302057	0.2	80	247.77	0
0.00051445	0.0330019	0.2	80	247.351	0
0.00051445	0.0360571	0.2	80	247.017	0
0.00051445	0.039395	0.2	80	246.796	0
0.00051445	0.043042	0.2	80	246.723	0
0.00051445	0.0470266	0.2	80	246.839	0
0.00051445	0.05138	0.2	80	247.195	0
0.00051445	0.0561365	0.2	80	247.847	0
0.00051445	0.0613333	0.2	80	248.863	0
0.00051445	0.0670111	0.2	80	250.324	0
0.00051445	0.0732147	0.2	80	252.319	0
0.00051445	0.0799925	0.2	80	254.954	0
0.00051445	0.0873977	0.2	80	258.346	0
0.00051445	0.0954885	0.2	80	262.628	0
0.00051445	0.104328	0.2	80	267.946	0
0.00051445	0.113986	0.2	80	274.46	0
0.00051445	0.124539	0.2	80	282.337	0
0.00051445	0.136068	0.2	80	291.754	0
0.00051445	0.148664	0.2	80	302.885	0
0.00051445	0.162426	0.2	80	315.895	0
0.00051445	0.177463	0.2	80	330.924	0
0.00051445	0.193892	0.2	80	348.071	0
0.00051445	0.211841	0.2	80	367.365	0
0.00051445	0.231452	0.2	80	388.736	0
0.00051445	0.252878	0.2	80	411.972	0
0.00051445	0.276288	0.2	80	436.667	0
0.00051445	0.301866	0.2	80	462.16	0
0.00051445	0.329811	0.2	80	487.464	0
0.00051445	0.360343	0.2	80	511.192	0
0.00051445	0.393701	0.2	80	531.478	0
0.00051445	0.430148	0.2	80	545.923	0
0.00051445	0.469968	0.2	80	551.579	0
0.00051445	0.513475	0.2	80	545.013	0
0.00051445	0.56101	0.2	80	522.532	0
0.00051445	0.612945	0.2	80	480.662	0
0.00051445	0.669688	0.2	80	417.057	0
0.000562075	0.000104526	0.2	80	259.578	0
0.000562075	0.000114203	0.2	80	259.571	0
0.000562075	0.000124775	0.2	80	259.564	0
0.000562075	0.000136326	0.2	80	259.556	0
0.000562075	0.000148946	0.2	80	259.547	0
0.000562075	0.000162735	0.2	80	259.538	0
0.000562075	0.0001778	0.2	80	259.527	0
0.000562075	0.00019426	0.2	80	259.516	0
0.000562075	0.000212243	0.2	80	259.504	0
0.000562075	0.000231891	0.2	80	259.49	0
0.000562075	0.000253358	0.2	80	259.475	0
0.000562075	0.000276813	0.2	80	259.459	0
0.000562075	0.000302439	0.2	80	259.442	0
0.000562075	0.000330437	0.2	80	259.423	0
0.000562075	0.000361027	0.2	80	259.402	0
0.000562075	0.000394448	0.2	80	259.379	0
0.000562075	0.000430964	0.2	80	259.354	0
0.000562075	0.00047086	0.2	80	259.326	0
0.000562075	0.00051445	0.2	80	259.297	0
0.000562075	0.000562075	0.2	80	259.264	0
0.000562075	0.000614108	0.2	80	259.229	0
0.000562075	0.000670959	0.2	80	259.19	0
0.000562075	0.000733073	0.2	80	259.148	0
0.000562075	0.000800936	0.2	80	259.102	0
0.000562075	0.000875083	0.2	80	259.052	0
0.000562075	0.000956093	0.2	80	258.997	0
0.000562075	0.0010446	0.2	80	258.937	0
0.000562075	0.00114131	0.2	80	258.872	0
0.000562075	0.00124696	0.2	80	258.801	0
0.000562075	0.0013624	0.2	80	258.724	0
0.000562075	0.00148852	0.2	80	258.64	0
0.000562075	0.00162632	0.2	80	258.548	0
0.000562075	0.00177687	0.2	80	258.448	0
0.000562075	0.00194137	0.2	80	258.34	0
0.000562075	0.00212109	0.2	80	258.222	0
0.000562075	0.00231745	0.2	80	258.093	0
0.000562075	0.00253198	0.2	80	257.954	0
0.000562075	0.00276638	0.2	80	257.802	0
0.000562075	0.00302248	0.2	80	257.638	0
0.000562075	0.00330228	0.2	80	257.459	0
0.000562075	0.00360798	0.2	80	257.266	0
0.000562075	0.00394199	0.2	80	257.056	0
0.000562075	0.00430692	0.2	80	256.829	0
0.000562075	0.00470563	0.2	80	256.584	0
0.000562075	0.00514125	0.2	80	256.319	0
0.000562075	0.0056172	0.2	80	256.033	0
0.000562075	0.0061372	0.2	80	255.724	0
0.000562075	0.00670535	0.2	80	255.392	0
0.000562075	0.0073261	0.2	80	255.036	0
0.000562075	0.0080043	0.2	80	254.654	0
0.000562075	0.0087453	0.2	80	254.245	0
0.000562075	0.00955489	0.2	80	253.808	0
0.000562075	0.0104394	0.2	80	253.343	0
0.000562075	0.0114058	0.2	80	252.849	0
0.000562075	0.0124617	0.2	80	252.327	0
0.000562075	0.0136154	0.2	80	251.776	0
0.000562075	0.0148758	0.2	80	251.198	0
0.000562075	0.0162529	0.2	80	250.595	0
0.000562075	0.0177575	0.2	80	249.97	0
0.000562075	0.0194014	0.2	80	249.327	0
0.000562075	0.0211975	0.2	80	248.671	0
0.000562075	0.0231598	0.2	80	248.01	0
0.000562075	0.0253038	0.2	80	247.353	0
0.000562075	0.0276463	0.2	80	246.712	0
0.000562075	0.0302057	0.2	80	246.102	0
0.000562075	0.0330019	0.2	80	245.543	0
0.000562075	0.0360571	0.2	80	245.056	0
0.000562075	0.039395	0.2	80	244.67	0
0.000562075	0.043042	0.2	80	244.419	0
0.000562075	0.0470266	0.2	80	244.343	0
0.000562075	0.05138	0.2	80	244.491	0
0.000562075	0.0561365	0.2	80	244.919	0
0.000562075	0.0613333	0.2	80	245.695	0
0.000562075	0.0670111	0.2	80	246.898	0
0.000562075	0.0732147	0.2	80	248.617	0
0.000562075	0.0799925	0.2	80	250.956	0
0.000562075	0.0873977	0.2	80	254.033	0
0.000562075	0.0954885	0.2	80	257.98	0
0.000562075	0.104328	0.2	80	262.944	0
0.000562075	0.113986	0.2	80	269.083	0
0.000562075	0.124539	0.2	80	276.567	0
0.000562075	0.136068	0.2	80	285.573	0
0.000562075	0.148664	0.2	80	296.277	0
0.000562075	0.162426	0.2	80	308.847	0
0.000562075	0.177463	0.2	80	323.427	0
0.000562075	0.193892	0.2	80	340.12	0
0.000562075	0.211841	0.2	80	358.963	0
0.000562075	0.231452	0.2	80	379.894	0
0.000562075	0.252878	0.2	80	402.712	0
0.000562075	0.276288	0.2	80	427.025	0
0.000562075	0.301866	0.2	80	452.189	0
0.000562075	0.329811	0.2	80	477.238	0
0.000562075	0.360343	0.2	80	500.811	0
0.000562075	0.393701	0.2	80	521.074	0
0.000562075	0.430148	0.2	80	535.667	0
0.000562075	0.469968	0.2	80	541.69	0
0.000562075	0.513475	0.2	80	535.767	0
0.000562075	0.56101	0.2	80	514.272	0
0.000562075	0.612945	0.2	80	473.813	0
0.000562075	0.669688	0.2	80	412.145	0
0.000614108	0.000104526	0.2	80	259.493	0
0.000614108	0.000114203	0.2	80	259.485	0
0.000614108	0.000124775	0.2	80	259.478	0
0.000614108	0.000136326	0.2	80	259.469	0
0.000614108	0.000148946	0.2	80	259.459	0
0.000614108	0.000162735	0.2	80	259.449	0
0.000614108	0.0001778	0.2	80	259.438	0
0.000614108	0.00019426	0.2	80	259.425	0
0.000614108	0.000212243	0.2	80	259.412	0
0.000614108	0.000231891	0.2	80	259.397	0
0.000614108	0.000253358	0.2	80	259.381	0
0.000614108	0.000276813	0.2	80	259.364	0
0.000614108	0.000302439	0.2	80	259.345	0
0.000614108	0.000330437	0.2	80	259.324	0
0.000614108	0.000361027	0.2	80	259.301	0
0.000614108	0.000394448	0.2	80	259.276	0
0.000614108	0.000430964	0.2	80	259.249	0
0.000614108	0.00047086	0.2	80	259.219	0
0.000614108	0.00051445	0.2	80	259.187	0
0.000614108	0.000562075	0.2	80	259.151	0
0.000614108	0.000614108	0.2	80	259.113	0
0.000614108	0.000670959	0.2	80	259.071	0
0.000614108	0.000733073	0.2	80	259.025	0
0.000614108	0.000800936	0.2	80	258.975	0
0.000614108	0.000875083	0.2	80	258.92	0
0.000614108	0.000956093	0.2	80	258.86	0
0.000614108	0.0010446	0.2	80	258.795	0
0.000614108	0.00114131	0.2	80	258.725	0
0.000614108	0.00124696	0.2	80	258.647	0
0.000614108	0.0013624	0.2	80	258.563	0
0.000614108	0.00148852	0.2	80	258.471	0
0.000614108	0.00162632	0.2	80	258.372	0
0.000614108	0.00177687	0.2	80	258.263	0
0.000614108	0.00194137	0.2	80	258.144	0
0.000614108	0.00212109	0.2	80	258.016	0
0.000614108	0.00231745	0.2	80	257.876	0
0.000614108	0.00253198	0.2	80	257.723	0
0.000614108	0.00276638	0.2	80	257.558	0
0.000614108	0.00302248	0.2	80	257.378	0
0.000614108	0.00330228	0.2	80	257.183	0
0.000614108	0.00360798	0.2	80	256.971	0
0.000614108	0.00394199	0.2	80	256.741	0
0.000614108	0.00430692	0.2	80	256.493	0
0.000614108	0.00470563	0.2	80	256.224	0
0.000614108	0.00514125	0.2	80	255.933	0
0.000614108	0.0056172	0.2	80	255.618	0
0.000614108	0.0061372	0.2	80	255.279	0
0.000614108	0.00670535	0.2	80	254.914	0
0.000614108	0.0073261	0.2	80	254.521	0
0.000614108	0.0080043	0.2	80	254.099	0
0.000614108	0.0087453	0.2	80	253.646	0
0.000614108	0.00955489	0.2	80	253.162	0
0.000614108	0.0104394	0.2	80	252.645	0
0.000614108	0.0114058	0.2	80	252.095	0
0.000614108	0.0124617	0.2	80	251.511	0
0.000614108	0.0136154	0.2	80	250.894	0
0.000614108	0.0148758	0.2	80	250.244	0
0.000614108	0.0162529	0.2	80	249.562	0
0.000614108	0.0177575	0.2	80	248.851	0
0.000614108	0.0194014	0.2	80	248.114	0
0.000614108	0.0211975	0.2	80	247.356	0
0.000614108	0.0231598	0.2	80	246.585	0
0.000614108	0.0253038	0.2	80	245.808	0
0.000614108	0.0276463	0.2	80	245.038	0
0.000614108	0.0302057	0.2	80	244.287	0
0.000614108	0.0330019	0.2	80	243.575	0
0.000614108	0.0360571	0.2	80	242.923	0
0.000614108	0.039395	0.2	80	242.359	0
0.000614108	0.043042	0.2	80	241.915	0
0.000614108	0.0470266	0.2	80	241.632	0
0.000614108	0.05138	0.2	80	241.555	0
0.000614108	0.0561365	0.2	80	241.743	0
0.000614108	0.0613333	0.2	80	242.261	0
0.000614108	0.0670111	0.2	80	243.187	0
0.000614108	0.0732147	0.2	80	244.61	0
0.000614108	0.0799925	0.2	80	246.634	0
0.000614108	0.0873977	0.2	80	249.376	0
0.000614108	0.0954885	0.2	80	252.968	0
0.000614108	0.104328	0.2	80	257.556	0
0.000614108	0.113986	0.2	80	263.301	0
0.000614108	0.124539	0.2	80	270.373	0
0.000614108	0.136068	0.2	80	278.952	0
0.000614108	0.148664	0.2	80	289.215	0
0.000614108	0.162426	0.2	80	301.335	0
0.000614108	0.177463	0.2	80	315.46	0
0.000614108	0.193892	0.2	80	331.701	0
0.000614108	0.211841	0.2	80	350.103	0
0.000614108	0.231452	0.2	80	370.616	0
0.000614108	0.252878	0.2	80	393.051	0
0.000614108	0.276288	0.2	80	417.035	0
0.000614108	0.301866	0.2	80	441.944	0
0.000614108	0.329811	0.2	80	466.84	0
0.000614108	0.360343	0.2	80	490.393	0
0.000614108	0.393701	0.2	80	510.81	0
0.000614108	0.430148	0.2	80	525.78	0
0.000614108	0.469968	0.2	80	532.458	0
0.000614108	0.513475	0.2	80	527.54	0
0.000614108	0.56101	0.2	80	507.486	0
0.000614108	0.612945	0.2	80	469.003	0
0.000614108	0.669688	0.2	80	409.967	0
0.000670959	0.000104526	0.2	80	259.4	0
0.000670959	0.000114203	0.2	80	259.392	0
0.000670959	0.000124775	0.2	80	259.383	0
0.000670959	0.000136326	0.2	80	259.374	0
0.000670959	0.000148946	0.2	80	259.364	0
0.000670959	0.000162735	0.2	80	259.352	0
0.000670959	0.0001778	0.2	80	259.34	0
0.000670959	0.00019426	0.2	80	259.327	0
0.000670959	0.000212243	0.2	80	259.312	0
0.000670959	0.000231891	0.2	80	259.296	0
0.000670959	0.000253358	0.2	80	259.279	0
0.000670959	0.000276813	0.2	80	259.259	0
0.000670959	0.000302439	0.2	80	259.239	0
0.000670959	0.000330437	0.2	80	259.216	0
0.000670959	0.000361027	0.2	80	259.191	0
0.000670959	0.000394448	0.2	80	259.164	0
0.000670959	0.000430964	0.2	80	259.134	0
0.000670959	0.00047086	0.2	80	259.102	0
0.000670959	0.00051445	0.2	80	259.067	0
0.000670959	0.000562075	0.2	80	259.028	0
0.000670959	0.000614108	0.2	80	258.986	0
0.000670959	0.000670959	0.2	80	258.941	0
0.000670959	0.000733073	0.2	80	258.891	0
0.000670959	0.000800936	0.2	80	258.836	0
0.000670959	0.000875083	0.2	80	258.777	0
0.000670959	0.000956093	0.2	80	258.712	0
0.000670959	0.0010446	0.2	80	258.641	0
0.000670959	0.00114131	0.2	80	258.564	0
0.000670959	0.00124696	0.2	80	258.479	0
0.000670959	0.0013624	0.2	80	258.388	0
0.000670959	0.00148852	0.2	80	258.288	0
0.000670959	0.00162632	0.2	80	258.179	0
0.000670959	0.00177687	0.2	80	258.06	0
0.000670959	0.00194137	0.2	80	257.931	0
0.000670959	0.00212109	0.2	80	257.791	0
0.000670959	0.00231745	0.2	80	257.638	0
0.000670959	0.00253198	0.2	80	257.471	0
0.000670959	0.00276638	0.2	80	257.29	0
0.000670959	0.00302248	0.2	80	257.094	0
0.000670959	0.00330228	0.2	80	256.881	0
0.000670959	0.00360798	0.2	80	256.649	0
0.000670959	0.00394199	0.2	80	256.398	0
0.000670959	0.00430692	0.2	80	256.125	0
0.000670959	0.00470563	0.2	80	255.83	0
0.000670959	0.00514125	0.2	80	255.511	0
0.000670959	0.0056172	0.2	80	255.166	0
0.000670959	0.0061372	0.2	80	254.794	0
0.000670959	0.00670535	0.2	80	254.392	0
0.000670959	0.0073261	0.2	80	253.959	0
0.000670959	0.0080043	0.2	80	253.493	0
0.000670959	0.0087453	0.2	80	252.993	0
0.000670959	0.00955489	0.2	80	252.457	0
0.000670959	0.0104394	0.2	80	251.884	0
0.000670959	0.0114058	0.2	80	251.273	0
0.000670959	0.0124617	0.2	80	250.622	0
0.000670959	0.0136154	0.2	80	249.932	0
0.000670959	0.0148758	0.2	80	249.203	0
0.000670959	0.0162529	0.2	80	248.435	0
0.000670959	0.0177575	0.2	80	247.63	0
0.000670959	0.0194014	0.2	80	246.792	0
0.000670959	0.0211975	0.2	80	245.924	0
0.000670959	0.0231598	0.2	80	245.033	0
0.000670959	0.0253038	0.2	80	244.126	0
0.000670959	0.0276463	0.2	80	243.215	0
0.000670959	0.0302057	0.2	80	242.312	0
0.000670959	0.0330019	0.2	80	241.435	0
0.000670959	0.0360571	0.2	80	240.605	0
0.000670959	0.039395	0.2	80	239.848	0
0.000670959	0.043042	0.2	80	239.196	0
0.000670959	0.0470266	0.2	80	238.688	0
0.000670959	0.05138	0.2	80	238.372	0
0.000670959	0.0561365	0.2	80	238.301	0
0.000670959	0.0613333	0.2	80	238.542	0
0.000670959	0.0670111	0.2	80	239.171	0
0.000670959	0.0732147	0.2	80	240.279	0
0.000670959	0.0799925	0.2	80	241.967	0
0.000670959	0.0873977	0.2	80	244.353	0
0.000670959	0.0954885	0.2	80	247.57	0
0.000670959	0.104328	0.2	80	251.763	0
0.000670959	0.113986	0.2	80	257.096	0
0.000670959	0.124539	0.2	80	263.739	0
0.000670959	0.136068	0.2	80	271.876	0
0.000670959	0.148664	0.2	80	281.688	0
0.000670959	0.162426	0.2	80	293.352	0
0.000670959	0.177463	0.2	80	307.025	0
0.000670959	0.193892	0.2	80	322.824	0
0.000670959	0.211841	0.2	80	340.806	0
0.000670959	0.231452	0.2	80	360.935	0
0.000670959	0.252878	0.2	80	383.041	0
0.000670959	0.276288	0.2	80	406.769	0
0.000670959	0.301866	0.2	80	431.526	0
0.000670959	0.329811	0.2	80	456.405	0
0.000670959	0.360343	0.2	80	480.115	0
0.000670959	0.393701	0.2	80	500.914	0
0.000670959	0.430148	0.2	80	516.549	0
0.000670959	0.469968	0.2	80	524.248	0
0.000670959	0.513475	0.2	80	520.792	0
0.000670959	0.56101	0.2	80	502.745	0
0.000670959	0.612945	0.2	80	466.939	0
0.000670959	0.669688	0.2	80	411.396	0
0.000733073	0.000104526	0.2	80	259.298	0
0.000733073	0.000114203	0.2	80	259.29	0
0.000733073	0.000124775	0.2	80	259.28	0
0.000733073	0.000136326	0.2	80	259.27	0
0.000733073	0.000148946	0.2	80	259.259	0
0.000733073	0.000162735	0.2	80	259.247	0
0.000733073	0.0001778	0.2	80	259.233	0
0.000733073	0.00019426	0.2	80	259.219	0
0.000733073	0.000212243	0.2	80	259.203	0
0.000733073	0.000231891	0.2	80	259.185	0
0.000733073	0.000253358	0.2	80	259.166	0
0.000733073	0.000276813	0.2	80	259.146	0
0.000733073	0.000302439	0.2	80	259.123	0
0.000733073	0.000330437	0.2	80	259.098	0
0.000733073	0.000361027	0.2	80	259.071	0
0.000733073	0.000394448	0.2	80	259.042	0
0.000733073	0.000430964	0.2	80	259.01	0
0.000733073	0.00047086	0.2	80	258.974	0
0.000733073	0.00051445	0.2	80	258.936	0
0.000733073	0.000562075	0.2	80	258.894	0
0.000733073	0.000614108	0.2	80	258.848	0
0.000733073	0.000670959	0.2	80	258.799	0
0.000733073	0.000733073	0.2	80	258.744	0
0.000733073	0.000800936	0.2	80	258.685	0
0.000733073	0.000875083	0.2	80	258.62	0
0.000733073	0.000956093	0.2	80	258.549	0
0.000733073	0.0010446	0.2	80	258.472	0
0.000733073	0.00114131	0.2	80	258.388	0
0.000733073	0.00124696	0.2	80	258.296	0
0.000733073	0.0013624	0.2	80	258.196	0
0.000733073	0.00148852	0.2	80	258.087	0
0.000733073	0.00162632	0.2	80	257.968	0
0.000733073	0.00177687	0.2	80	257.839	0
0.000733073	0.00194137	0.2	80	257.698	0
0.000733073	0.00212109	0.2	80	257.545	0
0.000733073	0.00231745	0.2	80	257.378	0
0.000733073	0.00253198	0.2	80	257.196	0
0.000733073	0.00276638	0.2	80	256.999	0
0.000733073	0.00302248	0.2	80	256.784	0
0.000733073	0.00330228	0.2	80	256.551	0
0.000733073	0.00360798	0.2	80	256.297	0
0.000733073	0.00394199	0.2	80	256.023	0
0.000733073	0.00430692	0.2	80	255.724	0
0.000733073	0.00470563	0.2	80	255.401	0
0.000733073	0.00514125	0.2	80	255.051	0
0.000733073	0.0056172	0.2	80	254.673	0
0.000733073	0.0061372	0.2	80	254.264	0
0.000733073	0.00670535	0.2	80	253.822	0
0.000733073	0.0073261	0.2	80	253.345	0
0.000733073	0.0080043	0.2	80	252.832	0
0.000733073	0.0087453	0.2	80	252.281	0
0.000733073	0.00955489	0.2	80	251.689	0
0.000733073	0.0104394	0.2	80	251.054	0
0.000733073	0.0114058	0.2	80	250.376	0
0.000733073	0.0124617	0.2	80	249.653	0
0.000733073	0.0136154	0.2	80	248.884	0
0.000733073	0.0148758	0.2	80	248.068	0
0.000733073	0.0162529	0.2	80	247.207	0
0.000733073	0.0177575	0.2	80	246.301	0
0.000733073	0.0194014	0.2	80	245.352	0
0.000733073	0.0211975	0.2	80	244.365	0
0.000733073	0.0231598	0.2	80	243.343	0
0.000733073	0.0253038	0.2	80	242.296	0
0.000733073	0.0276463	0.2	80	241.232	0
0.000733073	0.0302057	0.2	80	240.164	0
0.000733073	0.0330019	0.2	80	239.108	0
0.000733073	0.0360571	0.2	80	238.085	0
0.000733073	0.039395	0.2	80	237.12	0
0.000733073	0.043042	0.2	80	236.244	0
0.000733073	0.0470266	0.2	80	235.496	0
0.000733073	0.05138	0.2	80	234.92	0
0.000733073	0.0561365	0.2	80	234.572	0
0.000733073	0.0613333	0.2	80	234.517	0
0.000733073	0.0670111	0.2	80	234.831	0
0.000733073	0.0732147	0.2	80	235.602	0
0.000733073	0.0799925	0.2	80	236.934	0
0.000733073	0.0873977	0.2	80	238.944	0
0.000733073	0.0954885	0.2	80	241.765	0
0.000733073	0.104328	0.2	80	245.546	0
0.000733073	0.113986	0.2	80	250.448	0
0.000733073	0.124539	0.2	80	256.65	0
0.000733073	0.136068	0.2	80	264.334	0
0.000733073	0.148664	0.2	80	273.689	0
0.000733073	0.162426	0.2	80	284.899	0
0.000733073	0.177463	0.2	80	298.129	0
0.000733073	0.193892	0.2	80	313.507	0
0.000733073	0.211841	0.2	80	331.105	0
0.000733073	0.231452	0.2	80	350.903	0
0.000733073	0.252878	0.2	80	372.753	0
0.000733073	0.276288	0.2	80	396.329	0
0.000733073	0.301866	0.2	80	421.069	0
0.000733073	0.329811	0.2	80	446.107	0
0.000733073	0.360343	0.2	80	470.204	0
0.000733073	0.393701	0.2	80	491.675	0
0.000733073	0.430148	0.2	80	508.341	0
0.000733073	0.469968	0.2	80	517.517	0
0.000733073	0.513475	0.2	80	516.093	0
0.000733073	0.56101	0.2	80	500.756	0
0.000733073	0.612945	0.2	80	468.491	0
0.000733073	0.669688	0.2	80	417.502	0
0.000800936	0.000104526	0.2	80	259.188	0
0.000800936	0.000114203	0.2	80	259.178	0
0.000800936	0.000124775	0.2	80	259.168	0
0.000800936	0.000136326	0.2	80	259.157	0
0.000800936	0.000148946	0.2	80	259.145	0
0.000800936	0.000162735	0.2	80	259.131	0
0.000800936	0.0001778	0.2	80	259.117	0
0.000800936	0.00019426	0.2	80	259.101	0
0.000800936	0.000212243	0.2	80	259.084	0
0.000800936	0.000231891	0.2	80	259.065	0
0.000800936	0.000253358	0.2	80	259.044	0
0.000800936	0.000276813	0.2	80	259.021	0
0.000800936	0.000302439	0.2	80	258.997	0
0.000800936	0.000330437	0.2	80	258.97	0
0.000800936	0.000361027	0.2	80	258.94	0
0.000800936	0.000394448	0.2	80	258.908	0
0.000800936	0.000430964	0.2	80	258.873	0
0.000800936	0.00047086	0.2	80	258.835	0
0.000800936	0.00051445	0.2	80	258.793	0
0.000800936	0.000562075	0.2	80	258.748	0
0.000800936	0.000614108	0.2	80	258.698	0
0.000800936	0.000670959	0.2	80	258.643	0
0.000800936	0.000733073	0.2	80	258.584	0
0.000800936	0.000800936	0.2	80	258.519	0
0.000800936	0.000875083	0.2	80	258.449	0
0.000800936	0.000956093	0.2	80	258.372	0
0.000800936	0.0010446	0.2	80	258.288	0
0.000800936	0.00114131	0.2	80	258.196	0
0.000800936	0.00124696	0.2	80	258.096	0
0.000800936	0.0013624	0.2	80	257.987	0
0.000800936	0.00148852	0.2	80	257.868	0
0.000800936	0.00162632	0.2	80	257.739	0
0.000800936	0.00177687	0.2	80	257.598	0
0.000800936	0.00194137	0.2	80	257.444	0
0.000800936	0.00212109	0.2	80	257.277	0
0.000800936	0.00231745	0.2	80	257.094	0
0.000800936	0.00253198	0.2	80	256.896	0
0.000800936	0.00276638	0.2	80	256.68	0
0.000800936	0.00302248	0.2	80	256.446	0
0.000800936	0.00330228	0.2	80	256.191	0
0.000800936	0.00360798	0.2	80	255.914	0
0.000800936	0.00394199	0.2	80	255.613	0
0.000800936	0.00430692	0.2	80	255.287	0
0.000800936	0.00470563	0.2	80	254.933	0
0.000800936	0.00514125	0.2	80	254.549	0
0.000800936	0.0056172	0.2	80	254.134	0
0.000800936	0.0061372	0.2	80	253.685	0
0.000800936	0.00670535	0.2	80	253.2	0
0.000800936	0.0073261	0.2	80	252.676	0
0.000800936	0.0080043	0.2	80	252.111	0
0.000800936	0.0087453	0.2	80	251.504	0
0.000800936	0.00955489	0.2	80	250.85	0
0.000800936	0.0104394	0.2	80	250.149	0
0.000800936	0.0114058	0.2	80	249.398	0
0.000800936	0.0124617	0.2	80	248.596	0
0.000800936	0.0136154	0.2	80	247.741	0
0.000800936	0.0148758	0.2	80	246.832	0
0.000800936	0.0162529	0.2	80	245.869	0
0.000800936	0.0177575	0.2	80	244.852	0
0.000800936	0.0194014	0.2	80	243.784	0
0.000800936	0.0211975	0.2	80	242.666	0
0.000800936	0.0231598	0.2	80	241.504	0
0.000800936	0.0253038	0.2	80	240.304	0
0.000800936	0.0276463	0.2	80	239.075	0
0.000800936	0.0302057	0.2	80	237.828	0
0.000800936	0.0330019	0.2	80	236.579	0
0.000800936	0.0360571	0.2	80	235.348	0
0.000800936	0.039395	0.2	80	234.159	0
0.000800936	0.043042	0.2	80	233.042	0
0.000800936	0.0470266	0.2	80	232.035	0
0.000800936	0.05138	0.2	80	231.182	0
0.000800936	0.0561365	0.2	80	230.538	0
0.000800936	0.0613333	0.2	80	230.166	0
0.000800936	0.0670111	0.2	80	230.143	0
0.000800936	0.0732147	0.2	80	230.558	0
0.000800936	0.0799925	0.2	80	231.513	0
0.000800936	0.0873977	0.2	80	233.128	0
0.000800936	0.0954885	0.2	80	235.535	0
0.000800936	0.104328	0.2	80	238.885	0
0.000800936	0.113986	0.2	80	243.345	0
0.000800936	0.124539	0.2	80	249.093	0
0.000800936	0.136068	0.2	80	256.319	0
0.000800936	0.148664	0.2	80	265.22	0
0.000800936	0.162426	0.2	80	275.985	0
0.000800936	0.177463	0.2	80	288.793	0
0.000800936	0.193892	0.2	80	303.785	0
0.000800936	0.211841	0.2	80	321.051	0
0.000800936	0.231452	0.2	80	340.592	0
0.000800936	0.252878	0.2	80	362.289	0
0.000800936	0.276288	0.2	80	385.848	0
0.000800936	0.301866	0.2	80	410.749	0
0.000800936	0.329811	0.2	80	436.175	0
0.000800936	0.360343	0.2	80	460.948	0
0.000800936	0.393701	0.2	80	483.458	0
0.000800936	0.430148	0.2	80	501.613	0
0.000800936	0.469968	0.2	80	512.838	0
0.000800936	0.513475	0.2	80	514.149	0
0.000800936	0.56101	0.2	80	502.391	0
0.000800936	0.612945	0.2	80	474.733	0
0.000800936	0.669688	0.2	80	429.599	0
0.000875083	0.000104526	0.2	80	259.067	0
0.000875083	0.000114203	0.2	80	259.057	0
0.000875083	0.000124775	0.2	80	259.045	0
0.000875083	0.000136326	0.2	80	259.033	0
0.000875083	0.000148946	0.2	80	259.02	0
0.000875083	0.000162735	0.2	80	259.006	0
0.000875083	0.0001778	0.2	80	258.99	0
0.000875083	0.00019426	0.2	80	258.972	0
0.000875083	0.000212243	0.2	80	258.954	0
0.000875083	0.000231891	0.2	80	258.933	0
0.000875083	0.000253358	0.2	80	258.91	0
0.000875083	0.000276813	0.2	80	258.886	0
0.000875083	0.000302439	0.2	80	258.859	0
0.000875083	0.000330437	0.2	80	258.83	0
0.000875083	0.000361027	0.2	80	258.798	0
0.000875083	0.000394448	0.2	80	258.763	0
0.000875083	0.000430964	0.2	80	258.725	0
0.000875083	0.00047086	0.2	80	258.683	0
0.000875083	0.00051445	0.2	80	258.637	0
0.000875083	0.000562075	0.2	80	258.588	0
0.000875083	0.000614108	0.2	80	258.533	0
0.000875083	0.000670959	0.2	80	258.474	0
0.000875083	0.000733073	0.2	80	258.41	0
0.000875083	0.000800936	0.2	80	258.339	0
0.000875083	0.000875083	0.2	80	258.262	0
0.000875083	0.000956093	0.2	80	258.178	0
0.000875083	0.0010446	0.2	80	258.086	0
0.000875083	0.00114131	0.2	80	257.986	0
0.000875083	0.00124696	0.2	80	257.878	0
0.000875083	0.0013624	0.2	80	257.759	0
0.000875083	0.00148852	0.2	80	257.629	0
0.000875083	0.00162632	0.2	80	257.488	0
0.000875083	0.00177687	0.2	80	257.334	0
0.000875083	0.00194137	0.2	80	257.166	0
0.000875083	0.00212109	0.2	80	256.984	0
0.000875083	0.00231745	0.2	80	256.785	0
0.000875083	0.00253198	0.2	80	256.568	0
0.000875083	0.00276638	0.2	80	256.333	0
0.000875083	0.00302248	0.2	80	256.076	0
0.000875083	0.00330228	0.2	80	255.798	0
0.000875083	0.00360798	0.2	80	255.495	0
0.000875083	0.00394199	0.2	80	255.166	0
0.000875083	0.00430692	0.2	80	254.809	0
0.000875083	0.00470563	0.2	80	254.422	0
0.000875083	0.00514125	0.2	80	254.002	0
0.000875083	0.0056172	0.2	80	253.546	0
0.000875083	0.0061372	0.2	80	253.054	0
0.000875083	0.00670535	0.2	80	252.521	0
0.000875083	0.0073261	0.2	80	251.946	0
0.000875083	0.0080043	0.2	80	251.325	0
0.000875083	0.0087453	0.2	80	250.656	0
0.000875083	0.00955489	0.2	80	249.936	0
0.000875083	0.0104394	0.2	80	249.162	0
0.000875083	0.0114058	0.2	80	248.332	0
0.000875083	0.0124617	0.2	80	247.444	0
0.000875083	0.0136154	0.2	80	246.495	0
0.000875083	0.0148758	0.2	80	245.484	0
0.000875083	0.0162529	0.2	80	244.411	0
0.000875083	0.0177575	0.2	80	243.274	0
0.000875083	0.0194014	0.2	80	242.076	0
0.000875083	0.0211975	0.2	80	240.817	0
0.000875083	0.0231598	0.2	80	239.503	0
0.000875083	0.0253038	0.2	80	238.137	0
0.000875083	0.0276463	0.2	80	236.729	0
0.000875083	0.0302057	0.2	80	235.29	0
0.000875083	0.0330019	0.2	80	233.833	0
0.000875083	0.0360571	0.2	80	232.378	0
0.000875083	0.039395	0.2	80	230.947	0
0.000875083	0.043042	0.2	80	229.572	0
0.000875083	0.0470266	0.2	80	228.287	0
0.000875083	0.05138	0.2	80	227.137	0
0.000875083	0.0561365	0.2	80	226.176	0
0.000875083	0.0613333	0.2	80	225.468	0
0.000875083	0.0670111	0.2	80	225.088	0
0.000875083	0.0732147	0.2	80	225.125	0
0.000875083	0.0799925	0.2	80	225.684	0
0.000875083	0.0873977	0.2	80	226.884	0
0.000875083	0.0954885	0.2	80	228.861	0
0.000875083	0.104328	0.2	80	231.767	0
0.000875083	0.113986	0.2	80	235.772	0
0.000875083	0.124539	0.2	80	241.062	0
0.000875083	0.136068	0.2	80	247.832	0
0.000875083	0.148664	0.2	80	256.287	0
0.000875083	0.162426	0.2	80	266.629	0
0.000875083	0.177463	0.2	80	279.049	0
0.000875083	0.193892	0.2	80	293.708	0
0.000875083	0.211841	0.2	80	310.716	0
0.000875083	0.231452	0.2	80	330.103	0
0.000875083	0.252878	0.2	80	351.783	0
0.000875083	0.276288	0.2	80	375.502	0
0.000875083	0.301866	0.2	80	400.792	0
0.000875083	0.329811	0.2	80	426.898	0
0.000875083	0.360343	0.2	80	452.714	0
0.000875083	0.393701	0.2	80	476.721	0
0.000875083	0.430148	0.2	80	496.938	0
0.000875083	0.469968	0.2	80	510.918	0
0.000875083	0.513475	0.2	80	515.836	0
0.000875083	0.56101	0.2	80	508.725	0
0.000875083	0.612945	0.2	80	486.979	0
0.000875083	0.669688	0.2	80	449.293	0
0.000956093	0.000104526	0.2	80	258.935	0
0.000956093	0.000114203	0.2	80	258.924	0
0.000956093	0.000124775	0.2	80	258.912	0
0.000956093	0.000136326	0.2	80	258.899	0
0.000956093	0.000148946	0.2	80	258.884	0
0.000956093	0.000162735	0.2	80	258.868	0
0.000956093	0.0001778	0.2	80	258.851	0
0.000956093	0.00019426	0.2	80	258.832	0
0.000956093	0.000212243	0.2	80	258.812	0
0.000956093	0.000231891	0.2	80	258.789	0
0.000956093	0.000253358	0.2	80	258.765	0
0.000956093	0.000276813	0.2	80	258.738	0
0.000956093	0.000302439	0.2	80	258.709	0
0.000956093	0.000330437	0.2	80	258.677	0
0.000956093	0.000361027	0.2	80	258.642	0
0.000956093	0.000394448	0.2	80	258.604	0
0.000956093	0.000430964	0.2	80	258.562	0
0.000956093	0.00047086	0.2	80	258.517	0
0.000956093	0.00051445	0.2	80	258.467	0
0.000956093	0.000562075	0.2	80	258.413	0
0.000956093	0.000614108	0.2	80	258.354	0
0.000956093	0.000670959	0.2	80	258.289	0
0.000956093	0.000733073	0.2	80	258.219	0
0.000956093	0.000800936	0.2	80	258.142	0
0.000956093	0.000875083	0.2	80	258.058	0
0.000956093	0.000956093	0.2	80	257.967	0
0.000956093	0.0010446	0.2	80	257.867	0
0.000956093	0.00114131	0.2	80	257.758	0
0.000956093	0.00124696	0.2	80	257.639	0
0.000956093	0.0013624	0.2	80	257.509	0
0.000956093	0.00148852	0.2	80	257.368	0
0.000956093	0.00162632	0.2	80	257.214	0
0.000956093	0.00177687	0.2	80	257.046	0
0.000956093	0.00194137	0.2	80	256.863	0
0.000956093	0.00212109	0.2	80	256.664	0
0.000956093	0.00231745	0.2	80	256.447	0
0.000956093	0.00253198	0.2	80	256.21	0
0.000956093	0.00276638	0.2	80	255.953	0
0.000956093	0.00302248	0.2	80	255.673	0
0.000956093	0.00330228	0.2	80	255.369	0
0.000956093	0.00360798	0.2	80	255.038	0
0.000956093	0.00394199	0.2	80	254.678	0
0.000956093	0.00430692	0.2	80	254.288	0
0.000956093	0.00470563	0.2	80	253.864	0
0.000956093	0.00514125	0.2	80	253.404	0
0.000956093	0.0056172	0.2	80	252.905	0
0.000956093	0.0061372	0.2	80	252.365	0
0.000956093	0.00670535	0.2	80	251.781	0
0.000956093	0.0073261	0.2	80	251.149	0
0.000956093	0.0080043	0.2	80	250.467	0
0.000956093	0.0087453	0.2	80	249.731	0
0.000956093	0.00955489	0.2	80	248.938	0
0.000956093	0.0104394	0.2	80	248.085	0
0.000956093	0.0114058	0.2	80	247.169	0
0.000956093	0.0124617	0.2	80	246.188	0
0.000956093	0.0136154	0.2	80	245.137	0
0.000956093	0.0148758	0.2	80	244.016	0
0.000956093	0.0162529	0.2	80	242.823	0
0.000956093	0.0177575	0.2	80	241.557	0
0.000956093	0.0194014	0.2	80	240.217	0
0.000956093	0.0211975	0.2	80	238.806	0
0.000956093	0.0231598	0.2	80	237.326	0
0.000956093	0.0253038	0.2	80	235.782	0
0.000956093	0.0276463	0.2	80	234.181	0
0.000956093	0.0302057	0.2	80	232.533	0
0.000956093	0.0330019	0.2	80	230.852	0
0.000956093	0.0360571	0.2	80	229.155	0
0.000956093	0.039395	0.2	80	227.466	0
0.000956093	0.043042	0.2	80	225.813	0
0.000956093	0.0470266	0.2	80	224.231	0
0.000956093	0.05138	0.2	80	222.764	0
0.000956093	0.0561365	0.2	80	221.466	0
0.000956093	0.0613333	0.2	80	220.4	0
0.000956093	0.0670111	0.2	80	219.643	0
0.000956093	0.0732147	0.2	80	219.284	0
0.000956093	0.0799925	0.2	80	219.428	0
0.000956093	0.0873977	0.2	80	220.196	0
0.000956093	0.0954885	0.2	80	221.728	0
0.000956093	0.104328	0.2	80	224.179	0
0.000956093	0.113986	0.2	80	227.725	0
0.000956093	0.124539	0.2	80	232.557	0
0.000956093	0.136068	0.2	80	238.88	0
0.000956093	0.148664	0.2	80	246.91	0
0.000956093	0.162426	0.2	80	256.864	0
0.000956093	0.177463	0.2	80	268.949	0
0.000956093	0.193892	0.2	80	283.349	0
0.000956093	0.211841	0.2	80	300.201	0
0.000956093	0.231452	0.2	80	319.57	0
0.000956093	0.252878	0.2	80	341.409	0
0.000956093	0.276288	0.2	80	365.518	0
0.000956093	0.301866	0.2	80	391.488	0
0.000956093	0.329811	0.2	80	418.639	0
0.000956093	0.360343	0.2	80	445.959	0
0.000956093	0.393701	0.2	80	472.036	0
0.000956093	0.430148	0.2	80	495.022	0
0.000956093	0.469968	0.2	80	512.63	0
0.000956093	0.513475	0.2	80	522.226	0
0.000956093	0.56101	0.2	80	521.072	0
0.000956093	0.612945	0.2	80	506.837	0
0.000956093	0.669688	0.2	80	478.542	0
0.0010446	0.000104526	0.2	80	258.791	0
0.0010446	0.000114203	0.2	80	258.779	0
0.0010446	0.000124775	0.2	80	258.766	0
0.0010446	0.000136326	0.2	80	258.751	0
0.0010446	0.000148946	0.2	80	258.736	0
0.0010446	0.000162735	0.2	80	258.719	0
0.0010446	0.0001778	0.2	80	258.7	0
0.0010446	0.00019426	0.2	80	258.679	0
0.0010446	0.000212243	0.2	80	258.657	0
0.0010446	0.000231891	0.2	80	258.632	0
0.0010446	0.000253358	0.2	80	258.606	0
0.0010446	0.000276813	0.2	80	258.577	0
0.0010446	0.000302439	0.2	80	258.545	0
0.0010446	0.000330437	0.2	80	258.51	0
0.0010446	0.000361027	0.2	80	258.472	0
0.0010446	0.000394448	0.2	80	258.43	0
0.0010446	0.000430964	0.2	80	258.385	0
0.0010446	0.00047086	0.2	80	258.335	0
0.0010446	0.00051445	0.2	80	258.281	0
0.0010446	0.000562075	0.2	80	258.222	0
0.0010446	0.000614108	0.2	80	258.158	0
0.0010446	0.000670959	0.2	80	258.088	0
0.0010446	0.000733073	0.2	80	258.011	0
0.0010446	0.000800936	0.2	80	257.927	0
0.0010446	0.000875083	0.2	80	257.836	0
0.0010446	0.000956093	0.2	80	257.736	0
0.0010446	0.0010446	0.2	80	257.627	0
0.0010446	0.00114131	0.2	80	257.508	0
0.0010446	0.00124696	0.2	80	257.379	0
0.0010446	0.0013624	0.2	80	257.237	0
0.0010446	0.00148852	0.2	80	257.083	0
0.0010446	0.00162632	0.2	80	256.915	0
0.0010446	0.00177687	0.2	80	256.732	0
0.0010446	0.00194137	0.2	80	256.533	0
0.0010446	0.00212109	0.2	80	256.315	0
0.0010446	0.00231745	0.2	80	256.078	0
0.0010446	0.00253198	0.2	80	255.82	0
0.0010446	0.00276638	0.2	80	255.539	0
0.0010446	0.00302248	0.2	80	255.233	0
0.0010446	0.00330228	0.2	80	254.901	0
0.0010446	0.00360798	0.2	80	254.539	0
0.0010446	0.00394199	0.2	80	254.146	0
0.0010446	0.00430692	0.2	80	253.719	0
0.0010446	0.00470563	0.2	80	253.255	0
0.0010446	0.00514125	0.2	80	252.751	0
0.0010446	0.0056172	0.2	80	252.205	0
0.0010446	0.0061372	0.2	80	251.614	0
0.0010446	0.00670535	0.2	80	250.973	0
0.0010446	0.0073261	0.2	80	250.28	0
0.0010446	0.0080043	0.2	80	249.531	0
0.0010446	0.0087453	0.2	80	248.723	0
0.0010446	0.00955489	0.2	80	247.851	0
0.0010446	0.0104394	0.2	80	246.912	0
0.0010446	0.0114058	0.2	80	245.903	0
0.0010446	0.0124617	0.2	80	244.819	0
0.0010446	0.0136154	0.2	80	243.658	0
0.0010446	0.0148758	0.2	80	242.418	0
0.0010446	0.0162529	0.2	80	241.094	0
0.0010446	0.0177575	0.2	80	239.687	0
0.0010446	0.0194014	0.2	80	238.195	0
0.0010446	0.0211975	0.2	80	236.618	0
0.0010446	0.0231598	0.2	80	234.96	0
0.0010446	0.0253038	0.2	80	233.222	0
0.0010446	0.0276463	0.2	80	231.413	0
0.0010446	0.0302057	0.2	80	229.541	0
0.0010446	0.0330019	0.2	80	227.618	0
0.0010446	0.0360571	0.2	80	225.663	0
0.0010446	0.039395	0.2	80	223.695	0
0.0010446	0.043042	0.2	80	221.745	0
0.0010446	0.0470266	0.2	80	219.846	0
0.0010446	0.05138	0.2	80	218.042	0
0.0010446	0.0561365	0.2	80	216.386	0
0.0010446	0.0613333	0.2	80	214.943	0
0.0010446	0.0670111	0.2	80	213.788	0
0.0010446	0.0732147	0.2	80	213.014	0
0.0010446	0.0799925	0.2	80	212.726	0
0.0010446	0.0873977	0.2	80	213.048	0
0.0010446	0.0954885	0.2	80	214.124	0
0.0010446	0.104328	0.2	80	216.115	0
0.0010446	0.113986	0.2	80	219.203	0
0.0010446	0.124539	0.2	80	223.587	0
0.0010446	0.136068	0.2	80	229.484	0
0.0010446	0.148664	0.2	80	237.124	0
0.0010446	0.162426	0.2	80	246.741	0
0.0010446	0.177463	0.2	80	258.565	0
0.0010446	0.193892	0.2	80	272.807	0
0.0010446	0.211841	0.2	80	289.64	0
0.0010446	0.231452	0.2	80	309.167	0
0.0010446	0.252878	0.2	80	331.395	0
0.0010446	0.276288	0.2	80	356.184	0
0.0010446	0.301866	0.2	80	383.201	0
0.0010446	0.329811	0.2	80	411.859	0
0.0010446	0.360343	0.2	80	441.254	0
0.0010446	0.393701	0.2	80	470.111	0
0.0010446	0.430148	0.2	80	496.74	0
0.0010446	0.469968	0.2	80	519.05	0
0.0010446	0.513475	0.2	80	534.637	0
0.0010446	0.56101	0.2	80	541.042	0
0.0010446	0.612945	0.2	80	536.266	0
0.0010446	0.669688	0.2	80	519.727	0
0.00114131	0.000104526	0.2	80	258.634	0
0.00114131	0.000114203	0.2	80	258.621	0
0.00114131	0.000124775	0.2	80	258.607	0
0.00114131	0.000136326	0.2	80	258.591	0
0.00114131	0.000148946	0.2	80	258.574	0
0.00114131	0.000162735	0.2	80	258.555	0
0.00114131	0.0001778	0.2	80	258.535	0
0.00114131	0.00019426	0.2	80	258.512	0
0.00114131	0.000212243	0.2	80	258.488	0
0.00114131	0.000231891	0.2	80	258.461	0
0.00114131	0.000253358	0.2	80	258.432	0
0.00114131	0.000276813	0.2	80	258.4	0
0.00114131	0.000302439	0.2	80	258.366	0
0.00114131	0.000330437	0.2	80	258.328	0
0.00114131	0.000361027	0.2	80	258.286	0
0.00114131	0.000394448	0.2	80	258.241	0
0.00114131	0.000430964	0.2	80	258.192	0
0.00114131	0.00047086	0.2	80	258.138	0
0.00114131	0.00051445	0.2	80	258.079	0
0.00114131	0.000562075	0.2	80	258.015	0
0.00114131	0.000614108	0.2	80	257.944	0
0.00114131	0.000670959	0.2	80	257.868	0
0.00114131	0.000733073	0.2	80	257.784	0
0.00114131	0.000800936	0.2	80	257.693	0
0.00114131	0.000875083	0.2	80	257.593	0
0.00114131	0.000956093	0.2	80	257.484	0
0.00114131	0.0010446	0.2	80	257.366	0
0.00114131	0.00114131	0.2	80	257.236	0
0.00114131	0.00124696	0.2	80	257.095	0
0.00114131	0.0013624	0.2	80	256.941	0
0.00114131	0.00148852	0.2	80	256.773	0
0.00114131	0.00162632	0.2	80	256.589	0
0.00114131	0.00177687	0.2	80	256.389	0
0.00114131	0.00194137	0.2	80	256.172	0
0.00114131	0.00212109	0.2	80	255.934	0
0.00114131	0.00231745	0.2	80	255.676	0
0.00114131	0.00253198	0.2	80	255.394	0
0.00114131	0.00276638	0.2	80	255.087	0
0.00114131	0.00302248	0.2	80	254.753	0
0.00114131	0.00330228	0.2	80	254.39	0
0.00114131	0.00360798	0.2	80	253.995	0
0.00114131	0.00394199	0.2	80	253.565	0
0.00114131	0.00430692	0.2	80	253.098	0
0.00114131	0.00470563	0.2	80	252.59	0
0.00114131	0.00514125	0.2	80	252.04	0
0.00114131	0.0056172	0.2	80	251.442	0
0.00114131	0.0061372	0.2	80	250.794	0
0.00114131	0.00670535	0.2	80	250.092	0
0.00114131	0.0073261	0.2	80	249.333	0
0.00114131	0.0080043	0.2	80	248.511	0
0.00114131	0.0087453	0.2	80	247.623	0
0.00114131	0.00955489	0.2	80	246.666	0
0.00114131	0.0104394	0.2	80	245.633	0
0.00114131	0.0114058	0.2	80	244.522	0
0.00114131	0.0124617	0.2	80	243.328	0
0.00114131	0.0136154	0.2	80	242.048	0
0.00114131	0.0148758	0.2	80	240.677	0
0.00114131	0.0162529	0.2	80	239.213	0
0.00114131	0.0177575	0.2	80	237.652	0
0.00114131	0.0194014	0.2	80	235.995	0
0.00114131	0.0211975	0.2	80	234.24	0
0.00114131	0.0231598	0.2	80	232.388	0
0.00114131	0.0253038	0.2	80	230.443	0
0.00114131	0.0276463	0.2	80	228.409	0
0.00114131	0.0302057	0.2	80	226.295	0
0.00114131	0.0330019	0.2	80	224.113	0
0.00114131	0.0360571	0.2	80	221.879	0
0.00114131	0.039395	0.2	80	219.615	0
0.00114131	0.043042	0.2	80	217.347	0
0.00114131	0.0470266	0.2	80	215.111	0
0.00114131	0.05138	0.2	80	212.949	0
0.00114131	0.0561365	0.2	80	210.915	0
0.00114131	0.0613333	0.2	80	209.074	0
0.00114131	0.0670111	0.2	80	207.503	0
0.00114131	0.0732147	0.2	80	206.296	0
0.00114131	0.0799925	0.2	80	205.562	0
0.00114131	0.0873977	0.2	80	205.429	0
0.00114131	0.0954885	0.2	80	206.043	0
0.00114131	0.104328	0.2	80	207.575	0
0.00114131	0.113986	0.2	80	210.213	0
0.00114131	0.124539	0.2	80	214.17	0
0.00114131	0.136068	0.2	80	219.675	0
0.00114131	0.148664	0.2	80	226.977	0
0.00114131	0.162426	0.2	80	236.332	0
0.00114131	0.177463	0.2	80	247.997	0
0.00114131	0.193892	0.2	80	262.218	0
0.00114131	0.211841	0.2	80	279.207	0
0.00114131	0.231452	0.2	80	299.122	0
0.00114131	0.252878	0.2	80	322.029	0
0.00114131	0.276288	0.2	80	347.865	0
0.00114131	0.301866	0.2	80	376.39	0
0.00114131	0.329811	0.2	80	407.128	0
0.00114131	0.360343	0.2	80	439.309	0
0.00114131	0.393701	0.2	80	471.82	0
0.00114131	0.430148	0.2	80	503.167	0
0.00114131	0.469968	0.2	80	531.493	0
0.00114131	0.513475	0.2	80	554.676	0
0.00114131	0.56101	0.2	80	570.594	0
0.00114131	0.612945	0.2	80	577.65	0
0.00114131	0.669688	0.2	80	575.743	0
0.00124696	0.000104526	0.2	80	258.463	0
0.00124696	0.000114203	0.2	80	258.449	0
0.00124696	0.000124775	0.2	80	258.433	0
0.00124696	0.000136326	0.2	80	258.416	0
0.00124696	0.000148946	0.2	80	258.397	0
0.00124696	0.000162735	0.2	80	258.377	0
0.00124696	0.0001778	0.2	80	258.355	0
0.00124696	0.00019426	0.2	80	258.33	0
0.00124696	0.000212243	0.2	80	258.304	0
0.00124696	0.000231891	0.2	80	258.275	0
0.00124696	0.000253358	0.2	80	258.243	0
0.00124696	0.000276813	0.2	80	258.208	0
0.00124696	0.000302439	0.2	80	258.17	0
0.00124696	0.000330437	0.2	80	258.129	0
0.00124696	0.000361027	0.2	80	258.084	0
0.00124696	0.000394448	0.2	80	258.035	0
0.00124696	0.000430964	0.2	80	257.981	0
0.00124696	0.00047086	0.2	80	257.922	0
0.00124696	0.00051445	0.2	80	257.858	0
0.00124696	0.000562075	0.2	80	257.788	0
0.00124696	0.000614108	0.2	80	257.711	0
0.00124696	0.000670959	0.2	80	257.628	0
0.00124696	0.000733073	0.2	80	257.536	0
0.00124696	0.000800936	0.2	80	257.437	0
0.00124696	0.000875083	0.2	80	257.328	0
0.00124696	0.000956093	0.2	80	257.21	0
0.00124696	0.0010446	0.2	80	257.08	0
0.00124696	0.00114131	0.2	80	256.939	0
0.00124696	0.00124696	0.2	80	256.785	0
0.00124696	0.0013624	0.2	80	256.617	0
0.00124696	0.00148852	0.2	80	256.433	0
0.00124696	0.00162632	0.2	80	256.233	0
0.00124696	0.00177687	0.2	80	256.015	0
0.00124696	0.00194137	0.2	80	255.778	0
0.00124696	0.00212109	0.2	80	255.519	0
0.00124696	0.00231745	0.2	80	255.236	0
0.00124696	0.00253198	0.2	80	254.929	0
0.00124696	0.00276638	0.2	80	254.594	0
0.00124696	0.00302248	0.2	80	254.229	0
0.00124696	0.00330228	0.2	80	253.832	0
0.00124696	0.00360798	0.2	80	253.401	0
0.00124696	0.00394199	0.2	80	252.931	0
0.00124696	0.00430692	0.2	80	252.42	0
0.00124696	0.00470563	0.2	80	251.866	0
0.00124696	0.00514125	0.2	80	251.263	0
0.00124696	0.0056172	0.2	80	250.61	0
0.00124696	0.0061372	0.2	80	249.9	0
0.00124696	0.00670535	0.2	80	249.132	0
0.00124696	0.0073261	0.2	80	248.299	0
0.00124696	0.0080043	0.2	80	247.399	0
0.00124696	0.0087453	0.2	80	246.425	0
0.00124696	0.00955489	0.2	80	245.374	0
0.00124696	0.0104394	0.2	80	244.24	0
0.00124696	0.0114058	0.2	80	243.018	0
0.00124696	0.0124617	0.2	80	241.705	0
0.00124696	0.0136154	0.2	80	240.294	0
0.00124696	0.0148758	0.2	80	238.782	0
0.00124696	0.0162529	0.2	80	237.165	0
0.00124696	0.0177575	0.2	80	235.44	0
0.00124696	0.0194014	0.2	80	233.604	0
0.00124696	0.0211975	0.2	80	231.655	0
0.00124696	0.0231598	0.2	80	229.595	0
0.00124696	0.0253038	0.2	80	227.425	0
0.00124696	0.0276463	0.2	80	225.15	0
0.00124696	0.0302057	0.2	80	222.777	0
0.00124696	0.0330019	0.2	80	220.317	0
0.00124696	0.0360571	0.2	80	217.786	0
0.00124696	0.039395	0.2	80	215.204	0
0.00124696	0.043042	0.2	80	212.598	0
0.00124696	0.0470266	0.2	80	210.004	0
0.00124696	0.05138	0.2	80	207.464	0
0.00124696	0.0561365	0.2	80	205.032	0
0.00124696	0.0613333	0.2	80	202.774	0
0.00124696	0.0670111	0.2	80	200.771	0
0.00124696	0.0732147	0.2	80	199.117	0
0.00124696	0.0799925	0.2	80	197.926	0
0.00124696	0.0873977	0.2	80	197.33	0
0.00124696	0.0954885	0.2	80	197.484	0
0.00124696	0.104328	0.2	80	198.566	0
0.00124696	0.113986	0.2	80	200.776	0
0.00124696	0.124539	0.2	80	204.339	0
0.00124696	0.136068	0.2	80	209.506	0
0.00124696	0.148664	0.2	80	216.544	0
0.00124696	0.162426	0.2	80	225.737	0
0.00124696	0.177463	0.2	80	237.379	0
0.00124696	0.193892	0.2	80	251.755	0
0.00124696	0.211841	0.2	80	269.13	0
0.00124696	0.231452	0.2	80	289.722	0
0.00124696	0.252878	0.2	80	313.676	0
0.00124696	0.276288	0.2	80	341.021	0
0.00124696	0.301866	0.2	80	371.627	0
0.00124696	0.329811	0.2	80	405.154	0
0.00124696	0.360343	0.2	80	440.997	0
0.00124696	0.393701	0.2	80	478.237	0
0.00124696	0.430148	0.2	80	515.62	0
0.00124696	0.469968	0.2	80	551.57	0
0.00124696	0.513475	0.2	80	584.307	0
0.00124696	0.56101	0.2	80	612.115	0
0.00124696	0.612945	0.2	80	633.884	0
0.00124696	0.669688	0.2	80	650.095	0
0.0013624	0.000104526	0.2	80	258.277	0
0.0013624	0.000114203	0.2	80	258.261	0
0.0013624	0.000124775	0.2	80	258.244	0
0.0013624	0.000136326	0.2	80	258.225	0
0.0013624	0.000148946	0.2	80	258.205	0
0.0013624	0.000162735	0.2	80	258.183	0
0.0013624	0.0001778	0.2	80	258.158	0
0.0013624	0.00019426	0.2	80	258.132	0
0.0013624	0.000212243	0.2	80	258.103	0
0.0013624	0.000231891	0.2	80	258.071	0
0.0013624	0.000253358	0.2	80	258.037	0
0.0013624	0.000276813	0.2	80	257.999	0
0.0013624	0.000302439	0.2	80	257.958	0
0.0013624	0.000330437	0.2	80	257.913	0
0.0013624	0.000361027	0.2	80	257.863	0
0.0013624	0.000394448	0.2	80	257.81	0
0.0013624	0.000430964	0.2	80	257.751	0
0.0013624	0.00047086	0.2	80	257.687	0
0.0013624	0.00051445	0.2	80	257.617	0
0.0013624	0.000562075	0.2	80	257.54	0
0.0013624	0.000614108	0.2	80	257.457	0
0.0013624	0.000670959	0.2	80	257.366	0
0.0013624	0.000733073	0.2	80	257.266	0
0.0013624	0.000800936	0.2	80	257.158	0
0.0013624	0.000875083	0.2	80	257.039	0
0.0013624	0.000956093	0.2	80	256.91	0
0.0013624	0.0010446	0.2	80	256.769	0
0.0013624	0.00114131	0.2	80	256.615	0
0.0013624	0.00124696	0.2	80	256.447	0
0.0013624	0.0013624	0.2	80	256.263	0
0.0013624	0.00148852	0.2	80	256.063	0
0.0013624	0.00162632	0.2	80	255.845	0
0.0013624	0.00177687	0.2	80	255.607	0
0.0013624	0.00194137	0.2	80	255.348	0
0.0013624	0.00212109	0.2	80	255.065	0
0.0013624	0.00231745	0.2	80	254.757	0
0.0013624	0.00253198	0.2	80	254.421	0
0.0013624	0.00276638	0.2	80	254.056	0
0.0013624	0.00302248	0.2	80	253.658	0
0.0013624	0.00330228	0.2	80	253.224	0
0.0013624	0.00360798	0.2	80	252.753	0
0.0013624	0.00394199	0.2	80	252.239	0
0.0013624	0.00430692	0.2	80	251.682	0
0.0013624	0.00470563	0.2	80	251.075	0
0.0013624	0.00514125	0.2	80	250.417	0
0.0013624	0.0056172	0.2	80	249.702	0
0.0013624	0.0061372	0.2	80	248.926	0
0.0013624	0.00670535	0.2	80	248.085	0
0.0013624	0.0073261	0.2	80	247.173	0
0.0013624	0.0080043	0.2	80	246.186	0
0.0013624	0.0087453	0.2	80	245.119	0
0.0013624	0.00955489	0.2	80	243.966	0
0.0013624	0.0104394	0.2	80	242.722	0
0.0013624	0.0114058	0.2	80	241.381	0
0.0013624	0.0124617	0.2	80	239.937	0
0.0013624	0.0136154	0.2	80	238.386	0
0.0013624	0.0148758	0.2	80	236.721	0
0.0013624	0.0162529	0.2	80	234.939	0
0.0013624	0.0177575	0.2	80	233.034	0
0.0013624	0.0194014	0.2	80	231.005	0
0.0013624	0.0211975	0.2	80	228.848	0
0.0013624	0.0231598	0.2	80	226.564	0
0.0013624	0.0253038	0.2	80	224.152	0
0.0013624	0.0276463	0.2	80	221.618	0
0.0013624	0.0302057	0.2	80	218.966	0
0.0013624	0.0330019	0.2	80	216.209	0
0.0013624	0.0360571	0.2	80	213.36	0
0.0013624	0.039395	0.2	80	210.44	0
0.0013624	0.043042	0.2	80	207.476	0
0.0013624	0.0470266	0.2	80	204.503	0
0.0013624	0.05138	0.2	80	201.565	0
0.0013624	0.0561365	0.2	80	198.717	0
0.0013624	0.0613333	0.2	80	196.026	0
0.0013624	0.0670111	0.2	80	193.575	0
0.0013624	0.0732147	0.2	80	191.464	0
0.0013624	0.0799925	0.2	80	189.81	0
0.0013624	0.0873977	0.2	80	188.753	0
0.0013624	0.0954885	0.2	80	188.456	0
0.0013624	0.104328	0.2	80	189.108	0
0.0013624	0.113986	0.2	80	190.923	0
0.0013624	0.124539	0.2	80	194.146	0
0.0013624	0.136068	0.2	80	199.047	0
0.0013624	0.148664	0.2	80	205.922	0
0.0013624	0.162426	0.2	80	215.091	0
0.0013624	0.177463	0.2	80	226.886	0
0.0013624	0.193892	0.2	80	241.645	0
0.0013624	0.211841	0.2	80	259.696	0
0.0013624	0.231452	0.2	80	281.334	0
0.0013624	0.252878	0.2	80	306.795	0
0.0013624	0.276288	0.2	80	336.221	0
0.0013624	0.301866	0.2	80	369.619	0
0.0013624	0.329811	0.2	80	406.812	0
0.0013624	0.360343	0.2	80	447.392	0
0.0013624	0.393701	0.2	80	490.681	0
0.0013624	0.430148	0.2	80	535.708	0
0.0013624	0.469968	0.2	80	581.242	0
0.0013624	0.513475	0.2	80	625.914	0
0.0013624	0.56101	0.2	80	668.499	0
0.0013624	0.612945	0.2	80	708.478	0
0.0013624	0.669688	0.2	80	747.03	0
0.00148852	0.000104526	0.2	80	258.073	0
0.00148852	0.000114203	0.2	80	258.056	0
0.00148852	0.000124775	0.2	80	258.038	0
0.00148852	0.000136326	0.2	80	258.017	0
0.00148852	0.000148946	0.2	80	257.995	0
0.00148852	0.000162735	0.2	80	257.971	0
0.00148852	0.0001778	0.2	80	257.944	0
0.00148852	0.00019426	0.2	80	257.915	0
0.00148852	0.000212243	0.2	80	257.884	0
0.00148852	0.000231891	0.2	80	257.849	0
0.00148852	0.000253358	0.2	80	257.812	0
0.00148852	0.000276813	0.2	80	257.77	0
0.00148852	0.000302439	0.2	80	257.725	0
0.00148852	0.000330437	0.2	80	257.676	0
0.00148852	0.000361027	0.2	80	257.623	0
0.00148852	0.000394448	0.2	80	257.564	0
0.00148852	0.000430964	0.2	80	257.5	0
0.00148852	0.00047086	0.2	80	257.43	0
0.00148852	0.00051445	0.2	80	257.354	0
0.00148852	0.000562075	0.2	80	257.27	0
0.00148852	0.000614108	0.2	80	257.179	0
0.00148852	0.000670959	0.2	80	257.08	0
0.00148852	0.000733073	0.2	80	256.972	0
0.00148852	0.000800936	0.2	80	256.853	0
0.00148852	0.000875083	0.2	80	256.724	0
0.00148852	0.000956093	0.2	80	256.583	0
0.00148852	0.0010446	0.2	80	256.429	0
0.00148852	0.00114131	0.2	80	256.261	0
0.00148852	0.00124696	0.2	80	256.078	0
0.00148852	0.0013624	0.2	80	255.878	0
0.00148852	0.00148852	0.2	80	255.659	0
0.00148852	0.00162632	0.2	80	255.421	0
0.00148852	0.00177687	0.2	80	255.162	0
0.00148852	0.00194137	0.2	80	254.879	0
0.00148852	0.00212109	0.2	80	254.57	0
0.00148852	0.00231745	0.2	80	254.234	0
0.00148852	0.00253198	0.2	80	253.868	0
0.00148852	0.00276638	0.2	80	253.469	0
0.00148852	0.00302248	0.2	80	253.034	0
0.00148852	0.00330228	0.2	80	252.561	0
0.00148852	0.00360798	0.2	80	252.046	0
0.00148852	0.00394199	0.2	80	251.485	0
0.00148852	0.00430692	0.2	80	250.876	0
0.00148852	0.00470563	0.2	80	250.213	0
0.00148852	0.00514125	0.2	80	249.493	0
0.00148852	0.0056172	0.2	80	248.712	0
0.00148852	0.0061372	0.2	80	247.863	0
0.00148852	0.00670535	0.2	80	246.943	0
0.00148852	0.0073261	0.2	80	245.946	0
0.00148852	0.0080043	0.2	80	244.865	0
0.00148852	0.0087453	0.2	80	243.697	0
0.00148852	0.00955489	0.2	80	242.433	0
0.00148852	0.0104394	0.2	80	241.069	0
0.00148852	0.0114058	0.2	80	239.598	0
0.00148852	0.0124617	0.2	80	238.013	0
0.00148852	0.0136154	0.2	80	236.309	0
0.00148852	0.0148758	0.2	80	234.479	0
0.00148852	0.0162529	0.2	80	232.518	0
0.00148852	0.0177575	0.2	80	230.421	0
0.00148852	0.0194014	0.2	80	228.183	0
0.00148852	0.0211975	0.2	80	225.802	0
0.00148852	0.0231598	0.2	80	223.276	0
0.00148852	0.0253038	0.2	80	220.605	0
0.00148852	0.0276463	0.2	80	217.792	0
0.00148852	0.0302057	0.2	80	214.843	0
0.00148852	0.0330019	0.2	80	211.768	0
0.00148852	0.0360571	0.2	80	208.581	0
0.00148852	0.039395	0.2	80	205.303	0
0.00148852	0.043042	0.2	80	201.96	0
0.00148852	0.0470266	0.2	80	198.589	0
0.00148852	0.05138	0.2	80	195.233	0
0.00148852	0.0561365	0.2	80	191.951	0
0.00148852	0.0613333	0.2	80	188.813	0
0.00148852	0.0670111	0.2	80	185.904	0
0.00148852	0.0732147	0.2	80	183.329	0
0.00148852	0.0799925	0.2	80	181.213	0
0.00148852	0.0873977	0.2	80	179.704	0
0.00148852	0.0954885	0.2	80	178.977	0
0.00148852	0.104328	0.2	80	179.233	0
0.00148852	0.113986	0.2	80	180.707	0
0.00148852	0.124539	0.2	80	183.663	0
0.00148852	0.136068	0.2	80	188.399	0
0.00148852	0.148664	0.2	80	195.247	0
0.00148852	0.162426	0.2	80	204.567	0
0.00148852	0.177463	0.2	80	216.743	0
0.00148852	0.193892	0.2	80	232.177	0
0.00148852	0.211841	0.2	80	251.272	0
0.00148852	0.231452	0.2	80	274.415	0
0.00148852	0.252878	0.2	80	301.957	0
0.00148852	0.276288	0.2	80	334.175	0
0.00148852	0.301866	0.2	80	371.241	0
0.00148852	0.329811	0.2	80	413.176	0
0.00148852	0.360343	0.2	80	459.814	0
0.00148852	0.393701	0.2	80	510.762	0
0.00148852	0.430148	0.2	80	565.395	0
0.00148852	0.469968	0.2	80	622.898	0
0.00148852	0.513475	0.2	80	682.396	0
0.00148852	0.56101	0.2	80	743.26	0
0.00148852	0.612945	0.2	80	805.678	0
0.00148852	0.669688	0.2	80	871.678	0
0.00162632	0.000104526	0.2	80	257.851	0
0.00162632	0.000114203	0.2	80	257.833	0
0.00162632	0.000124775	0.2	80	257.813	0
0.00162632	0.000136326	0.2	80	257.79	0
0.00162632	0.000148946	0.2	80	257.766	0
0.00162632	0.000162735	0.2	80	257.74	0
0.00162632	0.0001778	0.2	80	257.711	0
0.00162632	0.00019426	0.2	80	257.679	0
0.00162632	0.000212243	0.2	80	257.645	0
0.00162632	0.000231891	0.2	80	257.607	0
0.00162632	0.000253358	0.2	80	257.566	0
0.00162632	0.000276813	0.2	80	257.521	0
0.00162632	0.000302439	0.2	80	257.472	0
0.00162632	0.000330437	0.2	80	257.419	0
0.00162632	0.000361027	0.2	80	257.36	0
0.00162632	0.000394448	0.2	80	257.296	0
0.00162632	0.000430964	0.2	80	257.226	0
0.00162632	0.00047086	0.2	80	257.15	0
0.00162632	0.00051445	0.2	80	257.067	0
0.00162632	0.000562075	0.2	80	256.976	0
0.00162632	0.000614108	0.2	80	256.877	0
0.00162632	0.000670959	0.2	80	256.769	0
0.00162632	0.000733073	0.2	80	256.65	0
0.00162632	0.000800936	0.2	80	256.521	0
0.00162632	0.000875083	0.2	80	256.38	0
0.00162632	0.000956093	0.2	80	256.226	0
0.00162632	0.0010446	0.2	80	256.058	0
0.00162632	0.00114131	0.2	80	255.875	0
0.00162632	0.00124696	0.2	80	255.675	0
0.00162632	0.0013624	0.2	80	255.457	0
0.00162632	0.00148852	0.2	80	255.219	0
0.00162632	0.00162632	0.2	80	254.959	0
0.00162632	0.00177687	0.2	80	254.676	0
0.00162632	0.00194137	0.2	80	254.367	0
0.00162632	0.00212109	0.2	80	254.031	0
0.00162632	0.00231745	0.2	80	253.664	0
0.00162632	0.00253198	0.2	80	253.264	0
0.00162632	0.00276638	0.2	80	252.828	0
0.00162632	0.00302248	0.2	80	252.354	0
0.00162632	0.00330228	0.2	80	251.837	0
0.00162632	0.00360798	0.2	80	251.275	0
0.00162632	0.00394199	0.2	80	250.663	0
0.00162632	0.00430692	0.2	80	249.997	0
0.00162632	0.00470563	0.2	80	249.273	0
0.00162632	0.00514125	0.2	80	248.487	0
0.00162632	0.0056172	0.2	80	247.632	0
0.00162632	0.0061372	0.2	80	246.705	0
0.00162632	0.00670535	0.2	80	245.699	0
0.00162632	0.0073261	0.2	80	244.608	0
0.00162632	0.0080043	0.2	80	243.426	0
0.00162632	0.0087453	0.2	80	242.147	0
0.00162632	0.00955489	0.2	80	240.764	0
0.00162632	0.0104394	0.2	80	239.27	0
0.00162632	0.0114058	0.2	80	237.658	0
0.00162632	0.0124617	0.2	80	235.92	0
0.00162632	0.0136154	0.2	80	234.051	0
0.00162632	0.0148758	0.2	80	232.042	0
0.00162632	0.0162529	0.2	80	229.888	0
0.00162632	0.0177575	0.2	80	227.582	0
0.00162632	0.0194014	0.2	80	225.12	0
0.00162632	0.0211975	0.2	80	222.497	0
0.00162632	0.0231598	0.2	80	219.711	0
0.00162632	0.0253038	0.2	80	216.762	0
0.00162632	0.0276463	0.2	80	213.652	0
0.00162632	0.0302057	0.2	80	210.385	0
0.00162632	0.0330019	0.2	80	206.972	0
0.00162632	0.0360571	0.2	80	203.427	0
0.00162632	0.039395	0.2	80	199.77	0
0.00162632	0.043042	0.2	80	196.029	0
0.00162632	0.0470266	0.2	80	192.24	0
0.00162632	0.05138	0.2	80	188.451	0
0.00162632	0.0561365	0.2	80	184.72	0
0.00162632	0.0613333	0.2	80	181.123	0
0.00162632	0.0670111	0.2	80	177.75	0
0.00162632	0.0732147	0.2	80	174.713	0
0.00162632	0.0799925	0.2	80	172.144	0
0.00162632	0.0873977	0.2	80	170.204	0
0.00162632	0.0954885	0.2	80	169.08	0
0.00162632	0.104328	0.2	80	168.993	0
0.00162632	0.113986	0.2	80	170.198	0
0.00162632	0.124539	0.2	80	172.988	0
0.00162632	0.136068	0.2	80	177.696	0
0.00162632	0.148664	0.2	80	184.693	0
0.00162632	0.162426	0.2	80	194.392	0
0.00162632	0.177463	0.2	80	207.241	0
0.00162632	0.193892	0.2	80	223.716	0
0.00162632	0.211841	0.2	80	244.314	0
0.00162632	0.231452	0.2	80	269.537	0
0.00162632	0.252878	0.2	80	299.869	0
0.00162632	0.276288	0.2	80	335.756	0
0.00162632	0.301866	0.2	80	377.567	0
0.00162632	0.329811	0.2	80	425.565	0
0.00162632	0.360343	0.2	80	479.872	0
0.00162632	0.393701	0.2	80	540.442	0
0.00162632	0.430148	0.2	80	607.068	0
0.00162632	0.469968	0.2	80	679.434	0
0.00162632	0.513475	0.2	80	757.264	0
0.00162632	0.56101	0.2	80	840.645	0
0.00162632	0.612945	0.2	80	930.619	0
0.00162632	0.669688	0.2	80	1030.24	0
0.00177687	0.000104526	0.2	80	257.61	0
0.00177687	0.000114203	0.2	80	257.59	0
0.00177687	0.000124775	0.2	80	257.568	0
0.00177687	0.000136326	0.2	80	257.543	0
0.00177687	0.000148946	0.2	80	257.517	0
0.00177687	0.000162735	0.2	80	257.488	0
0.00177687	0.0001778	0.2	80	257.457	0
0.00177687	0.00019426	0.2	80	257.422	0
0.00177687	0.000212243	0.2	80	257.385	0
0.00177687	0.000231891	0.2	80	257.344	0
0.00177687	0.000253358	0.2	80	257.299	0
0.00177687	0.000276813	0.2	80	257.25	0
0.00177687	0.000302439	0.2	80	257.196	0
0.00177687	0.000330437	0.2	80	257.138	0
0.00177687	0.000361027	0.2	80	257.074	0
0.00177687	0.000394448	0.2	80	257.004	0
0.00177687	0.000430964	0.2	80	256.928	0
0.00177687	0.00047086	0.2	80	256.845	0
0.00177687	0.00051445	0.2	80	256.754	0
0.00177687	0.000562075	0.2	80	256.655	0
0.00177687	0.000614108	0.2	80	256.547	0
0.00177687	0.000670959	0.2	80	256.429	0
0.00177687	0.000733073	0.2	80	256.3	0
0.00177687	0.000800936	0.2	80	256.159	0
0.00177687	0.000875083	0.2	80	256.005	0
0.00177687	0.000956093	0.2	80	255.837	0
0.00177687	0.0010446	0.2	80	255.654	0
0.00177687	0.00114131	0.2	80	255.454	0
0.00177687	0.00124696	0.2	80	255.236	0
0.00177687	0.0013624	0.2	80	254.998	0
0.00177687	0.00148852	0.2	80	254.739	0
0.00177687	0.00162632	0.2	80	254.455	0
0.00177687	0.00177687	0.2	80	254.146	0
0.00177687	0.00194137	0.2	80	253.809	0
0.00177687	0.00212109	0.2	80	253.442	0
0.00177687	0.00231745	0.2	80	253.042	0
0.00177687	0.00253198	0.2	80	252.605	0
0.00177687	0.00276638	0.2	80	252.13	0
0.00177687	0.00302248	0.2	80	251.612	0
0.00177687	0.00330228	0.2	80	251.048	0
0.00177687	0.00360798	0.2	80	250.434	0
0.00177687	0.00394199	0.2	80	249.766	0
0.00177687	0.00430692	0.2	80	249.039	0
0.00177687	0.00470563	0.2	80	248.248	0
0.00177687	0.00514125	0.2	80	247.389	0
0.00177687	0.0056172	0.2	80	246.456	0
0.00177687	0.0061372	0.2	80	245.443	0
0.00177687	0.00670535	0.2	80	244.343	0
0.00177687	0.0073261	0.2	80	243.151	0
0.00177687	0.0080043	0.2	80	241.859	0
0.00177687	0.0087453	0.2	80	240.46	0
0.00177687	0.00955489	0.2	80	238.947	0
0.00177687	0.0104394	0.2	80	237.312	0
0.00177687	0.0114058	0.2	80	235.547	0
0.00177687	0.0124617	0.2	80	233.644	0
0.00177687	0.0136154	0.2	80	231.596	0
0.00177687	0.0148758	0.2	80	229.394	0
0.00177687	0.0162529	0.2	80	227.032	0
0.00177687	0.0177575	0.2	80	224.502	0
0.00177687	0.0194014	0.2	80	221.798	0
0.00177687	0.0211975	0.2	80	218.916	0
0.00177687	0.0231598	0.2	80	215.851	0
0.00177687	0.0253038	0.2	80	212.605	0
0.00177687	0.0276463	0.2	80	209.176	0
0.00177687	0.0302057	0.2	80	205.572	0
0.00177687	0.0330019	0.2	80	201.8	0
0.00177687	0.0360571	0.2	80	197.876	0
0.00177687	0.039395	0.2	80	193.82	0
0.00177687	0.043042	0.2	80	189.661	0
0.00177687	0.0470266	0.2	80	185.438	0
0.00177687	0.05138	0.2	80	181.201	0
0.00177687	0.0561365	0.2	80	177.011	0
0.00177687	0.0613333	0.2	80	172.95	0
0.00177687	0.0670111	0.2	80	169.114	0
0.00177687	0.0732147	0.2	80	165.623	0
0.00177687	0.0799925	0.2	80	162.622	0
0.00177687	0.0873977	0.2	80	160.284	0
0.00177687	0.0954885	0.2	80	158.816	0
0.00177687	0.104328	0.2	80	158.459	0
0.00177687	0.113986	0.2	80	159.497	0
0.00177687	0.124539	0.2	80	162.256	0
0.00177687	0.136068	0.2	80	167.111	0
0.00177687	0.148664	0.2	80	174.486	0
0.00177687	0.162426	0.2	80	184.855	0
0.00177687	0.177463	0.2	80	198.743	0
0.00177687	0.193892	0.2	80	216.719	0
0.00177687	0.211841	0.2	80	239.394	0
0.00177687	0.231452	0.2	80	267.407	0
0.00177687	0.252878	0.2	80	301.407	0
0.00177687	0.276288	0.2	80	342.04	0
0.00177687	0.301866	0.2	80	389.916	0
0.00177687	0.329811	0.2	80	445.589	0
0.00177687	0.360343	0.2	80	509.529	0
0.00177687	0.393701	0.2	80	582.11	0
0.00177687	0.430148	0.2	80	663.627	0
0.00177687	0.469968	0.2	80	754.365	0
0.00177687	0.513475	0.2	80	854.771	0
0.00177687	0.56101	0.2	80	965.792	0
0.00177687	0.612945	0.2	80	1089.5	0
0.00177687	0.669688	0.2	80	1230.18	0
0.00194137	0.000104526	0.2	80	257.347	0
0.00194137	0.000114203	0.2	80	257.325	0
0.00194137	0.000124775	0.2	80	257.3	0
0.00194137	0.000136326	0.2	80	257.274	0
0.00194137	0.000148946	0.2	80	257.245	0
0.00194137	0.000162735	0.2	80	257.214	0
0.00194137	0.0001778	0.2	80	257.18	0
0.00194137	0.00019426	0.2	80	257.142	0
0.00194137	0.000212243	0.2	80	257.101	0
0.00194137	0.000231891	0.2	80	257.056	0
0.00194137	0.000253358	0.2	80	257.007	0
0.00194137	0.000276813	0.2	80	256.954	0
0.00194137	0.000302439	0.2	80	256.896	0
0.00194137	0.000330437	0.2	80	256.832	0
0.00194137	0.000361027	0.2	80	256.762	0
0.00194137	0.000394448	0.2	80	256.686	0
0.00194137	0.000430964	0.2	80	256.603	0
0.00194137	0.00047086	0.2	80	256.513	0
0.00194137	0.00051445	0.2	80	256.414	0
0.00194137	0.000562075	0.2	80	256.306	0
0.00194137	0.000614108	0.2	80	256.188	0
0.00194137	0.000670959	0.2	80	256.059	0
0.00194137	0.000733073	0.2	80	255.918	0
0.00194137	0.000800936	0.2	80	255.764	0
0.00194137	0.000875083	0.2	80	255.597	0
0.00194137	0.000956093	0.2	80	255.414	0
0.00194137	0.0010446	0.2	80	255.214	0
0.00194137	0.00114131	0.2	80	254.996	0
0.00194137	0.00124696	0.2	80	254.758	0
0.00194137	0.0013624	0.2	80	254.498	0
0.00194137	0.00148852	0.2	80	254.215	0
0.00194137	0.00162632	0.2	80	253.906	0
0.00194137	0.00177687	0.2	80	253.569	0
0.00194137	0.00194137	0.2	80	253.201	0
0.00194137	0.00212109	0.2	80	252.8	0
0.00194137	0.00231745	0.2	80	252.363	0
0.00194137	0.00253198	0.2	80	251.887	0
0.00194137	0.00276638	0.2	80	251.368	0
0.00194137	0.00302248	0.2	80	250.803	0
0.00194137	0.00330228	0.2	80	250.188	0
0.00194137	0.00360798	0.2	80	249.517	0
0.00194137	0.00394199	0.2	80	248.788	0
0.00194137	0.00430692	0.2	80	247.994	0
0.00194137	0.00470563	0.2	80	247.131	0
0.00194137	0.00514125	0.2	80	246.193	0
0.00194137	0.0056172	0.2	80	245.174	0
0.00194137	0.0061372	0.2	80	244.067	0
0.00194137	0.00670535	0.2	80	242.866	0
0.00194137	0.0073261	0.2	80	241.564	0
0.00194137	0.0080043	0.2	80	240.152	0
0.00194137	0.0087453	0.2	80	238.623	0
0.00194137	0.00955489	0.2	80	236.969	0
0.00194137	0.0104394	0.2	80	235.182	0
0.00194137	0.0114058	0.2	80	233.252	0
0.00194137	0.0124617	0.2	80	231.17	0
0.00194137	0.0136154	0.2	80	228.929	0
0.00194137	0.0148758	0.2	80	226.519	0
0.00194137	0.0162529	0.2	80	223.932	0
0.00194137	0.0177575	0.2	80	221.16	0
0.00194137	0.0194014	0.2	80	218.197	0
0.00194137	0.0211975	0.2	80	215.036	0
0.00194137	0.0231598	0.2	80	211.675	0
0.00194137	0.0253038	0.2	80	208.11	0
0.00194137	0.0276463	0.2	80	204.344	0
0.00194137	0.0302057	0.2	80	200.381	0
0.00194137	0.0330019	0.2	80	196.23	0
0.00194137	0.0360571	0.2	80	191.907	0
0.00194137	0.039395	0.2	80	187.433	0
0.00194137	0.043042	0.2	80	182.84	0
0.00194137	0.0470266	0.2	80	178.168	0
0.00194137	0.05138	0.2	80	173.471	0
0.00194137	0.0561365	0.2	80	168.818	0
0.00194137	0.0613333	0.2	80	164.292	0
0.00194137	0.0670111	0.2	80	160.002	0
0.00194137	0.0732147	0.2	80	156.079	0
0.00194137	0.0799925	0.2	80	152.679	0
0.00194137	0.0873977	0.2	80	149.996	0
0.00194137	0.0954885	0.2	80	148.257	0
0.00194137	0.104328	0.2	80	147.731	0
0.00194137	0.113986	0.2	80	148.737	0
0.00194137	0.124539	0.2	80	151.642	0
0.00194137	0.136068	0.2	80	156.872	0
0.00194137	0.148664	0.2	80	164.915	0
0.00194137	0.162426	0.2	80	176.32	0
0.00194137	0.177463	0.2	80	191.707	0
0.00194137	0.193892	0.2	80	211.758	0
0.00194137	0.211841	0.2	80	237.221	0
0.00194137	0.231452	0.2	80	268.9	0
0.00194137	0.252878	0.2	80	307.646	0
0.00194137	0.276288	0.2	80	354.345	0
0.00194137	0.301866	0.2	80	409.899	0
0.00194137	0.329811	0.2	80	475.212	0
0.00194137	0.360343	0.2	80	551.175	0
0.00194137	0.393701	0.2	80	638.666	0
0.00194137	0.430148	0.2	80	738.585	0
0.00194137	0.469968	0.2	80	851.943	0
0.00194137	0.513475	0.2	80	980.054	0
0.00194137	0.56101	0.2	80	1124.9	0
0.00194137	0.612945	0.2	80	1289.8	0
0.00194137	0.669688	0.2	80	1480.5	0
0.00212109	0.000104526	0.2	80	257.06	0
0.00212109	0.000114203	0.2	80	257.036	0
0.00212109	0.000124775	0.2	80	257.01	0
0.00212109	0.000136326	0.2	80	256.981	0
0.00212109	0.000148946	0.2	80	256.949	0
0.00212109	0.000162735	0.2	80	256.915	0
0.00212109	0.0001778	0.2	80	256.878	0
0.00212109	0.00019426	0.2	80	256.837	0
0.00212109	0.000212243	0.2	80	256.792	0
0.00212109	0.000231891	0.2	80	256.743	0
0.00212109	0.000253358	0.2	80	256.69	0
0.00212109	0.000276813	0.2	80	256.632	0
0.00212109	0.000302439	0.2	80	256.568	0
0.00212109	0.000330437	0.2	80	256.498	0
0.00212109	0.000361027	0.2	80	256.423	0
0.00212109	0.000394448	0.2	80	256.34	0
0.00212109	0.000430964	0.2	80	256.249	0
0.00212109	0.00047086	0.2	80	256.15	0
0.00212109	0.00051445	0.2	80	256.042	0
0.00212109	0.000562075	0.2	80	255.924	0
0.00212109	0.000614108	0.2	80	255.796	0
0.00212109	0.000670959	0.2	80	255.655	0
0.00212109	0.000733073	0.2	80	255.502	0
0.00212109	0.000800936	0.2	80	255.334	0
0.00212109	0.000875083	0.2	80	255.151	0
0.00212109	0.000956093	0.2	80	254.951	0
0.00212109	0.0010446	0.2	80	254.733	0
0.00212109	0.00114131	0.2	80	254.495	0
0.00212109	0.00124696	0.2	80	254.236	0
0.00212109	0.0013624	0.2	80	253.953	0
0.00212109	0.00148852	0.2	80	253.644	0
0.00212109	0.00162632	0.2	80	253.306	0
0.00212109	0.00177687	0.2	80	252.939	0
0.00212109	0.00194137	0.2	80	252.538	0
0.00212109	0.00212109	0.2	80	252.1	0
0.00212109	0.00231745	0.2	80	251.624	0
0.00212109	0.00253198	0.2	80	251.104	0
0.00212109	0.00276638	0.2	80	250.538	0
0.00212109	0.00302248	0.2	80	249.921	0
0.00212109	0.00330228	0.2	80	249.25	0
0.00212109	0.00360798	0.2	80	248.518	0
0.00212109	0.00394199	0.2	80	247.722	0
0.00212109	0.00430692	0.2	80	246.856	0
0.00212109	0.00470563	0.2	80	245.914	0
0.00212109	0.00514125	0.2	80	244.89	0
0.00212109	0.0056172	0.2	80	243.778	0
0.00212109	0.0061372	0.2	80	242.57	0
0.00212109	0.00670535	0.2	80	241.258	0
0.00212109	0.0073261	0.2	80	239.836	0
0.00212109	0.0080043	0.2	80	238.294	0
0.00212109	0.0087453	0.2	80	236.625	0
0.00212109	0.00955489	0.2	80	234.818	0
0.00212109	0.0104394	0.2	80	232.865	0
0.00212109	0.0114058	0.2	80	230.757	0
0.00212109	0.0124617	0.2	80	228.482	0
0.00212109	0.0136154	0.2	80	226.033	0
0.00212109	0.0148758	0.2	80	223.398	0
0.00212109	0.0162529	0.2	80	220.57	0
0.00212109	0.0177575	0.2	80	217.539	0
0.00212109	0.0194014	0.2	80	214.297	0
0.00212109	0.0211975	0.2	80	210.839	0
0.00212109	0.0231598	0.2	80	207.16	0
0.00212109	0.0253038	0.2	80	203.257	0
0.00212109	0.0276463	0.2	80	199.132	0
0.00212109	0.0302057	0.2	80	194.79	0
0.00212109	0.0330019	0.2	80	190.24	0
0.00212109	0.0360571	0.2	80	185.499	0
0.00212109	0.039395	0.2	80	180.591	0
0.00212109	0.043042	0.2	80	175.549	0
0.00212109	0.0470266	0.2	80	170.418	0
0.00212109	0.05138	0.2	80	165.256	0
0.00212109	0.0561365	0.2	80	160.138	0
0.00212109	0.0613333	0.2	80	155.159	0
0.00212109	0.0670111	0.2	80	150.435	0
0.00212109	0.0732147	0.2	80	146.112	0
0.00212109	0.0799925	0.2	80	142.367	0
0.00212109	0.0873977	0.2	80	139.412	0
0.00212109	0.0954885	0.2	80	137.502	0
0.00212109	0.104328	0.2	80	136.943	0
0.00212109	0.113986	0.2	80	138.093	0
0.00212109	0.124539	0.2	80	141.371	0
0.00212109	0.136068	0.2	80	147.267	0
0.00212109	0.148664	0.2	80	156.344	0
0.00212109	0.162426	0.2	80	169.246	0
0.00212109	0.177463	0.2	80	186.705	0
0.00212109	0.193892	0.2	80	209.541	0
0.00212109	0.211841	0.2	80	238.668	0
0.00212109	0.231452	0.2	80	275.091	0
0.00212109	0.252878	0.2	80	319.903	0
0.00212109	0.276288	0.2	80	374.281	0
0.00212109	0.301866	0.2	80	439.479	0
0.00212109	0.329811	0.2	80	516.823	0
0.00212109	0.360343	0.2	80	607.709	0
0.00212109	0.393701	0.2	80	713.624	0
0.00212109	0.430148	0.2	80	836.196	0
0.00212109	0.469968	0.2	80	977.308	0
0.00212109	0.513475	0.2	80	1139.32	0
0.00212109	0.56101	0.2	80	1325.45	0
0.00212109	0.612945	0.2	80	1540.52	0
0.00212109	0.669688	0.2	80	1792.06	0
0.00231745	0.000104526	0.2	80	256.748	0
0.00231745	0.000114203	0.2	80	256.721	0
0.00231745	0.000124775	0.2	80	256.693	0
0.00231745	0.000136326	0.2	80	256.661	0
0.00231745	0.000148946	0.2	80	256.627	0
0.00231745	0.000162735	0.2	80	256.59	0
0.00231745	0.0001778	0.2	80	256.549	0
0.00231745	0.00019426	0.2	80	256.504	0
0.00231745	0.000212243	0.2	80	256.455	0
0.00231745	0.000231891	0.2	80	256.402	0
0.00231745	0.000253358	0.2	80	256.344	0
0.00231745	0.000276813	0.2	80	256.28	0
0.00231745	0.000302439	0.2	80	256.211	0
0.00231745	0.000330437	0.2	80	256.135	0
0.00231745	0.000361027	0.2	80	256.052	0
0.00231745	0.000394448	0.2	80	255.962	0
0.00231745	0.000430964	0.2	80	255.863	0
0.00231745	0.00047086	0.2	80	255.755	0
0.00231745	0.00051445	0.2	80	255.638	0
0.00231745	0.000562075	0.2	80	255.509	0
0.00231745	0.000614108	0.2	80	255.369	0
0.00231745	0.000670959	0.2	80	255.215	0
0.00231745	0.000733073	0.2	80	255.048	0
0.00231745	0.000800936	0.2	80	254.865	0
0.00231745	0.000875083	0.2	80	254.665	0
0.00231745	0.000956093	0.2	80	254.448	0
0.00231745	0.0010446	0.2	80	254.21	0
0.00231745	0.00114131	0.2	80	253.95	0
0.00231745	0.00124696	0.2	80	253.667	0
0.00231745	0.0013624	0.2	80	253.358	0
0.00231745	0.00148852	0.2	80	253.021	0
0.00231745	0.00162632	0.2	80	252.653	0
0.00231745	0.00177687	0.2	80	252.252	0
0.00231745	0.00194137	0.2	80	251.814	0
0.00231745	0.00212109	0.2	80	251.337	0
0.00231745	0.00231745	0.2	80	250.817	0
0.00231745	0.00253198	0.2	80	250.251	0
0.00231745	0.00276638	0.2	80	249.633	0
0.00231745	0.00302248	0.2	80	248.96	0
0.00231745	0.00330228	0.2	80	248.227	0
0.00231745	0.00360798	0.2	80	247.429	0
0.00231745	0.00394199	0.2	80	246.561	0
0.00231745	0.00430692	0.2	80	245.616	0
0.00231745	0.00470563	0.2	80	244.588	0
0.00231745	0.00514125	0.2	80	243.471	0
0.00231745	0.0056172	0.2	80	242.257	0
0.00231745	0.0061372	0.2	80	240.939	0
0.00231745	0.00670535	0.2	80	239.508	0
0.00231745	0.0073261	0.2	80	237.955	0
0.00231745	0.0080043	0.2	80	236.273	0
0.00231745	0.0087453	0.2	80	234.451	0
0.00231745	0.00955489	0.2	80	232.479	0
0.00231745	0.0104394	0.2	80	230.348	0
0.00231745	0.0114058	0.2	80	228.046	0
0.00231745	0.0124617	0.2	80	225.564	0
0.00231745	0.0136154	0.2	80	222.89	0
0.00231745	0.0148758	0.2	80	220.014	0
0.00231745	0.0162529	0.2	80	216.926	0
0.00231745	0.0177575	0.2	80	213.617	0
0.00231745	0.0194014	0.2	80	210.078	0
0.00231745	0.0211975	0.2	80	206.302	0
0.00231745	0.0231598	0.2	80	202.285	0
0.00231745	0.0253038	0.2	80	198.023	0
0.00231745	0.0276463	0.2	80	193.519	0
0.00231745	0.0302057	0.2	80	188.778	0
0.00231745	0.0330019	0.2	80	183.811	0
0.00231745	0.0360571	0.2	80	178.635	0
0.00231745	0.039395	0.2	80	173.278	0
0.00231745	0.043042	0.2	80	167.777	0
0.00231745	0.0470266	0.2	80	162.18	0
0.00231745	0.05138	0.2	80	156.554	0
0.00231745	0.0561365	0.2	80	150.981	0
0.00231745	0.0613333	0.2	80	145.568	0
0.00231745	0.0670111	0.2	80	140.445	0
0.00231745	0.0732147	0.2	80	135.775	0
0.00231745	0.0799925	0.2	80	131.756	0
0.00231745	0.0873977	0.2	80	128.63	0
0.00231745	0.0954885	0.2	80	126.686	0
0.00231745	0.104328	0.2	80	126.269	0
0.00231745	0.113986	0.2	80	127.79	0
0.00231745	0.124539	0.2	80	131.732	0
0.00231745	0.136068	0.2	80	138.661	0
0.00231745	0.148664	0.2	80	149.232	0
0.00231745	0.162426	0.2	80	164.204	0
0.00231745	0.177463	0.2	80	184.445	0
0.00231745	0.193892	0.2	80	210.943	0
0.00231745	0.211841	0.2	80	244.812	0
0.00231745	0.231452	0.2	80	287.298	0
0.00231745	0.252878	0.2	80	339.789	0
0.00231745	0.276288	0.2	80	403.813	0
0.00231745	0.301866	0.2	80	481.047	0
0.00231745	0.329811	0.2	80	573.322	0
0.00231745	0.360343	0.2	80	682.647	0
0.00231745	0.393701	0.2	80	811.239	0
0.00231745	0.430148	0.2	80	961.601	0
0.00231745	0.469968	0.2	80	1136.67	0
0.00231745	0.513475	0.2	80	1340.04	0
0.00231745	0.56101	0.2	80	1576.46	0
0.00231745	0.612945	0.2	80	1852.51	0
0.00231745	0.669688	0.2	80	2177.88	0
0.00253198	0.000104526	0.2	80	256.408	0
0.00253198	0.000114203	0.2	80	256.379	0
0.00253198	0.000124775	0.2	80	256.348	0
0.00253198	0.000136326	0.2	80	256.314	0
0.00253198	0.000148946	0.2	80	256.276	0
0.00253198	0.000162735	0.2	80	256.235	0
0.00253198	0.0001778	0.2	80	256.191	0
0.00253198	0.00019426	0.2	80	256.142	0
0.00253198	0.000212243	0.2	80	256.089	0
0.00253198	0.000231891	0.2	80	256.031	0
0.00253198	0.000253358	0.2	80	255.967	0
0.00253198	0.000276813	0.2	80	255.898	0
0.00253198	0.000302439	0.2	80	255.822	0
0.00253198	0.000330437	0.2	80	255.74	0
0.00253198	0.000361027	0.2	80	255.649	0
0.00253198	0.000394448	0.2	80	255.551	0
0.00253198	0.000430964	0.2	80	255.443	0
0.00253198	0.00047086	0.2	80	255.325	0
0.00253198	0.00051445	0.2	80	255.197	0
0.00253198	0.000562075	0.2	80	255.057	0
0.00253198	0.000614108	0.2	80	254.903	0
0.00253198	0.000670959	0.2	80	254.736	0
0.00253198	0.000733073	0.2	80	254.553	0
0.00253198	0.000800936	0.2	80	254.354	0
0.00253198	0.000875083	0.2	80	254.136	0
0.00253198	0.000956093	0.2	80	253.899	0
0.00253198	0.0010446	0.2	80	253.639	0
0.00253198	0.00114131	0.2	80	253.356	0
0.00253198	0.00124696	0.2	80	253.047	0
0.00253198	0.0013624	0.2	80	252.71	0
0.00253198	0.00148852	0.2	80	252.342	0
0.00253198	0.00162632	0.2	80	251.941	0
0.00253198	0.00177687	0.2	80	251.504	0
0.00253198	0.00194137	0.2	80	251.026	0
0.00253198	0.00212109	0.2	80	250.506	0
0.00253198	0.00231745	0.2	80	249.939	0
0.00253198	0.00253198	0.2	80	249.32	0
0.00253198	0.00276638	0.2	80	248.647	0
0.00253198	0.00302248	0.2	80	247.913	0
0.00253198	0.00330228	0.2	80	247.113	0
0.00253198	0.00360798	0.2	80	246.243	0
0.00253198	0.00394199	0.2	80	245.296	0
0.00253198	0.00430692	0.2	80	244.265	0
0.00253198	0.00470563	0.2	80	243.144	0
0.00253198	0.00514125	0.2	80	241.925	0
0.00253198	0.0056172	0.2	80	240.601	0
0.00253198	0.0061372	0.2	80	239.163	0
0.00253198	0.00670535	0.2	80	237.602	0
0.00253198	0.0073261	0.2	80	235.91	0
0.00253198	0.0080043	0.2	80	234.075	0
0.00253198	0.0087453	0.2	80	232.088	0
0.00253198	0.00955489	0.2	80	229.937	0
0.00253198	0.0104394	0.2	80	227.613	0
0.00253198	0.0114058	0.2	80	225.103	0
0.00253198	0.0124617	0.2	80	222.397	0
0.00253198	0.0136154	0.2	80	219.481	0
0.00253198	0.0148758	0.2	80	216.346	0
0.00253198	0.0162529	0.2	80	212.98	0
0.00253198	0.0177575	0.2	80	209.374	0
0.00253198	0.0194014	0.2	80	205.517	0
0.00253198	0.0211975	0.2	80	201.403	0
0.00253198	0.0231598	0.2	80	197.027	0
0.00253198	0.0253038	0.2	80	192.387	0
0.00253198	0.0276463	0.2	80	187.484	0
0.00253198	0.0302057	0.2	80	182.325	0
0.00253198	0.0330019	0.2	80	176.923	0
0.00253198	0.0360571	0.2	80	171.299	0
0.00253198	0.039395	0.2	80	165.482	0
0.00253198	0.043042	0.2	80	159.515	0
0.00253198	0.0470266	0.2	80	153.454	0
0.00253198	0.05138	0.2	80	147.373	0
0.00253198	0.0561365	0.2	80	141.366	0
0.00253198	0.0613333	0.2	80	135.552	0
0.00253198	0.0670111	0.2	80	130.081	0
0.00253198	0.0732147	0.2	80	125.138	0
0.00253198	0.0799925	0.2	80	120.948	0
0.00253198	0.0873977	0.2	80	117.785	0
0.00253198	0.0954885	0.2	80	115.982	0
0.00253198	0.104328	0.2	80	115.936	0
0.00253198	0.113986	0.2	80	118.119	0
0.00253198	0.124539	0.2	80	123.091	0
0.00253198	0.136068	0.2	80	131.512	0
0.00253198	0.148664	0.2	80	144.15	0
0.00253198	0.162426	0.2	80	161.902	0
0.00253198	0.177463	0.2	80	185.802	0
0.00253198	0.193892	0.2	80	217.039	0
0.00253198	0.211841	0.2	80	256.97	0
0.00253198	0.231452	0.2	80	307.134	0
0.00253198	0.252878	0.2	80	369.27	0
0.00253198	0.276288	0.2	80	445.331	0
0.00253198	0.301866	0.2	80	537.502	0
0.00253198	0.329811	0.2	80	648.226	0
0.00253198	0.360343	0.2	80	780.245	0
0.00253198	0.393701	0.2	80	936.653	0
0.00253198	0.430148	0.2	80	1121.01	0
0.00253198	0.469968	0.2	80	1337.5	0
0.00253198	0.513475	0.2	80	1591.24	0
0.00253198	0.56101	0.2	80	1888.77	0
0.00253198	0.612945	0.2	80	2238.82	0
0.00253198	0.669688	0.2	80	2653.64	0
0.00276638	0.000104526	0.2	80	256.038	0
0.00276638	0.000114203	0.2	80	256.007	0
0.00276638	0.000124775	0.2	80	255.973	0
0.00276638	0.000136326	0.2	80	255.935	0
0.00276638	0.000148946	0.2	80	255.894	0
0.00276638	0.000162735	0.2	80	255.85	0
0.00276638	0.0001778	0.2	80	255.801	0
0.00276638	0.00019426	0.2	80	255.748	0
0.00276638	0.000212243	0.2	80	255.69	0
0.00276638	0.000231891	0.2	80	255.627	0
0.00276638	0.000253358	0.2	80	255.558	0
0.00276638	0.000276813	0.2	80	255.482	0
0.00276638	0.000302439	0.2	80	255.399	0
0.00276638	0.000330437	0.2	80	255.309	0
0.00276638	0.000361027	0.2	80	255.211	0
0.00276638	0.000394448	0.2	80	255.103	0
0.00276638	0.000430964	0.2	80	254.985	0
0.00276638	0.00047086	0.2	80	254.857	0
0.00276638	0.00051445	0.2	80	254.717	0
0.00276638	0.000562075	0.2	80	254.564	0
0.00276638	0.000614108	0.2	80	254.397	0
0.00276638	0.000670959	0.2	80	254.214	0
0.00276638	0.000733073	0.2	80	254.015	0
0.00276638	0.000800936	0.2	80	253.797	0
0.00276638	0.000875083	0.2	80	253.56	0
0.00276638	0.000956093	0.2	80	253.301	0
0.00276638	0.0010446	0.2	80	253.018	0
0.00276638	0.00114131	0.2	80	252.709	0
0.00276638	0.00124696	0.2	80	252.372	0
0.00276638	0.0013624	0.2	80	252.004	0
0.00276638	0.00148852	0.2	80	251.603	0
0.00276638	0.00162632	0.2	80	251.165	0
0.00276638	0.00177687	0.2	80	250.688	0
0.00276638	0.00194137	0.2	80	250.168	0
0.00276638	0.00212109	0.2	80	249.6	0
0.00276638	0.00231745	0.2	80	248.981	0
0.00276638	0.00253198	0.2	80	248.307	0
0.00276638	0.00276638	0.2	80	247.572	0
0.00276638	0.00302248	0.2	80	246.772	0
0.00276638	0.00330228	0.2	80	245.9	0
0.00276638	0.00360798	0.2	80	244.951	0
0.00276638	0.00394199	0.2	80	243.918	0
0.00276638	0.00430692	0.2	80	242.794	0
0.00276638	0.00470563	0.2	80	241.571	0
0.00276638	0.00514125	0.2	80	240.243	0
0.00276638	0.0056172	0.2	80	238.799	0
0.00276638	0.0061372	0.2	80	237.231	0
0.00276638	0.00670535	0.2	80	235.53	0
0.00276638	0.0073261	0.2	80	233.685	0
0.00276638	0.0080043	0.2	80	231.685	0
0.00276638	0.0087453	0.2	80	229.519	0
0.00276638	0.00955489	0.2	80	227.176	0
0.00276638	0.0104394	0.2	80	224.644	0
0.00276638	0.0114058	0.2	80	221.91	0
0.00276638	0.0124617	0.2	80	218.962	0
0.00276638	0.0136154	0.2	80	215.788	0
0.00276638	0.0148758	0.2	80	212.375	0
0.00276638	0.0162529	0.2	80	208.711	0
0.00276638	0.0177575	0.2	80	204.787	0
0.00276638	0.0194014	0.2	80	200.593	0
0.00276638	0.0211975	0.2	80	196.121	0
0.00276638	0.0231598	0.2	80	191.366	0
0.00276638	0.0253038	0.2	80	186.327	0
0.00276638	0.0276463	0.2	80	181.006	0
0.00276638	0.0302057	0.2	80	175.413	0
0.00276638	0.0330019	0.2	80	169.562	0
0.00276638	0.0360571	0.2	80	163.478	0
0.00276638	0.039395	0.2	80	157.195	0
0.00276638	0.043042	0.2	80	150.764	0
0.00276638	0.0470266	0.2	80	144.248	0
0.00276638	0.05138	0.2	80	137.732	0
0.00276638	0.0561365	0.2	80	131.324	0
0.00276638	0.0613333	0.2	80	125.162	0
0.00276638	0.0670111	0.2	80	119.418	0
0.00276638	0.0732147	0.2	80	114.302	0
0.00276638	0.0799925	0.2	80	110.074	0
0.00276638	0.0873977	0.2	80	107.052	0
0.00276638	0.0954885	0.2	80	105.618	0
0.00276638	0.104328	0.2	80	106.232	0
0.00276638	0.113986	0.2	80	109.444	0
0.00276638	0.124539	0.2	80	115.906	0
0.00276638	0.136068	0.2	80	126.392	0
0.00276638	0.148664	0.2	80	141.807	0
0.00276638	0.162426	0.2	80	163.216	0
0.00276638	0.177463	0.2	80	191.852	0
0.00276638	0.193892	0.2	80	229.149	0
0.00276638	0.211841	0.2	80	276.755	0
0.00276638	0.231452	0.2	80	336.563	0
0.00276638	0.252878	0.2	80	410.736	0
0.00276638	0.276288	0.2	80	501.736	0
0.00276638	0.301866	0.2	80	612.362	0
0.00276638	0.329811	0.2	80	745.791	0
0.00276638	0.360343	0.2	80	905.644	0
0.00276638	0.393701	0.2	80	1096.07	0
0.00276638	0.430148	0.2	80	1321.9	0
0.00276638	0.469968	0.2	80	1588.82	0
0.00276638	0.513475	0.2	80	1903.77	0
0.00276638	0.56101	0.2	80	2275.42	0
0.00276638	0.612945	0.2	80	2715.12	0
0.00276638	0.669688	0.2	80	3238.16	0
0.00302248	0.000104526	0.2	80	255.636	0
0.00302248	0.000114203	0.2	80	255.601	0
0.00302248	0.000124775	0.2	80	255.564	0
0.00302248	0.000136326	0.2	80	255.524	0
0.00302248	0.000148946	0.2	80	255.479	0
0.00302248	0.000162735	0.2	80	255.431	0
0.00302248	0.0001778	0.2	80	255.377	0
0.00302248	0.00019426	0.2	80	255.319	0
0.00302248	0.000212243	0.2	80	255.256	0
0.00302248	0.000231891	0.2	80	255.187	0
0.00302248	0.000253358	0.2	80	255.111	0
0.00302248	0.000276813	0.2	80	255.029	0
0.00302248	0.000302439	0.2	80	254.939	0
0.00302248	0.000330437	0.2	80	254.84	0
0.00302248	0.000361027	0.2	80	254.733	0
0.00302248	0.000394448	0.2	80	254.616	0
0.00302248	0.000430964	0.2	80	254.487	0
0.00302248	0.00047086	0.2	80	254.347	0
0.00302248	0.00051445	0.2	80	254.194	0
0.00302248	0.000562075	0.2	80	254.027	0
0.00302248	0.000614108	0.2	80	253.845	0
0.00302248	0.000670959	0.2	80	253.646	0
0.00302248	0.000733073	0.2	80	253.429	0
0.00302248	0.000800936	0.2	80	253.191	0
0.00302248	0.000875083	0.2	80	252.932	0
0.00302248	0.000956093	0.2	80	252.649	0
0.00302248	0.0010446	0.2	80	252.341	0
0.00302248	0.00114131	0.2	80	252.004	0
0.00302248	0.00124696	0.2	80	251.636	0
0.00302248	0.0013624	0.2	80	251.235	0
0.00302248	0.00148852	0.2	80	250.798	0
0.00302248	0.00162632	0.2	80	250.32	0
0.00302248	0.00177687	0.2	80	249.8	0
0.00302248	0.00194137	0.2	80	249.232	0
0.00302248	0.00212109	0.2	80	248.613	0
0.00302248	0.00231745	0.2	80	247.938	0
0.00302248	0.00253198	0.2	80	247.203	0
0.00302248	0.00276638	0.2	80	246.402	0
0.00302248	0.00302248	0.2	80	245.529	0
0.00302248	0.00330228	0.2	80	244.578	0
0.00302248	0.00360798	0.2	80	243.543	0
0.00302248	0.00394199	0.2	80	242.417	0
0.00302248	0.00430692	0.2	80	241.192	0
0.00302248	0.00470563	0.2	80	239.859	0
0.00302248	0.00514125	0.2	80	238.411	0
0.00302248	0.0056172	0.2	80	236.838	0
0.00302248	0.0061372	0.2	80	235.13	0
0.00302248	0.00670535	0.2	80	233.276	0
0.00302248	0.0073261	0.2	80	231.266	0
0.00302248	0.0080043	0.2	80	229.088	0
0.00302248	0.0087453	0.2	80	226.73	0
0.00302248	0.00955489	0.2	80	224.179	0
0.00302248	0.0104394	0.2	80	221.423	0
0.00302248	0.0114058	0.2	80	218.448	0
0.00302248	0.0124617	0.2	80	215.241	0
0.00302248	0.0136154	0.2	80	211.788	0
0.00302248	0.0148758	0.2	80	208.078	0
0.00302248	0.0162529	0.2	80	204.098	0
0.00302248	0.0177575	0.2	80	199.836	0
0.00302248	0.0194014	0.2	80	195.283	0
0.00302248	0.0211975	0.2	80	190.432	0
0.00302248	0.0231598	0.2	80	185.278	0
0.00302248	0.0253038	0.2	80	179.822	0
0.00302248	0.0276463	0.2	80	174.067	0
0.00302248	0.0302057	0.2	80	168.024	0
0.00302248	0.0330019	0.2	80	161.714	0
0.00302248	0.0360571	0.2	80	155.164	0
0.00302248	0.039395	0.2	80	148.418	0
0.00302248	0.043042	0.2	80	141.531	0
0.00302248	0.0470266	0.2	80	134.58	0
0.00302248	0.05138	0.2	80	127.664	0
0.00302248	0.0561365	0.2	80	120.908	0
0.00302248	0.0613333	0.2	80	114.471	0
0.00302248	0.0670111	0.2	80	108.553	0
0.00302248	0.0732147	0.2	80	103.4	0
0.00302248	0.0799925	0.2	80	99.312	0
0.00302248	0.0873977	0.2	80	96.658	0
0.00302248	0.0954885	0.2	80	95.8831	0
0.00302248	0.104328	0.2	80	97.524	0
0.00302248	0.113986	0.2	80	102.224	0
0.00302248	0.124539	0.2	80	110.749	0
0.00302248	0.136068	0.2	80	124.009	0
0.00302248	0.148664	0.2	80	143.079	0
0.00302248	0.162426	0.2	80	169.221	0
0.00302248	0.177463	0.2	80	203.914	0
0.00302248	0.193892	0.2	80	248.883	0
0.00302248	0.211841	0.2	80	306.131	0
0.00302248	0.231452	0.2	80	377.975	0
0.00302248	0.252878	0.2	80	467.089	0
0.00302248	0.276288	0.2	80	576.547	0
0.00302248	0.301866	0.2	80	709.883	0
0.00302248	0.329811	0.2	80	871.16	0
0.00302248	0.360343	0.2	80	1065.06	0
0.00302248	0.393701	0.2	80	1296.99	0
0.00302248	0.430148	0.2	80	1573.3	0
0.00302248	0.469968	0.2	80	1901.49	0
0.00302248	0.513475	0.2	80	2290.67	0
0.00302248	0.56101	0.2	80	2752.12	0
0.00302248	0.612945	0.2	80	3300.25	0
0.00302248	0.669688	0.2	80	3954.07	0
0.00330228	0.000104526	0.2	80	255.198	0
0.00330228	0.000114203	0.2	80	255.161	0
0.00330228	0.000124775	0.2	80	255.12	0
0.00330228	0.000136326	0.2	80	255.076	0
0.00330228	0.000148946	0.2	80	255.027	0
0.00330228	0.000162735	0.2	80	254.974	0
0.00330228	0.0001778	0.2	80	254.916	0
0.00330228	0.00019426	0.2	80	254.853	0
0.00330228	0.000212243	0.2	80	254.784	0
0.00330228	0.000231891	0.2	80	254.709	0
0.00330228	0.000253358	0.2	80	254.626	0
0.00330228	0.000276813	0.2	80	254.536	0
0.00330228	0.000302439	0.2	80	254.438	0
0.00330228	0.000330437	0.2	80	254.331	0
0.00330228	0.000361027	0.2	80	254.213	0
0.00330228	0.000394448	0.2	80	254.085	0
0.00330228	0.000430964	0.2	80	253.945	0
0.00330228	0.00047086	0.2	80	253.793	0
0.00330228	0.00051445	0.2	80	253.626	0
0.00330228	0.000562075	0.2	80	253.444	0
0.00330228	0.000614108	0.2	80	253.245	0
0.00330228	0.000670959	0.2	80	253.027	0
0.00330228	0.000733073	0.2	80	252.79	0
0.00330228	0.000800936	0.2	80	252.531	0
0.00330228	0.000875083	0.2	80	252.249	0
0.00330228	0.000956093	0.2	80	251.94	0
0.00330228	0.0010446	0.2	80	251.604	0
0.00330228	0.00114131	0.2	80	251.236	0
0.00330228	0.00124696	0.2	80	250.835	0
0.00330228	0.0013624	0.2	80	250.398	0
0.00330228	0.00148852	0.2	80	249.921	0
0.00330228	0.00162632	0.2	80	249.4	0
0.00330228	0.00177687	0.2	80	248.832	0
0.00330228	0.00194137	0.2	80	248.213	0
0.00330228	0.00212109	0.2	80	247.538	0
0.00330228	0.00231745	0.2	80	246.802	0
0.00330228	0.00253198	0.2	80	246.001	0
0.00330228	0.00276638	0.2	80	245.127	0
0.00330228	0.00302248	0.2	80	244.175	0
0.00330228	0.00330228	0.2	80	243.139	0
0.00330228	0.00360798	0.2	80	242.011	0
0.00330228	0.00394199	0.2	80	240.784	0
0.00330228	0.00430692	0.2	80	239.449	0
0.00330228	0.00470563	0.2	80	237.997	0
0.00330228	0.00514125	0.2	80	236.419	0
0.00330228	0.0056172	0.2	80	234.706	0
0.00330228	0.0061372	0.2	80	232.845	0
0.00330228	0.00670535	0.2	80	230.827	0
0.00330228	0.0073261	0.2	80	228.638	0
0.00330228	0.0080043	0.2	80	226.268	0
0.00330228	0.0087453	0.2	80	223.702	0
0.00330228	0.00955489	0.2	80	220.927	0
0.00330228	0.0104394	0.2	80	217.93	0
0.00330228	0.0114058	0.2	80	214.696	0
0.00330228	0.0124617	0.2	80	211.211	0
0.00330228	0.0136154	0.2	80	207.462	0
0.00330228	0.0148758	0.2	80	203.434	0
0.00330228	0.0162529	0.2	80	199.116	0
0.00330228	0.0177575	0.2	80	194.496	0
0.00330228	0.0194014	0.2	80	189.565	0
0.00330228	0.0211975	0.2	80	184.316	0
0.00330228	0.0231598	0.2	80	178.745	0
0.00330228	0.0253038	0.2	80	172.854	0
0.00330228	0.0276463	0.2	80	166.65	0
0.00330228	0.0302057	0.2	80	160.149	0
0.00330228	0.0330019	0.2	80	153.373	0
0.00330228	0.0360571	0.2	80	146.359	0
0.00330228	0.039395	0.2	80	139.157	0
0.00330228	0.043042	0.2	80	131.836	0
0.00330228	0.0470266	0.2	80	124.484	0
0.00330228	0.05138	0.2	80	117.219	0
0.00330228	0.0561365	0.2	80	110.188	0
0.00330228	0.0613333	0.2	80	103.579	0
0.00330228	0.0670111	0.2	80	97.6228	0
0.00330228	0.0732147	0.2	80	92.6079	0
0.00330228	0.0799925	0.2	80	88.8872	0
0.00330228	0.0873977	0.2	80	86.8912	0
0.00330228	0.0954885	0.2	80	87.1421	0
0.00330228	0.104328	0.2	80	90.2698	0
0.00330228	0.113986	0.2	80	97.0306	0
0.00330228	0.124539	0.2	80	108.329	0
0.00330228	0.136068	0.2	80	125.24	0
0.00330228	0.148664	0.2	80	149.041	0
0.00330228	0.162426	0.2	80	181.237	0
0.00330228	0.177463	0.2	80	223.601	0
0.00330228	0.193892	0.2	80	278.209	0
0.00330228	0.211841	0.2	80	347.491	0
0.00330228	0.231452	0.2	80	434.274	0
0.00330228	0.252878	0.2	80	541.846	0
0.00330228	0.276288	0.2	80	674.019	0
0.00330228	0.301866	0.2	80	835.212	0
0.00330228	0.329811	0.2	80	1030.55	0
0.00330228	0.360343	0.2	80	1265.97	0
0.00330228	0.393701	0.2	80	1548.42	0
0.00330228	0.430148	0.2	80	1886.05	0
0.00330228	0.469968	0.2	80	2288.56	0
0.00330228	0.513475	0.2	80	2767.64	0
0.00330228	0.56101	0.2	80	3337.69	0
0.00330228	0.612945	0.2	80	4016.82	0
0.00330228	0.669688	0.2	80	4828.49	0
0.00360798	0.000104526	0.2	80	254.723	0
0.00360798	0.000114203	0.2	80	254.682	0
0.00360798	0.000124775	0.2	80	254.638	0
0.00360798	0.000136326	0.2	80	254.589	0
0.00360798	0.000148946	0.2	80	254.536	0
0.00360798	0.000162735	0.2	80	254.479	0
0.00360798	0.0001778	0.2	80	254.415	0
0.00360798	0.00019426	0.2	80	254.346	0
0.00360798	0.000212243	0.2	80	254.271	0
0.00360798	0.000231891	0.2	80	254.189	0
0.00360798	0.000253358	0.2	80	254.099	0
0.00360798	0.000276813	0.2	80	254.001	0
0.00360798	0.000302439	0.2	80	253.893	0
0.00360798	0.000330437	0.2	80	253.776	0
0.00360798	0.000361027	0.2	80	253.648	0
0.00360798	0.000394448	0.2	80	253.508	0
0.00360798	0.000430964	0.2	80	253.356	0
0.00360798	0.00047086	0.2	80	253.189	0
0.00360798	0.00051445	0.2	80	253.007	0
0.00360798	0.000562075	0.2	80	252.808	0
0.00360798	0.000614108	0.2	80	252.591	0
0.00360798	0.000670959	0.2	80	252.354	0
0.00360798	0.000733073	0.2	80	252.096	0
0.00360798	0.000800936	0.2	80	251.813	0
0.00360798	0.000875083	0.2	80	251.505	0
0.00360798	0.000956093	0.2	80	251.169	0
0.00360798	0.0010446	0.2	80	250.801	0
0.00360798	0.00114131	0.2	80	250.401	0
0.00360798	0.00124696	0.2	80	249.963	0
0.00360798	0.0013624	0.2	80	249.486	0
0.00360798	0.00148852	0.2	80	248.966	0
0.00360798	0.00162632	0.2	80	248.398	0
0.00360798	0.00177687	0.2	80	247.779	0
0.00360798	0.00194137	0.2	80	247.104	0
0.00360798	0.00212109	0.2	80	246.368	0
0.00360798	0.00231745	0.2	80	245.566	0
0.00360798	0.00253198	0.2	80	244.692	0
0.00360798	0.00276638	0.2	80	243.74	0
0.00360798	0.00302248	0.2	80	242.702	0
0.00360798	0.00330228	0.2	80	241.573	0
0.00360798	0.00360798	0.2	80	240.344	0
0.00360798	0.00394199	0.2	80	239.007	0
0.00360798	0.00430692	0.2	80	237.552	0
0.00360798	0.00470563	0.2	80	235.971	0
0.00360798	0.00514125	0.2	80	234.253	0
0.00360798	0.0056172	0.2	80	232.387	0
0.00360798	0.0061372	0.2	80	230.362	0
0.00360798	0.00670535	0.2	80	228.166	0
0.00360798	0.0073261	0.2	80	225.785	0
0.00360798	0.0080043	0.2	80	223.207	0
0.00360798	0.0087453	0.2	80	220.417	0
0.00360798	0.00955489	0.2	80	217.402	0
0.00360798	0.0104394	0.2	80	214.146	0
0.00360798	0.0114058	0.2	80	210.634	0
0.00360798	0.0124617	0.2	80	206.853	0
0.00360798	0.0136154	0.2	80	202.786	0
0.00360798	0.0148758	0.2	80	198.422	0
0.00360798	0.0162529	0.2	80	193.746	0
0.00360798	0.0177575	0.2	80	188.747	0
0.00360798	0.0194014	0.2	80	183.418	0
0.00360798	0.0211975	0.2	80	177.752	0
0.00360798	0.0231598	0.2	80	171.747	0
0.00360798	0.0253038	0.2	80	165.407	0
0.00360798	0.0276463	0.2	80	158.745	0
0.00360798	0.0302057	0.2	80	151.778	0
0.00360798	0.0330019	0.2	80	144.538	0
0.00360798	0.0360571	0.2	80	137.069	0
0.00360798	0.039395	0.2	80	129.432	0
0.00360798	0.043042	0.2	80	121.711	0
0.00360798	0.0470266	0.2	80	114.011	0
0.00360798	0.05138	0.2	80	106.471	0
0.00360798	0.0561365	0.2	80	99.2668	0
0.00360798	0.0613333	0.2	80	92.6188	0
0.00360798	0.0670111	0.2	80	86.8012	0
0.00360798	0.0732147	0.2	80	82.1529	0
0.00360798	0.0799925	0.2	80	79.0895	0
0.00360798	0.0873977	0.2	80	78.1183	0
0.00360798	0.0954885	0.2	80	79.8547	0
0.00360798	0.104328	0.2	80	85.042	0
0.00360798	0.113986	0.2	80	94.5741	0
0.00360798	0.124539	0.2	80	109.522	0
0.00360798	0.136068	0.2	80	131.162	0
0.00360798	0.148664	0.2	80	161.014	0
0.00360798	0.162426	0.2	80	200.878	0
0.00360798	0.177463	0.2	80	252.878	0
0.00360798	0.193892	0.2	80	319.518	0
0.00360798	0.211841	0.2	80	403.738	0
0.00360798	0.231452	0.2	80	508.979	0
0.00360798	0.252878	0.2	80	639.268	0
0.00360798	0.276288	0.2	80	799.301	0
0.00360798	0.301866	0.2	80	994.559	0
0.00360798	0.329811	0.2	80	1231.44	0
0.00360798	0.360343	0.2	80	1517.4	0
0.00360798	0.393701	0.2	80	1861.22	0
0.00360798	0.430148	0.2	80	2273.23	0
0.00360798	0.469968	0.2	80	2765.73	0
0.00360798	0.513475	0.2	80	3353.53	0
0.00360798	0.56101	0.2	80	4054.75	0
0.00360798	0.612945	0.2	80	4891.98	0
0.00360798	0.669688	0.2	80	5893.95	0
0.00394199	0.000104526	0.2	80	254.206	0
0.00394199	0.000114203	0.2	80	254.162	0
0.00394199	0.000124775	0.2	80	254.114	0
0.00394199	0.000136326	0.2	80	254.061	0
0.00394199	0.000148946	0.2	80	254.003	0
0.00394199	0.000162735	0.2	80	253.94	0
0.00394199	0.0001778	0.2	80	253.871	0
0.00394199	0.00019426	0.2	80	253.796	0
0.00394199	0.000212243	0.2	80	253.713	0
0.00394199	0.000231891	0.2	80	253.624	0
0.00394199	0.000253358	0.2	80	253.526	0
0.00394199	0.000276813	0.2	80	253.418	0
0.00394199	0.000302439	0.2	80	253.301	0
0.00394199	0.000330437	0.2	80	253.173	0
0.00394199	0.000361027	0.2	80	253.034	0
0.00394199	0.000394448	0.2	80	252.881	0
0.00394199	0.000430964	0.2	80	252.715	0
0.00394199	0.00047086	0.2	80	252.533	0
0.00394199	0.00051445	0.2	80	252.334	0
0.00394199	0.000562075	0.2	80	252.118	0
0.00394199	0.000614108	0.2	80	251.881	0
0.00394199	0.000670959	0.2	80	251.622	0
0.00394199	0.000733073	0.2	80	251.34	0
0.00394199	0.000800936	0.2	80	251.032	0
0.00394199	0.000875083	0.2	80	250.696	0
0.00394199	0.000956093	0.2	80	250.329	0
0.00394199	0.0010446	0.2	80	249.928	0
0.00394199	0.00114131	0.2	80	249.491	0
0.00394199	0.00124696	0.2	80	249.015	0
0.00394199	0.0013624	0.2	80	248.494	0
0.00394199	0.00148852	0.2	80	247.927	0
0.00394199	0.00162632	0.2	80	247.308	0
0.00394199	0.00177687	0.2	80	246.633	0
0.00394199	0.00194137	0.2	80	245.897	0
0.00394199	0.00212109	0.2	80	245.094	0
0.00394199	0.00231745	0.2	80	244.22	0
0.00394199	0.00253198	0.2	80	243.267	0
0.00394199	0.00276638	0.2	80	242.23	0
0.00394199	0.00302248	0.2	80	241.1	0
0.00394199	0.00330228	0.2	80	239.869	0
0.00394199	0.00360798	0.2	80	238.53	0
0.00394199	0.00394199	0.2	80	237.074	0
0.00394199	0.00430692	0.2	80	235.49	0
0.00394199	0.00470563	0.2	80	233.769	0
0.00394199	0.00514125	0.2	80	231.899	0
0.00394199	0.0056172	0.2	80	229.868	0
0.00394199	0.0061372	0.2	80	227.665	0
0.00394199	0.00670535	0.2	80	225.277	0
0.00394199	0.0073261	0.2	80	222.689	0
0.00394199	0.0080043	0.2	80	219.887	0
0.00394199	0.0087453	0.2	80	216.856	0
0.00394199	0.00955489	0.2	80	213.582	0
0.00394199	0.0104394	0.2	80	210.049	0
0.00394199	0.0114058	0.2	80	206.241	0
0.00394199	0.0124617	0.2	80	202.143	0
0.00394199	0.0136154	0.2	80	197.74	0
0.00394199	0.0148758	0.2	80	193.017	0
0.00394199	0.0162529	0.2	80	187.963	0
0.00394199	0.0177575	0.2	80	182.567	0
0.00394199	0.0194014	0.2	80	176.821	0
0.00394199	0.0211975	0.2	80	170.721	0
0.00394199	0.0231598	0.2	80	164.268	0
0.00394199	0.0253038	0.2	80	157.47	0
0.00394199	0.0276463	0.2	80	150.342	0
0.00394199	0.0302057	0.2	80	142.912	0
0.00394199	0.0330019	0.2	80	135.217	0
0.00394199	0.0360571	0.2	80	127.314	0
0.00394199	0.039395	0.2	80	119.277	0
0.00394199	0.043042	0.2	80	111.207	0
0.00394199	0.0470266	0.2	80	103.233	0
0.00394199	0.05138	0.2	80	95.5194	0
0.00394199	0.0561365	0.2	80	88.277	0
0.00394199	0.0613333	0.2	80	81.7673	0
0.00394199	0.0670111	0.2	80	76.316	0
0.00394199	0.0732147	0.2	80	72.3246	0
0.00394199	0.0799925	0.2	80	70.2854	0
0.00394199	0.0873977	0.2	80	70.7989	0
0.00394199	0.0954885	0.2	80	74.5938	0
0.00394199	0.104328	0.2	80	82.551	0
0.00394199	0.113986	0.2	80	95.7309	0
0.00394199	0.124539	0.2	80	115.405	0
0.00394199	0.136068	0.2	80	143.095	0
0.00394199	0.148664	0.2	80	180.613	0
0.00394199	0.162426	0.2	80	230.11	0
0.00394199	0.177463	0.2	80	294.14	0
0.00394199	0.193892	0.2	80	375.715	0
0.00394199	0.211841	0.2	80	478.391	0
0.00394199	0.231452	0.2	80	606.349	0
0.00394199	0.252878	0.2	80	764.501	0
0.00394199	0.276288	0.2	80	958.605	0
0.00394199	0.301866	0.2	80	1195.42	0
0.00394199	0.329811	0.2	80	1482.86	0
0.00394199	0.360343	0.2	80	1830.22	0
0.00394199	0.393701	0.2	80	2248.46	0
0.00394199	0.430148	0.2	80	2750.52	0
0.00394199	0.469968	0.2	80	3351.84	0
0.00394199	0.513475	0.2	80	4070.96	0
0.00394199	0.56101	0.2	80	4930.47	0
0.00394199	0.612945	0.2	80	5958.27	0
0.00394199	0.669688	0.2	80	7189.48	0
0.00430692	0.000104526	0.2	80	253.646	0
0.00430692	0.000114203	0.2	80	253.597	0
0.00430692	0.000124775	0.2	80	253.545	0
0.00430692	0.000136326	0.2	80	253.487	0
0.00430692	0.000148946	0.2	80	253.424	0
0.00430692	0.000162735	0.2	80	253.355	0
0.00430692	0.0001778	0.2	80	253.28	0
0.00430692	0.00019426	0.2	80	253.198	0
0.00430692	0.000212243	0.2	80	253.108	0
0.00430692	0.000231891	0.2	80	253.01	0
0.00430692	0.000253358	0.2	80	252.903	0
0.00430692	0.000276813	0.2	80	252.786	0
0.00430692	0.000302439	0.2	80	252.658	0
0.00430692	0.000330437	0.2	80	252.519	0
0.00430692	0.000361027	0.2	80	252.366	0
0.00430692	0.000394448	0.2	80	252.2	0
0.00430692	0.000430964	0.2	80	252.018	0
0.00430692	0.00047086	0.2	80	251.82	0
0.00430692	0.00051445	0.2	80	251.603	0
0.00430692	0.000562075	0.2	80	251.367	0
0.00430692	0.000614108	0.2	80	251.109	0
0.00430692	0.000670959	0.2	80	250.827	0
0.00430692	0.000733073	0.2	80	250.519	0
0.00430692	0.000800936	0.2	80	250.183	0
0.00430692	0.000875083	0.2	80	249.816	0
0.00430692	0.000956093	0.2	80	249.416	0
0.00430692	0.0010446	0.2	80	248.979	0
0.00430692	0.00114131	0.2	80	248.502	0
0.00430692	0.00124696	0.2	80	247.982	0
0.00430692	0.0013624	0.2	80	247.415	0
0.00430692	0.00148852	0.2	80	246.796	0
0.00430692	0.00162632	0.2	80	246.121	0
0.00430692	0.00177687	0.2	80	245.386	0
0.00430692	0.00194137	0.2	80	244.583	0
0.00430692	0.00212109	0.2	80	243.709	0
0.00430692	0.00231745	0.2	80	242.756	0
0.00430692	0.00253198	0.2	80	241.718	0
0.00430692	0.00276638	0.2	80	240.587	0
0.00430692	0.00302248	0.2	80	239.356	0
0.00430692	0.00330228	0.2	80	238.016	0
0.00430692	0.00360798	0.2	80	236.558	0
0.00430692	0.00394199	0.2	80	234.973	0
0.00430692	0.00430692	0.2	80	233.249	0
0.00430692	0.00470563	0.2	80	231.376	0
0.00430692	0.00514125	0.2	80	229.341	0
0.00430692	0.0056172	0.2	80	227.133	0
0.00430692	0.0061372	0.2	80	224.738	0
0.00430692	0.00670535	0.2	80	222.142	0
0.00430692	0.0073261	0.2	80	219.331	0
0.00430692	0.0080043	0.2	80	216.288	0
0.00430692	0.0087453	0.2	80	213	0
0.00430692	0.00955489	0.2	80	209.449	0
0.00430692	0.0104394	0.2	80	205.619	0
0.00430692	0.0114058	0.2	80	201.495	0
0.00430692	0.0124617	0.2	80	197.06	0
0.00430692	0.0136154	0.2	80	192.299	0
0.00430692	0.0148758	0.2	80	187.199	0
0.00430692	0.0162529	0.2	80	181.748	0
0.00430692	0.0177575	0.2	80	175.935	0
0.00430692	0.0194014	0.2	80	169.756	0
0.00430692	0.0211975	0.2	80	163.208	0
0.00430692	0.0231598	0.2	80	156.297	0
0.00430692	0.0253038	0.2	80	149.034	0
0.00430692	0.0276463	0.2	80	141.443	0
0.00430692	0.0302057	0.2	80	133.558	0
0.00430692	0.0330019	0.2	80	125.43	0
0.00430692	0.0360571	0.2	80	117.127	0
0.00430692	0.039395	0.2	80	108.742	0
0.00430692	0.043042	0.2	80	100.398	0
0.00430692	0.0470266	0.2	80	92.2506	0
0.00430692	0.05138	0.2	80	84.4993	0
0.00430692	0.0561365	0.2	80	77.3953	0
0.00430692	0.0613333	0.2	80	71.2519	0
0.00430692	0.0670111	0.2	80	66.4574	0
0.00430692	0.0732147	0.2	80	63.49	0
0.00430692	0.0799925	0.2	80	62.9351	0
0.00430692	0.0873977	0.2	80	65.5064	0
0.00430692	0.0954885	0.2	80	72.0703	0
0.00430692	0.104328	0.2	80	83.674	0
0.00430692	0.113986	0.2	80	101.579	0
0.00430692	0.124539	0.2	80	127.302	0
0.00430692	0.136068	0.2	80	162.654	0
0.00430692	0.148664	0.2	80	209.804	0
0.00430692	0.162426	0.2	80	271.328	0
0.00430692	0.177463	0.2	80	350.291	0
0.00430692	0.193892	0.2	80	450.322	0
0.00430692	0.211841	0.2	80	575.713	0
0.00430692	0.231452	0.2	80	731.535	0
0.00430692	0.252878	0.2	80	923.76	0
0.00430692	0.276288	0.2	80	1159.43	0
0.00430692	0.301866	0.2	80	1446.81	0
0.00430692	0.329811	0.2	80	1795.67	0
0.00430692	0.360343	0.2	80	2217.49	0
0.00430692	0.393701	0.2	80	2725.83	0
0.00430692	0.430148	0.2	80	3336.79	0
0.00430692	0.469968	0.2	80	4069.53	0
0.00430692	0.513475	0.2	80	4947.09	0
0.00430692	0.56101	0.2	80	5997.39	0
0.00430692	0.612945	0.2	80	7254.72	0
0.00430692	0.669688	0.2	80	8761.82	0
0.00470563	0.000104526	0.2	80	253.037	0
0.00470563	0.000114203	0.2	80	252.985	0
0.00470563	0.000124775	0.2	80	252.927	0
0.00470563	0.000136326	0.2	80	252.864	0
0.00470563	0.000148946	0.2	80	252.795	0
0.00470563	0.000162735	0.2	80	252.72	0
0.00470563	0.0001778	0.2	80	252.638	0
0.00470563	0.00019426	0.2	80	252.549	0
0.00470563	0.000212243	0.2	80	252.451	0
0.00470563	0.000231891	0.2	80	252.344	0
0.00470563	0.000253358	0.2	80	252.227	0
0.00470563	0.000276813	0.2	80	252.099	0
0.00470563	0.000302439	0.2	80	251.96	0
0.00470563	0.000330437	0.2	80	251.808	0
0.00470563	0.000361027	0.2	80	251.642	0
0.00470563	0.000394448	0.2	80	251.46	0
0.00470563	0.000430964	0.2	80	251.262	0
0.00470563	0.00047086	0.2	80	251.046	0
0.00470563	0.00051445	0.2	80	250.809	0
0.00470563	0.000562075	0.2	80	250.551	0
0.00470563	0.000614108	0.2	80	250.27	0
0.00470563	0.000670959	0.2	80	249.962	0
0.00470563	0.000733073	0.2	80	249.626	0
0.00470563	0.000800936	0.2	80	249.26	0
0.00470563	0.000875083	0.2	80	248.86	0
0.00470563	0.000956093	0.2	80	248.423	0
0.00470563	0.0010446	0.2	80	247.947	0
0.00470563	0.00114131	0.2	80	247.427	0
0.00470563	0.00124696	0.2	80	246.86	0
0.00470563	0.0013624	0.2	80	246.242	0
0.00470563	0.00148852	0.2	80	245.567	0
0.00470563	0.00162632	0.2	80	244.831	0
0.00470563	0.00177687	0.2	80	244.029	0
0.00470563	0.00194137	0.2	80	243.155	0
0.00470563	0.00212109	0.2	80	242.202	0
0.00470563	0.00231745	0.2	80	241.164	0
0.00470563	0.00253198	0.2	80	240.033	0
0.00470563	0.00276638	0.2	80	238.802	0
0.00470563	0.00302248	0.2	80	237.461	0
0.00470563	0.00330228	0.2	80	236.002	0
0.00470563	0.00360798	0.2	80	234.415	0
0.00470563	0.00394199	0.2	80	232.69	0
0.00470563	0.00430692	0.2	80	230.814	0
0.00470563	0.00470563	0.2	80	228.777	0
0.00470563	0.00514125	0.2	80	226.565	0
0.00470563	0.0056172	0.2	80	224.165	0
0.00470563	0.0061372	0.2	80	221.562	0
0.00470563	0.00670535	0.2	80	218.743	0
0.00470563	0.0073261	0.2	80	215.692	0
0.00470563	0.0080043	0.2	80	212.391	0
0.00470563	0.0087453	0.2	80	208.826	0
0.00470563	0.00955489	0.2	80	204.979	0
0.00470563	0.0104394	0.2	80	200.833	0
0.00470563	0.0114058	0.2	80	196.373	0
0.00470563	0.0124617	0.2	80	191.581	0
0.00470563	0.0136154	0.2	80	186.443	0
0.00470563	0.0148758	0.2	80	180.946	0
0.00470563	0.0162529	0.2	80	175.079	0
0.00470563	0.0177575	0.2	80	168.833	0
0.00470563	0.0194014	0.2	80	162.206	0
0.00470563	0.0211975	0.2	80	155.201	0
0.00470563	0.0231598	0.2	80	147.826	0
0.00470563	0.0253038	0.2	80	140.1	0
0.00470563	0.0276463	0.2	80	132.056	0
0.00470563	0.0302057	0.2	80	123.738	0
0.00470563	0.0330019	0.2	80	115.21	0
0.00470563	0.0360571	0.2	80	106.56	0
0.00470563	0.039395	0.2	80	97.9016	0
0.00470563	0.043042	0.2	80	89.3847	0
0.00470563	0.0470266	0.2	80	81.1995	0
0.00470563	0.05138	0.2	80	73.5871	0
0.00470563	0.0561365	0.2	80	66.8497	0
0.00470563	0.0613333	0.2	80	61.3634	0
0.00470563	0.0670111	0.2	80	57.593	0
0.00470563	0.0732147	0.2	80	56.1097	0
0.00470563	0.0799925	0.2	80	57.6124	0
0.00470563	0.0873977	0.2	80	62.9523	0
0.00470563	0.0954885	0.2	80	73.1621	0
0.00470563	0.104328	0.2	80	89.4903	0
0.00470563	0.113986	0.2	80	113.442	0
0.00470563	0.124539	0.2	80	146.826	0
0.00470563	0.136068	0.2	80	191.809	0
0.00470563	0.148664	0.2	80	250.983	0
0.00470563	0.162426	0.2	80	327.439	0
0.00470563	0.177463	0.2	80	424.855	0
0.00470563	0.193892	0.2	80	547.6	0
0.00470563	0.211841	0.2	80	700.854	0
0.00470563	0.231452	0.2	80	890.751	0
0.00470563	0.252878	0.2	80	1124.54	0
0.00470563	0.276288	0.2	80	1410.79	0
0.00470563	0.301866	0.2	80	1759.61	0
0.00470563	0.329811	0.2	80	2182.94	0
0.00470563	0.360343	0.2	80	2694.9	0
0.00470563	0.393701	0.2	80	3312.2	0
0.00470563	0.430148	0.2	80	4054.66	0
0.00470563	0.469968	0.2	80	4945.96	0
0.00470563	0.513475	0.2	80	6014.48	0
0.00470563	0.56101	0.2	80	7294.55	0
0.00470563	0.612945	0.2	80	8828.1	0
0.00470563	0.669688	0.2	80	10667	0
0.00514125	0.000104526	0.2	80	252.378	0
0.00514125	0.000114203	0.2	80	252.32	0
0.00514125	0.000124775	0.2	80	252.257	0
0.00514125	0.000136326	0.2	80	252.189	0
0.00514125	0.000148946	0.2	80	252.114	0
0.00514125	0.000162735	0.2	80	252.032	0
0.00514125	0.0001778	0.2	80	251.942	0
0.00514125	0.00019426	0.2	80	251.844	0
0.00514125	0.000212243	0.2	80	251.738	0
0.00514125	0.000231891	0.2	80	251.621	0
0.00514125	0.000253358	0.2	80	251.494	0
0.00514125	0.000276813	0.2	80	251.354	0
0.00514125	0.000302439	0.2	80	251.202	0
0.00514125	0.000330437	0.2	80	251.036	0
0.00514125	0.000361027	0.2	80	250.855	0
0.00514125	0.000394448	0.2	80	250.657	0
0.00514125	0.000430964	0.2	80	250.441	0
0.00514125	0.00047086	0.2	80	250.205	0
0.00514125	0.00051445	0.2	80	249.947	0
0.00514125	0.000562075	0.2	80	249.666	0
0.00514125	0.000614108	0.2	80	249.358	0
0.00514125	0.000670959	0.2	80	249.023	0
0.00514125	0.000733073	0.2	80	248.657	0
0.00514125	0.000800936	0.2	80	248.257	0
0.00514125	0.000875083	0.2	80	247.821	0
0.00514125	0.000956093	0.2	80	247.345	0
0.00514125	0.0010446	0.2	80	246.825	0
0.00514125	0.00114131	0.2	80	246.259	0
0.00514125	0.00124696	0.2	80	245.641	0
0.00514125	0.0013624	0.2	80	244.966	0
0.00514125	0.00148852	0.2	80	244.231	0
0.00514125	0.00162632	0.2	80	243.429	0
0.00514125	0.00177687	0.2	80	242.555	0
0.00514125	0.00194137	0.2	80	241.603	0
0.00514125	0.00212109	0.2	80	240.564	0
0.00514125	0.00231745	0.2	80	239.434	0
0.00514125	0.00253198	0.2	80	238.202	0
0.00514125	0.00276638	0.2	80	236.861	0
0.00514125	0.00302248	0.2	80	235.402	0
0.00514125	0.00330228	0.2	80	233.814	0
0.00514125	0.00360798	0.2	80	232.087	0
0.00514125	0.00394199	0.2	80	230.21	0
0.00514125	0.00430692	0.2	80	228.17	0
0.00514125	0.00470563	0.2	80	225.955	0
0.00514125	0.00514125	0.2	80	223.552	0
0.00514125	0.0056172	0.2	80	220.945	0
0.00514125	0.0061372	0.2	80	218.12	0
0.00514125	0.00670535	0.2	80	215.061	0
0.00514125	0.0073261	0.2	80	211.751	0
0.00514125	0.0080043	0.2	80	208.175	0
0.00514125	0.0087453	0.2	80	204.314	0
0.00514125	0.00955489	0.2	80	200.151	0
0.00514125	0.0104394	0.2	80	195.67	0
0.00514125	0.0114058	0.2	80	190.852	0
0.00514125	0.0124617	0.2	80	185.684	0
0.00514125	0.0136154	0.2	80	180.149	0
0.00514125	0.0148758	0.2	80	174.237	0
0.00514125	0.0162529	0.2	80	167.937	0
0.00514125	0.0177575	0.2	80	161.245	0
0.00514125	0.0194014	0.2	80	154.161	0
0.00514125	0.0211975	0.2	80	146.692	0
0.00514125	0.0231598	0.2	80	138.855	0
0.00514125	0.0253038	0.2	80	130.677	0
0.00514125	0.0276463	0.2	80	122.2	0
0.00514125	0.0302057	0.2	80	113.483	0
0.00514125	0.0330019	0.2	80	104.609	0
0.00514125	0.0360571	0.2	80	95.6857	0
0.00514125	0.039395	0.2	80	86.8559	0
0.00514125	0.043042	0.2	80	78.302	0
0.00514125	0.0470266	0.2	80	70.2564	0
0.00514125	0.05138	0.2	80	63.0113	0
0.00514125	0.0561365	0.2	80	56.9316	0
0.00514125	0.0613333	0.2	80	52.4698	0
0.00514125	0.0670111	0.2	80	50.184	0
0.00514125	0.0732147	0.2	80	50.7586	0
0.00514125	0.0799925	0.2	80	55.0299	0
0.00514125	0.0873977	0.2	80	64.0154	0
0.00514125	0.0954885	0.2	80	78.9493	0
0.00514125	0.104328	0.2	80	101.323	0
0.00514125	0.113986	0.2	80	132.936	0
0.00514125	0.124539	0.2	80	175.949	0
0.00514125	0.136068	0.2	80	232.955	0
0.00514125	0.148664	0.2	80	307.059	0
0.00514125	0.162426	0.2	80	401.967	0
0.00514125	0.177463	0.2	80	522.095	0
0.00514125	0.193892	0.2	80	672.702	0
0.00514125	0.211841	0.2	80	860.033	0
0.00514125	0.231452	0.2	80	1091.5	0
0.00514125	0.252878	0.2	80	1375.88	0
0.00514125	0.276288	0.2	80	1723.57	0
0.00514125	0.301866	0.2	80	2146.88	0
0.00514125	0.329811	0.2	80	2660.39	0
0.00514125	0.360343	0.2	80	3281.34	0
0.00514125	0.393701	0.2	80	4030.2	0
0.00514125	0.430148	0.2	80	4931.31	0
0.00514125	0.469968	0.2	80	6013.7	0
0.00514125	0.513475	0.2	80	7312.18	0
0.00514125	0.56101	0.2	80	8868.73	0
0.00514125	0.612945	0.2	80	10734.5	0
0.00514125	0.669688	0.2	80	12972.1	0
0.0056172	0.000104526	0.2	80	251.663	0
0.0056172	0.000114203	0.2	80	251.601	0
0.0056172	0.000124775	0.2	80	251.532	0
0.0056172	0.000136326	0.2	80	251.457	0
0.0056172	0.000148946	0.2	80	251.375	0
0.0056172	0.000162735	0.2	80	251.286	0
0.0056172	0.0001778	0.2	80	251.188	0
0.0056172	0.00019426	0.2	80	251.081	0
0.0056172	0.000212243	0.2	80	250.965	0
0.0056172	0.000231891	0.2	80	250.838	0
0.0056172	0.000253358	0.2	80	250.698	0
0.0056172	0.000276813	0.2	80	250.547	0
0.0056172	0.000302439	0.2	80	250.381	0
0.0056172	0.000330437	0.2	80	250.2	0
0.0056172	0.000361027	0.2	80	250.002	0
0.0056172	0.000394448	0.2	80	249.786	0
0.0056172	0.000430964	0.2	80	249.55	0
0.0056172	0.00047086	0.2	80	249.293	0
0.0056172	0.00051445	0.2	80	249.011	0
0.0056172	0.000562075	0.2	80	248.704	0
0.0056172	0.000614108	0.2	80	248.369	0
0.0056172	0.000670959	0.2	80	248.003	0
0.0056172	0.000733073	0.2	80	247.604	0
0.0056172	0.000800936	0.2	80	247.168	0
0.0056172	0.000875083	0.2	80	246.693	0
0.0056172	0.000956093	0.2	80	246.174	0
0.0056172	0.0010446	0.2	80	245.607	0
0.0056172	0.00114131	0.2	80	244.99	0
0.0056172	0.00124696	0.2	80	244.316	0
0.0056172	0.0013624	0.2	80	243.581	0
0.0056172	0.00148852	0.2	80	242.779	0
0.0056172	0.00162632	0.2	80	241.906	0
0.0056172	0.00177687	0.2	80	240.953	0
0.0056172	0.00194137	0.2	80	239.916	0
0.0056172	0.00212109	0.2	80	238.785	0
0.0056172	0.00231745	0.2	80	237.554	0
0.0056172	0.00253198	0.2	80	236.213	0
0.0056172	0.00276638	0.2	80	234.753	0
0.0056172	0.00302248	0.2	80	233.165	0
0.0056172	0.00330228	0.2	80	231.437	0
0.0056172	0.00360798	0.2	80	229.559	0
0.0056172	0.00394199	0.2	80	227.518	0
0.0056172	0.00430692	0.2	80	225.301	0
0.0056172	0.00470563	0.2	80	222.895	0
0.0056172	0.00514125	0.2	80	220.285	0
0.0056172	0.0056172	0.2	80	217.456	0
0.0056172	0.0061372	0.2	80	214.391	0
0.0056172	0.00670535	0.2	80	211.075	0
0.0056172	0.0073261	0.2	80	207.489	0
0.0056172	0.0080043	0.2	80	203.617	0
0.0056172	0.0087453	0.2	80	199.441	0
0.0056172	0.00955489	0.2	80	194.943	0
0.0056172	0.0104394	0.2	80	190.105	0
0.0056172	0.0114058	0.2	80	184.912	0
0.0056172	0.0124617	0.2	80	179.347	0
0.0056172	0.0136154	0.2	80	173.398	0
0.0056172	0.0148758	0.2	80	167.054	0
0.0056172	0.0162529	0.2	80	160.308	0
0.0056172	0.0177575	0.2	80	153.159	0
0.0056172	0.0194014	0.2	80	145.613	0
0.0056172	0.0211975	0.2	80	137.683	0
0.0056172	0.0231598	0.2	80	129.393	0
0.0056172	0.0253038	0.2	80	120.784	0
0.0056172	0.0276463	0.2	80	111.909	0
0.0056172	0.0302057	0.2	80	102.847	0
0.0056172	0.0330019	0.2	80	93.7006	0
0.0056172	0.0360571	0.2	80	84.6068	0
0.0056172	0.039395	0.2	80	75.741	0
0.0056172	0.043042	0.2	80	67.3277	0
0.0056172	0.0470266	0.2	80	59.6504	0
0.0056172	0.05138	0.2	80	53.0639	0
0.0056172	0.0561365	0.2	80	48.0096	0
0.0056172	0.0613333	0.2	80	45.0333	0
0.0056172	0.0670111	0.2	80	44.806	0
0.0056172	0.0732147	0.2	80	48.1497	0
0.0056172	0.0799925	0.2	80	56.0672	0
0.0056172	0.0873977	0.2	80	69.7771	0
0.0056172	0.0954885	0.2	80	90.7567	0
0.0056172	0.104328	0.2	80	120.791	0
0.0056172	0.113986	0.2	80	162.032	0
0.0056172	0.124539	0.2	80	217.068	0
0.0056172	0.136068	0.2	80	289.003	0
0.0056172	0.148664	0.2	80	381.558	0
0.0056172	0.162426	0.2	80	499.177	0
0.0056172	0.177463	0.2	80	647.167	0
0.0056172	0.193892	0.2	80	831.851	0
0.0056172	0.211841	0.2	80	1060.75	0
0.0056172	0.231452	0.2	80	1342.81	0
0.0056172	0.252878	0.2	80	1688.64	0
0.0056172	0.276288	0.2	80	2110.84	0
0.0056172	0.301866	0.2	80	2624.34	0
0.0056172	0.329811	0.2	80	3246.87	0
0.0056172	0.360343	0.2	80	3999.44	0
0.0056172	0.393701	0.2	80	4907.02	0
0.0056172	0.430148	0.2	80	5999.32	0
0.0056172	0.469968	0.2	80	7311.81	0
0.0056172	0.513475	0.2	80	8886.97	0
0.0056172	0.56101	0.2	80	10776	0
0.0056172	0.612945	0.2	80	13040.9	0
0.0056172	0.669688	0.2	80	15757.5	0
0.0061372	0.000104526	0.2	80	250.89	0
0.0061372	0.000114203	0.2	80	250.821	0
0.0061372	0.000124775	0.2	80	250.747	0
0.0061372	0.000136326	0.2	80	250.665	0
0.0061372	0.000148946	0.2	80	250.575	0
0.0061372	0.000162735	0.2	80	250.478	0
0.0061372	0.0001778	0.2	80	250.371	0
0.0061372	0.00019426	0.2	80	250.255	0
0.0061372	0.000212243	0.2	80	250.128	0
0.0061372	0.000231891	0.2	80	249.989	0
0.0061372	0.000253358	0.2	80	249.837	0
0.0061372	0.000276813	0.2	80	249.672	0
0.0061372	0.000302439	0.2	80	249.491	0
0.0061372	0.000330437	0.2	80	249.293	0
0.0061372	0.000361027	0.2	80	249.077	0
0.0061372	0.000394448	0.2	80	248.842	0
0.0061372	0.000430964	0.2	80	248.584	0
0.0061372	0.00047086	0.2	80	248.304	0
0.0061372	0.00051445	0.2	80	247.997	0
0.0061372	0.000562075	0.2	80	247.662	0
0.0061372	0.000614108	0.2	80	247.297	0
0.0061372	0.000670959	0.2	80	246.898	0
0.0061372	0.000733073	0.2	80	246.462	0
0.0061372	0.000800936	0.2	80	245.987	0
0.0061372	0.000875083	0.2	80	245.468	0
0.0061372	0.000956093	0.2	80	244.903	0
0.0061372	0.0010446	0.2	80	244.285	0
0.0061372	0.00114131	0.2	80	243.612	0
0.0061372	0.00124696	0.2	80	242.877	0
0.0061372	0.0013624	0.2	80	242.077	0
0.0061372	0.00148852	0.2	80	241.203	0
0.0061372	0.00162632	0.2	80	240.252	0
0.0061372	0.00177687	0.2	80	239.214	0
0.0061372	0.00194137	0.2	80	238.084	0
0.0061372	0.00212109	0.2	80	236.853	0
0.0061372	0.00231745	0.2	80	235.512	0
0.0061372	0.00253198	0.2	80	234.053	0
0.0061372	0.00276638	0.2	80	232.465	0
0.0061372	0.00302248	0.2	80	230.737	0
0.0061372	0.00330228	0.2	80	228.858	0
0.0061372	0.00360798	0.2	80	226.817	0
0.0061372	0.00394199	0.2	80	224.599	0
0.0061372	0.00430692	0.2	80	222.191	0
0.0061372	0.00470563	0.2	80	219.578	0
0.0061372	0.00514125	0.2	80	216.746	0
0.0061372	0.0056172	0.2	80	213.677	0
0.0061372	0.0061372	0.2	80	210.355	0
0.0061372	0.00670535	0.2	80	206.763	0
0.0061372	0.0073261	0.2	80	202.883	0
0.0061372	0.0080043	0.2	80	198.696	0
0.0061372	0.0087453	0.2	80	194.185	0
0.0061372	0.00955489	0.2	80	189.331	0
0.0061372	0.0104394	0.2	80	184.118	0
0.0061372	0.0114058	0.2	80	178.529	0
0.0061372	0.0124617	0.2	80	172.55	0
0.0061372	0.0136154	0.2	80	166.17	0
0.0061372	0.0148758	0.2	80	159.381	0
0.0061372	0.0162529	0.2	80	152.179	0
0.0061372	0.0177575	0.2	80	144.569	0
0.0061372	0.0194014	0.2	80	136.563	0
0.0061372	0.0211975	0.2	80	128.181	0
0.0061372	0.0231598	0.2	80	119.461	0
0.0061372	0.0253038	0.2	80	110.455	0
0.0061372	0.0276463	0.2	80	101.236	0
0.0061372	0.0302057	0.2	80	91.9032	0
0.0061372	0.0330019	0.2	80	82.5875	0
0.0061372	0.0360571	0.2	80	73.459	0
0.0061372	0.039395	0.2	80	64.7351	0
0.0061372	0.043042	0.2	80	56.6915	0
0.0061372	0.0470266	0.2	80	49.6741	0
0.0061372	0.05138	0.2	80	44.1144	0
0.0061372	0.0561365	0.2	80	40.5468	0
0.0061372	0.0613333	0.2	80	39.6303	0
0.0061372	0.0670111	0.2	80	42.1733	0
0.0061372	0.0732147	0.2	80	49.1642	0
0.0061372	0.0799925	0.2	80	61.8069	0
0.0061372	0.0873977	0.2	80	81.5633	0
0.0061372	0.0954885	0.2	80	110.204	0
0.0061372	0.104328	0.2	80	149.867	0
0.0061372	0.113986	0.2	80	203.131	0
0.0061372	0.124539	0.2	80	273.095	0
0.0061372	0.136068	0.2	80	363.481	0
0.0061372	0.148664	0.2	80	478.747	0
0.0061372	0.162426	0.2	80	624.228	0
0.0061372	0.177463	0.2	80	806.295	0
0.0061372	0.193892	0.2	80	1032.55	0
0.0061372	0.211841	0.2	80	1312.04	0
0.0061372	0.231452	0.2	80	1655.56	0
0.0061372	0.252878	0.2	80	2075.9	0
0.0061372	0.276288	0.2	80	2588.31	0
0.0061372	0.301866	0.2	80	3210.86	0
0.0061372	0.329811	0.2	80	3965.04	0
0.0061372	0.360343	0.2	80	4876.38	0
0.0061372	0.393701	0.2	80	5975.23	0
0.0061372	0.430148	0.2	80	7297.75	0
0.0061372	0.469968	0.2	80	8887.09	0
0.0061372	0.513475	0.2	80	10794.9	0
0.0061372	0.56101	0.2	80	13083.4	0
0.0061372	0.612945	0.2	80	15827.7	0
0.0061372	0.669688	0.2	80	19119.3	0
0.00670535	0.000104526	0.2	80	250.054	0
0.00670535	0.000114203	0.2	80	249.979	0
0.00670535	0.000124775	0.2	80	249.897	0
0.00670535	0.000136326	0.2	80	249.808	0
0.00670535	0.000148946	0.2	80	249.71	0
0.00670535	0.000162735	0.2	80	249.604	0
0.00670535	0.0001778	0.2	80	249.488	0
0.00670535	0.00019426	0.2	80	249.361	0
0.00670535	0.000212243	0.2	80	249.222	0
0.00670535	0.000231891	0.2	80	249.07	0
0.00670535	0.000253358	0.2	80	248.905	0
0.00670535	0.000276813	0.2	80	248.724	0
0.00670535	0.000302439	0.2	80	248.527	0
0.00670535	0.000330437	0.2	80	248.311	0
0.00670535	0.000361027	0.2	80	248.076	0
0.00670535	0.000394448	0.2	80	247.819	0
0.00670535	0.000430964	0.2	80	247.538	0
0.00670535	0.00047086	0.2	80	247.232	0
0.00670535	0.00051445	0.2	80	246.898	0
0.00670535	0.000562075	0.2	80	246.532	0
0.00670535	0.000614108	0.2	80	246.134	0
0.00670535	0.000670959	0.2	80	245.699	0
0.00670535	0.000733073	0.2	80	245.224	0
0.00670535	0.000800936	0.2	80	244.706	0
0.00670535	0.000875083	0.2	80	244.141	0
0.00670535	0.000956093	0.2	80	243.524	0
0.00670535	0.0010446	0.2	80	242.851	0
0.00670535	0.00114131	0.2	80	242.117	0
0.00670535	0.00124696	0.2	80	241.317	0
0.00670535	0.0013624	0.2	80	240.444	0
0.00670535	0.00148852	0.2	80	239.493	0
0.00670535	0.00162632	0.2	80	238.456	0
0.00670535	0.00177687	0.2	80	237.327	0
0.00670535	0.00194137	0.2	80	236.096	0
0.00670535	0.00212109	0.2	80	234.756	0
0.00670535	0.00231745	0.2	80	233.297	0
0.00670535	0.00253198	0.2	80	231.709	0
0.00670535	0.00276638	0.2	80	229.982	0
0.00670535	0.00302248	0.2	80	228.103	0
0.00670535	0.00330228	0.2	80	226.061	0
0.00670535	0.00360798	0.2	80	223.843	0
0.00670535	0.00394199	0.2	80	221.434	0
0.00670535	0.00430692	0.2	80	218.82	0
0.00670535	0.00470563	0.2	80	215.986	0
0.00670535	0.00514125	0.2	80	212.914	0
0.00670535	0.0056172	0.2	80	209.589	0
0.00670535	0.0061372	0.2	80	205.992	0
0.00670535	0.00670535	0.2	80	202.106	0
0.00670535	0.0073261	0.2	80	197.911	0
0.00670535	0.0080043	0.2	80	193.39	0
0.00670535	0.0087453	0.2	80	188.524	0
0.00670535	0.00955489	0.2	80	183.295	0
0.00670535	0.0104394	0.2	80	177.687	0
0.00670535	0.0114058	0.2	80	171.685	0
0.00670535	0.0124617	0.2	80	165.276	0
0.00670535	0.0136154	0.2	80	158.451	0
0.00670535	0.0148758	0.2	80	151.207	0
0.00670535	0.0162529	0.2	80	143.546	0
0.00670535	0.0177575	0.2	80	135.476	0
0.00670535	0.0194014	0.2	80	127.019	0
0.00670535	0.0211975	0.2	80	118.209	0
0.00670535	0.0231598	0.2	80	109.094	0
0.00670535	0.0253038	0.2	80	99.7443	0
0.00670535	0.0276463	0.2	80	90.2559	0
0.00670535	0.0302057	0.2	80	80.755	0
0.00670535	0.0330019	0.2	80	71.4063	0
0.00670535	0.0360571	0.2	80	62.4214	0
0.00670535	0.039395	0.2	80	54.0688	0
0.00670535	0.043042	0.2	80	46.6869	0
0.00670535	0.0470266	0.2	80	40.698	0
0.00670535	0.05138	0.2	80	36.6267	0
0.00670535	0.0561365	0.2	80	35.1208	0
0.00670535	0.0613333	0.2	80	36.9762	0
0.00670535	0.0670111	0.2	80	43.1681	0
0.00670535	0.0732147	0.2	80	54.8859	0
0.00670535	0.0799925	0.2	80	73.5765	0
0.00670535	0.0873977	0.2	80	100.995	0
0.00670535	0.0954885	0.2	80	139.266	0
0.00670535	0.104328	0.2	80	190.953	0
0.00670535	0.113986	0.2	80	259.147	0
0.00670535	0.124539	0.2	80	347.562	0
0.00670535	0.136068	0.2	80	460.66	0
0.00670535	0.148664	0.2	80	603.788	0
0.00670535	0.162426	0.2	80	783.346	0
0.00670535	0.177463	0.2	80	1006.98	0
0.00670535	0.193892	0.2	80	1283.84	0
0.00670535	0.211841	0.2	80	1624.79	0
0.00670535	0.231452	0.2	80	2042.83	0
0.00670535	0.252878	0.2	80	2553.39	0
0.00670535	0.276288	0.2	80	3174.86	0
0.00670535	0.301866	0.2	80	3929.1	0
0.00670535	0.329811	0.2	80	4842.09	0
0.00670535	0.360343	0.2	80	5944.76	0
0.00670535	0.393701	0.2	80	7273.92	0
0.00670535	0.430148	0.2	80	8873.41	0
0.00670535	0.469968	0.2	80	10795.6	0
0.00670535	0.513475	0.2	80	13103.2	0
0.00670535	0.56101	0.2	80	15871.4	0
0.00670535	0.612945	0.2	80	19191.2	0
0.00670535	0.669688	0.2	80	23172.6	0
0.0073261	0.000104526	0.2	80	249.15	0
0.0073261	0.000114203	0.2	80	249.068	0
0.0073261	0.000124775	0.2	80	248.979	0
0.0073261	0.000136326	0.2	80	248.882	0
0.0073261	0.000148946	0.2	80	248.776	0
0.0073261	0.000162735	0.2	80	248.659	0
0.0073261	0.0001778	0.2	80	248.533	0
0.0073261	0.00019426	0.2	80	248.394	0
0.0073261	0.000212243	0.2	80	248.243	0
0.0073261	0.000231891	0.2	80	248.077	0
0.0073261	0.000253358	0.2	80	247.897	0
0.0073261	0.000276813	0.2	80	247.7	0
0.0073261	0.000302439	0.2	80	247.484	0
0.0073261	0.000330437	0.2	80	247.249	0
0.0073261	0.000361027	0.2	80	246.993	0
0.0073261	0.000394448	0.2	80	246.712	0
0.0073261	0.000430964	0.2	80	246.406	0
0.0073261	0.00047086	0.2	80	246.072	0
0.0073261	0.00051445	0.2	80	245.707	0
0.0073261	0.000562075	0.2	80	245.309	0
0.0073261	0.000614108	0.2	80	244.875	0
0.0073261	0.000670959	0.2	80	244.4	0
0.0073261	0.000733073	0.2	80	243.883	0
0.0073261	0.000800936	0.2	80	243.318	0
0.0073261	0.000875083	0.2	80	242.702	0
0.0073261	0.000956093	0.2	80	242.03	0
0.0073261	0.0010446	0.2	80	241.296	0
0.0073261	0.00114131	0.2	80	240.497	0
0.0073261	0.00124696	0.2	80	239.625	0
0.0073261	0.0013624	0.2	80	238.675	0
0.0073261	0.00148852	0.2	80	237.639	0
0.0073261	0.00162632	0.2	80	236.51	0
0.0073261	0.00177687	0.2	80	235.28	0
0.0073261	0.00194137	0.2	80	233.941	0
0.0073261	0.00212109	0.2	80	232.482	0
0.0073261	0.00231745	0.2	80	230.895	0
0.0073261	0.00253198	0.2	80	229.168	0
0.0073261	0.00276638	0.2	80	227.29	0
0.0073261	0.00302248	0.2	80	225.248	0
0.0073261	0.00330228	0.2	80	223.03	0
0.0073261	0.00360798	0.2	80	220.621	0
0.0073261	0.00394199	0.2	80	218.007	0
0.0073261	0.00430692	0.2	80	215.171	0
0.0073261	0.00470563	0.2	80	212.098	0
0.0073261	0.00514125	0.2	80	208.771	0
0.0073261	0.0056172	0.2	80	205.171	0
0.0073261	0.0061372	0.2	80	201.28	0
0.0073261	0.00670535	0.2	80	197.08	0
0.0073261	0.0073261	0.2	80	192.552	0
0.0073261	0.0080043	0.2	80	187.676	0
0.0073261	0.0087453	0.2	80	182.436	0
0.0073261	0.00955489	0.2	80	176.813	0
0.0073261	0.0104394	0.2	80	170.792	0
0.0073261	0.0114058	0.2	80	164.361	0
0.0073261	0.0124617	0.2	80	157.509	0
0.0073261	0.0136154	0.2	80	150.23	0
0.0073261	0.0148758	0.2	80	142.527	0
0.0073261	0.0162529	0.2	80	134.407	0
0.0073261	0.0177575	0.2	80	125.889	0
0.0073261	0.0194014	0.2	80	117.004	0
0.0073261	0.0211975	0.2	80	107.8	0
0.0073261	0.0231598	0.2	80	98.3435	0
0.0073261	0.0253038	0.2	80	88.7266	0
0.0073261	0.0276463	0.2	80	79.072	0
0.0073261	0.0302057	0.2	80	69.54	0
0.0073261	0.0330019	0.2	80	60.3368	0
0.0073261	0.0360571	0.2	80	51.7252	0
0.0073261	0.039395	0.2	80	44.0365	0
0.0073261	0.043042	0.2	80	37.6853	0
0.0073261	0.0470266	0.2	80	33.1872	0
0.0073261	0.05138	0.2	80	31.1798	0
0.0073261	0.0561365	0.2	80	32.4483	0
0.0073261	0.0613333	0.2	80	37.955	0
0.0073261	0.0670111	0.2	80	48.8761	0
0.0073261	0.0732147	0.2	80	66.6441	0
0.0073261	0.0799925	0.2	80	92.9993	0
0.0073261	0.0873977	0.2	80	130.05	0
0.0073261	0.0954885	0.2	80	180.347	0
0.0073261	0.104328	0.2	80	246.966	0
0.0073261	0.113986	0.2	80	333.612	0
0.0073261	0.124539	0.2	80	444.741	0
0.0073261	0.136068	0.2	80	585.703	0
0.0073261	0.148664	0.2	80	762.91	0
0.0073261	0.162426	0.2	80	984.042	0
0.0073261	0.177463	0.2	80	1258.28	0
0.0073261	0.193892	0.2	80	1596.6	0
0.0073261	0.211841	0.2	80	2012.08	0
0.0073261	0.231452	0.2	80	2520.35	0
0.0073261	0.252878	0.2	80	3139.99	0
0.0073261	0.276288	0.2	80	3893.16	0
0.0073261	0.301866	0.2	80	4806.24	0
0.0073261	0.329811	0.2	80	5910.62	0
0.0073261	0.360343	0.2	80	7243.67	0
0.0073261	0.393701	0.2	80	8849.9	0
0.0073261	0.430148	0.2	80	10782.4	0
0.0073261	0.469968	0.2	80	13104.5	0
0.0073261	0.513475	0.2	80	15892.1	0
0.0073261	0.56101	0.2	80	19236.2	0
0.0073261	0.612945	0.2	80	23246.3	0
0.0073261	0.669688	0.2	80	28055.1	0
0.0080043	0.000104526	0.2	80	248.175	0
0.0080043	0.000114203	0.2	80	248.086	0
0.0080043	0.000124775	0.2	80	247.989	0
0.0080043	0.000136326	0.2	80	247.882	0
0.0080043	0.000148946	0.2	80	247.766	0
0.0080043	0.000162735	0.2	80	247.64	0
0.0080043	0.0001778	0.2	80	247.501	0
0.0080043	0.00019426	0.2	80	247.35	0
0.0080043	0.000212243	0.2	80	247.185	0
0.0080043	0.000231891	0.2	80	247.005	0
0.0080043	0.000253358	0.2	80	246.808	0
0.0080043	0.000276813	0.2	80	246.593	0
0.0080043	0.000302439	0.2	80	246.358	0
0.0080043	0.000330437	0.2	80	246.102	0
0.0080043	0.000361027	0.2	80	245.822	0
0.0080043	0.000394448	0.2	80	245.516	0
0.0080043	0.000430964	0.2	80	245.182	0
0.0080043	0.00047086	0.2	80	244.818	0
0.0080043	0.00051445	0.2	80	244.42	0
0.0080043	0.000562075	0.2	80	243.986	0
0.0080043	0.000614108	0.2	80	243.512	0
0.0080043	0.000670959	0.2	80	242.995	0
0.0080043	0.000733073	0.2	80	242.431	0
0.0080043	0.000800936	0.2	80	241.816	0
0.0080043	0.000875083	0.2	80	241.144	0
0.0080043	0.000956093	0.2	80	240.412	0
0.0080043	0.0010446	0.2	80	239.613	0
0.0080043	0.00114131	0.2	80	238.742	0
0.0080043	0.00124696	0.2	80	237.792	0
0.0080043	0.0013624	0.2	80	236.757	0
0.0080043	0.00148852	0.2	80	235.629	0
0.0080043	0.00162632	0.2	80	234.4	0
0.0080043	0.00177687	0.2	80	233.062	0
0.0080043	0.00194137	0.2	80	231.604	0
0.0080043	0.00212109	0.2	80	230.018	0
0.0080043	0.00231745	0.2	80	228.292	0
0.0080043	0.00253198	0.2	80	226.415	0
0.0080043	0.00276638	0.2	80	224.374	0
0.0080043	0.00302248	0.2	80	222.156	0
0.0080043	0.00330228	0.2	80	219.748	0
0.0080043	0.00360798	0.2	80	217.134	0
0.0080043	0.00394199	0.2	80	214.298	0
0.0080043	0.00430692	0.2	80	211.224	0
0.0080043	0.00470563	0.2	80	207.896	0
0.0080043	0.00514125	0.2	80	204.294	0
0.0080043	0.0056172	0.2	80	200.401	0
0.0080043	0.0061372	0.2	80	196.197	0
0.0080043	0.00670535	0.2	80	191.664	0
0.0080043	0.0073261	0.2	80	186.782	0
0.0080043	0.0080043	0.2	80	181.533	0
0.0080043	0.0087453	0.2	80	175.899	0
0.0080043	0.00955489	0.2	80	169.865	0
0.0080043	0.0104394	0.2	80	163.416	0
0.0080043	0.0114058	0.2	80	156.543	0
0.0080043	0.0124617	0.2	80	149.238	0
0.0080043	0.0136154	0.2	80	141.502	0
0.0080043	0.0148758	0.2	80	133.342	0
0.0080043	0.0162529	0.2	80	124.774	0
0.0080043	0.0177575	0.2	80	115.83	0
0.0080043	0.0194014	0.2	80	106.553	0
0.0080043	0.0211975	0.2	80	97.0095	0
0.0080043	0.0231598	0.2	80	87.2874	0
0.0080043	0.0253038	0.2	80	77.5063	0
0.0080043	0.0276463	0.2	80	67.8228	0
0.0080043	0.0302057	0.2	80	58.4386	0
0.0080043	0.0330019	0.2	80	49.6112	0
0.0080043	0.0360571	0.2	80	41.6661	0
0.0080043	0.039395	0.2	80	35.0109	0
0.0080043	0.043042	0.2	80	30.1532	0
0.0080043	0.0470266	0.2	80	27.722	0
0.0080043	0.05138	0.2	80	28.492	0
0.0080043	0.0561365	0.2	80	33.4148	0
0.0080043	0.0613333	0.2	80	43.6539	0
0.0080043	0.0670111	0.2	80	60.6284	0
0.0080043	0.0732147	0.2	80	86.0643	0
0.0080043	0.0799925	0.2	80	122.055	0
0.0080043	0.0873977	0.2	80	171.135	0
0.0080043	0.0954885	0.2	80	236.366	0
0.0080043	0.104328	0.2	80	321.441	0
0.0080043	0.113986	0.2	80	430.804	0
0.0080043	0.124539	0.2	80	569.8	0
0.0080043	0.136068	0.2	80	744.844	0
0.0080043	0.148664	0.2	80	963.629	0
0.0080043	0.162426	0.2	80	1235.37	0
0.0080043	0.177463	0.2	80	1571.07	0
0.0080043	0.193892	0.2	80	1983.93	0
0.0080043	0.211841	0.2	80	2489.65	0
0.0080043	0.231452	0.2	80	3107	0
0.0080043	0.252878	0.2	80	3858.37	0
0.0080043	0.276288	0.2	80	4770.42	0
0.0080043	0.301866	0.2	80	5874.92	0
0.0080043	0.329811	0.2	80	7209.72	0
0.0080043	0.360343	0.2	80	8819.93	0
0.0080043	0.393701	0.2	80	10759.3	0
0.0080043	0.430148	0.2	80	13091.9	0
0.0080043	0.469968	0.2	80	15894.2	0
0.0080043	0.513475	0.2	80	19258	0
0.0080043	0.56101	0.2	80	23292.9	0
0.0080043	0.612945	0.2	80	28130.9	0
0.0080043	0.669688	0.2	80	33931.4	0
0.0087453	0.000104526	0.2	80	247.124	0
0.0087453	0.000114203	0.2	80	247.027	0
0.0087453	0.000124775	0.2	80	246.921	0
0.0087453	0.000136326	0.2	80	246.805	0
0.0087453	0.000148946	0.2	80	246.678	0
0.0087453	0.000162735	0.2	80	246.54	0
0.0087453	0.0001778	0.2	80	246.389	0
0.0087453	0.00019426	0.2	80	246.224	0
0.0087453	0.000212243	0.2	80	246.044	0
0.0087453	0.000231891	0.2	80	245.847	0
0.0087453	0.000253358	0.2	80	245.633	0
0.0087453	0.000276813	0.2	80	245.398	0
0.0087453	0.000302439	0.2	80	245.142	0
0.0087453	0.000330437	0.2	80	244.863	0
0.0087453	0.000361027	0.2	80	244.557	0
0.0087453	0.000394448	0.2	80	244.224	0
0.0087453	0.000430964	0.2	80	243.86	0
0.0087453	0.00047086	0.2	80	243.463	0
0.0087453	0.00051445	0.2	80	243.029	0
0.0087453	0.000562075	0.2	80	242.556	0
0.0087453	0.000614108	0.2	80	242.04	0
0.0087453	0.000670959	0.2	80	241.476	0
0.0087453	0.000733073	0.2	80	240.861	0
0.0087453	0.000800936	0.2	80	240.19	0
0.0087453	0.000875083	0.2	80	239.459	0
0.0087453	0.000956093	0.2	80	238.661	0
0.0087453	0.0010446	0.2	80	237.79	0
0.0087453	0.00114131	0.2	80	236.842	0
0.0087453	0.00124696	0.2	80	235.808	0
0.0087453	0.0013624	0.2	80	234.681	0
0.0087453	0.00148852	0.2	80	233.453	0
0.0087453	0.00162632	0.2	80	232.116	0
0.0087453	0.00177687	0.2	80	230.66	0
0.0087453	0.00194137	0.2	80	229.074	0
0.0087453	0.00212109	0.2	80	227.35	0
0.0087453	0.00231745	0.2	80	225.474	0
0.0087453	0.00253198	0.2	80	223.434	0
0.0087453	0.00276638	0.2	80	221.217	0
0.0087453	0.00302248	0.2	80	218.81	0
0.0087453	0.00330228	0.2	80	216.197	0
0.0087453	0.00360798	0.2	80	213.362	0
0.0087453	0.00394199	0.2	80	210.289	0
0.0087453	0.00430692	0.2	80	206.96	0
0.0087453	0.00470563	0.2	80	203.358	0
0.0087453	0.00514125	0.2	80	199.463	0
0.0087453	0.0056172	0.2	80	195.258	0
0.0087453	0.0061372	0.2	80	190.722	0
0.0087453	0.00670535	0.2	80	185.836	0
0.0087453	0.0073261	0.2	80	180.581	0
0.0087453	0.0080043	0.2	80	174.94	0
0.0087453	0.0087453	0.2	80	168.896	0
0.0087453	0.00955489	0.2	80	162.435	0
0.0087453	0.0104394	0.2	80	155.545	0
0.0087453	0.0114058	0.2	80	148.22	0
0.0087453	0.0124617	0.2	80	140.459	0
0.0087453	0.0136154	0.2	80	132.267	0
0.0087453	0.0148758	0.2	80	123.662	0
0.0087453	0.0162529	0.2	80	114.67	0
0.0087453	0.0177575	0.2	80	105.336	0
0.0087453	0.0194014	0.2	80	95.7215	0
0.0087453	0.0211975	0.2	80	85.9142	0
0.0087453	0.0231598	0.2	80	76.0303	0
0.0087453	0.0253038	0.2	80	66.2228	0
0.0087453	0.0276463	0.2	80	56.6898	0
0.0087453	0.0302057	0.2	80	47.6844	0
0.0087453	0.0330019	0.2	80	39.5265	0
0.0087453	0.0360571	0.2	80	32.6181	0
0.0087453	0.039395	0.2	80	27.4598	0
0.0087453	0.043042	0.2	80	24.6726	0
0.0087453	0.0470266	0.2	80	25.0225	0
0.0087453	0.05138	0.2	80	29.4507	0
0.0087453	0.0561365	0.2	80	39.1098	0
0.0087453	0.0613333	0.2	80	55.4065	0
0.0087453	0.0670111	0.2	80	80.0531	0
0.0087453	0.0732147	0.2	80	115.129	0
0.0087453	0.0799925	0.2	80	163.153	0
0.0087453	0.0873977	0.2	80	227.172	0
0.0087453	0.0954885	0.2	80	310.863	0
0.0087453	0.104328	0.2	80	418.659	0
0.0087453	0.113986	0.2	80	555.894	0
0.0087453	0.124539	0.2	80	728.977	0
0.0087453	0.136068	0.2	80	945.603	0
0.0087453	0.148664	0.2	80	1215	0
0.0087453	0.162426	0.2	80	1548.21	0
0.0087453	0.177463	0.2	80	1958.46	0
0.0087453	0.193892	0.2	80	2461.56	0
0.0087453	0.211841	0.2	80	3076.38	0
0.0087453	0.231452	0.2	80	3825.48	0
0.0087453	0.252878	0.2	80	4735.74	0
0.0087453	0.276288	0.2	80	5839.24	0
0.0087453	0.301866	0.2	80	7174.22	0
0.0087453	0.329811	0.2	80	8786.24	0
0.0087453	0.360343	0.2	80	10729.7	0
0.0087453	0.393701	0.2	80	13069.2	0
0.0087453	0.430148	0.2	80	15882.2	0
0.0087453	0.469968	0.2	80	19261	0
0.0087453	0.513475	0.2	80	23315.9	0
0.0087453	0.56101	0.2	80	28179.1	0
0.0087453	0.612945	0.2	80	34009.6	0
0.0087453	0.669688	0.2	80	40998.6	0
0.00955489	0.000104526	0.2	80	245.993	0
0.00955489	0.000114203	0.2	80	245.887	0
0.00955489	0.000124775	0.2	80	245.771	0
0.00955489	0.000136326	0.2	80	245.645	0
0.00955489	0.000148946	0.2	80	245.507	0
0.00955489	0.000162735	0.2	80	245.356	0
0.00955489	0.0001778	0.2	80	245.191	0
0.00955489	0.00019426	0.2	80	245.011	0
0.00955489	0.000212243	0.2	80	244.815	0
0.00955489	0.000231891	0.2	80	244.601	0
0.00955489	0.000253358	0.2	80	244.366	0
0.00955489	0.000276813	0.2	80	244.111	0
0.00955489	0.000302439	0.2	80	243.831	0
0.00955489	0.000330437	0.2	80	243.527	0
0.00955489	0.000361027	0.2	80	243.194	0
0.00955489	0.000394448	0.2	80	242.83	0
0.00955489	0.000430964	0.2	80	242.434	0
0.00955489	0.00047086	0.2	80	242	0
0.00955489	0.00051445	0.2	80	241.528	0
0.00955489	0.000562075	0.2	80	241.012	0
0.00955489	0.000614108	0.2	80	240.449	0
0.00955489	0.000670959	0.2	80	239.835	0
0.00955489	0.000733073	0.2	80	239.165	0
0.00955489	0.000800936	0.2	80	238.434	0
0.00955489	0.000875083	0.2	80	237.637	0
0.00955489	0.000956093	0.2	80	236.768	0
0.00955489	0.0010446	0.2	80	235.82	0
0.00955489	0.00114131	0.2	80	234.787	0
0.00955489	0.00124696	0.2	80	233.662	0
0.00955489	0.0013624	0.2	80	232.435	0
0.00955489	0.00148852	0.2	80	231.099	0
0.00955489	0.00162632	0.2	80	229.644	0
0.00955489	0.00177687	0.2	80	228.061	0
0.00955489	0.00194137	0.2	80	226.338	0
0.00955489	0.00212109	0.2	80	224.463	0
0.00955489	0.00231745	0.2	80	222.425	0
0.00955489	0.00253198	0.2	80	220.21	0
0.00955489	0.00276638	0.2	80	217.804	0
0.00955489	0.00302248	0.2	80	215.192	0
0.00955489	0.00330228	0.2	80	212.359	0
0.00955489	0.00360798	0.2	80	209.287	0
0.00955489	0.00394199	0.2	80	205.959	0
0.00955489	0.00430692	0.2	80	202.358	0
0.00955489	0.00470563	0.2	80	198.463	0
0.00955489	0.00514125	0.2	80	194.257	0
0.00955489	0.0056172	0.2	80	189.72	0
0.00955489	0.0061372	0.2	80	184.832	0
0.00955489	0.00670535	0.2	80	179.575	0
0.00955489	0.0073261	0.2	80	173.929	0
0.00955489	0.0080043	0.2	80	167.879	0
0.00955489	0.0087453	0.2	80	161.409	0
0.00955489	0.00955489	0.2	80	154.508	0
0.00955489	0.0104394	0.2	80	147.168	0
0.00955489	0.0114058	0.2	80	139.389	0
0.00955489	0.0124617	0.2	80	131.174	0
0.00955489	0.0136154	0.2	80	122.539	0
0.00955489	0.0148758	0.2	80	113.511	0
0.00955489	0.0162529	0.2	80	104.131	0
0.00955489	0.0177575	0.2	80	94.4616	0
0.00955489	0.0194014	0.2	80	84.5866	0
0.00955489	0.0211975	0.2	80	74.6202	0
0.00955489	0.0231598	0.2	80	64.7128	0
0.00955489	0.0253038	0.2	80	55.059	0
0.00955489	0.0276463	0.2	80	45.9081	0
0.00955489	0.0302057	0.2	80	37.5757	0
0.00955489	0.0330019	0.2	80	30.4583	0
0.00955489	0.0360571	0.2	80	25.0508	0
0.00955489	0.039395	0.2	80	21.9671	0
0.00955489	0.043042	0.2	80	21.9655	0
0.00955489	0.0470266	0.2	80	25.9782	0
0.00955489	0.05138	0.2	80	35.1478	0
0.00955489	0.0561365	0.2	80	50.8695	0
0.00955489	0.0613333	0.2	80	74.8435	0
0.00955489	0.0670111	0.2	80	109.135	0
0.00955489	0.0732147	0.2	80	156.25	0
0.00955489	0.0799925	0.2	80	219.219	0
0.00955489	0.0873977	0.2	80	301.704	0
0.00955489	0.0954885	0.2	80	408.123	0
0.00955489	0.104328	0.2	80	543.796	0
0.00955489	0.113986	0.2	80	715.124	0
0.00955489	0.124539	0.2	80	929.796	0
0.00955489	0.136068	0.2	80	1197.04	0
0.00955489	0.148664	0.2	80	1527.92	0
0.00955489	0.162426	0.2	80	1935.68	0
0.00955489	0.177463	0.2	80	2436.19	0
0.00955489	0.193892	0.2	80	3048.4	0
0.00955489	0.211841	0.2	80	3794.98	0
0.00955489	0.231452	0.2	80	4703	0
0.00955489	0.252878	0.2	80	5804.74	0
0.00955489	0.276288	0.2	80	7138.75	0
0.00955489	0.301866	0.2	80	8751	0
0.00955489	0.329811	0.2	80	10696.3	0
0.00955489	0.360343	0.2	80	13040	0
0.00955489	0.393701	0.2	80	15860.2	0
0.00955489	0.430148	0.2	80	19249.8	0
0.00955489	0.469968	0.2	80	23320	0
0.00955489	0.513475	0.2	80	28203.6	0
0.00955489	0.56101	0.2	80	34059.8	0
0.00955489	0.612945	0.2	80	41079.4	0
0.00955489	0.669688	0.2	80	49492.1	0
0.0104394	0.000104526	0.2	80	244.777	0
0.0104394	0.000114203	0.2	80	244.662	0
0.0104394	0.000124775	0.2	80	244.536	0
0.0104394	0.000136326	0.2	80	244.398	0
0.0104394	0.000148946	0.2	80	244.247	0
0.0104394	0.000162735	0.2	80	244.083	0
0.0104394	0.0001778	0.2	80	243.903	0
0.0104394	0.00019426	0.2	80	243.707	0
0.0104394	0.000212243	0.2	80	243.493	0
0.0104394	0.000231891	0.2	80	243.259	0
0.0104394	0.000253358	0.2	80	243.004	0
0.0104394	0.000276813	0.2	80	242.725	0
0.0104394	0.000302439	0.2	80	242.42	0
0.0104394	0.000330437	0.2	80	242.088	0
0.0104394	0.000361027	0.2	80	241.725	0
0.0104394	0.000394448	0.2	80	241.329	0
0.0104394	0.000430964	0.2	80	240.896	0
0.0104394	0.00047086	0.2	80	240.424	0
0.0104394	0.00051445	0.2	80	239.909	0
0.0104394	0.000562075	0.2	80	239.347	0
0.0104394	0.000614108	0.2	80	238.734	0
0.0104394	0.000670959	0.2	80	238.065	0
0.0104394	0.000733073	0.2	80	237.335	0
0.0104394	0.000800936	0.2	80	236.539	0
0.0104394	0.000875083	0.2	80	235.671	0
0.0104394	0.000956093	0.2	80	234.724	0
0.0104394	0.0010446	0.2	80	233.693	0
0.0104394	0.00114131	0.2	80	232.568	0
0.0104394	0.00124696	0.2	80	231.343	0
0.0104394	0.0013624	0.2	80	230.009	0
0.0104394	0.00148852	0.2	80	228.555	0
0.0104394	0.00162632	0.2	80	226.974	0
0.0104394	0.00177687	0.2	80	225.252	0
0.0104394	0.00194137	0.2	80	223.379	0
0.0104394	0.00212109	0.2	80	221.343	0
0.0104394	0.00231745	0.2	80	219.13	0
0.0104394	0.00253198	0.2	80	216.726	0
0.0104394	0.00276638	0.2	80	214.116	0
0.0104394	0.00302248	0.2	80	211.285	0
0.0104394	0.00330228	0.2	80	208.215	0
0.0104394	0.00360798	0.2	80	204.889	0
0.0104394	0.00394199	0.2	80	201.289	0
0.0104394	0.00430692	0.2	80	197.397	0
0.0104394	0.00470563	0.2	80	193.192	0
0.0104394	0.00514125	0.2	80	188.655	0
0.0104394	0.0056172	0.2	80	183.767	0
0.0104394	0.0061372	0.2	80	178.509	0
0.0104394	0.00670535	0.2	80	172.861	0
0.0104394	0.0073261	0.2	80	166.808	0
0.0104394	0.0080043	0.2	80	160.333	0
0.0104394	0.0087453	0.2	80	153.425	0
0.0104394	0.00955489	0.2	80	146.076	0
0.0104394	0.0104394	0.2	80	138.283	0
0.0104394	0.0114058	0.2	80	130.052	0
0.0104394	0.0124617	0.2	80	121.396	0
0.0104394	0.0136154	0.2	80	112.34	0
0.0104394	0.0148758	0.2	80	102.927	0
0.0104394	0.0162529	0.2	80	93.2147	0
0.0104394	0.0177575	0.2	80	83.2871	0
0.0104394	0.0194014	0.2	80	73.2561	0
0.0104394	0.0211975	0.2	80	63.2695	0
0.0104394	0.0231598	0.2	80	53.5193	0
0.0104394	0.0253038	0.2	80	44.2514	0
0.0104394	0.0276463	0.2	80	35.7776	0
0.0104394	0.0302057	0.2	80	28.4899	0
0.0104394	0.0330019	0.2	80	22.8781	0
0.0104394	0.0360571	0.2	80	19.5501	0
0.0104394	0.039395	0.2	80	19.2573	0
0.0104394	0.043042	0.2	80	22.924	0
0.0104394	0.0470266	0.2	80	31.6838	0
0.0104394	0.05138	0.2	80	46.9221	0
0.0104394	0.0561365	0.2	80	70.3276	0
0.0104394	0.0613333	0.2	80	103.954	0
0.0104394	0.0670111	0.2	80	150.291	0
0.0104394	0.0732147	0.2	80	212.358	0
0.0104394	0.0799925	0.2	80	293.801	0
0.0104394	0.0873977	0.2	80	399.021	0
0.0104394	0.0954885	0.2	80	533.326	0
0.0104394	0.104328	0.2	80	703.101	0
0.0104394	0.113986	0.2	80	916.026	0
0.0104394	0.124539	0.2	80	1181.32	0
0.0104394	0.136068	0.2	80	1510.06	0
0.0104394	0.148664	0.2	80	1915.5	0
0.0104394	0.162426	0.2	80	2413.53	0
0.0104394	0.177463	0.2	80	3023.17	0
0.0104394	0.193892	0.2	80	3767.16	0
0.0104394	0.211841	0.2	80	4672.68	0
0.0104394	0.231452	0.2	80	5772.2	0
0.0104394	0.252878	0.2	80	7104.49	0
0.0104394	0.276288	0.2	80	8715.82	0
0.0104394	0.301866	0.2	80	10661.4	0
0.0104394	0.329811	0.2	80	13007.1	0
0.0104394	0.360343	0.2	80	15831.6	0
0.0104394	0.393701	0.2	80	19228.5	0
0.0104394	0.430148	0.2	80	23309.7	0
0.0104394	0.469968	0.2	80	28209	0
0.0104394	0.513475	0.2	80	34086	0
0.0104394	0.56101	0.2	80	41131.9	0
0.0104394	0.612945	0.2	80	49576	0
0.0104394	0.669688	0.2	80	59693.7	0
0.0114058	0.000104526	0.2	80	243.474	0
0.0114058	0.000114203	0.2	80	243.348	0
0.0114058	0.000124775	0.2	80	243.21	0
0.0114058	0.000136326	0.2	80	243.06	0
0.0114058	0.000148946	0.2	80	242.896	0
0.0114058	0.000162735	0.2	80	242.716	0
0.0114058	0.0001778	0.2	80	242.521	0
0.0114058	0.00019426	0.2	80	242.307	0
0.0114058	0.000212243	0.2	80	242.073	0
0.0114058	0.000231891	0.2	80	241.818	0
0.0114058	0.000253358	0.2	80	241.54	0
0.0114058	0.000276813	0.2	80	241.236	0
0.0114058	0.000302439	0.2	80	240.904	0
0.0114058	0.000330437	0.2	80	240.541	0
0.0114058	0.000361027	0.2	80	240.146	0
0.0114058	0.000394448	0.2	80	239.714	0
0.0114058	0.000430964	0.2	80	239.243	0
0.0114058	0.00047086	0.2	80	238.728	0
0.0114058	0.00051445	0.2	80	238.167	0
0.0114058	0.000562075	0.2	80	237.555	0
0.0114058	0.000614108	0.2	80	236.886	0
0.0114058	0.000670959	0.2	80	236.157	0
0.0114058	0.000733073	0.2	80	235.362	0
0.0114058	0.000800936	0.2	80	234.496	0
0.0114058	0.000875083	0.2	80	233.55	0
0.0114058	0.000956093	0.2	80	232.52	0
0.0114058	0.0010446	0.2	80	231.397	0
0.0114058	0.00114131	0.2	80	230.174	0
0.0114058	0.00124696	0.2	80	228.841	0
0.0114058	0.0013624	0.2	80	227.39	0
0.0114058	0.00148852	0.2	80	225.81	0
0.0114058	0.00162632	0.2	80	224.09	0
0.0114058	0.00177687	0.2	80	222.22	0
0.0114058	0.00194137	0.2	80	220.186	0
0.0114058	0.00212109	0.2	80	217.975	0
0.0114058	0.00231745	0.2	80	215.574	0
0.0114058	0.00253198	0.2	80	212.966	0
0.0114058	0.00276638	0.2	80	210.137	0
0.0114058	0.00302248	0.2	80	207.07	0
0.0114058	0.00330228	0.2	80	203.747	0
0.0114058	0.00360798	0.2	80	200.15	0
0.0114058	0.00394199	0.2	80	196.26	0
0.0114058	0.00430692	0.2	80	192.057	0
0.0114058	0.00470563	0.2	80	187.523	0
0.0114058	0.00514125	0.2	80	182.637	0
0.0114058	0.0056172	0.2	80	177.379	0
0.0114058	0.0061372	0.2	80	171.732	0
0.0114058	0.00670535	0.2	80	165.678	0
0.0114058	0.0073261	0.2	80	159.201	0
0.0114058	0.0080043	0.2	80	152.29	0
0.0114058	0.0087453	0.2	80	144.936	0
0.0114058	0.00955489	0.2	80	137.136	0
0.0114058	0.0104394	0.2	80	128.894	0
0.0114058	0.0114058	0.2	80	120.223	0
0.0114058	0.0124617	0.2	80	111.149	0
0.0114058	0.0136154	0.2	80	101.711	0
0.0114058	0.0148758	0.2	80	91.968	0
0.0114058	0.0162529	0.2	80	82.0012	0
0.0114058	0.0177575	0.2	80	71.921	0
0.0114058	0.0194014	0.2	80	61.8735	0
0.0114058	0.0211975	0.2	80	52.0481	0
0.0114058	0.0231598	0.2	80	42.688	0
0.0114058	0.0253038	0.2	80	34.1018	0
0.0114058	0.0276463	0.2	80	26.6776	0
0.0114058	0.0302057	0.2	80	20.9008	0
0.0114058	0.0330019	0.2	80	17.3742	0
0.0114058	0.0360571	0.2	80	16.843	0
0.0114058	0.039395	0.2	80	20.225	0
0.0114058	0.043042	0.2	80	28.6456	0
0.0114058	0.0470266	0.2	80	43.4814	0
0.0114058	0.05138	0.2	80	66.4111	0
0.0114058	0.0561365	0.2	80	99.4767	0
0.0114058	0.0613333	0.2	80	145.157	0
0.0114058	0.0670111	0.2	80	206.456	0
0.0114058	0.0732147	0.2	80	287.005	0
0.0114058	0.0799925	0.2	80	391.193	0
0.0114058	0.0873977	0.2	80	524.309	0
0.0114058	0.0954885	0.2	80	692.726	0
0.0114058	0.104328	0.2	80	904.11	0
0.0114058	0.113986	0.2	80	1167.67	0
0.0114058	0.124539	0.2	80	1494.48	0
0.0114058	0.136068	0.2	80	1897.79	0
0.0114058	0.148664	0.2	80	2393.51	0
0.0114058	0.162426	0.2	80	3000.69	0
0.0114058	0.177463	0.2	80	3742.12	0
0.0114058	0.193892	0.2	80	4645.06	0
0.0114058	0.211841	0.2	80	5742.12	0
0.0114058	0.231452	0.2	80	7072.22	0
0.0114058	0.252878	0.2	80	8681.87	0
0.0114058	0.276288	0.2	80	10626.6	0
0.0114058	0.301866	0.2	80	12972.7	0
0.0114058	0.329811	0.2	80	15799.2	0
0.0114058	0.360343	0.2	80	19200.5	0
0.0114058	0.393701	0.2	80	23289.2	0
0.0114058	0.430148	0.2	80	28199.8	0
0.0114058	0.469968	0.2	80	34092.8	0
0.0114058	0.513475	0.2	80	41160	0
0.0114058	0.56101	0.2	80	49631.1	0
0.0114058	0.612945	0.2	80	59781	0
0.0114058	0.669688	0.2	80	71939.9	0
0.0124617	0.000104526	0.2	80	242.078	0
0.0124617	0.000114203	0.2	80	241.941	0
0.0124617	0.000124775	0.2	80	241.791	0
0.0124617	0.000136326	0.2	80	241.627	0
0.0124617	0.000148946	0.2	80	241.448	0
0.0124617	0.000162735	0.2	80	241.252	0
0.0124617	0.0001778	0.2	80	241.039	0
0.0124617	0.00019426	0.2	80	240.806	0
0.0124617	0.000212243	0.2	80	240.551	0
0.0124617	0.000231891	0.2	80	240.273	0
0.0124617	0.000253358	0.2	80	239.97	0
0.0124617	0.000276813	0.2	80	239.638	0
0.0124617	0.000302439	0.2	80	239.276	0
0.0124617	0.000330437	0.2	80	238.881	0
0.0124617	0.000361027	0.2	80	238.45	0
0.0124617	0.000394448	0.2	80	237.98	0
0.0124617	0.000430964	0.2	80	237.466	0
0.0124617	0.00047086	0.2	80	236.906	0
0.0124617	0.00051445	0.2	80	236.294	0
0.0124617	0.000562075	0.2	80	235.627	0
0.0124617	0.000614108	0.2	80	234.899	0
0.0124617	0.000670959	0.2	80	234.105	0
0.0124617	0.000733073	0.2	80	233.24	0
0.0124617	0.000800936	0.2	80	232.296	0
0.0124617	0.000875083	0.2	80	231.267	0
0.0124617	0.000956093	0.2	80	230.146	0
0.0124617	0.0010446	0.2	80	228.924	0
0.0124617	0.00114131	0.2	80	227.593	0
0.0124617	0.00124696	0.2	80	226.144	0
0.0124617	0.0013624	0.2	80	224.566	0
0.0124617	0.00148852	0.2	80	222.849	0
0.0124617	0.00162632	0.2	80	220.981	0
0.0124617	0.00177687	0.2	80	218.95	0
0.0124617	0.00194137	0.2	80	216.742	0
0.0124617	0.00212109	0.2	80	214.343	0
0.0124617	0.00231745	0.2	80	211.739	0
0.0124617	0.00253198	0.2	80	208.913	0
0.0124617	0.00276638	0.2	80	205.85	0
0.0124617	0.00302248	0.2	80	202.53	0
0.0124617	0.00330228	0.2	80	198.936	0
0.0124617	0.00360798	0.2	80	195.05	0
0.0124617	0.00394199	0.2	80	190.851	0
0.0124617	0.00430692	0.2	80	186.32	0
0.0124617	0.00470563	0.2	80	181.437	0
0.0124617	0.00514125	0.2	80	176.182	0
0.0124617	0.0056172	0.2	80	170.538	0
0.0124617	0.0061372	0.2	80	164.486	0
0.0124617	0.00670535	0.2	80	158.01	0
0.0124617	0.0073261	0.2	80	151.099	0
0.0124617	0.0080043	0.2	80	143.744	0
0.0124617	0.0087453	0.2	80	135.941	0
0.0124617	0.00955489	0.2	80	127.693	0
0.0124617	0.0104394	0.2	80	119.015	0
0.0124617	0.0114058	0.2	80	109.929	0
0.0124617	0.0124617	0.2	80	100.475	0
0.0124617	0.0136154	0.2	80	90.7111	0
0.0124617	0.0148758	0.2	80	80.7166	0
0.0124617	0.0162529	0.2	80	70.601	0
0.0124617	0.0177575	0.2	80	60.5085	0
0.0124617	0.0194014	0.2	80	50.6266	0
0.0124617	0.0211975	0.2	80	41.1961	0
0.0124617	0.0231598	0.2	80	32.5229	0
0.0124617	0.0253038	0.2	80	24.9919	0
0.0124617	0.0276463	0.2	80	19.0847	0
0.0124617	0.0302057	0.2	80	15.3995	0
0.0124617	0.0330019	0.2	80	14.6765	0
0.0124617	0.0360571	0.2	80	17.8275	0
0.0124617	0.039395	0.2	80	25.9712	0
0.0124617	0.043042	0.2	80	40.4762	0
0.0124617	0.0470266	0.2	80	63.0123	0
0.0124617	0.05138	0.2	80	95.6115	0
0.0124617	0.0561365	0.2	80	140.742	0
0.0124617	0.0613333	0.2	80	201.393	0
0.0124617	0.0670111	0.2	80	281.186	0
0.0124617	0.0732147	0.2	80	384.493	0
0.0124617	0.0799925	0.2	80	516.589	0
0.0124617	0.0873977	0.2	80	683.83	0
0.0124617	0.0954885	0.2	80	893.869	0
0.0124617	0.104328	0.2	80	1155.91	0
0.0124617	0.113986	0.2	80	1480.99	0
0.0124617	0.124539	0.2	80	1882.38	0
0.0124617	0.136068	0.2	80	2376	0
0.0124617	0.148664	0.2	80	2980.88	0
0.0124617	0.162426	0.2	80	3719.88	0
0.0124617	0.177463	0.2	80	4620.29	0
0.0124617	0.193892	0.2	80	5714.79	0
0.0124617	0.211841	0.2	80	7042.46	0
0.0124617	0.231452	0.2	80	8649.97	0
0.0124617	0.252878	0.2	80	10593.1	0
0.0124617	0.276288	0.2	80	12938.4	0
0.0124617	0.301866	0.2	80	15765.3	0
0.0124617	0.329811	0.2	80	19168.8	0
0.0124617	0.360343	0.2	80	23262.1	0
0.0124617	0.393701	0.2	80	28180.4	0
0.0124617	0.430148	0.2	80	34085	0
0.0124617	0.469968	0.2	80	41168.6	0
0.0124617	0.513475	0.2	80	49661.5	0
0.0124617	0.56101	0.2	80	59839.1	0
0.0124617	0.612945	0.2	80	72031.2	0
0.0124617	0.669688	0.2	80	86633.2	0
0.0136154	0.000104526	0.2	80	240.588	0
0.0136154	0.000114203	0.2	80	240.438	0
0.0136154	0.000124775	0.2	80	240.274	0
0.0136154	0.000136326	0.2	80	240.096	0
0.0136154	0.000148946	0.2	80	239.901	0
0.0136154	0.000162735	0.2	80	239.687	0
0.0136154	0.0001778	0.2	80	239.455	0
0.0136154	0.00019426	0.2	80	239.2	0
0.0136154	0.000212243	0.2	80	238.923	0
0.0136154	0.000231891	0.2	80	238.62	0
0.0136154	0.000253358	0.2	80	238.289	0
0.0136154	0.000276813	0.2	80	237.928	0
0.0136154	0.000302439	0.2	80	237.534	0
0.0136154	0.000330437	0.2	80	237.103	0
0.0136154	0.000361027	0.2	80	236.633	0
0.0136154	0.000394448	0.2	80	236.121	0
0.0136154	0.000430964	0.2	80	235.561	0
0.0136154	0.00047086	0.2	80	234.951	0
0.0136154	0.00051445	0.2	80	234.284	0
0.0136154	0.000562075	0.2	80	233.558	0
0.0136154	0.000614108	0.2	80	232.765	0
0.0136154	0.000670959	0.2	80	231.901	0
0.0136154	0.000733073	0.2	80	230.959	0
0.0136154	0.000800936	0.2	80	229.932	0
0.0136154	0.000875083	0.2	80	228.812	0
0.0136154	0.000956093	0.2	80	227.592	0
0.0136154	0.0010446	0.2	80	226.264	0
0.0136154	0.00114131	0.2	80	224.817	0
0.0136154	0.00124696	0.2	80	223.241	0
0.0136154	0.0013624	0.2	80	221.527	0
0.0136154	0.00148852	0.2	80	219.661	0
0.0136154	0.00162632	0.2	80	217.633	0
0.0136154	0.00177687	0.2	80	215.428	0
0.0136154	0.00194137	0.2	80	213.033	0
0.0136154	0.00212109	0.2	80	210.433	0
0.0136154	0.00231745	0.2	80	207.611	0
0.0136154	0.00253198	0.2	80	204.551	0
0.0136154	0.00276638	0.2	80	201.236	0
0.0136154	0.00302248	0.2	80	197.646	0
0.0136154	0.00330228	0.2	80	193.764	0
0.0136154	0.00360798	0.2	80	189.57	0
0.0136154	0.00394199	0.2	80	185.044	0
0.0136154	0.00430692	0.2	80	180.165	0
0.0136154	0.00470563	0.2	80	174.916	0
0.0136154	0.00514125	0.2	80	169.276	0
0.0136154	0.0056172	0.2	80	163.228	0
0.0136154	0.0061372	0.2	80	156.757	0
0.0136154	0.00670535	0.2	80	149.849	0
0.0136154	0.0073261	0.2	80	142.496	0
0.0136154	0.0080043	0.2	80	134.694	0
0.0136154	0.0087453	0.2	80	126.446	0
0.0136154	0.00955489	0.2	80	117.765	0
0.0136154	0.0104394	0.2	80	108.674	0
0.0136154	0.0114058	0.2	80	99.2121	0
0.0136154	0.0124617	0.2	80	89.4356	0
0.0136154	0.0136154	0.2	80	79.4239	0
0.0136154	0.0148758	0.2	80	69.2849	0
0.0136154	0.0162529	0.2	80	59.1615	0
0.0136154	0.0177575	0.2	80	49.2396	0
0.0136154	0.0194014	0.2	80	39.758	0
0.0136154	0.0211975	0.2	80	31.0202	0
0.0136154	0.0231598	0.2	80	23.4085	0
0.0136154	0.0253038	0.2	80	17.4011	0
0.0136154	0.0276463	0.2	80	13.5927	0
0.0136154	0.0302057	0.2	80	12.719	0
0.0136154	0.0330019	0.2	80	15.6866	0
0.0136154	0.0360571	0.2	80	23.6083	0
0.0136154	0.039395	0.2	80	37.846	0
0.0136154	0.043042	0.2	80	60.0615	0
0.0136154	0.0470266	0.2	80	92.2781	0
0.0136154	0.05138	0.2	80	136.953	0
0.0136154	0.0561365	0.2	80	197.067	0
0.0136154	0.0613333	0.2	80	276.226	0
0.0136154	0.0670111	0.2	80	378.79	0
0.0136154	0.0732147	0.2	80	510.019	0
0.0136154	0.0799925	0.2	80	676.256	0
0.0136154	0.0873977	0.2	80	885.136	0
0.0136154	0.0954885	0.2	80	1145.85	0
0.0136154	0.104328	0.2	80	1469.42	0
0.0136154	0.113986	0.2	80	1869.12	0
0.0136154	0.124539	0.2	80	2360.83	0
0.0136154	0.136068	0.2	80	2963.63	0
0.0136154	0.148664	0.2	80	3700.36	0
0.0136154	0.162426	0.2	80	4598.36	0
0.0136154	0.177463	0.2	80	5690.36	0
0.0136154	0.193892	0.2	80	7015.52	0
0.0136154	0.211841	0.2	80	8620.63	0
0.0136154	0.231452	0.2	80	10561.6	0
0.0136154	0.252878	0.2	80	12905.4	0
0.0136154	0.276288	0.2	80	15731.6	0
0.0136154	0.301866	0.2	80	19135.7	0
0.0136154	0.329811	0.2	80	23231.3	0
0.0136154	0.360343	0.2	80	28154.3	0
0.0136154	0.393701	0.2	80	34066.8	0
0.0136154	0.430148	0.2	80	41162.4	0
0.0136154	0.469968	0.2	80	49672.1	0
0.0136154	0.513475	0.2	80	59872.1	0
0.0136154	0.56101	0.2	80	72092.7	0
0.0136154	0.612945	0.2	80	86729	0
0.0136154	0.669688	0.2	80	104255	0
0.0148758	0.000104526	0.2	80	239	0
0.0148758	0.000114203	0.2	80	238.837	0
0.0148758	0.000124775	0.2	80	238.658	0
0.0148758	0.000136326	0.2	80	238.464	0
0.0148758	0.000148946	0.2	80	238.251	0
0.0148758	0.000162735	0.2	80	238.018	0
0.0148758	0.0001778	0.2	80	237.765	0
0.0148758	0.00019426	0.2	80	237.488	0
0.0148758	0.000212243	0.2	80	237.185	0
0.0148758	0.000231891	0.2	80	236.855	0
0.0148758	0.000253358	0.2	80	236.494	0
0.0148758	0.000276813	0.2	80	236.101	0
0.0148758	0.000302439	0.2	80	235.671	0
0.0148758	0.000330437	0.2	80	235.202	0
0.0148758	0.000361027	0.2	80	234.69	0
0.0148758	0.000394448	0.2	80	234.132	0
0.0148758	0.000430964	0.2	80	233.522	0
0.0148758	0.00047086	0.2	80	232.858	0
0.0148758	0.00051445	0.2	80	232.132	0
0.0148758	0.000562075	0.2	80	231.341	0
0.0148758	0.000614108	0.2	80	230.478	0
0.0148758	0.000670959	0.2	80	229.538	0
0.0148758	0.000733073	0.2	80	228.512	0
0.0148758	0.000800936	0.2	80	227.395	0
0.0148758	0.000875083	0.2	80	226.177	0
0.0148758	0.000956093	0.2	80	224.851	0
0.0148758	0.0010446	0.2	80	223.406	0
0.0148758	0.00114131	0.2	80	221.833	0
0.0148758	0.00124696	0.2	80	220.122	0
0.0148758	0.0013624	0.2	80	218.26	0
0.0148758	0.00148852	0.2	80	216.235	0
0.0148758	0.00162632	0.2	80	214.033	0
0.0148758	0.00177687	0.2	80	211.642	0
0.0148758	0.00194137	0.2	80	209.046	0
0.0148758	0.00212109	0.2	80	206.228	0
0.0148758	0.00231745	0.2	80	203.173	0
0.0148758	0.00253198	0.2	80	199.863	0
0.0148758	0.00276638	0.2	80	196.279	0
0.0148758	0.00302248	0.2	80	192.402	0
0.0148758	0.00330228	0.2	80	188.213	0
0.0148758	0.00360798	0.2	80	183.693	0
0.0148758	0.00394199	0.2	80	178.821	0
0.0148758	0.00430692	0.2	80	173.578	0
0.0148758	0.00470563	0.2	80	167.944	0
0.0148758	0.00514125	0.2	80	161.903	0
0.0148758	0.0056172	0.2	80	155.438	0
0.0148758	0.0061372	0.2	80	148.536	0
0.0148758	0.00670535	0.2	80	141.188	0
0.0148758	0.0073261	0.2	80	133.391	0
0.0148758	0.0080043	0.2	80	125.148	0
0.0148758	0.0087453	0.2	80	116.469	0
0.0148758	0.00955489	0.2	80	107.379	0
0.0148758	0.0104394	0.2	80	97.9161	0
0.0148758	0.0114058	0.2	80	88.1354	0
0.0148758	0.0124617	0.2	80	78.1158	0
0.0148758	0.0136154	0.2	80	67.9643	0
0.0148758	0.0148758	0.2	80	57.8226	0
0.0148758	0.0162529	0.2	80	47.8753	0
0.0148758	0.0177575	0.2	80	38.3597	0
0.0148758	0.0194014	0.2	80	29.5772	0
0.0148758	0.0211975	0.2	80	21.9079	0
0.0148758	0.0231598	0.2	80	15.8273	0
0.0148758	0.0253038	0.2	80	11.927	0
0.0148758	0.0276463	0.2	80	10.9388	0
0.0148758	0.0302057	0.2	80	13.7651	0
0.0148758	0.0330019	0.2	80	21.5135	0
0.0148758	0.0360571	0.2	80	35.5401	0
0.0148758	0.039395	0.2	80	57.5	0
0.0148758	0.043042	0.2	80	89.4085	0
0.0148758	0.0470266	0.2	80	133.714	0
0.0148758	0.05138	0.2	80	193.388	0
0.0148758	0.0561365	0.2	80	272.024	0
0.0148758	0.0613333	0.2	80	373.97	0
0.0148758	0.0670111	0.2	80	504.474	0
0.0148758	0.0732147	0.2	80	669.863	0
0.0148758	0.0799925	0.2	80	877.758	0
0.0148758	0.0873977	0.2	80	1137.33	0
0.0148758	0.0954885	0.2	80	1459.6	0
0.0148758	0.104328	0.2	80	1857.81	0
0.0148758	0.113986	0.2	80	2347.85	0
0.0148758	0.124539	0.2	80	2948.78	0
0.0148758	0.136068	0.2	80	3683.44	0
0.0148758	0.148664	0.2	80	4579.21	0
0.0148758	0.162426	0.2	80	5668.84	0
0.0148758	0.177463	0.2	80	6991.53	0
0.0148758	0.193892	0.2	80	8594.18	0
0.0148758	0.211841	0.2	80	10532.9	0
0.0148758	0.231452	0.2	80	12874.5	0
0.0148758	0.252878	0.2	80	15699.3	0
0.0148758	0.276288	0.2	80	19102.8	0
0.0148758	0.301866	0.2	80	23199.1	0
0.0148758	0.329811	0.2	80	28124.6	0
0.0148758	0.360343	0.2	80	34042.1	0
0.0148758	0.393701	0.2	80	41145.8	0
0.0148758	0.430148	0.2	80	49667.8	0
0.0148758	0.469968	0.2	80	59885.1	0
0.0148758	0.513475	0.2	80	72128.8	0
0.0148758	0.56101	0.2	80	86794.5	0
0.0148758	0.612945	0.2	80	104356	0
0.0148758	0.669688	0.2	80	125379	0
0.0162529	0.000104526	0.2	80	237.313	0
0.0162529	0.000114203	0.2	80	237.135	0
0.0162529	0.000124775	0.2	80	236.941	0
0.0162529	0.000136326	0.2	80	236.728	0
0.0162529	0.000148946	0.2	80	236.497	0
0.0162529	0.000162735	0.2	80	236.243	0
0.0162529	0.0001778	0.2	80	235.967	0
0.0162529	0.00019426	0.2	80	235.665	0
0.0162529	0.000212243	0.2	80	235.335	0
0.0162529	0.000231891	0.2	80	234.975	0
0.0162529	0.000253358	0.2	80	234.583	0
0.0162529	0.000276813	0.2	80	234.154	0
0.0162529	0.000302439	0.2	80	233.686	0
0.0162529	0.000330437	0.2	80	233.175	0
0.0162529	0.000361027	0.2	80	232.618	0
0.0162529	0.000394448	0.2	80	232.009	0
0.0162529	0.000430964	0.2	80	231.346	0
0.0162529	0.00047086	0.2	80	230.622	0
0.0162529	0.00051445	0.2	80	229.832	0
0.0162529	0.000562075	0.2	80	228.971	0
0.0162529	0.000614108	0.2	80	228.032	0
0.0162529	0.000670959	0.2	80	227.009	0
0.0162529	0.000733073	0.2	80	225.894	0
0.0162529	0.000800936	0.2	80	224.678	0
0.0162529	0.000875083	0.2	80	223.354	0
0.0162529	0.000956093	0.2	80	221.912	0
0.0162529	0.0010446	0.2	80	220.342	0
0.0162529	0.00114131	0.2	80	218.634	0
0.0162529	0.00124696	0.2	80	216.775	0
0.0162529	0.0013624	0.2	80	214.754	0
0.0162529	0.00148852	0.2	80	212.557	0
0.0162529	0.00162632	0.2	80	210.17	0
0.0162529	0.00177687	0.2	80	207.578	0
0.0162529	0.00194137	0.2	80	204.765	0
0.0162529	0.00212109	0.2	80	201.716	0
0.0162529	0.00231745	0.2	80	198.411	0
0.0162529	0.00253198	0.2	80	194.833	0
0.0162529	0.00276638	0.2	80	190.963	0
0.0162529	0.00302248	0.2	80	186.781	0
0.0162529	0.00330228	0.2	80	182.268	0
0.0162529	0.00360798	0.2	80	177.403	0
0.0162529	0.00394199	0.2	80	172.168	0
0.0162529	0.00430692	0.2	80	166.543	0
0.0162529	0.00470563	0.2	80	160.51	0
0.0162529	0.00514125	0.2	80	154.053	0
0.0162529	0.0056172	0.2	80	147.16	0
0.0162529	0.0061372	0.2	80	139.821	0
0.0162529	0.00670535	0.2	80	132.033	0
0.0162529	0.0073261	0.2	80	123.797	0
0.0162529	0.0080043	0.2	80	115.126	0
0.0162529	0.0087453	0.2	80	106.043	0
0.0162529	0.00955489	0.2	80	96.5843	0
0.0162529	0.0104394	0.2	80	86.8066	0
0.0162529	0.0114058	0.2	80	76.7875	0
0.0162529	0.0124617	0.2	80	66.6333	0
0.0162529	0.0136154	0.2	80	56.4847	0
0.0162529	0.0148758	0.2	80	46.5252	0
0.0162529	0.0162529	0.2	80	36.9908	0
0.0162529	0.0177575	0.2	80	28.1814	0
0.0162529	0.0194014	0.2	80	20.4752	0
0.0162529	0.0211975	0.2	80	14.3454	0
0.0162529	0.0231598	0.2	80	10.3809	0
0.0162529	0.0253038	0.2	80	9.3106	0
0.0162529	0.0276463	0.2	80	12.033	0
0.0162529	0.0302057	0.2	80	19.6515	0
0.0162529	0.0330019	0.2	80	33.5171	0
0.0162529	0.0360571	0.2	80	55.2791	0
0.0162529	0.039395	0.2	80	86.9461	0
0.0162529	0.043042	0.2	80	130.959	0
0.0162529	0.0470266	0.2	80	190.28	0
0.0162529	0.05138	0.2	80	268.493	0
0.0162529	0.0561365	0.2	80	369.935	0
0.0162529	0.0613333	0.2	80	499.841	0
0.0162529	0.0670111	0.2	80	664.526	0
0.0162529	0.0732147	0.2	80	871.595	0
0.0162529	0.0799925	0.2	80	1130.2	0
0.0162529	0.0873977	0.2	80	1451.36	0
0.0162529	0.0954885	0.2	80	1848.29	0
0.0162529	0.104328	0.2	80	2336.88	0
0.0162529	0.113986	0.2	80	2936.16	0
0.0162529	0.124539	0.2	80	3668.99	0
0.0162529	0.136068	0.2	80	4562.74	0
0.0162529	0.148664	0.2	80	5650.17	0
0.0162529	0.162426	0.2	80	6970.53	0
0.0162529	0.177463	0.2	80	8570.76	0
0.0162529	0.193892	0.2	80	10507	0
0.0162529	0.211841	0.2	80	12846.4	0
0.0162529	0.231452	0.2	80	15669.2	0
0.0162529	0.252878	0.2	80	19071.3	0
0.0162529	0.276288	0.2	80	23167.1	0
0.0162529	0.301866	0.2	80	28093.5	0
0.0162529	0.329811	0.2	80	34013.6	0
0.0162529	0.360343	0.2	80	41122.5	0
0.0162529	0.393701	0.2	80	49653.1	0
0.0162529	0.430148	0.2	80	59883.1	0
0.0162529	0.469968	0.2	80	72144.6	0
0.0162529	0.513475	0.2	80	86834.1	0
0.0162529	0.56101	0.2	80	104426	0
0.0162529	0.612945	0.2	80	125486	0
0.0162529	0.669688	0.2	80	150693	0
0.0177575	0.000104526	0.2	80	235.527	0
0.0177575	0.000114203	0.2	80	235.333	0
0.0177575	0.000124775	0.2	80	235.121	0
0.0177575	0.000136326	0.2	80	234.89	0
0.0177575	0.000148946	0.2	80	234.637	0
0.0177575	0.000162735	0.2	80	234.361	0
0.0177575	0.0001778	0.2	80	234.06	0
0.0177575	0.00019426	0.2	80	233.731	0
0.0177575	0.000212243	0.2	80	233.372	0
0.0177575	0.000231891	0.2	80	232.98	0
0.0177575	0.000253358	0.2	80	232.552	0
0.0177575	0.000276813	0.2	80	232.085	0
0.0177575	0.000302439	0.2	80	231.575	0
0.0177575	0.000330437	0.2	80	231.019	0
0.0177575	0.000361027	0.2	80	230.412	0
0.0177575	0.000394448	0.2	80	229.75	0
0.0177575	0.000430964	0.2	80	229.028	0
0.0177575	0.00047086	0.2	80	228.24	0
0.0177575	0.00051445	0.2	80	227.38	0
0.0177575	0.000562075	0.2	80	226.443	0
0.0177575	0.000614108	0.2	80	225.422	0
0.0177575	0.000670959	0.2	80	224.309	0
0.0177575	0.000733073	0.2	80	223.096	0
0.0177575	0.000800936	0.2	80	221.775	0
0.0177575	0.000875083	0.2	80	220.336	0
0.0177575	0.000956093	0.2	80	218.769	0
0.0177575	0.0010446	0.2	80	217.064	0
0.0177575	0.00114131	0.2	80	215.209	0
0.0177575	0.00124696	0.2	80	213.192	0
0.0177575	0.0013624	0.2	80	210.999	0
0.0177575	0.00148852	0.2	80	208.617	0
0.0177575	0.00162632	0.2	80	206.03	0
0.0177575	0.00177687	0.2	80	203.223	0
0.0177575	0.00194137	0.2	80	200.18	0
0.0177575	0.00212109	0.2	80	196.881	0
0.0177575	0.00231745	0.2	80	193.31	0
0.0177575	0.00253198	0.2	80	189.447	0
0.0177575	0.00276638	0.2	80	185.274	0
0.0177575	0.00302248	0.2	80	180.769	0
0.0177575	0.00330228	0.2	80	175.913	0
0.0177575	0.00360798	0.2	80	170.687	0
0.0177575	0.00394199	0.2	80	165.072	0
0.0177575	0.00430692	0.2	80	159.049	0
0.0177575	0.00470563	0.2	80	152.604	0
0.0177575	0.00514125	0.2	80	145.722	0
0.0177575	0.0056172	0.2	80	138.395	0
0.0177575	0.0061372	0.2	80	130.618	0
0.0177575	0.00670535	0.2	80	122.394	0
0.0177575	0.0073261	0.2	80	113.735	0
0.0177575	0.0080043	0.2	80	104.663	0
0.0177575	0.0087453	0.2	80	95.2156	0
0.0177575	0.00955489	0.2	80	85.4476	0
0.0177575	0.0104394	0.2	80	75.4369	0
0.0177575	0.0114058	0.2	80	65.2889	0
0.0177575	0.0124617	0.2	80	55.1437	0
0.0177575	0.0136154	0.2	80	45.184	0
0.0177575	0.0148758	0.2	80	35.6447	0
0.0177575	0.0162529	0.2	80	26.8245	0
0.0177575	0.0177575	0.2	80	19.0999	0
0.0177575	0.0194014	0.2	80	12.9425	0
0.0177575	0.0211975	0.2	80	8.93886	0
0.0177575	0.0231598	0.2	80	7.81532	0
0.0177575	0.0253038	0.2	80	10.4673	0
0.0177575	0.0276463	0.2	80	17.9947	0
0.0177575	0.0302057	0.2	80	31.7441	0
0.0177575	0.0330019	0.2	80	53.36	0
0.0177575	0.0360571	0.2	80	84.8451	0
0.0177575	0.039395	0.2	80	128.634	0
0.0177575	0.043042	0.2	80	187.68	0
0.0177575	0.0470266	0.2	80	265.56	0
0.0177575	0.05138	0.2	80	366.601	0
0.0177575	0.0561365	0.2	80	496.025	0
0.0177575	0.0613333	0.2	80	660.137	0
0.0177575	0.0670111	0.2	80	866.528	0
0.0177575	0.0732147	0.2	80	1124.34	0
0.0177575	0.0799925	0.2	80	1444.56	0
0.0177575	0.0873977	0.2	80	1840.42	0
0.0177575	0.0954885	0.2	80	2327.76	0
0.0177575	0.104328	0.2	80	2925.62	0
0.0177575	0.113986	0.2	80	3656.85	0
0.0177575	0.124539	0.2	80	4548.8	0
0.0177575	0.136068	0.2	80	5634.25	0
0.0177575	0.148664	0.2	80	6952.47	0
0.0177575	0.162426	0.2	80	8550.42	0
0.0177575	0.177463	0.2	80	10484.3	0
0.0177575	0.193892	0.2	80	12821.4	0
0.0177575	0.211841	0.2	80	15642	0
0.0177575	0.231452	0.2	80	19042.2	0
0.0177575	0.252878	0.2	80	23136.7	0
0.0177575	0.276288	0.2	80	28062.7	0
0.0177575	0.301866	0.2	80	33983.9	0
0.0177575	0.329811	0.2	80	41095.7	0
0.0177575	0.360343	0.2	80	49631.7	0
0.0177575	0.393701	0.2	80	59870.6	0
0.0177575	0.430148	0.2	80	72145.3	0
0.0177575	0.469968	0.2	80	86853.3	0
0.0177575	0.513475	0.2	80	104469	0
0.0177575	0.56101	0.2	80	125561	0
0.0177575	0.612945	0.2	80	150806	0
0.0177575	0.669688	0.2	80	181017	0
0.0194014	0.000104526	0.2	80	233.643	0
0.0194014	0.000114203	0.2	80	233.432	0
0.0194014	0.000124775	0.2	80	233.201	0
0.0194014	0.000136326	0.2	80	232.949	0
0.0194014	0.000148946	0.2	80	232.674	0
0.0194014	0.000162735	0.2	80	232.373	0
0.0194014	0.0001778	0.2	80	232.045	0
0.0194014	0.00019426	0.2	80	231.687	0
0.0194014	0.000212243	0.2	80	231.296	0
0.0194014	0.000231891	0.2	80	230.869	0
0.0194014	0.000253358	0.2	80	230.403	0
0.0194014	0.000276813	0.2	80	229.894	0
0.0194014	0.000302439	0.2	80	229.339	0
0.0194014	0.000330437	0.2	80	228.733	0
0.0194014	0.000361027	0.2	80	228.073	0
0.0194014	0.000394448	0.2	80	227.352	0
0.0194014	0.000430964	0.2	80	226.566	0
0.0194014	0.00047086	0.2	80	225.708	0
0.0194014	0.00051445	0.2	80	224.774	0
0.0194014	0.000562075	0.2	80	223.755	0
0.0194014	0.000614108	0.2	80	222.644	0
0.0194014	0.000670959	0.2	80	221.434	0
0.0194014	0.000733073	0.2	80	220.115	0
0.0194014	0.000800936	0.2	80	218.68	0
0.0194014	0.000875083	0.2	80	217.117	0
0.0194014	0.000956093	0.2	80	215.415	0
0.0194014	0.0010446	0.2	80	213.565	0
0.0194014	0.00114131	0.2	80	211.552	0
0.0194014	0.00124696	0.2	80	209.364	0
0.0194014	0.0013624	0.2	80	206.987	0
0.0194014	0.00148852	0.2	80	204.406	0
0.0194014	0.00162632	0.2	80	201.605	0
0.0194014	0.00177687	0.2	80	198.568	0
0.0194014	0.00194137	0.2	80	195.277	0
0.0194014	0.00212109	0.2	80	191.713	0
0.0194014	0.00231745	0.2	80	187.859	0
0.0194014	0.00253198	0.2	80	183.694	0
0.0194014	0.00276638	0.2	80	179.199	0
0.0194014	0.00302248	0.2	80	174.354	0
0.0194014	0.00330228	0.2	80	169.139	0
0.0194014	0.00360798	0.2	80	163.535	0
0.0194014	0.00394199	0.2	80	157.525	0
0.0194014	0.00430692	0.2	80	151.092	0
0.0194014	0.00470563	0.2	80	144.224	0
0.0194014	0.00514125	0.2	80	136.912	0
0.0194014	0.0056172	0.2	80	129.15	0
0.0194014	0.0061372	0.2	80	120.942	0
0.0194014	0.00670535	0.2	80	112.298	0
0.0194014	0.0073261	0.2	80	103.243	0
0.0194014	0.0080043	0.2	80	93.8115	0
0.0194014	0.0087453	0.2	80	84.0596	0
0.0194014	0.00955489	0.2	80	74.0643	0
0.0194014	0.0104394	0.2	80	63.9308	0
0.0194014	0.0114058	0.2	80	53.7987	0
0.0194014	0.0124617	0.2	80	43.8498	0
0.0194014	0.0136154	0.2	80	34.3183	0
0.0194014	0.0148758	0.2	80	25.5019	0
0.0194014	0.0162529	0.2	80	17.776	0
0.0194014	0.0177575	0.2	80	11.6105	0
0.0194014	0.0194014	0.2	80	7.59036	0
0.0194014	0.0211975	0.2	80	6.43975	0
0.0194014	0.0231598	0.2	80	9.05159	0
0.0194014	0.0253038	0.2	80	16.5227	0
0.0194014	0.0276463	0.2	80	30.1963	0
0.0194014	0.0302057	0.2	80	51.7125	0
0.0194014	0.0330019	0.2	80	83.0693	0
0.0194014	0.0360571	0.2	80	126.696	0
0.0194014	0.039395	0.2	80	185.538	0
0.0194014	0.043042	0.2	80	263.166	0
0.0194014	0.0470266	0.2	80	363.898	0
0.0194014	0.05138	0.2	80	492.947	0
0.0194014	0.0561365	0.2	80	656.604	0
0.0194014	0.0613333	0.2	80	862.452	0
0.0194014	0.0670111	0.2	80	1119.62	0
0.0194014	0.0732147	0.2	80	1439.08	0
0.0194014	0.0799925	0.2	80	1834.03	0
0.0194014	0.0873977	0.2	80	2320.33	0
0.0194014	0.0954885	0.2	80	2917	0
0.0194014	0.104328	0.2	80	3646.85	0
0.0194014	0.113986	0.2	80	4537.24	0
0.0194014	0.124539	0.2	80	5620.95	0
0.0194014	0.136068	0.2	80	6937.25	0
0.0194014	0.148664	0.2	80	8533.12	0
0.0194014	0.162426	0.2	80	10464.8	0
0.0194014	0.177463	0.2	80	12799.6	0
0.0194014	0.193892	0.2	80	15618	0
0.0194014	0.211841	0.2	80	19016.1	0
0.0194014	0.231452	0.2	80	23108.9	0
0.0194014	0.252878	0.2	80	28033.7	0
0.0194014	0.276288	0.2	80	33954.6	0
0.0194014	0.301866	0.2	80	41067.7	0
0.0194014	0.329811	0.2	80	49606.8	0
0.0194014	0.360343	0.2	80	59851.6	0
0.0194014	0.393701	0.2	80	72135.5	0
0.0194014	0.430148	0.2	80	86857.3	0
0.0194014	0.469968	0.2	80	104493	0
0.0194014	0.513475	0.2	80	125610	0
0.0194014	0.56101	0.2	80	150888	0
0.0194014	0.612945	0.2	80	181138	0
0.0194014	0.669688	0.2	80	217331	0
0.0211975	0.000104526	0.2	80	231.665	0
0.0211975	0.000114203	0.2	80	231.434	0
0.0211975	0.000124775	0.2	80	231.183	0
0.0211975	0.000136326	0.2	80	230.908	0
0.0211975	0.000148946	0.2	80	230.608	0
0.0211975	0.000162735	0.2	80	230.281	0
0.0211975	0.0001778	0.2	80	229.924	0
0.0211975	0.00019426	0.2	80	229.534	0
0.0211975	0.000212243	0.2	80	229.108	0
0.0211975	0.000231891	0.2	80	228.643	0
0.0211975	0.000253358	0.2	80	228.135	0
0.0211975	0.000276813	0.2	80	227.582	0
0.0211975	0.000302439	0.2	80	226.978	0
0.0211975	0.000330437	0.2	80	226.319	0
0.0211975	0.000361027	0.2	80	225.6	0
0.0211975	0.000394448	0.2	80	224.815	0
0.0211975	0.000430964	0.2	80	223.96	0
0.0211975	0.00047086	0.2	80	223.028	0
0.0211975	0.00051445	0.2	80	222.011	0
0.0211975	0.000562075	0.2	80	220.903	0
0.0211975	0.000614108	0.2	80	219.696	0
0.0211975	0.000670959	0.2	80	218.381	0
0.0211975	0.000733073	0.2	80	216.949	0
0.0211975	0.000800936	0.2	80	215.389	0
0.0211975	0.000875083	0.2	80	213.692	0
0.0211975	0.000956093	0.2	80	211.846	0
0.0211975	0.0010446	0.2	80	209.838	0
0.0211975	0.00114131	0.2	80	207.656	0
0.0211975	0.00124696	0.2	80	205.284	0
0.0211975	0.0013624	0.2	80	202.71	0
0.0211975	0.00148852	0.2	80	199.916	0
0.0211975	0.00162632	0.2	80	196.886	0
0.0211975	0.00177687	0.2	80	193.603	0
0.0211975	0.00194137	0.2	80	190.048	0
0.0211975	0.00212109	0.2	80	186.203	0
0.0211975	0.00231745	0.2	80	182.048	0
0.0211975	0.00253198	0.2	80	177.564	0
0.0211975	0.00276638	0.2	80	172.73	0
0.0211975	0.00302248	0.2	80	167.527	0
0.0211975	0.00330228	0.2	80	161.937	0
0.0211975	0.00360798	0.2	80	155.941	0
0.0211975	0.00394199	0.2	80	149.524	0
0.0211975	0.00430692	0.2	80	142.672	0
0.0211975	0.00470563	0.2	80	135.377	0
0.0211975	0.00514125	0.2	80	127.633	0
0.0211975	0.0056172	0.2	80	119.444	0
0.0211975	0.0061372	0.2	80	110.821	0
0.0211975	0.00670535	0.2	80	101.786	0
0.0211975	0.0073261	0.2	80	92.3762	0
0.0211975	0.0080043	0.2	80	82.6464	0
0.0211975	0.0087453	0.2	80	72.6735	0
0.0211975	0.00955489	0.2	80	62.5623	0
0.0211975	0.0104394	0.2	80	52.4521	0
0.0211975	0.0114058	0.2	80	42.5244	0
0.0211975	0.0124617	0.2	80	33.0125	0
0.0211975	0.0136154	0.2	80	24.2135	0
0.0211975	0.0148758	0.2	80	16.5018	0
0.0211975	0.0162529	0.2	80	10.3462	0
0.0211975	0.0177575	0.2	80	6.33028	0
0.0211975	0.0194014	0.2	80	5.17649	0
0.0211975	0.0211975	0.2	80	7.77571	0
0.0211975	0.0231598	0.2	80	15.2224	0
0.0211975	0.0253038	0.2	80	28.8567	0
0.0211975	0.0276463	0.2	80	50.3154	0
0.0211975	0.0302057	0.2	80	81.5924	0
0.0211975	0.0330019	0.2	80	125.112	0
0.0211975	0.0360571	0.2	80	183.815	0
0.0211975	0.039395	0.2	80	261.265	0
0.0211975	0.043042	0.2	80	361.771	0
0.0211975	0.0470266	0.2	80	490.54	0
0.0211975	0.05138	0.2	80	653.853	0
0.0211975	0.0561365	0.2	80	859.28	0
0.0211975	0.0613333	0.2	80	1115.94	0
0.0211975	0.0670111	0.2	80	1434.79	0
0.0211975	0.0732147	0.2	80	1829.03	0
0.0211975	0.0799925	0.2	80	2314.47	0
0.0211975	0.0873977	0.2	80	2910.14	0
0.0211975	0.0954885	0.2	80	3638.84	0
0.0211975	0.104328	0.2	80	4527.92	0
0.0211975	0.113986	0.2	80	5610.13	0
0.0211975	0.124539	0.2	80	6924.75	0
0.0211975	0.136068	0.2	80	8518.77	0
0.0211975	0.148664	0.2	80	10448.5	0
0.0211975	0.162426	0.2	80	12781.1	0
0.0211975	0.177463	0.2	80	15597.3	0
0.0211975	0.193892	0.2	80	18993.2	0
0.0211975	0.211841	0.2	80	23084.1	0
0.0211975	0.231452	0.2	80	28007.3	0
0.0211975	0.252878	0.2	80	33927.2	0
0.0211975	0.276288	0.2	80	41040.3	0
0.0211975	0.301866	0.2	80	49580.9	0
0.0211975	0.329811	0.2	80	59829	0
0.0211975	0.360343	0.2	80	72119.2	0
0.0211975	0.393701	0.2	80	86850.7	0
0.0211975	0.430148	0.2	80	104500	0
0.0211975	0.469968	0.2	80	125637	0
0.0211975	0.513475	0.2	80	150942	0
0.0211975	0.56101	0.2	80	181227	0
0.0211975	0.612945	0.2	80	217462	0
0.0211975	0.669688	0.2	80	260808	0
0.0231598	0.000104526	0.2	80	229.597	0
0.0231598	0.000114203	0.2	80	229.346	0
0.0231598	0.000124775	0.2	80	229.072	0
0.0231598	0.000136326	0.2	80	228.773	0
0.0231598	0.000148946	0.2	80	228.447	0
0.0231598	0.000162735	0.2	80	228.09	0
0.0231598	0.0001778	0.2	80	227.701	0
0.0231598	0.00019426	0.2	80	227.276	0
0.0231598	0.000212243	0.2	80	226.813	0
0.0231598	0.000231891	0.2	80	226.307	0
0.0231598	0.000253358	0.2	80	225.755	0
0.0231598	0.000276813	0.2	80	225.152	0
0.0231598	0.000302439	0.2	80	224.495	0
0.0231598	0.000330437	0.2	80	223.778	0
0.0231598	0.000361027	0.2	80	222.996	0
0.0231598	0.000394448	0.2	80	222.143	0
0.0231598	0.000430964	0.2	80	221.213	0
0.0231598	0.00047086	0.2	80	220.199	0
0.0231598	0.00051445	0.2	80	219.094	0
0.0231598	0.000562075	0.2	80	217.89	0
0.0231598	0.000614108	0.2	80	216.578	0
0.0231598	0.000670959	0.2	80	215.15	0
0.0231598	0.000733073	0.2	80	213.595	0
0.0231598	0.000800936	0.2	80	211.902	0
0.0231598	0.000875083	0.2	80	210.061	0
0.0231598	0.000956093	0.2	80	208.058	0
0.0231598	0.0010446	0.2	80	205.882	0
0.0231598	0.00114131	0.2	80	203.517	0
0.0231598	0.00124696	0.2	80	200.949	0
0.0231598	0.0013624	0.2	80	198.162	0
0.0231598	0.00148852	0.2	80	195.141	0
0.0231598	0.00162632	0.2	80	191.866	0
0.0231598	0.00177687	0.2	80	188.321	0
0.0231598	0.00194137	0.2	80	184.486	0
0.0231598	0.00212109	0.2	80	180.342	0
0.0231598	0.00231745	0.2	80	175.87	0
0.0231598	0.00253198	0.2	80	171.05	0
0.0231598	0.00276638	0.2	80	165.861	0
0.0231598	0.00302248	0.2	80	160.286	0
0.0231598	0.00330228	0.2	80	154.306	0
0.0231598	0.00360798	0.2	80	147.907	0
0.0231598	0.00394199	0.2	80	141.073	0
0.0231598	0.00430692	0.2	80	133.798	0
0.0231598	0.00470563	0.2	80	126.076	0
0.0231598	0.00514125	0.2	80	117.909	0
0.0231598	0.0056172	0.2	80	109.31	0
0.0231598	0.0061372	0.2	80	100.3	0
0.0231598	0.00670535	0.2	80	90.9173	0
0.0231598	0.0073261	0.2	80	81.2153	0
0.0231598	0.0080043	0.2	80	71.2713	0
0.0231598	0.0087453	0.2	80	61.1899	0
0.0231598	0.00955489	0.2	80	51.1102	0
0.0231598	0.0104394	0.2	80	41.2133	0
0.0231598	0.0114058	0.2	80	31.7321	0
0.0231598	0.0124617	0.2	80	22.9632	0
0.0231598	0.0136154	0.2	80	15.2804	0
0.0231598	0.0148758	0.2	80	9.15144	0
0.0231598	0.0162529	0.2	80	5.15891	0
0.0231598	0.0177575	0.2	80	4.02399	0
0.0231598	0.0194014	0.2	80	6.63594	0
0.0231598	0.0211975	0.2	80	14.0873	0
0.0231598	0.0231598	0.2	80	27.7158	0
0.0231598	0.0253038	0.2	80	49.1556	0
0.0231598	0.0276463	0.2	80	80.3972	0
0.0231598	0.0302057	0.2	80	123.861	0
0.0231598	0.0330019	0.2	80	182.483	0
0.0231598	0.0360571	0.2	80	259.821	0
0.0231598	0.039395	0.2	80	360.179	0
0.0231598	0.043042	0.2	80	488.755	0
0.0231598	0.0470266	0.2	80	651.823	0
0.0231598	0.05138	0.2	80	856.944	0
0.0231598	0.0561365	0.2	80	1113.22	0
0.0231598	0.0613333	0.2	80	1431.61	0
0.0231598	0.0670111	0.2	80	1825.29	0
0.0231598	0.0732147	0.2	80	2310.06	0
0.0231598	0.0799925	0.2	80	2904.94	0
0.0231598	0.0873977	0.2	80	3632.7	0
0.0231598	0.0954885	0.2	80	4520.69	0
0.0231598	0.104328	0.2	80	5601.65	0
0.0231598	0.113986	0.2	80	6914.84	0
0.0231598	0.124539	0.2	80	8507.27	0
0.0231598	0.136068	0.2	80	10435.2	0
0.0231598	0.148664	0.2	80	12765.9	0
0.0231598	0.162426	0.2	80	15580.1	0
0.0231598	0.177463	0.2	80	18974	0
0.0231598	0.193892	0.2	80	23062.8	0
0.0231598	0.211841	0.2	80	27984.1	0
0.0231598	0.231452	0.2	80	33902.7	0
0.0231598	0.252878	0.2	80	41014.9	0
0.0231598	0.276288	0.2	80	49555.7	0
0.0231598	0.301866	0.2	80	59805.6	0
0.0231598	0.329811	0.2	80	72099.6	0
0.0231598	0.360343	0.2	80	86837.7	0
0.0231598	0.393701	0.2	80	104498	0
0.0231598	0.430148	0.2	80	125650	0
0.0231598	0.469968	0.2	80	150975	0
0.0231598	0.513475	0.2	80	181288	0
0.0231598	0.56101	0.2	80	217558	0
0.0231598	0.612945	0.2	80	260949	0
0.0231598	0.669688	0.2	80	312846	0
0.0253038	0.000104526	0.2	80	227.449	0
0.0253038	0.000114203	0.2	80	227.176	0
0.0253038	0.000124775	0.2	80	226.878	0
0.0253038	0.000136326	0.2	80	226.552	0
0.0253038	0.000148946	0.2	80	226.197	0
0.0253038	0.000162735	0.2	80	225.809	0
0.0253038	0.0001778	0.2	80	225.385	0
0.0253038	0.00019426	0.2	80	224.923	0
0.0253038	0.000212243	0.2	80	224.419	0
0.0253038	0.000231891	0.2	80	223.868	0
0.0253038	0.000253358	0.2	80	223.267	0
0.0253038	0.000276813	0.2	80	222.612	0
0.0253038	0.000302439	0.2	80	221.897	0
0.0253038	0.000330437	0.2	80	221.117	0
0.0253038	0.000361027	0.2	80	220.266	0
0.0253038	0.000394448	0.2	80	219.339	0
0.0253038	0.000430964	0.2	80	218.328	0
0.0253038	0.00047086	0.2	80	217.226	0
0.0253038	0.00051445	0.2	80	216.026	0
0.0253038	0.000562075	0.2	80	214.718	0
0.0253038	0.000614108	0.2	80	213.294	0
0.0253038	0.000670959	0.2	80	211.743	0
0.0253038	0.000733073	0.2	80	210.055	0
0.0253038	0.000800936	0.2	80	208.219	0
0.0253038	0.000875083	0.2	80	206.223	0
0.0253038	0.000956093	0.2	80	204.052	0
0.0253038	0.0010446	0.2	80	201.695	0
0.0253038	0.00114131	0.2	80	199.134	0
0.0253038	0.00124696	0.2	80	196.356	0
0.0253038	0.0013624	0.2	80	193.343	0
0.0253038	0.00148852	0.2	80	190.078	0
0.0253038	0.00162632	0.2	80	186.544	0
0.0253038	0.00177687	0.2	80	182.72	0
0.0253038	0.00194137	0.2	80	178.589	0
0.0253038	0.00212109	0.2	80	174.13	0
0.0253038	0.00231745	0.2	80	169.324	0
0.0253038	0.00253198	0.2	80	164.151	0
0.0253038	0.00276638	0.2	80	158.593	0
0.0253038	0.00302248	0.2	80	152.631	0
0.0253038	0.00330228	0.2	80	146.251	0
0.0253038	0.00360798	0.2	80	139.439	0
0.0253038	0.00394199	0.2	80	132.186	0
0.0253038	0.00430692	0.2	80	124.489	0
0.0253038	0.00470563	0.2	80	116.348	0
0.0253038	0.00514125	0.2	80	107.777	0
0.0253038	0.0056172	0.2	80	98.7972	0
0.0253038	0.0061372	0.2	80	89.4458	0
0.0253038	0.00670535	0.2	80	79.7772	0
0.0253038	0.0073261	0.2	80	69.8685	0
0.0253038	0.0080043	0.2	80	59.8243	0
0.0253038	0.0087453	0.2	80	49.7832	0
0.0253038	0.00955489	0.2	80	39.9265	0
0.0253038	0.0104394	0.2	80	30.4867	0
0.0253038	0.0114058	0.2	80	21.76	0
0.0253038	0.0124617	0.2	80	14.1198	0
0.0253038	0.0136154	0.2	80	8.03328	0
0.0253038	0.0148758	0.2	80	4.0822	0
0.0253038	0.0162529	0.2	80	2.98678	0
0.0253038	0.0177575	0.2	80	5.63509	0
0.0253038	0.0194014	0.2	80	13.1181	0
0.0253038	0.0211975	0.2	80	26.772	0
0.0253038	0.0231598	0.2	80	48.2284	0
0.0253038	0.0253038	0.2	80	79.4753	0
0.0253038	0.0276463	0.2	80	122.93	0
0.0253038	0.0302057	0.2	80	181.524	0
0.0253038	0.0330019	0.2	80	258.812	0
0.0253038	0.0360571	0.2	80	359.092	0
0.0253038	0.039395	0.2	80	487.556	0
0.0253038	0.043042	0.2	80	650.471	0
0.0253038	0.0470266	0.2	80	855.389	0
0.0253038	0.05138	0.2	80	1111.41	0
0.0253038	0.0561365	0.2	80	1429.47	0
0.0253038	0.0613333	0.2	80	1822.73	0
0.0253038	0.0670111	0.2	80	2307	0
0.0253038	0.0732147	0.2	80	2901.27	0
0.0253038	0.0799925	0.2	80	3628.3	0
0.0253038	0.0873977	0.2	80	4515.42	0
0.0253038	0.0954885	0.2	80	5595.37	0
0.0253038	0.104328	0.2	80	6907.4	0
0.0253038	0.113986	0.2	80	8498.49	0
0.0253038	0.124539	0.2	80	10424.9	0
0.0253038	0.136068	0.2	80	12754	0
0.0253038	0.148664	0.2	80	15566.4	0
0.0253038	0.162426	0.2	80	18958.3	0
0.0253038	0.177463	0.2	80	23045.2	0
0.0253038	0.193892	0.2	80	27964.7	0
0.0253038	0.211841	0.2	80	33881.6	0
0.0253038	0.231452	0.2	80	40992.6	0
0.0253038	0.252878	0.2	80	49532.9	0
0.0253038	0.276288	0.2	80	59783.3	0
0.0253038	0.301866	0.2	80	72079.3	0
0.0253038	0.329811	0.2	80	86821.6	0
0.0253038	0.360343	0.2	80	104489	0
0.0253038	0.393701	0.2	80	125652	0
0.0253038	0.430148	0.2	80	150993	0
0.0253038	0.469968	0.2	80	181327	0
0.0253038	0.513475	0.2	80	217627	0
0.0253038	0.56101	0.2	80	261055	0
0.0253038	0.612945	0.2	80	312998	0
0.0253038	0.669688	0.2	80	375115	0
0.0276463	0.000104526	0.2	80	225.233	0
0.0276463	0.000114203	0.2	80	224.936	0
0.0276463	0.000124775	0.2	80	224.612	0
0.0276463	0.000136326	0.2	80	224.257	0
0.0276463	0.000148946	0.2	80	223.871	0
0.0276463	0.000162735	0.2	80	223.448	0
0.0276463	0.0001778	0.2	80	222.987	0
0.0276463	0.00019426	0.2	80	222.484	0
0.0276463	0.000212243	0.2	80	221.936	0
0.0276463	0.000231891	0.2	80	221.337	0
0.0276463	0.000253358	0.2	80	220.683	0
0.0276463	0.000276813	0.2	80	219.971	0
0.0276463	0.000302439	0.2	80	219.193	0
0.0276463	0.000330437	0.2	80	218.345	0
0.0276463	0.000361027	0.2	80	217.421	0
0.0276463	0.000394448	0.2	80	216.413	0
0.0276463	0.000430964	0.2	80	215.315	0
0.0276463	0.00047086	0.2	80	214.118	0
0.0276463	0.00051445	0.2	80	212.814	0
0.0276463	0.000562075	0.2	80	211.395	0
0.0276463	0.000614108	0.2	80	209.849	0
0.0276463	0.000670959	0.2	80	208.167	0
0.0276463	0.000733073	0.2	80	206.336	0
0.0276463	0.000800936	0.2	80	204.346	0
0.0276463	0.000875083	0.2	80	202.183	0
0.0276463	0.000956093	0.2	80	199.832	0
0.0276463	0.0010446	0.2	80	197.28	0
0.0276463	0.00114131	0.2	80	194.511	0
0.0276463	0.00124696	0.2	80	191.508	0
0.0276463	0.0013624	0.2	80	188.254	0
0.0276463	0.00148852	0.2	80	184.73	0
0.0276463	0.00162632	0.2	80	180.919	0
0.0276463	0.00177687	0.2	80	176.802	0
0.0276463	0.00194137	0.2	80	172.357	0
0.0276463	0.00212109	0.2	80	167.567	0
0.0276463	0.00231745	0.2	80	162.412	0
0.0276463	0.00253198	0.2	80	156.872	0
0.0276463	0.00276638	0.2	80	150.931	0
0.0276463	0.00302248	0.2	80	144.573	0
0.0276463	0.00330228	0.2	80	137.785	0
0.0276463	0.00360798	0.2	80	130.558	0
0.0276463	0.00394199	0.2	80	122.888	0
0.0276463	0.00430692	0.2	80	114.777	0
0.0276463	0.00470563	0.2	80	106.238	0
0.0276463	0.00514125	0.2	80	97.2921	0
0.0276463	0.0056172	0.2	80	87.9772	0
0.0276463	0.0061372	0.2	80	78.3478	0
0.0276463	0.00670535	0.2	80	68.4807	0
0.0276463	0.0073261	0.2	80	58.4806	0
0.0276463	0.0080043	0.2	80	48.4864	0
0.0276463	0.0087453	0.2	80	38.6789	0
0.0276463	0.00955489	0.2	80	29.2908	0
0.0276463	0.0104394	0.2	80	20.618	0
0.0276463	0.0114058	0.2	80	13.0336	0
0.0276463	0.0124617	0.2	80	7.00463	0
0.0276463	0.0136154	0.2	80	3.11216	0
0.0276463	0.0148758	0.2	80	2.07579	0
0.0276463	0.0162529	0.2	80	4.78277	0
0.0276463	0.0177575	0.2	80	12.323	0
0.0276463	0.0194014	0.2	80	26.0313	0
0.0276463	0.0211975	0.2	80	47.5376	0
0.0276463	0.0231598	0.2	80	78.8279	0
0.0276463	0.0253038	0.2	80	122.317	0
0.0276463	0.0276463	0.2	80	180.934	0
0.0276463	0.0302057	0.2	80	258.228	0
0.0276463	0.0330019	0.2	80	358.495	0
0.0276463	0.0360571	0.2	80	486.921	0
0.0276463	0.039395	0.2	80	649.767	0
0.0276463	0.043042	0.2	80	854.578	0
0.0276463	0.0470266	0.2	80	1110.44	0
0.0276463	0.05138	0.2	80	1428.3	0
0.0276463	0.0561365	0.2	80	1821.29	0
0.0276463	0.0613333	0.2	80	2305.21	0
0.0276463	0.0670111	0.2	80	2899.04	0
0.0276463	0.0732147	0.2	80	3625.54	0
0.0276463	0.0799925	0.2	80	4512.01	0
0.0276463	0.0873977	0.2	80	5591.19	0
0.0276463	0.0954885	0.2	80	6902.29	0
0.0276463	0.104328	0.2	80	8492.31	0
0.0276463	0.113986	0.2	80	10417.5	0
0.0276463	0.124539	0.2	80	12745.2	0
0.0276463	0.136068	0.2	80	15556	0
0.0276463	0.148664	0.2	80	18946.4	0
0.0276463	0.162426	0.2	80	23031.5	0
0.0276463	0.177463	0.2	80	27949.2	0
0.0276463	0.193892	0.2	80	33864.4	0
0.0276463	0.211841	0.2	80	40974	0
0.0276463	0.231452	0.2	80	49513.3	0
0.0276463	0.252878	0.2	80	59763.4	0
0.0276463	0.276288	0.2	80	72060.3	0
0.0276463	0.301866	0.2	80	86805	0
0.0276463	0.329811	0.2	80	104477	0
0.0276463	0.360343	0.2	80	125648	0
0.0276463	0.393701	0.2	80	151001	0
0.0276463	0.430148	0.2	80	181352	0
0.0276463	0.469968	0.2	80	217675	0
0.0276463	0.513475	0.2	80	261133	0
0.0276463	0.56101	0.2	80	313115	0
0.0276463	0.612945	0.2	80	375282	0
0.0276463	0.669688	0.2	80	449614	0
0.0302057	0.000104526	0.2	80	222.967	0
0.0302057	0.000114203	0.2	80	222.643	0
0.0302057	0.000124775	0.2	80	222.29	0
0.0302057	0.000136326	0.2	80	221.905	0
0.0302057	0.000148946	0.2	80	221.484	0
0.0302057	0.000162735	0.2	80	221.025	0
0.0302057	0.0001778	0.2	80	220.524	0
0.0302057	0.00019426	0.2	80	219.977	0
0.0302057	0.000212243	0.2	80	219.38	0
0.0302057	0.000231891	0.2	80	218.728	0
0.0302057	0.000253358	0.2	80	218.018	0
0.0302057	0.000276813	0.2	80	217.243	0
0.0302057	0.000302439	0.2	80	216.398	0
0.0302057	0.000330437	0.2	80	215.477	0
0.0302057	0.000361027	0.2	80	214.473	0
0.0302057	0.000394448	0.2	80	213.378	0
0.0302057	0.000430964	0.2	80	212.186	0
0.0302057	0.00047086	0.2	80	210.886	0
0.0302057	0.00051445	0.2	80	209.472	0
0.0302057	0.000562075	0.2	80	207.931	0
0.0302057	0.000614108	0.2	80	206.255	0
0.0302057	0.000670959	0.2	80	204.431	0
0.0302057	0.000733073	0.2	80	202.447	0
0.0302057	0.000800936	0.2	80	200.292	0
0.0302057	0.000875083	0.2	80	197.949	0
0.0302057	0.000956093	0.2	80	195.406	0
0.0302057	0.0010446	0.2	80	192.647	0
0.0302057	0.00114131	0.2	80	189.654	0
0.0302057	0.00124696	0.2	80	186.411	0
0.0302057	0.0013624	0.2	80	182.901	0
0.0302057	0.00148852	0.2	80	179.104	0
0.0302057	0.00162632	0.2	80	175.001	0
0.0302057	0.00177687	0.2	80	170.573	0
0.0302057	0.00194137	0.2	80	165.8	0
0.0302057	0.00212109	0.2	80	160.664	0
0.0302057	0.00231745	0.2	80	155.145	0
0.0302057	0.00253198	0.2	80	149.226	0
0.0302057	0.00276638	0.2	80	142.893	0
0.0302057	0.00302248	0.2	80	136.131	0
0.0302057	0.00330228	0.2	80	128.932	0
0.0302057	0.00360798	0.2	80	121.293	0
0.0302057	0.00394199	0.2	80	113.216	0
0.0302057	0.00430692	0.2	80	104.712	0
0.0302057	0.00470563	0.2	80	95.8054	0
0.0302057	0.00514125	0.2	80	86.5322	0
0.0302057	0.0056172	0.2	80	76.9476	0
0.0302057	0.0061372	0.2	80	67.1285	0
0.0302057	0.00670535	0.2	80	57.1797	0
0.0302057	0.0073261	0.2	80	47.2401	0
0.0302057	0.0080043	0.2	80	37.4909	0
0.0302057	0.0087453	0.2	80	28.1646	0
0.0302057	0.00955489	0.2	80	19.5572	0
0.0302057	0.0104394	0.2	80	12.0416	0
0.0302057	0.0114058	0.2	80	6.08474	0
0.0302057	0.0124617	0.2	80	2.26743	0
0.0302057	0.0136154	0.2	80	1.30892	0
0.0302057	0.0148758	0.2	80	4.0959	0
0.0302057	0.0162529	0.2	80	11.7176	0
0.0302057	0.0177575	0.2	80	25.5079	0
0.0302057	0.0194014	0.2	80	47.0955	0
0.0302057	0.0211975	0.2	80	78.465	0
0.0302057	0.0231598	0.2	80	122.029	0
0.0302057	0.0253038	0.2	80	180.715	0
0.0302057	0.0276463	0.2	80	258.07	0
0.0302057	0.0302057	0.2	80	358.384	0
0.0302057	0.0330019	0.2	80	486.841	0
0.0302057	0.0360571	0.2	80	649.696	0
0.0302057	0.039395	0.2	80	854.49	0
0.0302057	0.043042	0.2	80	1110.3	0
0.0302057	0.0470266	0.2	80	1428.07	0
0.0302057	0.05138	0.2	80	1820.92	0
0.0302057	0.0561365	0.2	80	2304.64	0
0.0302057	0.0613333	0.2	80	2898.2	0
0.0302057	0.0670111	0.2	80	3624.35	0
0.0302057	0.0732147	0.2	80	4510.38	0
0.0302057	0.0799925	0.2	80	5589	0
0.0302057	0.0873977	0.2	80	6899.43	0
0.0302057	0.0954885	0.2	80	8488.64	0
0.0302057	0.104328	0.2	80	10412.9	0
0.0302057	0.113986	0.2	80	12739.5	0
0.0302057	0.124539	0.2	80	15549.1	0
0.0302057	0.136068	0.2	80	18938	0
0.0302057	0.148664	0.2	80	23021.7	0
0.0302057	0.162426	0.2	80	27937.9	0
0.0302057	0.177463	0.2	80	33851.5	0
0.0302057	0.193892	0.2	80	40959.6	0
0.0302057	0.211841	0.2	80	49497.7	0
0.0302057	0.231452	0.2	80	59747.1	0
0.0302057	0.252878	0.2	80	72044.1	0
0.0302057	0.276288	0.2	80	86790.1	0
0.0302057	0.301866	0.2	80	104465	0
0.0302057	0.329811	0.2	80	125641	0
0.0302057	0.360343	0.2	80	151002	0
0.0302057	0.393701	0.2	80	181366	0
0.0302057	0.430148	0.2	80	217707	0
0.0302057	0.469968	0.2	80	261189	0
0.0302057	0.513475	0.2	80	313204	0
0.0302057	0.56101	0.2	80	375412	0
0.0302057	0.612945	0.2	80	449796	0
0.0302057	0.669688	0.2	80	538724	0
0.0330019	0.000104526	0.2	80	220.672	0
0.0330019	0.000114203	0.2	80	220.32	0
0.0330019	0.000124775	0.2	80	219.936	0
0.0330019	0.000136326	0.2	80	219.517	0
0.0330019	0.000148946	0.2	80	219.059	0
0.0330019	0.000162735	0.2	80	218.56	0
0.0330019	0.0001778	0.2	80	218.015	0
0.0330019	0.00019426	0.2	80	217.42	0
0.0330019	0.000212243	0.2	80	216.771	0
0.0330019	0.000231891	0.2	80	216.064	0
0.0330019	0.000253358	0.2	80	215.292	0
0.0330019	0.000276813	0.2	80	214.45	0
0.0330019	0.000302439	0.2	80	213.532	0
0.0330019	0.000330437	0.2	80	212.532	0
0.0330019	0.000361027	0.2	80	211.441	0
0.0330019	0.000394448	0.2	80	210.253	0
0.0330019	0.000430964	0.2	80	208.959	0
0.0330019	0.00047086	0.2	80	207.549	0
0.0330019	0.00051445	0.2	80	206.014	0
0.0330019	0.000562075	0.2	80	204.344	0
0.0330019	0.000614108	0.2	80	202.527	0
0.0330019	0.000670959	0.2	80	200.551	0
0.0330019	0.000733073	0.2	80	198.404	0
0.0330019	0.000800936	0.2	80	196.07	0
0.0330019	0.000875083	0.2	80	193.537	0
0.0330019	0.000956093	0.2	80	190.788	0
0.0330019	0.0010446	0.2	80	187.807	0
0.0330019	0.00114131	0.2	80	184.577	0
0.0330019	0.00124696	0.2	80	181.08	0
0.0330019	0.0013624	0.2	80	177.298	0
0.0330019	0.00148852	0.2	80	173.211	0
0.0330019	0.00162632	0.2	80	168.801	0
0.0330019	0.00177687	0.2	80	164.047	0
0.0330019	0.00194137	0.2	80	158.932	0
0.0330019	0.00212109	0.2	80	153.436	0
0.0330019	0.00231745	0.2	80	147.542	0
0.0330019	0.00253198	0.2	80	141.235	0
0.0330019	0.00276638	0.2	80	134.503	0
0.0330019	0.00302248	0.2	80	127.336	0
0.0330019	0.00330228	0.2	80	119.731	0
0.0330019	0.00360798	0.2	80	111.69	0
0.0330019	0.00394199	0.2	80	103.227	0
0.0330019	0.00430692	0.2	80	94.3637	0
0.0330019	0.00470563	0.2	80	85.1374	0
0.0330019	0.00514125	0.2	80	75.6032	0
0.0330019	0.0056172	0.2	80	65.8385	0
0.0330019	0.0061372	0.2	80	55.9482	0
0.0330019	0.00670535	0.2	80	46.0714	0
0.0330019	0.0073261	0.2	80	36.3894	0
0.0330019	0.0080043	0.2	80	27.1351	0
0.0330019	0.0087453	0.2	80	18.6044	0
0.0330019	0.00955489	0.2	80	11.1703	0
0.0330019	0.0104394	0.2	80	5.29993	0
0.0330019	0.0114058	0.2	80	1.574	0
0.0330019	0.0124617	0.2	80	0.711637	0
0.0330019	0.0136154	0.2	80	3.59933	0
0.0330019	0.0148758	0.2	80	11.3259	0
0.0330019	0.0162529	0.2	80	25.2247	0
0.0330019	0.0177575	0.2	80	46.9239	0
0.0330019	0.0194014	0.2	80	78.4068	0
0.0330019	0.0211975	0.2	80	122.085	0
0.0330019	0.0231598	0.2	80	180.884	0
0.0330019	0.0253038	0.2	80	258.349	0
0.0330019	0.0276463	0.2	80	358.767	0
0.0330019	0.0302057	0.2	80	487.32	0
0.0330019	0.0330019	0.2	80	650.259	0
0.0330019	0.0360571	0.2	80	855.121	0
0.0330019	0.039395	0.2	80	1110.98	0
0.0330019	0.043042	0.2	80	1428.76	0
0.0330019	0.0470266	0.2	80	1821.59	0
0.0330019	0.05138	0.2	80	2305.26	0
0.0330019	0.0561365	0.2	80	2898.7	0
0.0330019	0.0613333	0.2	80	3624.67	0
0.0330019	0.0670111	0.2	80	4510.44	0
0.0330019	0.0732147	0.2	80	5588.72	0
0.0330019	0.0799925	0.2	80	6898.72	0
0.0330019	0.0873977	0.2	80	8487.39	0
0.0330019	0.0954885	0.2	80	10411	0
0.0330019	0.104328	0.2	80	12736.8	0
0.0330019	0.113986	0.2	80	15545.4	0
0.0330019	0.124539	0.2	80	18933.3	0
0.0330019	0.136068	0.2	80	23015.7	0
0.0330019	0.148664	0.2	80	27930.7	0
0.0330019	0.162426	0.2	80	33843	0
0.0330019	0.177463	0.2	80	40949.8	0
0.0330019	0.193892	0.2	80	49486.7	0
0.0330019	0.211841	0.2	80	59735.3	0
0.0330019	0.231452	0.2	80	72031.8	0
0.0330019	0.252878	0.2	80	86778.3	0
0.0330019	0.276288	0.2	80	104455	0
0.0330019	0.301866	0.2	80	125634	0
0.0330019	0.329811	0.2	80	151002	0
0.0330019	0.360343	0.2	80	181374	0
0.0330019	0.393701	0.2	80	217729	0
0.0330019	0.430148	0.2	80	261230	0
0.0330019	0.469968	0.2	80	313271	0
0.0330019	0.513475	0.2	80	375513	0
0.0330019	0.56101	0.2	80	449941	0
0.0330019	0.612945	0.2	80	538924	0
0.0330019	0.669688	0.2	80	645295	0
0.0360571	0.000104526	0.2	80	218.377	0
0.0360571	0.000114203	0.2	80	217.995	0
0.0360571	0.000124775	0.2	80	217.577	0
0.0360571	0.000136326	0.2	80	217.122	0
0.0360571	0.000148946	0.2	80	216.624	0
0.0360571	0.000162735	0.2	80	216.081	0
0.0360571	0.0001778	0.2	80	215.489	0
0.0360571	0.00019426	0.2	80	214.843	0
0.0360571	0.000212243	0.2	80	214.138	0
0.0360571	0.000231891	0.2	80	213.369	0
0.0360571	0.000253358	0.2	80	212.531	0
0.0360571	0.000276813	0.2	80	211.617	0
0.0360571	0.000302439	0.2	80	210.62	0
0.0360571	0.000330437	0.2	80	209.534	0
0.0360571	0.000361027	0.2	80	208.351	0
0.0360571	0.000394448	0.2	80	207.062	0
0.0360571	0.000430964	0.2	80	205.658	0
0.0360571	0.00047086	0.2	80	204.129	0
0.0360571	0.00051445	0.2	80	202.466	0
0.0360571	0.000562075	0.2	80	200.657	0
0.0360571	0.000614108	0.2	80	198.689	0
0.0360571	0.000670959	0.2	80	196.55	0
0.0360571	0.000733073	0.2	80	194.226	0
0.0360571	0.000800936	0.2	80	191.704	0
0.0360571	0.000875083	0.2	80	188.966	0
0.0360571	0.000956093	0.2	80	185.998	0
0.0360571	0.0010446	0.2	80	182.781	0
0.0360571	0.00114131	0.2	80	179.299	0
0.0360571	0.00124696	0.2	80	175.533	0
0.0360571	0.0013624	0.2	80	171.464	0
0.0360571	0.00148852	0.2	80	167.073	0
0.0360571	0.00162632	0.2	80	162.341	0
0.0360571	0.00177687	0.2	80	157.249	0
0.0360571	0.00194137	0.2	80	151.778	0
0.0360571	0.00212109	0.2	80	145.911	0
0.0360571	0.00231745	0.2	80	139.634	0
0.0360571	0.00253198	0.2	80	132.933	0
0.0360571	0.00276638	0.2	80	125.801	0
0.0360571	0.00302248	0.2	80	118.234	0
0.0360571	0.00330228	0.2	80	110.234	0
0.0360571	0.00360798	0.2	80	101.816	0
0.0360571	0.00394199	0.2	80	93.0004	0
0.0360571	0.00430692	0.2	80	83.8262	0
0.0360571	0.00470563	0.2	80	74.3485	0
0.0360571	0.00514125	0.2	80	64.6447	0
0.0360571	0.0056172	0.2	80	54.8202	0
0.0360571	0.0061372	0.2	80	45.0144	0
0.0360571	0.00670535	0.2	80	35.4088	0
0.0360571	0.0073261	0.2	80	26.2365	0
0.0360571	0.0080043	0.2	80	17.7939	0
0.0360571	0.0087453	0.2	80	10.4542	0
0.0360571	0.00955489	0.2	80	4.68455	0
0.0360571	0.0104394	0.2	80	1.06605	0
0.0360571	0.0114058	0.2	80	0.317907	0
0.0360571	0.0124617	0.2	80	3.32664	0
0.0360571	0.0136154	0.2	80	11.1811	0
0.0360571	0.0148758	0.2	80	25.2143	0
0.0360571	0.0162529	0.2	80	47.0541	0
0.0360571	0.0177575	0.2	80	78.6835	0
0.0360571	0.0194014	0.2	80	122.513	0
0.0360571	0.0211975	0.2	80	181.468	0
0.0360571	0.0231598	0.2	80	259.091	0
0.0360571	0.0253038	0.2	80	359.668	0
0.0360571	0.0276463	0.2	80	488.379	0
0.0360571	0.0302057	0.2	80	651.472	0
0.0360571	0.0330019	0.2	80	856.48	0
0.0360571	0.0360571	0.2	80	1112.47	0
0.0360571	0.039395	0.2	80	1430.37	0
0.0360571	0.043042	0.2	80	1823.3	0
0.0360571	0.0470266	0.2	80	2307.03	0
0.0360571	0.05138	0.2	80	2900.51	0
0.0360571	0.0561365	0.2	80	3626.47	0
0.0360571	0.0613333	0.2	80	4512.17	0
0.0360571	0.0670111	0.2	80	5590.32	0
0.0360571	0.0732147	0.2	80	6900.11	0
0.0360571	0.0799925	0.2	80	8488.48	0
0.0360571	0.0873977	0.2	80	10411.7	0
0.0360571	0.0954885	0.2	80	12737	0
0.0360571	0.104328	0.2	80	15545	0
0.0360571	0.113986	0.2	80	18932.1	0
0.0360571	0.124539	0.2	80	23013.7	0
0.0360571	0.136068	0.2	80	27927.7	0
0.0360571	0.148664	0.2	80	33838.9	0
0.0360571	0.162426	0.2	80	40944.7	0
0.0360571	0.177463	0.2	80	49480.6	0
0.0360571	0.193892	0.2	80	59728.3	0
0.0360571	0.211841	0.2	80	72024.4	0
0.0360571	0.231452	0.2	80	86770.9	0
0.0360571	0.252878	0.2	80	104448	0
0.0360571	0.276288	0.2	80	125630	0
0.0360571	0.301866	0.2	80	151001	0
0.0360571	0.329811	0.2	80	181381	0
0.0360571	0.360343	0.2	80	217745	0
0.0360571	0.393701	0.2	80	261262	0
0.0360571	0.430148	0.2	80	313323	0
0.0360571	0.469968	0.2	80	375593	0
0.0360571	0.513475	0.2	80	450057	0
0.0360571	0.56101	0.2	80	539087	0
0.0360571	0.612945	0.2	80	645516	0
0.0360571	0.669688	0.2	80	772726	0
0.039395	0.000104526	0.2	80	216.12	0
0.039395	0.000114203	0.2	80	215.704	0
0.039395	0.000124775	0.2	80	215.251	0
0.039395	0.000136326	0.2	80	214.755	0
0.039395	0.000148946	0.2	80	214.215	0
0.039395	0.000162735	0.2	80	213.625	0
0.039395	0.0001778	0.2	80	212.982	0
0.039395	0.00019426	0.2	80	212.28	0
0.039395	0.000212243	0.2	80	211.515	0
0.039395	0.000231891	0.2	80	210.68	0
0.039395	0.000253358	0.2	80	209.77	0
0.039395	0.000276813	0.2	80	208.778	0
0.039395	0.000302439	0.2	80	207.696	0
0.039395	0.000330437	0.2	80	206.518	0
0.039395	0.000361027	0.2	80	205.235	0
0.039395	0.000394448	0.2	80	203.837	0
0.039395	0.000430964	0.2	80	202.316	0
0.039395	0.00047086	0.2	80	200.66	0
0.039395	0.00051445	0.2	80	198.858	0
0.039395	0.000562075	0.2	80	196.899	0
0.039395	0.000614108	0.2	80	194.77	0
0.039395	0.000670959	0.2	80	192.457	0
0.039395	0.000733073	0.2	80	189.946	0
0.039395	0.000800936	0.2	80	187.221	0
0.039395	0.000875083	0.2	80	184.266	0
0.039395	0.000956093	0.2	80	181.064	0
0.039395	0.0010446	0.2	80	177.599	0
0.039395	0.00114131	0.2	80	173.85	0
0.039395	0.00124696	0.2	80	169.801	0
0.039395	0.0013624	0.2	80	165.431	0
0.039395	0.00148852	0.2	80	160.722	0
0.039395	0.00162632	0.2	80	155.654	0
0.039395	0.00177687	0.2	80	150.21	0
0.039395	0.00194137	0.2	80	144.373	0
0.039395	0.00212109	0.2	80	138.128	0
0.039395	0.00231745	0.2	80	131.463	0
0.039395	0.00253198	0.2	80	124.369	0
0.039395	0.00276638	0.2	80	116.843	0
0.039395	0.00302248	0.2	80	108.889	0
0.039395	0.00330228	0.2	80	100.519	0
0.039395	0.00360798	0.2	80	91.757	0
0.039395	0.00394199	0.2	80	82.6406	0
0.039395	0.00430692	0.2	80	73.2254	0
0.039395	0.00470563	0.2	80	63.5894	0
0.039395	0.00514125	0.2	80	53.8383	0
0.039395	0.0056172	0.2	80	44.1118	0
0.039395	0.0061372	0.2	80	34.5918	0
0.039395	0.00670535	0.2	80	25.512	0
0.039395	0.0073261	0.2	80	17.1689	0
0.039395	0.0080043	0.2	80	9.93645	0
0.039395	0.0087453	0.2	80	4.28201	0
0.039395	0.00955489	0.2	80	0.787062	0
0.039395	0.0104394	0.2	80	0.171167	0
0.039395	0.0114058	0.2	80	3.32116	0
0.039395	0.0124617	0.2	80	11.3261	0
0.039395	0.0136154	0.2	80	25.5193	0
0.039395	0.0148758	0.2	80	47.5285	0
0.039395	0.0162529	0.2	80	79.3367	0
0.039395	0.0177575	0.2	80	123.354	0
0.039395	0.0194014	0.2	80	182.505	0
0.039395	0.0211975	0.2	80	260.333	0
0.039395	0.0231598	0.2	80	361.123	0
0.039395	0.0253038	0.2	80	490.051	0
0.039395	0.0276463	0.2	80	653.365	0
0.039395	0.0302057	0.2	80	858.595	0
0.039395	0.0330019	0.2	80	1114.81	0
0.039395	0.0360571	0.2	80	1432.93	0
0.039395	0.039395	0.2	80	1826.06	0
0.039395	0.043042	0.2	80	2309.99	0
0.039395	0.0470266	0.2	80	2903.63	0
0.039395	0.05138	0.2	80	3629.73	0
0.039395	0.0561365	0.2	80	4515.55	0
0.039395	0.0613333	0.2	80	5593.76	0
0.039395	0.0670111	0.2	80	6903.56	0
0.039395	0.0732147	0.2	80	8491.87	0
0.039395	0.0799925	0.2	80	10414.9	0
0.039395	0.0873977	0.2	80	12740	0
0.039395	0.0954885	0.2	80	15547.7	0
0.039395	0.104328	0.2	80	18934.4	0
0.039395	0.113986	0.2	80	23015.5	0
0.039395	0.124539	0.2	80	27928.9	0
0.039395	0.136068	0.2	80	33839.4	0
0.039395	0.148664	0.2	80	40944.5	0
0.039395	0.162426	0.2	80	49479.6	0
0.039395	0.177463	0.2	80	59726.7	0
0.039395	0.193892	0.2	80	72022.4	0
0.039395	0.211841	0.2	80	86768.8	0
0.039395	0.231452	0.2	80	104447	0
0.039395	0.252878	0.2	80	125630	0
0.039395	0.276288	0.2	80	151004	0
0.039395	0.301866	0.2	80	181389	0
0.039395	0.329811	0.2	80	217761	0
0.039395	0.360343	0.2	80	261288	0
0.039395	0.393701	0.2	80	313365	0
0.039395	0.430148	0.2	80	375657	0
0.039395	0.469968	0.2	80	450151	0
0.039395	0.513475	0.2	80	539220	0
0.039395	0.56101	0.2	80	645699	0
0.039395	0.612945	0.2	80	772971	0
0.039395	0.669688	0.2	80	925077	0
0.043042	0.000104526	0.2	80	213.946	0
0.043042	0.000114203	0.2	80	213.494	0
0.043042	0.000124775	0.2	80	213.001	0
0.043042	0.000136326	0.2	80	212.463	0
0.043042	0.000148946	0.2	80	211.876	0
0.043042	0.000162735	0.2	80	211.236	0
0.043042	0.0001778	0.2	80	210.538	0
0.043042	0.00019426	0.2	80	209.776	0
0.043042	0.000212243	0.2	80	208.945	0
0.043042	0.000231891	0.2	80	208.039	0
0.043042	0.000253358	0.2	80	207.052	0
0.043042	0.000276813	0.2	80	205.976	0
0.043042	0.000302439	0.2	80	204.803	0
0.043042	0.000330437	0.2	80	203.526	0
0.043042	0.000361027	0.2	80	202.135	0
0.043042	0.000394448	0.2	80	200.621	0
0.043042	0.000430964	0.2	80	198.973	0
0.043042	0.00047086	0.2	80	197.18	0
0.043042	0.00051445	0.2	80	195.231	0
0.043042	0.000562075	0.2	80	193.112	0
0.043042	0.000614108	0.2	80	190.811	0
0.043042	0.000670959	0.2	80	188.312	0
0.043042	0.000733073	0.2	80	185.6	0
0.043042	0.000800936	0.2	80	182.66	0
0.043042	0.000875083	0.2	80	179.475	0
0.043042	0.000956093	0.2	80	176.027	0
0.043042	0.0010446	0.2	80	172.298	0
0.043042	0.00114131	0.2	80	168.269	0
0.043042	0.00124696	0.2	80	163.922	0
0.043042	0.0013624	0.2	80	159.238	0
0.043042	0.00148852	0.2	80	154.198	0
0.043042	0.00162632	0.2	80	148.783	0
0.043042	0.00177687	0.2	80	142.979	0
0.043042	0.00194137	0.2	80	136.769	0
0.043042	0.00212109	0.2	80	130.142	0
0.043042	0.00231745	0.2	80	123.089	0
0.043042	0.00253198	0.2	80	115.609	0
0.043042	0.00276638	0.2	80	107.704	0
0.043042	0.00302248	0.2	80	99.3884	0
0.043042	0.00330228	0.2	80	90.6848	0
0.043042	0.00360798	0.2	80	81.6318	0
0.043042	0.00394199	0.2	80	72.2856	0
0.043042	0.00430692	0.2	80	62.7244	0
0.043042	0.00470563	0.2	80	53.0544	0
0.043042	0.00514125	0.2	80	43.4159	0
0.043042	0.0056172	0.2	80	33.9912	0
0.043042	0.0061372	0.2	80	25.0144	0
0.043042	0.00670535	0.2	80	16.7829	0
0.043042	0.0073261	0.2	80	9.67071	0
0.043042	0.0080043	0.2	80	4.14609	0
0.043042	0.0087453	0.2	80	0.790993	0
0.043042	0.00955489	0.2	80	0.325545	0
0.043042	0.0104394	0.2	80	3.63713	0
0.043042	0.0114058	0.2	80	11.8153	0
0.043042	0.0124617	0.2	80	26.1939	0
0.043042	0.0136154	0.2	80	48.4011	0
0.043042	0.0148758	0.2	80	80.4201	0
0.043042	0.0162529	0.2	80	124.662	0
0.043042	0.0177575	0.2	80	184.05	0
0.043042	0.0194014	0.2	80	262.128	0
0.043042	0.0211975	0.2	80	363.18	0
0.043042	0.0231598	0.2	80	492.383	0
0.043042	0.0253038	0.2	80	655.984	0
0.043042	0.0276463	0.2	80	861.51	0
0.043042	0.0302057	0.2	80	1118.03	0
0.043042	0.0330019	0.2	80	1436.45	0
0.043042	0.0360571	0.2	80	1829.9	0
0.043042	0.039395	0.2	80	2314.14	0
0.043042	0.043042	0.2	80	2908.09	0
0.043042	0.0470266	0.2	80	3634.49	0
0.043042	0.05138	0.2	80	4520.58	0
0.043042	0.0561365	0.2	80	5599.05	0
0.043042	0.0613333	0.2	80	6909.06	0
0.043042	0.0670111	0.2	80	8497.55	0
0.043042	0.0732147	0.2	80	10420.7	0
0.043042	0.0799925	0.2	80	12745.9	0
0.043042	0.0873977	0.2	80	15553.6	0
0.043042	0.0954885	0.2	80	18940.3	0
0.043042	0.104328	0.2	80	23021.2	0
0.043042	0.113986	0.2	80	27934.3	0
0.043042	0.124539	0.2	80	33844.5	0
0.043042	0.136068	0.2	80	40949.2	0
0.043042	0.148664	0.2	80	49484	0
0.043042	0.162426	0.2	80	59730.7	0
0.043042	0.177463	0.2	80	72026.2	0
0.043042	0.193892	0.2	80	86772.7	0
0.043042	0.211841	0.2	80	104451	0
0.043042	0.231452	0.2	80	125635	0
0.043042	0.252878	0.2	80	151012	0
0.043042	0.276288	0.2	80	181400	0
0.043042	0.301866	0.2	80	217778	0
0.043042	0.329811	0.2	80	261314	0
0.043042	0.360343	0.2	80	313404	0
0.043042	0.393701	0.2	80	375713	0
0.043042	0.430148	0.2	80	450230	0
0.043042	0.469968	0.2	80	539332	0
0.043042	0.513475	0.2	80	645852	0
0.043042	0.56101	0.2	80	773178	0
0.043042	0.612945	0.2	80	925351	0
0.043042	0.669688	0.2	80	1.1072e+06	0
0.0470266	0.000104526	0.2	80	211.911	0
0.0470266	0.000114203	0.2	80	211.42	0
0.0470266	0.000124775	0.2	80	210.885	0
0.0470266	0.000136326	0.2	80	210.301	0
0.0470266	0.000148946	0.2	80	209.664	0
0.0470266	0.000162735	0.2	80	208.969	0
0.0470266	0.0001778	0.2	80	208.212	0
0.0470266	0.00019426	0.2	80	207.385	0
0.0470266	0.000212243	0.2	80	206.484	0
0.0470266	0.000231891	0.2	80	205.502	0
0.0470266	0.000253358	0.2	80	204.431	0
0.0470266	0.000276813	0.2	80	203.265	0
0.0470266	0.000302439	0.2	80	201.994	0
0.0470266	0.000330437	0.2	80	200.611	0
0.0470266	0.000361027	0.2	80	199.104	0
0.0470266	0.000394448	0.2	80	197.465	0
0.0470266	0.000430964	0.2	80	195.682	0
0.0470266	0.00047086	0.2	80	193.743	0
0.0470266	0.00051445	0.2	80	191.636	0
0.0470266	0.000562075	0.2	80	189.346	0
0.0470266	0.000614108	0.2	80	186.861	0
0.0470266	0.000670959	0.2	80	184.164	0
0.0470266	0.000733073	0.2	80	181.24	0
0.0470266	0.000800936	0.2	80	178.072	0
0.0470266	0.000875083	0.2	80	174.643	0
0.0470266	0.000956093	0.2	80	170.935	0
0.0470266	0.0010446	0.2	80	166.93	0
0.0470266	0.00114131	0.2	80	162.607	0
0.0470266	0.00124696	0.2	80	157.95	0
0.0470266	0.0013624	0.2	80	152.939	0
0.0470266	0.00148852	0.2	80	147.557	0
0.0470266	0.00162632	0.2	80	141.788	0
0.0470266	0.00177687	0.2	80	135.616	0
0.0470266	0.00194137	0.2	80	129.031	0
0.0470266	0.00212109	0.2	80	122.024	0
0.0470266	0.00231745	0.2	80	114.593	0
0.0470266	0.00253198	0.2	80	106.743	0
0.0470266	0.00276638	0.2	80	98.4854	0
0.0470266	0.00302248	0.2	80	89.8457	0
0.0470266	0.00330228	0.2	80	80.8623	0
0.0470266	0.00360798	0.2	80	71.5917	0
0.0470266	0.00394199	0.2	80	62.1127	0
0.0470266	0.00430692	0.2	80	52.532	0
0.0470266	0.00470563	0.2	80	42.9905	0
0.0470266	0.00514125	0.2	80	33.671	0
0.0470266	0.0056172	0.2	80	24.8083	0
0.0470266	0.0061372	0.2	80	16.7004	0
0.0470266	0.00670535	0.2	80	9.72209	0
0.0470266	0.0073261	0.2	80	4.34229	0
0.0470266	0.0080043	0.2	80	1.14371	0
0.0470266	0.0087453	0.2	80	0.84724	0
0.0470266	0.00955489	0.2	80	4.34104	0
0.0470266	0.0104394	0.2	80	12.7155	0
0.0470266	0.0114058	0.2	80	27.305	0
0.0470266	0.0124617	0.2	80	49.7388	0
0.0470266	0.0136154	0.2	80	82.0007	0
0.0470266	0.0148758	0.2	80	126.502	0
0.0470266	0.0162529	0.2	80	186.168	0
0.0470266	0.0177575	0.2	80	264.541	0
0.0470266	0.0194014	0.2	80	365.906	0
0.0470266	0.0211975	0.2	80	495.442	0
0.0470266	0.0231598	0.2	80	659.392	0
0.0470266	0.0253038	0.2	80	865.286	0
0.0470266	0.0276463	0.2	80	1122.19	0
0.0470266	0.0302057	0.2	80	1441.02	0
0.0470266	0.0330019	0.2	80	1834.88	0
0.0470266	0.0360571	0.2	80	2319.54	0
0.0470266	0.039395	0.2	80	2913.93	0
0.0470266	0.043042	0.2	80	3640.77	0
0.0470266	0.0470266	0.2	80	4527.3	0
0.0470266	0.05138	0.2	80	5606.2	0
0.0470266	0.0561365	0.2	80	6916.64	0
0.0470266	0.0613333	0.2	80	8505.54	0
0.0470266	0.0670111	0.2	80	10429.1	0
0.0470266	0.0732147	0.2	80	12754.6	0
0.0470266	0.0799925	0.2	80	15562.6	0
0.0470266	0.0873977	0.2	80	18949.5	0
0.0470266	0.0954885	0.2	80	23030.7	0
0.0470266	0.104328	0.2	80	27943.9	0
0.0470266	0.113986	0.2	80	33854.3	0
0.0470266	0.124539	0.2	80	40959	0
0.0470266	0.136068	0.2	80	49493.8	0
0.0470266	0.148664	0.2	80	59740.6	0
0.0470266	0.162426	0.2	80	72036.2	0
0.0470266	0.177463	0.2	80	86783	0
0.0470266	0.193892	0.2	80	104462	0
0.0470266	0.211841	0.2	80	125647	0
0.0470266	0.231452	0.2	80	151026	0
0.0470266	0.252878	0.2	80	181417	0
0.0470266	0.276288	0.2	80	217799	0
0.0470266	0.301866	0.2	80	261342	0
0.0470266	0.329811	0.2	80	313442	0
0.0470266	0.360343	0.2	80	375765	0
0.0470266	0.393701	0.2	80	450302	0
0.0470266	0.430148	0.2	80	539429	0
0.0470266	0.469968	0.2	80	645984	0
0.0470266	0.513475	0.2	80	773355	0
0.0470266	0.56101	0.2	80	925585	0
0.0470266	0.612945	0.2	80	1.10751e+06	0
0.0470266	0.669688	0.2	80	1.32488e+06	0
0.05138	0.000104526	0.2	80	210.084	0
0.05138	0.000114203	0.2	80	209.552	0
0.05138	0.000124775	0.2	80	208.971	0
0.05138	0.000136326	0.2	80	208.338	0
0.05138	0.000148946	0.2	80	207.647	0
0.05138	0.000162735	0.2	80	206.893	0
0.05138	0.0001778	0.2	80	206.071	0
0.05138	0.00019426	0.2	80	205.175	0
0.05138	0.000212243	0.2	80	204.198	0
0.05138	0.000231891	0.2	80	203.134	0
0.05138	0.000253358	0.2	80	201.974	0
0.05138	0.000276813	0.2	80	200.711	0
0.05138	0.000302439	0.2	80	199.335	0
0.05138	0.000330437	0.2	80	197.837	0
0.05138	0.000361027	0.2	80	196.208	0
0.05138	0.000394448	0.2	80	194.435	0
0.05138	0.000430964	0.2	80	192.507	0
0.05138	0.00047086	0.2	80	190.412	0
0.05138	0.00051445	0.2	80	188.136	0
0.05138	0.000562075	0.2	80	185.665	0
0.05138	0.000614108	0.2	80	182.984	0
0.05138	0.000670959	0.2	80	180.078	0
0.05138	0.000733073	0.2	80	176.929	0
0.05138	0.000800936	0.2	80	173.521	0
0.05138	0.000875083	0.2	80	169.835	0
0.05138	0.000956093	0.2	80	165.854	0
0.05138	0.0010446	0.2	80	161.559	0
0.05138	0.00114131	0.2	80	156.931	0
0.05138	0.00124696	0.2	80	151.952	0
0.05138	0.0013624	0.2	80	146.605	0
0.05138	0.00148852	0.2	80	140.874	0
0.05138	0.00162632	0.2	80	134.744	0
0.05138	0.00177687	0.2	80	128.204	0
0.05138	0.00194137	0.2	80	121.247	0
0.05138	0.00212109	0.2	80	113.87	0
0.05138	0.00231745	0.2	80	106.078	0
0.05138	0.00253198	0.2	80	97.8846	0
0.05138	0.00276638	0.2	80	89.3147	0
0.05138	0.00302248	0.2	80	80.4072	0
0.05138	0.00330228	0.2	80	71.2192	0
0.05138	0.00360798	0.2	80	61.8302	0
0.05138	0.00394199	0.2	80	52.3473	0
0.05138	0.00430692	0.2	80	42.9121	0
0.05138	0.00470563	0.2	80	33.7082	0
0.05138	0.00514125	0.2	80	24.9711	0
0.05138	0.0056172	0.2	80	16.9994	0
0.05138	0.0061372	0.2	80	10.169	0
0.05138	0.00670535	0.2	80	4.94947	0
0.05138	0.0073261	0.2	80	1.92455	0
0.05138	0.0080043	0.2	80	1.81606	0
0.05138	0.0087453	0.2	80	5.51317	0
0.05138	0.00955489	0.2	80	14.1073	0
0.05138	0.0104394	0.2	80	28.9339	0
0.05138	0.0114058	0.2	80	51.6233	0
0.05138	0.0124617	0.2	80	84.1604	0
0.05138	0.0136154	0.2	80	128.957	0
0.05138	0.0148758	0.2	80	188.941	0
0.05138	0.0162529	0.2	80	267.654	0
0.05138	0.0177575	0.2	80	369.383	0
0.05138	0.0194014	0.2	80	499.307	0
0.05138	0.0211975	0.2	80	663.67	0
0.05138	0.0231598	0.2	80	870.003	0
0.05138	0.0253038	0.2	80	1127.37	0
0.05138	0.0276463	0.2	80	1446.69	0
0.05138	0.0302057	0.2	80	1841.06	0
0.05138	0.0330019	0.2	80	2326.27	0
0.05138	0.0360571	0.2	80	2921.22	0
0.05138	0.039395	0.2	80	3648.63	0
0.05138	0.043042	0.2	80	4535.77	0
0.05138	0.0470266	0.2	80	5615.28	0
0.05138	0.05138	0.2	80	6926.35	0
0.05138	0.0561365	0.2	80	8515.88	0
0.05138	0.0613333	0.2	80	10440.1	0
0.05138	0.0670111	0.2	80	12766.2	0
0.05138	0.0732147	0.2	80	15574.8	0
0.05138	0.0799925	0.2	80	18962.3	0
0.05138	0.0873977	0.2	80	23044	0
0.05138	0.0954885	0.2	80	27957.8	0
0.05138	0.104328	0.2	80	33868.7	0
0.05138	0.113986	0.2	80	40973.9	0
0.05138	0.124539	0.2	80	49509.2	0
0.05138	0.136068	0.2	80	59756.5	0
0.05138	0.148664	0.2	80	72052.6	0
0.05138	0.162426	0.2	80	86800.1	0
0.05138	0.177463	0.2	80	104480	0
0.05138	0.193892	0.2	80	125667	0
0.05138	0.211841	0.2	80	151047	0
0.05138	0.231452	0.2	80	181441	0
0.05138	0.252878	0.2	80	217827	0
0.05138	0.276288	0.2	80	261376	0
0.05138	0.301866	0.2	80	313483	0
0.05138	0.329811	0.2	80	375818	0
0.05138	0.360343	0.2	80	450370	0
0.05138	0.393701	0.2	80	539519	0
0.05138	0.430148	0.2	80	646102	0
0.05138	0.469968	0.2	80	773510	0
0.05138	0.513475	0.2	80	925790	0
0.05138	0.56101	0.2	80	1.10777e+06	0
0.05138	0.612945	0.2	80	1.32523e+06	0
0.05138	0.669688	0.2	80	1.58504e+06	0
0.0561365	0.000104526	0.2	80	208.548	0
0.0561365	0.000114203	0.2	80	207.971	0
0.0561365	0.000124775	0.2	80	207.342	0
0.0561365	0.000136326	0.2	80	206.655	0
0.0561365	0.000148946	0.2	80	205.906	0
0.0561365	0.000162735	0.2	80	205.089	0
0.0561365	0.0001778	0.2	80	204.198	0
0.0561365	0.00019426	0.2	80	203.228	0
0.0561365	0.000212243	0.2	80	202.17	0
0.0561365	0.000231891	0.2	80	201.017	0
0.0561365	0.000253358	0.2	80	199.761	0
0.0561365	0.000276813	0.2	80	198.394	0
0.0561365	0.000302439	0.2	80	196.906	0
0.0561365	0.000330437	0.2	80	195.286	0
0.0561365	0.000361027	0.2	80	193.524	0
0.0561365	0.000394448	0.2	80	191.609	0
0.0561365	0.000430964	0.2	80	189.527	0
0.0561365	0.00047086	0.2	80	187.265	0
0.0561365	0.00051445	0.2	80	184.81	0
0.0561365	0.000562075	0.2	80	182.147	0
0.0561365	0.000614108	0.2	80	179.259	0
0.0561365	0.000670959	0.2	80	176.131	0
0.0561365	0.000733073	0.2	80	172.745	0
0.0561365	0.000800936	0.2	80	169.084	0
0.0561365	0.000875083	0.2	80	165.129	0
0.0561365	0.000956093	0.2	80	160.863	0
0.0561365	0.0010446	0.2	80	156.267	0
0.0561365	0.00114131	0.2	80	151.323	0
0.0561365	0.00124696	0.2	80	146.014	0
0.0561365	0.0013624	0.2	80	140.324	0
0.0561365	0.00148852	0.2	80	134.239	0
0.0561365	0.00162632	0.2	80	127.749	0
0.0561365	0.00177687	0.2	80	120.845	0
0.0561365	0.00194137	0.2	80	113.527	0
0.0561365	0.00212109	0.2	80	105.799	0
0.0561365	0.00231745	0.2	80	97.6751	0
0.0561365	0.00253198	0.2	80	89.181	0
0.0561365	0.00276638	0.2	80	80.3562	0
0.0561365	0.00302248	0.2	80	71.2583	0
0.0561365	0.00330228	0.2	80	61.9673	0
0.0561365	0.00360798	0.2	80	52.5912	0
0.0561365	0.00394199	0.2	80	43.2721	0
0.0561365	0.00430692	0.2	80	34.1947	0
0.0561365	0.00470563	0.2	80	25.595	0
0.0561365	0.00514125	0.2	80	17.7728	0
0.0561365	0.0056172	0.2	80	11.1047	0
0.0561365	0.0061372	0.2	80	6.06155	0
0.0561365	0.00670535	0.2	80	3.22801	0
0.0561365	0.0073261	0.2	80	3.32712	0
0.0561365	0.0080043	0.2	80	7.24925	0
0.0561365	0.0087453	0.2	80	16.0871	0
0.0561365	0.00955489	0.2	80	31.1775	0
0.0561365	0.0104394	0.2	80	54.1521	0
0.0561365	0.0114058	0.2	80	86.9972	0
0.0561365	0.0124617	0.2	80	132.127	0
0.0561365	0.0136154	0.2	80	192.468	0
0.0561365	0.0148758	0.2	80	271.567	0
0.0561365	0.0162529	0.2	80	373.711	0
0.0561365	0.0177575	0.2	80	504.079	0
0.0561365	0.0194014	0.2	80	668.918	0
0.0561365	0.0211975	0.2	80	875.76	0
0.0561365	0.0231598	0.2	80	1133.67	0
0.0561365	0.0253038	0.2	80	1453.57	0
0.0561365	0.0276463	0.2	80	1848.56	0
0.0561365	0.0302057	0.2	80	2334.41	0
0.0561365	0.0330019	0.2	80	2930.04	0
0.0561365	0.0360571	0.2	80	3658.18	0
0.0561365	0.039395	0.2	80	4546.07	0
0.0561365	0.043042	0.2	80	5626.38	0
0.0561365	0.0470266	0.2	80	6938.26	0
0.0561365	0.05138	0.2	80	8528.64	0
0.0561365	0.0561365	0.2	80	10453.7	0
0.0561365	0.0613333	0.2	80	12780.7	0
0.0561365	0.0670111	0.2	80	15590.3	0
0.0561365	0.0732147	0.2	80	18978.7	0
0.0561365	0.0799925	0.2	80	23061.3	0
0.0561365	0.0873977	0.2	80	27976	0
0.0561365	0.0954885	0.2	80	33887.8	0
0.0561365	0.104328	0.2	80	40994	0
0.0561365	0.113986	0.2	80	49530.2	0
0.0561365	0.124539	0.2	80	59778.5	0
0.0561365	0.136068	0.2	80	72075.7	0
0.0561365	0.148664	0.2	80	86824.3	0
0.0561365	0.162426	0.2	80	104506	0
0.0561365	0.177463	0.2	80	125694	0
0.0561365	0.193892	0.2	80	151076	0
0.0561365	0.211841	0.2	80	181473	0
0.0561365	0.231452	0.2	80	217863	0
0.0561365	0.252878	0.2	80	261417	0
0.0561365	0.276288	0.2	80	313531	0
0.0561365	0.301866	0.2	80	375875	0
0.0561365	0.329811	0.2	80	450440	0
0.0561365	0.360343	0.2	80	539607	0
0.0561365	0.393701	0.2	80	646214	0
0.0561365	0.430148	0.2	80	773653	0
0.0561365	0.469968	0.2	80	925973	0
0.0561365	0.513475	0.2	80	1.10801e+06	0
0.0561365	0.56101	0.2	80	1.32553e+06	0
0.0561365	0.612945	0.2	80	1.58543e+06	0
0.0561365	0.669688	0.2	80	1.89593e+06	0
0.0613333	0.000104526	0.2	80	207.403	0
0.0613333	0.000114203	0.2	80	206.778	0
0.0613333	0.000124775	0.2	80	206.096	0
0.0613333	0.000136326	0.2	80	205.351	0
0.0613333	0.000148946	0.2	80	204.54	0
0.0613333	0.000162735	0.2	80	203.655	0
0.0613333	0.0001778	0.2	80	202.691	0
0.0613333	0.00019426	0.2	80	201.64	0
0.0613333	0.000212243	0.2	80	200.495	0
0.0613333	0.000231891	0.2	80	199.248	0
0.0613333	0.000253358	0.2	80	197.89	0
0.0613333	0.000276813	0.2	80	196.412	0
0.0613333	0.000302439	0.2	80	194.803	0
0.0613333	0.000330437	0.2	80	193.053	0
0.0613333	0.000361027	0.2	80	191.15	0
0.0613333	0.000394448	0.2	80	189.083	0
0.0613333	0.000430964	0.2	80	186.837	0
0.0613333	0.00047086	0.2	80	184.399	0
0.0613333	0.00051445	0.2	80	181.754	0
0.0613333	0.000562075	0.2	80	178.886	0
0.0613333	0.000614108	0.2	80	175.78	0
0.0613333	0.000670959	0.2	80	172.419	0
0.0613333	0.000733073	0.2	80	168.784	0
0.0613333	0.000800936	0.2	80	164.859	0
0.0613333	0.000875083	0.2	80	160.624	0
0.0613333	0.000956093	0.2	80	156.063	0
0.0613333	0.0010446	0.2	80	151.156	0
0.0613333	0.00114131	0.2	80	145.888	0
0.0613333	0.00124696	0.2	80	140.243	0
0.0613333	0.0013624	0.2	80	134.207	0
0.0613333	0.00148852	0.2	80	127.77	0
0.0613333	0.00162632	0.2	80	120.924	0
0.0613333	0.00177687	0.2	80	113.669	0
0.0613333	0.00194137	0.2	80	106.011	0
0.0613333	0.00212109	0.2	80	97.9623	0
0.0613333	0.00231745	0.2	80	89.5506	0
0.0613333	0.00253198	0.2	80	80.8155	0
0.0613333	0.00276638	0.2	80	71.8154	0
0.0613333	0.00302248	0.2	80	62.631	0
0.0613333	0.00330228	0.2	80	53.371	0
0.0613333	0.00360798	0.2	80	44.1785	0
0.0613333	0.00394199	0.2	80	35.2388	0
0.0613333	0.00430692	0.2	80	26.7891	0
0.0613333	0.00470563	0.2	80	19.13	0
0.0613333	0.00514125	0.2	80	12.6395	0
0.0613333	0.0056172	0.2	80	7.78937	0
0.0613333	0.0061372	0.2	80	5.16563	0
0.0613333	0.00670535	0.2	80	5.49265	0
0.0613333	0.0073261	0.2	80	9.66224	0
0.0613333	0.0080043	0.2	80	18.7686	0
0.0613333	0.0087453	0.2	80	34.1502	0
0.0613333	0.00955489	0.2	80	57.4404	0
0.0613333	0.0104394	0.2	80	90.6272	0
0.0613333	0.0114058	0.2	80	136.126	0
0.0613333	0.0124617	0.2	80	196.867	0
0.0613333	0.0136154	0.2	80	276.398	0
0.0613333	0.0148758	0.2	80	379.007	0
0.0613333	0.0162529	0.2	80	509.877	0
0.0613333	0.0177575	0.2	80	675.256	0
0.0613333	0.0194014	0.2	80	882.678	0
0.0613333	0.0211975	0.2	80	1141.21	0
0.0613333	0.0231598	0.2	80	1461.77	0
0.0613333	0.0253038	0.2	80	1857.47	0
0.0613333	0.0276463	0.2	80	2344.08	0
0.0613333	0.0302057	0.2	80	2940.53	0
0.0613333	0.0330019	0.2	80	3669.53	0
0.0613333	0.0360571	0.2	80	4558.32	0
0.0613333	0.039395	0.2	80	5639.59	0
0.0613333	0.043042	0.2	80	6952.49	0
0.0613333	0.0470266	0.2	80	8543.92	0
0.0613333	0.05138	0.2	80	10470.1	0
0.0613333	0.0561365	0.2	80	12798.3	0
0.0613333	0.0613333	0.2	80	15609	0
0.0613333	0.0670111	0.2	80	18998.7	0
0.0613333	0.0732147	0.2	80	23082.6	0
0.0613333	0.0799925	0.2	80	27998.6	0
0.0613333	0.0873977	0.2	80	33911.8	0
0.0613333	0.0954885	0.2	80	41019.3	0
0.0613333	0.104328	0.2	80	49557.1	0
0.0613333	0.113986	0.2	80	59806.8	0
0.0613333	0.124539	0.2	80	72105.6	0
0.0613333	0.136068	0.2	80	86856	0
0.0613333	0.148664	0.2	80	104539	0
0.0613333	0.162426	0.2	80	125730	0
0.0613333	0.177463	0.2	80	151115	0
0.0613333	0.193892	0.2	80	181514	0
0.0613333	0.211841	0.2	80	217908	0
0.0613333	0.231452	0.2	80	261466	0
0.0613333	0.252878	0.2	80	313587	0
0.0613333	0.276288	0.2	80	375940	0
0.0613333	0.301866	0.2	80	450516	0
0.0613333	0.329811	0.2	80	539697	0
0.0613333	0.360343	0.2	80	646324	0
0.0613333	0.393701	0.2	80	773790	0
0.0613333	0.430148	0.2	80	926144	0
0.0613333	0.469968	0.2	80	1.10822e+06	0
0.0613333	0.513475	0.2	80	1.3258e+06	0
0.0613333	0.56101	0.2	80	1.58577e+06	0
0.0613333	0.612945	0.2	80	1.89636e+06	0
0.0613333	0.669688	0.2	80	2.2674e+06	0
0.0670111	0.000104526	0.2	80	206.766	0
0.0670111	0.000114203	0.2	80	206.089	0
0.0670111	0.000124775	0.2	80	205.35	0
0.0670111	0.000136326	0.2	80	204.545	0
0.0670111	0.000148946	0.2	80	203.666	0
0.0670111	0.000162735	0.2	80	202.709	0
0.0670111	0.0001778	0.2	80	201.666	0
0.0670111	0.00019426	0.2	80	200.529	0
0.0670111	0.000212243	0.2	80	199.291	0
0.0670111	0.000231891	0.2	80	197.943	0
0.0670111	0.000253358	0.2	80	196.475	0
0.0670111	0.000276813	0.2	80	194.878	0
0.0670111	0.000302439	0.2	80	193.141	0
0.0670111	0.000330437	0.2	80	191.253	0
0.0670111	0.000361027	0.2	80	189.201	0
0.0670111	0.000394448	0.2	80	186.972	0
0.0670111	0.000430964	0.2	80	184.552	0
0.0670111	0.00047086	0.2	80	181.927	0
0.0670111	0.00051445	0.2	80	179.082	0
0.0670111	0.000562075	0.2	80	175.999	0
0.0670111	0.000614108	0.2	80	172.664	0
0.0670111	0.000670959	0.2	80	169.058	0
0.0670111	0.000733073	0.2	80	165.164	0
0.0670111	0.000800936	0.2	80	160.963	0
0.0670111	0.000875083	0.2	80	156.439	0
0.0670111	0.000956093	0.2	80	151.573	0
0.0670111	0.0010446	0.2	80	146.349	0
0.0670111	0.00114131	0.2	80	140.752	0
0.0670111	0.00124696	0.2	80	134.769	0
0.0670111	0.0013624	0.2	80	128.389	0
0.0670111	0.00148852	0.2	80	121.607	0
0.0670111	0.00162632	0.2	80	114.421	0
0.0670111	0.00177687	0.2	80	106.837	0
0.0670111	0.00194137	0.2	80	98.8702	0
0.0670111	0.00212109	0.2	80	90.5476	0
0.0670111	0.00231745	0.2	80	81.9097	0
0.0670111	0.00253198	0.2	80	73.0156	0
0.0670111	0.00276638	0.2	80	63.9469	0
0.0670111	0.00302248	0.2	80	54.8129	0
0.0670111	0.00330228	0.2	80	45.7577	0
0.0670111	0.00360798	0.2	80	36.9676	0
0.0670111	0.00394199	0.2	80	28.681	0
0.0670111	0.00430692	0.2	80	21.1995	0
0.0670111	0.00470563	0.2	80	14.9023	0
0.0670111	0.00514125	0.2	80	10.2626	0
0.0670111	0.0056172	0.2	80	7.86779	0
0.0670111	0.0061372	0.2	80	8.44383	0
0.0670111	0.00670535	0.2	80	12.8841	0
0.0670111	0.0073261	0.2	80	22.2847	0
0.0670111	0.0080043	0.2	80	37.9859	0
0.0670111	0.0087453	0.2	80	61.6229	0
0.0670111	0.00955489	0.2	80	95.186	0
0.0670111	0.0104394	0.2	80	141.093	0
0.0670111	0.0114058	0.2	80	202.276	0
0.0670111	0.0124617	0.2	80	282.285	0
0.0670111	0.0136154	0.2	80	385.412	0
0.0670111	0.0148758	0.2	80	516.841	0
0.0670111	0.0162529	0.2	80	682.824	0
0.0670111	0.0177575	0.2	80	890.897	0
0.0670111	0.0194014	0.2	80	1150.13	0
0.0670111	0.0211975	0.2	80	1471.45	0
0.0670111	0.0231598	0.2	80	1867.96	0
0.0670111	0.0253038	0.2	80	2355.44	0
0.0670111	0.0276463	0.2	80	2952.82	0
0.0670111	0.0302057	0.2	80	3682.81	0
0.0670111	0.0330019	0.2	80	4572.66	0
0.0670111	0.0360571	0.2	80	5655.06	0
0.0670111	0.039395	0.2	80	6969.16	0
0.0670111	0.043042	0.2	80	8561.87	0
0.0670111	0.0470266	0.2	80	10489.4	0
0.0670111	0.05138	0.2	80	12819	0
0.0670111	0.0561365	0.2	80	15631.2	0
0.0670111	0.0613333	0.2	80	19022.5	0
0.0670111	0.0670111	0.2	80	23108	0
0.0670111	0.0732147	0.2	80	28025.8	0
0.0670111	0.0799925	0.2	80	33940.7	0
0.0670111	0.0873977	0.2	80	41050.1	0
0.0670111	0.0954885	0.2	80	49589.8	0
0.0670111	0.104328	0.2	80	59841.6	0
0.0670111	0.113986	0.2	80	72142.6	0
0.0670111	0.124539	0.2	80	86895.3	0
0.0670111	0.136068	0.2	80	104581	0
0.0670111	0.148664	0.2	80	125774	0
0.0670111	0.162426	0.2	80	151162	0
0.0670111	0.177463	0.2	80	181565	0
0.0670111	0.193892	0.2	80	217963	0
0.0670111	0.211841	0.2	80	261527	0
0.0670111	0.231452	0.2	80	313654	0
0.0670111	0.252878	0.2	80	376014	0
0.0670111	0.276288	0.2	80	450601	0
0.0670111	0.301866	0.2	80	539795	0
0.0670111	0.329811	0.2	80	646439	0
0.0670111	0.360343	0.2	80	773927	0
0.0670111	0.393701	0.2	80	926312	0
0.0670111	0.430148	0.2	80	1.10843e+06	0
0.0670111	0.469968	0.2	80	1.32606e+06	0
0.0670111	0.513475	0.2	80	1.58609e+06	0
0.0670111	0.56101	0.2	80	1.89676e+06	0
0.0670111	0.612945	0.2	80	2.2679e+06	0
0.0670111	0.669688	0.2	80	2.71124e+06	0
0.0732147	0.000104526	0.2	80	206.776	0
0.0732147	0.000114203	0.2	80	206.043	0
0.0732147	0.000124775	0.2	80	205.243	0
0.0732147	0.000136326	0.2	80	204.372	0
0.0732147	0.000148946	0.2	80	203.422	0
0.0732147	0.000162735	0.2	80	202.387	0
0.0732147	0.0001778	0.2	80	201.259	0
0.0732147	0.00019426	0.2	80	200.031	0
0.0732147	0.000212243	0.2	80	198.693	0
0.0732147	0.000231891	0.2	80	197.238	0
0.0732147	0.000253358	0.2	80	195.653	0
0.0732147	0.000276813	0.2	80	193.93	0
0.0732147	0.000302439	0.2	80	192.057	0
0.0732147	0.000330437	0.2	80	190.021	0
0.0732147	0.000361027	0.2	80	187.81	0
0.0732147	0.000394448	0.2	80	185.411	0
0.0732147	0.000430964	0.2	80	182.807	0
0.0732147	0.00047086	0.2	80	179.985	0
0.0732147	0.00051445	0.2	80	176.929	0
0.0732147	0.000562075	0.2	80	173.622	0
0.0732147	0.000614108	0.2	80	170.047	0
0.0732147	0.000670959	0.2	80	166.186	0
0.0732147	0.000733073	0.2	80	162.022	0
0.0732147	0.000800936	0.2	80	157.538	0
0.0732147	0.000875083	0.2	80	152.716	0
0.0732147	0.000956093	0.2	80	147.54	0
0.0732147	0.0010446	0.2	80	141.995	0
0.0732147	0.00114131	0.2	80	136.069	0
0.0732147	0.00124696	0.2	80	129.751	0
0.0732147	0.0013624	0.2	80	123.037	0
0.0732147	0.00148852	0.2	80	115.925	0
0.0732147	0.00162632	0.2	80	108.421	0
0.0732147	0.00177687	0.2	80	100.543	0
0.0732147	0.00194137	0.2	80	92.3169	0
0.0732147	0.00212109	0.2	80	83.7841	0
0.0732147	0.00231745	0.2	80	75.0047	0
0.0732147	0.00253198	0.2	80	66.0609	0
0.0732147	0.00276638	0.2	80	57.0633	0
0.0732147	0.00302248	0.2	80	48.1568	0
0.0732147	0.00330228	0.2	80	39.5289	0
0.0732147	0.00360798	0.2	80	31.4189	0
0.0732147	0.00394199	0.2	80	24.1301	0
0.0732147	0.00430692	0.2	80	18.0427	0
0.0732147	0.00470563	0.2	80	13.6315	0
0.0732147	0.00514125	0.2	80	11.4856	0
0.0732147	0.0056172	0.2	80	12.3327	0
0.0732147	0.0061372	0.2	80	17.0679	0
0.0732147	0.00670535	0.2	80	26.7892	0
0.0732147	0.0073261	0.2	80	42.8392	0
0.0732147	0.0080043	0.2	80	66.8554	0
0.0732147	0.0087453	0.2	80	100.831	0
0.0732147	0.00955489	0.2	80	147.185	0
0.0732147	0.0104394	0.2	80	208.854	0
0.0732147	0.0114058	0.2	80	289.389	0
0.0732147	0.0124617	0.2	80	393.087	0
0.0732147	0.0136154	0.2	80	525.134	0
0.0732147	0.0148758	0.2	80	691.787	0
0.0732147	0.0162529	0.2	80	900.583	0
0.0732147	0.0177575	0.2	80	1160.6	0
0.0732147	0.0194014	0.2	80	1482.76	0
0.0732147	0.0211975	0.2	80	1880.18	0
0.0732147	0.0231598	0.2	80	2368.64	0
0.0732147	0.0253038	0.2	80	2967.07	0
0.0732147	0.0276463	0.2	80	3698.19	0
0.0732147	0.0302057	0.2	80	4589.26	0
0.0732147	0.0330019	0.2	80	5672.96	0
0.0732147	0.0360571	0.2	80	6988.45	0
0.0732147	0.039395	0.2	80	8582.64	0
0.0732147	0.043042	0.2	80	10511.7	0
0.0732147	0.0470266	0.2	80	12843	0
0.0732147	0.05138	0.2	80	15657	0
0.0732147	0.0561365	0.2	80	19050.2	0
0.0732147	0.0613333	0.2	80	23137.7	0
0.0732147	0.0670111	0.2	80	28057.6	0
0.0732147	0.0732147	0.2	80	33974.8	0
0.0732147	0.0799925	0.2	80	41086.5	0
0.0732147	0.0873977	0.2	80	49628.7	0
0.0732147	0.0954885	0.2	80	59883.1	0
0.0732147	0.104328	0.2	80	72186.8	0
0.0732147	0.113986	0.2	80	86942.4	0
0.0732147	0.124539	0.2	80	104631	0
0.0732147	0.136068	0.2	80	125828	0
0.0732147	0.148664	0.2	80	151220	0
0.0732147	0.162426	0.2	80	181627	0
0.0732147	0.177463	0.2	80	218029	0
0.0732147	0.193892	0.2	80	261599	0
0.0732147	0.211841	0.2	80	313732	0
0.0732147	0.231452	0.2	80	376100	0
0.0732147	0.252878	0.2	80	450697	0
0.0732147	0.276288	0.2	80	539904	0
0.0732147	0.301866	0.2	80	646563	0
0.0732147	0.329811	0.2	80	774071	0
0.0732147	0.360343	0.2	80	926481	0
0.0732147	0.393701	0.2	80	1.10863e+06	0
0.0732147	0.430148	0.2	80	1.3263e+06	0
0.0732147	0.469968	0.2	80	1.58639e+06	0
0.0732147	0.513475	0.2	80	1.89713e+06	0
0.0732147	0.56101	0.2	80	2.26835e+06	0
0.0732147	0.612945	0.2	80	2.7118e+06	0
0.0732147	0.669688	0.2	80	3.24148e+06	0
0.0799925	0.000104526	0.2	80	207.592	0
0.0799925	0.000114203	0.2	80	206.799	0
0.0799925	0.000124775	0.2	80	205.935	0
0.0799925	0.000136326	0.2	80	204.993	0
0.0799925	0.000148946	0.2	80	203.967	0
0.0799925	0.000162735	0.2	80	202.849	0
0.0799925	0.0001778	0.2	80	201.631	0
0.0799925	0.00019426	0.2	80	200.305	0
0.0799925	0.000212243	0.2	80	198.862	0
0.0799925	0.000231891	0.2	80	197.291	0
0.0799925	0.000253358	0.2	80	195.583	0
0.0799925	0.000276813	0.2	80	193.726	0
0.0799925	0.000302439	0.2	80	191.708	0
0.0799925	0.000330437	0.2	80	189.517	0
0.0799925	0.000361027	0.2	80	187.138	0
0.0799925	0.000394448	0.2	80	184.558	0
0.0799925	0.000430964	0.2	80	181.762	0
0.0799925	0.00047086	0.2	80	178.734	0
0.0799925	0.00051445	0.2	80	175.457	0
0.0799925	0.000562075	0.2	80	171.914	0
0.0799925	0.000614108	0.2	80	168.09	0
0.0799925	0.000670959	0.2	80	163.966	0
0.0799925	0.000733073	0.2	80	159.524	0
0.0799925	0.000800936	0.2	80	154.749	0
0.0799925	0.000875083	0.2	80	149.625	0
0.0799925	0.000956093	0.2	80	144.136	0
0.0799925	0.0010446	0.2	80	138.272	0
0.0799925	0.00114131	0.2	80	132.021	0
0.0799925	0.00124696	0.2	80	125.379	0
0.0799925	0.0013624	0.2	80	118.347	0
0.0799925	0.00148852	0.2	80	110.931	0
0.0799925	0.00162632	0.2	80	103.148	0
0.0799925	0.00177687	0.2	80	95.0256	0
0.0799925	0.00194137	0.2	80	86.6061	0
0.0799925	0.00212109	0.2	80	77.9503	0
0.0799925	0.00231745	0.2	80	69.1415	0
0.0799925	0.00253198	0.2	80	60.2912	0
0.0799925	0.00276638	0.2	80	51.5453	0
0.0799925	0.00302248	0.2	80	43.0925	0
0.0799925	0.00330228	0.2	80	35.1736	0
0.0799925	0.00360798	0.2	80	28.093	0
0.0799925	0.00394199	0.2	80	22.2327	0
0.0799925	0.00430692	0.2	80	18.069	0
0.0799925	0.00470563	0.2	80	16.1928	0
0.0799925	0.00514125	0.2	80	17.3336	0
0.0799925	0.0056172	0.2	80	22.3888	0
0.0799925	0.0061372	0.2	80	32.4585	0
0.0799925	0.00670535	0.2	80	48.8877	0
0.0799925	0.0073261	0.2	80	73.3166	0
0.0799925	0.0080043	0.2	80	107.741	0
0.0799925	0.0087453	0.2	80	154.583	0
0.0799925	0.00955489	0.2	80	216.782	0
0.0799925	0.0104394	0.2	80	297.893	0
0.0799925	0.0114058	0.2	80	402.217	0
0.0799925	0.0124617	0.2	80	534.942	0
0.0799925	0.0136154	0.2	80	702.331	0
0.0799925	0.0148758	0.2	80	911.925	0
0.0799925	0.0162529	0.2	80	1172.81	0
0.0799925	0.0177575	0.2	80	1495.9	0
0.0799925	0.0194014	0.2	80	1894.33	0
0.0799925	0.0211975	0.2	80	2383.88	0
0.0799925	0.0231598	0.2	80	2983.49	0
0.0799925	0.0253038	0.2	80	3715.88	0
0.0799925	0.0276463	0.2	80	4608.32	0
0.0799925	0.0302057	0.2	80	5693.48	0
0.0799925	0.0330019	0.2	80	7010.55	0
0.0799925	0.0360571	0.2	80	8606.43	0
0.0799925	0.039395	0.2	80	10537.3	0
0.0799925	0.043042	0.2	80	12870.6	0
0.0799925	0.0470266	0.2	80	15686.7	0
0.0799925	0.05138	0.2	80	19082	0
0.0799925	0.0561365	0.2	80	23171.9	0
0.0799925	0.0613333	0.2	80	28094.2	0
0.0799925	0.0670111	0.2	80	34014.1	0
0.0799925	0.0732147	0.2	80	41128.7	0
0.0799925	0.0799925	0.2	80	49673.8	0
0.0799925	0.0873977	0.2	80	59931.4	0
0.0799925	0.0954885	0.2	80	72238.5	0
0.0799925	0.104328	0.2	80	86997.7	0
0.0799925	0.113986	0.2	80	104690	0
0.0799925	0.124539	0.2	80	125891	0
0.0799925	0.136068	0.2	80	151287	0
0.0799925	0.148664	0.2	80	181699	0
0.0799925	0.162426	0.2	80	218108	0
0.0799925	0.177463	0.2	80	261683	0
0.0799925	0.193892	0.2	80	313824	0
0.0799925	0.211841	0.2	80	376200	0
0.0799925	0.231452	0.2	80	450806	0
0.0799925	0.252878	0.2	80	540025	0
0.0799925	0.276288	0.2	80	646699	0
0.0799925	0.301866	0.2	80	774225	0
0.0799925	0.329811	0.2	80	926658	0
0.0799925	0.360343	0.2	80	1.10884e+06	0
0.0799925	0.393701	0.2	80	1.32655e+06	0
0.0799925	0.430148	0.2	80	1.58668e+06	0
0.0799925	0.469968	0.2	80	1.89748e+06	0
0.0799925	0.513475	0.2	80	2.26878e+06	0
0.0799925	0.56101	0.2	80	2.71232e+06	0
0.0799925	0.612945	0.2	80	3.24212e+06	0
0.0799925	0.669688	0.2	80	3.87491e+06	0
0.0873977	0.000104526	0.2	80	209.399	0
0.0873977	0.000114203	0.2	80	208.543	0
0.0873977	0.000124775	0.2	80	207.61	0
0.0873977	0.000136326	0.2	80	206.593	0
0.0873977	0.000148946	0.2	80	205.485	0
0.0873977	0.000162735	0.2	80	204.279	0
0.0873977	0.0001778	0.2	80	202.965	0
0.0873977	0.00019426	0.2	80	201.535	0
0.0873977	0.000212243	0.2	80	199.979	0
0.0873977	0.000231891	0.2	80	198.287	0
0.0873977	0.000253358	0.2	80	196.448	0
0.0873977	0.000276813	0.2	80	194.449	0
0.0873977	0.000302439	0.2	80	192.279	0
0.0873977	0.000330437	0.2	80	189.923	0
0.0873977	0.000361027	0.2	80	187.368	0
0.0873977	0.000394448	0.2	80	184.599	0
0.0873977	0.000430964	0.2	80	181.6	0
0.0873977	0.00047086	0.2	80	178.356	0
0.0873977	0.00051445	0.2	80	174.849	0
0.0873977	0.000562075	0.2	80	171.064	0
0.0873977	0.000614108	0.2	80	166.982	0
0.0873977	0.000670959	0.2	80	162.587	0
0.0873977	0.000733073	0.2	80	157.863	0
0.0873977	0.000800936	0.2	80	152.794	0
0.0873977	0.000875083	0.2	80	147.365	0
0.0873977	0.000956093	0.2	80	141.566	0
0.0873977	0.0010446	0.2	80	135.388	0
0.0873977	0.00114131	0.2	80	128.825	0
0.0873977	0.00124696	0.2	80	121.878	0
0.0873977	0.0013624	0.2	80	114.556	0
0.0873977	0.00148852	0.2	80	106.876	0
0.0873977	0.00162632	0.2	80	98.8647	0
0.0873977	0.00177687	0.2	80	90.5672	0
0.0873977	0.00194137	0.2	80	82.0446	0
0.0873977	0.00212109	0.2	80	73.381	0
0.0873977	0.00231745	0.2	80	64.6892	0
0.0873977	0.00253198	0.2	80	56.1163	0
0.0873977	0.00276638	0.2	80	47.8523	0
0.0873977	0.00302248	0.2	80	40.1394	0
0.0873977	0.00330228	0.2	80	33.2834	0
0.0873977	0.00360798	0.2	80	27.6681	0
0.0873977	0.00394199	0.2	80	23.7716	0
0.0873977	0.00430692	0.2	80	22.1866	0
0.0873977	0.00470563	0.2	80	23.6449	0
0.0873977	0.00514125	0.2	80	29.0461	0
0.0873977	0.0056172	0.2	80	39.4928	0
0.0873977	0.0061372	0.2	80	56.3327	0
0.0873977	0.00670535	0.2	80	81.2087	0
0.0873977	0.0073261	0.2	80	116.119	0
0.0873977	0.0080043	0.2	80	163.492	0
0.0873977	0.0087453	0.2	80	226.267	0
0.0873977	0.00955489	0.2	80	308.005	0
0.0873977	0.0104394	0.2	80	413.01	0
0.0873977	0.0114058	0.2	80	546.476	0
0.0873977	0.0124617	0.2	80	714.668	0
0.0873977	0.0136154	0.2	80	925.135	0
0.0873977	0.0148758	0.2	80	1186.96	0
0.0873977	0.0162529	0.2	80	1511.08	0
0.0873977	0.0177575	0.2	80	1910.63	0
0.0873977	0.0194014	0.2	80	2401.38	0
0.0873977	0.0211975	0.2	80	3002.29	0
0.0873977	0.0231598	0.2	80	3736.09	0
0.0873977	0.0253038	0.2	80	4630.05	0
0.0873977	0.0276463	0.2	80	5716.85	0
0.0873977	0.0302057	0.2	80	7035.68	0
0.0873977	0.0330019	0.2	80	8633.47	0
0.0873977	0.0360571	0.2	80	10566.4	0
0.0873977	0.039395	0.2	80	12901.9	0
0.0873977	0.043042	0.2	80	15720.3	0
0.0873977	0.0470266	0.2	80	19118.1	0
0.0873977	0.05138	0.2	80	23210.7	0
0.0873977	0.0561365	0.2	80	28136	0
0.0873977	0.0613333	0.2	80	34058.9	0
0.0873977	0.0670111	0.2	80	41176.8	0
0.0873977	0.0732147	0.2	80	49725.5	0
0.0873977	0.0799925	0.2	80	59986.8	0
0.0873977	0.0873977	0.2	80	72297.9	0
0.0873977	0.0954885	0.2	80	87061.4	0
0.0873977	0.104328	0.2	80	104759	0
0.0873977	0.113986	0.2	80	125964	0
0.0873977	0.124539	0.2	80	151366	0
0.0873977	0.136068	0.2	80	181784	0
0.0873977	0.148664	0.2	80	218198	0
0.0873977	0.162426	0.2	80	261780	0
0.0873977	0.177463	0.2	80	313929	0
0.0873977	0.193892	0.2	80	376314	0
0.0873977	0.211841	0.2	80	450931	0
0.0873977	0.231452	0.2	80	540161	0
0.0873977	0.252878	0.2	80	646850	0
0.0873977	0.276288	0.2	80	774393	0
0.0873977	0.301866	0.2	80	926848	0
0.0873977	0.329811	0.2	80	1.10905e+06	0
0.0873977	0.360343	0.2	80	1.32679e+06	0
0.0873977	0.393701	0.2	80	1.58697e+06	0
0.0873977	0.430148	0.2	80	1.89783e+06	0
0.0873977	0.469968	0.2	80	2.26919e+06	0
0.0873977	0.513475	0.2	80	2.71282e+06	0
0.0873977	0.56101	0.2	80	3.24272e+06	0
0.0873977	0.612945	0.2	80	3.87564e+06	0
0.0873977	0.669688	0.2	80	4.63156e+06	0
0.0954885	0.000104526	0.2	80	212.408	0
0.0954885	0.000114203	0.2	80	211.484	0
0.0954885	0.000124775	0.2	80	210.477	0
0.0954885	0.000136326	0.2	80	209.381	0
0.0954885	0.000148946	0.2	80	208.186	0
0.0954885	0.000162735	0.2	80	206.886	0
0.0954885	0.0001778	0.2	80	205.47	0
0.0954885	0.00019426	0.2	80	203.93	0
0.0954885	0.000212243	0.2	80	202.256	0
0.0954885	0.000231891	0.2	80	200.435	0
0.0954885	0.000253358	0.2	80	198.457	0
0.0954885	0.000276813	0.2	80	196.309	0
0.0954885	0.000302439	0.2	80	193.978	0
0.0954885	0.000330437	0.2	80	191.449	0
0.0954885	0.000361027	0.2	80	188.71	0
0.0954885	0.000394448	0.2	80	185.743	0
0.0954885	0.000430964	0.2	80	182.533	0
0.0954885	0.00047086	0.2	80	179.065	0
0.0954885	0.00051445	0.2	80	175.321	0
0.0954885	0.000562075	0.2	80	171.284	0
0.0954885	0.000614108	0.2	80	166.939	0
0.0954885	0.000670959	0.2	80	162.269	0
0.0954885	0.000733073	0.2	80	157.259	0
0.0954885	0.000800936	0.2	80	151.896	0
0.0954885	0.000875083	0.2	80	146.168	0
0.0954885	0.000956093	0.2	80	140.067	0
0.0954885	0.0010446	0.2	80	133.588	0
0.0954885	0.00114131	0.2	80	126.734	0
0.0954885	0.00124696	0.2	80	119.512	0
0.0954885	0.0013624	0.2	80	111.941	0
0.0954885	0.00148852	0.2	80	104.05	0
0.0954885	0.00162632	0.2	80	95.8838	0
0.0954885	0.00177687	0.2	80	87.5041	0
0.0954885	0.00194137	0.2	80	78.9966	0
0.0954885	0.00212109	0.2	80	70.4751	0
0.0954885	0.00231745	0.2	80	62.0882	0
0.0954885	0.00253198	0.2	80	54.0271	0
0.0954885	0.00276638	0.2	80	46.5356	0
0.0954885	0.00302248	0.2	80	39.9212	0
0.0954885	0.00330228	0.2	80	34.5695	0
0.0954885	0.00360798	0.2	80	30.9605	0
0.0954885	0.00394199	0.2	80	29.6892	0
0.0954885	0.00430692	0.2	80	31.4895	0
0.0954885	0.00470563	0.2	80	37.2636	0
0.0954885	0.00514125	0.2	80	48.1168	0
0.0954885	0.0056172	0.2	80	65.3997	0
0.0954885	0.0061372	0.2	80	90.7585	0
0.0954885	0.00670535	0.2	80	126.195	0
0.0954885	0.0073261	0.2	80	174.14	0
0.0954885	0.0080043	0.2	80	237.539	0
0.0954885	0.0087453	0.2	80	319.957	0
0.0954885	0.00955489	0.2	80	425.7	0
0.0954885	0.0104394	0.2	80	559.969	0
0.0954885	0.0114058	0.2	80	729.035	0
0.0954885	0.0124617	0.2	80	940.451	0
0.0954885	0.0136154	0.2	80	1203.31	0
0.0954885	0.0148758	0.2	80	1528.55	0
0.0954885	0.0162529	0.2	80	1929.31	0
0.0954885	0.0177575	0.2	80	2421.38	0
0.0954885	0.0194014	0.2	80	3023.72	0
0.0954885	0.0211975	0.2	80	3759.07	0
0.0954885	0.0231598	0.2	80	4654.7	0
0.0954885	0.0253038	0.2	80	5743.31	0
0.0954885	0.0276463	0.2	80	7064.1	0
0.0954885	0.0302057	0.2	80	8664	0
0.0954885	0.0330019	0.2	80	10599.2	0
0.0954885	0.0360571	0.2	80	12937.1	0
0.0954885	0.039395	0.2	80	15758.2	0
0.0954885	0.043042	0.2	80	19158.9	0
0.0954885	0.0470266	0.2	80	23254.5	0
0.0954885	0.05138	0.2	80	28183.1	0
0.0954885	0.0561365	0.2	80	34109.5	0
0.0954885	0.0613333	0.2	80	41231.2	0
0.0954885	0.0670111	0.2	80	49783.9	0
0.0954885	0.0732147	0.2	80	60049.6	0
0.0954885	0.0799925	0.2	80	72365.3	0
0.0954885	0.0873977	0.2	80	87133.7	0
0.0954885	0.0954885	0.2	80	104836	0
0.0954885	0.104328	0.2	80	126048	0
0.0954885	0.113986	0.2	80	151455	0
0.0954885	0.124539	0.2	80	181880	0
0.0954885	0.136068	0.2	80	218301	0
0.0954885	0.148664	0.2	80	261892	0
0.0954885	0.162426	0.2	80	314049	0
0.0954885	0.177463	0.2	80	376444	0
0.0954885	0.193892	0.2	80	451071	0
0.0954885	0.211841	0.2	80	540314	0
0.0954885	0.231452	0.2	80	647018	0
0.0954885	0.252878	0.2	80	774579	0
0.0954885	0.276288	0.2	80	927053	0
0.0954885	0.301866	0.2	80	1.10929e+06	0
0.0954885	0.329811	0.2	80	1.32706e+06	0
0.0954885	0.360343	0.2	80	1.58727e+06	0
0.0954885	0.393701	0.2	80	1.89817e+06	0
0.0954885	0.430148	0.2	80	2.2696e+06	0
0.0954885	0.469968	0.2	80	2.7133e+06	0
0.0954885	0.513475	0.2	80	3.2433e+06	0
0.0954885	0.56101	0.2	80	3.87634e+06	0
0.0954885	0.612945	0.2	80	4.6324e+06	0
0.0954885	0.669688	0.2	80	5.53535e+06	0
0.104328	0.000104526	0.2	80	216.854	0
0.104328	0.000114203	0.2	80	215.858	0
0.104328	0.000124775	0.2	80	214.773	0
0.104328	0.000136326	0.2	80	213.592	0
0.104328	0.000148946	0.2	80	212.305	0
0.104328	0.000162735	0.2	80	210.905	0
0.104328	0.0001778	0.2	80	209.382	0
0.104328	0.00019426	0.2	80	207.726	0
0.104328	0.000212243	0.2	80	205.925	0
0.104328	0.000231891	0.2	80	203.969	0
0.104328	0.000253358	0.2	80	201.845	0
0.104328	0.000276813	0.2	80	199.54	0
0.104328	0.000302439	0.2	80	197.04	0
0.104328	0.000330437	0.2	80	194.332	0
0.104328	0.000361027	0.2	80	191.399	0
0.104328	0.000394448	0.2	80	188.227	0
0.104328	0.000430964	0.2	80	184.8	0
0.104328	0.00047086	0.2	80	181.1	0
0.104328	0.00051445	0.2	80	177.113	0
0.104328	0.000562075	0.2	80	172.821	0
0.104328	0.000614108	0.2	80	168.209	0
0.104328	0.000670959	0.2	80	163.262	0
0.104328	0.000733073	0.2	80	157.968	0
0.104328	0.000800936	0.2	80	152.316	0
0.104328	0.000875083	0.2	80	146.297	0
0.104328	0.000956093	0.2	80	139.909	0
0.104328	0.0010446	0.2	80	133.153	0
0.104328	0.00114131	0.2	80	126.039	0
0.104328	0.00124696	0.2	80	118.586	0
0.104328	0.0013624	0.2	80	110.824	0
0.104328	0.00148852	0.2	80	102.797	0
0.104328	0.00162632	0.2	80	94.5707	0
0.104328	0.00177687	0.2	80	86.2305	0
0.104328	0.00194137	0.2	80	77.8916	0
0.104328	0.00212109	0.2	80	69.7039	0
0.104328	0.00231745	0.2	80	61.8603	0
0.104328	0.00253198	0.2	80	54.6062	0
0.104328	0.00276638	0.2	80	48.251	0
0.104328	0.00302248	0.2	80	43.1821	0
0.104328	0.00330228	0.2	80	39.8817	0
0.104328	0.00360798	0.2	80	38.9471	0
0.104328	0.00394199	0.2	80	41.1146	0
0.104328	0.00430692	0.2	80	47.2893	0
0.104328	0.00470563	0.2	80	58.5795	0
0.104328	0.00514125	0.2	80	76.3388	0
0.104328	0.0056172	0.2	80	102.217	0
0.104328	0.0061372	0.2	80	138.22	0
0.104328	0.00670535	0.2	80	186.782	0
0.104328	0.0073261	0.2	80	250.853	0
0.104328	0.0080043	0.2	80	334.003	0
0.104328	0.0087453	0.2	80	440.543	0
0.104328	0.00955489	0.2	80	575.681	0
0.104328	0.0104394	0.2	80	745.691	0
0.104328	0.0114058	0.2	80	958.135	0
0.104328	0.0124617	0.2	80	1222.11	0
0.104328	0.0136154	0.2	80	1548.56	0
0.104328	0.0148758	0.2	80	1950.64	0
0.104328	0.0162529	0.2	80	2444.15	0
0.104328	0.0177575	0.2	80	3048.04	0
0.104328	0.0194014	0.2	80	3785.08	0
0.104328	0.0211975	0.2	80	4682.54	0
0.104328	0.0231598	0.2	80	5773.14	0
0.104328	0.0253038	0.2	80	7096.08	0
0.104328	0.0276463	0.2	80	8698.3	0
0.104328	0.0302057	0.2	80	10636.1	0
0.104328	0.0330019	0.2	80	12976.6	0
0.104328	0.0360571	0.2	80	15800.7	0
0.104328	0.039395	0.2	80	19204.5	0
0.104328	0.043042	0.2	80	23303.6	0
0.104328	0.0470266	0.2	80	28235.8	0
0.104328	0.05138	0.2	80	34166.2	0
0.104328	0.0561365	0.2	80	41292.1	0
0.104328	0.0613333	0.2	80	49849.3	0
0.104328	0.0670111	0.2	80	60119.9	0
0.104328	0.0732147	0.2	80	72440.9	0
0.104328	0.0799925	0.2	80	87215	0
0.104328	0.0873977	0.2	80	104923	0
0.104328	0.0954885	0.2	80	126142	0
0.104328	0.104328	0.2	80	151556	0
0.104328	0.113986	0.2	80	181988	0
0.104328	0.124539	0.2	80	218418	0
0.104328	0.136068	0.2	80	262017	0
0.104328	0.148664	0.2	80	314184	0
0.104328	0.162426	0.2	80	376590	0
0.104328	0.177463	0.2	80	451230	0
0.104328	0.193892	0.2	80	540486	0
0.104328	0.211841	0.2	80	647205	0
0.104328	0.231452	0.2	80	774783	0
0.104328	0.252878	0.2	80	927278	0
0.104328	0.276288	0.2	80	1.10953e+06	0
0.104328	0.301866	0.2	80	1.32734e+06	0
0.104328	0.329811	0.2	80	1.58759e+06	0
0.104328	0.360343	0.2	80	1.89853e+06	0
0.104328	0.393701	0.2	80	2.27001e+06	0
0.104328	0.430148	0.2	80	2.71378e+06	0
0.104328	0.469968	0.2	80	3.24386e+06	0
0.104328	0.513475	0.2	80	3.877e+06	0
0.104328	0.56101	0.2	80	4.63319e+06	0
0.104328	0.612945	0.2	80	5.5363e+06	0
0.104328	0.669688	0.2	80	6.61481e+06	0
0.113986	0.000104526	0.2	80	222.997	0
0.113986	0.000114203	0.2	80	221.925	0
0.113986	0.000124775	0.2	80	220.757	0
0.113986	0.000136326	0.2	80	219.486	0
0.113986	0.000148946	0.2	80	218.103	0
0.113986	0.000162735	0.2	80	216.597	0
0.113986	0.0001778	0.2	80	214.961	0
0.113986	0.00019426	0.2	80	213.182	0
0.113986	0.000212243	0.2	80	211.249	0
0.113986	0.000231891	0.2	80	209.15	0
0.113986	0.000253358	0.2	80	206.874	0
0.113986	0.000276813	0.2	80	204.405	0
0.113986	0.000302439	0.2	80	201.729	0
0.113986	0.000330437	0.2	80	198.833	0
0.113986	0.000361027	0.2	80	195.701	0
0.113986	0.000394448	0.2	80	192.317	0
0.113986	0.000430964	0.2	80	188.665	0
0.113986	0.00047086	0.2	80	184.729	0
0.113986	0.00051445	0.2	80	180.494	0
0.113986	0.000562075	0.2	80	175.944	0
0.113986	0.000614108	0.2	80	171.066	0
0.113986	0.000670959	0.2	80	165.846	0
0.113986	0.000733073	0.2	80	160.274	0
0.113986	0.000800936	0.2	80	154.344	0
0.113986	0.000875083	0.2	80	148.052	0
0.113986	0.000956093	0.2	80	141.401	0
0.113986	0.0010446	0.2	80	134.403	0
0.113986	0.00114131	0.2	80	127.075	0
0.113986	0.00124696	0.2	80	119.45	0
0.113986	0.0013624	0.2	80	111.573	0
0.113986	0.00148852	0.2	80	103.51	0
0.113986	0.00162632	0.2	80	95.3488	0
0.113986	0.00177687	0.2	80	87.2049	0
0.113986	0.00194137	0.2	80	79.2303	0
0.113986	0.00212109	0.2	80	71.6193	0
0.113986	0.00231745	0.2	80	64.619	0
0.113986	0.00253198	0.2	80	58.5409	0
0.113986	0.00276638	0.2	80	53.7745	0
0.113986	0.00302248	0.2	80	50.8043	0
0.113986	0.00330228	0.2	80	50.2299	0
0.113986	0.00360798	0.2	80	52.7906	0
0.113986	0.00394199	0.2	80	59.3943	0
0.113986	0.00430692	0.2	80	71.1524	0
0.113986	0.00470563	0.2	80	89.4223	0
0.113986	0.00514125	0.2	80	115.857	0
0.113986	0.0056172	0.2	80	152.467	0
0.113986	0.0061372	0.2	80	201.691	0
0.113986	0.00670535	0.2	80	266.484	0
0.113986	0.0073261	0.2	80	350.42	0
0.113986	0.0080043	0.2	80	457.817	0
0.113986	0.0087453	0.2	80	593.888	0
0.113986	0.00955489	0.2	80	764.915	0
0.113986	0.0104394	0.2	80	978.466	0
0.113986	0.0114058	0.2	80	1243.65	0
0.113986	0.0124617	0.2	80	1571.41	0
0.113986	0.0136154	0.2	80	1974.92	0
0.113986	0.0148758	0.2	80	2469.97	0
0.113986	0.0162529	0.2	80	3075.55	0
0.113986	0.0177575	0.2	80	3814.42	0
0.113986	0.0194014	0.2	80	4713.86	0
0.113986	0.0211975	0.2	80	5806.62	0
0.113986	0.0231598	0.2	80	7131.89	0
0.113986	0.0253038	0.2	80	8736.66	0
0.113986	0.0276463	0.2	80	10677.2	0
0.113986	0.0302057	0.2	80	13020.7	0
0.113986	0.0330019	0.2	80	15848	0
0.113986	0.0360571	0.2	80	19255.3	0
0.113986	0.039395	0.2	80	23358.1	0
0.113986	0.043042	0.2	80	28294.4	0
0.113986	0.0470266	0.2	80	34229.2	0
0.113986	0.05138	0.2	80	41359.8	0
0.113986	0.0561365	0.2	80	49922.1	0
0.113986	0.0613333	0.2	80	60198.2	0
0.113986	0.0670111	0.2	80	72525	0
0.113986	0.0732147	0.2	80	87305.4	0
0.113986	0.0799925	0.2	80	105021	0
0.113986	0.0873977	0.2	80	126246	0
0.113986	0.0954885	0.2	80	151669	0
0.113986	0.104328	0.2	80	182109	0
0.113986	0.113986	0.2	80	218548	0
0.113986	0.124539	0.2	80	262157	0
0.113986	0.136068	0.2	80	314335	0
0.113986	0.148664	0.2	80	376753	0
0.113986	0.162426	0.2	80	451406	0
0.113986	0.177463	0.2	80	540677	0
0.113986	0.193892	0.2	80	647412	0
0.113986	0.211841	0.2	80	775008	0
0.113986	0.231452	0.2	80	927525	0
0.113986	0.252878	0.2	80	1.10981e+06	0
0.113986	0.276288	0.2	80	1.32763e+06	0
0.113986	0.301866	0.2	80	1.58792e+06	0
0.113986	0.329811	0.2	80	1.8989e+06	0
0.113986	0.360343	0.2	80	2.27043e+06	0
0.113986	0.393701	0.2	80	2.71426e+06	0
0.113986	0.430148	0.2	80	3.24442e+06	0
0.113986	0.469968	0.2	80	3.87765e+06	0
0.113986	0.513475	0.2	80	4.63396e+06	0
0.113986	0.56101	0.2	80	5.53721e+06	0
0.113986	0.612945	0.2	80	6.6159e+06	0
0.113986	0.669688	0.2	80	7.90404e+06	0
0.124539	0.000104526	0.2	80	231.121	0
0.124539	0.000114203	0.2	80	229.968	0
0.124539	0.000124775	0.2	80	228.713	0
0.124539	0.000136326	0.2	80	227.347	0
0.124539	0.000148946	0.2	80	225.861	0
0.124539	0.000162735	0.2	80	224.245	0
0.124539	0.0001778	0.2	80	222.489	0
0.124539	0.00019426	0.2	80	220.581	0
0.124539	0.000212243	0.2	80	218.51	0
0.124539	0.000231891	0.2	80	216.263	0
0.124539	0.000253358	0.2	80	213.826	0
0.124539	0.000276813	0.2	80	211.187	0
0.124539	0.000302439	0.2	80	208.33	0
0.124539	0.000330437	0.2	80	205.24	0
0.124539	0.000361027	0.2	80	201.902	0
0.124539	0.000394448	0.2	80	198.301	0
0.124539	0.000430964	0.2	80	194.421	0
0.124539	0.00047086	0.2	80	190.246	0
0.124539	0.00051445	0.2	80	185.762	0
0.124539	0.000562075	0.2	80	180.955	0
0.124539	0.000614108	0.2	80	175.814	0
0.124539	0.000670959	0.2	80	170.328	0
0.124539	0.000733073	0.2	80	164.492	0
0.124539	0.000800936	0.2	80	158.303	0
0.124539	0.000875083	0.2	80	151.765	0
0.124539	0.000956093	0.2	80	144.888	0
0.124539	0.0010446	0.2	80	137.695	0
0.124539	0.00114131	0.2	80	130.215	0
0.124539	0.00124696	0.2	80	122.499	0
0.124539	0.0013624	0.2	80	114.61	0
0.124539	0.00148852	0.2	80	106.639	0
0.124539	0.00162632	0.2	80	98.7026	0
0.124539	0.00177687	0.2	80	90.9549	0
0.124539	0.00194137	0.2	80	83.5917	0
0.124539	0.00212109	0.2	80	76.862	0
0.124539	0.00231745	0.2	80	71.0793	0
0.124539	0.00253198	0.2	80	66.6354	0
0.124539	0.00276638	0.2	80	64.0172	0
0.124539	0.00302248	0.2	80	63.8272	0
0.124539	0.00330228	0.2	80	66.8073	0
0.124539	0.00360798	0.2	80	73.8688	0
0.124539	0.00394199	0.2	80	86.1264	0
0.124539	0.00430692	0.2	80	104.941	0
0.124539	0.00470563	0.2	80	131.971	0
0.124539	0.00514125	0.2	80	169.23	0
0.124539	0.0056172	0.2	80	219.161	0
0.124539	0.0061372	0.2	80	284.725	0
0.124539	0.00670535	0.2	80	369.502	0
0.124539	0.0073261	0.2	80	477.817	0
0.124539	0.0080043	0.2	80	614.887	0
0.124539	0.0087453	0.2	80	787.004	0
0.124539	0.00955489	0.2	80	1001.74	0
0.124539	0.0104394	0.2	80	1268.21	0
0.124539	0.0114058	0.2	80	1597.38	0
0.124539	0.0124617	0.2	80	2002.42	0
0.124539	0.0136154	0.2	80	2499.15	0
0.124539	0.0148758	0.2	80	3106.54	0
0.124539	0.0162529	0.2	80	3847.37	0
0.124539	0.0177575	0.2	80	4748.97	0
0.124539	0.0194014	0.2	80	5844.05	0
0.124539	0.0211975	0.2	80	7171.86	0
0.124539	0.0231598	0.2	80	8779.36	0
0.124539	0.0253038	0.2	80	10722.8	0
0.124539	0.0276463	0.2	80	13069.6	0
0.124539	0.0302057	0.2	80	15900.4	0
0.124539	0.0330019	0.2	80	19311.5	0
0.124539	0.0360571	0.2	80	23418.4	0
0.124539	0.039395	0.2	80	28359.1	0
0.124539	0.043042	0.2	80	34298.7	0
0.124539	0.0470266	0.2	80	41434.5	0
0.124539	0.05138	0.2	80	50002.4	0
0.124539	0.0561365	0.2	80	60284.6	0
0.124539	0.0613333	0.2	80	72617.9	0
0.124539	0.0670111	0.2	80	87405.4	0
0.124539	0.0732147	0.2	80	105128	0
0.124539	0.0799925	0.2	80	126362	0
0.124539	0.0873977	0.2	80	151793	0
0.124539	0.0954885	0.2	80	182243	0
0.124539	0.104328	0.2	80	218693	0
0.124539	0.113986	0.2	80	262313	0
0.124539	0.124539	0.2	80	314503	0
0.124539	0.136068	0.2	80	376934	0
0.124539	0.148664	0.2	80	451601	0
0.124539	0.162426	0.2	80	540888	0
0.124539	0.177463	0.2	80	647640	0
0.124539	0.193892	0.2	80	775256	0
0.124539	0.211841	0.2	80	927795	0
0.124539	0.231452	0.2	80	1.1101e+06	0
0.124539	0.252878	0.2	80	1.32796e+06	0
0.124539	0.276288	0.2	80	1.58828e+06	0
0.124539	0.301866	0.2	80	1.8993e+06	0
0.124539	0.329811	0.2	80	2.27088e+06	0
0.124539	0.360343	0.2	80	2.71476e+06	0
0.124539	0.393701	0.2	80	3.24499e+06	0
0.124539	0.430148	0.2	80	3.87831e+06	0
0.124539	0.469968	0.2	80	4.63472e+06	0
0.124539	0.513475	0.2	80	5.5381e+06	0
0.124539	0.56101	0.2	80	6.61695e+06	0
0.124539	0.612945	0.2	80	7.90529e+06	0
0.124539	0.669688	0.2	80	9.44373e+06	0
0.136068	0.000104526	0.2	80	241.526	0
0.136068	0.000114203	0.2	80	240.288	0
0.136068	0.000124775	0.2	80	238.94	0
0.136068	0.000136326	0.2	80	237.475	0
0.136068	0.000148946	0.2	80	235.881	0
0.136068	0.000162735	0.2	80	234.149	0
0.136068	0.0001778	0.2	80	232.268	0
0.136068	0.00019426	0.2	80	230.225	0
0.136068	0.000212243	0.2	80	228.01	0
0.136068	0.000231891	0.2	80	225.608	0
0.136068	0.000253358	0.2	80	223.006	0
0.136068	0.000276813	0.2	80	220.19	0
0.136068	0.000302439	0.2	80	217.145	0
0.136068	0.000330437	0.2	80	213.857	0
0.136068	0.000361027	0.2	80	210.309	0
0.136068	0.000394448	0.2	80	206.488	0
0.136068	0.000430964	0.2	80	202.377	0
0.136068	0.00047086	0.2	80	197.963	0
0.136068	0.00051445	0.2	80	193.233	0
0.136068	0.000562075	0.2	80	188.175	0
0.136068	0.000614108	0.2	80	182.781	0
0.136068	0.000670959	0.2	80	177.044	0
0.136068	0.000733073	0.2	80	170.964	0
0.136068	0.000800936	0.2	80	164.545	0
0.136068	0.000875083	0.2	80	157.799	0
0.136068	0.000956093	0.2	80	150.747	0
0.136068	0.0010446	0.2	80	143.423	0
0.136068	0.00114131	0.2	80	135.875	0
0.136068	0.00124696	0.2	80	128.172	0
0.136068	0.0013624	0.2	80	120.402	0
0.136068	0.00148852	0.2	80	112.687	0
0.136068	0.00162632	0.2	80	105.18	0
0.136068	0.00177687	0.2	80	98.0803	0
0.136068	0.00194137	0.2	80	91.638	0
0.136068	0.00212109	0.2	80	86.1691	0
0.136068	0.00231745	0.2	80	82.0678	0
0.136068	0.00253198	0.2	80	79.8237	0
0.136068	0.00276638	0.2	80	80.042	0
0.136068	0.00302248	0.2	80	83.468	0
0.136068	0.00330228	0.2	80	91.0161	0
0.136068	0.00360798	0.2	80	103.805	0
0.136068	0.00394199	0.2	80	123.199	0
0.136068	0.00430692	0.2	80	150.862	0
0.136068	0.00470563	0.2	80	188.811	0
0.136068	0.00514125	0.2	80	239.495	0
0.136068	0.0056172	0.2	80	305.881	0
0.136068	0.0061372	0.2	80	391.554	0
0.136068	0.00670535	0.2	80	500.846	0
0.136068	0.0073261	0.2	80	638.982	0
0.136068	0.0080043	0.2	80	812.26	0
0.136068	0.0087453	0.2	80	1028.26	0
0.136068	0.00955489	0.2	80	1296.12	0
0.136068	0.0104394	0.2	80	1626.79	0
0.136068	0.0114058	0.2	80	2033.47	0
0.136068	0.0124617	0.2	80	2531.97	0
0.136068	0.0136154	0.2	80	3141.31	0
0.136068	0.0148758	0.2	80	3884.26	0
0.136068	0.0162529	0.2	80	4788.15	0
0.136068	0.0177575	0.2	80	5885.73	0
0.136068	0.0194014	0.2	80	7216.25	0
0.136068	0.0211975	0.2	80	8826.71	0
0.136068	0.0231598	0.2	80	10773.4	0
0.136068	0.0253038	0.2	80	13123.7	0
0.136068	0.0276463	0.2	80	15958.2	0
0.136068	0.0302057	0.2	80	19373.4	0
0.136068	0.0330019	0.2	80	23484.8	0
0.136068	0.0360571	0.2	80	28430.3	0
0.136068	0.039395	0.2	80	34375.1	0
0.136068	0.043042	0.2	80	41516.6	0
0.136068	0.0470266	0.2	80	50090.6	0
0.136068	0.05138	0.2	80	60379.3	0
0.136068	0.0561365	0.2	80	72719.8	0
0.136068	0.0613333	0.2	80	87515	0
0.136068	0.0670111	0.2	80	105246	0
0.136068	0.0732147	0.2	80	126489	0
0.136068	0.0799925	0.2	80	151930	0
0.136068	0.0873977	0.2	80	182390	0
0.136068	0.0954885	0.2	80	218851	0
0.136068	0.104328	0.2	80	262484	0
0.136068	0.113986	0.2	80	314687	0
0.136068	0.124539	0.2	80	377132	0
0.136068	0.136068	0.2	80	451815	0
0.136068	0.148664	0.2	80	541119	0
0.136068	0.162426	0.2	80	647890	0
0.136068	0.177463	0.2	80	775528	0
0.136068	0.193892	0.2	80	928089	0
0.136068	0.211841	0.2	80	1.11042e+06	0
0.136068	0.231452	0.2	80	1.32831e+06	0
0.136068	0.252878	0.2	80	1.58866e+06	0
0.136068	0.276288	0.2	80	1.89972e+06	0
0.136068	0.301866	0.2	80	2.27135e+06	0
0.136068	0.329811	0.2	80	2.71529e+06	0
0.136068	0.360343	0.2	80	3.24558e+06	0
0.136068	0.393701	0.2	80	3.87897e+06	0
0.136068	0.430148	0.2	80	4.63548e+06	0
0.136068	0.469968	0.2	80	5.53898e+06	0
0.136068	0.513475	0.2	80	6.61797e+06	0
0.136068	0.56101	0.2	80	7.90648e+06	0
0.136068	0.612945	0.2	80	9.44515e+06	0
0.136068	0.669688	0.2	80	1.12825e+07	0
0.148664	0.000104526	0.2	80	254.52	0
0.148664	0.000114203	0.2	80	253.192	0
0.148664	0.000124775	0.2	80	251.748	0
0.148664	0.000136326	0.2	80	250.178	0
0.148664	0.000148946	0.2	80	248.471	0
0.148664	0.000162735	0.2	80	246.618	0
0.148664	0.0001778	0.2	80	244.606	0
0.148664	0.00019426	0.2	80	242.424	0
0.148664	0.000212243	0.2	80	240.059	0
0.148664	0.000231891	0.2	80	237.497	0
0.148664	0.000253358	0.2	80	234.724	0
0.148664	0.000276813	0.2	80	231.727	0
0.148664	0.000302439	0.2	80	228.49	0
0.148664	0.000330437	0.2	80	225	0
0.148664	0.000361027	0.2	80	221.24	0
0.148664	0.000394448	0.2	80	217.197	0
0.148664	0.000430964	0.2	80	212.857	0
0.148664	0.00047086	0.2	80	208.208	0
0.148664	0.00051445	0.2	80	203.239	0
0.148664	0.000562075	0.2	80	197.941	0
0.148664	0.000614108	0.2	80	192.31	0
0.148664	0.000670959	0.2	80	186.345	0
0.148664	0.000733073	0.2	80	180.051	0
0.148664	0.000800936	0.2	80	173.443	0
0.148664	0.000875083	0.2	80	166.541	0
0.148664	0.000956093	0.2	80	159.381	0
0.148664	0.0010446	0.2	80	152.012	0
0.148664	0.00114131	0.2	80	144.504	0
0.148664	0.00124696	0.2	80	136.949	0
0.148664	0.0013624	0.2	80	129.467	0
0.148664	0.00148852	0.2	80	122.215	0
0.148664	0.00162632	0.2	80	115.393	0
0.148664	0.00177687	0.2	80	109.255	0
0.148664	0.00194137	0.2	80	104.118	0
0.148664	0.00212109	0.2	80	100.38	0
0.148664	0.00231745	0.2	80	98.5313	0
0.148664	0.00253198	0.2	80	99.1818	0
0.148664	0.00276638	0.2	80	103.08	0
0.148664	0.00302248	0.2	80	111.143	0
0.148664	0.00330228	0.2	80	124.494	0
0.148664	0.00360798	0.2	80	144.503	0
0.148664	0.00394199	0.2	80	172.835	0
0.148664	0.00430692	0.2	80	211.515	0
0.148664	0.00470563	0.2	80	262.998	0
0.148664	0.00514125	0.2	80	330.255	0
0.148664	0.0056172	0.2	80	416.878	0
0.148664	0.0061372	0.2	80	527.207	0
0.148664	0.00670535	0.2	80	666.474	0
0.148664	0.0073261	0.2	80	840.985	0
0.148664	0.0080043	0.2	80	1058.33	0
0.148664	0.0087453	0.2	80	1327.65	0
0.148664	0.00955489	0.2	80	1659.92	0
0.148664	0.0104394	0.2	80	2068.34	0
0.148664	0.0114058	0.2	80	2568.74	0
0.148664	0.0124617	0.2	80	3180.14	0
0.148664	0.0136154	0.2	80	3925.34	0
0.148664	0.0148758	0.2	80	4831.69	0
0.148664	0.0162529	0.2	80	5931.94	0
0.148664	0.0177575	0.2	80	7265.36	0
0.148664	0.0194014	0.2	80	8878.98	0
0.148664	0.0211975	0.2	80	10829.1	0
0.148664	0.0231598	0.2	80	13183.1	0
0.148664	0.0253038	0.2	80	16021.7	0
0.148664	0.0276463	0.2	80	19441.3	0
0.148664	0.0302057	0.2	80	23557.4	0
0.148664	0.0330019	0.2	80	28508.2	0
0.148664	0.0360571	0.2	80	34458.6	0
0.148664	0.039395	0.2	80	41606.1	0
0.148664	0.043042	0.2	80	50186.8	0
0.148664	0.0470266	0.2	80	60482.6	0
0.148664	0.05138	0.2	80	72830.9	0
0.148664	0.0561365	0.2	80	87634.4	0
0.148664	0.0613333	0.2	80	105375	0
0.148664	0.0670111	0.2	80	126627	0
0.148664	0.0732147	0.2	80	152079	0
0.148664	0.0799925	0.2	80	182551	0
0.148664	0.0873977	0.2	80	219024	0
0.148664	0.0954885	0.2	80	262670	0
0.148664	0.104328	0.2	80	314888	0
0.148664	0.113986	0.2	80	377348	0
0.148664	0.124539	0.2	80	452048	0
0.148664	0.136068	0.2	80	541371	0
0.148664	0.148664	0.2	80	648163	0
0.148664	0.162426	0.2	80	775822	0
0.148664	0.177463	0.2	80	928409	0
0.148664	0.193892	0.2	80	1.11077e+06	0
0.148664	0.211841	0.2	80	1.32869e+06	0
0.148664	0.231452	0.2	80	1.58907e+06	0
0.148664	0.252878	0.2	80	1.90018e+06	0
0.148664	0.276288	0.2	80	2.27184e+06	0
0.148664	0.301866	0.2	80	2.71584e+06	0
0.148664	0.329811	0.2	80	3.24619e+06	0
0.148664	0.360343	0.2	80	3.87966e+06	0
0.148664	0.393701	0.2	80	4.63626e+06	0
0.148664	0.430148	0.2	80	5.53986e+06	0
0.148664	0.469968	0.2	80	6.61898e+06	0
0.148664	0.513475	0.2	80	7.90766e+06	0
0.148664	0.56101	0.2	80	9.44652e+06	0
0.148664	0.612945	0.2	80	1.12841e+07	0
0.148664	0.669688	0.2	80	1.34782e+07	0
0.162426	0.000104526	0.2	80	270.407	0
0.162426	0.000114203	0.2	80	268.985	0
0.162426	0.000124775	0.2	80	267.44	0
0.162426	0.000136326	0.2	80	265.76	0
0.162426	0.000148946	0.2	80	263.937	0
0.162426	0.000162735	0.2	80	261.957	0
0.162426	0.0001778	0.2	80	259.81	0
0.162426	0.00019426	0.2	80	257.483	0
0.162426	0.000212243	0.2	80	254.963	0
0.162426	0.000231891	0.2	80	252.236	0
0.162426	0.000253358	0.2	80	249.289	0
0.162426	0.000276813	0.2	80	246.107	0
0.162426	0.000302439	0.2	80	242.676	0
0.162426	0.000330437	0.2	80	238.982	0
0.162426	0.000361027	0.2	80	235.01	0
0.162426	0.000394448	0.2	80	230.749	0
0.162426	0.000430964	0.2	80	226.185	0
0.162426	0.00047086	0.2	80	221.308	0
0.162426	0.00051445	0.2	80	216.112	0
0.162426	0.000562075	0.2	80	210.592	0
0.162426	0.000614108	0.2	80	204.748	0
0.162426	0.000670959	0.2	80	198.587	0
0.162426	0.000733073	0.2	80	192.123	0
0.162426	0.000800936	0.2	80	185.379	0
0.162426	0.000875083	0.2	80	178.392	0
0.162426	0.000956093	0.2	80	171.212	0
0.162426	0.0010446	0.2	80	163.91	0
0.162426	0.00114131	0.2	80	156.579	0
0.162426	0.00124696	0.2	80	149.343	0
0.162426	0.0013624	0.2	80	142.36	0
0.162426	0.00148852	0.2	80	135.831	0
0.162426	0.00162632	0.2	80	130.013	0
0.162426	0.00177687	0.2	80	125.226	0
0.162426	0.00194137	0.2	80	121.869	0
0.162426	0.00212109	0.2	80	120.438	0
0.162426	0.00231745	0.2	80	121.544	0
0.162426	0.00253198	0.2	80	125.939	0
0.162426	0.00276638	0.2	80	134.545	0
0.162426	0.00302248	0.2	80	148.489	0
0.162426	0.00330228	0.2	80	169.145	0
0.162426	0.00360798	0.2	80	198.184	0
0.162426	0.00394199	0.2	80	237.635	0
0.162426	0.00430692	0.2	80	289.96	0
0.162426	0.00470563	0.2	80	358.135	0
0.162426	0.00514125	0.2	80	445.761	0
0.162426	0.0056172	0.2	80	557.184	0
0.162426	0.0061372	0.2	80	697.644	0
0.162426	0.00670535	0.2	80	873.457	0
0.162426	0.0073261	0.2	80	1092.23	0
0.162426	0.0080043	0.2	80	1363.09	0
0.162426	0.0087453	0.2	80	1697.06	0
0.162426	0.00955489	0.2	80	2107.31	0
0.162426	0.0104394	0.2	80	2609.72	0
0.162426	0.0114058	0.2	80	3223.31	0
0.162426	0.0124617	0.2	80	3970.9	0
0.162426	0.0136154	0.2	80	4879.84	0
0.162426	0.0148758	0.2	80	5982.92	0
0.162426	0.0162529	0.2	80	7319.42	0
0.162426	0.0177575	0.2	80	8936.39	0
0.162426	0.0194014	0.2	80	10890.2	0
0.162426	0.0211975	0.2	80	13248.1	0
0.162426	0.0231598	0.2	80	16091	0
0.162426	0.0253038	0.2	80	19515.3	0
0.162426	0.0276463	0.2	80	23636.6	0
0.162426	0.0302057	0.2	80	28592.8	0
0.162426	0.0330019	0.2	80	34549.3	0
0.162426	0.0360571	0.2	80	41703.3	0
0.162426	0.039395	0.2	80	50291	0
0.162426	0.043042	0.2	80	60594.6	0
0.162426	0.0470266	0.2	80	72951.1	0
0.162426	0.05138	0.2	80	87763.7	0
0.162426	0.0561365	0.2	80	105514	0
0.162426	0.0613333	0.2	80	126777	0
0.162426	0.0670111	0.2	80	152240	0
0.162426	0.0732147	0.2	80	182724	0
0.162426	0.0799925	0.2	80	219211	0
0.162426	0.0873977	0.2	80	262871	0
0.162426	0.0954885	0.2	80	315105	0
0.162426	0.104328	0.2	80	377582	0
0.162426	0.113986	0.2	80	452301	0
0.162426	0.124539	0.2	80	541644	0
0.162426	0.136068	0.2	80	648457	0
0.162426	0.148664	0.2	80	776141	0
0.162426	0.162426	0.2	80	928753	0
0.162426	0.177463	0.2	80	1.11114e+06	0
0.162426	0.193892	0.2	80	1.32909e+06	0
0.162426	0.211841	0.2	80	1.58951e+06	0
0.162426	0.231452	0.2	80	1.90066e+06	0
0.162426	0.252878	0.2	80	2.27237e+06	0
0.162426	0.276288	0.2	80	2.71642e+06	0
0.162426	0.301866	0.2	80	3.24683e+06	0
0.162426	0.329811	0.2	80	3.88037e+06	0
0.162426	0.360343	0.2	80	4.63705e+06	0
0.162426	0.393701	0.2	80	5.54075e+06	0
0.162426	0.430148	0.2	80	6.62e+06	0
0.162426	0.469968	0.2	80	7.90882e+06	0
0.162426	0.513475	0.2	80	9.44786e+06	0
0.162426	0.56101	0.2	80	1.12856e+07	0
0.162426	0.612945	0.2	80	1.348e+07	0
0.162426	0.669688	0.2	80	1.61002e+07	0
0.177463	0.000104526	0.2	80	289.468	0
0.177463	0.000114203	0.2	80	287.949	0
0.177463	0.000124775	0.2	80	286.297	0
0.177463	0.000136326	0.2	80	284.504	0
0.177463	0.000148946	0.2	80	282.559	0
0.177463	0.000162735	0.2	80	280.448	0
0.177463	0.0001778	0.2	80	278.161	0
0.177463	0.00019426	0.2	80	275.685	0
0.177463	0.000212243	0.2	80	273.007	0
0.177463	0.000231891	0.2	80	270.112	0
0.177463	0.000253358	0.2	80	266.987	0
0.177463	0.000276813	0.2	80	263.619	0
0.177463	0.000302439	0.2	80	259.993	0
0.177463	0.000330437	0.2	80	256.096	0
0.177463	0.000361027	0.2	80	251.916	0
0.177463	0.000394448	0.2	80	247.441	0
0.177463	0.000430964	0.2	80	242.662	0
0.177463	0.00047086	0.2	80	237.572	0
0.177463	0.00051445	0.2	80	232.168	0
0.177463	0.000562075	0.2	80	226.451	0
0.177463	0.000614108	0.2	80	220.429	0
0.177463	0.000670959	0.2	80	214.116	0
0.177463	0.000733073	0.2	80	207.538	0
0.177463	0.000800936	0.2	80	200.731	0
0.177463	0.000875083	0.2	80	193.749	0
0.177463	0.000956093	0.2	80	186.663	0
0.177463	0.0010446	0.2	80	179.568	0
0.177463	0.00114131	0.2	80	172.589	0
0.177463	0.00124696	0.2	80	165.887	0
0.177463	0.0013624	0.2	80	159.665	0
0.177463	0.00148852	0.2	80	154.183	0
0.177463	0.00162632	0.2	80	149.762	0
0.177463	0.00177687	0.2	80	146.805	0
0.177463	0.00194137	0.2	80	145.811	0
0.177463	0.00212109	0.2	80	147.394	0
0.177463	0.00231745	0.2	80	152.31	0
0.177463	0.00253198	0.2	80	161.485	0
0.177463	0.00276638	0.2	80	176.051	0
0.177463	0.00302248	0.2	80	197.385	0
0.177463	0.00330228	0.2	80	227.165	0
0.177463	0.00360798	0.2	80	267.425	0
0.177463	0.00394199	0.2	80	320.632	0
0.177463	0.00430692	0.2	80	389.771	0
0.177463	0.00470563	0.2	80	478.449	0
0.177463	0.00514125	0.2	80	591.02	0
0.177463	0.0056172	0.2	80	732.733	0
0.177463	0.0061372	0.2	80	909.913	0
0.177463	0.00670535	0.2	80	1130.17	0
0.177463	0.0073261	0.2	80	1402.67	0
0.177463	0.0080043	0.2	80	1738.4	0
0.177463	0.0087453	0.2	80	2150.6	0
0.177463	0.00955489	0.2	80	2655.12	0
0.177463	0.0104394	0.2	80	3271.01	0
0.177463	0.0114058	0.2	80	4021.1	0
0.177463	0.0124617	0.2	80	4932.78	0
0.177463	0.0136154	0.2	80	6038.84	0
0.177463	0.0148758	0.2	80	7378.58	0
0.177463	0.0162529	0.2	80	8999.09	0
0.177463	0.0177575	0.2	80	10956.7	0
0.177463	0.0194014	0.2	80	13318.9	0
0.177463	0.0211975	0.2	80	16166.3	0
0.177463	0.0231598	0.2	80	19595.6	0
0.177463	0.0253038	0.2	80	23722.2	0
0.177463	0.0276463	0.2	80	28684.3	0
0.177463	0.0302057	0.2	80	34647.1	0
0.177463	0.0330019	0.2	80	41808.1	0
0.177463	0.0360571	0.2	80	50403.4	0
0.177463	0.039395	0.2	80	60715.1	0
0.177463	0.043042	0.2	80	73080.5	0
0.177463	0.0470266	0.2	80	87902.6	0
0.177463	0.05138	0.2	80	105663	0
0.177463	0.0561365	0.2	80	126937	0
0.177463	0.0613333	0.2	80	152413	0
0.177463	0.0670111	0.2	80	182910	0
0.177463	0.0732147	0.2	80	219411	0
0.177463	0.0799925	0.2	80	263087	0
0.177463	0.0873977	0.2	80	315337	0
0.177463	0.0954885	0.2	80	377834	0
0.177463	0.104328	0.2	80	452572	0
0.177463	0.113986	0.2	80	541936	0
0.177463	0.124539	0.2	80	648773	0
0.177463	0.136068	0.2	80	776482	0
0.177463	0.148664	0.2	80	929122	0
0.177463	0.162426	0.2	80	1.11154e+06	0
0.177463	0.177463	0.2	80	1.32953e+06	0
0.177463	0.193892	0.2	80	1.58998e+06	0
0.177463	0.211841	0.2	80	1.90117e+06	0
0.177463	0.231452	0.2	80	2.27293e+06	0
0.177463	0.252878	0.2	80	2.71703e+06	0
0.177463	0.276288	0.2	80	3.2475e+06	0
0.177463	0.301866	0.2	80	3.88111e+06	0
0.177463	0.329811	0.2	80	4.63787e+06	0
0.177463	0.360343	0.2	80	5.54167e+06	0
0.177463	0.393701	0.2	80	6.62103e+06	0
0.177463	0.430148	0.2	80	7.90998e+06	0
0.177463	0.469968	0.2	80	9.44919e+06	0
0.177463	0.513475	0.2	80	1.12872e+07	0
0.177463	0.56101	0.2	80	1.34818e+07	0
0.177463	0.612945	0.2	80	1.61022e+07	0
0.177463	0.669688	0.2	80	1.9231e+07	0
0.193892	0.000104526	0.2	80	311.934	0
0.193892	0.000114203	0.2	80	310.312	0
0.193892	0.000124775	0.2	80	308.551	0
0.193892	0.000136326	0.2	80	306.64	0
0.193892	0.000148946	0.2	80	304.568	0
0.193892	0.000162735	0.2	80	302.323	0
0.193892	0.0001778	0.2	80	299.893	0
0.193892	0.00019426	0.2	80	297.264	0
0.193892	0.000212243	0.2	80	294.424	0
0.193892	0.000231891	0.2	80	291.359	0
0.193892	0.000253358	0.2	80	288.056	0
0.193892	0.000276813	0.2	80	284.501	0
0.193892	0.000302439	0.2	80	280.682	0
0.193892	0.000330437	0.2	80	276.586	0
0.193892	0.000361027	0.2	80	272.204	0
0.193892	0.000394448	0.2	80	267.526	0
0.193892	0.000430964	0.2	80	262.547	0
0.193892	0.00047086	0.2	80	257.264	0
0.193892	0.00051445	0.2	80	251.68	0
0.193892	0.000562075	0.2	80	245.802	0
0.193892	0.000614108	0.2	80	239.647	0
0.193892	0.000670959	0.2	80	233.241	0
0.193892	0.000733073	0.2	80	226.622	0
0.193892	0.000800936	0.2	80	219.845	0
0.193892	0.000875083	0.2	80	212.984	0
0.193892	0.000956093	0.2	80	206.134	0
0.193892	0.0010446	0.2	80	199.423	0
0.193892	0.00114131	0.2	80	193.014	0
0.193892	0.00124696	0.2	80	187.112	0
0.193892	0.0013624	0.2	80	181.978	0
0.193892	0.00148852	0.2	80	177.939	0
0.193892	0.00162632	0.2	80	175.399	0
0.193892	0.00177687	0.2	80	174.86	0
0.193892	0.00194137	0.2	80	176.94	0
0.193892	0.00212109	0.2	80	182.399	0
0.193892	0.00231745	0.2	80	192.167	0
0.193892	0.00253198	0.2	80	207.379	0
0.193892	0.00276638	0.2	80	229.42	0
0.193892	0.00302248	0.2	80	259.972	0
0.193892	0.00330228	0.2	80	301.074	0
0.193892	0.00360798	0.2	80	355.202	0
0.193892	0.00394199	0.2	80	425.345	0
0.193892	0.00430692	0.2	80	515.12	0
0.193892	0.00470563	0.2	80	628.887	0
0.193892	0.00514125	0.2	80	771.907	0
0.193892	0.0056172	0.2	80	950.513	0
0.193892	0.0061372	0.2	80	1172.33	0
0.193892	0.00670535	0.2	80	1446.52	0
0.193892	0.0073261	0.2	80	1784.11	0
0.193892	0.0080043	0.2	80	2198.33	0
0.193892	0.0087453	0.2	80	2705.05	0
0.193892	0.00955489	0.2	80	3323.35	0
0.193892	0.0104394	0.2	80	4076.06	0
0.193892	0.0114058	0.2	80	4990.59	0
0.193892	0.0124617	0.2	80	6099.77	0
0.193892	0.0136154	0.2	80	7442.91	0
0.193892	0.0148758	0.2	80	9067.11	0
0.193892	0.0162529	0.2	80	11028.8	0
0.193892	0.0177575	0.2	80	13395.3	0
0.193892	0.0194014	0.2	80	16247.5	0
0.193892	0.0211975	0.2	80	19682	0
0.193892	0.0231598	0.2	80	23814.3	0
0.193892	0.0253038	0.2	80	28782.6	0
0.193892	0.0276463	0.2	80	34752.1	0
0.193892	0.0302057	0.2	80	41920.3	0
0.193892	0.0330019	0.2	80	50523.5	0
0.193892	0.0360571	0.2	80	60843.8	0
0.193892	0.039395	0.2	80	73218.5	0
0.193892	0.043042	0.2	80	88050.8	0
0.193892	0.0470266	0.2	80	105822	0
0.193892	0.05138	0.2	80	127108	0
0.193892	0.0561365	0.2	80	152597	0
0.193892	0.0613333	0.2	80	183108	0
0.193892	0.0670111	0.2	80	219624	0
0.193892	0.0732147	0.2	80	263317	0
0.193892	0.0799925	0.2	80	315585	0
0.193892	0.0873977	0.2	80	378101	0
0.193892	0.0954885	0.2	80	452860	0
0.193892	0.104328	0.2	80	542247	0
0.193892	0.113986	0.2	80	649109	0
0.193892	0.124539	0.2	80	776845	0
0.193892	0.136068	0.2	80	929515	0
0.193892	0.148664	0.2	80	1.11197e+06	0
0.193892	0.162426	0.2	80	1.32998e+06	0
0.193892	0.177463	0.2	80	1.59048e+06	0
0.193892	0.193892	0.2	80	1.90171e+06	0
0.193892	0.211841	0.2	80	2.27352e+06	0
0.193892	0.231452	0.2	80	2.71767e+06	0
0.193892	0.252878	0.2	80	3.2482e+06	0
0.193892	0.276288	0.2	80	3.88188e+06	0
0.193892	0.301866	0.2	80	4.63872e+06	0
0.193892	0.329811	0.2	80	5.54261e+06	0
0.193892	0.360343	0.2	80	6.62208e+06	0
0.193892	0.393701	0.2	80	7.91116e+06	0
0.193892	0.430148	0.2	80	9.45052e+06	0
0.193892	0.469968	0.2	80	1.12887e+07	0
0.193892	0.513475	0.2	80	1.34835e+07	0
0.193892	0.56101	0.2	80	1.61042e+07	0
0.193892	0.612945	0.2	80	1.92334e+07	0
0.193892	0.669688	0.2	80	2.29694e+07	0
0.211841	0.000104526	0.2	80	337.948	0
0.211841	0.000114203	0.2	80	336.22	0
0.211841	0.000124775	0.2	80	334.346	0
0.211841	0.000136326	0.2	80	332.313	0
0.211841	0.000148946	0.2	80	330.111	0
0.211841	0.000162735	0.2	80	327.728	0
0.211841	0.0001778	0.2	80	325.151	0
0.211841	0.00019426	0.2	80	322.367	0
0.211841	0.000212243	0.2	80	319.364	0
0.211841	0.000231891	0.2	80	316.128	0
0.211841	0.000253358	0.2	80	312.646	0
0.211841	0.000276813	0.2	80	308.907	0
0.211841	0.000302439	0.2	80	304.9	0
0.211841	0.000330437	0.2	80	300.613	0
0.211841	0.000361027	0.2	80	296.04	0
0.211841	0.000394448	0.2	80	291.176	0
0.211841	0.000430964	0.2	80	286.017	0
0.211841	0.00047086	0.2	80	280.569	0
0.211841	0.00051445	0.2	80	274.84	0
0.211841	0.000562075	0.2	80	268.848	0
0.211841	0.000614108	0.2	80	262.62	0
0.211841	0.000670959	0.2	80	256.196	0
0.211841	0.000733073	0.2	80	249.632	0
0.211841	0.000800936	0.2	80	243.002	0
0.211841	0.000875083	0.2	80	236.406	0
0.211841	0.000956093	0.2	80	229.972	0
0.211841	0.0010446	0.2	80	223.865	0
0.211841	0.00114131	0.2	80	218.294	0
0.211841	0.00124696	0.2	80	213.521	0
0.211841	0.0013624	0.2	80	209.876	0
0.211841	0.00148852	0.2	80	207.766	0
0.211841	0.00162632	0.2	80	207.697	0
0.211841	0.00177687	0.2	80	210.291	0
0.211841	0.00194137	0.2	80	216.311	0
0.211841	0.00212109	0.2	80	226.691	0
0.211841	0.00231745	0.2	80	242.573	0
0.211841	0.00253198	0.2	80	265.345	0
0.211841	0.00276638	0.2	80	296.694	0
0.211841	0.00302248	0.2	80	338.668	0
0.211841	0.00330228	0.2	80	393.747	0
0.211841	0.00360798	0.2	80	464.93	0
0.211841	0.00394199	0.2	80	555.838	0
0.211841	0.00430692	0.2	80	670.844	0
0.211841	0.00470563	0.2	80	815.215	0
0.211841	0.00514125	0.2	80	995.297	0
0.211841	0.0056172	0.2	80	1218.72	0
0.211841	0.0061372	0.2	80	1494.67	0
0.211841	0.00670535	0.2	80	1834.18	0
0.211841	0.0073261	0.2	80	2250.49	0
0.211841	0.0080043	0.2	80	2759.5	0
0.211841	0.0087453	0.2	80	3380.28	0
0.211841	0.00955489	0.2	80	4135.72	0
0.211841	0.0104394	0.2	80	5053.21	0
0.211841	0.0114058	0.2	80	6165.62	0
0.211841	0.0124617	0.2	80	7512.28	0
0.211841	0.0136154	0.2	80	9140.33	0
0.211841	0.0148758	0.2	80	11106.2	0
0.211841	0.0162529	0.2	80	13477.3	0
0.211841	0.0177575	0.2	80	16334.5	0
0.211841	0.0194014	0.2	80	19774.4	0
0.211841	0.0211975	0.2	80	23912.5	0
0.211841	0.0231598	0.2	80	28887.2	0
0.211841	0.0253038	0.2	80	34863.7	0
0.211841	0.0276463	0.2	80	42039.5	0
0.211841	0.0302057	0.2	80	50651	0
0.211841	0.0330019	0.2	80	60980.2	0
0.211841	0.0360571	0.2	80	73364.7	0
0.211841	0.039395	0.2	80	88207.6	0
0.211841	0.043042	0.2	80	105991	0
0.211841	0.0470266	0.2	80	127289	0
0.211841	0.05138	0.2	80	152791	0
0.211841	0.0561365	0.2	80	183317	0
0.211841	0.0613333	0.2	80	219850	0
0.211841	0.0670111	0.2	80	263559	0
0.211841	0.0732147	0.2	80	315846	0
0.211841	0.0799925	0.2	80	378382	0
0.211841	0.0873977	0.2	80	453164	0
0.211841	0.0954885	0.2	80	542575	0
0.211841	0.104328	0.2	80	649463	0
0.211841	0.113986	0.2	80	777227	0
0.211841	0.124539	0.2	80	929928	0
0.211841	0.136068	0.2	80	1.11241e+06	0
0.211841	0.148664	0.2	80	1.33047e+06	0
0.211841	0.162426	0.2	80	1.59101e+06	0
0.211841	0.177463	0.2	80	1.90228e+06	0
0.211841	0.193892	0.2	80	2.27414e+06	0
0.211841	0.211841	0.2	80	2.71834e+06	0
0.211841	0.231452	0.2	80	3.24894e+06	0
0.211841	0.252878	0.2	80	3.88269e+06	0
0.211841	0.276288	0.2	80	4.6396e+06	0
0.211841	0.301866	0.2	80	5.54358e+06	0
0.211841	0.329811	0.2	80	6.62315e+06	0
0.211841	0.360343	0.2	80	7.91235e+06	0
0.211841	0.393701	0.2	80	9.45185e+06	0
0.211841	0.430148	0.2	80	1.12902e+07	0
0.211841	0.469968	0.2	80	1.34852e+07	0
0.211841	0.513475	0.2	80	1.61062e+07	0
0.211841	0.56101	0.2	80	1.92356e+07	0
0.211841	0.612945	0.2	80	2.2972e+07	0
0.211841	0.669688	0.2	80	2.74331e+07	0
0.231452	0.000104526	0.2	80	367.521	0
0.231452	0.000114203	0.2	80	365.683	0
0.231452	0.000124775	0.2	80	363.691	0
0.231452	0.000136326	0.2	80	361.534	0
0.231452	0.000148946	0.2	80	359.199	0
0.231452	0.000162735	0.2	80	356.674	0
0.231452	0.0001778	0.2	80	353.948	0
0.231452	0.00019426	0.2	80	351.008	0
0.231452	0.000212243	0.2	80	347.841	0
0.231452	0.000231891	0.2	80	344.434	0
0.231452	0.000253358	0.2	80	340.778	0
0.231452	0.000276813	0.2	80	336.86	0
0.231452	0.000302439	0.2	80	332.672	0
0.231452	0.000330437	0.2	80	328.206	0
0.231452	0.000361027	0.2	80	323.458	0
0.231452	0.000394448	0.2	80	318.428	0
0.231452	0.000430964	0.2	80	313.119	0
0.231452	0.00047086	0.2	80	307.543	0
0.231452	0.00051445	0.2	80	301.718	0
0.231452	0.000562075	0.2	80	295.672	0
0.231452	0.000614108	0.2	80	289.447	0
0.231452	0.000670959	0.2	80	283.1	0
0.231452	0.000733073	0.2	80	276.708	0
0.231452	0.000800936	0.2	80	270.372	0
0.231452	0.000875083	0.2	80	264.221	0
0.231452	0.000956093	0.2	80	258.424	0
0.231452	0.0010446	0.2	80	253.191	0
0.231452	0.00114131	0.2	80	248.788	0
0.231452	0.00124696	0.2	80	245.546	0
0.231452	0.0013624	0.2	80	243.877	0
0.231452	0.00148852	0.2	80	244.29	0
0.231452	0.00162632	0.2	80	247.41	0
0.231452	0.00177687	0.2	80	254.004	0
0.231452	0.00194137	0.2	80	265.013	0
0.231452	0.00212109	0.2	80	281.58	0
0.231452	0.00231745	0.2	80	305.1	0
0.231452	0.00253198	0.2	80	337.267	0
0.231452	0.00276638	0.2	80	380.134	0
0.231452	0.00302248	0.2	80	436.188	0
0.231452	0.00330228	0.2	80	508.435	0
0.231452	0.00360798	0.2	80	600.506	0
0.231452	0.00394199	0.2	80	716.781	0
0.231452	0.00430692	0.2	80	862.538	0
0.231452	0.00470563	0.2	80	1044.13	0
0.231452	0.00514125	0.2	80	1269.21	0
0.231452	0.0056172	0.2	80	1546.96	0
0.231452	0.0061372	0.2	80	1888.44	0
0.231452	0.00670535	0.2	80	2306.89	0
0.231452	0.0073261	0.2	80	2818.25	0
0.231452	0.0080043	0.2	80	3441.59	0
0.231452	0.0087453	0.2	80	4199.81	0
0.231452	0.00955489	0.2	80	5120.34	0
0.231452	0.0104394	0.2	80	6236.07	0
0.231452	0.0114058	0.2	80	7586.35	0
0.231452	0.0124617	0.2	80	9218.34	0
0.231452	0.0136154	0.2	80	11188.5	0
0.231452	0.0148758	0.2	80	13564.3	0
0.231452	0.0162529	0.2	80	16426.6	0
0.231452	0.0177575	0.2	80	19872	0
0.231452	0.0194014	0.2	80	24016.3	0
0.231452	0.0211975	0.2	80	28997.6	0
0.231452	0.0231598	0.2	80	34981.2	0
0.231452	0.0253038	0.2	80	42164.9	0
0.231452	0.0276463	0.2	80	50784.8	0
0.231452	0.0302057	0.2	80	61123.4	0
0.231452	0.0330019	0.2	80	73518	0
0.231452	0.0360571	0.2	80	88371.8	0
0.231452	0.039395	0.2	80	106167	0
0.231452	0.043042	0.2	80	127478	0
0.231452	0.0470266	0.2	80	152994	0
0.231452	0.05138	0.2	80	183536	0
0.231452	0.0561365	0.2	80	220084	0
0.231452	0.0613333	0.2	80	263812	0
0.231452	0.0670111	0.2	80	316119	0
0.231452	0.0732147	0.2	80	378676	0
0.231452	0.0799925	0.2	80	453480	0
0.231452	0.0873977	0.2	80	542916	0
0.231452	0.0954885	0.2	80	649831	0
0.231452	0.104328	0.2	80	777625	0
0.231452	0.113986	0.2	80	930357	0
0.231452	0.124539	0.2	80	1.11288e+06	0
0.231452	0.136068	0.2	80	1.33097e+06	0
0.231452	0.148664	0.2	80	1.59155e+06	0
0.231452	0.162426	0.2	80	1.90287e+06	0
0.231452	0.177463	0.2	80	2.27478e+06	0
0.231452	0.193892	0.2	80	2.71904e+06	0
0.231452	0.211841	0.2	80	3.24969e+06	0
0.231452	0.231452	0.2	80	3.88351e+06	0
0.231452	0.252878	0.2	80	4.6405e+06	0
0.231452	0.276288	0.2	80	5.54457e+06	0
0.231452	0.301866	0.2	80	6.62423e+06	0
0.231452	0.329811	0.2	80	7.91355e+06	0
0.231452	0.360343	0.2	80	9.45318e+06	0
0.231452	0.393701	0.2	80	1.12917e+07	0
0.231452	0.430148	0.2	80	1.34869e+07	0
0.231452	0.469968	0.2	80	1.61081e+07	0
0.231452	0.513475	0.2	80	1.92378e+07	0
0.231452	0.56101	0.2	80	2.29745e+07	0
0.231452	0.612945	0.2	80	2.7436e+07	0
0.231452	0.669688	0.2	80	3.27626e+07	0
0.252878	0.000104526	0.2	80	400.468	0
0.252878	0.000114203	0.2	80	398.517	0
0.252878	0.000124775	0.2	80	396.404	0
0.252878	0.000136326	0.2	80	394.118	0
0.252878	0.000148946	0.2	80	391.647	0
0.252878	0.000162735	0.2	80	388.98	0
0.252878	0.0001778	0.2	80	386.103	0
0.252878	0.00019426	0.2	80	383.006	0
0.252878	0.000212243	0.2	80	379.676	0
0.252878	0.000231891	0.2	80	376.102	0
0.252878	0.000253358	0.2	80	372.275	0
0.252878	0.000276813	0.2	80	368.186	0
0.252878	0.000302439	0.2	80	363.829	0
0.252878	0.000330437	0.2	80	359.2	0
0.252878	0.000361027	0.2	80	354.299	0
0.252878	0.000394448	0.2	80	349.132	0
0.252878	0.000430964	0.2	80	343.71	0
0.252878	0.00047086	0.2	80	338.054	0
0.252878	0.00051445	0.2	80	332.193	0
0.252878	0.000562075	0.2	80	326.169	0
0.252878	0.000614108	0.2	80	320.043	0
0.252878	0.000670959	0.2	80	313.891	0
0.252878	0.000733073	0.2	80	307.817	0
0.252878	0.000800936	0.2	80	301.954	0
0.252878	0.000875083	0.2	80	296.47	0
0.252878	0.000956093	0.2	80	291.579	0
0.252878	0.0010446	0.2	80	287.551	0
0.252878	0.00114131	0.2	80	284.718	0
0.252878	0.00124696	0.2	80	283.496	0
0.252878	0.0013624	0.2	80	284.396	0
0.252878	0.00148852	0.2	80	288.049	0
0.252878	0.00162632	0.2	80	295.225	0
0.252878	0.00177687	0.2	80	306.869	0
0.252878	0.00194137	0.2	80	324.131	0
0.252878	0.00212109	0.2	80	348.409	0
0.252878	0.00231745	0.2	80	381.404	0
0.252878	0.00253198	0.2	80	425.176	0
0.252878	0.00276638	0.2	80	482.217	0
0.252878	0.00302248	0.2	80	555.543	0
0.252878	0.00330228	0.2	80	648.792	0
0.252878	0.00360798	0.2	80	766.353	0
0.252878	0.00394199	0.2	80	913.514	0
0.252878	0.00430692	0.2	80	1096.64	0
0.252878	0.00470563	0.2	80	1323.39	0
0.252878	0.00514125	0.2	80	1602.97	0
0.252878	0.0056172	0.2	80	1946.44	0
0.252878	0.0061372	0.2	80	2367.07	0
0.252878	0.00670535	0.2	80	2880.8	0
0.252878	0.0073261	0.2	80	3506.74	0
0.252878	0.0080043	0.2	80	4267.79	0
0.252878	0.0087453	0.2	80	5191.41	0
0.252878	0.00955489	0.2	80	6310.5	0
0.252878	0.0104394	0.2	80	7664.46	0
0.252878	0.0114058	0.2	80	9300.46	0
0.252878	0.0124617	0.2	80	11275	0
0.252878	0.0136154	0.2	80	13655.5	0
0.252878	0.0148758	0.2	80	16523	0
0.252878	0.0162529	0.2	80	19974.1	0
0.252878	0.0177575	0.2	80	24124.5	0
0.252878	0.0194014	0.2	80	29112.6	0
0.252878	0.0211975	0.2	80	35103.5	0
0.252878	0.0231598	0.2	80	42295.2	0
0.252878	0.0253038	0.2	80	50923.8	0
0.252878	0.0276463	0.2	80	61271.8	0
0.252878	0.0302057	0.2	80	73676.6	0
0.252878	0.0330019	0.2	80	88541.6	0
0.252878	0.0360571	0.2	80	106349	0
0.252878	0.039395	0.2	80	127673	0
0.252878	0.043042	0.2	80	153204	0
0.252878	0.0470266	0.2	80	183761	0
0.252878	0.05138	0.2	80	220326	0
0.252878	0.0561365	0.2	80	264073	0
0.252878	0.0613333	0.2	80	316399	0
0.252878	0.0670111	0.2	80	378978	0
0.252878	0.0732147	0.2	80	453806	0
0.252878	0.0799925	0.2	80	543267	0
0.252878	0.0873977	0.2	80	650210	0
0.252878	0.0954885	0.2	80	778034	0
0.252878	0.104328	0.2	80	930799	0
0.252878	0.113986	0.2	80	1.11335e+06	0
0.252878	0.124539	0.2	80	1.33149e+06	0
0.252878	0.136068	0.2	80	1.59211e+06	0
0.252878	0.148664	0.2	80	1.90347e+06	0
0.252878	0.162426	0.2	80	2.27543e+06	0
0.252878	0.177463	0.2	80	2.71975e+06	0
0.252878	0.193892	0.2	80	3.25046e+06	0
0.252878	0.211841	0.2	80	3.88435e+06	0
0.252878	0.231452	0.2	80	4.64142e+06	0
0.252878	0.252878	0.2	80	5.54557e+06	0
0.252878	0.276288	0.2	80	6.62533e+06	0
0.252878	0.301866	0.2	80	7.91476e+06	0
0.252878	0.329811	0.2	80	9.45452e+06	0
0.252878	0.360343	0.2	80	1.12931e+07	0
0.252878	0.393701	0.2	80	1.34886e+07	0
0.252878	0.430148	0.2	80	1.611e+07	0
0.252878	0.469968	0.2	80	1.92399e+07	0
0.252878	0.513475	0.2	80	2.29769e+07	0
0.252878	0.56101	0.2	80	2.74387e+07	0
0.252878	0.612945	0.2	80	3.27658e+07	0
0.252878	0.669688	0.2	80	3.91257e+07	0
0.276288	0.000104526	0.2	80	436.336	0
0.276288	0.000114203	0.2	80	434.268	0
0.276288	0.000124775	0.2	80	432.03	0
0.276288	0.000136326	0.2	80	429.613	0
0.276288	0.000148946	0.2	80	427.003	0
0.276288	0.000162735	0.2	80	424.19	0
0.276288	0.0001778	0.2	80	421.163	0
0.276288	0.00019426	0.2	80	417.909	0
0.276288	0.000212243	0.2	80	414.418	0
0.276288	0.000231891	0.2	80	410.682	0
0.276288	0.000253358	0.2	80	406.692	0
0.276288	0.000276813	0.2	80	402.443	0
0.276288	0.000302439	0.2	80	397.932	0
0.276288	0.000330437	0.2	80	393.161	0
0.276288	0.000361027	0.2	80	388.135	0
0.276288	0.000394448	0.2	80	382.868	0
0.276288	0.000430964	0.2	80	377.38	0
0.276288	0.00047086	0.2	80	371.703	0
0.276288	0.00051445	0.2	80	365.88	0
0.276288	0.000562075	0.2	80	359.973	0
0.276288	0.000614108	0.2	80	354.062	0
0.276288	0.000670959	0.2	80	348.25	0
0.276288	0.000733073	0.2	80	342.674	0
0.276288	0.000800936	0.2	80	337.503	0
0.276288	0.000875083	0.2	80	332.954	0
0.276288	0.000956093	0.2	80	329.299	0
0.276288	0.0010446	0.2	80	326.874	0
0.276288	0.00114131	0.2	80	326.098	0
0.276288	0.00124696	0.2	80	327.485	0
0.276288	0.0013624	0.2	80	331.67	0
0.276288	0.00148852	0.2	80	339.427	0
0.276288	0.00162632	0.2	80	351.705	0
0.276288	0.00177687	0.2	80	369.66	0
0.276288	0.00194137	0.2	80	394.696	0
0.276288	0.00212109	0.2	80	428.518	0
0.276288	0.00231745	0.2	80	473.192	0
0.276288	0.00253198	0.2	80	531.22	0
0.276288	0.00276638	0.2	80	605.623	0
0.276288	0.00302248	0.2	80	700.048	0
0.276288	0.00330228	0.2	80	818.893	0
0.276288	0.00360798	0.2	80	967.457	0
0.276288	0.00394199	0.2	80	1152.12	0
0.276288	0.00430692	0.2	80	1380.54	0
0.276288	0.00470563	0.2	80	1661.95	0
0.276288	0.00514125	0.2	80	2007.41	0
0.276288	0.0056172	0.2	80	2430.22	0
0.276288	0.0061372	0.2	80	2946.32	0
0.276288	0.00670535	0.2	80	3574.84	0
0.276288	0.0073261	0.2	80	4338.72	0
0.276288	0.0080043	0.2	80	5265.43	0
0.276288	0.0087453	0.2	80	6387.89	0
0.276288	0.00955489	0.2	80	7745.53	0
0.276288	0.0104394	0.2	80	9385.53	0
0.276288	0.0114058	0.2	80	11364.4	0
0.276288	0.0124617	0.2	80	13749.7	0
0.276288	0.0136154	0.2	80	16622.4	0
0.276288	0.0148758	0.2	80	20079.2	0
0.276288	0.0162529	0.2	80	24235.8	0
0.276288	0.0177575	0.2	80	29230.5	0
0.276288	0.0194014	0.2	80	35228.9	0
0.276288	0.0211975	0.2	80	42428.5	0
0.276288	0.0231598	0.2	80	51065.8	0
0.276288	0.0253038	0.2	80	61423.2	0
0.276288	0.0276463	0.2	80	73838.4	0
0.276288	0.0302057	0.2	80	88714.6	0
0.276288	0.0330019	0.2	80	106534	0
0.276288	0.0360571	0.2	80	127872	0
0.276288	0.039395	0.2	80	153417	0
0.276288	0.043042	0.2	80	183989	0
0.276288	0.0470266	0.2	80	220572	0
0.276288	0.05138	0.2	80	264337	0
0.276288	0.0561365	0.2	80	316683	0
0.276288	0.0613333	0.2	80	379284	0
0.276288	0.0670111	0.2	80	454136	0
0.276288	0.0732147	0.2	80	543623	0
0.276288	0.0799925	0.2	80	650593	0
0.276288	0.0873977	0.2	80	778448	0
0.276288	0.0954885	0.2	80	931246	0
0.276288	0.104328	0.2	80	1.11384e+06	0
0.276288	0.113986	0.2	80	1.33201e+06	0
0.276288	0.124539	0.2	80	1.59267e+06	0
0.276288	0.136068	0.2	80	1.90408e+06	0
0.276288	0.148664	0.2	80	2.27609e+06	0
0.276288	0.162426	0.2	80	2.72046e+06	0
0.276288	0.177463	0.2	80	3.25124e+06	0
0.276288	0.193892	0.2	80	3.88519e+06	0
0.276288	0.211841	0.2	80	4.64234e+06	0
0.276288	0.231452	0.2	80	5.54657e+06	0
0.276288	0.252878	0.2	80	6.62643e+06	0
0.276288	0.276288	0.2	80	7.91596e+06	0
0.276288	0.301866	0.2	80	9.45584e+06	0
0.276288	0.329811	0.2	80	1.12946e+07	0
0.276288	0.360343	0.2	80	1.34902e+07	0
0.276288	0.393701	0.2	80	1.61118e+07	0
0.276288	0.430148	0.2	80	1.92419e+07	0
0.276288	0.469968	0.2	80	2.29792e+07	0
0.276288	0.513475	0.2	80	2.74414e+07	0
0.276288	0.56101	0.2	80	3.27688e+07	0
0.276288	0.612945	0.2	80	3.91292e+07	0
0.276288	0.669688	0.2	80	4.67227e+07	0
0.301866	0.000104526	0.2	80	474.309	0
0.301866	0.000114203	0.2	80	472.119	0
0.301866	0.000124775	0.2	80	469.754	0
0.301866	0.000136326	0.2	80	467.201	0
0.301866	0.000148946	0.2	80	464.451	0
0.301866	0.000162735	0.2	80	461.491	0
0.301866	0.0001778	0.2	80	458.312	0
0.301866	0.00019426	0.2	80	454.903	0
0.301866	0.000212243	0.2	80	451.255	0
0.301866	0.000231891	0.2	80	447.362	0
0.301866	0.000253358	0.2	80	443.219	0
0.301866	0.000276813	0.2	80	438.824	0
0.301866	0.000302439	0.2	80	434.18	0
0.301866	0.000330437	0.2	80	429.292	0
0.301866	0.000361027	0.2	80	424.176	0
0.301866	0.000394448	0.2	80	418.853	0
0.301866	0.000430964	0.2	80	413.356	0
0.301866	0.00047086	0.2	80	407.731	0
0.301866	0.00051445	0.2	80	402.04	0
0.301866	0.000562075	0.2	80	396.363	0
0.301866	0.000614108	0.2	80	390.809	0
0.301866	0.000670959	0.2	80	385.512	0
0.301866	0.000733073	0.2	80	380.648	0
0.301866	0.000800936	0.2	80	376.435	0
0.301866	0.000875083	0.2	80	373.145	0
0.301866	0.000956093	0.2	80	371.12	0
0.301866	0.0010446	0.2	80	370.781	0
0.301866	0.00114131	0.2	80	372.645	0
0.301866	0.00124696	0.2	80	377.351	0
0.301866	0.0013624	0.2	80	385.677	0
0.301866	0.00148852	0.2	80	398.577	0
0.301866	0.00162632	0.2	80	417.211	0
0.301866	0.00177687	0.2	80	442.989	0
0.301866	0.00194137	0.2	80	477.621	0
0.301866	0.00212109	0.2	80	523.18	0
0.301866	0.00231745	0.2	80	582.174	0
0.301866	0.00253198	0.2	80	657.633	0
0.301866	0.00276638	0.2	80	753.211	0
0.301866	0.00302248	0.2	80	873.315	0
0.301866	0.00330228	0.2	80	1023.25	0
0.301866	0.00360798	0.2	80	1209.41	0
0.301866	0.00394199	0.2	80	1439.48	0
0.301866	0.00430692	0.2	80	1722.67	0
0.301866	0.00470563	0.2	80	2070.09	0
0.301866	0.00514125	0.2	80	2495.03	0
0.301866	0.0056172	0.2	80	3013.46	0
0.301866	0.0061372	0.2	80	3644.53	0
0.301866	0.00670535	0.2	80	4411.18	0
0.301866	0.0073261	0.2	80	5340.92	0
0.301866	0.0080043	0.2	80	6466.68	0
0.301866	0.0087453	0.2	80	7827.92	0
0.301866	0.00955489	0.2	80	9471.85	0
0.301866	0.0104394	0.2	80	11455	0
0.301866	0.0114058	0.2	80	13845	0
0.301866	0.0124617	0.2	80	16722.8	0
0.301866	0.0136154	0.2	80	20185.2	0
0.301866	0.0148758	0.2	80	24347.8	0
0.301866	0.0162529	0.2	80	29349.2	0
0.301866	0.0177575	0.2	80	35354.7	0
0.301866	0.0194014	0.2	80	42562.2	0
0.301866	0.0211975	0.2	80	51208	0
0.301866	0.0231598	0.2	80	61574.8	0
0.301866	0.0253038	0.2	80	74000.1	0
0.301866	0.0276463	0.2	80	88887.3	0
0.301866	0.0302057	0.2	80	106719	0
0.301866	0.0330019	0.2	80	128070	0
0.301866	0.0360571	0.2	80	153629	0
0.301866	0.039395	0.2	80	184217	0
0.301866	0.043042	0.2	80	220816	0
0.301866	0.0470266	0.2	80	264599	0
0.301866	0.05138	0.2	80	316966	0
0.301866	0.0561365	0.2	80	379588	0
0.301866	0.0613333	0.2	80	454463	0
0.301866	0.0670111	0.2	80	543975	0
0.301866	0.0732147	0.2	80	650974	0
0.301866	0.0799925	0.2	80	778858	0
0.301866	0.0873977	0.2	80	931688	0
0.301866	0.0954885	0.2	80	1.11431e+06	0
0.301866	0.104328	0.2	80	1.33252e+06	0
0.301866	0.113986	0.2	80	1.59323e+06	0
0.301866	0.124539	0.2	80	1.90469e+06	0
0.301866	0.136068	0.2	80	2.27675e+06	0
0.301866	0.148664	0.2	80	2.72117e+06	0
0.301866	0.162426	0.2	80	3.25201e+06	0
0.301866	0.177463	0.2	80	3.88603e+06	0
0.301866	0.193892	0.2	80	4.64324e+06	0
0.301866	0.211841	0.2	80	5.54756e+06	0
0.301866	0.231452	0.2	80	6.6275e+06	0
0.301866	0.252878	0.2	80	7.91713e+06	0
0.301866	0.276288	0.2	80	9.45712e+06	0
0.301866	0.301866	0.2	80	1.1296e+07	0
0.301866	0.329811	0.2	80	1.34917e+07	0
0.301866	0.360343	0.2	80	1.61135e+07	0
0.301866	0.393701	0.2	80	1.92439e+07	0
0.301866	0.430148	0.2	80	2.29814e+07	0
0.301866	0.469968	0.2	80	2.74438e+07	0
0.301866	0.513475	0.2	80	3.27716e+07	0
0.301866	0.56101	0.2	80	3.91324e+07	0
0.301866	0.612945	0.2	80	4.67264e+07	0
0.301866	0.669688	0.2	80	5.57926e+07	0
0.329811	0.000104526	0.2	80	513.106	0
0.329811	0.000114203	0.2	80	510.791	0
0.329811	0.000124775	0.2	80	508.293	0
0.329811	0.000136326	0.2	80	505.602	0
0.329811	0.000148946	0.2	80	502.707	0
0.329811	0.000162735	0.2	80	499.599	0
0.329811	0.0001778	0.2	80	496.267	0
0.329811	0.00019426	0.2	80	492.705	0
0.329811	0.000212243	0.2	80	488.905	0
0.329811	0.000231891	0.2	80	484.863	0
0.329811	0.000253358	0.2	80	480.579	0
0.329811	0.000276813	0.2	80	476.055	0
0.329811	0.000302439	0.2	80	471.299	0
0.329811	0.000330437	0.2	80	466.328	0
0.329811	0.000361027	0.2	80	461.162	0
0.329811	0.000394448	0.2	80	455.838	0
0.329811	0.000430964	0.2	80	450.401	0
0.329811	0.00047086	0.2	80	444.915	0
0.329811	0.00051445	0.2	80	439.463	0
0.329811	0.000562075	0.2	80	434.154	0
0.329811	0.000614108	0.2	80	429.125	0
0.329811	0.000670959	0.2	80	424.554	0
0.329811	0.000733073	0.2	80	420.66	0
0.329811	0.000800936	0.2	80	417.72	0
0.329811	0.000875083	0.2	80	416.077	0
0.329811	0.000956093	0.2	80	416.154	0
0.329811	0.0010446	0.2	80	418.474	0
0.329811	0.00114131	0.2	80	423.677	0
0.329811	0.00124696	0.2	80	432.548	0
0.329811	0.0013624	0.2	80	446.042	0
0.329811	0.00148852	0.2	80	465.324	0
0.329811	0.00162632	0.2	80	491.81	0
0.329811	0.00177687	0.2	80	527.215	0
0.329811	0.00194137	0.2	80	573.62	0
0.329811	0.00212109	0.2	80	633.537	0
0.329811	0.00231745	0.2	80	710.004	0
0.329811	0.00253198	0.2	80	806.683	0
0.329811	0.00276638	0.2	80	927.989	0
0.329811	0.00302248	0.2	80	1079.24	0
0.329811	0.00330228	0.2	80	1266.83	0
0.329811	0.00360798	0.2	80	1498.46	0
0.329811	0.00394199	0.2	80	1783.37	0
0.329811	0.00430692	0.2	80	2132.65	0
0.329811	0.00470563	0.2	80	2559.63	0
0.329811	0.00514125	0.2	80	3080.28	0
0.329811	0.0056172	0.2	80	3713.78	0
0.329811	0.0061372	0.2	80	4483.08	0
0.329811	0.00670535	0.2	80	5415.71	0
0.329811	0.0073261	0.2	80	6544.63	0
0.329811	0.0080043	0.2	80	7909.32	0
0.329811	0.0087453	0.2	80	9557.01	0
0.329811	0.00955489	0.2	80	11544.3	0
0.329811	0.0104394	0.2	80	13938.8	0
0.329811	0.0114058	0.2	80	16821.4	0
0.329811	0.0124617	0.2	80	20289.1	0
0.329811	0.0136154	0.2	80	24457.5	0
0.329811	0.0148758	0.2	80	29465.2	0
0.329811	0.0162529	0.2	80	35477.6	0
0.329811	0.0177575	0.2	80	42692.6	0
0.329811	0.0194014	0.2	80	51346.7	0
0.329811	0.0211975	0.2	80	61722.3	0
0.329811	0.0231598	0.2	80	74157.3	0
0.329811	0.0253038	0.2	80	89055.2	0
0.329811	0.0276463	0.2	80	106898	0
0.329811	0.0302057	0.2	80	128262	0
0.329811	0.0330019	0.2	80	153834	0
0.329811	0.0360571	0.2	80	184437	0
0.329811	0.039395	0.2	80	221053	0
0.329811	0.043042	0.2	80	264853	0
0.329811	0.0470266	0.2	80	317238	0
0.329811	0.05138	0.2	80	379881	0
0.329811	0.0561365	0.2	80	454779	0
0.329811	0.0613333	0.2	80	544316	0
0.329811	0.0670111	0.2	80	651340	0
0.329811	0.0732147	0.2	80	779253	0
0.329811	0.0799925	0.2	80	932115	0
0.329811	0.0873977	0.2	80	1.11477e+06	0
0.329811	0.0954885	0.2	80	1.33302e+06	0
0.329811	0.104328	0.2	80	1.59377e+06	0
0.329811	0.113986	0.2	80	1.90527e+06	0
0.329811	0.124539	0.2	80	2.27737e+06	0
0.329811	0.136068	0.2	80	2.72185e+06	0
0.329811	0.148664	0.2	80	3.25274e+06	0
0.329811	0.162426	0.2	80	3.88682e+06	0
0.329811	0.177463	0.2	80	4.64411e+06	0
0.329811	0.193892	0.2	80	5.54849e+06	0
0.329811	0.211841	0.2	80	6.62852e+06	0
0.329811	0.231452	0.2	80	7.91825e+06	0
0.329811	0.252878	0.2	80	9.45834e+06	0
0.329811	0.276288	0.2	80	1.12973e+07	0
0.329811	0.301866	0.2	80	1.34932e+07	0
0.329811	0.329811	0.2	80	1.61151e+07	0
0.329811	0.360343	0.2	80	1.92457e+07	0
0.329811	0.393701	0.2	80	2.29834e+07	0
0.329811	0.430148	0.2	80	2.74461e+07	0
0.329811	0.469968	0.2	80	3.27742e+07	0
0.329811	0.513475	0.2	80	3.91353e+07	0
0.329811	0.56101	0.2	80	4.67298e+07	0
0.329811	0.612945	0.2	80	5.57965e+07	0
0.329811	0.669688	0.2	80	6.66208e+07	0
0.360343	0.000104526	0.2	80	550.871	0
0.360343	0.000114203	0.2	80	548.423	0
0.360343	0.000124775	0.2	80	545.787	0
0.360343	0.000136326	0.2	80	542.952	0
0.360343	0.000148946	0.2	80	539.909	0
0.360343	0.000162735	0.2	80	536.649	0
0.360343	0.0001778	0.2	80	533.165	0
0.360343	0.00019426	0.2	80	529.45	0
0.360343	0.000212243	0.2	80	525.502	0
0.360343	0.000231891	0.2	80	521.319	0
0.360343	0.000253358	0.2	80	516.907	0
0.360343	0.000276813	0.2	80	512.273	0
0.360343	0.000302439	0.2	80	507.434	0
0.360343	0.000330437	0.2	80	502.414	0
0.360343	0.000361027	0.2	80	497.248	0
0.360343	0.000394448	0.2	80	491.984	0
0.360343	0.000430964	0.2	80	486.687	0
0.360343	0.00047086	0.2	80	481.442	0
0.360343	0.00051445	0.2	80	476.358	0
0.360343	0.000562075	0.2	80	471.577	0
0.360343	0.000614108	0.2	80	467.275	0
0.360343	0.000670959	0.2	80	463.675	0
0.360343	0.000733073	0.2	80	461.057	0
0.360343	0.000800936	0.2	80	459.765	0
0.360343	0.000875083	0.2	80	460.226	0
0.360343	0.000956093	0.2	80	462.965	0
0.360343	0.0010446	0.2	80	468.626	0
0.360343	0.00114131	0.2	80	477.997	0
0.360343	0.00124696	0.2	80	492.037	0
0.360343	0.0013624	0.2	80	511.916	0
0.360343	0.00148852	0.2	80	539.054	0
0.360343	0.00162632	0.2	80	575.172	0
0.360343	0.00177687	0.2	80	622.355	0
0.360343	0.00194137	0.2	80	683.121	0
0.360343	0.00212109	0.2	80	760.516	0
0.360343	0.00231745	0.2	80	858.208	0
0.360343	0.00253198	0.2	80	980.621	0
0.360343	0.00276638	0.2	80	1133.08	0
0.360343	0.00302248	0.2	80	1322	0
0.360343	0.00330228	0.2	80	1555.06	0
0.360343	0.00360798	0.2	80	1841.54	0
0.360343	0.00394199	0.2	80	2192.54	0
0.360343	0.00430692	0.2	80	2621.4	0
0.360343	0.00470563	0.2	80	3144.1	0
0.360343	0.00514125	0.2	80	3779.83	0
0.360343	0.0056172	0.2	80	4551.58	0
0.360343	0.0061372	0.2	80	5486.87	0
0.360343	0.00670535	0.2	80	6618.7	0
0.360343	0.0073261	0.2	80	7986.55	0
0.360343	0.0080043	0.2	80	9637.71	0
0.360343	0.0087453	0.2	80	11628.7	0
0.360343	0.00955489	0.2	80	14027.3	0
0.360343	0.0104394	0.2	80	16914.5	0
0.360343	0.0114058	0.2	80	20387.1	0
0.360343	0.0124617	0.2	80	24560.9	0
0.360343	0.0136154	0.2	80	29574.4	0
0.360343	0.0148758	0.2	80	35593.1	0
0.360343	0.0162529	0.2	80	42815	0
0.360343	0.0177575	0.2	80	51476.6	0
0.360343	0.0194014	0.2	80	61860.5	0
0.360343	0.0211975	0.2	80	74304.4	0
0.360343	0.0231598	0.2	80	89212	0
0.360343	0.0253038	0.2	80	107065	0
0.360343	0.0276463	0.2	80	128440	0
0.360343	0.0302057	0.2	80	154026	0
0.360343	0.0330019	0.2	80	184642	0
0.360343	0.0360571	0.2	80	221273	0
0.360343	0.039395	0.2	80	265089	0
0.360343	0.043042	0.2	80	317492	0
0.360343	0.0470266	0.2	80	380154	0
0.360343	0.05138	0.2	80	455072	0
0.360343	0.0561365	0.2	80	544631	0
0.360343	0.0613333	0.2	80	651680	0
0.360343	0.0670111	0.2	80	779619	0
0.360343	0.0732147	0.2	80	932510	0
0.360343	0.0799925	0.2	80	1.1152e+06	0
0.360343	0.0873977	0.2	80	1.33348e+06	0
0.360343	0.0954885	0.2	80	1.59426e+06	0
0.360343	0.104328	0.2	80	1.9058e+06	0
0.360343	0.113986	0.2	80	2.27795e+06	0
0.360343	0.124539	0.2	80	2.72248e+06	0
0.360343	0.136068	0.2	80	3.25342e+06	0
0.360343	0.148664	0.2	80	3.88756e+06	0
0.360343	0.162426	0.2	80	4.6449e+06	0
0.360343	0.177463	0.2	80	5.54936e+06	0
0.360343	0.193892	0.2	80	6.62946e+06	0
0.360343	0.211841	0.2	80	7.91927e+06	0
0.360343	0.231452	0.2	80	9.45945e+06	0
0.360343	0.252878	0.2	80	1.12986e+07	0
0.360343	0.276288	0.2	80	1.34945e+07	0
0.360343	0.301866	0.2	80	1.61166e+07	0
0.360343	0.329811	0.2	80	1.92473e+07	0
0.360343	0.360343	0.2	80	2.29852e+07	0
0.360343	0.393701	0.2	80	2.74481e+07	0
0.360343	0.430148	0.2	80	3.27764e+07	0
0.360343	0.469968	0.2	80	3.91379e+07	0
0.360343	0.513475	0.2	80	4.67328e+07	0
0.360343	0.56101	0.2	80	5.57999e+07	0
0.360343	0.612945	0.2	80	6.66248e+07	0
0.360343	0.669688	0.2	80	7.95478e+07	0
0.393701	0.000104526	0.2	80	585.06	0
0.393701	0.000114203	0.2	80	582.472	0
0.393701	0.000124775	0.2	80	579.689	0
0.393701	0.000136326	0.2	80	576.703	0
0.393701	0.000148946	0.2	80	573.505	0
0.393701	0.000162735	0.2	80	570.088	0
0.393701	0.0001778	0.2	80	566.448	0
0.393701	0.00019426	0.2	80	562.58	0
0.393701	0.000212243	0.2	80	558.486	0
0.393701	0.000231891	0.2	80	554.17	0
0.393701	0.000253358	0.2	80	549.642	0
0.393701	0.000276813	0.2	80	544.918	0
0.393701	0.000302439	0.2	80	540.024	0
0.393701	0.000330437	0.2	80	534.996	0
0.393701	0.000361027	0.2	80	529.883	0
0.393701	0.000394448	0.2	80	524.75	0
0.393701	0.000430964	0.2	80	519.685	0
0.393701	0.00047086	0.2	80	514.797	0
0.393701	0.00051445	0.2	80	510.23	0
0.393701	0.000562075	0.2	80	506.163	0
0.393701	0.000614108	0.2	80	502.819	0
0.393701	0.000670959	0.2	80	500.48	0
0.393701	0.000733073	0.2	80	499.494	0
0.393701	0.000800936	0.2	80	500.288	0
0.393701	0.000875083	0.2	80	503.392	0
0.393701	0.000956093	0.2	80	509.451	0
0.393701	0.0010446	0.2	80	519.256	0
0.393701	0.00114131	0.2	80	533.772	0
0.393701	0.00124696	0.2	80	554.17	0
0.393701	0.0013624	0.2	80	581.874	0
0.393701	0.00148852	0.2	80	618.611	0
0.393701	0.00162632	0.2	80	666.469	0
0.393701	0.00177687	0.2	80	727.975	0
0.393701	0.00194137	0.2	80	806.175	0
0.393701	0.00212109	0.2	80	904.748	0
0.393701	0.00231745	0.2	80	1028.12	0
0.393701	0.00253198	0.2	80	1181.63	0
0.393701	0.00276638	0.2	80	1371.69	0
0.393701	0.00302248	0.2	80	1606.02	0
0.393701	0.00330228	0.2	80	1893.86	0
0.393701	0.00360798	0.2	80	2246.36	0
0.393701	0.00394199	0.2	80	2676.84	0
0.393701	0.00430692	0.2	80	3201.32	0
0.393701	0.00470563	0.2	80	3839	0
0.393701	0.00514125	0.2	80	4612.86	0
0.393701	0.0056172	0.2	80	5550.47	0
0.393701	0.0061372	0.2	80	6684.82	0
0.393701	0.00670535	0.2	80	8055.43	0
0.393701	0.0073261	0.2	80	9709.59	0
0.393701	0.0080043	0.2	80	11703.9	0
0.393701	0.0087453	0.2	80	14106.1	0
0.393701	0.00955489	0.2	80	16997.2	0
0.393701	0.0104394	0.2	80	20474	0
0.393701	0.0114058	0.2	80	24652.4	0
0.393701	0.0124617	0.2	80	29671	0
0.393701	0.0136154	0.2	80	35695.2	0
0.393701	0.0148758	0.2	80	42923.1	0
0.393701	0.0162529	0.2	80	51591.3	0
0.393701	0.0177575	0.2	80	61982.3	0
0.393701	0.0194014	0.2	80	74434	0
0.393701	0.0211975	0.2	80	89350	0
0.393701	0.0231598	0.2	80	107213	0
0.393701	0.0253038	0.2	80	128598	0
0.393701	0.0276463	0.2	80	154194	0
0.393701	0.0302057	0.2	80	184822	0
0.393701	0.0330019	0.2	80	221465	0
0.393701	0.0360571	0.2	80	265296	0
0.393701	0.039395	0.2	80	317714	0
0.393701	0.043042	0.2	80	380392	0
0.393701	0.0470266	0.2	80	455328	0
0.393701	0.05138	0.2	80	544907	0
0.393701	0.0561365	0.2	80	651977	0
0.393701	0.0613333	0.2	80	779939	0
0.393701	0.0670111	0.2	80	932854	0
0.393701	0.0732147	0.2	80	1.11557e+06	0
0.393701	0.0799925	0.2	80	1.33388e+06	0
0.393701	0.0873977	0.2	80	1.5947e+06	0
0.393701	0.0954885	0.2	80	1.90627e+06	0
0.393701	0.104328	0.2	80	2.27845e+06	0
0.393701	0.113986	0.2	80	2.72302e+06	0
0.393701	0.124539	0.2	80	3.25401e+06	0
0.393701	0.136068	0.2	80	3.88819e+06	0
0.393701	0.148664	0.2	80	4.64559e+06	0
0.393701	0.162426	0.2	80	5.5501e+06	0
0.393701	0.177463	0.2	80	6.63027e+06	0
0.393701	0.193892	0.2	80	7.92015e+06	0
0.393701	0.211841	0.2	80	9.46041e+06	0
0.393701	0.231452	0.2	80	1.12996e+07	0
0.393701	0.252878	0.2	80	1.34957e+07	0
0.393701	0.276288	0.2	80	1.61178e+07	0
0.393701	0.301866	0.2	80	1.92487e+07	0
0.393701	0.329811	0.2	80	2.29868e+07	0
0.393701	0.360343	0.2	80	2.74498e+07	0
0.393701	0.393701	0.2	80	3.27784e+07	0
0.393701	0.430148	0.2	80	3.91401e+07	0
0.393701	0.469968	0.2	80	4.67352e+07	0
0.393701	0.513475	0.2	80	5.58028e+07	0
0.393701	0.56101	0.2	80	6.66281e+07	0
0.393701	0.612945	0.2	80	7.95517e+07	0
0.393701	0.669688	0.2	80	9.49802e+07	0
0.430148	0.000104526	0.2	80	612.363	0
0.430148	0.000114203	0.2	80	609.621	0
0.430148	0.000124775	0.2	80	606.679	0
0.430148	0.000136326	0.2	80	603.53	0
0.430148	0.000148946	0.2	80	600.167	0
0.430148	0.000162735	0.2	80	596.585	0
0.430148	0.0001778	0.2	80	592.781	0
0.430148	0.00019426	0.2	80	588.756	0
0.430148	0.000212243	0.2	80	584.516	0
0.430148	0.000231891	0.2	80	580.071	0
0.430148	0.000253358	0.2	80	575.438	0
0.430148	0.000276813	0.2	80	570.643	0
0.430148	0.000302439	0.2	80	565.723	0
0.430148	0.000330437	0.2	80	560.728	0
0.430148	0.000361027	0.2	80	555.725	0
0.430148	0.000394448	0.2	80	550.801	0
0.430148	0.000430964	0.2	80	546.068	0
0.430148	0.00047086	0.2	80	541.669	0
0.430148	0.00051445	0.2	80	537.785	0
0.430148	0.000562075	0.2	80	534.643	0
0.430148	0.000614108	0.2	80	532.524	0
0.430148	0.000670959	0.2	80	531.777	0
0.430148	0.000733073	0.2	80	532.833	0
0.430148	0.000800936	0.2	80	536.223	0
0.430148	0.000875083	0.2	80	542.595	0
0.430148	0.000956093	0.2	80	552.742	0
0.430148	0.0010446	0.2	80	567.63	0
0.430148	0.00114131	0.2	80	588.436	0
0.430148	0.00124696	0.2	80	616.585	0
0.430148	0.0013624	0.2	80	653.808	0
0.430148	0.00148852	0.2	80	702.198	0
0.430148	0.00162632	0.2	80	764.283	0
0.430148	0.00177687	0.2	80	843.117	0
0.430148	0.00194137	0.2	80	942.381	0
0.430148	0.00212109	0.2	80	1066.51	0
0.430148	0.00231745	0.2	80	1220.85	0
0.430148	0.00253198	0.2	80	1411.81	0
0.430148	0.00276638	0.2	80	1647.11	0
0.430148	0.00302248	0.2	80	1936.03	0
0.430148	0.00330228	0.2	80	2289.7	0
0.430148	0.00360798	0.2	80	2721.46	0
0.430148	0.00394199	0.2	80	3247.34	0
0.430148	0.00430692	0.2	80	3886.54	0
0.430148	0.00470563	0.2	80	4662.07	0
0.430148	0.00514125	0.2	80	5601.49	0
0.430148	0.0056172	0.2	80	6737.82	0
0.430148	0.0061372	0.2	80	8110.59	0
0.430148	0.00670535	0.2	80	9767.11	0
0.430148	0.0073261	0.2	80	11764	0
0.430148	0.0080043	0.2	80	14169	0
0.430148	0.0087453	0.2	80	17063.1	0
0.430148	0.00955489	0.2	80	20543.3	0
0.430148	0.0104394	0.2	80	24725.3	0
0.430148	0.0114058	0.2	80	29747.8	0
0.430148	0.0124617	0.2	80	35776.4	0
0.430148	0.0136154	0.2	80	43009	0
0.430148	0.0148758	0.2	80	51682.3	0
0.430148	0.0162529	0.2	80	62078.8	0
0.430148	0.0177575	0.2	80	74536.6	0
0.430148	0.0194014	0.2	80	89459.2	0
0.430148	0.0211975	0.2	80	107329	0
0.430148	0.0231598	0.2	80	128722	0
0.430148	0.0253038	0.2	80	154326	0
0.430148	0.0276463	0.2	80	184964	0
0.430148	0.0302057	0.2	80	221617	0
0.430148	0.0330019	0.2	80	265458	0
0.430148	0.0360571	0.2	80	317888	0
0.430148	0.039395	0.2	80	380579	0
0.430148	0.043042	0.2	80	455529	0
0.430148	0.0470266	0.2	80	545123	0
0.430148	0.05138	0.2	80	652209	0
0.430148	0.0561365	0.2	80	780189	0
0.430148	0.0613333	0.2	80	933123	0
0.430148	0.0670111	0.2	80	1.11586e+06	0
0.430148	0.0732147	0.2	80	1.33419e+06	0
0.430148	0.0799925	0.2	80	1.59503e+06	0
0.430148	0.0873977	0.2	80	1.90663e+06	0
0.430148	0.0954885	0.2	80	2.27884e+06	0
0.430148	0.104328	0.2	80	2.72344e+06	0
0.430148	0.113986	0.2	80	3.25446e+06	0
0.430148	0.124539	0.2	80	3.88868e+06	0
0.430148	0.136068	0.2	80	4.64612e+06	0
0.430148	0.148664	0.2	80	5.55067e+06	0
0.430148	0.162426	0.2	80	6.63088e+06	0
0.430148	0.177463	0.2	80	7.92081e+06	0
0.430148	0.193892	0.2	80	9.46113e+06	0
0.430148	0.211841	0.2	80	1.13004e+07	0
0.430148	0.231452	0.2	80	1.34965e+07	0
0.430148	0.252878	0.2	80	1.61188e+07	0
0.430148	0.276288	0.2	80	1.92497e+07	0
0.430148	0.301866	0.2	80	2.29879e+07	0
0.430148	0.329811	0.2	80	2.74511e+07	0
0.430148	0.360343	0.2	80	3.27798e+07	0
0.430148	0.393701	0.2	80	3.91417e+07	0
0.430148	0.430148	0.2	80	4.67371e+07	0
0.430148	0.469968	0.2	80	5.5805e+07	0
0.430148	0.513475	0.2	80	6.66306e+07	0
0.430148	0.56101	0.2	80	7.95547e+07	0
0.430148	0.612945	0.2	80	9.49837e+07	0
0.430148	0.669688	0.2	80	1.13403e+08	0
0.469968	0.000104526	0.2	80	628.685	0
0.469968	0.000114203	0.2	80	625.772	0
0.469968	0.000124775	0.2	80	622.653	0
0.469968	0.000136326	0.2	80	619.323	0
0.469968	0.000148946	0.2	80	615.778	0
0.469968	0.000162735	0.2	80	612.014	0
0.469968	0.0001778	0.2	80	608.033	0
0.469968	0.00019426	0.2	80	603.84	0
0.469968	0.000212243	0.2	80	599.447	0
0.469968	0.000231891	0.2	80	594.871	0
0.469968	0.000253358	0.2	80	590.138	0
0.469968	0.000276813	0.2	80	585.286	0
0.469968	0.000302439	0.2	80	580.365	0
0.469968	0.000330437	0.2	80	575.443	0
0.469968	0.000361027	0.2	80	570.607	0
0.469968	0.000394448	0.2	80	565.97	0
0.469968	0.000430964	0.2	80	561.677	0
0.469968	0.00047086	0.2	80	557.909	0
0.469968	0.00051445	0.2	80	554.892	0
0.469968	0.000562075	0.2	80	552.91	0
0.469968	0.000614108	0.2	80	552.314	0
0.469968	0.000670959	0.2	80	553.534	0
0.469968	0.000733073	0.2	80	557.103	0
0.469968	0.000800936	0.2	80	563.671	0
0.469968	0.000875083	0.2	80	574.032	0
0.469968	0.000956093	0.2	80	589.154	0
0.469968	0.0010446	0.2	80	610.214	0
0.469968	0.00114131	0.2	80	638.642	0
0.469968	0.00124696	0.2	80	676.169	0
0.469968	0.0013624	0.2	80	724.891	0
0.469968	0.00148852	0.2	80	787.338	0
0.469968	0.00162632	0.2	80	866.568	0
0.469968	0.00177687	0.2	80	966.265	0
0.469968	0.00194137	0.2	80	1090.87	0
0.469968	0.00212109	0.2	80	1245.72	0
0.469968	0.00231745	0.2	80	1437.24	0
0.469968	0.00253198	0.2	80	1673.16	0
0.469968	0.00276638	0.2	80	1962.75	0
0.469968	0.00302248	0.2	80	2317.15	0
0.469968	0.00330228	0.2	80	2749.71	0
0.469968	0.00360798	0.2	80	3276.46	0
0.469968	0.00394199	0.2	80	3916.61	0
0.469968	0.00430692	0.2	80	4693.17	0
0.469968	0.00470563	0.2	80	5633.72	0
0.469968	0.00514125	0.2	80	6771.29	0
0.469968	0.0056172	0.2	80	8145.4	0
0.469968	0.0061372	0.2	80	9803.39	0
0.469968	0.00670535	0.2	80	11801.9	0
0.469968	0.0073261	0.2	80	14208.6	0
0.469968	0.0080043	0.2	80	17104.6	0
0.469968	0.0087453	0.2	80	20586.8	0
0.469968	0.00955489	0.2	80	24771.1	0
0.469968	0.0104394	0.2	80	29796.1	0
0.469968	0.0114058	0.2	80	35827.3	0
0.469968	0.0124617	0.2	80	43062.8	0
0.469968	0.0136154	0.2	80	51739.2	0
0.469968	0.0148758	0.2	80	62139.2	0
0.469968	0.0162529	0.2	80	74600.7	0
0.469968	0.0177575	0.2	80	89527.3	0
0.469968	0.0194014	0.2	80	107401	0
0.469968	0.0211975	0.2	80	128799	0
0.469968	0.0231598	0.2	80	154409	0
0.469968	0.0253038	0.2	80	185052	0
0.469968	0.0276463	0.2	80	221711	0
0.469968	0.0302057	0.2	80	265559	0
0.469968	0.0330019	0.2	80	317996	0
0.469968	0.0360571	0.2	80	380695	0
0.469968	0.039395	0.2	80	455653	0
0.469968	0.043042	0.2	80	545255	0
0.469968	0.0470266	0.2	80	652351	0
0.469968	0.05138	0.2	80	780341	0
0.469968	0.0561365	0.2	80	933286	0
0.469968	0.0613333	0.2	80	1.11604e+06	0
0.469968	0.0670111	0.2	80	1.33438e+06	0
0.469968	0.0732147	0.2	80	1.59523e+06	0
0.469968	0.0799925	0.2	80	1.90685e+06	0
0.469968	0.0873977	0.2	80	2.27908e+06	0
0.469968	0.0954885	0.2	80	2.72369e+06	0
0.469968	0.104328	0.2	80	3.25473e+06	0
0.469968	0.113986	0.2	80	3.88897e+06	0
0.469968	0.124539	0.2	80	4.64642e+06	0
0.469968	0.136068	0.2	80	5.551e+06	0
0.469968	0.148664	0.2	80	6.63124e+06	0
0.469968	0.162426	0.2	80	7.9212e+06	0
0.469968	0.177463	0.2	80	9.46155e+06	0
0.469968	0.193892	0.2	80	1.13008e+07	0
0.469968	0.211841	0.2	80	1.3497e+07	0
0.469968	0.231452	0.2	80	1.61193e+07	0
0.469968	0.252878	0.2	80	1.92503e+07	0
0.469968	0.276288	0.2	80	2.29886e+07	0
0.469968	0.301866	0.2	80	2.74518e+07	0
0.469968	0.329811	0.2	80	3.27806e+07	0
0.469968	0.360343	0.2	80	3.91427e+07	0
0.469968	0.393701	0.2	80	4.67382e+07	0
0.469968	0.430148	0.2	80	5.58062e+07	0
0.469968	0.469968	0.2	80	6.66321e+07	0
0.469968	0.513475	0.2	80	7.95565e+07	0
0.469968	0.56101	0.2	80	9.4986e+07	0
0.469968	0.612945	0.2	80	1.13406e+08	0
0.469968	0.669688	0.2	80	1.35395e+08	0
0.513475	0.000104526	0.2	80	629.268	0
0.513475	0.000114203	0.2	80	626.156	0
0.513475	0.000124775	0.2	80	622.833	0
0.513475	0.000136326	0.2	80	619.295	0
0.513475	0.000148946	0.2	80	615.539	0
0.513475	0.000162735	0.2	80	611.567	0
0.513475	0.0001778	0.2	80	607.385	0
0.513475	0.00019426	0.2	80	603.002	0
0.513475	0.000212243	0.2	80	598.437	0
0.513475	0.000231891	0.2	80	593.717	0
0.513475	0.000253358	0.2	80	588.879	0
0.513475	0.000276813	0.2	80	583.973	0
0.513475	0.000302439	0.2	80	579.067	0
0.513475	0.000330437	0.2	80	574.249	0
0.513475	0.000361027	0.2	80	569.632	0
0.513475	0.000394448	0.2	80	565.361	0
0.513475	0.000430964	0.2	80	561.616	0
0.513475	0.00047086	0.2	80	558.625	0
0.513475	0.00051445	0.2	80	556.671	0
0.513475	0.000562075	0.2	80	556.105	0
0.513475	0.000614108	0.2	80	557.359	0
0.513475	0.000670959	0.2	80	560.964	0
0.513475	0.000733073	0.2	80	567.571	0
0.513475	0.000800936	0.2	80	577.975	0
0.513475	0.000875083	0.2	80	593.144	0
0.513475	0.000956093	0.2	80	614.256	0
0.513475	0.0010446	0.2	80	642.74	0
0.513475	0.00114131	0.2	80	680.329	0
0.513475	0.00124696	0.2	80	729.117	0
0.513475	0.0013624	0.2	80	791.637	0
0.513475	0.00148852	0.2	80	870.947	0
0.513475	0.00162632	0.2	80	970.73	0
0.513475	0.00177687	0.2	80	1095.43	0
0.513475	0.00194137	0.2	80	1250.38	0
0.513475	0.00212109	0.2	80	1442.01	0
0.513475	0.00231745	0.2	80	1678.05	0
0.513475	0.00253198	0.2	80	1967.78	0
0.513475	0.00276638	0.2	80	2322.31	0
0.513475	0.00302248	0.2	80	2755.03	0
0.513475	0.00330228	0.2	80	3281.95	0
0.513475	0.00360798	0.2	80	3922.28	0
0.513475	0.00394199	0.2	80	4699.04	0
0.513475	0.00430692	0.2	80	5639.81	0
0.513475	0.00470563	0.2	80	6777.61	0
0.513475	0.00514125	0.2	80	8151.97	0
0.513475	0.0056172	0.2	80	9810.23	0
0.513475	0.0061372	0.2	80	11809	0
0.513475	0.00670535	0.2	80	14216.1	0
0.513475	0.0073261	0.2	80	17112.4	0
0.513475	0.0080043	0.2	80	20595	0
0.513475	0.0087453	0.2	80	24779.7	0
0.513475	0.00955489	0.2	80	29805.1	0
0.513475	0.0104394	0.2	80	35836.8	0
0.513475	0.0114058	0.2	80	43072.8	0
0.513475	0.0124617	0.2	80	51749.6	0
0.513475	0.0136154	0.2	80	62150.2	0
0.513475	0.0148758	0.2	80	74612.2	0
0.513475	0.0162529	0.2	80	89539.5	0
0.513475	0.0177575	0.2	80	107414	0
0.513475	0.0194014	0.2	80	128813	0
0.513475	0.0211975	0.2	80	154423	0
0.513475	0.0231598	0.2	80	185067	0
0.513475	0.0253038	0.2	80	221727	0
0.513475	0.0276463	0.2	80	265575	0
0.513475	0.0302057	0.2	80	318013	0
0.513475	0.0330019	0.2	80	380712	0
0.513475	0.0360571	0.2	80	455671	0
0.513475	0.039395	0.2	80	545274	0
0.513475	0.043042	0.2	80	652370	0
0.513475	0.0470266	0.2	80	780360	0
0.513475	0.05138	0.2	80	933306	0
0.513475	0.0561365	0.2	80	1.11606e+06	0
0.513475	0.0613333	0.2	80	1.3344e+06	0
0.513475	0.0670111	0.2	80	1.59525e+06	0
0.513475	0.0732147	0.2	80	1.90687e+06	0
0.513475	0.0799925	0.2	80	2.27909e+06	0
0.513475	0.0873977	0.2	80	2.7237e+06	0
0.513475	0.0954885	0.2	80	3.25474e+06	0
0.513475	0.104328	0.2	80	3.88898e+06	0
0.513475	0.113986	0.2	80	4.64643e+06	0
0.513475	0.124539	0.2	80	5.55101e+06	0
0.513475	0.136068	0.2	80	6.63124e+06	0
0.513475	0.148664	0.2	80	7.9212e+06	0
0.513475	0.162426	0.2	80	9.46154e+06	0
0.513475	0.177463	0.2	80	1.13008e+07	0
0.513475	0.193892	0.2	80	1.3497e+07	0
0.513475	0.211841	0.2	80	1.61193e+07	0
0.513475	0.231452	0.2	80	1.92503e+07	0
0.513475	0.252878	0.2	80	2.29886e+07	0
0.513475	0.276288	0.2	80	2.74518e+07	0
0.513475	0.301866	0.2	80	3.27806e+07	0
0.513475	0.329811	0.2	80	3.91427e+07	0
0.513475	0.360343	0.2	80	4.67383e+07	0
0.513475	0.393701	0.2	80	5.58064e+07	0
0.513475	0.430148	0.2	80	6.66325e+07	0
0.513475	0.469968	0.2	80	7.9557e+07	0
0.513475	0.513475	0.2	80	9.49867e+07	0
0.513475	0.56101	0.2	80	1.13407e+08	0
0.513475	0.612945	0.2	80	1.35397e+08	0
0.513475	0.669688	0.2	80	1.61649e+08	0
0.56101	0.000104526	0.2	80	609.044	0
0.56101	0.000114203	0.2	80	605.693	0
0.56101	0.000124775	0.2	80	602.124	0
0.56101	0.000136326	0.2	80	598.335	0
0.56101	0.000148946	0.2	80	594.326	0
0.56101	0.000162735	0.2	80	590.104	0
0.56101	0.0001778	0.2	80	585.678	0
0.56101	0.00019426	0.2	80	581.066	0
0.56101	0.000212243	0.2	80	576.294	0
0.56101	0.000231891	0.2	80	571.398	0
0.56101	0.000253358	0.2	80	566.43	0
0.56101	0.000276813	0.2	80	561.457	0
0.56101	0.000302439	0.2	80	556.565	0
0.56101	0.000330437	0.2	80	551.867	0
0.56101	0.000361027	0.2	80	547.507	0
0.56101	0.000394448	0.2	80	543.665	0
0.56101	0.000430964	0.2	80	540.569	0
0.56101	0.00047086	0.2	80	538.499	0
0.56101	0.00051445	0.2	80	537.807	0
0.56101	0.000562075	0.2	80	538.923	0
0.56101	0.000614108	0.2	80	542.378	0
0.56101	0.000670959	0.2	80	548.82	0
0.56101	0.000733073	0.2	80	559.044	0
0.56101	0.000800936	0.2	80	574.017	0
0.56101	0.000875083	0.2	80	594.914	0
0.56101	0.000956093	0.2	80	623.163	0
0.56101	0.0010446	0.2	80	660.494	0
0.56101	0.00114131	0.2	80	709.002	0
0.56101	0.00124696	0.2	80	771.215	0
0.56101	0.0013624	0.2	80	850.189	0
0.56101	0.00148852	0.2	80	949.605	0
0.56101	0.00162632	0.2	80	1073.9	0
0.56101	0.00177687	0.2	80	1228.41	0
0.56101	0.00194137	0.2	80	1419.57	0
0.56101	0.00212109	0.2	80	1655.09	0
0.56101	0.00231745	0.2	80	1944.23	0
0.56101	0.00253198	0.2	80	2298.15	0
0.56101	0.00276638	0.2	80	2730.18	0
0.56101	0.00302248	0.2	80	3256.35	0
0.56101	0.00330228	0.2	80	3895.86	0
0.56101	0.00360798	0.2	80	4671.72	0
0.56101	0.00394199	0.2	80	5611.5	0
0.56101	0.00430692	0.2	80	6748.22	0
0.56101	0.00470563	0.2	80	8121.41	0
0.56101	0.00514125	0.2	80	9778.38	0
0.56101	0.0056172	0.2	80	11775.7	0
0.56101	0.0061372	0.2	80	14181.2	0
0.56101	0.00670535	0.2	80	17075.9	0
0.56101	0.0073261	0.2	80	20556.6	0
0.56101	0.0080043	0.2	80	24739.3	0
0.56101	0.0087453	0.2	80	29762.4	0
0.56101	0.00955489	0.2	80	35791.7	0
0.56101	0.0104394	0.2	80	43025	0
0.56101	0.0114058	0.2	80	51698.9	0
0.56101	0.0124617	0.2	80	62096.2	0
0.56101	0.0136154	0.2	80	74554.7	0
0.56101	0.0148758	0.2	80	89478.1	0
0.56101	0.0162529	0.2	80	107348	0
0.56101	0.0177575	0.2	80	128742	0
0.56101	0.0194014	0.2	80	154347	0
0.56101	0.0211975	0.2	80	184986	0
0.56101	0.0231598	0.2	80	221639	0
0.56101	0.0253038	0.2	80	265481	0
0.56101	0.0276463	0.2	80	317911	0
0.56101	0.0302057	0.2	80	380602	0
0.56101	0.0330019	0.2	80	455551	0
0.56101	0.0360571	0.2	80	545144	0
0.56101	0.039395	0.2	80	652229	0
0.56101	0.043042	0.2	80	780207	0
0.56101	0.0470266	0.2	80	933138	0
0.56101	0.05138	0.2	80	1.11587e+06	0
0.56101	0.0561365	0.2	80	1.3342e+06	0
0.56101	0.0613333	0.2	80	1.59503e+06	0
0.56101	0.0670111	0.2	80	1.90663e+06	0
0.56101	0.0732147	0.2	80	2.27883e+06	0
0.56101	0.0799925	0.2	80	2.72342e+06	0
0.56101	0.0873977	0.2	80	3.25443e+06	0
0.56101	0.0954885	0.2	80	3.88863e+06	0
0.56101	0.104328	0.2	80	4.64605e+06	0
0.56101	0.113986	0.2	80	5.55059e+06	0
0.56101	0.124539	0.2	80	6.63078e+06	0
0.56101	0.136068	0.2	80	7.92069e+06	0
0.56101	0.148664	0.2	80	9.46099e+06	0
0.56101	0.162426	0.2	80	1.13002e+07	0
0.56101	0.177463	0.2	80	1.34964e+07	0
0.56101	0.193892	0.2	80	1.61186e+07	0
0.56101	0.211841	0.2	80	1.92495e+07	0
0.56101	0.231452	0.2	80	2.29877e+07	0
0.56101	0.252878	0.2	80	2.74509e+07	0
0.56101	0.276288	0.2	80	3.27796e+07	0
0.56101	0.301866	0.2	80	3.91416e+07	0
0.56101	0.329811	0.2	80	4.67372e+07	0
0.56101	0.360343	0.2	80	5.58052e+07	0
0.56101	0.393701	0.2	80	6.66312e+07	0
0.56101	0.430148	0.2	80	7.95558e+07	0
0.56101	0.469968	0.2	80	9.49855e+07	0
0.56101	0.513475	0.2	80	1.13406e+08	0
0.56101	0.56101	0.2	80	1.35396e+08	0
0.56101	0.612945	0.2	80	1.61648e+08	0
0.56101	0.669688	0.2	80	1.92987e+08	0
0.612945	0.000104526	0.2	80	563.4	0
0.612945	0.000114203	0.2	80	559.751	0
0.612945	0.000124775	0.2	80	555.875	0
0.612945	0.000136326	0.2	80	551.772	0
0.612945	0.000148946	0.2	80	547.446	0
0.612945	0.000162735	0.2	80	542.906	0
0.612945	0.0001778	0.2	80	538.17	0
0.612945	0.00019426	0.2	80	533.263	0
0.612945	0.000212243	0.2	80	528.22	0
0.612945	0.000231891	0.2	80	523.09	0
0.612945	0.000253358	0.2	80	517.94	0
0.612945	0.000276813	0.2	80	512.855	0
0.612945	0.000302439	0.2	80	507.946	0
0.612945	0.000330437	0.2	80	503.356	0
0.612945	0.000361027	0.2	80	499.263	0
0.612945	0.000394448	0.2	80	495.891	0
0.612945	0.000430964	0.2	80	493.522	0
0.612945	0.00047086	0.2	80	492.501	0
0.612945	0.00051445	0.2	80	493.259	0
0.612945	0.000562075	0.2	80	496.321	0
0.612945	0.000614108	0.2	80	502.336	0
0.612945	0.000670959	0.2	80	512.092	0
0.612945	0.000733073	0.2	80	526.553	0
0.612945	0.000800936	0.2	80	546.891	0
0.612945	0.000875083	0.2	80	574.53	0
0.612945	0.000956093	0.2	80	611.194	0
0.612945	0.0010446	0.2	80	658.973	0
0.612945	0.00114131	0.2	80	720.39	0
0.612945	0.00124696	0.2	80	798.493	0
0.612945	0.0013624	0.2	80	896.958	0
0.612945	0.00148852	0.2	80	1020.21	0
0.612945	0.00162632	0.2	80	1173.59	0
0.612945	0.00177687	0.2	80	1363.5	0
0.612945	0.00194137	0.2	80	1597.66	0
0.612945	0.00212109	0.2	80	1885.33	0
0.612945	0.00231745	0.2	80	2237.62	0
0.612945	0.00253198	0.2	80	2667.88	0
0.612945	0.00276638	0.2	80	3192.11	0
0.612945	0.00302248	0.2	80	3829.5	0
0.612945	0.00330228	0.2	80	4603.05	0
0.612945	0.00360798	0.2	80	5540.3	0
0.612945	0.00394199	0.2	80	6674.26	0
0.612945	0.00430692	0.2	80	8044.42	0
0.612945	0.00470563	0.2	80	9698.08	0
0.612945	0.00514125	0.2	80	11691.8	0
0.612945	0.0056172	0.2	80	14093.4	0
0.612945	0.0061372	0.2	80	16983.7	0
0.612945	0.00670535	0.2	80	20459.7	0
0.612945	0.0073261	0.2	80	24637.2	0
0.612945	0.0080043	0.2	80	29654.7	0
0.612945	0.0087453	0.2	80	35677.7	0
0.612945	0.00955489	0.2	80	42904.3	0
0.612945	0.0104394	0.2	80	51570.8	0
0.612945	0.0114058	0.2	80	61960	0
0.612945	0.0124617	0.2	80	74409.6	0
0.612945	0.0136154	0.2	80	89323.2	0
0.612945	0.0148758	0.2	80	107183	0
0.612945	0.0162529	0.2	80	128565	0
0.612945	0.0177575	0.2	80	154157	0
0.612945	0.0194014	0.2	80	184782	0
0.612945	0.0211975	0.2	80	221420	0
0.612945	0.0231598	0.2	80	265245	0
0.612945	0.0253038	0.2	80	317656	0
0.612945	0.0276463	0.2	80	380327	0
0.612945	0.0302057	0.2	80	455254	0
0.612945	0.0330019	0.2	80	544823	0
0.612945	0.0360571	0.2	80	651881	0
0.612945	0.039395	0.2	80	779830	0
0.612945	0.043042	0.2	80	932729	0
0.612945	0.0470266	0.2	80	1.11543e+06	0
0.612945	0.05138	0.2	80	1.33372e+06	0
0.612945	0.0561365	0.2	80	1.59451e+06	0
0.612945	0.0613333	0.2	80	1.90605e+06	0
0.612945	0.0670111	0.2	80	2.27821e+06	0
0.612945	0.0732147	0.2	80	2.72274e+06	0
0.612945	0.0799925	0.2	80	3.25369e+06	0
0.612945	0.0873977	0.2	80	3.88782e+06	0
0.612945	0.0954885	0.2	80	4.64517e+06	0
0.612945	0.104328	0.2	80	5.54962e+06	0
0.612945	0.113986	0.2	80	6.62973e+06	0
0.612945	0.124539	0.2	80	7.91954e+06	0
0.612945	0.136068	0.2	80	9.45973e+06	0
0.612945	0.148664	0.2	80	1.12988e+07	0
0.612945	0.162426	0.2	80	1.34948e+07	0
0.612945	0.177463	0.2	80	1.61169e+07	0
0.612945	0.193892	0.2	80	1.92477e+07	0
0.612945	0.211841	0.2	80	2.29857e+07	0
0.612945	0.231452	0.2	80	2.74488e+07	0
0.612945	0.252878	0.2	80	3.27773e+07	0
0.612945	0.276288	0.2	80	3.91391e+07	0
0.612945	0.301866	0.2	80	4.67344e+07	0
0.612945	0.329811	0.2	80	5.58023e+07	0
0.612945	0.360343	0.2	80	6.66281e+07	0
0.612945	0.393701	0.2	80	7.95524e+07	0
0.612945	0.430148	0.2	80	9.49819e+07	0
0.612945	0.469968	0.2	80	1.13402e+08	0
0.612945	0.513475	0.2	80	1.35392e+08	0
0.612945	0.56101	0.2	80	1.61644e+08	0
0.612945	0.612945	0.2	80	1.92984e+08	0
0.612945	0.669688	0.2	80	2.30396e+08	0
0.669688	0.000104526	0.2	80	489.625	0
0.669688	0.000114203	0.2	80	485.594	0
0.669688	0.000124775	0.2	80	481.321	0
0.669688	0.000136326	0.2	80	476.81	0
0.669688	0.000148946	0.2	80	472.068	0
0.669688	0.000162735	0.2	80	467.111	0
0.669688	0.0001778	0.2	80	461.961	0
0.669688	0.00019426	0.2	80	456.654	0
0.669688	0.000212243	0.2	80	451.236	0
0.669688	0.000231891	0.2	80	445.771	0
0.669688	0.000253358	0.2	80	440.342	0
0.669688	0.000276813	0.2	80	435.057	0
0.669688	0.000302439	0.2	80	430.055	0
0.669688	0.000330437	0.2	80	425.513	0
0.669688	0.000361027	0.2	80	421.651	0
0.669688	0.000394448	0.2	80	418.745	0
0.669688	0.000430964	0.2	80	417.138	0
0.669688	0.00047086	0.2	80	417.256	0
0.669688	0.00051445	0.2	80	419.619	0
0.669688	0.000562075	0.2	80	424.869	0
0.669688	0.000614108	0.2	80	433.79	0
0.669688	0.000670959	0.2	80	447.339	0
0.669688	0.000733073	0.2	80	466.68	0
0.669688	0.000800936	0.2	80	493.229	0
0.669688	0.000875083	0.2	80	528.704	0
0.669688	0.000956093	0.2	80	575.181	0
0.669688	0.0010446	0.2	80	635.177	0
0.669688	0.00114131	0.2	80	711.727	0
0.669688	0.00124696	0.2	80	808.496	0
0.669688	0.0013624	0.2	80	929.897	0
0.669688	0.00148852	0.2	80	1081.25	0
0.669688	0.00162632	0.2	80	1268.95	0
0.669688	0.00177687	0.2	80	1500.69	0
0.669688	0.00194137	0.2	80	1785.71	0
0.669688	0.00212109	0.2	80	2135.11	0
0.669688	0.00231745	0.2	80	2562.21	0
0.669688	0.00253198	0.2	80	3083	0
0.669688	0.00276638	0.2	80	3716.62	0
0.669688	0.00302248	0.2	80	4486.05	0
0.669688	0.00330228	0.2	80	5418.8	0
0.669688	0.00360798	0.2	80	6547.83	0
0.669688	0.00394199	0.2	80	7912.61	0
0.669688	0.00430692	0.2	80	9560.4	0
0.669688	0.00470563	0.2	80	11547.7	0
0.669688	0.00514125	0.2	80	13942.2	0
0.669688	0.0056172	0.2	80	16824.9	0
0.669688	0.0061372	0.2	80	20292.5	0
0.669688	0.00670535	0.2	80	24460.8	0
0.669688	0.0073261	0.2	80	29468.3	0
0.669688	0.0080043	0.2	80	35480.4	0
0.669688	0.0087453	0.2	80	42694.9	0
0.669688	0.00955489	0.2	80	51348.3	0
0.669688	0.0104394	0.2	80	61723.2	0
0.669688	0.0114058	0.2	80	74157.1	0
0.669688	0.0124617	0.2	80	89053.6	0
0.669688	0.0136154	0.2	80	106895	0
0.669688	0.0148758	0.2	80	128256	0
0.669688	0.0162529	0.2	80	153826	0
0.669688	0.0177575	0.2	80	184426	0
0.669688	0.0194014	0.2	80	221037	0
0.669688	0.0211975	0.2	80	264832	0
0.669688	0.0231598	0.2	80	317212	0
0.669688	0.0253038	0.2	80	379847	0
0.669688	0.0276463	0.2	80	454736	0
0.669688	0.0302057	0.2	80	544262	0
0.669688	0.0330019	0.2	80	651274	0
0.669688	0.0360571	0.2	80	779172	0
0.669688	0.039395	0.2	80	932016	0
0.669688	0.043042	0.2	80	1.11466e+06	0
0.669688	0.0470266	0.2	80	1.33288e+06	0
0.669688	0.05138	0.2	80	1.5936e+06	0
0.669688	0.0561365	0.2	80	1.90506e+06	0
0.669688	0.0613333	0.2	80	2.27713e+06	0
0.669688	0.0670111	0.2	80	2.72156e+06	0
0.669688	0.0732147	0.2	80	3.2524e+06	0
0.669688	0.0799925	0.2	80	3.88642e+06	0
0.669688	0.0873977	0.2	80	4.64364e+06	0
0.669688	0.0954885	0.2	80	5.54796e+06	0
0.669688	0.104328	0.2	80	6.62791e+06	0
0.669688	0.113986	0.2	80	7.91756e+06	0
0.669688	0.124539	0.2	80	9.45757e+06	0
0.669688	0.136068	0.2	80	1.12965e+07	0
0.669688	0.148664	0.2	80	1.34923e+07	0
0.669688	0.162426	0.2	80	1.61141e+07	0
0.669688	0.177463	0.2	80	1.92446e+07	0
0.669688	0.193892	0.2	80	2.29824e+07	0
0.669688	0.211841	0.2	80	2.74451e+07	0
0.669688	0.231452	0.2	80	3.27733e+07	0
0.669688	0.252878	0.2	80	3.91348e+07	0
0.669688	0.276288	0.2	80	4.67297e+07	0
0.669688	0.301866	0.2	80	5.57972e+07	0
0.669688	0.329811	0.2	80	6.66225e+07	0
0.669688	0.360343	0.2	80	7.95464e+07	0
0.669688	0.393701	0.2	80	9.49755e+07	0
0.669688	0.430148	0.2	80	1.13395e+08	0
0.669688	0.469968	0.2	80	1.35385e+08	0
0.669688	0.513475	0.2	80	1.61636e+08	0
0.669688	0.56101	0.2	80	1.92975e+08	0
0.669688	0.612945	0.2	80	2.30387e+08	0
0.669688	0.669688	0.2	80	2.75049e+08	0
