0.000104526	0.01	0.2	0.103514	260.439	0
0.000104526	0.01	0.2	0.110917	260.429	0
0.000104526	0.01	0.2	0.11885	260.418	0
0.000104526	0.01	0.2	0.12735	260.405	0
0.000104526	0.01	0.2	0.136458	260.39	0
0.000104526	0.01	0.2	0.146218	260.374	0
0.000104526	0.01	0.2	0.156675	260.355	0
0.000104526	0.01	0.2	0.16788	260.333	0
0.000104526	0.01	0.2	0.179887	260.308	0
0.000104526	0.01	0.2	0.192752	260.281	0
0.000104526	0.01	0.2	0.206538	260.249	0
0.000104526	0.01	0.2	0.221309	260.214	0
0.000104526	0.01	0.2	0.237137	260.174	0
0.000104526	0.01	0.2	0.254097	260.129	0
0.000104526	0.01	0.2	0.27227	260.079	0
0.000104526	0.01	0.2	0.291743	260.024	0
0.000104526	0.01	0.2	0.312608	259.962	0
0.000104526	0.01	0.2	0.334965	259.894	0
0.000104526	0.01	0.2	0.358922	259.82	0
0.000104526	0.01	0.2	0.384592	259.74	0
0.000104526	0.01	0.2	0.412098	259.654	0
0.000104526	0.01	0.2	0.44157	259.563	0
0.000104526	0.01	0.2	0.473151	259.467	0
0.000104526	0.01	0.2	0.506991	259.369	0
0.000104526	0.01	0.2	0.54325	259.271	0
0.000104526	0.01	0.2	0.582103	259.175	0
0.000104526	0.01	0.2	0.623735	259.086	0
0.000104526	0.01	0.2	0.668344	259.007	0
0.000104526	0.01	0.2	0.716143	258.945	0
0.000104526	0.01	0.2	0.767361	258.905	0
0.000104526	0.01	0.2	0.822243	258.895	0
0.000104526	0.01	0.2	0.881049	258.922	0
0.000104526	0.01	0.2	0.944061	258.993	0
0.000104526	0.01	0.2	1.01158	259.119	0
0.000104526	0.01	0.2	1.08393	259.308	0
0.000104526	0.01	0.2	1.16145	259.573	0
0.000104526	0.01	0.2	1.24451	259.927	0
0.000104526	0.01	0.2	1.33352	260.389	0
0.000104526	0.01	0.2	1.42889	260.987	0
0.000104526	0.01	0.2	1.53109	261.75	0
0.000104526	0.01	0.2	1.64059	262.715	0
0.000104526	0.01	0.2	1.75792	263.914	0
0.000104526	0.01	0.2	1.88365	265.36	0
0.000104526	0.01	0.2	2.01837	267.018	0
0.000104526	0.01	0.2	2.16272	268.776	0
0.000104526	0.01	0.2	2.31739	270.394	0
0.000104526	0.01	0.2	2.48313	271.485	0
0.000104526	0.01	0.2	2.66073	271.548	0
0.000104526	0.01	0.2	2.85102	270.132	0
0.000104526	0.01	0.2	3.05492	267.171	0
0.000104526	0.01	0.2	3.27341	263.384	0
0.000104526	0.01	0.2	3.50752	260.404	0
0.000104526	0.01	0.2	3.75837	260.212	0
0.000104526	0.01	0.2	4.02717	263.87	0
0.000104526	0.01	0.2	4.31519	270.41	0
0.000104526	0.01	0.2	4.62381	277.016	0
0.000104526	0.01	0.2	4.9545	280.666	0
0.000104526	0.01	0.2	5.30884	280.073	0
0.000104526	0.01	0.2	5.68853	276.344	0
0.000104526	0.01	0.2	6.09537	271.692	0
0.000104526	0.01	0.2	6.53131	267.91	0
0.000104526	0.01	0.2	6.99842	266.356	0
0.000104526	0.01	0.2	7.49894	266.742	0
0.000104526	0.01	0.2	8.03526	266.308	0
0.000104526	0.01	0.2	8.60994	264.348	0
0.000104526	0.01	0.2	9.22571	263.277	0
0.000104526	0.01	0.2	9.88553	264.471	0
0.000104526	0.01	0.2	10.5925	266.324	0
0.000104526	0.01	0.2	11.3501	267.126	0
0.000104526	0.01	0.2	12.1619	268.668	0
0.000104526	0.01	0.2	13.0317	272.555	0
0.000104526	0.01	0.2	13.9637	275.374	0
0.000104526	0.01	0.2	14.9624	272.985	0
0.000104526	0.01	0.2	16.0325	267.485	0
0.000104526	0.01	0.2	17.1791	264.027	0
0.000104526	0.01	0.2	18.4077	264.708	0
0.000104526	0.01	0.2	19.7242	266.565	0
0.000104526	0.01	0.2	21.1349	267.708	0
0.000104526	0.01	0.2	22.6464	267.324	0
0.000104526	0.01	0.2	24.2661	263.543	0
0.000104526	0.01	0.2	26.0016	259.703	0
0.000104526	0.01	0.2	27.8612	258.863	0
0.000104526	0.01	0.2	29.8538	261.829	0
0.000104526	0.01	0.2	31.989	267.802	0
0.000104526	0.01	0.2	34.2768	266.425	0
0.000104526	0.01	0.2	36.7282	260.267	0
0.000104526	0.01	0.2	39.355	259.89	0
0.000104526	0.01	0.2	42.1697	260.343	0
0.000104526	0.01	0.2	45.1856	266.939	0
0.000104526	0.01	0.2	48.4172	268.088	0
0.000104526	0.01	0.2	51.88	260.583	0
0.000104526	0.01	0.2	55.5904	259.484	0
0.000104526	0.01	0.2	59.5662	259.724	0
0.000104526	0.01	0.2	63.8263	262.781	0
0.000104526	0.01	0.2	68.3912	262.844	0
0.000104526	0.01	0.2	73.2825	260.722	0
0.000104526	0.01	0.2	78.5236	259.327	0
0.000104526	0.01	0.2	84.1395	260.482	0
0.000104526	0.01	0.2	90.1571	260.888	0
0.000104526	0.01	0.2	96.6051	260.217	0
0.000114203	0.01	0.2	0.103514	260.437	0
0.000114203	0.01	0.2	0.110917	260.427	0
0.000114203	0.01	0.2	0.11885	260.416	0
0.000114203	0.01	0.2	0.12735	260.403	0
0.000114203	0.01	0.2	0.136458	260.387	0
0.000114203	0.01	0.2	0.146218	260.37	0
0.000114203	0.01	0.2	0.156675	260.351	0
0.000114203	0.01	0.2	0.16788	260.329	0
0.000114203	0.01	0.2	0.179887	260.303	0
0.000114203	0.01	0.2	0.192752	260.275	0
0.000114203	0.01	0.2	0.206538	260.243	0
0.000114203	0.01	0.2	0.221309	260.206	0
0.000114203	0.01	0.2	0.237137	260.165	0
0.000114203	0.01	0.2	0.254097	260.119	0
0.000114203	0.01	0.2	0.27227	260.068	0
0.000114203	0.01	0.2	0.291743	260.011	0
0.000114203	0.01	0.2	0.312608	259.948	0
0.000114203	0.01	0.2	0.334965	259.878	0
0.000114203	0.01	0.2	0.358922	259.802	0
0.000114203	0.01	0.2	0.384592	259.719	0
0.000114203	0.01	0.2	0.412098	259.63	0
0.000114203	0.01	0.2	0.44157	259.536	0
0.000114203	0.01	0.2	0.473151	259.437	0
0.000114203	0.01	0.2	0.506991	259.336	0
0.000114203	0.01	0.2	0.54325	259.234	0
0.000114203	0.01	0.2	0.582103	259.134	0
0.000114203	0.01	0.2	0.623735	259.04	0
0.000114203	0.01	0.2	0.668344	258.957	0
0.000114203	0.01	0.2	0.716143	258.89	0
0.000114203	0.01	0.2	0.767361	258.845	0
0.000114203	0.01	0.2	0.822243	258.829	0
0.000114203	0.01	0.2	0.881049	258.851	0
0.000114203	0.01	0.2	0.944061	258.917	0
0.000114203	0.01	0.2	1.01158	259.037	0
0.000114203	0.01	0.2	1.08393	259.221	0
0.000114203	0.01	0.2	1.16145	259.48	0
0.000114203	0.01	0.2	1.24451	259.829	0
0.000114203	0.01	0.2	1.33352	260.288	0
0.000114203	0.01	0.2	1.42889	260.881	0
0.000114203	0.01	0.2	1.53109	261.64	0
0.000114203	0.01	0.2	1.64059	262.603	0
0.000114203	0.01	0.2	1.75792	263.799	0
0.000114203	0.01	0.2	1.88365	265.243	0
0.000114203	0.01	0.2	2.01837	266.901	0
0.000114203	0.01	0.2	2.16272	268.658	0
0.000114203	0.01	0.2	2.31739	270.275	0
0.000114203	0.01	0.2	2.48313	271.366	0
0.000114203	0.01	0.2	2.66073	271.429	0
0.000114203	0.01	0.2	2.85102	270.013	0
0.000114203	0.01	0.2	3.05492	267.051	0
0.000114203	0.01	0.2	3.27341	263.263	0
0.000114203	0.01	0.2	3.50752	260.282	0
0.000114203	0.01	0.2	3.75837	260.088	0
0.000114203	0.01	0.2	4.02717	263.744	0
0.000114203	0.01	0.2	4.31519	270.282	0
0.000114203	0.01	0.2	4.62381	276.885	0
0.000114203	0.01	0.2	4.9545	280.532	0
0.000114203	0.01	0.2	5.30884	279.936	0
0.000114203	0.01	0.2	5.68853	276.205	0
0.000114203	0.01	0.2	6.09537	271.553	0
0.000114203	0.01	0.2	6.53131	267.77	0
0.000114203	0.01	0.2	6.99842	266.214	0
0.000114203	0.01	0.2	7.49894	266.599	0
0.000114203	0.01	0.2	8.03526	266.167	0
0.000114203	0.01	0.2	8.60994	264.209	0
0.000114203	0.01	0.2	9.22571	263.14	0
0.000114203	0.01	0.2	9.88553	264.336	0
0.000114203	0.01	0.2	10.5925	266.191	0
0.000114203	0.01	0.2	11.3501	266.995	0
0.000114203	0.01	0.2	12.1619	268.541	0
0.000114203	0.01	0.2	13.0317	272.431	0
0.000114203	0.01	0.2	13.9637	275.25	0
0.000114203	0.01	0.2	14.9624	272.86	0
0.000114203	0.01	0.2	16.0325	267.359	0
0.000114203	0.01	0.2	17.1791	263.899	0
0.000114203	0.01	0.2	18.4077	264.578	0
0.000114203	0.01	0.2	19.7242	266.434	0
0.000114203	0.01	0.2	21.1349	267.578	0
0.000114203	0.01	0.2	22.6464	267.196	0
0.000114203	0.01	0.2	24.2661	263.419	0
0.000114203	0.01	0.2	26.0016	259.583	0
0.000114203	0.01	0.2	27.8612	258.745	0
0.000114203	0.01	0.2	29.8538	261.71	0
0.000114203	0.01	0.2	31.989	267.681	0
0.000114203	0.01	0.2	34.2768	266.301	0
0.000114203	0.01	0.2	36.7282	260.142	0
0.000114203	0.01	0.2	39.355	259.764	0
0.000114203	0.01	0.2	42.1697	260.217	0
0.000114203	0.01	0.2	45.1856	266.814	0
0.000114203	0.01	0.2	48.4172	267.965	0
0.000114203	0.01	0.2	51.88	260.461	0
0.000114203	0.01	0.2	55.5904	259.363	0
0.000114203	0.01	0.2	59.5662	259.602	0
0.000114203	0.01	0.2	63.8263	262.658	0
0.000114203	0.01	0.2	68.3912	262.719	0
0.000114203	0.01	0.2	73.2825	260.596	0
0.000114203	0.01	0.2	78.5236	259.201	0
0.000114203	0.01	0.2	84.1395	260.356	0
0.000114203	0.01	0.2	90.1571	260.763	0
0.000114203	0.01	0.2	96.6051	260.094	0
0.000124775	0.01	0.2	0.103514	260.436	0
0.000124775	0.01	0.2	0.110917	260.425	0
0.000124775	0.01	0.2	0.11885	260.413	0
0.000124775	0.01	0.2	0.12735	260.4	0
0.000124775	0.01	0.2	0.136458	260.384	0
0.000124775	0.01	0.2	0.146218	260.367	0
0.000124775	0.01	0.2	0.156675	260.347	0
0.000124775	0.01	0.2	0.16788	260.324	0
0.000124775	0.01	0.2	0.179887	260.298	0
0.000124775	0.01	0.2	0.192752	260.269	0
0.000124775	0.01	0.2	0.206538	260.235	0
0.000124775	0.01	0.2	0.221309	260.198	0
0.000124775	0.01	0.2	0.237137	260.156	0
0.000124775	0.01	0.2	0.254097	260.109	0
0.000124775	0.01	0.2	0.27227	260.056	0
0.000124775	0.01	0.2	0.291743	259.997	0
0.000124775	0.01	0.2	0.312608	259.932	0
0.000124775	0.01	0.2	0.334965	259.86	0
0.000124775	0.01	0.2	0.358922	259.781	0
0.000124775	0.01	0.2	0.384592	259.696	0
0.000124775	0.01	0.2	0.412098	259.604	0
0.000124775	0.01	0.2	0.44157	259.507	0
0.000124775	0.01	0.2	0.473151	259.405	0
0.000124775	0.01	0.2	0.506991	259.299	0
0.000124775	0.01	0.2	0.54325	259.193	0
0.000124775	0.01	0.2	0.582103	259.089	0
0.000124775	0.01	0.2	0.623735	258.99	0
0.000124775	0.01	0.2	0.668344	258.902	0
0.000124775	0.01	0.2	0.716143	258.829	0
0.000124775	0.01	0.2	0.767361	258.779	0
0.000124775	0.01	0.2	0.822243	258.757	0
0.000124775	0.01	0.2	0.881049	258.773	0
0.000124775	0.01	0.2	0.944061	258.833	0
0.000124775	0.01	0.2	1.01158	258.948	0
0.000124775	0.01	0.2	1.08393	259.126	0
0.000124775	0.01	0.2	1.16145	259.38	0
0.000124775	0.01	0.2	1.24451	259.723	0
0.000124775	0.01	0.2	1.33352	260.177	0
0.000124775	0.01	0.2	1.42889	260.765	0
0.000124775	0.01	0.2	1.53109	261.521	0
0.000124775	0.01	0.2	1.64059	262.48	0
0.000124775	0.01	0.2	1.75792	263.674	0
0.000124775	0.01	0.2	1.88365	265.116	0
0.000124775	0.01	0.2	2.01837	266.773	0
0.000124775	0.01	0.2	2.16272	268.528	0
0.000124775	0.01	0.2	2.31739	270.146	0
0.000124775	0.01	0.2	2.48313	271.237	0
0.000124775	0.01	0.2	2.66073	271.299	0
0.000124775	0.01	0.2	2.85102	269.883	0
0.000124775	0.01	0.2	3.05492	266.92	0
0.000124775	0.01	0.2	3.27341	263.13	0
0.000124775	0.01	0.2	3.50752	260.148	0
0.000124775	0.01	0.2	3.75837	259.952	0
0.000124775	0.01	0.2	4.02717	263.606	0
0.000124775	0.01	0.2	4.31519	270.142	0
0.000124775	0.01	0.2	4.62381	276.742	0
0.000124775	0.01	0.2	4.9545	280.385	0
0.000124775	0.01	0.2	5.30884	279.786	0
0.000124775	0.01	0.2	5.68853	276.053	0
0.000124775	0.01	0.2	6.09537	271.4	0
0.000124775	0.01	0.2	6.53131	267.616	0
0.000124775	0.01	0.2	6.99842	266.059	0
0.000124775	0.01	0.2	7.49894	266.444	0
0.000124775	0.01	0.2	8.03526	266.013	0
0.000124775	0.01	0.2	8.60994	264.057	0
0.000124775	0.01	0.2	9.22571	262.991	0
0.000124775	0.01	0.2	9.88553	264.189	0
0.000124775	0.01	0.2	10.5925	266.045	0
0.000124775	0.01	0.2	11.3501	266.852	0
0.000124775	0.01	0.2	12.1619	268.402	0
0.000124775	0.01	0.2	13.0317	272.295	0
0.000124775	0.01	0.2	13.9637	275.115	0
0.000124775	0.01	0.2	14.9624	272.724	0
0.000124775	0.01	0.2	16.0325	267.221	0
0.000124775	0.01	0.2	17.1791	263.758	0
0.000124775	0.01	0.2	18.4077	264.436	0
0.000124775	0.01	0.2	19.7242	266.292	0
0.000124775	0.01	0.2	21.1349	267.436	0
0.000124775	0.01	0.2	22.6464	267.056	0
0.000124775	0.01	0.2	24.2661	263.284	0
0.000124775	0.01	0.2	26.0016	259.452	0
0.000124775	0.01	0.2	27.8612	258.616	0
0.000124775	0.01	0.2	29.8538	261.58	0
0.000124775	0.01	0.2	31.989	267.548	0
0.000124775	0.01	0.2	34.2768	266.167	0
0.000124775	0.01	0.2	36.7282	260.005	0
0.000124775	0.01	0.2	39.355	259.626	0
0.000124775	0.01	0.2	42.1697	260.08	0
0.000124775	0.01	0.2	45.1856	266.678	0
0.000124775	0.01	0.2	48.4172	267.83	0
0.000124775	0.01	0.2	51.88	260.328	0
0.000124775	0.01	0.2	55.5904	259.23	0
0.000124775	0.01	0.2	59.5662	259.468	0
0.000124775	0.01	0.2	63.8263	262.523	0
0.000124775	0.01	0.2	68.3912	262.583	0
0.000124775	0.01	0.2	73.2825	260.458	0
0.000124775	0.01	0.2	78.5236	259.062	0
0.000124775	0.01	0.2	84.1395	260.218	0
0.000124775	0.01	0.2	90.1571	260.627	0
0.000124775	0.01	0.2	96.6051	259.96	0
0.000136326	0.01	0.2	0.103514	260.433	0
0.000136326	0.01	0.2	0.110917	260.423	0
0.000136326	0.01	0.2	0.11885	260.411	0
0.000136326	0.01	0.2	0.12735	260.397	0
0.000136326	0.01	0.2	0.136458	260.381	0
0.000136326	0.01	0.2	0.146218	260.363	0
0.000136326	0.01	0.2	0.156675	260.342	0
0.000136326	0.01	0.2	0.16788	260.319	0
0.000136326	0.01	0.2	0.179887	260.292	0
0.000136326	0.01	0.2	0.192752	260.262	0
0.000136326	0.01	0.2	0.206538	260.228	0
0.000136326	0.01	0.2	0.221309	260.189	0
0.000136326	0.01	0.2	0.237137	260.146	0
0.000136326	0.01	0.2	0.254097	260.097	0
0.000136326	0.01	0.2	0.27227	260.043	0
0.000136326	0.01	0.2	0.291743	259.982	0
0.000136326	0.01	0.2	0.312608	259.915	0
0.000136326	0.01	0.2	0.334965	259.841	0
0.000136326	0.01	0.2	0.358922	259.759	0
0.000136326	0.01	0.2	0.384592	259.671	0
0.000136326	0.01	0.2	0.412098	259.576	0
0.000136326	0.01	0.2	0.44157	259.475	0
0.000136326	0.01	0.2	0.473151	259.369	0
0.000136326	0.01	0.2	0.506991	259.26	0
0.000136326	0.01	0.2	0.54325	259.149	0
0.000136326	0.01	0.2	0.582103	259.039	0
0.000136326	0.01	0.2	0.623735	258.935	0
0.000136326	0.01	0.2	0.668344	258.841	0
0.000136326	0.01	0.2	0.716143	258.763	0
0.000136326	0.01	0.2	0.767361	258.707	0
0.000136326	0.01	0.2	0.822243	258.679	0
0.000136326	0.01	0.2	0.881049	258.688	0
0.000136326	0.01	0.2	0.944061	258.742	0
0.000136326	0.01	0.2	1.01158	258.85	0
0.000136326	0.01	0.2	1.08393	259.022	0
0.000136326	0.01	0.2	1.16145	259.27	0
0.000136326	0.01	0.2	1.24451	259.607	0
0.000136326	0.01	0.2	1.33352	260.055	0
0.000136326	0.01	0.2	1.42889	260.639	0
0.000136326	0.01	0.2	1.53109	261.39	0
0.000136326	0.01	0.2	1.64059	262.346	0
0.000136326	0.01	0.2	1.75792	263.537	0
0.000136326	0.01	0.2	1.88365	264.977	0
0.000136326	0.01	0.2	2.01837	266.632	0
0.000136326	0.01	0.2	2.16272	268.387	0
0.000136326	0.01	0.2	2.31739	270.004	0
0.000136326	0.01	0.2	2.48313	271.095	0
0.000136326	0.01	0.2	2.66073	271.158	0
0.000136326	0.01	0.2	2.85102	269.74	0
0.000136326	0.01	0.2	3.05492	266.777	0
0.000136326	0.01	0.2	3.27341	262.986	0
0.000136326	0.01	0.2	3.50752	260.002	0
0.000136326	0.01	0.2	3.75837	259.804	0
0.000136326	0.01	0.2	4.02717	263.455	0
0.000136326	0.01	0.2	4.31519	269.989	0
0.000136326	0.01	0.2	4.62381	276.585	0
0.000136326	0.01	0.2	4.9545	280.225	0
0.000136326	0.01	0.2	5.30884	279.623	0
0.000136326	0.01	0.2	5.68853	275.888	0
0.000136326	0.01	0.2	6.09537	271.233	0
0.000136326	0.01	0.2	6.53131	267.448	0
0.000136326	0.01	0.2	6.99842	265.89	0
0.000136326	0.01	0.2	7.49894	266.274	0
0.000136326	0.01	0.2	8.03526	265.844	0
0.000136326	0.01	0.2	8.60994	263.891	0
0.000136326	0.01	0.2	9.22571	262.827	0
0.000136326	0.01	0.2	9.88553	264.028	0
0.000136326	0.01	0.2	10.5925	265.885	0
0.000136326	0.01	0.2	11.3501	266.696	0
0.000136326	0.01	0.2	12.1619	268.25	0
0.000136326	0.01	0.2	13.0317	272.146	0
0.000136326	0.01	0.2	13.9637	274.967	0
0.000136326	0.01	0.2	14.9624	272.575	0
0.000136326	0.01	0.2	16.0325	267.07	0
0.000136326	0.01	0.2	17.1791	263.605	0
0.000136326	0.01	0.2	18.4077	264.28	0
0.000136326	0.01	0.2	19.7242	266.136	0
0.000136326	0.01	0.2	21.1349	267.28	0
0.000136326	0.01	0.2	22.6464	266.904	0
0.000136326	0.01	0.2	24.2661	263.136	0
0.000136326	0.01	0.2	26.0016	259.309	0
0.000136326	0.01	0.2	27.8612	258.475	0
0.000136326	0.01	0.2	29.8538	261.439	0
0.000136326	0.01	0.2	31.989	267.404	0
0.000136326	0.01	0.2	34.2768	266.019	0
0.000136326	0.01	0.2	36.7282	259.856	0
0.000136326	0.01	0.2	39.355	259.476	0
0.000136326	0.01	0.2	42.1697	259.93	0
0.000136326	0.01	0.2	45.1856	266.53	0
0.000136326	0.01	0.2	48.4172	267.684	0
0.000136326	0.01	0.2	51.88	260.183	0
0.000136326	0.01	0.2	55.5904	259.085	0
0.000136326	0.01	0.2	59.5662	259.323	0
0.000136326	0.01	0.2	63.8263	262.375	0
0.000136326	0.01	0.2	68.3912	262.434	0
0.000136326	0.01	0.2	73.2825	260.308	0
0.000136326	0.01	0.2	78.5236	258.911	0
0.000136326	0.01	0.2	84.1395	260.068	0
0.000136326	0.01	0.2	90.1571	260.479	0
0.000136326	0.01	0.2	96.6051	259.813	0
0.000148946	0.01	0.2	0.103514	260.431	0
0.000148946	0.01	0.2	0.110917	260.42	0
0.000148946	0.01	0.2	0.11885	260.408	0
0.000148946	0.01	0.2	0.12735	260.393	0
0.000148946	0.01	0.2	0.136458	260.377	0
0.000148946	0.01	0.2	0.146218	260.358	0
0.000148946	0.01	0.2	0.156675	260.337	0
0.000148946	0.01	0.2	0.16788	260.313	0
0.000148946	0.01	0.2	0.179887	260.285	0
0.000148946	0.01	0.2	0.192752	260.254	0
0.000148946	0.01	0.2	0.206538	260.219	0
0.000148946	0.01	0.2	0.221309	260.179	0
0.000148946	0.01	0.2	0.237137	260.134	0
0.000148946	0.01	0.2	0.254097	260.084	0
0.000148946	0.01	0.2	0.27227	260.028	0
0.000148946	0.01	0.2	0.291743	259.965	0
0.000148946	0.01	0.2	0.312608	259.896	0
0.000148946	0.01	0.2	0.334965	259.819	0
0.000148946	0.01	0.2	0.358922	259.735	0
0.000148946	0.01	0.2	0.384592	259.644	0
0.000148946	0.01	0.2	0.412098	259.546	0
0.000148946	0.01	0.2	0.44157	259.441	0
0.000148946	0.01	0.2	0.473151	259.33	0
0.000148946	0.01	0.2	0.506991	259.216	0
0.000148946	0.01	0.2	0.54325	259.1	0
0.000148946	0.01	0.2	0.582103	258.985	0
0.000148946	0.01	0.2	0.623735	258.876	0
0.000148946	0.01	0.2	0.668344	258.776	0
0.000148946	0.01	0.2	0.716143	258.691	0
0.000148946	0.01	0.2	0.767361	258.628	0
0.000148946	0.01	0.2	0.822243	258.593	0
0.000148946	0.01	0.2	0.881049	258.595	0
0.000148946	0.01	0.2	0.944061	258.642	0
0.000148946	0.01	0.2	1.01158	258.743	0
0.000148946	0.01	0.2	1.08393	258.908	0
0.000148946	0.01	0.2	1.16145	259.149	0
0.000148946	0.01	0.2	1.24451	259.481	0
0.000148946	0.01	0.2	1.33352	259.923	0
0.000148946	0.01	0.2	1.42889	260.501	0
0.000148946	0.01	0.2	1.53109	261.248	0
0.000148946	0.01	0.2	1.64059	262.199	0
0.000148946	0.01	0.2	1.75792	263.388	0
0.000148946	0.01	0.2	1.88365	264.826	0
0.000148946	0.01	0.2	2.01837	266.479	0
0.000148946	0.01	0.2	2.16272	268.233	0
0.000148946	0.01	0.2	2.31739	269.85	0
0.000148946	0.01	0.2	2.48313	270.94	0
0.000148946	0.01	0.2	2.66073	271.003	0
0.000148946	0.01	0.2	2.85102	269.585	0
0.000148946	0.01	0.2	3.05492	266.62	0
0.000148946	0.01	0.2	3.27341	262.828	0
0.000148946	0.01	0.2	3.50752	259.842	0
0.000148946	0.01	0.2	3.75837	259.642	0
0.000148946	0.01	0.2	4.02717	263.291	0
0.000148946	0.01	0.2	4.31519	269.821	0
0.000148946	0.01	0.2	4.62381	276.415	0
0.000148946	0.01	0.2	4.9545	280.05	0
0.000148946	0.01	0.2	5.30884	279.445	0
0.000148946	0.01	0.2	5.68853	275.707	0
0.000148946	0.01	0.2	6.09537	271.052	0
0.000148946	0.01	0.2	6.53131	267.265	0
0.000148946	0.01	0.2	6.99842	265.705	0
0.000148946	0.01	0.2	7.49894	266.089	0
0.000148946	0.01	0.2	8.03526	265.661	0
0.000148946	0.01	0.2	8.60994	263.71	0
0.000148946	0.01	0.2	9.22571	262.649	0
0.000148946	0.01	0.2	9.88553	263.852	0
0.000148946	0.01	0.2	10.5925	265.711	0
0.000148946	0.01	0.2	11.3501	266.526	0
0.000148946	0.01	0.2	12.1619	268.084	0
0.000148946	0.01	0.2	13.0317	271.984	0
0.000148946	0.01	0.2	13.9637	274.806	0
0.000148946	0.01	0.2	14.9624	272.412	0
0.000148946	0.01	0.2	16.0325	266.905	0
0.000148946	0.01	0.2	17.1791	263.438	0
0.000148946	0.01	0.2	18.4077	264.111	0
0.000148946	0.01	0.2	19.7242	265.966	0
0.000148946	0.01	0.2	21.1349	267.111	0
0.000148946	0.01	0.2	22.6464	266.737	0
0.000148946	0.01	0.2	24.2661	262.974	0
0.000148946	0.01	0.2	26.0016	259.153	0
0.000148946	0.01	0.2	27.8612	258.321	0
0.000148946	0.01	0.2	29.8538	261.284	0
0.000148946	0.01	0.2	31.989	267.246	0
0.000148946	0.01	0.2	34.2768	265.859	0
0.000148946	0.01	0.2	36.7282	259.693	0
0.000148946	0.01	0.2	39.355	259.312	0
0.000148946	0.01	0.2	42.1697	259.765	0
0.000148946	0.01	0.2	45.1856	266.367	0
0.000148946	0.01	0.2	48.4172	267.523	0
0.000148946	0.01	0.2	51.88	260.025	0
0.000148946	0.01	0.2	55.5904	258.927	0
0.000148946	0.01	0.2	59.5662	259.163	0
0.000148946	0.01	0.2	63.8263	262.215	0
0.000148946	0.01	0.2	68.3912	262.271	0
0.000148946	0.01	0.2	73.2825	260.143	0
0.000148946	0.01	0.2	78.5236	258.746	0
0.000148946	0.01	0.2	84.1395	259.903	0
0.000148946	0.01	0.2	90.1571	260.317	0
0.000148946	0.01	0.2	96.6051	259.652	0
0.000162735	0.01	0.2	0.103514	260.429	0
0.000162735	0.01	0.2	0.110917	260.417	0
0.000162735	0.01	0.2	0.11885	260.404	0
0.000162735	0.01	0.2	0.12735	260.39	0
0.000162735	0.01	0.2	0.136458	260.373	0
0.000162735	0.01	0.2	0.146218	260.353	0
0.000162735	0.01	0.2	0.156675	260.332	0
0.000162735	0.01	0.2	0.16788	260.307	0
0.000162735	0.01	0.2	0.179887	260.278	0
0.000162735	0.01	0.2	0.192752	260.246	0
0.000162735	0.01	0.2	0.206538	260.21	0
0.000162735	0.01	0.2	0.221309	260.169	0
0.000162735	0.01	0.2	0.237137	260.122	0
0.000162735	0.01	0.2	0.254097	260.07	0
0.000162735	0.01	0.2	0.27227	260.012	0
0.000162735	0.01	0.2	0.291743	259.947	0
0.000162735	0.01	0.2	0.312608	259.875	0
0.000162735	0.01	0.2	0.334965	259.796	0
0.000162735	0.01	0.2	0.358922	259.709	0
0.000162735	0.01	0.2	0.384592	259.614	0
0.000162735	0.01	0.2	0.412098	259.512	0
0.000162735	0.01	0.2	0.44157	259.403	0
0.000162735	0.01	0.2	0.473151	259.288	0
0.000162735	0.01	0.2	0.506991	259.169	0
0.000162735	0.01	0.2	0.54325	259.047	0
0.000162735	0.01	0.2	0.582103	258.927	0
0.000162735	0.01	0.2	0.623735	258.811	0
0.000162735	0.01	0.2	0.668344	258.704	0
0.000162735	0.01	0.2	0.716143	258.612	0
0.000162735	0.01	0.2	0.767361	258.542	0
0.000162735	0.01	0.2	0.822243	258.5	0
0.000162735	0.01	0.2	0.881049	258.494	0
0.000162735	0.01	0.2	0.944061	258.533	0
0.000162735	0.01	0.2	1.01158	258.627	0
0.000162735	0.01	0.2	1.08393	258.784	0
0.000162735	0.01	0.2	1.16145	259.018	0
0.000162735	0.01	0.2	1.24451	259.343	0
0.000162735	0.01	0.2	1.33352	259.778	0
0.000162735	0.01	0.2	1.42889	260.351	0
0.000162735	0.01	0.2	1.53109	261.092	0
0.000162735	0.01	0.2	1.64059	262.04	0
0.000162735	0.01	0.2	1.75792	263.225	0
0.000162735	0.01	0.2	1.88365	264.66	0
0.000162735	0.01	0.2	2.01837	266.312	0
0.000162735	0.01	0.2	2.16272	268.065	0
0.000162735	0.01	0.2	2.31739	269.681	0
0.000162735	0.01	0.2	2.48313	270.771	0
0.000162735	0.01	0.2	2.66073	270.834	0
0.000162735	0.01	0.2	2.85102	269.416	0
0.000162735	0.01	0.2	3.05492	266.45	0
0.000162735	0.01	0.2	3.27341	262.656	0
0.000162735	0.01	0.2	3.50752	259.668	0
0.000162735	0.01	0.2	3.75837	259.465	0
0.000162735	0.01	0.2	4.02717	263.112	0
0.000162735	0.01	0.2	4.31519	269.639	0
0.000162735	0.01	0.2	4.62381	276.228	0
0.000162735	0.01	0.2	4.9545	279.859	0
0.000162735	0.01	0.2	5.30884	279.25	0
0.000162735	0.01	0.2	5.68853	275.51	0
0.000162735	0.01	0.2	6.09537	270.853	0
0.000162735	0.01	0.2	6.53131	267.065	0
0.000162735	0.01	0.2	6.99842	265.503	0
0.000162735	0.01	0.2	7.49894	265.886	0
0.000162735	0.01	0.2	8.03526	265.46	0
0.000162735	0.01	0.2	8.60994	263.512	0
0.000162735	0.01	0.2	9.22571	262.454	0
0.000162735	0.01	0.2	9.88553	263.66	0
0.000162735	0.01	0.2	10.5925	265.521	0
0.000162735	0.01	0.2	11.3501	266.339	0
0.000162735	0.01	0.2	12.1619	267.902	0
0.000162735	0.01	0.2	13.0317	271.807	0
0.000162735	0.01	0.2	13.9637	274.63	0
0.000162735	0.01	0.2	14.9624	272.234	0
0.000162735	0.01	0.2	16.0325	266.725	0
0.000162735	0.01	0.2	17.1791	263.255	0
0.000162735	0.01	0.2	18.4077	263.926	0
0.000162735	0.01	0.2	19.7242	265.78	0
0.000162735	0.01	0.2	21.1349	266.925	0
0.000162735	0.01	0.2	22.6464	266.555	0
0.000162735	0.01	0.2	24.2661	262.798	0
0.000162735	0.01	0.2	26.0016	258.982	0
0.000162735	0.01	0.2	27.8612	258.153	0
0.000162735	0.01	0.2	29.8538	261.114	0
0.000162735	0.01	0.2	31.989	267.073	0
0.000162735	0.01	0.2	34.2768	265.683	0
0.000162735	0.01	0.2	36.7282	259.516	0
0.000162735	0.01	0.2	39.355	259.132	0
0.000162735	0.01	0.2	42.1697	259.586	0
0.000162735	0.01	0.2	45.1856	266.19	0
0.000162735	0.01	0.2	48.4172	267.349	0
0.000162735	0.01	0.2	51.88	259.851	0
0.000162735	0.01	0.2	55.5904	258.754	0
0.000162735	0.01	0.2	59.5662	258.99	0
0.000162735	0.01	0.2	63.8263	262.039	0
0.000162735	0.01	0.2	68.3912	262.094	0
0.000162735	0.01	0.2	73.2825	259.963	0
0.000162735	0.01	0.2	78.5236	258.566	0
0.000162735	0.01	0.2	84.1395	259.724	0
0.000162735	0.01	0.2	90.1571	260.14	0
0.000162735	0.01	0.2	96.6051	259.477	0
0.0001778	0.01	0.2	0.103514	260.426	0
0.0001778	0.01	0.2	0.110917	260.414	0
0.0001778	0.01	0.2	0.11885	260.401	0
0.0001778	0.01	0.2	0.12735	260.386	0
0.0001778	0.01	0.2	0.136458	260.368	0
0.0001778	0.01	0.2	0.146218	260.348	0
0.0001778	0.01	0.2	0.156675	260.326	0
0.0001778	0.01	0.2	0.16788	260.3	0
0.0001778	0.01	0.2	0.179887	260.27	0
0.0001778	0.01	0.2	0.192752	260.237	0
0.0001778	0.01	0.2	0.206538	260.199	0
0.0001778	0.01	0.2	0.221309	260.157	0
0.0001778	0.01	0.2	0.237137	260.109	0
0.0001778	0.01	0.2	0.254097	260.055	0
0.0001778	0.01	0.2	0.27227	259.995	0
0.0001778	0.01	0.2	0.291743	259.928	0
0.0001778	0.01	0.2	0.312608	259.853	0
0.0001778	0.01	0.2	0.334965	259.771	0
0.0001778	0.01	0.2	0.358922	259.68	0
0.0001778	0.01	0.2	0.384592	259.582	0
0.0001778	0.01	0.2	0.412098	259.475	0
0.0001778	0.01	0.2	0.44157	259.362	0
0.0001778	0.01	0.2	0.473151	259.242	0
0.0001778	0.01	0.2	0.506991	259.117	0
0.0001778	0.01	0.2	0.54325	258.989	0
0.0001778	0.01	0.2	0.582103	258.862	0
0.0001778	0.01	0.2	0.623735	258.739	0
0.0001778	0.01	0.2	0.668344	258.625	0
0.0001778	0.01	0.2	0.716143	258.526	0
0.0001778	0.01	0.2	0.767361	258.447	0
0.0001778	0.01	0.2	0.822243	258.397	0
0.0001778	0.01	0.2	0.881049	258.383	0
0.0001778	0.01	0.2	0.944061	258.414	0
0.0001778	0.01	0.2	1.01158	258.5	0
0.0001778	0.01	0.2	1.08393	258.649	0
0.0001778	0.01	0.2	1.16145	258.874	0
0.0001778	0.01	0.2	1.24451	259.192	0
0.0001778	0.01	0.2	1.33352	259.62	0
0.0001778	0.01	0.2	1.42889	260.186	0
0.0001778	0.01	0.2	1.53109	260.922	0
0.0001778	0.01	0.2	1.64059	261.865	0
0.0001778	0.01	0.2	1.75792	263.046	0
0.0001778	0.01	0.2	1.88365	264.479	0
0.0001778	0.01	0.2	2.01837	266.129	0
0.0001778	0.01	0.2	2.16272	267.881	0
0.0001778	0.01	0.2	2.31739	269.497	0
0.0001778	0.01	0.2	2.48313	270.587	0
0.0001778	0.01	0.2	2.66073	270.649	0
0.0001778	0.01	0.2	2.85102	269.23	0
0.0001778	0.01	0.2	3.05492	266.263	0
0.0001778	0.01	0.2	3.27341	262.467	0
0.0001778	0.01	0.2	3.50752	259.477	0
0.0001778	0.01	0.2	3.75837	259.272	0
0.0001778	0.01	0.2	4.02717	262.916	0
0.0001778	0.01	0.2	4.31519	269.439	0
0.0001778	0.01	0.2	4.62381	276.025	0
0.0001778	0.01	0.2	4.9545	279.651	0
0.0001778	0.01	0.2	5.30884	279.037	0
0.0001778	0.01	0.2	5.68853	275.294	0
0.0001778	0.01	0.2	6.09537	270.636	0
0.0001778	0.01	0.2	6.53131	266.846	0
0.0001778	0.01	0.2	6.99842	265.283	0
0.0001778	0.01	0.2	7.49894	265.665	0
0.0001778	0.01	0.2	8.03526	265.24	0
0.0001778	0.01	0.2	8.60994	263.296	0
0.0001778	0.01	0.2	9.22571	262.242	0
0.0001778	0.01	0.2	9.88553	263.45	0
0.0001778	0.01	0.2	10.5925	265.314	0
0.0001778	0.01	0.2	11.3501	266.136	0
0.0001778	0.01	0.2	12.1619	267.704	0
0.0001778	0.01	0.2	13.0317	271.613	0
0.0001778	0.01	0.2	13.9637	274.437	0
0.0001778	0.01	0.2	14.9624	272.04	0
0.0001778	0.01	0.2	16.0325	266.528	0
0.0001778	0.01	0.2	17.1791	263.055	0
0.0001778	0.01	0.2	18.4077	263.724	0
0.0001778	0.01	0.2	19.7242	265.578	0
0.0001778	0.01	0.2	21.1349	266.723	0
0.0001778	0.01	0.2	22.6464	266.357	0
0.0001778	0.01	0.2	24.2661	262.605	0
0.0001778	0.01	0.2	26.0016	258.796	0
0.0001778	0.01	0.2	27.8612	257.97	0
0.0001778	0.01	0.2	29.8538	260.93	0
0.0001778	0.01	0.2	31.989	266.885	0
0.0001778	0.01	0.2	34.2768	265.492	0
0.0001778	0.01	0.2	36.7282	259.321	0
0.0001778	0.01	0.2	39.355	258.936	0
0.0001778	0.01	0.2	42.1697	259.391	0
0.0001778	0.01	0.2	45.1856	265.996	0
0.0001778	0.01	0.2	48.4172	267.157	0
0.0001778	0.01	0.2	51.88	259.662	0
0.0001778	0.01	0.2	55.5904	258.565	0
0.0001778	0.01	0.2	59.5662	258.8	0
0.0001778	0.01	0.2	63.8263	261.847	0
0.0001778	0.01	0.2	68.3912	261.9	0
0.0001778	0.01	0.2	73.2825	259.767	0
0.0001778	0.01	0.2	78.5236	258.37	0
0.0001778	0.01	0.2	84.1395	259.528	0
0.0001778	0.01	0.2	90.1571	259.946	0
0.0001778	0.01	0.2	96.6051	259.286	0
0.00019426	0.01	0.2	0.103514	260.423	0
0.00019426	0.01	0.2	0.110917	260.411	0
0.00019426	0.01	0.2	0.11885	260.397	0
0.00019426	0.01	0.2	0.12735	260.381	0
0.00019426	0.01	0.2	0.136458	260.363	0
0.00019426	0.01	0.2	0.146218	260.343	0
0.00019426	0.01	0.2	0.156675	260.319	0
0.00019426	0.01	0.2	0.16788	260.292	0
0.00019426	0.01	0.2	0.179887	260.262	0
0.00019426	0.01	0.2	0.192752	260.227	0
0.00019426	0.01	0.2	0.206538	260.188	0
0.00019426	0.01	0.2	0.221309	260.144	0
0.00019426	0.01	0.2	0.237137	260.094	0
0.00019426	0.01	0.2	0.254097	260.038	0
0.00019426	0.01	0.2	0.27227	259.976	0
0.00019426	0.01	0.2	0.291743	259.906	0
0.00019426	0.01	0.2	0.312608	259.829	0
0.00019426	0.01	0.2	0.334965	259.743	0
0.00019426	0.01	0.2	0.358922	259.649	0
0.00019426	0.01	0.2	0.384592	259.546	0
0.00019426	0.01	0.2	0.412098	259.435	0
0.00019426	0.01	0.2	0.44157	259.317	0
0.00019426	0.01	0.2	0.473151	259.191	0
0.00019426	0.01	0.2	0.506991	259.06	0
0.00019426	0.01	0.2	0.54325	258.926	0
0.00019426	0.01	0.2	0.582103	258.792	0
0.00019426	0.01	0.2	0.623735	258.662	0
0.00019426	0.01	0.2	0.668344	258.54	0
0.00019426	0.01	0.2	0.716143	258.432	0
0.00019426	0.01	0.2	0.767361	258.345	0
0.00019426	0.01	0.2	0.822243	258.286	0
0.00019426	0.01	0.2	0.881049	258.263	0
0.00019426	0.01	0.2	0.944061	258.285	0
0.00019426	0.01	0.2	1.01158	258.36	0
0.00019426	0.01	0.2	1.08393	258.501	0
0.00019426	0.01	0.2	1.16145	258.718	0
0.00019426	0.01	0.2	1.24451	259.027	0
0.00019426	0.01	0.2	1.33352	259.447	0
0.00019426	0.01	0.2	1.42889	260.006	0
0.00019426	0.01	0.2	1.53109	260.737	0
0.00019426	0.01	0.2	1.64059	261.674	0
0.00019426	0.01	0.2	1.75792	262.852	0
0.00019426	0.01	0.2	1.88365	264.281	0
0.00019426	0.01	0.2	2.01837	265.93	0
0.00019426	0.01	0.2	2.16272	267.681	0
0.00019426	0.01	0.2	2.31739	269.295	0
0.00019426	0.01	0.2	2.48313	270.385	0
0.00019426	0.01	0.2	2.66073	270.447	0
0.00019426	0.01	0.2	2.85102	269.028	0
0.00019426	0.01	0.2	3.05492	266.06	0
0.00019426	0.01	0.2	3.27341	262.262	0
0.00019426	0.01	0.2	3.50752	259.269	0
0.00019426	0.01	0.2	3.75837	259.062	0
0.00019426	0.01	0.2	4.02717	262.701	0
0.00019426	0.01	0.2	4.31519	269.221	0
0.00019426	0.01	0.2	4.62381	275.802	0
0.00019426	0.01	0.2	4.9545	279.423	0
0.00019426	0.01	0.2	5.30884	278.805	0
0.00019426	0.01	0.2	5.68853	275.059	0
0.00019426	0.01	0.2	6.09537	270.399	0
0.00019426	0.01	0.2	6.53131	266.608	0
0.00019426	0.01	0.2	6.99842	265.042	0
0.00019426	0.01	0.2	7.49894	265.423	0
0.00019426	0.01	0.2	8.03526	265.001	0
0.00019426	0.01	0.2	8.60994	263.061	0
0.00019426	0.01	0.2	9.22571	262.009	0
0.00019426	0.01	0.2	9.88553	263.221	0
0.00019426	0.01	0.2	10.5925	265.087	0
0.00019426	0.01	0.2	11.3501	265.914	0
0.00019426	0.01	0.2	12.1619	267.488	0
0.00019426	0.01	0.2	13.0317	271.402	0
0.00019426	0.01	0.2	13.9637	274.227	0
0.00019426	0.01	0.2	14.9624	271.828	0
0.00019426	0.01	0.2	16.0325	266.313	0
0.00019426	0.01	0.2	17.1791	262.837	0
0.00019426	0.01	0.2	18.4077	263.503	0
0.00019426	0.01	0.2	19.7242	265.356	0
0.00019426	0.01	0.2	21.1349	266.502	0
0.00019426	0.01	0.2	22.6464	266.14	0
0.00019426	0.01	0.2	24.2661	262.395	0
0.00019426	0.01	0.2	26.0016	258.592	0
0.00019426	0.01	0.2	27.8612	257.77	0
0.00019426	0.01	0.2	29.8538	260.728	0
0.00019426	0.01	0.2	31.989	266.679	0
0.00019426	0.01	0.2	34.2768	265.282	0
0.00019426	0.01	0.2	36.7282	259.109	0
0.00019426	0.01	0.2	39.355	258.722	0
0.00019426	0.01	0.2	42.1697	259.177	0
0.00019426	0.01	0.2	45.1856	265.785	0
0.00019426	0.01	0.2	48.4172	266.949	0
0.00019426	0.01	0.2	51.88	259.456	0
0.00019426	0.01	0.2	55.5904	258.359	0
0.00019426	0.01	0.2	59.5662	258.593	0
0.00019426	0.01	0.2	63.8263	261.638	0
0.00019426	0.01	0.2	68.3912	261.688	0
0.00019426	0.01	0.2	73.2825	259.553	0
0.00019426	0.01	0.2	78.5236	258.155	0
0.00019426	0.01	0.2	84.1395	259.314	0
0.00019426	0.01	0.2	90.1571	259.735	0
0.00019426	0.01	0.2	96.6051	259.077	0
0.000212243	0.01	0.2	0.103514	260.42	0
0.000212243	0.01	0.2	0.110917	260.408	0
0.000212243	0.01	0.2	0.11885	260.393	0
0.000212243	0.01	0.2	0.12735	260.377	0
0.000212243	0.01	0.2	0.136458	260.358	0
0.000212243	0.01	0.2	0.146218	260.336	0
0.000212243	0.01	0.2	0.156675	260.312	0
0.000212243	0.01	0.2	0.16788	260.284	0
0.000212243	0.01	0.2	0.179887	260.252	0
0.000212243	0.01	0.2	0.192752	260.217	0
0.000212243	0.01	0.2	0.206538	260.176	0
0.000212243	0.01	0.2	0.221309	260.13	0
0.000212243	0.01	0.2	0.237137	260.078	0
0.000212243	0.01	0.2	0.254097	260.02	0
0.000212243	0.01	0.2	0.27227	259.955	0
0.000212243	0.01	0.2	0.291743	259.883	0
0.000212243	0.01	0.2	0.312608	259.802	0
0.000212243	0.01	0.2	0.334965	259.713	0
0.000212243	0.01	0.2	0.358922	259.614	0
0.000212243	0.01	0.2	0.384592	259.507	0
0.000212243	0.01	0.2	0.412098	259.391	0
0.000212243	0.01	0.2	0.44157	259.267	0
0.000212243	0.01	0.2	0.473151	259.136	0
0.000212243	0.01	0.2	0.506991	258.998	0
0.000212243	0.01	0.2	0.54325	258.857	0
0.000212243	0.01	0.2	0.582103	258.715	0
0.000212243	0.01	0.2	0.623735	258.577	0
0.000212243	0.01	0.2	0.668344	258.446	0
0.000212243	0.01	0.2	0.716143	258.329	0
0.000212243	0.01	0.2	0.767361	258.232	0
0.000212243	0.01	0.2	0.822243	258.164	0
0.000212243	0.01	0.2	0.881049	258.131	0
0.000212243	0.01	0.2	0.944061	258.143	0
0.000212243	0.01	0.2	1.01158	258.209	0
0.000212243	0.01	0.2	1.08393	258.339	0
0.000212243	0.01	0.2	1.16145	258.547	0
0.000212243	0.01	0.2	1.24451	258.847	0
0.000212243	0.01	0.2	1.33352	259.259	0
0.000212243	0.01	0.2	1.42889	259.81	0
0.000212243	0.01	0.2	1.53109	260.534	0
0.000212243	0.01	0.2	1.64059	261.466	0
0.000212243	0.01	0.2	1.75792	262.639	0
0.000212243	0.01	0.2	1.88365	264.066	0
0.000212243	0.01	0.2	2.01837	265.712	0
0.000212243	0.01	0.2	2.16272	267.461	0
0.000212243	0.01	0.2	2.31739	269.075	0
0.000212243	0.01	0.2	2.48313	270.165	0
0.000212243	0.01	0.2	2.66073	270.227	0
0.000212243	0.01	0.2	2.85102	268.807	0
0.000212243	0.01	0.2	3.05492	265.837	0
0.000212243	0.01	0.2	3.27341	262.037	0
0.000212243	0.01	0.2	3.50752	259.042	0
0.000212243	0.01	0.2	3.75837	258.831	0
0.000212243	0.01	0.2	4.02717	262.468	0
0.000212243	0.01	0.2	4.31519	268.984	0
0.000212243	0.01	0.2	4.62381	275.559	0
0.000212243	0.01	0.2	4.9545	279.175	0
0.000212243	0.01	0.2	5.30884	278.551	0
0.000212243	0.01	0.2	5.68853	274.802	0
0.000212243	0.01	0.2	6.09537	270.14	0
0.000212243	0.01	0.2	6.53131	266.347	0
0.000212243	0.01	0.2	6.99842	264.779	0
0.000212243	0.01	0.2	7.49894	265.159	0
0.000212243	0.01	0.2	8.03526	264.739	0
0.000212243	0.01	0.2	8.60994	262.803	0
0.000212243	0.01	0.2	9.22571	261.756	0
0.000212243	0.01	0.2	9.88553	262.971	0
0.000212243	0.01	0.2	10.5925	264.839	0
0.000212243	0.01	0.2	11.3501	265.671	0
0.000212243	0.01	0.2	12.1619	267.252	0
0.000212243	0.01	0.2	13.0317	271.171	0
0.000212243	0.01	0.2	13.9637	273.997	0
0.000212243	0.01	0.2	14.9624	271.597	0
0.000212243	0.01	0.2	16.0325	266.079	0
0.000212243	0.01	0.2	17.1791	262.599	0
0.000212243	0.01	0.2	18.4077	263.262	0
0.000212243	0.01	0.2	19.7242	265.114	0
0.000212243	0.01	0.2	21.1349	266.261	0
0.000212243	0.01	0.2	22.6464	265.903	0
0.000212243	0.01	0.2	24.2661	262.165	0
0.000212243	0.01	0.2	26.0016	258.369	0
0.000212243	0.01	0.2	27.8612	257.551	0
0.000212243	0.01	0.2	29.8538	260.507	0
0.000212243	0.01	0.2	31.989	266.454	0
0.000212243	0.01	0.2	34.2768	265.054	0
0.000212243	0.01	0.2	36.7282	258.877	0
0.000212243	0.01	0.2	39.355	258.489	0
0.000212243	0.01	0.2	42.1697	258.944	0
0.000212243	0.01	0.2	45.1856	265.554	0
0.000212243	0.01	0.2	48.4172	266.721	0
0.000212243	0.01	0.2	51.88	259.23	0
0.000212243	0.01	0.2	55.5904	258.134	0
0.000212243	0.01	0.2	59.5662	258.366	0
0.000212243	0.01	0.2	63.8263	261.409	0
0.000212243	0.01	0.2	68.3912	261.457	0
0.000212243	0.01	0.2	73.2825	259.319	0
0.000212243	0.01	0.2	78.5236	257.92	0
0.000212243	0.01	0.2	84.1395	259.08	0
0.000212243	0.01	0.2	90.1571	259.504	0
0.000212243	0.01	0.2	96.6051	258.849	0
0.000231891	0.01	0.2	0.103514	260.417	0
0.000231891	0.01	0.2	0.110917	260.404	0
0.000231891	0.01	0.2	0.11885	260.389	0
0.000231891	0.01	0.2	0.12735	260.371	0
0.000231891	0.01	0.2	0.136458	260.352	0
0.000231891	0.01	0.2	0.146218	260.329	0
0.000231891	0.01	0.2	0.156675	260.304	0
0.000231891	0.01	0.2	0.16788	260.275	0
0.000231891	0.01	0.2	0.179887	260.242	0
0.000231891	0.01	0.2	0.192752	260.205	0
0.000231891	0.01	0.2	0.206538	260.163	0
0.000231891	0.01	0.2	0.221309	260.115	0
0.000231891	0.01	0.2	0.237137	260.061	0
0.000231891	0.01	0.2	0.254097	260	0
0.000231891	0.01	0.2	0.27227	259.933	0
0.000231891	0.01	0.2	0.291743	259.857	0
0.000231891	0.01	0.2	0.312608	259.773	0
0.000231891	0.01	0.2	0.334965	259.679	0
0.000231891	0.01	0.2	0.358922	259.577	0
0.000231891	0.01	0.2	0.384592	259.465	0
0.000231891	0.01	0.2	0.412098	259.344	0
0.000231891	0.01	0.2	0.44157	259.213	0
0.000231891	0.01	0.2	0.473151	259.075	0
0.000231891	0.01	0.2	0.506991	258.931	0
0.000231891	0.01	0.2	0.54325	258.782	0
0.000231891	0.01	0.2	0.582103	258.632	0
0.000231891	0.01	0.2	0.623735	258.484	0
0.000231891	0.01	0.2	0.668344	258.344	0
0.000231891	0.01	0.2	0.716143	258.217	0
0.000231891	0.01	0.2	0.767361	258.11	0
0.000231891	0.01	0.2	0.822243	258.03	0
0.000231891	0.01	0.2	0.881049	257.987	0
0.000231891	0.01	0.2	0.944061	257.988	0
0.000231891	0.01	0.2	1.01158	258.043	0
0.000231891	0.01	0.2	1.08393	258.163	0
0.000231891	0.01	0.2	1.16145	258.36	0
0.000231891	0.01	0.2	1.24451	258.65	0
0.000231891	0.01	0.2	1.33352	259.053	0
0.000231891	0.01	0.2	1.42889	259.596	0
0.000231891	0.01	0.2	1.53109	260.312	0
0.000231891	0.01	0.2	1.64059	261.238	0
0.000231891	0.01	0.2	1.75792	262.407	0
0.000231891	0.01	0.2	1.88365	263.83	0
0.000231891	0.01	0.2	2.01837	265.474	0
0.000231891	0.01	0.2	2.16272	267.222	0
0.000231891	0.01	0.2	2.31739	268.835	0
0.000231891	0.01	0.2	2.48313	269.925	0
0.000231891	0.01	0.2	2.66073	269.987	0
0.000231891	0.01	0.2	2.85102	268.566	0
0.000231891	0.01	0.2	3.05492	265.594	0
0.000231891	0.01	0.2	3.27341	261.792	0
0.000231891	0.01	0.2	3.50752	258.794	0
0.000231891	0.01	0.2	3.75837	258.58	0
0.000231891	0.01	0.2	4.02717	262.212	0
0.000231891	0.01	0.2	4.31519	268.724	0
0.000231891	0.01	0.2	4.62381	275.294	0
0.000231891	0.01	0.2	4.9545	278.903	0
0.000231891	0.01	0.2	5.30884	278.274	0
0.000231891	0.01	0.2	5.68853	274.522	0
0.000231891	0.01	0.2	6.09537	269.858	0
0.000231891	0.01	0.2	6.53131	266.063	0
0.000231891	0.01	0.2	6.99842	264.492	0
0.000231891	0.01	0.2	7.49894	264.871	0
0.000231891	0.01	0.2	8.03526	264.454	0
0.000231891	0.01	0.2	8.60994	262.522	0
0.000231891	0.01	0.2	9.22571	261.479	0
0.000231891	0.01	0.2	9.88553	262.698	0
0.000231891	0.01	0.2	10.5925	264.569	0
0.000231891	0.01	0.2	11.3501	265.406	0
0.000231891	0.01	0.2	12.1619	266.994	0
0.000231891	0.01	0.2	13.0317	270.919	0
0.000231891	0.01	0.2	13.9637	273.746	0
0.000231891	0.01	0.2	14.9624	271.344	0
0.000231891	0.01	0.2	16.0325	265.823	0
0.000231891	0.01	0.2	17.1791	262.339	0
0.000231891	0.01	0.2	18.4077	262.999	0
0.000231891	0.01	0.2	19.7242	264.85	0
0.000231891	0.01	0.2	21.1349	265.998	0
0.000231891	0.01	0.2	22.6464	265.644	0
0.000231891	0.01	0.2	24.2661	261.914	0
0.000231891	0.01	0.2	26.0016	258.126	0
0.000231891	0.01	0.2	27.8612	257.312	0
0.000231891	0.01	0.2	29.8538	260.267	0
0.000231891	0.01	0.2	31.989	266.209	0
0.000231891	0.01	0.2	34.2768	264.804	0
0.000231891	0.01	0.2	36.7282	258.624	0
0.000231891	0.01	0.2	39.355	258.234	0
0.000231891	0.01	0.2	42.1697	258.689	0
0.000231891	0.01	0.2	45.1856	265.302	0
0.000231891	0.01	0.2	48.4172	266.472	0
0.000231891	0.01	0.2	51.88	258.984	0
0.000231891	0.01	0.2	55.5904	257.888	0
0.000231891	0.01	0.2	59.5662	258.119	0
0.000231891	0.01	0.2	63.8263	261.159	0
0.000231891	0.01	0.2	68.3912	261.204	0
0.000231891	0.01	0.2	73.2825	259.063	0
0.000231891	0.01	0.2	78.5236	257.664	0
0.000231891	0.01	0.2	84.1395	258.825	0
0.000231891	0.01	0.2	90.1571	259.252	0
0.000231891	0.01	0.2	96.6051	258.6	0
0.000253358	0.01	0.2	0.103514	260.413	0
0.000253358	0.01	0.2	0.110917	260.399	0
0.000253358	0.01	0.2	0.11885	260.384	0
0.000253358	0.01	0.2	0.12735	260.366	0
0.000253358	0.01	0.2	0.136458	260.345	0
0.000253358	0.01	0.2	0.146218	260.322	0
0.000253358	0.01	0.2	0.156675	260.295	0
0.000253358	0.01	0.2	0.16788	260.265	0
0.000253358	0.01	0.2	0.179887	260.231	0
0.000253358	0.01	0.2	0.192752	260.192	0
0.000253358	0.01	0.2	0.206538	260.148	0
0.000253358	0.01	0.2	0.221309	260.098	0
0.000253358	0.01	0.2	0.237137	260.042	0
0.000253358	0.01	0.2	0.254097	259.979	0
0.000253358	0.01	0.2	0.27227	259.908	0
0.000253358	0.01	0.2	0.291743	259.829	0
0.000253358	0.01	0.2	0.312608	259.741	0
0.000253358	0.01	0.2	0.334965	259.643	0
0.000253358	0.01	0.2	0.358922	259.536	0
0.000253358	0.01	0.2	0.384592	259.419	0
0.000253358	0.01	0.2	0.412098	259.291	0
0.000253358	0.01	0.2	0.44157	259.155	0
0.000253358	0.01	0.2	0.473151	259.009	0
0.000253358	0.01	0.2	0.506991	258.857	0
0.000253358	0.01	0.2	0.54325	258.699	0
0.000253358	0.01	0.2	0.582103	258.54	0
0.000253358	0.01	0.2	0.623735	258.383	0
0.000253358	0.01	0.2	0.668344	258.232	0
0.000253358	0.01	0.2	0.716143	258.094	0
0.000253358	0.01	0.2	0.767361	257.976	0
0.000253358	0.01	0.2	0.822243	257.885	0
0.000253358	0.01	0.2	0.881049	257.829	0
0.000253358	0.01	0.2	0.944061	257.818	0
0.000253358	0.01	0.2	1.01158	257.861	0
0.000253358	0.01	0.2	1.08393	257.97	0
0.000253358	0.01	0.2	1.16145	258.156	0
0.000253358	0.01	0.2	1.24451	258.435	0
0.000253358	0.01	0.2	1.33352	258.828	0
0.000253358	0.01	0.2	1.42889	259.362	0
0.000253358	0.01	0.2	1.53109	260.07	0
0.000253358	0.01	0.2	1.64059	260.99	0
0.000253358	0.01	0.2	1.75792	262.153	0
0.000253358	0.01	0.2	1.88365	263.573	0
0.000253358	0.01	0.2	2.01837	265.214	0
0.000253358	0.01	0.2	2.16272	266.96	0
0.000253358	0.01	0.2	2.31739	268.573	0
0.000253358	0.01	0.2	2.48313	269.662	0
0.000253358	0.01	0.2	2.66073	269.724	0
0.000253358	0.01	0.2	2.85102	268.303	0
0.000253358	0.01	0.2	3.05492	265.329	0
0.000253358	0.01	0.2	3.27341	261.524	0
0.000253358	0.01	0.2	3.50752	258.523	0
0.000253358	0.01	0.2	3.75837	258.305	0
0.000253358	0.01	0.2	4.02717	261.934	0
0.000253358	0.01	0.2	4.31519	268.44	0
0.000253358	0.01	0.2	4.62381	275.004	0
0.000253358	0.01	0.2	4.9545	278.607	0
0.000253358	0.01	0.2	5.30884	277.972	0
0.000253358	0.01	0.2	5.68853	274.215	0
0.000253358	0.01	0.2	6.09537	269.549	0
0.000253358	0.01	0.2	6.53131	265.752	0
0.000253358	0.01	0.2	6.99842	264.178	0
0.000253358	0.01	0.2	7.49894	264.557	0
0.000253358	0.01	0.2	8.03526	264.142	0
0.000253358	0.01	0.2	8.60994	262.214	0
0.000253358	0.01	0.2	9.22571	261.177	0
0.000253358	0.01	0.2	9.88553	262.4	0
0.000253358	0.01	0.2	10.5925	264.274	0
0.000253358	0.01	0.2	11.3501	265.116	0
0.000253358	0.01	0.2	12.1619	266.713	0
0.000253358	0.01	0.2	13.0317	270.644	0
0.000253358	0.01	0.2	13.9637	273.473	0
0.000253358	0.01	0.2	14.9624	271.068	0
0.000253358	0.01	0.2	16.0325	265.543	0
0.000253358	0.01	0.2	17.1791	262.055	0
0.000253358	0.01	0.2	18.4077	262.711	0
0.000253358	0.01	0.2	19.7242	264.562	0
0.000253358	0.01	0.2	21.1349	265.71	0
0.000253358	0.01	0.2	22.6464	265.362	0
0.000253358	0.01	0.2	24.2661	261.64	0
0.000253358	0.01	0.2	26.0016	257.861	0
0.000253358	0.01	0.2	27.8612	257.051	0
0.000253358	0.01	0.2	29.8538	260.004	0
0.000253358	0.01	0.2	31.989	265.941	0
0.000253358	0.01	0.2	34.2768	264.532	0
0.000253358	0.01	0.2	36.7282	258.348	0
0.000253358	0.01	0.2	39.355	257.955	0
0.000253358	0.01	0.2	42.1697	258.411	0
0.000253358	0.01	0.2	45.1856	265.026	0
0.000253358	0.01	0.2	48.4172	266.2	0
0.000253358	0.01	0.2	51.88	258.715	0
0.000253358	0.01	0.2	55.5904	257.619	0
0.000253358	0.01	0.2	59.5662	257.849	0
0.000253358	0.01	0.2	63.8263	260.886	0
0.000253358	0.01	0.2	68.3912	260.928	0
0.000253358	0.01	0.2	73.2825	258.784	0
0.000253358	0.01	0.2	78.5236	257.384	0
0.000253358	0.01	0.2	84.1395	258.546	0
0.000253358	0.01	0.2	90.1571	258.977	0
0.000253358	0.01	0.2	96.6051	258.328	0
0.000276813	0.01	0.2	0.103514	260.409	0
0.000276813	0.01	0.2	0.110917	260.394	0
0.000276813	0.01	0.2	0.11885	260.378	0
0.000276813	0.01	0.2	0.12735	260.359	0
0.000276813	0.01	0.2	0.136458	260.338	0
0.000276813	0.01	0.2	0.146218	260.314	0
0.000276813	0.01	0.2	0.156675	260.286	0
0.000276813	0.01	0.2	0.16788	260.255	0
0.000276813	0.01	0.2	0.179887	260.219	0
0.000276813	0.01	0.2	0.192752	260.178	0
0.000276813	0.01	0.2	0.206538	260.132	0
0.000276813	0.01	0.2	0.221309	260.08	0
0.000276813	0.01	0.2	0.237137	260.021	0
0.000276813	0.01	0.2	0.254097	259.955	0
0.000276813	0.01	0.2	0.27227	259.881	0
0.000276813	0.01	0.2	0.291743	259.798	0
0.000276813	0.01	0.2	0.312608	259.706	0
0.000276813	0.01	0.2	0.334965	259.604	0
0.000276813	0.01	0.2	0.358922	259.491	0
0.000276813	0.01	0.2	0.384592	259.368	0
0.000276813	0.01	0.2	0.412098	259.234	0
0.000276813	0.01	0.2	0.44157	259.09	0
0.000276813	0.01	0.2	0.473151	258.937	0
0.000276813	0.01	0.2	0.506991	258.776	0
0.000276813	0.01	0.2	0.54325	258.609	0
0.000276813	0.01	0.2	0.582103	258.44	0
0.000276813	0.01	0.2	0.623735	258.272	0
0.000276813	0.01	0.2	0.668344	258.11	0
0.000276813	0.01	0.2	0.716143	257.96	0
0.000276813	0.01	0.2	0.767361	257.83	0
0.000276813	0.01	0.2	0.822243	257.726	0
0.000276813	0.01	0.2	0.881049	257.657	0
0.000276813	0.01	0.2	0.944061	257.633	0
0.000276813	0.01	0.2	1.01158	257.664	0
0.000276813	0.01	0.2	1.08393	257.759	0
0.000276813	0.01	0.2	1.16145	257.933	0
0.000276813	0.01	0.2	1.24451	258.2	0
0.000276813	0.01	0.2	1.33352	258.583	0
0.000276813	0.01	0.2	1.42889	259.107	0
0.000276813	0.01	0.2	1.53109	259.806	0
0.000276813	0.01	0.2	1.64059	260.719	0
0.000276813	0.01	0.2	1.75792	261.876	0
0.000276813	0.01	0.2	1.88365	263.292	0
0.000276813	0.01	0.2	2.01837	264.93	0
0.000276813	0.01	0.2	2.16272	266.675	0
0.000276813	0.01	0.2	2.31739	268.287	0
0.000276813	0.01	0.2	2.48313	269.376	0
0.000276813	0.01	0.2	2.66073	269.437	0
0.000276813	0.01	0.2	2.85102	268.015	0
0.000276813	0.01	0.2	3.05492	265.04	0
0.000276813	0.01	0.2	3.27341	261.232	0
0.000276813	0.01	0.2	3.50752	258.227	0
0.000276813	0.01	0.2	3.75837	258.006	0
0.000276813	0.01	0.2	4.02717	261.629	0
0.000276813	0.01	0.2	4.31519	268.13	0
0.000276813	0.01	0.2	4.62381	274.688	0
0.000276813	0.01	0.2	4.9545	278.283	0
0.000276813	0.01	0.2	5.30884	277.642	0
0.000276813	0.01	0.2	5.68853	273.881	0
0.000276813	0.01	0.2	6.09537	269.212	0
0.000276813	0.01	0.2	6.53131	265.413	0
0.000276813	0.01	0.2	6.99842	263.836	0
0.000276813	0.01	0.2	7.49894	264.213	0
0.000276813	0.01	0.2	8.03526	263.802	0
0.000276813	0.01	0.2	8.60994	261.879	0
0.000276813	0.01	0.2	9.22571	260.846	0
0.000276813	0.01	0.2	9.88553	262.074	0
0.000276813	0.01	0.2	10.5925	263.951	0
0.000276813	0.01	0.2	11.3501	264.8	0
0.000276813	0.01	0.2	12.1619	266.405	0
0.000276813	0.01	0.2	13.0317	270.344	0
0.000276813	0.01	0.2	13.9637	273.174	0
0.000276813	0.01	0.2	14.9624	270.766	0
0.000276813	0.01	0.2	16.0325	265.238	0
0.000276813	0.01	0.2	17.1791	261.745	0
0.000276813	0.01	0.2	18.4077	262.397	0
0.000276813	0.01	0.2	19.7242	264.247	0
0.000276813	0.01	0.2	21.1349	265.396	0
0.000276813	0.01	0.2	22.6464	265.053	0
0.000276813	0.01	0.2	24.2661	261.341	0
0.000276813	0.01	0.2	26.0016	257.571	0
0.000276813	0.01	0.2	27.8612	256.766	0
0.000276813	0.01	0.2	29.8538	259.717	0
0.000276813	0.01	0.2	31.989	265.649	0
0.000276813	0.01	0.2	34.2768	264.234	0
0.000276813	0.01	0.2	36.7282	258.047	0
0.000276813	0.01	0.2	39.355	257.651	0
0.000276813	0.01	0.2	42.1697	258.107	0
0.000276813	0.01	0.2	45.1856	264.726	0
0.000276813	0.01	0.2	48.4172	265.904	0
0.000276813	0.01	0.2	51.88	258.421	0
0.000276813	0.01	0.2	55.5904	257.326	0
0.000276813	0.01	0.2	59.5662	257.554	0
0.000276813	0.01	0.2	63.8263	260.588	0
0.000276813	0.01	0.2	68.3912	260.627	0
0.000276813	0.01	0.2	73.2825	258.479	0
0.000276813	0.01	0.2	78.5236	257.079	0
0.000276813	0.01	0.2	84.1395	258.242	0
0.000276813	0.01	0.2	90.1571	258.676	0
0.000276813	0.01	0.2	96.6051	258.031	0
0.000302439	0.01	0.2	0.103514	260.404	0
0.000302439	0.01	0.2	0.110917	260.389	0
0.000302439	0.01	0.2	0.11885	260.372	0
0.000302439	0.01	0.2	0.12735	260.353	0
0.000302439	0.01	0.2	0.136458	260.33	0
0.000302439	0.01	0.2	0.146218	260.305	0
0.000302439	0.01	0.2	0.156675	260.276	0
0.000302439	0.01	0.2	0.16788	260.243	0
0.000302439	0.01	0.2	0.179887	260.205	0
0.000302439	0.01	0.2	0.192752	260.163	0
0.000302439	0.01	0.2	0.206538	260.115	0
0.000302439	0.01	0.2	0.221309	260.06	0
0.000302439	0.01	0.2	0.237137	259.998	0
0.000302439	0.01	0.2	0.254097	259.929	0
0.000302439	0.01	0.2	0.27227	259.851	0
0.000302439	0.01	0.2	0.291743	259.765	0
0.000302439	0.01	0.2	0.312608	259.668	0
0.000302439	0.01	0.2	0.334965	259.56	0
0.000302439	0.01	0.2	0.358922	259.442	0
0.000302439	0.01	0.2	0.384592	259.313	0
0.000302439	0.01	0.2	0.412098	259.172	0
0.000302439	0.01	0.2	0.44157	259.02	0
0.000302439	0.01	0.2	0.473151	258.858	0
0.000302439	0.01	0.2	0.506991	258.688	0
0.000302439	0.01	0.2	0.54325	258.511	0
0.000302439	0.01	0.2	0.582103	258.331	0
0.000302439	0.01	0.2	0.623735	258.151	0
0.000302439	0.01	0.2	0.668344	257.977	0
0.000302439	0.01	0.2	0.716143	257.814	0
0.000302439	0.01	0.2	0.767361	257.67	0
0.000302439	0.01	0.2	0.822243	257.552	0
0.000302439	0.01	0.2	0.881049	257.469	0
0.000302439	0.01	0.2	0.944061	257.431	0
0.000302439	0.01	0.2	1.01158	257.447	0
0.000302439	0.01	0.2	1.08393	257.529	0
0.000302439	0.01	0.2	1.16145	257.689	0
0.000302439	0.01	0.2	1.24451	257.944	0
0.000302439	0.01	0.2	1.33352	258.314	0
0.000302439	0.01	0.2	1.42889	258.828	0
0.000302439	0.01	0.2	1.53109	259.518	0
0.000302439	0.01	0.2	1.64059	260.423	0
0.000302439	0.01	0.2	1.75792	261.574	0
0.000302439	0.01	0.2	1.88365	262.985	0
0.000302439	0.01	0.2	2.01837	264.62	0
0.000302439	0.01	0.2	2.16272	266.363	0
0.000302439	0.01	0.2	2.31739	267.974	0
0.000302439	0.01	0.2	2.48313	269.063	0
0.000302439	0.01	0.2	2.66073	269.124	0
0.000302439	0.01	0.2	2.85102	267.701	0
0.000302439	0.01	0.2	3.05492	264.724	0
0.000302439	0.01	0.2	3.27341	260.913	0
0.000302439	0.01	0.2	3.50752	257.904	0
0.000302439	0.01	0.2	3.75837	257.678	0
0.000302439	0.01	0.2	4.02717	261.297	0
0.000302439	0.01	0.2	4.31519	267.792	0
0.000302439	0.01	0.2	4.62381	274.343	0
0.000302439	0.01	0.2	4.9545	277.93	0
0.000302439	0.01	0.2	5.30884	277.281	0
0.000302439	0.01	0.2	5.68853	273.515	0
0.000302439	0.01	0.2	6.09537	268.845	0
0.000302439	0.01	0.2	6.53131	265.042	0
0.000302439	0.01	0.2	6.99842	263.462	0
0.000302439	0.01	0.2	7.49894	263.838	0
0.000302439	0.01	0.2	8.03526	263.43	0
0.000302439	0.01	0.2	8.60994	261.513	0
0.000302439	0.01	0.2	9.22571	260.486	0
0.000302439	0.01	0.2	9.88553	261.719	0
0.000302439	0.01	0.2	10.5925	263.599	0
0.000302439	0.01	0.2	11.3501	264.455	0
0.000302439	0.01	0.2	12.1619	266.07	0
0.000302439	0.01	0.2	13.0317	270.016	0
0.000302439	0.01	0.2	13.9637	272.847	0
0.000302439	0.01	0.2	14.9624	270.437	0
0.000302439	0.01	0.2	16.0325	264.904	0
0.000302439	0.01	0.2	17.1791	261.407	0
0.000302439	0.01	0.2	18.4077	262.054	0
0.000302439	0.01	0.2	19.7242	263.903	0
0.000302439	0.01	0.2	21.1349	265.053	0
0.000302439	0.01	0.2	22.6464	264.716	0
0.000302439	0.01	0.2	24.2661	261.014	0
0.000302439	0.01	0.2	26.0016	257.255	0
0.000302439	0.01	0.2	27.8612	256.455	0
0.000302439	0.01	0.2	29.8538	259.403	0
0.000302439	0.01	0.2	31.989	265.329	0
0.000302439	0.01	0.2	34.2768	263.909	0
0.000302439	0.01	0.2	36.7282	257.717	0
0.000302439	0.01	0.2	39.355	257.319	0
0.000302439	0.01	0.2	42.1697	257.775	0
0.000302439	0.01	0.2	45.1856	264.397	0
0.000302439	0.01	0.2	48.4172	265.58	0
0.000302439	0.01	0.2	51.88	258.1	0
0.000302439	0.01	0.2	55.5904	257.006	0
0.000302439	0.01	0.2	59.5662	257.233	0
0.000302439	0.01	0.2	63.8263	260.263	0
0.000302439	0.01	0.2	68.3912	260.298	0
0.000302439	0.01	0.2	73.2825	258.146	0
0.000302439	0.01	0.2	78.5236	256.745	0
0.000302439	0.01	0.2	84.1395	257.91	0
0.000302439	0.01	0.2	90.1571	258.348	0
0.000302439	0.01	0.2	96.6051	257.707	0
0.000330437	0.01	0.2	0.103514	260.399	0
0.000330437	0.01	0.2	0.110917	260.384	0
0.000330437	0.01	0.2	0.11885	260.366	0
0.000330437	0.01	0.2	0.12735	260.345	0
0.000330437	0.01	0.2	0.136458	260.322	0
0.000330437	0.01	0.2	0.146218	260.295	0
0.000330437	0.01	0.2	0.156675	260.265	0
0.000330437	0.01	0.2	0.16788	260.23	0
0.000330437	0.01	0.2	0.179887	260.191	0
0.000330437	0.01	0.2	0.192752	260.146	0
0.000330437	0.01	0.2	0.206538	260.096	0
0.000330437	0.01	0.2	0.221309	260.038	0
0.000330437	0.01	0.2	0.237137	259.974	0
0.000330437	0.01	0.2	0.254097	259.901	0
0.000330437	0.01	0.2	0.27227	259.819	0
0.000330437	0.01	0.2	0.291743	259.728	0
0.000330437	0.01	0.2	0.312608	259.626	0
0.000330437	0.01	0.2	0.334965	259.513	0
0.000330437	0.01	0.2	0.358922	259.389	0
0.000330437	0.01	0.2	0.384592	259.252	0
0.000330437	0.01	0.2	0.412098	259.104	0
0.000330437	0.01	0.2	0.44157	258.944	0
0.000330437	0.01	0.2	0.473151	258.772	0
0.000330437	0.01	0.2	0.506991	258.592	0
0.000330437	0.01	0.2	0.54325	258.404	0
0.000330437	0.01	0.2	0.582103	258.212	0
0.000330437	0.01	0.2	0.623735	258.019	0
0.000330437	0.01	0.2	0.668344	257.831	0
0.000330437	0.01	0.2	0.716143	257.654	0
0.000330437	0.01	0.2	0.767361	257.495	0
0.000330437	0.01	0.2	0.822243	257.362	0
0.000330437	0.01	0.2	0.881049	257.264	0
0.000330437	0.01	0.2	0.944061	257.211	0
0.000330437	0.01	0.2	1.01158	257.212	0
0.000330437	0.01	0.2	1.08393	257.278	0
0.000330437	0.01	0.2	1.16145	257.424	0
0.000330437	0.01	0.2	1.24451	257.664	0
0.000330437	0.01	0.2	1.33352	258.022	0
0.000330437	0.01	0.2	1.42889	258.523	0
0.000330437	0.01	0.2	1.53109	259.203	0
0.000330437	0.01	0.2	1.64059	260.099	0
0.000330437	0.01	0.2	1.75792	261.244	0
0.000330437	0.01	0.2	1.88365	262.65	0
0.000330437	0.01	0.2	2.01837	264.282	0
0.000330437	0.01	0.2	2.16272	266.023	0
0.000330437	0.01	0.2	2.31739	267.633	0
0.000330437	0.01	0.2	2.48313	268.721	0
0.000330437	0.01	0.2	2.66073	268.782	0
0.000330437	0.01	0.2	2.85102	267.358	0
0.000330437	0.01	0.2	3.05492	264.379	0
0.000330437	0.01	0.2	3.27341	260.564	0
0.000330437	0.01	0.2	3.50752	257.552	0
0.000330437	0.01	0.2	3.75837	257.321	0
0.000330437	0.01	0.2	4.02717	260.934	0
0.000330437	0.01	0.2	4.31519	267.423	0
0.000330437	0.01	0.2	4.62381	273.966	0
0.000330437	0.01	0.2	4.9545	277.544	0
0.000330437	0.01	0.2	5.30884	276.888	0
0.000330437	0.01	0.2	5.68853	273.116	0
0.000330437	0.01	0.2	6.09537	268.443	0
0.000330437	0.01	0.2	6.53131	264.638	0
0.000330437	0.01	0.2	6.99842	263.054	0
0.000330437	0.01	0.2	7.49894	263.429	0
0.000330437	0.01	0.2	8.03526	263.024	0
0.000330437	0.01	0.2	8.60994	261.113	0
0.000330437	0.01	0.2	9.22571	260.093	0
0.000330437	0.01	0.2	9.88553	261.33	0
0.000330437	0.01	0.2	10.5925	263.215	0
0.000330437	0.01	0.2	11.3501	264.079	0
0.000330437	0.01	0.2	12.1619	265.703	0
0.000330437	0.01	0.2	13.0317	269.658	0
0.000330437	0.01	0.2	13.9637	272.491	0
0.000330437	0.01	0.2	14.9624	270.078	0
0.000330437	0.01	0.2	16.0325	264.54	0
0.000330437	0.01	0.2	17.1791	261.037	0
0.000330437	0.01	0.2	18.4077	261.68	0
0.000330437	0.01	0.2	19.7242	263.528	0
0.000330437	0.01	0.2	21.1349	264.678	0
0.000330437	0.01	0.2	22.6464	264.349	0
0.000330437	0.01	0.2	24.2661	260.657	0
0.000330437	0.01	0.2	26.0016	256.91	0
0.000330437	0.01	0.2	27.8612	256.115	0
0.000330437	0.01	0.2	29.8538	259.061	0
0.000330437	0.01	0.2	31.989	264.98	0
0.000330437	0.01	0.2	34.2768	263.554	0
0.000330437	0.01	0.2	36.7282	257.358	0
0.000330437	0.01	0.2	39.355	256.957	0
0.000330437	0.01	0.2	42.1697	257.413	0
0.000330437	0.01	0.2	45.1856	264.039	0
0.000330437	0.01	0.2	48.4172	265.226	0
0.000330437	0.01	0.2	51.88	257.75	0
0.000330437	0.01	0.2	55.5904	256.656	0
0.000330437	0.01	0.2	59.5662	256.881	0
0.000330437	0.01	0.2	63.8263	259.907	0
0.000330437	0.01	0.2	68.3912	259.939	0
0.000330437	0.01	0.2	73.2825	257.783	0
0.000330437	0.01	0.2	78.5236	256.381	0
0.000330437	0.01	0.2	84.1395	257.547	0
0.000330437	0.01	0.2	90.1571	257.99	0
0.000330437	0.01	0.2	96.6051	257.353	0
0.000361027	0.01	0.2	0.103514	260.394	0
0.000361027	0.01	0.2	0.110917	260.378	0
0.000361027	0.01	0.2	0.11885	260.359	0
0.000361027	0.01	0.2	0.12735	260.337	0
0.000361027	0.01	0.2	0.136458	260.313	0
0.000361027	0.01	0.2	0.146218	260.285	0
0.000361027	0.01	0.2	0.156675	260.253	0
0.000361027	0.01	0.2	0.16788	260.216	0
0.000361027	0.01	0.2	0.179887	260.175	0
0.000361027	0.01	0.2	0.192752	260.128	0
0.000361027	0.01	0.2	0.206538	260.075	0
0.000361027	0.01	0.2	0.221309	260.015	0
0.000361027	0.01	0.2	0.237137	259.947	0
0.000361027	0.01	0.2	0.254097	259.87	0
0.000361027	0.01	0.2	0.27227	259.784	0
0.000361027	0.01	0.2	0.291743	259.688	0
0.000361027	0.01	0.2	0.312608	259.581	0
0.000361027	0.01	0.2	0.334965	259.462	0
0.000361027	0.01	0.2	0.358922	259.33	0
0.000361027	0.01	0.2	0.384592	259.186	0
0.000361027	0.01	0.2	0.412098	259.029	0
0.000361027	0.01	0.2	0.44157	258.86	0
0.000361027	0.01	0.2	0.473151	258.678	0
0.000361027	0.01	0.2	0.506991	258.487	0
0.000361027	0.01	0.2	0.54325	258.287	0
0.000361027	0.01	0.2	0.582103	258.081	0
0.000361027	0.01	0.2	0.623735	257.875	0
0.000361027	0.01	0.2	0.668344	257.672	0
0.000361027	0.01	0.2	0.716143	257.48	0
0.000361027	0.01	0.2	0.767361	257.305	0
0.000361027	0.01	0.2	0.822243	257.155	0
0.000361027	0.01	0.2	0.881049	257.04	0
0.000361027	0.01	0.2	0.944061	256.97	0
0.000361027	0.01	0.2	1.01158	256.954	0
0.000361027	0.01	0.2	1.08393	257.004	0
0.000361027	0.01	0.2	1.16145	257.133	0
0.000361027	0.01	0.2	1.24451	257.359	0
0.000361027	0.01	0.2	1.33352	257.702	0
0.000361027	0.01	0.2	1.42889	258.191	0
0.000361027	0.01	0.2	1.53109	258.859	0
0.000361027	0.01	0.2	1.64059	259.746	0
0.000361027	0.01	0.2	1.75792	260.884	0
0.000361027	0.01	0.2	1.88365	262.284	0
0.000361027	0.01	0.2	2.01837	263.913	0
0.000361027	0.01	0.2	2.16272	265.652	0
0.000361027	0.01	0.2	2.31739	267.26	0
0.000361027	0.01	0.2	2.48313	268.348	0
0.000361027	0.01	0.2	2.66073	268.409	0
0.000361027	0.01	0.2	2.85102	266.984	0
0.000361027	0.01	0.2	3.05492	264.002	0
0.000361027	0.01	0.2	3.27341	260.184	0
0.000361027	0.01	0.2	3.50752	257.167	0
0.000361027	0.01	0.2	3.75837	256.931	0
0.000361027	0.01	0.2	4.02717	260.538	0
0.000361027	0.01	0.2	4.31519	267.02	0
0.000361027	0.01	0.2	4.62381	273.554	0
0.000361027	0.01	0.2	4.9545	277.123	0
0.000361027	0.01	0.2	5.30884	276.458	0
0.000361027	0.01	0.2	5.68853	272.681	0
0.000361027	0.01	0.2	6.09537	268.005	0
0.000361027	0.01	0.2	6.53131	264.196	0
0.000361027	0.01	0.2	6.99842	262.609	0
0.000361027	0.01	0.2	7.49894	262.982	0
0.000361027	0.01	0.2	8.03526	262.582	0
0.000361027	0.01	0.2	8.60994	260.677	0
0.000361027	0.01	0.2	9.22571	259.663	0
0.000361027	0.01	0.2	9.88553	260.907	0
0.000361027	0.01	0.2	10.5925	262.796	0
0.000361027	0.01	0.2	11.3501	263.668	0
0.000361027	0.01	0.2	12.1619	265.303	0
0.000361027	0.01	0.2	13.0317	269.267	0
0.000361027	0.01	0.2	13.9637	272.102	0
0.000361027	0.01	0.2	14.9624	269.685	0
0.000361027	0.01	0.2	16.0325	264.143	0
0.000361027	0.01	0.2	17.1791	260.634	0
0.000361027	0.01	0.2	18.4077	261.272	0
0.000361027	0.01	0.2	19.7242	263.118	0
0.000361027	0.01	0.2	21.1349	264.27	0
0.000361027	0.01	0.2	22.6464	263.947	0
0.000361027	0.01	0.2	24.2661	260.268	0
0.000361027	0.01	0.2	26.0016	256.533	0
0.000361027	0.01	0.2	27.8612	255.744	0
0.000361027	0.01	0.2	29.8538	258.687	0
0.000361027	0.01	0.2	31.989	264.6	0
0.000361027	0.01	0.2	34.2768	263.167	0
0.000361027	0.01	0.2	36.7282	256.965	0
0.000361027	0.01	0.2	39.355	256.561	0
0.000361027	0.01	0.2	42.1697	257.018	0
0.000361027	0.01	0.2	45.1856	263.648	0
0.000361027	0.01	0.2	48.4172	264.84	0
0.000361027	0.01	0.2	51.88	257.368	0
0.000361027	0.01	0.2	55.5904	256.275	0
0.000361027	0.01	0.2	59.5662	256.498	0
0.000361027	0.01	0.2	63.8263	259.52	0
0.000361027	0.01	0.2	68.3912	259.547	0
0.000361027	0.01	0.2	73.2825	257.386	0
0.000361027	0.01	0.2	78.5236	255.983	0
0.000361027	0.01	0.2	84.1395	257.151	0
0.000361027	0.01	0.2	90.1571	257.599	0
0.000361027	0.01	0.2	96.6051	256.966	0
0.000394448	0.01	0.2	0.103514	260.388	0
0.000394448	0.01	0.2	0.110917	260.371	0
0.000394448	0.01	0.2	0.11885	260.351	0
0.000394448	0.01	0.2	0.12735	260.328	0
0.000394448	0.01	0.2	0.136458	260.303	0
0.000394448	0.01	0.2	0.146218	260.273	0
0.000394448	0.01	0.2	0.156675	260.239	0
0.000394448	0.01	0.2	0.16788	260.201	0
0.000394448	0.01	0.2	0.179887	260.158	0
0.000394448	0.01	0.2	0.192752	260.108	0
0.000394448	0.01	0.2	0.206538	260.052	0
0.000394448	0.01	0.2	0.221309	259.989	0
0.000394448	0.01	0.2	0.237137	259.917	0
0.000394448	0.01	0.2	0.254097	259.836	0
0.000394448	0.01	0.2	0.27227	259.746	0
0.000394448	0.01	0.2	0.291743	259.644	0
0.000394448	0.01	0.2	0.312608	259.531	0
0.000394448	0.01	0.2	0.334965	259.405	0
0.000394448	0.01	0.2	0.358922	259.267	0
0.000394448	0.01	0.2	0.384592	259.114	0
0.000394448	0.01	0.2	0.412098	258.948	0
0.000394448	0.01	0.2	0.44157	258.768	0
0.000394448	0.01	0.2	0.473151	258.576	0
0.000394448	0.01	0.2	0.506991	258.372	0
0.000394448	0.01	0.2	0.54325	258.158	0
0.000394448	0.01	0.2	0.582103	257.939	0
0.000394448	0.01	0.2	0.623735	257.717	0
0.000394448	0.01	0.2	0.668344	257.499	0
0.000394448	0.01	0.2	0.716143	257.289	0
0.000394448	0.01	0.2	0.767361	257.097	0
0.000394448	0.01	0.2	0.822243	256.929	0
0.000394448	0.01	0.2	0.881049	256.796	0
0.000394448	0.01	0.2	0.944061	256.707	0
0.000394448	0.01	0.2	1.01158	256.672	0
0.000394448	0.01	0.2	1.08393	256.704	0
0.000394448	0.01	0.2	1.16145	256.816	0
0.000394448	0.01	0.2	1.24451	257.025	0
0.000394448	0.01	0.2	1.33352	257.353	0
0.000394448	0.01	0.2	1.42889	257.827	0
0.000394448	0.01	0.2	1.53109	258.484	0
0.000394448	0.01	0.2	1.64059	259.361	0
0.000394448	0.01	0.2	1.75792	260.49	0
0.000394448	0.01	0.2	1.88365	261.885	0
0.000394448	0.01	0.2	2.01837	263.509	0
0.000394448	0.01	0.2	2.16272	265.246	0
0.000394448	0.01	0.2	2.31739	266.854	0
0.000394448	0.01	0.2	2.48313	267.941	0
0.000394448	0.01	0.2	2.66073	268.001	0
0.000394448	0.01	0.2	2.85102	266.575	0
0.000394448	0.01	0.2	3.05492	263.591	0
0.000394448	0.01	0.2	3.27341	259.769	0
0.000394448	0.01	0.2	3.50752	256.747	0
0.000394448	0.01	0.2	3.75837	256.505	0
0.000394448	0.01	0.2	4.02717	260.106	0
0.000394448	0.01	0.2	4.31519	266.58	0
0.000394448	0.01	0.2	4.62381	273.105	0
0.000394448	0.01	0.2	4.9545	276.663	0
0.000394448	0.01	0.2	5.30884	275.989	0
0.000394448	0.01	0.2	5.68853	272.206	0
0.000394448	0.01	0.2	6.09537	267.526	0
0.000394448	0.01	0.2	6.53131	263.715	0
0.000394448	0.01	0.2	6.99842	262.122	0
0.000394448	0.01	0.2	7.49894	262.494	0
0.000394448	0.01	0.2	8.03526	262.098	0
0.000394448	0.01	0.2	8.60994	260.201	0
0.000394448	0.01	0.2	9.22571	259.194	0
0.000394448	0.01	0.2	9.88553	260.444	0
0.000394448	0.01	0.2	10.5925	262.338	0
0.000394448	0.01	0.2	11.3501	263.219	0
0.000394448	0.01	0.2	12.1619	264.867	0
0.000394448	0.01	0.2	13.0317	268.84	0
0.000394448	0.01	0.2	13.9637	271.677	0
0.000394448	0.01	0.2	14.9624	269.257	0
0.000394448	0.01	0.2	16.0325	263.709	0
0.000394448	0.01	0.2	17.1791	260.194	0
0.000394448	0.01	0.2	18.4077	260.826	0
0.000394448	0.01	0.2	19.7242	262.671	0
0.000394448	0.01	0.2	21.1349	263.823	0
0.000394448	0.01	0.2	22.6464	263.509	0
0.000394448	0.01	0.2	24.2661	259.842	0
0.000394448	0.01	0.2	26.0016	256.121	0
0.000394448	0.01	0.2	27.8612	255.339	0
0.000394448	0.01	0.2	29.8538	258.279	0
0.000394448	0.01	0.2	31.989	264.184	0
0.000394448	0.01	0.2	34.2768	262.744	0
0.000394448	0.01	0.2	36.7282	256.537	0
0.000394448	0.01	0.2	39.355	256.129	0
0.000394448	0.01	0.2	42.1697	256.587	0
0.000394448	0.01	0.2	45.1856	263.221	0
0.000394448	0.01	0.2	48.4172	264.419	0
0.000394448	0.01	0.2	51.88	256.951	0
0.000394448	0.01	0.2	55.5904	255.858	0
0.000394448	0.01	0.2	59.5662	256.079	0
0.000394448	0.01	0.2	63.8263	259.096	0
0.000394448	0.01	0.2	68.3912	259.119	0
0.000394448	0.01	0.2	73.2825	256.953	0
0.000394448	0.01	0.2	78.5236	255.549	0
0.000394448	0.01	0.2	84.1395	256.718	0
0.000394448	0.01	0.2	90.1571	257.172	0
0.000394448	0.01	0.2	96.6051	256.544	0
0.000430964	0.01	0.2	0.103514	260.382	0
0.000430964	0.01	0.2	0.110917	260.363	0
0.000430964	0.01	0.2	0.11885	260.343	0
0.000430964	0.01	0.2	0.12735	260.319	0
0.000430964	0.01	0.2	0.136458	260.291	0
0.000430964	0.01	0.2	0.146218	260.26	0
0.000430964	0.01	0.2	0.156675	260.225	0
0.000430964	0.01	0.2	0.16788	260.185	0
0.000430964	0.01	0.2	0.179887	260.139	0
0.000430964	0.01	0.2	0.192752	260.086	0
0.000430964	0.01	0.2	0.206538	260.027	0
0.000430964	0.01	0.2	0.221309	259.96	0
0.000430964	0.01	0.2	0.237137	259.885	0
0.000430964	0.01	0.2	0.254097	259.799	0
0.000430964	0.01	0.2	0.27227	259.704	0
0.000430964	0.01	0.2	0.291743	259.596	0
0.000430964	0.01	0.2	0.312608	259.477	0
0.000430964	0.01	0.2	0.334965	259.344	0
0.000430964	0.01	0.2	0.358922	259.197	0
0.000430964	0.01	0.2	0.384592	259.035	0
0.000430964	0.01	0.2	0.412098	258.859	0
0.000430964	0.01	0.2	0.44157	258.668	0
0.000430964	0.01	0.2	0.473151	258.464	0
0.000430964	0.01	0.2	0.506991	258.246	0
0.000430964	0.01	0.2	0.54325	258.019	0
0.000430964	0.01	0.2	0.582103	257.783	0
0.000430964	0.01	0.2	0.623735	257.545	0
0.000430964	0.01	0.2	0.668344	257.309	0
0.000430964	0.01	0.2	0.716143	257.081	0
0.000430964	0.01	0.2	0.767361	256.869	0
0.000430964	0.01	0.2	0.822243	256.682	0
0.000430964	0.01	0.2	0.881049	256.529	0
0.000430964	0.01	0.2	0.944061	256.42	0
0.000430964	0.01	0.2	1.01158	256.365	0
0.000430964	0.01	0.2	1.08393	256.377	0
0.000430964	0.01	0.2	1.16145	256.47	0
0.000430964	0.01	0.2	1.24451	256.661	0
0.000430964	0.01	0.2	1.33352	256.972	0
0.000430964	0.01	0.2	1.42889	257.431	0
0.000430964	0.01	0.2	1.53109	258.074	0
0.000430964	0.01	0.2	1.64059	258.94	0
0.000430964	0.01	0.2	1.75792	260.061	0
0.000430964	0.01	0.2	1.88365	261.449	0
0.000430964	0.01	0.2	2.01837	263.069	0
0.000430964	0.01	0.2	2.16272	264.803	0
0.000430964	0.01	0.2	2.31739	266.41	0
0.000430964	0.01	0.2	2.48313	267.497	0
0.000430964	0.01	0.2	2.66073	267.557	0
0.000430964	0.01	0.2	2.85102	266.129	0
0.000430964	0.01	0.2	3.05492	263.142	0
0.000430964	0.01	0.2	3.27341	259.315	0
0.000430964	0.01	0.2	3.50752	256.288	0
0.000430964	0.01	0.2	3.75837	256.04	0
0.000430964	0.01	0.2	4.02717	259.634	0
0.000430964	0.01	0.2	4.31519	266.1	0
0.000430964	0.01	0.2	4.62381	272.615	0
0.000430964	0.01	0.2	4.9545	276.161	0
0.000430964	0.01	0.2	5.30884	275.477	0
0.000430964	0.01	0.2	5.68853	271.687	0
0.000430964	0.01	0.2	6.09537	267.004	0
0.000430964	0.01	0.2	6.53131	263.189	0
0.000430964	0.01	0.2	6.99842	261.592	0
0.000430964	0.01	0.2	7.49894	261.962	0
0.000430964	0.01	0.2	8.03526	261.571	0
0.000430964	0.01	0.2	8.60994	259.681	0
0.000430964	0.01	0.2	9.22571	258.683	0
0.000430964	0.01	0.2	9.88553	259.94	0
0.000430964	0.01	0.2	10.5925	261.838	0
0.000430964	0.01	0.2	11.3501	262.729	0
0.000430964	0.01	0.2	12.1619	264.39	0
0.000430964	0.01	0.2	13.0317	268.374	0
0.000430964	0.01	0.2	13.9637	271.213	0
0.000430964	0.01	0.2	14.9624	268.789	0
0.000430964	0.01	0.2	16.0325	263.235	0
0.000430964	0.01	0.2	17.1791	259.713	0
0.000430964	0.01	0.2	18.4077	260.339	0
0.000430964	0.01	0.2	19.7242	262.183	0
0.000430964	0.01	0.2	21.1349	263.336	0
0.000430964	0.01	0.2	22.6464	263.031	0
0.000430964	0.01	0.2	24.2661	259.378	0
0.000430964	0.01	0.2	26.0016	255.672	0
0.000430964	0.01	0.2	27.8612	254.897	0
0.000430964	0.01	0.2	29.8538	257.834	0
0.000430964	0.01	0.2	31.989	263.73	0
0.000430964	0.01	0.2	34.2768	262.283	0
0.000430964	0.01	0.2	36.7282	256.069	0
0.000430964	0.01	0.2	39.355	255.657	0
0.000430964	0.01	0.2	42.1697	256.116	0
0.000430964	0.01	0.2	45.1856	262.754	0
0.000430964	0.01	0.2	48.4172	263.959	0
0.000430964	0.01	0.2	51.88	256.495	0
0.000430964	0.01	0.2	55.5904	255.403	0
0.000430964	0.01	0.2	59.5662	255.622	0
0.000430964	0.01	0.2	63.8263	258.634	0
0.000430964	0.01	0.2	68.3912	258.652	0
0.000430964	0.01	0.2	73.2825	256.481	0
0.000430964	0.01	0.2	78.5236	255.075	0
0.000430964	0.01	0.2	84.1395	256.246	0
0.000430964	0.01	0.2	90.1571	256.706	0
0.000430964	0.01	0.2	96.6051	256.083	0
0.00047086	0.01	0.2	0.103514	260.375	0
0.00047086	0.01	0.2	0.110917	260.355	0
0.00047086	0.01	0.2	0.11885	260.333	0
0.00047086	0.01	0.2	0.12735	260.308	0
0.00047086	0.01	0.2	0.136458	260.279	0
0.00047086	0.01	0.2	0.146218	260.246	0
0.00047086	0.01	0.2	0.156675	260.209	0
0.00047086	0.01	0.2	0.16788	260.166	0
0.00047086	0.01	0.2	0.179887	260.118	0
0.00047086	0.01	0.2	0.192752	260.063	0
0.00047086	0.01	0.2	0.206538	260	0
0.00047086	0.01	0.2	0.221309	259.929	0
0.00047086	0.01	0.2	0.237137	259.849	0
0.00047086	0.01	0.2	0.254097	259.759	0
0.00047086	0.01	0.2	0.27227	259.658	0
0.00047086	0.01	0.2	0.291743	259.544	0
0.00047086	0.01	0.2	0.312608	259.417	0
0.00047086	0.01	0.2	0.334965	259.277	0
0.00047086	0.01	0.2	0.358922	259.121	0
0.00047086	0.01	0.2	0.384592	258.949	0
0.00047086	0.01	0.2	0.412098	258.762	0
0.00047086	0.01	0.2	0.44157	258.559	0
0.00047086	0.01	0.2	0.473151	258.341	0
0.00047086	0.01	0.2	0.506991	258.109	0
0.00047086	0.01	0.2	0.54325	257.866	0
0.00047086	0.01	0.2	0.582103	257.614	0
0.00047086	0.01	0.2	0.623735	257.357	0
0.00047086	0.01	0.2	0.668344	257.102	0
0.00047086	0.01	0.2	0.716143	256.854	0
0.00047086	0.01	0.2	0.767361	256.621	0
0.00047086	0.01	0.2	0.822243	256.412	0
0.00047086	0.01	0.2	0.881049	256.237	0
0.00047086	0.01	0.2	0.944061	256.106	0
0.00047086	0.01	0.2	1.01158	256.03	0
0.00047086	0.01	0.2	1.08393	256.021	0
0.00047086	0.01	0.2	1.16145	256.093	0
0.00047086	0.01	0.2	1.24451	256.264	0
0.00047086	0.01	0.2	1.33352	256.556	0
0.00047086	0.01	0.2	1.42889	256.998	0
0.00047086	0.01	0.2	1.53109	257.627	0
0.00047086	0.01	0.2	1.64059	258.48	0
0.00047086	0.01	0.2	1.75792	259.592	0
0.00047086	0.01	0.2	1.88365	260.973	0
0.00047086	0.01	0.2	2.01837	262.589	0
0.00047086	0.01	0.2	2.16272	264.32	0
0.00047086	0.01	0.2	2.31739	265.925	0
0.00047086	0.01	0.2	2.48313	267.012	0
0.00047086	0.01	0.2	2.66073	267.071	0
0.00047086	0.01	0.2	2.85102	265.642	0
0.00047086	0.01	0.2	3.05492	262.652	0
0.00047086	0.01	0.2	3.27341	258.82	0
0.00047086	0.01	0.2	3.50752	255.787	0
0.00047086	0.01	0.2	3.75837	255.533	0
0.00047086	0.01	0.2	4.02717	259.119	0
0.00047086	0.01	0.2	4.31519	265.576	0
0.00047086	0.01	0.2	4.62381	272.079	0
0.00047086	0.01	0.2	4.9545	275.614	0
0.00047086	0.01	0.2	5.30884	274.918	0
0.00047086	0.01	0.2	5.68853	271.121	0
0.00047086	0.01	0.2	6.09537	266.434	0
0.00047086	0.01	0.2	6.53131	262.615	0
0.00047086	0.01	0.2	6.99842	261.013	0
0.00047086	0.01	0.2	7.49894	261.381	0
0.00047086	0.01	0.2	8.03526	260.995	0
0.00047086	0.01	0.2	8.60994	259.114	0
0.00047086	0.01	0.2	9.22571	258.124	0
0.00047086	0.01	0.2	9.88553	259.389	0
0.00047086	0.01	0.2	10.5925	261.293	0
0.00047086	0.01	0.2	11.3501	262.194	0
0.00047086	0.01	0.2	12.1619	263.87	0
0.00047086	0.01	0.2	13.0317	267.865	0
0.00047086	0.01	0.2	13.9637	270.707	0
0.00047086	0.01	0.2	14.9624	268.279	0
0.00047086	0.01	0.2	16.0325	262.719	0
0.00047086	0.01	0.2	17.1791	259.188	0
0.00047086	0.01	0.2	18.4077	259.808	0
0.00047086	0.01	0.2	19.7242	261.65	0
0.00047086	0.01	0.2	21.1349	262.805	0
0.00047086	0.01	0.2	22.6464	262.508	0
0.00047086	0.01	0.2	24.2661	258.872	0
0.00047086	0.01	0.2	26.0016	255.181	0
0.00047086	0.01	0.2	27.8612	254.415	0
0.00047086	0.01	0.2	29.8538	257.348	0
0.00047086	0.01	0.2	31.989	263.235	0
0.00047086	0.01	0.2	34.2768	261.779	0
0.00047086	0.01	0.2	36.7282	255.559	0
0.00047086	0.01	0.2	39.355	255.143	0
0.00047086	0.01	0.2	42.1697	255.602	0
0.00047086	0.01	0.2	45.1856	262.246	0
0.00047086	0.01	0.2	48.4172	263.457	0
0.00047086	0.01	0.2	51.88	255.998	0
0.00047086	0.01	0.2	55.5904	254.907	0
0.00047086	0.01	0.2	59.5662	255.123	0
0.00047086	0.01	0.2	63.8263	258.13	0
0.00047086	0.01	0.2	68.3912	258.142	0
0.00047086	0.01	0.2	73.2825	255.965	0
0.00047086	0.01	0.2	78.5236	254.558	0
0.00047086	0.01	0.2	84.1395	255.731	0
0.00047086	0.01	0.2	90.1571	256.198	0
0.00047086	0.01	0.2	96.6051	255.581	0
0.00051445	0.01	0.2	0.103514	260.367	0
0.00051445	0.01	0.2	0.110917	260.347	0
0.00051445	0.01	0.2	0.11885	260.323	0
0.00051445	0.01	0.2	0.12735	260.297	0
0.00051445	0.01	0.2	0.136458	260.266	0
0.00051445	0.01	0.2	0.146218	260.231	0
0.00051445	0.01	0.2	0.156675	260.192	0
0.00051445	0.01	0.2	0.16788	260.147	0
0.00051445	0.01	0.2	0.179887	260.095	0
0.00051445	0.01	0.2	0.192752	260.037	0
0.00051445	0.01	0.2	0.206538	259.97	0
0.00051445	0.01	0.2	0.221309	259.895	0
0.00051445	0.01	0.2	0.237137	259.811	0
0.00051445	0.01	0.2	0.254097	259.715	0
0.00051445	0.01	0.2	0.27227	259.608	0
0.00051445	0.01	0.2	0.291743	259.487	0
0.00051445	0.01	0.2	0.312608	259.353	0
0.00051445	0.01	0.2	0.334965	259.203	0
0.00051445	0.01	0.2	0.358922	259.038	0
0.00051445	0.01	0.2	0.384592	258.855	0
0.00051445	0.01	0.2	0.412098	258.656	0
0.00051445	0.01	0.2	0.44157	258.44	0
0.00051445	0.01	0.2	0.473151	258.207	0
0.00051445	0.01	0.2	0.506991	257.96	0
0.00051445	0.01	0.2	0.54325	257.699	0
0.00051445	0.01	0.2	0.582103	257.428	0
0.00051445	0.01	0.2	0.623735	257.152	0
0.00051445	0.01	0.2	0.668344	256.876	0
0.00051445	0.01	0.2	0.716143	256.606	0
0.00051445	0.01	0.2	0.767361	256.35	0
0.00051445	0.01	0.2	0.822243	256.118	0
0.00051445	0.01	0.2	0.881049	255.919	0
0.00051445	0.01	0.2	0.944061	255.764	0
0.00051445	0.01	0.2	1.01158	255.664	0
0.00051445	0.01	0.2	1.08393	255.631	0
0.00051445	0.01	0.2	1.16145	255.68	0
0.00051445	0.01	0.2	1.24451	255.83	0
0.00051445	0.01	0.2	1.33352	256.102	0
0.00051445	0.01	0.2	1.42889	256.526	0
0.00051445	0.01	0.2	1.53109	257.139	0
0.00051445	0.01	0.2	1.64059	257.979	0
0.00051445	0.01	0.2	1.75792	259.08	0
0.00051445	0.01	0.2	1.88365	260.454	0
0.00051445	0.01	0.2	2.01837	262.064	0
0.00051445	0.01	0.2	2.16272	263.793	0
0.00051445	0.01	0.2	2.31739	265.396	0
0.00051445	0.01	0.2	2.48313	266.482	0
0.00051445	0.01	0.2	2.66073	266.541	0
0.00051445	0.01	0.2	2.85102	265.111	0
0.00051445	0.01	0.2	3.05492	262.117	0
0.00051445	0.01	0.2	3.27341	258.281	0
0.00051445	0.01	0.2	3.50752	255.241	0
0.00051445	0.01	0.2	3.75837	254.98	0
0.00051445	0.01	0.2	4.02717	258.557	0
0.00051445	0.01	0.2	4.31519	265.004	0
0.00051445	0.01	0.2	4.62381	271.495	0
0.00051445	0.01	0.2	4.9545	275.016	0
0.00051445	0.01	0.2	5.30884	274.308	0
0.00051445	0.01	0.2	5.68853	270.503	0
0.00051445	0.01	0.2	6.09537	265.812	0
0.00051445	0.01	0.2	6.53131	261.989	0
0.00051445	0.01	0.2	6.99842	260.381	0
0.00051445	0.01	0.2	7.49894	260.748	0
0.00051445	0.01	0.2	8.03526	260.367	0
0.00051445	0.01	0.2	8.60994	258.496	0
0.00051445	0.01	0.2	9.22571	257.515	0
0.00051445	0.01	0.2	9.88553	258.788	0
0.00051445	0.01	0.2	10.5925	260.698	0
0.00051445	0.01	0.2	11.3501	261.61	0
0.00051445	0.01	0.2	12.1619	263.302	0
0.00051445	0.01	0.2	13.0317	267.31	0
0.00051445	0.01	0.2	13.9637	270.155	0
0.00051445	0.01	0.2	14.9624	267.722	0
0.00051445	0.01	0.2	16.0325	262.155	0
0.00051445	0.01	0.2	17.1791	258.616	0
0.00051445	0.01	0.2	18.4077	259.228	0
0.00051445	0.01	0.2	19.7242	261.069	0
0.00051445	0.01	0.2	21.1349	262.225	0
0.00051445	0.01	0.2	22.6464	261.939	0
0.00051445	0.01	0.2	24.2661	258.319	0
0.00051445	0.01	0.2	26.0016	254.646	0
0.00051445	0.01	0.2	27.8612	253.888	0
0.00051445	0.01	0.2	29.8538	256.818	0
0.00051445	0.01	0.2	31.989	262.694	0
0.00051445	0.01	0.2	34.2768	261.23	0
0.00051445	0.01	0.2	36.7282	255.002	0
0.00051445	0.01	0.2	39.355	254.581	0
0.00051445	0.01	0.2	42.1697	255.041	0
0.00051445	0.01	0.2	45.1856	261.691	0
0.00051445	0.01	0.2	48.4172	262.909	0
0.00051445	0.01	0.2	51.88	255.456	0
0.00051445	0.01	0.2	55.5904	254.366	0
0.00051445	0.01	0.2	59.5662	254.579	0
0.00051445	0.01	0.2	63.8263	257.579	0
0.00051445	0.01	0.2	68.3912	257.586	0
0.00051445	0.01	0.2	73.2825	255.402	0
0.00051445	0.01	0.2	78.5236	253.993	0
0.00051445	0.01	0.2	84.1395	255.168	0
0.00051445	0.01	0.2	90.1571	255.643	0
0.00051445	0.01	0.2	96.6051	255.032	0
0.000562075	0.01	0.2	0.103514	260.359	0
0.000562075	0.01	0.2	0.110917	260.337	0
0.000562075	0.01	0.2	0.11885	260.312	0
0.000562075	0.01	0.2	0.12735	260.284	0
0.000562075	0.01	0.2	0.136458	260.252	0
0.000562075	0.01	0.2	0.146218	260.215	0
0.000562075	0.01	0.2	0.156675	260.173	0
0.000562075	0.01	0.2	0.16788	260.125	0
0.000562075	0.01	0.2	0.179887	260.07	0
0.000562075	0.01	0.2	0.192752	260.008	0
0.000562075	0.01	0.2	0.206538	259.938	0
0.000562075	0.01	0.2	0.221309	259.859	0
0.000562075	0.01	0.2	0.237137	259.769	0
0.000562075	0.01	0.2	0.254097	259.667	0
0.000562075	0.01	0.2	0.27227	259.553	0
0.000562075	0.01	0.2	0.291743	259.425	0
0.000562075	0.01	0.2	0.312608	259.282	0
0.000562075	0.01	0.2	0.334965	259.123	0
0.000562075	0.01	0.2	0.358922	258.947	0
0.000562075	0.01	0.2	0.384592	258.753	0
0.000562075	0.01	0.2	0.412098	258.54	0
0.000562075	0.01	0.2	0.44157	258.31	0
0.000562075	0.01	0.2	0.473151	258.061	0
0.000562075	0.01	0.2	0.506991	257.796	0
0.000562075	0.01	0.2	0.54325	257.517	0
0.000562075	0.01	0.2	0.582103	257.226	0
0.000562075	0.01	0.2	0.623735	256.928	0
0.000562075	0.01	0.2	0.668344	256.629	0
0.000562075	0.01	0.2	0.716143	256.335	0
0.000562075	0.01	0.2	0.767361	256.054	0
0.000562075	0.01	0.2	0.822243	255.796	0
0.000562075	0.01	0.2	0.881049	255.571	0
0.000562075	0.01	0.2	0.944061	255.39	0
0.000562075	0.01	0.2	1.01158	255.264	0
0.000562075	0.01	0.2	1.08393	255.206	0
0.000562075	0.01	0.2	1.16145	255.23	0
0.000562075	0.01	0.2	1.24451	255.356	0
0.000562075	0.01	0.2	1.33352	255.606	0
0.000562075	0.01	0.2	1.42889	256.011	0
0.000562075	0.01	0.2	1.53109	256.606	0
0.000562075	0.01	0.2	1.64059	257.432	0
0.000562075	0.01	0.2	1.75792	258.522	0
0.000562075	0.01	0.2	1.88365	259.888	0
0.000562075	0.01	0.2	2.01837	261.492	0
0.000562075	0.01	0.2	2.16272	263.217	0
0.000562075	0.01	0.2	2.31739	264.819	0
0.000562075	0.01	0.2	2.48313	265.905	0
0.000562075	0.01	0.2	2.66073	265.963	0
0.000562075	0.01	0.2	2.85102	264.531	0
0.000562075	0.01	0.2	3.05492	261.533	0
0.000562075	0.01	0.2	3.27341	257.691	0
0.000562075	0.01	0.2	3.50752	254.645	0
0.000562075	0.01	0.2	3.75837	254.375	0
0.000562075	0.01	0.2	4.02717	257.944	0
0.000562075	0.01	0.2	4.31519	264.38	0
0.000562075	0.01	0.2	4.62381	270.858	0
0.000562075	0.01	0.2	4.9545	274.364	0
0.000562075	0.01	0.2	5.30884	273.643	0
0.000562075	0.01	0.2	5.68853	269.83	0
0.000562075	0.01	0.2	6.09537	265.134	0
0.000562075	0.01	0.2	6.53131	261.305	0
0.000562075	0.01	0.2	6.99842	259.692	0
0.000562075	0.01	0.2	7.49894	260.056	0
0.000562075	0.01	0.2	8.03526	259.682	0
0.000562075	0.01	0.2	8.60994	257.821	0
0.000562075	0.01	0.2	9.22571	256.85	0
0.000562075	0.01	0.2	9.88553	258.132	0
0.000562075	0.01	0.2	10.5925	260.049	0
0.000562075	0.01	0.2	11.3501	260.974	0
0.000562075	0.01	0.2	12.1619	262.682	0
0.000562075	0.01	0.2	13.0317	266.705	0
0.000562075	0.01	0.2	13.9637	269.552	0
0.000562075	0.01	0.2	14.9624	267.115	0
0.000562075	0.01	0.2	16.0325	261.539	0
0.000562075	0.01	0.2	17.1791	257.991	0
0.000562075	0.01	0.2	18.4077	258.596	0
0.000562075	0.01	0.2	19.7242	260.434	0
0.000562075	0.01	0.2	21.1349	261.592	0
0.000562075	0.01	0.2	22.6464	261.317	0
0.000562075	0.01	0.2	24.2661	257.716	0
0.000562075	0.01	0.2	26.0016	254.062	0
0.000562075	0.01	0.2	27.8612	253.314	0
0.000562075	0.01	0.2	29.8538	256.239	0
0.000562075	0.01	0.2	31.989	262.104	0
0.000562075	0.01	0.2	34.2768	260.63	0
0.000562075	0.01	0.2	36.7282	254.394	0
0.000562075	0.01	0.2	39.355	253.969	0
0.000562075	0.01	0.2	42.1697	254.429	0
0.000562075	0.01	0.2	45.1856	261.085	0
0.000562075	0.01	0.2	48.4172	262.311	0
0.000562075	0.01	0.2	51.88	254.864	0
0.000562075	0.01	0.2	55.5904	253.775	0
0.000562075	0.01	0.2	59.5662	253.985	0
0.000562075	0.01	0.2	63.8263	256.978	0
0.000562075	0.01	0.2	68.3912	256.979	0
0.000562075	0.01	0.2	73.2825	254.787	0
0.000562075	0.01	0.2	78.5236	253.377	0
0.000562075	0.01	0.2	84.1395	254.555	0
0.000562075	0.01	0.2	90.1571	255.037	0
0.000562075	0.01	0.2	96.6051	254.433	0
0.000614108	0.01	0.2	0.103514	260.35	0
0.000614108	0.01	0.2	0.110917	260.327	0
0.000614108	0.01	0.2	0.11885	260.3	0
0.000614108	0.01	0.2	0.12735	260.27	0
0.000614108	0.01	0.2	0.136458	260.236	0
0.000614108	0.01	0.2	0.146218	260.197	0
0.000614108	0.01	0.2	0.156675	260.152	0
0.000614108	0.01	0.2	0.16788	260.101	0
0.000614108	0.01	0.2	0.179887	260.043	0
0.000614108	0.01	0.2	0.192752	259.977	0
0.000614108	0.01	0.2	0.206538	259.903	0
0.000614108	0.01	0.2	0.221309	259.818	0
0.000614108	0.01	0.2	0.237137	259.722	0
0.000614108	0.01	0.2	0.254097	259.615	0
0.000614108	0.01	0.2	0.27227	259.493	0
0.000614108	0.01	0.2	0.291743	259.357	0
0.000614108	0.01	0.2	0.312608	259.205	0
0.000614108	0.01	0.2	0.334965	259.035	0
0.000614108	0.01	0.2	0.358922	258.848	0
0.000614108	0.01	0.2	0.384592	258.641	0
0.000614108	0.01	0.2	0.412098	258.414	0
0.000614108	0.01	0.2	0.44157	258.168	0
0.000614108	0.01	0.2	0.473151	257.902	0
0.000614108	0.01	0.2	0.506991	257.618	0
0.000614108	0.01	0.2	0.54325	257.318	0
0.000614108	0.01	0.2	0.582103	257.005	0
0.000614108	0.01	0.2	0.623735	256.683	0
0.000614108	0.01	0.2	0.668344	256.359	0
0.000614108	0.01	0.2	0.716143	256.039	0
0.000614108	0.01	0.2	0.767361	255.731	0
0.000614108	0.01	0.2	0.822243	255.445	0
0.000614108	0.01	0.2	0.881049	255.192	0
0.000614108	0.01	0.2	0.944061	254.982	0
0.000614108	0.01	0.2	1.01158	254.827	0
0.000614108	0.01	0.2	1.08393	254.741	0
0.000614108	0.01	0.2	1.16145	254.739	0
0.000614108	0.01	0.2	1.24451	254.839	0
0.000614108	0.01	0.2	1.33352	255.065	0
0.000614108	0.01	0.2	1.42889	255.448	0
0.000614108	0.01	0.2	1.53109	256.025	0
0.000614108	0.01	0.2	1.64059	256.835	0
0.000614108	0.01	0.2	1.75792	257.913	0
0.000614108	0.01	0.2	1.88365	259.269	0
0.000614108	0.01	0.2	2.01837	260.868	0
0.000614108	0.01	0.2	2.16272	262.589	0
0.000614108	0.01	0.2	2.31739	264.189	0
0.000614108	0.01	0.2	2.48313	265.274	0
0.000614108	0.01	0.2	2.66073	265.332	0
0.000614108	0.01	0.2	2.85102	263.898	0
0.000614108	0.01	0.2	3.05492	260.897	0
0.000614108	0.01	0.2	3.27341	257.048	0
0.000614108	0.01	0.2	3.50752	253.995	0
0.000614108	0.01	0.2	3.75837	253.716	0
0.000614108	0.01	0.2	4.02717	257.275	0
0.000614108	0.01	0.2	4.31519	263.699	0
0.000614108	0.01	0.2	4.62381	270.163	0
0.000614108	0.01	0.2	4.9545	273.652	0
0.000614108	0.01	0.2	5.30884	272.917	0
0.000614108	0.01	0.2	5.68853	269.094	0
0.000614108	0.01	0.2	6.09537	264.394	0
0.000614108	0.01	0.2	6.53131	260.56	0
0.000614108	0.01	0.2	6.99842	258.94	0
0.000614108	0.01	0.2	7.49894	259.302	0
0.000614108	0.01	0.2	8.03526	258.934	0
0.000614108	0.01	0.2	8.60994	257.084	0
0.000614108	0.01	0.2	9.22571	256.125	0
0.000614108	0.01	0.2	9.88553	257.416	0
0.000614108	0.01	0.2	10.5925	259.34	0
0.000614108	0.01	0.2	11.3501	260.279	0
0.000614108	0.01	0.2	12.1619	262.007	0
0.000614108	0.01	0.2	13.0317	266.044	0
0.000614108	0.01	0.2	13.9637	268.895	0
0.000614108	0.01	0.2	14.9624	266.452	0
0.000614108	0.01	0.2	16.0325	260.868	0
0.000614108	0.01	0.2	17.1791	257.31	0
0.000614108	0.01	0.2	18.4077	257.906	0
0.000614108	0.01	0.2	19.7242	259.742	0
0.000614108	0.01	0.2	21.1349	260.901	0
0.000614108	0.01	0.2	22.6464	260.639	0
0.000614108	0.01	0.2	24.2661	257.057	0
0.000614108	0.01	0.2	26.0016	253.425	0
0.000614108	0.01	0.2	27.8612	252.687	0
0.000614108	0.01	0.2	29.8538	255.608	0
0.000614108	0.01	0.2	31.989	261.461	0
0.000614108	0.01	0.2	34.2768	259.975	0
0.000614108	0.01	0.2	36.7282	253.731	0
0.000614108	0.01	0.2	39.355	253.3	0
0.000614108	0.01	0.2	42.1697	253.762	0
0.000614108	0.01	0.2	45.1856	260.424	0
0.000614108	0.01	0.2	48.4172	261.659	0
0.000614108	0.01	0.2	51.88	254.219	0
0.000614108	0.01	0.2	55.5904	253.13	0
0.000614108	0.01	0.2	59.5662	253.337	0
0.000614108	0.01	0.2	63.8263	256.323	0
0.000614108	0.01	0.2	68.3912	256.316	0
0.000614108	0.01	0.2	73.2825	254.116	0
0.000614108	0.01	0.2	78.5236	252.705	0
0.000614108	0.01	0.2	84.1395	253.885	0
0.000614108	0.01	0.2	90.1571	254.376	0
0.000614108	0.01	0.2	96.6051	253.78	0
0.000670959	0.01	0.2	0.103514	260.34	0
0.000670959	0.01	0.2	0.110917	260.315	0
0.000670959	0.01	0.2	0.11885	260.287	0
0.000670959	0.01	0.2	0.12735	260.255	0
0.000670959	0.01	0.2	0.136458	260.219	0
0.000670959	0.01	0.2	0.146218	260.177	0
0.000670959	0.01	0.2	0.156675	260.13	0
0.000670959	0.01	0.2	0.16788	260.075	0
0.000670959	0.01	0.2	0.179887	260.014	0
0.000670959	0.01	0.2	0.192752	259.944	0
0.000670959	0.01	0.2	0.206538	259.864	0
0.000670959	0.01	0.2	0.221309	259.774	0
0.000670959	0.01	0.2	0.237137	259.672	0
0.000670959	0.01	0.2	0.254097	259.557	0
0.000670959	0.01	0.2	0.27227	259.428	0
0.000670959	0.01	0.2	0.291743	259.283	0
0.000670959	0.01	0.2	0.312608	259.12	0
0.000670959	0.01	0.2	0.334965	258.94	0
0.000670959	0.01	0.2	0.358922	258.739	0
0.000670959	0.01	0.2	0.384592	258.518	0
0.000670959	0.01	0.2	0.412098	258.276	0
0.000670959	0.01	0.2	0.44157	258.012	0
0.000670959	0.01	0.2	0.473151	257.727	0
0.000670959	0.01	0.2	0.506991	257.423	0
0.000670959	0.01	0.2	0.54325	257.1	0
0.000670959	0.01	0.2	0.582103	256.763	0
0.000670959	0.01	0.2	0.623735	256.416	0
0.000670959	0.01	0.2	0.668344	256.064	0
0.000670959	0.01	0.2	0.716143	255.716	0
0.000670959	0.01	0.2	0.767361	255.378	0
0.000670959	0.01	0.2	0.822243	255.062	0
0.000670959	0.01	0.2	0.881049	254.778	0
0.000670959	0.01	0.2	0.944061	254.537	0
0.000670959	0.01	0.2	1.01158	254.351	0
0.000670959	0.01	0.2	1.08393	254.235	0
0.000670959	0.01	0.2	1.16145	254.203	0
0.000670959	0.01	0.2	1.24451	254.275	0
0.000670959	0.01	0.2	1.33352	254.475	0
0.000670959	0.01	0.2	1.42889	254.834	0
0.000670959	0.01	0.2	1.53109	255.391	0
0.000670959	0.01	0.2	1.64059	256.184	0
0.000670959	0.01	0.2	1.75792	257.248	0
0.000670959	0.01	0.2	1.88365	258.595	0
0.000670959	0.01	0.2	2.01837	260.187	0
0.000670959	0.01	0.2	2.16272	261.904	0
0.000670959	0.01	0.2	2.31739	263.502	0
0.000670959	0.01	0.2	2.48313	264.586	0
0.000670959	0.01	0.2	2.66073	264.644	0
0.000670959	0.01	0.2	2.85102	263.208	0
0.000670959	0.01	0.2	3.05492	260.202	0
0.000670959	0.01	0.2	3.27341	256.347	0
0.000670959	0.01	0.2	3.50752	253.285	0
0.000670959	0.01	0.2	3.75837	252.998	0
0.000670959	0.01	0.2	4.02717	256.545	0
0.000670959	0.01	0.2	4.31519	262.956	0
0.000670959	0.01	0.2	4.62381	269.404	0
0.000670959	0.01	0.2	4.9545	272.876	0
0.000670959	0.01	0.2	5.30884	272.125	0
0.000670959	0.01	0.2	5.68853	268.292	0
0.000670959	0.01	0.2	6.09537	263.586	0
0.000670959	0.01	0.2	6.53131	259.747	0
0.000670959	0.01	0.2	6.99842	258.119	0
0.000670959	0.01	0.2	7.49894	258.479	0
0.000670959	0.01	0.2	8.03526	258.119	0
0.000670959	0.01	0.2	8.60994	256.281	0
0.000670959	0.01	0.2	9.22571	255.334	0
0.000670959	0.01	0.2	9.88553	256.636	0
0.000670959	0.01	0.2	10.5925	258.567	0
0.000670959	0.01	0.2	11.3501	259.521	0
0.000670959	0.01	0.2	12.1619	261.269	0
0.000670959	0.01	0.2	13.0317	265.323	0
0.000670959	0.01	0.2	13.9637	268.177	0
0.000670959	0.01	0.2	14.9624	265.728	0
0.000670959	0.01	0.2	16.0325	260.135	0
0.000670959	0.01	0.2	17.1791	256.566	0
0.000670959	0.01	0.2	18.4077	257.153	0
0.000670959	0.01	0.2	19.7242	258.987	0
0.000670959	0.01	0.2	21.1349	260.148	0
0.000670959	0.01	0.2	22.6464	259.898	0
0.000670959	0.01	0.2	24.2661	256.339	0
0.000670959	0.01	0.2	26.0016	252.729	0
0.000670959	0.01	0.2	27.8612	252.003	0
0.000670959	0.01	0.2	29.8538	254.919	0
0.000670959	0.01	0.2	31.989	260.759	0
0.000670959	0.01	0.2	34.2768	259.261	0
0.000670959	0.01	0.2	36.7282	253.007	0
0.000670959	0.01	0.2	39.355	252.571	0
0.000670959	0.01	0.2	42.1697	253.034	0
0.000670959	0.01	0.2	45.1856	259.703	0
0.000670959	0.01	0.2	48.4172	260.948	0
0.000670959	0.01	0.2	51.88	253.515	0
0.000670959	0.01	0.2	55.5904	252.427	0
0.000670959	0.01	0.2	59.5662	252.63	0
0.000670959	0.01	0.2	63.8263	255.608	0
0.000670959	0.01	0.2	68.3912	255.593	0
0.000670959	0.01	0.2	73.2825	253.385	0
0.000670959	0.01	0.2	78.5236	251.971	0
0.000670959	0.01	0.2	84.1395	253.154	0
0.000670959	0.01	0.2	90.1571	253.655	0
0.000670959	0.01	0.2	96.6051	253.067	0
0.000733073	0.01	0.2	0.103514	260.329	0
0.000733073	0.01	0.2	0.110917	260.303	0
0.000733073	0.01	0.2	0.11885	260.273	0
0.000733073	0.01	0.2	0.12735	260.239	0
0.000733073	0.01	0.2	0.136458	260.2	0
0.000733073	0.01	0.2	0.146218	260.155	0
0.000733073	0.01	0.2	0.156675	260.105	0
0.000733073	0.01	0.2	0.16788	260.047	0
0.000733073	0.01	0.2	0.179887	259.981	0
0.000733073	0.01	0.2	0.192752	259.907	0
0.000733073	0.01	0.2	0.206538	259.822	0
0.000733073	0.01	0.2	0.221309	259.726	0
0.000733073	0.01	0.2	0.237137	259.617	0
0.000733073	0.01	0.2	0.254097	259.494	0
0.000733073	0.01	0.2	0.27227	259.356	0
0.000733073	0.01	0.2	0.291743	259.201	0
0.000733073	0.01	0.2	0.312608	259.028	0
0.000733073	0.01	0.2	0.334965	258.835	0
0.000733073	0.01	0.2	0.358922	258.621	0
0.000733073	0.01	0.2	0.384592	258.384	0
0.000733073	0.01	0.2	0.412098	258.125	0
0.000733073	0.01	0.2	0.44157	257.843	0
0.000733073	0.01	0.2	0.473151	257.537	0
0.000733073	0.01	0.2	0.506991	257.21	0
0.000733073	0.01	0.2	0.54325	256.863	0
0.000733073	0.01	0.2	0.582103	256.499	0
0.000733073	0.01	0.2	0.623735	256.124	0
0.000733073	0.01	0.2	0.668344	255.743	0
0.000733073	0.01	0.2	0.716143	255.363	0
0.000733073	0.01	0.2	0.767361	254.993	0
0.000733073	0.01	0.2	0.822243	254.644	0
0.000733073	0.01	0.2	0.881049	254.326	0
0.000733073	0.01	0.2	0.944061	254.051	0
0.000733073	0.01	0.2	1.01158	253.831	0
0.000733073	0.01	0.2	1.08393	253.682	0
0.000733073	0.01	0.2	1.16145	253.618	0
0.000733073	0.01	0.2	1.24451	253.659	0
0.000733073	0.01	0.2	1.33352	253.831	0
0.000733073	0.01	0.2	1.42889	254.165	0
0.000733073	0.01	0.2	1.53109	254.698	0
0.000733073	0.01	0.2	1.64059	255.473	0
0.000733073	0.01	0.2	1.75792	256.523	0
0.000733073	0.01	0.2	1.88365	257.859	0
0.000733073	0.01	0.2	2.01837	259.444	0
0.000733073	0.01	0.2	2.16272	261.156	0
0.000733073	0.01	0.2	2.31739	262.752	0
0.000733073	0.01	0.2	2.48313	263.836	0
0.000733073	0.01	0.2	2.66073	263.893	0
0.000733073	0.01	0.2	2.85102	262.455	0
0.000733073	0.01	0.2	3.05492	259.444	0
0.000733073	0.01	0.2	3.27341	255.582	0
0.000733073	0.01	0.2	3.50752	252.511	0
0.000733073	0.01	0.2	3.75837	252.213	0
0.000733073	0.01	0.2	4.02717	255.749	0
0.000733073	0.01	0.2	4.31519	262.146	0
0.000733073	0.01	0.2	4.62381	268.577	0
0.000733073	0.01	0.2	4.9545	272.03	0
0.000733073	0.01	0.2	5.30884	271.262	0
0.000733073	0.01	0.2	5.68853	267.417	0
0.000733073	0.01	0.2	6.09537	262.706	0
0.000733073	0.01	0.2	6.53131	258.861	0
0.000733073	0.01	0.2	6.99842	257.225	0
0.000733073	0.01	0.2	7.49894	257.582	0
0.000733073	0.01	0.2	8.03526	257.23	0
0.000733073	0.01	0.2	8.60994	255.405	0
0.000733073	0.01	0.2	9.22571	254.471	0
0.000733073	0.01	0.2	9.88553	255.784	0
0.000733073	0.01	0.2	10.5925	257.724	0
0.000733073	0.01	0.2	11.3501	258.694	0
0.000733073	0.01	0.2	12.1619	260.465	0
0.000733073	0.01	0.2	13.0317	264.537	0
0.000733073	0.01	0.2	13.9637	267.395	0
0.000733073	0.01	0.2	14.9624	264.939	0
0.000733073	0.01	0.2	16.0325	259.336	0
0.000733073	0.01	0.2	17.1791	255.755	0
0.000733073	0.01	0.2	18.4077	256.332	0
0.000733073	0.01	0.2	19.7242	258.164	0
0.000733073	0.01	0.2	21.1349	259.326	0
0.000733073	0.01	0.2	22.6464	259.091	0
0.000733073	0.01	0.2	24.2661	255.556	0
0.000733073	0.01	0.2	26.0016	251.971	0
0.000733073	0.01	0.2	27.8612	251.256	0
0.000733073	0.01	0.2	29.8538	254.167	0
0.000733073	0.01	0.2	31.989	259.993	0
0.000733073	0.01	0.2	34.2768	258.482	0
0.000733073	0.01	0.2	36.7282	252.218	0
0.000733073	0.01	0.2	39.355	251.776	0
0.000733073	0.01	0.2	42.1697	252.239	0
0.000733073	0.01	0.2	45.1856	258.917	0
0.000733073	0.01	0.2	48.4172	260.172	0
0.000733073	0.01	0.2	51.88	252.746	0
0.000733073	0.01	0.2	55.5904	251.66	0
0.000733073	0.01	0.2	59.5662	251.858	0
0.000733073	0.01	0.2	63.8263	254.828	0
0.000733073	0.01	0.2	68.3912	254.805	0
0.000733073	0.01	0.2	73.2825	252.587	0
0.000733073	0.01	0.2	78.5236	251.171	0
0.000733073	0.01	0.2	84.1395	252.357	0
0.000733073	0.01	0.2	90.1571	252.868	0
0.000733073	0.01	0.2	96.6051	252.289	0
0.000800936	0.01	0.2	0.103514	260.317	0
0.000800936	0.01	0.2	0.110917	260.289	0
0.000800936	0.01	0.2	0.11885	260.257	0
0.000800936	0.01	0.2	0.12735	260.221	0
0.000800936	0.01	0.2	0.136458	260.179	0
0.000800936	0.01	0.2	0.146218	260.132	0
0.000800936	0.01	0.2	0.156675	260.078	0
0.000800936	0.01	0.2	0.16788	260.016	0
0.000800936	0.01	0.2	0.179887	259.946	0
0.000800936	0.01	0.2	0.192752	259.866	0
0.000800936	0.01	0.2	0.206538	259.776	0
0.000800936	0.01	0.2	0.221309	259.673	0
0.000800936	0.01	0.2	0.237137	259.557	0
0.000800936	0.01	0.2	0.254097	259.426	0
0.000800936	0.01	0.2	0.27227	259.278	0
0.000800936	0.01	0.2	0.291743	259.113	0
0.000800936	0.01	0.2	0.312608	258.927	0
0.000800936	0.01	0.2	0.334965	258.721	0
0.000800936	0.01	0.2	0.358922	258.491	0
0.000800936	0.01	0.2	0.384592	258.238	0
0.000800936	0.01	0.2	0.412098	257.96	0
0.000800936	0.01	0.2	0.44157	257.657	0
0.000800936	0.01	0.2	0.473151	257.329	0
0.000800936	0.01	0.2	0.506991	256.977	0
0.000800936	0.01	0.2	0.54325	256.604	0
0.000800936	0.01	0.2	0.582103	256.211	0
0.000800936	0.01	0.2	0.623735	255.805	0
0.000800936	0.01	0.2	0.668344	255.392	0
0.000800936	0.01	0.2	0.716143	254.978	0
0.000800936	0.01	0.2	0.767361	254.573	0
0.000800936	0.01	0.2	0.822243	254.187	0
0.000800936	0.01	0.2	0.881049	253.832	0
0.000800936	0.01	0.2	0.944061	253.52	0
0.000800936	0.01	0.2	1.01158	253.264	0
0.000800936	0.01	0.2	1.08393	253.078	0
0.000800936	0.01	0.2	1.16145	252.979	0
0.000800936	0.01	0.2	1.24451	252.988	0
0.000800936	0.01	0.2	1.33352	253.129	0
0.000800936	0.01	0.2	1.42889	253.434	0
0.000800936	0.01	0.2	1.53109	253.944	0
0.000800936	0.01	0.2	1.64059	254.698	0
0.000800936	0.01	0.2	1.75792	255.732	0
0.000800936	0.01	0.2	1.88365	257.056	0
0.000800936	0.01	0.2	2.01837	258.633	0
0.000800936	0.01	0.2	2.16272	260.341	0
0.000800936	0.01	0.2	2.31739	261.935	0
0.000800936	0.01	0.2	2.48313	263.018	0
0.000800936	0.01	0.2	2.66073	263.074	0
0.000800936	0.01	0.2	2.85102	261.634	0
0.000800936	0.01	0.2	3.05492	258.618	0
0.000800936	0.01	0.2	3.27341	254.748	0
0.000800936	0.01	0.2	3.50752	251.667	0
0.000800936	0.01	0.2	3.75837	251.358	0
0.000800936	0.01	0.2	4.02717	254.88	0
0.000800936	0.01	0.2	4.31519	261.262	0
0.000800936	0.01	0.2	4.62381	267.675	0
0.000800936	0.01	0.2	4.9545	271.106	0
0.000800936	0.01	0.2	5.30884	270.32	0
0.000800936	0.01	0.2	5.68853	266.463	0
0.000800936	0.01	0.2	6.09537	261.746	0
0.000800936	0.01	0.2	6.53131	257.894	0
0.000800936	0.01	0.2	6.99842	256.25	0
0.000800936	0.01	0.2	7.49894	256.604	0
0.000800936	0.01	0.2	8.03526	256.261	0
0.000800936	0.01	0.2	8.60994	254.45	0
0.000800936	0.01	0.2	9.22571	253.531	0
0.000800936	0.01	0.2	9.88553	254.856	0
0.000800936	0.01	0.2	10.5925	256.805	0
0.000800936	0.01	0.2	11.3501	257.793	0
0.000800936	0.01	0.2	12.1619	259.587	0
0.000800936	0.01	0.2	13.0317	263.679	0
0.000800936	0.01	0.2	13.9637	266.542	0
0.000800936	0.01	0.2	14.9624	264.079	0
0.000800936	0.01	0.2	16.0325	258.464	0
0.000800936	0.01	0.2	17.1791	254.871	0
0.000800936	0.01	0.2	18.4077	255.437	0
0.000800936	0.01	0.2	19.7242	257.265	0
0.000800936	0.01	0.2	21.1349	258.43	0
0.000800936	0.01	0.2	22.6464	258.211	0
0.000800936	0.01	0.2	24.2661	254.701	0
0.000800936	0.01	0.2	26.0016	251.144	0
0.000800936	0.01	0.2	27.8612	250.442	0
0.000800936	0.01	0.2	29.8538	253.347	0
0.000800936	0.01	0.2	31.989	259.157	0
0.000800936	0.01	0.2	34.2768	257.633	0
0.000800936	0.01	0.2	36.7282	251.358	0
0.000800936	0.01	0.2	39.355	250.909	0
0.000800936	0.01	0.2	42.1697	251.373	0
0.000800936	0.01	0.2	45.1856	258.06	0
0.000800936	0.01	0.2	48.4172	259.326	0
0.000800936	0.01	0.2	51.88	251.909	0
0.000800936	0.01	0.2	55.5904	250.824	0
0.000800936	0.01	0.2	59.5662	251.017	0
0.000800936	0.01	0.2	63.8263	253.977	0
0.000800936	0.01	0.2	68.3912	253.945	0
0.000800936	0.01	0.2	73.2825	251.717	0
0.000800936	0.01	0.2	78.5236	250.299	0
0.000800936	0.01	0.2	84.1395	251.488	0
0.000800936	0.01	0.2	90.1571	252.01	0
0.000800936	0.01	0.2	96.6051	251.441	0
0.000875083	0.01	0.2	0.103514	260.304	0
0.000875083	0.01	0.2	0.110917	260.274	0
0.000875083	0.01	0.2	0.11885	260.24	0
0.000875083	0.01	0.2	0.12735	260.201	0
0.000875083	0.01	0.2	0.136458	260.157	0
0.000875083	0.01	0.2	0.146218	260.106	0
0.000875083	0.01	0.2	0.156675	260.048	0
0.000875083	0.01	0.2	0.16788	259.983	0
0.000875083	0.01	0.2	0.179887	259.908	0
0.000875083	0.01	0.2	0.192752	259.822	0
0.000875083	0.01	0.2	0.206538	259.725	0
0.000875083	0.01	0.2	0.221309	259.616	0
0.000875083	0.01	0.2	0.237137	259.491	0
0.000875083	0.01	0.2	0.254097	259.351	0
0.000875083	0.01	0.2	0.27227	259.193	0
0.000875083	0.01	0.2	0.291743	259.016	0
0.000875083	0.01	0.2	0.312608	258.817	0
0.000875083	0.01	0.2	0.334965	258.596	0
0.000875083	0.01	0.2	0.358922	258.35	0
0.000875083	0.01	0.2	0.384592	258.079	0
0.000875083	0.01	0.2	0.412098	257.78	0
0.000875083	0.01	0.2	0.44157	257.455	0
0.000875083	0.01	0.2	0.473151	257.102	0
0.000875083	0.01	0.2	0.506991	256.723	0
0.000875083	0.01	0.2	0.54325	256.321	0
0.000875083	0.01	0.2	0.582103	255.897	0
0.000875083	0.01	0.2	0.623735	255.458	0
0.000875083	0.01	0.2	0.668344	255.009	0
0.000875083	0.01	0.2	0.716143	254.558	0
0.000875083	0.01	0.2	0.767361	254.114	0
0.000875083	0.01	0.2	0.822243	253.689	0
0.000875083	0.01	0.2	0.881049	253.294	0
0.000875083	0.01	0.2	0.944061	252.941	0
0.000875083	0.01	0.2	1.01158	252.645	0
0.000875083	0.01	0.2	1.08393	252.42	0
0.000875083	0.01	0.2	1.16145	252.283	0
0.000875083	0.01	0.2	1.24451	252.255	0
0.000875083	0.01	0.2	1.33352	252.362	0
0.000875083	0.01	0.2	1.42889	252.637	0
0.000875083	0.01	0.2	1.53109	253.12	0
0.000875083	0.01	0.2	1.64059	253.852	0
0.000875083	0.01	0.2	1.75792	254.869	0
0.000875083	0.01	0.2	1.88365	256.181	0
0.000875083	0.01	0.2	2.01837	257.749	0
0.000875083	0.01	0.2	2.16272	259.452	0
0.000875083	0.01	0.2	2.31739	261.043	0
0.000875083	0.01	0.2	2.48313	262.125	0
0.000875083	0.01	0.2	2.66073	262.181	0
0.000875083	0.01	0.2	2.85102	260.738	0
0.000875083	0.01	0.2	3.05492	257.717	0
0.000875083	0.01	0.2	3.27341	253.838	0
0.000875083	0.01	0.2	3.50752	250.747	0
0.000875083	0.01	0.2	3.75837	250.426	0
0.000875083	0.01	0.2	4.02717	253.934	0
0.000875083	0.01	0.2	4.31519	260.299	0
0.000875083	0.01	0.2	4.62381	266.691	0
0.000875083	0.01	0.2	4.9545	270.1	0
0.000875083	0.01	0.2	5.30884	269.293	0
0.000875083	0.01	0.2	5.68853	265.423	0
0.000875083	0.01	0.2	6.09537	260.699	0
0.000875083	0.01	0.2	6.53131	256.84	0
0.000875083	0.01	0.2	6.99842	255.187	0
0.000875083	0.01	0.2	7.49894	255.538	0
0.000875083	0.01	0.2	8.03526	255.204	0
0.000875083	0.01	0.2	8.60994	253.409	0
0.000875083	0.01	0.2	9.22571	252.506	0
0.000875083	0.01	0.2	9.88553	253.844	0
0.000875083	0.01	0.2	10.5925	255.803	0
0.000875083	0.01	0.2	11.3501	256.81	0
0.000875083	0.01	0.2	12.1619	258.631	0
0.000875083	0.01	0.2	13.0317	262.744	0
0.000875083	0.01	0.2	13.9637	265.611	0
0.000875083	0.01	0.2	14.9624	263.141	0
0.000875083	0.01	0.2	16.0325	257.514	0
0.000875083	0.01	0.2	17.1791	253.906	0
0.000875083	0.01	0.2	18.4077	254.46	0
0.000875083	0.01	0.2	19.7242	256.286	0
0.000875083	0.01	0.2	21.1349	257.452	0
0.000875083	0.01	0.2	22.6464	257.251	0
0.000875083	0.01	0.2	24.2661	253.77	0
0.000875083	0.01	0.2	26.0016	250.241	0
0.000875083	0.01	0.2	27.8612	249.555	0
0.000875083	0.01	0.2	29.8538	252.453	0
0.000875083	0.01	0.2	31.989	258.246	0
0.000875083	0.01	0.2	34.2768	256.707	0
0.000875083	0.01	0.2	36.7282	250.42	0
0.000875083	0.01	0.2	39.355	249.963	0
0.000875083	0.01	0.2	42.1697	250.429	0
0.000875083	0.01	0.2	45.1856	257.125	0
0.000875083	0.01	0.2	48.4172	258.404	0
0.000875083	0.01	0.2	51.88	250.996	0
0.000875083	0.01	0.2	55.5904	249.912	0
0.000875083	0.01	0.2	59.5662	250.1	0
0.000875083	0.01	0.2	63.8263	253.049	0
0.000875083	0.01	0.2	68.3912	253.007	0
0.000875083	0.01	0.2	73.2825	250.767	0
0.000875083	0.01	0.2	78.5236	249.347	0
0.000875083	0.01	0.2	84.1395	250.54	0
0.000875083	0.01	0.2	90.1571	251.074	0
0.000875083	0.01	0.2	96.6051	250.516	0
0.000956093	0.01	0.2	0.103514	260.29	0
0.000956093	0.01	0.2	0.110917	260.258	0
0.000956093	0.01	0.2	0.11885	260.221	0
0.000956093	0.01	0.2	0.12735	260.18	0
0.000956093	0.01	0.2	0.136458	260.132	0
0.000956093	0.01	0.2	0.146218	260.078	0
0.000956093	0.01	0.2	0.156675	260.016	0
0.000956093	0.01	0.2	0.16788	259.946	0
0.000956093	0.01	0.2	0.179887	259.865	0
0.000956093	0.01	0.2	0.192752	259.774	0
0.000956093	0.01	0.2	0.206538	259.67	0
0.000956093	0.01	0.2	0.221309	259.553	0
0.000956093	0.01	0.2	0.237137	259.42	0
0.000956093	0.01	0.2	0.254097	259.27	0
0.000956093	0.01	0.2	0.27227	259.1	0
0.000956093	0.01	0.2	0.291743	258.91	0
0.000956093	0.01	0.2	0.312608	258.697	0
0.000956093	0.01	0.2	0.334965	258.46	0
0.000956093	0.01	0.2	0.358922	258.196	0
0.000956093	0.01	0.2	0.384592	257.904	0
0.000956093	0.01	0.2	0.412098	257.584	0
0.000956093	0.01	0.2	0.44157	257.234	0
0.000956093	0.01	0.2	0.473151	256.854	0
0.000956093	0.01	0.2	0.506991	256.446	0
0.000956093	0.01	0.2	0.54325	256.012	0
0.000956093	0.01	0.2	0.582103	255.554	0
0.000956093	0.01	0.2	0.623735	255.078	0
0.000956093	0.01	0.2	0.668344	254.59	0
0.000956093	0.01	0.2	0.716143	254.099	0
0.000956093	0.01	0.2	0.767361	253.613	0
0.000956093	0.01	0.2	0.822243	253.145	0
0.000956093	0.01	0.2	0.881049	252.706	0
0.000956093	0.01	0.2	0.944061	252.31	0
0.000956093	0.01	0.2	1.01158	251.97	0
0.000956093	0.01	0.2	1.08393	251.702	0
0.000956093	0.01	0.2	1.16145	251.523	0
0.000956093	0.01	0.2	1.24451	251.456	0
0.000956093	0.01	0.2	1.33352	251.527	0
0.000956093	0.01	0.2	1.42889	251.768	0
0.000956093	0.01	0.2	1.53109	252.222	0
0.000956093	0.01	0.2	1.64059	252.931	0
0.000956093	0.01	0.2	1.75792	253.928	0
0.000956093	0.01	0.2	1.88365	255.226	0
0.000956093	0.01	0.2	2.01837	256.785	0
0.000956093	0.01	0.2	2.16272	258.483	0
0.000956093	0.01	0.2	2.31739	260.071	0
0.000956093	0.01	0.2	2.48313	261.152	0
0.000956093	0.01	0.2	2.66073	261.207	0
0.000956093	0.01	0.2	2.85102	259.762	0
0.000956093	0.01	0.2	3.05492	256.734	0
0.000956093	0.01	0.2	3.27341	252.846	0
0.000956093	0.01	0.2	3.50752	249.744	0
0.000956093	0.01	0.2	3.75837	249.409	0
0.000956093	0.01	0.2	4.02717	252.902	0
0.000956093	0.01	0.2	4.31519	259.249	0
0.000956093	0.01	0.2	4.62381	265.619	0
0.000956093	0.01	0.2	4.9545	269.002	0
0.000956093	0.01	0.2	5.30884	268.174	0
0.000956093	0.01	0.2	5.68853	264.29	0
0.000956093	0.01	0.2	6.09537	259.558	0
0.000956093	0.01	0.2	6.53131	255.691	0
0.000956093	0.01	0.2	6.99842	254.028	0
0.000956093	0.01	0.2	7.49894	254.376	0
0.000956093	0.01	0.2	8.03526	254.053	0
0.000956093	0.01	0.2	8.60994	252.274	0
0.000956093	0.01	0.2	9.22571	251.388	0
0.000956093	0.01	0.2	9.88553	252.741	0
0.000956093	0.01	0.2	10.5925	254.71	0
0.000956093	0.01	0.2	11.3501	255.738	0
0.000956093	0.01	0.2	12.1619	257.588	0
0.000956093	0.01	0.2	13.0317	261.725	0
0.000956093	0.01	0.2	13.9637	264.596	0
0.000956093	0.01	0.2	14.9624	262.118	0
0.000956093	0.01	0.2	16.0325	256.478	0
0.000956093	0.01	0.2	17.1791	252.855	0
0.000956093	0.01	0.2	18.4077	253.396	0
0.000956093	0.01	0.2	19.7242	255.218	0
0.000956093	0.01	0.2	21.1349	256.387	0
0.000956093	0.01	0.2	22.6464	256.204	0
0.000956093	0.01	0.2	24.2661	252.754	0
0.000956093	0.01	0.2	26.0016	249.258	0
0.000956093	0.01	0.2	27.8612	248.587	0
0.000956093	0.01	0.2	29.8538	251.478	0
0.000956093	0.01	0.2	31.989	257.253	0
0.000956093	0.01	0.2	34.2768	255.697	0
0.000956093	0.01	0.2	36.7282	249.397	0
0.000956093	0.01	0.2	39.355	248.933	0
0.000956093	0.01	0.2	42.1697	249.4	0
0.000956093	0.01	0.2	45.1856	256.106	0
0.000956093	0.01	0.2	48.4172	257.398	0
0.000956093	0.01	0.2	51.88	250	0
0.000956093	0.01	0.2	55.5904	248.917	0
0.000956093	0.01	0.2	59.5662	249.1	0
0.000956093	0.01	0.2	63.8263	252.037	0
0.000956093	0.01	0.2	68.3912	251.984	0
0.000956093	0.01	0.2	73.2825	249.732	0
0.000956093	0.01	0.2	78.5236	248.309	0
0.000956093	0.01	0.2	84.1395	249.506	0
0.000956093	0.01	0.2	90.1571	250.054	0
0.000956093	0.01	0.2	96.6051	249.508	0
0.0010446	0.01	0.2	0.103514	260.274	0
0.0010446	0.01	0.2	0.110917	260.24	0
0.0010446	0.01	0.2	0.11885	260.201	0
0.0010446	0.01	0.2	0.12735	260.156	0
0.0010446	0.01	0.2	0.136458	260.106	0
0.0010446	0.01	0.2	0.146218	260.047	0
0.0010446	0.01	0.2	0.156675	259.981	0
0.0010446	0.01	0.2	0.16788	259.905	0
0.0010446	0.01	0.2	0.179887	259.819	0
0.0010446	0.01	0.2	0.192752	259.721	0
0.0010446	0.01	0.2	0.206538	259.61	0
0.0010446	0.01	0.2	0.221309	259.484	0
0.0010446	0.01	0.2	0.237137	259.341	0
0.0010446	0.01	0.2	0.254097	259.18	0
0.0010446	0.01	0.2	0.27227	258.999	0
0.0010446	0.01	0.2	0.291743	258.795	0
0.0010446	0.01	0.2	0.312608	258.566	0
0.0010446	0.01	0.2	0.334965	258.311	0
0.0010446	0.01	0.2	0.358922	258.028	0
0.0010446	0.01	0.2	0.384592	257.714	0
0.0010446	0.01	0.2	0.412098	257.369	0
0.0010446	0.01	0.2	0.44157	256.992	0
0.0010446	0.01	0.2	0.473151	256.584	0
0.0010446	0.01	0.2	0.506991	256.143	0
0.0010446	0.01	0.2	0.54325	255.674	0
0.0010446	0.01	0.2	0.582103	255.179	0
0.0010446	0.01	0.2	0.623735	254.663	0
0.0010446	0.01	0.2	0.668344	254.134	0
0.0010446	0.01	0.2	0.716143	253.598	0
0.0010446	0.01	0.2	0.767361	253.067	0
0.0010446	0.01	0.2	0.822243	252.552	0
0.0010446	0.01	0.2	0.881049	252.065	0
0.0010446	0.01	0.2	0.944061	251.62	0
0.0010446	0.01	0.2	1.01158	251.233	0
0.0010446	0.01	0.2	1.08393	250.918	0
0.0010446	0.01	0.2	1.16145	250.695	0
0.0010446	0.01	0.2	1.24451	250.585	0
0.0010446	0.01	0.2	1.33352	250.615	0
0.0010446	0.01	0.2	1.42889	250.821	0
0.0010446	0.01	0.2	1.53109	251.243	0
0.0010446	0.01	0.2	1.64059	251.925	0
0.0010446	0.01	0.2	1.75792	252.903	0
0.0010446	0.01	0.2	1.88365	254.186	0
0.0010446	0.01	0.2	2.01837	255.735	0
0.0010446	0.01	0.2	2.16272	257.426	0
0.0010446	0.01	0.2	2.31739	259.011	0
0.0010446	0.01	0.2	2.48313	260.091	0
0.0010446	0.01	0.2	2.66073	260.146	0
0.0010446	0.01	0.2	2.85102	258.697	0
0.0010446	0.01	0.2	3.05492	255.663	0
0.0010446	0.01	0.2	3.27341	251.765	0
0.0010446	0.01	0.2	3.50752	248.65	0
0.0010446	0.01	0.2	3.75837	248.301	0
0.0010446	0.01	0.2	4.02717	251.777	0
0.0010446	0.01	0.2	4.31519	258.104	0
0.0010446	0.01	0.2	4.62381	264.45	0
0.0010446	0.01	0.2	4.9545	267.806	0
0.0010446	0.01	0.2	5.30884	266.954	0
0.0010446	0.01	0.2	5.68853	263.054	0
0.0010446	0.01	0.2	6.09537	258.314	0
0.0010446	0.01	0.2	6.53131	254.439	0
0.0010446	0.01	0.2	6.99842	252.765	0
0.0010446	0.01	0.2	7.49894	253.11	0
0.0010446	0.01	0.2	8.03526	252.798	0
0.0010446	0.01	0.2	8.60994	251.038	0
0.0010446	0.01	0.2	9.22571	250.17	0
0.0010446	0.01	0.2	9.88553	251.539	0
0.0010446	0.01	0.2	10.5925	253.52	0
0.0010446	0.01	0.2	11.3501	254.57	0
0.0010446	0.01	0.2	12.1619	256.451	0
0.0010446	0.01	0.2	13.0317	260.614	0
0.0010446	0.01	0.2	13.9637	263.491	0
0.0010446	0.01	0.2	14.9624	261.003	0
0.0010446	0.01	0.2	16.0325	255.349	0
0.0010446	0.01	0.2	17.1791	251.709	0
0.0010446	0.01	0.2	18.4077	252.235	0
0.0010446	0.01	0.2	19.7242	254.055	0
0.0010446	0.01	0.2	21.1349	255.226	0
0.0010446	0.01	0.2	22.6464	255.063	0
0.0010446	0.01	0.2	24.2661	251.646	0
0.0010446	0.01	0.2	26.0016	248.185	0
0.0010446	0.01	0.2	27.8612	247.532	0
0.0010446	0.01	0.2	29.8538	250.416	0
0.0010446	0.01	0.2	31.989	256.17	0
0.0010446	0.01	0.2	34.2768	254.596	0
0.0010446	0.01	0.2	36.7282	248.282	0
0.0010446	0.01	0.2	39.355	247.81	0
0.0010446	0.01	0.2	42.1697	248.279	0
0.0010446	0.01	0.2	45.1856	254.996	0
0.0010446	0.01	0.2	48.4172	256.302	0
0.0010446	0.01	0.2	51.88	248.915	0
0.0010446	0.01	0.2	55.5904	247.834	0
0.0010446	0.01	0.2	59.5662	248.009	0
0.0010446	0.01	0.2	63.8263	250.934	0
0.0010446	0.01	0.2	68.3912	250.869	0
0.0010446	0.01	0.2	73.2825	248.604	0
0.0010446	0.01	0.2	78.5236	247.178	0
0.0010446	0.01	0.2	84.1395	248.379	0
0.0010446	0.01	0.2	90.1571	248.942	0
0.0010446	0.01	0.2	96.6051	248.409	0
0.00114131	0.01	0.2	0.103514	260.257	0
0.00114131	0.01	0.2	0.110917	260.22	0
0.00114131	0.01	0.2	0.11885	260.179	0
0.00114131	0.01	0.2	0.12735	260.131	0
0.00114131	0.01	0.2	0.136458	260.076	0
0.00114131	0.01	0.2	0.146218	260.014	0
0.00114131	0.01	0.2	0.156675	259.943	0
0.00114131	0.01	0.2	0.16788	259.862	0
0.00114131	0.01	0.2	0.179887	259.769	0
0.00114131	0.01	0.2	0.192752	259.664	0
0.00114131	0.01	0.2	0.206538	259.545	0
0.00114131	0.01	0.2	0.221309	259.409	0
0.00114131	0.01	0.2	0.237137	259.256	0
0.00114131	0.01	0.2	0.254097	259.083	0
0.00114131	0.01	0.2	0.27227	258.888	0
0.00114131	0.01	0.2	0.291743	258.668	0
0.00114131	0.01	0.2	0.312608	258.423	0
0.00114131	0.01	0.2	0.334965	258.148	0
0.00114131	0.01	0.2	0.358922	257.844	0
0.00114131	0.01	0.2	0.384592	257.506	0
0.00114131	0.01	0.2	0.412098	257.135	0
0.00114131	0.01	0.2	0.44157	256.729	0
0.00114131	0.01	0.2	0.473151	256.288	0
0.00114131	0.01	0.2	0.506991	255.813	0
0.00114131	0.01	0.2	0.54325	255.306	0
0.00114131	0.01	0.2	0.582103	254.77	0
0.00114131	0.01	0.2	0.623735	254.211	0
0.00114131	0.01	0.2	0.668344	253.635	0
0.00114131	0.01	0.2	0.716143	253.052	0
0.00114131	0.01	0.2	0.767361	252.471	0
0.00114131	0.01	0.2	0.822243	251.904	0
0.00114131	0.01	0.2	0.881049	251.365	0
0.00114131	0.01	0.2	0.944061	250.869	0
0.00114131	0.01	0.2	1.01158	250.429	0
0.00114131	0.01	0.2	1.08393	250.064	0
0.00114131	0.01	0.2	1.16145	249.792	0
0.00114131	0.01	0.2	1.24451	249.635	0
0.00114131	0.01	0.2	1.33352	249.621	0
0.00114131	0.01	0.2	1.42889	249.788	0
0.00114131	0.01	0.2	1.53109	250.176	0
0.00114131	0.01	0.2	1.64059	250.83	0
0.00114131	0.01	0.2	1.75792	251.785	0
0.00114131	0.01	0.2	1.88365	253.051	0
0.00114131	0.01	0.2	2.01837	254.589	0
0.00114131	0.01	0.2	2.16272	256.274	0
0.00114131	0.01	0.2	2.31739	257.856	0
0.00114131	0.01	0.2	2.48313	258.935	0
0.00114131	0.01	0.2	2.66073	258.989	0
0.00114131	0.01	0.2	2.85102	257.537	0
0.00114131	0.01	0.2	3.05492	254.496	0
0.00114131	0.01	0.2	3.27341	250.587	0
0.00114131	0.01	0.2	3.50752	247.459	0
0.00114131	0.01	0.2	3.75837	247.094	0
0.00114131	0.01	0.2	4.02717	250.551	0
0.00114131	0.01	0.2	4.31519	256.857	0
0.00114131	0.01	0.2	4.62381	263.176	0
0.00114131	0.01	0.2	4.9545	266.503	0
0.00114131	0.01	0.2	5.30884	265.624	0
0.00114131	0.01	0.2	5.68853	261.708	0
0.00114131	0.01	0.2	6.09537	256.959	0
0.00114131	0.01	0.2	6.53131	253.075	0
0.00114131	0.01	0.2	6.99842	251.39	0
0.00114131	0.01	0.2	7.49894	251.73	0
0.00114131	0.01	0.2	8.03526	251.431	0
0.00114131	0.01	0.2	8.60994	249.692	0
0.00114131	0.01	0.2	9.22571	248.844	0
0.00114131	0.01	0.2	9.88553	250.229	0
0.00114131	0.01	0.2	10.5925	252.222	0
0.00114131	0.01	0.2	11.3501	253.297	0
0.00114131	0.01	0.2	12.1619	255.212	0
0.00114131	0.01	0.2	13.0317	259.402	0
0.00114131	0.01	0.2	13.9637	262.285	0
0.00114131	0.01	0.2	14.9624	259.788	0
0.00114131	0.01	0.2	16.0325	254.118	0
0.00114131	0.01	0.2	17.1791	250.46	0
0.00114131	0.01	0.2	18.4077	250.971	0
0.00114131	0.01	0.2	19.7242	252.787	0
0.00114131	0.01	0.2	21.1349	253.96	0
0.00114131	0.01	0.2	22.6464	253.82	0
0.00114131	0.01	0.2	24.2661	250.439	0
0.00114131	0.01	0.2	26.0016	247.016	0
0.00114131	0.01	0.2	27.8612	246.382	0
0.00114131	0.01	0.2	29.8538	249.257	0
0.00114131	0.01	0.2	31.989	254.99	0
0.00114131	0.01	0.2	34.2768	253.397	0
0.00114131	0.01	0.2	36.7282	247.067	0
0.00114131	0.01	0.2	39.355	246.586	0
0.00114131	0.01	0.2	42.1697	247.057	0
0.00114131	0.01	0.2	45.1856	253.786	0
0.00114131	0.01	0.2	48.4172	255.108	0
0.00114131	0.01	0.2	51.88	247.733	0
0.00114131	0.01	0.2	55.5904	246.653	0
0.00114131	0.01	0.2	59.5662	246.821	0
0.00114131	0.01	0.2	63.8263	249.732	0
0.00114131	0.01	0.2	68.3912	249.654	0
0.00114131	0.01	0.2	73.2825	247.374	0
0.00114131	0.01	0.2	78.5236	245.945	0
0.00114131	0.01	0.2	84.1395	247.151	0
0.00114131	0.01	0.2	90.1571	247.73	0
0.00114131	0.01	0.2	96.6051	247.21	0
0.00124696	0.01	0.2	0.103514	260.238	0
0.00124696	0.01	0.2	0.110917	260.199	0
0.00124696	0.01	0.2	0.11885	260.154	0
0.00124696	0.01	0.2	0.12735	260.103	0
0.00124696	0.01	0.2	0.136458	260.044	0
0.00124696	0.01	0.2	0.146218	259.977	0
0.00124696	0.01	0.2	0.156675	259.901	0
0.00124696	0.01	0.2	0.16788	259.813	0
0.00124696	0.01	0.2	0.179887	259.714	0
0.00124696	0.01	0.2	0.192752	259.601	0
0.00124696	0.01	0.2	0.206538	259.473	0
0.00124696	0.01	0.2	0.221309	259.327	0
0.00124696	0.01	0.2	0.237137	259.162	0
0.00124696	0.01	0.2	0.254097	258.976	0
0.00124696	0.01	0.2	0.27227	258.766	0
0.00124696	0.01	0.2	0.291743	258.53	0
0.00124696	0.01	0.2	0.312608	258.266	0
0.00124696	0.01	0.2	0.334965	257.971	0
0.00124696	0.01	0.2	0.358922	257.643	0
0.00124696	0.01	0.2	0.384592	257.279	0
0.00124696	0.01	0.2	0.412098	256.879	0
0.00124696	0.01	0.2	0.44157	256.441	0
0.00124696	0.01	0.2	0.473151	255.965	0
0.00124696	0.01	0.2	0.506991	255.452	0
0.00124696	0.01	0.2	0.54325	254.904	0
0.00124696	0.01	0.2	0.582103	254.324	0
0.00124696	0.01	0.2	0.623735	253.717	0
0.00124696	0.01	0.2	0.668344	253.091	0
0.00124696	0.01	0.2	0.716143	252.455	0
0.00124696	0.01	0.2	0.767361	251.82	0
0.00124696	0.01	0.2	0.822243	251.198	0
0.00124696	0.01	0.2	0.881049	250.602	0
0.00124696	0.01	0.2	0.944061	250.049	0
0.00124696	0.01	0.2	1.01158	249.553	0
0.00124696	0.01	0.2	1.08393	249.133	0
0.00124696	0.01	0.2	1.16145	248.807	0
0.00124696	0.01	0.2	1.24451	248.599	0
0.00124696	0.01	0.2	1.33352	248.538	0
0.00124696	0.01	0.2	1.42889	248.662	0
0.00124696	0.01	0.2	1.53109	249.013	0
0.00124696	0.01	0.2	1.64059	249.636	0
0.00124696	0.01	0.2	1.75792	250.567	0
0.00124696	0.01	0.2	1.88365	251.816	0
0.00124696	0.01	0.2	2.01837	253.341	0
0.00124696	0.01	0.2	2.16272	255.019	0
0.00124696	0.01	0.2	2.31739	256.597	0
0.00124696	0.01	0.2	2.48313	257.676	0
0.00124696	0.01	0.2	2.66073	257.728	0
0.00124696	0.01	0.2	2.85102	256.273	0
0.00124696	0.01	0.2	3.05492	253.224	0
0.00124696	0.01	0.2	3.27341	249.303	0
0.00124696	0.01	0.2	3.50752	246.161	0
0.00124696	0.01	0.2	3.75837	245.779	0
0.00124696	0.01	0.2	4.02717	249.216	0
0.00124696	0.01	0.2	4.31519	255.498	0
0.00124696	0.01	0.2	4.62381	261.789	0
0.00124696	0.01	0.2	4.9545	265.083	0
0.00124696	0.01	0.2	5.30884	264.176	0
0.00124696	0.01	0.2	5.68853	260.241	0
0.00124696	0.01	0.2	6.09537	255.484	0
0.00124696	0.01	0.2	6.53131	251.59	0
0.00124696	0.01	0.2	6.99842	249.891	0
0.00124696	0.01	0.2	7.49894	250.228	0
0.00124696	0.01	0.2	8.03526	249.943	0
0.00124696	0.01	0.2	8.60994	248.225	0
0.00124696	0.01	0.2	9.22571	247.399	0
0.00124696	0.01	0.2	9.88553	248.803	0
0.00124696	0.01	0.2	10.5925	250.809	0
0.00124696	0.01	0.2	11.3501	251.911	0
0.00124696	0.01	0.2	12.1619	253.863	0
0.00124696	0.01	0.2	13.0317	258.083	0
0.00124696	0.01	0.2	13.9637	260.972	0
0.00124696	0.01	0.2	14.9624	258.464	0
0.00124696	0.01	0.2	16.0325	252.777	0
0.00124696	0.01	0.2	17.1791	249.099	0
0.00124696	0.01	0.2	18.4077	249.594	0
0.00124696	0.01	0.2	19.7242	251.405	0
0.00124696	0.01	0.2	21.1349	252.582	0
0.00124696	0.01	0.2	22.6464	252.465	0
0.00124696	0.01	0.2	24.2661	249.124	0
0.00124696	0.01	0.2	26.0016	245.743	0
0.00124696	0.01	0.2	27.8612	245.129	0
0.00124696	0.01	0.2	29.8538	247.995	0
0.00124696	0.01	0.2	31.989	253.704	0
0.00124696	0.01	0.2	34.2768	252.09	0
0.00124696	0.01	0.2	36.7282	245.744	0
0.00124696	0.01	0.2	39.355	245.253	0
0.00124696	0.01	0.2	42.1697	245.725	0
0.00124696	0.01	0.2	45.1856	252.468	0
0.00124696	0.01	0.2	48.4172	253.808	0
0.00124696	0.01	0.2	51.88	246.446	0
0.00124696	0.01	0.2	55.5904	245.367	0
0.00124696	0.01	0.2	59.5662	245.527	0
0.00124696	0.01	0.2	63.8263	248.422	0
0.00124696	0.01	0.2	68.3912	248.33	0
0.00124696	0.01	0.2	73.2825	246.035	0
0.00124696	0.01	0.2	78.5236	244.601	0
0.00124696	0.01	0.2	84.1395	245.812	0
0.00124696	0.01	0.2	90.1571	246.409	0
0.00124696	0.01	0.2	96.6051	245.905	0
0.0013624	0.01	0.2	0.103514	260.218	0
0.0013624	0.01	0.2	0.110917	260.176	0
0.0013624	0.01	0.2	0.11885	260.128	0
0.0013624	0.01	0.2	0.12735	260.072	0
0.0013624	0.01	0.2	0.136458	260.009	0
0.0013624	0.01	0.2	0.146218	259.937	0
0.0013624	0.01	0.2	0.156675	259.855	0
0.0013624	0.01	0.2	0.16788	259.761	0
0.0013624	0.01	0.2	0.179887	259.654	0
0.0013624	0.01	0.2	0.192752	259.533	0
0.0013624	0.01	0.2	0.206538	259.394	0
0.0013624	0.01	0.2	0.221309	259.238	0
0.0013624	0.01	0.2	0.237137	259.06	0
0.0013624	0.01	0.2	0.254097	258.86	0
0.0013624	0.01	0.2	0.27227	258.634	0
0.0013624	0.01	0.2	0.291743	258.38	0
0.0013624	0.01	0.2	0.312608	258.095	0
0.0013624	0.01	0.2	0.334965	257.777	0
0.0013624	0.01	0.2	0.358922	257.423	0
0.0013624	0.01	0.2	0.384592	257.031	0
0.0013624	0.01	0.2	0.412098	256.6	0
0.0013624	0.01	0.2	0.44157	256.127	0
0.0013624	0.01	0.2	0.473151	255.613	0
0.0013624	0.01	0.2	0.506991	255.058	0
0.0013624	0.01	0.2	0.54325	254.465	0
0.0013624	0.01	0.2	0.582103	253.836	0
0.0013624	0.01	0.2	0.623735	253.178	0
0.0013624	0.01	0.2	0.668344	252.498	0
0.0013624	0.01	0.2	0.716143	251.805	0
0.0013624	0.01	0.2	0.767361	251.11	0
0.0013624	0.01	0.2	0.822243	250.427	0
0.0013624	0.01	0.2	0.881049	249.77	0
0.0013624	0.01	0.2	0.944061	249.155	0
0.0013624	0.01	0.2	1.01158	248.598	0
0.0013624	0.01	0.2	1.08393	248.117	0
0.0013624	0.01	0.2	1.16145	247.733	0
0.0013624	0.01	0.2	1.24451	247.47	0
0.0013624	0.01	0.2	1.33352	247.358	0
0.0013624	0.01	0.2	1.42889	247.435	0
0.0013624	0.01	0.2	1.53109	247.746	0
0.0013624	0.01	0.2	1.64059	248.335	0
0.0013624	0.01	0.2	1.75792	249.239	0
0.0013624	0.01	0.2	1.88365	250.469	0
0.0013624	0.01	0.2	2.01837	251.982	0
0.0013624	0.01	0.2	2.16272	253.651	0
0.0013624	0.01	0.2	2.31739	255.226	0
0.0013624	0.01	0.2	2.48313	256.303	0
0.0013624	0.01	0.2	2.66073	256.355	0
0.0013624	0.01	0.2	2.85102	254.896	0
0.0013624	0.01	0.2	3.05492	251.839	0
0.0013624	0.01	0.2	3.27341	247.905	0
0.0013624	0.01	0.2	3.50752	244.747	0
0.0013624	0.01	0.2	3.75837	244.346	0
0.0013624	0.01	0.2	4.02717	247.762	0
0.0013624	0.01	0.2	4.31519	254.018	0
0.0013624	0.01	0.2	4.62381	260.278	0
0.0013624	0.01	0.2	4.9545	263.537	0
0.0013624	0.01	0.2	5.30884	262.599	0
0.0013624	0.01	0.2	5.68853	258.645	0
0.0013624	0.01	0.2	6.09537	253.877	0
0.0013624	0.01	0.2	6.53131	249.972	0
0.0013624	0.01	0.2	6.99842	248.26	0
0.0013624	0.01	0.2	7.49894	248.593	0
0.0013624	0.01	0.2	8.03526	248.322	0
0.0013624	0.01	0.2	8.60994	246.628	0
0.0013624	0.01	0.2	9.22571	245.826	0
0.0013624	0.01	0.2	9.88553	247.249	0
0.0013624	0.01	0.2	10.5925	249.27	0
0.0013624	0.01	0.2	11.3501	250.401	0
0.0013624	0.01	0.2	12.1619	252.393	0
0.0013624	0.01	0.2	13.0317	256.646	0
0.0013624	0.01	0.2	13.9637	259.542	0
0.0013624	0.01	0.2	14.9624	257.022	0
0.0013624	0.01	0.2	16.0325	251.317	0
0.0013624	0.01	0.2	17.1791	247.617	0
0.0013624	0.01	0.2	18.4077	248.094	0
0.0013624	0.01	0.2	19.7242	249.901	0
0.0013624	0.01	0.2	21.1349	251.08	0
0.0013624	0.01	0.2	22.6464	250.989	0
0.0013624	0.01	0.2	24.2661	247.692	0
0.0013624	0.01	0.2	26.0016	244.355	0
0.0013624	0.01	0.2	27.8612	243.764	0
0.0013624	0.01	0.2	29.8538	246.62	0
0.0013624	0.01	0.2	31.989	252.303	0
0.0013624	0.01	0.2	34.2768	250.666	0
0.0013624	0.01	0.2	36.7282	244.303	0
0.0013624	0.01	0.2	39.355	243.801	0
0.0013624	0.01	0.2	42.1697	244.276	0
0.0013624	0.01	0.2	45.1856	251.033	0
0.0013624	0.01	0.2	48.4172	252.391	0
0.0013624	0.01	0.2	51.88	245.044	0
0.0013624	0.01	0.2	55.5904	243.966	0
0.0013624	0.01	0.2	59.5662	244.117	0
0.0013624	0.01	0.2	63.8263	246.995	0
0.0013624	0.01	0.2	68.3912	246.888	0
0.0013624	0.01	0.2	73.2825	244.575	0
0.0013624	0.01	0.2	78.5236	243.137	0
0.0013624	0.01	0.2	84.1395	244.354	0
0.0013624	0.01	0.2	90.1571	244.97	0
0.0013624	0.01	0.2	96.6051	244.483	0
0.00148852	0.01	0.2	0.103514	260.196	0
0.00148852	0.01	0.2	0.110917	260.151	0
0.00148852	0.01	0.2	0.11885	260.099	0
0.00148852	0.01	0.2	0.12735	260.039	0
0.00148852	0.01	0.2	0.136458	259.971	0
0.00148852	0.01	0.2	0.146218	259.893	0
0.00148852	0.01	0.2	0.156675	259.805	0
0.00148852	0.01	0.2	0.16788	259.704	0
0.00148852	0.01	0.2	0.179887	259.589	0
0.00148852	0.01	0.2	0.192752	259.458	0
0.00148852	0.01	0.2	0.206538	259.309	0
0.00148852	0.01	0.2	0.221309	259.14	0
0.00148852	0.01	0.2	0.237137	258.949	0
0.00148852	0.01	0.2	0.254097	258.733	0
0.00148852	0.01	0.2	0.27227	258.489	0
0.00148852	0.01	0.2	0.291743	258.215	0
0.00148852	0.01	0.2	0.312608	257.908	0
0.00148852	0.01	0.2	0.334965	257.565	0
0.00148852	0.01	0.2	0.358922	257.184	0
0.00148852	0.01	0.2	0.384592	256.761	0
0.00148852	0.01	0.2	0.412098	256.295	0
0.00148852	0.01	0.2	0.44157	255.784	0
0.00148852	0.01	0.2	0.473151	255.228	0
0.00148852	0.01	0.2	0.506991	254.628	0
0.00148852	0.01	0.2	0.54325	253.986	0
0.00148852	0.01	0.2	0.582103	253.304	0
0.00148852	0.01	0.2	0.623735	252.59	0
0.00148852	0.01	0.2	0.668344	251.85	0
0.00148852	0.01	0.2	0.716143	251.095	0
0.00148852	0.01	0.2	0.767361	250.336	0
0.00148852	0.01	0.2	0.822243	249.587	0
0.00148852	0.01	0.2	0.881049	248.863	0
0.00148852	0.01	0.2	0.944061	248.18	0
0.00148852	0.01	0.2	1.01158	247.556	0
0.00148852	0.01	0.2	1.08393	247.01	0
0.00148852	0.01	0.2	1.16145	246.563	0
0.00148852	0.01	0.2	1.24451	246.24	0
0.00148852	0.01	0.2	1.33352	246.072	0
0.00148852	0.01	0.2	1.42889	246.099	0
0.00148852	0.01	0.2	1.53109	246.365	0
0.00148852	0.01	0.2	1.64059	246.918	0
0.00148852	0.01	0.2	1.75792	247.794	0
0.00148852	0.01	0.2	1.88365	249.003	0
0.00148852	0.01	0.2	2.01837	250.501	0
0.00148852	0.01	0.2	2.16272	252.162	0
0.00148852	0.01	0.2	2.31739	253.733	0
0.00148852	0.01	0.2	2.48313	254.809	0
0.00148852	0.01	0.2	2.66073	254.859	0
0.00148852	0.01	0.2	2.85102	253.397	0
0.00148852	0.01	0.2	3.05492	250.33	0
0.00148852	0.01	0.2	3.27341	246.383	0
0.00148852	0.01	0.2	3.50752	243.207	0
0.00148852	0.01	0.2	3.75837	242.786	0
0.00148852	0.01	0.2	4.02717	246.178	0
0.00148852	0.01	0.2	4.31519	252.407	0
0.00148852	0.01	0.2	4.62381	258.632	0
0.00148852	0.01	0.2	4.9545	261.854	0
0.00148852	0.01	0.2	5.30884	260.882	0
0.00148852	0.01	0.2	5.68853	256.906	0
0.00148852	0.01	0.2	6.09537	252.128	0
0.00148852	0.01	0.2	6.53131	248.212	0
0.00148852	0.01	0.2	6.99842	246.485	0
0.00148852	0.01	0.2	7.49894	246.813	0
0.00148852	0.01	0.2	8.03526	246.559	0
0.00148852	0.01	0.2	8.60994	244.891	0
0.00148852	0.01	0.2	9.22571	244.114	0
0.00148852	0.01	0.2	9.88553	245.558	0
0.00148852	0.01	0.2	10.5925	247.594	0
0.00148852	0.01	0.2	11.3501	248.756	0
0.00148852	0.01	0.2	12.1619	250.792	0
0.00148852	0.01	0.2	13.0317	255.081	0
0.00148852	0.01	0.2	13.9637	257.984	0
0.00148852	0.01	0.2	14.9624	255.452	0
0.00148852	0.01	0.2	16.0325	249.727	0
0.00148852	0.01	0.2	17.1791	246.004	0
0.00148852	0.01	0.2	18.4077	246.461	0
0.00148852	0.01	0.2	19.7242	248.263	0
0.00148852	0.01	0.2	21.1349	249.446	0
0.00148852	0.01	0.2	22.6464	249.383	0
0.00148852	0.01	0.2	24.2661	246.132	0
0.00148852	0.01	0.2	26.0016	242.844	0
0.00148852	0.01	0.2	27.8612	242.277	0
0.00148852	0.01	0.2	29.8538	245.123	0
0.00148852	0.01	0.2	31.989	250.778	0
0.00148852	0.01	0.2	34.2768	249.116	0
0.00148852	0.01	0.2	36.7282	242.734	0
0.00148852	0.01	0.2	39.355	242.221	0
0.00148852	0.01	0.2	42.1697	242.698	0
0.00148852	0.01	0.2	45.1856	249.47	0
0.00148852	0.01	0.2	48.4172	250.849	0
0.00148852	0.01	0.2	51.88	243.517	0
0.00148852	0.01	0.2	55.5904	242.44	0
0.00148852	0.01	0.2	59.5662	242.582	0
0.00148852	0.01	0.2	63.8263	245.441	0
0.00148852	0.01	0.2	68.3912	245.317	0
0.00148852	0.01	0.2	73.2825	242.985	0
0.00148852	0.01	0.2	78.5236	241.543	0
0.00148852	0.01	0.2	84.1395	242.766	0
0.00148852	0.01	0.2	90.1571	243.403	0
0.00148852	0.01	0.2	96.6051	242.934	0
0.00162632	0.01	0.2	0.103514	260.172	0
0.00162632	0.01	0.2	0.110917	260.123	0
0.00162632	0.01	0.2	0.11885	260.067	0
0.00162632	0.01	0.2	0.12735	260.003	0
0.00162632	0.01	0.2	0.136458	259.929	0
0.00162632	0.01	0.2	0.146218	259.846	0
0.00162632	0.01	0.2	0.156675	259.75	0
0.00162632	0.01	0.2	0.16788	259.641	0
0.00162632	0.01	0.2	0.179887	259.517	0
0.00162632	0.01	0.2	0.192752	259.376	0
0.00162632	0.01	0.2	0.206538	259.215	0
0.00162632	0.01	0.2	0.221309	259.033	0
0.00162632	0.01	0.2	0.237137	258.827	0
0.00162632	0.01	0.2	0.254097	258.594	0
0.00162632	0.01	0.2	0.27227	258.331	0
0.00162632	0.01	0.2	0.291743	258.036	0
0.00162632	0.01	0.2	0.312608	257.704	0
0.00162632	0.01	0.2	0.334965	257.334	0
0.00162632	0.01	0.2	0.358922	256.922	0
0.00162632	0.01	0.2	0.384592	256.465	0
0.00162632	0.01	0.2	0.412098	255.961	0
0.00162632	0.01	0.2	0.44157	255.409	0
0.00162632	0.01	0.2	0.473151	254.808	0
0.00162632	0.01	0.2	0.506991	254.159	0
0.00162632	0.01	0.2	0.54325	253.463	0
0.00162632	0.01	0.2	0.582103	252.724	0
0.00162632	0.01	0.2	0.623735	251.948	0
0.00162632	0.01	0.2	0.668344	251.144	0
0.00162632	0.01	0.2	0.716143	250.321	0
0.00162632	0.01	0.2	0.767361	249.492	0
0.00162632	0.01	0.2	0.822243	248.671	0
0.00162632	0.01	0.2	0.881049	247.874	0
0.00162632	0.01	0.2	0.944061	247.118	0
0.00162632	0.01	0.2	1.01158	246.421	0
0.00162632	0.01	0.2	1.08393	245.804	0
0.00162632	0.01	0.2	1.16145	245.288	0
0.00162632	0.01	0.2	1.24451	244.899	0
0.00162632	0.01	0.2	1.33352	244.671	0
0.00162632	0.01	0.2	1.42889	244.643	0
0.00162632	0.01	0.2	1.53109	244.862	0
0.00162632	0.01	0.2	1.64059	245.375	0
0.00162632	0.01	0.2	1.75792	246.22	0
0.00162632	0.01	0.2	1.88365	247.406	0
0.00162632	0.01	0.2	2.01837	248.889	0
0.00162632	0.01	0.2	2.16272	250.541	0
0.00162632	0.01	0.2	2.31739	252.107	0
0.00162632	0.01	0.2	2.48313	253.181	0
0.00162632	0.01	0.2	2.66073	253.231	0
0.00162632	0.01	0.2	2.85102	251.765	0
0.00162632	0.01	0.2	3.05492	248.688	0
0.00162632	0.01	0.2	3.27341	244.726	0
0.00162632	0.01	0.2	3.50752	241.531	0
0.00162632	0.01	0.2	3.75837	241.089	0
0.00162632	0.01	0.2	4.02717	244.455	0
0.00162632	0.01	0.2	4.31519	250.653	0
0.00162632	0.01	0.2	4.62381	256.842	0
0.00162632	0.01	0.2	4.9545	260.022	0
0.00162632	0.01	0.2	5.30884	259.014	0
0.00162632	0.01	0.2	5.68853	255.014	0
0.00162632	0.01	0.2	6.09537	250.224	0
0.00162632	0.01	0.2	6.53131	246.296	0
0.00162632	0.01	0.2	6.99842	244.554	0
0.00162632	0.01	0.2	7.49894	244.877	0
0.00162632	0.01	0.2	8.03526	244.64	0
0.00162632	0.01	0.2	8.60994	243	0
0.00162632	0.01	0.2	9.22571	242.251	0
0.00162632	0.01	0.2	9.88553	243.718	0
0.00162632	0.01	0.2	10.5925	245.771	0
0.00162632	0.01	0.2	11.3501	246.967	0
0.00162632	0.01	0.2	12.1619	249.05	0
0.00162632	0.01	0.2	13.0317	253.377	0
0.00162632	0.01	0.2	13.9637	256.289	0
0.00162632	0.01	0.2	14.9624	253.743	0
0.00162632	0.01	0.2	16.0325	247.996	0
0.00162632	0.01	0.2	17.1791	244.248	0
0.00162632	0.01	0.2	18.4077	244.683	0
0.00162632	0.01	0.2	19.7242	246.48	0
0.00162632	0.01	0.2	21.1349	247.666	0
0.00162632	0.01	0.2	22.6464	247.634	0
0.00162632	0.01	0.2	24.2661	244.433	0
0.00162632	0.01	0.2	26.0016	241.199	0
0.00162632	0.01	0.2	27.8612	240.659	0
0.00162632	0.01	0.2	29.8538	243.493	0
0.00162632	0.01	0.2	31.989	249.117	0
0.00162632	0.01	0.2	34.2768	247.429	0
0.00162632	0.01	0.2	36.7282	241.026	0
0.00162632	0.01	0.2	39.355	240.501	0
0.00162632	0.01	0.2	42.1697	240.981	0
0.00162632	0.01	0.2	45.1856	247.77	0
0.00162632	0.01	0.2	48.4172	249.171	0
0.00162632	0.01	0.2	51.88	241.856	0
0.00162632	0.01	0.2	55.5904	240.78	0
0.00162632	0.01	0.2	59.5662	240.91	0
0.00162632	0.01	0.2	63.8263	243.75	0
0.00162632	0.01	0.2	68.3912	243.607	0
0.00162632	0.01	0.2	73.2825	241.255	0
0.00162632	0.01	0.2	78.5236	239.807	0
0.00162632	0.01	0.2	84.1395	241.036	0
0.00162632	0.01	0.2	90.1571	241.697	0
0.00162632	0.01	0.2	96.6051	241.248	0
0.00177687	0.01	0.2	0.103514	260.145	0
0.00177687	0.01	0.2	0.110917	260.093	0
0.00177687	0.01	0.2	0.11885	260.032	0
0.00177687	0.01	0.2	0.12735	259.963	0
0.00177687	0.01	0.2	0.136458	259.884	0
0.00177687	0.01	0.2	0.146218	259.793	0
0.00177687	0.01	0.2	0.156675	259.69	0
0.00177687	0.01	0.2	0.16788	259.573	0
0.00177687	0.01	0.2	0.179887	259.439	0
0.00177687	0.01	0.2	0.192752	259.286	0
0.00177687	0.01	0.2	0.206538	259.113	0
0.00177687	0.01	0.2	0.221309	258.917	0
0.00177687	0.01	0.2	0.237137	258.694	0
0.00177687	0.01	0.2	0.254097	258.443	0
0.00177687	0.01	0.2	0.27227	258.159	0
0.00177687	0.01	0.2	0.291743	257.84	0
0.00177687	0.01	0.2	0.312608	257.482	0
0.00177687	0.01	0.2	0.334965	257.082	0
0.00177687	0.01	0.2	0.358922	256.636	0
0.00177687	0.01	0.2	0.384592	256.142	0
0.00177687	0.01	0.2	0.412098	255.598	0
0.00177687	0.01	0.2	0.44157	255.001	0
0.00177687	0.01	0.2	0.473151	254.35	0
0.00177687	0.01	0.2	0.506991	253.647	0
0.00177687	0.01	0.2	0.54325	252.892	0
0.00177687	0.01	0.2	0.582103	252.091	0
0.00177687	0.01	0.2	0.623735	251.249	0
0.00177687	0.01	0.2	0.668344	250.374	0
0.00177687	0.01	0.2	0.716143	249.477	0
0.00177687	0.01	0.2	0.767361	248.571	0
0.00177687	0.01	0.2	0.822243	247.672	0
0.00177687	0.01	0.2	0.881049	246.795	0
0.00177687	0.01	0.2	0.944061	245.96	0
0.00177687	0.01	0.2	1.01158	245.185	0
0.00177687	0.01	0.2	1.08393	244.49	0
0.00177687	0.01	0.2	1.16145	243.899	0
0.00177687	0.01	0.2	1.24451	243.44	0
0.00177687	0.01	0.2	1.33352	243.146	0
0.00177687	0.01	0.2	1.42889	243.058	0
0.00177687	0.01	0.2	1.53109	243.225	0
0.00177687	0.01	0.2	1.64059	243.695	0
0.00177687	0.01	0.2	1.75792	244.507	0
0.00177687	0.01	0.2	1.88365	245.668	0
0.00177687	0.01	0.2	2.01837	247.135	0
0.00177687	0.01	0.2	2.16272	248.776	0
0.00177687	0.01	0.2	2.31739	250.337	0
0.00177687	0.01	0.2	2.48313	251.41	0
0.00177687	0.01	0.2	2.66073	251.459	0
0.00177687	0.01	0.2	2.85102	249.988	0
0.00177687	0.01	0.2	3.05492	246.901	0
0.00177687	0.01	0.2	3.27341	242.923	0
0.00177687	0.01	0.2	3.50752	239.708	0
0.00177687	0.01	0.2	3.75837	239.242	0
0.00177687	0.01	0.2	4.02717	242.58	0
0.00177687	0.01	0.2	4.31519	248.745	0
0.00177687	0.01	0.2	4.62381	254.893	0
0.00177687	0.01	0.2	4.9545	258.029	0
0.00177687	0.01	0.2	5.30884	256.981	0
0.00177687	0.01	0.2	5.68853	252.957	0
0.00177687	0.01	0.2	6.09537	248.154	0
0.00177687	0.01	0.2	6.53131	244.213	0
0.00177687	0.01	0.2	6.99842	242.453	0
0.00177687	0.01	0.2	7.49894	242.772	0
0.00177687	0.01	0.2	8.03526	242.554	0
0.00177687	0.01	0.2	8.60994	240.945	0
0.00177687	0.01	0.2	9.22571	240.225	0
0.00177687	0.01	0.2	9.88553	241.717	0
0.00177687	0.01	0.2	10.5925	243.787	0
0.00177687	0.01	0.2	11.3501	245.02	0
0.00177687	0.01	0.2	12.1619	247.154	0
0.00177687	0.01	0.2	13.0317	251.523	0
0.00177687	0.01	0.2	13.9637	254.444	0
0.00177687	0.01	0.2	14.9624	251.883	0
0.00177687	0.01	0.2	16.0325	246.112	0
0.00177687	0.01	0.2	17.1791	242.337	0
0.00177687	0.01	0.2	18.4077	242.75	0
0.00177687	0.01	0.2	19.7242	244.541	0
0.00177687	0.01	0.2	21.1349	245.73	0
0.00177687	0.01	0.2	22.6464	245.73	0
0.00177687	0.01	0.2	24.2661	242.585	0
0.00177687	0.01	0.2	26.0016	239.408	0
0.00177687	0.01	0.2	27.8612	238.897	0
0.00177687	0.01	0.2	29.8538	241.718	0
0.00177687	0.01	0.2	31.989	247.31	0
0.00177687	0.01	0.2	34.2768	245.593	0
0.00177687	0.01	0.2	36.7282	239.168	0
0.00177687	0.01	0.2	39.355	238.63	0
0.00177687	0.01	0.2	42.1697	239.113	0
0.00177687	0.01	0.2	45.1856	245.92	0
0.00177687	0.01	0.2	48.4172	247.346	0
0.00177687	0.01	0.2	51.88	240.049	0
0.00177687	0.01	0.2	55.5904	238.974	0
0.00177687	0.01	0.2	59.5662	239.091	0
0.00177687	0.01	0.2	63.8263	241.908	0
0.00177687	0.01	0.2	68.3912	241.746	0
0.00177687	0.01	0.2	73.2825	239.371	0
0.00177687	0.01	0.2	78.5236	237.918	0
0.00177687	0.01	0.2	84.1395	239.154	0
0.00177687	0.01	0.2	90.1571	239.84	0
0.00177687	0.01	0.2	96.6051	239.413	0
0.00194137	0.01	0.2	0.103514	260.117	0
0.00194137	0.01	0.2	0.110917	260.059	0
0.00194137	0.01	0.2	0.11885	259.994	0
0.00194137	0.01	0.2	0.12735	259.919	0
0.00194137	0.01	0.2	0.136458	259.834	0
0.00194137	0.01	0.2	0.146218	259.736	0
0.00194137	0.01	0.2	0.156675	259.625	0
0.00194137	0.01	0.2	0.16788	259.498	0
0.00194137	0.01	0.2	0.179887	259.353	0
0.00194137	0.01	0.2	0.192752	259.189	0
0.00194137	0.01	0.2	0.206538	259.002	0
0.00194137	0.01	0.2	0.221309	258.789	0
0.00194137	0.01	0.2	0.237137	258.549	0
0.00194137	0.01	0.2	0.254097	258.277	0
0.00194137	0.01	0.2	0.27227	257.97	0
0.00194137	0.01	0.2	0.291743	257.625	0
0.00194137	0.01	0.2	0.312608	257.238	0
0.00194137	0.01	0.2	0.334965	256.806	0
0.00194137	0.01	0.2	0.358922	256.324	0
0.00194137	0.01	0.2	0.384592	255.79	0
0.00194137	0.01	0.2	0.412098	255.201	0
0.00194137	0.01	0.2	0.44157	254.554	0
0.00194137	0.01	0.2	0.473151	253.85	0
0.00194137	0.01	0.2	0.506991	253.088	0
0.00194137	0.01	0.2	0.54325	252.27	0
0.00194137	0.01	0.2	0.582103	251.4	0
0.00194137	0.01	0.2	0.623735	250.485	0
0.00194137	0.01	0.2	0.668344	249.533	0
0.00194137	0.01	0.2	0.716143	248.556	0
0.00194137	0.01	0.2	0.767361	247.568	0
0.00194137	0.01	0.2	0.822243	246.583	0
0.00194137	0.01	0.2	0.881049	245.62	0
0.00194137	0.01	0.2	0.944061	244.698	0
0.00194137	0.01	0.2	1.01158	243.837	0
0.00194137	0.01	0.2	1.08393	243.059	0
0.00194137	0.01	0.2	1.16145	242.387	0
0.00194137	0.01	0.2	1.24451	241.851	0
0.00194137	0.01	0.2	1.33352	241.485	0
0.00194137	0.01	0.2	1.42889	241.333	0
0.00194137	0.01	0.2	1.53109	241.444	0
0.00194137	0.01	0.2	1.64059	241.868	0
0.00194137	0.01	0.2	1.75792	242.642	0
0.00194137	0.01	0.2	1.88365	243.777	0
0.00194137	0.01	0.2	2.01837	245.226	0
0.00194137	0.01	0.2	2.16272	246.856	0
0.00194137	0.01	0.2	2.31739	248.412	0
0.00194137	0.01	0.2	2.48313	249.484	0
0.00194137	0.01	0.2	2.66073	249.531	0
0.00194137	0.01	0.2	2.85102	248.056	0
0.00194137	0.01	0.2	3.05492	244.958	0
0.00194137	0.01	0.2	3.27341	240.961	0
0.00194137	0.01	0.2	3.50752	237.725	0
0.00194137	0.01	0.2	3.75837	237.233	0
0.00194137	0.01	0.2	4.02717	240.541	0
0.00194137	0.01	0.2	4.31519	246.67	0
0.00194137	0.01	0.2	4.62381	252.775	0
0.00194137	0.01	0.2	4.9545	255.861	0
0.00194137	0.01	0.2	5.30884	254.771	0
0.00194137	0.01	0.2	5.68853	250.719	0
0.00194137	0.01	0.2	6.09537	245.903	0
0.00194137	0.01	0.2	6.53131	241.948	0
0.00194137	0.01	0.2	6.99842	240.17	0
0.00194137	0.01	0.2	7.49894	240.484	0
0.00194137	0.01	0.2	8.03526	240.287	0
0.00194137	0.01	0.2	8.60994	238.711	0
0.00194137	0.01	0.2	9.22571	238.023	0
0.00194137	0.01	0.2	9.88553	239.541	0
0.00194137	0.01	0.2	10.5925	241.629	0
0.00194137	0.01	0.2	11.3501	242.902	0
0.00194137	0.01	0.2	12.1619	245.092	0
0.00194137	0.01	0.2	13.0317	249.506	0
0.00194137	0.01	0.2	13.9637	252.437	0
0.00194137	0.01	0.2	14.9624	249.86	0
0.00194137	0.01	0.2	16.0325	244.064	0
0.00194137	0.01	0.2	17.1791	240.258	0
0.00194137	0.01	0.2	18.4077	240.646	0
0.00194137	0.01	0.2	19.7242	242.431	0
0.00194137	0.01	0.2	21.1349	243.625	0
0.00194137	0.01	0.2	22.6464	243.66	0
0.00194137	0.01	0.2	24.2661	240.574	0
0.00194137	0.01	0.2	26.0016	237.46	0
0.00194137	0.01	0.2	27.8612	236.98	0
0.00194137	0.01	0.2	29.8538	239.788	0
0.00194137	0.01	0.2	31.989	245.343	0
0.00194137	0.01	0.2	34.2768	243.596	0
0.00194137	0.01	0.2	36.7282	237.148	0
0.00194137	0.01	0.2	39.355	236.596	0
0.00194137	0.01	0.2	42.1697	237.082	0
0.00194137	0.01	0.2	45.1856	243.909	0
0.00194137	0.01	0.2	48.4172	245.361	0
0.00194137	0.01	0.2	51.88	238.084	0
0.00194137	0.01	0.2	55.5904	237.01	0
0.00194137	0.01	0.2	59.5662	237.113	0
0.00194137	0.01	0.2	63.8263	239.905	0
0.00194137	0.01	0.2	68.3912	239.721	0
0.00194137	0.01	0.2	73.2825	237.322	0
0.00194137	0.01	0.2	78.5236	235.863	0
0.00194137	0.01	0.2	84.1395	237.107	0
0.00194137	0.01	0.2	90.1571	237.82	0
0.00194137	0.01	0.2	96.6051	237.417	0
0.00212109	0.01	0.2	0.103514	260.085	0
0.00212109	0.01	0.2	0.110917	260.023	0
0.00212109	0.01	0.2	0.11885	259.953	0
0.00212109	0.01	0.2	0.12735	259.872	0
0.00212109	0.01	0.2	0.136458	259.78	0
0.00212109	0.01	0.2	0.146218	259.674	0
0.00212109	0.01	0.2	0.156675	259.554	0
0.00212109	0.01	0.2	0.16788	259.416	0
0.00212109	0.01	0.2	0.179887	259.26	0
0.00212109	0.01	0.2	0.192752	259.082	0
0.00212109	0.01	0.2	0.206538	258.88	0
0.00212109	0.01	0.2	0.221309	258.65	0
0.00212109	0.01	0.2	0.237137	258.39	0
0.00212109	0.01	0.2	0.254097	258.096	0
0.00212109	0.01	0.2	0.27227	257.765	0
0.00212109	0.01	0.2	0.291743	257.391	0
0.00212109	0.01	0.2	0.312608	256.973	0
0.00212109	0.01	0.2	0.334965	256.505	0
0.00212109	0.01	0.2	0.358922	255.984	0
0.00212109	0.01	0.2	0.384592	255.405	0
0.00212109	0.01	0.2	0.412098	254.768	0
0.00212109	0.01	0.2	0.44157	254.067	0
0.00212109	0.01	0.2	0.473151	253.304	0
0.00212109	0.01	0.2	0.506991	252.478	0
0.00212109	0.01	0.2	0.54325	251.591	0
0.00212109	0.01	0.2	0.582103	250.647	0
0.00212109	0.01	0.2	0.623735	249.652	0
0.00212109	0.01	0.2	0.668344	248.617	0
0.00212109	0.01	0.2	0.716143	247.553	0
0.00212109	0.01	0.2	0.767361	246.474	0
0.00212109	0.01	0.2	0.822243	245.397	0
0.00212109	0.01	0.2	0.881049	244.34	0
0.00212109	0.01	0.2	0.944061	243.324	0
0.00212109	0.01	0.2	1.01158	242.37	0
0.00212109	0.01	0.2	1.08393	241.5	0
0.00212109	0.01	0.2	1.16145	240.741	0
0.00212109	0.01	0.2	1.24451	240.121	0
0.00212109	0.01	0.2	1.33352	239.678	0
0.00212109	0.01	0.2	1.42889	239.456	0
0.00212109	0.01	0.2	1.53109	239.506	0
0.00212109	0.01	0.2	1.64059	239.88	0
0.00212109	0.01	0.2	1.75792	240.615	0
0.00212109	0.01	0.2	1.88365	241.72	0
0.00212109	0.01	0.2	2.01837	243.149	0
0.00212109	0.01	0.2	2.16272	244.768	0
0.00212109	0.01	0.2	2.31739	246.319	0
0.00212109	0.01	0.2	2.48313	247.388	0
0.00212109	0.01	0.2	2.66073	247.435	0
0.00212109	0.01	0.2	2.85102	245.954	0
0.00212109	0.01	0.2	3.05492	242.844	0
0.00212109	0.01	0.2	3.27341	238.829	0
0.00212109	0.01	0.2	3.50752	235.569	0
0.00212109	0.01	0.2	3.75837	235.05	0
0.00212109	0.01	0.2	4.02717	238.325	0
0.00212109	0.01	0.2	4.31519	244.415	0
0.00212109	0.01	0.2	4.62381	250.471	0
0.00212109	0.01	0.2	4.9545	253.504	0
0.00212109	0.01	0.2	5.30884	252.368	0
0.00212109	0.01	0.2	5.68853	248.287	0
0.00212109	0.01	0.2	6.09537	243.456	0
0.00212109	0.01	0.2	6.53131	239.487	0
0.00212109	0.01	0.2	6.99842	237.69	0
0.00212109	0.01	0.2	7.49894	237.998	0
0.00212109	0.01	0.2	8.03526	237.824	0
0.00212109	0.01	0.2	8.60994	236.283	0
0.00212109	0.01	0.2	9.22571	235.63	0
0.00212109	0.01	0.2	9.88553	237.176	0
0.00212109	0.01	0.2	10.5925	239.285	0
0.00212109	0.01	0.2	11.3501	240.6	0
0.00212109	0.01	0.2	12.1619	242.85	0
0.00212109	0.01	0.2	13.0317	247.314	0
0.00212109	0.01	0.2	13.9637	250.256	0
0.00212109	0.01	0.2	14.9624	247.66	0
0.00212109	0.01	0.2	16.0325	241.837	0
0.00212109	0.01	0.2	17.1791	237.999	0
0.00212109	0.01	0.2	18.4077	238.36	0
0.00212109	0.01	0.2	19.7242	240.138	0
0.00212109	0.01	0.2	21.1349	241.336	0
0.00212109	0.01	0.2	22.6464	241.409	0
0.00212109	0.01	0.2	24.2661	238.387	0
0.00212109	0.01	0.2	26.0016	235.342	0
0.00212109	0.01	0.2	27.8612	234.896	0
0.00212109	0.01	0.2	29.8538	237.688	0
0.00212109	0.01	0.2	31.989	243.205	0
0.00212109	0.01	0.2	34.2768	241.424	0
0.00212109	0.01	0.2	36.7282	234.951	0
0.00212109	0.01	0.2	39.355	234.385	0
0.00212109	0.01	0.2	42.1697	234.875	0
0.00212109	0.01	0.2	45.1856	241.723	0
0.00212109	0.01	0.2	48.4172	243.204	0
0.00212109	0.01	0.2	51.88	235.948	0
0.00212109	0.01	0.2	55.5904	234.875	0
0.00212109	0.01	0.2	59.5662	234.962	0
0.00212109	0.01	0.2	63.8263	237.727	0
0.00212109	0.01	0.2	68.3912	237.519	0
0.00212109	0.01	0.2	73.2825	235.093	0
0.00212109	0.01	0.2	78.5236	233.627	0
0.00212109	0.01	0.2	84.1395	234.88	0
0.00212109	0.01	0.2	90.1571	235.623	0
0.00212109	0.01	0.2	96.6051	235.246	0
0.00231745	0.01	0.2	0.103514	260.051	0
0.00231745	0.01	0.2	0.110917	259.984	0
0.00231745	0.01	0.2	0.11885	259.907	0
0.00231745	0.01	0.2	0.12735	259.82	0
0.00231745	0.01	0.2	0.136458	259.72	0
0.00231745	0.01	0.2	0.146218	259.606	0
0.00231745	0.01	0.2	0.156675	259.476	0
0.00231745	0.01	0.2	0.16788	259.327	0
0.00231745	0.01	0.2	0.179887	259.158	0
0.00231745	0.01	0.2	0.192752	258.965	0
0.00231745	0.01	0.2	0.206538	258.747	0
0.00231745	0.01	0.2	0.221309	258.498	0
0.00231745	0.01	0.2	0.237137	258.217	0
0.00231745	0.01	0.2	0.254097	257.899	0
0.00231745	0.01	0.2	0.27227	257.54	0
0.00231745	0.01	0.2	0.291743	257.136	0
0.00231745	0.01	0.2	0.312608	256.683	0
0.00231745	0.01	0.2	0.334965	256.176	0
0.00231745	0.01	0.2	0.358922	255.612	0
0.00231745	0.01	0.2	0.384592	254.986	0
0.00231745	0.01	0.2	0.412098	254.295	0
0.00231745	0.01	0.2	0.44157	253.536	0
0.00231745	0.01	0.2	0.473151	252.709	0
0.00231745	0.01	0.2	0.506991	251.813	0
0.00231745	0.01	0.2	0.54325	250.85	0
0.00231745	0.01	0.2	0.582103	249.825	0
0.00231745	0.01	0.2	0.623735	248.744	0
0.00231745	0.01	0.2	0.668344	247.618	0
0.00231745	0.01	0.2	0.716143	246.459	0
0.00231745	0.01	0.2	0.767361	245.282	0
0.00231745	0.01	0.2	0.822243	244.104	0
0.00231745	0.01	0.2	0.881049	242.946	0
0.00231745	0.01	0.2	0.944061	241.828	0
0.00231745	0.01	0.2	1.01158	240.773	0
0.00231745	0.01	0.2	1.08393	239.804	0
0.00231745	0.01	0.2	1.16145	238.95	0
0.00231745	0.01	0.2	1.24451	238.24	0
0.00231745	0.01	0.2	1.33352	237.713	0
0.00231745	0.01	0.2	1.42889	237.415	0
0.00231745	0.01	0.2	1.53109	237.399	0
0.00231745	0.01	0.2	1.64059	237.718	0
0.00231745	0.01	0.2	1.75792	238.41	0
0.00231745	0.01	0.2	1.88365	239.485	0
0.00231745	0.01	0.2	2.01837	240.892	0
0.00231745	0.01	0.2	2.16272	242.498	0
0.00231745	0.01	0.2	2.31739	244.043	0
0.00231745	0.01	0.2	2.48313	245.111	0
0.00231745	0.01	0.2	2.66073	245.156	0
0.00231745	0.01	0.2	2.85102	243.67	0
0.00231745	0.01	0.2	3.05492	240.547	0
0.00231745	0.01	0.2	3.27341	236.512	0
0.00231745	0.01	0.2	3.50752	233.227	0
0.00231745	0.01	0.2	3.75837	232.677	0
0.00231745	0.01	0.2	4.02717	235.916	0
0.00231745	0.01	0.2	4.31519	241.964	0
0.00231745	0.01	0.2	4.62381	247.969	0
0.00231745	0.01	0.2	4.9545	250.944	0
0.00231745	0.01	0.2	5.30884	249.758	0
0.00231745	0.01	0.2	5.68853	245.645	0
0.00231745	0.01	0.2	6.09537	240.799	0
0.00231745	0.01	0.2	6.53131	236.814	0
0.00231745	0.01	0.2	6.99842	234.996	0
0.00231745	0.01	0.2	7.49894	235.298	0
0.00231745	0.01	0.2	8.03526	235.15	0
0.00231745	0.01	0.2	8.60994	233.648	0
0.00231745	0.01	0.2	9.22571	233.032	0
0.00231745	0.01	0.2	9.88553	234.607	0
0.00231745	0.01	0.2	10.5925	236.737	0
0.00231745	0.01	0.2	11.3501	238.098	0
0.00231745	0.01	0.2	12.1619	240.413	0
0.00231745	0.01	0.2	13.0317	244.931	0
0.00231745	0.01	0.2	13.9637	247.884	0
0.00231745	0.01	0.2	14.9624	245.27	0
0.00231745	0.01	0.2	16.0325	239.416	0
0.00231745	0.01	0.2	17.1791	235.544	0
0.00231745	0.01	0.2	18.4077	235.876	0
0.00231745	0.01	0.2	19.7242	237.647	0
0.00231745	0.01	0.2	21.1349	238.849	0
0.00231745	0.01	0.2	22.6464	238.963	0
0.00231745	0.01	0.2	24.2661	236.011	0
0.00231745	0.01	0.2	26.0016	233.039	0
0.00231745	0.01	0.2	27.8612	232.63	0
0.00231745	0.01	0.2	29.8538	235.406	0
0.00231745	0.01	0.2	31.989	240.881	0
0.00231745	0.01	0.2	34.2768	239.065	0
0.00231745	0.01	0.2	36.7282	232.565	0
0.00231745	0.01	0.2	39.355	231.984	0
0.00231745	0.01	0.2	42.1697	232.478	0
0.00231745	0.01	0.2	45.1856	239.348	0
0.00231745	0.01	0.2	48.4172	240.86	0
0.00231745	0.01	0.2	51.88	233.628	0
0.00231745	0.01	0.2	55.5904	232.556	0
0.00231745	0.01	0.2	59.5662	232.624	0
0.00231745	0.01	0.2	63.8263	235.359	0
0.00231745	0.01	0.2	68.3912	235.125	0
0.00231745	0.01	0.2	73.2825	232.671	0
0.00231745	0.01	0.2	78.5236	231.197	0
0.00231745	0.01	0.2	84.1395	232.459	0
0.00231745	0.01	0.2	90.1571	233.235	0
0.00231745	0.01	0.2	96.6051	232.886	0
0.00253198	0.01	0.2	0.103514	260.013	0
0.00253198	0.01	0.2	0.110917	259.941	0
0.00253198	0.01	0.2	0.11885	259.858	0
0.00253198	0.01	0.2	0.12735	259.763	0
0.00253198	0.01	0.2	0.136458	259.655	0
0.00253198	0.01	0.2	0.146218	259.532	0
0.00253198	0.01	0.2	0.156675	259.391	0
0.00253198	0.01	0.2	0.16788	259.23	0
0.00253198	0.01	0.2	0.179887	259.047	0
0.00253198	0.01	0.2	0.192752	258.838	0
0.00253198	0.01	0.2	0.206538	258.601	0
0.00253198	0.01	0.2	0.221309	258.332	0
0.00253198	0.01	0.2	0.237137	258.028	0
0.00253198	0.01	0.2	0.254097	257.683	0
0.00253198	0.01	0.2	0.27227	257.294	0
0.00253198	0.01	0.2	0.291743	256.857	0
0.00253198	0.01	0.2	0.312608	256.366	0
0.00253198	0.01	0.2	0.334965	255.817	0
0.00253198	0.01	0.2	0.358922	255.206	0
0.00253198	0.01	0.2	0.384592	254.527	0
0.00253198	0.01	0.2	0.412098	253.778	0
0.00253198	0.01	0.2	0.44157	252.956	0
0.00253198	0.01	0.2	0.473151	252.059	0
0.00253198	0.01	0.2	0.506991	251.087	0
0.00253198	0.01	0.2	0.54325	250.042	0
0.00253198	0.01	0.2	0.582103	248.929	0
0.00253198	0.01	0.2	0.623735	247.755	0
0.00253198	0.01	0.2	0.668344	246.53	0
0.00253198	0.01	0.2	0.716143	245.267	0
0.00253198	0.01	0.2	0.767361	243.983	0
0.00253198	0.01	0.2	0.822243	242.696	0
0.00253198	0.01	0.2	0.881049	241.427	0
0.00253198	0.01	0.2	0.944061	240.199	0
0.00253198	0.01	0.2	1.01158	239.034	0
0.00253198	0.01	0.2	1.08393	237.959	0
0.00253198	0.01	0.2	1.16145	237.001	0
0.00253198	0.01	0.2	1.24451	236.193	0
0.00253198	0.01	0.2	1.33352	235.576	0
0.00253198	0.01	0.2	1.42889	235.196	0
0.00253198	0.01	0.2	1.53109	235.109	0
0.00253198	0.01	0.2	1.64059	235.369	0
0.00253198	0.01	0.2	1.75792	236.015	0
0.00253198	0.01	0.2	1.88365	237.055	0
0.00253198	0.01	0.2	2.01837	238.44	0
0.00253198	0.01	0.2	2.16272	240.032	0
0.00253198	0.01	0.2	2.31739	241.57	0
0.00253198	0.01	0.2	2.48313	242.636	0
0.00253198	0.01	0.2	2.66073	242.68	0
0.00253198	0.01	0.2	2.85102	241.189	0
0.00253198	0.01	0.2	3.05492	238.052	0
0.00253198	0.01	0.2	3.27341	233.995	0
0.00253198	0.01	0.2	3.50752	230.683	0
0.00253198	0.01	0.2	3.75837	230.101	0
0.00253198	0.01	0.2	4.02717	233.301	0
0.00253198	0.01	0.2	4.31519	239.303	0
0.00253198	0.01	0.2	4.62381	245.251	0
0.00253198	0.01	0.2	4.9545	248.165	0
0.00253198	0.01	0.2	5.30884	246.924	0
0.00253198	0.01	0.2	5.68853	242.777	0
0.00253198	0.01	0.2	6.09537	237.915	0
0.00253198	0.01	0.2	6.53131	233.913	0
0.00253198	0.01	0.2	6.99842	232.073	0
0.00253198	0.01	0.2	7.49894	232.37	0
0.00253198	0.01	0.2	8.03526	232.249	0
0.00253198	0.01	0.2	8.60994	230.788	0
0.00253198	0.01	0.2	9.22571	230.212	0
0.00253198	0.01	0.2	9.88553	231.819	0
0.00253198	0.01	0.2	10.5925	233.971	0
0.00253198	0.01	0.2	11.3501	235.382	0
0.00253198	0.01	0.2	12.1619	237.767	0
0.00253198	0.01	0.2	13.0317	242.342	0
0.00253198	0.01	0.2	13.9637	245.309	0
0.00253198	0.01	0.2	14.9624	242.674	0
0.00253198	0.01	0.2	16.0325	236.788	0
0.00253198	0.01	0.2	17.1791	232.877	0
0.00253198	0.01	0.2	18.4077	233.178	0
0.00253198	0.01	0.2	19.7242	234.941	0
0.00253198	0.01	0.2	21.1349	236.148	0
0.00253198	0.01	0.2	22.6464	236.306	0
0.00253198	0.01	0.2	24.2661	233.429	0
0.00253198	0.01	0.2	26.0016	230.537	0
0.00253198	0.01	0.2	27.8612	230.168	0
0.00253198	0.01	0.2	29.8538	232.927	0
0.00253198	0.01	0.2	31.989	238.357	0
0.00253198	0.01	0.2	34.2768	236.502	0
0.00253198	0.01	0.2	36.7282	229.974	0
0.00253198	0.01	0.2	39.355	229.376	0
0.00253198	0.01	0.2	42.1697	229.875	0
0.00253198	0.01	0.2	45.1856	236.77	0
0.00253198	0.01	0.2	48.4172	238.316	0
0.00253198	0.01	0.2	51.88	231.109	0
0.00253198	0.01	0.2	55.5904	230.037	0
0.00253198	0.01	0.2	59.5662	230.085	0
0.00253198	0.01	0.2	63.8263	232.787	0
0.00253198	0.01	0.2	68.3912	232.525	0
0.00253198	0.01	0.2	73.2825	230.039	0
0.00253198	0.01	0.2	78.5236	228.557	0
0.00253198	0.01	0.2	84.1395	229.828	0
0.00253198	0.01	0.2	90.1571	230.64	0
0.00253198	0.01	0.2	96.6051	230.323	0
0.00276638	0.01	0.2	0.103514	259.972	0
0.00276638	0.01	0.2	0.110917	259.893	0
0.00276638	0.01	0.2	0.11885	259.804	0
0.00276638	0.01	0.2	0.12735	259.701	0
0.00276638	0.01	0.2	0.136458	259.584	0
0.00276638	0.01	0.2	0.146218	259.45	0
0.00276638	0.01	0.2	0.156675	259.298	0
0.00276638	0.01	0.2	0.16788	259.123	0
0.00276638	0.01	0.2	0.179887	258.925	0
0.00276638	0.01	0.2	0.192752	258.699	0
0.00276638	0.01	0.2	0.206538	258.442	0
0.00276638	0.01	0.2	0.221309	258.151	0
0.00276638	0.01	0.2	0.237137	257.821	0
0.00276638	0.01	0.2	0.254097	257.448	0
0.00276638	0.01	0.2	0.27227	257.027	0
0.00276638	0.01	0.2	0.291743	256.553	0
0.00276638	0.01	0.2	0.312608	256.021	0
0.00276638	0.01	0.2	0.334965	255.426	0
0.00276638	0.01	0.2	0.358922	254.763	0
0.00276638	0.01	0.2	0.384592	254.027	0
0.00276638	0.01	0.2	0.412098	253.215	0
0.00276638	0.01	0.2	0.44157	252.323	0
0.00276638	0.01	0.2	0.473151	251.35	0
0.00276638	0.01	0.2	0.506991	250.295	0
0.00276638	0.01	0.2	0.54325	249.161	0
0.00276638	0.01	0.2	0.582103	247.952	0
0.00276638	0.01	0.2	0.623735	246.676	0
0.00276638	0.01	0.2	0.668344	245.343	0
0.00276638	0.01	0.2	0.716143	243.968	0
0.00276638	0.01	0.2	0.767361	242.568	0
0.00276638	0.01	0.2	0.822243	241.163	0
0.00276638	0.01	0.2	0.881049	239.774	0
0.00276638	0.01	0.2	0.944061	238.426	0
0.00276638	0.01	0.2	1.01158	237.143	0
0.00276638	0.01	0.2	1.08393	235.952	0
0.00276638	0.01	0.2	1.16145	234.882	0
0.00276638	0.01	0.2	1.24451	233.969	0
0.00276638	0.01	0.2	1.33352	233.253	0
0.00276638	0.01	0.2	1.42889	232.785	0
0.00276638	0.01	0.2	1.53109	232.621	0
0.00276638	0.01	0.2	1.64059	232.817	0
0.00276638	0.01	0.2	1.75792	233.413	0
0.00276638	0.01	0.2	1.88365	234.417	0
0.00276638	0.01	0.2	2.01837	235.777	0
0.00276638	0.01	0.2	2.16272	237.354	0
0.00276638	0.01	0.2	2.31739	238.885	0
0.00276638	0.01	0.2	2.48313	239.949	0
0.00276638	0.01	0.2	2.66073	239.992	0
0.00276638	0.01	0.2	2.85102	238.495	0
0.00276638	0.01	0.2	3.05492	235.343	0
0.00276638	0.01	0.2	3.27341	231.263	0
0.00276638	0.01	0.2	3.50752	227.921	0
0.00276638	0.01	0.2	3.75837	227.305	0
0.00276638	0.01	0.2	4.02717	230.463	0
0.00276638	0.01	0.2	4.31519	236.414	0
0.00276638	0.01	0.2	4.62381	242.302	0
0.00276638	0.01	0.2	4.9545	245.148	0
0.00276638	0.01	0.2	5.30884	243.849	0
0.00276638	0.01	0.2	5.68853	239.665	0
0.00276638	0.01	0.2	6.09537	234.786	0
0.00276638	0.01	0.2	6.53131	230.766	0
0.00276638	0.01	0.2	6.99842	228.903	0
0.00276638	0.01	0.2	7.49894	229.194	0
0.00276638	0.01	0.2	8.03526	229.102	0
0.00276638	0.01	0.2	8.60994	227.687	0
0.00276638	0.01	0.2	9.22571	227.153	0
0.00276638	0.01	0.2	9.88553	228.794	0
0.00276638	0.01	0.2	10.5925	230.97	0
0.00276638	0.01	0.2	11.3501	232.434	0
0.00276638	0.01	0.2	12.1619	234.895	0
0.00276638	0.01	0.2	13.0317	239.533	0
0.00276638	0.01	0.2	13.9637	242.513	0
0.00276638	0.01	0.2	14.9624	239.856	0
0.00276638	0.01	0.2	16.0325	233.934	0
0.00276638	0.01	0.2	17.1791	229.983	0
0.00276638	0.01	0.2	18.4077	230.25	0
0.00276638	0.01	0.2	19.7242	232.005	0
0.00276638	0.01	0.2	21.1349	233.216	0
0.00276638	0.01	0.2	22.6464	233.422	0
0.00276638	0.01	0.2	24.2661	230.626	0
0.00276638	0.01	0.2	26.0016	227.82	0
0.00276638	0.01	0.2	27.8612	227.494	0
0.00276638	0.01	0.2	29.8538	230.235	0
0.00276638	0.01	0.2	31.989	235.615	0
0.00276638	0.01	0.2	34.2768	233.719	0
0.00276638	0.01	0.2	36.7282	227.161	0
0.00276638	0.01	0.2	39.355	226.547	0
0.00276638	0.01	0.2	42.1697	227.051	0
0.00276638	0.01	0.2	45.1856	233.973	0
0.00276638	0.01	0.2	48.4172	235.555	0
0.00276638	0.01	0.2	51.88	228.375	0
0.00276638	0.01	0.2	55.5904	227.303	0
0.00276638	0.01	0.2	59.5662	227.328	0
0.00276638	0.01	0.2	63.8263	229.993	0
0.00276638	0.01	0.2	68.3912	229.701	0
0.00276638	0.01	0.2	73.2825	227.182	0
0.00276638	0.01	0.2	78.5236	225.69	0
0.00276638	0.01	0.2	84.1395	226.972	0
0.00276638	0.01	0.2	90.1571	227.823	0
0.00276638	0.01	0.2	96.6051	227.539	0
0.00302248	0.01	0.2	0.103514	259.927	0
0.00302248	0.01	0.2	0.110917	259.842	0
0.00302248	0.01	0.2	0.11885	259.745	0
0.00302248	0.01	0.2	0.12735	259.634	0
0.00302248	0.01	0.2	0.136458	259.507	0
0.00302248	0.01	0.2	0.146218	259.362	0
0.00302248	0.01	0.2	0.156675	259.196	0
0.00302248	0.01	0.2	0.16788	259.007	0
0.00302248	0.01	0.2	0.179887	258.792	0
0.00302248	0.01	0.2	0.192752	258.547	0
0.00302248	0.01	0.2	0.206538	258.269	0
0.00302248	0.01	0.2	0.221309	257.953	0
0.00302248	0.01	0.2	0.237137	257.595	0
0.00302248	0.01	0.2	0.254097	257.191	0
0.00302248	0.01	0.2	0.27227	256.734	0
0.00302248	0.01	0.2	0.291743	256.22	0
0.00302248	0.01	0.2	0.312608	255.643	0
0.00302248	0.01	0.2	0.334965	254.998	0
0.00302248	0.01	0.2	0.358922	254.279	0
0.00302248	0.01	0.2	0.384592	253.482	0
0.00302248	0.01	0.2	0.412098	252.601	0
0.00302248	0.01	0.2	0.44157	251.633	0
0.00302248	0.01	0.2	0.473151	250.577	0
0.00302248	0.01	0.2	0.506991	249.432	0
0.00302248	0.01	0.2	0.54325	248.2	0
0.00302248	0.01	0.2	0.582103	246.887	0
0.00302248	0.01	0.2	0.623735	245.5	0
0.00302248	0.01	0.2	0.668344	244.051	0
0.00302248	0.01	0.2	0.716143	242.554	0
0.00302248	0.01	0.2	0.767361	241.028	0
0.00302248	0.01	0.2	0.822243	239.495	0
0.00302248	0.01	0.2	0.881049	237.976	0
0.00302248	0.01	0.2	0.944061	236.498	0
0.00302248	0.01	0.2	1.01158	235.086	0
0.00302248	0.01	0.2	1.08393	233.77	0
0.00302248	0.01	0.2	1.16145	232.58	0
0.00302248	0.01	0.2	1.24451	231.552	0
0.00302248	0.01	0.2	1.33352	230.73	0
0.00302248	0.01	0.2	1.42889	230.167	0
0.00302248	0.01	0.2	1.53109	229.92	0
0.00302248	0.01	0.2	1.64059	230.047	0
0.00302248	0.01	0.2	1.75792	230.589	0
0.00302248	0.01	0.2	1.88365	231.553	0
0.00302248	0.01	0.2	2.01837	232.887	0
0.00302248	0.01	0.2	2.16272	234.448	0
0.00302248	0.01	0.2	2.31739	235.971	0
0.00302248	0.01	0.2	2.48313	237.033	0
0.00302248	0.01	0.2	2.66073	237.075	0
0.00302248	0.01	0.2	2.85102	235.572	0
0.00302248	0.01	0.2	3.05492	232.404	0
0.00302248	0.01	0.2	3.27341	228.299	0
0.00302248	0.01	0.2	3.50752	224.926	0
0.00302248	0.01	0.2	3.75837	224.272	0
0.00302248	0.01	0.2	4.02717	227.385	0
0.00302248	0.01	0.2	4.31519	233.282	0
0.00302248	0.01	0.2	4.62381	239.104	0
0.00302248	0.01	0.2	4.9545	241.876	0
0.00302248	0.01	0.2	5.30884	240.515	0
0.00302248	0.01	0.2	5.68853	236.292	0
0.00302248	0.01	0.2	6.09537	231.394	0
0.00302248	0.01	0.2	6.53131	227.355	0
0.00302248	0.01	0.2	6.99842	225.467	0
0.00302248	0.01	0.2	7.49894	225.753	0
0.00302248	0.01	0.2	8.03526	225.694	0
0.00302248	0.01	0.2	8.60994	224.328	0
0.00302248	0.01	0.2	9.22571	223.839	0
0.00302248	0.01	0.2	9.88553	225.515	0
0.00302248	0.01	0.2	10.5925	227.716	0
0.00302248	0.01	0.2	11.3501	229.236	0
0.00302248	0.01	0.2	12.1619	231.779	0
0.00302248	0.01	0.2	13.0317	236.484	0
0.00302248	0.01	0.2	13.9637	239.479	0
0.00302248	0.01	0.2	14.9624	236.799	0
0.00302248	0.01	0.2	16.0325	230.839	0
0.00302248	0.01	0.2	17.1791	226.844	0
0.00302248	0.01	0.2	18.4077	227.075	0
0.00302248	0.01	0.2	19.7242	228.82	0
0.00302248	0.01	0.2	21.1349	230.037	0
0.00302248	0.01	0.2	22.6464	230.293	0
0.00302248	0.01	0.2	24.2661	227.584	0
0.00302248	0.01	0.2	26.0016	224.872	0
0.00302248	0.01	0.2	27.8612	224.593	0
0.00302248	0.01	0.2	29.8538	227.313	0
0.00302248	0.01	0.2	31.989	232.641	0
0.00302248	0.01	0.2	34.2768	230.701	0
0.00302248	0.01	0.2	36.7282	224.112	0
0.00302248	0.01	0.2	39.355	223.48	0
0.00302248	0.01	0.2	42.1697	223.99	0
0.00302248	0.01	0.2	45.1856	230.94	0
0.00302248	0.01	0.2	48.4172	232.561	0
0.00302248	0.01	0.2	51.88	225.412	0
0.00302248	0.01	0.2	55.5904	224.339	0
0.00302248	0.01	0.2	59.5662	224.338	0
0.00302248	0.01	0.2	63.8263	226.962	0
0.00302248	0.01	0.2	68.3912	226.637	0
0.00302248	0.01	0.2	73.2825	224.081	0
0.00302248	0.01	0.2	78.5236	222.578	0
0.00302248	0.01	0.2	84.1395	223.872	0
0.00302248	0.01	0.2	90.1571	224.765	0
0.00302248	0.01	0.2	96.6051	224.519	0
0.00330228	0.01	0.2	0.103514	259.878	0
0.00330228	0.01	0.2	0.110917	259.786	0
0.00330228	0.01	0.2	0.11885	259.68	0
0.00330228	0.01	0.2	0.12735	259.56	0
0.00330228	0.01	0.2	0.136458	259.422	0
0.00330228	0.01	0.2	0.146218	259.265	0
0.00330228	0.01	0.2	0.156675	259.085	0
0.00330228	0.01	0.2	0.16788	258.88	0
0.00330228	0.01	0.2	0.179887	258.647	0
0.00330228	0.01	0.2	0.192752	258.381	0
0.00330228	0.01	0.2	0.206538	258.08	0
0.00330228	0.01	0.2	0.221309	257.737	0
0.00330228	0.01	0.2	0.237137	257.349	0
0.00330228	0.01	0.2	0.254097	256.91	0
0.00330228	0.01	0.2	0.27227	256.415	0
0.00330228	0.01	0.2	0.291743	255.857	0
0.00330228	0.01	0.2	0.312608	255.231	0
0.00330228	0.01	0.2	0.334965	254.532	0
0.00330228	0.01	0.2	0.358922	253.752	0
0.00330228	0.01	0.2	0.384592	252.886	0
0.00330228	0.01	0.2	0.412098	251.93	0
0.00330228	0.01	0.2	0.44157	250.88	0
0.00330228	0.01	0.2	0.473151	249.734	0
0.00330228	0.01	0.2	0.506991	248.491	0
0.00330228	0.01	0.2	0.54325	247.153	0
0.00330228	0.01	0.2	0.582103	245.726	0
0.00330228	0.01	0.2	0.623735	244.219	0
0.00330228	0.01	0.2	0.668344	242.643	0
0.00330228	0.01	0.2	0.716143	241.014	0
0.00330228	0.01	0.2	0.767361	239.352	0
0.00330228	0.01	0.2	0.822243	237.679	0
0.00330228	0.01	0.2	0.881049	236.02	0
0.00330228	0.01	0.2	0.944061	234.401	0
0.00330228	0.01	0.2	1.01158	232.851	0
0.00330228	0.01	0.2	1.08393	231.399	0
0.00330228	0.01	0.2	1.16145	230.079	0
0.00330228	0.01	0.2	1.24451	228.928	0
0.00330228	0.01	0.2	1.33352	227.992	0
0.00330228	0.01	0.2	1.42889	227.325	0
0.00330228	0.01	0.2	1.53109	226.989	0
0.00330228	0.01	0.2	1.64059	227.042	0
0.00330228	0.01	0.2	1.75792	227.526	0
0.00330228	0.01	0.2	1.88365	228.448	0
0.00330228	0.01	0.2	2.01837	229.752	0
0.00330228	0.01	0.2	2.16272	231.296	0
0.00330228	0.01	0.2	2.31739	232.811	0
0.00330228	0.01	0.2	2.48313	233.871	0
0.00330228	0.01	0.2	2.66073	233.912	0
0.00330228	0.01	0.2	2.85102	232.402	0
0.00330228	0.01	0.2	3.05492	229.218	0
0.00330228	0.01	0.2	3.27341	225.086	0
0.00330228	0.01	0.2	3.50752	221.68	0
0.00330228	0.01	0.2	3.75837	220.985	0
0.00330228	0.01	0.2	4.02717	224.049	0
0.00330228	0.01	0.2	4.31519	229.887	0
0.00330228	0.01	0.2	4.62381	235.638	0
0.00330228	0.01	0.2	4.9545	238.331	0
0.00330228	0.01	0.2	5.30884	236.902	0
0.00330228	0.01	0.2	5.68853	232.637	0
0.00330228	0.01	0.2	6.09537	227.72	0
0.00330228	0.01	0.2	6.53131	223.661	0
0.00330228	0.01	0.2	6.99842	221.747	0
0.00330228	0.01	0.2	7.49894	222.027	0
0.00330228	0.01	0.2	8.03526	222.004	0
0.00330228	0.01	0.2	8.60994	220.69	0
0.00330228	0.01	0.2	9.22571	220.25	0
0.00330228	0.01	0.2	9.88553	221.963	0
0.00330228	0.01	0.2	10.5925	224.19	0
0.00330228	0.01	0.2	11.3501	225.771	0
0.00330228	0.01	0.2	12.1619	228.402	0
0.00330228	0.01	0.2	13.0317	233.18	0
0.00330228	0.01	0.2	13.9637	236.191	0
0.00330228	0.01	0.2	14.9624	233.485	0
0.00330228	0.01	0.2	16.0325	227.484	0
0.00330228	0.01	0.2	17.1791	223.442	0
0.00330228	0.01	0.2	18.4077	223.633	0
0.00330228	0.01	0.2	19.7242	225.369	0
0.00330228	0.01	0.2	21.1349	226.59	0
0.00330228	0.01	0.2	22.6464	226.902	0
0.00330228	0.01	0.2	24.2661	224.286	0
0.00330228	0.01	0.2	26.0016	221.675	0
0.00330228	0.01	0.2	27.8612	221.446	0
0.00330228	0.01	0.2	29.8538	224.144	0
0.00330228	0.01	0.2	31.989	229.415	0
0.00330228	0.01	0.2	34.2768	227.429	0
0.00330228	0.01	0.2	36.7282	220.807	0
0.00330228	0.01	0.2	39.355	220.157	0
0.00330228	0.01	0.2	42.1697	220.673	0
0.00330228	0.01	0.2	45.1856	227.655	0
0.00330228	0.01	0.2	48.4172	229.318	0
0.00330228	0.01	0.2	51.88	222.201	0
0.00330228	0.01	0.2	55.5904	221.126	0
0.00330228	0.01	0.2	59.5662	221.095	0
0.00330228	0.01	0.2	63.8263	223.675	0
0.00330228	0.01	0.2	68.3912	223.314	0
0.00330228	0.01	0.2	73.2825	220.718	0
0.00330228	0.01	0.2	78.5236	219.203	0
0.00330228	0.01	0.2	84.1395	220.509	0
0.00330228	0.01	0.2	90.1571	221.45	0
0.00330228	0.01	0.2	96.6051	221.244	0
0.00360798	0.01	0.2	0.103514	259.824	0
0.00360798	0.01	0.2	0.110917	259.724	0
0.00360798	0.01	0.2	0.11885	259.61	0
0.00360798	0.01	0.2	0.12735	259.479	0
0.00360798	0.01	0.2	0.136458	259.33	0
0.00360798	0.01	0.2	0.146218	259.159	0
0.00360798	0.01	0.2	0.156675	258.964	0
0.00360798	0.01	0.2	0.16788	258.742	0
0.00360798	0.01	0.2	0.179887	258.489	0
0.00360798	0.01	0.2	0.192752	258.2	0
0.00360798	0.01	0.2	0.206538	257.873	0
0.00360798	0.01	0.2	0.221309	257.501	0
0.00360798	0.01	0.2	0.237137	257.08	0
0.00360798	0.01	0.2	0.254097	256.603	0
0.00360798	0.01	0.2	0.27227	256.066	0
0.00360798	0.01	0.2	0.291743	255.461	0
0.00360798	0.01	0.2	0.312608	254.782	0
0.00360798	0.01	0.2	0.334965	254.022	0
0.00360798	0.01	0.2	0.358922	253.176	0
0.00360798	0.01	0.2	0.384592	252.236	0
0.00360798	0.01	0.2	0.412098	251.199	0
0.00360798	0.01	0.2	0.44157	250.059	0
0.00360798	0.01	0.2	0.473151	248.814	0
0.00360798	0.01	0.2	0.506991	247.465	0
0.00360798	0.01	0.2	0.54325	246.012	0
0.00360798	0.01	0.2	0.582103	244.462	0
0.00360798	0.01	0.2	0.623735	242.824	0
0.00360798	0.01	0.2	0.668344	241.11	0
0.00360798	0.01	0.2	0.716143	239.338	0
0.00360798	0.01	0.2	0.767361	237.528	0
0.00360798	0.01	0.2	0.822243	235.704	0
0.00360798	0.01	0.2	0.881049	233.893	0
0.00360798	0.01	0.2	0.944061	232.122	0
0.00360798	0.01	0.2	1.01158	230.422	0
0.00360798	0.01	0.2	1.08393	228.824	0
0.00360798	0.01	0.2	1.16145	227.363	0
0.00360798	0.01	0.2	1.24451	226.079	0
0.00360798	0.01	0.2	1.33352	225.02	0
0.00360798	0.01	0.2	1.42889	224.243	0
0.00360798	0.01	0.2	1.53109	223.811	0
0.00360798	0.01	0.2	1.64059	223.784	0
0.00360798	0.01	0.2	1.75792	224.205	0
0.00360798	0.01	0.2	1.88365	225.081	0
0.00360798	0.01	0.2	2.01837	226.355	0
0.00360798	0.01	0.2	2.16272	227.88	0
0.00360798	0.01	0.2	2.31739	229.386	0
0.00360798	0.01	0.2	2.48313	230.444	0
0.00360798	0.01	0.2	2.66073	230.484	0
0.00360798	0.01	0.2	2.85102	228.968	0
0.00360798	0.01	0.2	3.05492	225.766	0
0.00360798	0.01	0.2	3.27341	221.607	0
0.00360798	0.01	0.2	3.50752	218.165	0
0.00360798	0.01	0.2	3.75837	217.426	0
0.00360798	0.01	0.2	4.02717	220.438	0
0.00360798	0.01	0.2	4.31519	226.212	0
0.00360798	0.01	0.2	4.62381	231.884	0
0.00360798	0.01	0.2	4.9545	234.493	0
0.00360798	0.01	0.2	5.30884	232.99	0
0.00360798	0.01	0.2	5.68853	228.68	0
0.00360798	0.01	0.2	6.09537	223.744	0
0.00360798	0.01	0.2	6.53131	219.665	0
0.00360798	0.01	0.2	6.99842	217.723	0
0.00360798	0.01	0.2	7.49894	217.998	0
0.00360798	0.01	0.2	8.03526	218.014	0
0.00360798	0.01	0.2	8.60994	216.757	0
0.00360798	0.01	0.2	9.22571	216.367	0
0.00360798	0.01	0.2	9.88553	218.119	0
0.00360798	0.01	0.2	10.5925	220.372	0
0.00360798	0.01	0.2	11.3501	222.018	0
0.00360798	0.01	0.2	12.1619	224.743	0
0.00360798	0.01	0.2	13.0317	229.6	0
0.00360798	0.01	0.2	13.9637	232.629	0
0.00360798	0.01	0.2	14.9624	229.895	0
0.00360798	0.01	0.2	16.0325	223.85	0
0.00360798	0.01	0.2	17.1791	219.757	0
0.00360798	0.01	0.2	18.4077	219.907	0
0.00360798	0.01	0.2	19.7242	221.632	0
0.00360798	0.01	0.2	21.1349	222.858	0
0.00360798	0.01	0.2	22.6464	223.228	0
0.00360798	0.01	0.2	24.2661	220.713	0
0.00360798	0.01	0.2	26.0016	218.21	0
0.00360798	0.01	0.2	27.8612	218.036	0
0.00360798	0.01	0.2	29.8538	220.711	0
0.00360798	0.01	0.2	31.989	225.921	0
0.00360798	0.01	0.2	34.2768	223.884	0
0.00360798	0.01	0.2	36.7282	217.228	0
0.00360798	0.01	0.2	39.355	216.56	0
0.00360798	0.01	0.2	42.1697	217.084	0
0.00360798	0.01	0.2	45.1856	224.098	0
0.00360798	0.01	0.2	48.4172	225.807	0
0.00360798	0.01	0.2	51.88	218.725	0
0.00360798	0.01	0.2	55.5904	217.648	0
0.00360798	0.01	0.2	59.5662	217.583	0
0.00360798	0.01	0.2	63.8263	220.114	0
0.00360798	0.01	0.2	68.3912	219.714	0
0.00360798	0.01	0.2	73.2825	217.074	0
0.00360798	0.01	0.2	78.5236	215.545	0
0.00360798	0.01	0.2	84.1395	216.865	0
0.00360798	0.01	0.2	90.1571	217.857	0
0.00360798	0.01	0.2	96.6051	217.695	0
0.00394199	0.01	0.2	0.103514	259.766	0
0.00394199	0.01	0.2	0.110917	259.657	0
0.00394199	0.01	0.2	0.11885	259.533	0
0.00394199	0.01	0.2	0.12735	259.391	0
0.00394199	0.01	0.2	0.136458	259.229	0
0.00394199	0.01	0.2	0.146218	259.043	0
0.00394199	0.01	0.2	0.156675	258.832	0
0.00394199	0.01	0.2	0.16788	258.59	0
0.00394199	0.01	0.2	0.179887	258.315	0
0.00394199	0.01	0.2	0.192752	258.002	0
0.00394199	0.01	0.2	0.206538	257.647	0
0.00394199	0.01	0.2	0.221309	257.243	0
0.00394199	0.01	0.2	0.237137	256.786	0
0.00394199	0.01	0.2	0.254097	256.269	0
0.00394199	0.01	0.2	0.27227	255.685	0
0.00394199	0.01	0.2	0.291743	255.028	0
0.00394199	0.01	0.2	0.312608	254.291	0
0.00394199	0.01	0.2	0.334965	253.467	0
0.00394199	0.01	0.2	0.358922	252.548	0
0.00394199	0.01	0.2	0.384592	251.528	0
0.00394199	0.01	0.2	0.412098	250.401	0
0.00394199	0.01	0.2	0.44157	249.164	0
0.00394199	0.01	0.2	0.473151	247.812	0
0.00394199	0.01	0.2	0.506991	246.346	0
0.00394199	0.01	0.2	0.54325	244.769	0
0.00394199	0.01	0.2	0.582103	243.085	0
0.00394199	0.01	0.2	0.623735	241.305	0
0.00394199	0.01	0.2	0.668344	239.442	0
0.00394199	0.01	0.2	0.716143	237.515	0
0.00394199	0.01	0.2	0.767361	235.545	0
0.00394199	0.01	0.2	0.822243	233.558	0
0.00394199	0.01	0.2	0.881049	231.582	0
0.00394199	0.01	0.2	0.944061	229.647	0
0.00394199	0.01	0.2	1.01158	227.785	0
0.00394199	0.01	0.2	1.08393	226.03	0
0.00394199	0.01	0.2	1.16145	224.417	0
0.00394199	0.01	0.2	1.24451	222.991	0
0.00394199	0.01	0.2	1.33352	221.799	0
0.00394199	0.01	0.2	1.42889	220.903	0
0.00394199	0.01	0.2	1.53109	220.367	0
0.00394199	0.01	0.2	1.64059	220.255	0
0.00394199	0.01	0.2	1.75792	220.609	0
0.00394199	0.01	0.2	1.88365	221.436	0
0.00394199	0.01	0.2	2.01837	222.676	0
0.00394199	0.01	0.2	2.16272	224.181	0
0.00394199	0.01	0.2	2.31739	225.678	0
0.00394199	0.01	0.2	2.48313	226.734	0
0.00394199	0.01	0.2	2.66073	226.774	0
0.00394199	0.01	0.2	2.85102	225.25	0
0.00394199	0.01	0.2	3.05492	222.03	0
0.00394199	0.01	0.2	3.27341	217.841	0
0.00394199	0.01	0.2	3.50752	214.361	0
0.00394199	0.01	0.2	3.75837	213.576	0
0.00394199	0.01	0.2	4.02717	216.53	0
0.00394199	0.01	0.2	4.31519	222.235	0
0.00394199	0.01	0.2	4.62381	227.824	0
0.00394199	0.01	0.2	4.9545	230.34	0
0.00394199	0.01	0.2	5.30884	228.76	0
0.00394199	0.01	0.2	5.68853	224.402	0
0.00394199	0.01	0.2	6.09537	219.444	0
0.00394199	0.01	0.2	6.53131	215.345	0
0.00394199	0.01	0.2	6.99842	213.375	0
0.00394199	0.01	0.2	7.49894	213.645	0
0.00394199	0.01	0.2	8.03526	213.703	0
0.00394199	0.01	0.2	8.60994	212.506	0
0.00394199	0.01	0.2	9.22571	212.171	0
0.00394199	0.01	0.2	9.88553	213.963	0
0.00394199	0.01	0.2	10.5925	216.243	0
0.00394199	0.01	0.2	11.3501	217.958	0
0.00394199	0.01	0.2	12.1619	220.785	0
0.00394199	0.01	0.2	13.0317	225.726	0
0.00394199	0.01	0.2	13.9637	228.774	0
0.00394199	0.01	0.2	14.9624	226.01	0
0.00394199	0.01	0.2	16.0325	219.918	0
0.00394199	0.01	0.2	17.1791	215.77	0
0.00394199	0.01	0.2	18.4077	215.875	0
0.00394199	0.01	0.2	19.7242	217.59	0
0.00394199	0.01	0.2	21.1349	218.821	0
0.00394199	0.01	0.2	22.6464	219.251	0
0.00394199	0.01	0.2	24.2661	216.844	0
0.00394199	0.01	0.2	26.0016	214.458	0
0.00394199	0.01	0.2	27.8612	214.344	0
0.00394199	0.01	0.2	29.8538	216.993	0
0.00394199	0.01	0.2	31.989	222.137	0
0.00394199	0.01	0.2	34.2768	220.048	0
0.00394199	0.01	0.2	36.7282	213.357	0
0.00394199	0.01	0.2	39.355	212.67	0
0.00394199	0.01	0.2	42.1697	213.202	0
0.00394199	0.01	0.2	45.1856	220.252	0
0.00394199	0.01	0.2	48.4172	222.011	0
0.00394199	0.01	0.2	51.88	214.967	0
0.00394199	0.01	0.2	55.5904	213.885	0
0.00394199	0.01	0.2	59.5662	213.782	0
0.00394199	0.01	0.2	63.8263	216.257	0
0.00394199	0.01	0.2	68.3912	215.815	0
0.00394199	0.01	0.2	73.2825	213.128	0
0.00394199	0.01	0.2	78.5236	211.585	0
0.00394199	0.01	0.2	84.1395	212.919	0
0.00394199	0.01	0.2	90.1571	213.967	0
0.00394199	0.01	0.2	96.6051	213.853	0
0.00430692	0.01	0.2	0.103514	259.702	0
0.00430692	0.01	0.2	0.110917	259.584	0
0.00430692	0.01	0.2	0.11885	259.449	0
0.00430692	0.01	0.2	0.12735	259.295	0
0.00430692	0.01	0.2	0.136458	259.118	0
0.00430692	0.01	0.2	0.146218	258.917	0
0.00430692	0.01	0.2	0.156675	258.687	0
0.00430692	0.01	0.2	0.16788	258.425	0
0.00430692	0.01	0.2	0.179887	258.126	0
0.00430692	0.01	0.2	0.192752	257.786	0
0.00430692	0.01	0.2	0.206538	257.4	0
0.00430692	0.01	0.2	0.221309	256.962	0
0.00430692	0.01	0.2	0.237137	256.465	0
0.00430692	0.01	0.2	0.254097	255.903	0
0.00430692	0.01	0.2	0.27227	255.269	0
0.00430692	0.01	0.2	0.291743	254.556	0
0.00430692	0.01	0.2	0.312608	253.756	0
0.00430692	0.01	0.2	0.334965	252.86	0
0.00430692	0.01	0.2	0.358922	251.862	0
0.00430692	0.01	0.2	0.384592	250.755	0
0.00430692	0.01	0.2	0.412098	249.531	0
0.00430692	0.01	0.2	0.44157	248.187	0
0.00430692	0.01	0.2	0.473151	246.72	0
0.00430692	0.01	0.2	0.506991	245.128	0
0.00430692	0.01	0.2	0.54325	243.414	0
0.00430692	0.01	0.2	0.582103	241.586	0
0.00430692	0.01	0.2	0.623735	239.651	0
0.00430692	0.01	0.2	0.668344	237.627	0
0.00430692	0.01	0.2	0.716143	235.531	0
0.00430692	0.01	0.2	0.767361	233.388	0
0.00430692	0.01	0.2	0.822243	231.225	0
0.00430692	0.01	0.2	0.881049	229.071	0
0.00430692	0.01	0.2	0.944061	226.96	0
0.00430692	0.01	0.2	1.01158	224.924	0
0.00430692	0.01	0.2	1.08393	222.999	0
0.00430692	0.01	0.2	1.16145	221.224	0
0.00430692	0.01	0.2	1.24451	219.643	0
0.00430692	0.01	0.2	1.33352	218.31	0
0.00430692	0.01	0.2	1.42889	217.286	0
0.00430692	0.01	0.2	1.53109	216.639	0
0.00430692	0.01	0.2	1.64059	216.435	0
0.00430692	0.01	0.2	1.75792	216.718	0
0.00430692	0.01	0.2	1.88365	217.492	0
0.00430692	0.01	0.2	2.01837	218.696	0
0.00430692	0.01	0.2	2.16272	220.18	0
0.00430692	0.01	0.2	2.31739	221.667	0
0.00430692	0.01	0.2	2.48313	222.72	0
0.00430692	0.01	0.2	2.66073	222.76	0
0.00430692	0.01	0.2	2.85102	221.229	0
0.00430692	0.01	0.2	3.05492	217.99	0
0.00430692	0.01	0.2	3.27341	213.769	0
0.00430692	0.01	0.2	3.50752	210.249	0
0.00430692	0.01	0.2	3.75837	209.415	0
0.00430692	0.01	0.2	4.02717	212.308	0
0.00430692	0.01	0.2	4.31519	217.938	0
0.00430692	0.01	0.2	4.62381	223.436	0
0.00430692	0.01	0.2	4.9545	225.853	0
0.00430692	0.01	0.2	5.30884	224.189	0
0.00430692	0.01	0.2	5.68853	219.781	0
0.00430692	0.01	0.2	6.09537	214.801	0
0.00430692	0.01	0.2	6.53131	210.68	0
0.00430692	0.01	0.2	6.99842	208.681	0
0.00430692	0.01	0.2	7.49894	208.948	0
0.00430692	0.01	0.2	8.03526	209.051	0
0.00430692	0.01	0.2	8.60994	207.92	0
0.00430692	0.01	0.2	9.22571	207.642	0
0.00430692	0.01	0.2	9.88553	209.474	0
0.00430692	0.01	0.2	10.5925	211.783	0
0.00430692	0.01	0.2	11.3501	213.57	0
0.00430692	0.01	0.2	12.1619	216.505	0
0.00430692	0.01	0.2	13.0317	221.537	0
0.00430692	0.01	0.2	13.9637	224.606	0
0.00430692	0.01	0.2	14.9624	221.81	0
0.00430692	0.01	0.2	16.0325	215.666	0
0.00430692	0.01	0.2	17.1791	211.46	0
0.00430692	0.01	0.2	18.4077	211.518	0
0.00430692	0.01	0.2	19.7242	213.22	0
0.00430692	0.01	0.2	21.1349	214.456	0
0.00430692	0.01	0.2	22.6464	214.952	0
0.00430692	0.01	0.2	24.2661	212.66	0
0.00430692	0.01	0.2	26.0016	210.4	0
0.00430692	0.01	0.2	27.8612	210.35	0
0.00430692	0.01	0.2	29.8538	212.971	0
0.00430692	0.01	0.2	31.989	218.045	0
0.00430692	0.01	0.2	34.2768	215.901	0
0.00430692	0.01	0.2	36.7282	209.173	0
0.00430692	0.01	0.2	39.355	208.467	0
0.00430692	0.01	0.2	42.1697	209.01	0
0.00430692	0.01	0.2	45.1856	216.096	0
0.00430692	0.01	0.2	48.4172	217.909	0
0.00430692	0.01	0.2	51.88	210.906	0
0.00430692	0.01	0.2	55.5904	209.819	0
0.00430692	0.01	0.2	59.5662	209.671	0
0.00430692	0.01	0.2	63.8263	212.086	0
0.00430692	0.01	0.2	68.3912	211.598	0
0.00430692	0.01	0.2	73.2825	208.861	0
0.00430692	0.01	0.2	78.5236	207.3	0
0.00430692	0.01	0.2	84.1395	208.65	0
0.00430692	0.01	0.2	90.1571	209.759	0
0.00430692	0.01	0.2	96.6051	209.697	0
0.00470563	0.01	0.2	0.103514	259.632	0
0.00470563	0.01	0.2	0.110917	259.504	0
0.00470563	0.01	0.2	0.11885	259.357	0
0.00470563	0.01	0.2	0.12735	259.19	0
0.00470563	0.01	0.2	0.136458	258.998	0
0.00470563	0.01	0.2	0.146218	258.779	0
0.00470563	0.01	0.2	0.156675	258.529	0
0.00470563	0.01	0.2	0.16788	258.244	0
0.00470563	0.01	0.2	0.179887	257.92	0
0.00470563	0.01	0.2	0.192752	257.551	0
0.00470563	0.01	0.2	0.206538	257.131	0
0.00470563	0.01	0.2	0.221309	256.654	0
0.00470563	0.01	0.2	0.237137	256.115	0
0.00470563	0.01	0.2	0.254097	255.504	0
0.00470563	0.01	0.2	0.27227	254.816	0
0.00470563	0.01	0.2	0.291743	254.041	0
0.00470563	0.01	0.2	0.312608	253.171	0
0.00470563	0.01	0.2	0.334965	252.199	0
0.00470563	0.01	0.2	0.358922	251.115	0
0.00470563	0.01	0.2	0.384592	249.912	0
0.00470563	0.01	0.2	0.412098	248.583	0
0.00470563	0.01	0.2	0.44157	247.123	0
0.00470563	0.01	0.2	0.473151	245.529	0
0.00470563	0.01	0.2	0.506991	243.801	0
0.00470563	0.01	0.2	0.54325	241.94	0
0.00470563	0.01	0.2	0.582103	239.953	0
0.00470563	0.01	0.2	0.623735	237.852	0
0.00470563	0.01	0.2	0.668344	235.653	0
0.00470563	0.01	0.2	0.716143	233.375	0
0.00470563	0.01	0.2	0.767361	231.045	0
0.00470563	0.01	0.2	0.822243	228.692	0
0.00470563	0.01	0.2	0.881049	226.346	0
0.00470563	0.01	0.2	0.944061	224.044	0
0.00470563	0.01	0.2	1.01158	221.821	0
0.00470563	0.01	0.2	1.08393	219.714	0
0.00470563	0.01	0.2	1.16145	217.764	0
0.00470563	0.01	0.2	1.24451	216.019	0
0.00470563	0.01	0.2	1.33352	214.533	0
0.00470563	0.01	0.2	1.42889	213.373	0
0.00470563	0.01	0.2	1.53109	212.607	0
0.00470563	0.01	0.2	1.64059	212.305	0
0.00470563	0.01	0.2	1.75792	212.511	0
0.00470563	0.01	0.2	1.88365	213.228	0
0.00470563	0.01	0.2	2.01837	214.395	0
0.00470563	0.01	0.2	2.16272	215.856	0
0.00470563	0.01	0.2	2.31739	217.332	0
0.00470563	0.01	0.2	2.48313	218.383	0
0.00470563	0.01	0.2	2.66073	218.422	0
0.00470563	0.01	0.2	2.85102	216.885	0
0.00470563	0.01	0.2	3.05492	213.626	0
0.00470563	0.01	0.2	3.27341	209.373	0
0.00470563	0.01	0.2	3.50752	205.81	0
0.00470563	0.01	0.2	3.75837	204.922	0
0.00470563	0.01	0.2	4.02717	207.749	0
0.00470563	0.01	0.2	4.31519	213.299	0
0.00470563	0.01	0.2	4.62381	218.7	0
0.00470563	0.01	0.2	4.9545	221.01	0
0.00470563	0.01	0.2	5.30884	219.256	0
0.00470563	0.01	0.2	5.68853	214.794	0
0.00470563	0.01	0.2	6.09537	209.793	0
0.00470563	0.01	0.2	6.53131	205.65	0
0.00470563	0.01	0.2	6.99842	203.621	0
0.00470563	0.01	0.2	7.49894	203.885	0
0.00470563	0.01	0.2	8.03526	204.038	0
0.00470563	0.01	0.2	8.60994	202.976	0
0.00470563	0.01	0.2	9.22571	202.759	0
0.00470563	0.01	0.2	9.88553	204.633	0
0.00470563	0.01	0.2	10.5925	206.969	0
0.00470563	0.01	0.2	11.3501	208.833	0
0.00470563	0.01	0.2	12.1619	211.883	0
0.00470563	0.01	0.2	13.0317	217.012	0
0.00470563	0.01	0.2	13.9637	220.104	0
0.00470563	0.01	0.2	14.9624	217.274	0
0.00470563	0.01	0.2	16.0325	211.075	0
0.00470563	0.01	0.2	17.1791	206.807	0
0.00470563	0.01	0.2	18.4077	206.814	0
0.00470563	0.01	0.2	19.7242	208.504	0
0.00470563	0.01	0.2	21.1349	209.744	0
0.00470563	0.01	0.2	22.6464	210.309	0
0.00470563	0.01	0.2	24.2661	208.14	0
0.00470563	0.01	0.2	26.0016	206.014	0
0.00470563	0.01	0.2	27.8612	206.033	0
0.00470563	0.01	0.2	29.8538	208.625	0
0.00470563	0.01	0.2	31.989	213.624	0
0.00470563	0.01	0.2	34.2768	211.422	0
0.00470563	0.01	0.2	36.7282	204.657	0
0.00470563	0.01	0.2	39.355	203.933	0
0.00470563	0.01	0.2	42.1697	204.487	0
0.00470563	0.01	0.2	45.1856	211.613	0
0.00470563	0.01	0.2	48.4172	213.483	0
0.00470563	0.01	0.2	51.88	206.524	0
0.00470563	0.01	0.2	55.5904	205.43	0
0.00470563	0.01	0.2	59.5662	205.232	0
0.00470563	0.01	0.2	63.8263	207.579	0
0.00470563	0.01	0.2	68.3912	207.041	0
0.00470563	0.01	0.2	73.2825	204.249	0
0.00470563	0.01	0.2	78.5236	202.669	0
0.00470563	0.01	0.2	84.1395	204.036	0
0.00470563	0.01	0.2	90.1571	205.212	0
0.00470563	0.01	0.2	96.6051	205.207	0
0.00514125	0.01	0.2	0.103514	259.555	0
0.00514125	0.01	0.2	0.110917	259.416	0
0.00514125	0.01	0.2	0.11885	259.257	0
0.00514125	0.01	0.2	0.12735	259.075	0
0.00514125	0.01	0.2	0.136458	258.866	0
0.00514125	0.01	0.2	0.146218	258.628	0
0.00514125	0.01	0.2	0.156675	258.357	0
0.00514125	0.01	0.2	0.16788	258.047	0
0.00514125	0.01	0.2	0.179887	257.694	0
0.00514125	0.01	0.2	0.192752	257.293	0
0.00514125	0.01	0.2	0.206538	256.837	0
0.00514125	0.01	0.2	0.221309	256.319	0
0.00514125	0.01	0.2	0.237137	255.732	0
0.00514125	0.01	0.2	0.254097	255.069	0
0.00514125	0.01	0.2	0.27227	254.321	0
0.00514125	0.01	0.2	0.291743	253.479	0
0.00514125	0.01	0.2	0.312608	252.534	0
0.00514125	0.01	0.2	0.334965	251.477	0
0.00514125	0.01	0.2	0.358922	250.299	0
0.00514125	0.01	0.2	0.384592	248.992	0
0.00514125	0.01	0.2	0.412098	247.549	0
0.00514125	0.01	0.2	0.44157	245.964	0
0.00514125	0.01	0.2	0.473151	244.233	0
0.00514125	0.01	0.2	0.506991	242.355	0
0.00514125	0.01	0.2	0.54325	240.334	0
0.00514125	0.01	0.2	0.582103	238.177	0
0.00514125	0.01	0.2	0.623735	235.896	0
0.00514125	0.01	0.2	0.668344	233.507	0
0.00514125	0.01	0.2	0.716143	231.033	0
0.00514125	0.01	0.2	0.767361	228.501	0
0.00514125	0.01	0.2	0.822243	225.942	0
0.00514125	0.01	0.2	0.881049	223.39	0
0.00514125	0.01	0.2	0.944061	220.883	0
0.00514125	0.01	0.2	1.01158	218.459	0
0.00514125	0.01	0.2	1.08393	216.156	0
0.00514125	0.01	0.2	1.16145	214.019	0
0.00514125	0.01	0.2	1.24451	212.098	0
0.00514125	0.01	0.2	1.33352	210.45	0
0.00514125	0.01	0.2	1.42889	209.143	0
0.00514125	0.01	0.2	1.53109	208.251	0
0.00514125	0.01	0.2	1.64059	207.844	0
0.00514125	0.01	0.2	1.75792	207.968	0
0.00514125	0.01	0.2	1.88365	208.625	0
0.00514125	0.01	0.2	2.01837	209.751	0
0.00514125	0.01	0.2	2.16272	211.188	0
0.00514125	0.01	0.2	2.31739	212.653	0
0.00514125	0.01	0.2	2.48313	213.702	0
0.00514125	0.01	0.2	2.66073	213.741	0
0.00514125	0.01	0.2	2.85102	212.197	0
0.00514125	0.01	0.2	3.05492	208.918	0
0.00514125	0.01	0.2	3.27341	204.631	0
0.00514125	0.01	0.2	3.50752	201.023	0
0.00514125	0.01	0.2	3.75837	200.079	0
0.00514125	0.01	0.2	4.02717	202.835	0
0.00514125	0.01	0.2	4.31519	208.298	0
0.00514125	0.01	0.2	4.62381	213.593	0
0.00514125	0.01	0.2	4.9545	215.789	0
0.00514125	0.01	0.2	5.30884	213.94	0
0.00514125	0.01	0.2	5.68853	209.422	0
0.00514125	0.01	0.2	6.09537	204.399	0
0.00514125	0.01	0.2	6.53131	200.233	0
0.00514125	0.01	0.2	6.99842	198.174	0
0.00514125	0.01	0.2	7.49894	198.437	0
0.00514125	0.01	0.2	8.03526	198.644	0
0.00514125	0.01	0.2	8.60994	197.657	0
0.00514125	0.01	0.2	9.22571	197.501	0
0.00514125	0.01	0.2	9.88553	199.417	0
0.00514125	0.01	0.2	10.5925	201.78	0
0.00514125	0.01	0.2	11.3501	203.725	0
0.00514125	0.01	0.2	12.1619	206.899	0
0.00514125	0.01	0.2	13.0317	212.131	0
0.00514125	0.01	0.2	13.9637	215.247	0
0.00514125	0.01	0.2	14.9624	212.381	0
0.00514125	0.01	0.2	16.0325	206.124	0
0.00514125	0.01	0.2	17.1791	201.789	0
0.00514125	0.01	0.2	18.4077	201.743	0
0.00514125	0.01	0.2	19.7242	203.419	0
0.00514125	0.01	0.2	21.1349	204.664	0
0.00514125	0.01	0.2	22.6464	205.301	0
0.00514125	0.01	0.2	24.2661	203.263	0
0.00514125	0.01	0.2	26.0016	201.281	0
0.00514125	0.01	0.2	27.8612	201.373	0
0.00514125	0.01	0.2	29.8538	203.934	0
0.00514125	0.01	0.2	31.989	208.853	0
0.00514125	0.01	0.2	34.2768	206.59	0
0.00514125	0.01	0.2	36.7282	199.789	0
0.00514125	0.01	0.2	39.355	199.048	0
0.00514125	0.01	0.2	42.1697	199.613	0
0.00514125	0.01	0.2	45.1856	206.782	0
0.00514125	0.01	0.2	48.4172	208.713	0
0.00514125	0.01	0.2	51.88	201.802	0
0.00514125	0.01	0.2	55.5904	200.698	0
0.00514125	0.01	0.2	59.5662	200.443	0
0.00514125	0.01	0.2	63.8263	202.715	0
0.00514125	0.01	0.2	68.3912	202.123	0
0.00514125	0.01	0.2	73.2825	199.271	0
0.00514125	0.01	0.2	78.5236	197.67	0
0.00514125	0.01	0.2	84.1395	199.055	0
0.00514125	0.01	0.2	90.1571	200.305	0
0.00514125	0.01	0.2	96.6051	200.362	0
0.0056172	0.01	0.2	0.103514	259.472	0
0.0056172	0.01	0.2	0.110917	259.321	0
0.0056172	0.01	0.2	0.11885	259.147	0
0.0056172	0.01	0.2	0.12735	258.949	0
0.0056172	0.01	0.2	0.136458	258.723	0
0.0056172	0.01	0.2	0.146218	258.464	0
0.0056172	0.01	0.2	0.156675	258.169	0
0.0056172	0.01	0.2	0.16788	257.832	0
0.0056172	0.01	0.2	0.179887	257.448	0
0.0056172	0.01	0.2	0.192752	257.012	0
0.0056172	0.01	0.2	0.206538	256.516	0
0.0056172	0.01	0.2	0.221309	255.953	0
0.0056172	0.01	0.2	0.237137	255.315	0
0.0056172	0.01	0.2	0.254097	254.594	0
0.0056172	0.01	0.2	0.27227	253.781	0
0.0056172	0.01	0.2	0.291743	252.865	0
0.0056172	0.01	0.2	0.312608	251.838	0
0.0056172	0.01	0.2	0.334965	250.69	0
0.0056172	0.01	0.2	0.358922	249.41	0
0.0056172	0.01	0.2	0.384592	247.99	0
0.0056172	0.01	0.2	0.412098	246.423	0
0.0056172	0.01	0.2	0.44157	244.7	0
0.0056172	0.01	0.2	0.473151	242.82	0
0.0056172	0.01	0.2	0.506991	240.782	0
0.0056172	0.01	0.2	0.54325	238.587	0
0.0056172	0.01	0.2	0.582103	236.245	0
0.0056172	0.01	0.2	0.623735	233.768	0
0.0056172	0.01	0.2	0.668344	231.175	0
0.0056172	0.01	0.2	0.716143	228.488	0
0.0056172	0.01	0.2	0.767361	225.739	0
0.0056172	0.01	0.2	0.822243	222.959	0
0.0056172	0.01	0.2	0.881049	220.186	0
0.0056172	0.01	0.2	0.944061	217.459	0
0.0056172	0.01	0.2	1.01158	214.818	0
0.0056172	0.01	0.2	1.08393	212.307	0
0.0056172	0.01	0.2	1.16145	209.97	0
0.0056172	0.01	0.2	1.24451	207.861	0
0.0056172	0.01	0.2	1.33352	206.039	0
0.0056172	0.01	0.2	1.42889	204.577	0
0.0056172	0.01	0.2	1.53109	203.551	0
0.0056172	0.01	0.2	1.64059	203.032	0
0.0056172	0.01	0.2	1.75792	203.068	0
0.0056172	0.01	0.2	1.88365	203.662	0
0.0056172	0.01	0.2	2.01837	204.744	0
0.0056172	0.01	0.2	2.16272	206.155	0
0.0056172	0.01	0.2	2.31739	207.608	0
0.0056172	0.01	0.2	2.48313	208.656	0
0.0056172	0.01	0.2	2.66073	208.696	0
0.0056172	0.01	0.2	2.85102	207.145	0
0.0056172	0.01	0.2	3.05492	203.845	0
0.0056172	0.01	0.2	3.27341	199.523	0
0.0056172	0.01	0.2	3.50752	195.868	0
0.0056172	0.01	0.2	3.75837	194.865	0
0.0056172	0.01	0.2	4.02717	197.545	0
0.0056172	0.01	0.2	4.31519	202.914	0
0.0056172	0.01	0.2	4.62381	208.096	0
0.0056172	0.01	0.2	4.9545	210.17	0
0.0056172	0.01	0.2	5.30884	208.219	0
0.0056172	0.01	0.2	5.68853	203.642	0
0.0056172	0.01	0.2	6.09537	198.596	0
0.0056172	0.01	0.2	6.53131	194.41	0
0.0056172	0.01	0.2	6.99842	192.321	0
0.0056172	0.01	0.2	7.49894	192.584	0
0.0056172	0.01	0.2	8.03526	192.85	0
0.0056172	0.01	0.2	8.60994	191.942	0
0.0056172	0.01	0.2	9.22571	191.851	0
0.0056172	0.01	0.2	9.88553	193.808	0
0.0056172	0.01	0.2	10.5925	196.197	0
0.0056172	0.01	0.2	11.3501	198.226	0
0.0056172	0.01	0.2	12.1619	201.53	0
0.0056172	0.01	0.2	13.0317	206.873	0
0.0056172	0.01	0.2	13.9637	210.015	0
0.0056172	0.01	0.2	14.9624	207.111	0
0.0056172	0.01	0.2	16.0325	200.791	0
0.0056172	0.01	0.2	17.1791	196.386	0
0.0056172	0.01	0.2	18.4077	196.283	0
0.0056172	0.01	0.2	19.7242	197.944	0
0.0056172	0.01	0.2	21.1349	199.193	0
0.0056172	0.01	0.2	22.6464	199.906	0
0.0056172	0.01	0.2	24.2661	198.006	0
0.0056172	0.01	0.2	26.0016	196.178	0
0.0056172	0.01	0.2	27.8612	196.35	0
0.0056172	0.01	0.2	29.8538	198.876	0
0.0056172	0.01	0.2	31.989	203.711	0
0.0056172	0.01	0.2	34.2768	201.386	0
0.0056172	0.01	0.2	36.7282	194.548	0
0.0056172	0.01	0.2	39.355	193.791	0
0.0056172	0.01	0.2	42.1697	194.371	0
0.0056172	0.01	0.2	45.1856	201.584	0
0.0056172	0.01	0.2	48.4172	203.581	0
0.0056172	0.01	0.2	51.88	196.721	0
0.0056172	0.01	0.2	55.5904	195.605	0
0.0056172	0.01	0.2	59.5662	195.283	0
0.0056172	0.01	0.2	63.8263	197.471	0
0.0056172	0.01	0.2	68.3912	196.821	0
0.0056172	0.01	0.2	73.2825	193.906	0
0.0056172	0.01	0.2	78.5236	192.28	0
0.0056172	0.01	0.2	84.1395	193.684	0
0.0056172	0.01	0.2	90.1571	195.014	0
0.0056172	0.01	0.2	96.6051	195.139	0
0.0061372	0.01	0.2	0.103514	259.381	0
0.0061372	0.01	0.2	0.110917	259.216	0
0.0061372	0.01	0.2	0.11885	259.028	0
0.0061372	0.01	0.2	0.12735	258.812	0
0.0061372	0.01	0.2	0.136458	258.566	0
0.0061372	0.01	0.2	0.146218	258.284	0
0.0061372	0.01	0.2	0.156675	257.963	0
0.0061372	0.01	0.2	0.16788	257.597	0
0.0061372	0.01	0.2	0.179887	257.179	0
0.0061372	0.01	0.2	0.192752	256.705	0
0.0061372	0.01	0.2	0.206538	256.165	0
0.0061372	0.01	0.2	0.221309	255.553	0
0.0061372	0.01	0.2	0.237137	254.859	0
0.0061372	0.01	0.2	0.254097	254.075	0
0.0061372	0.01	0.2	0.27227	253.191	0
0.0061372	0.01	0.2	0.291743	252.196	0
0.0061372	0.01	0.2	0.312608	251.08	0
0.0061372	0.01	0.2	0.334965	249.832	0
0.0061372	0.01	0.2	0.358922	248.441	0
0.0061372	0.01	0.2	0.384592	246.898	0
0.0061372	0.01	0.2	0.412098	245.195	0
0.0061372	0.01	0.2	0.44157	243.324	0
0.0061372	0.01	0.2	0.473151	241.283	0
0.0061372	0.01	0.2	0.506991	239.069	0
0.0061372	0.01	0.2	0.54325	236.687	0
0.0061372	0.01	0.2	0.582103	234.145	0
0.0061372	0.01	0.2	0.623735	231.457	0
0.0061372	0.01	0.2	0.668344	228.642	0
0.0061372	0.01	0.2	0.716143	225.727	0
0.0061372	0.01	0.2	0.767361	222.743	0
0.0061372	0.01	0.2	0.822243	219.726	0
0.0061372	0.01	0.2	0.881049	216.715	0
0.0061372	0.01	0.2	0.944061	213.753	0
0.0061372	0.01	0.2	1.01158	210.881	0
0.0061372	0.01	0.2	1.08393	208.146	0
0.0061372	0.01	0.2	1.16145	205.597	0
0.0061372	0.01	0.2	1.24451	203.287	0
0.0061372	0.01	0.2	1.33352	201.281	0
0.0061372	0.01	0.2	1.42889	199.654	0
0.0061372	0.01	0.2	1.53109	198.484	0
0.0061372	0.01	0.2	1.64059	197.848	0
0.0061372	0.01	0.2	1.75792	197.792	0
0.0061372	0.01	0.2	1.88365	198.317	0
0.0061372	0.01	0.2	2.01837	199.354	0
0.0061372	0.01	0.2	2.16272	200.737	0
0.0061372	0.01	0.2	2.31739	202.178	0
0.0061372	0.01	0.2	2.48313	203.223	0
0.0061372	0.01	0.2	2.66073	203.265	0
0.0061372	0.01	0.2	2.85102	201.709	0
0.0061372	0.01	0.2	3.05492	198.388	0
0.0061372	0.01	0.2	3.27341	194.029	0
0.0061372	0.01	0.2	3.50752	190.326	0
0.0061372	0.01	0.2	3.75837	189.26	0
0.0061372	0.01	0.2	4.02717	191.859	0
0.0061372	0.01	0.2	4.31519	197.128	0
0.0061372	0.01	0.2	4.62381	202.188	0
0.0061372	0.01	0.2	4.9545	204.13	0
0.0061372	0.01	0.2	5.30884	202.072	0
0.0061372	0.01	0.2	5.68853	197.434	0
0.0061372	0.01	0.2	6.09537	192.367	0
0.0061372	0.01	0.2	6.53131	188.16	0
0.0061372	0.01	0.2	6.99842	186.041	0
0.0061372	0.01	0.2	7.49894	186.307	0
0.0061372	0.01	0.2	8.03526	186.637	0
0.0061372	0.01	0.2	8.60994	185.814	0
0.0061372	0.01	0.2	9.22571	185.789	0
0.0061372	0.01	0.2	9.88553	187.786	0
0.0061372	0.01	0.2	10.5925	190.199	0
0.0061372	0.01	0.2	11.3501	192.315	0
0.0061372	0.01	0.2	12.1619	195.756	0
0.0061372	0.01	0.2	13.0317	201.217	0
0.0061372	0.01	0.2	13.9637	204.388	0
0.0061372	0.01	0.2	14.9624	201.443	0
0.0061372	0.01	0.2	16.0325	195.056	0
0.0061372	0.01	0.2	17.1791	190.576	0
0.0061372	0.01	0.2	18.4077	190.414	0
0.0061372	0.01	0.2	19.7242	192.06	0
0.0061372	0.01	0.2	21.1349	193.312	0
0.0061372	0.01	0.2	22.6464	194.103	0
0.0061372	0.01	0.2	24.2661	192.349	0
0.0061372	0.01	0.2	26.0016	190.685	0
0.0061372	0.01	0.2	27.8612	190.942	0
0.0061372	0.01	0.2	29.8538	193.433	0
0.0061372	0.01	0.2	31.989	198.178	0
0.0061372	0.01	0.2	34.2768	195.788	0
0.0061372	0.01	0.2	36.7282	188.916	0
0.0061372	0.01	0.2	39.355	188.145	0
0.0061372	0.01	0.2	42.1697	188.741	0
0.0061372	0.01	0.2	45.1856	196	0
0.0061372	0.01	0.2	48.4172	198.068	0
0.0061372	0.01	0.2	51.88	191.264	0
0.0061372	0.01	0.2	55.5904	190.131	0
0.0061372	0.01	0.2	59.5662	189.733	0
0.0061372	0.01	0.2	63.8263	191.828	0
0.0061372	0.01	0.2	68.3912	191.115	0
0.0061372	0.01	0.2	73.2825	188.131	0
0.0061372	0.01	0.2	78.5236	186.477	0
0.0061372	0.01	0.2	84.1395	187.902	0
0.0061372	0.01	0.2	90.1571	189.32	0
0.0061372	0.01	0.2	96.6051	189.518	0
0.00670535	0.01	0.2	0.103514	259.281	0
0.00670535	0.01	0.2	0.110917	259.102	0
0.00670535	0.01	0.2	0.11885	258.897	0
0.00670535	0.01	0.2	0.12735	258.662	0
0.00670535	0.01	0.2	0.136458	258.394	0
0.00670535	0.01	0.2	0.146218	258.088	0
0.00670535	0.01	0.2	0.156675	257.738	0
0.00670535	0.01	0.2	0.16788	257.34	0
0.00670535	0.01	0.2	0.179887	256.886	0
0.00670535	0.01	0.2	0.192752	256.369	0
0.00670535	0.01	0.2	0.206538	255.783	0
0.00670535	0.01	0.2	0.221309	255.117	0
0.00670535	0.01	0.2	0.237137	254.362	0
0.00670535	0.01	0.2	0.254097	253.51	0
0.00670535	0.01	0.2	0.27227	252.548	0
0.00670535	0.01	0.2	0.291743	251.466	0
0.00670535	0.01	0.2	0.312608	250.253	0
0.00670535	0.01	0.2	0.334965	248.896	0
0.00670535	0.01	0.2	0.358922	247.384	0
0.00670535	0.01	0.2	0.384592	245.708	0
0.00670535	0.01	0.2	0.412098	243.858	0
0.00670535	0.01	0.2	0.44157	241.826	0
0.00670535	0.01	0.2	0.473151	239.609	0
0.00670535	0.01	0.2	0.506991	237.206	0
0.00670535	0.01	0.2	0.54325	234.621	0
0.00670535	0.01	0.2	0.582103	231.862	0
0.00670535	0.01	0.2	0.623735	228.946	0
0.00670535	0.01	0.2	0.668344	225.893	0
0.00670535	0.01	0.2	0.716143	222.732	0
0.00670535	0.01	0.2	0.767361	219.497	0
0.00670535	0.01	0.2	0.822243	216.225	0
0.00670535	0.01	0.2	0.881049	212.959	0
0.00670535	0.01	0.2	0.944061	209.745	0
0.00670535	0.01	0.2	1.01158	206.627	0
0.00670535	0.01	0.2	1.08393	203.655	0
0.00670535	0.01	0.2	1.16145	200.878	0
0.00670535	0.01	0.2	1.24451	198.356	0
0.00670535	0.01	0.2	1.33352	196.155	0
0.00670535	0.01	0.2	1.42889	194.353	0
0.00670535	0.01	0.2	1.53109	193.033	0
0.00670535	0.01	0.2	1.64059	192.271	0
0.00670535	0.01	0.2	1.75792	192.117	0
0.00670535	0.01	0.2	1.88365	192.571	0
0.00670535	0.01	0.2	2.01837	193.559	0
0.00670535	0.01	0.2	2.16272	194.913	0
0.00670535	0.01	0.2	2.31739	196.341	0
0.00670535	0.01	0.2	2.48313	197.386	0
0.00670535	0.01	0.2	2.66073	197.429	0
0.00670535	0.01	0.2	2.85102	195.868	0
0.00670535	0.01	0.2	3.05492	192.527	0
0.00670535	0.01	0.2	3.27341	188.131	0
0.00670535	0.01	0.2	3.50752	184.378	0
0.00670535	0.01	0.2	3.75837	183.246	0
0.00670535	0.01	0.2	4.02717	185.759	0
0.00670535	0.01	0.2	4.31519	190.92	0
0.00670535	0.01	0.2	4.62381	195.849	0
0.00670535	0.01	0.2	4.9545	197.652	0
0.00670535	0.01	0.2	5.30884	195.48	0
0.00670535	0.01	0.2	5.68853	190.779	0
0.00670535	0.01	0.2	6.09537	185.692	0
0.00670535	0.01	0.2	6.53131	181.466	0
0.00670535	0.01	0.2	6.99842	179.319	0
0.00670535	0.01	0.2	7.49894	179.591	0
0.00670535	0.01	0.2	8.03526	179.991	0
0.00670535	0.01	0.2	8.60994	179.256	0
0.00670535	0.01	0.2	9.22571	179.299	0
0.00670535	0.01	0.2	9.88553	181.332	0
0.00670535	0.01	0.2	10.5925	183.766	0
0.00670535	0.01	0.2	11.3501	185.972	0
0.00670535	0.01	0.2	12.1619	189.559	0
0.00670535	0.01	0.2	13.0317	195.144	0
0.00670535	0.01	0.2	13.9637	198.345	0
0.00670535	0.01	0.2	14.9624	195.357	0
0.00670535	0.01	0.2	16.0325	188.9	0
0.00670535	0.01	0.2	17.1791	184.341	0
0.00670535	0.01	0.2	18.4077	184.117	0
0.00670535	0.01	0.2	19.7242	185.747	0
0.00670535	0.01	0.2	21.1349	187	0
0.00670535	0.01	0.2	22.6464	187.873	0
0.00670535	0.01	0.2	24.2661	186.272	0
0.00670535	0.01	0.2	26.0016	184.782	0
0.00670535	0.01	0.2	27.8612	185.13	0
0.00670535	0.01	0.2	29.8538	187.582	0
0.00670535	0.01	0.2	31.989	192.233	0
0.00670535	0.01	0.2	34.2768	189.777	0
0.00670535	0.01	0.2	36.7282	182.874	0
0.00670535	0.01	0.2	39.355	182.092	0
0.00670535	0.01	0.2	42.1697	182.706	0
0.00670535	0.01	0.2	45.1856	190.014	0
0.00670535	0.01	0.2	48.4172	192.157	0
0.00670535	0.01	0.2	51.88	185.412	0
0.00670535	0.01	0.2	55.5904	184.258	0
0.00670535	0.01	0.2	59.5662	183.773	0
0.00670535	0.01	0.2	63.8263	185.764	0
0.00670535	0.01	0.2	68.3912	184.983	0
0.00670535	0.01	0.2	73.2825	181.925	0
0.00670535	0.01	0.2	78.5236	180.24	0
0.00670535	0.01	0.2	84.1395	181.687	0
0.00670535	0.01	0.2	90.1571	183.201	0
0.00670535	0.01	0.2	96.6051	183.479	0
0.0073261	0.01	0.2	0.103514	259.173	0
0.0073261	0.01	0.2	0.110917	258.978	0
0.0073261	0.01	0.2	0.11885	258.754	0
0.0073261	0.01	0.2	0.12735	258.499	0
0.0073261	0.01	0.2	0.136458	258.207	0
0.0073261	0.01	0.2	0.146218	257.874	0
0.0073261	0.01	0.2	0.156675	257.493	0
0.0073261	0.01	0.2	0.16788	257.06	0
0.0073261	0.01	0.2	0.179887	256.566	0
0.0073261	0.01	0.2	0.192752	256.003	0
0.0073261	0.01	0.2	0.206538	255.365	0
0.0073261	0.01	0.2	0.221309	254.64	0
0.0073261	0.01	0.2	0.237137	253.82	0
0.0073261	0.01	0.2	0.254097	252.892	0
0.0073261	0.01	0.2	0.27227	251.846	0
0.0073261	0.01	0.2	0.291743	250.67	0
0.0073261	0.01	0.2	0.312608	249.351	0
0.0073261	0.01	0.2	0.334965	247.876	0
0.0073261	0.01	0.2	0.358922	246.233	0
0.0073261	0.01	0.2	0.384592	244.412	0
0.0073261	0.01	0.2	0.412098	242.402	0
0.0073261	0.01	0.2	0.44157	240.195	0
0.0073261	0.01	0.2	0.473151	237.788	0
0.0073261	0.01	0.2	0.506991	235.18	0
0.0073261	0.01	0.2	0.54325	232.375	0
0.0073261	0.01	0.2	0.582103	229.383	0
0.0073261	0.01	0.2	0.623735	226.221	0
0.0073261	0.01	0.2	0.668344	222.912	0
0.0073261	0.01	0.2	0.716143	219.486	0
0.0073261	0.01	0.2	0.767361	215.981	0
0.0073261	0.01	0.2	0.822243	212.436	0
0.0073261	0.01	0.2	0.881049	208.899	0
0.0073261	0.01	0.2	0.944061	205.415	0
0.0073261	0.01	0.2	1.01158	202.036	0
0.0073261	0.01	0.2	1.08393	198.811	0
0.0073261	0.01	0.2	1.16145	195.795	0
0.0073261	0.01	0.2	1.24451	193.048	0
0.0073261	0.01	0.2	1.33352	190.641	0
0.0073261	0.01	0.2	1.42889	188.655	0
0.0073261	0.01	0.2	1.53109	187.176	0
0.0073261	0.01	0.2	1.64059	186.283	0
0.0073261	0.01	0.2	1.75792	186.026	0
0.0073261	0.01	0.2	1.88365	186.405	0
0.0073261	0.01	0.2	2.01837	187.341	0
0.0073261	0.01	0.2	2.16272	188.665	0
0.0073261	0.01	0.2	2.31739	190.08	0
0.0073261	0.01	0.2	2.48313	191.123	0
0.0073261	0.01	0.2	2.66073	191.17	0
0.0073261	0.01	0.2	2.85102	189.605	0
0.0073261	0.01	0.2	3.05492	186.244	0
0.0073261	0.01	0.2	3.27341	181.812	0
0.0073261	0.01	0.2	3.50752	178.008	0
0.0073261	0.01	0.2	3.75837	176.806	0
0.0073261	0.01	0.2	4.02717	179.228	0
0.0073261	0.01	0.2	4.31519	184.274	0
0.0073261	0.01	0.2	4.62381	189.063	0
0.0073261	0.01	0.2	4.9545	190.718	0
0.0073261	0.01	0.2	5.30884	188.427	0
0.0073261	0.01	0.2	5.68853	183.661	0
0.0073261	0.01	0.2	6.09537	178.555	0
0.0073261	0.01	0.2	6.53131	174.313	0
0.0073261	0.01	0.2	6.99842	172.14	0
0.0073261	0.01	0.2	7.49894	172.422	0
0.0073261	0.01	0.2	8.03526	172.898	0
0.0073261	0.01	0.2	8.60994	172.257	0
0.0073261	0.01	0.2	9.22571	172.366	0
0.0073261	0.01	0.2	9.88553	174.433	0
0.0073261	0.01	0.2	10.5925	176.883	0
0.0073261	0.01	0.2	11.3501	179.18	0
0.0073261	0.01	0.2	12.1619	182.918	0
0.0073261	0.01	0.2	13.0317	188.635	0
0.0073261	0.01	0.2	13.9637	191.87	0
0.0073261	0.01	0.2	14.9624	188.836	0
0.0073261	0.01	0.2	16.0325	182.304	0
0.0073261	0.01	0.2	17.1791	177.663	0
0.0073261	0.01	0.2	18.4077	177.374	0
0.0073261	0.01	0.2	19.7242	178.987	0
0.0073261	0.01	0.2	21.1349	180.241	0
0.0073261	0.01	0.2	22.6464	181.196	0
0.0073261	0.01	0.2	24.2661	179.756	0
0.0073261	0.01	0.2	26.0016	178.45	0
0.0073261	0.01	0.2	27.8612	178.894	0
0.0073261	0.01	0.2	29.8538	181.306	0
0.0073261	0.01	0.2	31.989	185.858	0
0.0073261	0.01	0.2	34.2768	183.337	0
0.0073261	0.01	0.2	36.7282	176.405	0
0.0073261	0.01	0.2	39.355	175.617	0
0.0073261	0.01	0.2	42.1697	176.252	0
0.0073261	0.01	0.2	45.1856	183.61	0
0.0073261	0.01	0.2	48.4172	185.833	0
0.0073261	0.01	0.2	51.88	179.151	0
0.0073261	0.01	0.2	55.5904	177.972	0
0.0073261	0.01	0.2	59.5662	177.385	0
0.0073261	0.01	0.2	63.8263	179.26	0
0.0073261	0.01	0.2	68.3912	178.406	0
0.0073261	0.01	0.2	73.2825	175.269	0
0.0073261	0.01	0.2	78.5236	173.547	0
0.0073261	0.01	0.2	84.1395	175.019	0
0.0073261	0.01	0.2	90.1571	176.637	0
0.0073261	0.01	0.2	96.6051	177.003	0
0.0080043	0.01	0.2	0.103514	259.054	0
0.0080043	0.01	0.2	0.110917	258.841	0
0.0080043	0.01	0.2	0.11885	258.598	0
0.0080043	0.01	0.2	0.12735	258.32	0
0.0080043	0.01	0.2	0.136458	258.003	0
0.0080043	0.01	0.2	0.146218	257.64	0
0.0080043	0.01	0.2	0.156675	257.226	0
0.0080043	0.01	0.2	0.16788	256.753	0
0.0080043	0.01	0.2	0.179887	256.216	0
0.0080043	0.01	0.2	0.192752	255.604	0
0.0080043	0.01	0.2	0.206538	254.909	0
0.0080043	0.01	0.2	0.221309	254.121	0
0.0080043	0.01	0.2	0.237137	253.228	0
0.0080043	0.01	0.2	0.254097	252.219	0
0.0080043	0.01	0.2	0.27227	251.081	0
0.0080043	0.01	0.2	0.291743	249.802	0
0.0080043	0.01	0.2	0.312608	248.367	0
0.0080043	0.01	0.2	0.334965	246.764	0
0.0080043	0.01	0.2	0.358922	244.979	0
0.0080043	0.01	0.2	0.384592	243	0
0.0080043	0.01	0.2	0.412098	240.817	0
0.0080043	0.01	0.2	0.44157	238.421	0
0.0080043	0.01	0.2	0.473151	235.808	0
0.0080043	0.01	0.2	0.506991	232.978	0
0.0080043	0.01	0.2	0.54325	229.936	0
0.0080043	0.01	0.2	0.582103	226.692	0
0.0080043	0.01	0.2	0.623735	223.265	0
0.0080043	0.01	0.2	0.668344	219.681	0
0.0080043	0.01	0.2	0.716143	215.971	0
0.0080043	0.01	0.2	0.767361	212.176	0
0.0080043	0.01	0.2	0.822243	208.341	0
0.0080043	0.01	0.2	0.881049	204.513	0
0.0080043	0.01	0.2	0.944061	200.745	0
0.0080043	0.01	0.2	1.01158	197.088	0
0.0080043	0.01	0.2	1.08393	193.596	0
0.0080043	0.01	0.2	1.16145	190.326	0
0.0080043	0.01	0.2	1.24451	187.343	0
0.0080043	0.01	0.2	1.33352	184.72	0
0.0080043	0.01	0.2	1.42889	182.54	0
0.0080043	0.01	0.2	1.53109	180.895	0
0.0080043	0.01	0.2	1.64059	179.865	0
0.0080043	0.01	0.2	1.75792	179.501	0
0.0080043	0.01	0.2	1.88365	179.8	0
0.0080043	0.01	0.2	2.01837	180.683	0
0.0080043	0.01	0.2	2.16272	181.975	0
0.0080043	0.01	0.2	2.31739	183.376	0
0.0080043	0.01	0.2	2.48313	184.419	0
0.0080043	0.01	0.2	2.66073	184.471	0
0.0080043	0.01	0.2	2.85102	182.904	0
0.0080043	0.01	0.2	3.05492	179.524	0
0.0080043	0.01	0.2	3.27341	175.057	0
0.0080043	0.01	0.2	3.50752	171.201	0
0.0080043	0.01	0.2	3.75837	169.928	0
0.0080043	0.01	0.2	4.02717	172.253	0
0.0080043	0.01	0.2	4.31519	177.175	0
0.0080043	0.01	0.2	4.62381	181.814	0
0.0080043	0.01	0.2	4.9545	183.313	0
0.0080043	0.01	0.2	5.30884	180.897	0
0.0080043	0.01	0.2	5.68853	176.067	0
0.0080043	0.01	0.2	6.09537	170.944	0
0.0080043	0.01	0.2	6.53131	166.689	0
0.0080043	0.01	0.2	6.99842	164.494	0
0.0080043	0.01	0.2	7.49894	164.792	0
0.0080043	0.01	0.2	8.03526	165.349	0
0.0080043	0.01	0.2	8.60994	164.806	0
0.0080043	0.01	0.2	9.22571	164.982	0
0.0080043	0.01	0.2	9.88553	167.075	0
0.0080043	0.01	0.2	10.5925	169.536	0
0.0080043	0.01	0.2	11.3501	171.924	0
0.0080043	0.01	0.2	12.1619	175.82	0
0.0080043	0.01	0.2	13.0317	181.676	0
0.0080043	0.01	0.2	13.9637	184.946	0
0.0080043	0.01	0.2	14.9624	181.865	0
0.0080043	0.01	0.2	16.0325	175.253	0
0.0080043	0.01	0.2	17.1791	170.526	0
0.0080043	0.01	0.2	18.4077	170.171	0
0.0080043	0.01	0.2	19.7242	171.767	0
0.0080043	0.01	0.2	21.1349	173.019	0
0.0080043	0.01	0.2	22.6464	174.058	0
0.0080043	0.01	0.2	24.2661	172.783	0
0.0080043	0.01	0.2	26.0016	171.672	0
0.0080043	0.01	0.2	27.8612	172.218	0
0.0080043	0.01	0.2	29.8538	174.588	0
0.0080043	0.01	0.2	31.989	179.036	0
0.0080043	0.01	0.2	34.2768	176.45	0
0.0080043	0.01	0.2	36.7282	169.496	0
0.0080043	0.01	0.2	39.355	168.707	0
0.0080043	0.01	0.2	42.1697	169.367	0
0.0080043	0.01	0.2	45.1856	176.776	0
0.0080043	0.01	0.2	48.4172	179.083	0
0.0080043	0.01	0.2	51.88	172.469	0
0.0080043	0.01	0.2	55.5904	171.258	0
0.0080043	0.01	0.2	59.5662	170.554	0
0.0080043	0.01	0.2	63.8263	172.299	0
0.0080043	0.01	0.2	68.3912	171.367	0
0.0080043	0.01	0.2	73.2825	168.144	0
0.0080043	0.01	0.2	78.5236	166.382	0
0.0080043	0.01	0.2	84.1395	167.878	0
0.0080043	0.01	0.2	90.1571	169.611	0
0.0080043	0.01	0.2	96.6051	170.073	0
0.0087453	0.01	0.2	0.103514	258.924	0
0.0087453	0.01	0.2	0.110917	258.693	0
0.0087453	0.01	0.2	0.11885	258.428	0
0.0087453	0.01	0.2	0.12735	258.125	0
0.0087453	0.01	0.2	0.136458	257.779	0
0.0087453	0.01	0.2	0.146218	257.384	0
0.0087453	0.01	0.2	0.156675	256.933	0
0.0087453	0.01	0.2	0.16788	256.419	0
0.0087453	0.01	0.2	0.179887	255.834	0
0.0087453	0.01	0.2	0.192752	255.168	0
0.0087453	0.01	0.2	0.206538	254.411	0
0.0087453	0.01	0.2	0.221309	253.553	0
0.0087453	0.01	0.2	0.237137	252.582	0
0.0087453	0.01	0.2	0.254097	251.484	0
0.0087453	0.01	0.2	0.27227	250.247	0
0.0087453	0.01	0.2	0.291743	248.855	0
0.0087453	0.01	0.2	0.312608	247.295	0
0.0087453	0.01	0.2	0.334965	245.553	0
0.0087453	0.01	0.2	0.358922	243.613	0
0.0087453	0.01	0.2	0.384592	241.463	0
0.0087453	0.01	0.2	0.412098	239.092	0
0.0087453	0.01	0.2	0.44157	236.491	0
0.0087453	0.01	0.2	0.473151	233.656	0
0.0087453	0.01	0.2	0.506991	230.586	0
0.0087453	0.01	0.2	0.54325	227.287	0
0.0087453	0.01	0.2	0.582103	223.772	0
0.0087453	0.01	0.2	0.623735	220.061	0
0.0087453	0.01	0.2	0.668344	216.181	0
0.0087453	0.01	0.2	0.716143	212.168	0
0.0087453	0.01	0.2	0.767361	208.064	0
0.0087453	0.01	0.2	0.822243	203.919	0
0.0087453	0.01	0.2	0.881049	199.783	0
0.0087453	0.01	0.2	0.944061	195.712	0
0.0087453	0.01	0.2	1.01158	191.762	0
0.0087453	0.01	0.2	1.08393	187.989	0
0.0087453	0.01	0.2	1.16145	184.453	0
0.0087453	0.01	0.2	1.24451	181.223	0
0.0087453	0.01	0.2	1.33352	178.373	0
0.0087453	0.01	0.2	1.42889	175.993	0
0.0087453	0.01	0.2	1.53109	174.174	0
0.0087453	0.01	0.2	1.64059	173.001	0
0.0087453	0.01	0.2	1.75792	172.526	0
0.0087453	0.01	0.2	1.88365	172.743	0
0.0087453	0.01	0.2	2.01837	173.57	0
0.0087453	0.01	0.2	2.16272	174.829	0
0.0087453	0.01	0.2	2.31739	176.216	0
0.0087453	0.01	0.2	2.48313	177.26	0
0.0087453	0.01	0.2	2.66073	177.318	0
0.0087453	0.01	0.2	2.85102	175.751	0
0.0087453	0.01	0.2	3.05492	172.355	0
0.0087453	0.01	0.2	3.27341	167.853	0
0.0087453	0.01	0.2	3.50752	163.945	0
0.0087453	0.01	0.2	3.75837	162.599	0
0.0087453	0.01	0.2	4.02717	164.822	0
0.0087453	0.01	0.2	4.31519	169.613	0
0.0087453	0.01	0.2	4.62381	174.093	0
0.0087453	0.01	0.2	4.9545	175.426	0
0.0087453	0.01	0.2	5.30884	172.882	0
0.0087453	0.01	0.2	5.68853	167.986	0
0.0087453	0.01	0.2	6.09537	162.851	0
0.0087453	0.01	0.2	6.53131	158.587	0
0.0087453	0.01	0.2	6.99842	156.376	0
0.0087453	0.01	0.2	7.49894	156.695	0
0.0087453	0.01	0.2	8.03526	157.342	0
0.0087453	0.01	0.2	8.60994	156.901	0
0.0087453	0.01	0.2	9.22571	157.139	0
0.0087453	0.01	0.2	9.88553	159.251	0
0.0087453	0.01	0.2	10.5925	161.715	0
0.0087453	0.01	0.2	11.3501	164.193	0
0.0087453	0.01	0.2	12.1619	168.252	0
0.0087453	0.01	0.2	13.0317	174.252	0
0.0087453	0.01	0.2	13.9637	177.56	0
0.0087453	0.01	0.2	14.9624	174.43	0
0.0087453	0.01	0.2	16.0325	167.736	0
0.0087453	0.01	0.2	17.1791	162.919	0
0.0087453	0.01	0.2	18.4077	162.496	0
0.0087453	0.01	0.2	19.7242	164.074	0
0.0087453	0.01	0.2	21.1349	165.323	0
0.0087453	0.01	0.2	22.6464	166.444	0
0.0087453	0.01	0.2	24.2661	165.341	0
0.0087453	0.01	0.2	26.0016	164.433	0
0.0087453	0.01	0.2	27.8612	165.088	0
0.0087453	0.01	0.2	29.8538	167.413	0
0.0087453	0.01	0.2	31.989	171.753	0
0.0087453	0.01	0.2	34.2768	169.105	0
0.0087453	0.01	0.2	36.7282	162.137	0
0.0087453	0.01	0.2	39.355	161.354	0
0.0087453	0.01	0.2	42.1697	162.042	0
0.0087453	0.01	0.2	45.1856	169.504	0
0.0087453	0.01	0.2	48.4172	171.899	0
0.0087453	0.01	0.2	51.88	165.358	0
0.0087453	0.01	0.2	55.5904	164.107	0
0.0087453	0.01	0.2	59.5662	163.268	0
0.0087453	0.01	0.2	63.8263	164.867	0
0.0087453	0.01	0.2	68.3912	163.849	0
0.0087453	0.01	0.2	73.2825	160.536	0
0.0087453	0.01	0.2	78.5236	158.727	0
0.0087453	0.01	0.2	84.1395	160.25	0
0.0087453	0.01	0.2	90.1571	162.108	0
0.0087453	0.01	0.2	96.6051	162.674	0
0.00955489	0.01	0.2	0.103514	258.783	0
0.00955489	0.01	0.2	0.110917	258.531	0
0.00955489	0.01	0.2	0.11885	258.242	0
0.00955489	0.01	0.2	0.12735	257.912	0
0.00955489	0.01	0.2	0.136458	257.535	0
0.00955489	0.01	0.2	0.146218	257.105	0
0.00955489	0.01	0.2	0.156675	256.614	0
0.00955489	0.01	0.2	0.16788	256.054	0
0.00955489	0.01	0.2	0.179887	255.417	0
0.00955489	0.01	0.2	0.192752	254.692	0
0.00955489	0.01	0.2	0.206538	253.869	0
0.00955489	0.01	0.2	0.221309	252.935	0
0.00955489	0.01	0.2	0.237137	251.877	0
0.00955489	0.01	0.2	0.254097	250.683	0
0.00955489	0.01	0.2	0.27227	249.337	0
0.00955489	0.01	0.2	0.291743	247.824	0
0.00955489	0.01	0.2	0.312608	246.127	0
0.00955489	0.01	0.2	0.334965	244.233	0
0.00955489	0.01	0.2	0.358922	242.125	0
0.00955489	0.01	0.2	0.384592	239.79	0
0.00955489	0.01	0.2	0.412098	237.215	0
0.00955489	0.01	0.2	0.44157	234.393	0
0.00955489	0.01	0.2	0.473151	231.317	0
0.00955489	0.01	0.2	0.506991	227.989	0
0.00955489	0.01	0.2	0.54325	224.414	0
0.00955489	0.01	0.2	0.582103	220.608	0
0.00955489	0.01	0.2	0.623735	216.591	0
0.00955489	0.01	0.2	0.668344	212.395	0
0.00955489	0.01	0.2	0.716143	208.057	0
0.00955489	0.01	0.2	0.767361	203.625	0
0.00955489	0.01	0.2	0.822243	199.15	0
0.00955489	0.01	0.2	0.881049	194.688	0
0.00955489	0.01	0.2	0.944061	190.298	0
0.00955489	0.01	0.2	1.01158	186.039	0
0.00955489	0.01	0.2	1.08393	181.972	0
0.00955489	0.01	0.2	1.16145	178.159	0
0.00955489	0.01	0.2	1.24451	174.67	0
0.00955489	0.01	0.2	1.33352	171.586	0
0.00955489	0.01	0.2	1.42889	168.998	0
0.00955489	0.01	0.2	1.53109	167	0
0.00955489	0.01	0.2	1.64059	165.68	0
0.00955489	0.01	0.2	1.75792	165.089	0
0.00955489	0.01	0.2	1.88365	165.221	0
0.00955489	0.01	0.2	2.01837	165.99	0
0.00955489	0.01	0.2	2.16272	167.215	0
0.00955489	0.01	0.2	2.31739	168.588	0
0.00955489	0.01	0.2	2.48313	169.634	0
0.00955489	0.01	0.2	2.66073	169.7	0
0.00955489	0.01	0.2	2.85102	168.136	0
0.00955489	0.01	0.2	3.05492	164.727	0
0.00955489	0.01	0.2	3.27341	160.194	0
0.00955489	0.01	0.2	3.50752	156.236	0
0.00955489	0.01	0.2	3.75837	154.815	0
0.00955489	0.01	0.2	4.02717	156.931	0
0.00955489	0.01	0.2	4.31519	161.582	0
0.00955489	0.01	0.2	4.62381	165.894	0
0.00955489	0.01	0.2	4.9545	167.053	0
0.00955489	0.01	0.2	5.30884	164.376	0
0.00955489	0.01	0.2	5.68853	159.417	0
0.00955489	0.01	0.2	6.09537	154.275	0
0.00955489	0.01	0.2	6.53131	150.009	0
0.00955489	0.01	0.2	6.99842	147.788	0
0.00955489	0.01	0.2	7.49894	148.136	0
0.00955489	0.01	0.2	8.03526	148.879	0
0.00955489	0.01	0.2	8.60994	148.543	0
0.00955489	0.01	0.2	9.22571	148.841	0
0.00955489	0.01	0.2	9.88553	150.959	0
0.00955489	0.01	0.2	10.5925	153.416	0
0.00955489	0.01	0.2	11.3501	155.981	0
0.00955489	0.01	0.2	12.1619	160.207	0
0.00955489	0.01	0.2	13.0317	166.356	0
0.00955489	0.01	0.2	13.9637	169.705	0
0.00955489	0.01	0.2	14.9624	166.525	0
0.00955489	0.01	0.2	16.0325	159.745	0
0.00955489	0.01	0.2	17.1791	154.836	0
0.00955489	0.01	0.2	18.4077	154.345	0
0.00955489	0.01	0.2	19.7242	155.904	0
0.00955489	0.01	0.2	21.1349	157.145	0
0.00955489	0.01	0.2	22.6464	158.348	0
0.00955489	0.01	0.2	24.2661	157.42	0
0.00955489	0.01	0.2	26.0016	156.724	0
0.00955489	0.01	0.2	27.8612	157.493	0
0.00955489	0.01	0.2	29.8538	159.771	0
0.00955489	0.01	0.2	31.989	164.001	0
0.00955489	0.01	0.2	34.2768	161.295	0
0.00955489	0.01	0.2	36.7282	154.323	0
0.00955489	0.01	0.2	39.355	153.554	0
0.00955489	0.01	0.2	42.1697	154.274	0
0.00955489	0.01	0.2	45.1856	161.79	0
0.00955489	0.01	0.2	48.4172	164.279	0
0.00955489	0.01	0.2	51.88	157.814	0
0.00955489	0.01	0.2	55.5904	156.514	0
0.00955489	0.01	0.2	59.5662	155.517	0
0.00955489	0.01	0.2	63.8263	156.953	0
0.00955489	0.01	0.2	68.3912	155.845	0
0.00955489	0.01	0.2	73.2825	152.434	0
0.00955489	0.01	0.2	78.5236	150.572	0
0.00955489	0.01	0.2	84.1395	152.123	0
0.00955489	0.01	0.2	90.1571	154.119	0
0.00955489	0.01	0.2	96.6051	154.796	0
0.0104394	0.01	0.2	0.103514	258.628	0
0.0104394	0.01	0.2	0.110917	258.353	0
0.0104394	0.01	0.2	0.11885	258.039	0
0.0104394	0.01	0.2	0.12735	257.68	0
0.0104394	0.01	0.2	0.136458	257.269	0
0.0104394	0.01	0.2	0.146218	256.801	0
0.0104394	0.01	0.2	0.156675	256.266	0
0.0104394	0.01	0.2	0.16788	255.656	0
0.0104394	0.01	0.2	0.179887	254.962	0
0.0104394	0.01	0.2	0.192752	254.173	0
0.0104394	0.01	0.2	0.206538	253.276	0
0.0104394	0.01	0.2	0.221309	252.26	0
0.0104394	0.01	0.2	0.237137	251.109	0
0.0104394	0.01	0.2	0.254097	249.809	0
0.0104394	0.01	0.2	0.27227	248.345	0
0.0104394	0.01	0.2	0.291743	246.699	0
0.0104394	0.01	0.2	0.312608	244.855	0
0.0104394	0.01	0.2	0.334965	242.796	0
0.0104394	0.01	0.2	0.358922	240.506	0
0.0104394	0.01	0.2	0.384592	237.969	0
0.0104394	0.01	0.2	0.412098	235.175	0
0.0104394	0.01	0.2	0.44157	232.112	0
0.0104394	0.01	0.2	0.473151	228.777	0
0.0104394	0.01	0.2	0.506991	225.17	0
0.0104394	0.01	0.2	0.54325	221.299	0
0.0104394	0.01	0.2	0.582103	217.18	0
0.0104394	0.01	0.2	0.623735	212.836	0
0.0104394	0.01	0.2	0.668344	208.302	0
0.0104394	0.01	0.2	0.716143	203.619	0
0.0104394	0.01	0.2	0.767361	198.838	0
0.0104394	0.01	0.2	0.822243	194.014	0
0.0104394	0.01	0.2	0.881049	189.209	0
0.0104394	0.01	0.2	0.944061	184.484	0
0.0104394	0.01	0.2	1.01158	179.902	0
0.0104394	0.01	0.2	1.08393	175.528	0
0.0104394	0.01	0.2	1.16145	171.426	0
0.0104394	0.01	0.2	1.24451	167.672	0
0.0104394	0.01	0.2	1.33352	164.346	0
0.0104394	0.01	0.2	1.42889	161.544	0
0.0104394	0.01	0.2	1.53109	159.363	0
0.0104394	0.01	0.2	1.64059	157.892	0
0.0104394	0.01	0.2	1.75792	157.183	0
0.0104394	0.01	0.2	1.88365	157.228	0
0.0104394	0.01	0.2	2.01837	157.939	0
0.0104394	0.01	0.2	2.16272	159.128	0
0.0104394	0.01	0.2	2.31739	160.488	0
0.0104394	0.01	0.2	2.48313	161.536	0
0.0104394	0.01	0.2	2.66073	161.614	0
0.0104394	0.01	0.2	2.85102	160.056	0
0.0104394	0.01	0.2	3.05492	156.638	0
0.0104394	0.01	0.2	3.27341	152.077	0
0.0104394	0.01	0.2	3.50752	148.072	0
0.0104394	0.01	0.2	3.75837	146.576	0
0.0104394	0.01	0.2	4.02717	148.581	0
0.0104394	0.01	0.2	4.31519	153.084	0
0.0104394	0.01	0.2	4.62381	157.218	0
0.0104394	0.01	0.2	4.9545	158.196	0
0.0104394	0.01	0.2	5.30884	155.383	0
0.0104394	0.01	0.2	5.68853	150.364	0
0.0104394	0.01	0.2	6.09537	145.221	0
0.0104394	0.01	0.2	6.53131	140.962	0
0.0104394	0.01	0.2	6.99842	138.74	0
0.0104394	0.01	0.2	7.49894	139.126	0
0.0104394	0.01	0.2	8.03526	139.975	0
0.0104394	0.01	0.2	8.60994	139.747	0
0.0104394	0.01	0.2	9.22571	140.096	0
0.0104394	0.01	0.2	9.88553	142.207	0
0.0104394	0.01	0.2	10.5925	144.642	0
0.0104394	0.01	0.2	11.3501	147.289	0
0.0104394	0.01	0.2	12.1619	151.683	0
0.0104394	0.01	0.2	13.0317	157.986	0
0.0104394	0.01	0.2	13.9637	161.379	0
0.0104394	0.01	0.2	14.9624	158.148	0
0.0104394	0.01	0.2	16.0325	151.278	0
0.0104394	0.01	0.2	17.1791	146.275	0
0.0104394	0.01	0.2	18.4077	145.717	0
0.0104394	0.01	0.2	19.7242	147.257	0
0.0104394	0.01	0.2	21.1349	148.488	0
0.0104394	0.01	0.2	22.6464	149.766	0
0.0104394	0.01	0.2	24.2661	149.015	0
0.0104394	0.01	0.2	26.0016	148.538	0
0.0104394	0.01	0.2	27.8612	149.428	0
0.0104394	0.01	0.2	29.8538	151.658	0
0.0104394	0.01	0.2	31.989	155.775	0
0.0104394	0.01	0.2	34.2768	153.017	0
0.0104394	0.01	0.2	36.7282	146.054	0
0.0104394	0.01	0.2	39.355	145.313	0
0.0104394	0.01	0.2	42.1697	146.07	0
0.0104394	0.01	0.2	45.1856	153.637	0
0.0104394	0.01	0.2	48.4172	156.224	0
0.0104394	0.01	0.2	51.88	149.84	0
0.0104394	0.01	0.2	55.5904	148.479	0
0.0104394	0.01	0.2	59.5662	147.301	0
0.0104394	0.01	0.2	63.8263	148.552	0
0.0104394	0.01	0.2	68.3912	147.347	0
0.0104394	0.01	0.2	73.2825	143.833	0
0.0104394	0.01	0.2	78.5236	141.91	0
0.0104394	0.01	0.2	84.1395	143.49	0
0.0104394	0.01	0.2	90.1571	145.636	0
0.0104394	0.01	0.2	96.6051	146.437	0
0.0114058	0.01	0.2	0.103514	258.459	0
0.0114058	0.01	0.2	0.110917	258.16	0
0.0114058	0.01	0.2	0.11885	257.817	0
0.0114058	0.01	0.2	0.12735	257.426	0
0.0114058	0.01	0.2	0.136458	256.979	0
0.0114058	0.01	0.2	0.146218	256.468	0
0.0114058	0.01	0.2	0.156675	255.885	0
0.0114058	0.01	0.2	0.16788	255.221	0
0.0114058	0.01	0.2	0.179887	254.466	0
0.0114058	0.01	0.2	0.192752	253.606	0
0.0114058	0.01	0.2	0.206538	252.63	0
0.0114058	0.01	0.2	0.221309	251.523	0
0.0114058	0.01	0.2	0.237137	250.271	0
0.0114058	0.01	0.2	0.254097	248.857	0
0.0114058	0.01	0.2	0.27227	247.264	0
0.0114058	0.01	0.2	0.291743	245.474	0
0.0114058	0.01	0.2	0.312608	243.469	0
0.0114058	0.01	0.2	0.334965	241.232	0
0.0114058	0.01	0.2	0.358922	238.744	0
0.0114058	0.01	0.2	0.384592	235.99	0
0.0114058	0.01	0.2	0.412098	232.957	0
0.0114058	0.01	0.2	0.44157	229.636	0
0.0114058	0.01	0.2	0.473151	226.021	0
0.0114058	0.01	0.2	0.506991	222.114	0
0.0114058	0.01	0.2	0.54325	217.925	0
0.0114058	0.01	0.2	0.582103	213.47	0
0.0114058	0.01	0.2	0.623735	208.778	0
0.0114058	0.01	0.2	0.668344	203.883	0
0.0114058	0.01	0.2	0.716143	198.834	0
0.0114058	0.01	0.2	0.767361	193.683	0
0.0114058	0.01	0.2	0.822243	188.493	0
0.0114058	0.01	0.2	0.881049	183.326	0
0.0114058	0.01	0.2	0.944061	178.251	0
0.0114058	0.01	0.2	1.01158	173.334	0
0.0114058	0.01	0.2	1.08393	168.642	0
0.0114058	0.01	0.2	1.16145	164.244	0
0.0114058	0.01	0.2	1.24451	160.217	0
0.0114058	0.01	0.2	1.33352	156.645	0
0.0114058	0.01	0.2	1.42889	153.625	0
0.0114058	0.01	0.2	1.53109	151.259	0
0.0114058	0.01	0.2	1.64059	149.636	0
0.0114058	0.01	0.2	1.75792	148.807	0
0.0114058	0.01	0.2	1.88365	148.765	0
0.0114058	0.01	0.2	2.01837	149.415	0
0.0114058	0.01	0.2	2.16272	150.57	0
0.0114058	0.01	0.2	2.31739	151.916	0
0.0114058	0.01	0.2	2.48313	152.969	0
0.0114058	0.01	0.2	2.66073	153.061	0
0.0114058	0.01	0.2	2.85102	151.514	0
0.0114058	0.01	0.2	3.05492	148.093	0
0.0114058	0.01	0.2	3.27341	143.51	0
0.0114058	0.01	0.2	3.50752	139.462	0
0.0114058	0.01	0.2	3.75837	137.892	0
0.0114058	0.01	0.2	4.02717	139.782	0
0.0114058	0.01	0.2	4.31519	144.13	0
0.0114058	0.01	0.2	4.62381	148.075	0
0.0114058	0.01	0.2	4.9545	148.865	0
0.0114058	0.01	0.2	5.30884	145.917	0
0.0114058	0.01	0.2	5.68853	140.842	0
0.0114058	0.01	0.2	6.09537	135.708	0
0.0114058	0.01	0.2	6.53131	131.466	0
0.0114058	0.01	0.2	6.99842	129.254	0
0.0114058	0.01	0.2	7.49894	129.692	0
0.0114058	0.01	0.2	8.03526	130.654	0
0.0114058	0.01	0.2	8.60994	130.535	0
0.0114058	0.01	0.2	9.22571	130.925	0
0.0114058	0.01	0.2	9.88553	133.01	0
0.0114058	0.01	0.2	10.5925	135.406	0
0.0114058	0.01	0.2	11.3501	138.126	0
0.0114058	0.01	0.2	12.1619	142.687	0
0.0114058	0.01	0.2	13.0317	149.148	0
0.0114058	0.01	0.2	13.9637	152.587	0
0.0114058	0.01	0.2	14.9624	149.304	0
0.0114058	0.01	0.2	16.0325	142.343	0
0.0114058	0.01	0.2	17.1791	137.246	0
0.0114058	0.01	0.2	18.4077	136.622	0
0.0114058	0.01	0.2	19.7242	138.143	0
0.0114058	0.01	0.2	21.1349	139.358	0
0.0114058	0.01	0.2	22.6464	140.706	0
0.0114058	0.01	0.2	24.2661	140.13	0
0.0114058	0.01	0.2	26.0016	139.879	0
0.0114058	0.01	0.2	27.8612	140.893	0
0.0114058	0.01	0.2	29.8538	143.074	0
0.0114058	0.01	0.2	31.989	147.078	0
0.0114058	0.01	0.2	34.2768	144.277	0
0.0114058	0.01	0.2	36.7282	137.342	0
0.0114058	0.01	0.2	39.355	136.642	0
0.0114058	0.01	0.2	42.1697	137.441	0
0.0114058	0.01	0.2	45.1856	145.06	0
0.0114058	0.01	0.2	48.4172	147.747	0
0.0114058	0.01	0.2	51.88	141.449	0
0.0114058	0.01	0.2	55.5904	140.014	0
0.0114058	0.01	0.2	59.5662	138.624	0
0.0114058	0.01	0.2	63.8263	139.668	0
0.0114058	0.01	0.2	68.3912	138.358	0
0.0114058	0.01	0.2	73.2825	134.735	0
0.0114058	0.01	0.2	78.5236	132.742	0
0.0114058	0.01	0.2	84.1395	134.353	0
0.0114058	0.01	0.2	90.1571	136.664	0
0.0114058	0.01	0.2	96.6051	137.598	0
0.0124617	0.01	0.2	0.103514	258.275	0
0.0124617	0.01	0.2	0.110917	257.948	0
0.0124617	0.01	0.2	0.11885	257.575	0
0.0124617	0.01	0.2	0.12735	257.149	0
0.0124617	0.01	0.2	0.136458	256.661	0
0.0124617	0.01	0.2	0.146218	256.105	0
0.0124617	0.01	0.2	0.156675	255.47	0
0.0124617	0.01	0.2	0.16788	254.747	0
0.0124617	0.01	0.2	0.179887	253.924	0
0.0124617	0.01	0.2	0.192752	252.988	0
0.0124617	0.01	0.2	0.206538	251.925	0
0.0124617	0.01	0.2	0.221309	250.72	0
0.0124617	0.01	0.2	0.237137	249.357	0
0.0124617	0.01	0.2	0.254097	247.819	0
0.0124617	0.01	0.2	0.27227	246.086	0
0.0124617	0.01	0.2	0.291743	244.14	0
0.0124617	0.01	0.2	0.312608	241.961	0
0.0124617	0.01	0.2	0.334965	239.529	0
0.0124617	0.01	0.2	0.358922	236.827	0
0.0124617	0.01	0.2	0.384592	233.838	0
0.0124617	0.01	0.2	0.412098	230.548	0
0.0124617	0.01	0.2	0.44157	226.947	0
0.0124617	0.01	0.2	0.473151	223.032	0
0.0124617	0.01	0.2	0.506991	218.803	0
0.0124617	0.01	0.2	0.54325	214.272	0
0.0124617	0.01	0.2	0.582103	209.46	0
0.0124617	0.01	0.2	0.623735	204.395	0
0.0124617	0.01	0.2	0.668344	199.118	0
0.0124617	0.01	0.2	0.716143	193.681	0
0.0124617	0.01	0.2	0.767361	188.142	0
0.0124617	0.01	0.2	0.822243	182.566	0
0.0124617	0.01	0.2	0.881049	177.023	0
0.0124617	0.01	0.2	0.944061	171.585	0
0.0124617	0.01	0.2	1.01158	166.322	0
0.0124617	0.01	0.2	1.08393	161.304	0
0.0124617	0.01	0.2	1.16145	156.604	0
0.0124617	0.01	0.2	1.24451	152.3	0
0.0124617	0.01	0.2	1.33352	148.48	0
0.0124617	0.01	0.2	1.42889	145.243	0
0.0124617	0.01	0.2	1.53109	142.691	0
0.0124617	0.01	0.2	1.64059	140.916	0
0.0124617	0.01	0.2	1.75792	139.969	0
0.0124617	0.01	0.2	1.88365	139.838	0
0.0124617	0.01	0.2	2.01837	140.428	0
0.0124617	0.01	0.2	2.16272	141.548	0
0.0124617	0.01	0.2	2.31739	142.882	0
0.0124617	0.01	0.2	2.48313	143.941	0
0.0124617	0.01	0.2	2.66073	144.051	0
0.0124617	0.01	0.2	2.85102	142.522	0
0.0124617	0.01	0.2	3.05492	139.105	0
0.0124617	0.01	0.2	3.27341	134.509	0
0.0124617	0.01	0.2	3.50752	130.425	0
0.0124617	0.01	0.2	3.75837	128.783	0
0.0124617	0.01	0.2	4.02717	130.556	0
0.0124617	0.01	0.2	4.31519	134.739	0
0.0124617	0.01	0.2	4.62381	138.488	0
0.0124617	0.01	0.2	4.9545	139.085	0
0.0124617	0.01	0.2	5.30884	136.002	0
0.0124617	0.01	0.2	5.68853	130.88	0
0.0124617	0.01	0.2	6.09537	125.765	0
0.0124617	0.01	0.2	6.53131	121.554	0
0.0124617	0.01	0.2	6.99842	119.369	0
0.0124617	0.01	0.2	7.49894	119.871	0
0.0124617	0.01	0.2	8.03526	120.956	0
0.0124617	0.01	0.2	8.60994	120.947	0
0.0124617	0.01	0.2	9.22571	121.364	0
0.0124617	0.01	0.2	9.88553	123.398	0
0.0124617	0.01	0.2	10.5925	125.734	0
0.0124617	0.01	0.2	11.3501	128.513	0
0.0124617	0.01	0.2	12.1619	133.238	0
0.0124617	0.01	0.2	13.0317	139.857	0
0.0124617	0.01	0.2	13.9637	143.346	0
0.0124617	0.01	0.2	14.9624	140.012	0
0.0124617	0.01	0.2	16.0325	132.957	0
0.0124617	0.01	0.2	17.1791	127.767	0
0.0124617	0.01	0.2	18.4077	127.08	0
0.0124617	0.01	0.2	19.7242	128.583	0
0.0124617	0.01	0.2	21.1349	129.776	0
0.0124617	0.01	0.2	22.6464	131.184	0
0.0124617	0.01	0.2	24.2661	130.778	0
0.0124617	0.01	0.2	26.0016	130.756	0
0.0124617	0.01	0.2	27.8612	131.9	0
0.0124617	0.01	0.2	29.8538	134.03	0
0.0124617	0.01	0.2	31.989	137.923	0
0.0124617	0.01	0.2	34.2768	135.092	0
0.0124617	0.01	0.2	36.7282	128.206	0
0.0124617	0.01	0.2	39.355	127.565	0
0.0124617	0.01	0.2	42.1697	128.414	0
0.0124617	0.01	0.2	45.1856	136.08	0
0.0124617	0.01	0.2	48.4172	138.872	0
0.0124617	0.01	0.2	51.88	132.663	0
0.0124617	0.01	0.2	55.5904	131.138	0
0.0124617	0.01	0.2	59.5662	129.501	0
0.0124617	0.01	0.2	63.8263	130.311	0
0.0124617	0.01	0.2	68.3912	128.891	0
0.0124617	0.01	0.2	73.2825	125.152	0
0.0124617	0.01	0.2	78.5236	123.078	0
0.0124617	0.01	0.2	84.1395	124.721	0
0.0124617	0.01	0.2	90.1571	127.212	0
0.0124617	0.01	0.2	96.6051	128.291	0
0.0136154	0.01	0.2	0.103514	258.073	0
0.0136154	0.01	0.2	0.110917	257.718	0
0.0136154	0.01	0.2	0.11885	257.311	0
0.0136154	0.01	0.2	0.12735	256.846	0
0.0136154	0.01	0.2	0.136458	256.315	0
0.0136154	0.01	0.2	0.146218	255.709	0
0.0136154	0.01	0.2	0.156675	255.017	0
0.0136154	0.01	0.2	0.16788	254.229	0
0.0136154	0.01	0.2	0.179887	253.333	0
0.0136154	0.01	0.2	0.192752	252.313	0
0.0136154	0.01	0.2	0.206538	251.156	0
0.0136154	0.01	0.2	0.221309	249.845	0
0.0136154	0.01	0.2	0.237137	248.362	0
0.0136154	0.01	0.2	0.254097	246.688	0
0.0136154	0.01	0.2	0.27227	244.803	0
0.0136154	0.01	0.2	0.291743	242.687	0
0.0136154	0.01	0.2	0.312608	240.318	0
0.0136154	0.01	0.2	0.334965	237.677	0
0.0136154	0.01	0.2	0.358922	234.744	0
0.0136154	0.01	0.2	0.384592	231.5	0
0.0136154	0.01	0.2	0.412098	227.933	0
0.0136154	0.01	0.2	0.44157	224.031	0
0.0136154	0.01	0.2	0.473151	219.792	0
0.0136154	0.01	0.2	0.506991	215.218	0
0.0136154	0.01	0.2	0.54325	210.323	0
0.0136154	0.01	0.2	0.582103	205.128	0
0.0136154	0.01	0.2	0.623735	199.668	0
0.0136154	0.01	0.2	0.668344	193.988	0
0.0136154	0.01	0.2	0.716143	188.142	0
0.0136154	0.01	0.2	0.767361	182.195	0
0.0136154	0.01	0.2	0.822243	176.217	0
0.0136154	0.01	0.2	0.881049	170.285	0
0.0136154	0.01	0.2	0.944061	164.473	0
0.0136154	0.01	0.2	1.01158	158.855	0
0.0136154	0.01	0.2	1.08393	153.507	0
0.0136154	0.01	0.2	1.16145	148.502	0
0.0136154	0.01	0.2	1.24451	143.922	0
0.0136154	0.01	0.2	1.33352	139.856	0
0.0136154	0.01	0.2	1.42889	136.405	0
0.0136154	0.01	0.2	1.53109	133.671	0
0.0136154	0.01	0.2	1.64059	131.747	0
0.0136154	0.01	0.2	1.75792	130.684	0
0.0136154	0.01	0.2	1.88365	130.467	0
0.0136154	0.01	0.2	2.01837	130.998	0
0.0136154	0.01	0.2	2.16272	132.083	0
0.0136154	0.01	0.2	2.31739	133.406	0
0.0136154	0.01	0.2	2.48313	134.475	0
0.0136154	0.01	0.2	2.66073	134.608	0
0.0136154	0.01	0.2	2.85102	133.103	0
0.0136154	0.01	0.2	3.05492	129.701	0
0.0136154	0.01	0.2	3.27341	125.102	0
0.0136154	0.01	0.2	3.50752	120.99	0
0.0136154	0.01	0.2	3.75837	119.282	0
0.0136154	0.01	0.2	4.02717	120.935	0
0.0136154	0.01	0.2	4.31519	124.949	0
0.0136154	0.01	0.2	4.62381	128.493	0
0.0136154	0.01	0.2	4.9545	128.893	0
0.0136154	0.01	0.2	5.30884	125.679	0
0.0136154	0.01	0.2	5.68853	120.52	0
0.0136154	0.01	0.2	6.09537	115.439	0
0.0136154	0.01	0.2	6.53131	111.276	0
0.0136154	0.01	0.2	6.99842	109.137	0
0.0136154	0.01	0.2	7.49894	109.724	0
0.0136154	0.01	0.2	8.03526	110.941	0
0.0136154	0.01	0.2	8.60994	111.038	0
0.0136154	0.01	0.2	9.22571	111.464	0
0.0136154	0.01	0.2	9.88553	113.416	0
0.0136154	0.01	0.2	10.5925	115.665	0
0.0136154	0.01	0.2	11.3501	118.486	0
0.0136154	0.01	0.2	12.1619	123.366	0
0.0136154	0.01	0.2	13.0317	130.143	0
0.0136154	0.01	0.2	13.9637	133.684	0
0.0136154	0.01	0.2	14.9624	130.3	0
0.0136154	0.01	0.2	16.0325	123.151	0
0.0136154	0.01	0.2	17.1791	117.871	0
0.0136154	0.01	0.2	18.4077	117.128	0
0.0136154	0.01	0.2	19.7242	118.612	0
0.0136154	0.01	0.2	21.1349	119.776	0
0.0136154	0.01	0.2	22.6464	121.23	0
0.0136154	0.01	0.2	24.2661	120.985	0
0.0136154	0.01	0.2	26.0016	121.193	0
0.0136154	0.01	0.2	27.8612	122.47	0
0.0136154	0.01	0.2	29.8538	124.549	0
0.0136154	0.01	0.2	31.989	128.334	0
0.0136154	0.01	0.2	34.2768	125.49	0
0.0136154	0.01	0.2	36.7282	118.681	0
0.0136154	0.01	0.2	39.355	118.123	0
0.0136154	0.01	0.2	42.1697	119.029	0
0.0136154	0.01	0.2	45.1856	126.738	0
0.0136154	0.01	0.2	48.4172	129.635	0
0.0136154	0.01	0.2	51.88	123.52	0
0.0136154	0.01	0.2	55.5904	121.885	0
0.0136154	0.01	0.2	59.5662	119.96	0
0.0136154	0.01	0.2	63.8263	120.507	0
0.0136154	0.01	0.2	68.3912	118.969	0
0.0136154	0.01	0.2	73.2825	115.107	0
0.0136154	0.01	0.2	78.5236	112.941	0
0.0136154	0.01	0.2	84.1395	114.618	0
0.0136154	0.01	0.2	90.1571	117.306	0
0.0136154	0.01	0.2	96.6051	118.542	0
0.0148758	0.01	0.2	0.103514	257.853	0
0.0148758	0.01	0.2	0.110917	257.466	0
0.0148758	0.01	0.2	0.11885	257.022	0
0.0148758	0.01	0.2	0.12735	256.516	0
0.0148758	0.01	0.2	0.136458	255.937	0
0.0148758	0.01	0.2	0.146218	255.276	0
0.0148758	0.01	0.2	0.156675	254.523	0
0.0148758	0.01	0.2	0.16788	253.664	0
0.0148758	0.01	0.2	0.179887	252.688	0
0.0148758	0.01	0.2	0.192752	251.577	0
0.0148758	0.01	0.2	0.206538	250.318	0
0.0148758	0.01	0.2	0.221309	248.89	0
0.0148758	0.01	0.2	0.237137	247.276	0
0.0148758	0.01	0.2	0.254097	245.455	0
0.0148758	0.01	0.2	0.27227	243.405	0
0.0148758	0.01	0.2	0.291743	241.105	0
0.0148758	0.01	0.2	0.312608	238.532	0
0.0148758	0.01	0.2	0.334965	235.663	0
0.0148758	0.01	0.2	0.358922	232.48	0
0.0148758	0.01	0.2	0.384592	228.962	0
0.0148758	0.01	0.2	0.412098	225.095	0
0.0148758	0.01	0.2	0.44157	220.87	0
0.0148758	0.01	0.2	0.473151	216.284	0
0.0148758	0.01	0.2	0.506991	211.341	0
0.0148758	0.01	0.2	0.54325	206.057	0
0.0148758	0.01	0.2	0.582103	200.456	0
0.0148758	0.01	0.2	0.623735	194.578	0
0.0148758	0.01	0.2	0.668344	188.471	0
0.0148758	0.01	0.2	0.716143	182.197	0
0.0148758	0.01	0.2	0.767361	175.825	0
0.0148758	0.01	0.2	0.822243	169.433	0
0.0148758	0.01	0.2	0.881049	163.099	0
0.0148758	0.01	0.2	0.944061	156.905	0
0.0148758	0.01	0.2	1.01158	150.931	0
0.0148758	0.01	0.2	1.08393	145.251	0
0.0148758	0.01	0.2	1.16145	139.945	0
0.0148758	0.01	0.2	1.24451	135.094	0
0.0148758	0.01	0.2	1.33352	130.789	0
0.0148758	0.01	0.2	1.42889	127.131	0
0.0148758	0.01	0.2	1.53109	124.224	0
0.0148758	0.01	0.2	1.64059	122.158	0
0.0148758	0.01	0.2	1.75792	120.983	0
0.0148758	0.01	0.2	1.88365	120.683	0
0.0148758	0.01	0.2	2.01837	121.158	0
0.0148758	0.01	0.2	2.16272	122.211	0
0.0148758	0.01	0.2	2.31739	123.524	0
0.0148758	0.01	0.2	2.48313	124.606	0
0.0148758	0.01	0.2	2.66073	124.768	0
0.0148758	0.01	0.2	2.85102	123.297	0
0.0148758	0.01	0.2	3.05492	119.921	0
0.0148758	0.01	0.2	3.27341	115.334	0
0.0148758	0.01	0.2	3.50752	111.208	0
0.0148758	0.01	0.2	3.75837	109.44	0
0.0148758	0.01	0.2	4.02717	110.975	0
0.0148758	0.01	0.2	4.31519	114.812	0
0.0148758	0.01	0.2	4.62381	118.144	0
0.0148758	0.01	0.2	4.9545	118.346	0
0.0148758	0.01	0.2	5.30884	115.01	0
0.0148758	0.01	0.2	5.68853	109.829	0
0.0148758	0.01	0.2	6.09537	104.8	0
0.0148758	0.01	0.2	6.53131	100.707	0
0.0148758	0.01	0.2	6.99842	98.639	0
0.0148758	0.01	0.2	7.49894	99.3303	0
0.0148758	0.01	0.2	8.03526	100.691	0
0.0148758	0.01	0.2	8.60994	100.891	0
0.0148758	0.01	0.2	9.22571	101.301	0
0.0148758	0.01	0.2	9.88553	103.132	0
0.0148758	0.01	0.2	10.5925	105.259	0
0.0148758	0.01	0.2	11.3501	108.097	0
0.0148758	0.01	0.2	12.1619	113.12	0
0.0148758	0.01	0.2	13.0317	120.048	0
0.0148758	0.01	0.2	13.9637	123.645	0
0.0148758	0.01	0.2	14.9624	120.214	0
0.0148758	0.01	0.2	16.0325	112.973	0
0.0148758	0.01	0.2	17.1791	107.607	0
0.0148758	0.01	0.2	18.4077	106.816	0
0.0148758	0.01	0.2	19.7242	108.284	0
0.0148758	0.01	0.2	21.1349	109.41	0
0.0148758	0.01	0.2	22.6464	110.889	0
0.0148758	0.01	0.2	24.2661	110.791	0
0.0148758	0.01	0.2	26.0016	111.226	0
0.0148758	0.01	0.2	27.8612	112.639	0
0.0148758	0.01	0.2	29.8538	114.667	0
0.0148758	0.01	0.2	31.989	118.35	0
0.0148758	0.01	0.2	34.2768	115.516	0
0.0148758	0.01	0.2	36.7282	108.819	0
0.0148758	0.01	0.2	39.355	108.372	0
0.0148758	0.01	0.2	42.1697	109.344	0
0.0148758	0.01	0.2	45.1856	117.089	0
0.0148758	0.01	0.2	48.4172	120.093	0
0.0148758	0.01	0.2	51.88	114.074	0
0.0148758	0.01	0.2	55.5904	112.306	0
0.0148758	0.01	0.2	59.5662	110.046	0
0.0148758	0.01	0.2	63.8263	110.293	0
0.0148758	0.01	0.2	68.3912	108.631	0
0.0148758	0.01	0.2	73.2825	104.641	0
0.0148758	0.01	0.2	78.5236	102.369	0
0.0148758	0.01	0.2	84.1395	104.078	0
0.0148758	0.01	0.2	90.1571	106.983	0
0.0148758	0.01	0.2	96.6051	108.39	0
0.0162529	0.01	0.2	0.103514	257.613	0
0.0162529	0.01	0.2	0.110917	257.19	0
0.0162529	0.01	0.2	0.11885	256.707	0
0.0162529	0.01	0.2	0.12735	256.155	0
0.0162529	0.01	0.2	0.136458	255.524	0
0.0162529	0.01	0.2	0.146218	254.804	0
0.0162529	0.01	0.2	0.156675	253.983	0
0.0162529	0.01	0.2	0.16788	253.048	0
0.0162529	0.01	0.2	0.179887	251.984	0
0.0162529	0.01	0.2	0.192752	250.775	0
0.0162529	0.01	0.2	0.206538	249.403	0
0.0162529	0.01	0.2	0.221309	247.85	0
0.0162529	0.01	0.2	0.237137	246.093	0
0.0162529	0.01	0.2	0.254097	244.112	0
0.0162529	0.01	0.2	0.27227	241.884	0
0.0162529	0.01	0.2	0.291743	239.384	0
0.0162529	0.01	0.2	0.312608	236.589	0
0.0162529	0.01	0.2	0.334965	233.475	0
0.0162529	0.01	0.2	0.358922	230.02	0
0.0162529	0.01	0.2	0.384592	226.207	0
0.0162529	0.01	0.2	0.412098	222.019	0
0.0162529	0.01	0.2	0.44157	217.447	0
0.0162529	0.01	0.2	0.473151	212.489	0
0.0162529	0.01	0.2	0.506991	207.152	0
0.0162529	0.01	0.2	0.54325	201.454	0
0.0162529	0.01	0.2	0.582103	195.424	0
0.0162529	0.01	0.2	0.623735	189.105	0
0.0162529	0.01	0.2	0.668344	182.552	0
0.0162529	0.01	0.2	0.716143	175.831	0
0.0162529	0.01	0.2	0.767361	169.019	0
0.0162529	0.01	0.2	0.822243	162.2	0
0.0162529	0.01	0.2	0.881049	155.459	0
0.0162529	0.01	0.2	0.944061	148.881	0
0.0162529	0.01	0.2	1.01158	142.55	0
0.0162529	0.01	0.2	1.08393	136.545	0
0.0162529	0.01	0.2	1.16145	130.946	0
0.0162529	0.01	0.2	1.24451	125.835	0
0.0162529	0.01	0.2	1.33352	121.304	0
0.0162529	0.01	0.2	1.42889	117.454	0
0.0162529	0.01	0.2	1.53109	114.386	0
0.0162529	0.01	0.2	1.64059	112.19	0
0.0162529	0.01	0.2	1.75792	110.913	0
0.0162529	0.01	0.2	1.88365	110.537	0
0.0162529	0.01	0.2	2.01837	110.959	0
0.0162529	0.01	0.2	2.16272	111.982	0
0.0162529	0.01	0.2	2.31739	113.289	0
0.0162529	0.01	0.2	2.48313	114.388	0
0.0162529	0.01	0.2	2.66073	114.586	0
0.0162529	0.01	0.2	2.85102	113.159	0
0.0162529	0.01	0.2	3.05492	109.827	0
0.0162529	0.01	0.2	3.27341	105.269	0
0.0162529	0.01	0.2	3.50752	101.145	0
0.0162529	0.01	0.2	3.75837	99.3297	0
0.0162529	0.01	0.2	4.02717	100.748	0
0.0162529	0.01	0.2	4.31519	104.404	0
0.0162529	0.01	0.2	4.62381	107.519	0
0.0162529	0.01	0.2	4.9545	107.526	0
0.0162529	0.01	0.2	5.30884	104.079	0
0.0162529	0.01	0.2	5.68853	98.8957	0
0.0162529	0.01	0.2	6.09537	93.9423	0
0.0162529	0.01	0.2	6.53131	89.9463	0
0.0162529	0.01	0.2	6.99842	87.9797	0
0.0162529	0.01	0.2	7.49894	88.8029	0
0.0162529	0.01	0.2	8.03526	90.3176	0
0.0162529	0.01	0.2	8.60994	90.6122	0
0.0162529	0.01	0.2	9.22571	90.9742	0
0.0162529	0.01	0.2	9.88553	92.636	0
0.0162529	0.01	0.2	10.5925	94.5993	0
0.0162529	0.01	0.2	11.3501	97.4232	0
0.0162529	0.01	0.2	12.1619	102.568	0
0.0162529	0.01	0.2	13.0317	109.64	0
0.0162529	0.01	0.2	13.9637	113.294	0
0.0162529	0.01	0.2	14.9624	109.821	0
0.0162529	0.01	0.2	16.0325	102.491	0
0.0162529	0.01	0.2	17.1791	97.0486	0
0.0162529	0.01	0.2	18.4077	96.2205	0
0.0162529	0.01	0.2	19.7242	97.6736	0
0.0162529	0.01	0.2	21.1349	98.7501	0
0.0162529	0.01	0.2	22.6464	100.23	0
0.0162529	0.01	0.2	24.2661	100.257	0
0.0162529	0.01	0.2	26.0016	100.91	0
0.0162529	0.01	0.2	27.8612	102.46	0
0.0162529	0.01	0.2	29.8538	104.439	0
0.0162529	0.01	0.2	31.989	108.031	0
0.0162529	0.01	0.2	34.2768	105.235	0
0.0162529	0.01	0.2	36.7282	98.6937	0
0.0162529	0.01	0.2	39.355	98.3924	0
0.0162529	0.01	0.2	42.1697	99.4409	0
0.0162529	0.01	0.2	45.1856	107.211	0
0.0162529	0.01	0.2	48.4172	110.321	0
0.0162529	0.01	0.2	51.88	104.401	0
0.0162529	0.01	0.2	55.5904	102.471	0
0.0162529	0.01	0.2	59.5662	99.8199	0
0.0162529	0.01	0.2	63.8263	99.7295	0
0.0162529	0.01	0.2	68.3912	97.9354	0
0.0162529	0.01	0.2	73.2825	93.8123	0
0.0162529	0.01	0.2	78.5236	91.4161	0
0.0162529	0.01	0.2	84.1395	93.1602	0
0.0162529	0.01	0.2	90.1571	96.3026	0
0.0162529	0.01	0.2	96.6051	97.8943	0
0.0177575	0.01	0.2	0.103514	257.351	0
0.0177575	0.01	0.2	0.110917	256.89	0
0.0177575	0.01	0.2	0.11885	256.363	0
0.0177575	0.01	0.2	0.12735	255.761	0
0.0177575	0.01	0.2	0.136458	255.074	0
0.0177575	0.01	0.2	0.146218	254.289	0
0.0177575	0.01	0.2	0.156675	253.395	0
0.0177575	0.01	0.2	0.16788	252.376	0
0.0177575	0.01	0.2	0.179887	251.217	0
0.0177575	0.01	0.2	0.192752	249.9	0
0.0177575	0.01	0.2	0.206538	248.407	0
0.0177575	0.01	0.2	0.221309	246.716	0
0.0177575	0.01	0.2	0.237137	244.805	0
0.0177575	0.01	0.2	0.254097	242.651	0
0.0177575	0.01	0.2	0.27227	240.228	0
0.0177575	0.01	0.2	0.291743	237.512	0
0.0177575	0.01	0.2	0.312608	234.476	0
0.0177575	0.01	0.2	0.334965	231.097	0
0.0177575	0.01	0.2	0.358922	227.351	0
0.0177575	0.01	0.2	0.384592	223.219	0
0.0177575	0.01	0.2	0.412098	218.686	0
0.0177575	0.01	0.2	0.44157	213.742	0
0.0177575	0.01	0.2	0.473151	208.388	0
0.0177575	0.01	0.2	0.506991	202.631	0
0.0177575	0.01	0.2	0.54325	196.495	0
0.0177575	0.01	0.2	0.582103	190.012	0
0.0177575	0.01	0.2	0.623735	183.23	0
0.0177575	0.01	0.2	0.668344	176.211	0
0.0177575	0.01	0.2	0.716143	169.029	0
0.0177575	0.01	0.2	0.767361	161.766	0
0.0177575	0.01	0.2	0.822243	154.513	0
0.0177575	0.01	0.2	0.881049	147.362	0
0.0177575	0.01	0.2	0.944061	140.404	0
0.0177575	0.01	0.2	1.01158	133.725	0
0.0177575	0.01	0.2	1.08393	127.407	0
0.0177575	0.01	0.2	1.16145	121.532	0
0.0177575	0.01	0.2	1.24451	116.182	0
0.0177575	0.01	0.2	1.33352	111.446	0
0.0177575	0.01	0.2	1.42889	107.424	0
0.0177575	0.01	0.2	1.53109	104.216	0
0.0177575	0.01	0.2	1.64059	101.907	0
0.0177575	0.01	0.2	1.75792	100.541	0
0.0177575	0.01	0.2	1.88365	100.098	0
0.0177575	0.01	0.2	2.01837	100.473	0
0.0177575	0.01	0.2	2.16272	101.471	0
0.0177575	0.01	0.2	2.31739	102.775	0
0.0177575	0.01	0.2	2.48313	103.896	0
0.0177575	0.01	0.2	2.66073	104.138	0
0.0177575	0.01	0.2	2.85102	102.771	0
0.0177575	0.01	0.2	3.05492	99.5019	0
0.0177575	0.01	0.2	3.27341	94.9981	0
0.0177575	0.01	0.2	3.50752	90.8981	0
0.0177575	0.01	0.2	3.75837	89.0494	0
0.0177575	0.01	0.2	4.02717	90.3563	0
0.0177575	0.01	0.2	4.31519	93.8283	0
0.0177575	0.01	0.2	4.62381	96.7243	0
0.0177575	0.01	0.2	4.9545	96.5414	0
0.0177575	0.01	0.2	5.30884	93.0023	0
0.0177575	0.01	0.2	5.68853	87.8425	0
0.0177575	0.01	0.2	6.09537	82.9928	0
0.0177575	0.01	0.2	6.53131	79.1273	0
0.0177575	0.01	0.2	6.99842	77.3012	0
0.0177575	0.01	0.2	7.49894	78.2887	0
0.0177575	0.01	0.2	8.03526	79.9695	0
0.0177575	0.01	0.2	8.60994	80.3467	0
0.0177575	0.01	0.2	9.22571	80.6205	0
0.0177575	0.01	0.2	9.88553	82.0528	0
0.0177575	0.01	0.2	10.5925	83.7998	0
0.0177575	0.01	0.2	11.3501	86.568	0
0.0177575	0.01	0.2	12.1619	91.8066	0
0.0177575	0.01	0.2	13.0317	99.008	0
0.0177575	0.01	0.2	13.9637	102.723	0
0.0177575	0.01	0.2	14.9624	99.2133	0
0.0177575	0.01	0.2	16.0325	91.8003	0
0.0177575	0.01	0.2	17.1791	86.2927	0
0.0177575	0.01	0.2	18.4077	85.4436	0
0.0177575	0.01	0.2	19.7242	86.8847	0
0.0177575	0.01	0.2	21.1349	87.8981	0
0.0177575	0.01	0.2	22.6464	89.3463	0
0.0177575	0.01	0.2	24.2661	89.4676	0
0.0177575	0.01	0.2	26.0016	90.3254	0
0.0177575	0.01	0.2	27.8612	92.0095	0
0.0177575	0.01	0.2	29.8538	93.9428	0
0.0177575	0.01	0.2	31.989	97.4578	0
0.0177575	0.01	0.2	34.2768	94.7377	0
0.0177575	0.01	0.2	36.7282	88.4057	0
0.0177575	0.01	0.2	39.355	88.2921	0
0.0177575	0.01	0.2	42.1697	89.4295	0
0.0177575	0.01	0.2	45.1856	97.213	0
0.0177575	0.01	0.2	48.4172	100.425	0
0.0177575	0.01	0.2	51.88	94.6059	0
0.0177575	0.01	0.2	55.5904	92.4807	0
0.0177575	0.01	0.2	59.5662	89.3715	0
0.0177575	0.01	0.2	63.8263	88.8971	0
0.0177575	0.01	0.2	68.3912	86.9645	0
0.0177575	0.01	0.2	73.2825	82.7032	0
0.0177575	0.01	0.2	78.5236	80.1642	0
0.0177575	0.01	0.2	84.1395	81.9426	0
0.0177575	0.01	0.2	90.1571	85.3455	0
0.0177575	0.01	0.2	96.6051	87.1378	0
0.0194014	0.01	0.2	0.103514	257.064	0
0.0194014	0.01	0.2	0.110917	256.562	0
0.0194014	0.01	0.2	0.11885	255.988	0
0.0194014	0.01	0.2	0.12735	255.331	0
0.0194014	0.01	0.2	0.136458	254.582	0
0.0194014	0.01	0.2	0.146218	253.727	0
0.0194014	0.01	0.2	0.156675	252.752	0
0.0194014	0.01	0.2	0.16788	251.642	0
0.0194014	0.01	0.2	0.179887	250.38	0
0.0194014	0.01	0.2	0.192752	248.947	0
0.0194014	0.01	0.2	0.206538	247.321	0
0.0194014	0.01	0.2	0.221309	245.481	0
0.0194014	0.01	0.2	0.237137	243.402	0
0.0194014	0.01	0.2	0.254097	241.059	0
0.0194014	0.01	0.2	0.27227	238.426	0
0.0194014	0.01	0.2	0.291743	235.476	0
0.0194014	0.01	0.2	0.312608	232.181	0
0.0194014	0.01	0.2	0.334965	228.515	0
0.0194014	0.01	0.2	0.358922	224.456	0
0.0194014	0.01	0.2	0.384592	219.981	0
0.0194014	0.01	0.2	0.412098	215.078	0
0.0194014	0.01	0.2	0.44157	209.737	0
0.0194014	0.01	0.2	0.473151	203.96	0
0.0194014	0.01	0.2	0.506991	197.759	0
0.0194014	0.01	0.2	0.54325	191.16	0
0.0194014	0.01	0.2	0.582103	184.201	0
0.0194014	0.01	0.2	0.623735	176.937	0
0.0194014	0.01	0.2	0.668344	169.436	0
0.0194014	0.01	0.2	0.716143	161.78	0
0.0194014	0.01	0.2	0.767361	154.059	0
0.0194014	0.01	0.2	0.822243	146.372	0
0.0194014	0.01	0.2	0.881049	138.816	0
0.0194014	0.01	0.2	0.944061	131.488	0
0.0194014	0.01	0.2	1.01158	124.478	0
0.0194014	0.01	0.2	1.08393	117.87	0
0.0194014	0.01	0.2	1.16145	111.745	0
0.0194014	0.01	0.2	1.24451	106.185	0
0.0194014	0.01	0.2	1.33352	101.276	0
0.0194014	0.01	0.2	1.42889	97.1142	0
0.0194014	0.01	0.2	1.53109	93.7941	0
0.0194014	0.01	0.2	1.64059	91.396	0
0.0194014	0.01	0.2	1.75792	89.9603	0
0.0194014	0.01	0.2	1.88365	89.4632	0
0.0194014	0.01	0.2	2.01837	89.8005	0
0.0194014	0.01	0.2	2.16272	90.7776	0
0.0194014	0.01	0.2	2.31739	92.0839	0
0.0194014	0.01	0.2	2.48313	93.2327	0
0.0194014	0.01	0.2	2.66073	93.5302	0
0.0194014	0.01	0.2	2.85102	92.2408	0
0.0194014	0.01	0.2	3.05492	89.0601	0
0.0194014	0.01	0.2	3.27341	84.6398	0
0.0194014	0.01	0.2	3.50752	80.5923	0
0.0194014	0.01	0.2	3.75837	78.731	0
0.0194014	0.01	0.2	4.02717	79.9359	0
0.0194014	0.01	0.2	4.31519	83.2238	0
0.0194014	0.01	0.2	4.62381	85.9003	0
0.0194014	0.01	0.2	4.9545	85.5398	0
0.0194014	0.01	0.2	5.30884	81.9334	0
0.0194014	0.01	0.2	5.68853	76.83	0
0.0194014	0.01	0.2	6.09537	72.1193	0
0.0194014	0.01	0.2	6.53131	68.4258	0
0.0194014	0.01	0.2	6.99842	66.7881	0
0.0194014	0.01	0.2	7.49894	67.9792	0
0.0194014	0.01	0.2	8.03526	69.8388	0
0.0194014	0.01	0.2	8.60994	70.2815	0
0.0194014	0.01	0.2	9.22571	70.4159	0
0.0194014	0.01	0.2	9.88553	71.5442	0
0.0194014	0.01	0.2	10.5925	73.0107	0
0.0194014	0.01	0.2	11.3501	75.6701	0
0.0194014	0.01	0.2	12.1619	80.9637	0
0.0194014	0.01	0.2	13.0317	88.2736	0
0.0194014	0.01	0.2	13.9637	92.0507	0
0.0194014	0.01	0.2	14.9624	88.5148	0
0.0194014	0.01	0.2	16.0325	81.0273	0
0.0194014	0.01	0.2	17.1791	75.4715	0
0.0194014	0.01	0.2	18.4077	74.6222	0
0.0194014	0.01	0.2	19.7242	76.0548	0
0.0194014	0.01	0.2	21.1349	76.9887	0
0.0194014	0.01	0.2	22.6464	78.3626	0
0.0194014	0.01	0.2	24.2661	78.5376	0
0.0194014	0.01	0.2	26.0016	79.5777	0
0.0194014	0.01	0.2	27.8612	81.392	0
0.0194014	0.01	0.2	29.8538	83.2836	0
0.0194014	0.01	0.2	31.989	86.7429	0
0.0194014	0.01	0.2	34.2768	84.145	0
0.0194014	0.01	0.2	36.7282	78.0885	0
0.0194014	0.01	0.2	39.355	78.2142	0
0.0194014	0.01	0.2	42.1697	79.4549	0
0.0194014	0.01	0.2	45.1856	87.234	0
0.0194014	0.01	0.2	48.4172	90.5423	0
0.0194014	0.01	0.2	51.88	84.8241	0
0.0194014	0.01	0.2	55.5904	82.4634	0
0.0194014	0.01	0.2	59.5662	78.819	0
0.0194014	0.01	0.2	63.8263	77.9082	0
0.0194014	0.01	0.2	68.3912	75.8306	0
0.0194014	0.01	0.2	73.2825	71.427	0
0.0194014	0.01	0.2	78.5236	68.7226	0
0.0194014	0.01	0.2	84.1395	70.535	0
0.0194014	0.01	0.2	90.1571	74.2237	0
0.0194014	0.01	0.2	96.6051	76.2333	0
0.0211975	0.01	0.2	0.103514	256.752	0
0.0211975	0.01	0.2	0.110917	256.204	0
0.0211975	0.01	0.2	0.11885	255.578	0
0.0211975	0.01	0.2	0.12735	254.862	0
0.0211975	0.01	0.2	0.136458	254.046	0
0.0211975	0.01	0.2	0.146218	253.114	0
0.0211975	0.01	0.2	0.156675	252.052	0
0.0211975	0.01	0.2	0.16788	250.843	0
0.0211975	0.01	0.2	0.179887	249.468	0
0.0211975	0.01	0.2	0.192752	247.907	0
0.0211975	0.01	0.2	0.206538	246.138	0
0.0211975	0.01	0.2	0.221309	244.135	0
0.0211975	0.01	0.2	0.237137	241.875	0
0.0211975	0.01	0.2	0.254097	239.328	0
0.0211975	0.01	0.2	0.27227	236.467	0
0.0211975	0.01	0.2	0.291743	233.263	0
0.0211975	0.01	0.2	0.312608	229.688	0
0.0211975	0.01	0.2	0.334965	225.714	0
0.0211975	0.01	0.2	0.358922	221.317	0
0.0211975	0.01	0.2	0.384592	216.476	0
0.0211975	0.01	0.2	0.412098	211.176	0
0.0211975	0.01	0.2	0.44157	205.412	0
0.0211975	0.01	0.2	0.473151	199.186	0
0.0211975	0.01	0.2	0.506991	192.516	0
0.0211975	0.01	0.2	0.54325	185.43	0
0.0211975	0.01	0.2	0.582103	177.974	0
0.0211975	0.01	0.2	0.623735	170.211	0
0.0211975	0.01	0.2	0.668344	162.215	0
0.0211975	0.01	0.2	0.716143	154.078	0
0.0211975	0.01	0.2	0.767361	145.899	0
0.0211975	0.01	0.2	0.822243	137.783	0
0.0211975	0.01	0.2	0.881049	129.836	0
0.0211975	0.01	0.2	0.944061	122.159	0
0.0211975	0.01	0.2	1.01158	114.846	0
0.0211975	0.01	0.2	1.08393	107.981	0
0.0211975	0.01	0.2	1.16145	101.646	0
0.0211975	0.01	0.2	1.24451	95.9182	0
0.0211975	0.01	0.2	1.33352	90.8806	0
0.0211975	0.01	0.2	1.42889	86.6213	0
0.0211975	0.01	0.2	1.53109	83.2284	0
0.0211975	0.01	0.2	1.64059	80.7746	0
0.0211975	0.01	0.2	1.75792	79.2946	0
0.0211975	0.01	0.2	1.88365	78.7618	0
0.0211975	0.01	0.2	2.01837	79.0728	0
0.0211975	0.01	0.2	2.16272	80.0375	0
0.0211975	0.01	0.2	2.31739	81.3516	0
0.0211975	0.01	0.2	2.48313	82.5362	0
0.0211975	0.01	0.2	2.66073	82.9019	0
0.0211975	0.01	0.2	2.85102	81.7116	0
0.0211975	0.01	0.2	3.05492	78.6513	0
0.0211975	0.01	0.2	3.27341	74.3524	0
0.0211975	0.01	0.2	3.50752	70.3936	0
0.0211975	0.01	0.2	3.75837	68.5467	0
0.0211975	0.01	0.2	4.02717	69.6635	0
0.0211975	0.01	0.2	4.31519	72.7702	0
0.0211975	0.01	0.2	4.62381	75.2315	0
0.0211975	0.01	0.2	4.9545	74.7116	0
0.0211975	0.01	0.2	5.30884	71.0719	0
0.0211975	0.01	0.2	5.68853	66.0669	0
0.0211975	0.01	0.2	6.09537	61.5389	0
0.0211975	0.01	0.2	6.53131	58.0685	0
0.0211975	0.01	0.2	6.99842	56.6783	0
0.0211975	0.01	0.2	7.49894	58.1207	0
0.0211975	0.01	0.2	8.03526	60.1721	0
0.0211975	0.01	0.2	8.60994	60.6572	0
0.0211975	0.01	0.2	9.22571	60.5879	0
0.0211975	0.01	0.2	9.88553	61.3207	0
0.0211975	0.01	0.2	10.5925	62.4276	0
0.0211975	0.01	0.2	11.3501	64.911	0
0.0211975	0.01	0.2	12.1619	70.2079	0
0.0211975	0.01	0.2	13.0317	77.5971	0
0.0211975	0.01	0.2	13.9637	81.4384	0
0.0211975	0.01	0.2	14.9624	77.8884	0
0.0211975	0.01	0.2	16.0325	70.3391	0
0.0211975	0.01	0.2	17.1791	64.7575	0
0.0211975	0.01	0.2	18.4077	63.9348	0
0.0211975	0.01	0.2	19.7242	65.3639	0
0.0211975	0.01	0.2	21.1349	66.1984	0
0.0211975	0.01	0.2	22.6464	67.4445	0
0.0211975	0.01	0.2	24.2661	67.619	0
0.0211975	0.01	0.2	26.0016	68.8094	0
0.0211975	0.01	0.2	27.8612	70.7461	0
0.0211975	0.01	0.2	29.8538	72.6026	0
0.0211975	0.01	0.2	31.989	76.034	0
0.0211975	0.01	0.2	34.2768	73.6165	0
0.0211975	0.01	0.2	36.7282	67.9166	0
0.0211975	0.01	0.2	39.355	68.3441	0
0.0211975	0.01	0.2	42.1697	69.705	0
0.0211975	0.01	0.2	45.1856	77.4574	0
0.0211975	0.01	0.2	48.4172	80.8525	0
0.0211975	0.01	0.2	51.88	75.2336	0
0.0211975	0.01	0.2	55.5904	72.5895	0
0.0211975	0.01	0.2	59.5662	68.3187	0
0.0211975	0.01	0.2	63.8263	66.9112	0
0.0211975	0.01	0.2	68.3912	64.6825	0
0.0211975	0.01	0.2	73.2825	60.134	0
0.0211975	0.01	0.2	78.5236	57.2375	0
0.0211975	0.01	0.2	84.1395	59.0829	0
0.0211975	0.01	0.2	90.1571	63.0857	0
0.0211975	0.01	0.2	96.6051	65.3304	0
0.0231598	0.01	0.2	0.103514	256.411	0
0.0231598	0.01	0.2	0.110917	255.813	0
0.0231598	0.01	0.2	0.11885	255.131	0
0.0231598	0.01	0.2	0.12735	254.351	0
0.0231598	0.01	0.2	0.136458	253.46	0
0.0231598	0.01	0.2	0.146218	252.445	0
0.0231598	0.01	0.2	0.156675	251.288	0
0.0231598	0.01	0.2	0.16788	249.971	0
0.0231598	0.01	0.2	0.179887	248.474	0
0.0231598	0.01	0.2	0.192752	246.774	0
0.0231598	0.01	0.2	0.206538	244.849	0
0.0231598	0.01	0.2	0.221309	242.671	0
0.0231598	0.01	0.2	0.237137	240.212	0
0.0231598	0.01	0.2	0.254097	237.445	0
0.0231598	0.01	0.2	0.27227	234.338	0
0.0231598	0.01	0.2	0.291743	230.86	0
0.0231598	0.01	0.2	0.312608	226.983	0
0.0231598	0.01	0.2	0.334965	222.677	0
0.0231598	0.01	0.2	0.358922	217.917	0
0.0231598	0.01	0.2	0.384592	212.683	0
0.0231598	0.01	0.2	0.412098	206.961	0
0.0231598	0.01	0.2	0.44157	200.747	0
0.0231598	0.01	0.2	0.473151	194.047	0
0.0231598	0.01	0.2	0.506991	186.882	0
0.0231598	0.01	0.2	0.54325	179.288	0
0.0231598	0.01	0.2	0.582103	171.317	0
0.0231598	0.01	0.2	0.623735	163.04	0
0.0231598	0.01	0.2	0.668344	154.542	0
0.0231598	0.01	0.2	0.716143	145.923	0
0.0231598	0.01	0.2	0.767361	137.293	0
0.0231598	0.01	0.2	0.822243	128.764	0
0.0231598	0.01	0.2	0.881049	120.451	0
0.0231598	0.01	0.2	0.944061	112.458	0
0.0231598	0.01	0.2	1.01158	104.883	0
0.0231598	0.01	0.2	1.08393	97.8115	0
0.0231598	0.01	0.2	1.16145	91.3203	0
0.0231598	0.01	0.2	1.24451	85.4834	0
0.0231598	0.01	0.2	1.33352	80.376	0
0.0231598	0.01	0.2	1.42889	76.0767	0
0.0231598	0.01	0.2	1.53109	72.663	0
0.0231598	0.01	0.2	1.64059	70.1974	0
0.0231598	0.01	0.2	1.75792	68.7072	0
0.0231598	0.01	0.2	1.88365	68.1629	0
0.0231598	0.01	0.2	2.01837	68.4634	0
0.0231598	0.01	0.2	2.16272	69.4256	0
0.0231598	0.01	0.2	2.31739	70.7554	0
0.0231598	0.01	0.2	2.48313	71.985	0
0.0231598	0.01	0.2	2.66073	72.4347	0
0.0231598	0.01	0.2	2.85102	71.3704	0
0.0231598	0.01	0.2	3.05492	68.4698	0
0.0231598	0.01	0.2	3.27341	64.3397	0
0.0231598	0.01	0.2	3.50752	60.5154	0
0.0231598	0.01	0.2	3.75837	58.7183	0
0.0231598	0.01	0.2	4.02717	59.7668	0
0.0231598	0.01	0.2	4.31519	62.6995	0
0.0231598	0.01	0.2	4.62381	64.9549	0
0.0231598	0.01	0.2	4.9545	64.3026	0
0.0231598	0.01	0.2	5.30884	60.6742	0
0.0231598	0.01	0.2	5.68853	55.8208	0
0.0231598	0.01	0.2	6.09537	51.5289	0
0.0231598	0.01	0.2	6.53131	48.344	0
0.0231598	0.01	0.2	6.99842	47.2742	0
0.0231598	0.01	0.2	7.49894	49.0256	0
0.0231598	0.01	0.2	8.03526	51.2827	0
0.0231598	0.01	0.2	8.60994	51.7791	0
0.0231598	0.01	0.2	9.22571	51.4261	0
0.0231598	0.01	0.2	9.88553	51.6509	0
0.0231598	0.01	0.2	10.5925	52.3017	0
0.0231598	0.01	0.2	11.3501	54.5242	0
0.0231598	0.01	0.2	12.1619	59.7571	0
0.0231598	0.01	0.2	13.0317	67.1861	0
0.0231598	0.01	0.2	13.9637	71.0925	0
0.0231598	0.01	0.2	14.9624	67.5448	0
0.0231598	0.01	0.2	16.0325	59.9512	0
0.0231598	0.01	0.2	17.1791	54.3733	0
0.0231598	0.01	0.2	18.4077	53.6115	0
0.0231598	0.01	0.2	19.7242	55.0435	0
0.0231598	0.01	0.2	21.1349	55.7544	0
0.0231598	0.01	0.2	22.6464	56.8058	0
0.0231598	0.01	0.2	24.2661	56.9095	0
0.0231598	0.01	0.2	26.0016	58.2063	0
0.0231598	0.01	0.2	27.8612	60.2529	0
0.0231598	0.01	0.2	29.8538	62.0832	0
0.0231598	0.01	0.2	31.989	65.5233	0
0.0231598	0.01	0.2	34.2768	63.3588	0
0.0231598	0.01	0.2	36.7282	58.1143	0
0.0231598	0.01	0.2	39.355	58.9196	0
0.0231598	0.01	0.2	42.1697	60.4202	0
0.0231598	0.01	0.2	45.1856	68.1175	0
0.0231598	0.01	0.2	48.4172	71.5856	0
0.0231598	0.01	0.2	51.88	66.0623	0
0.0231598	0.01	0.2	55.5904	63.0775	0
0.0231598	0.01	0.2	59.5662	58.0731	0
0.0231598	0.01	0.2	63.8263	56.0994	0
0.0231598	0.01	0.2	68.3912	53.7144	0
0.0231598	0.01	0.2	73.2825	49.0197	0
0.0231598	0.01	0.2	78.5236	45.9001	0
0.0231598	0.01	0.2	84.1395	47.7769	0
0.0231598	0.01	0.2	90.1571	52.1248	0
0.0231598	0.01	0.2	96.6051	54.6237	0
0.0253038	0.01	0.2	0.103514	256.038	0
0.0253038	0.01	0.2	0.110917	255.387	0
0.0253038	0.01	0.2	0.11885	254.643	0
0.0253038	0.01	0.2	0.12735	253.792	0
0.0253038	0.01	0.2	0.136458	252.822	0
0.0253038	0.01	0.2	0.146218	251.715	0
0.0253038	0.01	0.2	0.156675	250.455	0
0.0253038	0.01	0.2	0.16788	249.02	0
0.0253038	0.01	0.2	0.179887	247.39	0
0.0253038	0.01	0.2	0.192752	245.54	0
0.0253038	0.01	0.2	0.206538	243.445	0
0.0253038	0.01	0.2	0.221309	241.076	0
0.0253038	0.01	0.2	0.237137	238.404	0
0.0253038	0.01	0.2	0.254097	235.397	0
0.0253038	0.01	0.2	0.27227	232.024	0
0.0253038	0.01	0.2	0.291743	228.251	0
0.0253038	0.01	0.2	0.312608	224.049	0
0.0253038	0.01	0.2	0.334965	219.386	0
0.0253038	0.01	0.2	0.358922	214.238	0
0.0253038	0.01	0.2	0.384592	208.585	0
0.0253038	0.01	0.2	0.412098	202.413	0
0.0253038	0.01	0.2	0.44157	195.723	0
0.0253038	0.01	0.2	0.473151	188.523	0
0.0253038	0.01	0.2	0.506991	180.841	0
0.0253038	0.01	0.2	0.54325	172.718	0
0.0253038	0.01	0.2	0.582103	164.218	0
0.0253038	0.01	0.2	0.623735	155.418	0
0.0253038	0.01	0.2	0.668344	146.417	0
0.0253038	0.01	0.2	0.716143	137.324	0
0.0253038	0.01	0.2	0.767361	128.259	0
0.0253038	0.01	0.2	0.822243	119.346	0
0.0253038	0.01	0.2	0.881049	110.705	0
0.0253038	0.01	0.2	0.944061	102.446	0
0.0253038	0.01	0.2	1.01158	94.6682	0
0.0253038	0.01	0.2	1.08393	87.4563	0
0.0253038	0.01	0.2	1.16145	80.883	0
0.0253038	0.01	0.2	1.24451	75.0147	0
0.0253038	0.01	0.2	1.33352	69.9158	0
0.0253038	0.01	0.2	1.42889	65.6517	0
0.0253038	0.01	0.2	1.53109	62.2852	0
0.0253038	0.01	0.2	1.64059	59.865	0
0.0253038	0.01	0.2	1.75792	58.409	0
0.0253038	0.01	0.2	1.88365	57.8845	0
0.0253038	0.01	0.2	2.01837	58.195	0
0.0253038	0.01	0.2	2.16272	59.1678	0
0.0253038	0.01	0.2	2.31739	60.5229	0
0.0253038	0.01	0.2	2.48313	61.8089	0
0.0253038	0.01	0.2	2.66073	62.3617	0
0.0253038	0.01	0.2	2.85102	61.4563	0
0.0253038	0.01	0.2	3.05492	58.7645	0
0.0253038	0.01	0.2	3.27341	54.8621	0
0.0253038	0.01	0.2	3.50752	51.2301	0
0.0253038	0.01	0.2	3.75837	49.5283	0
0.0253038	0.01	0.2	4.02717	50.5356	0
0.0253038	0.01	0.2	4.31519	53.3071	0
0.0253038	0.01	0.2	4.62381	55.3726	0
0.0253038	0.01	0.2	4.9545	54.6248	0
0.0253038	0.01	0.2	5.30884	51.0661	0
0.0253038	0.01	0.2	5.68853	46.4305	0
0.0253038	0.01	0.2	6.09537	42.4404	0
0.0253038	0.01	0.2	6.53131	39.6176	0
0.0253038	0.01	0.2	6.99842	38.9572	0
0.0253038	0.01	0.2	7.49894	41.0875	0
0.0253038	0.01	0.2	8.03526	43.5646	0
0.0253038	0.01	0.2	8.60994	44.0317	0
0.0253038	0.01	0.2	9.22571	43.2959	0
0.0253038	0.01	0.2	9.88553	42.8754	0
0.0253038	0.01	0.2	10.5925	42.9521	0
0.0253038	0.01	0.2	11.3501	44.8076	0
0.0253038	0.01	0.2	12.1619	49.8893	0
0.0253038	0.01	0.2	13.0317	57.3058	0
0.0253038	0.01	0.2	13.9637	61.2775	0
0.0253038	0.01	0.2	14.9624	57.7534	0
0.0253038	0.01	0.2	16.0325	50.139	0
0.0253038	0.01	0.2	17.1791	44.6028	0
0.0253038	0.01	0.2	18.4077	43.9452	0
0.0253038	0.01	0.2	19.7242	45.3881	0
0.0253038	0.01	0.2	21.1349	45.9467	0
0.0253038	0.01	0.2	22.6464	46.7197	0
0.0253038	0.01	0.2	24.2661	46.6628	0
0.0253038	0.01	0.2	26.0016	48.0071	0
0.0253038	0.01	0.2	27.8612	50.1454	0
0.0253038	0.01	0.2	29.8538	51.9617	0
0.0253038	0.01	0.2	31.989	55.4578	0
0.0253038	0.01	0.2	34.2768	53.636	0
0.0253038	0.01	0.2	36.7282	48.967	0
0.0253038	0.01	0.2	39.355	50.2418	0
0.0253038	0.01	0.2	42.1697	51.9049	0
0.0253038	0.01	0.2	45.1856	59.5111	0
0.0253038	0.01	0.2	48.4172	63.033	0
0.0253038	0.01	0.2	51.88	57.5986	0
0.0253038	0.01	0.2	55.5904	54.2051	0
0.0253038	0.01	0.2	59.5662	48.3414	0
0.0253038	0.01	0.2	63.8263	45.7213	0
0.0253038	0.01	0.2	68.3912	43.176	0
0.0253038	0.01	0.2	73.2825	38.3356	0
0.0253038	0.01	0.2	78.5236	34.9564	0
0.0253038	0.01	0.2	84.1395	36.8621	0
0.0253038	0.01	0.2	90.1571	41.5898	0
0.0253038	0.01	0.2	96.6051	44.3633	0
0.0276463	0.01	0.2	0.103514	255.632	0
0.0276463	0.01	0.2	0.110917	254.922	0
0.0276463	0.01	0.2	0.11885	254.11	0
0.0276463	0.01	0.2	0.12735	253.183	0
0.0276463	0.01	0.2	0.136458	252.126	0
0.0276463	0.01	0.2	0.146218	250.92	0
0.0276463	0.01	0.2	0.156675	249.546	0
0.0276463	0.01	0.2	0.16788	247.984	0
0.0276463	0.01	0.2	0.179887	246.209	0
0.0276463	0.01	0.2	0.192752	244.196	0
0.0276463	0.01	0.2	0.206538	241.917	0
0.0276463	0.01	0.2	0.221309	239.341	0
0.0276463	0.01	0.2	0.237137	236.437	0
0.0276463	0.01	0.2	0.254097	233.172	0
0.0276463	0.01	0.2	0.27227	229.511	0
0.0276463	0.01	0.2	0.291743	225.421	0
0.0276463	0.01	0.2	0.312608	220.869	0
0.0276463	0.01	0.2	0.334965	215.824	0
0.0276463	0.01	0.2	0.358922	210.261	0
0.0276463	0.01	0.2	0.384592	204.161	0
0.0276463	0.01	0.2	0.412098	197.513	0
0.0276463	0.01	0.2	0.44157	190.319	0
0.0276463	0.01	0.2	0.473151	182.596	0
0.0276463	0.01	0.2	0.506991	174.375	0
0.0276463	0.01	0.2	0.54325	165.709	0
0.0276463	0.01	0.2	0.582103	156.669	0
0.0276463	0.01	0.2	0.623735	147.345	0
0.0276463	0.01	0.2	0.668344	137.847	0
0.0276463	0.01	0.2	0.716143	128.299	0
0.0276463	0.01	0.2	0.767361	118.83	0
0.0276463	0.01	0.2	0.822243	109.575	0
0.0276463	0.01	0.2	0.881049	100.662	0
0.0276463	0.01	0.2	0.944061	92.2055	0
0.0276463	0.01	0.2	1.01158	84.3054	0
0.0276463	0.01	0.2	1.08393	77.0433	0
0.0276463	0.01	0.2	1.16145	70.4856	0
0.0276463	0.01	0.2	1.24451	64.6874	0
0.0276463	0.01	0.2	1.33352	59.6988	0
0.0276463	0.01	0.2	1.42889	55.5669	0
0.0276463	0.01	0.2	1.53109	52.3349	0
0.0276463	0.01	0.2	1.64059	50.0337	0
0.0276463	0.01	0.2	1.75792	48.6685	0
0.0276463	0.01	0.2	1.88365	48.2041	0
0.0276463	0.01	0.2	2.01837	48.5509	0
0.0276463	0.01	0.2	2.16272	49.5509	0
0.0276463	0.01	0.2	2.31739	50.9436	0
0.0276463	0.01	0.2	2.48313	52.2999	0
0.0276463	0.01	0.2	2.66073	52.979	0
0.0276463	0.01	0.2	2.85102	52.273	0
0.0276463	0.01	0.2	3.05492	49.8502	0
0.0276463	0.01	0.2	3.27341	46.249	0
0.0276463	0.01	0.2	3.50752	42.8816	0
0.0276463	0.01	0.2	3.75837	41.333	0
0.0276463	0.01	0.2	4.02717	42.3356	0
0.0276463	0.01	0.2	4.31519	44.9653	0
0.0276463	0.01	0.2	4.62381	46.8651	0
0.0276463	0.01	0.2	4.9545	46.0721	0
0.0276463	0.01	0.2	5.30884	42.6574	0
0.0276463	0.01	0.2	5.68853	38.3224	0
0.0276463	0.01	0.2	6.09537	34.7141	0
0.0276463	0.01	0.2	6.53131	32.3467	0
0.0276463	0.01	0.2	6.99842	32.2048	0
0.0276463	0.01	0.2	7.49894	34.7982	0
0.0276463	0.01	0.2	8.03526	37.5102	0
0.0276463	0.01	0.2	8.60994	37.8959	0
0.0276463	0.01	0.2	9.22571	36.655	0
0.0276463	0.01	0.2	9.88553	35.4215	0
0.0276463	0.01	0.2	10.5925	34.7804	0
0.0276463	0.01	0.2	11.3501	36.137	0
0.0276463	0.01	0.2	12.1619	40.9563	0
0.0276463	0.01	0.2	13.0317	48.2923	0
0.0276463	0.01	0.2	13.9637	52.328	0
0.0276463	0.01	0.2	14.9624	48.8548	0
0.0276463	0.01	0.2	16.0325	41.2504	0
0.0276463	0.01	0.2	17.1791	35.8043	0
0.0276463	0.01	0.2	18.4077	35.3051	0
0.0276463	0.01	0.2	19.7242	36.7693	0
0.0276463	0.01	0.2	21.1349	37.1406	0
0.0276463	0.01	0.2	22.6464	37.5319	0
0.0276463	0.01	0.2	24.2661	37.2007	0
0.0276463	0.01	0.2	26.0016	38.5152	0
0.0276463	0.01	0.2	27.8612	40.7203	0
0.0276463	0.01	0.2	29.8538	42.5386	0
0.0276463	0.01	0.2	31.989	46.1509	0
0.0276463	0.01	0.2	34.2768	44.7822	0
0.0276463	0.01	0.2	36.7282	40.8344	0
0.0276463	0.01	0.2	39.355	42.689	0
0.0276463	0.01	0.2	42.1697	44.5414	0
0.0276463	0.01	0.2	45.1856	52.0114	0
0.0276463	0.01	0.2	48.4172	55.5612	0
0.0276463	0.01	0.2	51.88	50.2056	0
0.0276463	0.01	0.2	55.5904	46.3225	0
0.0276463	0.01	0.2	59.5662	39.4517	0
0.0276463	0.01	0.2	63.8263	36.0929	0
0.0276463	0.01	0.2	68.3912	33.3843	0
0.0276463	0.01	0.2	73.2825	28.4015	0
0.0276463	0.01	0.2	78.5236	24.7198	0
0.0276463	0.01	0.2	84.1395	26.651	0
0.0276463	0.01	0.2	90.1571	31.7969	0
0.0276463	0.01	0.2	96.6051	34.8668	0
0.0302057	0.01	0.2	0.103514	255.188	0
0.0302057	0.01	0.2	0.110917	254.414	0
0.0302057	0.01	0.2	0.11885	253.529	0
0.0302057	0.01	0.2	0.12735	252.519	0
0.0302057	0.01	0.2	0.136458	251.366	0
0.0302057	0.01	0.2	0.146218	250.052	0
0.0302057	0.01	0.2	0.156675	248.556	0
0.0302057	0.01	0.2	0.16788	246.855	0
0.0302057	0.01	0.2	0.179887	244.923	0
0.0302057	0.01	0.2	0.192752	242.733	0
0.0302057	0.01	0.2	0.206538	240.254	0
0.0302057	0.01	0.2	0.221309	237.454	0
0.0302057	0.01	0.2	0.237137	234.3	0
0.0302057	0.01	0.2	0.254097	230.755	0
0.0302057	0.01	0.2	0.27227	226.785	0
0.0302057	0.01	0.2	0.291743	222.352	0
0.0302057	0.01	0.2	0.312608	217.425	0
0.0302057	0.01	0.2	0.334965	211.971	0
0.0302057	0.01	0.2	0.358922	205.965	0
0.0302057	0.01	0.2	0.384592	199.391	0
0.0302057	0.01	0.2	0.412098	192.24	0
0.0302057	0.01	0.2	0.44157	184.519	0
0.0302057	0.01	0.2	0.473151	176.25	0
0.0302057	0.01	0.2	0.506991	167.473	0
0.0302057	0.01	0.2	0.54325	158.251	0
0.0302057	0.01	0.2	0.582103	148.668	0
0.0302057	0.01	0.2	0.623735	138.827	0
0.0302057	0.01	0.2	0.668344	128.852	0
0.0302057	0.01	0.2	0.716143	118.879	0
0.0302057	0.01	0.2	0.767361	109.053	0
0.0302057	0.01	0.2	0.822243	99.5191	0
0.0302057	0.01	0.2	0.881049	90.4115	0
0.0302057	0.01	0.2	0.944061	81.8502	0
0.0302057	0.01	0.2	1.01158	73.9342	0
0.0302057	0.01	0.2	1.08393	66.7401	0
0.0302057	0.01	0.2	1.16145	60.3243	0
0.0302057	0.01	0.2	1.24451	54.7272	0
0.0302057	0.01	0.2	1.33352	49.979	0
0.0302057	0.01	0.2	1.42889	46.1031	0
0.0302057	0.01	0.2	1.53109	43.1168	0
0.0302057	0.01	0.2	1.64059	41.0274	0
0.0302057	0.01	0.2	1.75792	39.8252	0
0.0302057	0.01	0.2	1.88365	39.4719	0
0.0302057	0.01	0.2	2.01837	39.8882	0
0.0302057	0.01	0.2	2.16272	40.9363	0
0.0302057	0.01	0.2	2.31739	42.3816	0
0.0302057	0.01	0.2	2.48313	43.8251	0
0.0302057	0.01	0.2	2.66073	44.6589	0
0.0302057	0.01	0.2	2.85102	44.2019	0
0.0302057	0.01	0.2	3.05492	42.1223	0
0.0302057	0.01	0.2	3.27341	38.9132	0
0.0302057	0.01	0.2	3.50752	35.9004	0
0.0302057	0.01	0.2	3.75837	34.5783	0
0.0302057	0.01	0.2	4.02717	35.6244	0
0.0302057	0.01	0.2	4.31519	38.1404	0
0.0302057	0.01	0.2	4.62381	39.909	0
0.0302057	0.01	0.2	4.9545	39.137	0
0.0302057	0.01	0.2	5.30884	35.9608	0
0.0302057	0.01	0.2	5.68853	32.0287	0
0.0302057	0.01	0.2	6.09537	28.8997	0
0.0302057	0.01	0.2	6.53131	27.1013	0
0.0302057	0.01	0.2	6.99842	27.6107	0
0.0302057	0.01	0.2	7.49894	30.769	0
0.0302057	0.01	0.2	8.03526	33.7312	0
0.0302057	0.01	0.2	8.60994	33.9691	0
0.0302057	0.01	0.2	9.22571	32.0728	0
0.0302057	0.01	0.2	9.88553	29.8224	0
0.0302057	0.01	0.2	10.5925	28.289	0
0.0302057	0.01	0.2	11.3501	28.983	0
0.0302057	0.01	0.2	12.1619	33.3995	0
0.0302057	0.01	0.2	13.0317	40.5674	0
0.0302057	0.01	0.2	13.9637	44.6644	0
0.0302057	0.01	0.2	14.9624	41.2766	0
0.0302057	0.01	0.2	16.0325	33.7216	0
0.0302057	0.01	0.2	17.1791	28.4266	0
0.0302057	0.01	0.2	18.4077	28.153	0
0.0302057	0.01	0.2	19.7242	29.6516	0
0.0302057	0.01	0.2	21.1349	29.794	0
0.0302057	0.01	0.2	22.6464	29.6764	0
0.0302057	0.01	0.2	24.2661	28.9282	0
0.0302057	0.01	0.2	26.0016	30.1134	0
0.0302057	0.01	0.2	27.8612	32.3518	0
0.0302057	0.01	0.2	29.8538	34.1926	0
0.0302057	0.01	0.2	31.989	37.9972	0
0.0302057	0.01	0.2	34.2768	37.2165	0
0.0302057	0.01	0.2	36.7282	34.1659	0
0.0302057	0.01	0.2	39.355	36.7331	0
0.0302057	0.01	0.2	42.1697	38.8059	0
0.0302057	0.01	0.2	45.1856	46.0839	0
0.0302057	0.01	0.2	48.4172	49.6274	0
0.0302057	0.01	0.2	51.88	44.336	0
0.0302057	0.01	0.2	55.5904	39.8672	0
0.0302057	0.01	0.2	59.5662	31.8159	0
0.0302057	0.01	0.2	63.8263	27.6119	0
0.0302057	0.01	0.2	68.3912	24.7389	0
0.0302057	0.01	0.2	73.2825	19.6198	0
0.0302057	0.01	0.2	78.5236	15.5855	0
0.0302057	0.01	0.2	84.1395	17.5375	0
0.0302057	0.01	0.2	90.1571	23.1445	0
0.0302057	0.01	0.2	96.6051	26.5338	0
0.0330019	0.01	0.2	0.103514	254.704	0
0.0330019	0.01	0.2	0.110917	253.86	0
0.0330019	0.01	0.2	0.11885	252.895	0
0.0330019	0.01	0.2	0.12735	251.794	0
0.0330019	0.01	0.2	0.136458	250.538	0
0.0330019	0.01	0.2	0.146218	249.107	0
0.0330019	0.01	0.2	0.156675	247.478	0
0.0330019	0.01	0.2	0.16788	245.626	0
0.0330019	0.01	0.2	0.179887	243.523	0
0.0330019	0.01	0.2	0.192752	241.14	0
0.0330019	0.01	0.2	0.206538	238.445	0
0.0330019	0.01	0.2	0.221309	235.403	0
0.0330019	0.01	0.2	0.237137	231.978	0
0.0330019	0.01	0.2	0.254097	228.132	0
0.0330019	0.01	0.2	0.27227	223.828	0
0.0330019	0.01	0.2	0.291743	219.028	0
0.0330019	0.01	0.2	0.312608	213.699	0
0.0330019	0.01	0.2	0.334965	207.808	0
0.0330019	0.01	0.2	0.358922	201.333	0
0.0330019	0.01	0.2	0.384592	194.256	0
0.0330019	0.01	0.2	0.412098	186.576	0
0.0330019	0.01	0.2	0.44157	178.304	0
0.0330019	0.01	0.2	0.473151	169.47	0
0.0330019	0.01	0.2	0.506991	160.125	0
0.0330019	0.01	0.2	0.54325	150.343	0
0.0330019	0.01	0.2	0.582103	140.221	0
0.0330019	0.01	0.2	0.623735	129.881	0
0.0330019	0.01	0.2	0.668344	119.46	0
0.0330019	0.01	0.2	0.716143	109.113	0
0.0330019	0.01	0.2	0.767361	98.9975	0
0.0330019	0.01	0.2	0.822243	89.2696	0
0.0330019	0.01	0.2	0.881049	80.0726	0
0.0330019	0.01	0.2	0.944061	71.5292	0
0.0330019	0.01	0.2	1.01158	63.7362	0
0.0330019	0.01	0.2	1.08393	56.7624	0
0.0330019	0.01	0.2	1.16145	50.6504	0
0.0330019	0.01	0.2	1.24451	45.4209	0
0.0330019	0.01	0.2	1.33352	41.0781	0
0.0330019	0.01	0.2	1.42889	37.6143	0
0.0330019	0.01	0.2	1.53109	35.0134	0
0.0330019	0.01	0.2	1.64059	33.2529	0
0.0330019	0.01	0.2	1.75792	32.304	0
0.0330019	0.01	0.2	1.88365	32.1256	0
0.0330019	0.01	0.2	2.01837	32.6531	0
0.0330019	0.01	0.2	2.16272	33.7755	0
0.0330019	0.01	0.2	2.31739	35.292	0
0.0330019	0.01	0.2	2.48313	36.8432	0
0.0330019	0.01	0.2	2.66073	37.8661	0
0.0330019	0.01	0.2	2.85102	37.7186	0
0.0330019	0.01	0.2	3.05492	36.0738	0
0.0330019	0.01	0.2	3.27341	33.3689	0
0.0330019	0.01	0.2	3.50752	30.8226	0
0.0330019	0.01	0.2	3.75837	29.8192	0
0.0330019	0.01	0.2	4.02717	30.971	0
0.0330019	0.01	0.2	4.31519	33.4125	0
0.0330019	0.01	0.2	4.62381	35.0974	0
0.0330019	0.01	0.2	4.9545	34.4321	0
0.0330019	0.01	0.2	5.30884	31.6131	0
0.0330019	0.01	0.2	5.68853	28.2098	0
0.0330019	0.01	0.2	6.09537	25.6789	0
0.0330019	0.01	0.2	6.53131	24.5874	0
0.0330019	0.01	0.2	6.99842	25.9099	0
0.0330019	0.01	0.2	7.49894	29.7556	0
0.0330019	0.01	0.2	8.03526	32.9839	0
0.0330019	0.01	0.2	8.60994	32.9901	0
0.0330019	0.01	0.2	9.22571	30.2547	0
0.0330019	0.01	0.2	9.88553	26.7396	0
0.0330019	0.01	0.2	10.5925	24.1018	0
0.0330019	0.01	0.2	11.3501	23.9314	0
0.0330019	0.01	0.2	12.1619	27.7686	0
0.0330019	0.01	0.2	13.0317	34.657	0
0.0330019	0.01	0.2	13.9637	38.8107	0
0.0330019	0.01	0.2	14.9624	35.5516	0
0.0330019	0.01	0.2	16.0325	28.0961	0
0.0330019	0.01	0.2	17.1791	23.0282	0
0.0330019	0.01	0.2	18.4077	23.0633	0
0.0330019	0.01	0.2	19.7242	24.6122	0
0.0330019	0.01	0.2	21.1349	24.476	0
0.0330019	0.01	0.2	22.6464	23.6936	0
0.0330019	0.01	0.2	24.2661	22.3511	0
0.0330019	0.01	0.2	26.0016	23.2804	0
0.0330019	0.01	0.2	27.8612	25.5079	0
0.0330019	0.01	0.2	29.8538	27.3974	0
0.0330019	0.01	0.2	31.989	31.4895	0
0.0330019	0.01	0.2	34.2768	31.4613	0
0.0330019	0.01	0.2	36.7282	29.5204	0
0.0330019	0.01	0.2	39.355	32.9595	0
0.0330019	0.01	0.2	42.1697	35.2887	0
0.0330019	0.01	0.2	45.1856	42.3055	0
0.0330019	0.01	0.2	48.4172	45.7986	0
0.0330019	0.01	0.2	51.88	40.5512	0
0.0330019	0.01	0.2	55.5904	35.3829	0
0.0330019	0.01	0.2	59.5662	25.9477	0
0.0330019	0.01	0.2	63.8263	20.7757	0
0.0330019	0.01	0.2	68.3912	17.7395	0
0.0330019	0.01	0.2	73.2825	12.4938	0
0.0330019	0.01	0.2	78.5236	8.04788	0
0.0330019	0.01	0.2	84.1395	10.0149	0
0.0330019	0.01	0.2	90.1571	16.131	0
0.0330019	0.01	0.2	96.6051	19.8641	0
0.0360571	0.01	0.2	0.103514	254.176	0
0.0360571	0.01	0.2	0.110917	253.255	0
0.0360571	0.01	0.2	0.11885	252.204	0
0.0360571	0.01	0.2	0.12735	251.004	0
0.0360571	0.01	0.2	0.136458	249.635	0
0.0360571	0.01	0.2	0.146218	248.076	0
0.0360571	0.01	0.2	0.156675	246.302	0
0.0360571	0.01	0.2	0.16788	244.286	0
0.0360571	0.01	0.2	0.179887	241.999	0
0.0360571	0.01	0.2	0.192752	239.407	0
0.0360571	0.01	0.2	0.206538	236.478	0
0.0360571	0.01	0.2	0.221309	233.174	0
0.0360571	0.01	0.2	0.237137	229.456	0
0.0360571	0.01	0.2	0.254097	225.286	0
0.0360571	0.01	0.2	0.27227	220.623	0
0.0360571	0.01	0.2	0.291743	215.43	0
0.0360571	0.01	0.2	0.312608	209.671	0
0.0360571	0.01	0.2	0.334965	203.316	0
0.0360571	0.01	0.2	0.358922	196.342	0
0.0360571	0.01	0.2	0.384592	188.738	0
0.0360571	0.01	0.2	0.412098	180.504	0
0.0360571	0.01	0.2	0.44157	171.66	0
0.0360571	0.01	0.2	0.473151	162.246	0
0.0360571	0.01	0.2	0.506991	152.326	0
0.0360571	0.01	0.2	0.54325	141.987	0
0.0360571	0.01	0.2	0.582103	131.345	0
0.0360571	0.01	0.2	0.623735	120.537	0
0.0360571	0.01	0.2	0.668344	109.721	0
0.0360571	0.01	0.2	0.716143	99.0699	0
0.0360571	0.01	0.2	0.767361	88.7569	0
0.0360571	0.01	0.2	0.822243	78.9506	0
0.0360571	0.01	0.2	0.881049	69.802	0
0.0360571	0.01	0.2	0.944061	61.4358	0
0.0360571	0.01	0.2	1.01158	53.9443	0
0.0360571	0.01	0.2	1.08393	47.3849	0
0.0360571	0.01	0.2	1.16145	41.7819	0
0.0360571	0.01	0.2	1.24451	37.1299	0
0.0360571	0.01	0.2	1.33352	33.3996	0
0.0360571	0.01	0.2	1.42889	30.5433	0
0.0360571	0.01	0.2	1.53109	28.5023	0
0.0360571	0.01	0.2	1.64059	27.2165	0
0.0360571	0.01	0.2	1.75792	26.6332	0
0.0360571	0.01	0.2	1.88365	26.7094	0
0.0360571	0.01	0.2	2.01837	27.3998	0
0.0360571	0.01	0.2	2.16272	28.6288	0
0.0360571	0.01	0.2	2.31739	30.2394	0
0.0360571	0.01	0.2	2.48313	31.9232	0
0.0360571	0.01	0.2	2.66073	33.1771	0
0.0360571	0.01	0.2	2.85102	33.4132	0
0.0360571	0.01	0.2	3.05492	32.3153	0
0.0360571	0.01	0.2	3.27341	30.2528	0
0.0360571	0.01	0.2	3.50752	28.3114	0
0.0360571	0.01	0.2	3.75837	27.7422	0
0.0360571	0.01	0.2	4.02717	29.0798	0
0.0360571	0.01	0.2	4.31519	31.4992	0
0.0360571	0.01	0.2	4.62381	33.1639	0
0.0360571	0.01	0.2	4.9545	32.7151	0
0.0360571	0.01	0.2	5.30884	30.4014	0
0.0360571	0.01	0.2	5.68853	27.6818	0
0.0360571	0.01	0.2	6.09537	25.8929	0
0.0360571	0.01	0.2	6.53131	25.6754	0
0.0360571	0.01	0.2	6.99842	28.0075	0
0.0360571	0.01	0.2	7.49894	32.6884	0
0.0360571	0.01	0.2	8.03526	36.1987	0
0.0360571	0.01	0.2	8.60994	35.8688	0
0.0360571	0.01	0.2	9.22571	32.0697	0
0.0360571	0.01	0.2	9.88553	26.9896	0
0.0360571	0.01	0.2	10.5925	22.9904	0
0.0360571	0.01	0.2	11.3501	21.7072	0
0.0360571	0.01	0.2	12.1619	24.745	0
0.0360571	0.01	0.2	13.0317	31.2134	0
0.0360571	0.01	0.2	13.9637	35.4163	0
0.0360571	0.01	0.2	14.9624	32.3398	0
0.0360571	0.01	0.2	16.0325	25.047	0
0.0360571	0.01	0.2	17.1791	20.3003	0
0.0360571	0.01	0.2	18.4077	20.7457	0
0.0360571	0.01	0.2	19.7242	22.3648	0
0.0360571	0.01	0.2	21.1349	21.8907	0
0.0360571	0.01	0.2	22.6464	20.2536	0
0.0360571	0.01	0.2	24.2661	18.0972	0
0.0360571	0.01	0.2	26.0016	18.611	0
0.0360571	0.01	0.2	27.8612	20.7711	0
0.0360571	0.01	0.2	29.8538	22.7423	0
0.0360571	0.01	0.2	31.989	27.2399	0
0.0360571	0.01	0.2	34.2768	28.1641	0
0.0360571	0.01	0.2	36.7282	27.5883	0
0.0360571	0.01	0.2	39.355	32.0897	0
0.0360571	0.01	0.2	42.1697	34.7175	0
0.0360571	0.01	0.2	45.1856	41.3882	0
0.0360571	0.01	0.2	48.4172	44.7747	0
0.0360571	0.01	0.2	51.88	39.5442	0
0.0360571	0.01	0.2	55.5904	33.5416	0
0.0360571	0.01	0.2	59.5662	22.4842	0
0.0360571	0.01	0.2	63.8263	16.2024	0
0.0360571	0.01	0.2	68.3912	13.0068	0
0.0360571	0.01	0.2	73.2825	7.6488	0
0.0360571	0.01	0.2	78.5236	2.72191	0
0.0360571	0.01	0.2	84.1395	4.69668	0
0.0360571	0.01	0.2	90.1571	11.3758	0
0.0360571	0.01	0.2	96.6051	15.4785	0
0.039395	0.01	0.2	0.103514	253.599	0
0.039395	0.01	0.2	0.110917	252.596	0
0.039395	0.01	0.2	0.11885	251.45	0
0.039395	0.01	0.2	0.12735	250.142	0
0.039395	0.01	0.2	0.136458	248.651	0
0.039395	0.01	0.2	0.146218	246.953	0
0.039395	0.01	0.2	0.156675	245.022	0
0.039395	0.01	0.2	0.16788	242.828	0
0.039395	0.01	0.2	0.179887	240.34	0
0.039395	0.01	0.2	0.192752	237.523	0
0.039395	0.01	0.2	0.206538	234.34	0
0.039395	0.01	0.2	0.221309	230.753	0
0.039395	0.01	0.2	0.237137	226.72	0
0.039395	0.01	0.2	0.254097	222.201	0
0.039395	0.01	0.2	0.27227	217.154	0
0.039395	0.01	0.2	0.291743	211.539	0
0.039395	0.01	0.2	0.312608	205.323	0
0.039395	0.01	0.2	0.334965	198.475	0
0.039395	0.01	0.2	0.358922	190.976	0
0.039395	0.01	0.2	0.384592	182.817	0
0.039395	0.01	0.2	0.412098	174.007	0
0.039395	0.01	0.2	0.44157	164.576	0
0.039395	0.01	0.2	0.473151	154.573	0
0.039395	0.01	0.2	0.506991	144.079	0
0.039395	0.01	0.2	0.54325	133.198	0
0.039395	0.01	0.2	0.582103	122.065	0
0.039395	0.01	0.2	0.623735	110.84	0
0.039395	0.01	0.2	0.668344	99.7026	0
0.039395	0.01	0.2	0.716143	88.8442	0
0.039395	0.01	0.2	0.767361	78.4575	0
0.039395	0.01	0.2	0.822243	68.7241	0
0.039395	0.01	0.2	0.881049	59.8025	0
0.039395	0.01	0.2	0.944061	51.8176	0
0.039395	0.01	0.2	1.01158	44.8543	0
0.039395	0.01	0.2	1.08393	38.9545	0
0.039395	0.01	0.2	1.16145	34.118	0
0.039395	0.01	0.2	1.24451	30.306	0
0.039395	0.01	0.2	1.33352	27.4463	0
0.039395	0.01	0.2	1.42889	25.4403	0
0.039395	0.01	0.2	1.53109	24.1758	0
0.039395	0.01	0.2	1.64059	23.5451	0
0.039395	0.01	0.2	1.75792	23.4665	0
0.039395	0.01	0.2	1.88365	23.8953	0
0.039395	0.01	0.2	2.01837	24.8125	0
0.039395	0.01	0.2	2.16272	26.1878	0
0.039395	0.01	0.2	2.31739	27.9203	0
0.039395	0.01	0.2	2.48313	29.7671	0
0.039395	0.01	0.2	2.66073	31.303	0
0.039395	0.01	0.2	2.85102	32.013	0
0.039395	0.01	0.2	3.05492	31.5998	0
0.039395	0.01	0.2	3.27341	30.3495	0
0.039395	0.01	0.2	3.50752	29.1841	0
0.039395	0.01	0.2	3.75837	29.1928	0
0.039395	0.01	0.2	4.02717	30.8181	0
0.039395	0.01	0.2	4.31519	33.2848	0
0.039395	0.01	0.2	4.62381	35.0124	0
0.039395	0.01	0.2	4.9545	34.9192	0
0.039395	0.01	0.2	5.30884	33.2949	0
0.039395	0.01	0.2	5.68853	31.4482	0
0.039395	0.01	0.2	6.09537	30.5755	0
0.039395	0.01	0.2	6.53131	31.4346	0
0.039395	0.01	0.2	6.99842	35.0143	0
0.039395	0.01	0.2	7.49894	40.7083	0
0.039395	0.01	0.2	8.03526	44.5169	0
0.039395	0.01	0.2	8.60994	43.7211	0
0.039395	0.01	0.2	9.22571	38.5851	0
0.039395	0.01	0.2	9.88553	31.5767	0
0.039395	0.01	0.2	10.5925	25.9047	0
0.039395	0.01	0.2	11.3501	23.2041	0
0.039395	0.01	0.2	12.1619	25.1687	0
0.039395	0.01	0.2	13.0317	31.041	0
0.039395	0.01	0.2	13.9637	35.2825	0
0.039395	0.01	0.2	14.9624	32.4553	0
0.039395	0.01	0.2	16.0325	25.4037	0
0.039395	0.01	0.2	17.1791	21.0941	0
0.039395	0.01	0.2	18.4077	22.0741	0
0.039395	0.01	0.2	19.7242	23.7874	0
0.039395	0.01	0.2	21.1349	22.905	0
0.039395	0.01	0.2	22.6464	20.1821	0
0.039395	0.01	0.2	24.2661	16.9421	0
0.039395	0.01	0.2	26.0016	16.8413	0
0.039395	0.01	0.2	27.8612	18.8617	0
0.039395	0.01	0.2	29.8538	20.9558	0
0.039395	0.01	0.2	31.989	26.0045	0
0.039395	0.01	0.2	34.2768	28.1231	0
0.039395	0.01	0.2	36.7282	29.2191	0
0.039395	0.01	0.2	39.355	35.0102	0
0.039395	0.01	0.2	42.1697	37.9853	0
0.039395	0.01	0.2	45.1856	44.2062	0
0.039395	0.01	0.2	48.4172	47.4149	0
0.039395	0.01	0.2	51.88	42.1658	0
0.039395	0.01	0.2	55.5904	35.1696	0
0.039395	0.01	0.2	59.5662	22.2111	0
0.039395	0.01	0.2	63.8263	14.6558	0
0.039395	0.01	0.2	68.3912	11.3081	0
0.039395	0.01	0.2	73.2825	5.85733	0
0.039395	0.01	0.2	78.5236	0.368116	0
0.039395	0.01	0.2	84.1395	2.34189	0
0.039395	0.01	0.2	90.1571	9.64448	0
0.039395	0.01	0.2	96.6051	14.1439	0
0.043042	0.01	0.2	0.103514	252.971	0
0.043042	0.01	0.2	0.110917	251.877	0
0.043042	0.01	0.2	0.11885	250.628	0
0.043042	0.01	0.2	0.12735	249.203	0
0.043042	0.01	0.2	0.136458	247.579	0
0.043042	0.01	0.2	0.146218	245.73	0
0.043042	0.01	0.2	0.156675	243.628	0
0.043042	0.01	0.2	0.16788	241.241	0
0.043042	0.01	0.2	0.179887	238.535	0
0.043042	0.01	0.2	0.192752	235.474	0
0.043042	0.01	0.2	0.206538	232.017	0
0.043042	0.01	0.2	0.221309	228.125	0
0.043042	0.01	0.2	0.237137	223.753	0
0.043042	0.01	0.2	0.254097	218.859	0
0.043042	0.01	0.2	0.27227	213.4	0
0.043042	0.01	0.2	0.291743	207.337	0
0.043042	0.01	0.2	0.312608	200.634	0
0.043042	0.01	0.2	0.334965	193.265	0
0.043042	0.01	0.2	0.358922	185.214	0
0.043042	0.01	0.2	0.384592	176.478	0
0.043042	0.01	0.2	0.412098	167.074	0
0.043042	0.01	0.2	0.44157	157.043	0
0.043042	0.01	0.2	0.473151	146.451	0
0.043042	0.01	0.2	0.506991	135.394	0
0.043042	0.01	0.2	0.54325	124	0
0.043042	0.01	0.2	0.582103	112.426	0
0.043042	0.01	0.2	0.623735	100.857	0
0.043042	0.01	0.2	0.668344	89.4971	0
0.043042	0.01	0.2	0.716143	78.5621	0
0.043042	0.01	0.2	0.767361	68.2643	0
0.043042	0.01	0.2	0.822243	58.7995	0
0.043042	0.01	0.2	0.881049	50.3329	0
0.043042	0.01	0.2	0.944061	42.988	0
0.043042	0.01	0.2	1.01158	36.8384	0
0.043042	0.01	0.2	1.08393	31.9051	0
0.043042	0.01	0.2	1.16145	28.1563	0
0.043042	0.01	0.2	1.24451	25.5105	0
0.043042	0.01	0.2	1.33352	23.841	0
0.043042	0.01	0.2	1.42889	22.9855	0
0.043042	0.01	0.2	1.53109	22.7643	0
0.043042	0.01	0.2	1.64059	23.0109	0
0.043042	0.01	0.2	1.75792	23.6078	0
0.043042	0.01	0.2	1.88365	24.5096	0
0.043042	0.01	0.2	2.01837	25.7317	0
0.043042	0.01	0.2	2.16272	27.302	0
0.043042	0.01	0.2	2.31739	29.1902	0
0.043042	0.01	0.2	2.48313	31.2366	0
0.043042	0.01	0.2	2.66073	33.1166	0
0.043042	0.01	0.2	2.85102	34.4113	0
0.043042	0.01	0.2	3.05492	34.8511	0
0.043042	0.01	0.2	3.27341	34.6217	0
0.043042	0.01	0.2	3.50752	34.4431	0
0.043042	0.01	0.2	3.75837	35.2084	0
0.043042	0.01	0.2	4.02717	37.2502	0
0.043042	0.01	0.2	4.31519	39.8544	0
0.043042	0.01	0.2	4.62381	41.7523	0
0.043042	0.01	0.2	4.9545	42.1895	0
0.043042	0.01	0.2	5.30884	41.4816	0
0.043042	0.01	0.2	5.68853	40.7387	0
0.043042	0.01	0.2	6.09537	40.993	0
0.043042	0.01	0.2	6.53131	43.1735	0
0.043042	0.01	0.2	6.99842	48.2892	0
0.043042	0.01	0.2	7.49894	55.2104	0
0.043042	0.01	0.2	8.03526	59.3335	0
0.043042	0.01	0.2	8.60994	57.9115	0
0.043042	0.01	0.2	9.22571	51.1072	0
0.043042	0.01	0.2	9.88553	41.7309	0
0.043042	0.01	0.2	10.5925	34.01	0
0.043042	0.01	0.2	11.3501	29.5188	0
0.043042	0.01	0.2	12.1619	30.0716	0
0.043042	0.01	0.2	13.0317	35.1281	0
0.043042	0.01	0.2	13.9637	39.3934	0
0.043042	0.01	0.2	14.9624	36.8978	0
0.043042	0.01	0.2	16.0325	30.1844	0
0.043042	0.01	0.2	17.1791	26.4535	0
0.043042	0.01	0.2	18.4077	28.1188	0
0.043042	0.01	0.2	19.7242	29.9559	0
0.043042	0.01	0.2	21.1349	28.5814	0
0.043042	0.01	0.2	22.6464	24.4933	0
0.043042	0.01	0.2	24.2661	19.8394	0
0.043042	0.01	0.2	26.0016	18.877	0
0.043042	0.01	0.2	27.8612	20.667	0
0.043042	0.01	0.2	29.8538	22.935	0
0.043042	0.01	0.2	31.989	28.7136	0
0.043042	0.01	0.2	34.2768	32.3186	0
0.043042	0.01	0.2	36.7282	35.4536	0
0.043042	0.01	0.2	39.355	42.8053	0
0.043042	0.01	0.2	42.1697	46.1842	0
0.043042	0.01	0.2	45.1856	51.829	0
0.043042	0.01	0.2	48.4172	54.7707	0
0.043042	0.01	0.2	51.88	49.4573	0
0.043042	0.01	0.2	55.5904	41.2794	0
0.043042	0.01	0.2	59.5662	26.0936	0
0.043042	0.01	0.2	63.8263	17.0764	0
0.043042	0.01	0.2	68.3912	13.5879	0
0.043042	0.01	0.2	73.2825	8.06995	0
0.043042	0.01	0.2	78.5236	1.92278	0
0.043042	0.01	0.2	84.1395	3.88525	0
0.043042	0.01	0.2	90.1571	11.8798	0
0.043042	0.01	0.2	96.6051	16.8044	0
0.0470266	0.01	0.2	0.103514	252.285	0
0.0470266	0.01	0.2	0.110917	251.093	0
0.0470266	0.01	0.2	0.11885	249.732	0
0.0470266	0.01	0.2	0.12735	248.179	0
0.0470266	0.01	0.2	0.136458	246.411	0
0.0470266	0.01	0.2	0.146218	244.398	0
0.0470266	0.01	0.2	0.156675	242.11	0
0.0470266	0.01	0.2	0.16788	239.514	0
0.0470266	0.01	0.2	0.179887	236.573	0
0.0470266	0.01	0.2	0.192752	233.247	0
0.0470266	0.01	0.2	0.206538	229.496	0
0.0470266	0.01	0.2	0.221309	225.274	0
0.0470266	0.01	0.2	0.237137	220.538	0
0.0470266	0.01	0.2	0.254097	215.242	0
0.0470266	0.01	0.2	0.27227	209.344	0
0.0470266	0.01	0.2	0.291743	202.803	0
0.0470266	0.01	0.2	0.312608	195.586	0
0.0470266	0.01	0.2	0.334965	187.668	0
0.0470266	0.01	0.2	0.358922	179.04	0
0.0470266	0.01	0.2	0.384592	169.706	0
0.0470266	0.01	0.2	0.412098	159.695	0
0.0470266	0.01	0.2	0.44157	149.061	0
0.0470266	0.01	0.2	0.473151	137.889	0
0.0470266	0.01	0.2	0.506991	126.295	0
0.0470266	0.01	0.2	0.54325	114.434	0
0.0470266	0.01	0.2	0.582103	102.49	0
0.0470266	0.01	0.2	0.623735	90.6773	0
0.0470266	0.01	0.2	0.668344	79.2297	0
0.0470266	0.01	0.2	0.716143	68.389	0
0.0470266	0.01	0.2	0.767361	58.3899	0
0.0470266	0.01	0.2	0.822243	49.4432	0
0.0470266	0.01	0.2	0.881049	41.7204	0
0.0470266	0.01	0.2	0.944061	35.3405	0
0.0470266	0.01	0.2	1.01158	30.3615	0
0.0470266	0.01	0.2	1.08393	26.7765	0
0.0470266	0.01	0.2	1.16145	24.5134	0
0.0470266	0.01	0.2	1.24451	23.4366	0
0.0470266	0.01	0.2	1.33352	23.3512	0
0.0470266	0.01	0.2	1.42889	24.0152	0
0.0470266	0.01	0.2	1.53109	25.1648	0
0.0470266	0.01	0.2	1.64059	26.5607	0
0.0470266	0.01	0.2	1.75792	28.0421	0
0.0470266	0.01	0.2	1.88365	29.5639	0
0.0470266	0.01	0.2	2.01837	31.186	0
0.0470266	0.01	0.2	2.16272	33.0102	0
0.0470266	0.01	0.2	2.31739	35.0951	0
0.0470266	0.01	0.2	2.48313	37.3857	0
0.0470266	0.01	0.2	2.66073	39.6853	0
0.0470266	0.01	0.2	2.85102	41.6996	0
0.0470266	0.01	0.2	3.05492	43.199	0
0.0470266	0.01	0.2	3.27341	44.2464	0
0.0470266	0.01	0.2	3.50752	45.3138	0
0.0470266	0.01	0.2	3.75837	47.0571	0
0.0470266	0.01	0.2	4.02717	49.6773	0
0.0470266	0.01	0.2	4.31519	52.5349	0
0.0470266	0.01	0.2	4.62381	54.7403	0
0.0470266	0.01	0.2	4.9545	55.9261	0
0.0470266	0.01	0.2	5.30884	56.4139	0
0.0470266	0.01	0.2	5.68853	57.0556	0
0.0470266	0.01	0.2	6.09537	58.6913	0
0.0470266	0.01	0.2	6.53131	62.4886	0
0.0470266	0.01	0.2	6.99842	69.4891	0
0.0470266	0.01	0.2	7.49894	77.8949	0
0.0470266	0.01	0.2	8.03526	82.3489	0
0.0470266	0.01	0.2	8.60994	80.1038	0
0.0470266	0.01	0.2	9.22571	71.2296	0
0.0470266	0.01	0.2	9.88553	58.9554	0
0.0470266	0.01	0.2	10.5925	48.7304	0
0.0470266	0.01	0.2	11.3501	41.993	0
0.0470266	0.01	0.2	12.1619	40.7163	0
0.0470266	0.01	0.2	13.0317	44.6845	0
0.0470266	0.01	0.2	13.9637	48.9535	0
0.0470266	0.01	0.2	14.9624	46.8902	0
0.0470266	0.01	0.2	16.0325	40.6344	0
0.0470266	0.01	0.2	17.1791	37.6543	0
0.0470266	0.01	0.2	18.4077	40.1873	0
0.0470266	0.01	0.2	19.7242	42.1838	0
0.0470266	0.01	0.2	21.1349	40.2181	0
0.0470266	0.01	0.2	22.6464	34.4273	0
0.0470266	0.01	0.2	24.2661	27.9572	0
0.0470266	0.01	0.2	26.0016	25.8292	0
0.0470266	0.01	0.2	27.8612	27.2754	0
0.0470266	0.01	0.2	29.8538	29.7802	0
0.0470266	0.01	0.2	31.989	36.5066	0
0.0470266	0.01	0.2	34.2768	41.9495	0
0.0470266	0.01	0.2	36.7282	47.5625	0
0.0470266	0.01	0.2	39.355	56.7968	0
0.0470266	0.01	0.2	42.1697	60.6446	0
0.0470266	0.01	0.2	45.1856	65.5602	0
0.0470266	0.01	0.2	48.4172	68.1244	0
0.0470266	0.01	0.2	51.88	62.6881	0
0.0470266	0.01	0.2	55.5904	53.107	0
0.0470266	0.01	0.2	59.5662	35.313	0
0.0470266	0.01	0.2	63.8263	24.6165	0
0.0470266	0.01	0.2	68.3912	21.0035	0
0.0470266	0.01	0.2	73.2825	15.4514	0
0.0470266	0.01	0.2	78.5236	8.5339	0
0.0470266	0.01	0.2	84.1395	10.4732	0
0.0470266	0.01	0.2	90.1571	19.2373	0
0.0470266	0.01	0.2	96.6051	24.6167	0
0.05138	0.01	0.2	0.103514	251.538	0
0.05138	0.01	0.2	0.110917	250.238	0
0.05138	0.01	0.2	0.11885	248.755	0
0.05138	0.01	0.2	0.12735	247.064	0
0.05138	0.01	0.2	0.136458	245.138	0
0.05138	0.01	0.2	0.146218	242.948	0
0.05138	0.01	0.2	0.156675	240.459	0
0.05138	0.01	0.2	0.16788	237.636	0
0.05138	0.01	0.2	0.179887	234.44	0
0.05138	0.01	0.2	0.192752	230.83	0
0.05138	0.01	0.2	0.206538	226.76	0
0.05138	0.01	0.2	0.221309	222.184	0
0.05138	0.01	0.2	0.237137	217.057	0
0.05138	0.01	0.2	0.254097	211.332	0
0.05138	0.01	0.2	0.27227	204.965	0
0.05138	0.01	0.2	0.291743	197.917	0
0.05138	0.01	0.2	0.312608	190.157	0
0.05138	0.01	0.2	0.334965	181.666	0
0.05138	0.01	0.2	0.358922	172.439	0
0.05138	0.01	0.2	0.384592	162.492	0
0.05138	0.01	0.2	0.412098	151.867	0
0.05138	0.01	0.2	0.44157	140.635	0
0.05138	0.01	0.2	0.473151	128.904	0
0.05138	0.01	0.2	0.506991	116.818	0
0.05138	0.01	0.2	0.54325	104.558	0
0.05138	0.01	0.2	0.582103	92.3437	0
0.05138	0.01	0.2	0.623735	80.4229	0
0.05138	0.01	0.2	0.668344	69.0635	0
0.05138	0.01	0.2	0.716143	58.5378	0
0.05138	0.01	0.2	0.767361	49.1051	0
0.05138	0.01	0.2	0.822243	40.9921	0
0.05138	0.01	0.2	0.881049	34.3752	0
0.05138	0.01	0.2	0.944061	29.3658	0
0.05138	0.01	0.2	1.01158	26.0003	0
0.05138	0.01	0.2	1.08393	24.236	0
0.05138	0.01	0.2	1.16145	23.9493	0
0.05138	0.01	0.2	1.24451	24.9368	0
0.05138	0.01	0.2	1.33352	26.9187	0
0.05138	0.01	0.2	1.42889	29.5537	0
0.05138	0.01	0.2	1.53109	32.4743	0
0.05138	0.01	0.2	1.64059	35.3512	0
0.05138	0.01	0.2	1.75792	37.9712	0
0.05138	0.01	0.2	1.88365	40.2915	0
0.05138	0.01	0.2	2.01837	42.4287	0
0.05138	0.01	0.2	2.16272	44.578	0
0.05138	0.01	0.2	2.31739	46.9091	0
0.05138	0.01	0.2	2.48313	49.498	0
0.05138	0.01	0.2	2.66073	52.3092	0
0.05138	0.01	0.2	2.85102	55.2083	0
0.05138	0.01	0.2	3.05492	58.0197	0
0.05138	0.01	0.2	3.27341	60.6574	0
0.05138	0.01	0.2	3.50752	63.2897	0
0.05138	0.01	0.2	3.75837	66.2847	0
0.05138	0.01	0.2	4.02717	69.686	0
0.05138	0.01	0.2	4.31519	72.9446	0
0.05138	0.01	0.2	4.62381	75.6311	0
0.05138	0.01	0.2	4.9545	77.8362	0
0.05138	0.01	0.2	5.30884	79.8617	0
0.05138	0.01	0.2	5.68853	82.2287	0
0.05138	0.01	0.2	6.09537	85.5526	0
0.05138	0.01	0.2	6.53131	91.323	0
0.05138	0.01	0.2	6.99842	100.629	0
0.05138	0.01	0.2	7.49894	110.829	0
0.05138	0.01	0.2	8.03526	115.63	0
0.05138	0.01	0.2	8.60994	112.322	0
0.05138	0.01	0.2	9.22571	100.892	0
0.05138	0.01	0.2	9.88553	85.0811	0
0.05138	0.01	0.2	10.5925	71.8027	0
0.05138	0.01	0.2	11.3501	62.263	0
0.05138	0.01	0.2	12.1619	58.6431	0
0.05138	0.01	0.2	13.0317	61.1859	0
0.05138	0.01	0.2	13.9637	65.4319	0
0.05138	0.01	0.2	14.9624	63.9238	0
0.05138	0.01	0.2	16.0325	58.2714	0
0.05138	0.01	0.2	17.1791	56.2508	0
0.05138	0.01	0.2	18.4077	59.8711	0
0.05138	0.01	0.2	19.7242	62.0697	0
0.05138	0.01	0.2	21.1349	59.3958	0
0.05138	0.01	0.2	22.6464	51.4963	0
0.05138	0.01	0.2	24.2661	42.7217	0
0.05138	0.01	0.2	26.0016	39.0554	0
0.05138	0.01	0.2	27.8612	40.0177	0
0.05138	0.01	0.2	29.8538	42.8363	0
0.05138	0.01	0.2	31.989	50.7755	0
0.05138	0.01	0.2	34.2768	58.4781	0
0.05138	0.01	0.2	36.7282	67.0923	0
0.05138	0.01	0.2	39.355	78.591	0
0.05138	0.01	0.2	42.1697	82.983	0
0.05138	0.01	0.2	45.1856	86.9842	0
0.05138	0.01	0.2	48.4172	89.0342	0
0.05138	0.01	0.2	51.88	83.4012	0
0.05138	0.01	0.2	55.5904	72.1566	0
0.05138	0.01	0.2	59.5662	51.3101	0
0.05138	0.01	0.2	63.8263	38.6846	0
0.05138	0.01	0.2	68.3912	34.9689	0
0.05138	0.01	0.2	73.2825	29.4239	0
0.05138	0.01	0.2	78.5236	21.6041	0
0.05138	0.01	0.2	84.1395	23.507	0
0.05138	0.01	0.2	90.1571	33.1292	0
0.05138	0.01	0.2	96.6051	38.9941	0
0.0561365	0.01	0.2	0.103514	250.723	0
0.0561365	0.01	0.2	0.110917	249.306	0
0.0561365	0.01	0.2	0.11885	247.691	0
0.0561365	0.01	0.2	0.12735	245.849	0
0.0561365	0.01	0.2	0.136458	243.753	0
0.0561365	0.01	0.2	0.146218	241.369	0
0.0561365	0.01	0.2	0.156675	238.663	0
0.0561365	0.01	0.2	0.16788	235.595	0
0.0561365	0.01	0.2	0.179887	232.124	0
0.0561365	0.01	0.2	0.192752	228.205	0
0.0561365	0.01	0.2	0.206538	223.793	0
0.0561365	0.01	0.2	0.221309	218.838	0
0.0561365	0.01	0.2	0.237137	213.292	0
0.0561365	0.01	0.2	0.254097	207.109	0
0.0561365	0.01	0.2	0.27227	200.244	0
0.0561365	0.01	0.2	0.291743	192.661	0
0.0561365	0.01	0.2	0.312608	184.332	0
0.0561365	0.01	0.2	0.334965	175.243	0
0.0561365	0.01	0.2	0.358922	165.399	0
0.0561365	0.01	0.2	0.384592	154.829	0
0.0561365	0.01	0.2	0.412098	143.592	0
0.0561365	0.01	0.2	0.44157	131.782	0
0.0561365	0.01	0.2	0.473151	119.531	0
0.0561365	0.01	0.2	0.506991	107.015	0
0.0561365	0.01	0.2	0.54325	94.4537	0
0.0561365	0.01	0.2	0.582103	82.1031	0
0.0561365	0.01	0.2	0.623735	70.2526	0
0.0561365	0.01	0.2	0.668344	59.2091	0
0.0561365	0.01	0.2	0.716143	49.2798	0
0.0561365	0.01	0.2	0.767361	40.7516	0
0.0561365	0.01	0.2	0.822243	33.8678	0
0.0561365	0.01	0.2	0.881049	28.8083	0
0.0561365	0.01	0.2	0.944061	25.6721	0
0.0561365	0.01	0.2	1.01158	24.4673	0
0.0561365	0.01	0.2	1.08393	25.1049	0
0.0561365	0.01	0.2	1.16145	27.3969	0
0.0561365	0.01	0.2	1.24451	31.0552	0
0.0561365	0.01	0.2	1.33352	35.6945	0
0.0561365	0.01	0.2	1.42889	40.8509	0
0.0561365	0.01	0.2	1.53109	46.0293	0
0.0561365	0.01	0.2	1.64059	50.7902	0
0.0561365	0.01	0.2	1.75792	54.8569	0
0.0561365	0.01	0.2	1.88365	58.1914	0
0.0561365	0.01	0.2	2.01837	60.9825	0
0.0561365	0.01	0.2	2.16272	63.5424	0
0.0561365	0.01	0.2	2.31739	66.1791	0
0.0561365	0.01	0.2	2.48313	69.1318	0
0.0561365	0.01	0.2	2.66073	72.567	0
0.0561365	0.01	0.2	2.85102	76.5526	0
0.0561365	0.01	0.2	3.05492	80.9848	0
0.0561365	0.01	0.2	3.27341	85.5969	0
0.0561365	0.01	0.2	3.50752	90.1854	0
0.0561365	0.01	0.2	3.75837	94.77	0
0.0561365	0.01	0.2	4.02717	99.2052	0
0.0561365	0.01	0.2	4.31519	103.052	0
0.0561365	0.01	0.2	4.62381	106.437	0
0.0561365	0.01	0.2	4.9545	109.996	0
0.0561365	0.01	0.2	5.30884	113.977	0
0.0561365	0.01	0.2	5.68853	118.482	0
0.0561365	0.01	0.2	6.09537	123.863	0
0.0561365	0.01	0.2	6.53131	132.036	0
0.0561365	0.01	0.2	6.99842	144.155	0
0.0561365	0.01	0.2	7.49894	156.522	0
0.0561365	0.01	0.2	8.03526	161.687	0
0.0561365	0.01	0.2	8.60994	157.022	0
0.0561365	0.01	0.2	9.22571	142.452	0
0.0561365	0.01	0.2	9.88553	122.334	0
0.0561365	0.01	0.2	10.5925	105.339	0
0.0561365	0.01	0.2	11.3501	92.3194	0
0.0561365	0.01	0.2	12.1619	85.7257	0
0.0561365	0.01	0.2	13.0317	86.4277	0
0.0561365	0.01	0.2	13.9637	90.6156	0
0.0561365	0.01	0.2	14.9624	89.8124	0
0.0561365	0.01	0.2	16.0325	84.9405	0
0.0561365	0.01	0.2	17.1791	84.1307	0
0.0561365	0.01	0.2	18.4077	89.102	0
0.0561365	0.01	0.2	19.7242	91.5538	0
0.0561365	0.01	0.2	21.1349	88.0339	0
0.0561365	0.01	0.2	22.6464	77.5385	0
0.0561365	0.01	0.2	24.2661	65.8686	0
0.0561365	0.01	0.2	26.0016	60.2098	0
0.0561365	0.01	0.2	27.8612	60.5162	0
0.0561365	0.01	0.2	29.8538	63.7422	0
0.0561365	0.01	0.2	31.989	73.2148	0
0.0561365	0.01	0.2	34.2768	83.6818	0
0.0561365	0.01	0.2	36.7282	95.9201	0
0.0561365	0.01	0.2	39.355	110.135	0
0.0561365	0.01	0.2	42.1697	115.157	0
0.0561365	0.01	0.2	45.1856	118.021	0
0.0561365	0.01	0.2	48.4172	119.389	0
0.0561365	0.01	0.2	51.88	113.467	0
0.0561365	0.01	0.2	55.5904	100.253	0
0.0561365	0.01	0.2	59.5662	75.8375	0
0.0561365	0.01	0.2	63.8263	60.9958	0
0.0561365	0.01	0.2	68.3912	57.2063	0
0.0561365	0.01	0.2	73.2825	51.719	0
0.0561365	0.01	0.2	78.5236	42.8419	0
0.0561365	0.01	0.2	84.1395	44.694	0
0.0561365	0.01	0.2	90.1571	55.2756	0
0.0561365	0.01	0.2	96.6051	61.6578	0
0.0613333	0.01	0.2	0.103514	249.834	0
0.0613333	0.01	0.2	0.110917	248.291	0
0.0613333	0.01	0.2	0.11885	246.531	0
0.0613333	0.01	0.2	0.12735	244.526	0
0.0613333	0.01	0.2	0.136458	242.245	0
0.0613333	0.01	0.2	0.146218	239.652	0
0.0613333	0.01	0.2	0.156675	236.71	0
0.0613333	0.01	0.2	0.16788	233.377	0
0.0613333	0.01	0.2	0.179887	229.609	0
0.0613333	0.01	0.2	0.192752	225.359	0
0.0613333	0.01	0.2	0.206538	220.578	0
0.0613333	0.01	0.2	0.221309	215.216	0
0.0613333	0.01	0.2	0.237137	209.224	0
0.0613333	0.01	0.2	0.254097	202.553	0
0.0613333	0.01	0.2	0.27227	195.162	0
0.0613333	0.01	0.2	0.291743	187.016	0
0.0613333	0.01	0.2	0.312608	178.092	0
0.0613333	0.01	0.2	0.334965	168.385	0
0.0613333	0.01	0.2	0.358922	157.913	0
0.0613333	0.01	0.2	0.384592	146.719	0
0.0613333	0.01	0.2	0.412098	134.884	0
0.0613333	0.01	0.2	0.44157	122.528	0
0.0613333	0.01	0.2	0.473151	109.816	0
0.0613333	0.01	0.2	0.506991	96.9637	0
0.0613333	0.01	0.2	0.54325	84.2306	0
0.0613333	0.01	0.2	0.582103	71.9212	0
0.0613333	0.01	0.2	0.623735	60.3716	0
0.0613333	0.01	0.2	0.668344	49.9343	0
0.0613333	0.01	0.2	0.716143	40.957	0
0.0613333	0.01	0.2	0.767361	33.7569	0
0.0613333	0.01	0.2	0.822243	28.595	0
0.0613333	0.01	0.2	0.881049	25.652	0
0.0613333	0.01	0.2	0.944061	25.0094	0
0.0613333	0.01	0.2	1.01158	26.6378	0
0.0613333	0.01	0.2	1.08393	30.3898	0
0.0613333	0.01	0.2	1.16145	35.9968	0
0.0613333	0.01	0.2	1.24451	43.0654	0
0.0613333	0.01	0.2	1.33352	51.0805	0
0.0613333	0.01	0.2	1.42889	59.4272	0
0.0613333	0.01	0.2	1.53109	67.4537	0
0.0613333	0.01	0.2	1.64059	74.586	0
0.0613333	0.01	0.2	1.75792	80.4712	0
0.0613333	0.01	0.2	1.88365	85.0794	0
0.0613333	0.01	0.2	2.01837	88.6909	0
0.0613333	0.01	0.2	2.16272	91.7635	0
0.0613333	0.01	0.2	2.31739	94.7773	0
0.0613333	0.01	0.2	2.48313	98.1731	0
0.0613333	0.01	0.2	2.66073	102.369	0
0.0613333	0.01	0.2	2.85102	107.688	0
0.0613333	0.01	0.2	3.05492	114.119	0
0.0613333	0.01	0.2	3.27341	121.176	0
0.0613333	0.01	0.2	3.50752	128.201	0
0.0613333	0.01	0.2	3.75837	134.792	0
0.0613333	0.01	0.2	4.02717	140.575	0
0.0613333	0.01	0.2	4.31519	145.244	0
0.0613333	0.01	0.2	4.62381	149.601	0
0.0613333	0.01	0.2	4.9545	154.924	0
0.0613333	0.01	0.2	5.30884	161.369	0
0.0613333	0.01	0.2	5.68853	168.51	0
0.0613333	0.01	0.2	6.09537	176.392	0
0.0613333	0.01	0.2	6.53131	187.484	0
0.0613333	0.01	0.2	6.99842	203.03	0
0.0613333	0.01	0.2	7.49894	218.01	0
0.0613333	0.01	0.2	8.03526	223.554	0
0.0613333	0.01	0.2	8.60994	217.178	0
0.0613333	0.01	0.2	9.22571	198.763	0
0.0613333	0.01	0.2	9.88553	173.412	0
0.0613333	0.01	0.2	10.5925	151.901	0
0.0613333	0.01	0.2	11.3501	134.578	0
0.0613333	0.01	0.2	12.1619	124.238	0
0.0613333	0.01	0.2	13.0317	122.589	0
0.0613333	0.01	0.2	13.9637	126.673	0
0.0613333	0.01	0.2	14.9624	126.756	0
0.0613333	0.01	0.2	16.0325	122.879	0
0.0613333	0.01	0.2	17.1791	123.582	0
0.0613333	0.01	0.2	18.4077	130.219	0
0.0613333	0.01	0.2	19.7242	132.985	0
0.0613333	0.01	0.2	21.1349	128.457	0
0.0613333	0.01	0.2	22.6464	114.783	0
0.0613333	0.01	0.2	24.2661	99.5055	0
0.0613333	0.01	0.2	26.0016	91.3028	0
0.0613333	0.01	0.2	27.8612	90.7429	0
0.0613333	0.01	0.2	29.8538	94.4898	0
0.0613333	0.01	0.2	31.989	105.882	0
0.0613333	0.01	0.2	34.2768	119.717	0
0.0613333	0.01	0.2	36.7282	136.318	0
0.0613333	0.01	0.2	39.355	153.782	0
0.0613333	0.01	0.2	42.1697	159.534	0
0.0613333	0.01	0.2	45.1856	160.993	0
0.0613333	0.01	0.2	48.4172	161.474	0
0.0613333	0.01	0.2	51.88	155.147	0
0.0613333	0.01	0.2	55.5904	139.607	0
0.0613333	0.01	0.2	59.5662	111.021	0
0.0613333	0.01	0.2	63.8263	93.634	0
0.0613333	0.01	0.2	68.3912	89.8072	0
0.0613333	0.01	0.2	73.2825	84.439	0
0.0613333	0.01	0.2	78.5236	74.3225	0
0.0613333	0.01	0.2	84.1395	76.109	0
0.0613333	0.01	0.2	90.1571	87.7666	0
0.0613333	0.01	0.2	96.6051	94.6985	0
0.0670111	0.01	0.2	0.103514	248.866	0
0.0670111	0.01	0.2	0.110917	247.185	0
0.0670111	0.01	0.2	0.11885	245.269	0
0.0670111	0.01	0.2	0.12735	243.086	0
0.0670111	0.01	0.2	0.136458	240.604	0
0.0670111	0.01	0.2	0.146218	237.785	0
0.0670111	0.01	0.2	0.156675	234.587	0
0.0670111	0.01	0.2	0.16788	230.968	0
0.0670111	0.01	0.2	0.179887	226.88	0
0.0670111	0.01	0.2	0.192752	222.274	0
0.0670111	0.01	0.2	0.206538	217.098	0
0.0670111	0.01	0.2	0.221309	211.301	0
0.0670111	0.01	0.2	0.237137	204.833	0
0.0670111	0.01	0.2	0.254097	197.645	0
0.0670111	0.01	0.2	0.27227	189.699	0
0.0670111	0.01	0.2	0.291743	180.964	0
0.0670111	0.01	0.2	0.312608	171.424	0
0.0670111	0.01	0.2	0.334965	161.084	0
0.0670111	0.01	0.2	0.358922	149.978	0
0.0670111	0.01	0.2	0.384592	138.169	0
0.0670111	0.01	0.2	0.412098	125.764	0
0.0670111	0.01	0.2	0.44157	112.916	0
0.0670111	0.01	0.2	0.473151	99.8302	0
0.0670111	0.01	0.2	0.506991	86.7653	0
0.0670111	0.01	0.2	0.54325	74.0341	0
0.0670111	0.01	0.2	0.582103	61.9954	0
0.0670111	0.01	0.2	0.623735	51.0413	0
0.0670111	0.01	0.2	0.668344	41.5775	0
0.0670111	0.01	0.2	0.716143	33.9976	0
0.0670111	0.01	0.2	0.767361	28.6529	0
0.0670111	0.01	0.2	0.822243	25.8226	0
0.0670111	0.01	0.2	0.881049	25.6853	0
0.0670111	0.01	0.2	0.944061	28.2981	0
0.0670111	0.01	0.2	1.01158	33.5832	0
0.0670111	0.01	0.2	1.08393	41.3198	0
0.0670111	0.01	0.2	1.16145	51.1385	0
0.0670111	0.01	0.2	1.24451	62.5167	0
0.0670111	0.01	0.2	1.33352	74.7791	0
0.0670111	0.01	0.2	1.42889	87.126	0
0.0670111	0.01	0.2	1.53109	98.7138	0
0.0670111	0.01	0.2	1.64059	108.805	0
0.0670111	0.01	0.2	1.75792	116.956	0
0.0670111	0.01	0.2	1.88365	123.149	0
0.0670111	0.01	0.2	2.01837	127.78	0
0.0670111	0.01	0.2	2.16272	131.487	0
0.0670111	0.01	0.2	2.31739	134.963	0
0.0670111	0.01	0.2	2.48313	138.898	0
0.0670111	0.01	0.2	2.66073	144.023	0
0.0670111	0.01	0.2	2.85102	150.977	0
0.0670111	0.01	0.2	3.05492	159.869	0
0.0670111	0.01	0.2	3.27341	169.946	0
0.0670111	0.01	0.2	3.50752	179.996	0
0.0670111	0.01	0.2	3.75837	189.107	0
0.0670111	0.01	0.2	4.02717	196.629	0
0.0670111	0.01	0.2	4.31519	202.415	0
0.0670111	0.01	0.2	4.62381	208.082	0
0.0670111	0.01	0.2	4.9545	215.672	0
0.0670111	0.01	0.2	5.30884	225.197	0
0.0670111	0.01	0.2	5.68853	235.576	0
0.0670111	0.01	0.2	6.09537	246.491	0
0.0670111	0.01	0.2	6.53131	261.123	0
0.0670111	0.01	0.2	6.99842	280.832	0
0.0670111	0.01	0.2	7.49894	298.964	0
0.0670111	0.01	0.2	8.03526	304.905	0
0.0670111	0.01	0.2	8.60994	296.389	0
0.0670111	0.01	0.2	9.22571	273.281	0
0.0670111	0.01	0.2	9.88553	241.585	0
0.0670111	0.01	0.2	10.5925	214.593	0
0.0670111	0.01	0.2	11.3501	191.964	0
0.0670111	0.01	0.2	12.1619	176.933	0
0.0670111	0.01	0.2	13.0317	172.305	0
0.0670111	0.01	0.2	13.9637	176.227	0
0.0670111	0.01	0.2	14.9624	177.415	0
0.0670111	0.01	0.2	16.0325	174.792	0
0.0670111	0.01	0.2	17.1791	177.368	0
0.0670111	0.01	0.2	18.4077	186.047	0
0.0670111	0.01	0.2	19.7242	189.199	0
0.0670111	0.01	0.2	21.1349	183.473	0
0.0670111	0.01	0.2	22.6464	165.924	0
0.0670111	0.01	0.2	24.2661	146.184	0
0.0670111	0.01	0.2	26.0016	134.771	0
0.0670111	0.01	0.2	27.8612	133.09	0
0.0670111	0.01	0.2	29.8538	137.495	0
0.0670111	0.01	0.2	31.989	151.272	0
0.0670111	0.01	0.2	34.2768	169.19	0
0.0670111	0.01	0.2	36.7282	191.031	0
0.0670111	0.01	0.2	39.355	212.371	0
0.0670111	0.01	0.2	42.1697	218.964	0
0.0670111	0.01	0.2	45.1856	218.699	0
0.0670111	0.01	0.2	48.4172	218.044	0
0.0670111	0.01	0.2	51.88	211.17	0
0.0670111	0.01	0.2	55.5904	192.885	0
0.0670111	0.01	0.2	59.5662	159.434	0
0.0670111	0.01	0.2	63.8263	139.125	0
0.0670111	0.01	0.2	68.3912	135.306	0
0.0670111	0.01	0.2	73.2825	130.13	0
0.0670111	0.01	0.2	78.5236	118.56	0
0.0670111	0.01	0.2	84.1395	120.267	0
0.0670111	0.01	0.2	90.1571	133.135	0
0.0670111	0.01	0.2	96.6051	140.65	0
0.0732147	0.01	0.2	0.103514	247.811	0
0.0732147	0.01	0.2	0.110917	245.98	0
0.0732147	0.01	0.2	0.11885	243.894	0
0.0732147	0.01	0.2	0.12735	241.519	0
0.0732147	0.01	0.2	0.136458	238.819	0
0.0732147	0.01	0.2	0.146218	235.755	0
0.0732147	0.01	0.2	0.156675	232.282	0
0.0732147	0.01	0.2	0.16788	228.354	0
0.0732147	0.01	0.2	0.179887	223.922	0
0.0732147	0.01	0.2	0.192752	218.933	0
0.0732147	0.01	0.2	0.206538	213.334	0
0.0732147	0.01	0.2	0.221309	207.073	0
0.0732147	0.01	0.2	0.237137	200.099	0
0.0732147	0.01	0.2	0.254097	192.366	0
0.0732147	0.01	0.2	0.27227	183.838	0
0.0732147	0.01	0.2	0.291743	174.489	0
0.0732147	0.01	0.2	0.312608	164.316	0
0.0732147	0.01	0.2	0.334965	153.335	0
0.0732147	0.01	0.2	0.358922	141.6	0
0.0732147	0.01	0.2	0.384592	129.199	0
0.0732147	0.01	0.2	0.412098	116.272	0
0.0732147	0.01	0.2	0.44157	103.01	0
0.0732147	0.01	0.2	0.473151	89.6668	0
0.0732147	0.01	0.2	0.506991	76.5564	0
0.0732147	0.01	0.2	0.54325	64.0522	0
0.0732147	0.01	0.2	0.582103	52.5782	0
0.0732147	0.01	0.2	0.623735	42.5922	0
0.0732147	0.01	0.2	0.668344	34.5618	0
0.0732147	0.01	0.2	0.716143	28.9335	0
0.0732147	0.01	0.2	0.767361	26.097	0
0.0732147	0.01	0.2	0.822243	26.3496	0
0.0732147	0.01	0.2	0.881049	29.8639	0
0.0732147	0.01	0.2	0.944061	36.6642	0
0.0732147	0.01	0.2	1.01158	46.6107	0
0.0732147	0.01	0.2	1.08393	59.3906	0
0.0732147	0.01	0.2	1.16145	74.5105	0
0.0732147	0.01	0.2	1.24451	91.2879	0
0.0732147	0.01	0.2	1.33352	108.852	0
0.0732147	0.01	0.2	1.42889	126.177	0
0.0732147	0.01	0.2	1.53109	142.185	0
0.0732147	0.01	0.2	1.64059	155.943	0
0.0732147	0.01	0.2	1.75792	166.895	0
0.0732147	0.01	0.2	1.88365	175.045	0
0.0732147	0.01	0.2	2.01837	180.93	0
0.0732147	0.01	0.2	2.16272	185.415	0
0.0732147	0.01	0.2	2.31739	189.455	0
0.0732147	0.01	0.2	2.48313	194.047	0
0.0732147	0.01	0.2	2.66073	200.306	0
0.0732147	0.01	0.2	2.85102	209.264	0
0.0732147	0.01	0.2	3.05492	221.182	0
0.0732147	0.01	0.2	3.27341	234.984	0
0.0732147	0.01	0.2	3.50752	248.783	0
0.0732147	0.01	0.2	3.75837	261.045	0
0.0732147	0.01	0.2	4.02717	270.791	0
0.0732147	0.01	0.2	4.31519	278.06	0
0.0732147	0.01	0.2	4.62381	285.454	0
0.0732147	0.01	0.2	4.9545	295.927	0
0.0732147	0.01	0.2	5.30884	309.279	0
0.0732147	0.01	0.2	5.68853	323.619	0
0.0732147	0.01	0.2	6.09537	338.207	0
0.0732147	0.01	0.2	6.53131	357.123	0
0.0732147	0.01	0.2	6.99842	381.882	0
0.0732147	0.01	0.2	7.49894	403.812	0
0.0732147	0.01	0.2	8.03526	410.168	0
0.0732147	0.01	0.2	8.60994	398.996	0
0.0732147	0.01	0.2	9.22571	370.18	0
0.0732147	0.01	0.2	9.88553	330.803	0
0.0732147	0.01	0.2	10.5925	297.168	0
0.0732147	0.01	0.2	11.3501	268.014	0
0.0732147	0.01	0.2	12.1619	247.139	0
0.0732147	0.01	0.2	13.0317	238.765	0
0.0732147	0.01	0.2	13.9637	242.448	0
0.0732147	0.01	0.2	14.9624	245.006	0
0.0732147	0.01	0.2	16.0325	243.947	0
0.0732147	0.01	0.2	17.1791	248.826	0
0.0732147	0.01	0.2	18.4077	259.993	0
0.0732147	0.01	0.2	19.7242	263.616	0
0.0732147	0.01	0.2	21.1349	256.47	0
0.0732147	0.01	0.2	22.6464	234.217	0
0.0732147	0.01	0.2	24.2661	208.99	0
0.0732147	0.01	0.2	26.0016	193.564	0
0.0732147	0.01	0.2	27.8612	190.452	0
0.0732147	0.01	0.2	29.8538	195.68	0
0.0732147	0.01	0.2	31.989	212.397	0
0.0732147	0.01	0.2	34.2768	235.251	0
0.0732147	0.01	0.2	36.7282	263.365	0
0.0732147	0.01	0.2	39.355	289.318	0
0.0732147	0.01	0.2	42.1697	296.881	0
0.0732147	0.01	0.2	45.1856	294.508	0
0.0732147	0.01	0.2	48.4172	292.416	0
0.0732147	0.01	0.2	51.88	284.818	0
0.0732147	0.01	0.2	55.5904	263.302	0
0.0732147	0.01	0.2	59.5662	224.184	0
0.0732147	0.01	0.2	63.8263	200.522	0
0.0732147	0.01	0.2	68.3912	196.767	0
0.0732147	0.01	0.2	73.2825	191.868	0
0.0732147	0.01	0.2	78.5236	178.595	0
0.0732147	0.01	0.2	84.1395	180.209	0
0.0732147	0.01	0.2	90.1571	194.445	0
0.0732147	0.01	0.2	96.6051	202.575	0
0.0799925	0.01	0.2	0.103514	246.661	0
0.0799925	0.01	0.2	0.110917	244.668	0
0.0799925	0.01	0.2	0.11885	242.397	0
0.0799925	0.01	0.2	0.12735	239.814	0
0.0799925	0.01	0.2	0.136458	236.879	0
0.0799925	0.01	0.2	0.146218	233.55	0
0.0799925	0.01	0.2	0.156675	229.779	0
0.0799925	0.01	0.2	0.16788	225.519	0
0.0799925	0.01	0.2	0.179887	220.716	0
0.0799925	0.01	0.2	0.192752	215.317	0
0.0799925	0.01	0.2	0.206538	209.267	0
0.0799925	0.01	0.2	0.221309	202.513	0
0.0799925	0.01	0.2	0.237137	195.004	0
0.0799925	0.01	0.2	0.254097	186.697	0
0.0799925	0.01	0.2	0.27227	177.561	0
0.0799925	0.01	0.2	0.291743	167.58	0
0.0799925	0.01	0.2	0.312608	156.761	0
0.0799925	0.01	0.2	0.334965	145.14	0
0.0799925	0.01	0.2	0.358922	132.793	0
0.0799925	0.01	0.2	0.384592	119.841	0
0.0799925	0.01	0.2	0.412098	106.461	0
0.0799925	0.01	0.2	0.44157	92.8949	0
0.0799925	0.01	0.2	0.473151	79.4525	0
0.0799925	0.01	0.2	0.506991	66.5137	0
0.0799925	0.01	0.2	0.54325	54.5253	0
0.0799925	0.01	0.2	0.582103	43.9882	0
0.0799925	0.01	0.2	0.623735	35.4376	0
0.0799925	0.01	0.2	0.668344	29.4134	0
0.0799925	0.01	0.2	0.716143	26.4228	0
0.0799925	0.01	0.2	0.767361	26.8983	0
0.0799925	0.01	0.2	0.822243	31.1552	0
0.0799925	0.01	0.2	0.881049	39.3555	0
0.0799925	0.01	0.2	0.944061	51.4796	0
0.0799925	0.01	0.2	1.01158	67.3095	0
0.0799925	0.01	0.2	1.08393	86.4177	0
0.0799925	0.01	0.2	1.16145	108.158	0
0.0799925	0.01	0.2	1.24451	131.651	0
0.0799925	0.01	0.2	1.33352	155.789	0
0.0799925	0.01	0.2	1.42889	179.268	0
0.0799925	0.01	0.2	1.53109	200.731	0
0.0799925	0.01	0.2	1.64059	219.001	0
0.0799925	0.01	0.2	1.75792	233.395	0
0.0799925	0.01	0.2	1.88365	243.942	0
0.0799925	0.01	0.2	2.01837	251.361	0
0.0799925	0.01	0.2	2.16272	256.795	0
0.0799925	0.01	0.2	2.31739	261.519	0
0.0799925	0.01	0.2	2.48313	266.909	0
0.0799925	0.01	0.2	2.66073	274.554	0
0.0799925	0.01	0.2	2.85102	285.968	0
0.0799925	0.01	0.2	3.05492	301.606	0
0.0799925	0.01	0.2	3.27341	319.996	0
0.0799925	0.01	0.2	3.50752	338.43	0
0.0799925	0.01	0.2	3.75837	354.621	0
0.0799925	0.01	0.2	4.02717	367.189	0
0.0799925	0.01	0.2	4.31519	376.397	0
0.0799925	0.01	0.2	4.62381	386.036	0
0.0799925	0.01	0.2	4.9545	400.138	0
0.0799925	0.01	0.2	5.30884	418.221	0
0.0799925	0.01	0.2	5.68853	437.392	0
0.0799925	0.01	0.2	6.09537	456.416	0
0.0799925	0.01	0.2	6.53131	480.511	0
0.0799925	0.01	0.2	6.99842	511.385	0
0.0799925	0.01	0.2	7.49894	537.891	0
0.0799925	0.01	0.2	8.03526	544.682	0
0.0799925	0.01	0.2	8.60994	530.235	0
0.0799925	0.01	0.2	9.22571	494.495	0
0.0799925	0.01	0.2	9.88553	445.834	0
0.0799925	0.01	0.2	10.5925	404.154	0
0.0799925	0.01	0.2	11.3501	366.997	0
0.0799925	0.01	0.2	12.1619	338.868	0
0.0799925	0.01	0.2	13.0317	325.808	0
0.0799925	0.01	0.2	13.9637	329.157	0
0.0799925	0.01	0.2	14.9624	333.402	0
0.0799925	0.01	0.2	16.0325	334.278	0
0.0799925	0.01	0.2	17.1791	341.97	0
0.0799925	0.01	0.2	18.4077	356.153	0
0.0799925	0.01	0.2	19.7242	360.346	0
0.0799925	0.01	0.2	21.1349	351.521	0
0.0799925	0.01	0.2	22.6464	323.581	0
0.0799925	0.01	0.2	24.2661	291.641	0
0.0799925	0.01	0.2	26.0016	271.24	0
0.0799925	0.01	0.2	27.8612	266.326	0
0.0799925	0.01	0.2	29.8538	272.575	0
0.0799925	0.01	0.2	31.989	292.895	0
0.0799925	0.01	0.2	34.2768	321.693	0
0.0799925	0.01	0.2	36.7282	357.3	0
0.0799925	0.01	0.2	39.355	388.727	0
0.0799925	0.01	0.2	42.1697	397.402	0
0.0799925	0.01	0.2	45.1856	392.469	0
0.0799925	0.01	0.2	48.4172	388.574	0
0.0799925	0.01	0.2	51.88	380.038	0
0.0799925	0.01	0.2	55.5904	354.725	0
0.0799925	0.01	0.2	59.5662	309.015	0
0.0799925	0.01	0.2	63.8263	281.513	0
0.0799925	0.01	0.2	68.3912	277.888	0
0.0799925	0.01	0.2	73.2825	273.364	0
0.0799925	0.01	0.2	78.5236	258.093	0
0.0799925	0.01	0.2	84.1395	259.606	0
0.0799925	0.01	0.2	90.1571	275.393	0
0.0799925	0.01	0.2	96.6051	284.172	0
0.0873977	0.01	0.2	0.103514	245.41	0
0.0873977	0.01	0.2	0.110917	243.24	0
0.0873977	0.01	0.2	0.11885	240.77	0
0.0873977	0.01	0.2	0.12735	237.96	0
0.0873977	0.01	0.2	0.136458	234.771	0
0.0873977	0.01	0.2	0.146218	231.155	0
0.0873977	0.01	0.2	0.156675	227.064	0
0.0873977	0.01	0.2	0.16788	222.446	0
0.0873977	0.01	0.2	0.179887	217.247	0
0.0873977	0.01	0.2	0.192752	211.409	0
0.0873977	0.01	0.2	0.206538	204.878	0
0.0873977	0.01	0.2	0.221309	197.6	0
0.0873977	0.01	0.2	0.237137	189.528	0
0.0873977	0.01	0.2	0.254097	180.621	0
0.0873977	0.01	0.2	0.27227	170.856	0
0.0873977	0.01	0.2	0.291743	160.227	0
0.0873977	0.01	0.2	0.312608	148.759	0
0.0873977	0.01	0.2	0.334965	136.51	0
0.0873977	0.01	0.2	0.358922	123.584	0
0.0873977	0.01	0.2	0.384592	110.142	0
0.0873977	0.01	0.2	0.412098	96.4097	0
0.0873977	0.01	0.2	0.44157	82.6866	0
0.0873977	0.01	0.2	0.473151	69.3517	0
0.0873977	0.01	0.2	0.506991	56.8643	0
0.0873977	0.01	0.2	0.54325	45.7579	0
0.0873977	0.01	0.2	0.582103	36.6249	0
0.0873977	0.01	0.2	0.623735	30.0918	0
0.0873977	0.01	0.2	0.668344	26.7827	0
0.0873977	0.01	0.2	0.716143	27.2747	0
0.0873977	0.01	0.2	0.767361	32.0479	0
0.0873977	0.01	0.2	0.822243	41.4357	0
0.0873977	0.01	0.2	0.881049	55.5824	0
0.0873977	0.01	0.2	0.944061	74.4115	0
0.0873977	0.01	0.2	1.01158	97.6064	0
0.0873977	0.01	0.2	1.08393	124.598	0
0.0873977	0.01	0.2	1.16145	154.551	0
0.0873977	0.01	0.2	1.24451	186.349	0
0.0873977	0.01	0.2	1.33352	218.59	0
0.0873977	0.01	0.2	1.42889	249.638	0
0.0873977	0.01	0.2	1.53109	277.791	0
0.0873977	0.01	0.2	1.64059	301.585	0
0.0873977	0.01	0.2	1.75792	320.183	0
0.0873977	0.01	0.2	1.88365	333.651	0
0.0873977	0.01	0.2	2.01837	342.933	0
0.0873977	0.01	0.2	2.16272	349.513	0
0.0873977	0.01	0.2	2.31739	355.066	0
0.0873977	0.01	0.2	2.48313	361.426	0
0.0873977	0.01	0.2	2.66073	370.764	0
0.0873977	0.01	0.2	2.85102	385.191	0
0.0873977	0.01	0.2	3.05492	405.396	0
0.0873977	0.01	0.2	3.27341	429.433	0
0.0873977	0.01	0.2	3.50752	453.589	0
0.0873977	0.01	0.2	3.75837	474.667	0
0.0873977	0.01	0.2	4.02717	490.798	0
0.0873977	0.01	0.2	4.31519	502.513	0
0.0873977	0.01	0.2	4.62381	515.029	0
0.0873977	0.01	0.2	4.9545	533.671	0
0.0873977	0.01	0.2	5.30884	557.572	0
0.0873977	0.01	0.2	5.68853	582.615	0
0.0873977	0.01	0.2	6.09537	606.989	0
0.0873977	0.01	0.2	6.53131	637.333	0
0.0873977	0.01	0.2	6.99842	675.604	0
0.0873977	0.01	0.2	7.49894	707.618	0
0.0873977	0.01	0.2	8.03526	714.87	0
0.0873977	0.01	0.2	8.60994	696.41	0
0.0873977	0.01	0.2	9.22571	652.292	0
0.0873977	0.01	0.2	9.88553	592.426	0
0.0873977	0.01	0.2	10.5925	541.014	0
0.0873977	0.01	0.2	11.3501	494.055	0
0.0873977	0.01	0.2	12.1619	456.953	0
0.0873977	0.01	0.2	13.0317	438.059	0
0.0873977	0.01	0.2	13.9637	440.95	0
0.0873977	0.01	0.2	14.9624	447.264	0
0.0873977	0.01	0.2	16.0325	450.517	0
0.0873977	0.01	0.2	17.1791	461.626	0
0.0873977	0.01	0.2	18.4077	479.447	0
0.0873977	0.01	0.2	19.7242	484.324	0
0.0873977	0.01	0.2	21.1349	473.521	0
0.0873977	0.01	0.2	22.6464	438.729	0
0.0873977	0.01	0.2	24.2661	398.616	0
0.0873977	0.01	0.2	26.0016	372.089	0
0.0873977	0.01	0.2	27.8612	364.93	0
0.0873977	0.01	0.2	29.8538	372.436	0
0.0873977	0.01	0.2	31.989	397.146	0
0.0873977	0.01	0.2	34.2768	433.078	0
0.0873977	0.01	0.2	36.7282	477.611	0
0.0873977	0.01	0.2	39.355	515.516	0
0.0873977	0.01	0.2	42.1697	525.464	0
0.0873977	0.01	0.2	45.1856	517.432	0
0.0873977	0.01	0.2	48.4172	511.295	0
0.0873977	0.01	0.2	51.88	501.557	0
0.0873977	0.01	0.2	55.5904	471.794	0
0.0873977	0.01	0.2	59.5662	418.432	0
0.0873977	0.01	0.2	63.8263	386.537	0
0.0873977	0.01	0.2	68.3912	383.121	0
0.0873977	0.01	0.2	73.2825	379.083	0
0.0873977	0.01	0.2	78.5236	361.47	0
0.0873977	0.01	0.2	84.1395	362.88	0
0.0873977	0.01	0.2	90.1571	380.435	0
0.0873977	0.01	0.2	96.6051	389.894	0
0.0954885	0.01	0.2	0.103514	244.047	0
0.0954885	0.01	0.2	0.110917	241.686	0
0.0954885	0.01	0.2	0.11885	238.999	0
0.0954885	0.01	0.2	0.12735	235.945	0
0.0954885	0.01	0.2	0.136458	232.481	0
0.0954885	0.01	0.2	0.146218	228.556	0
0.0954885	0.01	0.2	0.156675	224.121	0
0.0954885	0.01	0.2	0.16788	219.119	0
0.0954885	0.01	0.2	0.179887	213.494	0
0.0954885	0.01	0.2	0.192752	207.189	0
0.0954885	0.01	0.2	0.206538	200.147	0
0.0954885	0.01	0.2	0.221309	192.317	0
0.0954885	0.01	0.2	0.237137	183.653	0
0.0954885	0.01	0.2	0.254097	174.122	0
0.0954885	0.01	0.2	0.27227	163.71	0
0.0954885	0.01	0.2	0.291743	152.427	0
0.0954885	0.01	0.2	0.312608	140.316	0
0.0954885	0.01	0.2	0.334965	127.464	0
0.0954885	0.01	0.2	0.358922	114.014	0
0.0954885	0.01	0.2	0.384592	100.172	0
0.0954885	0.01	0.2	0.412098	86.2226	0
0.0954885	0.01	0.2	0.44157	72.5367	0
0.0954885	0.01	0.2	0.473151	59.5765	0
0.0954885	0.01	0.2	0.506991	47.8959	0
0.0954885	0.01	0.2	0.54325	38.1319	0
0.0954885	0.01	0.2	0.582103	30.9856	0
0.0954885	0.01	0.2	0.623735	27.1907	0
0.0954885	0.01	0.2	0.668344	27.4699	0
0.0954885	0.01	0.2	0.716143	32.4806	0
0.0954885	0.01	0.2	0.767361	42.7562	0
0.0954885	0.01	0.2	0.822243	58.6471	0
0.0954885	0.01	0.2	0.881049	80.2716	0
0.0954885	0.01	0.2	0.944061	107.48	0
0.0954885	0.01	0.2	1.01158	139.832	0
0.0954885	0.01	0.2	1.08393	176.584	0
0.0954885	0.01	0.2	1.16145	216.67	0
0.0954885	0.01	0.2	1.24451	258.682	0
0.0954885	0.01	0.2	1.33352	300.864	0
0.0954885	0.01	0.2	1.42889	341.174	0
0.0954885	0.01	0.2	1.53109	377.495	0
0.0954885	0.01	0.2	1.64059	408.018	0
0.0954885	0.01	0.2	1.75792	431.723	0
0.0954885	0.01	0.2	1.88365	448.729	0
0.0954885	0.01	0.2	2.01837	460.257	0
0.0954885	0.01	0.2	2.16272	468.217	0
0.0954885	0.01	0.2	2.31739	474.766	0
0.0954885	0.01	0.2	2.48313	482.307	0
0.0954885	0.01	0.2	2.66073	493.717	0
0.0954885	0.01	0.2	2.85102	511.839	0
0.0954885	0.01	0.2	3.05492	537.653	0
0.0954885	0.01	0.2	3.27341	568.632	0
0.0954885	0.01	0.2	3.50752	599.847	0
0.0954885	0.01	0.2	3.75837	626.992	0
0.0954885	0.01	0.2	4.02717	647.603	0
0.0954885	0.01	0.2	4.31519	662.526	0
0.0954885	0.01	0.2	4.62381	678.697	0
0.0954885	0.01	0.2	4.9545	702.979	0
0.0954885	0.01	0.2	5.30884	734.007	0
0.0954885	0.01	0.2	5.68853	766.171	0
0.0954885	0.01	0.2	6.09537	796.985	0
0.0954885	0.01	0.2	6.53131	834.859	0
0.0954885	0.01	0.2	6.99842	882.063	0
0.0954885	0.01	0.2	7.49894	920.707	0
0.0954885	0.01	0.2	8.03526	928.455	0
0.0954885	0.01	0.2	8.60994	905.102	0
0.0954885	0.01	0.2	9.22571	850.873	0
0.0954885	0.01	0.2	9.88553	777.502	0
0.0954885	0.01	0.2	10.5925	714.324	0
0.0954885	0.01	0.2	11.3501	655.379	0
0.0954885	0.01	0.2	12.1619	607.208	0
0.0954885	0.01	0.2	13.0317	581.075	0
0.0954885	0.01	0.2	13.9637	583.351	0
0.0954885	0.01	0.2	14.9624	592.19	0
0.0954885	0.01	0.2	16.0325	598.347	0
0.0954885	0.01	0.2	17.1791	613.582	0
0.0954885	0.01	0.2	18.4077	635.772	0
0.0954885	0.01	0.2	19.7242	641.468	0
0.0954885	0.01	0.2	21.1349	628.337	0
0.0954885	0.01	0.2	22.6464	585.315	0
0.0954885	0.01	0.2	24.2661	535.298	0
0.0954885	0.01	0.2	26.0016	501.274	0
0.0954885	0.01	0.2	27.8612	491.341	0
0.0954885	0.01	0.2	29.8538	500.385	0
0.0954885	0.01	0.2	31.989	530.419	0
0.0954885	0.01	0.2	34.2768	574.883	0
0.0954885	0.01	0.2	36.7282	630.022	0
0.0954885	0.01	0.2	39.355	675.571	0
0.0954885	0.01	0.2	42.1697	686.968	0
0.0954885	0.01	0.2	45.1856	675.201	0
0.0954885	0.01	0.2	48.4172	666.298	0
0.0954885	0.01	0.2	51.88	655.037	0
0.0954885	0.01	0.2	55.5904	620.069	0
0.0954885	0.01	0.2	59.5662	557.847	0
0.0954885	0.01	0.2	63.8263	520.937	0
0.0954885	0.01	0.2	68.3912	517.821	0
0.0954885	0.01	0.2	73.2825	514.392	0
0.0954885	0.01	0.2	78.5236	494.033	0
0.0954885	0.01	0.2	84.1395	495.35	0
0.0954885	0.01	0.2	90.1571	514.927	0
0.0954885	0.01	0.2	96.6051	525.098	0
0.104328	0.01	0.2	0.103514	242.565	0
0.104328	0.01	0.2	0.110917	239.996	0
0.104328	0.01	0.2	0.11885	237.074	0
0.104328	0.01	0.2	0.12735	233.757	0
0.104328	0.01	0.2	0.136458	229.995	0
0.104328	0.01	0.2	0.146218	225.738	0
0.104328	0.01	0.2	0.156675	220.932	0
0.104328	0.01	0.2	0.16788	215.518	0
0.104328	0.01	0.2	0.179887	209.44	0
0.104328	0.01	0.2	0.192752	202.637	0
0.104328	0.01	0.2	0.206538	195.055	0
0.104328	0.01	0.2	0.221309	186.644	0
0.104328	0.01	0.2	0.237137	177.363	0
0.104328	0.01	0.2	0.254097	167.189	0
0.104328	0.01	0.2	0.27227	156.119	0
0.104328	0.01	0.2	0.291743	144.182	0
0.104328	0.01	0.2	0.312608	131.448	0
0.104328	0.01	0.2	0.334965	118.039	0
0.104328	0.01	0.2	0.358922	104.143	0
0.104328	0.01	0.2	0.384592	90.0239	0
0.104328	0.01	0.2	0.412098	76.0379	0
0.104328	0.01	0.2	0.44157	62.6411	0
0.104328	0.01	0.2	0.473151	50.396	0
0.104328	0.01	0.2	0.506991	39.9698	0
0.104328	0.01	0.2	0.54325	32.123	0
0.104328	0.01	0.2	0.582103	27.6853	0
0.104328	0.01	0.2	0.623735	27.5168	0
0.104328	0.01	0.2	0.668344	32.4552	0
0.104328	0.01	0.2	0.716143	43.2508	0
0.104328	0.01	0.2	0.767361	60.496	0
0.104328	0.01	0.2	0.822243	84.5566	0
0.104328	0.01	0.2	0.881049	115.514	0
0.104328	0.01	0.2	0.944061	153.126	0
0.104328	0.01	0.2	1.01158	196.799	0
0.104328	0.01	0.2	1.08393	245.572	0
0.104328	0.01	0.2	1.16145	298.099	0
0.104328	0.01	0.2	1.24451	352.616	0
0.104328	0.01	0.2	1.33352	406.938	0
0.104328	0.01	0.2	1.42889	458.533	0
0.104328	0.01	0.2	1.53109	504.785	0
0.104328	0.01	0.2	1.64059	543.468	0
0.104328	0.01	0.2	1.75792	573.349	0
0.104328	0.01	0.2	1.88365	594.616	0
0.104328	0.01	0.2	2.01837	608.84	0
0.104328	0.01	0.2	2.16272	618.447	0
0.104328	0.01	0.2	2.31739	626.193	0
0.104328	0.01	0.2	2.48313	635.169	0
0.104328	0.01	0.2	2.66073	649.118	0
0.104328	0.01	0.2	2.85102	671.773	0
0.104328	0.01	0.2	3.05492	704.472	0
0.104328	0.01	0.2	3.27341	743.986	0
0.104328	0.01	0.2	3.50752	783.9	0
0.104328	0.01	0.2	3.75837	818.565	0
0.104328	0.01	0.2	4.02717	844.791	0
0.104328	0.01	0.2	4.31519	863.791	0
0.104328	0.01	0.2	4.62381	884.57	0
0.104328	0.01	0.2	4.9545	915.824	0
0.104328	0.01	0.2	5.30884	955.551	0
0.104328	0.01	0.2	5.68853	996.324	0
0.104328	0.01	0.2	6.09537	1034.88	0
0.104328	0.01	0.2	6.53131	1081.81	0
0.104328	0.01	0.2	6.99842	1139.79	0
0.104328	0.01	0.2	7.49894	1186.42	0
0.104328	0.01	0.2	8.03526	1194.71	0
0.104328	0.01	0.2	8.60994	1165.42	0
0.104328	0.01	0.2	9.22571	1099.02	0
0.104328	0.01	0.2	9.88553	1009.39	0
0.104328	0.01	0.2	10.5925	931.992	0
0.104328	0.01	0.2	11.3501	858.408	0
0.104328	0.01	0.2	12.1619	796.609	0
0.104328	0.01	0.2	13.0317	761.524	0
0.104328	0.01	0.2	13.9637	762.983	0
0.104328	0.01	0.2	14.9624	774.893	0
0.104328	0.01	0.2	16.0325	784.577	0
0.104328	0.01	0.2	17.1791	804.771	0
0.104328	0.01	0.2	18.4077	832.187	0
0.104328	0.01	0.2	19.7242	838.852	0
0.104328	0.01	0.2	21.1349	822.993	0
0.104328	0.01	0.2	22.6464	770.119	0
0.104328	0.01	0.2	24.2661	708.143	0
0.104328	0.01	0.2	26.0016	664.996	0
0.104328	0.01	0.2	27.8612	651.664	0
0.104328	0.01	0.2	29.8538	662.581	0
0.104328	0.01	0.2	31.989	699.038	0
0.104328	0.01	0.2	34.2768	753.674	0
0.104328	0.01	0.2	36.7282	821.379	0
0.104328	0.01	0.2	39.355	875.922	0
0.104328	0.01	0.2	42.1697	888.961	0
0.104328	0.01	0.2	45.1856	872.71	0
0.104328	0.01	0.2	48.4172	860.414	0
0.104328	0.01	0.2	51.88	847.239	0
0.104328	0.01	0.2	55.5904	806.202	0
0.104328	0.01	0.2	59.5662	733.745	0
0.104328	0.01	0.2	63.8263	691.125	0
0.104328	0.01	0.2	68.3912	688.415	0
0.104328	0.01	0.2	73.2825	685.727	0
0.104328	0.01	0.2	78.5236	662.149	0
0.104328	0.01	0.2	84.1395	663.4	0
0.104328	0.01	0.2	90.1571	685.304	0
0.104328	0.01	0.2	96.6051	696.214	0
0.113986	0.01	0.2	0.103514	240.951	0
0.113986	0.01	0.2	0.110917	238.158	0
0.113986	0.01	0.2	0.11885	234.983	0
0.113986	0.01	0.2	0.12735	231.38	0
0.113986	0.01	0.2	0.136458	227.298	0
0.113986	0.01	0.2	0.146218	222.684	0
0.113986	0.01	0.2	0.156675	217.48	0
0.113986	0.01	0.2	0.16788	211.627	0
0.113986	0.01	0.2	0.179887	205.065	0
0.113986	0.01	0.2	0.192752	197.735	0
0.113986	0.01	0.2	0.206538	189.584	0
0.113986	0.01	0.2	0.221309	180.565	0
0.113986	0.01	0.2	0.237137	170.645	0
0.113986	0.01	0.2	0.254097	159.812	0
0.113986	0.01	0.2	0.27227	148.081	0
0.113986	0.01	0.2	0.291743	135.504	0
0.113986	0.01	0.2	0.312608	122.184	0
0.113986	0.01	0.2	0.334965	108.287	0
0.113986	0.01	0.2	0.358922	94.0544	0
0.113986	0.01	0.2	0.384592	79.8233	0
0.113986	0.01	0.2	0.412098	66.0352	0
0.113986	0.01	0.2	0.44157	53.2497	0
0.113986	0.01	0.2	0.473151	42.1494	0
0.113986	0.01	0.2	0.506991	33.5372	0
0.113986	0.01	0.2	0.54325	28.3204	0
0.113986	0.01	0.2	0.582103	27.4812	0
0.113986	0.01	0.2	0.623735	32.0287	0
0.113986	0.01	0.2	0.668344	42.935	0
0.113986	0.01	0.2	0.716143	61.0574	0
0.113986	0.01	0.2	0.767361	87.054	0
0.113986	0.01	0.2	0.822243	121.303	0
0.113986	0.01	0.2	0.881049	163.838	0
0.113986	0.01	0.2	0.944061	214.294	0
0.113986	0.01	0.2	1.01158	271.891	0
0.113986	0.01	0.2	1.08393	335.403	0
0.113986	0.01	0.2	1.16145	403.139	0
0.113986	0.01	0.2	1.24451	472.906	0
0.113986	0.01	0.2	1.33352	541.996	0
0.113986	0.01	0.2	1.42889	607.289	0
0.113986	0.01	0.2	1.53109	665.565	0
0.113986	0.01	0.2	1.64059	714.103	0
0.113986	0.01	0.2	1.75792	751.417	0
0.113986	0.01	0.2	1.88365	777.793	0
0.113986	0.01	0.2	2.01837	795.23	0
0.113986	0.01	0.2	2.16272	806.795	0
0.113986	0.01	0.2	2.31739	815.972	0
0.113986	0.01	0.2	2.48313	826.693	0
0.113986	0.01	0.2	2.66073	843.757	0
0.113986	0.01	0.2	2.85102	871.978	0
0.113986	0.01	0.2	3.05492	913.133	0
0.113986	0.01	0.2	3.27341	963.135	0
0.113986	0.01	0.2	3.50752	1013.77	0
0.113986	0.01	0.2	3.75837	1057.75	0
0.113986	0.01	0.2	4.02717	1090.99	0
0.113986	0.01	0.2	4.31519	1115.14	0
0.113986	0.01	0.2	4.62381	1141.69	0
0.113986	0.01	0.2	4.9545	1181.53	0
0.113986	0.01	0.2	5.30884	1231.84	0
0.113986	0.01	0.2	5.68853	1283	0
0.113986	0.01	0.2	6.09537	1330.83	0
0.113986	0.01	0.2	6.53131	1388.65	0
0.113986	0.01	0.2	6.99842	1459.62	0
0.113986	0.01	0.2	7.49894	1515.84	0
0.113986	0.01	0.2	8.03526	1524.75	0
0.113986	0.01	0.2	8.60994	1488.3	0
0.113986	0.01	0.2	9.22571	1407.27	0
0.113986	0.01	0.2	9.88553	1298.1	0
0.113986	0.01	0.2	10.5925	1203.53	0
0.113986	0.01	0.2	11.3501	1112.08	0
0.113986	0.01	0.2	12.1619	1033.53	0
0.113986	0.01	0.2	13.0317	987.394	0
0.113986	0.01	0.2	13.9637	987.781	0
0.113986	0.01	0.2	14.9624	1003.41	0
0.113986	0.01	0.2	16.0325	1017.36	0
0.113986	0.01	0.2	17.1791	1043.49	0
0.113986	0.01	0.2	18.4077	1077.12	0
0.113986	0.01	0.2	19.7242	1084.93	0
0.113986	0.01	0.2	21.1349	1065.88	0
0.113986	0.01	0.2	22.6464	1001.25	0
0.113986	0.01	0.2	24.2661	924.89	0
0.113986	0.01	0.2	26.0016	870.696	0
0.113986	0.01	0.2	27.8612	853.23	0
0.113986	0.01	0.2	29.8538	866.415	0
0.113986	0.01	0.2	31.989	910.587	0
0.113986	0.01	0.2	34.2768	977.31	0
0.113986	0.01	0.2	36.7282	1059.86	0
0.113986	0.01	0.2	39.355	1124.95	0
0.113986	0.01	0.2	42.1697	1139.84	0
0.113986	0.01	0.2	45.1856	1118.23	0
0.113986	0.01	0.2	48.4172	1101.79	0
0.113986	0.01	0.2	51.88	1086.23	0
0.113986	0.01	0.2	55.5904	1038.13	0
0.113986	0.01	0.2	59.5662	953.892	0
0.113986	0.01	0.2	63.8263	904.791	0
0.113986	0.01	0.2	68.3912	902.607	0
0.113986	0.01	0.2	73.2825	900.797	0
0.113986	0.01	0.2	78.5236	873.449	0
0.113986	0.01	0.2	84.1395	874.685	0
0.113986	0.01	0.2	90.1571	899.277	0
0.113986	0.01	0.2	96.6051	910.951	0
0.124539	0.01	0.2	0.103514	239.197	0
0.124539	0.01	0.2	0.110917	236.161	0
0.124539	0.01	0.2	0.11885	232.712	0
0.124539	0.01	0.2	0.12735	228.801	0
0.124539	0.01	0.2	0.136458	224.375	0
0.124539	0.01	0.2	0.146218	219.377	0
0.124539	0.01	0.2	0.156675	213.747	0
0.124539	0.01	0.2	0.16788	207.425	0
0.124539	0.01	0.2	0.179887	200.349	0
0.124539	0.01	0.2	0.192752	192.463	0
0.124539	0.01	0.2	0.206538	183.714	0
0.124539	0.01	0.2	0.221309	174.063	0
0.124539	0.01	0.2	0.237137	163.488	0
0.124539	0.01	0.2	0.254097	151.989	0
0.124539	0.01	0.2	0.27227	139.604	0
0.124539	0.01	0.2	0.291743	126.415	0
0.124539	0.01	0.2	0.312608	112.567	0
0.124539	0.01	0.2	0.334965	98.2783	0
0.124539	0.01	0.2	0.358922	83.8598	0
0.124539	0.01	0.2	0.384592	69.7328	0
0.124539	0.01	0.2	0.412098	56.444	0
0.124539	0.01	0.2	0.44157	44.6775	0
0.124539	0.01	0.2	0.473151	35.2602	0
0.124539	0.01	0.2	0.506991	29.1567	0
0.124539	0.01	0.2	0.54325	27.4494	0
0.124539	0.01	0.2	0.582103	31.3011	0
0.124539	0.01	0.2	0.623735	41.8965	0
0.124539	0.01	0.2	0.668344	60.3648	0
0.124539	0.01	0.2	0.716143	87.6864	0
0.124539	0.01	0.2	0.767361	124.593	0
0.124539	0.01	0.2	0.822243	171.471	0
0.124539	0.01	0.2	0.881049	228.286	0
0.124539	0.01	0.2	0.944061	294.527	0
0.124539	0.01	0.2	1.01158	369.176	0
0.124539	0.01	0.2	1.08393	450.686	0
0.124539	0.01	0.2	1.16145	536.945	0
0.124539	0.01	0.2	1.24451	625.239	0
0.124539	0.01	0.2	1.33352	712.233	0
0.124539	0.01	0.2	1.42889	794.091	0
0.124539	0.01	0.2	1.53109	866.874	0
0.124539	0.01	0.2	1.64059	927.267	0
0.124539	0.01	0.2	1.75792	973.491	0
0.124539	0.01	0.2	1.88365	1005.96	0
0.124539	0.01	0.2	2.01837	1027.21	0
0.124539	0.01	0.2	2.16272	1041.09	0
0.124539	0.01	0.2	2.31739	1051.97	0
0.124539	0.01	0.2	2.48313	1064.81	0
0.124539	0.01	0.2	2.66073	1085.7	0
0.124539	0.01	0.2	2.85102	1120.76	0
0.124539	0.01	0.2	3.05492	1172.31	0
0.124539	0.01	0.2	3.27341	1235.2	0
0.124539	0.01	0.2	3.50752	1299.04	0
0.124539	0.01	0.2	3.75837	1354.54	0
0.124539	0.01	0.2	4.02717	1396.54	0
0.124539	0.01	0.2	4.31519	1427.18	0
0.124539	0.01	0.2	4.62381	1460.93	0
0.124539	0.01	0.2	4.9545	1511.28	0
0.124539	0.01	0.2	5.30884	1574.42	0
0.124539	0.01	0.2	5.68853	1638.07	0
0.124539	0.01	0.2	6.09537	1697.02	0
0.124539	0.01	0.2	6.53131	1767.91	0
0.124539	0.01	0.2	6.99842	1854.5	0
0.124539	0.01	0.2	7.49894	1922.28	0
0.124539	0.01	0.2	8.03526	1931.9	0
0.124539	0.01	0.2	8.60994	1886.86	0
0.124539	0.01	0.2	9.22571	1788.3	0
0.124539	0.01	0.2	9.88553	1655.66	0
0.124539	0.01	0.2	10.5925	1540.34	0
0.124539	0.01	0.2	11.3501	1427.1	0
0.124539	0.01	0.2	12.1619	1327.99	0
0.124539	0.01	0.2	13.0317	1268.24	0
0.124539	0.01	0.2	13.9637	1267.23	0
0.124539	0.01	0.2	14.9624	1287.36	0
0.124539	0.01	0.2	16.0325	1306.43	0
0.124539	0.01	0.2	17.1791	1339.63	0
0.124539	0.01	0.2	18.4077	1380.65	0
0.124539	0.01	0.2	19.7242	1389.79	0
0.124539	0.01	0.2	21.1349	1367.02	0
0.124539	0.01	0.2	22.6464	1288.39	0
0.124539	0.01	0.2	24.2661	1194.79	0
0.124539	0.01	0.2	26.0016	1127.29	0
0.124539	0.01	0.2	27.8612	1104.83	0
0.124539	0.01	0.2	29.8538	1120.75	0
0.124539	0.01	0.2	31.989	1174.15	0
0.124539	0.01	0.2	34.2768	1255.18	0
0.124539	0.01	0.2	36.7282	1355.22	0
0.124539	0.01	0.2	39.355	1432.63	0
0.124539	0.01	0.2	42.1697	1449.59	0
0.124539	0.01	0.2	45.1856	1421.59	0
0.124539	0.01	0.2	48.4172	1400.12	0
0.124539	0.01	0.2	51.88	1381.61	0
0.124539	0.01	0.2	55.5904	1325.33	0
0.124539	0.01	0.2	59.5662	1227.57	0
0.124539	0.01	0.2	63.8263	1171.14	0
0.124539	0.01	0.2	68.3912	1169.62	0
0.124539	0.01	0.2	73.2825	1168.82	0
0.124539	0.01	0.2	78.5236	1137.06	0
0.124539	0.01	0.2	84.1395	1138.37	0
0.124539	0.01	0.2	90.1571	1166.08	0
0.124539	0.01	0.2	96.6051	1178.54	0
0.136068	0.01	0.2	0.103514	237.291	0
0.136068	0.01	0.2	0.110917	233.991	0
0.136068	0.01	0.2	0.11885	230.247	0
0.136068	0.01	0.2	0.12735	226.005	0
0.136068	0.01	0.2	0.136458	221.208	0
0.136068	0.01	0.2	0.146218	215.799	0
0.136068	0.01	0.2	0.156675	209.714	0
0.136068	0.01	0.2	0.16788	202.893	0
0.136068	0.01	0.2	0.179887	195.274	0
0.136068	0.01	0.2	0.192752	186.802	0
0.136068	0.01	0.2	0.206538	177.431	0
0.136068	0.01	0.2	0.221309	167.128	0
0.136068	0.01	0.2	0.237137	155.885	0
0.136068	0.01	0.2	0.254097	143.722	0
0.136068	0.01	0.2	0.27227	130.704	0
0.136068	0.01	0.2	0.291743	116.953	0
0.136068	0.01	0.2	0.312608	102.661	0
0.136068	0.01	0.2	0.334965	88.1136	0
0.136068	0.01	0.2	0.358922	73.7056	0
0.136068	0.01	0.2	0.384592	59.9618	0
0.136068	0.01	0.2	0.412098	47.555	0
0.136068	0.01	0.2	0.44157	37.319	0
0.136068	0.01	0.2	0.473151	30.2538	0
0.136068	0.01	0.2	0.506991	27.5171	0
0.136068	0.01	0.2	0.54325	30.3997	0
0.136068	0.01	0.2	0.582103	40.2779	0
0.136068	0.01	0.2	0.623735	58.5437	0
0.136068	0.01	0.2	0.668344	86.5098	0
0.136068	0.01	0.2	0.716143	125.298	0
0.136068	0.01	0.2	0.767361	175.722	0
0.136068	0.01	0.2	0.822243	238.171	0
0.136068	0.01	0.2	0.881049	312.522	0
0.136068	0.01	0.2	0.944061	398.078	0
0.136068	0.01	0.2	1.01158	493.532	0
0.136068	0.01	0.2	1.08393	596.939	0
0.136068	0.01	0.2	1.16145	705.682	0
0.136068	0.01	0.2	1.24451	816.413	0
0.136068	0.01	0.2	1.33352	925.037	0
0.136068	0.01	0.2	1.42889	1026.86	0
0.136068	0.01	0.2	1.53109	1117.09	0
0.136068	0.01	0.2	1.64059	1191.69	0
0.136068	0.01	0.2	1.75792	1248.55	0
0.136068	0.01	0.2	1.88365	1288.25	0
0.136068	0.01	0.2	2.01837	1313.99	0
0.136068	0.01	0.2	2.16272	1330.58	0
0.136068	0.01	0.2	2.31739	1343.49	0
0.136068	0.01	0.2	2.48313	1358.93	0
0.136068	0.01	0.2	2.66073	1384.52	0
0.136068	0.01	0.2	2.85102	1428	0
0.136068	0.01	0.2	3.05492	1492.3	0
0.136068	0.01	0.2	3.27341	1571.05	0
0.136068	0.01	0.2	3.50752	1651.17	0
0.136068	0.01	0.2	3.75837	1720.93	0
0.136068	0.01	0.2	4.02717	1773.84	0
0.136068	0.01	0.2	4.31519	1812.62	0
0.136068	0.01	0.2	4.62381	1855.29	0
0.136068	0.01	0.2	4.9545	1918.49	0
0.136068	0.01	0.2	5.30884	1997.15	0
0.136068	0.01	0.2	5.68853	2075.81	0
0.136068	0.01	0.2	6.09537	2148.03	0
0.136068	0.01	0.2	6.53131	2234.56	0
0.136068	0.01	0.2	6.99842	2339.94	0
0.136068	0.01	0.2	7.49894	2421.64	0
0.136068	0.01	0.2	8.03526	2432.13	0
0.136068	0.01	0.2	8.60994	2376.81	0
0.136068	0.01	0.2	9.22571	2257.31	0
0.136068	0.01	0.2	9.88553	2096.5	0
0.136068	0.01	0.2	10.5925	1956.15	0
0.136068	0.01	0.2	11.3501	1816.33	0
0.136068	0.01	0.2	12.1619	1692	0
0.136068	0.01	0.2	13.0317	1615.5	0
0.136068	0.01	0.2	13.9637	1612.67	0
0.136068	0.01	0.2	14.9624	1638.21	0
0.136068	0.01	0.2	16.0325	1663.43	0
0.136068	0.01	0.2	17.1791	1705.01	0
0.136068	0.01	0.2	18.4077	1754.74	0
0.136068	0.01	0.2	19.7242	1765.43	0
0.136068	0.01	0.2	21.1349	1738.35	0
0.136068	0.01	0.2	22.6464	1643.11	0
0.136068	0.01	0.2	24.2661	1528.92	0
0.136068	0.01	0.2	26.0016	1445.45	0
0.136068	0.01	0.2	27.8612	1416.99	0
0.136068	0.01	0.2	29.8538	1436.2	0
0.136068	0.01	0.2	31.989	1500.58	0
0.136068	0.01	0.2	34.2768	1598.5	0
0.136068	0.01	0.2	36.7282	1719.07	0
0.136068	0.01	0.2	39.355	1810.81	0
0.136068	0.01	0.2	42.1697	1830.07	0
0.136068	0.01	0.2	45.1856	1794.49	0
0.136068	0.01	0.2	48.4172	1766.95	0
0.136068	0.01	0.2	51.88	1744.79	0
0.136068	0.01	0.2	55.5904	1679.06	0
0.136068	0.01	0.2	59.5662	1565.86	0
0.136068	0.01	0.2	63.8263	1501.19	0
0.136068	0.01	0.2	68.3912	1500.47	0
0.136068	0.01	0.2	73.2825	1500.81	0
0.136068	0.01	0.2	78.5236	1463.88	0
0.136068	0.01	0.2	84.1395	1465.4	0
0.136068	0.01	0.2	90.1571	1496.76	0
0.136068	0.01	0.2	96.6051	1510.01	0
0.148664	0.01	0.2	0.103514	235.219	0
0.148664	0.01	0.2	0.110917	231.636	0
0.148664	0.01	0.2	0.11885	227.573	0
0.148664	0.01	0.2	0.12735	222.974	0
0.148664	0.01	0.2	0.136458	217.781	0
0.148664	0.01	0.2	0.146218	211.932	0
0.148664	0.01	0.2	0.156675	205.363	0
0.148664	0.01	0.2	0.16788	198.013	0
0.148664	0.01	0.2	0.179887	189.821	0
0.148664	0.01	0.2	0.192752	180.737	0
0.148664	0.01	0.2	0.206538	170.72	0
0.148664	0.01	0.2	0.221309	159.75	0
0.148664	0.01	0.2	0.237137	147.836	0
0.148664	0.01	0.2	0.254097	135.023	0
0.148664	0.01	0.2	0.27227	121.411	0
0.148664	0.01	0.2	0.291743	107.169	0
0.148664	0.01	0.2	0.312608	92.5512	0
0.148664	0.01	0.2	0.334965	77.9232	0
0.148664	0.01	0.2	0.358922	63.7813	0
0.148664	0.01	0.2	0.384592	50.7761	0
0.148664	0.01	0.2	0.412098	39.7325	0
0.148664	0.01	0.2	0.44157	31.6645	0
0.148664	0.01	0.2	0.473151	27.7787	0
0.148664	0.01	0.2	0.506991	29.4636	0
0.148664	0.01	0.2	0.54325	38.2574	0
0.148664	0.01	0.2	0.582103	55.7899	0
0.148664	0.01	0.2	0.623735	83.6966	0
0.148664	0.01	0.2	0.668344	123.505	0
0.148664	0.01	0.2	0.716143	176.501	0
0.148664	0.01	0.2	0.767361	243.585	0
0.148664	0.01	0.2	0.822243	325.145	0
0.148664	0.01	0.2	0.881049	420.942	0
0.148664	0.01	0.2	0.944061	530.046	0
0.148664	0.01	0.2	1.01158	650.794	0
0.148664	0.01	0.2	1.08393	780.76	0
0.148664	0.01	0.2	1.16145	916.708	0
0.148664	0.01	0.2	1.24451	1054.53	0
0.148664	0.01	0.2	1.33352	1189.21	0
0.148664	0.01	0.2	1.42889	1315.03	0
0.148664	0.01	0.2	1.53109	1426.16	0
0.148664	0.01	0.2	1.64059	1517.73	0
0.148664	0.01	0.2	1.75792	1587.24	0
0.148664	0.01	0.2	1.88365	1635.48	0
0.148664	0.01	0.2	2.01837	1666.48	0
0.148664	0.01	0.2	2.16272	1686.24	0
0.148664	0.01	0.2	2.31739	1701.55	0
0.148664	0.01	0.2	2.48313	1720.14	0
0.148664	0.01	0.2	2.66073	1751.53	0
0.148664	0.01	0.2	2.85102	1805.37	0
0.148664	0.01	0.2	3.05492	1885.38	0
0.148664	0.01	0.2	3.27341	1983.63	0
0.148664	0.01	0.2	3.50752	2083.8	0
0.148664	0.01	0.2	3.75837	2171.22	0
0.148664	0.01	0.2	4.02717	2237.73	0
0.148664	0.01	0.2	4.31519	2286.68	0
0.148664	0.01	0.2	4.62381	2340.4	0
0.148664	0.01	0.2	4.9545	2419.24	0
0.148664	0.01	0.2	5.30884	2516.62	0
0.148664	0.01	0.2	5.68853	2613.24	0
0.148664	0.01	0.2	6.09537	2701.28	0
0.148664	0.01	0.2	6.53131	2806.53	0
0.148664	0.01	0.2	6.99842	2934.48	0
0.148664	0.01	0.2	7.49894	3032.92	0
0.148664	0.01	0.2	8.03526	3044.52	0
0.148664	0.01	0.2	8.60994	2977	0
0.148664	0.01	0.2	9.22571	2832.51	0
0.148664	0.01	0.2	9.88553	2637.96	0
0.148664	0.01	0.2	10.5925	2467.38	0
0.148664	0.01	0.2	11.3501	2295.15	0
0.148664	0.01	0.2	12.1619	2139.89	0
0.148664	0.01	0.2	13.0317	2042.8	0
0.148664	0.01	0.2	13.9637	2037.61	0
0.148664	0.01	0.2	14.9624	2069.65	0
0.148664	0.01	0.2	16.0325	2102.22	0
0.148664	0.01	0.2	17.1791	2153.7	0
0.148664	0.01	0.2	18.4077	2213.68	0
0.148664	0.01	0.2	19.7242	2226.15	0
0.148664	0.01	0.2	21.1349	2194.05	0
0.148664	0.01	0.2	22.6464	2079.16	0
0.148664	0.01	0.2	24.2661	1940.45	0
0.148664	0.01	0.2	26.0016	1837.92	0
0.148664	0.01	0.2	27.8612	1802.31	0
0.148664	0.01	0.2	29.8538	1825.46	0
0.148664	0.01	0.2	31.989	1902.86	0
0.148664	0.01	0.2	34.2768	2020.62	0
0.148664	0.01	0.2	36.7282	2165.21	0
0.148664	0.01	0.2	39.355	2273.56	0
0.148664	0.01	0.2	42.1697	2295.33	0
0.148664	0.01	0.2	45.1856	2250.8	0
0.148664	0.01	0.2	48.4172	2215.95	0
0.148664	0.01	0.2	51.88	2189.31	0
0.148664	0.01	0.2	55.5904	2112.71	0
0.148664	0.01	0.2	59.5662	1981.95	0
0.148664	0.01	0.2	63.8263	1908.07	0
0.148664	0.01	0.2	68.3912	1908.31	0
0.148664	0.01	0.2	73.2825	1909.89	0
0.148664	0.01	0.2	78.5236	1866.92	0
0.148664	0.01	0.2	84.1395	1868.85	0
0.148664	0.01	0.2	90.1571	1904.49	0
0.148664	0.01	0.2	96.6051	1918.54	0
0.162426	0.01	0.2	0.103514	232.97	0
0.162426	0.01	0.2	0.110917	229.081	0
0.162426	0.01	0.2	0.11885	224.675	0
0.162426	0.01	0.2	0.12735	219.694	0
0.162426	0.01	0.2	0.136458	214.075	0
0.162426	0.01	0.2	0.146218	207.757	0
0.162426	0.01	0.2	0.156675	200.674	0
0.162426	0.01	0.2	0.16788	192.764	0
0.162426	0.01	0.2	0.179887	183.972	0
0.162426	0.01	0.2	0.192752	174.251	0
0.162426	0.01	0.2	0.206538	163.57	0
0.162426	0.01	0.2	0.221309	151.926	0
0.162426	0.01	0.2	0.237137	139.349	0
0.162426	0.01	0.2	0.254097	125.916	0
0.162426	0.01	0.2	0.27227	111.771	0
0.162426	0.01	0.2	0.291743	97.1393	0
0.162426	0.01	0.2	0.312608	82.3538	0
0.162426	0.01	0.2	0.334965	67.8769	0
0.162426	0.01	0.2	0.358922	54.3281	0
0.162426	0.01	0.2	0.384592	42.5098	0
0.162426	0.01	0.2	0.412098	33.4304	0
0.162426	0.01	0.2	0.44157	28.3193	0
0.162426	0.01	0.2	0.473151	28.6308	0
0.162426	0.01	0.2	0.506991	36.0285	0
0.162426	0.01	0.2	0.54325	52.3445	0
0.162426	0.01	0.2	0.582103	79.5085	0
0.162426	0.01	0.2	0.623735	119.443	0
0.162426	0.01	0.2	0.668344	173.926	0
0.162426	0.01	0.2	0.716143	244.432	0
0.162426	0.01	0.2	0.767361	331.961	0
0.162426	0.01	0.2	0.822243	436.882	0
0.162426	0.01	0.2	0.881049	558.812	0
0.162426	0.01	0.2	0.944061	696.53	0
0.162426	0.01	0.2	1.01158	847.937	0
0.162426	0.01	0.2	1.08393	1010.02	0
0.162426	0.01	0.2	1.16145	1178.79	0
0.162426	0.01	0.2	1.24451	1349.22	0
0.162426	0.01	0.2	1.33352	1515.2	0
0.162426	0.01	0.2	1.42889	1669.78	0
0.162426	0.01	0.2	1.53109	1805.87	0
0.162426	0.01	0.2	1.64059	1917.64	0
0.162426	0.01	0.2	1.75792	2002.12	0
0.162426	0.01	0.2	1.88365	2060.41	0
0.162426	0.01	0.2	2.01837	2097.54	0
0.162426	0.01	0.2	2.16272	2120.96	0
0.162426	0.01	0.2	2.31739	2139.1	0
0.162426	0.01	0.2	2.48313	2161.54	0
0.162426	0.01	0.2	2.66073	2200.08	0
0.162426	0.01	0.2	2.85102	2266.7	0
0.162426	0.01	0.2	3.05492	2366.05	0
0.162426	0.01	0.2	3.27341	2488.32	0
0.162426	0.01	0.2	3.50752	2613.24	0
0.162426	0.01	0.2	3.75837	2722.52	0
0.162426	0.01	0.2	4.02717	2805.94	0
0.162426	0.01	0.2	4.31519	2867.61	0
0.162426	0.01	0.2	4.62381	2934.95	0
0.162426	0.01	0.2	4.9545	3032.8	0
0.162426	0.01	0.2	5.30884	3152.7	0
0.162426	0.01	0.2	5.68853	3270.77	0
0.162426	0.01	0.2	6.09537	3377.63	0
0.162426	0.01	0.2	6.53131	3505.22	0
0.162426	0.01	0.2	6.99842	3660.25	0
0.162426	0.01	0.2	7.49894	3778.85	0
0.162426	0.01	0.2	8.03526	3791.9	0
0.162426	0.01	0.2	8.60994	3709.98	0
0.162426	0.01	0.2	9.22571	3535.78	0
0.162426	0.01	0.2	9.88553	3300.84	0
0.162426	0.01	0.2	10.5925	3093.75	0
0.162426	0.01	0.2	11.3501	2882	0
0.162426	0.01	0.2	12.1619	2688.81	0
0.162426	0.01	0.2	13.0317	2566.39	0
0.162426	0.01	0.2	13.9637	2558.16	0
0.162426	0.01	0.2	14.9624	2597.99	0
0.162426	0.01	0.2	16.0325	2639.3	0
0.162426	0.01	0.2	17.1791	2702.43	0
0.162426	0.01	0.2	18.4077	2774.41	0
0.162426	0.01	0.2	19.7242	2788.89	0
0.162426	0.01	0.2	21.1349	2751.02	0
0.162426	0.01	0.2	22.6464	2612.94	0
0.162426	0.01	0.2	24.2661	2445.13	0
0.162426	0.01	0.2	26.0016	2319.93	0
0.162426	0.01	0.2	27.8612	2275.87	0
0.162426	0.01	0.2	29.8538	2303.71	0
0.162426	0.01	0.2	31.989	2396.48	0
0.162426	0.01	0.2	34.2768	2537.44	0
0.162426	0.01	0.2	36.7282	2710.02	0
0.162426	0.01	0.2	39.355	2837.51	0
0.162426	0.01	0.2	42.1697	2862.01	0
0.162426	0.01	0.2	45.1856	2806.93	0
0.162426	0.01	0.2	48.4172	2763.33	0
0.162426	0.01	0.2	51.88	2731.22	0
0.162426	0.01	0.2	55.5904	2642.17	0
0.162426	0.01	0.2	59.5662	2491.57	0
0.162426	0.01	0.2	63.8263	2407.47	0
0.162426	0.01	0.2	68.3912	2408.83	0
0.162426	0.01	0.2	73.2825	2411.71	0
0.162426	0.01	0.2	78.5236	2361.66	0
0.162426	0.01	0.2	84.1395	2364.3	0
0.162426	0.01	0.2	90.1571	2404.98	0
0.162426	0.01	0.2	96.6051	2419.84	0
0.177463	0.01	0.2	0.103514	230.529	0
0.177463	0.01	0.2	0.110917	226.311	0
0.177463	0.01	0.2	0.11885	221.536	0
0.177463	0.01	0.2	0.12735	216.144	0
0.177463	0.01	0.2	0.136458	210.072	0
0.177463	0.01	0.2	0.146218	203.255	0
0.177463	0.01	0.2	0.156675	195.627	0
0.177463	0.01	0.2	0.16788	187.13	0
0.177463	0.01	0.2	0.179887	177.711	0
0.177463	0.01	0.2	0.192752	167.332	0
0.177463	0.01	0.2	0.206538	155.977	0
0.177463	0.01	0.2	0.221309	143.66	0
0.177463	0.01	0.2	0.237137	130.441	0
0.177463	0.01	0.2	0.254097	116.437	0
0.177463	0.01	0.2	0.27227	101.846	0
0.177463	0.01	0.2	0.291743	86.9651	0
0.177463	0.01	0.2	0.312608	72.2199	0
0.177463	0.01	0.2	0.334965	58.1921	0
0.177463	0.01	0.2	0.358922	45.6503	0
0.177463	0.01	0.2	0.384592	35.58	0
0.177463	0.01	0.2	0.412098	29.2096	0
0.177463	0.01	0.2	0.44157	28.0274	0
0.177463	0.01	0.2	0.473151	33.7834	0
0.177463	0.01	0.2	0.506991	48.4686	0
0.177463	0.01	0.2	0.54325	74.2644	0
0.177463	0.01	0.2	0.582103	113.455	0
0.177463	0.01	0.2	0.623735	168.302	0
0.177463	0.01	0.2	0.668344	240.875	0
0.177463	0.01	0.2	0.716143	332.865	0
0.177463	0.01	0.2	0.767361	445.38	0
0.177463	0.01	0.2	0.822243	578.759	0
0.177463	0.01	0.2	0.881049	732.431	0
0.177463	0.01	0.2	0.944061	904.814	0
0.177463	0.01	0.2	1.01158	1093.28	0
0.177463	0.01	0.2	1.08393	1294.09	0
0.177463	0.01	0.2	1.16145	1502.36	0
0.177463	0.01	0.2	1.24451	1711.95	0
0.177463	0.01	0.2	1.33352	1915.42	0
0.177463	0.01	0.2	1.42889	2104.34	0
0.177463	0.01	0.2	1.53109	2270.18	0
0.177463	0.01	0.2	1.64059	2405.9	0
0.177463	0.01	0.2	1.75792	2508.02	0
0.177463	0.01	0.2	1.88365	2578.06	0
0.177463	0.01	0.2	2.01837	2622.27	0
0.177463	0.01	0.2	2.16272	2649.91	0
0.177463	0.01	0.2	2.31739	2671.39	0
0.177463	0.01	0.2	2.48313	2698.54	0
0.177463	0.01	0.2	2.66073	2745.91	0
0.177463	0.01	0.2	2.85102	2828.31	0
0.177463	0.01	0.2	3.05492	2951.5	0
0.177463	0.01	0.2	3.27341	3103.37	0
0.177463	0.01	0.2	3.50752	3258.85	0
0.177463	0.01	0.2	3.75837	3395.21	0
0.177463	0.01	0.2	4.02717	3499.71	0
0.177463	0.01	0.2	4.31519	3577.26	0
0.177463	0.01	0.2	4.62381	3661.38	0
0.177463	0.01	0.2	4.9545	3782.26	0
0.177463	0.01	0.2	5.30884	3929.17	0
0.177463	0.01	0.2	5.68853	4072.79	0
0.177463	0.01	0.2	6.09537	4201.94	0
0.177463	0.01	0.2	6.53131	4356.15	0
0.177463	0.01	0.2	6.99842	4543.64	0
0.177463	0.01	0.2	7.49894	4686.53	0
0.177463	0.01	0.2	8.03526	4701.55	0
0.177463	0.01	0.2	8.60994	4602.73	0
0.177463	0.01	0.2	9.22571	4393.33	0
0.177463	0.01	0.2	9.88553	4110.1	0
0.177463	0.01	0.2	10.5925	3858.92	0
0.177463	0.01	0.2	11.3501	3598.92	0
0.177463	0.01	0.2	12.1619	3359.21	0
0.177463	0.01	0.2	13.0317	3205.66	0
0.177463	0.01	0.2	13.9637	3193.48	0
0.177463	0.01	0.2	14.9624	3242.62	0
0.177463	0.01	0.2	16.0325	3294.3	0
0.177463	0.01	0.2	17.1791	3371.08	0
0.177463	0.01	0.2	18.4077	3457.04	0
0.177463	0.01	0.2	19.7242	3473.79	0
0.177463	0.01	0.2	21.1349	3429.27	0
0.177463	0.01	0.2	22.6464	3263.89	0
0.177463	0.01	0.2	24.2661	3061.67	0
0.177463	0.01	0.2	26.0016	2909.66	0
0.177463	0.01	0.2	27.8612	2855.65	0
0.177463	0.01	0.2	29.8538	2889.08	0
0.177463	0.01	0.2	31.989	2999.88	0
0.177463	0.01	0.2	34.2768	3167.87	0
0.177463	0.01	0.2	36.7282	3372.92	0
0.177463	0.01	0.2	39.355	3522.35	0
0.177463	0.01	0.2	42.1697	3549.75	0
0.177463	0.01	0.2	45.1856	3482.32	0
0.177463	0.01	0.2	48.4172	3428.28	0
0.177463	0.01	0.2	51.88	3389.5	0
0.177463	0.01	0.2	55.5904	3286.27	0
0.177463	0.01	0.2	59.5662	3113.39	0
0.177463	0.01	0.2	63.8263	3018.05	0
0.177463	0.01	0.2	68.3912	3020.71	0
0.177463	0.01	0.2	73.2825	3024.87	0
0.177463	0.01	0.2	78.5236	2966.55	0
0.177463	0.01	0.2	84.1395	2970.31	0
0.177463	0.01	0.2	90.1571	3016.97	0
0.177463	0.01	0.2	96.6051	3032.59	0
0.193892	0.01	0.2	0.103514	227.882	0
0.193892	0.01	0.2	0.110917	223.309	0
0.193892	0.01	0.2	0.11885	218.139	0
0.193892	0.01	0.2	0.12735	212.309	0
0.193892	0.01	0.2	0.136458	205.753	0
0.193892	0.01	0.2	0.146218	198.406	0
0.193892	0.01	0.2	0.156675	190.205	0
0.193892	0.01	0.2	0.16788	181.093	0
0.193892	0.01	0.2	0.179887	171.024	0
0.193892	0.01	0.2	0.192752	159.972	0
0.193892	0.01	0.2	0.206538	147.938	0
0.193892	0.01	0.2	0.221309	134.963	0
0.193892	0.01	0.2	0.237137	121.141	0
0.193892	0.01	0.2	0.254097	106.64	0
0.193892	0.01	0.2	0.27227	91.7246	0
0.193892	0.01	0.2	0.291743	76.7795	0
0.193892	0.01	0.2	0.312608	62.3439	0
0.193892	0.01	0.2	0.334965	49.144	0
0.193892	0.01	0.2	0.358922	38.1283	0
0.193892	0.01	0.2	0.384592	30.503	0
0.193892	0.01	0.2	0.412098	27.7606	0
0.193892	0.01	0.2	0.44157	31.6992	0
0.193892	0.01	0.2	0.473151	44.4215	0
0.193892	0.01	0.2	0.506991	68.3086	0
0.193892	0.01	0.2	0.54325	105.957	0
0.193892	0.01	0.2	0.582103	160.069	0
0.193892	0.01	0.2	0.623735	233.305	0
0.193892	0.01	0.2	0.668344	328.076	0
0.193892	0.01	0.2	0.716143	446.323	0
0.193892	0.01	0.2	0.767361	589.268	0
0.193892	0.01	0.2	0.822243	757.202	0
0.193892	0.01	0.2	0.881049	949.315	0
0.193892	0.01	0.2	0.944061	1163.58	0
0.193892	0.01	0.2	1.01158	1396.71	0
0.193892	0.01	0.2	1.08393	1644.11	0
0.193892	0.01	0.2	1.16145	1899.8	0
0.193892	0.01	0.2	1.24451	2156.28	0
0.193892	0.01	0.2	1.33352	2404.55	0
0.193892	0.01	0.2	1.42889	2634.4	0
0.193892	0.01	0.2	1.53109	2835.54	0
0.193892	0.01	0.2	1.64059	2999.56	0
0.193892	0.01	0.2	1.75792	3122.41	0
0.193892	0.01	0.2	1.88365	3206.09	0
0.193892	0.01	0.2	2.01837	3258.44	0
0.193892	0.01	0.2	2.16272	3290.88	0
0.193892	0.01	0.2	2.31739	3316.27	0
0.193892	0.01	0.2	2.48313	3349.19	0
0.193892	0.01	0.2	2.66073	3407.52	0
0.193892	0.01	0.2	2.85102	3509.43	0
0.193892	0.01	0.2	3.05492	3662.03	0
0.193892	0.01	0.2	3.27341	3850.43	0
0.193892	0.01	0.2	3.50752	4043.69	0
0.193892	0.01	0.2	3.75837	4213.66	0
0.193892	0.01	0.2	4.02717	4344.43	0
0.193892	0.01	0.2	4.31519	4441.78	0
0.193892	0.01	0.2	4.62381	4546.53	0
0.193892	0.01	0.2	4.9545	4695.26	0
0.193892	0.01	0.2	5.30884	4874.51	0
0.193892	0.01	0.2	5.68853	5048.44	0
0.193892	0.01	0.2	6.09537	5203.95	0
0.193892	0.01	0.2	6.53131	5389.79	0
0.193892	0.01	0.2	6.99842	5616.13	0
0.193892	0.01	0.2	7.49894	5788.31	0
0.193892	0.01	0.2	8.03526	5806.06	0
0.193892	0.01	0.2	8.60994	5687.59	0
0.193892	0.01	0.2	9.22571	5436.59	0
0.193892	0.01	0.2	9.88553	5095.71	0
0.193892	0.01	0.2	10.5925	4791.27	0
0.193892	0.01	0.2	11.3501	4472.32	0
0.193892	0.01	0.2	12.1619	4175.5	0
0.193892	0.01	0.2	13.0317	3983.63	0
0.193892	0.01	0.2	13.9637	3966.34	0
0.193892	0.01	0.2	14.9624	4026.59	0
0.193892	0.01	0.2	16.0325	4090.55	0
0.193892	0.01	0.2	17.1791	4183.24	0
0.193892	0.01	0.2	18.4077	4285.42	0
0.193892	0.01	0.2	19.7242	4304.68	0
0.193892	0.01	0.2	21.1349	4252.52	0
0.193892	0.01	0.2	22.6464	4055.12	0
0.193892	0.01	0.2	24.2661	3812.34	0
0.193892	0.01	0.2	26.0016	3628.74	0
0.193892	0.01	0.2	27.8612	3563.16	0
0.193892	0.01	0.2	29.8538	3603.22	0
0.193892	0.01	0.2	31.989	3735.08	0
0.193892	0.01	0.2	34.2768	3934.36	0
0.193892	0.01	0.2	36.7282	4176.88	0
0.193892	0.01	0.2	39.355	4351.29	0
0.193892	0.01	0.2	42.1697	4381.69	0
0.193892	0.01	0.2	45.1856	4299.87	0
0.193892	0.01	0.2	48.4172	4233.43	0
0.193892	0.01	0.2	51.88	4186.54	0
0.193892	0.01	0.2	55.5904	4067.25	0
0.193892	0.01	0.2	59.5662	3869.57	0
0.193892	0.01	0.2	63.8263	3762.02	0
0.193892	0.01	0.2	68.3912	3766.16	0
0.193892	0.01	0.2	73.2825	3771.46	0
0.193892	0.01	0.2	78.5236	3703.49	0
0.193892	0.01	0.2	84.1395	3708.94	0
0.193892	0.01	0.2	90.1571	3762.7	0
0.193892	0.01	0.2	96.6051	3779.04	0
0.211841	0.01	0.2	0.103514	225.014	0
0.211841	0.01	0.2	0.110917	220.06	0
0.211841	0.01	0.2	0.11885	214.467	0
0.211841	0.01	0.2	0.12735	208.169	0
0.211841	0.01	0.2	0.136458	201.1	0
0.211841	0.01	0.2	0.146218	193.193	0
0.211841	0.01	0.2	0.156675	184.39	0
0.211841	0.01	0.2	0.16788	174.637	0
0.211841	0.01	0.2	0.179887	163.9	0
0.211841	0.01	0.2	0.192752	152.167	0
0.211841	0.01	0.2	0.206538	139.462	0
0.211841	0.01	0.2	0.221309	125.858	0
0.211841	0.01	0.2	0.237137	111.494	0
0.211841	0.01	0.2	0.254097	96.6011	0
0.211841	0.01	0.2	0.27227	81.5237	0
0.211841	0.01	0.2	0.291743	66.7553	0
0.211841	0.01	0.2	0.312608	52.973	0
0.211841	0.01	0.2	0.334965	41.0774	0
0.211841	0.01	0.2	0.358922	32.2344	0
0.211841	0.01	0.2	0.384592	27.915	0
0.211841	0.01	0.2	0.412098	29.9287	0
0.211841	0.01	0.2	0.44157	40.4434	0
0.211841	0.01	0.2	0.473151	61.9832	0
0.211841	0.01	0.2	0.506991	97.393	0
0.211841	0.01	0.2	0.54325	149.76	0
0.211841	0.01	0.2	0.582103	222.285	0
0.211841	0.01	0.2	0.623735	318.093	0
0.211841	0.01	0.2	0.668344	439.995	0
0.211841	0.01	0.2	0.716143	590.216	0
0.211841	0.01	0.2	0.767361	770.106	0
0.211841	0.01	0.2	0.822243	979.88	0
0.211841	0.01	0.2	0.881049	1218.42	0
0.211841	0.01	0.2	0.944061	1483.17	0
0.211841	0.01	0.2	1.01158	1770.02	0
0.211841	0.01	0.2	1.08393	2073.33	0
0.211841	0.01	0.2	1.16145	2385.78	0
0.211841	0.01	0.2	1.24451	2698.29	0
0.211841	0.01	0.2	1.33352	2999.94	0
0.211841	0.01	0.2	1.42889	3278.41	0
0.211841	0.01	0.2	1.53109	3521.33	0
0.211841	0.01	0.2	1.64059	3718.68	0
0.211841	0.01	0.2	1.75792	3865.74	0
0.211841	0.01	0.2	1.88365	3965.2	0
0.211841	0.01	0.2	2.01837	4026.8	0
0.211841	0.01	0.2	2.16272	4064.67	0
0.211841	0.01	0.2	2.31739	4094.65	0
0.211841	0.01	0.2	2.48313	4134.64	0
0.211841	0.01	0.2	2.66073	4206.55	0
0.211841	0.01	0.2	2.85102	4332.65	0
0.211841	0.01	0.2	3.05492	4521.61	0
0.211841	0.01	0.2	3.27341	4755.14	0
0.211841	0.01	0.2	3.50752	4995.18	0
0.211841	0.01	0.2	3.75837	5206.9	0
0.211841	0.01	0.2	4.02717	5370.44	0
0.211841	0.01	0.2	4.31519	5492.52	0
0.211841	0.01	0.2	4.62381	5622.61	0
0.211841	0.01	0.2	4.9545	5804.94	0
0.211841	0.01	0.2	5.30884	6022.77	0
0.211841	0.01	0.2	5.68853	6232.59	0
0.211841	0.01	0.2	6.09537	6419.1	0
0.211841	0.01	0.2	6.53131	6642.43	0
0.211841	0.01	0.2	6.99842	6915.23	0
0.211841	0.01	0.2	7.49894	7122.73	0
0.211841	0.01	0.2	8.03526	7144.34	0
0.211841	0.01	0.2	8.60994	7003.23	0
0.211841	0.01	0.2	9.22571	6703.28	0
0.211841	0.01	0.2	9.88553	6293.66	0
0.211841	0.01	0.2	10.5925	5924.83	0
0.211841	0.01	0.2	11.3501	5533.79	0
0.211841	0.01	0.2	12.1619	5166.78	0
0.211841	0.01	0.2	13.0317	4927.71	0
0.211841	0.01	0.2	13.9637	4903.77	0
0.211841	0.01	0.2	14.9624	4977.25	0
0.211841	0.01	0.2	16.0325	5055.71	0
0.211841	0.01	0.2	17.1791	5166.9	0
0.211841	0.01	0.2	18.4077	5287.8	0
0.211841	0.01	0.2	19.7242	5309.76	0
0.211841	0.01	0.2	21.1349	5248.88	0
0.211841	0.01	0.2	22.6464	5014	0
0.211841	0.01	0.2	24.2661	4723.56	0
0.211841	0.01	0.2	26.0016	4502.96	0
0.211841	0.01	0.2	27.8612	4424.02	0
0.211841	0.01	0.2	29.8538	4471.94	0
0.211841	0.01	0.2	31.989	4628.23	0
0.211841	0.01	0.2	34.2768	4863.52	0
0.211841	0.01	0.2	36.7282	5149.02	0
0.211841	0.01	0.2	39.355	5351.64	0
0.211841	0.01	0.2	42.1697	5385.07	0
0.211841	0.01	0.2	45.1856	5286.56	0
0.211841	0.01	0.2	48.4172	5205.47	0
0.211841	0.01	0.2	51.88	5148.76	0
0.211841	0.01	0.2	55.5904	5011.38	0
0.211841	0.01	0.2	59.5662	4786.37	0
0.211841	0.01	0.2	63.8263	4665.77	0
0.211841	0.01	0.2	68.3912	4671.56	0
0.211841	0.01	0.2	73.2825	4677.72	0
0.211841	0.01	0.2	78.5236	4598.46	0
0.211841	0.01	0.2	84.1395	4606.39	0
0.211841	0.01	0.2	90.1571	4668.62	0
0.211841	0.01	0.2	96.6051	4685.6	0
0.231452	0.01	0.2	0.103514	221.908	0
0.231452	0.01	0.2	0.110917	216.546	0
0.231452	0.01	0.2	0.11885	210.501	0
0.231452	0.01	0.2	0.12735	203.705	0
0.231452	0.01	0.2	0.136458	196.092	0
0.231452	0.01	0.2	0.146218	187.597	0
0.231452	0.01	0.2	0.156675	178.165	0
0.231452	0.01	0.2	0.16788	167.751	0
0.231452	0.01	0.2	0.179887	156.334	0
0.231452	0.01	0.2	0.192752	143.921	0
0.231452	0.01	0.2	0.206538	130.565	0
0.231452	0.01	0.2	0.221309	116.381	0
0.231452	0.01	0.2	0.237137	101.564	0
0.231452	0.01	0.2	0.254097	86.4204	0
0.231452	0.01	0.2	0.27227	71.3954	0
0.231452	0.01	0.2	0.291743	57.1131	0
0.231452	0.01	0.2	0.312608	44.4179	0
0.231452	0.01	0.2	0.334965	34.4214	0
0.231452	0.01	0.2	0.358922	28.551	0
0.231452	0.01	0.2	0.384592	28.5956	0
0.231452	0.01	0.2	0.412098	36.7442	0
0.231452	0.01	0.2	0.44157	55.6067	0
0.231452	0.01	0.2	0.473151	88.2087	0
0.231452	0.01	0.2	0.506991	137.947	0
0.231452	0.01	0.2	0.54325	208.491	0
0.231452	0.01	0.2	0.582103	303.627	0
0.231452	0.01	0.2	0.623735	427.028	0
0.231452	0.01	0.2	0.668344	581.974	0
0.231452	0.01	0.2	0.716143	771.012	0
0.231452	0.01	0.2	0.767361	995.627	0
0.231452	0.01	0.2	0.822243	1255.93	0
0.231452	0.01	0.2	0.881049	1550.41	0
0.231452	0.01	0.2	0.944061	1875.84	0
0.231452	0.01	0.2	1.01158	2227.14	0
0.231452	0.01	0.2	1.08393	2597.39	0
0.231452	0.01	0.2	1.16145	2977.68	0
0.231452	0.01	0.2	1.24451	3356.96	0
0.231452	0.01	0.2	1.33352	3722.05	0
0.231452	0.01	0.2	1.42889	4058.13	0
0.231452	0.01	0.2	1.53109	4350.35	0
0.231452	0.01	0.2	1.64059	4586.79	0
0.231452	0.01	0.2	1.75792	4762.01	0
0.231452	0.01	0.2	1.88365	4879.57	0
0.231452	0.01	0.2	2.01837	4951.6	0
0.231452	0.01	0.2	2.16272	4995.54	0
0.231452	0.01	0.2	2.31739	5030.86	0
0.231452	0.01	0.2	2.48313	5079.54	0
0.231452	0.01	0.2	2.66073	5168.36	0
0.231452	0.01	0.2	2.85102	5324.48	0
0.231452	0.01	0.2	3.05492	5558.45	0
0.231452	0.01	0.2	3.27341	5847.84	0
0.231452	0.01	0.2	3.50752	6145.88	0
0.231452	0.01	0.2	3.75837	6409.56	0
0.231452	0.01	0.2	4.02717	6614.06	0
0.231452	0.01	0.2	4.31519	6767.02	0
0.231452	0.01	0.2	4.62381	6928.23	0
0.231452	0.01	0.2	4.9545	7151.04	0
0.231452	0.01	0.2	5.30884	7414.79	0
0.231452	0.01	0.2	5.68853	7666.86	0
0.231452	0.01	0.2	6.09537	7889.69	0
0.231452	0.01	0.2	6.53131	8157.32	0
0.231452	0.01	0.2	6.99842	8485.56	0
0.231452	0.01	0.2	7.49894	8735.72	0
0.231452	0.01	0.2	8.03526	8762.85	0
0.231452	0.01	0.2	8.60994	8595.96	0
0.231452	0.01	0.2	9.22571	8238.69	0
0.231452	0.01	0.2	9.88553	7747.23	0
0.231452	0.01	0.2	10.5925	7300.52	0
0.231452	0.01	0.2	11.3501	6821.16	0
0.231452	0.01	0.2	12.1619	6367.73	0
0.231452	0.01	0.2	13.0317	6070.43	0
0.231452	0.01	0.2	13.9637	6037.84	0
0.231452	0.01	0.2	14.9624	6127.04	0
0.231452	0.01	0.2	16.0325	6222.6	0
0.231452	0.01	0.2	17.1791	6355.19	0
0.231452	0.01	0.2	18.4077	6497.58	0
0.231452	0.01	0.2	19.7242	6522.39	0
0.231452	0.01	0.2	21.1349	6451.54	0
0.231452	0.01	0.2	22.6464	6172.92	0
0.231452	0.01	0.2	24.2661	5826.69	0
0.231452	0.01	0.2	26.0016	5562.99	0
0.231452	0.01	0.2	27.8612	5468.81	0
0.231452	0.01	0.2	29.8538	5526.03	0
0.231452	0.01	0.2	31.989	5710.48	0
0.231452	0.01	0.2	34.2768	5986.89	0
0.231452	0.01	0.2	36.7282	6321.37	0
0.231452	0.01	0.2	39.355	6555.55	0
0.231452	0.01	0.2	42.1697	6591.88	0
0.231452	0.01	0.2	45.1856	6474.15	0
0.231452	0.01	0.2	48.4172	6375.81	0
0.231452	0.01	0.2	51.88	6307.23	0
0.231452	0.01	0.2	55.5904	6149.66	0
0.231452	0.01	0.2	59.5662	5894.87	0
0.231452	0.01	0.2	63.8263	5760.6	0
0.231452	0.01	0.2	68.3912	5768.22	0
0.231452	0.01	0.2	73.2825	5774.72	0
0.231452	0.01	0.2	78.5236	5682.28	0
0.231452	0.01	0.2	84.1395	5693.72	0
0.231452	0.01	0.2	90.1571	5766.09	0
0.231452	0.01	0.2	96.6051	5783.58	0
0.252878	0.01	0.2	0.103514	218.547	0
0.252878	0.01	0.2	0.110917	212.749	0
0.252878	0.01	0.2	0.11885	206.222	0
0.252878	0.01	0.2	0.12735	198.898	0
0.252878	0.01	0.2	0.136458	190.712	0
0.252878	0.01	0.2	0.146218	181.601	0
0.252878	0.01	0.2	0.156675	171.517	0
0.252878	0.01	0.2	0.16788	160.426	0
0.252878	0.01	0.2	0.179887	148.324	0
0.252878	0.01	0.2	0.192752	135.244	0
0.252878	0.01	0.2	0.206538	121.276	0
0.252878	0.01	0.2	0.221309	106.586	0
0.252878	0.01	0.2	0.237137	91.4378	0
0.252878	0.01	0.2	0.254097	76.2315	0
0.252878	0.01	0.2	0.27227	61.535	0
0.252878	0.01	0.2	0.291743	48.131	0
0.252878	0.01	0.2	0.312608	37.0661	0
0.252878	0.01	0.2	0.334965	29.7063	0
0.252878	0.01	0.2	0.358922	27.7929	0
0.252878	0.01	0.2	0.384592	33.4963	0
0.252878	0.01	0.2	0.412098	49.4589	0
0.252878	0.01	0.2	0.44157	78.8183	0
0.252878	0.01	0.2	0.473151	125.197	0
0.252878	0.01	0.2	0.506991	192.647	0
0.252878	0.01	0.2	0.54325	285.528	0
0.252878	0.01	0.2	0.582103	408.316	0
0.252878	0.01	0.2	0.623735	565.331	0
0.252878	0.01	0.2	0.668344	760.391	0
0.252878	0.01	0.2	0.716143	996.419	0
0.252878	0.01	0.2	0.767361	1275.04	0
0.252878	0.01	0.2	0.822243	1596.2	0
0.252878	0.01	0.2	0.881049	1957.94	0
0.252878	0.01	0.2	0.944061	2356.17	0
0.252878	0.01	0.2	1.01158	2784.63	0
0.252878	0.01	0.2	1.08393	3234.85	0
0.252878	0.01	0.2	1.16145	3695.98	0
0.252878	0.01	0.2	1.24451	4154.67	0
0.252878	0.01	0.2	1.33352	4594.98	0
0.252878	0.01	0.2	1.42889	4999.11	0
0.252878	0.01	0.2	1.53109	5349.31	0
0.252878	0.01	0.2	1.64059	5631.41	0
0.252878	0.01	0.2	1.75792	5839.2	0
0.252878	0.01	0.2	1.88365	5977.37	0
0.252878	0.01	0.2	2.01837	6061.03	0
0.252878	0.01	0.2	2.16272	6111.65	0
0.252878	0.01	0.2	2.31739	6153.2	0
0.252878	0.01	0.2	2.48313	6212.58	0
0.252878	0.01	0.2	2.66073	6322.47	0
0.252878	0.01	0.2	2.85102	6515.93	0
0.252878	0.01	0.2	3.05492	6805.72	0
0.252878	0.01	0.2	3.27341	7164.38	0
0.252878	0.01	0.2	3.50752	7534.48	0
0.252878	0.01	0.2	3.75837	7862.95	0
0.252878	0.01	0.2	4.02717	8118.72	0
0.252878	0.01	0.2	4.31519	8310.31	0
0.252878	0.01	0.2	4.62381	8509.74	0
0.252878	0.01	0.2	4.9545	8781.23	0
0.252878	0.01	0.2	5.30884	9099.44	0
0.252878	0.01	0.2	5.68853	9401.09	0
0.252878	0.01	0.2	6.09537	9666.19	0
0.252878	0.01	0.2	6.53131	9985.93	0
0.252878	0.01	0.2	6.99842	10380.3	0
0.252878	0.01	0.2	7.49894	10682	0
0.252878	0.01	0.2	8.03526	10717	0
0.252878	0.01	0.2	8.60994	10521.2	0
0.252878	0.01	0.2	9.22571	10097.2	0
0.252878	0.01	0.2	9.88553	9508.49	0
0.252878	0.01	0.2	10.5925	8967.49	0
0.252878	0.01	0.2	11.3501	8379.75	0
0.252878	0.01	0.2	12.1619	7819.74	0
0.252878	0.01	0.2	13.0317	7450.43	0
0.252878	0.01	0.2	13.9637	7406.52	0
0.252878	0.01	0.2	14.9624	7514.38	0
0.252878	0.01	0.2	16.0325	7630.07	0
0.252878	0.01	0.2	17.1791	7787.34	0
0.252878	0.01	0.2	18.4077	7954.24	0
0.252878	0.01	0.2	19.7242	7981.94	0
0.252878	0.01	0.2	21.1349	7899.74	0
0.252878	0.01	0.2	22.6464	7570.21	0
0.252878	0.01	0.2	24.2661	7158.92	0
0.252878	0.01	0.2	26.0016	6845.3	0
0.252878	0.01	0.2	27.8612	6733.98	0
0.252878	0.01	0.2	29.8538	6802.2	0
0.252878	0.01	0.2	31.989	7018.85	0
0.252878	0.01	0.2	34.2768	7341.8	0
0.252878	0.01	0.2	36.7282	7731.6	0
0.252878	0.01	0.2	39.355	8000.68	0
0.252878	0.01	0.2	42.1697	8039.58	0
0.252878	0.01	0.2	45.1856	7899.87	0
0.252878	0.01	0.2	48.4172	7781.35	0
0.252878	0.01	0.2	51.88	7698.44	0
0.252878	0.01	0.2	55.5904	7518.52	0
0.252878	0.01	0.2	59.5662	7231.79	0
0.252878	0.01	0.2	63.8263	7083.62	0
0.252878	0.01	0.2	68.3912	7093.25	0
0.252878	0.01	0.2	73.2825	7099.27	0
0.252878	0.01	0.2	78.5236	6991.44	0
0.252878	0.01	0.2	84.1395	7007.76	0
0.252878	0.01	0.2	90.1571	7092.27	0
0.252878	0.01	0.2	96.6051	7110.07	0
0.276288	0.01	0.2	0.103514	214.914	0
0.276288	0.01	0.2	0.110917	208.651	0
0.276288	0.01	0.2	0.11885	201.612	0
0.276288	0.01	0.2	0.12735	193.731	0
0.276288	0.01	0.2	0.136458	184.942	0
0.276288	0.01	0.2	0.146218	175.19	0
0.276288	0.01	0.2	0.156675	164.434	0
0.276288	0.01	0.2	0.16788	152.658	0
0.276288	0.01	0.2	0.179887	139.877	0
0.276288	0.01	0.2	0.192752	126.159	0
0.276288	0.01	0.2	0.206538	111.639	0
0.276288	0.01	0.2	0.221309	96.5456	0
0.276288	0.01	0.2	0.237137	81.2307	0
0.276288	0.01	0.2	0.254097	66.2065	0
0.276288	0.01	0.2	0.27227	52.1904	0
0.276288	0.01	0.2	0.291743	40.157	0
0.276288	0.01	0.2	0.312608	31.3974	0
0.276288	0.01	0.2	0.334965	27.5832	0
0.276288	0.01	0.2	0.358922	30.8329	0
0.276288	0.01	0.2	0.384592	43.7731	0
0.276288	0.01	0.2	0.412098	69.5881	0
0.276288	0.01	0.2	0.44157	112.044	0
0.276288	0.01	0.2	0.473151	175.474	0
0.276288	0.01	0.2	0.506991	264.707	0
0.276288	0.01	0.2	0.54325	384.919	0
0.276288	0.01	0.2	0.582103	541.401	0
0.276288	0.01	0.2	0.623735	739.229	0
0.276288	0.01	0.2	0.668344	982.851	0
0.276288	0.01	0.2	0.716143	1275.61	0
0.276288	0.01	0.2	0.767361	1619.28	0
0.276288	0.01	0.2	0.822243	2013.61	0
0.276288	0.01	0.2	0.881049	2456.01	0
0.276288	0.01	0.2	0.944061	2941.38	0
0.276288	0.01	0.2	1.01158	3462.02	0
0.276288	0.01	0.2	1.08393	4007.57	0
0.276288	0.01	0.2	1.16145	4564.86	0
0.276288	0.01	0.2	1.24451	5117.73	0
0.276288	0.01	0.2	1.33352	5647	0
0.276288	0.01	0.2	1.42889	6131.3	0
0.276288	0.01	0.2	1.53109	6549.43	0
0.276288	0.01	0.2	1.64059	6884.65	0
0.276288	0.01	0.2	1.75792	7129.89	0
0.276288	0.01	0.2	1.88365	7291.35	0
0.276288	0.01	0.2	2.01837	7387.78	0
0.276288	0.01	0.2	2.16272	7445.66	0
0.276288	0.01	0.2	2.31739	7494.44	0
0.276288	0.01	0.2	2.48313	7567.03	0
0.276288	0.01	0.2	2.66073	7703.25	0
0.276288	0.01	0.2	2.85102	7943.24	0
0.276288	0.01	0.2	3.05492	8302.4	0
0.276288	0.01	0.2	3.27341	8747.1	0
0.276288	0.01	0.2	3.50752	9206.92	0
0.276288	0.01	0.2	3.75837	9616.35	0
0.276288	0.01	0.2	4.02717	9936.47	0
0.276288	0.01	0.2	4.31519	10176.5	0
0.276288	0.01	0.2	4.62381	10422.9	0
0.276288	0.01	0.2	4.9545	10752.8	0
0.276288	0.01	0.2	5.30884	11135.4	0
0.276288	0.01	0.2	5.68853	11494.8	0
0.276288	0.01	0.2	6.09537	11808.8	0
0.276288	0.01	0.2	6.53131	12189.6	0
0.276288	0.01	0.2	6.99842	12662.5	0
0.276288	0.01	0.2	7.49894	13026.7	0
0.276288	0.01	0.2	8.03526	13073.1	0
0.276288	0.01	0.2	8.60994	12845.6	0
0.276288	0.01	0.2	9.22571	12344.3	0
0.276288	0.01	0.2	9.88553	11640.2	0
0.276288	0.01	0.2	10.5925	10985	0
0.276288	0.01	0.2	11.3501	10263.9	0
0.276288	0.01	0.2	12.1619	9572.1	0
0.276288	0.01	0.2	13.0317	9113.52	0
0.276288	0.01	0.2	13.9637	9054.77	0
0.276288	0.01	0.2	14.9624	9184.72	0
0.276288	0.01	0.2	16.0325	9324.14	0
0.276288	0.01	0.2	17.1791	9509.76	0
0.276288	0.01	0.2	18.4077	9704.43	0
0.276288	0.01	0.2	19.7242	9734.89	0
0.276288	0.01	0.2	21.1349	9639.76	0
0.276288	0.01	0.2	22.6464	9251.14	0
0.276288	0.01	0.2	24.2661	8764.24	0
0.276288	0.01	0.2	26.0016	8393.24	0
0.276288	0.01	0.2	27.8612	8262.99	0
0.276288	0.01	0.2	29.8538	8344.21	0
0.276288	0.01	0.2	31.989	8597.33	0
0.276288	0.01	0.2	34.2768	8972.37	0
0.276288	0.01	0.2	36.7282	9424.03	0
0.276288	0.01	0.2	39.355	9731.14	0
0.276288	0.01	0.2	42.1697	9771.99	0
0.276288	0.01	0.2	45.1856	9607.38	0
0.276288	0.01	0.2	48.4172	9465.37	0
0.276288	0.01	0.2	51.88	9365.21	0
0.276288	0.01	0.2	55.5904	9160.78	0
0.276288	0.01	0.2	59.5662	8840.45	0
0.276288	0.01	0.2	63.8263	8678.75	0
0.276288	0.01	0.2	68.3912	8690.61	0
0.276288	0.01	0.2	73.2825	8694.92	0
0.276288	0.01	0.2	78.5236	8569.09	0
0.276288	0.01	0.2	84.1395	8592.05	0
0.276288	0.01	0.2	90.1571	8691.12	0
0.276288	0.01	0.2	96.6051	8708.93	0
0.301866	0.01	0.2	0.103514	210.992	0
0.301866	0.01	0.2	0.110917	204.233	0
0.301866	0.01	0.2	0.11885	196.653	0
0.301866	0.01	0.2	0.12735	188.184	0
0.301866	0.01	0.2	0.136458	178.766	0
0.301866	0.01	0.2	0.146218	168.352	0
0.301866	0.01	0.2	0.156675	156.912	0
0.301866	0.01	0.2	0.16788	144.449	0
0.301866	0.01	0.2	0.179887	131.009	0
0.301866	0.01	0.2	0.192752	116.7	0
0.301866	0.01	0.2	0.206538	101.715	0
0.301866	0.01	0.2	0.221309	86.3604	0
0.301866	0.01	0.2	0.237137	71.0933	0
0.301866	0.01	0.2	0.254097	56.5646	0
0.301866	0.01	0.2	0.27227	43.6722	0
0.301866	0.01	0.2	0.291743	33.6229	0
0.301866	0.01	0.2	0.312608	28.002	0
0.301866	0.01	0.2	0.334965	28.8485	0
0.301866	0.01	0.2	0.358922	38.7324	0
0.301866	0.01	0.2	0.384592	60.826	0
0.301866	0.01	0.2	0.412098	98.9602	0
0.301866	0.01	0.2	0.44157	157.65	0
0.301866	0.01	0.2	0.473151	242.072	0
0.301866	0.01	0.2	0.506991	357.976	0
0.301866	0.01	0.2	0.54325	511.503	0
0.301866	0.01	0.2	0.582103	708.906	0
0.301866	0.01	0.2	0.623735	956.146	0
0.301866	0.01	0.2	0.668344	1258.4	0
0.301866	0.01	0.2	0.716143	1619.5	0
0.301866	0.01	0.2	0.767361	2041.35	0
0.301866	0.01	0.2	0.822243	2523.42	0
0.301866	0.01	0.2	0.881049	3062.37	0
0.301866	0.01	0.2	0.944061	3651.85	0
0.301866	0.01	0.2	1.01158	4282.39	0
0.301866	0.01	0.2	1.08393	4941.34	0
0.301866	0.01	0.2	1.16145	5612.74	0
0.301866	0.01	0.2	1.24451	6277.06	0
0.301866	0.01	0.2	1.33352	6911.25	0
0.301866	0.01	0.2	1.42889	7489.69	0
0.301866	0.01	0.2	1.53109	7987.14	0
0.301866	0.01	0.2	1.64059	8383.86	0
0.301866	0.01	0.2	1.75792	8671.91	0
0.301866	0.01	0.2	1.88365	8859.38	0
0.301866	0.01	0.2	2.01837	8969.61	0
0.301866	0.01	0.2	2.16272	9035.21	0
0.301866	0.01	0.2	2.31739	9092.37	0
0.301866	0.01	0.2	2.48313	9181.34	0
0.301866	0.01	0.2	2.66073	9350.54	0
0.301866	0.01	0.2	2.85102	9648.64	0
0.301866	0.01	0.2	3.05492	10094.2	0
0.301866	0.01	0.2	3.27341	10646	0
0.301866	0.01	0.2	3.50752	11217.8	0
0.301866	0.01	0.2	3.75837	11728.6	0
0.301866	0.01	0.2	4.02717	12129.7	0
0.301866	0.01	0.2	4.31519	12430.6	0
0.301866	0.01	0.2	4.62381	12734.7	0
0.301866	0.01	0.2	4.9545	13134.7	0
0.301866	0.01	0.2	5.30884	13593.1	0
0.301866	0.01	0.2	5.68853	14019.5	0
0.301866	0.01	0.2	6.09537	14389.4	0
0.301866	0.01	0.2	6.53131	14841.2	0
0.301866	0.01	0.2	6.99842	15407.5	0
0.301866	0.01	0.2	7.49894	15847.2	0
0.301866	0.01	0.2	8.03526	15910.2	0
0.301866	0.01	0.2	8.60994	15648.7	0
0.301866	0.01	0.2	9.22571	15058.9	0
0.301866	0.01	0.2	9.88553	14218.3	0
0.301866	0.01	0.2	10.5925	13424.3	0
0.301866	0.01	0.2	11.3501	12538.9	0
0.301866	0.01	0.2	12.1619	11683.7	0
0.301866	0.01	0.2	13.0317	11114	0
0.301866	0.01	0.2	13.9637	11035.7	0
0.301866	0.01	0.2	14.9624	11191.8	0
0.301866	0.01	0.2	16.0325	11359.2	0
0.301866	0.01	0.2	17.1791	11577.3	0
0.301866	0.01	0.2	18.4077	11803.2	0
0.301866	0.01	0.2	19.7242	11836.1	0
0.301866	0.01	0.2	21.1349	11726.2	0
0.301866	0.01	0.2	22.6464	11269.1	0
0.301866	0.01	0.2	24.2661	10694.7	0
0.301866	0.01	0.2	26.0016	10258.3	0
0.301866	0.01	0.2	27.8612	10107.7	0
0.301866	0.01	0.2	29.8538	10204.2	0
0.301866	0.01	0.2	31.989	10498.2	0
0.301866	0.01	0.2	34.2768	10930.7	0
0.301866	0.01	0.2	36.7282	11450.7	0
0.301866	0.01	0.2	39.355	11798.5	0
0.301866	0.01	0.2	42.1697	11840.2	0
0.301866	0.01	0.2	45.1856	11647.7	0
0.301866	0.01	0.2	48.4172	11478.5	0
0.301866	0.01	0.2	51.88	11357.6	0
0.301866	0.01	0.2	55.5904	11126.7	0
0.301866	0.01	0.2	59.5662	10771.9	0
0.301866	0.01	0.2	63.8263	10597.9	0
0.301866	0.01	0.2	68.3912	10612.3	0
0.301866	0.01	0.2	73.2825	10613.1	0
0.301866	0.01	0.2	78.5236	10466.2	0
0.301866	0.01	0.2	84.1395	10498.1	0
0.301866	0.01	0.2	90.1571	10614.6	0
0.301866	0.01	0.2	96.6051	10632	0
0.329811	0.01	0.2	0.103514	206.761	0
0.329811	0.01	0.2	0.110917	199.478	0
0.329811	0.01	0.2	0.11885	191.326	0
0.329811	0.01	0.2	0.12735	182.242	0
0.329811	0.01	0.2	0.136458	172.171	0
0.329811	0.01	0.2	0.146218	161.077	0
0.329811	0.01	0.2	0.156675	148.947	0
0.329811	0.01	0.2	0.16788	135.809	0
0.329811	0.01	0.2	0.179887	121.747	0
0.329811	0.01	0.2	0.192752	106.919	0
0.329811	0.01	0.2	0.206538	91.5892	0
0.329811	0.01	0.2	0.221309	76.1608	0
0.329811	0.01	0.2	0.237137	61.2184	0
0.329811	0.01	0.2	0.254097	47.5816	0
0.329811	0.01	0.2	0.27227	36.3668	0
0.329811	0.01	0.2	0.291743	29.0608	0
0.329811	0.01	0.2	0.312608	27.6024	0
0.329811	0.01	0.2	0.334965	34.4711	0
0.329811	0.01	0.2	0.358922	52.7774	0
0.329811	0.01	0.2	0.384592	86.3451	0
0.329811	0.01	0.2	0.412098	139.775	0
0.329811	0.01	0.2	0.44157	218.474	0
0.329811	0.01	0.2	0.473151	328.619	0
0.329811	0.01	0.2	0.506991	477.052	0
0.329811	0.01	0.2	0.54325	671.055	0
0.329811	0.01	0.2	0.582103	918.007	0
0.329811	0.01	0.2	0.623735	1224.91	0
0.329811	0.01	0.2	0.668344	1597.79	0
0.329811	0.01	0.2	0.716143	2041.01	0
0.329811	0.01	0.2	0.767361	2556.61	0
0.329811	0.01	0.2	0.822243	3143.71	0
0.329811	0.01	0.2	0.881049	3798.01	0
0.329811	0.01	0.2	0.944061	4511.61	0
0.329811	0.01	0.2	1.01158	5272.89	0
0.329811	0.01	0.2	1.08393	6066.46	0
0.329811	0.01	0.2	1.16145	6872.97	0
0.329811	0.01	0.2	1.24451	7668.86	0
0.329811	0.01	0.2	1.33352	8426.45	0
0.329811	0.01	0.2	1.42889	9115.11	0
0.329811	0.01	0.2	1.53109	9704.82	0
0.329811	0.01	0.2	1.64059	10172.4	0
0.329811	0.01	0.2	1.75792	10509	0
0.329811	0.01	0.2	1.88365	10725.2	0
0.329811	0.01	0.2	2.01837	10850	0
0.329811	0.01	0.2	2.16272	10923.6	0
0.329811	0.01	0.2	2.31739	10990.5	0
0.329811	0.01	0.2	2.48313	11099.8	0
0.329811	0.01	0.2	2.66073	11310.4	0
0.329811	0.01	0.2	2.85102	11681.3	0
0.329811	0.01	0.2	3.05492	12234.6	0
0.329811	0.01	0.2	3.27341	12920.1	0
0.329811	0.01	0.2	3.50752	13631.9	0
0.329811	0.01	0.2	3.75837	14270.2	0
0.329811	0.01	0.2	4.02717	14773.4	0
0.329811	0.01	0.2	4.31519	15151	0
0.329811	0.01	0.2	4.62381	15526.2	0
0.329811	0.01	0.2	4.9545	16010.2	0
0.329811	0.01	0.2	5.30884	16557.5	0
0.329811	0.01	0.2	5.68853	17060.6	0
0.329811	0.01	0.2	6.09537	17493.7	0
0.329811	0.01	0.2	6.53131	18027.6	0
0.329811	0.01	0.2	6.99842	18704.4	0
0.329811	0.01	0.2	7.49894	19236	0
0.329811	0.01	0.2	8.03526	19322.7	0
0.329811	0.01	0.2	8.60994	19026.5	0
0.329811	0.01	0.2	9.22571	18336.3	0
0.329811	0.01	0.2	9.88553	17334.5	0
0.329811	0.01	0.2	10.5925	16372	0
0.329811	0.01	0.2	11.3501	15283.2	0
0.329811	0.01	0.2	12.1619	14224.6	0
0.329811	0.01	0.2	13.0317	13516.4	0
0.329811	0.01	0.2	13.9637	13412.2	0
0.329811	0.01	0.2	14.9624	13599.2	0
0.329811	0.01	0.2	16.0325	13799.7	0
0.329811	0.01	0.2	17.1791	14054.9	0
0.329811	0.01	0.2	18.4077	14315.7	0
0.329811	0.01	0.2	19.7242	14350.1	0
0.329811	0.01	0.2	21.1349	14223.4	0
0.329811	0.01	0.2	22.6464	13687.2	0
0.329811	0.01	0.2	24.2661	13012	0
0.329811	0.01	0.2	26.0016	12501.7	0
0.329811	0.01	0.2	27.8612	12329.8	0
0.329811	0.01	0.2	29.8538	12444.6	0
0.329811	0.01	0.2	31.989	12783.7	0
0.329811	0.01	0.2	34.2768	13278.4	0
0.329811	0.01	0.2	36.7282	13872.6	0
0.329811	0.01	0.2	39.355	14262.7	0
0.329811	0.01	0.2	42.1697	14303.9	0
0.329811	0.01	0.2	45.1856	14080.5	0
0.329811	0.01	0.2	48.4172	13880.1	0
0.329811	0.01	0.2	51.88	13734.3	0
0.329811	0.01	0.2	55.5904	13475	0
0.329811	0.01	0.2	59.5662	13086.2	0
0.329811	0.01	0.2	63.8263	12902.4	0
0.329811	0.01	0.2	68.3912	12919.7	0
0.329811	0.01	0.2	73.2825	12914.6	0
0.329811	0.01	0.2	78.5236	12743	0
0.329811	0.01	0.2	84.1395	12786.6	0
0.329811	0.01	0.2	90.1571	12924	0
0.329811	0.01	0.2	96.6051	12940.3	0
0.360343	0.01	0.2	0.103514	202.205	0
0.360343	0.01	0.2	0.110917	194.366	0
0.360343	0.01	0.2	0.11885	185.613	0
0.360343	0.01	0.2	0.12735	175.888	0
0.360343	0.01	0.2	0.136458	165.145	0
0.360343	0.01	0.2	0.146218	153.361	0
0.360343	0.01	0.2	0.156675	140.546	0
0.360343	0.01	0.2	0.16788	126.761	0
0.360343	0.01	0.2	0.179887	112.133	0
0.360343	0.01	0.2	0.192752	96.8873	0
0.360343	0.01	0.2	0.206538	81.3745	0
0.360343	0.01	0.2	0.221309	66.1149	0
0.360343	0.01	0.2	0.237137	51.8495	0
0.360343	0.01	0.2	0.254097	39.6017	0
0.360343	0.01	0.2	0.27227	30.7517	0
0.360343	0.01	0.2	0.291743	27.1229	0
0.360343	0.01	0.2	0.312608	31.0786	0
0.360343	0.01	0.2	0.334965	45.6258	0
0.360343	0.01	0.2	0.358922	74.5205	0
0.360343	0.01	0.2	0.384592	122.364	0
0.360343	0.01	0.2	0.412098	194.674	0
0.360343	0.01	0.2	0.44157	297.915	0
0.360343	0.01	0.2	0.473151	439.454	0
0.360343	0.01	0.2	0.506991	627.421	0
0.360343	0.01	0.2	0.54325	870.446	0
0.360343	0.01	0.2	0.582103	1177.24	0
0.360343	0.01	0.2	0.623735	1556	0
0.360343	0.01	0.2	0.668344	2013.75	0
0.360343	0.01	0.2	0.716143	2555.45	0
0.360343	0.01	0.2	0.767361	3183.28	0
0.360343	0.01	0.2	0.822243	3895.83	0
0.360343	0.01	0.2	0.881049	4687.65	0
0.360343	0.01	0.2	0.944061	5548.95	0
0.360343	0.01	0.2	1.01158	6465.48	0
0.360343	0.01	0.2	1.08393	7418.52	0
0.360343	0.01	0.2	1.16145	8384.63	0
0.360343	0.01	0.2	1.24451	9335.47	0
0.360343	0.01	0.2	1.33352	10237.8	0
0.360343	0.01	0.2	1.42889	11055	0
0.360343	0.01	0.2	1.53109	11751.6	0
0.360343	0.01	0.2	1.64059	12300.4	0
0.360343	0.01	0.2	1.75792	12691.6	0
0.360343	0.01	0.2	1.88365	12939	0
0.360343	0.01	0.2	2.01837	13078.8	0
0.360343	0.01	0.2	2.16272	13160.4	0
0.360343	0.01	0.2	2.31739	13238.5	0
0.360343	0.01	0.2	2.48313	13373.2	0
0.360343	0.01	0.2	2.66073	13636	0
0.360343	0.01	0.2	2.85102	14098.1	0
0.360343	0.01	0.2	3.05492	14786.3	0
0.360343	0.01	0.2	3.27341	15638.9	0
0.360343	0.01	0.2	3.50752	16526.5	0
0.360343	0.01	0.2	3.75837	17325.3	0
0.360343	0.01	0.2	4.02717	17957.9	0
0.360343	0.01	0.2	4.31519	18432.4	0
0.360343	0.01	0.2	4.62381	18895.5	0
0.360343	0.01	0.2	4.9545	19479.8	0
0.360343	0.01	0.2	5.30884	20130.7	0
0.360343	0.01	0.2	5.68853	20721.1	0
0.360343	0.01	0.2	6.09537	21224.6	0
0.360343	0.01	0.2	6.53131	21852.2	0
0.360343	0.01	0.2	6.99842	22659.5	0
0.360343	0.01	0.2	7.49894	23302.8	0
0.360343	0.01	0.2	8.03526	23423.7	0
0.360343	0.01	0.2	8.60994	23094.5	0
0.360343	0.01	0.2	9.22571	22291.8	0
0.360343	0.01	0.2	9.88553	21100.3	0
0.360343	0.01	0.2	10.5925	19932.8	0
0.360343	0.01	0.2	11.3501	18591.7	0
0.360343	0.01	0.2	12.1619	17279.1	0
0.360343	0.01	0.2	13.0317	16397.1	0
0.360343	0.01	0.2	13.9637	16258.5	0
0.360343	0.01	0.2	14.9624	16482	0
0.360343	0.01	0.2	16.0325	16721.7	0
0.360343	0.01	0.2	17.1791	17019.3	0
0.360343	0.01	0.2	18.4077	17318.8	0
0.360343	0.01	0.2	19.7242	17353.3	0
0.360343	0.01	0.2	21.1349	17207.1	0
0.360343	0.01	0.2	22.6464	16579.6	0
0.360343	0.01	0.2	24.2661	15788.8	0
0.360343	0.01	0.2	26.0016	15196.1	0
0.360343	0.01	0.2	27.8612	15003.1	0
0.360343	0.01	0.2	29.8538	15139.7	0
0.360343	0.01	0.2	31.989	15527.5	0
0.360343	0.01	0.2	34.2768	16088.1	0
0.360343	0.01	0.2	36.7282	16761	0
0.360343	0.01	0.2	39.355	17193.7	0
0.360343	0.01	0.2	42.1697	17232.1	0
0.360343	0.01	0.2	45.1856	16975.1	0
0.360343	0.01	0.2	48.4172	16739.3	0
0.360343	0.01	0.2	51.88	16563.6	0
0.360343	0.01	0.2	55.5904	16274.6	0
0.360343	0.01	0.2	59.5662	15853.8	0
0.360343	0.01	0.2	63.8263	15664.6	0
0.360343	0.01	0.2	68.3912	15685.5	0
0.360343	0.01	0.2	73.2825	15671.2	0
0.360343	0.01	0.2	78.5236	15470.5	0
0.360343	0.01	0.2	84.1395	15529.3	0
0.360343	0.01	0.2	90.1571	15691.6	0
0.360343	0.01	0.2	96.6051	15705.8	0
0.393701	0.01	0.2	0.103514	197.304	0
0.393701	0.01	0.2	0.110917	188.88	0
0.393701	0.01	0.2	0.11885	179.5	0
0.393701	0.01	0.2	0.12735	169.112	0
0.393701	0.01	0.2	0.136458	157.682	0
0.393701	0.01	0.2	0.146218	145.207	0
0.393701	0.01	0.2	0.156675	131.724	0
0.393701	0.01	0.2	0.16788	117.336	0
0.393701	0.01	0.2	0.179887	102.227	0
0.393701	0.01	0.2	0.192752	86.7013	0
0.393701	0.01	0.2	0.206538	71.2167	0
0.393701	0.01	0.2	0.221309	56.4369	0
0.393701	0.01	0.2	0.237137	43.2917	0
0.393701	0.01	0.2	0.254097	33.0509	0
0.393701	0.01	0.2	0.27227	27.4126	0
0.393701	0.01	0.2	0.291743	28.6044	0
0.393701	0.01	0.2	0.312608	39.498	0
0.393701	0.01	0.2	0.334965	63.7311	0
0.393701	0.01	0.2	0.358922	105.83	0
0.393701	0.01	0.2	0.384592	171.323	0
0.393701	0.01	0.2	0.412098	266.817	0
0.393701	0.01	0.2	0.44157	400.033	0
0.393701	0.01	0.2	0.473151	579.746	0
0.393701	0.01	0.2	0.506991	815.612	0
0.393701	0.01	0.2	0.54325	1117.85	0
0.393701	0.01	0.2	0.582103	1496.71	0
0.393701	0.01	0.2	0.623735	1961.84	0
0.393701	0.01	0.2	0.668344	2521.36	0
0.393701	0.01	0.2	0.716143	3180.93	0
0.393701	0.01	0.2	0.767361	3942.81	0
0.393701	0.01	0.2	0.822243	4804.95	0
0.393701	0.01	0.2	0.881049	5760.43	0
0.393701	0.01	0.2	0.944061	6797.14	0
0.393701	0.01	0.2	1.01158	7897.64	0
0.393701	0.01	0.2	1.08393	9039.17	0
0.393701	0.01	0.2	1.16145	10193.4	0
0.393701	0.01	0.2	1.24451	11326.2	0
0.393701	0.01	0.2	1.33352	12397.8	0
0.393701	0.01	0.2	1.42889	13364.6	0
0.393701	0.01	0.2	1.53109	14184.4	0
0.393701	0.01	0.2	1.64059	14825.5	0
0.393701	0.01	0.2	1.75792	15277.5	0
0.393701	0.01	0.2	1.88365	15558.4	0
0.393701	0.01	0.2	2.01837	15713	0
0.393701	0.01	0.2	2.16272	15802.2	0
0.393701	0.01	0.2	2.31739	15893.2	0
0.393701	0.01	0.2	2.48313	16059.6	0
0.393701	0.01	0.2	2.66073	16388.3	0
0.393701	0.01	0.2	2.85102	16965.3	0
0.393701	0.01	0.2	3.05492	17822.6	0
0.393701	0.01	0.2	3.27341	18884.9	0
0.393701	0.01	0.2	3.50752	19993.4	0
0.393701	0.01	0.2	3.75837	20995.3	0
0.393701	0.01	0.2	4.02717	21792.3	0
0.393701	0.01	0.2	4.31519	22389.8	0
0.393701	0.01	0.2	4.62381	22961.7	0
0.393701	0.01	0.2	4.9545	23665.9	0
0.393701	0.01	0.2	5.30884	24436.7	0
0.393701	0.01	0.2	5.68853	25124.8	0
0.393701	0.01	0.2	6.09537	25704.7	0
0.393701	0.01	0.2	6.53131	26438.4	0
0.393701	0.01	0.2	6.99842	27398.9	0
0.393701	0.01	0.2	7.49894	28178.5	0
0.393701	0.01	0.2	8.03526	28348.5	0
0.393701	0.01	0.2	8.60994	27991.7	0
0.393701	0.01	0.2	9.22571	27065.7	0
0.393701	0.01	0.2	9.88553	25651.9	0
0.393701	0.01	0.2	10.5925	24234.2	0
0.393701	0.01	0.2	11.3501	22578.7	0
0.393701	0.01	0.2	12.1619	20947.6	0
0.393701	0.01	0.2	13.0317	19846.8	0
0.393701	0.01	0.2	13.9637	19662.1	0
0.393701	0.01	0.2	14.9624	19928.7	0
0.393701	0.01	0.2	16.0325	20215.2	0
0.393701	0.01	0.2	17.1791	20561.2	0
0.393701	0.01	0.2	18.4077	20903.2	0
0.393701	0.01	0.2	19.7242	20935.7	0
0.393701	0.01	0.2	21.1349	20766.8	0
0.393701	0.01	0.2	22.6464	20033.9	0
0.393701	0.01	0.2	24.2661	19111.2	0
0.393701	0.01	0.2	26.0016	18427.8	0
0.393701	0.01	0.2	27.8612	18215.9	0
0.393701	0.01	0.2	29.8538	18378.4	0
0.393701	0.01	0.2	31.989	18817.9	0
0.393701	0.01	0.2	34.2768	19445.5	0
0.393701	0.01	0.2	36.7282	20199.6	0
0.393701	0.01	0.2	39.355	20672.8	0
0.393701	0.01	0.2	42.1697	20705.2	0
0.393701	0.01	0.2	45.1856	20412.4	0
0.393701	0.01	0.2	48.4172	20136.7	0
0.393701	0.01	0.2	51.88	19925.4	0
0.393701	0.01	0.2	55.5904	19605.6	0
0.393701	0.01	0.2	59.5662	19157.5	0
0.393701	0.01	0.2	63.8263	18969.6	0
0.393701	0.01	0.2	68.3912	18995.3	0
0.393701	0.01	0.2	73.2825	18967.4	0
0.393701	0.01	0.2	78.5236	18732.3	0
0.393701	0.01	0.2	84.1395	18810.6	0
0.393701	0.01	0.2	90.1571	19002.4	0
0.393701	0.01	0.2	96.6051	19013.2	0
0.430148	0.01	0.2	0.103514	192.04	0
0.430148	0.01	0.2	0.110917	183.004	0
0.430148	0.01	0.2	0.11885	172.972	0
0.430148	0.01	0.2	0.12735	161.903	0
0.430148	0.01	0.2	0.136458	149.78	0
0.430148	0.01	0.2	0.146218	136.623	0
0.430148	0.01	0.2	0.156675	122.506	0
0.430148	0.01	0.2	0.16788	107.583	0
0.430148	0.01	0.2	0.179887	92.11	0
0.430148	0.01	0.2	0.192752	76.4868	0
0.430148	0.01	0.2	0.206538	61.3028	0
0.430148	0.01	0.2	0.221309	47.3955	0
0.430148	0.01	0.2	0.237137	35.9233	0
0.430148	0.01	0.2	0.254097	28.4532	0
0.430148	0.01	0.2	0.27227	27.0647	0
0.430148	0.01	0.2	0.291743	34.4704	0
0.430148	0.01	0.2	0.312608	54.1502	0
0.430148	0.01	0.2	0.334965	90.4949	0
0.430148	0.01	0.2	0.358922	148.95	0
0.430148	0.01	0.2	0.384592	236.142	0
0.430148	0.01	0.2	0.412098	359.978	0
0.430148	0.01	0.2	0.44157	529.666	0
0.430148	0.01	0.2	0.473151	755.646	0
0.430148	0.01	0.2	0.506991	1049.38	0
0.430148	0.01	0.2	0.54325	1422.94	0
0.430148	0.01	0.2	0.582103	1888.43	0
0.430148	0.01	0.2	0.623735	2457.12	0
0.430148	0.01	0.2	0.668344	3138.44	0
0.430148	0.01	0.2	0.716143	3938.81	0
0.430148	0.01	0.2	0.767361	4860.51	0
0.430148	0.01	0.2	0.822243	5900.68	0
0.430148	0.01	0.2	0.881049	7050.56	0
0.430148	0.01	0.2	0.944061	8295.19	0
0.430148	0.01	0.2	1.01158	9613.26	0
0.430148	0.01	0.2	1.08393	10977.1	0
0.430148	0.01	0.2	1.16145	12352.6	0
0.430148	0.01	0.2	1.24451	13698.6	0
0.430148	0.01	0.2	1.33352	14967.4	0
0.430148	0.01	0.2	1.42889	16107.4	0
0.430148	0.01	0.2	1.53109	17068.6	0
0.430148	0.01	0.2	1.64059	17814.2	0
0.430148	0.01	0.2	1.75792	18333.2	0
0.430148	0.01	0.2	1.88365	18649	0
0.430148	0.01	0.2	2.01837	18817.2	0
0.430148	0.01	0.2	2.16272	18913	0
0.430148	0.01	0.2	2.31739	19019	0
0.430148	0.01	0.2	2.48313	19225.3	0
0.430148	0.01	0.2	2.66073	19637.4	0
0.430148	0.01	0.2	2.85102	20359.2	0
0.430148	0.01	0.2	3.05492	21429.2	0
0.430148	0.01	0.2	3.27341	22755.2	0
0.430148	0.01	0.2	3.50752	24142.7	0
0.430148	0.01	0.2	3.75837	25402.1	0
0.430148	0.01	0.2	4.02717	26408.7	0
0.430148	0.01	0.2	4.31519	27163.1	0
0.430148	0.01	0.2	4.62381	27870.1	0
0.430148	0.01	0.2	4.9545	28717.3	0
0.430148	0.01	0.2	5.30884	29626	0
0.430148	0.01	0.2	5.68853	30421.2	0
0.430148	0.01	0.2	6.09537	31081.7	0
0.430148	0.01	0.2	6.53131	31933	0
0.430148	0.01	0.2	6.99842	33072.9	0
0.430148	0.01	0.2	7.49894	34019	0
0.430148	0.01	0.2	8.03526	34259.7	0
0.430148	0.01	0.2	8.60994	33887	0
0.430148	0.01	0.2	9.22571	32829	0
0.430148	0.01	0.2	9.88553	31155.9	0
0.430148	0.01	0.2	10.5925	29432.4	0
0.430148	0.01	0.2	11.3501	27383.6	0
0.430148	0.01	0.2	12.1619	25350.9	0
0.430148	0.01	0.2	13.0317	23973.1	0
0.430148	0.01	0.2	13.9637	23726.4	0
0.430148	0.01	0.2	14.9624	24044.2	0
0.430148	0.01	0.2	16.0325	24387	0
0.430148	0.01	0.2	17.1791	24788.6	0
0.430148	0.01	0.2	18.4077	25176.7	0
0.430148	0.01	0.2	19.7242	25203.9	0
0.430148	0.01	0.2	21.1349	25007.9	0
0.430148	0.01	0.2	22.6464	24153.3	0
0.430148	0.01	0.2	24.2661	23080.8	0
0.430148	0.01	0.2	26.0016	22299.8	0
0.430148	0.01	0.2	27.8612	22073.7	0
0.430148	0.01	0.2	29.8538	22267.5	0
0.430148	0.01	0.2	31.989	22759.5	0
0.430148	0.01	0.2	34.2768	23451.8	0
0.430148	0.01	0.2	36.7282	24285.8	0
0.430148	0.01	0.2	39.355	24793.8	0
0.430148	0.01	0.2	42.1697	24816.1	0
0.430148	0.01	0.2	45.1856	24486.5	0
0.430148	0.01	0.2	48.4172	24166.5	0
0.430148	0.01	0.2	51.88	23912.4	0
0.430148	0.01	0.2	55.5904	23561.8	0
0.430148	0.01	0.2	59.5662	23094.2	0
0.430148	0.01	0.2	63.8263	22917.7	0
0.430148	0.01	0.2	68.3912	22950.3	0
0.430148	0.01	0.2	73.2825	22903.3	0
0.430148	0.01	0.2	78.5236	22627.4	0
0.430148	0.01	0.2	84.1395	22729.9	0
0.430148	0.01	0.2	90.1571	22956.5	0
0.430148	0.01	0.2	96.6051	22961.6	0
0.469968	0.01	0.2	0.103514	186.398	0
0.469968	0.01	0.2	0.110917	176.723	0
0.469968	0.01	0.2	0.11885	166.019	0
0.469968	0.01	0.2	0.12735	154.257	0
0.469968	0.01	0.2	0.136458	141.443	0
0.469968	0.01	0.2	0.146218	127.628	0
0.469968	0.01	0.2	0.156675	112.932	0
0.469968	0.01	0.2	0.16788	97.5714	0
0.469968	0.01	0.2	0.179887	81.8897	0
0.469968	0.01	0.2	0.192752	66.406	0
0.469968	0.01	0.2	0.206538	51.8685	0
0.469968	0.01	0.2	0.221309	39.3254	0
0.469968	0.01	0.2	0.237137	30.2107	0
0.469968	0.01	0.2	0.254097	26.4487	0
0.469968	0.01	0.2	0.27227	30.5768	0
0.469968	0.01	0.2	0.291743	45.8879	0
0.469968	0.01	0.2	0.312608	76.5883	0
0.469968	0.01	0.2	0.334965	127.967	0
0.469968	0.01	0.2	0.358922	206.562	0
0.469968	0.01	0.2	0.384592	320.31	0
0.469968	0.01	0.2	0.412098	478.654	0
0.469968	0.01	0.2	0.44157	692.567	0
0.469968	0.01	0.2	0.473151	974.459	0
0.469968	0.01	0.2	0.506991	1337.91	0
0.469968	0.01	0.2	0.54325	1797.21	0
0.469968	0.01	0.2	0.582103	2366.57	0
0.469968	0.01	0.2	0.623735	3059.2	0
0.469968	0.01	0.2	0.668344	3886	0
0.469968	0.01	0.2	0.716143	4854.24	0
0.469968	0.01	0.2	0.767361	5966.16	0
0.469968	0.01	0.2	0.822243	7217.81	0
0.469968	0.01	0.2	0.881049	8598.18	0
0.469968	0.01	0.2	0.944061	10088.8	0
0.469968	0.01	0.2	1.01158	11663.6	0
0.469968	0.01	0.2	1.08393	13289.2	0
0.469968	0.01	0.2	1.16145	14924.1	0
0.469968	0.01	0.2	1.24451	16519.1	0
0.469968	0.01	0.2	1.33352	18017.2	0
0.469968	0.01	0.2	1.42889	19356.9	0
0.469968	0.01	0.2	1.53109	20479.5	0
0.469968	0.01	0.2	1.64059	21342.3	0
0.469968	0.01	0.2	1.75792	21934.1	0
0.469968	0.01	0.2	1.88365	22285.1	0
0.469968	0.01	0.2	2.01837	22464.6	0
0.469968	0.01	0.2	2.16272	22565.4	0
0.469968	0.01	0.2	2.31739	22688.9	0
0.469968	0.01	0.2	2.48313	22945.5	0
0.469968	0.01	0.2	2.66073	23463.4	0
0.469968	0.01	0.2	2.85102	24368.4	0
0.469968	0.01	0.2	3.05492	25706.4	0
0.469968	0.01	0.2	3.27341	27365	0
0.469968	0.01	0.2	3.50752	29105.7	0
0.469968	0.01	0.2	3.75837	30693.1	0
0.469968	0.01	0.2	4.02717	31968.3	0
0.469968	0.01	0.2	4.31519	32923.6	0
0.469968	0.01	0.2	4.62381	33799.1	0
0.469968	0.01	0.2	4.9545	34816.8	0
0.469968	0.01	0.2	5.30884	35882.3	0
0.469968	0.01	0.2	5.68853	36791.9	0
0.469968	0.01	0.2	6.09537	37532.9	0
0.469968	0.01	0.2	6.53131	38511.8	0
0.469968	0.01	0.2	6.99842	39860.2	0
0.469968	0.01	0.2	7.49894	41010.6	0
0.469968	0.01	0.2	8.03526	41352.5	0
0.469968	0.01	0.2	8.60994	40984.9	0
0.469968	0.01	0.2	9.22571	39791.4	0
0.469968	0.01	0.2	9.88553	37817.4	0
0.469968	0.01	0.2	10.5925	35719.2	0
0.469968	0.01	0.2	11.3501	33176.1	0
0.469968	0.01	0.2	12.1619	30634.7	0
0.469968	0.01	0.2	13.0317	28904.1	0
0.469968	0.01	0.2	13.9637	28573.8	0
0.469968	0.01	0.2	14.9624	28952	0
0.469968	0.01	0.2	16.0325	29363.5	0
0.469968	0.01	0.2	17.1791	29829.3	0
0.469968	0.01	0.2	18.4077	30267	0
0.469968	0.01	0.2	19.7242	30284	0
0.469968	0.01	0.2	21.1349	30055	0
0.469968	0.01	0.2	22.6464	29059.7	0
0.469968	0.01	0.2	24.2661	27817.8	0
0.469968	0.01	0.2	26.0016	26934.2	0
0.469968	0.01	0.2	27.8612	26703	0
0.469968	0.01	0.2	29.8538	26935.2	0
0.469968	0.01	0.2	31.989	27477.8	0
0.469968	0.01	0.2	34.2768	28226.5	0
0.469968	0.01	0.2	36.7282	29133.4	0
0.469968	0.01	0.2	39.355	29665.9	0
0.469968	0.01	0.2	42.1697	29672.3	0
0.469968	0.01	0.2	45.1856	29306.5	0
0.469968	0.01	0.2	48.4172	28938.3	0
0.469968	0.01	0.2	51.88	28633	0
0.469968	0.01	0.2	55.5904	28252.2	0
0.469968	0.01	0.2	59.5662	27777.3	0
0.469968	0.01	0.2	63.8263	27626.8	0
0.469968	0.01	0.2	68.3912	27669.9	0
0.469968	0.01	0.2	73.2825	27596.9	0
0.469968	0.01	0.2	78.5236	27272	0
0.469968	0.01	0.2	84.1395	27404.2	0
0.469968	0.01	0.2	90.1571	27671.2	0
0.469968	0.01	0.2	96.6051	27667.5	0
0.513475	0.01	0.2	0.103514	180.361	0
0.513475	0.01	0.2	0.110917	170.024	0
0.513475	0.01	0.2	0.11885	158.632	0
0.513475	0.01	0.2	0.12735	146.176	0
0.513475	0.01	0.2	0.136458	132.686	0
0.513475	0.01	0.2	0.146218	118.255	0
0.513475	0.01	0.2	0.156675	103.059	0
0.513475	0.01	0.2	0.16788	87.3919	0
0.513475	0.01	0.2	0.179887	71.7062	0
0.513475	0.01	0.2	0.192752	56.6646	0
0.513475	0.01	0.2	0.206538	43.2083	0
0.513475	0.01	0.2	0.221309	32.6397	0
0.513475	0.01	0.2	0.237137	26.7247	0
0.513475	0.01	0.2	0.254097	27.8162	0
0.513475	0.01	0.2	0.27227	39.0001	0
0.513475	0.01	0.2	0.291743	64.2624	0
0.513475	0.01	0.2	0.312608	108.676	0
0.513475	0.01	0.2	0.334965	178.6	0
0.513475	0.01	0.2	0.358922	281.87	0
0.513475	0.01	0.2	0.384592	427.98	0
0.513475	0.01	0.2	0.412098	628.192	0
0.513475	0.01	0.2	0.44157	895.567	0
0.513475	0.01	0.2	0.473151	1244.84	0
0.513475	0.01	0.2	0.506991	1692.1	0
0.513475	0.01	0.2	0.54325	2254.2	0
0.513475	0.01	0.2	0.582103	2947.87	0
0.513475	0.01	0.2	0.623735	3788.53	0
0.513475	0.01	0.2	0.668344	4788.78	0
0.513475	0.01	0.2	0.716143	5956.8	0
0.513475	0.01	0.2	0.767361	7294.71	0
0.513475	0.01	0.2	0.822243	8797.14	0
0.513475	0.01	0.2	0.881049	10450.3	0
0.513475	0.01	0.2	0.944061	12231.3	0
0.513475	0.01	0.2	1.01158	14108.6	0
0.513475	0.01	0.2	1.08393	16041.4	0
0.513475	0.01	0.2	1.16145	17979.9	0
0.513475	0.01	0.2	1.24451	19865	0
0.513475	0.01	0.2	1.33352	21628.6	0
0.513475	0.01	0.2	1.42889	23197.8	0
0.513475	0.01	0.2	1.53109	24503.4	0
0.513475	0.01	0.2	1.64059	25496.5	0
0.513475	0.01	0.2	1.75792	26166	0
0.513475	0.01	0.2	1.88365	26551.1	0
0.513475	0.01	0.2	2.01837	26737.8	0
0.513475	0.01	0.2	2.16272	26840.7	0
0.513475	0.01	0.2	2.31739	26984.7	0
0.513475	0.01	0.2	2.48313	27305.1	0
0.513475	0.01	0.2	2.66073	27957.9	0
0.513475	0.01	0.2	2.85102	29095.1	0
0.513475	0.01	0.2	3.05492	30772	0
0.513475	0.01	0.2	3.27341	32851.6	0
0.513475	0.01	0.2	3.50752	35041	0
0.513475	0.01	0.2	3.75837	37047.5	0
0.513475	0.01	0.2	4.02717	38668.4	0
0.513475	0.01	0.2	4.31519	39882.3	0
0.513475	0.01	0.2	4.62381	40968.8	0
0.513475	0.01	0.2	4.9545	42189.5	0
0.513475	0.01	0.2	5.30884	43431.1	0
0.513475	0.01	0.2	5.68853	44458	0
0.513475	0.01	0.2	6.09537	45272.7	0
0.513475	0.01	0.2	6.53131	46385	0
0.513475	0.01	0.2	6.99842	47974.1	0
0.513475	0.01	0.2	7.49894	49375.8	0
0.513475	0.01	0.2	8.03526	49862.6	0
0.513475	0.01	0.2	8.60994	49535.4	0
0.513475	0.01	0.2	9.22571	48211.2	0
0.513475	0.01	0.2	9.88553	45890.8	0
0.513475	0.01	0.2	10.5925	43332.2	0
0.513475	0.01	0.2	11.3501	40164.5	0
0.513475	0.01	0.2	12.1619	36975.1	0
0.513475	0.01	0.2	13.0317	34792.5	0
0.513475	0.01	0.2	13.9637	34348.8	0
0.513475	0.01	0.2	14.9624	34798.6	0
0.513475	0.01	0.2	16.0325	35295	0
0.513475	0.01	0.2	17.1791	35836	0
0.513475	0.01	0.2	18.4077	36326.7	0
0.513475	0.01	0.2	19.7242	36326.2	0
0.513475	0.01	0.2	21.1349	36055.9	0
0.513475	0.01	0.2	22.6464	34896.9	0
0.513475	0.01	0.2	24.2661	33464.6	0
0.513475	0.01	0.2	26.0016	32477.3	0
0.513475	0.01	0.2	27.8612	32256.5	0
0.513475	0.01	0.2	29.8538	32535.8	0
0.513475	0.01	0.2	31.989	33122.7	0
0.513475	0.01	0.2	34.2768	33911	0
0.513475	0.01	0.2	36.7282	34875.3	0
0.513475	0.01	0.2	39.355	35414.9	0
0.513475	0.01	0.2	42.1697	35398.1	0
0.513475	0.01	0.2	45.1856	34999.4	0
0.513475	0.01	0.2	48.4172	34579.8	0
0.513475	0.01	0.2	51.88	34213.4	0
0.513475	0.01	0.2	55.5904	33803.9	0
0.513475	0.01	0.2	59.5662	33339.1	0
0.513475	0.01	0.2	63.8263	33235.4	0
0.513475	0.01	0.2	68.3912	33295	0
0.513475	0.01	0.2	73.2825	33187.6	0
0.513475	0.01	0.2	78.5236	32803.5	0
0.513475	0.01	0.2	84.1395	32971.1	0
0.513475	0.01	0.2	90.1571	33284.2	0
0.513475	0.01	0.2	96.6051	33267.2	0
0.56101	0.01	0.2	0.103514	173.916	0
0.56101	0.01	0.2	0.110917	162.899	0
0.56101	0.01	0.2	0.11885	150.811	0
0.56101	0.01	0.2	0.12735	137.666	0
0.56101	0.01	0.2	0.136458	123.531	0
0.56101	0.01	0.2	0.146218	108.548	0
0.56101	0.01	0.2	0.156675	92.9622	0
0.56101	0.01	0.2	0.16788	77.1647	0
0.56101	0.01	0.2	0.179887	61.738	0
0.56101	0.01	0.2	0.192752	47.5207	0
0.56101	0.01	0.2	0.206538	35.687	0
0.56101	0.01	0.2	0.221309	27.8454	0
0.56101	0.01	0.2	0.237137	26.1604	0
0.56101	0.01	0.2	0.254097	33.4986	0
0.56101	0.01	0.2	0.27227	53.6011	0
0.56101	0.01	0.2	0.291743	91.2814	0
0.56101	0.01	0.2	0.312608	152.645	0
0.56101	0.01	0.2	0.334965	245.321	0
0.56101	0.01	0.2	0.358922	378.69	0
0.56101	0.01	0.2	0.384592	564.088	0
0.56101	0.01	0.2	0.412098	814.933	0
0.56101	0.01	0.2	0.44157	1146.75	0
0.56101	0.01	0.2	0.473151	1577.03	0
0.56101	0.01	0.2	0.506991	2124.79	0
0.56101	0.01	0.2	0.54325	2809.91	0
0.56101	0.01	0.2	0.582103	3652.05	0
0.56101	0.01	0.2	0.623735	4669.18	0
0.56101	0.01	0.2	0.668344	5875.85	0
0.56101	0.01	0.2	0.716143	7281.24	0
0.56101	0.01	0.2	0.767361	8887.15	0
0.56101	0.01	0.2	0.822243	10686.4	0
0.56101	0.01	0.2	0.881049	12661.7	0
0.56101	0.01	0.2	0.944061	14785.1	0
0.56101	0.01	0.2	1.01158	17017.9	0
0.56101	0.01	0.2	1.08393	19310.7	0
0.56101	0.01	0.2	1.16145	21603.5	0
0.56101	0.01	0.2	1.24451	23825.4	0
0.56101	0.01	0.2	1.33352	25895.3	0
0.56101	0.01	0.2	1.42889	27726.8	0
0.56101	0.01	0.2	1.53109	29238.8	0
0.56101	0.01	0.2	1.64059	30375.3	0
0.56101	0.01	0.2	1.75792	31126	0
0.56101	0.01	0.2	1.88365	31541.7	0
0.56101	0.01	0.2	2.01837	31729.3	0
0.56101	0.01	0.2	2.16272	31830.3	0
0.56101	0.01	0.2	2.31739	31998.6	0
0.56101	0.01	0.2	2.48313	32400.3	0
0.56101	0.01	0.2	2.66073	33225.3	0
0.56101	0.01	0.2	2.85102	34657.7	0
0.56101	0.01	0.2	3.05492	36764.5	0
0.56101	0.01	0.2	3.27341	39378.3	0
0.56101	0.01	0.2	3.50752	42140	0
0.56101	0.01	0.2	3.75837	44684.6	0
0.56101	0.01	0.2	4.02717	46752.1	0
0.56101	0.01	0.2	4.31519	48300.6	0
0.56101	0.01	0.2	4.62381	49652.9	0
0.56101	0.01	0.2	4.9545	51115	0
0.56101	0.01	0.2	5.30884	52551.1	0
0.56101	0.01	0.2	5.68853	53690.4	0
0.56101	0.01	0.2	6.09537	54560.7	0
0.56101	0.01	0.2	6.53131	55805.1	0
0.56101	0.01	0.2	6.99842	57669.1	0
0.56101	0.01	0.2	7.49894	59381.1	0
0.56101	0.01	0.2	8.03526	60075.2	0
0.56101	0.01	0.2	8.60994	59844.9	0
0.56101	0.01	0.2	9.22571	58408.9	0
0.56101	0.01	0.2	9.88553	55693.4	0
0.56101	0.01	0.2	10.5925	52567	0
0.56101	0.01	0.2	11.3501	48606.1	0
0.56101	0.01	0.2	12.1619	44586.3	0
0.56101	0.01	0.2	13.0317	41820.9	0
0.56101	0.01	0.2	13.9637	41222.6	0
0.56101	0.01	0.2	14.9624	41757.8	0
0.56101	0.01	0.2	16.0325	42360.8	0
0.56101	0.01	0.2	17.1791	42991.2	0
0.56101	0.01	0.2	18.4077	43538.3	0
0.56101	0.01	0.2	19.7242	43509.9	0
0.56101	0.01	0.2	21.1349	43186.1	0
0.56101	0.01	0.2	22.6464	41835.3	0
0.56101	0.01	0.2	24.2661	40189.9	0
0.56101	0.01	0.2	26.0016	39103.8	0
0.56101	0.01	0.2	27.8612	38918.1	0
0.56101	0.01	0.2	29.8538	39256.7	0
0.56101	0.01	0.2	31.989	39874.8	0
0.56101	0.01	0.2	34.2768	40673.1	0
0.56101	0.01	0.2	36.7282	41666.8	0
0.56101	0.01	0.2	39.355	42186.4	0
0.56101	0.01	0.2	42.1697	42137.2	0
0.56101	0.01	0.2	45.1856	41713	0
0.56101	0.01	0.2	48.4172	41240.4	0
0.56101	0.01	0.2	51.88	40800.8	0
0.56101	0.01	0.2	55.5904	40365.2	0
0.56101	0.01	0.2	59.5662	39934.4	0
0.56101	0.01	0.2	63.8263	39906.1	0
0.56101	0.01	0.2	68.3912	39992.2	0
0.56101	0.01	0.2	73.2825	39840.9	0
0.56101	0.01	0.2	78.5236	39384.2	0
0.56101	0.01	0.2	84.1395	39592.5	0
0.56101	0.01	0.2	90.1571	39957.1	0
0.56101	0.01	0.2	96.6051	39919.9	0
0.612945	0.01	0.2	0.103514	167.053	0
0.612945	0.01	0.2	0.110917	155.342	0
0.612945	0.01	0.2	0.11885	142.559	0
0.612945	0.01	0.2	0.12735	128.747	0
0.612945	0.01	0.2	0.136458	114.017	0
0.612945	0.01	0.2	0.146218	98.5721	0
0.612945	0.01	0.2	0.156675	82.7451	0
0.612945	0.01	0.2	0.16788	67.044	0
0.612945	0.01	0.2	0.179887	52.2102	0
0.612945	0.01	0.2	0.192752	39.2948	0
0.612945	0.01	0.2	0.206538	29.7528	0
0.612945	0.01	0.2	0.221309	25.5606	0
0.612945	0.01	0.2	0.237137	29.3603	0
0.612945	0.01	0.2	0.254097	44.6327	0
0.612945	0.01	0.2	0.27227	75.9009	0
0.612945	0.01	0.2	0.291743	128.964	0
0.612945	0.01	0.2	0.312608	211.156	0
0.612945	0.01	0.2	0.334965	331.615	0
0.612945	0.01	0.2	0.358922	501.554	0
0.612945	0.01	0.2	0.384592	734.488	0
0.612945	0.01	0.2	0.412098	1046.39	0
0.612945	0.01	0.2	0.44157	1455.69	0
0.612945	0.01	0.2	0.473151	1983.11	0
0.612945	0.01	0.2	0.506991	2651.14	0
0.612945	0.01	0.2	0.54325	3483.19	0
0.612945	0.01	0.2	0.582103	4502.3	0
0.612945	0.01	0.2	0.623735	5729.45	0
0.612945	0.01	0.2	0.668344	7181.36	0
0.612945	0.01	0.2	0.716143	8868.24	0
0.612945	0.01	0.2	0.767361	10791.4	0
0.612945	0.01	0.2	0.822243	12941.4	0
0.612945	0.01	0.2	0.881049	15296.7	0
0.612945	0.01	0.2	0.944061	17822.7	0
0.612945	0.01	0.2	1.01158	20472.3	0
0.612945	0.01	0.2	1.08393	23185.9	0
0.612945	0.01	0.2	1.16145	25891.1	0
0.612945	0.01	0.2	1.24451	28503	0
0.612945	0.01	0.2	1.33352	30925	0
0.612945	0.01	0.2	1.42889	33054.8	0
0.612945	0.01	0.2	1.53109	34797.9	0
0.612945	0.01	0.2	1.64059	36090.1	0
0.612945	0.01	0.2	1.75792	36923.6	0
0.612945	0.01	0.2	1.88365	37363.4	0
0.612945	0.01	0.2	2.01837	37542.7	0
0.612945	0.01	0.2	2.16272	37636.1	0
0.612945	0.01	0.2	2.31739	37833.5	0
0.612945	0.01	0.2	2.48313	38339.3	0
0.612945	0.01	0.2	2.66073	39384.9	0
0.612945	0.01	0.2	2.85102	41193.9	0
0.612945	0.01	0.2	3.05492	43847.3	0
0.612945	0.01	0.2	3.27341	47141.7	0
0.612945	0.01	0.2	3.50752	50635.8	0
0.612945	0.01	0.2	3.75837	53873.9	0
0.612945	0.01	0.2	4.02717	56521.5	0
0.612945	0.01	0.2	4.31519	58505.4	0
0.612945	0.01	0.2	4.62381	60194.1	0
0.612945	0.01	0.2	4.9545	61943.4	0
0.612945	0.01	0.2	5.30884	63589.1	0
0.612945	0.01	0.2	5.68853	64823.2	0
0.612945	0.01	0.2	6.09537	65713.6	0
0.612945	0.01	0.2	6.53131	67076	0
0.612945	0.01	0.2	6.99842	69250.2	0
0.612945	0.01	0.2	7.49894	71347.1	0
0.612945	0.01	0.2	8.03526	72337	0
0.612945	0.01	0.2	8.60994	72291.6	0
0.612945	0.01	0.2	9.22571	70784.9	0
0.612945	0.01	0.2	9.88553	67623.9	0
0.612945	0.01	0.2	10.5925	63795.1	0
0.612945	0.01	0.2	11.3501	58820.9	0
0.612945	0.01	0.2	12.1619	53730.4	0
0.612945	0.01	0.2	13.0317	50208.5	0
0.612945	0.01	0.2	13.9637	49398.4	0
0.612945	0.01	0.2	14.9624	50035.9	0
0.612945	0.01	0.2	16.0325	50775.5	0
0.612945	0.01	0.2	17.1791	51515.1	0
0.612945	0.01	0.2	18.4077	52121.8	0
0.612945	0.01	0.2	19.7242	52051	0
0.612945	0.01	0.2	21.1349	51655.5	0
0.612945	0.01	0.2	22.6464	50077.5	0
0.612945	0.01	0.2	24.2661	48194.6	0
0.612945	0.01	0.2	26.0016	47023.6	0
0.612945	0.01	0.2	27.8612	46911.5	0
0.612945	0.01	0.2	29.8538	47325.7	0
0.612945	0.01	0.2	31.989	47952.2	0
0.612945	0.01	0.2	34.2768	48712.1	0
0.612945	0.01	0.2	36.7282	49689.6	0
0.612945	0.01	0.2	39.355	50149	0
0.612945	0.01	0.2	42.1697	50055.8	0
0.612945	0.01	0.2	45.1856	49619.3	0
0.612945	0.01	0.2	48.4172	49094.8	0
0.612945	0.01	0.2	51.88	48567.8	0
0.612945	0.01	0.2	55.5904	48108.7	0
0.612945	0.01	0.2	59.5662	47743.7	0
0.612945	0.01	0.2	63.8263	47830	0
0.612945	0.01	0.2	68.3912	47958.9	0
0.612945	0.01	0.2	73.2825	47753.1	0
0.612945	0.01	0.2	78.5236	47206.3	0
0.612945	0.01	0.2	84.1395	47459	0
0.612945	0.01	0.2	90.1571	47878.9	0
0.612945	0.01	0.2	96.6051	47811.4	0
0.669688	0.01	0.2	0.103514	159.764	0
0.669688	0.01	0.2	0.110917	147.355	0
0.669688	0.01	0.2	0.11885	133.889	0
0.669688	0.01	0.2	0.12735	119.448	0
0.669688	0.01	0.2	0.136458	104.196	0
0.669688	0.01	0.2	0.146218	88.4139	0
0.669688	0.01	0.2	0.156675	72.54	0
0.669688	0.01	0.2	0.16788	57.2252	0
0.669688	0.01	0.2	0.179887	43.4035	0
0.669688	0.01	0.2	0.192752	32.3821	0
0.669688	0.01	0.2	0.206538	25.9535	0
0.669688	0.01	0.2	0.221309	26.5353	0
0.669688	0.01	0.2	0.237137	37.3409	0
0.669688	0.01	0.2	0.254097	62.5842	0
0.669688	0.01	0.2	0.27227	107.72	0
0.669688	0.01	0.2	0.291743	179.721	0
0.669688	0.01	0.2	0.312608	287.379	0
0.669688	0.01	0.2	0.334965	441.623	0
0.669688	0.01	0.2	0.358922	655.835	0
0.669688	0.01	0.2	0.384592	946.11	0
0.669688	0.01	0.2	0.412098	1331.43	0
0.669688	0.01	0.2	0.44157	1833.67	0
0.669688	0.01	0.2	0.473151	2477.34	0
0.669688	0.01	0.2	0.506991	3288.99	0
0.669688	0.01	0.2	0.54325	4296.17	0
0.669688	0.01	0.2	0.582103	5525.89	0
0.669688	0.01	0.2	0.623735	7002.52	0
0.669688	0.01	0.2	0.668344	8745.27	0
0.669688	0.01	0.2	0.716143	10765.4	0
0.669688	0.01	0.2	0.767361	13063.6	0
0.669688	0.01	0.2	0.822243	15627.3	0
0.669688	0.01	0.2	0.881049	18429.7	0
0.669688	0.01	0.2	0.944061	21428.3	0
0.669688	0.01	0.2	1.01158	24566	0
0.669688	0.01	0.2	1.08393	27770.2	0
0.669688	0.01	0.2	1.16145	30954.2	0
0.669688	0.01	0.2	1.24451	34016.1	0
0.669688	0.01	0.2	1.33352	36841.1	0
0.669688	0.01	0.2	1.42889	39308.6	0
0.669688	0.01	0.2	1.53109	41308.3	0
0.669688	0.01	0.2	1.64059	42767.5	0
0.669688	0.01	0.2	1.75792	43681.9	0
0.669688	0.01	0.2	1.88365	44135.3	0
0.669688	0.01	0.2	2.01837	44293.4	0
0.669688	0.01	0.2	2.16272	44371.7	0
0.669688	0.01	0.2	2.31739	44604.9	0
0.669688	0.01	0.2	2.48313	45244.5	0
0.669688	0.01	0.2	2.66073	46573.6	0
0.669688	0.01	0.2	2.85102	48864	0
0.669688	0.01	0.2	3.05492	52215	0
0.669688	0.01	0.2	3.27341	56379.2	0
0.669688	0.01	0.2	3.50752	60814.4	0
0.669688	0.01	0.2	3.75837	64950.4	0
0.669688	0.01	0.2	4.02717	68355	0
0.669688	0.01	0.2	4.31519	70908.5	0
0.669688	0.01	0.2	4.62381	73025.9	0
0.669688	0.01	0.2	4.9545	75116.2	0
0.669688	0.01	0.2	5.30884	76980.4	0
0.669688	0.01	0.2	5.68853	78271.3	0
0.669688	0.01	0.2	6.09537	79119.4	0
0.669688	0.01	0.2	6.53131	80565.8	0
0.669688	0.01	0.2	6.99842	83083.6	0
0.669688	0.01	0.2	7.49894	85660.2	0
0.669688	0.01	0.2	8.03526	87072	0
0.669688	0.01	0.2	8.60994	87345.3	0
0.669688	0.01	0.2	9.22571	85843.1	0
0.669688	0.01	0.2	9.88553	82188.3	0
0.669688	0.01	0.2	10.5925	77486.8	0
0.669688	0.01	0.2	11.3501	71210.3	0
0.669688	0.01	0.2	12.1619	64730.4	0
0.669688	0.01	0.2	13.0317	60219.9	0
0.669688	0.01	0.2	13.9637	59118.8	0
0.669688	0.01	0.2	14.9624	59879.5	0
0.669688	0.01	0.2	16.0325	60797.4	0
0.669688	0.01	0.2	17.1791	61674.2	0
0.669688	0.01	0.2	18.4077	62345	0
0.669688	0.01	0.2	19.7242	62211.1	0
0.669688	0.01	0.2	21.1349	61716.7	0
0.669688	0.01	0.2	22.6464	59865.2	0
0.669688	0.01	0.2	24.2661	57718.2	0
0.669688	0.01	0.2	26.0016	56489.7	0
0.669688	0.01	0.2	27.8612	56509.4	0
0.669688	0.01	0.2	29.8538	57021.8	0
0.669688	0.01	0.2	31.989	57619.8	0
0.669688	0.01	0.2	34.2768	58266.5	0
0.669688	0.01	0.2	36.7282	59156.7	0
0.669688	0.01	0.2	39.355	59498.1	0
0.669688	0.01	0.2	42.1697	59346.9	0
0.669688	0.01	0.2	45.1856	58919.9	0
0.669688	0.01	0.2	48.4172	58348.9	0
0.669688	0.01	0.2	51.88	57717.1	0
0.669688	0.01	0.2	55.5904	57236.6	0
0.669688	0.01	0.2	59.5662	56977.9	0
0.669688	0.01	0.2	63.8263	57231.3	0
0.669688	0.01	0.2	68.3912	57429.2	0
0.669688	0.01	0.2	73.2825	57158.5	0
0.669688	0.01	0.2	78.5236	56498.1	0
0.669688	0.01	0.2	84.1395	56795.2	0
0.669688	0.01	0.2	90.1571	57271.2	0
0.669688	0.01	0.2	96.6051	57158.4	0
